<?xml version="1.0" encoding="utf-8"?>
<COLLADA xmlns="http://www.collada.org/2005/11/COLLADASchema" version="1.4.1" xmlns:xsi="http://www.w3.org/2001/XMLSchema-instance">
  <asset>
    <contributor>
      <author>Blender User</author>
      <authoring_tool>Blender 2.92.0 commit date:2021-02-24, commit time:16:25, hash:02948a2cab44</authoring_tool>
    </contributor>
    <created>2022-03-27T14:46:56</created>
    <modified>2022-03-27T14:46:56</modified>
    <unit name="meter" meter="1"/>
    <up_axis>Z_UP</up_axis>
  </asset>
  <library_effects>
    <effect id="siyah-effect">
      <profile_COMMON>
        <technique sid="common">
          <lambert>
            <emission>
              <color sid="emission">0 0 0 1</color>
            </emission>
            <diffuse>
              <color sid="diffuse">0 0 0 1</color>
            </diffuse>
            <index_of_refraction>
              <float sid="ior">1.45</float>
            </index_of_refraction>
          </lambert>
        </technique>
      </profile_COMMON>
    </effect>
    <effect id="direk_005-effect">
      <profile_COMMON>
        <technique sid="common">
          <lambert>
            <emission>
              <color sid="emission">0 0 0 1</color>
            </emission>
            <diffuse>
              <color sid="diffuse">0.5882353 0.5882353 0.7019608 1</color>
            </diffuse>
            <reflectivity>
              <float sid="specular">1</float>
            </reflectivity>
            <index_of_refraction>
              <float sid="ior">1.45</float>
            </index_of_refraction>
          </lambert>
        </technique>
      </profile_COMMON>
    </effect>
    <effect id="kırmızı-effect">
      <profile_COMMON>
        <technique sid="common">
          <lambert>
            <emission>
              <color sid="emission">1 0 0 1</color>
            </emission>
            <diffuse>
              <color sid="diffuse">1 0 7.56739e-4 1</color>
            </diffuse>
            <index_of_refraction>
              <float sid="ior">1.45</float>
            </index_of_refraction>
          </lambert>
        </technique>
      </profile_COMMON>
    </effect>
    <effect id="beyaz-effect">
      <profile_COMMON>
        <technique sid="common">
          <lambert>
            <emission>
              <color sid="emission">1 1 1 1</color>
            </emission>
            <diffuse>
              <color sid="diffuse">1 1 1 1</color>
            </diffuse>
            <index_of_refraction>
              <float sid="ior">1.45</float>
            </index_of_refraction>
          </lambert>
        </technique>
      </profile_COMMON>
    </effect>
    <effect id="siyah_001-effect">
      <profile_COMMON>
        <technique sid="common">
          <lambert>
            <emission>
              <color sid="emission">0 0 0 1</color>
            </emission>
            <diffuse>
              <color sid="diffuse">0 0 0 1</color>
            </diffuse>
            <index_of_refraction>
              <float sid="ior">1.45</float>
            </index_of_refraction>
          </lambert>
        </technique>
      </profile_COMMON>
    </effect>
  </library_effects>
  <library_images/>
  <library_materials>
    <material id="siyah-material" name="siyah">
      <instance_effect url="#siyah-effect"/>
    </material>
    <material id="direk_005-material" name="direk.005">
      <instance_effect url="#direk_005-effect"/>
    </material>
    <material id="kırmızı-material" name="kırmızı">
      <instance_effect url="#kırmızı-effect"/>
    </material>
    <material id="beyaz-material" name="beyaz">
      <instance_effect url="#beyaz-effect"/>
    </material>
    <material id="siyah_001-material" name="siyah.001">
      <instance_effect url="#siyah_001-effect"/>
    </material>
  </library_materials>
  <library_geometries>
    <geometry id="_0-mesh" name="30">
      <mesh>
        <source id="_0-mesh-positions">
          <float_array id="_0-mesh-positions-array" count="2916">0.5025597 -0.004286646 0.00999999 0.4815095 0.001639783 0.00999999 0.4619564 0.01130938 0.00999999 0.4440075 0.02455186 0.00999999 0.4277698 0.04119712 0.00999999 0.4133501 0.06107503 0.00999999 0.4008554 0.08401542 0.00999999 0.3903927 0.1098482 0.00999999 0.3820689 0.1384032 0.00999999 0.3759909 0.1695103 0.00999999 0.3722656 0.2029992 0.00999999 0.3710001 0.2387001 0.00999999 0.3722657 0.2744009 0.00999999 0.3759909 0.3078899 0.00999999 0.3820689 0.338997 0.00999999 0.3903928 0.367552 0.00999999 0.4008556 0.3933848 0.00999999 0.4133502 0.4163252 0.00999999 0.4277699 0.4362031 0.00999999 0.4440076 0.4528483 0.00999999 0.4619565 0.4660908 0.00999999 0.4815095 0.4757604 0.00999999 0.5025597 0.4816869 0.00999999 0.5250002 0.4837002 0.00999999 0.5474408 0.4816868 0.00999999 0.568491 0.4757604 0.00999999 0.588044 0.4660908 0.00999999 0.6059929 0.4528483 0.00999999 0.6222306 0.4362031 0.00999999 0.6366503 0.4163252 0.00999999 0.649145 0.3933848 0.00999999 0.6596077 0.367552 0.00999999 0.6679316 0.338997 0.00999999 0.6740096 0.3078899 0.00999999 0.6777348 0.2744009 0.00999999 0.6790003 0.2387001 0.00999999 0.6777349 0.2029992 0.00999999 0.6740096 0.1695102 0.00999999 0.6679316 0.1384031 0.00999999 0.6596078 0.1098482 0.00999999 0.649145 0.08401542 0.00999999 0.6366503 0.06107503 0.00999999 0.6222307 0.04119712 0.00999999 0.6059929 0.02455186 0.00999999 0.5880441 0.01130938 0.00999999 0.5684911 0.001639783 0.00999999 0.5474408 -0.004286646 0.00999999 0.5250002 -0.006299972 0.00999999 0.5121442 0.4171994 0.00999999 0.5002021 0.413052 0.00999999 0.4892127 0.4062408 0.00999999 0.479215 0.3968483 0.00999999 0.4702479 0.3849573 0.00999999 0.4623502 0.3706502 0.00999999 0.4555609 0.3540098 0.00999999 0.4499187 0.3351187 0.00999999 0.4454627 0.3140595 0.00999999 0.4422317 0.290915 0.00999999 0.4402645 0.2657676 0.00999999 0.4396002 0.2387001 0.00999999 0.4402645 0.2116326 0.00999999 0.4422317 0.1864852 0.00999999 0.4454627 0.1633406 0.00999999 0.4499187 0.1422815 0.00999999 0.4555608 0.1233904 0.00999999 0.4623502 0.10675 0.00999999 0.4702479 0.09244292 0.00999999 0.479215 0.08055186 0.00999999 0.4892127 0.07115936 0.00999999 0.5002021 0.06434816 0.00999999 0.5121442 0.06020081 0.00999999 0.5250002 0.05879998 0.00999999 0.5378562 0.06020081 0.00999999 0.5497983 0.06434816 0.00999999 0.5607877 0.07115936 0.00999999 0.5707854 0.08055186 0.00999999 0.5797525 0.09244292 0.00999999 0.5876502 0.10675 0.00999999 0.5944396 0.1233904 0.00999999 0.6000817 0.1422815 0.00999999 0.6045377 0.1633406 0.00999999 0.6077688 0.1864852 0.00999999 0.6097359 0.2116326 0.00999999 0.6104003 0.2387001 0.00999999 0.609736 0.2657676 0.00999999 0.6077688 0.290915 0.00999999 0.6045378 0.3140595 0.00999999 0.6000818 0.3351187 0.00999999 0.5944396 0.3540098 0.00999999 0.5876502 0.3706502 0.00999999 0.5797526 0.3849573 0.00999999 0.5707854 0.3968483 0.00999999 0.5607877 0.4062408 0.00999999 0.5497984 0.413052 0.00999999 0.5378562 0.4171994 0.00999999 0.5250002 0.4186002 0.00999999 0.06385153 0.4667406 0.00999999 0.0709787 0.4697651 0.00999999 0.07811564 0.4724783 0.00999999 0.08529633 0.4748854 0.00999999 0.09255474 0.4769911 0.00999999 0.09992504 0.4788002 0.00999999 0.1074411 0.4803177 0.00999999 0.1151371 0.4815484 0.00999999 0.1230469 0.4824971 0.00999999 0.1312047 0.4831687 0.00999999 0.1396444 0.4835681 0.00999999 0.1484 0.4837002 0.00999999 0.1691085 0.4826924 0.00999999 0.1884751 0.4797206 0.00999999 0.2064126 0.4748627 0.00999999 0.2228335 0.4681965 0.00999999 0.2376501 0.4597998 0.00999999 0.2507752 0.4497502 0.00999999 0.262121 0.4381257 0.00999999 0.2716001 0.4250039 0.00999999 0.2791252 0.4104627 0.00999999 0.2846085 0.3945798 0.00999999 0.2879626 0.3774331 0.00999999 0.2891001 0.3591002 0.00999999 0.2887306 0.3462717 0.00999999 0.2876029 0.3343474 0.00999999 0.2856876 0.3232689 0.00999999 0.2829557 0.3129779 0.00999999 0.2793779 0.3034161 0.00999999 0.2749251 0.2945251 0.00999999 0.2695682 0.2862467 0.00999999 0.2632779 0.2785223 0.00999999 0.2560251 0.2712939 0.00999999 0.2477806 0.2645029 0.00999999 0.2385153 0.2580911 0.00999999 0.2282001 0.2520001 0.00999999 0.2395492 0.2476166 0.00999999 0.2498094 0.2418987 0.00999999 0.2590001 0.2349704 0.00999999 0.2671409 0.2269557 0.00999999 0.2742511 0.2179784 0.00999999 0.2803502 0.2081626 0.00999999 0.2854576 0.1976322 0.00999999 0.2895928 0.1865112 0.00999999 0.2927752 0.1749235 0.00999999 0.2950242 0.1629931 0.00999999 0.2963594 0.150844 0.00999999 0.2968001 0.1386001 0.00999999 0.2955233 0.1178091 0.00999999 0.291777 0.09821391 0.00999999 0.2856876 0.07993125 0.00999999 0.2773816 0.0630778 0.00999999 0.2669853 0.04777014 0.00999999 0.2546251 0.03412497 0.00999999 0.2404274 0.02225899 0.00999999 0.2245186 0.01228886 0.00999999 0.2070251 0.004331231 0.00999999 0.1880732 -0.001497209 0.00999999 0.1677894 -0.005079805 0.00999999 0.1463 -0.006299972 0.00999999 0.1380467 -0.006097018 0.00999999 0.1297398 -0.005493044 0.00999999 0.1213844 -0.004495263 0.00999999 0.1129852 -0.003111064 0.00999999 0.1045471 -0.00134772 0.00999999 0.09607499 7.875e-4 0.00999999 0.08757376 0.003287315 0.00999999 0.07904815 0.006144404 0.00999999 0.07050311 0.009351551 0.00999999 0.06194353 0.01290136 0.00999999 0.05337417 0.01678663 0.00999999 0.04479998 0.02099996 0.00999999 0.04479998 0.0952 0.00999999 0.05387163 0.08933711 0.00999999 0.06288981 0.08399677 0.00999999 0.07185935 0.07917654 0.00999999 0.08078521 0.0748741 0.00999999 0.08967214 0.07108688 0.00999999 0.09852504 0.0678125 0.00999999 0.1073487 0.06504857 0.00999999 0.1161482 0.06279259 0.00999999 0.1249281 0.06104218 0.00999999 0.1336935 0.0597949 0.00999999 0.1424492 0.05904829 0.00999999 0.1512001 0.05879998 0.00999999 0.1625674 0.05941897 0.00999999 0.1731885 0.06124353 0.00999999 0.1830173 0.06422501 0.00999999 0.1920075 0.06831479 0.00999999 0.2001129 0.07346433 0.00999999 0.2072876 0.07962501 0.00999999 0.2134851 0.08674818 0.00999999 0.2186594 0.09478521 0.00999999 0.2227641 0.1036875 0.00999999 0.2257533 0.1134065 0.00999999 0.2275807 0.1238936 0.00999999 0.2282001 0.1351 0.00999999 0.2274859 0.1465893 0.00999999 0.225345 0.157539 0.00999999 0.2217798 0.1678469 0.00999999 0.2167927 0.1774111 0.00999999 0.2103861 0.1861296 0.00999999 0.2025626 0.1939001 0.00999999 0.1933245 0.2006205 0.00999999 0.1826741 0.2061889 0.00999999 0.1706141 0.2105032 0.00999999 0.1571468 0.2134612 0.00999999 0.1422746 0.2149608 0.00999999 0.1260001 0.2149001 0.00999999 0.1260001 0.2779001 0.00999999 0.1410938 0.2784349 0.00999999 0.154875 0.2800196 0.00999999 0.1673438 0.2826251 0.00999999 0.1785001 0.2862223 0.00999999 0.1883438 0.2907821 0.00999999 0.196875 0.2962751 0.00999999 0.2040938 0.3026723 0.00999999 0.21 0.3099446 0.00999999 0.2145938 0.3180626 0.00999999 0.2178751 0.3269973 0.00999999 0.2198438 0.3367196 0.00999999 0.2205001 0.3472002 0.00999999 0.2198374 0.3578691 0.00999999 0.2178816 0.3678016 0.00999999 0.2146813 0.3769611 0.00999999 0.2102853 0.3853113 0.00999999 0.204742 0.3928156 0.00999999 0.1981001 0.3994377 0.00999999 0.1904082 0.4051409 0.00999999 0.1817149 0.4098891 0.00999999 0.1720688 0.4136455 0.00999999 0.1615186 0.4163738 0.00999999 0.1501128 0.4180375 0.00999999 0.1379001 0.4186002 0.00999999 0.1314898 0.4184815 0.00999999 0.1251769 0.4181173 0.00999999 0.1189125 0.4174954 0.00999999 0.1126482 0.4166039 0.00999999 0.1063352 0.4154303 0.00999999 0.09992504 0.4139627 0.00999999 0.093369 0.4121888 0.00999999 0.08661854 0.4100965 0.00999999 0.07962501 0.4076736 0.00999999 0.07233983 0.404908 0.00999999 0.06471437 0.4017876 0.00999999 0.05669999 0.3983002 0.00999999 0.05669999 0.4634003 0.00999999 0.5025597 -0.004286646 -0.00999999 0.4815095 0.001639783 -0.00999999 0.4619564 0.01130938 -0.00999999 0.4440075 0.02455186 -0.00999999 0.4277698 0.04119712 -0.00999999 0.4133501 0.06107503 -0.00999999 0.4008554 0.08401542 -0.00999999 0.3903927 0.1098482 -0.00999999 0.3820689 0.1384032 -0.00999999 0.3759909 0.1695103 -0.00999999 0.3722656 0.2029992 -0.00999999 0.3710001 0.2387001 -0.00999999 0.3722657 0.2744009 -0.00999999 0.3759909 0.3078899 -0.00999999 0.3820689 0.338997 -0.00999999 0.3903928 0.367552 -0.00999999 0.4008556 0.3933848 -0.00999999 0.4133502 0.4163252 -0.00999999 0.4277699 0.4362031 -0.00999999 0.4440076 0.4528483 -0.00999999 0.4619565 0.4660908 -0.00999999 0.4815095 0.4757604 -0.00999999 0.5025597 0.4816869 -0.00999999 0.5250002 0.4837002 -0.00999999 0.5474408 0.4816868 -0.00999999 0.568491 0.4757604 -0.00999999 0.588044 0.4660908 -0.00999999 0.6059929 0.4528483 -0.00999999 0.6222306 0.4362031 -0.00999999 0.6366503 0.4163252 -0.00999999 0.649145 0.3933848 -0.00999999 0.6596077 0.367552 -0.00999999 0.6679316 0.338997 -0.00999999 0.6740096 0.3078899 -0.00999999 0.6777348 0.2744009 -0.00999999 0.6790003 0.2387001 -0.00999999 0.6777349 0.2029992 -0.00999999 0.6740096 0.1695102 -0.00999999 0.6679316 0.1384031 -0.00999999 0.6596078 0.1098482 -0.00999999 0.649145 0.08401542 -0.00999999 0.6366503 0.06107503 -0.00999999 0.6222307 0.04119712 -0.00999999 0.6059929 0.02455186 -0.00999999 0.5880441 0.01130938 -0.00999999 0.5684911 0.001639783 -0.00999999 0.5474408 -0.004286646 -0.00999999 0.5250002 -0.006299972 -0.00999999 0.5121442 0.4171994 -0.00999999 0.5002021 0.413052 -0.00999999 0.4892127 0.4062408 -0.00999999 0.479215 0.3968483 -0.00999999 0.4702479 0.3849573 -0.00999999 0.4623502 0.3706502 -0.00999999 0.4555609 0.3540098 -0.00999999 0.4499187 0.3351187 -0.00999999 0.4454627 0.3140595 -0.00999999 0.4422317 0.290915 -0.00999999 0.4402645 0.2657676 -0.00999999 0.4396002 0.2387001 -0.00999999 0.4402645 0.2116326 -0.00999999 0.4422317 0.1864852 -0.00999999 0.4454627 0.1633406 -0.00999999 0.4499187 0.1422815 -0.00999999 0.4555608 0.1233904 -0.00999999 0.4623502 0.10675 -0.00999999 0.4702479 0.09244292 -0.00999999 0.479215 0.08055186 -0.00999999 0.4892127 0.07115936 -0.00999999 0.5002021 0.06434816 -0.00999999 0.5121442 0.06020081 -0.00999999 0.5250002 0.05879998 -0.00999999 0.5378562 0.06020081 -0.00999999 0.5497983 0.06434816 -0.00999999 0.5607877 0.07115936 -0.00999999 0.5707854 0.08055186 -0.00999999 0.5797525 0.09244292 -0.00999999 0.5876502 0.10675 -0.00999999 0.5944396 0.1233904 -0.00999999 0.6000817 0.1422815 -0.00999999 0.6045377 0.1633406 -0.00999999 0.6077688 0.1864852 -0.00999999 0.6097359 0.2116326 -0.00999999 0.6104003 0.2387001 -0.00999999 0.609736 0.2657676 -0.00999999 0.6077688 0.290915 -0.00999999 0.6045378 0.3140595 -0.00999999 0.6000818 0.3351187 -0.00999999 0.5944396 0.3540098 -0.00999999 0.5876502 0.3706502 -0.00999999 0.5797526 0.3849573 -0.00999999 0.5707854 0.3968483 -0.00999999 0.5607877 0.4062408 -0.00999999 0.5497984 0.413052 -0.00999999 0.5378562 0.4171994 -0.00999999 0.5250002 0.4186002 -0.00999999 0.06385153 0.4667406 -0.00999999 0.0709787 0.4697651 -0.00999999 0.07811564 0.4724783 -0.00999999 0.08529633 0.4748854 -0.00999999 0.09255474 0.4769911 -0.00999999 0.09992504 0.4788002 -0.00999999 0.1074411 0.4803177 -0.00999999 0.1151371 0.4815484 -0.00999999 0.1230469 0.4824971 -0.00999999 0.1312047 0.4831687 -0.00999999 0.1396444 0.4835681 -0.00999999 0.1484 0.4837002 -0.00999999 0.1691085 0.4826924 -0.00999999 0.1884751 0.4797206 -0.00999999 0.2064126 0.4748627 -0.00999999 0.2228335 0.4681965 -0.00999999 0.2376501 0.4597998 -0.00999999 0.2507752 0.4497502 -0.00999999 0.262121 0.4381257 -0.00999999 0.2716001 0.4250039 -0.00999999 0.2791252 0.4104627 -0.00999999 0.2846085 0.3945798 -0.00999999 0.2879626 0.3774331 -0.00999999 0.2891001 0.3591002 -0.00999999 0.2887306 0.3462717 -0.00999999 0.2876029 0.3343474 -0.00999999 0.2856876 0.3232689 -0.00999999 0.2829557 0.3129779 -0.00999999 0.2793779 0.3034161 -0.00999999 0.2749251 0.2945251 -0.00999999 0.2695682 0.2862467 -0.00999999 0.2632779 0.2785223 -0.00999999 0.2560251 0.2712939 -0.00999999 0.2477806 0.2645029 -0.00999999 0.2385153 0.2580911 -0.00999999 0.2282001 0.2520001 -0.00999999 0.2395492 0.2476166 -0.00999999 0.2498094 0.2418987 -0.00999999 0.2590001 0.2349704 -0.00999999 0.2671409 0.2269557 -0.00999999 0.2742511 0.2179784 -0.00999999 0.2803502 0.2081626 -0.00999999 0.2854576 0.1976322 -0.00999999 0.2895928 0.1865112 -0.00999999 0.2927752 0.1749235 -0.00999999 0.2950242 0.1629931 -0.00999999 0.2963594 0.150844 -0.00999999 0.2968001 0.1386001 -0.00999999 0.2955233 0.1178091 -0.00999999 0.291777 0.09821391 -0.00999999 0.2856876 0.07993125 -0.00999999 0.2773816 0.0630778 -0.00999999 0.2669853 0.04777014 -0.00999999 0.2546251 0.03412497 -0.00999999 0.2404274 0.02225899 -0.00999999 0.2245186 0.01228886 -0.00999999 0.2070251 0.004331231 -0.00999999 0.1880732 -0.001497209 -0.00999999 0.1677894 -0.005079805 -0.00999999 0.1463 -0.006299972 -0.00999999 0.1380467 -0.006097018 -0.00999999 0.1297398 -0.005493044 -0.00999999 0.1213844 -0.004495263 -0.00999999 0.1129852 -0.003111064 -0.00999999 0.1045471 -0.00134772 -0.00999999 0.09607499 7.875e-4 -0.00999999 0.08757376 0.003287315 -0.00999999 0.07904815 0.006144404 -0.00999999 0.07050311 0.009351551 -0.00999999 0.06194353 0.01290136 -0.00999999 0.05337417 0.01678663 -0.00999999 0.04479998 0.02099996 -0.00999999 0.04479998 0.0952 -0.00999999 0.05387163 0.08933711 -0.00999999 0.06288981 0.08399677 -0.00999999 0.07185935 0.07917654 -0.00999999 0.08078521 0.0748741 -0.00999999 0.08967214 0.07108688 -0.00999999 0.09852504 0.0678125 -0.00999999 0.1073487 0.06504857 -0.00999999 0.1161482 0.06279259 -0.00999999 0.1249281 0.06104218 -0.00999999 0.1336935 0.0597949 -0.00999999 0.1424492 0.05904829 -0.00999999 0.1512001 0.05879998 -0.00999999 0.1625674 0.05941897 -0.00999999 0.1731885 0.06124353 -0.00999999 0.1830173 0.06422501 -0.00999999 0.1920075 0.06831479 -0.00999999 0.2001129 0.07346433 -0.00999999 0.2072876 0.07962501 -0.00999999 0.2134851 0.08674818 -0.00999999 0.2186594 0.09478521 -0.00999999 0.2227641 0.1036875 -0.00999999 0.2257533 0.1134065 -0.00999999 0.2275807 0.1238936 -0.00999999 0.2282001 0.1351 -0.00999999 0.2274859 0.1465893 -0.00999999 0.225345 0.157539 -0.00999999 0.2217798 0.1678469 -0.00999999 0.2167927 0.1774111 -0.00999999 0.2103861 0.1861296 -0.00999999 0.2025626 0.1939001 -0.00999999 0.1933245 0.2006205 -0.00999999 0.1826741 0.2061889 -0.00999999 0.1706141 0.2105032 -0.00999999 0.1571468 0.2134612 -0.00999999 0.1422746 0.2149608 -0.00999999 0.1260001 0.2149001 -0.00999999 0.1260001 0.2779001 -0.00999999 0.1410938 0.2784349 -0.00999999 0.154875 0.2800196 -0.00999999 0.1673438 0.2826251 -0.00999999 0.1785001 0.2862223 -0.00999999 0.1883438 0.2907821 -0.00999999 0.196875 0.2962751 -0.00999999 0.2040938 0.3026723 -0.00999999 0.21 0.3099446 -0.00999999 0.2145938 0.3180626 -0.00999999 0.2178751 0.3269973 -0.00999999 0.2198438 0.3367196 -0.00999999 0.2205001 0.3472002 -0.00999999 0.2198374 0.3578691 -0.00999999 0.2178816 0.3678016 -0.00999999 0.2146813 0.3769611 -0.00999999 0.2102853 0.3853113 -0.00999999 0.204742 0.3928156 -0.00999999 0.1981001 0.3994377 -0.00999999 0.1904082 0.4051409 -0.00999999 0.1817149 0.4098891 -0.00999999 0.1720688 0.4136455 -0.00999999 0.1615186 0.4163738 -0.00999999 0.1501128 0.4180375 -0.00999999 0.1379001 0.4186002 -0.00999999 0.1314898 0.4184815 -0.00999999 0.1251769 0.4181173 -0.00999999 0.1189125 0.4174954 -0.00999999 0.1126482 0.4166039 -0.00999999 0.1063352 0.4154303 -0.00999999 0.09992504 0.4139627 -0.00999999 0.093369 0.4121888 -0.00999999 0.08661854 0.4100965 -0.00999999 0.07962501 0.4076736 -0.00999999 0.07233983 0.404908 -0.00999999 0.06471437 0.4017876 -0.00999999 0.05669999 0.3983002 -0.00999999 0.05669999 0.4634003 -0.00999999 0.06385153 0.4667406 -0.00999999 0.06385153 0.4667406 0.00999999 0.0709787 0.4697651 -0.00999999 0.0709787 0.4697651 0.00999999 0.07811564 0.4724783 -0.00999999 0.07811564 0.4724783 0.00999999 0.08529633 0.4748854 -0.00999999 0.08529633 0.4748854 0.00999999 0.09255474 0.4769911 -0.00999999 0.09255474 0.4769911 0.00999999 0.09992504 0.4788002 -0.00999999 0.09992504 0.4788002 0.00999999 0.1074411 0.4803177 -0.00999999 0.1074411 0.4803177 0.00999999 0.1151371 0.4815484 -0.00999999 0.1151371 0.4815484 0.00999999 0.1230469 0.4824971 -0.00999999 0.1230469 0.4824971 0.00999999 0.1312047 0.4831687 -0.00999999 0.1312047 0.4831687 0.00999999 0.1396444 0.4835681 -0.00999999 0.1396444 0.4835681 0.00999999 0.1484 0.4837002 -0.00999999 0.1484 0.4837002 0.00999999 0.1691085 0.4826924 -0.00999999 0.1691085 0.4826924 0.00999999 0.1884751 0.4797206 -0.00999999 0.1884751 0.4797206 0.00999999 0.2064126 0.4748627 -0.00999999 0.2064126 0.4748627 0.00999999 0.2228335 0.4681965 -0.00999999 0.2228335 0.4681965 0.00999999 0.2376501 0.4597998 -0.00999999 0.2376501 0.4597998 0.00999999 0.2507752 0.4497502 -0.00999999 0.2507752 0.4497502 0.00999999 0.262121 0.4381257 -0.00999999 0.262121 0.4381257 0.00999999 0.2716001 0.4250039 -0.00999999 0.2716001 0.4250039 0.00999999 0.2791252 0.4104627 -0.00999999 0.2791252 0.4104627 0.00999999 0.2846085 0.3945798 -0.00999999 0.2846085 0.3945798 0.00999999 0.2879626 0.3774331 -0.00999999 0.2879626 0.3774331 0.00999999 0.2891001 0.3591002 -0.00999999 0.2891001 0.3591002 0.00999999 0.2887306 0.3462717 -0.00999999 0.2887306 0.3462717 0.00999999 0.2876029 0.3343474 -0.00999999 0.2876029 0.3343474 0.00999999 0.2856876 0.3232689 -0.00999999 0.2856876 0.3232689 0.00999999 0.2829557 0.3129779 -0.00999999 0.2829557 0.3129779 0.00999999 0.2793779 0.3034161 -0.00999999 0.2793779 0.3034161 0.00999999 0.2749251 0.2945251 -0.00999999 0.2749251 0.2945251 0.00999999 0.2695682 0.2862467 -0.00999999 0.2695682 0.2862467 0.00999999 0.2632779 0.2785223 -0.00999999 0.2632779 0.2785223 0.00999999 0.2560251 0.2712939 -0.00999999 0.2560251 0.2712939 0.00999999 0.2477806 0.2645029 -0.00999999 0.2477806 0.2645029 0.00999999 0.2385153 0.2580911 -0.00999999 0.2385153 0.2580911 0.00999999 0.2282001 0.2520001 -0.00999999 0.2282001 0.2520001 0.00999999 0.2395492 0.2476166 -0.00999999 0.2395492 0.2476166 0.00999999 0.2498094 0.2418987 -0.00999999 0.2498094 0.2418987 0.00999999 0.2590001 0.2349704 -0.00999999 0.2590001 0.2349704 0.00999999 0.2671409 0.2269557 -0.00999999 0.2671409 0.2269557 0.00999999 0.2742511 0.2179784 -0.00999999 0.2742511 0.2179784 0.00999999 0.2803502 0.2081626 -0.00999999 0.2803502 0.2081626 0.00999999 0.2854576 0.1976322 -0.00999999 0.2854576 0.1976322 0.00999999 0.2895928 0.1865112 -0.00999999 0.2895928 0.1865112 0.00999999 0.2927752 0.1749235 -0.00999999 0.2927752 0.1749235 0.00999999 0.2950242 0.1629931 -0.00999999 0.2950242 0.1629931 0.00999999 0.2963594 0.150844 -0.00999999 0.2963594 0.150844 0.00999999 0.2968001 0.1386001 -0.00999999 0.2968001 0.1386001 0.00999999 0.2955233 0.1178091 -0.00999999 0.2955233 0.1178091 0.00999999 0.291777 0.09821391 -0.00999999 0.291777 0.09821391 0.00999999 0.2856876 0.07993125 -0.00999999 0.2856876 0.07993125 0.00999999 0.2773816 0.0630778 -0.00999999 0.2773816 0.0630778 0.00999999 0.2669853 0.04777014 -0.00999999 0.2669853 0.04777014 0.00999999 0.2546251 0.03412497 -0.00999999 0.2546251 0.03412497 0.00999999 0.2404274 0.02225899 -0.00999999 0.2404274 0.02225899 0.00999999 0.2245186 0.01228886 -0.00999999 0.2245186 0.01228886 0.00999999 0.2070251 0.004331231 -0.00999999 0.2070251 0.004331231 0.00999999 0.1880732 -0.001497209 -0.00999999 0.1880732 -0.001497209 0.00999999 0.1677894 -0.005079805 -0.00999999 0.1677894 -0.005079805 0.00999999 0.1463 -0.006299972 -0.00999999 0.1463 -0.006299972 0.00999999 0.1380467 -0.006097018 -0.00999999 0.1380467 -0.006097018 0.00999999 0.1297398 -0.005493044 -0.00999999 0.1297398 -0.005493044 0.00999999 0.1213844 -0.004495263 -0.00999999 0.1213844 -0.004495263 0.00999999 0.1129852 -0.003111064 -0.00999999 0.1129852 -0.003111064 0.00999999 0.1045471 -0.00134772 -0.00999999 0.1045471 -0.00134772 0.00999999 0.09607499 7.875e-4 -0.00999999 0.09607499 7.875e-4 0.00999999 0.08757376 0.003287315 -0.00999999 0.08757376 0.003287315 0.00999999 0.07904815 0.006144404 -0.00999999 0.07904815 0.006144404 0.00999999 0.07050311 0.009351551 -0.00999999 0.07050311 0.009351551 0.00999999 0.06194353 0.01290136 -0.00999999 0.06194353 0.01290136 0.00999999 0.05337417 0.01678663 -0.00999999 0.05337417 0.01678663 0.00999999 0.04479998 0.02099996 -0.00999999 0.04479998 0.02099996 0.00999999 0.04479998 0.0952 -0.00999999 0.04479998 0.0952 0.00999999 0.05387163 0.08933711 -0.00999999 0.05387163 0.08933711 0.00999999 0.06288981 0.08399677 -0.00999999 0.06288981 0.08399677 0.00999999 0.07185935 0.07917654 -0.00999999 0.07185935 0.07917654 0.00999999 0.08078521 0.0748741 -0.00999999 0.08078521 0.0748741 0.00999999 0.08967214 0.07108688 -0.00999999 0.08967214 0.07108688 0.00999999 0.09852504 0.0678125 -0.00999999 0.09852504 0.0678125 0.00999999 0.1073487 0.06504857 -0.00999999 0.1073487 0.06504857 0.00999999 0.1161482 0.06279259 -0.00999999 0.1161482 0.06279259 0.00999999 0.1249281 0.06104218 -0.00999999 0.1249281 0.06104218 0.00999999 0.1336935 0.0597949 -0.00999999 0.1336935 0.0597949 0.00999999 0.1424492 0.05904829 -0.00999999 0.1424492 0.05904829 0.00999999 0.1512001 0.05879998 -0.00999999 0.1512001 0.05879998 0.00999999 0.1625674 0.05941897 -0.00999999 0.1625674 0.05941897 0.00999999 0.1731885 0.06124353 -0.00999999 0.1731885 0.06124353 0.00999999 0.1830173 0.06422501 -0.00999999 0.1830173 0.06422501 0.00999999 0.1920075 0.06831479 -0.00999999 0.1920075 0.06831479 0.00999999 0.2001129 0.07346433 -0.00999999 0.2001129 0.07346433 0.00999999 0.2072876 0.07962501 -0.00999999 0.2072876 0.07962501 0.00999999 0.2134851 0.08674818 -0.00999999 0.2134851 0.08674818 0.00999999 0.2186594 0.09478521 -0.00999999 0.2186594 0.09478521 0.00999999 0.2227641 0.1036875 -0.00999999 0.2227641 0.1036875 0.00999999 0.2257533 0.1134065 -0.00999999 0.2257533 0.1134065 0.00999999 0.2275807 0.1238936 -0.00999999 0.2275807 0.1238936 0.00999999 0.2282001 0.1351 -0.00999999 0.2282001 0.1351 0.00999999 0.2274859 0.1465893 -0.00999999 0.2274859 0.1465893 0.00999999 0.225345 0.157539 -0.00999999 0.225345 0.157539 0.00999999 0.2217798 0.1678469 -0.00999999 0.2217798 0.1678469 0.00999999 0.2167927 0.1774111 -0.00999999 0.2167927 0.1774111 0.00999999 0.2103861 0.1861296 -0.00999999 0.2103861 0.1861296 0.00999999 0.2025626 0.1939001 -0.00999999 0.2025626 0.1939001 0.00999999 0.1933245 0.2006205 -0.00999999 0.1933245 0.2006205 0.00999999 0.1826741 0.2061889 -0.00999999 0.1826741 0.2061889 0.00999999 0.1706141 0.2105032 -0.00999999 0.1706141 0.2105032 0.00999999 0.1571468 0.2134612 -0.00999999 0.1571468 0.2134612 0.00999999 0.1422746 0.2149608 -0.00999999 0.1422746 0.2149608 0.00999999 0.1260001 0.2149001 -0.00999999 0.1260001 0.2149001 0.00999999 0.1260001 0.2779001 -0.00999999 0.1260001 0.2779001 0.00999999 0.1410938 0.2784349 -0.00999999 0.1410938 0.2784349 0.00999999 0.154875 0.2800196 -0.00999999 0.154875 0.2800196 0.00999999 0.1673438 0.2826251 -0.00999999 0.1673438 0.2826251 0.00999999 0.1785001 0.2862223 -0.00999999 0.1785001 0.2862223 0.00999999 0.1883438 0.2907821 -0.00999999 0.1883438 0.2907821 0.00999999 0.196875 0.2962751 -0.00999999 0.196875 0.2962751 0.00999999 0.2040938 0.3026723 -0.00999999 0.2040938 0.3026723 0.00999999 0.21 0.3099446 -0.00999999 0.21 0.3099446 0.00999999 0.2145938 0.3180626 -0.00999999 0.2145938 0.3180626 0.00999999 0.2178751 0.3269973 -0.00999999 0.2178751 0.3269973 0.00999999 0.2198438 0.3367196 -0.00999999 0.2198438 0.3367196 0.00999999 0.2205001 0.3472002 -0.00999999 0.2205001 0.3472002 0.00999999 0.2198374 0.3578691 -0.00999999 0.2198374 0.3578691 0.00999999 0.2178816 0.3678016 -0.00999999 0.2178816 0.3678016 0.00999999 0.2146813 0.3769611 -0.00999999 0.2146813 0.3769611 0.00999999 0.2102853 0.3853113 -0.00999999 0.2102853 0.3853113 0.00999999 0.204742 0.3928156 -0.00999999 0.204742 0.3928156 0.00999999 0.1981001 0.3994377 -0.00999999 0.1981001 0.3994377 0.00999999 0.1904082 0.4051409 -0.00999999 0.1904082 0.4051409 0.00999999 0.1817149 0.4098891 -0.00999999 0.1817149 0.4098891 0.00999999 0.1720688 0.4136455 -0.00999999 0.1720688 0.4136455 0.00999999 0.1615186 0.4163738 -0.00999999 0.1615186 0.4163738 0.00999999 0.1501128 0.4180375 -0.00999999 0.1501128 0.4180375 0.00999999 0.1379001 0.4186002 -0.00999999 0.1379001 0.4186002 0.00999999 0.1314898 0.4184815 -0.00999999 0.1314898 0.4184815 0.00999999 0.1251769 0.4181173 -0.00999999 0.1251769 0.4181173 0.00999999 0.1189125 0.4174954 -0.00999999 0.1189125 0.4174954 0.00999999 0.1126482 0.4166039 -0.00999999 0.1126482 0.4166039 0.00999999 0.1063352 0.4154303 -0.00999999 0.1063352 0.4154303 0.00999999 0.09992504 0.4139627 -0.00999999 0.09992504 0.4139627 0.00999999 0.093369 0.4121888 -0.00999999 0.093369 0.4121888 0.00999999 0.08661854 0.4100965 -0.00999999 0.08661854 0.4100965 0.00999999 0.07962501 0.4076736 -0.00999999 0.07962501 0.4076736 0.00999999 0.07233983 0.404908 -0.00999999 0.07233983 0.404908 0.00999999 0.06471437 0.4017876 -0.00999999 0.06471437 0.4017876 0.00999999 0.05669999 0.3983002 -0.00999999 0.05669999 0.3983002 0.00999999 0.05669999 0.4634003 -0.00999999 0.05669999 0.4634003 0.00999999 0.5025597 -0.004286646 -0.00999999 0.5025597 -0.004286646 0.00999999 0.4815095 0.001639783 -0.00999999 0.4815095 0.001639783 0.00999999 0.4619564 0.01130938 -0.00999999 0.4619564 0.01130938 0.00999999 0.4440075 0.02455186 -0.00999999 0.4440075 0.02455186 0.00999999 0.4277698 0.04119712 -0.00999999 0.4277698 0.04119712 0.00999999 0.4133501 0.06107503 -0.00999999 0.4133501 0.06107503 0.00999999 0.4008554 0.08401542 -0.00999999 0.4008554 0.08401542 0.00999999 0.3903927 0.1098482 -0.00999999 0.3903927 0.1098482 0.00999999 0.3820689 0.1384032 -0.00999999 0.3820689 0.1384032 0.00999999 0.3759909 0.1695103 -0.00999999 0.3759909 0.1695103 0.00999999 0.3722656 0.2029992 -0.00999999 0.3722656 0.2029992 0.00999999 0.3710001 0.2387001 -0.00999999 0.3710001 0.2387001 0.00999999 0.3722657 0.2744009 -0.00999999 0.3722657 0.2744009 0.00999999 0.3759909 0.3078899 -0.00999999 0.3759909 0.3078899 0.00999999 0.3820689 0.338997 -0.00999999 0.3820689 0.338997 0.00999999 0.3903928 0.367552 -0.00999999 0.3903928 0.367552 0.00999999 0.4008556 0.3933848 -0.00999999 0.4008556 0.3933848 0.00999999 0.4133502 0.4163252 -0.00999999 0.4133502 0.4163252 0.00999999 0.4277699 0.4362031 -0.00999999 0.4277699 0.4362031 0.00999999 0.4440076 0.4528483 -0.00999999 0.4440076 0.4528483 0.00999999 0.4619565 0.4660908 -0.00999999 0.4619565 0.4660908 0.00999999 0.4815095 0.4757604 -0.00999999 0.4815095 0.4757604 0.00999999 0.5025597 0.4816869 -0.00999999 0.5025597 0.4816869 0.00999999 0.5250002 0.4837002 -0.00999999 0.5250002 0.4837002 0.00999999 0.5474408 0.4816868 -0.00999999 0.5474408 0.4816868 0.00999999 0.568491 0.4757604 -0.00999999 0.568491 0.4757604 0.00999999 0.588044 0.4660908 -0.00999999 0.588044 0.4660908 0.00999999 0.6059929 0.4528483 -0.00999999 0.6059929 0.4528483 0.00999999 0.6222306 0.4362031 -0.00999999 0.6222306 0.4362031 0.00999999 0.6366503 0.4163252 -0.00999999 0.6366503 0.4163252 0.00999999 0.649145 0.3933848 -0.00999999 0.649145 0.3933848 0.00999999 0.6596077 0.367552 -0.00999999 0.6596077 0.367552 0.00999999 0.6679316 0.338997 -0.00999999 0.6679316 0.338997 0.00999999 0.6740096 0.3078899 -0.00999999 0.6740096 0.3078899 0.00999999 0.6777348 0.2744009 -0.00999999 0.6777348 0.2744009 0.00999999 0.6790003 0.2387001 -0.00999999 0.6790003 0.2387001 0.00999999 0.6777349 0.2029992 -0.00999999 0.6777349 0.2029992 0.00999999 0.6740096 0.1695102 -0.00999999 0.6740096 0.1695102 0.00999999 0.6679316 0.1384031 -0.00999999 0.6679316 0.1384031 0.00999999 0.6596078 0.1098482 -0.00999999 0.6596078 0.1098482 0.00999999 0.649145 0.08401542 -0.00999999 0.649145 0.08401542 0.00999999 0.6366503 0.06107503 -0.00999999 0.6366503 0.06107503 0.00999999 0.6222307 0.04119712 -0.00999999 0.6222307 0.04119712 0.00999999 0.6059929 0.02455186 -0.00999999 0.6059929 0.02455186 0.00999999 0.5880441 0.01130938 -0.00999999 0.5880441 0.01130938 0.00999999 0.5684911 0.001639783 -0.00999999 0.5684911 0.001639783 0.00999999 0.5474408 -0.004286646 -0.00999999 0.5474408 -0.004286646 0.00999999 0.5250002 -0.006299972 -0.00999999 0.5250002 -0.006299972 0.00999999 0.5121442 0.4171994 -0.00999999 0.5121442 0.4171994 0.00999999 0.5002021 0.413052 -0.00999999 0.5002021 0.413052 0.00999999 0.4892127 0.4062408 -0.00999999 0.4892127 0.4062408 0.00999999 0.479215 0.3968483 -0.00999999 0.479215 0.3968483 0.00999999 0.4702479 0.3849573 -0.00999999 0.4702479 0.3849573 0.00999999 0.4623502 0.3706502 -0.00999999 0.4623502 0.3706502 0.00999999 0.4555609 0.3540098 -0.00999999 0.4555609 0.3540098 0.00999999 0.4499187 0.3351187 -0.00999999 0.4499187 0.3351187 0.00999999 0.4454627 0.3140595 -0.00999999 0.4454627 0.3140595 0.00999999 0.4422317 0.290915 -0.00999999 0.4422317 0.290915 0.00999999 0.4402645 0.2657676 -0.00999999 0.4402645 0.2657676 0.00999999 0.4396002 0.2387001 -0.00999999 0.4396002 0.2387001 0.00999999 0.4402645 0.2116326 -0.00999999 0.4402645 0.2116326 0.00999999 0.4422317 0.1864852 -0.00999999 0.4422317 0.1864852 0.00999999 0.4454627 0.1633406 -0.00999999 0.4454627 0.1633406 0.00999999 0.4499187 0.1422815 -0.00999999 0.4499187 0.1422815 0.00999999 0.4555608 0.1233904 -0.00999999 0.4555608 0.1233904 0.00999999 0.4623502 0.10675 -0.00999999 0.4623502 0.10675 0.00999999 0.4702479 0.09244292 -0.00999999 0.4702479 0.09244292 0.00999999 0.479215 0.08055186 -0.00999999 0.479215 0.08055186 0.00999999 0.4892127 0.07115936 -0.00999999 0.4892127 0.07115936 0.00999999 0.5002021 0.06434816 -0.00999999 0.5002021 0.06434816 0.00999999 0.5121442 0.06020081 -0.00999999 0.5121442 0.06020081 0.00999999 0.5250002 0.05879998 -0.00999999 0.5250002 0.05879998 0.00999999 0.5378562 0.06020081 -0.00999999 0.5378562 0.06020081 0.00999999 0.5497983 0.06434816 -0.00999999 0.5497983 0.06434816 0.00999999 0.5607877 0.07115936 -0.00999999 0.5607877 0.07115936 0.00999999 0.5707854 0.08055186 -0.00999999 0.5707854 0.08055186 0.00999999 0.5797525 0.09244292 -0.00999999 0.5797525 0.09244292 0.00999999 0.5876502 0.10675 -0.00999999 0.5876502 0.10675 0.00999999 0.5944396 0.1233904 -0.00999999 0.5944396 0.1233904 0.00999999 0.6000817 0.1422815 -0.00999999 0.6000817 0.1422815 0.00999999 0.6045377 0.1633406 -0.00999999 0.6045377 0.1633406 0.00999999 0.6077688 0.1864852 -0.00999999 0.6077688 0.1864852 0.00999999 0.6097359 0.2116326 -0.00999999 0.6097359 0.2116326 0.00999999 0.6104003 0.2387001 -0.00999999 0.6104003 0.2387001 0.00999999 0.609736 0.2657676 -0.00999999 0.609736 0.2657676 0.00999999 0.6077688 0.290915 -0.00999999 0.6077688 0.290915 0.00999999 0.6045378 0.3140595 -0.00999999 0.6045378 0.3140595 0.00999999 0.6000818 0.3351187 -0.00999999 0.6000818 0.3351187 0.00999999 0.5944396 0.3540098 -0.00999999 0.5944396 0.3540098 0.00999999 0.5876502 0.3706502 -0.00999999 0.5876502 0.3706502 0.00999999 0.5797526 0.3849573 -0.00999999 0.5797526 0.3849573 0.00999999 0.5707854 0.3968483 -0.00999999 0.5707854 0.3968483 0.00999999 0.5607877 0.4062408 -0.00999999 0.5607877 0.4062408 0.00999999 0.5497984 0.413052 -0.00999999 0.5497984 0.413052 0.00999999 0.5378562 0.4171994 -0.00999999 0.5378562 0.4171994 0.00999999 0.5250002 0.4186002 -0.00999999 0.5250002 0.4186002 0.00999999</float_array>
          <technique_common>
            <accessor source="#_0-mesh-positions-array" count="972" stride="3">
              <param name="X" type="float"/>
              <param name="Y" type="float"/>
              <param name="Z" type="float"/>
            </accessor>
          </technique_common>
        </source>
        <source id="_0-mesh-normals">
          <float_array id="_0-mesh-normals-array" count="1272">0 0 1 0 0 1 0 0 1 0 0 1 0 0 1 0 0 1 0 0 1 0 0 1 0 0 1 0 0 1 0 0 1 0 0 1 0 0 1 0 0 1 0 0 1 0 0 1 0 0 1 0 0 1 0 0 1 0 0 1 0 0 1 0 0 1 0 0 1 0 0 1 0 0 1 0 0 1 0 0 1 0 0 1 0 0 1 0 0 1 0 0 1 0 0 1 0 0 1 0 0 1 0 0 1 0 0 1 0 0 1 0 0 1 0 0 1 2.98187e-6 0 1 0 0 1 0 0 1 1.88708e-5 0 1 -3.80726e-7 0 1 0 0 1 0 0 1 0 0 1 0 0 1 0 0 1 0 0 1 0 0 1 0 0 1 0 0 1 0 0 1 0 0 1 0 0 1 0 0 1 0 0 1 0 0 1 0 0 1 0 0 1 0 0 1 0 0 1 0 0 1 0 0 1 0 0 1 1.40522e-7 0 1 -1.22707e-7 0 1 0 0 1 0 0 1 0 0 1 0 0 1 0 0 1 0 0 1 0 0 1 0 0 1 0 0 1 0 0 1 0 0 1 0 0 1 0 0 1 0 0 1 0 0 1 0 0 1 0 0 1 0 0 1 0 0 1 0 0 1 -5.51363e-7 0 1 0 0 -1 0 0 -1 0 0 -1 0 0 -1 0 0 -1 0 0 -1 0 0 -1 0 0 -1 0 0 -1 0 0 -1 0 0 -1 0 0 -1 0 0 -1 0 0 -1 0 0 -1 0 0 -1 0 0 -1 0 0 -1 0 0 -1 0 0 -1 0 0 -1 0 0 -1 0 0 -1 0 0 -1 0 0 -1 0 0 -1 0 0 -1 0 0 -1 0 0 -1 0 0 -1 0 0 -1 0 0 -1 0 0 -1 0 0 -1 0 0 -1 0 0 -1 1.878e-5 0 -1 -3.80726e-7 0 -1 0 0 -1 0 0 -1 0 0 -1 0 0 -1 0 0 -1 0 0 -1 0 0 -1 0 0 -1 0 0 -1 0 0 -1 0 0 -1 0 0 -1 0 0 -1 0 0 -1 0 0 -1 0 0 -1 0 0 -1 0 0 -1 0 0 -1 0 0 -1 0 0 -1 0 0 -1 0 0 -1 0 0 -1 0 0 -1 0 0 -1 0 0 -1 0 0 -1 0 0 -1 0 0 -1 1.7295e-7 0 -1 0 0 -1 -1.78483e-7 0 -1 0 0 -1 0 0 -1 -1.83131e-7 0 -1 0 0 -1 0 0 -1 0 0 -1 0 0 -1 0 0 -1 0 0 -1 0 0 -1 0 0 -1 0 0 -1 0 0 -1 0 0 -1 0 0 -1 0 0 -1 0 0 -1 -2.75681e-7 0 -1 -0.3730634 0.9278059 0 -0.4069737 0.9134399 0 -0.3366535 0.9416286 0 -0.2982628 0.9544838 0 -0.2585591 0.9659955 0 -0.2181808 0.9759085 0 -0.1779239 0.9840443 0 -0.138494 0.9903634 0 -0.1005914 0.9949278 0 -0.06466954 0.9979069 0 -0.03115946 0.9995145 0 0.01675486 0.9998597 0 0.1002561 0.9949617 0 0.2068563 0.9783714 0 0.3193482 0.9476376 0 0.4355051 0.9001863 0 0.5517951 0.8339798 0 0.6635091 0.7481682 0 0.7652135 0.6437767 0 0.8517066 0.5240191 0 0.9191104 0.3940003 0 0.9656673 0.259782 0 0.9918766 0.1272043 0 0.9998628 0.01657176 0 0.9981073 -0.06149661 0 0.9912055 -0.1323316 0 0.9769076 -0.2136623 0 0.9527112 -0.3038775 0 0.9166532 -0.3996834 0 0.86817 -0.4962671 0 0.8086965 -0.5882261 0 0.8681624 -0.4962803 0 0.7416515 -0.6707855 0 0.6716027 -0.7409116 0 0.6029454 -0.7977825 0 0.5390953 -0.8422448 0 0.9966092 0.08228015 0 0.4245855 0.9053878 0 0.5456597 0.8380069 0 0.6531708 0.7572107 0 0.744154 0.6680082 0 0.817974 0.5752553 0 0.8757748 0.4827199 0 0.9195787 0.3929061 0 0.9517207 0.3069653 0 0.9743064 0.2252272 0 0.9890852 0.147345 0 0.9973586 0.07263505 0 0.9999199 -0.01266533 0 0.9921828 -0.1247934 0 0.9676163 -0.2524256 0 0.925028 -0.3798993 0 0.8641937 -0.5031594 0 0.7861023 -0.6180965 0 0.6928818 -0.7210512 0 0.5875201 -0.8092097 0 0.473592 -0.8807444 0 0.3547297 -0.9349689 0 0.234384 -0.9721441 0 0.1154847 -0.9933093 0 0.01605308 -0.9998713 0 -0.04855543 -0.9988205 0 -0.09555363 -0.9954243 0 -0.1406009 -0.9900664 0 -0.1836048 -0.9830002 0 -0.2244984 -0.9744745 0 -0.2632904 -0.9647167 0 -0.2999758 -0.9539468 0 -0.3346075 -0.9423577 0 -0.3672721 -0.9301136 0 -0.3980553 -0.9173615 0 -0.4270195 -0.9042425 0 -0.8488357 -0.5286568 0 -0.4781079 0.8783012 0 0.5262685 0.8503186 0 0.4915503 0.8708492 0 0.4539029 0.8910511 0 0.413228 0.9106277 0 0.3695536 0.9292095 0 0.3230132 0.9463945 0 0.2737253 0.9618079 0 0.2219944 0.975048 0 0.1682531 0.9857439 0 0.1129501 0.9936007 0 0.0566734 0.9983929 0 -0.01300096 0.9999155 0 -0.1120057 0.9937075 0 -0.2302367 0.9731348 0 -0.3529489 0.9356427 0 -0.4763078 0.8792787 0 -0.5953904 0.8034367 0 -0.7047989 0.7094072 0 -0.5953707 0.8034512 0 -0.7996959 0.6004052 0 -0.8766106 0.4812004 0 -0.9340509 0.3571398 0 -0.9724143 0.233261 0 -0.9935274 0.1135931 0 -0.9999942 -0.003418147 0 -0.993524 0.1136232 0 -0.9918727 -0.1272343 0 -0.9656096 -0.2599965 0 -0.9183873 -0.3956829 0 -0.8487417 -0.5288078 0 -0.75755 -0.6527772 0 -0.6483879 -0.7613102 0 -0.5272254 -0.8497255 0 -0.4010238 -0.9160677 0 -0.2762243 -0.9610933 0 -0.1576893 -0.9874889 0 -0.04834228 -0.9988309 0 -0.7057933 -0.708418 0 -0.719524 0.6944677 0 -0.074862 0.997194 0 -0.1595519 0.9871896 0 -0.2560553 0.9666622 0 -0.3642762 0.931291 0 -0.4819902 0.8761766 0 -0.6040598 0.7969391 0 -0.722142 0.691745 0 -0.826168 0.5634239 0 -0.9075213 0.4200063 0 -0.9621881 0.2723864 0 -0.9914122 0.1307742 0 -1 2.44148e-4 0 -0.9917902 -0.1278764 0 -0.965024 -0.2621618 0 -0.916975 -0.3989448 0 -0.8470402 -0.5315288 0 -0.7573382 -0.653023 0 -0.6525641 -0.7577336 0 -0.7573512 -0.6530079 0 -0.5387601 -0.8424592 0 -0.4219881 -0.9066014 0 -0.307149 -0.9516615 0 -0.1976419 -0.9802744 0 -0.09528148 -0.9954504 0 -0.01373368 -0.9999057 0 0.03805685 -0.9992756 0 0.07819002 -0.9969385 0 0.1198492 -0.9927922 0 0.1618744 -0.9868113 0 0.2030133 -0.9791761 0 0.2422268 -0.9702197 0 0.2786649 -0.9603885 0 0.3117472 -0.9501652 0 0.3411402 -0.9400125 0 0.36684 -0.9302842 0 0.3888782 -0.9212892 0 -0.5481758 -0.8363633 0 -0.8435748 0.5370118 0 -0.3586641 -0.9334667 0 -0.1809449 -0.9834933 0 -0.5205016 -0.8538607 0 -0.6569151 -0.7539646 0 -0.7646547 -0.6444402 0 -0.8455789 -0.5338506 0 -0.9039975 -0.4275379 0 -0.9446602 -0.3280506 0 -0.9717454 -0.2360315 0 -0.9884903 -0.1512842 0 -0.9973296 -0.0730319 0 -1 0 0 -0.9973296 0.0730319 0 -0.9884903 0.1512842 0 -0.9717454 0.2360315 0 -0.9446602 0.3280506 0 -0.9039975 0.4275379 0 -0.8455789 0.5338506 0 -0.7646547 0.6444402 0 -0.6569151 0.7539646 0 -0.5205016 0.8538607 0 -0.3586641 0.9334667 0 -0.1809449 0.9834933 0 0 1 0 0.1809449 0.9834933 0 0.3586641 0.9334667 0 0.5205016 0.8538607 0 0.6569151 0.7539646 0 0.7646547 0.6444402 0 0.8455789 0.5338506 0 0.9039975 0.4275379 0 0.9446602 0.3280506 0 0.9717454 0.2360315 0 0.9884903 0.1512842 0 0.9973296 0.0730319 0 1 0 0 0.9973296 -0.0730319 0 0.9884903 -0.1512842 0 0.9717454 -0.2360315 0 0.9446602 -0.3280506 0 0.9039975 -0.4275379 0 0.8455789 -0.5338506 0 0.7646547 -0.6444402 0 0.6569151 -0.7539646 0 0.5205016 -0.8538607 0 0.3586641 -0.9334667 0 0.1809449 -0.9834933 0 0 -1 0 0.4300414 -0.9028092 0 0.2195826 -0.9755939 0 0.6087679 -0.7933484 0 0.7442692 -0.6678799 0 0.839063 -0.5440344 0 0.9022272 -0.4312611 0 0.943156 -0.3323507 0 0.9690722 -0.2467772 0 0.984968 -0.1727371 0 0.9941335 -0.1081601 0 0.9986848 -0.05127251 0 0.9986848 0.05127251 0 0.9941335 0.1081601 0 0.984968 0.1727371 0 0.9690722 0.2467772 0 0.943156 0.3323507 0 0.9022272 0.4312611 0 0.839063 0.5440344 0 0.902239 0.4312363 0 0.7442692 0.6678799 0 0.6087679 0.7933484 0 0.4300414 0.9028092 0 0.2195826 0.9755939 0 -0.2195826 0.9755939 0 -0.4300414 0.9028092 0 -0.6087871 0.7933337 0 -0.7442692 0.6678799 0 -0.6087679 0.7933484 0 -0.839063 0.5440344 0 -0.9022272 0.4312611 0 -0.943156 0.3323507 0 -0.9690722 0.2467772 0 -0.984968 0.1727371 0 -0.9941335 0.1081601 0 -0.9986848 0.05127251 0 -0.9986848 -0.05127251 0 -0.9941335 -0.1081601 0 -0.984968 -0.1727371 0 -0.9690722 -0.2467772 0 -0.943156 -0.3323507 0 -0.9022272 -0.4312611 0 -0.839063 -0.5440344 0 -0.902239 -0.4312363 0 -0.7442692 -0.6678799 0 -0.6087679 -0.7933484 0 -0.4300414 -0.9028092 0 -0.2195826 -0.9755939 0</float_array>
          <technique_common>
            <accessor source="#_0-mesh-normals-array" count="424" stride="3">
              <param name="X" type="float"/>
              <param name="Y" type="float"/>
              <param name="Z" type="float"/>
            </accessor>
          </technique_common>
        </source>
        <source id="_0-mesh-map-0">
          <float_array id="_0-mesh-map-0-array" count="5808">0.2315789 0 0.2526316 0 0.2421053 0 0.2210526 0 0.2526316 0 0.2315789 0 0.2210526 0 0.2631579 0 0.2526316 0 0.2105263 0 0.2631579 0 0.2210526 0 0.2105263 0 0.2736842 0 0.2631579 0 0.2 0 0.2736842 0 0.2105263 0 0.2 0 0.2842105 0 0.2736842 0 0.1894736 0 0.2842105 0 0.2 0 0.1894736 0 0.2947368 0 0.2842105 0 0.1789473 0 0.2947368 0 0.1894736 0 0.1789473 0 1 0 0.2947368 0 1 0 0.3052632 0 0.2947368 0 0.1789473 0 0.5052632 0 1 0 0.9894737 0 0.3052632 0 1 0 0.1789473 0 0.5157895 0 0.5052632 0 0.9789474 0 0.3052632 0 0.9894737 0 0.168421 0 0.5157895 0 0.1789473 0 0.9789474 0 0.3157895 0 0.3052632 0 0.168421 0 0.5263158 0 0.5157895 0 0.9684211 0 0.3157895 0 0.9789474 0 0.168421 0 0.5368421 0 0.5263158 0 0.9578948 0 0.3157895 0 0.9684211 0 0.168421 0 0.5473684 0 0.5368421 0 0.9473685 0 0.3157895 0 0.9578948 0 0.1578947 0 0.5473684 0 0.168421 0 0.9473685 0 0.3263158 0 0.3157895 0 0.1578947 0 0.5578948 0 0.5473684 0 0.9368421 0 0.3263158 0 0.9473685 0 0.1578947 0 0.5684211 0 0.5578948 0 0.9263158 0 0.3263158 0 0.9368421 0 0.1473684 0 0.5684211 0 0.1578947 0 0.9263158 0 0.3368421 0 0.3263158 0 0.1473684 0 0.5789474 0 0.5684211 0 0.9157895 0 0.3368421 0 0.9263158 0 0.1368421 0 0.5789474 0 0.1473684 0 0.9157895 0 0.3473684 0 0.3368421 0 0.1368421 0 0.5894737 0 0.5789474 0 0.9052632 0 0.3473684 0 0.9157895 0 0.1368421 0 0.6 0 0.5894737 0 0.8947368 0 0.3473684 0 0.9052632 0 0.1263158 0 0.6 0 0.1368421 0 0.8947368 0 0.3578947 0 0.3473684 0 0.1263158 0 0.6105263 0 0.6 0 0.8842105 0 0.3578947 0 0.8947368 0 0.1157894 0 0.6105263 0 0.1263158 0 0.8842105 0 0.368421 0 0.3578947 0 0.1157894 0 0.6210526 0 0.6105263 0 0.8736842 0 0.368421 0 0.8842105 0 0.1052631 0 0.6210526 0 0.1157894 0 0.1052631 0 0.6315789 0 0.6210526 0 0.8631579 0 0.368421 0 0.8736842 0 0.8631579 0 0.3789474 0 0.368421 0 0.1052631 0 0.6421053 0 0.6315789 0 0.8526316 0 0.3789474 0 0.8631579 0 0.09473681 0 0.6421053 0 0.1052631 0 0.8526316 0 0.3894737 0 0.3789474 0 0.09473681 0 0.6526316 0 0.6421053 0 0.8421053 0 0.3894737 0 0.8526316 0 0.08421051 0 0.6526316 0 0.09473681 0 0.8421053 0 0.4 0 0.3894737 0 0.08421051 0 0.6631579 0 0.6526316 0 0.831579 0 0.4 0 0.8421053 0 0.08421051 0 0.6736842 0 0.6631579 0 0.8210526 0 0.4 0 0.831579 0 0.07368421 0 0.6736842 0 0.08421051 0 0.8210526 0 0.4105263 0 0.4 0 0.07368421 0 0.6842105 0 0.6736842 0 0.8105263 0 0.4105263 0 0.8210526 0 0.06315785 0 0.6842105 0 0.07368421 0 0.8105263 0 0.4210526 0 0.4105263 0 0.06315785 0 0.6947368 0 0.6842105 0 0.8 0 0.4210526 0 0.8105263 0 0.06315785 0 0.7052631 0 0.6947368 0 0.7894737 0 0.4210526 0 0.8 0 0.05263155 0 0.7052631 0 0.06315785 0 0.7894737 0 0.4315789 0 0.4210526 0 0.05263155 0 0.7157895 0 0.7052631 0 0.7789474 0 0.4315789 0 0.7894737 0 0.05263155 0 0.7263158 0 0.7157895 0 0.7684211 0 0.4315789 0 0.7789474 0 0.05263155 0 0.7368421 0 0.7263158 0 0.7578948 0 0.4315789 0 0.7684211 0 0.04210525 0 0.7368421 0 0.05263155 0 0.7578948 0 0.4421052 0 0.4315789 0 0.7473684 0 0.4421052 0 0.7578948 0 0.04210525 0 0.7473684 0 0.7368421 0 0.04210525 0 0.4421052 0 0.7473684 0 0.03157889 0 0.4421052 0 0.04210525 0 0.03157889 0 0.4526316 0 0.4421052 0 0.02105259 0 0.4526316 0 0.03157889 0 0.02105259 0 0.4631579 0 0.4526316 0 0.01052629 0 0.4631579 0 0.02105259 0 0.01052629 0 0.4736842 0 0.4631579 0 0 0 0.4736842 0 0.01052629 0 0 0 0.4842105 0 0.4736842 0 0.4947369 0 0.4842105 0 0 0 0.06849312 0 0.08219176 0 0.07534247 0 0.06164383 0 0.08219176 0 0.06849312 0 0.05479449 0 0.08219176 0 0.06164383 0 0.05479449 0 0.08904105 0 0.08219176 0 0.0479452 0 0.08904105 0 0.05479449 0 0.04109585 0 0.08904105 0 0.0479452 0 0.03424656 0 0.08904105 0 0.04109585 0 0.03424656 0 0.0958904 0 0.08904105 0 0.02739721 0 0.0958904 0 0.03424656 0 0.02054792 0 0.0958904 0 0.02739721 0 0.01369857 0 0.0958904 0 0.02054792 0 0.01369857 0 0.1027397 0 0.0958904 0 0.006849288 0 0.1027397 0 0.01369857 0 0 0 0.1027397 0 0.006849288 0 0 0 0.109589 0 0.1027397 0 1 0 0.109589 0 0 0 0.9931507 0 0.9863014 0 1 0 0.9863014 0 0.9794521 0 1 0 0.9794521 0 0.9726027 0 1 0 0.9726027 0 0.9657534 0 1 0 0.9657534 0 0.109589 0 1 0 0.9657534 0 0.9589041 0 0.109589 0 0.9589041 0 0.9520548 0 0.109589 0 0.9520548 0 0.1164383 0 0.109589 0 0.9520548 0 0.9452055 0 0.1164383 0 0.9452055 0 0.9383562 0 0.1164383 0 0.9383562 0 0.1232876 0 0.1164383 0 0.9383562 0 0.9315069 0 0.1232876 0 0.9315069 0 0.9246575 0 0.1232876 0 0.9246575 0 0.9178082 0 0.1232876 0 0.9178082 0 0.130137 0 0.1232876 0 0.9178082 0 0.9109589 0 0.130137 0 0.9109589 0 0.9041096 0 0.130137 0 0.9041096 0 0.1369863 0 0.130137 0 0.8972603 0 0.1369863 0 0.9041096 0 0.890411 0 0.1369863 0 0.8972603 0 0.8835617 0 0.1369863 0 0.890411 0 0.8835617 0 0.1438356 0 0.1369863 0 0.8767123 0 0.1438356 0 0.8835617 0 0.869863 0 0.1438356 0 0.8767123 0 0.8630137 0 0.1438356 0 0.869863 0 0.8630137 0 0.1506849 0 0.1438356 0 0.8561644 0 0.1506849 0 0.8630137 0 0.8493151 0 0.1506849 0 0.8561644 0 0.8493151 0 0.1575342 0 0.1506849 0 0.8424658 0 0.1575342 0 0.8493151 0 0.8356164 0 0.1575342 0 0.8424658 0 0.8356164 0 0.1643835 0 0.1575342 0 0.8287671 0 0.1643835 0 0.8356164 0 0.8219178 0 0.1643835 0 0.8287671 0 0.8219178 0 0.1712328 0 0.1643835 0 0.8150685 0 0.1712328 0 0.8219178 0 0.8150685 0 0.1780822 0 0.1712328 0 0.8082192 0 0.1780822 0 0.8150685 0 0.8082192 0 0.1849315 0 0.1780822 0 0.8013699 0 0.1849315 0 0.8082192 0 0.8013699 0 0.1917808 0 0.1849315 0 0.7945206 0 0.1917808 0 0.8013699 0 0.7945206 0 0.1986301 0 0.1917808 0 0.7876712 0 0.1986301 0 0.7945206 0 0.7808219 0 0.1986301 0 0.7876712 0 0.7808219 0 0.2054795 0 0.1986301 0 0.7739726 0 0.2054795 0 0.7808219 0 0.7739726 0 0.2123287 0 0.2054795 0 0.7671233 0 0.2123287 0 0.7739726 0 0.760274 0 0.2123287 0 0.7671233 0 0.7534247 0 0.2123287 0 0.760274 0 0.7534247 0 0.219178 0 0.2123287 0 0.7465754 0 0.219178 0 0.7534247 0 0.739726 0 0.219178 0 0.7465754 0 0.739726 0 0.2260274 0 0.219178 0 0.739726 0 0.2328767 0 0.2260274 0 0.739726 0 0.239726 0 0.2328767 0 0.739726 0 0.2465753 0 0.239726 0 0.739726 0 0.2534247 0 0.2465753 0 0.739726 0 0.2602739 0 0.2534247 0 0.739726 0 0.2671233 0 0.2602739 0 0.739726 0 0.2739726 0 0.2671233 0 0.739726 0 0.7328767 0 0.2739726 0 0.7328767 0 0.2808219 0 0.2739726 0 0.7260274 0 0.2808219 0 0.7328767 0 0.7191781 0 0.2808219 0 0.7260274 0 0.7123288 0 0.2808219 0 0.7191781 0 0.7123288 0 0.2876712 0 0.2808219 0 0.7054795 0 0.2876712 0 0.7123288 0 0.6986302 0 0.2876712 0 0.7054795 0 0.6986302 0 0.2945206 0 0.2876712 0 0.6917808 0 0.2945206 0 0.6986302 0 0.6917808 0 0.3013699 0 0.2945206 0 0.6849315 0 0.3013699 0 0.6917808 0 0.6780822 0 0.3013699 0 0.6849315 0 0.6780822 0 0.3082191 0 0.3013699 0 0.6712329 0 0.3082191 0 0.6780822 0 0.6712329 0 0.3150685 0 0.3082191 0 0.6643836 0 0.3150685 0 0.6712329 0 0.6643836 0 0.3219178 0 0.3150685 0 0.6575343 0 0.3219178 0 0.6643836 0 0.6575343 0 0.3287671 0 0.3219178 0 0.650685 0 0.3287671 0 0.6575343 0 0.6438356 0 0.3287671 0 0.650685 0 0.6438356 0 0.3356164 0 0.3287671 0 0.6369863 0 0.3356164 0 0.6438356 0 0.630137 0 0.3356164 0 0.6369863 0 0.630137 0 0.3424658 0 0.3356164 0 0.4863014 0 0.5 0 0.4931507 0 0.6232877 0 0.3424658 0 0.630137 0 0.4863014 0 0.5068493 0 0.5 0 0.6164383 0 0.3424658 0 0.6232877 0 0.4863014 0 0.5136986 0 0.5068493 0 0.6164383 0 0.3493151 0 0.3424658 0 0.609589 0 0.3493151 0 0.6164383 0 0.4863014 0 0.5205479 0 0.5136986 0 0.4863014 0 0.5273973 0 0.5205479 0 0.6027398 0 0.3493151 0 0.609589 0 0.4863014 0 0.5342466 0 0.5273973 0 0.5958904 0 0.3493151 0 0.6027398 0 0.4863014 0 0.5410959 0 0.5342466 0 0.4863014 0 0.5479452 0 0.5410959 0 0.5890411 0 0.3493151 0 0.5958904 0 0.5890411 0 0.3561644 0 0.3493151 0 0.4863014 0 0.5547946 0 0.5479452 0 0.5821918 0 0.3561644 0 0.5890411 0 0.4863014 0 0.5616438 0 0.5547946 0 0.4863014 0 0.5684931 0 0.5616438 0 0.5753425 0 0.3561644 0 0.5821918 0 0.4863014 0 0.5753425 0 0.5684931 0 0.4863014 0 0.3561644 0 0.5753425 0 0.4863014 0 0.3630137 0 0.3561644 0 0.4863014 0 0.369863 0 0.3630137 0 0.4863014 0 0.3767123 0 0.369863 0 0.479452 0 0.3767123 0 0.4863014 0 0.4726027 0 0.3767123 0 0.479452 0 0.4657534 0 0.3767123 0 0.4726027 0 0.4657534 0 0.3835616 0 0.3767123 0 0.4589041 0 0.3835616 0 0.4657534 0 0.4520548 0 0.3835616 0 0.4589041 0 0.4520548 0 0.390411 0 0.3835616 0 0.4452055 0 0.390411 0 0.4520548 0 0.4383562 0 0.390411 0 0.4452055 0 0.4315068 0 0.390411 0 0.4383562 0 0.4315068 0 0.3972603 0 0.390411 0 0.4246575 0 0.3972603 0 0.4315068 0 0.4178082 0 0.3972603 0 0.4246575 0 0.4178082 0 0.4041096 0 0.3972603 0 0.4109589 0 0.4041096 0 0.4178082 0 0.2526316 0 0.2315789 0 0.2421053 0 0.2526316 0 0.2210526 0 0.2315789 0 0.2631579 0 0.2210526 0 0.2526316 0 0.2631579 0 0.2105263 0 0.2210526 0 0.2736842 0 0.2105263 0 0.2631579 0 0.2736842 0 0.2 0 0.2105263 0 0.2842105 0 0.2 0 0.2736842 0 0.2842105 0 0.1894736 0 0.2 0 0.2947368 0 0.1894736 0 0.2842105 0 0.2947368 0 0.1789473 0 0.1894736 0 1 0 0.1789473 0 0.2947368 0 0.3052632 0 1 0 0.2947368 0 0.5052632 0 0.1789473 0 1 0 0.3052632 0 0.9894737 0 1 0 0.5157895 0 0.1789473 0 0.5052632 0 0.3052632 0 0.9789474 0 0.9894737 0 0.5157895 0 0.168421 0 0.1789473 0 0.3157895 0 0.9789474 0 0.3052632 0 0.5263158 0 0.168421 0 0.5157895 0 0.3157895 0 0.9684211 0 0.9789474 0 0.5368421 0 0.168421 0 0.5263158 0 0.3157895 0 0.9578948 0 0.9684211 0 0.5473684 0 0.168421 0 0.5368421 0 0.3157895 0 0.9473685 0 0.9578948 0 0.5473684 0 0.1578947 0 0.168421 0 0.3263158 0 0.9473685 0 0.3157895 0 0.5578948 0 0.1578947 0 0.5473684 0 0.3263158 0 0.9368421 0 0.9473685 0 0.5684211 0 0.1578947 0 0.5578948 0 0.3263158 0 0.9263158 0 0.9368421 0 0.5684211 0 0.1473684 0 0.1578947 0 0.3368421 0 0.9263158 0 0.3263158 0 0.5789474 0 0.1473684 0 0.5684211 0 0.3368421 0 0.9157895 0 0.9263158 0 0.5789474 0 0.1368421 0 0.1473684 0 0.3473684 0 0.9157895 0 0.3368421 0 0.5894737 0 0.1368421 0 0.5789474 0 0.3473684 0 0.9052632 0 0.9157895 0 0.6 0 0.1368421 0 0.5894737 0 0.3473684 0 0.8947368 0 0.9052632 0 0.6 0 0.1263158 0 0.1368421 0 0.3578947 0 0.8947368 0 0.3473684 0 0.6105263 0 0.1263158 0 0.6 0 0.3578947 0 0.8842105 0 0.8947368 0 0.6105263 0 0.1157894 0 0.1263158 0 0.368421 0 0.8842105 0 0.3578947 0 0.6210526 0 0.1157894 0 0.6105263 0 0.368421 0 0.8736842 0 0.8842105 0 0.6210526 0 0.1052631 0 0.1157894 0 0.6315789 0 0.1052631 0 0.6210526 0 0.368421 0 0.8631579 0 0.8736842 0 0.3789474 0 0.8631579 0 0.368421 0 0.6421053 0 0.1052631 0 0.6315789 0 0.3789474 0 0.8526316 0 0.8631579 0 0.6421053 0 0.09473681 0 0.1052631 0 0.3894737 0 0.8526316 0 0.3789474 0 0.6526316 0 0.09473681 0 0.6421053 0 0.3894737 0 0.8421053 0 0.8526316 0 0.6526316 0 0.08421051 0 0.09473681 0 0.4 0 0.8421053 0 0.3894737 0 0.6631579 0 0.08421051 0 0.6526316 0 0.4 0 0.831579 0 0.8421053 0 0.6736842 0 0.08421051 0 0.6631579 0 0.4 0 0.8210526 0 0.831579 0 0.6736842 0 0.07368421 0 0.08421051 0 0.4105263 0 0.8210526 0 0.4 0 0.6842105 0 0.07368421 0 0.6736842 0 0.4105263 0 0.8105263 0 0.8210526 0 0.6842105 0 0.06315785 0 0.07368421 0 0.4210526 0 0.8105263 0 0.4105263 0 0.6947368 0 0.06315785 0 0.6842105 0 0.4210526 0 0.8 0 0.8105263 0 0.7052631 0 0.06315785 0 0.6947368 0 0.4210526 0 0.7894737 0 0.8 0 0.7052631 0 0.05263155 0 0.06315785 0 0.4315789 0 0.7894737 0 0.4210526 0 0.7157895 0 0.05263155 0 0.7052631 0 0.4315789 0 0.7789474 0 0.7894737 0 0.7263158 0 0.05263155 0 0.7157895 0 0.4315789 0 0.7684211 0 0.7789474 0 0.7368421 0 0.05263155 0 0.7263158 0 0.4315789 0 0.7578948 0 0.7684211 0 0.7368421 0 0.04210525 0 0.05263155 0 0.4421052 0 0.7578948 0 0.4315789 0 0.4421052 0 0.7473684 0 0.7578948 0 0.7473684 0 0.04210525 0 0.7368421 0 0.4421052 0 0.04210525 0 0.7473684 0 0.4421052 0 0.03157889 0 0.04210525 0 0.4526316 0 0.03157889 0 0.4421052 0 0.4526316 0 0.02105259 0 0.03157889 0 0.4631579 0 0.02105259 0 0.4526316 0 0.4631579 0 0.01052629 0 0.02105259 0 0.4736842 0 0.01052629 0 0.4631579 0 0.4736842 0 0 0 0.01052629 0 0.4842105 0 0 0 0.4736842 0 0.4842105 0 0.4947369 0 0 0 0.08219176 0 0.06849312 0 0.07534247 0 0.08219176 0 0.06164383 0 0.06849312 0 0.08219176 0 0.05479449 0 0.06164383 0 0.08904105 0 0.05479449 0 0.08219176 0 0.08904105 0 0.0479452 0 0.05479449 0 0.08904105 0 0.04109585 0 0.0479452 0 0.08904105 0 0.03424656 0 0.04109585 0 0.0958904 0 0.03424656 0 0.08904105 0 0.0958904 0 0.02739721 0 0.03424656 0 0.0958904 0 0.02054792 0 0.02739721 0 0.0958904 0 0.01369857 0 0.02054792 0 0.1027397 0 0.01369857 0 0.0958904 0 0.1027397 0 0.006849288 0 0.01369857 0 0.1027397 0 0 0 0.006849288 0 0.109589 0 0 0 0.1027397 0 0.109589 0 1 0 0 0 0.9863014 0 0.9931507 0 1 0 0.9794521 0 0.9863014 0 1 0 0.9726027 0 0.9794521 0 1 0 0.9657534 0 0.9726027 0 1 0 0.109589 0 0.9657534 0 1 0 0.9589041 0 0.9657534 0 0.109589 0 0.9520548 0 0.9589041 0 0.109589 0 0.1164383 0 0.9520548 0 0.109589 0 0.9452055 0 0.9520548 0 0.1164383 0 0.9383562 0 0.9452055 0 0.1164383 0 0.1232876 0 0.9383562 0 0.1164383 0 0.9315069 0 0.9383562 0 0.1232876 0 0.9246575 0 0.9315069 0 0.1232876 0 0.9178082 0 0.9246575 0 0.1232876 0 0.130137 0 0.9178082 0 0.1232876 0 0.9109589 0 0.9178082 0 0.130137 0 0.9041096 0 0.9109589 0 0.130137 0 0.1369863 0 0.9041096 0 0.130137 0 0.1369863 0 0.8972603 0 0.9041096 0 0.1369863 0 0.890411 0 0.8972603 0 0.1369863 0 0.8835617 0 0.890411 0 0.1438356 0 0.8835617 0 0.1369863 0 0.1438356 0 0.8767123 0 0.8835617 0 0.1438356 0 0.869863 0 0.8767123 0 0.1438356 0 0.8630137 0 0.869863 0 0.1506849 0 0.8630137 0 0.1438356 0 0.1506849 0 0.8561644 0 0.8630137 0 0.1506849 0 0.8493151 0 0.8561644 0 0.1575342 0 0.8493151 0 0.1506849 0 0.1575342 0 0.8424658 0 0.8493151 0 0.1575342 0 0.8356164 0 0.8424658 0 0.1643835 0 0.8356164 0 0.1575342 0 0.1643835 0 0.8287671 0 0.8356164 0 0.1643835 0 0.8219178 0 0.8287671 0 0.1712328 0 0.8219178 0 0.1643835 0 0.1712328 0 0.8150685 0 0.8219178 0 0.1780822 0 0.8150685 0 0.1712328 0 0.1780822 0 0.8082192 0 0.8150685 0 0.1849315 0 0.8082192 0 0.1780822 0 0.1849315 0 0.8013699 0 0.8082192 0 0.1917808 0 0.8013699 0 0.1849315 0 0.1917808 0 0.7945206 0 0.8013699 0 0.1986301 0 0.7945206 0 0.1917808 0 0.1986301 0 0.7876712 0 0.7945206 0 0.1986301 0 0.7808219 0 0.7876712 0 0.2054795 0 0.7808219 0 0.1986301 0 0.2054795 0 0.7739726 0 0.7808219 0 0.2123287 0 0.7739726 0 0.2054795 0 0.2123287 0 0.7671233 0 0.7739726 0 0.2123287 0 0.760274 0 0.7671233 0 0.2123287 0 0.7534247 0 0.760274 0 0.219178 0 0.7534247 0 0.2123287 0 0.219178 0 0.7465754 0 0.7534247 0 0.219178 0 0.739726 0 0.7465754 0 0.2260274 0 0.739726 0 0.219178 0 0.2328767 0 0.739726 0 0.2260274 0 0.239726 0 0.739726 0 0.2328767 0 0.2465753 0 0.739726 0 0.239726 0 0.2534247 0 0.739726 0 0.2465753 0 0.2602739 0 0.739726 0 0.2534247 0 0.2671233 0 0.739726 0 0.2602739 0 0.2739726 0 0.739726 0 0.2671233 0 0.7328767 0 0.739726 0 0.2739726 0 0.2808219 0 0.7328767 0 0.2739726 0 0.2808219 0 0.7260274 0 0.7328767 0 0.2808219 0 0.7191781 0 0.7260274 0 0.2808219 0 0.7123288 0 0.7191781 0 0.2876712 0 0.7123288 0 0.2808219 0 0.2876712 0 0.7054795 0 0.7123288 0 0.2876712 0 0.6986302 0 0.7054795 0 0.2945206 0 0.6986302 0 0.2876712 0 0.2945206 0 0.6917808 0 0.6986302 0 0.3013699 0 0.6917808 0 0.2945206 0 0.3013699 0 0.6849315 0 0.6917808 0 0.3013699 0 0.6780822 0 0.6849315 0 0.3082191 0 0.6780822 0 0.3013699 0 0.3082191 0 0.6712329 0 0.6780822 0 0.3150685 0 0.6712329 0 0.3082191 0 0.3150685 0 0.6643836 0 0.6712329 0 0.3219178 0 0.6643836 0 0.3150685 0 0.3219178 0 0.6575343 0 0.6643836 0 0.3287671 0 0.6575343 0 0.3219178 0 0.3287671 0 0.650685 0 0.6575343 0 0.3287671 0 0.6438356 0 0.650685 0 0.3356164 0 0.6438356 0 0.3287671 0 0.3356164 0 0.6369863 0 0.6438356 0 0.3356164 0 0.630137 0 0.6369863 0 0.3424658 0 0.630137 0 0.3356164 0 0.5 0 0.4863014 0 0.4931507 0 0.3424658 0 0.6232877 0 0.630137 0 0.5068493 0 0.4863014 0 0.5 0 0.3424658 0 0.6164383 0 0.6232877 0 0.5136986 0 0.4863014 0 0.5068493 0 0.3493151 0 0.6164383 0 0.3424658 0 0.3493151 0 0.609589 0 0.6164383 0 0.5205479 0 0.4863014 0 0.5136986 0 0.5273973 0 0.4863014 0 0.5205479 0 0.3493151 0 0.6027398 0 0.609589 0 0.5342466 0 0.4863014 0 0.5273973 0 0.3493151 0 0.5958904 0 0.6027398 0 0.5410959 0 0.4863014 0 0.5342466 0 0.5479452 0 0.4863014 0 0.5410959 0 0.3493151 0 0.5890411 0 0.5958904 0 0.3561644 0 0.5890411 0 0.3493151 0 0.5547946 0 0.4863014 0 0.5479452 0 0.3561644 0 0.5821918 0 0.5890411 0 0.5616438 0 0.4863014 0 0.5547946 0 0.5684931 0 0.4863014 0 0.5616438 0 0.3561644 0 0.5753425 0 0.5821918 0 0.5753425 0 0.4863014 0 0.5684931 0 0.3561644 0 0.4863014 0 0.5753425 0 0.3630137 0 0.4863014 0 0.3561644 0 0.369863 0 0.4863014 0 0.3630137 0 0.3767123 0 0.4863014 0 0.369863 0 0.3767123 0 0.479452 0 0.4863014 0 0.3767123 0 0.4726027 0 0.479452 0 0.3767123 0 0.4657534 0 0.4726027 0 0.3835616 0 0.4657534 0 0.3767123 0 0.3835616 0 0.4589041 0 0.4657534 0 0.3835616 0 0.4520548 0 0.4589041 0 0.390411 0 0.4520548 0 0.3835616 0 0.390411 0 0.4452055 0 0.4520548 0 0.390411 0 0.4383562 0 0.4452055 0 0.390411 0 0.4315068 0 0.4383562 0 0.3972603 0 0.4315068 0 0.390411 0 0.3972603 0 0.4246575 0 0.4315068 0 0.3972603 0 0.4178082 0 0.4246575 0 0.4041096 0 0.4178082 0 0.3972603 0 0.4041096 0 0.4109589 0 0.4178082 0 0.006802678 1 0 0 0 1 0.01360541 1 0.006802678 0 0.006802678 1 0.02040815 1 0.01360541 0 0.01360541 1 0.02721083 1 0.02040815 0 0.02040815 1 0.03401356 1 0.02721083 0 0.02721083 1 0.0408163 1 0.03401356 0 0.03401356 1 0.04761904 1 0.0408163 0 0.0408163 1 0.05442172 1 0.04761904 0 0.04761904 1 0.06122446 1 0.05442172 0 0.05442172 1 0.06802719 1 0.06122446 0 0.06122446 1 0.07482993 1 0.06802719 0 0.06802719 1 0.08163261 1 0.07482993 0 0.07482993 1 0.08843535 1 0.08163261 0 0.08163261 1 0.09523808 1 0.08843535 0 0.08843535 1 0.1020408 1 0.09523808 0 0.09523808 1 0.1088435 1 0.1020408 0 0.1020408 1 0.1156463 1 0.1088435 0 0.1088435 1 0.1224489 1 0.1156463 0 0.1156463 1 0.1292517 1 0.1224489 0 0.1224489 1 0.1360544 1 0.1292517 0 0.1292517 1 0.1428571 1 0.1360544 0 0.1360544 1 0.1496598 1 0.1428571 0 0.1428571 1 0.1564626 1 0.1496598 0 0.1496598 1 0.1632653 1 0.1564626 0 0.1564626 1 0.170068 1 0.1632653 0 0.1632653 1 0.1768707 1 0.170068 0 0.170068 1 0.1836735 1 0.1768707 0 0.1768707 1 0.1904762 1 0.1836735 0 0.1836735 1 0.1972789 1 0.1904762 0 0.1904762 1 0.2040816 1 0.1972789 0 0.1972789 1 0.2108843 1 0.2040816 0 0.2040816 1 0.217687 1 0.2108843 0 0.2108843 1 0.2244898 1 0.217687 0 0.217687 1 0.2312925 1 0.2244898 0 0.2244898 1 0.2380952 1 0.2312925 0 0.2312925 1 0.2448979 1 0.2380952 0 0.2380952 1 0.2517006 1 0.2448979 0 0.2448979 1 0.2585034 1 0.2517006 0 0.2517006 1 0.2653061 1 0.2585034 0 0.2585034 1 0.2721089 1 0.2653061 0 0.2653061 1 0.2789115 1 0.2721089 0 0.2721089 1 0.2857143 1 0.2789115 0 0.2789115 1 0.292517 1 0.2857143 0 0.2857143 1 0.2993197 1 0.292517 0 0.292517 1 0.3061224 1 0.2993197 0 0.2993197 1 0.3129252 1 0.3061224 0 0.3061224 1 0.3197279 1 0.3129252 0 0.3129252 1 0.3265306 1 0.3197279 0 0.3197279 1 0.3333333 1 0.3265306 0 0.3265306 1 0.3401361 1 0.3333333 0 0.3333333 1 0.3469388 1 0.3401361 0 0.3401361 1 0.3537415 1 0.3469388 0 0.3469388 1 0.3605442 1 0.3537415 0 0.3537415 1 0.367347 1 0.3605442 0 0.3605442 1 0.3741496 1 0.367347 0 0.367347 1 0.3809524 1 0.3741496 0 0.3741496 1 0.3877551 1 0.3809524 0 0.3809524 1 0.3945578 1 0.3877551 0 0.3877551 1 0.4013605 1 0.3945578 0 0.3945578 1 0.4081633 1 0.4013605 0 0.4013605 1 0.414966 1 0.4081633 0 0.4081633 1 0.4217687 1 0.414966 0 0.414966 1 0.4285714 1 0.4217687 0 0.4217687 1 0.4353742 1 0.4285714 0 0.4285714 1 0.4421769 1 0.4353742 0 0.4353742 1 0.4489796 1 0.4421769 0 0.4421769 1 0.4557823 1 0.4489796 0 0.4489796 1 0.462585 1 0.4557823 0 0.4557823 1 0.4693878 1 0.462585 0 0.462585 1 0.4761905 1 0.4693878 0 0.4693878 1 0.4829932 1 0.4761905 0 0.4761905 1 0.4897959 1 0.4829932 0 0.4829932 1 0.4965986 1 0.4897959 0 0.4897959 1 0.5034013 1 0.4965986 0 0.4965986 1 0.5102041 1 0.5034013 0 0.5034013 1 0.5170068 1 0.5102041 0 0.5102041 1 0.5238096 1 0.5170068 0 0.5170068 1 0.5306122 1 0.5238096 0 0.5238096 1 0.537415 1 0.5306122 0 0.5306122 1 0.5442177 1 0.537415 0 0.537415 1 0.5510204 1 0.5442177 0 0.5442177 1 0.5578231 1 0.5510204 0 0.5510204 1 0.5646259 1 0.5578231 0 0.5578231 1 0.5714286 1 0.5646259 0 0.5646259 1 0.5782313 1 0.5714286 0 0.5714286 1 0.585034 1 0.5782313 0 0.5782313 1 0.5918368 1 0.585034 0 0.585034 1 0.5986394 1 0.5918368 0 0.5918368 1 0.6054422 1 0.5986394 0 0.5986394 1 0.6122449 1 0.6054422 0 0.6054422 1 0.6190477 1 0.6122449 0 0.6122449 1 0.6258503 1 0.6190477 0 0.6190477 1 0.6326531 1 0.6258503 0 0.6258503 1 0.6394558 1 0.6326531 0 0.6326531 1 0.6462585 1 0.6394558 0 0.6394558 1 0.6530612 1 0.6462585 0 0.6462585 1 0.659864 1 0.6530612 0 0.6530612 1 0.6666667 1 0.659864 0 0.659864 1 0.6734694 1 0.6666667 0 0.6666667 1 0.6802721 1 0.6734694 0 0.6734694 1 0.6870748 1 0.6802721 0 0.6802721 1 0.6938776 1 0.6870748 0 0.6870748 1 0.7006803 1 0.6938776 0 0.6938776 1 0.707483 1 0.7006803 0 0.7006803 1 0.7142857 1 0.707483 0 0.707483 1 0.7210884 1 0.7142857 0 0.7142857 1 0.7278912 1 0.7210884 0 0.7210884 1 0.7346939 1 0.7278912 0 0.7278912 1 0.7414966 1 0.7346939 0 0.7346939 1 0.7482993 1 0.7414966 0 0.7414966 1 0.755102 1 0.7482993 0 0.7482993 1 0.7619048 1 0.755102 0 0.755102 1 0.7687075 1 0.7619048 0 0.7619048 1 0.7755102 1 0.7687075 0 0.7687075 1 0.7823129 1 0.7755102 0 0.7755102 1 0.7891157 1 0.7823129 0 0.7823129 1 0.7959184 1 0.7891157 0 0.7891157 1 0.8027211 1 0.7959184 0 0.7959184 1 0.8095238 1 0.8027211 0 0.8027211 1 0.8163266 1 0.8095238 0 0.8095238 1 0.8231292 1 0.8163266 0 0.8163266 1 0.829932 1 0.8231292 0 0.8231292 1 0.8367347 1 0.829932 0 0.829932 1 0.8435374 1 0.8367347 0 0.8367347 1 0.8503401 1 0.8435374 0 0.8435374 1 0.8571429 1 0.8503401 0 0.8503401 1 0.8639456 1 0.8571429 0 0.8571429 1 0.8707483 1 0.8639456 0 0.8639456 1 0.877551 1 0.8707483 0 0.8707483 1 0.8843538 1 0.877551 0 0.877551 1 0.8911564 1 0.8843538 0 0.8843538 1 0.8979592 1 0.8911564 0 0.8911564 1 0.9047619 1 0.8979592 0 0.8979592 1 0.9115647 1 0.9047619 0 0.9047619 1 0.9183673 1 0.9115647 0 0.9115647 1 0.9251701 1 0.9183673 0 0.9183673 1 0.9319728 1 0.9251701 0 0.9251701 1 0.9387755 1 0.9319728 0 0.9319728 1 0.9455782 1 0.9387755 0 0.9387755 1 0.952381 1 0.9455782 0 0.9455782 1 0.9591837 1 0.952381 0 0.952381 1 0.9659864 1 0.9591837 0 0.9591837 1 0.9727891 1 0.9659864 0 0.9659864 1 0.9795919 1 0.9727891 0 0.9727891 1 0.9863946 1 0.9795919 0 0.9795919 1 0.9931973 1 0.9863946 0 0.9863946 1 1 1 0.9931973 0 0.9931973 1 0.02083331 1 0 0 0 1 0.04166662 1 0.02083331 0 0.02083331 1 0.0625 1 0.04166662 0 0.04166662 1 0.08333331 1 0.0625 0 0.0625 1 0.1041666 1 0.08333331 0 0.08333331 1 0.125 1 0.1041666 0 0.1041666 1 0.1458333 1 0.125 0 0.125 1 0.1666666 1 0.1458333 0 0.1458333 1 0.1875 1 0.1666666 0 0.1666666 1 0.2083333 1 0.1875 0 0.1875 1 0.2291666 1 0.2083333 0 0.2083333 1 0.25 1 0.2291666 0 0.2291666 1 0.2708333 1 0.25 0 0.25 1 0.2916666 1 0.2708333 0 0.2708333 1 0.3125 1 0.2916666 0 0.2916666 1 0.3333333 1 0.3125 0 0.3125 1 0.3541666 1 0.3333333 0 0.3333333 1 0.375 1 0.3541666 0 0.3541666 1 0.3958333 1 0.375 0 0.375 1 0.4166666 1 0.3958333 0 0.3958333 1 0.4375 1 0.4166666 0 0.4166666 1 0.4583333 1 0.4375 0 0.4375 1 0.4791666 1 0.4583333 0 0.4583333 1 0.5 1 0.4791666 0 0.4791666 1 0.5208333 1 0.5 0 0.5 1 0.5416667 1 0.5208333 0 0.5208333 1 0.5625 1 0.5416667 0 0.5416667 1 0.5833333 1 0.5625 0 0.5625 1 0.6041667 1 0.5833333 0 0.5833333 1 0.625 1 0.6041667 0 0.6041667 1 0.6458333 1 0.625 0 0.625 1 0.6666667 1 0.6458333 0 0.6458333 1 0.6875 1 0.6666667 0 0.6666667 1 0.7083333 1 0.6875 0 0.6875 1 0.7291667 1 0.7083333 0 0.7083333 1 0.75 1 0.7291667 0 0.7291667 1 0.7708333 1 0.75 0 0.75 1 0.7916667 1 0.7708333 0 0.7708333 1 0.8125 1 0.7916667 0 0.7916667 1 0.8333333 1 0.8125 0 0.8125 1 0.8541667 1 0.8333333 0 0.8333333 1 0.875 1 0.8541667 0 0.8541667 1 0.8958333 1 0.875 0 0.875 1 0.9166667 1 0.8958333 0 0.8958333 1 0.9375 1 0.9166667 0 0.9166667 1 0.9583333 1 0.9375 0 0.9375 1 0.9791667 1 0.9583333 0 0.9583333 1 1 1 0.9791667 0 0.9791667 1 0.02083331 1 0 0 0 1 0.04166662 1 0.02083331 0 0.02083331 1 0.0625 1 0.04166662 0 0.04166662 1 0.08333331 1 0.0625 0 0.0625 1 0.1041666 1 0.08333331 0 0.08333331 1 0.125 1 0.1041666 0 0.1041666 1 0.1458333 1 0.125 0 0.125 1 0.1666666 1 0.1458333 0 0.1458333 1 0.1875 1 0.1666666 0 0.1666666 1 0.2083333 1 0.1875 0 0.1875 1 0.2291666 1 0.2083333 0 0.2083333 1 0.25 1 0.2291666 0 0.2291666 1 0.2708333 1 0.25 0 0.25 1 0.2916666 1 0.2708333 0 0.2708333 1 0.3125 1 0.2916666 0 0.2916666 1 0.3333333 1 0.3125 0 0.3125 1 0.3541666 1 0.3333333 0 0.3333333 1 0.375 1 0.3541666 0 0.3541666 1 0.3958333 1 0.375 0 0.375 1 0.4166666 1 0.3958333 0 0.3958333 1 0.4375 1 0.4166666 0 0.4166666 1 0.4583333 1 0.4375 0 0.4375 1 0.4791666 1 0.4583333 0 0.4583333 1 0.5 1 0.4791666 0 0.4791666 1 0.5208333 1 0.5 0 0.5 1 0.5416667 1 0.5208333 0 0.5208333 1 0.5625 1 0.5416667 0 0.5416667 1 0.5833333 1 0.5625 0 0.5625 1 0.6041667 1 0.5833333 0 0.5833333 1 0.625 1 0.6041667 0 0.6041667 1 0.6458333 1 0.625 0 0.625 1 0.6666667 1 0.6458333 0 0.6458333 1 0.6875 1 0.6666667 0 0.6666667 1 0.7083333 1 0.6875 0 0.6875 1 0.7291667 1 0.7083333 0 0.7083333 1 0.75 1 0.7291667 0 0.7291667 1 0.7708333 1 0.75 0 0.75 1 0.7916667 1 0.7708333 0 0.7708333 1 0.8125 1 0.7916667 0 0.7916667 1 0.8333333 1 0.8125 0 0.8125 1 0.8541667 1 0.8333333 0 0.8333333 1 0.875 1 0.8541667 0 0.8541667 1 0.8958333 1 0.875 0 0.875 1 0.9166667 1 0.8958333 0 0.8958333 1 0.9375 1 0.9166667 0 0.9166667 1 0.9583333 1 0.9375 0 0.9375 1 0.9791667 1 0.9583333 0 0.9583333 1 1 1 0.9791667 0 0.9791667 1 0.006802678 1 0.006802678 0 0 0 0.01360541 1 0.01360541 0 0.006802678 0 0.02040815 1 0.02040815 0 0.01360541 0 0.02721083 1 0.02721083 0 0.02040815 0 0.03401356 1 0.03401356 0 0.02721083 0 0.0408163 1 0.0408163 0 0.03401356 0 0.04761904 1 0.04761904 0 0.0408163 0 0.05442172 1 0.05442172 0 0.04761904 0 0.06122446 1 0.06122446 0 0.05442172 0 0.06802719 1 0.06802719 0 0.06122446 0 0.07482993 1 0.07482993 0 0.06802719 0 0.08163261 1 0.08163261 0 0.07482993 0 0.08843535 1 0.08843535 0 0.08163261 0 0.09523808 1 0.09523808 0 0.08843535 0 0.1020408 1 0.1020408 0 0.09523808 0 0.1088435 1 0.1088435 0 0.1020408 0 0.1156463 1 0.1156463 0 0.1088435 0 0.1224489 1 0.1224489 0 0.1156463 0 0.1292517 1 0.1292517 0 0.1224489 0 0.1360544 1 0.1360544 0 0.1292517 0 0.1428571 1 0.1428571 0 0.1360544 0 0.1496598 1 0.1496598 0 0.1428571 0 0.1564626 1 0.1564626 0 0.1496598 0 0.1632653 1 0.1632653 0 0.1564626 0 0.170068 1 0.170068 0 0.1632653 0 0.1768707 1 0.1768707 0 0.170068 0 0.1836735 1 0.1836735 0 0.1768707 0 0.1904762 1 0.1904762 0 0.1836735 0 0.1972789 1 0.1972789 0 0.1904762 0 0.2040816 1 0.2040816 0 0.1972789 0 0.2108843 1 0.2108843 0 0.2040816 0 0.217687 1 0.217687 0 0.2108843 0 0.2244898 1 0.2244898 0 0.217687 0 0.2312925 1 0.2312925 0 0.2244898 0 0.2380952 1 0.2380952 0 0.2312925 0 0.2448979 1 0.2448979 0 0.2380952 0 0.2517006 1 0.2517006 0 0.2448979 0 0.2585034 1 0.2585034 0 0.2517006 0 0.2653061 1 0.2653061 0 0.2585034 0 0.2721089 1 0.2721089 0 0.2653061 0 0.2789115 1 0.2789115 0 0.2721089 0 0.2857143 1 0.2857143 0 0.2789115 0 0.292517 1 0.292517 0 0.2857143 0 0.2993197 1 0.2993197 0 0.292517 0 0.3061224 1 0.3061224 0 0.2993197 0 0.3129252 1 0.3129252 0 0.3061224 0 0.3197279 1 0.3197279 0 0.3129252 0 0.3265306 1 0.3265306 0 0.3197279 0 0.3333333 1 0.3333333 0 0.3265306 0 0.3401361 1 0.3401361 0 0.3333333 0 0.3469388 1 0.3469388 0 0.3401361 0 0.3537415 1 0.3537415 0 0.3469388 0 0.3605442 1 0.3605442 0 0.3537415 0 0.367347 1 0.367347 0 0.3605442 0 0.3741496 1 0.3741496 0 0.367347 0 0.3809524 1 0.3809524 0 0.3741496 0 0.3877551 1 0.3877551 0 0.3809524 0 0.3945578 1 0.3945578 0 0.3877551 0 0.4013605 1 0.4013605 0 0.3945578 0 0.4081633 1 0.4081633 0 0.4013605 0 0.414966 1 0.414966 0 0.4081633 0 0.4217687 1 0.4217687 0 0.414966 0 0.4285714 1 0.4285714 0 0.4217687 0 0.4353742 1 0.4353742 0 0.4285714 0 0.4421769 1 0.4421769 0 0.4353742 0 0.4489796 1 0.4489796 0 0.4421769 0 0.4557823 1 0.4557823 0 0.4489796 0 0.462585 1 0.462585 0 0.4557823 0 0.4693878 1 0.4693878 0 0.462585 0 0.4761905 1 0.4761905 0 0.4693878 0 0.4829932 1 0.4829932 0 0.4761905 0 0.4897959 1 0.4897959 0 0.4829932 0 0.4965986 1 0.4965986 0 0.4897959 0 0.5034013 1 0.5034013 0 0.4965986 0 0.5102041 1 0.5102041 0 0.5034013 0 0.5170068 1 0.5170068 0 0.5102041 0 0.5238096 1 0.5238096 0 0.5170068 0 0.5306122 1 0.5306122 0 0.5238096 0 0.537415 1 0.537415 0 0.5306122 0 0.5442177 1 0.5442177 0 0.537415 0 0.5510204 1 0.5510204 0 0.5442177 0 0.5578231 1 0.5578231 0 0.5510204 0 0.5646259 1 0.5646259 0 0.5578231 0 0.5714286 1 0.5714286 0 0.5646259 0 0.5782313 1 0.5782313 0 0.5714286 0 0.585034 1 0.585034 0 0.5782313 0 0.5918368 1 0.5918368 0 0.585034 0 0.5986394 1 0.5986394 0 0.5918368 0 0.6054422 1 0.6054422 0 0.5986394 0 0.6122449 1 0.6122449 0 0.6054422 0 0.6190477 1 0.6190477 0 0.6122449 0 0.6258503 1 0.6258503 0 0.6190477 0 0.6326531 1 0.6326531 0 0.6258503 0 0.6394558 1 0.6394558 0 0.6326531 0 0.6462585 1 0.6462585 0 0.6394558 0 0.6530612 1 0.6530612 0 0.6462585 0 0.659864 1 0.659864 0 0.6530612 0 0.6666667 1 0.6666667 0 0.659864 0 0.6734694 1 0.6734694 0 0.6666667 0 0.6802721 1 0.6802721 0 0.6734694 0 0.6870748 1 0.6870748 0 0.6802721 0 0.6938776 1 0.6938776 0 0.6870748 0 0.7006803 1 0.7006803 0 0.6938776 0 0.707483 1 0.707483 0 0.7006803 0 0.7142857 1 0.7142857 0 0.707483 0 0.7210884 1 0.7210884 0 0.7142857 0 0.7278912 1 0.7278912 0 0.7210884 0 0.7346939 1 0.7346939 0 0.7278912 0 0.7414966 1 0.7414966 0 0.7346939 0 0.7482993 1 0.7482993 0 0.7414966 0 0.755102 1 0.755102 0 0.7482993 0 0.7619048 1 0.7619048 0 0.755102 0 0.7687075 1 0.7687075 0 0.7619048 0 0.7755102 1 0.7755102 0 0.7687075 0 0.7823129 1 0.7823129 0 0.7755102 0 0.7891157 1 0.7891157 0 0.7823129 0 0.7959184 1 0.7959184 0 0.7891157 0 0.8027211 1 0.8027211 0 0.7959184 0 0.8095238 1 0.8095238 0 0.8027211 0 0.8163266 1 0.8163266 0 0.8095238 0 0.8231292 1 0.8231292 0 0.8163266 0 0.829932 1 0.829932 0 0.8231292 0 0.8367347 1 0.8367347 0 0.829932 0 0.8435374 1 0.8435374 0 0.8367347 0 0.8503401 1 0.8503401 0 0.8435374 0 0.8571429 1 0.8571429 0 0.8503401 0 0.8639456 1 0.8639456 0 0.8571429 0 0.8707483 1 0.8707483 0 0.8639456 0 0.877551 1 0.877551 0 0.8707483 0 0.8843538 1 0.8843538 0 0.877551 0 0.8911564 1 0.8911564 0 0.8843538 0 0.8979592 1 0.8979592 0 0.8911564 0 0.9047619 1 0.9047619 0 0.8979592 0 0.9115647 1 0.9115647 0 0.9047619 0 0.9183673 1 0.9183673 0 0.9115647 0 0.9251701 1 0.9251701 0 0.9183673 0 0.9319728 1 0.9319728 0 0.9251701 0 0.9387755 1 0.9387755 0 0.9319728 0 0.9455782 1 0.9455782 0 0.9387755 0 0.952381 1 0.952381 0 0.9455782 0 0.9591837 1 0.9591837 0 0.952381 0 0.9659864 1 0.9659864 0 0.9591837 0 0.9727891 1 0.9727891 0 0.9659864 0 0.9795919 1 0.9795919 0 0.9727891 0 0.9863946 1 0.9863946 0 0.9795919 0 0.9931973 1 0.9931973 0 0.9863946 0 1 1 1 0 0.9931973 0 0.02083331 1 0.02083331 0 0 0 0.04166662 1 0.04166662 0 0.02083331 0 0.0625 1 0.0625 0 0.04166662 0 0.08333331 1 0.08333331 0 0.0625 0 0.1041666 1 0.1041666 0 0.08333331 0 0.125 1 0.125 0 0.1041666 0 0.1458333 1 0.1458333 0 0.125 0 0.1666666 1 0.1666666 0 0.1458333 0 0.1875 1 0.1875 0 0.1666666 0 0.2083333 1 0.2083333 0 0.1875 0 0.2291666 1 0.2291666 0 0.2083333 0 0.25 1 0.25 0 0.2291666 0 0.2708333 1 0.2708333 0 0.25 0 0.2916666 1 0.2916666 0 0.2708333 0 0.3125 1 0.3125 0 0.2916666 0 0.3333333 1 0.3333333 0 0.3125 0 0.3541666 1 0.3541666 0 0.3333333 0 0.375 1 0.375 0 0.3541666 0 0.3958333 1 0.3958333 0 0.375 0 0.4166666 1 0.4166666 0 0.3958333 0 0.4375 1 0.4375 0 0.4166666 0 0.4583333 1 0.4583333 0 0.4375 0 0.4791666 1 0.4791666 0 0.4583333 0 0.5 1 0.5 0 0.4791666 0 0.5208333 1 0.5208333 0 0.5 0 0.5416667 1 0.5416667 0 0.5208333 0 0.5625 1 0.5625 0 0.5416667 0 0.5833333 1 0.5833333 0 0.5625 0 0.6041667 1 0.6041667 0 0.5833333 0 0.625 1 0.625 0 0.6041667 0 0.6458333 1 0.6458333 0 0.625 0 0.6666667 1 0.6666667 0 0.6458333 0 0.6875 1 0.6875 0 0.6666667 0 0.7083333 1 0.7083333 0 0.6875 0 0.7291667 1 0.7291667 0 0.7083333 0 0.75 1 0.75 0 0.7291667 0 0.7708333 1 0.7708333 0 0.75 0 0.7916667 1 0.7916667 0 0.7708333 0 0.8125 1 0.8125 0 0.7916667 0 0.8333333 1 0.8333333 0 0.8125 0 0.8541667 1 0.8541667 0 0.8333333 0 0.875 1 0.875 0 0.8541667 0 0.8958333 1 0.8958333 0 0.875 0 0.9166667 1 0.9166667 0 0.8958333 0 0.9375 1 0.9375 0 0.9166667 0 0.9583333 1 0.9583333 0 0.9375 0 0.9791667 1 0.9791667 0 0.9583333 0 1 1 1 0 0.9791667 0 0.02083331 1 0.02083331 0 0 0 0.04166662 1 0.04166662 0 0.02083331 0 0.0625 1 0.0625 0 0.04166662 0 0.08333331 1 0.08333331 0 0.0625 0 0.1041666 1 0.1041666 0 0.08333331 0 0.125 1 0.125 0 0.1041666 0 0.1458333 1 0.1458333 0 0.125 0 0.1666666 1 0.1666666 0 0.1458333 0 0.1875 1 0.1875 0 0.1666666 0 0.2083333 1 0.2083333 0 0.1875 0 0.2291666 1 0.2291666 0 0.2083333 0 0.25 1 0.25 0 0.2291666 0 0.2708333 1 0.2708333 0 0.25 0 0.2916666 1 0.2916666 0 0.2708333 0 0.3125 1 0.3125 0 0.2916666 0 0.3333333 1 0.3333333 0 0.3125 0 0.3541666 1 0.3541666 0 0.3333333 0 0.375 1 0.375 0 0.3541666 0 0.3958333 1 0.3958333 0 0.375 0 0.4166666 1 0.4166666 0 0.3958333 0 0.4375 1 0.4375 0 0.4166666 0 0.4583333 1 0.4583333 0 0.4375 0 0.4791666 1 0.4791666 0 0.4583333 0 0.5 1 0.5 0 0.4791666 0 0.5208333 1 0.5208333 0 0.5 0 0.5416667 1 0.5416667 0 0.5208333 0 0.5625 1 0.5625 0 0.5416667 0 0.5833333 1 0.5833333 0 0.5625 0 0.6041667 1 0.6041667 0 0.5833333 0 0.625 1 0.625 0 0.6041667 0 0.6458333 1 0.6458333 0 0.625 0 0.6666667 1 0.6666667 0 0.6458333 0 0.6875 1 0.6875 0 0.6666667 0 0.7083333 1 0.7083333 0 0.6875 0 0.7291667 1 0.7291667 0 0.7083333 0 0.75 1 0.75 0 0.7291667 0 0.7708333 1 0.7708333 0 0.75 0 0.7916667 1 0.7916667 0 0.7708333 0 0.8125 1 0.8125 0 0.7916667 0 0.8333333 1 0.8333333 0 0.8125 0 0.8541667 1 0.8541667 0 0.8333333 0 0.875 1 0.875 0 0.8541667 0 0.8958333 1 0.8958333 0 0.875 0 0.9166667 1 0.9166667 0 0.8958333 0 0.9375 1 0.9375 0 0.9166667 0 0.9583333 1 0.9583333 0 0.9375 0 0.9791667 1 0.9791667 0 0.9583333 0 1 1 1 0 0.9791667 0</float_array>
          <technique_common>
            <accessor source="#_0-mesh-map-0-array" count="2904" stride="2">
              <param name="S" type="float"/>
              <param name="T" type="float"/>
            </accessor>
          </technique_common>
        </source>
        <vertices id="_0-mesh-vertices">
          <input semantic="POSITION" source="#_0-mesh-positions"/>
        </vertices>
        <triangles material="siyah-material" count="968">
          <input semantic="VERTEX" source="#_0-mesh-vertices" offset="0"/>
          <input semantic="NORMAL" source="#_0-mesh-normals" offset="1"/>
          <input semantic="TEXCOORD" source="#_0-mesh-map-0" offset="2" set="0"/>
          <p>22 0 0 24 0 1 23 0 2 21 1 3 24 1 4 22 1 5 21 2 6 25 2 7 24 2 8 20 3 9 25 3 10 21 3 11 20 2 12 26 2 13 25 2 14 19 2 15 26 2 16 20 2 17 19 2 18 27 2 19 26 2 20 18 2 21 27 2 22 19 2 23 18 2 24 28 2 25 27 2 26 17 2 27 28 2 28 18 2 29 17 2 30 95 2 31 28 2 32 95 2 33 29 2 34 28 2 35 17 2 36 48 2 37 95 2 38 94 2 39 29 2 40 95 2 41 17 2 42 49 2 43 48 2 44 93 4 45 29 4 46 94 4 47 16 2 48 49 2 49 17 2 50 93 2 51 30 2 52 29 2 53 16 5 54 50 5 55 49 5 56 92 2 57 30 2 58 93 2 59 16 2 60 51 2 61 50 2 62 91 2 63 30 2 64 92 2 65 16 2 66 52 2 67 51 2 68 90 2 69 30 2 70 91 2 71 15 6 72 52 6 73 16 6 74 90 2 75 31 2 76 30 2 77 15 2 78 53 2 79 52 2 80 89 2 81 31 2 82 90 2 83 15 2 84 54 2 85 53 2 86 88 7 87 31 7 88 89 7 89 14 8 90 54 8 91 15 8 92 88 9 93 32 9 94 31 9 95 14 2 96 55 2 97 54 2 98 87 2 99 32 2 100 88 2 101 13 10 102 55 10 103 14 10 104 87 2 105 33 2 106 32 2 107 13 11 108 56 11 109 55 11 110 86 12 111 33 12 112 87 12 113 13 2 114 57 2 115 56 2 116 85 2 117 33 2 118 86 2 119 12 2 120 57 2 121 13 2 122 85 2 123 34 2 124 33 2 125 12 2 126 58 2 127 57 2 128 84 2 129 34 2 130 85 2 131 11 13 132 58 13 133 12 13 134 84 2 135 35 2 136 34 2 137 11 2 138 59 2 139 58 2 140 83 2 141 35 2 142 84 2 143 10 2 144 59 2 145 11 2 146 10 2 147 60 2 148 59 2 149 82 2 150 35 2 151 83 2 152 82 2 153 36 2 154 35 2 155 10 2 156 61 2 157 60 2 158 81 14 159 36 14 160 82 14 161 9 2 162 61 2 163 10 2 164 81 15 165 37 15 166 36 15 167 9 2 168 62 2 169 61 2 170 80 16 171 37 16 172 81 16 173 8 2 174 62 2 175 9 2 176 80 2 177 38 2 178 37 2 179 8 2 180 63 2 181 62 2 182 79 2 183 38 2 184 80 2 185 8 2 186 64 2 187 63 2 188 78 17 189 38 17 190 79 17 191 7 2 192 64 2 193 8 2 194 78 18 195 39 18 196 38 18 197 7 2 198 65 2 199 64 2 200 77 2 201 39 2 202 78 2 203 6 19 204 65 19 205 7 19 206 77 2 207 40 2 208 39 2 209 6 2 210 66 2 211 65 2 212 76 2 213 40 2 214 77 2 215 6 2 216 67 2 217 66 2 218 75 2 219 40 2 220 76 2 221 5 20 222 67 20 223 6 20 224 75 21 225 41 21 226 40 21 227 5 22 228 68 22 229 67 22 230 74 2 231 41 2 232 75 2 233 5 23 234 69 23 235 68 23 236 73 2 237 41 2 238 74 2 239 5 2 240 70 2 241 69 2 242 72 2 243 41 2 244 73 2 245 4 24 246 70 24 247 5 24 248 72 2 249 42 2 250 41 2 251 71 2 252 42 2 253 72 2 254 4 25 255 71 25 256 70 25 257 4 2 258 42 2 259 71 2 260 3 2 261 42 2 262 4 2 263 3 2 264 43 2 265 42 2 266 2 26 267 43 26 268 3 26 269 2 27 270 44 27 271 43 27 272 1 28 273 44 28 274 2 28 275 1 2 276 45 2 277 44 2 278 0 29 279 45 29 280 1 29 281 0 30 282 46 30 283 45 30 284 47 31 285 46 31 286 0 31 287 106 2 288 108 2 289 107 2 290 105 2 291 108 2 292 106 2 293 104 32 294 108 32 295 105 32 296 104 2 297 109 2 298 108 2 299 103 33 300 109 33 301 104 33 302 102 2 303 109 2 304 103 2 305 101 34 306 109 34 307 102 34 308 101 35 309 110 35 310 109 35 311 100 2 312 110 2 313 101 2 314 99 2 315 110 2 316 100 2 317 98 36 318 110 36 319 99 36 320 98 2 321 111 2 322 110 2 323 97 2 324 111 2 325 98 2 326 96 37 327 111 37 328 97 37 329 96 2 330 112 2 331 111 2 332 242 2 333 112 2 334 96 2 335 241 2 336 240 2 337 242 2 338 240 2 339 239 2 340 242 2 341 239 2 342 238 2 343 242 2 344 238 2 345 237 2 346 242 2 347 237 38 348 112 38 349 242 38 350 237 39 351 236 39 352 112 39 353 236 2 354 235 2 355 112 2 356 235 40 357 113 40 358 112 40 359 235 2 360 234 2 361 113 2 362 234 2 363 233 2 364 113 2 365 233 41 366 114 41 367 113 41 368 233 42 369 232 42 370 114 42 371 232 2 372 231 2 373 114 2 374 231 43 375 230 43 376 114 43 377 230 2 378 115 2 379 114 2 380 230 2 381 229 2 382 115 2 383 229 2 384 228 2 385 115 2 386 228 2 387 116 2 388 115 2 389 227 2 390 116 2 391 228 2 392 226 2 393 116 2 394 227 2 395 225 2 396 116 2 397 226 2 398 225 2 399 117 2 400 116 2 401 224 2 402 117 2 403 225 2 404 223 2 405 117 2 406 224 2 407 222 2 408 117 2 409 223 2 410 222 2 411 118 2 412 117 2 413 221 44 414 118 44 415 222 44 416 220 45 417 118 45 418 221 45 419 220 46 420 119 46 421 118 46 422 219 2 423 119 2 424 220 2 425 218 2 426 119 2 427 219 2 428 218 2 429 120 2 430 119 2 431 217 2 432 120 2 433 218 2 434 216 47 435 120 47 436 217 47 437 216 2 438 121 2 439 120 2 440 215 2 441 121 2 442 216 2 443 215 2 444 122 2 445 121 2 446 214 48 447 122 48 448 215 48 449 214 2 450 123 2 451 122 2 452 213 2 453 123 2 454 214 2 455 213 2 456 124 2 457 123 2 458 212 2 459 124 2 460 213 2 461 212 49 462 125 49 463 124 49 464 211 2 465 125 2 466 212 2 467 210 2 468 125 2 469 211 2 470 210 2 471 126 2 472 125 2 473 209 2 474 126 2 475 210 2 476 209 2 477 127 2 478 126 2 479 208 2 480 127 2 481 209 2 482 207 2 483 127 2 484 208 2 485 206 2 486 127 2 487 207 2 488 206 2 489 128 2 490 127 2 491 205 2 492 128 2 493 206 2 494 204 50 495 128 50 496 205 50 497 204 2 498 129 2 499 128 2 500 204 51 501 130 51 502 129 51 503 204 52 504 131 52 505 130 52 506 204 53 507 132 53 508 131 53 509 204 54 510 133 54 511 132 54 512 204 55 513 134 55 514 133 55 515 204 56 516 135 56 517 134 56 518 204 2 519 136 2 520 135 2 521 204 57 522 203 57 523 136 57 524 203 2 525 137 2 526 136 2 527 202 2 528 137 2 529 203 2 530 201 58 531 137 58 532 202 58 533 200 2 534 137 2 535 201 2 536 200 2 537 138 2 538 137 2 539 199 2 540 138 2 541 200 2 542 198 59 543 138 59 544 199 59 545 198 2 546 139 2 547 138 2 548 197 2 549 139 2 550 198 2 551 197 2 552 140 2 553 139 2 554 196 60 555 140 60 556 197 60 557 195 61 558 140 61 559 196 61 560 195 2 561 141 2 562 140 2 563 194 62 564 141 62 565 195 62 566 194 2 567 142 2 568 141 2 569 193 2 570 142 2 571 194 2 572 193 2 573 143 2 574 142 2 575 192 63 576 143 63 577 193 63 578 192 64 579 144 64 580 143 64 581 191 2 582 144 2 583 192 2 584 190 2 585 144 2 586 191 2 587 190 2 588 145 2 589 144 2 590 189 2 591 145 2 592 190 2 593 188 65 594 145 65 595 189 65 596 188 2 597 146 2 598 145 2 599 167 66 600 169 66 601 168 66 602 187 2 603 146 2 604 188 2 605 167 2 606 170 2 607 169 2 608 186 2 609 146 2 610 187 2 611 167 67 612 171 67 613 170 67 614 186 2 615 147 2 616 146 2 617 185 2 618 147 2 619 186 2 620 167 68 621 172 68 622 171 68 623 167 69 624 173 69 625 172 69 626 184 70 627 147 70 628 185 70 629 167 71 630 174 71 631 173 71 632 183 2 633 147 2 634 184 2 635 167 72 636 175 72 637 174 72 638 167 73 639 176 73 640 175 73 641 182 2 642 147 2 643 183 2 644 182 2 645 148 2 646 147 2 647 167 74 648 177 74 649 176 74 650 181 2 651 148 2 652 182 2 653 167 75 654 178 75 655 177 75 656 167 76 657 179 76 658 178 76 659 180 2 660 148 2 661 181 2 662 167 77 663 180 77 664 179 77 665 167 78 666 148 78 667 180 78 668 167 79 669 149 79 670 148 79 671 167 2 672 150 2 673 149 2 674 167 80 675 151 80 676 150 80 677 166 2 678 151 2 679 167 2 680 165 81 681 151 81 682 166 81 683 164 2 684 151 2 685 165 2 686 164 82 687 152 82 688 151 82 689 163 83 690 152 83 691 164 83 692 162 2 693 152 2 694 163 2 695 162 2 696 153 2 697 152 2 698 161 84 699 153 84 700 162 84 701 160 85 702 153 85 703 161 85 704 159 86 705 153 86 706 160 86 707 159 2 708 154 2 709 153 2 710 158 2 711 154 2 712 159 2 713 157 87 714 154 87 715 158 87 716 157 2 717 155 2 718 154 2 719 156 88 720 155 88 721 157 88 722 267 89 723 265 89 724 266 89 725 267 90 726 264 90 727 265 90 728 268 90 729 264 90 730 267 90 731 268 90 732 263 90 733 264 90 734 269 90 735 263 90 736 268 90 737 269 90 738 262 90 739 263 90 740 270 90 741 262 90 742 269 90 743 270 90 744 261 90 745 262 90 746 271 90 747 261 90 748 270 90 749 271 90 750 260 90 751 261 90 752 338 90 753 260 90 754 271 90 755 272 90 756 338 90 757 271 90 758 291 90 759 260 90 760 338 90 761 272 90 762 337 90 763 338 90 764 292 91 765 260 91 766 291 91 767 272 90 768 336 90 769 337 90 770 292 90 771 259 90 772 260 90 773 273 90 774 336 90 775 272 90 776 293 90 777 259 90 778 292 90 779 273 92 780 335 92 781 336 92 782 294 90 783 259 90 784 293 90 785 273 90 786 334 90 787 335 90 788 295 90 789 259 90 790 294 90 791 273 90 792 333 90 793 334 90 794 295 90 795 258 90 796 259 90 797 274 93 798 333 93 799 273 93 800 296 90 801 258 90 802 295 90 803 274 90 804 332 90 805 333 90 806 297 94 807 258 94 808 296 94 809 274 90 810 331 90 811 332 90 812 297 95 813 257 95 814 258 95 815 275 96 816 331 96 817 274 96 818 298 90 819 257 90 820 297 90 821 275 90 822 330 90 823 331 90 824 298 90 825 256 90 826 257 90 827 276 97 828 330 97 829 275 97 830 299 98 831 256 98 832 298 98 833 276 99 834 329 99 835 330 99 836 300 90 837 256 90 838 299 90 839 276 90 840 328 90 841 329 90 842 300 90 843 255 90 844 256 90 845 277 90 846 328 90 847 276 90 848 301 90 849 255 90 850 300 90 851 277 90 852 327 90 853 328 90 854 301 90 855 254 90 856 255 90 857 278 100 858 327 100 859 277 100 860 302 90 861 254 90 862 301 90 863 278 90 864 326 90 865 327 90 866 302 90 867 253 90 868 254 90 869 303 90 870 253 90 871 302 90 872 278 90 873 325 90 874 326 90 875 279 90 876 325 90 877 278 90 878 304 101 879 253 101 880 303 101 881 279 90 882 324 90 883 325 90 884 304 90 885 252 90 886 253 90 887 280 102 888 324 102 889 279 102 890 305 90 891 252 90 892 304 90 893 280 103 894 323 103 895 324 103 896 305 90 897 251 90 898 252 90 899 281 104 900 323 104 901 280 104 902 306 90 903 251 90 904 305 90 905 281 90 906 322 90 907 323 90 908 307 90 909 251 90 910 306 90 911 281 90 912 321 90 913 322 90 914 307 90 915 250 90 916 251 90 917 282 105 918 321 105 919 281 105 920 308 90 921 250 90 922 307 90 923 282 90 924 320 90 925 321 90 926 308 90 927 249 90 928 250 90 929 283 106 930 320 106 931 282 106 932 309 90 933 249 90 934 308 90 935 283 90 936 319 90 937 320 90 938 310 90 939 249 90 940 309 90 941 283 90 942 318 90 943 319 90 944 310 107 945 248 107 946 249 107 947 284 108 948 318 108 949 283 108 950 311 109 951 248 109 952 310 109 953 284 110 954 317 110 955 318 110 956 312 90 957 248 90 958 311 90 959 284 111 960 316 111 961 317 111 962 313 112 963 248 112 964 312 112 965 284 90 966 315 90 967 316 90 968 313 113 969 247 113 970 248 113 971 285 114 972 315 114 973 284 114 974 285 115 975 314 115 976 315 115 977 314 90 978 247 90 979 313 90 980 285 90 981 247 90 982 314 90 983 285 90 984 246 90 985 247 90 986 286 90 987 246 90 988 285 90 989 286 90 990 245 90 991 246 90 992 287 116 993 245 116 994 286 116 995 287 90 996 244 90 997 245 90 998 288 90 999 244 90 1000 287 90 1001 288 90 1002 243 90 1003 244 90 1004 289 117 1005 243 117 1006 288 117 1007 289 90 1008 290 90 1009 243 90 1010 351 90 1011 349 90 1012 350 90 1013 351 90 1014 348 90 1015 349 90 1016 351 90 1017 347 90 1018 348 90 1019 352 118 1020 347 118 1021 351 118 1022 352 119 1023 346 119 1024 347 119 1025 352 90 1026 345 90 1027 346 90 1028 352 90 1029 344 90 1030 345 90 1031 353 120 1032 344 120 1033 352 120 1034 353 90 1035 343 90 1036 344 90 1037 353 90 1038 342 90 1039 343 90 1040 353 90 1041 341 90 1042 342 90 1043 354 121 1044 341 121 1045 353 121 1046 354 90 1047 340 90 1048 341 90 1049 354 90 1050 339 90 1051 340 90 1052 355 122 1053 339 122 1054 354 122 1055 355 90 1056 485 90 1057 339 90 1058 483 90 1059 484 90 1060 485 90 1061 482 90 1062 483 90 1063 485 90 1064 481 90 1065 482 90 1066 485 90 1067 480 90 1068 481 90 1069 485 90 1070 355 90 1071 480 90 1072 485 90 1073 479 90 1074 480 90 1075 355 90 1076 478 90 1077 479 90 1078 355 90 1079 356 123 1080 478 123 1081 355 123 1082 477 90 1083 478 90 1084 356 90 1085 476 90 1086 477 90 1087 356 90 1088 357 124 1089 476 124 1090 356 124 1091 475 125 1092 476 125 1093 357 125 1094 474 90 1095 475 90 1096 357 90 1097 473 126 1098 474 126 1099 357 126 1100 358 90 1101 473 90 1102 357 90 1103 472 90 1104 473 90 1105 358 90 1106 471 90 1107 472 90 1108 358 90 1109 359 127 1110 471 127 1111 358 127 1112 359 90 1113 470 90 1114 471 90 1115 359 90 1116 469 90 1117 470 90 1118 359 90 1119 468 90 1120 469 90 1121 360 128 1122 468 128 1123 359 128 1124 360 129 1125 467 129 1126 468 129 1127 360 90 1128 466 90 1129 467 90 1130 360 90 1131 465 90 1132 466 90 1133 361 130 1134 465 130 1135 360 130 1136 361 131 1137 464 131 1138 465 131 1139 361 132 1140 463 132 1141 464 132 1142 362 133 1143 463 133 1144 361 133 1145 362 134 1146 462 134 1147 463 134 1148 362 90 1149 461 90 1150 462 90 1151 363 135 1152 461 135 1153 362 135 1154 363 90 1155 460 90 1156 461 90 1157 363 90 1158 459 90 1159 460 90 1160 364 90 1161 459 90 1162 363 90 1163 364 90 1164 458 90 1165 459 90 1166 365 90 1167 458 90 1168 364 90 1169 365 90 1170 457 90 1171 458 90 1172 366 90 1173 457 90 1174 365 90 1175 366 90 1176 456 90 1177 457 90 1178 367 136 1179 456 136 1180 366 136 1181 367 90 1182 455 90 1183 456 90 1184 368 137 1185 455 137 1186 367 137 1187 368 90 1188 454 90 1189 455 90 1190 368 90 1191 453 90 1192 454 90 1193 369 138 1194 453 138 1195 368 138 1196 369 90 1197 452 90 1198 453 90 1199 370 139 1200 452 139 1201 369 139 1202 370 90 1203 451 90 1204 452 90 1205 370 140 1206 450 140 1207 451 140 1208 370 90 1209 449 90 1210 450 90 1211 371 141 1212 449 141 1213 370 141 1214 371 142 1215 448 142 1216 449 142 1217 371 90 1218 447 90 1219 448 90 1220 372 90 1221 447 90 1222 371 90 1223 373 90 1224 447 90 1225 372 90 1226 374 90 1227 447 90 1228 373 90 1229 375 143 1230 447 143 1231 374 143 1232 376 144 1233 447 144 1234 375 144 1235 377 90 1236 447 90 1237 376 90 1238 378 145 1239 447 145 1240 377 145 1241 379 146 1242 447 146 1243 378 146 1244 446 90 1245 447 90 1246 379 90 1247 380 147 1248 446 147 1249 379 147 1250 380 148 1251 445 148 1252 446 148 1253 380 149 1254 444 149 1255 445 149 1256 380 90 1257 443 90 1258 444 90 1259 381 90 1260 443 90 1261 380 90 1262 381 90 1263 442 90 1264 443 90 1265 381 90 1266 441 90 1267 442 90 1268 382 90 1269 441 90 1270 381 90 1271 382 90 1272 440 90 1273 441 90 1274 383 150 1275 440 150 1276 382 150 1277 383 151 1278 439 151 1279 440 151 1280 383 152 1281 438 152 1282 439 152 1283 384 90 1284 438 90 1285 383 90 1286 384 90 1287 437 90 1288 438 90 1289 385 90 1290 437 90 1291 384 90 1292 385 90 1293 436 90 1294 437 90 1295 386 90 1296 436 90 1297 385 90 1298 386 153 1299 435 153 1300 436 153 1301 387 154 1302 435 154 1303 386 154 1304 387 90 1305 434 90 1306 435 90 1307 387 90 1308 433 90 1309 434 90 1310 388 155 1311 433 155 1312 387 155 1313 388 90 1314 432 90 1315 433 90 1316 388 156 1317 431 156 1318 432 156 1319 389 90 1320 431 90 1321 388 90 1322 412 157 1323 410 157 1324 411 157 1325 389 158 1326 430 158 1327 431 158 1328 413 90 1329 410 90 1330 412 90 1331 389 90 1332 429 90 1333 430 90 1334 414 159 1335 410 159 1336 413 159 1337 390 160 1338 429 160 1339 389 160 1340 390 161 1341 428 161 1342 429 161 1343 415 162 1344 410 162 1345 414 162 1346 416 90 1347 410 90 1348 415 90 1349 390 163 1350 427 163 1351 428 163 1352 417 90 1353 410 90 1354 416 90 1355 390 90 1356 426 90 1357 427 90 1358 418 90 1359 410 90 1360 417 90 1361 419 164 1362 410 164 1363 418 164 1364 390 90 1365 425 90 1366 426 90 1367 391 165 1368 425 165 1369 390 165 1370 420 166 1371 410 166 1372 419 166 1373 391 167 1374 424 167 1375 425 167 1376 421 90 1377 410 90 1378 420 90 1379 422 90 1380 410 90 1381 421 90 1382 391 168 1383 423 168 1384 424 168 1385 423 90 1386 410 90 1387 422 90 1388 391 169 1389 410 169 1390 423 169 1391 392 170 1392 410 170 1393 391 170 1394 393 90 1395 410 90 1396 392 90 1397 394 171 1398 410 171 1399 393 171 1400 394 172 1401 409 172 1402 410 172 1403 394 90 1404 408 90 1405 409 90 1406 394 90 1407 407 90 1408 408 90 1409 395 173 1410 407 173 1411 394 173 1412 395 90 1413 406 90 1414 407 90 1415 395 90 1416 405 90 1417 406 90 1418 396 90 1419 405 90 1420 395 90 1421 396 174 1422 404 174 1423 405 174 1424 396 175 1425 403 175 1426 404 175 1427 396 90 1428 402 90 1429 403 90 1430 397 90 1431 402 90 1432 396 90 1433 397 90 1434 401 90 1435 402 90 1436 397 90 1437 400 90 1438 401 90 1439 398 176 1440 400 176 1441 397 176 1442 398 177 1443 399 177 1444 400 177 1445 489 178 1446 486 179 1447 487 179 1448 491 180 1449 488 178 1450 489 178 1451 493 181 1452 490 180 1453 491 180 1454 495 182 1455 492 181 1456 493 181 1457 497 183 1458 494 182 1459 495 182 1460 499 184 1461 496 183 1462 497 183 1463 501 185 1464 498 184 1465 499 184 1466 503 186 1467 500 185 1468 501 185 1469 505 187 1470 502 186 1471 503 186 1472 507 188 1473 504 187 1474 505 187 1475 509 189 1476 506 188 1477 507 188 1478 511 190 1479 508 189 1480 509 189 1481 513 191 1482 510 190 1483 511 190 1484 515 192 1485 512 191 1486 513 191 1487 517 193 1488 514 192 1489 515 192 1490 519 194 1491 516 193 1492 517 193 1493 521 195 1494 518 194 1495 519 194 1496 523 196 1497 520 195 1498 521 195 1499 525 197 1500 522 196 1501 523 196 1502 527 198 1503 524 197 1504 525 197 1505 529 199 1506 526 198 1507 527 198 1508 531 200 1509 528 199 1510 529 199 1511 533 201 1512 530 200 1513 531 200 1514 535 202 1515 532 201 1516 533 201 1517 537 203 1518 534 202 1519 535 202 1520 539 204 1521 536 203 1522 537 203 1523 541 205 1524 538 204 1525 539 204 1526 543 206 1527 540 205 1528 541 205 1529 545 207 1530 542 206 1531 543 206 1532 547 208 1533 544 209 1534 545 207 1535 549 210 1536 546 208 1537 547 208 1538 551 211 1539 548 210 1540 549 210 1541 553 212 1542 550 211 1543 551 211 1544 555 213 1545 552 212 1546 553 212 1547 557 214 1548 554 213 1549 555 213 1550 559 215 1551 556 214 1552 557 214 1553 561 216 1554 558 215 1555 559 215 1556 563 217 1557 560 216 1558 561 216 1559 565 218 1560 562 217 1561 563 217 1562 567 219 1563 564 218 1564 565 218 1565 569 220 1566 566 219 1567 567 219 1568 571 221 1569 568 220 1570 569 220 1571 573 222 1572 570 221 1573 571 221 1574 575 223 1575 572 222 1576 573 222 1577 577 224 1578 574 223 1579 575 223 1580 579 225 1581 576 224 1582 577 224 1583 581 226 1584 578 225 1585 579 225 1586 583 227 1587 580 226 1588 581 226 1589 585 228 1590 582 227 1591 583 227 1592 587 229 1593 584 228 1594 585 228 1595 589 230 1596 586 229 1597 587 229 1598 591 231 1599 588 230 1600 589 230 1601 593 232 1602 590 231 1603 591 231 1604 595 233 1605 592 232 1606 593 232 1607 597 234 1608 594 233 1609 595 233 1610 599 235 1611 596 234 1612 597 234 1613 601 236 1614 598 235 1615 599 235 1616 603 237 1617 600 236 1618 601 236 1619 605 238 1620 602 237 1621 603 237 1622 607 239 1623 604 238 1624 605 238 1625 609 240 1626 606 239 1627 607 239 1628 611 241 1629 608 240 1630 609 240 1631 613 242 1632 610 241 1633 611 241 1634 615 243 1635 612 242 1636 613 242 1637 617 244 1638 614 243 1639 615 243 1640 619 245 1641 616 244 1642 617 244 1643 621 246 1644 618 245 1645 619 245 1646 623 247 1647 620 246 1648 621 246 1649 625 248 1650 622 247 1651 623 247 1652 627 249 1653 624 248 1654 625 248 1655 629 250 1656 626 249 1657 627 249 1658 631 251 1659 628 250 1660 629 250 1661 633 252 1662 630 251 1663 631 251 1664 635 253 1665 632 252 1666 633 252 1667 637 254 1668 634 253 1669 635 253 1670 639 255 1671 636 254 1672 637 254 1673 641 256 1674 638 255 1675 639 255 1676 643 257 1677 640 256 1678 641 256 1679 645 258 1680 642 257 1681 643 257 1682 647 259 1683 644 258 1684 645 258 1685 649 260 1686 646 259 1687 647 259 1688 651 261 1689 648 260 1690 649 260 1691 653 262 1692 650 261 1693 651 261 1694 655 263 1695 652 262 1696 653 262 1697 657 264 1698 654 263 1699 655 263 1700 659 265 1701 656 264 1702 657 264 1703 661 266 1704 658 265 1705 659 265 1706 663 267 1707 660 266 1708 661 266 1709 665 268 1710 662 267 1711 663 267 1712 667 269 1713 664 270 1714 665 268 1715 669 271 1716 666 269 1717 667 269 1718 671 272 1719 668 271 1720 669 271 1721 673 273 1722 670 272 1723 671 272 1724 675 274 1725 672 273 1726 673 273 1727 677 275 1728 674 274 1729 675 274 1730 679 276 1731 676 277 1732 677 275 1733 681 278 1734 678 276 1735 679 276 1736 683 279 1737 680 278 1738 681 278 1739 685 280 1740 682 279 1741 683 279 1742 687 281 1743 684 280 1744 685 280 1745 689 282 1746 686 281 1747 687 281 1748 691 283 1749 688 282 1750 689 282 1751 693 284 1752 690 283 1753 691 283 1754 695 285 1755 692 284 1756 693 284 1757 697 286 1758 694 285 1759 695 285 1760 699 287 1761 696 286 1762 697 286 1763 701 288 1764 698 287 1765 699 287 1766 703 289 1767 700 288 1768 701 288 1769 705 290 1770 702 289 1771 703 289 1772 707 291 1773 704 290 1774 705 290 1775 709 292 1776 706 291 1777 707 291 1778 711 293 1779 708 292 1780 709 292 1781 713 294 1782 710 293 1783 711 293 1784 715 295 1785 712 294 1786 713 294 1787 717 296 1788 714 295 1789 715 295 1790 719 297 1791 716 296 1792 717 296 1793 721 298 1794 718 297 1795 719 297 1796 723 299 1797 720 298 1798 721 298 1799 725 300 1800 722 299 1801 723 299 1802 727 301 1803 724 300 1804 725 300 1805 729 302 1806 726 301 1807 727 301 1808 731 303 1809 728 302 1810 729 302 1811 733 304 1812 730 303 1813 731 303 1814 735 305 1815 732 304 1816 733 304 1817 737 306 1818 734 305 1819 735 305 1820 739 307 1821 736 306 1822 737 306 1823 741 308 1824 738 309 1825 739 307 1826 743 310 1827 740 308 1828 741 308 1829 745 311 1830 742 310 1831 743 310 1832 747 312 1833 744 311 1834 745 311 1835 749 313 1836 746 312 1837 747 312 1838 751 314 1839 748 313 1840 749 313 1841 753 315 1842 750 314 1843 751 314 1844 755 316 1845 752 315 1846 753 315 1847 757 317 1848 754 316 1849 755 316 1850 759 318 1851 756 317 1852 757 317 1853 761 319 1854 758 318 1855 759 318 1856 763 320 1857 760 319 1858 761 319 1859 765 321 1860 762 320 1861 763 320 1862 767 322 1863 764 321 1864 765 321 1865 769 323 1866 766 322 1867 767 322 1868 771 324 1869 768 323 1870 769 323 1871 773 325 1872 770 324 1873 771 324 1874 775 326 1875 772 325 1876 773 325 1877 777 327 1878 774 326 1879 775 326 1880 779 328 1881 776 327 1882 777 327 1883 487 179 1884 778 328 1885 779 328 1886 783 329 1887 780 330 1888 781 330 1889 785 331 1890 782 329 1891 783 329 1892 787 332 1893 784 331 1894 785 331 1895 789 333 1896 786 332 1897 787 332 1898 791 334 1899 788 333 1900 789 333 1901 793 335 1902 790 334 1903 791 334 1904 795 336 1905 792 335 1906 793 335 1907 797 337 1908 794 336 1909 795 336 1910 799 338 1911 796 337 1912 797 337 1913 801 339 1914 798 338 1915 799 338 1916 803 340 1917 800 339 1918 801 339 1919 805 341 1920 802 340 1921 803 340 1922 807 342 1923 804 341 1924 805 341 1925 809 343 1926 806 342 1927 807 342 1928 811 344 1929 808 343 1930 809 343 1931 813 345 1932 810 344 1933 811 344 1934 815 346 1935 812 345 1936 813 345 1937 817 347 1938 814 346 1939 815 346 1940 819 348 1941 816 347 1942 817 347 1943 821 349 1944 818 348 1945 819 348 1946 823 350 1947 820 349 1948 821 349 1949 825 351 1950 822 350 1951 823 350 1952 827 352 1953 824 351 1954 825 351 1955 829 353 1956 826 352 1957 827 352 1958 831 354 1959 828 353 1960 829 353 1961 833 355 1962 830 354 1963 831 354 1964 835 356 1965 832 355 1966 833 355 1967 837 357 1968 834 356 1969 835 356 1970 839 358 1971 836 357 1972 837 357 1973 841 359 1974 838 358 1975 839 358 1976 843 360 1977 840 359 1978 841 359 1979 845 361 1980 842 360 1981 843 360 1982 847 362 1983 844 361 1984 845 361 1985 849 363 1986 846 362 1987 847 362 1988 851 364 1989 848 363 1990 849 363 1991 853 365 1992 850 364 1993 851 364 1994 855 366 1995 852 365 1996 853 365 1997 857 367 1998 854 366 1999 855 366 2000 859 368 2001 856 367 2002 857 367 2003 861 369 2004 858 368 2005 859 368 2006 863 370 2007 860 369 2008 861 369 2009 865 371 2010 862 370 2011 863 370 2012 867 372 2013 864 371 2014 865 371 2015 869 373 2016 866 372 2017 867 372 2018 871 374 2019 868 373 2020 869 373 2021 873 375 2022 870 374 2023 871 374 2024 875 376 2025 872 375 2026 873 375 2027 781 330 2028 874 376 2029 875 376 2030 879 377 2031 876 378 2032 877 378 2033 881 379 2034 878 377 2035 879 377 2036 883 380 2037 880 379 2038 881 379 2039 885 381 2040 882 380 2041 883 380 2042 887 382 2043 884 381 2044 885 381 2045 889 383 2046 886 382 2047 887 382 2048 891 384 2049 888 383 2050 889 383 2051 893 385 2052 890 384 2053 891 384 2054 895 386 2055 892 385 2056 893 385 2057 897 387 2058 894 386 2059 895 386 2060 899 364 2061 896 387 2062 897 387 2063 901 388 2064 898 364 2065 899 364 2066 903 389 2067 900 388 2068 901 388 2069 905 390 2070 902 389 2071 903 389 2072 907 391 2073 904 390 2074 905 390 2075 909 392 2076 906 391 2077 907 391 2078 911 393 2079 908 392 2080 909 392 2081 913 394 2082 910 395 2083 911 393 2084 915 396 2085 912 394 2086 913 394 2087 917 397 2088 914 396 2089 915 396 2090 919 398 2091 916 397 2092 917 397 2093 921 399 2094 918 398 2095 919 398 2096 923 352 2097 920 399 2098 921 399 2099 925 400 2100 922 352 2101 923 352 2102 927 401 2103 924 400 2104 925 400 2105 929 402 2106 926 401 2107 927 401 2108 931 403 2109 928 404 2110 929 402 2111 933 405 2112 930 403 2113 931 403 2114 935 406 2115 932 405 2116 933 405 2117 937 407 2118 934 406 2119 935 406 2120 939 408 2121 936 407 2122 937 407 2123 941 409 2124 938 408 2125 939 408 2126 943 410 2127 940 409 2128 941 409 2129 945 411 2130 942 410 2131 943 410 2132 947 340 2133 944 411 2134 945 411 2135 949 412 2136 946 340 2137 947 340 2138 951 413 2139 948 412 2140 949 412 2141 953 414 2142 950 413 2143 951 413 2144 955 415 2145 952 414 2146 953 414 2147 957 416 2148 954 415 2149 955 415 2150 959 417 2151 956 416 2152 957 416 2153 961 418 2154 958 419 2155 959 417 2156 963 420 2157 960 418 2158 961 418 2159 965 421 2160 962 420 2161 963 420 2162 967 422 2163 964 421 2164 965 421 2165 969 423 2166 966 422 2167 967 422 2168 971 376 2169 968 423 2170 969 423 2171 877 378 2172 970 376 2173 971 376 2174 489 178 2175 488 178 2176 486 179 2177 491 180 2178 490 180 2179 488 178 2180 493 181 2181 492 181 2182 490 180 2183 495 182 2184 494 182 2185 492 181 2186 497 183 2187 496 183 2188 494 182 2189 499 184 2190 498 184 2191 496 183 2192 501 185 2193 500 185 2194 498 184 2195 503 186 2196 502 186 2197 500 185 2198 505 187 2199 504 187 2200 502 186 2201 507 188 2202 506 188 2203 504 187 2204 509 189 2205 508 189 2206 506 188 2207 511 190 2208 510 190 2209 508 189 2210 513 191 2211 512 191 2212 510 190 2213 515 192 2214 514 192 2215 512 191 2216 517 193 2217 516 193 2218 514 192 2219 519 194 2220 518 194 2221 516 193 2222 521 195 2223 520 195 2224 518 194 2225 523 196 2226 522 196 2227 520 195 2228 525 197 2229 524 197 2230 522 196 2231 527 198 2232 526 198 2233 524 197 2234 529 199 2235 528 199 2236 526 198 2237 531 200 2238 530 200 2239 528 199 2240 533 201 2241 532 201 2242 530 200 2243 535 202 2244 534 202 2245 532 201 2246 537 203 2247 536 203 2248 534 202 2249 539 204 2250 538 204 2251 536 203 2252 541 205 2253 540 205 2254 538 204 2255 543 206 2256 542 206 2257 540 205 2258 545 207 2259 544 209 2260 542 206 2261 547 208 2262 546 208 2263 544 209 2264 549 210 2265 548 210 2266 546 208 2267 551 211 2268 550 211 2269 548 210 2270 553 212 2271 552 212 2272 550 211 2273 555 213 2274 554 213 2275 552 212 2276 557 214 2277 556 214 2278 554 213 2279 559 215 2280 558 215 2281 556 214 2282 561 216 2283 560 216 2284 558 215 2285 563 217 2286 562 217 2287 560 216 2288 565 218 2289 564 218 2290 562 217 2291 567 219 2292 566 219 2293 564 218 2294 569 220 2295 568 220 2296 566 219 2297 571 221 2298 570 221 2299 568 220 2300 573 222 2301 572 222 2302 570 221 2303 575 223 2304 574 223 2305 572 222 2306 577 224 2307 576 224 2308 574 223 2309 579 225 2310 578 225 2311 576 224 2312 581 226 2313 580 226 2314 578 225 2315 583 227 2316 582 227 2317 580 226 2318 585 228 2319 584 228 2320 582 227 2321 587 229 2322 586 229 2323 584 228 2324 589 230 2325 588 230 2326 586 229 2327 591 231 2328 590 231 2329 588 230 2330 593 232 2331 592 232 2332 590 231 2333 595 233 2334 594 233 2335 592 232 2336 597 234 2337 596 234 2338 594 233 2339 599 235 2340 598 235 2341 596 234 2342 601 236 2343 600 236 2344 598 235 2345 603 237 2346 602 237 2347 600 236 2348 605 238 2349 604 238 2350 602 237 2351 607 239 2352 606 239 2353 604 238 2354 609 240 2355 608 240 2356 606 239 2357 611 241 2358 610 241 2359 608 240 2360 613 242 2361 612 242 2362 610 241 2363 615 243 2364 614 243 2365 612 242 2366 617 244 2367 616 244 2368 614 243 2369 619 245 2370 618 245 2371 616 244 2372 621 246 2373 620 246 2374 618 245 2375 623 247 2376 622 247 2377 620 246 2378 625 248 2379 624 248 2380 622 247 2381 627 249 2382 626 249 2383 624 248 2384 629 250 2385 628 250 2386 626 249 2387 631 251 2388 630 251 2389 628 250 2390 633 252 2391 632 252 2392 630 251 2393 635 253 2394 634 253 2395 632 252 2396 637 254 2397 636 254 2398 634 253 2399 639 255 2400 638 255 2401 636 254 2402 641 256 2403 640 256 2404 638 255 2405 643 257 2406 642 257 2407 640 256 2408 645 258 2409 644 258 2410 642 257 2411 647 259 2412 646 259 2413 644 258 2414 649 260 2415 648 260 2416 646 259 2417 651 261 2418 650 261 2419 648 260 2420 653 262 2421 652 262 2422 650 261 2423 655 263 2424 654 263 2425 652 262 2426 657 264 2427 656 264 2428 654 263 2429 659 265 2430 658 265 2431 656 264 2432 661 266 2433 660 266 2434 658 265 2435 663 267 2436 662 267 2437 660 266 2438 665 268 2439 664 270 2440 662 267 2441 667 269 2442 666 269 2443 664 270 2444 669 271 2445 668 271 2446 666 269 2447 671 272 2448 670 272 2449 668 271 2450 673 273 2451 672 273 2452 670 272 2453 675 274 2454 674 274 2455 672 273 2456 677 275 2457 676 277 2458 674 274 2459 679 276 2460 678 276 2461 676 277 2462 681 278 2463 680 278 2464 678 276 2465 683 279 2466 682 279 2467 680 278 2468 685 280 2469 684 280 2470 682 279 2471 687 281 2472 686 281 2473 684 280 2474 689 282 2475 688 282 2476 686 281 2477 691 283 2478 690 283 2479 688 282 2480 693 284 2481 692 284 2482 690 283 2483 695 285 2484 694 285 2485 692 284 2486 697 286 2487 696 286 2488 694 285 2489 699 287 2490 698 287 2491 696 286 2492 701 288 2493 700 288 2494 698 287 2495 703 289 2496 702 289 2497 700 288 2498 705 290 2499 704 290 2500 702 289 2501 707 291 2502 706 291 2503 704 290 2504 709 292 2505 708 292 2506 706 291 2507 711 293 2508 710 293 2509 708 292 2510 713 294 2511 712 294 2512 710 293 2513 715 295 2514 714 295 2515 712 294 2516 717 296 2517 716 296 2518 714 295 2519 719 297 2520 718 297 2521 716 296 2522 721 298 2523 720 298 2524 718 297 2525 723 299 2526 722 299 2527 720 298 2528 725 300 2529 724 300 2530 722 299 2531 727 301 2532 726 301 2533 724 300 2534 729 302 2535 728 302 2536 726 301 2537 731 303 2538 730 303 2539 728 302 2540 733 304 2541 732 304 2542 730 303 2543 735 305 2544 734 305 2545 732 304 2546 737 306 2547 736 306 2548 734 305 2549 739 307 2550 738 309 2551 736 306 2552 741 308 2553 740 308 2554 738 309 2555 743 310 2556 742 310 2557 740 308 2558 745 311 2559 744 311 2560 742 310 2561 747 312 2562 746 312 2563 744 311 2564 749 313 2565 748 313 2566 746 312 2567 751 314 2568 750 314 2569 748 313 2570 753 315 2571 752 315 2572 750 314 2573 755 316 2574 754 316 2575 752 315 2576 757 317 2577 756 317 2578 754 316 2579 759 318 2580 758 318 2581 756 317 2582 761 319 2583 760 319 2584 758 318 2585 763 320 2586 762 320 2587 760 319 2588 765 321 2589 764 321 2590 762 320 2591 767 322 2592 766 322 2593 764 321 2594 769 323 2595 768 323 2596 766 322 2597 771 324 2598 770 324 2599 768 323 2600 773 325 2601 772 325 2602 770 324 2603 775 326 2604 774 326 2605 772 325 2606 777 327 2607 776 327 2608 774 326 2609 779 328 2610 778 328 2611 776 327 2612 487 179 2613 486 179 2614 778 328 2615 783 329 2616 782 329 2617 780 330 2618 785 331 2619 784 331 2620 782 329 2621 787 332 2622 786 332 2623 784 331 2624 789 333 2625 788 333 2626 786 332 2627 791 334 2628 790 334 2629 788 333 2630 793 335 2631 792 335 2632 790 334 2633 795 336 2634 794 336 2635 792 335 2636 797 337 2637 796 337 2638 794 336 2639 799 338 2640 798 338 2641 796 337 2642 801 339 2643 800 339 2644 798 338 2645 803 340 2646 802 340 2647 800 339 2648 805 341 2649 804 341 2650 802 340 2651 807 342 2652 806 342 2653 804 341 2654 809 343 2655 808 343 2656 806 342 2657 811 344 2658 810 344 2659 808 343 2660 813 345 2661 812 345 2662 810 344 2663 815 346 2664 814 346 2665 812 345 2666 817 347 2667 816 347 2668 814 346 2669 819 348 2670 818 348 2671 816 347 2672 821 349 2673 820 349 2674 818 348 2675 823 350 2676 822 350 2677 820 349 2678 825 351 2679 824 351 2680 822 350 2681 827 352 2682 826 352 2683 824 351 2684 829 353 2685 828 353 2686 826 352 2687 831 354 2688 830 354 2689 828 353 2690 833 355 2691 832 355 2692 830 354 2693 835 356 2694 834 356 2695 832 355 2696 837 357 2697 836 357 2698 834 356 2699 839 358 2700 838 358 2701 836 357 2702 841 359 2703 840 359 2704 838 358 2705 843 360 2706 842 360 2707 840 359 2708 845 361 2709 844 361 2710 842 360 2711 847 362 2712 846 362 2713 844 361 2714 849 363 2715 848 363 2716 846 362 2717 851 364 2718 850 364 2719 848 363 2720 853 365 2721 852 365 2722 850 364 2723 855 366 2724 854 366 2725 852 365 2726 857 367 2727 856 367 2728 854 366 2729 859 368 2730 858 368 2731 856 367 2732 861 369 2733 860 369 2734 858 368 2735 863 370 2736 862 370 2737 860 369 2738 865 371 2739 864 371 2740 862 370 2741 867 372 2742 866 372 2743 864 371 2744 869 373 2745 868 373 2746 866 372 2747 871 374 2748 870 374 2749 868 373 2750 873 375 2751 872 375 2752 870 374 2753 875 376 2754 874 376 2755 872 375 2756 781 330 2757 780 330 2758 874 376 2759 879 377 2760 878 377 2761 876 378 2762 881 379 2763 880 379 2764 878 377 2765 883 380 2766 882 380 2767 880 379 2768 885 381 2769 884 381 2770 882 380 2771 887 382 2772 886 382 2773 884 381 2774 889 383 2775 888 383 2776 886 382 2777 891 384 2778 890 384 2779 888 383 2780 893 385 2781 892 385 2782 890 384 2783 895 386 2784 894 386 2785 892 385 2786 897 387 2787 896 387 2788 894 386 2789 899 364 2790 898 364 2791 896 387 2792 901 388 2793 900 388 2794 898 364 2795 903 389 2796 902 389 2797 900 388 2798 905 390 2799 904 390 2800 902 389 2801 907 391 2802 906 391 2803 904 390 2804 909 392 2805 908 392 2806 906 391 2807 911 393 2808 910 395 2809 908 392 2810 913 394 2811 912 394 2812 910 395 2813 915 396 2814 914 396 2815 912 394 2816 917 397 2817 916 397 2818 914 396 2819 919 398 2820 918 398 2821 916 397 2822 921 399 2823 920 399 2824 918 398 2825 923 352 2826 922 352 2827 920 399 2828 925 400 2829 924 400 2830 922 352 2831 927 401 2832 926 401 2833 924 400 2834 929 402 2835 928 404 2836 926 401 2837 931 403 2838 930 403 2839 928 404 2840 933 405 2841 932 405 2842 930 403 2843 935 406 2844 934 406 2845 932 405 2846 937 407 2847 936 407 2848 934 406 2849 939 408 2850 938 408 2851 936 407 2852 941 409 2853 940 409 2854 938 408 2855 943 410 2856 942 410 2857 940 409 2858 945 411 2859 944 411 2860 942 410 2861 947 340 2862 946 340 2863 944 411 2864 949 412 2865 948 412 2866 946 340 2867 951 413 2868 950 413 2869 948 412 2870 953 414 2871 952 414 2872 950 413 2873 955 415 2874 954 415 2875 952 414 2876 957 416 2877 956 416 2878 954 415 2879 959 417 2880 958 419 2881 956 416 2882 961 418 2883 960 418 2884 958 419 2885 963 420 2886 962 420 2887 960 418 2888 965 421 2889 964 421 2890 962 420 2891 967 422 2892 966 422 2893 964 421 2894 969 423 2895 968 423 2896 966 422 2897 971 376 2898 970 376 2899 968 423 2900 877 378 2901 876 378 2902 970 376 2903</p>
        </triangles>
      </mesh>
    </geometry>
    <geometry id="Örüntü_015-mesh" name="Örüntü.015">
      <mesh>
        <source id="Örüntü_015-mesh-positions">
          <float_array id="Örüntü_015-mesh-positions-array" count="1170">5 0 0 4.854709 1.196578 0 4.42728 2.323616 0 3.742554 3.315613 0 2.840323 4.114919 0 1.773024 4.675081 0 0.6026834 4.963544 0 -0.6026833 4.963544 0 -1.773024 4.675081 0 -2.840323 4.11492 0 -3.742554 3.315613 0 -4.42728 2.323615 0 -4.85471 1.196577 0 -5 -1.62921e-6 0 -4.854709 -1.19658 0 -4.427279 -2.323618 0 -3.742552 -3.315616 0 -2.840321 -4.114922 0 -1.773021 -4.675083 0 -0.6026788 -4.963545 0 0.6026884 -4.963544 0 1.77303 -4.675079 0 2.840329 -4.114916 0 3.742558 -3.315608 0 4.427283 -2.32361 0 4.854711 -1.196571 0 5 0 34.89522 4.854709 1.196578 34.89522 4.42728 2.323616 34.89522 3.742554 3.315613 34.89522 2.840323 4.114919 34.89522 1.773024 4.675081 34.89522 0.6026834 4.963544 34.89522 -0.6026833 4.963544 34.89522 -1.773024 4.675081 34.89522 -2.840323 4.11492 34.89522 -3.742554 3.315613 34.89522 -4.42728 2.323615 34.89522 -4.85471 1.196577 34.89522 -5 -1.62921e-6 34.89522 -4.854709 -1.19658 34.89522 -4.427279 -2.323618 34.89522 -3.742552 -3.315616 34.89522 -2.840321 -4.114922 34.89522 -1.773021 -4.675083 34.89522 -0.6026788 -4.963545 34.89522 0.6026884 -4.963544 34.89522 1.77303 -4.675079 34.89522 2.840329 -4.114916 34.89522 3.742558 -3.315608 34.89522 4.427283 -2.32361 34.89522 4.854711 -1.196571 34.89522 5 0 83.33334 4.854709 1.196578 83.33334 4.42728 2.323616 83.33334 3.742554 3.315613 83.33334 2.840323 4.114919 83.33334 1.773024 4.675081 83.33334 0.6026834 4.963544 83.33334 -0.6026833 4.963544 83.33334 -1.773024 4.675081 83.33334 -2.840323 4.11492 83.33334 -3.742554 3.315613 83.33334 -4.42728 2.323615 83.33334 -4.85471 1.196577 83.33334 -5 -1.62921e-6 83.33334 -4.854709 -1.19658 83.33334 -4.427279 -2.323618 83.33334 -3.742552 -3.315616 83.33334 -2.840321 -4.114922 83.33334 -1.773021 -4.675083 83.33334 -0.6026788 -4.963545 83.33334 0.6026884 -4.963544 83.33334 1.77303 -4.675079 83.33334 2.840329 -4.114916 83.33334 3.742558 -3.315608 83.33334 4.427283 -2.32361 83.33334 4.854711 -1.196571 83.33334 5 0 125 4.854709 1.196578 125 4.42728 2.323616 125 3.742554 3.315613 125 2.840323 4.114919 125 1.773024 4.675081 125 0.6026834 4.963544 125 -0.6026833 4.963544 125 -1.773024 4.675081 125 -2.840323 4.11492 125 -3.742554 3.315613 125 -4.42728 2.323615 125 -4.85471 1.196577 125 -5 -1.62921e-6 125 -4.854709 -1.19658 125 -4.427279 -2.323618 125 -3.742552 -3.315616 125 -2.840321 -4.114922 125 -1.773021 -4.675083 125 -0.6026788 -4.963545 125 0.6026884 -4.963544 125 1.77303 -4.675079 125 2.840329 -4.114916 125 3.742558 -3.315608 125 4.427283 -2.32361 125 4.854711 -1.196571 125 5 0 166.6667 4.854709 1.196578 166.6667 4.42728 2.323616 166.6667 3.742554 3.315613 166.6667 2.840323 4.114919 166.6667 1.773024 4.675081 166.6667 0.6026834 4.963544 166.6667 -0.6026833 4.963544 166.6667 -1.773024 4.675081 166.6667 -2.840323 4.11492 166.6667 -3.742554 3.315613 166.6667 -4.42728 2.323615 166.6667 -4.85471 1.196577 166.6667 -5 -1.62921e-6 166.6667 -4.854709 -1.19658 166.6667 -4.427279 -2.323618 166.6667 -3.742552 -3.315616 166.6667 -2.840321 -4.114922 166.6667 -1.773021 -4.675083 166.6667 -0.6026788 -4.963545 166.6667 0.6026884 -4.963544 166.6667 1.77303 -4.675079 166.6667 2.840329 -4.114916 166.6667 3.742558 -3.315608 166.6667 4.427283 -2.32361 166.6667 4.854711 -1.196571 166.6667 5 0 208.3333 4.854709 1.196578 208.3333 4.42728 2.323616 208.3333 3.742554 3.315613 208.3333 2.840323 4.114919 208.3333 1.773024 4.675081 208.3333 0.6026834 4.963544 208.3333 -0.6026833 4.963544 208.3333 -1.773024 4.675081 208.3333 -2.840323 4.11492 208.3333 -3.742554 3.315613 208.3333 -4.42728 2.323615 208.3333 -4.85471 1.196577 208.3333 -5 -1.62921e-6 208.3333 -4.854709 -1.19658 208.3333 -4.427279 -2.323618 208.3333 -3.742552 -3.315616 208.3333 -2.840321 -4.114922 208.3333 -1.773021 -4.675083 208.3333 -0.6026788 -4.963545 208.3333 0.6026884 -4.963544 208.3333 1.77303 -4.675079 208.3333 2.840329 -4.114916 208.3333 3.742558 -3.315608 208.3333 4.427283 -2.32361 208.3333 4.854711 -1.196571 208.3333 5 0 250 4.854709 1.196578 250 4.42728 2.323616 250 3.742554 3.315613 250 2.840323 4.114919 250 1.773024 4.675081 250 0.6026834 4.963544 250 -0.6026833 4.963544 250 -1.773024 4.675081 250 -2.840323 4.11492 250 -3.742554 3.315613 250 -4.42728 2.323615 250 -4.85471 1.196577 250 -5 -1.62921e-6 250 -4.854709 -1.19658 250 -4.427279 -2.323618 250 -3.742552 -3.315616 250 -2.840321 -4.114922 250 -1.773021 -4.675083 250 -0.6026788 -4.963545 250 0.6026884 -4.963544 250 1.77303 -4.675079 250 2.840329 -4.114916 250 3.742558 -3.315608 250 4.427283 -2.32361 250 4.854711 -1.196571 250 9.029385 -5.20837e-5 0 8.766983 2.160923 0 7.995117 4.196161 0 6.758586 5.987586 0 5.129319 7.431008 0 3.201809 8.442629 0 1.088371 8.963545 0 -1.088371 8.963544 0 -3.201861 8.442616 0 -5.129271 7.431034 0 -6.758587 5.987585 0 -7.995099 4.196211 0 -8.767009 2.160816 0 -9.029379 -3.24641e-6 0 -8.767002 -2.160875 0 -7.995116 -4.196166 0 -6.758584 -5.98759 0 -5.129266 -7.431037 0 -3.201907 -8.442605 0 -1.088309 -8.963545 0 1.08838 -8.963544 0 3.201871 -8.442612 0 5.129281 -7.431026 0 6.758595 -5.987577 0 7.995124 -4.196151 0 8.767004 -2.16086 0 8.511731 2.098005 34.89522 8.766468 -4.86852e-5 34.89522 8.511738 -2.097943 34.89522 7.762332 -4.073973 34.89522 6.561806 -5.813238 34.89522 4.979933 -7.214659 34.89522 3.108643 -8.196792 34.89522 1.05669 -8.702555 34.89522 -1.056625 -8.702569 34.89522 -3.108672 -8.196774 34.89522 -4.979919 -7.214669 34.89522 -6.561796 -5.81325 34.89522 -7.762324 -4.073987 34.89522 -8.511734 -2.097958 34.89522 -8.766473 -3.1409e-6 34.89522 -8.511754 2.097905 34.89522 -7.762297 4.074024 34.89522 -6.561799 5.813246 34.89522 -4.979923 7.214666 34.89522 -3.108633 8.196795 34.89522 -1.056681 8.702556 34.89522 1.056681 8.702555 34.89522 3.10859 8.19682 34.89522 4.979961 7.214632 34.89522 6.561798 5.813247 34.89522 7.762326 4.073983 34.89522 9.029384 -5.20143e-5 7.569026 8.766983 2.160923 7.569026 7.995118 4.196161 7.569026 6.758585 5.987586 7.569026 5.129319 7.431007 7.569026 3.20181 8.44263 7.569026 1.088371 8.963546 7.569026 -1.088371 8.963544 7.569026 -3.201861 8.442616 7.569026 -5.129271 7.431034 7.569026 -6.758586 5.987585 7.569026 -7.995098 4.19621 7.569026 -8.76701 2.160816 7.569026 -9.02938 -3.17716e-6 7.569026 -8.767002 -2.160875 7.569026 -7.995116 -4.196166 7.569026 -6.758584 -5.98759 7.569026 -5.129265 -7.431036 7.569026 -3.201907 -8.442605 7.569026 -1.088309 -8.963546 7.569026 1.08838 -8.963545 7.569026 3.201871 -8.442612 7.569026 5.129281 -7.431026 7.569026 6.758595 -5.987577 7.569026 7.995124 -4.196151 7.569026 8.767004 -2.16086 7.569026 8.766994 2.160925 34.09764 9.029375 -5.2153e-5 34.09764 8.767005 -2.16086 34.09764 7.995124 -4.196151 34.09764 6.758594 -5.987576 34.09764 5.129281 -7.431026 34.09764 3.201871 -8.442613 34.09764 1.08838 -8.963543 34.09764 -1.088311 -8.963559 34.09764 -3.201903 -8.442594 34.09764 -5.129267 -7.431037 34.09764 -6.758584 -5.987589 34.09764 -7.995116 -4.196166 34.09764 -8.767002 -2.160875 34.09764 -9.029378 -3.31566e-6 34.09764 -8.767022 2.160819 34.09764 -7.995088 4.196206 34.09764 -6.758587 5.987586 34.09764 -5.129271 7.431034 34.09764 -3.201861 8.442616 34.09764 -1.088371 8.963545 34.09764 1.088371 8.963543 34.09764 3.201814 8.442642 34.09764 5.129312 7.430997 34.09764 6.758586 5.987586 34.09764 7.995117 4.196162 34.09764 12.05142 -9.12043e-5 3.80768e-7 11.70121 2.884113 -3.92484e-7 10.671 5.600571 -1.68576e-7 9.020617 7.991558 2.68752e-7 6.846032 9.918095 2.64833e-7 4.273389 11.26829 -3.89779e-7 1.452676 11.96354 -3.83727e-7 -1.452638 11.96354 0 -4.273453 11.26828 0 -6.846012 9.918092 0 -9.020606 7.99157 2.68752e-7 -10.67098 5.600621 2.57052e-7 -11.70123 2.884027 -3.69703e-7 -12.05141 -4.76255e-6 -3.80767e-7 -11.70122 -2.884097 0 -10.67102 -5.600542 0 -9.020579 -7.991597 0 -6.846017 -9.9181 2.64834e-7 -4.273573 -11.26825 0 -1.452564 -11.96354 -3.77991e-7 1.45269 -11.96354 -3.77991e-7 4.27354 -11.26824 0 6.845963 -9.918137 0 9.020647 -7.991521 0 10.671 -5.600556 0 11.70122 -2.884085 3.69702e-7 8.788381 2.166197 7.569026 9.051424 -5.1721e-5 7.569026 8.788395 -2.166133 7.569026 8.014636 -4.206391 7.569026 6.775092 -6.002192 7.569026 5.141794 -7.449156 7.569026 3.209685 -8.463214 7.569026 1.091036 -8.98542 7.569026 -1.090965 -8.98542 7.569026 -3.209721 -8.463211 7.569026 -5.141781 -7.449169 7.569026 -6.77508 -6.002204 7.569026 -8.014622 -4.206403 7.569026 -8.788393 -2.166148 7.569026 -9.051416 -3.19274e-6 7.569026 -8.788403 2.166089 7.569026 -8.014612 4.206451 7.569026 -6.775078 6.002195 7.569026 -5.14179 7.449172 7.569026 -3.209673 8.463213 7.569026 -1.091027 8.985419 7.569026 1.091027 8.985415 7.569026 3.209621 8.463227 7.569026 5.141837 7.449143 7.569026 6.775077 6.002196 7.569026 8.014629 4.206401 7.569026 11.7012 2.88416 4.569026 12.05142 -4.32664e-5 4.569027 11.70122 -2.884085 4.569027 10.67101 -5.600556 4.569026 9.02065 -7.991525 4.569026 6.84596 -9.918132 4.569026 4.273518 -11.26825 4.569026 1.452666 -11.96354 4.569026 -1.452564 -11.96355 4.569026 -4.27355 -11.26825 4.569026 -6.845995 -9.91811 4.569027 -9.020583 -7.991601 4.569026 -10.67101 -5.600539 4.569026 -11.70122 -2.884097 4.569026 -12.05141 -5.09554e-6 4.569026 -11.70123 2.884028 4.569026 -10.67098 5.600622 4.569027 -9.020606 7.99157 4.569027 -6.846015 9.918097 4.569026 -4.273451 11.26828 4.569026 -1.452638 11.96354 4.569026 1.452628 11.96354 4.569026 4.273436 11.26827 4.569026 6.846032 9.918094 4.569027 9.020616 7.991558 4.569027 10.67099 5.600571 4.569026 8.766996 2.160926 34.63232 9.029374 -5.21064e-5 34.63232 8.767004 -2.16086 34.63232 7.995124 -4.196151 34.63232 6.758594 -5.987576 34.63232 5.129281 -7.431026 34.63232 3.201871 -8.442613 34.63232 1.08838 -8.963544 34.63232 -1.088311 -8.96356 34.63232 -3.201903 -8.442594 34.63232 -5.129266 -7.431037 34.63232 -6.758584 -5.987589 34.63232 -7.995116 -4.196166 34.63232 -8.767002 -2.160875 34.63232 -9.029379 -3.26924e-6 34.63232 -8.767023 2.160819 34.63232 -7.995087 4.196205 34.63232 -6.758587 5.987585 34.63232 -5.129271 7.431034 34.63232 -3.201861 8.442616 34.63232 -1.088371 8.963545 34.63232 1.088371 8.963544 34.63232 3.201814 8.442643 34.63232 5.129312 7.430997 34.63232 6.758586 5.987586 34.63232 7.995118 4.196162 34.63232</float_array>
          <technique_common>
            <accessor source="#Örüntü_015-mesh-positions-array" count="390" stride="3">
              <param name="X" type="float"/>
              <param name="Y" type="float"/>
              <param name="Z" type="float"/>
            </accessor>
          </technique_common>
        </source>
        <source id="Örüntü_015-mesh-normals">
          <float_array id="Örüntü_015-mesh-normals-array" count="825">0 0 -1 0.6777729 0 0.7352713 0.6580861 0.1621791 0.7352692 0.970945 0.2393028 0 1 0 0 0.6001374 0.3149623 0.7352782 0.8854585 0.4647185 0 0.5073194 0.4494552 0.7352668 0.7485129 0.6631203 0 0.3850026 0.5578037 0.7352742 0.5680589 0.822988 0 0.240339 0.6337319 0.7352694 0.3546027 0.9350171 0 0.08166998 0.6728314 0.7352742 0.1205182 0.9927111 0 -0.08166998 0.6728314 0.7352742 -0.1205182 0.9927111 0 -0.240339 0.6337319 0.7352694 -0.3546027 0.9350171 0 -0.3850026 0.5578037 0.7352742 -0.5680589 0.822988 0 -0.5073194 0.4494552 0.7352668 -0.7485129 0.6631203 0 -0.6001374 0.3149623 0.7352782 -0.8854585 0.4647185 0 -0.6580861 0.1621791 0.7352692 -0.970945 0.2393028 0 -0.6777729 0 0.7352713 -1 0 0 -0.6580861 -0.1621791 0.7352692 -0.970945 -0.2393028 0 -0.6001374 -0.3149623 0.7352782 -0.8854585 -0.4647185 0 -0.5073264 -0.4494308 0.7352768 -0.7485129 -0.6631203 0 -0.3850286 -0.5577971 0.7352655 -0.5680589 -0.822988 0 -0.240339 -0.6337319 0.7352694 -0.3546027 -0.9350171 0 -0.08166998 -0.6728314 0.7352742 -0.1205182 -0.9927111 0 0.08166998 -0.6728314 0.7352742 0.1205182 -0.9927111 0 0.240339 -0.6337319 0.7352694 0.3546027 -0.9350171 0 0.3850026 -0.5578037 0.7352742 0.5680589 -0.822988 0 0.5073194 -0.4494552 0.7352668 0.7485129 -0.6631203 0 0.6001569 -0.3149565 0.7352647 0.8854585 -0.4647185 0 0.6580861 -0.1621791 0.7352692 0.970945 -0.2393028 0 -0.5073194 -0.4494552 0.7352668 -0.3850026 -0.5578037 0.7352742 0.08170032 -0.6728298 0.7352724 0.6001374 -0.3149623 0.7352782 0.7110479 0.175244 0.6809555 0.7322781 0 0.6810058 0.6484171 0.3403229 0.6809815 0.5481587 0.4856244 0.6809486 0.41601 0.6026973 0.680949 0.2596909 0.6847368 0.6809524 0.08826148 0.7269974 0.680944 -0.08826148 0.7269974 0.680944 -0.259657 0.684728 0.6809741 -0.4160353 0.6026897 0.6809405 -0.5481046 0.4856306 0.6809877 -0.6484483 0.3403232 0.6809516 -0.7110479 0.175244 0.6809555 -0.7323368 0 0.6809427 -0.7110479 -0.175244 0.6809555 -0.6484483 -0.3403232 0.6809516 -0.5481587 -0.4856244 0.6809486 -0.41601 -0.6026973 0.680949 -0.2596909 -0.6847368 0.6809524 -0.08826148 -0.7269974 0.680944 0.08826148 -0.7269974 0.680944 0.2596909 -0.6847368 0.6809524 0.41601 -0.6026973 0.680949 0.5481587 -0.4856244 0.6809486 0.6484659 -0.3403164 0.6809381 0.7110479 -0.175244 0.6809555 5.94829e-7 0 1 -4.82735e-7 0 1 -1.69284e-6 0 1 6.26271e-7 0 1 0 0 1 3.38566e-6 0 1 -1.93103e-6 0 1 6.77133e-6 0 1 -1.93103e-6 0 1 -3.86215e-6 0 1 -1.69283e-6 0 1 8.46416e-7 0 1 -9.65515e-7 0 1 1.40216e-6 0 1 -4.82758e-7 0 1 8.46414e-7 0 1 -1.76528e-6 0 1 -3.38567e-6 0 1 2.41367e-6 0 1 9.65539e-7 0 1 -1.93108e-6 0 1 9.65537e-7 0 1 0.7323368 0 -0.6809427 0.7110479 0.175244 -0.6809555 0.9010006 0.2220608 0.3726752 0.9279644 0 0.372669 0.6484483 0.3403232 -0.6809516 0.8216739 0.4312392 0.3726724 0.5481587 0.4856244 -0.6809486 0.6945867 0.6153588 0.3726701 0.41601 0.6026973 -0.680949 0.5271269 0.7637113 0.3726694 0.2596909 0.6847368 -0.6809524 0.3290585 0.867662 0.3726705 0.08826148 0.7269974 -0.680944 0.1118535 0.9211972 0.3726722 -0.08826148 0.7269974 -0.680944 -0.1118535 0.9211972 0.3726722 -0.2596909 0.6847368 -0.6809524 -0.3290585 0.867662 0.3726705 -0.41601 0.6026973 -0.680949 -0.5271269 0.7637113 0.3726694 -0.5481587 0.4856244 -0.6809486 -0.6945867 0.6153588 0.3726701 -0.6484483 0.3403232 -0.6809516 -0.8216739 0.4312392 0.3726724 -0.7110479 0.175244 -0.6809555 -0.9010064 0.2220547 0.3726651 -0.7323368 0 -0.6809427 -0.9279644 0 0.372669 -0.7110479 -0.175244 -0.6809555 -0.9010006 -0.2220608 0.3726752 -0.6484483 -0.3403232 -0.6809516 -0.8216739 -0.4312392 0.3726724 -0.5481587 -0.4856244 -0.6809486 -0.6945867 -0.6153588 0.3726701 -0.41601 -0.6026973 -0.680949 -0.5271269 -0.7637113 0.3726694 -0.2596909 -0.6847368 -0.6809524 -0.3290585 -0.867662 0.3726705 -0.08826148 -0.7269974 -0.680944 -0.1118234 -0.9212003 0.3726735 0.08826148 -0.7269974 -0.680944 0.1118535 -0.9211972 0.3726722 0.2596909 -0.6847368 -0.6809524 0.3290585 -0.867662 0.3726705 0.41601 -0.6026973 -0.680949 0.5271269 -0.7637113 0.3726694 0.5481587 -0.4856244 -0.6809486 0.6945867 -0.6153588 0.3726701 0.6484483 -0.3403232 -0.6809516 0.8216739 -0.4312392 0.3726724 0.7110479 -0.175244 -0.6809555 0.9010006 -0.2220608 0.3726752 -0.1118535 -0.9211972 0.3726722 -0.9010006 0.2220608 0.3726752 0.5271391 0.7636986 0.3726781 -1.29874e-7 0 -1 1.25994e-7 -2.528e-7 -1 0 0 -1 -1.40905e-7 0 -1 0 0 -1 0 0 -1 0 0 -1 0 0 -1 0 0 -1 2.2781e-7 0 -1 0 -1.24192e-7 -1 0 -1.25407e-7 -1 -1.32078e-7 0 -1 0 0 -1 0 0 -1 0 0 -1 0 0 -1 0 0 -1 0 2.22798e-7 -1 1.25997e-7 0 -1 1.23254e-7 0 -1 1.25997e-7 0 -1 0 0 -1 0 0 -1 0 0 -1 0 1.22336e-7 -1 -1.22537e-7 0 -1 0 1.25997e-7 -1 0 1.25997e-7 -1 0 1.38135e-7 -1 0 0 -1 0 0 -1 1.25997e-7 0 -1 1.23254e-7 0 -1 -1.31289e-5 0 1 2.41903e-5 0 1 4.58568e-5 0 1 1.30979e-5 0 1 1.65855e-5 0 1 -5.77651e-6 0 1 -2.72202e-5 0 1 2.34136e-5 0 1 -1.25213e-6 0 1 -1.27974e-5 0 1 6.88545e-6 0 1 1.24907e-6 0 1 -1.00144e-5 0 1 3.12238e-6 0 1 -5.00661e-6 0 1 2.49741e-6 0 1 -1.87785e-6 0 1 4.9948e-6 0 1 -9.69981e-6 0 1 -1.81091e-5 0 1 3.69385e-5 0 1 -3.02783e-5 0 1 5.79039e-6 0 1 -3.68485e-5 0 1 4.95321e-6 0 1 3.41893e-5 0 1 3.86538e-5 0 1 -4.94127e-6 0 1 6.25816e-7 0 1 1.40491e-6 0 1 1.2207e-5 0 1 -6.24324e-7 0 1 2.7535e-5 0 1 -1.21771e-5 0 1 -1.31476e-5 0 1 1.24856e-5 0 1 3.12276e-6 0 1 1.00175e-5 0 1 -6.87062e-6 0 1 -6.88393e-6 0 1 9.99332e-6 0 1 1.22069e-5 0 1 -3.309e-5 0 1 2.34716e-5 0 1 -1.21767e-5 0 1 1.58023e-5 0 1 -2.34159e-5 0 1 0.3954084 0.09744817 0.9133214 0.4072482 0 0.9133176 0.3954084 -0.09744817 0.9133214 0.360587 -0.1892509 0.9133242 0.3048002 -0.2700383 0.9133325 0.231338 -0.335135 0.9133276 0.1443883 -0.3807627 0.91333 0.0490753 -0.4042611 0.9133262 -0.0490753 -0.4042611 0.9133262 -0.1443883 -0.3807627 0.91333 -0.231338 -0.335135 0.9133276 -0.3048279 -0.2700358 0.9133241 -0.360587 -0.1892509 0.9133242 -0.3953827 -0.09744936 0.9133325 -0.4072482 0 0.9133176 -0.3953827 0.09744936 0.9133325 -0.360587 0.1892509 0.9133242 -0.3048279 0.2700358 0.9133241 -0.2313092 0.3351374 0.9133341 -0.1443883 0.3807627 0.91333 -0.0490753 0.4042611 0.9133262 0.0490753 0.4042611 0.9133262 0.1443883 0.3807627 0.91333 0.2313092 0.3351374 0.9133341 0.3048279 0.2700358 0.9133241 0.360587 0.1892509 0.9133242 0.4072228 0 0.913329 -0.3048002 -0.2700383 0.9133325 -0.3954084 -0.09744817 0.9133214 -0.4072114 0 0.913334 -0.3954084 0.09744817 0.9133214 -0.3048002 0.2700383 0.9133325 -0.231338 0.335135 0.9133276 0.231338 0.335135 0.9133276</float_array>
          <technique_common>
            <accessor source="#Örüntü_015-mesh-normals-array" count="275" stride="3">
              <param name="X" type="float"/>
              <param name="Y" type="float"/>
              <param name="Z" type="float"/>
            </accessor>
          </technique_common>
        </source>
        <source id="Örüntü_015-mesh-map-0">
          <float_array id="Örüntü_015-mesh-map-0-array" count="4656">0.6730771 0 0.6346154 0 0.5961539 0 0.5961539 0 0.5576923 0 0.5192307 0 0.5192307 0 0.4807692 0 0.4423076 0 0.5961539 0 0.5192307 0 0.4423076 0 0.4423076 0 0.4038461 0 0.3653845 0 0.3653845 0 0.326923 0 0.2884615 0 0.4423076 0 0.3653845 0 0.2884615 0 0.5961539 0 0.4423076 0 0.2884615 0 0.2884615 0 0.25 0 0.2115384 0 0.2115384 0 0.1730769 0 0.1346154 0 0.2884615 0 0.2115384 0 0.1346154 0 0.1346154 0 0.09615391 0 0.05769234 0 0.05769234 0 0.0192309 0 -0.01923066 0 0.1346154 0 0.05769234 0 -0.01923066 0 0.2884615 0 0.1346154 0 -0.01923066 0 0.5961539 0 0.2884615 0 -0.01923066 0 -0.01923066 0 -0.05769217 0 -0.09615373 0 -0.09615373 0 -0.1346153 0 -0.1730768 0 -0.01923066 0 -0.09615373 0 -0.1730768 0 0.5961539 0 -0.01923066 0 -0.1730768 0 -0.1730768 0 -0.2115384 0 -0.25 0 0.5961539 0 -0.1730768 0 -0.25 0 0.6730771 0 0.5961539 0 -0.25 0 -0.2884613 0 0.6730771 0 -0.25 0 0.7499991 0.02945142 0.7884625 0.02945142 0.7884625 0.1326756 0.7884625 0.1326756 0.7499991 0.1326756 0.7499991 0.02945142 0.7884625 0.02945142 0.8269231 0.02945142 0.8269231 0.1326756 0.8269231 0.1326756 0.7884625 0.1326756 0.7884625 0.02945142 0.8269231 0.02945142 0.8653846 0.02945142 0.8653847 0.1326756 0.8653847 0.1326756 0.8269231 0.1326756 0.8269231 0.02945142 0.8653846 0.02945142 0.9038453 0.02945142 0.9038453 0.1326756 0.9038453 0.1326756 0.8653847 0.1326756 0.8653846 0.02945142 0.9038453 0.02945142 0.9423087 0.02945142 0.9423087 0.1326756 0.9423087 0.1326756 0.9038453 0.1326756 0.9038453 0.02945142 0.9423087 0.02945142 0.9807693 0.02945142 0.9807693 0.1326756 0.9807693 0.1326756 0.9423087 0.1326756 0.9423087 0.02945142 0.9807693 0.02945142 1.019231 0.02945142 1.019231 0.1326756 1.019231 0.1326756 0.9807693 0.1326756 0.9807693 0.02945142 0.01923084 0.02945142 0.05769228 0.02945142 0.05769228 0.1326756 0.05769228 0.1326756 0.01923084 0.1326756 0.01923084 0.02945142 0.05769228 0.02945142 0.09615385 0.02945142 0.09615385 0.1326756 0.09615385 0.1326756 0.05769228 0.1326756 0.05769228 0.02945142 0.09615385 0.02945142 0.1346154 0.02945142 0.1346154 0.1326756 0.1346154 0.1326756 0.09615385 0.1326756 0.09615385 0.02945142 0.1346154 0.02945142 0.173076 0.02945142 0.173076 0.1326756 0.173076 0.1326756 0.1346154 0.1326756 0.1346154 0.02945142 0.173076 0.02945142 0.2115394 0.02945142 0.2115394 0.1326756 0.2115394 0.1326756 0.173076 0.1326756 0.173076 0.02945142 0.2115394 0.02945142 0.25 0.02945142 0.25 0.1326756 0.25 0.1326756 0.2115394 0.1326756 0.2115394 0.02945142 0.25 0.02945142 0.2884615 0.02945142 0.2884615 0.1326756 0.2884615 0.1326756 0.25 0.1326756 0.25 0.02945142 0.2884615 0.02945142 0.3269231 0.02945142 0.3269231 0.1326756 0.3269231 0.1326756 0.2884615 0.1326756 0.2884615 0.02945142 0.3269231 0.02945142 0.3653846 0.02945142 0.3653846 0.1326756 0.3653846 0.1326756 0.3269231 0.1326756 0.3269231 0.02945142 0.3653846 0.02945142 0.4038462 0.02945142 0.4038462 0.1326756 0.4038462 0.1326756 0.3653846 0.1326756 0.3653846 0.02945142 0.4038462 0.02945142 0.4423068 0.02945142 0.4423068 0.1326756 0.4423068 0.1326756 0.4038462 0.1326756 0.4038462 0.02945142 0.4423068 0.02945142 0.4807702 0.02945142 0.4807702 0.1326756 0.4807702 0.1326756 0.4423068 0.1326756 0.4423068 0.02945142 0.4807702 0.02945142 0.5192308 0.02945142 0.5192308 0.1326756 0.5192308 0.1326756 0.4807702 0.1326756 0.4807702 0.02945142 0.5192308 0.02945142 0.5576924 0.02945142 0.5576924 0.1326756 0.5576924 0.1326756 0.5192308 0.1326756 0.5192308 0.02945142 0.5576924 0.02945142 0.5961539 0.02945142 0.5961539 0.1326756 0.5961539 0.1326756 0.5576924 0.1326756 0.5576924 0.02945142 0.5961539 0.02945142 0.6346155 0.02945142 0.6346155 0.1326756 0.6346155 0.1326756 0.5961539 0.1326756 0.5961539 0.02945142 0.6346155 0.02945142 0.6730771 0.02945142 0.6730771 0.1326756 0.6730771 0.1326756 0.6346155 0.1326756 0.6346155 0.02945142 0.6730771 0.02945142 0.7115386 0.02945142 0.7115386 0.1326756 0.7115386 0.1326756 0.6730771 0.1326756 0.6730771 0.02945142 0.7115386 0.02945142 0.7499991 0.02945142 0.7499991 0.1326756 0.7499991 0.1326756 0.7115386 0.1326756 0.7115386 0.02945142 0.75 0.135779 0.7884616 0.135779 0.7884616 0.3242542 0.7884616 0.3242542 0.75 0.3242542 0.75 0.135779 0.7884616 0.135779 0.8269231 0.135779 0.8269231 0.3242542 0.8269231 0.3242542 0.7884616 0.3242542 0.7884616 0.135779 0.8269231 0.135779 0.8653847 0.135779 0.8653847 0.3242542 0.8653847 0.3242542 0.8269231 0.3242542 0.8269231 0.135779 0.8653847 0.135779 0.9038463 0.135779 0.9038463 0.3242542 0.9038463 0.3242542 0.8653847 0.3242542 0.8653847 0.135779 0.9038463 0.135779 0.9423078 0.135779 0.9423078 0.3242542 0.9423078 0.3242542 0.9038463 0.3242542 0.9038463 0.135779 0.9423078 0.135779 0.9807693 0.135779 0.9807693 0.3242542 0.9807693 0.3242542 0.9423078 0.3242542 0.9423078 0.135779 0.9807693 0.135779 1.019231 0.135779 1.019231 0.3242542 1.019231 0.3242542 0.9807693 0.3242542 0.9807693 0.135779 0.0192309 0.135779 0.05769234 0.135779 0.05769234 0.3242542 0.05769234 0.3242542 0.0192309 0.3242542 0.0192309 0.135779 0.05769234 0.135779 0.09615391 0.135779 0.09615391 0.3242542 0.09615391 0.3242542 0.05769234 0.3242542 0.05769234 0.135779 0.09615391 0.135779 0.1346154 0.135779 0.1346154 0.3242542 0.1346154 0.3242542 0.09615391 0.3242542 0.09615391 0.135779 0.1346154 0.135779 0.1730769 0.135779 0.1730769 0.3242542 0.1730769 0.3242542 0.1346154 0.3242542 0.1346154 0.135779 0.1730769 0.135779 0.2115384 0.135779 0.2115384 0.3242542 0.2115384 0.3242542 0.1730769 0.3242542 0.1730769 0.135779 0.2115384 0.135779 0.25 0.135779 0.25 0.3242542 0.25 0.3242542 0.2115384 0.3242542 0.2115384 0.135779 0.25 0.135779 0.2884615 0.135779 0.2884615 0.3242542 0.2884615 0.3242542 0.25 0.3242542 0.25 0.135779 0.2884615 0.135779 0.326923 0.135779 0.326923 0.3242542 0.326923 0.3242542 0.2884615 0.3242542 0.2884615 0.135779 0.326923 0.135779 0.3653845 0.135779 0.3653845 0.3242542 0.3653845 0.3242542 0.326923 0.3242542 0.326923 0.135779 0.3653845 0.135779 0.4038461 0.135779 0.4038461 0.3242542 0.4038461 0.3242542 0.3653845 0.3242542 0.3653845 0.135779 0.4038461 0.135779 0.4423076 0.135779 0.4423076 0.3242542 0.4423076 0.3242542 0.4038461 0.3242542 0.4038461 0.135779 0.4423076 0.135779 0.4807692 0.135779 0.4807692 0.3242542 0.4807692 0.3242542 0.4423076 0.3242542 0.4423076 0.135779 0.4807692 0.135779 0.5192307 0.135779 0.5192307 0.3242542 0.5192307 0.3242542 0.4807692 0.3242542 0.4807692 0.135779 0.5192307 0.135779 0.5576923 0.135779 0.5576923 0.3242542 0.5576923 0.3242542 0.5192307 0.3242542 0.5192307 0.135779 0.5576923 0.135779 0.5961539 0.135779 0.5961539 0.3242542 0.5961539 0.3242542 0.5576923 0.3242542 0.5576923 0.135779 0.5961539 0.135779 0.6346154 0.135779 0.6346154 0.3242542 0.6346154 0.3242542 0.5961539 0.3242542 0.5961539 0.135779 0.6346154 0.135779 0.6730771 0.135779 0.6730771 0.3242542 0.6730771 0.3242542 0.6346154 0.3242542 0.6346154 0.135779 0.6730771 0.135779 0.7115387 0.135779 0.7115387 0.3242542 0.7115387 0.3242542 0.6730771 0.3242542 0.6730771 0.135779 0.7115387 0.135779 0.75 0.135779 0.75 0.3242542 0.75 0.3242542 0.7115387 0.3242542 0.7115387 0.135779 0.75 0.3242542 0.7884616 0.3242542 0.7884616 0.4863813 0.7884616 0.4863813 0.75 0.4863813 0.75 0.3242542 0.7884616 0.3242542 0.8269231 0.3242542 0.8269231 0.4863813 0.8269231 0.4863813 0.7884616 0.4863813 0.7884616 0.3242542 0.8269231 0.3242542 0.8653847 0.3242542 0.8653847 0.4863813 0.8653847 0.4863813 0.8269231 0.4863813 0.8269231 0.3242542 0.8653847 0.3242542 0.9038463 0.3242542 0.9038463 0.4863813 0.9038463 0.4863813 0.8653847 0.4863813 0.8653847 0.3242542 0.9038463 0.3242542 0.9423078 0.3242542 0.9423078 0.4863813 0.9423078 0.4863813 0.9038463 0.4863813 0.9038463 0.3242542 0.9423078 0.3242542 0.9807693 0.3242542 0.9807693 0.4863813 0.9807693 0.4863813 0.9423078 0.4863813 0.9423078 0.3242542 0.9807693 0.3242542 1.019231 0.3242542 1.019231 0.4863813 1.019231 0.4863813 0.9807693 0.4863813 0.9807693 0.3242542 0.0192309 0.3242542 0.05769234 0.3242542 0.05769234 0.4863813 0.05769234 0.4863813 0.0192309 0.4863813 0.0192309 0.3242542 0.05769234 0.3242542 0.09615391 0.3242542 0.09615391 0.4863813 0.09615391 0.4863813 0.05769234 0.4863813 0.05769234 0.3242542 0.09615391 0.3242542 0.1346154 0.3242542 0.1346154 0.4863813 0.1346154 0.4863813 0.09615391 0.4863813 0.09615391 0.3242542 0.1346154 0.3242542 0.1730769 0.3242542 0.1730769 0.4863813 0.1730769 0.4863813 0.1346154 0.4863813 0.1346154 0.3242542 0.1730769 0.3242542 0.2115384 0.3242542 0.2115384 0.4863813 0.2115384 0.4863813 0.1730769 0.4863813 0.1730769 0.3242542 0.2115384 0.3242542 0.25 0.3242542 0.25 0.4863813 0.25 0.4863813 0.2115384 0.4863813 0.2115384 0.3242542 0.25 0.3242542 0.2884615 0.3242542 0.2884615 0.4863813 0.2884615 0.4863813 0.25 0.4863813 0.25 0.3242542 0.2884615 0.3242542 0.326923 0.3242542 0.326923 0.4863813 0.326923 0.4863813 0.2884615 0.4863813 0.2884615 0.3242542 0.326923 0.3242542 0.3653845 0.3242542 0.3653845 0.4863813 0.3653845 0.4863813 0.326923 0.4863813 0.326923 0.3242542 0.3653845 0.3242542 0.4038461 0.3242542 0.4038461 0.4863813 0.4038461 0.4863813 0.3653845 0.4863813 0.3653845 0.3242542 0.4038461 0.3242542 0.4423076 0.3242542 0.4423076 0.4863813 0.4423076 0.4863813 0.4038461 0.4863813 0.4038461 0.3242542 0.4423076 0.3242542 0.4807692 0.3242542 0.4807692 0.4863813 0.4807692 0.4863813 0.4423076 0.4863813 0.4423076 0.3242542 0.4807692 0.3242542 0.5192307 0.3242542 0.5192307 0.4863813 0.5192307 0.4863813 0.4807692 0.4863813 0.4807692 0.3242542 0.5192307 0.3242542 0.5576923 0.3242542 0.5576923 0.4863813 0.5576923 0.4863813 0.5192307 0.4863813 0.5192307 0.3242542 0.5576923 0.3242542 0.5961539 0.3242542 0.5961539 0.4863813 0.5961539 0.4863813 0.5576923 0.4863813 0.5576923 0.3242542 0.5961539 0.3242542 0.6346154 0.3242542 0.6346154 0.4863813 0.6346154 0.4863813 0.5961539 0.4863813 0.5961539 0.3242542 0.6346154 0.3242542 0.6730771 0.3242542 0.6730771 0.4863813 0.6730771 0.4863813 0.6346154 0.4863813 0.6346154 0.3242542 0.6730771 0.3242542 0.7115387 0.3242542 0.7115387 0.4863813 0.7115387 0.4863813 0.6730771 0.4863813 0.6730771 0.3242542 0.7115387 0.3242542 0.75 0.3242542 0.75 0.4863813 0.75 0.4863813 0.7115387 0.4863813 0.7115387 0.3242542 0.75 0.4863813 0.7884616 0.4863813 0.7884616 0.6485084 0.7884616 0.6485084 0.75 0.6485084 0.75 0.4863813 0.7884616 0.4863813 0.8269231 0.4863813 0.8269231 0.6485084 0.8269231 0.6485084 0.7884616 0.6485084 0.7884616 0.4863813 0.8269231 0.4863813 0.8653847 0.4863813 0.8653847 0.6485084 0.8653847 0.6485084 0.8269231 0.6485084 0.8269231 0.4863813 0.8653847 0.4863813 0.9038463 0.4863813 0.9038463 0.6485084 0.9038463 0.6485084 0.8653847 0.6485084 0.8653847 0.4863813 0.9038463 0.4863813 0.9423078 0.4863813 0.9423078 0.6485084 0.9423078 0.6485084 0.9038463 0.6485084 0.9038463 0.4863813 0.9423078 0.4863813 0.9807693 0.4863813 0.9807693 0.6485084 0.9807693 0.6485084 0.9423078 0.6485084 0.9423078 0.4863813 0.9807693 0.4863813 1.019231 0.4863813 1.019231 0.6485084 1.019231 0.6485084 0.9807693 0.6485084 0.9807693 0.4863813 0.0192309 0.4863813 0.05769234 0.4863813 0.05769234 0.6485084 0.05769234 0.6485084 0.0192309 0.6485084 0.0192309 0.4863813 0.05769234 0.4863813 0.09615391 0.4863813 0.09615391 0.6485084 0.09615391 0.6485084 0.05769234 0.6485084 0.05769234 0.4863813 0.09615391 0.4863813 0.1346154 0.4863813 0.1346154 0.6485084 0.1346154 0.6485084 0.09615391 0.6485084 0.09615391 0.4863813 0.1346154 0.4863813 0.1730769 0.4863813 0.1730769 0.6485084 0.1730769 0.6485084 0.1346154 0.6485084 0.1346154 0.4863813 0.1730769 0.4863813 0.2115384 0.4863813 0.2115384 0.6485084 0.2115384 0.6485084 0.1730769 0.6485084 0.1730769 0.4863813 0.2115384 0.4863813 0.25 0.4863813 0.25 0.6485084 0.25 0.6485084 0.2115384 0.6485084 0.2115384 0.4863813 0.25 0.4863813 0.2884615 0.4863813 0.2884615 0.6485084 0.2884615 0.6485084 0.25 0.6485084 0.25 0.4863813 0.2884615 0.4863813 0.326923 0.4863813 0.326923 0.6485084 0.326923 0.6485084 0.2884615 0.6485084 0.2884615 0.4863813 0.326923 0.4863813 0.3653845 0.4863813 0.3653845 0.6485084 0.3653845 0.6485084 0.326923 0.6485084 0.326923 0.4863813 0.3653845 0.4863813 0.4038461 0.4863813 0.4038461 0.6485084 0.4038461 0.6485084 0.3653845 0.6485084 0.3653845 0.4863813 0.4038461 0.4863813 0.4423076 0.4863813 0.4423076 0.6485084 0.4423076 0.6485084 0.4038461 0.6485084 0.4038461 0.4863813 0.4423076 0.4863813 0.4807692 0.4863813 0.4807692 0.6485084 0.4807692 0.6485084 0.4423076 0.6485084 0.4423076 0.4863813 0.4807692 0.4863813 0.5192307 0.4863813 0.5192307 0.6485084 0.5192307 0.6485084 0.4807692 0.6485084 0.4807692 0.4863813 0.5192307 0.4863813 0.5576923 0.4863813 0.5576923 0.6485084 0.5576923 0.6485084 0.5192307 0.6485084 0.5192307 0.4863813 0.5576923 0.4863813 0.5961539 0.4863813 0.5961539 0.6485084 0.5961539 0.6485084 0.5576923 0.6485084 0.5576923 0.4863813 0.5961539 0.4863813 0.6346154 0.4863813 0.6346154 0.6485084 0.6346154 0.6485084 0.5961539 0.6485084 0.5961539 0.4863813 0.6346154 0.4863813 0.6730771 0.4863813 0.6730771 0.6485084 0.6730771 0.6485084 0.6346154 0.6485084 0.6346154 0.4863813 0.6730771 0.4863813 0.7115387 0.4863813 0.7115387 0.6485084 0.7115387 0.6485084 0.6730771 0.6485084 0.6730771 0.4863813 0.7115387 0.4863813 0.75 0.4863813 0.75 0.6485084 0.75 0.6485084 0.7115387 0.6485084 0.7115387 0.4863813 0.75 0.6485084 0.7884616 0.6485084 0.7884616 0.8106356 0.7884616 0.8106356 0.75 0.8106356 0.75 0.6485084 0.7884616 0.6485084 0.8269231 0.6485084 0.8269231 0.8106356 0.8269231 0.8106356 0.7884616 0.8106356 0.7884616 0.6485084 0.8269231 0.6485084 0.8653847 0.6485084 0.8653847 0.8106356 0.8653847 0.8106356 0.8269231 0.8106356 0.8269231 0.6485084 0.8653847 0.6485084 0.9038463 0.6485084 0.9038463 0.8106356 0.9038463 0.8106356 0.8653847 0.8106356 0.8653847 0.6485084 0.9038463 0.6485084 0.9423078 0.6485084 0.9423078 0.8106356 0.9423078 0.8106356 0.9038463 0.8106356 0.9038463 0.6485084 0.9423078 0.6485084 0.9807693 0.6485084 0.9807693 0.8106356 0.9807693 0.8106356 0.9423078 0.8106356 0.9423078 0.6485084 0.9807693 0.6485084 1.019231 0.6485084 1.019231 0.8106356 1.019231 0.8106356 0.9807693 0.8106356 0.9807693 0.6485084 0.0192309 0.6485084 0.05769234 0.6485084 0.05769234 0.8106356 0.05769234 0.8106356 0.0192309 0.8106356 0.0192309 0.6485084 0.05769234 0.6485084 0.09615391 0.6485084 0.09615391 0.8106356 0.09615391 0.8106356 0.05769234 0.8106356 0.05769234 0.6485084 0.09615391 0.6485084 0.1346154 0.6485084 0.1346154 0.8106356 0.1346154 0.8106356 0.09615391 0.8106356 0.09615391 0.6485084 0.1346154 0.6485084 0.1730769 0.6485084 0.1730769 0.8106356 0.1730769 0.8106356 0.1346154 0.8106356 0.1346154 0.6485084 0.1730769 0.6485084 0.2115384 0.6485084 0.2115384 0.8106356 0.2115384 0.8106356 0.1730769 0.8106356 0.1730769 0.6485084 0.2115384 0.6485084 0.25 0.6485084 0.25 0.8106356 0.25 0.8106356 0.2115384 0.8106356 0.2115384 0.6485084 0.25 0.6485084 0.2884615 0.6485084 0.2884615 0.8106356 0.2884615 0.8106356 0.25 0.8106356 0.25 0.6485084 0.2884615 0.6485084 0.326923 0.6485084 0.326923 0.8106356 0.326923 0.8106356 0.2884615 0.8106356 0.2884615 0.6485084 0.326923 0.6485084 0.3653845 0.6485084 0.3653845 0.8106356 0.3653845 0.8106356 0.326923 0.8106356 0.326923 0.6485084 0.3653845 0.6485084 0.4038461 0.6485084 0.4038461 0.8106356 0.4038461 0.8106356 0.3653845 0.8106356 0.3653845 0.6485084 0.4038461 0.6485084 0.4423076 0.6485084 0.4423076 0.8106356 0.4423076 0.8106356 0.4038461 0.8106356 0.4038461 0.6485084 0.4423076 0.6485084 0.4807692 0.6485084 0.4807692 0.8106356 0.4807692 0.8106356 0.4423076 0.8106356 0.4423076 0.6485084 0.4807692 0.6485084 0.5192307 0.6485084 0.5192307 0.8106356 0.5192307 0.8106356 0.4807692 0.8106356 0.4807692 0.6485084 0.5192307 0.6485084 0.5576923 0.6485084 0.5576923 0.8106356 0.5576923 0.8106356 0.5192307 0.8106356 0.5192307 0.6485084 0.5576923 0.6485084 0.5961539 0.6485084 0.5961539 0.8106356 0.5961539 0.8106356 0.5576923 0.8106356 0.5576923 0.6485084 0.5961539 0.6485084 0.6346154 0.6485084 0.6346154 0.8106356 0.6346154 0.8106356 0.5961539 0.8106356 0.5961539 0.6485084 0.6346154 0.6485084 0.6730771 0.6485084 0.6730771 0.8106356 0.6730771 0.8106356 0.6346154 0.8106356 0.6346154 0.6485084 0.6730771 0.6485084 0.7115387 0.6485084 0.7115387 0.8106356 0.7115387 0.8106356 0.6730771 0.8106356 0.6730771 0.6485084 0.7115387 0.6485084 0.75 0.6485084 0.75 0.8106356 0.75 0.8106356 0.7115387 0.8106356 0.7115387 0.6485084 0.75 0.8106356 0.7884616 0.8106356 0.7884616 0.9727626 0.7884616 0.9727626 0.75 0.9727626 0.75 0.8106356 0.7884616 0.8106356 0.8269231 0.8106356 0.8269231 0.9727626 0.8269231 0.9727626 0.7884616 0.9727626 0.7884616 0.8106356 0.8269231 0.8106356 0.8653847 0.8106356 0.8653847 0.9727626 0.8653847 0.9727626 0.8269231 0.9727626 0.8269231 0.8106356 0.8653847 0.8106356 0.9038463 0.8106356 0.9038463 0.9727626 0.9038463 0.9727626 0.8653847 0.9727626 0.8653847 0.8106356 0.9038463 0.8106356 0.9423078 0.8106356 0.9423078 0.9727626 0.9423078 0.9727626 0.9038463 0.9727626 0.9038463 0.8106356 0.9423078 0.8106356 0.9807693 0.8106356 0.9807693 0.9727626 0.9807693 0.9727626 0.9423078 0.9727626 0.9423078 0.8106356 0.9807693 0.8106356 1.019231 0.8106356 1.019231 0.9727626 1.019231 0.9727626 0.9807693 0.9727626 0.9807693 0.8106356 0.0192309 0.8106356 0.05769234 0.8106356 0.05769234 0.9727626 0.05769234 0.9727626 0.0192309 0.9727626 0.0192309 0.8106356 0.05769234 0.8106356 0.09615391 0.8106356 0.09615391 0.9727626 0.09615391 0.9727626 0.05769234 0.9727626 0.05769234 0.8106356 0.09615391 0.8106356 0.1346154 0.8106356 0.1346154 0.9727626 0.1346154 0.9727626 0.09615391 0.9727626 0.09615391 0.8106356 0.1346154 0.8106356 0.1730769 0.8106356 0.1730769 0.9727626 0.1730769 0.9727626 0.1346154 0.9727626 0.1346154 0.8106356 0.1730769 0.8106356 0.2115384 0.8106356 0.2115384 0.9727626 0.2115384 0.9727626 0.1730769 0.9727626 0.1730769 0.8106356 0.2115384 0.8106356 0.25 0.8106356 0.25 0.9727626 0.25 0.9727626 0.2115384 0.9727626 0.2115384 0.8106356 0.25 0.8106356 0.2884615 0.8106356 0.2884615 0.9727626 0.2884615 0.9727626 0.25 0.9727626 0.25 0.8106356 0.2884615 0.8106356 0.326923 0.8106356 0.326923 0.9727626 0.326923 0.9727626 0.2884615 0.9727626 0.2884615 0.8106356 0.326923 0.8106356 0.3653845 0.8106356 0.3653845 0.9727626 0.3653845 0.9727626 0.326923 0.9727626 0.326923 0.8106356 0.3653845 0.8106356 0.4038461 0.8106356 0.4038461 0.9727626 0.4038461 0.9727626 0.3653845 0.9727626 0.3653845 0.8106356 0.4038461 0.8106356 0.4423076 0.8106356 0.4423076 0.9727626 0.4423076 0.9727626 0.4038461 0.9727626 0.4038461 0.8106356 0.4423076 0.8106356 0.4807692 0.8106356 0.4807692 0.9727626 0.4807692 0.9727626 0.4423076 0.9727626 0.4423076 0.8106356 0.4807692 0.8106356 0.5192307 0.8106356 0.5192307 0.9727626 0.5192307 0.9727626 0.4807692 0.9727626 0.4807692 0.8106356 0.5192307 0.8106356 0.5576923 0.8106356 0.5576923 0.9727626 0.5576923 0.9727626 0.5192307 0.9727626 0.5192307 0.8106356 0.5576923 0.8106356 0.5961539 0.8106356 0.5961539 0.9727626 0.5961539 0.9727626 0.5576923 0.9727626 0.5576923 0.8106356 0.5961539 0.8106356 0.6346154 0.8106356 0.6346154 0.9727626 0.6346154 0.9727626 0.5961539 0.9727626 0.5961539 0.8106356 0.6346154 0.8106356 0.6730771 0.8106356 0.6730771 0.9727626 0.6730771 0.9727626 0.6346154 0.9727626 0.6346154 0.8106356 0.6730771 0.8106356 0.7115387 0.8106356 0.7115387 0.9727626 0.7115387 0.9727626 0.6730771 0.9727626 0.6730771 0.8106356 0.7115387 0.8106356 0.75 0.8106356 0.75 0.9727626 0.75 0.9727626 0.7115387 0.9727626 0.7115387 0.8106356 0.75 0 0.7884616 0 0.7884625 0 0.7884625 0 0.7499991 0 0.75 0 0.7884616 0 0.8269231 0 0.8269231 0 0.8269231 0 0.7884625 0 0.7884616 0 0.8269231 0 0.8653847 0 0.8653847 0 0.8653847 0 0.8269231 0 0.8269231 0 0.8653847 0 0.9038463 0 0.9038453 0 0.9038453 0 0.8653847 0 0.8653847 0 0.9038463 0 0.9423078 0 0.9423087 0 0.9423087 0 0.9038453 0 0.9038463 0 0.9423078 0 0.9807693 0 0.9807693 0 0.9807693 0 0.9423087 0 0.9423078 0 0.9807693 0 1.019231 0 1.019231 0 1.019231 0 0.9807693 0 0.9807693 0 0.0192309 0 0.05769234 0 0.05769228 0 0.05769228 0 0.01923084 0 0.0192309 0 0.05769234 0 0.09615391 0 0.09615385 0 0.09615385 0 0.05769228 0 0.05769234 0 0.09615391 0 0.1346154 0 0.1346154 0 0.1346154 0 0.09615385 0 0.09615391 0 0.1346154 0 0.1730769 0 0.173076 0 0.173076 0 0.1346154 0 0.1346154 0 0.1730769 0 0.2115384 0 0.2115394 0 0.2115394 0 0.173076 0 0.1730769 0 0.2115384 0 0.25 0 0.25 0 0.25 0 0.2115394 0 0.2115384 0 0.25 0 0.2884615 0 0.2884615 0 0.2884615 0 0.25 0 0.25 0 0.2884615 0 0.326923 0 0.3269231 0 0.3269231 0 0.2884615 0 0.2884615 0 0.326923 0 0.3653845 0 0.3653846 0 0.3653846 0 0.3269231 0 0.326923 0 0.3653845 0 0.4038461 0 0.4038462 0 0.4038462 0 0.3653846 0 0.3653845 0 0.4038461 0 0.4423076 0 0.4423068 0 0.4423068 0 0.4038462 0 0.4038461 0 0.4423076 0 0.4807692 0 0.4807702 0 0.4807702 0 0.4423068 0 0.4423076 0 0.4807692 0 0.5192307 0 0.5192308 0 0.5192308 0 0.4807702 0 0.4807692 0 0.5192307 0 0.5576923 0 0.5576924 0 0.5576924 0 0.5192308 0 0.5192307 0 0.5576923 0 0.5961539 0 0.5961539 0 0.5961539 0 0.5576924 0 0.5576923 0 0.5961539 0 0.6346154 0 0.6346155 0 0.6346155 0 0.5961539 0 0.5961539 0 0.6346154 0 0.6730771 0 0.6730771 0 0.6730771 0 0.6346155 0 0.6346154 0 0.6730771 0 0.7115387 0 0.7115386 0 0.7115386 0 0.6730771 0 0.6730771 0 0.7115387 0 0.75 0 0.7499991 0 0.7499991 0 0.7115386 0 0.7115387 0 0.7884616 0.135779 0.75 0.135779 0.7499991 0.135779 0.7499991 0.135779 0.7884624 0.135779 0.7884616 0.135779 0.75 0.135779 0.7115387 0.135779 0.7115386 0.135779 0.7115386 0.135779 0.7499991 0.135779 0.75 0.135779 0.7115387 0.135779 0.6730771 0.135779 0.6730771 0.135779 0.6730771 0.135779 0.7115386 0.135779 0.7115387 0.135779 0.6730771 0.135779 0.6346154 0.135779 0.6346155 0.135779 0.6346155 0.135779 0.6730771 0.135779 0.6730771 0.135779 0.6346154 0.135779 0.5961539 0.135779 0.5961539 0.135779 0.5961539 0.135779 0.6346155 0.135779 0.6346154 0.135779 0.5961539 0.135779 0.5576923 0.135779 0.5576924 0.135779 0.5576924 0.135779 0.5961539 0.135779 0.5961539 0.135779 0.5576923 0.135779 0.5192307 0.135779 0.5192308 0.135779 0.5192308 0.135779 0.5576924 0.135779 0.5576923 0.135779 0.5192307 0.135779 0.4807692 0.135779 0.4807702 0.135779 0.4807702 0.135779 0.5192308 0.135779 0.5192307 0.135779 0.4807692 0.135779 0.4423076 0.135779 0.4423068 0.135779 0.4423068 0.135779 0.4807702 0.135779 0.4807692 0.135779 0.4423076 0.135779 0.4038461 0.135779 0.4038462 0.135779 0.4038462 0.135779 0.4423068 0.135779 0.4423076 0.135779 0.4038461 0.135779 0.3653845 0.135779 0.3653846 0.135779 0.3653846 0.135779 0.4038462 0.135779 0.4038461 0.135779 0.3653845 0.135779 0.326923 0.135779 0.3269231 0.135779 0.3269231 0.135779 0.3653846 0.135779 0.3653845 0.135779 0.326923 0.135779 0.2884615 0.135779 0.2884615 0.135779 0.2884615 0.135779 0.3269231 0.135779 0.326923 0.135779 0.2884615 0.135779 0.25 0.135779 0.25 0.135779 0.25 0.135779 0.2884615 0.135779 0.2884615 0.135779 0.25 0.135779 0.2115384 0.135779 0.2115393 0.135779 0.2115393 0.135779 0.25 0.135779 0.25 0.135779 0.2115384 0.135779 0.1730769 0.135779 0.173076 0.135779 0.173076 0.135779 0.2115393 0.135779 0.2115384 0.135779 0.1730769 0.135779 0.1346154 0.135779 0.1346154 0.135779 0.1346154 0.135779 0.173076 0.135779 0.1730769 0.135779 0.1346154 0.135779 0.09615391 0.135779 0.09615385 0.135779 0.09615385 0.135779 0.1346154 0.135779 0.1346154 0.135779 0.09615391 0.135779 0.05769234 0.135779 0.05769228 0.135779 0.05769228 0.135779 0.09615385 0.135779 0.09615391 0.135779 0.05769234 0.135779 0.0192309 0.135779 0.01923084 0.135779 0.01923084 0.135779 0.05769228 0.135779 0.05769234 0.135779 0.0192309 0.135779 -0.01923066 0.135779 -0.01923072 0.135779 -0.01923072 0.135779 0.01923084 0.135779 0.0192309 0.135779 0.9807693 0.135779 0.9423078 0.135779 0.9423087 0.135779 0.9423087 0.135779 0.9807693 0.135779 0.9807693 0.135779 0.9423078 0.135779 0.9038463 0.135779 0.9038453 0.135779 0.9038453 0.135779 0.9423087 0.135779 0.9423078 0.135779 0.9038463 0.135779 0.8653847 0.135779 0.8653847 0.135779 0.8653847 0.135779 0.9038453 0.135779 0.9038463 0.135779 0.8653847 0.135779 0.8269231 0.135779 0.8269231 0.135779 0.8269231 0.135779 0.8653847 0.135779 0.8653847 0.135779 0.8269231 0.135779 0.7884616 0.135779 0.7884624 0.135779 0.7884624 0.135779 0.8269231 0.135779 0.8269231 0.135779 0.0192309 0.9727626 0.326923 0.9727626 0.6346154 0.9727626 0.7499988 0 0.7884618 0 0.7884625 0.01777827 0.7884625 0.01777827 0.7499994 0.01777827 0.7499988 0 0.7884618 0 0.8269231 0 0.8269231 0.01777827 0.8269231 0.01777827 0.7884625 0.01777827 0.7884618 0 0.8269231 0 0.8653845 0 0.8653845 0.01777827 0.8653845 0.01777827 0.8269231 0.01777827 0.8269231 0 0.8653845 0 0.9038454 0 0.9038454 0.01777827 0.9038454 0.01777827 0.8653845 0.01777827 0.8653845 0 0.9038454 0 0.9423091 0 0.9423084 0.01777827 0.9423084 0.01777827 0.9038454 0.01777827 0.9038454 0 0.9423091 0 0.9807687 0 0.9807694 0.01777827 0.9807694 0.01777827 0.9423084 0.01777827 0.9423091 0 0.9807687 0 1.019231 0 1.019231 0.01777827 1.019231 0.01777827 0.9807694 0.01777827 0.9807687 0 0.01923078 0 0.05769181 0 0.05769181 0.01777827 0.05769181 0.01777827 0.01923078 0.01777827 0.01923078 0 0.05769181 0 0.09615439 0 0.09615439 0.01777827 0.09615439 0.01777827 0.05769181 0.01777827 0.05769181 0 0.09615439 0 0.1346153 0 0.1346153 0.01777827 0.1346153 0.01777827 0.09615439 0.01777827 0.09615439 0 0.1346153 0 0.1730762 0 0.1730762 0.01777827 0.1730762 0.01777827 0.1346153 0.01777827 0.1346153 0 0.1730762 0 0.2115393 0 0.2115393 0.01777827 0.2115393 0.01777827 0.1730762 0.01777827 0.1730762 0 0.2115393 0 0.25 0 0.2500001 0.01777827 0.2500001 0.01777827 0.2115393 0.01777827 0.2115393 0 0.25 0 0.2884616 0 0.2884616 0.01777827 0.2884616 0.01777827 0.2500001 0.01777827 0.25 0 0.2884616 0 0.3269225 0 0.3269225 0.01777827 0.3269225 0.01777827 0.2884616 0.01777827 0.2884616 0 0.3269225 0 0.3653852 0 0.3653852 0.01777827 0.3653852 0.01777827 0.3269225 0.01777827 0.3269225 0 0.3653852 0 0.4038456 0 0.4038459 0.01777827 0.4038459 0.01777827 0.3653852 0.01777827 0.3653852 0 0.4038456 0 0.4423065 0 0.4423068 0.01777827 0.4423068 0.01777827 0.4038459 0.01777827 0.4038456 0 0.4423065 0 0.4807701 0 0.4807701 0.01777827 0.4807701 0.01777827 0.4423068 0.01777827 0.4423065 0 0.4807701 0 0.5192314 0 0.519231 0.01777827 0.519231 0.01777827 0.4807701 0.01777827 0.4807701 0 0.5192314 0 0.557693 0 0.5576927 0.01777827 0.5576927 0.01777827 0.519231 0.01777827 0.5192314 0 0.557693 0 0.5961534 0 0.5961534 0.01777827 0.5961534 0.01777827 0.5576927 0.01777827 0.557693 0 0.5961534 0 0.634616 0 0.634616 0.01777827 0.634616 0.01777827 0.5961534 0.01777827 0.5961534 0 0.634616 0 0.6730771 0 0.6730771 0.01777827 0.6730771 0.01777827 0.634616 0.01777827 0.634616 0 0.6730771 0 0.7115385 0 0.7115385 0.01777827 0.7115385 0.01777827 0.6730771 0.01777827 0.6730771 0 0.7115385 0 0.7499988 0 0.7499994 0.01777827 0.7499994 0.01777827 0.7115385 0.01777827 0.7115385 0 0.7884625 0.1347561 0.7499991 0.1347561 0.7499991 0.1326756 0.7499991 0.1326756 0.7884625 0.1326756 0.7884625 0.1347561 0.7499991 0.1347561 0.7115386 0.1347561 0.7115386 0.1326756 0.7115386 0.1326756 0.7499991 0.1326756 0.7499991 0.1347561 0.7115386 0.1347561 0.6730771 0.1347561 0.6730771 0.1326756 0.6730771 0.1326756 0.7115386 0.1326756 0.7115386 0.1347561 0.6730771 0.1347561 0.6346155 0.1347561 0.6346155 0.1326756 0.6346155 0.1326756 0.6730771 0.1326756 0.6730771 0.1347561 0.6346155 0.1347561 0.5961539 0.1347561 0.5961539 0.1326756 0.5961539 0.1326756 0.6346155 0.1326756 0.6346155 0.1347561 0.5961539 0.1347561 0.5576924 0.1347561 0.5576924 0.1326756 0.5576924 0.1326756 0.5961539 0.1326756 0.5961539 0.1347561 0.5576924 0.1347561 0.5192308 0.1347561 0.5192308 0.1326756 0.5192308 0.1326756 0.5576924 0.1326756 0.5576924 0.1347561 0.5192308 0.1347561 0.4807702 0.1347561 0.4807702 0.1326756 0.4807702 0.1326756 0.5192308 0.1326756 0.5192308 0.1347561 0.4807702 0.1347561 0.4423068 0.1347561 0.4423068 0.1326756 0.4423068 0.1326756 0.4807702 0.1326756 0.4807702 0.1347561 0.4423068 0.1347561 0.4038462 0.1347561 0.4038462 0.1326756 0.4038462 0.1326756 0.4423068 0.1326756 0.4423068 0.1347561 0.4038462 0.1347561 0.3653846 0.1347561 0.3653846 0.1326756 0.3653846 0.1326756 0.4038462 0.1326756 0.4038462 0.1347561 0.3653846 0.1347561 0.3269231 0.1347561 0.3269231 0.1326756 0.3269231 0.1326756 0.3653846 0.1326756 0.3653846 0.1347561 0.3269231 0.1347561 0.2884615 0.1347561 0.2884615 0.1326756 0.2884615 0.1326756 0.3269231 0.1326756 0.3269231 0.1347561 0.2884615 0.1347561 0.25 0.1347561 0.25 0.1326756 0.25 0.1326756 0.2884615 0.1326756 0.2884615 0.1347561 0.25 0.1347561 0.2115394 0.1347561 0.2115394 0.1326756 0.2115394 0.1326756 0.25 0.1326756 0.25 0.1347561 0.2115394 0.1347561 0.173076 0.1347561 0.173076 0.1326756 0.173076 0.1326756 0.2115394 0.1326756 0.2115394 0.1347561 0.173076 0.1347561 0.1346154 0.1347561 0.1346154 0.1326756 0.1346154 0.1326756 0.173076 0.1326756 0.173076 0.1347561 0.1346154 0.1347561 0.09615385 0.1347561 0.09615385 0.1326756 0.09615385 0.1326756 0.1346154 0.1326756 0.1346154 0.1347561 0.09615385 0.1347561 0.05769228 0.1347561 0.05769228 0.1326756 0.05769228 0.1326756 0.09615385 0.1326756 0.09615385 0.1347561 0.05769228 0.1347561 0.01923084 0.1347561 0.01923084 0.1326756 0.01923084 0.1326756 0.05769228 0.1326756 0.05769228 0.1347561 0.01923084 0.1347561 -0.01923072 0.1347561 -0.01923072 0.1326756 -0.01923072 0.1326756 0.01923084 0.1326756 0.01923084 0.1347561 0.9807693 0.1347561 0.9423087 0.1347561 0.9423087 0.1326756 0.9423087 0.1326756 0.9807693 0.1326756 0.9807693 0.1347561 0.9423087 0.1347561 0.9038453 0.1347561 0.9038453 0.1326756 0.9038453 0.1326756 0.9423087 0.1326756 0.9423087 0.1347561 0.9038453 0.1347561 0.8653847 0.1347561 0.8653847 0.1326756 0.8653847 0.1326756 0.9038453 0.1326756 0.9038453 0.1347561 0.8653847 0.1347561 0.8269231 0.1347561 0.8269231 0.1326756 0.8269231 0.1326756 0.8653847 0.1326756 0.8653847 0.1347561 0.8269231 0.1347561 0.7884625 0.1347561 0.7884625 0.1326756 0.7884625 0.1326756 0.8269231 0.1326756 0.8269231 0.1347561 0.7499991 0 0.7884625 0 0.7884618 0 0.7884618 0 0.7499988 0 0.7499991 0 0.7884625 0 0.8269231 0 0.8269231 0 0.8269231 0 0.7884618 0 0.7884625 0 0.8269231 0 0.8653847 0 0.8653845 0 0.8653845 0 0.8269231 0 0.8269231 0 0.8653847 0 0.9038453 0 0.9038454 0 0.9038454 0 0.8653845 0 0.8653847 0 0.9038453 0 0.9423087 0 0.9423091 0 0.9423091 0 0.9038454 0 0.9038453 0 0.9423087 0 0.9807693 0 0.9807687 0 0.9807687 0 0.9423091 0 0.9423087 0 0.9807693 0 1.019231 0 1.019231 0 1.019231 0 0.9807687 0 0.9807693 0 0.01923084 0 0.05769228 0 0.05769181 0 0.05769181 0 0.01923078 0 0.01923084 0 0.05769228 0 0.09615385 0 0.09615439 0 0.09615439 0 0.05769181 0 0.05769228 0 0.09615385 0 0.1346154 0 0.1346153 0 0.1346153 0 0.09615439 0 0.09615385 0 0.1346154 0 0.173076 0 0.1730762 0 0.1730762 0 0.1346153 0 0.1346154 0 0.173076 0 0.2115394 0 0.2115393 0 0.2115393 0 0.1730762 0 0.173076 0 0.2115394 0 0.25 0 0.25 0 0.25 0 0.2115393 0 0.2115394 0 0.25 0 0.2884615 0 0.2884616 0 0.2884616 0 0.25 0 0.25 0 0.2884615 0 0.3269231 0 0.3269225 0 0.3269225 0 0.2884616 0 0.2884615 0 0.3269231 0 0.3653846 0 0.3653852 0 0.3653852 0 0.3269225 0 0.3269231 0 0.3653846 0 0.4038462 0 0.4038456 0 0.4038456 0 0.3653852 0 0.3653846 0 0.4038462 0 0.4423068 0 0.4423065 0 0.4423065 0 0.4038456 0 0.4038462 0 0.4423068 0 0.4807702 0 0.4807701 0 0.4807701 0 0.4423065 0 0.4423068 0 0.4807702 0 0.5192308 0 0.5192314 0 0.5192314 0 0.4807701 0 0.4807702 0 0.5192308 0 0.5576924 0 0.557693 0 0.557693 0 0.5192314 0 0.5192308 0 0.5576924 0 0.5961539 0 0.5961534 0 0.5961534 0 0.557693 0 0.5576924 0 0.5961539 0 0.6346155 0 0.634616 0 0.634616 0 0.5961534 0 0.5961539 0 0.6346155 0 0.6730771 0 0.6730771 0 0.6730771 0 0.634616 0 0.6346155 0 0.6730771 0 0.7115386 0 0.7115385 0 0.7115385 0 0.6730771 0 0.6730771 0 0.7115386 0 0.7499991 0 0.7499988 0 0.7499988 0 0.7115385 0 0.7115386 0 0.7884625 0.02945142 0.7499991 0.02945142 0.7499991 0.02945142 0.7499991 0.02945142 0.7884625 0.02945142 0.7884625 0.02945142 0.7499991 0.02945142 0.7115386 0.02945142 0.7115386 0.02945142 0.7115386 0.02945142 0.7499991 0.02945142 0.7499991 0.02945142 0.7115386 0.02945142 0.6730771 0.02945142 0.6730771 0.02945142 0.6730771 0.02945142 0.7115386 0.02945142 0.7115386 0.02945142 0.6730771 0.02945142 0.6346155 0.02945142 0.6346156 0.02945142 0.6346156 0.02945142 0.6730771 0.02945142 0.6730771 0.02945142 0.6346155 0.02945142 0.5961539 0.02945142 0.5961539 0.02945142 0.5961539 0.02945142 0.6346156 0.02945142 0.6346155 0.02945142 0.5961539 0.02945142 0.5576924 0.02945142 0.5576924 0.02945142 0.5576924 0.02945142 0.5961539 0.02945142 0.5961539 0.02945142 0.5576924 0.02945142 0.5192308 0.02945142 0.5192308 0.02945142 0.5192308 0.02945142 0.5576924 0.02945142 0.5576924 0.02945142 0.5192308 0.02945142 0.4807702 0.02945142 0.4807702 0.02945142 0.4807702 0.02945142 0.5192308 0.02945142 0.5192308 0.02945142 0.4807702 0.02945142 0.4423068 0.02945142 0.4423068 0.02945142 0.4423068 0.02945142 0.4807702 0.02945142 0.4807702 0.02945142 0.4423068 0.02945142 0.4038462 0.02945142 0.4038462 0.02945142 0.4038462 0.02945142 0.4423068 0.02945142 0.4423068 0.02945142 0.4038462 0.02945142 0.3653846 0.02945142 0.3653846 0.02945142 0.3653846 0.02945142 0.4038462 0.02945142 0.4038462 0.02945142 0.3653846 0.02945142 0.3269231 0.02945142 0.3269231 0.02945142 0.3269231 0.02945142 0.3653846 0.02945142 0.3653846 0.02945142 0.3269231 0.02945142 0.2884615 0.02945142 0.2884615 0.02945142 0.2884615 0.02945142 0.3269231 0.02945142 0.3269231 0.02945142 0.2884615 0.02945142 0.25 0.02945142 0.25 0.02945142 0.25 0.02945142 0.2884615 0.02945142 0.2884615 0.02945142 0.25 0.02945142 0.2115394 0.02945142 0.2115394 0.02945142 0.2115394 0.02945142 0.25 0.02945142 0.25 0.02945142 0.2115394 0.02945142 0.173076 0.02945142 0.173076 0.02945142 0.173076 0.02945142 0.2115394 0.02945142 0.2115394 0.02945142 0.173076 0.02945142 0.1346154 0.02945142 0.1346154 0.02945142 0.1346154 0.02945142 0.173076 0.02945142 0.173076 0.02945142 0.1346154 0.02945142 0.09615385 0.02945142 0.09615385 0.02945142 0.09615385 0.02945142 0.1346154 0.02945142 0.1346154 0.02945142 0.09615385 0.02945142 0.05769228 0.02945142 0.05769228 0.02945142 0.05769228 0.02945142 0.09615385 0.02945142 0.09615385 0.02945142 0.05769228 0.02945142 0.01923084 0.02945142 0.01923084 0.02945142 0.01923084 0.02945142 0.05769228 0.02945142 0.05769228 0.02945142 0.01923084 0.02945142 -0.01923072 0.02945142 -0.01923072 0.02945142 -0.01923072 0.02945142 0.01923084 0.02945142 0.01923084 0.02945142 0.9807693 0.02945142 0.9423087 0.02945142 0.9423087 0.02945142 0.9423087 0.02945142 0.9807693 0.02945142 0.9807693 0.02945142 0.9423087 0.02945142 0.9038453 0.02945142 0.9038453 0.02945142 0.9038453 0.02945142 0.9423087 0.02945142 0.9423087 0.02945142 0.9038453 0.02945142 0.8653846 0.02945142 0.8653847 0.02945142 0.8653847 0.02945142 0.9038453 0.02945142 0.9038453 0.02945142 0.8653846 0.02945142 0.8269231 0.02945142 0.8269231 0.02945142 0.8269231 0.02945142 0.8653847 0.02945142 0.8653846 0.02945142 0.8269231 0.02945142 0.7884625 0.02945142 0.7884625 0.02945142 0.7884625 0.02945142 0.8269231 0.02945142 0.8269231 0.02945142 0.7884625 0.01777827 0.7884625 0.02945142 0.7499991 0.02945142 0.7499991 0.02945142 0.7499994 0.01777827 0.7884625 0.01777827 0.7499994 0.01777827 0.7499991 0.02945142 0.7115386 0.02945142 0.7115386 0.02945142 0.7115385 0.01777827 0.7499994 0.01777827 0.7115385 0.01777827 0.7115386 0.02945142 0.6730771 0.02945142 0.6730771 0.02945142 0.6730771 0.01777827 0.7115385 0.01777827 0.6730771 0.01777827 0.6730771 0.02945142 0.6346156 0.02945142 0.6346156 0.02945142 0.634616 0.01777827 0.6730771 0.01777827 0.634616 0.01777827 0.6346156 0.02945142 0.5961539 0.02945142 0.5961539 0.02945142 0.5961534 0.01777827 0.634616 0.01777827 0.5961534 0.01777827 0.5961539 0.02945142 0.5576924 0.02945142 0.5576924 0.02945142 0.5576927 0.01777827 0.5961534 0.01777827 0.5576927 0.01777827 0.5576924 0.02945142 0.5192308 0.02945142 0.5192308 0.02945142 0.519231 0.01777827 0.5576927 0.01777827 0.519231 0.01777827 0.5192308 0.02945142 0.4807702 0.02945142 0.4807702 0.02945142 0.4807701 0.01777827 0.519231 0.01777827 0.4807701 0.01777827 0.4807702 0.02945142 0.4423068 0.02945142 0.4423068 0.02945142 0.4423068 0.01777827 0.4807701 0.01777827 0.4423068 0.01777827 0.4423068 0.02945142 0.4038462 0.02945142 0.4038462 0.02945142 0.4038459 0.01777827 0.4423068 0.01777827 0.4038459 0.01777827 0.4038462 0.02945142 0.3653846 0.02945142 0.3653846 0.02945142 0.3653852 0.01777827 0.4038459 0.01777827 0.3653852 0.01777827 0.3653846 0.02945142 0.3269231 0.02945142 0.3269231 0.02945142 0.3269225 0.01777827 0.3653852 0.01777827 0.3269225 0.01777827 0.3269231 0.02945142 0.2884615 0.02945142 0.2884615 0.02945142 0.2884616 0.01777827 0.3269225 0.01777827 0.2884616 0.01777827 0.2884615 0.02945142 0.25 0.02945142 0.25 0.02945142 0.2500001 0.01777827 0.2884616 0.01777827 0.2500001 0.01777827 0.25 0.02945142 0.2115394 0.02945142 0.2115394 0.02945142 0.2115393 0.01777827 0.2500001 0.01777827 0.2115393 0.01777827 0.2115394 0.02945142 0.173076 0.02945142 0.173076 0.02945142 0.1730762 0.01777827 0.2115393 0.01777827 0.1730762 0.01777827 0.173076 0.02945142 0.1346154 0.02945142 0.1346154 0.02945142 0.1346153 0.01777827 0.1730762 0.01777827 0.1346153 0.01777827 0.1346154 0.02945142 0.09615385 0.02945142 0.09615385 0.02945142 0.09615439 0.01777827 0.1346153 0.01777827 0.09615439 0.01777827 0.09615385 0.02945142 0.05769228 0.02945142 0.05769228 0.02945142 0.05769181 0.01777827 0.09615439 0.01777827 0.05769181 0.01777827 0.05769228 0.02945142 0.01923084 0.02945142 0.01923084 0.02945142 0.01923078 0.01777827 0.05769181 0.01777827 0.01923078 0.01777827 0.01923084 0.02945142 -0.01923072 0.02945142 -0.01923072 0.02945142 -0.0192306 0.01777827 0.01923078 0.01777827 0.9807694 0.01777827 0.9807693 0.02945142 0.9423087 0.02945142 0.9423087 0.02945142 0.9423084 0.01777827 0.9807694 0.01777827 0.9423084 0.01777827 0.9423087 0.02945142 0.9038453 0.02945142 0.9038453 0.02945142 0.9038454 0.01777827 0.9423084 0.01777827 0.9038454 0.01777827 0.9038453 0.02945142 0.8653847 0.02945142 0.8653847 0.02945142 0.8653845 0.01777827 0.9038454 0.01777827 0.8653845 0.01777827 0.8653847 0.02945142 0.8269231 0.02945142 0.8269231 0.02945142 0.8269231 0.01777827 0.8653845 0.01777827 0.8269231 0.01777827 0.8269231 0.02945142 0.7884625 0.02945142 0.7884625 0.02945142 0.7884625 0.01777827 0.8269231 0.01777827 0.7884625 0.1347561 0.7884624 0.135779 0.7499991 0.135779 0.7499991 0.135779 0.7499991 0.1347561 0.7884625 0.1347561 0.7499991 0.1347561 0.7499991 0.135779 0.7115386 0.135779 0.7115386 0.135779 0.7115386 0.1347561 0.7499991 0.1347561 0.7115386 0.1347561 0.7115386 0.135779 0.6730771 0.135779 0.6730771 0.135779 0.6730771 0.1347561 0.7115386 0.1347561 0.6730771 0.1347561 0.6730771 0.135779 0.6346155 0.135779 0.6346155 0.135779 0.6346155 0.1347561 0.6730771 0.1347561 0.6346155 0.1347561 0.6346155 0.135779 0.5961539 0.135779 0.5961539 0.135779 0.5961539 0.1347561 0.6346155 0.1347561 0.5961539 0.1347561 0.5961539 0.135779 0.5576924 0.135779 0.5576924 0.135779 0.5576924 0.1347561 0.5961539 0.1347561 0.5576924 0.1347561 0.5576924 0.135779 0.5192308 0.135779 0.5192308 0.135779 0.5192308 0.1347561 0.5576924 0.1347561 0.5192308 0.1347561 0.5192308 0.135779 0.4807702 0.135779 0.4807702 0.135779 0.4807702 0.1347561 0.5192308 0.1347561 0.4807702 0.1347561 0.4807702 0.135779 0.4423068 0.135779 0.4423068 0.135779 0.4423068 0.1347561 0.4807702 0.1347561 0.4423068 0.1347561 0.4423068 0.135779 0.4038462 0.135779 0.4038462 0.135779 0.4038462 0.1347561 0.4423068 0.1347561 0.4038462 0.1347561 0.4038462 0.135779 0.3653846 0.135779 0.3653846 0.135779 0.3653846 0.1347561 0.4038462 0.1347561 0.3653846 0.1347561 0.3653846 0.135779 0.3269231 0.135779 0.3269231 0.135779 0.3269231 0.1347561 0.3653846 0.1347561 0.3269231 0.1347561 0.3269231 0.135779 0.2884615 0.135779 0.2884615 0.135779 0.2884615 0.1347561 0.3269231 0.1347561 0.2884615 0.1347561 0.2884615 0.135779 0.25 0.135779 0.25 0.135779 0.25 0.1347561 0.2884615 0.1347561 0.25 0.1347561 0.25 0.135779 0.2115393 0.135779 0.2115393 0.135779 0.2115394 0.1347561 0.25 0.1347561 0.2115394 0.1347561 0.2115393 0.135779 0.173076 0.135779 0.173076 0.135779 0.173076 0.1347561 0.2115394 0.1347561 0.173076 0.1347561 0.173076 0.135779 0.1346154 0.135779 0.1346154 0.135779 0.1346154 0.1347561 0.173076 0.1347561 0.1346154 0.1347561 0.1346154 0.135779 0.09615385 0.135779 0.09615385 0.135779 0.09615385 0.1347561 0.1346154 0.1347561 0.09615385 0.1347561 0.09615385 0.135779 0.05769228 0.135779 0.05769228 0.135779 0.05769228 0.1347561 0.09615385 0.1347561 0.05769228 0.1347561 0.05769228 0.135779 0.01923084 0.135779 0.01923084 0.135779 0.01923084 0.1347561 0.05769228 0.1347561 0.01923084 0.1347561 0.01923084 0.135779 -0.01923072 0.135779 -0.01923072 0.135779 -0.01923072 0.1347561 0.01923084 0.1347561 0.9807693 0.1347561 0.9807693 0.135779 0.9423087 0.135779 0.9423087 0.135779 0.9423087 0.1347561 0.9807693 0.1347561 0.9423087 0.1347561 0.9423087 0.135779 0.9038453 0.135779 0.9038453 0.135779 0.9038453 0.1347561 0.9423087 0.1347561 0.9038453 0.1347561 0.9038453 0.135779 0.8653847 0.135779 0.8653847 0.135779 0.8653847 0.1347561 0.9038453 0.1347561 0.8653847 0.1347561 0.8653847 0.135779 0.8269231 0.135779 0.8269231 0.135779 0.8269231 0.1347561 0.8653847 0.1347561 0.8269231 0.1347561 0.8269231 0.135779 0.7884624 0.135779 0.7884624 0.135779 0.7884625 0.1347561 0.8269231 0.1347561 0.8653847 0.9727626 0.9038463 0.9727626 0.9423078 0.9727626 0.9423078 0.9727626 0.9807693 0.9727626 0.0192309 0.9727626 0.0192309 0.9727626 0.05769234 0.9727626 0.1730769 0.9727626 0.05769234 0.9727626 0.09615391 0.9727626 0.1730769 0.9727626 0.09615391 0.9727626 0.1346154 0.9727626 0.1730769 0.9727626 0.1730769 0.9727626 0.2115384 0.9727626 0.25 0.9727626 0.25 0.9727626 0.2884615 0.9727626 0.326923 0.9727626 0.326923 0.9727626 0.3653845 0.9727626 0.4807692 0.9727626 0.3653845 0.9727626 0.4038461 0.9727626 0.4807692 0.9727626 0.4038461 0.9727626 0.4423076 0.9727626 0.4807692 0.9727626 0.4807692 0.9727626 0.5192307 0.9727626 0.5576923 0.9727626 0.5576923 0.9727626 0.5961539 0.9727626 0.6346154 0.9727626 0.6346154 0.9727626 0.6730771 0.9727626 0.7884616 0.9727626 0.6730771 0.9727626 0.7115387 0.9727626 0.7884616 0.9727626 0.7115387 0.9727626 0.75 0.9727626 0.7884616 0.9727626 0.7884616 0.9727626 0.8269231 0.9727626 0.8653847 0.9727626 0.8653847 0.9727626 0.9423078 0.9727626 0.7884616 0.9727626 0.9423078 0.9727626 0.0192309 0.9727626 0.7884616 0.9727626 0.1730769 0.9727626 0.25 0.9727626 0.326923 0.9727626 0.4807692 0.9727626 0.5576923 0.9727626 0.326923 0.9727626 0.5576923 0.9727626 0.6346154 0.9727626 0.326923 0.9727626 0.0192309 0.9727626 0.1730769 0.9727626 0.326923 0.9727626 0.6346154 0.9727626 0.7884616 0.9727626 0.0192309 0.9727626</float_array>
          <technique_common>
            <accessor source="#Örüntü_015-mesh-map-0-array" count="2328" stride="2">
              <param name="S" type="float"/>
              <param name="T" type="float"/>
            </accessor>
          </technique_common>
        </source>
        <vertices id="Örüntü_015-mesh-vertices">
          <input semantic="POSITION" source="#Örüntü_015-mesh-positions"/>
        </vertices>
        <triangles material="direk_005-material" count="776">
          <input semantic="VERTEX" source="#Örüntü_015-mesh-vertices" offset="0"/>
          <input semantic="NORMAL" source="#Örüntü_015-mesh-normals" offset="1"/>
          <input semantic="TEXCOORD" source="#Örüntü_015-mesh-map-0" offset="2" set="0"/>
          <p>24 0 0 23 0 1 22 0 2 22 0 3 21 0 4 20 0 5 20 0 6 19 0 7 18 0 8 22 0 9 20 0 10 18 0 11 18 0 12 17 0 13 16 0 14 16 0 15 15 0 16 14 0 17 18 0 18 16 0 19 14 0 20 22 0 21 18 0 22 14 0 23 14 0 24 13 0 25 12 0 26 12 0 27 11 0 28 10 0 29 14 0 30 12 0 31 10 0 32 10 0 33 9 0 34 8 0 35 8 0 36 7 0 37 6 0 38 10 0 39 8 0 40 6 0 41 14 0 42 10 0 43 6 0 44 22 0 45 14 0 46 6 0 47 6 0 48 5 0 49 4 0 50 4 0 51 3 0 52 2 0 53 6 0 54 4 0 55 2 0 56 22 0 57 6 0 58 2 0 59 2 0 60 1 0 61 0 0 62 22 0 63 2 0 64 0 0 65 24 0 66 22 0 67 0 0 68 25 0 69 24 0 70 0 0 71 234 1 72 235 2 73 260 3 74 260 3 75 261 4 76 234 1 77 235 2 78 236 5 79 285 6 80 285 6 81 260 3 82 235 2 83 236 5 84 237 7 85 284 8 86 284 8 87 285 6 88 236 5 89 237 7 90 238 9 91 283 10 92 283 10 93 284 8 94 237 7 95 238 9 96 239 11 97 282 12 98 282 12 99 283 10 100 238 9 101 239 11 102 240 13 103 281 14 104 281 14 105 282 12 106 239 11 107 240 13 108 241 15 109 280 16 110 280 16 111 281 14 112 240 13 113 241 15 114 242 17 115 279 18 116 279 18 117 280 16 118 241 15 119 242 17 120 243 19 121 278 20 122 278 20 123 279 18 124 242 17 125 243 19 126 244 21 127 277 22 128 277 22 129 278 20 130 243 19 131 244 21 132 245 23 133 276 24 134 276 24 135 277 22 136 244 21 137 245 23 138 246 25 139 275 26 140 275 26 141 276 24 142 245 23 143 246 25 144 247 27 145 274 28 146 274 28 147 275 26 148 246 25 149 247 27 150 248 29 151 273 30 152 273 30 153 274 28 154 247 27 155 248 29 156 249 31 157 272 32 158 272 32 159 273 30 160 248 29 161 249 31 162 250 33 163 271 34 164 271 34 165 272 32 166 249 31 167 250 33 168 251 35 169 270 36 170 270 36 171 271 34 172 250 33 173 251 35 174 252 37 175 269 38 176 269 38 177 270 36 178 251 35 179 252 37 180 253 39 181 268 40 182 268 40 183 269 38 184 252 37 185 253 39 186 254 41 187 267 42 188 267 42 189 268 40 190 253 39 191 254 41 192 255 43 193 266 44 194 266 44 195 267 42 196 254 41 197 255 43 198 256 45 199 265 46 200 265 46 201 266 44 202 255 43 203 256 45 204 257 47 205 264 48 206 264 48 207 265 46 208 256 45 209 257 47 210 258 49 211 263 50 212 263 50 213 264 48 214 257 47 215 258 49 216 259 51 217 262 52 218 262 52 219 263 50 220 258 49 221 259 51 222 234 1 223 261 4 224 261 4 225 262 52 226 259 51 227 26 1 228 27 2 229 53 3 230 53 3 231 52 4 232 26 1 233 27 2 234 28 5 235 54 6 236 54 6 237 53 3 238 27 2 239 28 5 240 29 7 241 55 8 242 55 8 243 54 6 244 28 5 245 29 7 246 30 9 247 56 10 248 56 10 249 55 8 250 29 7 251 30 9 252 31 11 253 57 12 254 57 12 255 56 10 256 30 9 257 31 11 258 32 13 259 58 14 260 58 14 261 57 12 262 31 11 263 32 13 264 33 15 265 59 16 266 59 16 267 58 14 268 32 13 269 33 15 270 34 17 271 60 18 272 60 18 273 59 16 274 33 15 275 34 17 276 35 19 277 61 20 278 61 20 279 60 18 280 34 17 281 35 19 282 36 21 283 62 22 284 62 22 285 61 20 286 35 19 287 36 21 288 37 23 289 63 24 290 63 24 291 62 22 292 36 21 293 37 23 294 38 25 295 64 26 296 64 26 297 63 24 298 37 23 299 38 25 300 39 27 301 65 28 302 65 28 303 64 26 304 38 25 305 39 27 306 40 29 307 66 30 308 66 30 309 65 28 310 39 27 311 40 29 312 41 31 313 67 32 314 67 32 315 66 30 316 40 29 317 41 31 318 42 53 319 68 34 320 68 34 321 67 32 322 41 31 323 42 53 324 43 54 325 69 36 326 69 36 327 68 34 328 42 53 329 43 54 330 44 37 331 70 38 332 70 38 333 69 36 334 43 54 335 44 37 336 45 39 337 71 40 338 71 40 339 70 38 340 44 37 341 45 39 342 46 55 343 72 42 344 72 42 345 71 40 346 45 39 347 46 55 348 47 43 349 73 44 350 73 44 351 72 42 352 46 55 353 47 43 354 48 45 355 74 46 356 74 46 357 73 44 358 47 43 359 48 45 360 49 47 361 75 48 362 75 48 363 74 46 364 48 45 365 49 47 366 50 56 367 76 50 368 76 50 369 75 48 370 49 47 371 50 56 372 51 51 373 77 52 374 77 52 375 76 50 376 50 56 377 51 51 378 26 1 379 52 4 380 52 4 381 77 52 382 51 51 383 52 4 384 53 3 385 79 3 386 79 3 387 78 4 388 52 4 389 53 3 390 54 6 391 80 6 392 80 6 393 79 3 394 53 3 395 54 6 396 55 8 397 81 8 398 81 8 399 80 6 400 54 6 401 55 8 402 56 10 403 82 10 404 82 10 405 81 8 406 55 8 407 56 10 408 57 12 409 83 12 410 83 12 411 82 10 412 56 10 413 57 12 414 58 14 415 84 14 416 84 14 417 83 12 418 57 12 419 58 14 420 59 16 421 85 16 422 85 16 423 84 14 424 58 14 425 59 16 426 60 18 427 86 18 428 86 18 429 85 16 430 59 16 431 60 18 432 61 20 433 87 20 434 87 20 435 86 18 436 60 18 437 61 20 438 62 22 439 88 22 440 88 22 441 87 20 442 61 20 443 62 22 444 63 24 445 89 24 446 89 24 447 88 22 448 62 22 449 63 24 450 64 26 451 90 26 452 90 26 453 89 24 454 63 24 455 64 26 456 65 28 457 91 28 458 91 28 459 90 26 460 64 26 461 65 28 462 66 30 463 92 30 464 92 30 465 91 28 466 65 28 467 66 30 468 67 32 469 93 32 470 93 32 471 92 30 472 66 30 473 67 32 474 68 34 475 94 34 476 94 34 477 93 32 478 67 32 479 68 34 480 69 36 481 95 36 482 95 36 483 94 34 484 68 34 485 69 36 486 70 38 487 96 38 488 96 38 489 95 36 490 69 36 491 70 38 492 71 40 493 97 40 494 97 40 495 96 38 496 70 38 497 71 40 498 72 42 499 98 42 500 98 42 501 97 40 502 71 40 503 72 42 504 73 44 505 99 44 506 99 44 507 98 42 508 72 42 509 73 44 510 74 46 511 100 46 512 100 46 513 99 44 514 73 44 515 74 46 516 75 48 517 101 48 518 101 48 519 100 46 520 74 46 521 75 48 522 76 50 523 102 50 524 102 50 525 101 48 526 75 48 527 76 50 528 77 52 529 103 52 530 103 52 531 102 50 532 76 50 533 77 52 534 52 4 535 78 4 536 78 4 537 103 52 538 77 52 539 78 4 540 79 3 541 105 3 542 105 3 543 104 4 544 78 4 545 79 3 546 80 6 547 106 6 548 106 6 549 105 3 550 79 3 551 80 6 552 81 8 553 107 8 554 107 8 555 106 6 556 80 6 557 81 8 558 82 10 559 108 10 560 108 10 561 107 8 562 81 8 563 82 10 564 83 12 565 109 12 566 109 12 567 108 10 568 82 10 569 83 12 570 84 14 571 110 14 572 110 14 573 109 12 574 83 12 575 84 14 576 85 16 577 111 16 578 111 16 579 110 14 580 84 14 581 85 16 582 86 18 583 112 18 584 112 18 585 111 16 586 85 16 587 86 18 588 87 20 589 113 20 590 113 20 591 112 18 592 86 18 593 87 20 594 88 22 595 114 22 596 114 22 597 113 20 598 87 20 599 88 22 600 89 24 601 115 24 602 115 24 603 114 22 604 88 22 605 89 24 606 90 26 607 116 26 608 116 26 609 115 24 610 89 24 611 90 26 612 91 28 613 117 28 614 117 28 615 116 26 616 90 26 617 91 28 618 92 30 619 118 30 620 118 30 621 117 28 622 91 28 623 92 30 624 93 32 625 119 32 626 119 32 627 118 30 628 92 30 629 93 32 630 94 34 631 120 34 632 120 34 633 119 32 634 93 32 635 94 34 636 95 36 637 121 36 638 121 36 639 120 34 640 94 34 641 95 36 642 96 38 643 122 38 644 122 38 645 121 36 646 95 36 647 96 38 648 97 40 649 123 40 650 123 40 651 122 38 652 96 38 653 97 40 654 98 42 655 124 42 656 124 42 657 123 40 658 97 40 659 98 42 660 99 44 661 125 44 662 125 44 663 124 42 664 98 42 665 99 44 666 100 46 667 126 46 668 126 46 669 125 44 670 99 44 671 100 46 672 101 48 673 127 48 674 127 48 675 126 46 676 100 46 677 101 48 678 102 50 679 128 50 680 128 50 681 127 48 682 101 48 683 102 50 684 103 52 685 129 52 686 129 52 687 128 50 688 102 50 689 103 52 690 78 4 691 104 4 692 104 4 693 129 52 694 103 52 695 104 4 696 105 3 697 131 3 698 131 3 699 130 4 700 104 4 701 105 3 702 106 6 703 132 6 704 132 6 705 131 3 706 105 3 707 106 6 708 107 8 709 133 8 710 133 8 711 132 6 712 106 6 713 107 8 714 108 10 715 134 10 716 134 10 717 133 8 718 107 8 719 108 10 720 109 12 721 135 12 722 135 12 723 134 10 724 108 10 725 109 12 726 110 14 727 136 14 728 136 14 729 135 12 730 109 12 731 110 14 732 111 16 733 137 16 734 137 16 735 136 14 736 110 14 737 111 16 738 112 18 739 138 18 740 138 18 741 137 16 742 111 16 743 112 18 744 113 20 745 139 20 746 139 20 747 138 18 748 112 18 749 113 20 750 114 22 751 140 22 752 140 22 753 139 20 754 113 20 755 114 22 756 115 24 757 141 24 758 141 24 759 140 22 760 114 22 761 115 24 762 116 26 763 142 26 764 142 26 765 141 24 766 115 24 767 116 26 768 117 28 769 143 28 770 143 28 771 142 26 772 116 26 773 117 28 774 118 30 775 144 30 776 144 30 777 143 28 778 117 28 779 118 30 780 119 32 781 145 32 782 145 32 783 144 30 784 118 30 785 119 32 786 120 34 787 146 34 788 146 34 789 145 32 790 119 32 791 120 34 792 121 36 793 147 36 794 147 36 795 146 34 796 120 34 797 121 36 798 122 38 799 148 38 800 148 38 801 147 36 802 121 36 803 122 38 804 123 40 805 149 40 806 149 40 807 148 38 808 122 38 809 123 40 810 124 42 811 150 42 812 150 42 813 149 40 814 123 40 815 124 42 816 125 44 817 151 44 818 151 44 819 150 42 820 124 42 821 125 44 822 126 46 823 152 46 824 152 46 825 151 44 826 125 44 827 126 46 828 127 48 829 153 48 830 153 48 831 152 46 832 126 46 833 127 48 834 128 50 835 154 50 836 154 50 837 153 48 838 127 48 839 128 50 840 129 52 841 155 52 842 155 52 843 154 50 844 128 50 845 129 52 846 104 4 847 130 4 848 130 4 849 155 52 850 129 52 851 130 4 852 131 3 853 157 57 854 157 57 855 156 58 856 130 4 857 131 3 858 132 6 859 158 59 860 158 59 861 157 57 862 131 3 863 132 6 864 133 8 865 159 60 866 159 60 867 158 59 868 132 6 869 133 8 870 134 10 871 160 61 872 160 61 873 159 60 874 133 8 875 134 10 876 135 12 877 161 62 878 161 62 879 160 61 880 134 10 881 135 12 882 136 14 883 162 63 884 162 63 885 161 62 886 135 12 887 136 14 888 137 16 889 163 64 890 163 64 891 162 63 892 136 14 893 137 16 894 138 18 895 164 65 896 164 65 897 163 64 898 137 16 899 138 18 900 139 20 901 165 66 902 165 66 903 164 65 904 138 18 905 139 20 906 140 22 907 166 67 908 166 67 909 165 66 910 139 20 911 140 22 912 141 24 913 167 68 914 167 68 915 166 67 916 140 22 917 141 24 918 142 26 919 168 69 920 168 69 921 167 68 922 141 24 923 142 26 924 143 28 925 169 70 926 169 70 927 168 69 928 142 26 929 143 28 930 144 30 931 170 71 932 170 71 933 169 70 934 143 28 935 144 30 936 145 32 937 171 72 938 171 72 939 170 71 940 144 30 941 145 32 942 146 34 943 172 73 944 172 73 945 171 72 946 145 32 947 146 34 948 147 36 949 173 74 950 173 74 951 172 73 952 146 34 953 147 36 954 148 38 955 174 75 956 174 75 957 173 74 958 147 36 959 148 38 960 149 40 961 175 76 962 175 76 963 174 75 964 148 38 965 149 40 966 150 42 967 176 77 968 176 77 969 175 76 970 149 40 971 150 42 972 151 44 973 177 78 974 177 78 975 176 77 976 150 42 977 151 44 978 152 46 979 178 79 980 178 79 981 177 78 982 151 44 983 152 46 984 153 48 985 179 80 986 179 80 987 178 79 988 152 46 989 153 48 990 154 50 991 180 81 992 180 81 993 179 80 994 153 48 995 154 50 996 155 52 997 181 82 998 181 82 999 180 81 1000 154 50 1001 155 52 1002 130 4 1003 156 58 1004 156 58 1005 181 82 1006 155 52 1007 0 0 1008 1 0 1009 183 0 1010 183 0 1011 182 0 1012 0 0 1013 1 0 1014 2 0 1015 184 0 1016 184 0 1017 183 0 1018 1 0 1019 2 0 1020 3 0 1021 185 0 1022 185 0 1023 184 0 1024 2 0 1025 3 0 1026 4 0 1027 186 0 1028 186 0 1029 185 0 1030 3 0 1031 4 0 1032 5 0 1033 187 0 1034 187 0 1035 186 0 1036 4 0 1037 5 0 1038 6 0 1039 188 0 1040 188 0 1041 187 0 1042 5 0 1043 6 0 1044 7 0 1045 189 0 1046 189 0 1047 188 0 1048 6 0 1049 7 0 1050 8 0 1051 190 0 1052 190 0 1053 189 0 1054 7 0 1055 8 0 1056 9 0 1057 191 0 1058 191 0 1059 190 0 1060 8 0 1061 9 0 1062 10 0 1063 192 0 1064 192 0 1065 191 0 1066 9 0 1067 10 0 1068 11 0 1069 193 0 1070 193 0 1071 192 0 1072 10 0 1073 11 0 1074 12 0 1075 194 0 1076 194 0 1077 193 0 1078 11 0 1079 12 0 1080 13 0 1081 195 0 1082 195 0 1083 194 0 1084 12 0 1085 13 0 1086 14 0 1087 196 0 1088 196 0 1089 195 0 1090 13 0 1091 14 0 1092 15 0 1093 197 0 1094 197 0 1095 196 0 1096 14 0 1097 15 0 1098 16 0 1099 198 0 1100 198 0 1101 197 0 1102 15 0 1103 16 0 1104 17 0 1105 199 0 1106 199 0 1107 198 0 1108 16 0 1109 17 0 1110 18 0 1111 200 0 1112 200 0 1113 199 0 1114 17 0 1115 18 0 1116 19 0 1117 201 0 1118 201 0 1119 200 0 1120 18 0 1121 19 0 1122 20 0 1123 202 0 1124 202 0 1125 201 0 1126 19 0 1127 20 0 1128 21 0 1129 203 0 1130 203 0 1131 202 0 1132 20 0 1133 21 0 1134 22 0 1135 204 0 1136 204 0 1137 203 0 1138 21 0 1139 22 0 1140 23 0 1141 205 0 1142 205 0 1143 204 0 1144 22 0 1145 23 0 1146 24 0 1147 206 0 1148 206 0 1149 205 0 1150 23 0 1151 24 0 1152 25 0 1153 207 0 1154 207 0 1155 206 0 1156 24 0 1157 25 0 1158 0 0 1159 182 0 1160 182 0 1161 207 0 1162 25 0 1163 27 83 1164 26 83 1165 209 83 1166 209 84 1167 208 84 1168 27 84 1169 26 85 1170 51 85 1171 210 85 1172 210 86 1173 209 86 1174 26 86 1175 51 87 1176 50 87 1177 211 87 1178 211 87 1179 210 87 1180 51 87 1181 50 87 1182 49 87 1183 212 87 1184 212 87 1185 211 87 1186 50 87 1187 49 87 1188 48 87 1189 213 87 1190 213 87 1191 212 87 1192 49 87 1193 48 88 1194 47 88 1195 214 88 1196 214 89 1197 213 89 1198 48 89 1199 47 90 1200 46 90 1201 215 90 1202 215 91 1203 214 91 1204 47 91 1205 46 87 1206 45 87 1207 216 87 1208 216 92 1209 215 92 1210 46 92 1211 45 87 1212 44 87 1213 217 87 1214 217 87 1215 216 87 1216 45 87 1217 44 87 1218 43 87 1219 218 87 1220 218 87 1221 217 87 1222 44 87 1223 43 87 1224 42 87 1225 219 87 1226 219 87 1227 218 87 1228 43 87 1229 42 93 1230 41 93 1231 220 93 1232 220 87 1233 219 87 1234 42 87 1235 41 94 1236 40 94 1237 221 94 1238 221 95 1239 220 95 1240 41 95 1241 40 96 1242 39 96 1243 222 96 1244 222 97 1245 221 97 1246 40 97 1247 39 98 1248 38 98 1249 223 98 1250 223 99 1251 222 99 1252 39 99 1253 38 100 1254 37 100 1255 224 100 1256 224 101 1257 223 101 1258 38 101 1259 37 87 1260 36 87 1261 225 87 1262 225 102 1263 224 102 1264 37 102 1265 36 87 1266 35 87 1267 226 87 1268 226 87 1269 225 87 1270 36 87 1271 35 87 1272 34 87 1273 227 87 1274 227 87 1275 226 87 1276 35 87 1277 34 87 1278 33 87 1279 228 87 1280 228 87 1281 227 87 1282 34 87 1283 33 87 1284 32 87 1285 229 87 1286 229 87 1287 228 87 1288 33 87 1289 32 87 1290 31 87 1291 230 87 1292 230 87 1293 229 87 1294 32 87 1295 31 87 1296 30 87 1297 231 87 1298 231 87 1299 230 87 1300 31 87 1301 30 87 1302 29 87 1303 232 87 1304 232 103 1305 231 103 1306 30 103 1307 29 87 1308 28 87 1309 233 87 1310 233 87 1311 232 87 1312 29 87 1313 28 87 1314 27 87 1315 208 87 1316 208 104 1317 233 104 1318 28 104 1319 163 64 1320 171 72 1321 179 80 1322 286 105 1323 287 106 1324 338 107 1325 338 107 1326 339 108 1327 286 105 1328 287 106 1329 288 109 1330 363 110 1331 363 110 1332 338 107 1333 287 106 1334 288 109 1335 289 111 1336 362 112 1337 362 112 1338 363 110 1339 288 109 1340 289 111 1341 290 113 1342 361 114 1343 361 114 1344 362 112 1345 289 111 1346 290 113 1347 291 115 1348 360 116 1349 360 116 1350 361 114 1351 290 113 1352 291 115 1353 292 117 1354 359 118 1355 359 118 1356 360 116 1357 291 115 1358 292 117 1359 293 119 1360 358 120 1361 358 120 1362 359 118 1363 292 117 1364 293 119 1365 294 121 1366 357 122 1367 357 122 1368 358 120 1369 293 119 1370 294 121 1371 295 123 1372 356 124 1373 356 124 1374 357 122 1375 294 121 1376 295 123 1377 296 125 1378 355 126 1379 355 126 1380 356 124 1381 295 123 1382 296 125 1383 297 127 1384 354 128 1385 354 128 1386 355 126 1387 296 125 1388 297 127 1389 298 129 1390 353 130 1391 353 130 1392 354 128 1393 297 127 1394 298 129 1395 299 131 1396 352 132 1397 352 132 1398 353 130 1399 298 129 1400 299 131 1401 300 133 1402 351 134 1403 351 134 1404 352 132 1405 299 131 1406 300 133 1407 301 135 1408 350 136 1409 350 136 1410 351 134 1411 300 133 1412 301 135 1413 302 137 1414 349 138 1415 349 138 1416 350 136 1417 301 135 1418 302 137 1419 303 139 1420 348 140 1421 348 140 1422 349 138 1423 302 137 1424 303 139 1425 304 141 1426 347 142 1427 347 142 1428 348 140 1429 303 139 1430 304 141 1431 305 143 1432 346 144 1433 346 144 1434 347 142 1435 304 141 1436 305 143 1437 306 145 1438 345 146 1439 345 146 1440 346 144 1441 305 143 1442 306 145 1443 307 147 1444 344 148 1445 344 148 1446 345 146 1447 306 145 1448 307 147 1449 308 149 1450 343 150 1451 343 150 1452 344 148 1453 307 147 1454 308 149 1455 309 151 1456 342 152 1457 342 152 1458 343 150 1459 308 149 1460 309 151 1461 310 153 1462 341 154 1463 341 154 1464 342 152 1465 309 151 1466 310 153 1467 311 155 1468 340 156 1469 340 156 1470 341 154 1471 310 153 1472 311 155 1473 286 105 1474 339 108 1475 339 108 1476 340 156 1477 311 155 1478 364 107 1479 365 108 1480 261 4 1481 261 4 1482 260 3 1483 364 107 1484 365 108 1485 366 156 1486 262 52 1487 262 52 1488 261 4 1489 365 108 1490 366 156 1491 367 154 1492 263 50 1493 263 50 1494 262 52 1495 366 156 1496 367 154 1497 368 152 1498 264 48 1499 264 48 1500 263 50 1501 367 154 1502 368 152 1503 369 150 1504 265 46 1505 265 46 1506 264 48 1507 368 152 1508 369 150 1509 370 148 1510 266 44 1511 266 44 1512 265 46 1513 369 150 1514 370 148 1515 371 146 1516 267 42 1517 267 42 1518 266 44 1519 370 148 1520 371 146 1521 372 157 1522 268 40 1523 268 40 1524 267 42 1525 371 146 1526 372 157 1527 373 142 1528 269 38 1529 269 38 1530 268 40 1531 372 157 1532 373 142 1533 374 140 1534 270 36 1535 270 36 1536 269 38 1537 373 142 1538 374 140 1539 375 138 1540 271 34 1541 271 34 1542 270 36 1543 374 140 1544 375 138 1545 376 136 1546 272 32 1547 272 32 1548 271 34 1549 375 138 1550 376 136 1551 377 134 1552 273 30 1553 273 30 1554 272 32 1555 376 136 1556 377 134 1557 378 132 1558 274 28 1559 274 28 1560 273 30 1561 377 134 1562 378 132 1563 379 158 1564 275 26 1565 275 26 1566 274 28 1567 378 132 1568 379 158 1569 380 128 1570 276 24 1571 276 24 1572 275 26 1573 379 158 1574 380 128 1575 381 126 1576 277 22 1577 277 22 1578 276 24 1579 380 128 1580 381 126 1581 382 124 1582 278 20 1583 278 20 1584 277 22 1585 381 126 1586 382 124 1587 383 122 1588 279 18 1589 279 18 1590 278 20 1591 382 124 1592 383 122 1593 384 120 1594 280 16 1595 280 16 1596 279 18 1597 383 122 1598 384 120 1599 385 118 1600 281 14 1601 281 14 1602 280 16 1603 384 120 1604 385 118 1605 386 116 1606 282 12 1607 282 12 1608 281 14 1609 385 118 1610 386 116 1611 387 159 1612 283 10 1613 283 10 1614 282 12 1615 386 116 1616 387 159 1617 388 112 1618 284 8 1619 284 8 1620 283 10 1621 387 159 1622 388 112 1623 389 110 1624 285 6 1625 285 6 1626 284 8 1627 388 112 1628 389 110 1629 364 107 1630 260 3 1631 260 3 1632 285 6 1633 389 110 1634 182 160 1635 183 160 1636 287 160 1637 287 161 1638 286 161 1639 182 161 1640 183 162 1641 184 162 1642 288 162 1643 288 163 1644 287 163 1645 183 163 1646 184 164 1647 185 164 1648 289 164 1649 289 165 1650 288 165 1651 184 165 1652 185 166 1653 186 166 1654 290 166 1655 290 167 1656 289 167 1657 185 167 1658 186 168 1659 187 168 1660 291 168 1661 291 169 1662 290 169 1663 186 169 1664 187 170 1665 188 170 1666 292 170 1667 292 171 1668 291 171 1669 187 171 1670 188 0 1671 189 0 1672 293 0 1673 293 172 1674 292 172 1675 188 172 1676 189 0 1677 190 0 1678 294 0 1679 294 0 1680 293 0 1681 189 0 1682 190 0 1683 191 0 1684 295 0 1685 295 0 1686 294 0 1687 190 0 1688 191 173 1689 192 173 1690 296 173 1691 296 174 1692 295 174 1693 191 174 1694 192 175 1695 193 175 1696 297 175 1697 297 176 1698 296 176 1699 192 176 1700 193 177 1701 194 177 1702 298 177 1703 298 178 1704 297 178 1705 193 178 1706 194 179 1707 195 179 1708 299 179 1709 299 180 1710 298 180 1711 194 180 1712 195 0 1713 196 0 1714 300 0 1715 300 181 1716 299 181 1717 195 181 1718 196 0 1719 197 0 1720 301 0 1721 301 0 1722 300 0 1723 196 0 1724 197 0 1725 198 0 1726 302 0 1727 302 0 1728 301 0 1729 197 0 1730 198 182 1731 199 182 1732 303 182 1733 303 183 1734 302 183 1735 198 183 1736 199 0 1737 200 0 1738 304 0 1739 304 184 1740 303 184 1741 199 184 1742 200 185 1743 201 185 1744 305 185 1745 305 186 1746 304 186 1747 200 186 1748 201 187 1749 202 187 1750 306 187 1751 306 188 1752 305 188 1753 201 188 1754 202 0 1755 203 0 1756 307 0 1757 307 189 1758 306 189 1759 202 189 1760 203 0 1761 204 0 1762 308 0 1763 308 0 1764 307 0 1765 203 0 1766 204 0 1767 205 0 1768 309 0 1769 309 0 1770 308 0 1771 204 0 1772 205 0 1773 206 0 1774 310 0 1775 310 0 1776 309 0 1777 205 0 1778 206 190 1779 207 190 1780 311 190 1781 311 191 1782 310 191 1783 206 191 1784 207 192 1785 182 192 1786 286 192 1787 286 193 1788 311 193 1789 207 193 1790 235 194 1791 234 194 1792 313 194 1793 313 195 1794 312 195 1795 235 195 1796 234 196 1797 259 196 1798 314 196 1799 314 197 1800 313 197 1801 234 197 1802 259 198 1803 258 198 1804 315 198 1805 315 199 1806 314 199 1807 259 199 1808 258 200 1809 257 200 1810 316 200 1811 316 201 1812 315 201 1813 258 201 1814 257 202 1815 256 202 1816 317 202 1817 317 203 1818 316 203 1819 257 203 1820 256 204 1821 255 204 1822 318 204 1823 318 205 1824 317 205 1825 256 205 1826 255 206 1827 254 206 1828 319 206 1829 319 207 1830 318 207 1831 255 207 1832 254 87 1833 253 87 1834 320 87 1835 320 87 1836 319 87 1837 254 87 1838 253 208 1839 252 208 1840 321 208 1841 321 209 1842 320 209 1843 253 209 1844 252 210 1845 251 210 1846 322 210 1847 322 211 1848 321 211 1849 252 211 1850 251 212 1851 250 212 1852 323 212 1853 323 213 1854 322 213 1855 251 213 1856 250 214 1857 249 214 1858 324 214 1859 324 215 1860 323 215 1861 250 215 1862 249 216 1863 248 216 1864 325 216 1865 325 217 1866 324 217 1867 249 217 1868 248 218 1869 247 218 1870 326 218 1871 326 219 1872 325 219 1873 248 219 1874 247 220 1875 246 220 1876 327 220 1877 327 221 1878 326 221 1879 247 221 1880 246 222 1881 245 222 1882 328 222 1883 328 223 1884 327 223 1885 246 223 1886 245 224 1887 244 224 1888 329 224 1889 329 225 1890 328 225 1891 245 225 1892 244 226 1893 243 226 1894 330 226 1895 330 227 1896 329 227 1897 244 227 1898 243 228 1899 242 228 1900 331 228 1901 331 229 1902 330 229 1903 243 229 1904 242 87 1905 241 87 1906 332 87 1907 332 230 1908 331 230 1909 242 230 1910 241 87 1911 240 87 1912 333 87 1913 333 87 1914 332 87 1915 241 87 1916 240 231 1917 239 231 1918 334 231 1919 334 232 1920 333 232 1921 240 232 1922 239 233 1923 238 233 1924 335 233 1925 335 234 1926 334 234 1927 239 234 1928 238 235 1929 237 235 1930 336 235 1931 336 236 1932 335 236 1933 238 236 1934 237 237 1935 236 237 1936 337 237 1937 337 238 1938 336 238 1939 237 238 1940 236 239 1941 235 239 1942 312 239 1943 312 240 1944 337 240 1945 236 240 1946 338 107 1947 312 241 1948 313 242 1949 313 242 1950 339 108 1951 338 107 1952 339 108 1953 313 242 1954 314 243 1955 314 243 1956 340 156 1957 339 108 1958 340 156 1959 314 243 1960 315 244 1961 315 244 1962 341 154 1963 340 156 1964 341 154 1965 315 244 1966 316 245 1967 316 245 1968 342 152 1969 341 154 1970 342 152 1971 316 245 1972 317 246 1973 317 246 1974 343 150 1975 342 152 1976 343 150 1977 317 246 1978 318 247 1979 318 247 1980 344 148 1981 343 150 1982 344 148 1983 318 247 1984 319 248 1985 319 248 1986 345 146 1987 344 148 1988 345 146 1989 319 248 1990 320 249 1991 320 249 1992 346 144 1993 345 146 1994 346 144 1995 320 249 1996 321 250 1997 321 250 1998 347 142 1999 346 144 2000 347 142 2001 321 250 2002 322 251 2003 322 251 2004 348 140 2005 347 142 2006 348 140 2007 322 251 2008 323 252 2009 323 252 2010 349 138 2011 348 140 2012 349 138 2013 323 252 2014 324 253 2015 324 253 2016 350 136 2017 349 138 2018 350 136 2019 324 253 2020 325 254 2021 325 254 2022 351 134 2023 350 136 2024 351 134 2025 325 254 2026 326 255 2027 326 255 2028 352 132 2029 351 134 2030 352 132 2031 326 255 2032 327 256 2033 327 256 2034 353 130 2035 352 132 2036 353 130 2037 327 256 2038 328 257 2039 328 257 2040 354 128 2041 353 130 2042 354 128 2043 328 257 2044 329 258 2045 329 258 2046 355 126 2047 354 128 2048 355 126 2049 329 258 2050 330 259 2051 330 259 2052 356 124 2053 355 126 2054 356 124 2055 330 259 2056 331 260 2057 331 260 2058 357 122 2059 356 124 2060 357 122 2061 331 260 2062 332 261 2063 332 261 2064 358 120 2065 357 122 2066 358 120 2067 332 261 2068 333 262 2069 333 262 2070 359 118 2071 358 120 2072 359 118 2073 333 262 2074 334 263 2075 334 263 2076 360 116 2077 359 118 2078 360 116 2079 334 263 2080 335 264 2081 335 264 2082 361 114 2083 360 116 2084 361 114 2085 335 264 2086 336 265 2087 336 265 2088 362 112 2089 361 114 2090 362 112 2091 336 265 2092 337 266 2093 337 266 2094 363 110 2095 362 112 2096 363 110 2097 337 266 2098 312 241 2099 312 241 2100 338 107 2101 363 110 2102 364 107 2103 208 241 2104 209 267 2105 209 267 2106 365 108 2107 364 107 2108 365 108 2109 209 267 2110 210 243 2111 210 243 2112 366 156 2113 365 108 2114 366 156 2115 210 243 2116 211 244 2117 211 244 2118 367 154 2119 366 156 2120 367 154 2121 211 244 2122 212 245 2123 212 245 2124 368 152 2125 367 154 2126 368 152 2127 212 245 2128 213 246 2129 213 246 2130 369 150 2131 368 152 2132 369 150 2133 213 246 2134 214 247 2135 214 247 2136 370 148 2137 369 150 2138 370 148 2139 214 247 2140 215 248 2141 215 248 2142 371 146 2143 370 148 2144 371 146 2145 215 248 2146 216 249 2147 216 249 2148 372 157 2149 371 146 2150 372 157 2151 216 249 2152 217 250 2153 217 250 2154 373 142 2155 372 157 2156 373 142 2157 217 250 2158 218 251 2159 218 251 2160 374 140 2161 373 142 2162 374 140 2163 218 251 2164 219 268 2165 219 268 2166 375 138 2167 374 140 2168 375 138 2169 219 268 2170 220 253 2171 220 253 2172 376 136 2173 375 138 2174 376 136 2175 220 253 2176 221 269 2177 221 269 2178 377 134 2179 376 136 2180 377 134 2181 221 269 2182 222 270 2183 222 270 2184 378 132 2185 377 134 2186 378 132 2187 222 270 2188 223 271 2189 223 271 2190 379 158 2191 378 132 2192 379 158 2193 223 271 2194 224 257 2195 224 257 2196 380 128 2197 379 158 2198 380 128 2199 224 257 2200 225 272 2201 225 272 2202 381 126 2203 380 128 2204 381 126 2205 225 272 2206 226 273 2207 226 273 2208 382 124 2209 381 126 2210 382 124 2211 226 273 2212 227 260 2213 227 260 2214 383 122 2215 382 124 2216 383 122 2217 227 260 2218 228 261 2219 228 261 2220 384 120 2221 383 122 2222 384 120 2223 228 261 2224 229 262 2225 229 262 2226 385 118 2227 384 120 2228 385 118 2229 229 262 2230 230 263 2231 230 263 2232 386 116 2233 385 118 2234 386 116 2235 230 263 2236 231 274 2237 231 274 2238 387 159 2239 386 116 2240 387 159 2241 231 274 2242 232 265 2243 232 265 2244 388 112 2245 387 159 2246 388 112 2247 232 265 2248 233 266 2249 233 266 2250 389 110 2251 388 112 2252 389 110 2253 233 266 2254 208 241 2255 208 241 2256 364 107 2257 389 110 2258 159 60 2259 160 61 2260 161 62 2261 161 62 2262 162 63 2263 163 64 2264 163 64 2265 164 65 2266 167 68 2267 164 65 2268 165 66 2269 167 68 2270 165 66 2271 166 67 2272 167 68 2273 167 68 2274 168 69 2275 169 70 2276 169 70 2277 170 71 2278 171 72 2279 171 72 2280 172 73 2281 175 76 2282 172 73 2283 173 74 2284 175 76 2285 173 74 2286 174 75 2287 175 76 2288 175 76 2289 176 77 2290 177 78 2291 177 78 2292 178 79 2293 179 80 2294 179 80 2295 180 81 2296 157 57 2297 180 81 2298 181 82 2299 157 57 2300 181 82 2301 156 58 2302 157 57 2303 157 57 2304 158 59 2305 159 60 2306 159 60 2307 161 62 2308 157 57 2309 161 62 2310 163 64 2311 157 57 2312 167 68 2313 169 70 2314 171 72 2315 175 76 2316 177 78 2317 171 72 2318 177 78 2319 179 80 2320 171 72 2321 163 64 2322 167 68 2323 171 72 2324 179 80 2325 157 57 2326 163 64 2327</p>
        </triangles>
      </mesh>
    </geometry>
    <geometry id="Circle_005-mesh" name="Circle.005">
      <mesh>
        <source id="Circle_005-mesh-positions">
          <float_array id="Circle_005-mesh-positions-array" count="1443">0 0.2249749 0 -0.02351623 0.2237426 0 -0.04677492 0.2200587 0 -0.06952106 0.2139639 0 -0.09150552 0.2055249 0 -0.1124874 0.194834 0 -0.1322369 0.1820086 0 -0.1505376 0.167189 0 -0.167189 0.1505376 0 -0.1820085 0.132237 0 -0.194834 0.1124875 0 -0.2055249 0.09150558 0 -0.2139639 0.06952106 0 -0.2200587 0.04677492 0 -0.2237425 0.02351629 0 -0.2249749 0 0 -0.2237425 -0.02351623 0 -0.2200587 -0.04677492 0 -0.2139639 -0.06952106 0 -0.2055248 -0.09150552 0 -0.194834 -0.1124874 0 -0.1820085 -0.1322369 0 -0.167189 -0.1505376 0 -0.1505376 -0.167189 0 -0.1322369 -0.1820086 0 -0.1124874 -0.194834 0 -0.09150552 -0.2055249 0 -0.06952106 -0.2139639 0 -0.04677486 -0.2200587 0 -0.02351623 -0.2237425 0 0 -0.2249749 0 0.02351623 -0.2237425 0 0.04677492 -0.2200587 0 0.06952106 -0.2139639 0 0.09150558 -0.2055248 0 0.1124874 -0.194834 0 0.132237 -0.1820085 0 0.1505376 -0.167189 0 0.167189 -0.1505376 0 0.1820086 -0.1322369 0 0.1948341 -0.1124874 0 0.2055249 -0.09150552 0 0.2139639 -0.06952106 0 0.2200587 -0.04677492 0 0.2237426 -0.02351623 0 0.2249749 0 0 0.2237426 0.02351623 0 0.2200587 0.04677486 0 0.2139639 0.06952112 0 0.2055249 0.09150558 0 0.1948341 0.1124874 0 0.1820086 0.1322369 0 0.167189 0.1505377 0 0.1505376 0.167189 0 0.132237 0.1820086 0 0.1124875 0.194834 0 0.09150552 0.2055249 0 0.06952106 0.2139639 0 0.04677492 0.2200587 0 0.02351629 0.2237426 0 0 0.2249749 0 -0.02351623 0.2237426 0 -0.04677492 0.2200587 0 -0.06952106 0.2139639 0 -0.09150552 0.2055249 0 -0.1124874 0.194834 0 -0.1322369 0.1820086 0 -0.1505376 0.167189 0 -0.167189 0.1505376 0 -0.1820085 0.132237 0 -0.194834 0.1124875 0 -0.2055249 0.09150558 0 -0.2139639 0.06952106 0 -0.2200587 0.04677492 0 -0.2237425 0.02351629 0 -0.2249749 0 0 -0.2237425 -0.02351623 0 -0.2200587 -0.04677492 0 -0.2139639 -0.06952106 0 -0.2055248 -0.09150552 0 -0.194834 -0.1124874 0 -0.1820085 -0.1322369 0 -0.167189 -0.1505376 0 -0.1505376 -0.167189 0 -0.1322369 -0.1820086 0 -0.1124874 -0.194834 0 -0.09150552 -0.2055249 0 -0.06952106 -0.2139639 0 -0.04677486 -0.2200587 0 -0.02351623 -0.2237425 0 0 -0.2249749 0 0.02351623 -0.2237425 0 0.04677492 -0.2200587 0 0.06952106 -0.2139639 0 0.09150558 -0.2055248 0 0.1124874 -0.194834 0 0.132237 -0.1820085 0 0.1505376 -0.167189 0 0.167189 -0.1505376 0 0.1820086 -0.1322369 0 0.1948341 -0.1124874 0 0.2055249 -0.09150552 0 0.2139639 -0.06952106 0 0.2200587 -0.04677492 0 0.2237426 -0.02351623 0 0.2249749 0 0 0.2237426 0.02351623 0 0.2200587 0.04677486 0 0.2139639 0.06952112 0 0.2055249 0.09150558 0 0.1948341 0.1124874 0 0.1820086 0.1322369 0 0.167189 0.1505377 0 0.1505376 0.167189 0 0.132237 0.1820086 0 0.1124875 0.194834 0 0.09150552 0.2055249 0 0.06952106 0.2139639 0 0.04677492 0.2200587 0 0.02351629 0.2237426 0 0 0.2249749 0 -0.02351623 0.2237426 0 -0.04677492 0.2200587 0 -0.06952106 0.2139639 0 -0.09150552 0.2055249 0 -0.1124874 0.194834 0 -0.1322369 0.1820086 0 -0.1505376 0.167189 0 -0.167189 0.1505376 0 -0.1820085 0.132237 0 -0.194834 0.1124875 0 -0.2055249 0.09150558 0 -0.2139639 0.06952106 0 -0.2200587 0.04677492 0 -0.2237425 0.02351629 0 -0.2249749 0 0 -0.2237425 -0.02351623 0 -0.2200587 -0.04677492 0 -0.2139639 -0.06952106 0 -0.2055248 -0.09150552 0 -0.194834 -0.1124874 0 -0.1820085 -0.1322369 0 -0.167189 -0.1505376 0 -0.1505376 -0.167189 0 -0.1322369 -0.1820086 0 -0.1124874 -0.194834 0 -0.09150552 -0.2055249 0 -0.06952106 -0.2139639 0 -0.04677486 -0.2200587 0 -0.02351623 -0.2237425 0 0 -0.2249749 0 0.02351623 -0.2237425 0 0.04677492 -0.2200587 0 0.06952106 -0.2139639 0 0.09150558 -0.2055248 0 0.1124874 -0.194834 0 0.132237 -0.1820085 0 0.1505376 -0.167189 0 0.167189 -0.1505376 0 0.1820086 -0.1322369 0 0.1948341 -0.1124874 0 0.2055249 -0.09150552 0 0.2139639 -0.06952106 0 0.2200587 -0.04677492 0 0.2237426 -0.02351623 0 0.2249749 0 0 0.2237426 0.02351623 0 0.2200587 0.04677486 0 0.2139639 0.06952112 0 0.2055249 0.09150558 0 0.1948341 0.1124874 0 0.1820086 0.1322369 0 0.167189 0.1505377 0 0.1505376 0.167189 0 0.132237 0.1820086 0 0.1124875 0.194834 0 0.09150552 0.2055249 0 0.06952106 0.2139639 0 0.04677492 0.2200587 0 0.02351629 0.2237426 0 0 0.2249749 0 -0.02351623 0.2237426 0 -0.04677492 0.2200587 0 -0.06952106 0.2139639 0 -0.09150552 0.2055249 0 -0.1124874 0.194834 0 -0.1322369 0.1820086 0 -0.1505376 0.167189 0 -0.167189 0.1505376 0 -0.1820085 0.132237 0 -0.194834 0.1124875 0 -0.2055249 0.09150558 0 -0.2139639 0.06952106 0 -0.2200587 0.04677492 0 -0.2237425 0.02351629 0 -0.2249749 0 0 -0.2237425 -0.02351623 0 -0.2200587 -0.04677492 0 -0.2139639 -0.06952106 0 -0.2055248 -0.09150552 0 -0.194834 -0.1124874 0 -0.1820085 -0.1322369 0 -0.167189 -0.1505376 0 -0.1505376 -0.167189 0 -0.1322369 -0.1820086 0 -0.1124874 -0.194834 0 -0.09150552 -0.2055249 0 -0.06952106 -0.2139639 0 -0.04677486 -0.2200587 0 -0.02351623 -0.2237425 0 0 -0.2249749 0 0.02351623 -0.2237425 0 0.04677492 -0.2200587 0 0.06952106 -0.2139639 0 0.09150558 -0.2055248 0 0.1124874 -0.194834 0 0.132237 -0.1820085 0 0.1505376 -0.167189 0 0.167189 -0.1505376 0 0.1820086 -0.1322369 0 0.1948341 -0.1124874 0 0.2055249 -0.09150552 0 0.2139639 -0.06952106 0 0.2200587 -0.04677492 0 0.2237426 -0.02351623 0 0.2249749 0 0 0.2237426 0.02351623 0 0.2200587 0.04677486 0 0.2139639 0.06952112 0 0.2055249 0.09150558 0 0.1948341 0.1124874 0 0.1820086 0.1322369 0 0.167189 0.1505377 0 0.1505376 0.167189 0 0.132237 0.1820086 0 0.1124875 0.194834 0 0.09150552 0.2055249 0 0.06952106 0.2139639 0 0.04677492 0.2200587 0 0.02351629 0.2237426 0 0 0.1719396 0.02500987 -0.01797258 0.1709977 0.02500987 -0.03574824 0.1681823 0.02500987 -0.05313223 0.1635243 0.02500987 -0.06993407 0.1570747 0.02500987 -0.0859698 0.148904 0.02500987 -0.1010636 0.1391021 0.02500987 -0.11505 0.127776 0.02500987 -0.127776 0.11505 0.02500987 -0.1391021 0.1010636 0.02500987 -0.1489041 0.0859698 0.02500987 -0.1570746 0.06993412 0.02500987 -0.1635243 0.05313229 0.02500987 -0.1681823 0.03574824 0.02500987 -0.1709977 0.01797252 0.02500987 -0.1719396 0 0.02500987 -0.1709977 -0.01797252 0.02500987 -0.1681823 -0.03574824 0.02500987 -0.1635243 -0.05313223 0.02500987 -0.1570746 -0.06993412 0.02500987 -0.148904 -0.0859698 0.02500987 -0.139102 -0.1010636 0.02500987 -0.127776 -0.1150501 0.02500987 -0.11505 -0.127776 0.02500987 -0.1010636 -0.1391021 0.02500987 -0.0859698 -0.148904 0.02500987 -0.06993412 -0.1570747 0.02500987 -0.05313229 -0.1635243 0.02500987 -0.03574824 -0.1681823 0.02500987 -0.01797252 -0.1709977 0.02500987 0 -0.1719396 0.02500987 0.01797252 -0.1709977 0.02500987 0.0357483 -0.1681823 0.02500987 0.05313223 -0.1635243 0.02500987 0.06993412 -0.1570746 0.02500987 0.0859698 -0.148904 0.02500987 0.1010636 -0.1391021 0.02500987 0.11505 -0.127776 0.02500987 0.127776 -0.11505 0.02500987 0.1391021 -0.1010634 0.02500987 0.1489041 -0.08596974 0.02500987 0.1570747 -0.06993407 0.02500987 0.1635243 -0.05313229 0.02500987 0.1681823 -0.0357483 0.02500987 0.1709977 -0.01797252 0.02500987 0.1719396 0 0.02500987 0.1709977 0.01797258 0.02500987 0.1681823 0.03574824 0.02500987 0.1635243 0.05313229 0.02500987 0.1570747 0.06993412 0.02500987 0.1489041 0.08596974 0.02500987 0.1391021 0.1010635 0.02500987 0.127776 0.1150501 0.02500987 0.11505 0.127776 0.02500987 0.1010636 0.1391021 0.02500987 0.08596986 0.148904 0.02500987 0.06993407 0.1570747 0.02500987 0.05313229 0.1635243 0.02500987 0.03574824 0.1681823 0.02500987 0.01797258 0.1709977 0.02500987 -0.02351623 0.2237426 0.02500987 0 0.2249749 0.02500987 -0.04677492 0.2200587 0.02500987 -0.06952106 0.2139639 0.02500987 -0.09150552 0.2055249 0.02500987 -0.1124874 0.194834 0.02500987 -0.1322369 0.1820086 0.02500987 -0.1505376 0.167189 0.02500987 -0.167189 0.1505376 0.02500987 -0.1820085 0.132237 0.02500987 -0.194834 0.1124875 0.02500987 -0.2055249 0.09150558 0.02500987 -0.2139639 0.06952106 0.02500987 -0.2200587 0.04677492 0.02500987 -0.2237425 0.02351629 0.02500987 -0.2249749 0 0.02500987 -0.2237425 -0.02351623 0.02500987 -0.2200587 -0.04677492 0.02500987 -0.2139639 -0.06952106 0.02500987 -0.2055248 -0.09150552 0.02500987 -0.194834 -0.1124874 0.02500987 -0.1820085 -0.1322369 0.02500987 -0.167189 -0.1505376 0.02500987 -0.1505376 -0.167189 0.02500987 -0.1322369 -0.1820086 0.02500987 -0.1124874 -0.194834 0.02500987 -0.09150552 -0.2055249 0.02500987 -0.06952106 -0.2139639 0.02500987 -0.04677486 -0.2200587 0.02500987 -0.02351623 -0.2237425 0.02500987 0 -0.2249749 0.02500987 0.02351623 -0.2237425 0.02500987 0.04677492 -0.2200587 0.02500987 0.06952106 -0.2139639 0.02500987 0.09150558 -0.2055248 0.02500987 0.1124874 -0.194834 0.02500987 0.132237 -0.1820085 0.02500987 0.1505376 -0.167189 0.02500987 0.167189 -0.1505376 0.02500987 0.1820086 -0.1322369 0.02500987 0.1948341 -0.1124874 0.02500987 0.2055249 -0.09150552 0.02500987 0.2139639 -0.06952106 0.02500987 0.2200587 -0.04677492 0.02500987 0.2237426 -0.02351623 0.02500987 0.2249749 0 0.02500987 0.2237426 0.02351623 0.02500987 0.2200587 0.04677486 0.02500987 0.2139639 0.06952112 0.02500987 0.2055249 0.09150558 0.02500987 0.1948341 0.1124874 0.02500987 0.1820086 0.1322369 0.02500987 0.167189 0.1505377 0.02500987 0.1505376 0.167189 0.02500987 0.132237 0.1820086 0.02500987 0.1124875 0.194834 0.02500987 0.09150552 0.2055249 0.02500987 0.06952106 0.2139639 0.02500987 0.04677492 0.2200587 0.02500987 0.02351629 0.2237426 0.02500987 -0.02333188 0.2219886 0.02500987 0 0.2232113 0.02500987 -0.04640823 0.2183336 0.02500987 -0.06897604 0.2122866 0.02500987 -0.09078818 0.2039137 0.02500987 -0.1116057 0.1933066 0.02500987 -0.1312003 0.1805818 0.02500987 -0.1493575 0.1658783 0.02500987 -0.1658783 0.1493575 0.02500987 -0.1805817 0.1312003 0.02500987 -0.1933066 0.1116057 0.02500987 -0.2039137 0.09078818 0.02500987 -0.2122865 0.0689761 0.02500987 -0.2183336 0.04640823 0.02500987 -0.2219885 0.02333194 0.02500987 -0.2232113 0 0.02500987 -0.2219885 -0.02333188 0.02500987 -0.2183336 -0.04640823 0.02500987 -0.2122865 -0.06897604 0.02500987 -0.2039136 -0.09078818 0.02500987 -0.1933066 -0.1116057 0.02500987 -0.1805817 -0.1312003 0.02500987 -0.1658783 -0.1493575 0.02500987 -0.1493575 -0.1658783 0.02500987 -0.1312003 -0.1805818 0.02500987 -0.1116057 -0.1933066 0.02500987 -0.09078818 -0.2039137 0.02500987 -0.06897604 -0.2122865 0.02500987 -0.04640817 -0.2183336 0.02500987 -0.02333194 -0.2219885 0.02500987 0 -0.2232113 0.02500987 0.02333194 -0.2219885 0.02500987 0.04640823 -0.2183336 0.02500987 0.06897604 -0.2122865 0.02500987 0.09078818 -0.2039136 0.02500987 0.1116057 -0.1933066 0.02500987 0.1312003 -0.1805817 0.02500987 0.1493575 -0.1658783 0.02500987 0.1658783 -0.1493574 0.02500987 0.1805818 -0.1312002 0.02500987 0.1933067 -0.1116056 0.02500987 0.2039137 -0.09078818 0.02500987 0.2122866 -0.06897604 0.02500987 0.2183336 -0.04640823 0.02500987 0.2219886 -0.02333188 0.02500987 0.2232113 0 0.02500987 0.2219886 0.02333188 0.02500987 0.2183336 0.04640817 0.02500987 0.2122866 0.0689761 0.02500987 0.2039137 0.09078818 0.02500987 0.1933067 0.1116057 0.02500987 0.1805818 0.1312003 0.02500987 0.1658783 0.1493576 0.02500987 0.1493575 0.1658783 0.02500987 0.1312003 0.1805818 0.02500987 0.1116057 0.1933066 0.02500987 0.09078818 0.2039137 0.02500987 0.06897604 0.2122866 0.02500987 0.04640823 0.2183336 0.02500987 0.02333194 0.2219886 0.02500987 -0.02273058 0.2162674 0.02500987 0 0.2174586 0.02500987 -0.04521214 0.2127066 0.02500987 -0.06719839 0.2068154 0.02500987 -0.08844834 0.1986583 0.02500987 -0.1087293 0.1883246 0.02500987 -0.1278189 0.1759277 0.02500987 -0.1455082 0.1616032 0.02500987 -0.1616032 0.1455082 0.02500987 -0.1759276 0.127819 0.02500987 -0.1883246 0.1087293 0.02500987 -0.1986583 0.08844834 0.02500987 -0.2068154 0.06719839 0.02500987 -0.2127065 0.04521214 0.02500987 -0.2162673 0.02273058 0.02500987 -0.2174586 0 0.02500987 -0.2162673 -0.02273058 0.02500987 -0.2127065 -0.04521214 0.02500987 -0.2068154 -0.06719839 0.02500987 -0.1986582 -0.08844834 0.02500987 -0.1883246 -0.1087293 0.02500987 -0.1759276 -0.1278189 0.02500987 -0.1616032 -0.1455082 0.02500987 -0.1455082 -0.1616032 0.02500987 -0.1278189 -0.1759277 0.02500987 -0.1087293 -0.1883246 0.02500987 -0.08844834 -0.1986583 0.02500987 -0.06719839 -0.2068154 0.02500987 -0.04521214 -0.2127065 0.02500987 -0.02273058 -0.2162673 0.02500987 0 -0.2174586 0.02500987 0.02273058 -0.2162673 0.02500987 0.0452122 -0.2127065 0.02500987 0.06719839 -0.2068154 0.02500987 0.08844834 -0.1986582 0.02500987 0.1087293 -0.1883246 0.02500987 0.127819 -0.1759276 0.02500987 0.1455082 -0.1616032 0.02500987 0.1616032 -0.1455081 0.02500987 0.1759277 -0.1278188 0.02500987 0.1883247 -0.1087293 0.02500987 0.1986583 -0.08844834 0.02500987 0.2068154 -0.06719839 0.02500987 0.2127065 -0.0452122 0.02500987 0.2162674 -0.02273052 0.02500987 0.2174586 0 0.02500987 0.2162673 0.02273058 0.02500987 0.2127066 0.04521214 0.02500987 0.2068154 0.06719839 0.02500987 0.1986583 0.08844834 0.02500987 0.1883247 0.1087293 0.02500987 0.1759277 0.1278189 0.02500987 0.1616032 0.1455082 0.02500987 0.1455082 0.1616032 0.02500987 0.127819 0.1759277 0.02500987 0.1087293 0.1883246 0.02500987 0.08844834 0.1986583 0.02500987 0.06719839 0.2068154 0.02500987 0.04521214 0.2127065 0.02500987 0.02273064 0.2162674 0.02500987 0 -1.49012e-7 0.02500987</float_array>
          <technique_common>
            <accessor source="#Circle_005-mesh-positions-array" count="481" stride="3">
              <param name="X" type="float"/>
              <param name="Y" type="float"/>
              <param name="Z" type="float"/>
            </accessor>
          </technique_common>
        </source>
        <source id="Circle_005-mesh-normals">
          <float_array id="Circle_005-mesh-normals-array" count="816">0 0 1 0.2588168 0.9659264 0 0.1564341 -0.9876884 0 -0.5446383 0.8386712 0 0.156437 0.987688 0 0.2588194 -0.9659258 0 -0.6293206 0.7771458 0 0.05233365 0.9986297 0 0.3583684 -0.9335803 0 -0.7071074 0.7071063 0 0.4539903 -0.8910066 0 -0.7771463 0.6293201 0 0.544639 -0.8386706 0 -0.8386701 0.5446398 0 0.6293203 -0.7771461 0 -0.8910055 0.4539926 0 0.7071086 -0.707105 0 -0.9335808 0.3583671 0 0.7771452 -0.6293213 0 -0.9659259 0.2588186 0 0.8386697 -0.5446404 0 -0.9876883 0.1564351 0 0.8910066 -0.4539906 0 -0.9986296 0.05233585 0 0.9335802 -0.3583687 0 -0.9986295 -0.05233585 0 0.9659262 -0.2588176 0 -0.9876885 -0.1564337 0 0.9876881 -0.1564361 0 -0.9659259 -0.2588186 0 0.9986297 -0.0523343 0 -0.9335802 -0.3583687 0 0.9986298 0.05233275 0 -0.8910068 -0.4539901 0 0.9876886 0.1564337 0 -0.8386697 -0.5446404 0 0.9659261 0.258818 0 -0.7771474 -0.6293188 0 0.9335801 0.3583689 0 -0.7071065 -0.7071071 0 0.8910066 0.4539906 0 -0.6293202 -0.7771461 0 0.8386704 0.5446392 0 -0.5446383 -0.8386712 0 0.7771468 0.6293195 0 -0.4539917 -0.8910059 0 0.7071053 0.7071084 0 -0.3583666 -0.9335809 0 -0.05233377 0.9986297 0 0.6293214 0.7771453 0 -0.2588186 -0.9659259 0 -0.1564344 0.9876884 0 0.5446383 0.8386712 0 -0.1564345 -0.9876884 0 -0.2588188 0.9659259 0 0.4539908 0.8910064 0 -0.05233621 -0.9986296 0 -0.3583686 0.9335802 0 0.3583688 0.9335802 0 0.05233633 -0.9986295 0 -0.453992 0.8910058 0 0 0 -1 -1.75428e-7 0 1 1.76814e-7 0 1 7.01711e-7 0 1 3.53623e-7 0 1 7.0726e-7 0 1 4.42038e-7 0 1 -9.72474e-7 0 1 1.72395e-6 0 1 3.09425e-7 0 1 -9.28273e-7 0 1 2.5196e-6 0 1 -2.80686e-6 0 1 2.80686e-6 0 1 1.76814e-7 0 1 -1.76813e-7 0 1 3.5363e-7 0 1 1.76814e-7 0 1 -3.53618e-7 0 1 1.76815e-7 0 1 -1.76814e-7 0 1 1.76813e-7 0 1 -7.01711e-7 0 1 -1.40342e-6 0 1 -7.07258e-7 0 1 9.72476e-7 0 1 -4.42037e-7 0 1 -8.84079e-7 0 1 1.10509e-6 0 1 -3.09425e-7 0 1 2.80685e-6 0 1 3.09424e-7 0 1 2.80684e-6 0 1 -1.76814e-7 0 1 1.76815e-7 0 1 -3.5363e-7 0 1 -8.84076e-7 0 1 5.30454e-7 0 1 -3.53626e-7 0 1 0 0 1 2.22569e-7 0 1 -2.2257e-7 0 1 0 0 1 2.22569e-7 0 1 0 0 1 4.45139e-7 0 1 2.22569e-7 0 1 3.33854e-7 0 1 5.56423e-7 0 1 5.56422e-7 0 1 3.33854e-7 0 1 3.33854e-7 0 1 2.22569e-7 0 1 -4.33663e-7 0 1 -2.22568e-7 0 1 2.22568e-7 0 1 3.33852e-7 0 1 2.22569e-7 0 1 -3.33853e-7 0 1 -8.67333e-7 0 1 -2.2257e-7 0 1 0 0 1 -3.06033e-7 0 1 8.6733e-7 0 1 -3.33854e-7 0 1 0 0 1 2.2257e-7 0 1 4.3366e-7 0 1 -2.16833e-7 0 1 -1.3361e-7 0 1 -2.84602e-7 0 1 0 0 1 0 0 1 0 0 1 0 0 1 0 0 1 0 0 1 0 0 1 -1.42301e-7 0 1 0 0 1 1.42301e-7 0 1 -2.84603e-7 0 1 2.10964e-7 0 1 0 0 1 0 0 1 0 0 1 0 0 1 0 0 1 0 0 1 0 0 1 0 0 1 0 0 1 0 0 1 -2.84603e-7 0 1 0 0 1 -1.68771e-7 0 1 1.5069e-7 0 1 0.2588192 -0.9659259 0 -0.6293202 0.7771461 0 0.05233365 0.9986297 0 0.3583682 -0.9335803 0 -0.7071065 0.7071071 0 0.6293199 -0.7771465 0 -0.8910061 0.4539913 0 0.7071078 -0.7071058 0 -0.9335813 0.3583657 0 0.8386704 -0.5446392 0 -0.9876885 0.1564336 0 -0.9986296 0.05233585 0 -0.9986296 -0.05233585 0 0.9659267 -0.2588161 0 -0.9876883 -0.1564351 0 0.9876882 -0.1564361 0 0.9986298 -0.05233275 0 0.9986297 0.0523343 0 0.9876883 0.1564353 0 -0.7071074 -0.7071063 0 -0.6293206 -0.7771458 0 0.8386697 0.5446404 0 -0.453992 -0.8910058 0 0.707106 0.7071076 0 -0.3583664 -0.933581 0 -0.05233377 0.9986297 0 0.6293218 0.7771449 0 0.5446387 0.8386709 0 -0.3583688 0.9335802 0 0.3583686 0.9335802 0 -0.4539917 0.8910059 0 -1.50689e-7 0 1 0 0 1 1.5069e-7 0 1 0 0 1 0 0 1 0 0 1 0 0 1 0 0 1 -3.53626e-7 0 1 -5.30454e-7 0 1 -1.85655e-6 0 1 -3.09424e-7 0 1 -9.28273e-7 0 1 -2.80685e-6 0 1 -1.10509e-6 0 1 -1.94497e-6 0 1 4.42035e-7 0 1 4.42036e-7 0 1 1.40342e-6 0 1 1.76818e-7 0 1 -1.76815e-7 0 1 5.30443e-7 0 1 5.30447e-7 0 1 -1.23771e-6 0 1 -2.80686e-6 0 1 3.09423e-7 0 1 -3.09424e-7 0 1 -1.72395e-6 0 1 -8.84081e-7 0 1 -4.42035e-7 0 1 9.72479e-7 0 1 1.75424e-7 0 1 2.16833e-7 0 1 -4.33666e-7 0 1 -3.33854e-7 0 1 -5.56423e-7 0 1 3.33853e-7 0 1 0 0 1 0 0 1 -2.22568e-7 0 1 2.22569e-7 0 1 -3.33854e-7 0 1 2.22568e-7 0 1 0 0 1 -5.84242e-7 0 1 -3.33854e-7 0 1 0 0 1 -4.33668e-7 0 1 0 0 1 2.2257e-7 0 1 -2.22568e-7 0 1 0 0 1 2.10964e-7 0 1 0 0 1 0 0 1 0 0 1 0 0 1 0 0 1 0 0 1 0 0 1 0 0 1 -2.84601e-7 0 1 0 0 1 0 0 1 -1.42301e-7 0 1 1.423e-7 0 1 0 0 1 0 0 1 0 0 1 1.423e-7 0 1 0 0 1 0 0 1 2.84602e-7 0 1 1.3361e-7 0 1 -3.0138e-7 0 1 0 0 1 -1.5069e-7 0 1 -1.50689e-7 0 1 1.50689e-7 0 1 0 0 1 0 0 1 -3.01381e-7 0 1 3.01381e-7 0 1</float_array>
          <technique_common>
            <accessor source="#Circle_005-mesh-normals-array" count="272" stride="3">
              <param name="X" type="float"/>
              <param name="Y" type="float"/>
              <param name="Z" type="float"/>
            </accessor>
          </technique_common>
        </source>
        <source id="Circle_005-mesh-map-0">
          <float_array id="Circle_005-mesh-map-0-array" count="5748">0 0 0 0 0 0 0 0 0 0 0 0 0 0 0 0 0 0 0 0 0 0 0 0 0 0 0 0 0 0 0 0 0 0 0 0 0 0 0 0 0 0 0 0 0 0 0 0 0 0 0 0 0 0 0 0 0 0 0 0 0 0 0 0 0 0 0 0 0 0 0 0 0 0 0 0 0 0 0 0 0 0 0 0 0 0 0 0 0 0 0 0 0 0 0 0 0 0 0 0 0 0 0 0 0 0 0 0 0 0 0 0 0 0 0 0 0 0 0 0 0 0 0 0 0 0 0 0 0 0 0 0 0 0 0 0 0 0 0 0 0 0 0 0 0 0 0 0 0 0 0 0 0 0 0 0 0 0 0 0 0 0 0 0 0 0 0 0 0 0 0 0 0 0 0 0 0 0 0 0 0 0 0 0 0 0 0 0 0 0 0 0 0 0 0 0 0 0 0 0 0 0 0 0 0 0 0 0 0 0 0 0 0 0 0 0 0 0 0 0 0 0 0 0 0 0 0 0 0 0 0 0 0 0 0 0 0 0 0 0 0 0 0 0 0 0 0 0 0 0 0 0 0 0 0 0 0 0 0 0 0 0 0 0 0 0 0 0 0 0 0 0 0 0 0 0 0 0 0 0 0 0 0 0 0 0 0 0 0 0 0 0 0 0 0 0 0 0 0 0 0 0 0 0 0 0 0 0 0 0 0 0 0 0 0 0 0 0 0 0 0 0 0 0 0 0 0 0 0 0 0 0 0 0 0 0 0 0 0 0 0 0 0 0 0 0 0 0 0 0 0 0 0 0 0 0 0 0 0 0 0 0 0 0 0 0 0 0 0 0 0 0 0 0 0 0 0 0 0 0 0 0 0 0 0 0 0 0 0 0 0 0 0 0 0 0 0 0 0 0 0 0 0 0 0 0 0 0 0 0 0 0 0 0 0 0 0 0 0 0 0 0 0 0 0 0 0 0 0 0 0 0 0 0 0 0 0 0 0 0 0 0 0 0 0 0 0 0 0 0 0 0 0 0 0 0 0 0 0 0 0 0 0 0 0 0 0 0 0 0 0 0 0 0 0 0 0 0 0 0 0 0 0 0 0 0 0 0 0 0 0 0 0 0 0 0 0 0 0 0 0 0 0 0 0 0 0 0 0 0 0 0 0 0 0 0 0 0 0 0 0 0 0 0 0 0 0 0 0 0 0 0 0 0 0 0 0 0 0 0 0 0 0 0 0 0 0 0 0 0 0 0 0 0 0 0 0 0 0 0 0 0 0 0 0 0 0 0 0 0 0 0 0 0 0 0 0 0 0 0 0 0 0 0 0 0 0 0 0 0 0 0 0 0 0 0 0 0 0 0 0 0 0 0 0 0 0 0 0 0 0 0 0 0 0 0 0 0 0 0 0 0 0 0 0 0 0 0 0 0 0 0 0 0 0 0 0 0 0 0 0 0 0 0 0 0 0 0 0 0 0 0 0 0 0 0 0 0 0 0 0 0 0 0 0 0 0 0 0 0 0 0 0 0 0 0 0 0 0 0 0 0 0 0 0 0 0 0 0 0 0 0 0 0 0 0 0 0 0 0 0 0 0 0 0 0 0 0 0 0 0 0 0 0 0 0 0 0 0 0 0 0 0 0 0 0 0 0 0 0 0 0 0 0 0 0 0 0 0 0 0 0 0 0 0 0 0 0 0 0 0 0 0 0 0 0 0 0 0 0 0 0 0 0 0 0 0 0 0 0 0 0 0 0 0 0 0 0 0 0 0 0 0 0 0 0 0 0 0 0 0 0 0 0 0 0 0 0 0 0 0 0 0 0 0 0 0 0 0 0 0 0 0 0 0 0 0 0 0 0 0 0 0 0 0 0 0 0 0 0 0 0 0 0 0 0 0 0 0 0 0 0 0 0 0 0 0 0 0 0 0 0 0 0 0 0 0 0 0 0 0 0 0 0 0 0 0 0 0 0 0 0 0 0 0 0 0 0 0 0 0 0 0 0 0 0 0 0 0 0 0 0 0 0 0 0 0 0 0 0 0 0 0 0 0 0 0 0 0 0 0 0 0 0 0 0 0 0 0 0 0 0 0 0 0 0 0 0 0 0 0 0 0 0 0 0 0 0 0 0 0 0 0 0 0 0 0 0 0 0 0 0 0 0 0 0 0 0 0 0 0 0 0 0 0 0 0 0 0 0 0 0 0 0 0 0 0 0 0 0 0 0 0 0 0 0 0 0 0 0 0 0 0 0 0 0 0 0 0 0 0 0 0 0 0 0 0 0 0 0 0 0 0 0 0 0 0 0 0 0 0 0 0 0 0 0 0 0 0 0 0 0 0 0 0 0 0 0 0 0 0 0 0 0 0 0 0 0 0 0 0 0 0 0 0 0 0 0 0 0 0 0 0 0 0 0 0 0 0 0 0 0 0 0 0 0 0 0 0 0 0 0 0 0 0 0 0 0 0 0 0 0 0 0 0 0 0 0 0 0 0 0 0 0 0 0 0 0 0 0 0 0 0 0 0 0 0 0 0 0 0 0 0 0 0 0 0 0 0 0 0 0 0 0 0 0 0 0 0 0 0 0 0 0 0 0 0 0 0 0 0 0 0 0 0 0 0 0 0 0 0 0 0 0 0 0 0 0 0 0 0 0 0 0 0 0 0 0 0 0 0 0 0 0 0 0 0 0 0 0 0 0 0 0 0 0 0 0 0 0 0 0 0 0 0 0 0 0 0 0 0 0 0 0 0 0 0 0 0 0 0 0 0 0 0 0 0 0 0 0 0 0 0 0 0 0 0 0 0 0 0 0 0 0 0 0 0 0 0 0 0 0 0 0 0 0 0 0 0 0 0 0 0 0 0 0 0 0 0 0 0 0 0 0 0 0 0 0 0 0 0 0 0 0 0 0 0 0 0 0 0 0 0 0 0 0 0 0 0 0 0 0 0 0 0 0 0 0 0 0 0 0 0 0 0 0 0 0 0 0 0 0 0 0 0 0 0 0 0 0 0 0 0 0 0 0 0 0 0 0 0 0 0 0 0 0 0 0 0 0 0 0 0 0 0 0 0 0 0 0 0 0 0 0 0 0 0 0 0 0 0 0 0 0 0 0 0 0 0 0 0 0 0 0 0 0 0 0 0 0 0 0 0 0 0 0 0 0 0 0 0 0 0 0 0 0 0 0 0 0 0 0 0 0 0 0 0 0 0 0 0 0 0 0 0 0 0 0 0 0 0 0 0 0 0 0 0 0 0 0 0 0 0 0 0 0 0.7119136 0.3216308 0.6969484 0.2909134 0.4846347 0.4966399 0.5202916 0.9484414 0.4846773 0.9545252 0.5205733 0.952011 0.5202916 0.9484414 0.5560763 0.9445075 0.5555164 0.9409968 0.5899628 0.9286842 0.5560763 0.9445075 0.5907947 0.9320978 0.6232581 0.911637 0.5907947 0.9320978 0.6243531 0.9149156 0.6232581 0.911637 0.6563787 0.8931518 0.6550325 0.8900437 0.6849402 0.8641399 0.6563787 0.8931518 0.6865227 0.8670437 0.7126535 0.8342102 0.6865227 0.8670437 0.7144549 0.8368772 0.7126535 0.8342102 0.73987 0.8029819 0.7378694 0.8005807 0.7378694 0.8005807 0.7624878 0.7657314 0.7603098 0.7636221 0.7603098 0.7636221 0.7820612 0.7255331 0.7797299 0.723739 0.7959173 0.6813669 0.7820612 0.7255331 0.7983765 0.6828262 0.7959173 0.6813669 0.811254 0.6380798 0.8086938 0.6369713 0.8086938 0.6369713 0.820553 0.591784 0.8179199 0.5910381 0.8234946 0.5440711 0.820553 0.591784 0.8261719 0.5444456 0.8253569 0.4965834 0.8261719 0.5444456 0.8280487 0.4965828 0.8253569 0.4965834 0.8261628 0.4487217 0.8234855 0.4490973 0.8234855 0.4490973 0.8205353 0.4013848 0.8179025 0.4021317 0.8086673 0.3562014 0.8205353 0.4013848 0.8112275 0.3550916 0.7958831 0.3118115 0.8112275 0.3550916 0.7983422 0.3103512 0.7796876 0.2694438 0.7983422 0.3103512 0.7820187 0.2676485 0.7602598 0.2295662 0.7820187 0.2676485 0.7624372 0.2274559 0.7378123 0.1926152 0.7624372 0.2274559 0.7398126 0.1902129 0.7378123 0.1926152 0.7143922 0.1563273 0.712591 0.1589952 0.712591 0.1589952 0.6864537 0.1261696 0.6848719 0.1290739 0.6848719 0.1290739 0.6563049 0.1000714 0.654959 0.1031804 0.6231803 0.08159738 0.6563049 0.1000714 0.6242747 0.07831799 0.6231803 0.08159738 0.5907141 0.06114745 0.5898826 0.06456154 0.5898826 0.06456154 0.5559929 0.04874908 0.5554336 0.05226033 0.5202086 0.04482746 0.5559929 0.04874908 0.5204896 0.0412575 0.4845927 0.04234457 0.5204896 0.0412575 0.4845923 0.03875499 0.4845927 0.04234457 0.448696 0.0412693 0.4489778 0.0448392 0.4489778 0.0448392 0.4131934 0.04877275 0.4137535 0.05228376 0.4137535 0.05228376 0.378474 0.06118291 0.3793062 0.06459665 0.3460124 0.0816434 0.378474 0.06118291 0.3449171 0.07836431 0.3142369 0.1032374 0.3449171 0.07836431 0.3128904 0.100129 0.2843297 0.1291404 0.3128904 0.100129 0.2827471 0.1262366 0.2566159 0.159071 0.2827471 0.1262366 0.2548142 0.1564037 0.2566159 0.159071 0.2294002 0.1902975 0.2314012 0.1926991 0.2314012 0.1926991 0.2067824 0.2275479 0.2089606 0.2296575 0.2089606 0.2296575 0.1872084 0.2677471 0.1895401 0.2695415 0.1895401 0.2695415 0.1708935 0.3104531 0.1733531 0.3119127 0.1733531 0.3119127 0.1580157 0.3551999 0.1605763 0.3563088 0.1605763 0.3563088 0.1487166 0.4014963 0.1513501 0.4022422 0.1457752 0.4492101 0.1487166 0.4014963 0.1430977 0.4488353 0.1457752 0.4492101 0.141221 0.4966976 0.1439132 0.4966971 0.1457841 0.5441832 0.141221 0.4966976 0.1431066 0.5445587 0.1457841 0.5441832 0.1487344 0.5918964 0.1513676 0.5911495 0.1606022 0.6370784 0.1487344 0.5918964 0.1580418 0.6381879 0.1733873 0.6814705 0.1580418 0.6381879 0.170928 0.682931 0.1895822 0.7238366 0.170928 0.682931 0.1872509 0.7256317 0.2090101 0.763714 0.1872509 0.7256317 0.2068322 0.7658242 0.2314579 0.8006657 0.2068322 0.7658242 0.2294575 0.8030679 0.2314579 0.8006657 0.2548772 0.8369524 0.2566785 0.8342846 0.2566785 0.8342846 0.2828156 0.8671101 0.2843978 0.864206 0.2843978 0.864206 0.3129649 0.8932086 0.3143106 0.8900998 0.3143106 0.8900998 0.3449944 0.9149618 0.3460891 0.9116824 0.3460891 0.9116824 0.3785538 0.932132 0.3793855 0.928718 0.3793855 0.928718 0.4132766 0.9445311 0.413836 0.9410199 0.4490616 0.948453 0.4132766 0.9445311 0.4487805 0.9520229 0.4490616 0.948453 0.4846773 0.9545252 0.4846771 0.9509359 0.5193726 0.9367972 0.4846771 0.9509359 0.5202916 0.9484414 0.5193726 0.9367972 0.5555164 0.9409968 0.5536893 0.9295446 0.5872484 0.917549 0.5555164 0.9409968 0.5899628 0.9286842 0.5872484 0.917549 0.6232581 0.911637 0.6196848 0.9009411 0.6196848 0.9009411 0.6550325 0.8900437 0.6506406 0.8799045 0.6797775 0.8546685 0.6550325 0.8900437 0.6849402 0.8641399 0.6797775 0.8546685 0.7126535 0.8342102 0.7067768 0.8255099 0.7067768 0.8255099 0.7378694 0.8005807 0.7313426 0.7927471 0.7313426 0.7927471 0.7603098 0.7636221 0.7532048 0.7567413 0.7532048 0.7567413 0.7797299 0.723739 0.7721245 0.717886 0.7878947 0.6766062 0.7797299 0.723739 0.7959173 0.6813669 0.7878947 0.6766062 0.8086938 0.6369713 0.8003419 0.6333546 0.8003419 0.6333546 0.8179199 0.5910381 0.8093301 0.5886052 0.8093301 0.5886052 0.8234946 0.5440711 0.8147613 0.5428484 0.8165753 0.496585 0.8234946 0.5440711 0.8253569 0.4965834 0.8165753 0.496585 0.8234855 0.4490973 0.8147521 0.4503226 0.8093131 0.4045673 0.8234855 0.4490973 0.8179025 0.4021317 0.800316 0.3598209 0.8179025 0.4021317 0.8086673 0.3562014 0.800316 0.3598209 0.7958831 0.3118115 0.7878611 0.3165746 0.7720832 0.2752993 0.7958831 0.3118115 0.7796876 0.2694438 0.7720832 0.2752993 0.7602598 0.2295662 0.7531559 0.2364495 0.7312871 0.2004507 0.7602598 0.2295662 0.7378123 0.1926152 0.7312871 0.2004507 0.712591 0.1589952 0.7067158 0.1676971 0.6797112 0.1385471 0.712591 0.1589952 0.6848719 0.1290739 0.6797112 0.1385471 0.654959 0.1031804 0.6505693 0.1133208 0.6196093 0.09229409 0.654959 0.1031804 0.6231803 0.08159738 0.6196093 0.09229409 0.5898826 0.06456154 0.5871703 0.07569742 0.5871703 0.07569742 0.5554336 0.05226033 0.5536088 0.06371313 0.5536088 0.06371313 0.5202086 0.04482746 0.5192915 0.05647182 0.4845938 0.05405294 0.5202086 0.04482746 0.4845927 0.04234457 0.4845938 0.05405294 0.4489778 0.0448392 0.4498967 0.05648326 0.4155803 0.06373596 0.4489778 0.0448392 0.4137535 0.05228376 0.3820208 0.07573157 0.4137535 0.05228376 0.3793062 0.06459665 0.3820208 0.07573157 0.3460124 0.0816434 0.3495849 0.09233903 0.3495849 0.09233903 0.3142369 0.1032374 0.3186287 0.1133763 0.3186287 0.1133763 0.2843297 0.1291404 0.289492 0.138612 0.289492 0.138612 0.2566159 0.159071 0.2624927 0.1677709 0.2624927 0.1677709 0.2314012 0.1926991 0.2379276 0.2005324 0.2160654 0.2365384 0.2314012 0.1926991 0.2089606 0.2296575 0.1971455 0.2753943 0.2089606 0.2296575 0.1895401 0.2695415 0.1971455 0.2753943 0.1733531 0.3119127 0.1813756 0.3166737 0.1689281 0.3599255 0.1733531 0.3119127 0.1605763 0.3563088 0.1689281 0.3599255 0.1513501 0.4022422 0.1599397 0.4046751 0.1545085 0.4504325 0.1513501 0.4022422 0.1457752 0.4492101 0.1545085 0.4504325 0.1439132 0.4966971 0.1526945 0.4966956 0.1545172 0.542958 0.1439132 0.4966971 0.1457841 0.5441832 0.1545172 0.542958 0.1513676 0.5911495 0.1599567 0.5887133 0.1689534 0.6334591 0.1513676 0.5911495 0.1606022 0.6370784 0.1689534 0.6334591 0.1733873 0.6814705 0.181409 0.676707 0.1971865 0.7179812 0.1733873 0.6814705 0.1895822 0.7238366 0.1971865 0.7179812 0.2090101 0.763714 0.2161136 0.7568308 0.2379828 0.7928301 0.2090101 0.763714 0.2314579 0.8006657 0.2379828 0.7928301 0.2566785 0.8342846 0.2625536 0.8255827 0.2895584 0.8547328 0.2566785 0.8342846 0.2843978 0.864206 0.2895584 0.8547328 0.3143106 0.8900998 0.3187003 0.8799592 0.3496598 0.9009858 0.3143106 0.8900998 0.3460891 0.9116824 0.3820981 0.9175823 0.3460891 0.9116824 0.3793855 0.928718 0.3820981 0.9175823 0.413836 0.9410199 0.4156606 0.9295671 0.4499784 0.9368086 0.413836 0.9410199 0.4490616 0.948453 0.4499784 0.9368086 0.4846771 0.9509359 0.4846758 0.9392272 0.5121013 0.8446623 0.4846758 0.9392272 0.5193726 0.9367972 0.5121013 0.8446623 0.5536893 0.9295446 0.5392342 0.8389278 0.5657693 0.8294431 0.5536893 0.9295446 0.5872484 0.917549 0.5657693 0.8294431 0.6196848 0.9009411 0.5914155 0.8163118 0.5914155 0.8163118 0.6506406 0.8799045 0.6158919 0.7996786 0.6389298 0.7797249 0.6506406 0.8799045 0.6797775 0.8546685 0.6389298 0.7797249 0.7067768 0.8255099 0.6602779 0.7566699 0.6602779 0.7566699 0.7313426 0.7927471 0.6797009 0.7307658 0.6969872 0.7022966 0.7313426 0.7927471 0.7532048 0.7567413 0.6969872 0.7022966 0.7721245 0.717886 0.7119463 0.6715741 0.7244153 0.6389351 0.7721245 0.717886 0.7878947 0.6766062 0.7244153 0.6389351 0.8003419 0.6333546 0.7342574 0.6047373 0.7342574 0.6047373 0.8093301 0.5886052 0.7413642 0.5693549 0.7456582 0.5331758 0.8093301 0.5886052 0.8147613 0.5428484 0.7470924 0.4965965 0.8147613 0.5428484 0.8165753 0.496585 0.7470924 0.4965965 0.8147521 0.4503226 0.7456516 0.4600179 0.7456516 0.4600179 0.8093131 0.4045673 0.7413506 0.4238403 0.7342368 0.3884603 0.8093131 0.4045673 0.800316 0.3598209 0.7342368 0.3884603 0.7878611 0.3165746 0.7243887 0.3542656 0.7119136 0.3216308 0.7878611 0.3165746 0.7720832 0.2752993 0.7119136 0.3216308 0.7531559 0.2364495 0.6969484 0.2909134 0.6796572 0.2624497 0.7531559 0.2364495 0.7312871 0.2004507 0.6796572 0.2624497 0.7067158 0.1676971 0.6602292 0.2365521 0.6388772 0.213504 0.7067158 0.1676971 0.6797112 0.1385471 0.6388772 0.213504 0.6505693 0.1133208 0.6158356 0.1935582 0.5913561 0.1769328 0.6505693 0.1133208 0.6196093 0.09229409 0.5913561 0.1769328 0.5871703 0.07569742 0.5657077 0.1638103 0.5657077 0.1638103 0.5536088 0.06371313 0.5391709 0.1543344 0.5120368 0.1486089 0.5536088 0.06371313 0.5192915 0.05647182 0.4846022 0.1466963 0.5192915 0.05647182 0.4845938 0.05405294 0.4846022 0.1466963 0.4498967 0.05648326 0.4571682 0.1486179 0.4300348 0.1543525 0.4498967 0.05648326 0.4155803 0.06373596 0.4035 0.1638373 0.4155803 0.06373596 0.3820208 0.07573157 0.4035 0.1638373 0.3495849 0.09233903 0.3778538 0.1769683 0.3533777 0.1936017 0.3495849 0.09233903 0.3186287 0.1133763 0.3533777 0.1936017 0.289492 0.138612 0.3303396 0.2135553 0.3089922 0.2366104 0.289492 0.138612 0.2624927 0.1677709 0.3089922 0.2366104 0.2379276 0.2005324 0.289569 0.2625145 0.2722828 0.2909837 0.2379276 0.2005324 0.2160654 0.2365384 0.2722828 0.2909837 0.1971455 0.2753943 0.2573235 0.321706 0.2573235 0.321706 0.1813756 0.3166737 0.2448545 0.354345 0.2350125 0.388543 0.1813756 0.3166737 0.1689281 0.3599255 0.2350125 0.388543 0.1599397 0.4046751 0.2279056 0.4239253 0.2236114 0.4601045 0.1599397 0.4046751 0.1545085 0.4504325 0.2236114 0.4601045 0.1526945 0.4966956 0.222177 0.4966837 0.2236182 0.5332626 0.1526945 0.4966956 0.1545172 0.542958 0.2236182 0.5332626 0.1599567 0.5887133 0.2279191 0.5694402 0.2350326 0.6048201 0.1599567 0.5887133 0.1689534 0.6334591 0.2350326 0.6048201 0.181409 0.676707 0.2448809 0.6390148 0.2573558 0.6716494 0.181409 0.676707 0.1971865 0.7179812 0.2573558 0.6716494 0.2161136 0.7568308 0.2723211 0.702367 0.2896124 0.7308306 0.2161136 0.7568308 0.2379828 0.7928301 0.2896124 0.7308306 0.2625536 0.8255827 0.3090404 0.7567279 0.3303923 0.779776 0.2625536 0.8255827 0.2895584 0.8547328 0.3303923 0.779776 0.3187003 0.8799592 0.3534339 0.7997219 0.3779132 0.8163473 0.3187003 0.8799592 0.3496598 0.9009858 0.4035615 0.8294697 0.3496598 0.9009858 0.3820981 0.9175823 0.4035615 0.8294697 0.4156606 0.9295671 0.4300984 0.8389456 0.4572327 0.8446715 0.4156606 0.9295671 0.4499784 0.9368086 0.4572327 0.8446715 0.4846758 0.9392272 0.4846672 0.846584 0.4572327 0.8446715 0.4846672 0.846584 0.4846347 0.4966399 0.2448809 0.6390148 0.2573558 0.6716494 0.4846347 0.4966399 0.3778538 0.1769683 0.3533777 0.1936017 0.4846347 0.4966399 0 0 0 0 0 0 0 0 0 0 0 0 0 0 0 0 0 0 0 0 0 0 0 0 0 0 0 0 0 0 0 0 0 0 0 0 0 0 0 0 0 0 0 0 0 0 0 0 0 0 0 0 0 0 0 0 0 0 0 0 0 0 0 0 0 0 0 0 0 0 0 0 0 0 0 0 0 0 0 0 0 0 0 0 0 0 0 0 0 0 0 0 0 0 0 0 0 0 0 0 0 0 0 0 0 0 0 0 0 0 0 0 0 0 0 0 0 0 0 0 0 0 0 0 0 0 0 0 0 0 0 0 0 0 0 0 0 0 0 0 0 0 0 0 0 0 0 0 0 0 0 0 0 0 0 0 0 0 0 0 0 0 0 0 0 0 0 0 0 0 0 0 0 0 0 0 0 0 0 0 0 0 0 0 0 0 0 0 0 0 0 0 0 0 0 0 0 0 0 0 0 0 0 0 0 0 0 0 0 0 0 0 0 0 0 0 0 0 0 0 0 0 0 0 0 0 0 0 0 0 0 0 0 0 0 0 0 0 0 0 0 0 0 0 0 0 0 0 0 0 0 0 0 0 0 0 0 0 0 0 0 0 0 0 0 0 0 0 0 0 0 0 0 0 0 0 0 0 0 0 0 0 0 0 0 0 0 0 0 0 0 0 0 0 0 0 0 0 0 0 0 0 0 0 0 0 0 0 0 0 0 0 0 0 0 0 0 0 0 0 0 0 0 0 0 0 0 0 0 0 0 0 0 0 0 0 0 0 0 0 0 0 0 0 0 0 0 0 0 0 0 0 0 0 0 0 0 0 0 0 0 0 0 0 0 0 0 0 0 0 0 0 0 0 0 0 0 0 0 0 0 0 0 0 0 0 0 0 0 0 0 0 0 0 0 0 0 0 0 0 0 0 0 0 0 0 0 0 0 0 0 0 0 0 0 0 0 0 0 0 0 0 0 0 0 0 0 0 0 0 0 0 0 0 0 0 0 0 0 0 0 0 0 0 0 0 0 0 0 0 0 0 0 0 0 0 0 0 0 0 0 0 0 0 0 0 0 0 0 0 0 0 0 0 0 0 0 0 0 0 0 0 0 0 0 0 0 0 0 0 0 0 0 0 0 0 0 0 0 0 0 0 0 0 0 0 0 0 0 0 0 0 0 0 0 0 0 0 0 0 0 0 0 0 0 0 0 0 0 0 0 0 0 0 0 0 0 0 0 0 0 0 0 0 0 0 0 0 0 0 0 0 0 0 0 0 0 0 0 0 0 0 0 0 0 0 0 0 0 0 0 0 0 0 0 0 0 0 0 0 0 0 0 0 0 0 0 0 0 0 0 0 0 0 0 0 0 0 0 0 0 0 0 0 0 0 0 0 0 0 0 0 0 0 0 0 0 0 0 0 0 0 0 0 0 0 0 0 0 0 0 0 0 0 0 0 0 0 0 0 0 0 0 0 0 0 0 0 0 0 0 0 0 0 0 0 0 0 0 0 0 0 0 0 0 0 0 0 0 0 0 0 0 0 0 0 0 0 0 0 0 0 0 0 0 0 0 0 0 0 0 0 0 0 0 0 0 0 0 0 0 0 0 0 0 0 0 0 0 0 0 0 0 0 0 0 0 0 0 0 0 0 0 0 0 0 0 0 0 0 0 0 0 0 0 0 0 0 0 0 0 0 0 0 0 0 0 0 0 0 0 0 0 0 0 0 0 0 0 0 0 0 0 0 0 0 0 0 0 0 0 0 0 0 0 0 0 0 0 0 0 0 0 0 0 0 0 0 0 0 0 0 0 0 0 0 0 0 0 0 0 0 0 0 0 0 0 0 0 0 0 0 0 0 0 0 0 0 0 0 0 0 0 0 0 0 0 0 0 0 0 0 0 0 0 0 0 0 0 0 0 0 0 0 0 0 0 0 0 0 0 0 0 0 0 0 0 0 0 0 0 0 0 0 0 0 0 0 0 0 0 0 0 0 0 0 0 0 0 0 0 0 0 0 0 0 0 0 0 0 0 0 0 0 0 0 0 0 0 0 0 0 0 0 0 0 0 0 0 0 0 0 0 0 0 0 0 0 0 0 0 0 0 0 0 0 0 0 0 0 0 0 0 0 0 0 0 0 0 0 0 0 0 0 0 0 0 0 0 0 0 0 0 0 0 0 0 0 0 0 0 0 0 0 0 0 0 0 0 0 0 0 0 0 0 0 0 0 0 0 0 0 0 0 0 0 0 0 0 0 0 0 0 0 0 0 0 0 0 0 0 0 0 0 0 0 0 0 0 0 0 0 0 0 0 0 0 0 0 0 0 0 0 0 0 0 0 0 0 0 0 0 0 0 0 0 0 0 0 0 0 0 0 0 0 0 0 0 0 0 0 0 0 0 0 0 0 0 0 0 0 0 0 0 0 0 0 0 0 0 0 0 0 0 0 0 0 0 0 0 0 0 0 0 0 0 0 0 0 0 0 0 0 0 0 0 0 0 0 0 0 0 0 0 0 0 0 0 0 0 0 0 0 0 0 0 0 0 0 0 0 0 0 0 0 0 0 0 0 0 0 0 0 0 0 0 0 0 0 0 0 0 0 0 0 0 0 0 0 0 0 0 0 0 0 0 0 0 0 0 0 0 0 0 0 0 0 0 0 0 0 0 0 0 0 0 0 0 0 0 0 0 0 0 0 0 0 0 0 0 0 0 0 0 0 0 0 0 0 0 0 0 0 0 0 0 0 0 0 0 0 0 0 0 0 0 0 0 0 0 0 0 0 0 0 0 0 0 0 0 0 0 0 0 0 0 0 0 0 0 0 0 0 0 0 0 0 0 0 0 0 0 0 0 0 0 0 0 0 0 0 0 0 0 0 0 0 0 0 0 0 0 0 0 0 0 0 0 0 0 0 0 0 0 0 0 0 0 0 0 0 0 0 0 0 0 0 0 0 0 0 0 0 0 0 0 0 0 0 0 0 0 0 0 0 0 0 0 0 0 0 0 0 0 0 0 0 0 0 0 0 0 0 0 0 0 0 0 0 0 0 0 0 0 0 0 0 0 0 0 0 0 0 0 0 0 0 0 0 0 0 0 0 0 0 0 0 0 0 0 0 0 0 0 0 0 0 0 0 0 0 0 0 0 0 0 0 0 0 0 0 0 0 0 0 0 0 0 0 0 0 0 0 0 0 0 0 0 0 0 0 0 0 0 0 0 0 0 0 0 0 0 0 0 0 0 0 0 0 0 0 0 0 0 0 0 0 0 0 0 0 0 0 0 0 0 0 0 0 0 0 0 0 0 0 0 0 0 0 0 0 0 0 0 0 0 0 0 0 0 0 0 0 0 0 0 0 0 0 0 0 0 0 0 0 0 0 0 0 0 0 0 0 0 0 0 0 0 0 0 0 0 0 0 0 0 0 0 0 0 0 0 0 0 0 0 0 0 0 0 0 0 0 0 0 0 0 0 0 0 0 0 0 0 0 0 0 0 0 0 0 0 0 0 0 0 0 0 0 0 0 0 0 0 0 0 0 0 0 0 0 0 0 0 0 0 0 0 0 0 0 0 0 0 0 0 0 0 0 0 0 0 0 0 0 0 0 0 0 0 0 0 0 0 0 0 0 0 0 0 0 0 0 0 0 0 0 0 0 0 0 0 0 0 0 0 0 0 0 0 0 0 0 0 0 0 0 0 0 0 0 0 0 0 0 0 0 0 0 0 0 0 0 0 0 0 0 0 0 0 0 0 0 0 0 0 0 0 0 0 0 0 0 0 0 0 0 0 0 0 0 0 0 0 0 0 0 0 0 0 0 0 0 0 0 0 0 0 0 0 0 0 0 0 0 0 0 0 0 0 0 0 0 0 0 0 0 0 0 0 0 0 0 0 0 0 0 0 0 0 0 0 0 0 0 0 0 0 0 0 0 0 0 0 0 0 0 0 0 0 0 0 0 0 0 0 0 0 0 0 0 0 0 0 0 0 0 0 0 0 0 0 0 0 0 0 0 0 0 0 0 0 0 0 0 0 0 0 0 0 0 0 0.6796572 0.2624497 0.4846347 0.4966399 0.6969484 0.2909134 0.4846347 0.4966399 0.6389298 0.7797249 0.6602779 0.7566699 0.6797009 0.7307658 0.4846347 0.4966399 0.6602779 0.7566699 0.6797009 0.7307658 0.6969872 0.7022966 0.4846347 0.4966399 0.6969872 0.7022966 0.7119463 0.6715741 0.4846347 0.4966399 0.7119463 0.6715741 0.7244153 0.6389351 0.4846347 0.4966399 0.7244153 0.6389351 0.7342574 0.6047373 0.4846347 0.4966399 0.7342574 0.6047373 0.7413642 0.5693549 0.4846347 0.4966399 0.7413642 0.5693549 0.7456582 0.5331758 0.4846347 0.4966399 0.7456582 0.5331758 0.7470924 0.4965965 0.4846347 0.4966399 0.7470924 0.4965965 0.7456516 0.4600179 0.4846347 0.4966399 0.7456516 0.4600179 0.7413506 0.4238403 0.4846347 0.4966399 0.7413506 0.4238403 0.7342368 0.3884603 0.4846347 0.4966399 0.7342368 0.3884603 0.7243887 0.3542656 0.4846347 0.4966399 0.7243887 0.3542656 0.7119136 0.3216308 0.4846347 0.4966399 0.5202916 0.9484414 0.4846771 0.9509359 0.4846773 0.9545252 0.5202916 0.9484414 0.5205733 0.952011 0.5560763 0.9445075 0.5899628 0.9286842 0.5555164 0.9409968 0.5560763 0.9445075 0.6232581 0.911637 0.5899628 0.9286842 0.5907947 0.9320978 0.6232581 0.911637 0.6243531 0.9149156 0.6563787 0.8931518 0.6849402 0.8641399 0.6550325 0.8900437 0.6563787 0.8931518 0.7126535 0.8342102 0.6849402 0.8641399 0.6865227 0.8670437 0.7126535 0.8342102 0.7144549 0.8368772 0.73987 0.8029819 0.7378694 0.8005807 0.73987 0.8029819 0.7624878 0.7657314 0.7603098 0.7636221 0.7624878 0.7657314 0.7820612 0.7255331 0.7959173 0.6813669 0.7797299 0.723739 0.7820612 0.7255331 0.7959173 0.6813669 0.7983765 0.6828262 0.811254 0.6380798 0.8086938 0.6369713 0.811254 0.6380798 0.820553 0.591784 0.8234946 0.5440711 0.8179199 0.5910381 0.820553 0.591784 0.8253569 0.4965834 0.8234946 0.5440711 0.8261719 0.5444456 0.8253569 0.4965834 0.8280487 0.4965828 0.8261628 0.4487217 0.8234855 0.4490973 0.8261628 0.4487217 0.8205353 0.4013848 0.8086673 0.3562014 0.8179025 0.4021317 0.8205353 0.4013848 0.7958831 0.3118115 0.8086673 0.3562014 0.8112275 0.3550916 0.7796876 0.2694438 0.7958831 0.3118115 0.7983422 0.3103512 0.7602598 0.2295662 0.7796876 0.2694438 0.7820187 0.2676485 0.7378123 0.1926152 0.7602598 0.2295662 0.7624372 0.2274559 0.7378123 0.1926152 0.7398126 0.1902129 0.7143922 0.1563273 0.712591 0.1589952 0.7143922 0.1563273 0.6864537 0.1261696 0.6848719 0.1290739 0.6864537 0.1261696 0.6563049 0.1000714 0.6231803 0.08159738 0.654959 0.1031804 0.6563049 0.1000714 0.6231803 0.08159738 0.6242747 0.07831799 0.5907141 0.06114745 0.5898826 0.06456154 0.5907141 0.06114745 0.5559929 0.04874908 0.5202086 0.04482746 0.5554336 0.05226033 0.5559929 0.04874908 0.4845927 0.04234457 0.5202086 0.04482746 0.5204896 0.0412575 0.4845927 0.04234457 0.4845923 0.03875499 0.448696 0.0412693 0.4489778 0.0448392 0.448696 0.0412693 0.4131934 0.04877275 0.4137535 0.05228376 0.4131934 0.04877275 0.378474 0.06118291 0.3460124 0.0816434 0.3793062 0.06459665 0.378474 0.06118291 0.3142369 0.1032374 0.3460124 0.0816434 0.3449171 0.07836431 0.2843297 0.1291404 0.3142369 0.1032374 0.3128904 0.100129 0.2566159 0.159071 0.2843297 0.1291404 0.2827471 0.1262366 0.2566159 0.159071 0.2548142 0.1564037 0.2294002 0.1902975 0.2314012 0.1926991 0.2294002 0.1902975 0.2067824 0.2275479 0.2089606 0.2296575 0.2067824 0.2275479 0.1872084 0.2677471 0.1895401 0.2695415 0.1872084 0.2677471 0.1708935 0.3104531 0.1733531 0.3119127 0.1708935 0.3104531 0.1580157 0.3551999 0.1605763 0.3563088 0.1580157 0.3551999 0.1487166 0.4014963 0.1457752 0.4492101 0.1513501 0.4022422 0.1487166 0.4014963 0.1457752 0.4492101 0.1430977 0.4488353 0.141221 0.4966976 0.1457841 0.5441832 0.1439132 0.4966971 0.141221 0.4966976 0.1457841 0.5441832 0.1431066 0.5445587 0.1487344 0.5918964 0.1606022 0.6370784 0.1513676 0.5911495 0.1487344 0.5918964 0.1733873 0.6814705 0.1606022 0.6370784 0.1580418 0.6381879 0.1895822 0.7238366 0.1733873 0.6814705 0.170928 0.682931 0.2090101 0.763714 0.1895822 0.7238366 0.1872509 0.7256317 0.2314579 0.8006657 0.2090101 0.763714 0.2068322 0.7658242 0.2314579 0.8006657 0.2294575 0.8030679 0.2548772 0.8369524 0.2566785 0.8342846 0.2548772 0.8369524 0.2828156 0.8671101 0.2843978 0.864206 0.2828156 0.8671101 0.3129649 0.8932086 0.3143106 0.8900998 0.3129649 0.8932086 0.3449944 0.9149618 0.3460891 0.9116824 0.3449944 0.9149618 0.3785538 0.932132 0.3793855 0.928718 0.3785538 0.932132 0.4132766 0.9445311 0.4490616 0.948453 0.413836 0.9410199 0.4132766 0.9445311 0.4490616 0.948453 0.4487805 0.9520229 0.4846773 0.9545252 0.5193726 0.9367972 0.4846758 0.9392272 0.4846771 0.9509359 0.5193726 0.9367972 0.5202916 0.9484414 0.5555164 0.9409968 0.5872484 0.917549 0.5536893 0.9295446 0.5555164 0.9409968 0.5872484 0.917549 0.5899628 0.9286842 0.6232581 0.911637 0.6196848 0.9009411 0.6232581 0.911637 0.6550325 0.8900437 0.6797775 0.8546685 0.6506406 0.8799045 0.6550325 0.8900437 0.6797775 0.8546685 0.6849402 0.8641399 0.7126535 0.8342102 0.7067768 0.8255099 0.7126535 0.8342102 0.7378694 0.8005807 0.7313426 0.7927471 0.7378694 0.8005807 0.7603098 0.7636221 0.7532048 0.7567413 0.7603098 0.7636221 0.7797299 0.723739 0.7878947 0.6766062 0.7721245 0.717886 0.7797299 0.723739 0.7878947 0.6766062 0.7959173 0.6813669 0.8086938 0.6369713 0.8003419 0.6333546 0.8086938 0.6369713 0.8179199 0.5910381 0.8093301 0.5886052 0.8179199 0.5910381 0.8234946 0.5440711 0.8165753 0.496585 0.8147613 0.5428484 0.8234946 0.5440711 0.8165753 0.496585 0.8253569 0.4965834 0.8234855 0.4490973 0.8093131 0.4045673 0.8147521 0.4503226 0.8234855 0.4490973 0.800316 0.3598209 0.8093131 0.4045673 0.8179025 0.4021317 0.800316 0.3598209 0.8086673 0.3562014 0.7958831 0.3118115 0.7720832 0.2752993 0.7878611 0.3165746 0.7958831 0.3118115 0.7720832 0.2752993 0.7796876 0.2694438 0.7602598 0.2295662 0.7312871 0.2004507 0.7531559 0.2364495 0.7602598 0.2295662 0.7312871 0.2004507 0.7378123 0.1926152 0.712591 0.1589952 0.6797112 0.1385471 0.7067158 0.1676971 0.712591 0.1589952 0.6797112 0.1385471 0.6848719 0.1290739 0.654959 0.1031804 0.6196093 0.09229409 0.6505693 0.1133208 0.654959 0.1031804 0.6196093 0.09229409 0.6231803 0.08159738 0.5898826 0.06456154 0.5871703 0.07569742 0.5898826 0.06456154 0.5554336 0.05226033 0.5536088 0.06371313 0.5554336 0.05226033 0.5202086 0.04482746 0.4845938 0.05405294 0.5192915 0.05647182 0.5202086 0.04482746 0.4845938 0.05405294 0.4845927 0.04234457 0.4489778 0.0448392 0.4155803 0.06373596 0.4498967 0.05648326 0.4489778 0.0448392 0.3820208 0.07573157 0.4155803 0.06373596 0.4137535 0.05228376 0.3820208 0.07573157 0.3793062 0.06459665 0.3460124 0.0816434 0.3495849 0.09233903 0.3460124 0.0816434 0.3142369 0.1032374 0.3186287 0.1133763 0.3142369 0.1032374 0.2843297 0.1291404 0.289492 0.138612 0.2843297 0.1291404 0.2566159 0.159071 0.2624927 0.1677709 0.2566159 0.159071 0.2314012 0.1926991 0.2160654 0.2365384 0.2379276 0.2005324 0.2314012 0.1926991 0.1971455 0.2753943 0.2160654 0.2365384 0.2089606 0.2296575 0.1971455 0.2753943 0.1895401 0.2695415 0.1733531 0.3119127 0.1689281 0.3599255 0.1813756 0.3166737 0.1733531 0.3119127 0.1689281 0.3599255 0.1605763 0.3563088 0.1513501 0.4022422 0.1545085 0.4504325 0.1599397 0.4046751 0.1513501 0.4022422 0.1545085 0.4504325 0.1457752 0.4492101 0.1439132 0.4966971 0.1545172 0.542958 0.1526945 0.4966956 0.1439132 0.4966971 0.1545172 0.542958 0.1457841 0.5441832 0.1513676 0.5911495 0.1689534 0.6334591 0.1599567 0.5887133 0.1513676 0.5911495 0.1689534 0.6334591 0.1606022 0.6370784 0.1733873 0.6814705 0.1971865 0.7179812 0.181409 0.676707 0.1733873 0.6814705 0.1971865 0.7179812 0.1895822 0.7238366 0.2090101 0.763714 0.2379828 0.7928301 0.2161136 0.7568308 0.2090101 0.763714 0.2379828 0.7928301 0.2314579 0.8006657 0.2566785 0.8342846 0.2895584 0.8547328 0.2625536 0.8255827 0.2566785 0.8342846 0.2895584 0.8547328 0.2843978 0.864206 0.3143106 0.8900998 0.3496598 0.9009858 0.3187003 0.8799592 0.3143106 0.8900998 0.3820981 0.9175823 0.3496598 0.9009858 0.3460891 0.9116824 0.3820981 0.9175823 0.3793855 0.928718 0.413836 0.9410199 0.4499784 0.9368086 0.4156606 0.9295671 0.413836 0.9410199 0.4499784 0.9368086 0.4490616 0.948453 0.4846771 0.9509359 0.5121013 0.8446623 0.4846672 0.846584 0.4846758 0.9392272 0.5121013 0.8446623 0.5193726 0.9367972 0.5536893 0.9295446 0.5657693 0.8294431 0.5392342 0.8389278 0.5536893 0.9295446 0.5657693 0.8294431 0.5872484 0.917549 0.6196848 0.9009411 0.5914155 0.8163118 0.6196848 0.9009411 0.6506406 0.8799045 0.6389298 0.7797249 0.6158919 0.7996786 0.6506406 0.8799045 0.6389298 0.7797249 0.6797775 0.8546685 0.7067768 0.8255099 0.6602779 0.7566699 0.7067768 0.8255099 0.7313426 0.7927471 0.6969872 0.7022966 0.6797009 0.7307658 0.7313426 0.7927471 0.6969872 0.7022966 0.7532048 0.7567413 0.7721245 0.717886 0.7244153 0.6389351 0.7119463 0.6715741 0.7721245 0.717886 0.7244153 0.6389351 0.7878947 0.6766062 0.8003419 0.6333546 0.7342574 0.6047373 0.8003419 0.6333546 0.8093301 0.5886052 0.7456582 0.5331758 0.7413642 0.5693549 0.8093301 0.5886052 0.7470924 0.4965965 0.7456582 0.5331758 0.8147613 0.5428484 0.7470924 0.4965965 0.8165753 0.496585 0.8147521 0.4503226 0.7456516 0.4600179 0.8147521 0.4503226 0.8093131 0.4045673 0.7342368 0.3884603 0.7413506 0.4238403 0.8093131 0.4045673 0.7342368 0.3884603 0.800316 0.3598209 0.7878611 0.3165746 0.7119136 0.3216308 0.7243887 0.3542656 0.7878611 0.3165746 0.7119136 0.3216308 0.7720832 0.2752993 0.7531559 0.2364495 0.6796572 0.2624497 0.6969484 0.2909134 0.7531559 0.2364495 0.6796572 0.2624497 0.7312871 0.2004507 0.7067158 0.1676971 0.6388772 0.213504 0.6602292 0.2365521 0.7067158 0.1676971 0.6388772 0.213504 0.6797112 0.1385471 0.6505693 0.1133208 0.5913561 0.1769328 0.6158356 0.1935582 0.6505693 0.1133208 0.5913561 0.1769328 0.6196093 0.09229409 0.5871703 0.07569742 0.5657077 0.1638103 0.5871703 0.07569742 0.5536088 0.06371313 0.5120368 0.1486089 0.5391709 0.1543344 0.5536088 0.06371313 0.4846022 0.1466963 0.5120368 0.1486089 0.5192915 0.05647182 0.4846022 0.1466963 0.4845938 0.05405294 0.4498967 0.05648326 0.4300348 0.1543525 0.4571682 0.1486179 0.4498967 0.05648326 0.4035 0.1638373 0.4300348 0.1543525 0.4155803 0.06373596 0.4035 0.1638373 0.3820208 0.07573157 0.3495849 0.09233903 0.3533777 0.1936017 0.3778538 0.1769683 0.3495849 0.09233903 0.3533777 0.1936017 0.3186287 0.1133763 0.289492 0.138612 0.3089922 0.2366104 0.3303396 0.2135553 0.289492 0.138612 0.3089922 0.2366104 0.2624927 0.1677709 0.2379276 0.2005324 0.2722828 0.2909837 0.289569 0.2625145 0.2379276 0.2005324 0.2722828 0.2909837 0.2160654 0.2365384 0.1971455 0.2753943 0.2573235 0.321706 0.1971455 0.2753943 0.1813756 0.3166737 0.2350125 0.388543 0.2448545 0.354345 0.1813756 0.3166737 0.2350125 0.388543 0.1689281 0.3599255 0.1599397 0.4046751 0.2236114 0.4601045 0.2279056 0.4239253 0.1599397 0.4046751 0.2236114 0.4601045 0.1545085 0.4504325 0.1526945 0.4966956 0.2236182 0.5332626 0.222177 0.4966837 0.1526945 0.4966956 0.2236182 0.5332626 0.1545172 0.542958 0.1599567 0.5887133 0.2350326 0.6048201 0.2279191 0.5694402 0.1599567 0.5887133 0.2350326 0.6048201 0.1689534 0.6334591 0.181409 0.676707 0.2573558 0.6716494 0.2448809 0.6390148 0.181409 0.676707 0.2573558 0.6716494 0.1971865 0.7179812 0.2161136 0.7568308 0.2896124 0.7308306 0.2723211 0.702367 0.2161136 0.7568308 0.2896124 0.7308306 0.2379828 0.7928301 0.2625536 0.8255827 0.3303923 0.779776 0.3090404 0.7567279 0.2625536 0.8255827 0.3303923 0.779776 0.2895584 0.8547328 0.3187003 0.8799592 0.3779132 0.8163473 0.3534339 0.7997219 0.3187003 0.8799592 0.4035615 0.8294697 0.3779132 0.8163473 0.3496598 0.9009858 0.4035615 0.8294697 0.3820981 0.9175823 0.4156606 0.9295671 0.4572327 0.8446715 0.4300984 0.8389456 0.4156606 0.9295671 0.4572327 0.8446715 0.4499784 0.9368086 0.4846758 0.9392272 0.4846672 0.846584 0.5121013 0.8446623 0.4846347 0.4966399 0.5121013 0.8446623 0.5392342 0.8389278 0.4846347 0.4966399 0.5392342 0.8389278 0.5657693 0.8294431 0.4846347 0.4966399 0.5657693 0.8294431 0.5914155 0.8163118 0.4846347 0.4966399 0.5914155 0.8163118 0.6158919 0.7996786 0.4846347 0.4966399 0.6158919 0.7996786 0.6389298 0.7797249 0.4846347 0.4966399 0.4846347 0.4966399 0.2896124 0.7308306 0.3090404 0.7567279 0.3090404 0.7567279 0.3303923 0.779776 0.4846347 0.4966399 0.3303923 0.779776 0.3534339 0.7997219 0.4846347 0.4966399 0.3534339 0.7997219 0.3779132 0.8163473 0.4846347 0.4966399 0.3779132 0.8163473 0.4035615 0.8294697 0.4846347 0.4966399 0.4035615 0.8294697 0.4300984 0.8389456 0.4846347 0.4966399 0.4300984 0.8389456 0.4572327 0.8446715 0.4846347 0.4966399 0.2896124 0.7308306 0.4846347 0.4966399 0.2723211 0.702367 0.4846347 0.4966399 0.3089922 0.2366104 0.289569 0.2625145 0.2723211 0.702367 0.4846347 0.4966399 0.2573558 0.6716494 0.289569 0.2625145 0.2722828 0.2909837 0.4846347 0.4966399 0.2722828 0.2909837 0.2573235 0.321706 0.4846347 0.4966399 0.2573235 0.321706 0.2448545 0.354345 0.4846347 0.4966399 0.2448545 0.354345 0.2350125 0.388543 0.4846347 0.4966399 0.2350125 0.388543 0.2279056 0.4239253 0.4846347 0.4966399 0.2279056 0.4239253 0.2236114 0.4601045 0.4846347 0.4966399 0.2236114 0.4601045 0.222177 0.4966837 0.4846347 0.4966399 0.222177 0.4966837 0.2236182 0.5332626 0.4846347 0.4966399 0.2236182 0.5332626 0.2279191 0.5694402 0.4846347 0.4966399 0.2279191 0.5694402 0.2350326 0.6048201 0.4846347 0.4966399 0.2350326 0.6048201 0.2448809 0.6390148 0.4846347 0.4966399 0.3089922 0.2366104 0.4846347 0.4966399 0.3303396 0.2135553 0.4846347 0.4966399 0.6796572 0.2624497 0.6602292 0.2365521 0.3303396 0.2135553 0.4846347 0.4966399 0.3533777 0.1936017 0.6602292 0.2365521 0.6388772 0.213504 0.4846347 0.4966399 0.6388772 0.213504 0.6158356 0.1935582 0.4846347 0.4966399 0.6158356 0.1935582 0.5913561 0.1769328 0.4846347 0.4966399 0.5913561 0.1769328 0.5657077 0.1638103 0.4846347 0.4966399 0.5657077 0.1638103 0.5391709 0.1543344 0.4846347 0.4966399 0.5391709 0.1543344 0.5120368 0.1486089 0.4846347 0.4966399 0.5120368 0.1486089 0.4846022 0.1466963 0.4846347 0.4966399 0.4846022 0.1466963 0.4571682 0.1486179 0.4846347 0.4966399 0.4571682 0.1486179 0.4300348 0.1543525 0.4846347 0.4966399 0.4300348 0.1543525 0.4035 0.1638373 0.4846347 0.4966399 0.4035 0.1638373 0.3778538 0.1769683 0.4846347 0.4966399</float_array>
          <technique_common>
            <accessor source="#Circle_005-mesh-map-0-array" count="2874" stride="2">
              <param name="S" type="float"/>
              <param name="T" type="float"/>
            </accessor>
          </technique_common>
        </source>
        <vertices id="Circle_005-mesh-vertices">
          <input semantic="POSITION" source="#Circle_005-mesh-positions"/>
        </vertices>
        <triangles material="kırmızı-material" count="658">
          <input semantic="VERTEX" source="#Circle_005-mesh-vertices" offset="0"/>
          <input semantic="NORMAL" source="#Circle_005-mesh-normals" offset="1"/>
          <input semantic="TEXCOORD" source="#Circle_005-mesh-map-0" offset="2" set="0"/>
          <p>40 0 0 101 0 1 41 0 2 14 0 3 75 0 4 15 0 5 41 0 6 102 0 7 42 0 8 15 0 9 76 0 10 16 0 11 42 0 12 103 0 13 43 0 14 16 0 15 77 0 16 17 0 17 43 0 18 104 0 19 44 0 20 17 0 21 78 0 22 18 0 23 44 0 24 105 0 25 45 0 26 18 0 27 79 0 28 19 0 29 45 0 30 106 0 31 46 0 32 19 0 33 80 0 34 20 0 35 46 0 36 107 0 37 47 0 38 20 0 39 81 0 40 21 0 41 47 0 42 108 0 43 48 0 44 21 0 45 82 0 46 22 0 47 48 0 48 109 0 49 49 0 50 22 0 51 83 0 52 23 0 53 49 0 54 110 0 55 50 0 56 23 0 57 84 0 58 24 0 59 50 0 60 111 0 61 51 0 62 24 0 63 85 0 64 25 0 65 51 0 66 112 0 67 52 0 68 25 0 69 86 0 70 26 0 71 52 0 72 113 0 73 53 0 74 26 0 75 87 0 76 27 0 77 0 0 78 61 0 79 1 0 80 53 0 81 114 0 82 54 0 83 27 0 84 88 0 85 28 0 86 1 0 87 62 0 88 2 0 89 54 0 90 115 0 91 55 0 92 28 0 93 89 0 94 29 0 95 2 0 96 63 0 97 3 0 98 55 0 99 116 0 100 56 0 101 29 0 102 90 0 103 30 0 104 3 0 105 64 0 106 4 0 107 56 0 108 117 0 109 57 0 110 30 0 111 91 0 112 31 0 113 4 0 114 65 0 115 5 0 116 57 0 117 118 0 118 58 0 119 31 0 120 92 0 121 32 0 122 5 0 123 66 0 124 6 0 125 58 0 126 119 0 127 59 0 128 32 0 129 93 0 130 33 0 131 6 0 132 67 0 133 7 0 134 59 0 135 60 0 136 0 0 137 33 0 138 94 0 139 34 0 140 7 0 141 68 0 142 8 0 143 34 0 144 95 0 145 35 0 146 8 0 147 69 0 148 9 0 149 35 0 150 96 0 151 36 0 152 9 0 153 70 0 154 10 0 155 36 0 156 97 0 157 37 0 158 10 0 159 71 0 160 11 0 161 37 0 162 98 0 163 38 0 164 11 0 165 72 0 166 12 0 167 38 0 168 99 0 169 39 0 170 12 0 171 73 0 172 13 0 173 39 0 174 100 0 175 40 0 176 13 0 177 74 0 178 14 0 179 118 0 180 179 0 181 119 0 182 92 0 183 153 0 184 93 0 185 66 0 186 127 0 187 67 0 188 119 0 189 120 0 190 60 0 191 93 0 192 154 0 193 94 0 194 67 0 195 128 0 196 68 0 197 94 0 198 155 0 199 95 0 200 68 0 201 129 0 202 69 0 203 95 0 204 156 0 205 96 0 206 69 0 207 130 0 208 70 0 209 96 0 210 157 0 211 97 0 212 70 0 213 131 0 214 71 0 215 97 0 216 158 0 217 98 0 218 71 0 219 132 0 220 72 0 221 98 0 222 159 0 223 99 0 224 72 0 225 133 0 226 73 0 227 99 0 228 160 0 229 100 0 230 73 0 231 134 0 232 74 0 233 100 0 234 161 0 235 101 0 236 74 0 237 135 0 238 75 0 239 101 0 240 162 0 241 102 0 242 75 0 243 136 0 244 76 0 245 102 0 246 163 0 247 103 0 248 76 0 249 137 0 250 77 0 251 103 0 252 164 0 253 104 0 254 77 0 255 138 0 256 78 0 257 104 0 258 165 0 259 105 0 260 78 0 261 139 0 262 79 0 263 105 0 264 166 0 265 106 0 266 79 0 267 140 0 268 80 0 269 106 0 270 167 0 271 107 0 272 80 0 273 141 0 274 81 0 275 107 0 276 168 0 277 108 0 278 81 0 279 142 0 280 82 0 281 108 0 282 169 0 283 109 0 284 82 0 285 143 0 286 83 0 287 109 0 288 170 0 289 110 0 290 83 0 291 144 0 292 84 0 293 110 0 294 171 0 295 111 0 296 84 0 297 145 0 298 85 0 299 111 0 300 172 0 301 112 0 302 85 0 303 146 0 304 86 0 305 112 0 306 173 0 307 113 0 308 86 0 309 147 0 310 87 0 311 60 0 312 121 0 313 61 0 314 113 0 315 174 0 316 114 0 317 87 0 318 148 0 319 88 0 320 61 0 321 122 0 322 62 0 323 114 0 324 175 0 325 115 0 326 88 0 327 149 0 328 89 0 329 62 0 330 123 0 331 63 0 332 115 0 333 176 0 334 116 0 335 89 0 336 150 0 337 90 0 338 63 0 339 124 0 340 64 0 341 116 0 342 177 0 343 117 0 344 90 0 345 151 0 346 91 0 347 64 0 348 125 0 349 65 0 350 117 0 351 178 0 352 118 0 353 91 0 354 152 0 355 92 0 356 65 0 357 126 0 358 66 0 359 163 0 360 224 0 361 164 0 362 137 0 363 198 0 364 138 0 365 164 0 366 225 0 367 165 0 368 138 0 369 199 0 370 139 0 371 165 0 372 226 0 373 166 0 374 139 0 375 200 0 376 140 0 377 166 0 378 227 0 379 167 0 380 140 0 381 201 0 382 141 0 383 167 0 384 228 0 385 168 0 386 141 0 387 202 0 388 142 0 389 168 0 390 229 0 391 169 0 392 142 0 393 203 0 394 143 0 395 169 0 396 230 0 397 170 0 398 143 0 399 204 0 400 144 0 401 170 0 402 231 0 403 171 0 404 144 0 405 205 0 406 145 0 407 171 0 408 232 0 409 172 0 410 145 0 411 206 0 412 146 0 413 172 0 414 233 0 415 173 0 416 146 0 417 207 0 418 147 0 419 120 0 420 181 0 421 121 0 422 173 0 423 234 0 424 174 0 425 147 0 426 208 0 427 148 0 428 121 0 429 182 0 430 122 0 431 174 0 432 235 0 433 175 0 434 148 0 435 209 0 436 149 0 437 122 0 438 183 0 439 123 0 440 175 0 441 236 0 442 176 0 443 149 0 444 210 0 445 150 0 446 123 0 447 184 0 448 124 0 449 176 0 450 237 0 451 177 0 452 150 0 453 211 0 454 151 0 455 124 0 456 185 0 457 125 0 458 177 0 459 238 0 460 178 0 461 151 0 462 212 0 463 152 0 464 125 0 465 186 0 466 126 0 467 178 0 468 239 0 469 179 0 470 152 0 471 213 0 472 153 0 473 126 0 474 187 0 475 127 0 476 179 0 477 180 0 478 120 0 479 153 0 480 214 0 481 154 0 482 127 0 483 188 0 484 128 0 485 154 0 486 215 0 487 155 0 488 128 0 489 189 0 490 129 0 491 155 0 492 216 0 493 156 0 494 129 0 495 190 0 496 130 0 497 156 0 498 217 0 499 157 0 500 130 0 501 191 0 502 131 0 503 157 0 504 218 0 505 158 0 506 131 0 507 192 0 508 132 0 509 158 0 510 219 0 511 159 0 512 132 0 513 193 0 514 133 0 515 159 0 516 220 0 517 160 0 518 133 0 519 194 0 520 134 0 521 160 0 522 221 0 523 161 0 524 134 0 525 195 0 526 135 0 527 161 0 528 222 0 529 162 0 530 135 0 531 196 0 532 136 0 533 162 0 534 223 0 535 163 0 536 136 0 537 197 0 538 137 0 539 358 1 540 237 1 541 238 1 542 332 2 543 211 2 544 212 2 545 306 3 546 185 3 547 186 3 548 359 4 549 238 4 550 239 4 551 333 5 552 212 5 553 213 5 554 307 6 555 186 6 556 187 6 557 301 7 558 239 7 559 180 7 560 334 8 561 213 8 562 214 8 563 308 9 564 187 9 565 188 9 566 335 10 567 214 10 568 215 10 569 309 11 570 188 11 571 189 11 572 336 12 573 215 12 574 216 12 575 310 13 576 189 13 577 190 13 578 337 14 579 216 14 580 217 14 581 311 15 582 190 15 583 191 15 584 338 16 585 217 16 586 218 16 587 312 17 588 191 17 589 192 17 590 339 18 591 218 18 592 219 18 593 313 19 594 192 19 595 193 19 596 340 20 597 219 20 598 220 20 599 314 21 600 193 21 601 194 21 602 341 22 603 220 22 604 221 22 605 315 23 606 194 23 607 195 23 608 342 24 609 221 24 610 222 24 611 316 25 612 195 25 613 196 25 614 343 26 615 222 26 616 223 26 617 317 27 618 196 27 619 197 27 620 224 28 621 343 28 622 223 28 623 318 29 624 197 29 625 198 29 626 225 30 627 344 30 628 224 30 629 319 31 630 198 31 631 199 31 632 226 32 633 345 32 634 225 32 635 320 33 636 199 33 637 200 33 638 227 34 639 346 34 640 226 34 641 321 35 642 200 35 643 201 35 644 348 36 645 227 36 646 228 36 647 322 37 648 201 37 649 202 37 650 349 38 651 228 38 652 229 38 653 323 39 654 202 39 655 203 39 656 350 40 657 229 40 658 230 40 659 324 41 660 203 41 661 204 41 662 351 42 663 230 42 664 231 42 665 325 43 666 204 43 667 205 43 668 352 44 669 231 44 670 232 44 671 326 45 672 205 45 673 206 45 674 353 46 675 232 46 676 233 46 677 327 47 678 206 47 679 207 47 680 300 48 681 180 48 682 181 48 683 354 49 684 233 49 685 234 49 686 328 50 687 207 50 688 208 50 689 302 51 690 181 51 691 182 51 692 355 52 693 234 52 694 235 52 695 329 53 696 208 53 697 209 53 698 303 54 699 182 54 700 183 54 701 356 55 702 235 55 703 236 55 704 330 56 705 209 56 706 210 56 707 304 57 708 183 57 709 184 57 710 357 58 711 236 58 712 237 58 713 331 59 714 210 59 715 211 59 716 305 60 717 184 60 718 185 60 719 6 61 720 54 61 721 38 61 722 241 130 1086 421 130 1087 420 130 1088 241 131 1089 422 131 1090 242 131 1091 243 132 1092 422 132 1093 423 132 1094 243 0 1095 424 0 1096 244 0 1097 244 0 1098 425 0 1099 245 0 1100 246 0 1101 425 0 1102 426 0 1103 246 0 1104 427 0 1105 247 0 1106 247 0 1107 428 0 1108 248 0 1109 249 133 1110 428 133 1111 429 133 1112 249 0 1113 430 0 1114 250 0 1115 251 0 1116 430 0 1117 431 0 1118 251 0 1119 432 0 1120 252 0 1121 252 134 1122 433 134 1123 253 134 1124 254 0 1125 433 0 1126 434 0 1127 255 0 1128 434 0 1129 435 0 1130 255 135 1131 436 135 1132 256 135 1133 256 136 1134 437 136 1135 257 136 1136 258 0 1137 437 0 1138 438 0 1139 258 137 1140 439 137 1141 259 137 1142 260 138 1143 439 138 1144 440 138 1145 260 139 1146 441 139 1147 261 139 1148 262 140 1149 441 140 1150 442 140 1151 262 141 1152 443 141 1153 263 141 1154 264 140 1155 443 140 1156 444 140 1157 264 0 1158 445 0 1159 265 0 1160 266 0 1161 445 0 1162 446 0 1163 266 142 1164 447 142 1165 267 142 1166 267 0 1167 448 0 1168 268 0 1169 269 143 1170 448 143 1171 449 143 1172 270 144 1173 449 144 1174 450 144 1175 270 0 1176 451 0 1177 271 0 1178 272 145 1179 451 145 1180 452 145 1181 273 146 1182 452 146 1183 453 146 1184 273 0 1185 454 0 1186 274 0 1187 275 147 1188 454 147 1189 455 147 1190 275 0 1191 456 0 1192 276 0 1193 277 0 1194 456 0 1195 457 0 1196 277 0 1197 458 0 1198 278 0 1199 279 148 1200 458 148 1201 459 148 1202 279 0 1203 460 0 1204 280 0 1205 280 0 1206 461 0 1207 281 0 1208 282 0 1209 461 0 1210 462 0 1211 282 149 1212 463 149 1213 283 149 1214 284 0 1215 463 0 1216 464 0 1217 284 150 1218 465 150 1219 285 150 1220 286 0 1221 465 0 1222 466 0 1223 286 151 1224 467 151 1225 287 151 1226 288 0 1227 467 0 1228 468 0 1229 288 152 1230 469 152 1231 289 152 1232 290 0 1233 469 0 1234 470 0 1235 290 0 1236 471 0 1237 291 0 1238 292 153 1239 471 153 1240 472 153 1241 292 0 1242 473 0 1243 293 0 1244 294 0 1245 473 0 1246 474 0 1247 294 154 1248 475 154 1249 295 154 1250 296 0 1251 475 0 1252 476 0 1253 297 155 1254 476 155 1255 477 155 1256 297 0 1257 478 0 1258 298 0 1259 299 156 1260 478 156 1261 479 156 1262 299 0 1263 421 0 1264 240 0 1265 40 0 1275 100 0 1276 101 0 1277 14 0 1278 74 0 1279 75 0 1280 41 0 1281 101 0 1282 102 0 1283 15 0 1284 75 0 1285 76 0 1286 42 0 1287 102 0 1288 103 0 1289 16 0 1290 76 0 1291 77 0 1292 43 0 1293 103 0 1294 104 0 1295 17 0 1296 77 0 1297 78 0 1298 44 0 1299 104 0 1300 105 0 1301 18 0 1302 78 0 1303 79 0 1304 45 0 1305 105 0 1306 106 0 1307 19 0 1308 79 0 1309 80 0 1310 46 0 1311 106 0 1312 107 0 1313 20 0 1314 80 0 1315 81 0 1316 47 0 1317 107 0 1318 108 0 1319 21 0 1320 81 0 1321 82 0 1322 48 0 1323 108 0 1324 109 0 1325 22 0 1326 82 0 1327 83 0 1328 49 0 1329 109 0 1330 110 0 1331 23 0 1332 83 0 1333 84 0 1334 50 0 1335 110 0 1336 111 0 1337 24 0 1338 84 0 1339 85 0 1340 51 0 1341 111 0 1342 112 0 1343 25 0 1344 85 0 1345 86 0 1346 52 0 1347 112 0 1348 113 0 1349 26 0 1350 86 0 1351 87 0 1352 0 0 1353 60 0 1354 61 0 1355 53 0 1356 113 0 1357 114 0 1358 27 0 1359 87 0 1360 88 0 1361 1 0 1362 61 0 1363 62 0 1364 54 0 1365 114 0 1366 115 0 1367 28 0 1368 88 0 1369 89 0 1370 2 0 1371 62 0 1372 63 0 1373 55 0 1374 115 0 1375 116 0 1376 29 0 1377 89 0 1378 90 0 1379 3 0 1380 63 0 1381 64 0 1382 56 0 1383 116 0 1384 117 0 1385 30 0 1386 90 0 1387 91 0 1388 4 0 1389 64 0 1390 65 0 1391 57 0 1392 117 0 1393 118 0 1394 31 0 1395 91 0 1396 92 0 1397 5 0 1398 65 0 1399 66 0 1400 58 0 1401 118 0 1402 119 0 1403 32 0 1404 92 0 1405 93 0 1406 6 0 1407 66 0 1408 67 0 1409 59 0 1410 119 0 1411 60 0 1412 33 0 1413 93 0 1414 94 0 1415 7 0 1416 67 0 1417 68 0 1418 34 0 1419 94 0 1420 95 0 1421 8 0 1422 68 0 1423 69 0 1424 35 0 1425 95 0 1426 96 0 1427 9 0 1428 69 0 1429 70 0 1430 36 0 1431 96 0 1432 97 0 1433 10 0 1434 70 0 1435 71 0 1436 37 0 1437 97 0 1438 98 0 1439 11 0 1440 71 0 1441 72 0 1442 38 0 1443 98 0 1444 99 0 1445 12 0 1446 72 0 1447 73 0 1448 39 0 1449 99 0 1450 100 0 1451 13 0 1452 73 0 1453 74 0 1454 118 0 1455 178 0 1456 179 0 1457 92 0 1458 152 0 1459 153 0 1460 66 0 1461 126 0 1462 127 0 1463 119 0 1464 179 0 1465 120 0 1466 93 0 1467 153 0 1468 154 0 1469 67 0 1470 127 0 1471 128 0 1472 94 0 1473 154 0 1474 155 0 1475 68 0 1476 128 0 1477 129 0 1478 95 0 1479 155 0 1480 156 0 1481 69 0 1482 129 0 1483 130 0 1484 96 0 1485 156 0 1486 157 0 1487 70 0 1488 130 0 1489 131 0 1490 97 0 1491 157 0 1492 158 0 1493 71 0 1494 131 0 1495 132 0 1496 98 0 1497 158 0 1498 159 0 1499 72 0 1500 132 0 1501 133 0 1502 99 0 1503 159 0 1504 160 0 1505 73 0 1506 133 0 1507 134 0 1508 100 0 1509 160 0 1510 161 0 1511 74 0 1512 134 0 1513 135 0 1514 101 0 1515 161 0 1516 162 0 1517 75 0 1518 135 0 1519 136 0 1520 102 0 1521 162 0 1522 163 0 1523 76 0 1524 136 0 1525 137 0 1526 103 0 1527 163 0 1528 164 0 1529 77 0 1530 137 0 1531 138 0 1532 104 0 1533 164 0 1534 165 0 1535 78 0 1536 138 0 1537 139 0 1538 105 0 1539 165 0 1540 166 0 1541 79 0 1542 139 0 1543 140 0 1544 106 0 1545 166 0 1546 167 0 1547 80 0 1548 140 0 1549 141 0 1550 107 0 1551 167 0 1552 168 0 1553 81 0 1554 141 0 1555 142 0 1556 108 0 1557 168 0 1558 169 0 1559 82 0 1560 142 0 1561 143 0 1562 109 0 1563 169 0 1564 170 0 1565 83 0 1566 143 0 1567 144 0 1568 110 0 1569 170 0 1570 171 0 1571 84 0 1572 144 0 1573 145 0 1574 111 0 1575 171 0 1576 172 0 1577 85 0 1578 145 0 1579 146 0 1580 112 0 1581 172 0 1582 173 0 1583 86 0 1584 146 0 1585 147 0 1586 60 0 1587 120 0 1588 121 0 1589 113 0 1590 173 0 1591 174 0 1592 87 0 1593 147 0 1594 148 0 1595 61 0 1596 121 0 1597 122 0 1598 114 0 1599 174 0 1600 175 0 1601 88 0 1602 148 0 1603 149 0 1604 62 0 1605 122 0 1606 123 0 1607 115 0 1608 175 0 1609 176 0 1610 89 0 1611 149 0 1612 150 0 1613 63 0 1614 123 0 1615 124 0 1616 116 0 1617 176 0 1618 177 0 1619 90 0 1620 150 0 1621 151 0 1622 64 0 1623 124 0 1624 125 0 1625 117 0 1626 177 0 1627 178 0 1628 91 0 1629 151 0 1630 152 0 1631 65 0 1632 125 0 1633 126 0 1634 163 0 1635 223 0 1636 224 0 1637 137 0 1638 197 0 1639 198 0 1640 164 0 1641 224 0 1642 225 0 1643 138 0 1644 198 0 1645 199 0 1646 165 0 1647 225 0 1648 226 0 1649 139 0 1650 199 0 1651 200 0 1652 166 0 1653 226 0 1654 227 0 1655 140 0 1656 200 0 1657 201 0 1658 167 0 1659 227 0 1660 228 0 1661 141 0 1662 201 0 1663 202 0 1664 168 0 1665 228 0 1666 229 0 1667 142 0 1668 202 0 1669 203 0 1670 169 0 1671 229 0 1672 230 0 1673 143 0 1674 203 0 1675 204 0 1676 170 0 1677 230 0 1678 231 0 1679 144 0 1680 204 0 1681 205 0 1682 171 0 1683 231 0 1684 232 0 1685 145 0 1686 205 0 1687 206 0 1688 172 0 1689 232 0 1690 233 0 1691 146 0 1692 206 0 1693 207 0 1694 120 0 1695 180 0 1696 181 0 1697 173 0 1698 233 0 1699 234 0 1700 147 0 1701 207 0 1702 208 0 1703 121 0 1704 181 0 1705 182 0 1706 174 0 1707 234 0 1708 235 0 1709 148 0 1710 208 0 1711 209 0 1712 122 0 1713 182 0 1714 183 0 1715 175 0 1716 235 0 1717 236 0 1718 149 0 1719 209 0 1720 210 0 1721 123 0 1722 183 0 1723 184 0 1724 176 0 1725 236 0 1726 237 0 1727 150 0 1728 210 0 1729 211 0 1730 124 0 1731 184 0 1732 185 0 1733 177 0 1734 237 0 1735 238 0 1736 151 0 1737 211 0 1738 212 0 1739 125 0 1740 185 0 1741 186 0 1742 178 0 1743 238 0 1744 239 0 1745 152 0 1746 212 0 1747 213 0 1748 126 0 1749 186 0 1750 187 0 1751 179 0 1752 239 0 1753 180 0 1754 153 0 1755 213 0 1756 214 0 1757 127 0 1758 187 0 1759 188 0 1760 154 0 1761 214 0 1762 215 0 1763 128 0 1764 188 0 1765 189 0 1766 155 0 1767 215 0 1768 216 0 1769 129 0 1770 189 0 1771 190 0 1772 156 0 1773 216 0 1774 217 0 1775 130 0 1776 190 0 1777 191 0 1778 157 0 1779 217 0 1780 218 0 1781 131 0 1782 191 0 1783 192 0 1784 158 0 1785 218 0 1786 219 0 1787 132 0 1788 192 0 1789 193 0 1790 159 0 1791 219 0 1792 220 0 1793 133 0 1794 193 0 1795 194 0 1796 160 0 1797 220 0 1798 221 0 1799 134 0 1800 194 0 1801 195 0 1802 161 0 1803 221 0 1804 222 0 1805 135 0 1806 195 0 1807 196 0 1808 162 0 1809 222 0 1810 223 0 1811 136 0 1812 196 0 1813 197 0 1814 358 1 1815 357 1 1816 237 1 1817 332 2 1818 331 2 1819 211 2 1820 306 3 1821 305 3 1822 185 3 1823 359 4 1824 358 4 1825 238 4 1826 333 158 1827 332 158 1828 212 158 1829 307 159 1830 306 159 1831 186 159 1832 301 160 1833 359 160 1834 239 160 1835 334 161 1836 333 161 1837 213 161 1838 308 162 1839 307 162 1840 187 162 1841 335 10 1842 334 10 1843 214 10 1844 309 11 1845 308 11 1846 188 11 1847 336 12 1848 335 12 1849 215 12 1850 310 13 1851 309 13 1852 189 13 1853 337 163 1854 336 163 1855 216 163 1856 311 164 1857 310 164 1858 190 164 1859 338 165 1860 337 165 1861 217 165 1862 312 166 1863 311 166 1864 191 166 1865 339 18 1866 338 18 1867 218 18 1868 313 19 1869 312 19 1870 192 19 1871 340 167 1872 339 167 1873 219 167 1874 314 168 1875 313 168 1876 193 168 1877 341 22 1878 340 22 1879 220 22 1880 315 169 1881 314 169 1882 194 169 1883 342 24 1884 341 24 1885 221 24 1886 316 170 1887 315 170 1888 195 170 1889 343 171 1890 342 171 1891 222 171 1892 317 172 1893 316 172 1894 196 172 1895 224 173 1896 344 173 1897 343 173 1898 318 29 1899 317 29 1900 197 29 1901 225 174 1902 345 174 1903 344 174 1904 319 31 1905 318 31 1906 198 31 1907 226 175 1908 346 175 1909 345 175 1910 320 33 1911 319 33 1912 199 33 1913 227 176 1914 347 176 1915 346 176 1916 321 35 1917 320 35 1918 200 35 1919 348 36 1920 347 36 1921 227 36 1922 322 37 1923 321 37 1924 201 37 1925 349 38 1926 348 38 1927 228 38 1928 323 177 1929 322 177 1930 202 177 1931 350 40 1932 349 40 1933 229 40 1934 324 178 1935 323 178 1936 203 178 1937 351 179 1938 350 179 1939 230 179 1940 325 43 1941 324 43 1942 204 43 1943 352 44 1944 351 44 1945 231 44 1946 326 180 1947 325 180 1948 205 180 1949 353 181 1950 352 181 1951 232 181 1952 327 182 1953 326 182 1954 206 182 1955 300 183 1956 301 183 1957 180 183 1958 354 184 1959 353 184 1960 233 184 1961 328 50 1962 327 50 1963 207 50 1964 302 51 1965 300 51 1966 181 51 1967 355 185 1968 354 185 1969 234 185 1970 329 53 1971 328 53 1972 208 53 1973 303 54 1974 302 54 1975 182 54 1976 356 55 1977 355 55 1978 235 55 1979 330 56 1980 329 56 1981 209 56 1982 304 186 1983 303 186 1984 183 186 1985 357 187 1986 356 187 1987 236 187 1988 331 59 1989 330 59 1990 210 59 1991 305 188 1992 304 188 1993 184 188 1994 2 61 1995 1 61 1996 0 61 1997 0 61 1998 59 61 1999 58 61 2000 58 61 2001 57 61 2002 56 61 2003 56 61 2004 55 61 2005 58 61 2006 55 61 2007 54 61 2008 58 61 2009 54 61 2010 53 61 2011 52 61 2012 52 61 2013 51 61 2014 54 61 2015 51 61 2016 50 61 2017 54 61 2018 50 61 2019 49 61 2020 46 61 2021 49 61 2022 48 61 2023 46 61 2024 48 61 2025 47 61 2026 46 61 2027 46 61 2028 45 61 2029 44 61 2030 44 61 2031 43 61 2032 46 61 2033 43 61 2034 42 61 2035 46 61 2036 42 61 2037 41 61 2038 38 61 2039 41 61 2040 40 61 2041 38 61 2042 40 61 2043 39 61 2044 38 61 2045 38 61 2046 37 61 2047 36 61 2048 36 61 2049 35 61 2050 34 61 2051 34 61 2052 33 61 2053 32 61 2054 32 61 2055 31 61 2056 34 61 2057 31 61 2058 30 61 2059 34 61 2060 30 61 2061 29 61 2062 28 61 2063 28 61 2064 27 61 2065 26 61 2066 26 61 2067 25 61 2068 22 61 2069 25 61 2070 24 61 2071 22 61 2072 24 61 2073 23 61 2074 22 61 2075 22 61 2076 21 61 2077 18 61 2078 21 61 2079 20 61 2080 18 61 2081 20 61 2082 19 61 2083 18 61 2084 18 61 2085 17 61 2086 16 61 2087 16 61 2088 15 61 2089 14 61 2090 14 61 2091 13 61 2092 10 61 2093 13 61 2094 12 61 2095 10 61 2096 12 61 2097 11 61 2098 10 61 2099 10 61 2100 9 61 2101 6 61 2102 9 61 2103 8 61 2104 6 61 2105 8 61 2106 7 61 2107 6 61 2108 6 61 2109 5 61 2110 2 61 2111 5 61 2112 4 61 2113 2 61 2114 4 61 2115 3 61 2116 2 61 2117 2 61 2118 0 61 2119 58 61 2120 38 61 2121 36 61 2122 34 61 2123 30 61 2124 28 61 2125 22 61 2126 28 61 2127 26 61 2128 22 61 2129 18 61 2130 16 61 2131 22 61 2132 16 61 2133 14 61 2134 22 61 2135 2 61 2136 58 61 2137 6 61 2138 58 61 2139 54 61 2140 6 61 2141 54 61 2142 50 61 2143 46 61 2144 46 61 2145 42 61 2146 38 61 2147 38 61 2148 34 61 2149 22 61 2150 34 61 2151 30 61 2152 22 61 2153 14 61 2154 10 61 2155 6 61 2156 54 61 2157 46 61 2158 38 61 2159 22 61 2160 14 61 2161 38 61 2162 14 61 2163 6 61 2164 38 61 2165 241 0 2571 240 0 2572 421 0 2573 241 241 2574 420 241 2575 422 241 2576 243 0 2577 242 0 2578 422 0 2579 243 242 2580 423 242 2581 424 242 2582 244 0 2583 424 0 2584 425 0 2585 246 0 2586 245 0 2587 425 0 2588 246 140 2589 426 140 2590 427 140 2591 247 0 2592 427 0 2593 428 0 2594 249 0 2595 248 0 2596 428 0 2597 249 243 2598 429 243 2599 430 243 2600 251 0 2601 250 0 2602 430 0 2603 251 0 2604 431 0 2605 432 0 2606 252 0 2607 432 0 2608 433 0 2609 254 244 2610 253 244 2611 433 244 2612 255 245 2613 254 245 2614 434 245 2615 255 0 2616 435 0 2617 436 0 2618 256 0 2619 436 0 2620 437 0 2621 258 246 2622 257 246 2623 437 246 2624 258 0 2625 438 0 2626 439 0 2627 260 0 2628 259 0 2629 439 0 2630 260 247 2631 440 247 2632 441 247 2633 262 0 2634 261 0 2635 441 0 2636 262 0 2637 442 0 2638 443 0 2639 264 0 2640 263 0 2641 443 0 2642 264 0 2643 444 0 2644 445 0 2645 266 0 2646 265 0 2647 445 0 2648 266 248 2649 446 248 2650 447 248 2651 267 249 2652 447 249 2653 448 249 2654 269 250 2655 268 250 2656 448 250 2657 270 0 2658 269 0 2659 449 0 2660 270 251 2661 450 251 2662 451 251 2663 272 0 2664 271 0 2665 451 0 2666 273 0 2667 272 0 2668 452 0 2669 273 252 2670 453 252 2671 454 252 2672 275 0 2673 274 0 2674 454 0 2675 275 0 2676 455 0 2677 456 0 2678 277 253 2679 276 253 2680 456 253 2681 277 0 2682 457 0 2683 458 0 2684 279 254 2685 278 254 2686 458 254 2687 279 0 2688 459 0 2689 460 0 2690 280 255 2691 460 255 2692 461 255 2693 282 0 2694 281 0 2695 461 0 2696 282 0 2697 462 0 2698 463 0 2699 284 0 2700 283 0 2701 463 0 2702 284 0 2703 464 0 2704 465 0 2705 286 256 2706 285 256 2707 465 256 2708 286 155 2709 466 155 2710 467 155 2711 288 257 2712 287 257 2713 467 257 2714 288 0 2715 468 0 2716 469 0 2717 290 0 2718 289 0 2719 469 0 2720 290 0 2721 470 0 2722 471 0 2723 292 258 2724 291 258 2725 471 258 2726 292 259 2727 472 259 2728 473 259 2729 294 0 2730 293 0 2731 473 0 2732 294 260 2733 474 260 2734 475 260 2735 296 0 2736 295 0 2737 475 0 2738 297 0 2739 296 0 2740 476 0 2741 297 156 2742 477 156 2743 478 156 2744 299 261 2745 298 261 2746 478 261 2747 299 262 2748 479 262 2749 421 262 2750</p>
        </triangles>
        <triangles material="beyaz-material" count="180">
          <input semantic="VERTEX" source="#Circle_005-mesh-vertices" offset="0"/>
          <input semantic="NORMAL" source="#Circle_005-mesh-normals" offset="1"/>
          <input semantic="TEXCOORD" source="#Circle_005-mesh-map-0" offset="2" set="0"/>
          <p>260 0 723 261 0 724 480 0 725 420 100 906 361 100 907 360 100 908 420 0 909 362 0 910 422 0 911 423 0 912 362 0 913 363 0 914 423 101 915 364 101 916 424 101 917 424 102 918 365 102 919 425 102 920 426 0 921 365 0 922 366 0 923 426 103 924 367 103 925 427 103 926 427 104 927 368 104 928 428 104 929 428 105 930 369 105 931 429 105 932 429 104 933 370 104 934 430 104 935 431 0 936 370 0 937 371 0 938 431 106 939 372 106 940 432 106 941 432 107 942 373 107 943 433 107 944 433 108 945 374 108 946 434 108 947 435 0 948 374 0 949 375 0 950 435 109 951 376 109 952 436 109 953 437 0 954 376 0 955 377 0 956 438 0 957 377 0 958 378 0 959 438 110 960 379 110 961 439 110 962 440 0 963 379 0 964 380 0 965 440 111 966 381 111 967 441 111 968 442 0 969 381 0 970 382 0 971 442 112 972 383 112 973 443 112 974 444 0 975 383 0 976 384 0 977 444 113 978 385 113 979 445 113 980 446 114 981 385 114 982 386 114 983 446 104 984 387 104 985 447 104 986 447 0 987 388 0 988 448 0 989 448 113 990 389 113 991 449 113 992 450 100 993 389 100 994 390 100 995 450 0 996 391 0 997 451 0 998 452 0 999 391 0 1000 392 0 1001 453 0 1002 392 0 1003 393 0 1004 453 115 1005 394 115 1006 454 115 1007 454 0 1008 395 0 1009 455 0 1010 455 116 1011 396 116 1012 456 116 1013 456 117 1014 397 117 1015 457 117 1016 457 118 1017 398 118 1018 458 118 1019 459 0 1020 398 0 1021 399 0 1022 460 0 1023 399 0 1024 400 0 1025 460 119 1026 401 119 1027 461 119 1028 462 120 1029 401 120 1030 402 120 1031 462 121 1032 403 121 1033 463 121 1034 464 0 1035 403 0 1036 404 0 1037 464 122 1038 405 122 1039 465 122 1040 466 0 1041 405 0 1042 406 0 1043 466 123 1044 407 123 1045 467 123 1046 468 124 1047 407 124 1048 408 124 1049 468 111 1050 409 111 1051 469 111 1052 470 0 1053 409 0 1054 410 0 1055 470 125 1056 411 125 1057 471 125 1058 472 0 1059 411 0 1060 412 0 1061 472 126 1062 413 126 1063 473 126 1064 474 0 1065 413 0 1066 414 0 1067 474 127 1068 415 127 1069 475 127 1070 476 128 1071 415 128 1072 416 128 1073 477 129 1074 416 129 1075 417 129 1076 477 0 1077 418 0 1078 478 0 1079 479 0 1080 418 0 1081 419 0 1082 479 0 1083 361 0 1084 421 0 1085 299 0 1266 240 0 1267 480 0 1268 289 157 1269 290 157 1270 480 157 1271 274 0 1272 275 0 1273 480 0 1274 262 189 2166 480 189 2167 261 189 2168 480 190 2169 246 190 2170 247 190 2171 248 191 2172 480 191 2173 247 191 2174 248 0 2175 249 0 2176 480 0 2177 249 0 2178 250 0 2179 480 0 2180 250 192 2181 251 192 2182 480 192 2183 251 193 2184 252 193 2185 480 193 2186 252 194 2187 253 194 2188 480 194 2189 253 195 2190 254 195 2191 480 195 2192 254 196 2193 255 196 2194 480 196 2195 255 0 2196 256 0 2197 480 0 2198 256 0 2199 257 0 2200 480 0 2201 257 0 2202 258 0 2203 480 0 2204 258 0 2205 259 0 2206 480 0 2207 259 0 2208 260 0 2209 480 0 2210 420 0 2391 421 0 2392 361 0 2393 420 0 2394 360 0 2395 362 0 2396 423 0 2397 422 0 2398 362 0 2399 423 221 2400 363 221 2401 364 221 2402 424 114 2403 364 114 2404 365 114 2405 426 113 2406 425 113 2407 365 113 2408 426 0 2409 366 0 2410 367 0 2411 427 0 2412 367 0 2413 368 0 2414 428 222 2415 368 222 2416 369 222 2417 429 0 2418 369 0 2419 370 0 2420 431 118 2421 430 118 2422 370 118 2423 431 0 2424 371 0 2425 372 0 2426 432 0 2427 372 0 2428 373 0 2429 433 0 2430 373 0 2431 374 0 2432 435 223 2433 434 223 2434 374 223 2435 435 0 2436 375 0 2437 376 0 2438 437 224 2439 436 224 2440 376 224 2441 438 107 2442 437 107 2443 377 107 2444 438 0 2445 378 0 2446 379 0 2447 440 225 2448 439 225 2449 379 225 2450 440 0 2451 380 0 2452 381 0 2453 442 226 2454 441 226 2455 381 226 2456 442 0 2457 382 0 2458 383 0 2459 444 103 2460 443 103 2461 383 103 2462 444 0 2463 384 0 2464 385 0 2465 446 102 2466 445 102 2467 385 102 2468 446 129 2469 386 129 2470 387 129 2471 447 0 2472 387 0 2473 388 0 2474 448 0 2475 388 0 2476 389 0 2477 450 0 2478 449 0 2479 389 0 2480 450 227 2481 390 227 2482 391 227 2483 452 228 2484 451 228 2485 391 228 2486 453 0 2487 452 0 2488 392 0 2489 453 129 2490 393 129 2491 394 129 2492 454 0 2493 394 0 2494 395 0 2495 455 0 2496 395 0 2497 396 0 2498 456 0 2499 396 0 2500 397 0 2501 457 0 2502 397 0 2503 398 0 2504 459 229 2505 458 229 2506 398 229 2507 460 230 2508 459 230 2509 399 230 2510 460 0 2511 400 0 2512 401 0 2513 462 111 2514 461 111 2515 401 111 2516 462 0 2517 402 0 2518 403 0 2519 464 231 2520 463 231 2521 403 231 2522 464 0 2523 404 0 2524 405 0 2525 466 232 2526 465 232 2527 405 232 2528 466 0 2529 406 0 2530 407 0 2531 468 233 2532 467 233 2533 407 233 2534 468 0 2535 408 0 2536 409 0 2537 470 234 2538 469 234 2539 409 234 2540 470 0 2541 410 0 2542 411 0 2543 472 235 2544 471 235 2545 411 235 2546 472 236 2547 412 236 2548 413 236 2549 474 237 2550 473 237 2551 413 237 2552 474 0 2553 414 0 2554 415 0 2555 476 238 2556 475 238 2557 415 238 2558 477 239 2559 476 239 2560 416 239 2561 477 221 2562 417 221 2563 418 221 2564 479 0 2565 478 0 2566 418 0 2567 479 240 2568 419 240 2569 361 240 2570 240 0 2751 241 0 2752 480 0 2753 241 0 2754 242 0 2755 480 0 2756 242 0 2757 243 0 2758 480 0 2759 243 263 2760 244 263 2761 480 263 2762 244 0 2763 245 0 2764 480 0 2765 245 0 2766 246 0 2767 480 0 2768 480 264 2769 292 264 2770 293 264 2771 293 0 2772 294 0 2773 480 0 2774 294 265 2775 295 265 2776 480 265 2777 295 0 2778 296 0 2779 480 0 2780 296 0 2781 297 0 2782 480 0 2783 297 0 2784 298 0 2785 480 0 2786 298 0 2787 299 0 2788 480 0 2789 292 0 2790 480 0 2791 291 0 2792 480 0 2793 277 0 2794 278 0 2795 291 266 2796 480 266 2797 290 266 2798 278 267 2799 279 267 2800 480 267 2801 279 0 2802 280 0 2803 480 0 2804 280 0 2805 281 0 2806 480 0 2807 281 0 2808 282 0 2809 480 0 2810 282 0 2811 283 0 2812 480 0 2813 283 0 2814 284 0 2815 480 0 2816 284 268 2817 285 268 2818 480 268 2819 285 0 2820 286 0 2821 480 0 2822 286 0 2823 287 0 2824 480 0 2825 287 0 2826 288 0 2827 480 0 2828 288 0 2829 289 0 2830 480 0 2831 277 0 2832 480 0 2833 276 0 2834 480 269 2835 262 269 2836 263 269 2837 276 0 2838 480 0 2839 275 0 2840 263 0 2841 264 0 2842 480 0 2843 264 0 2844 265 0 2845 480 0 2846 265 0 2847 266 0 2848 480 0 2849 266 270 2850 267 270 2851 480 270 2852 267 0 2853 268 0 2854 480 0 2855 268 0 2856 269 0 2857 480 0 2858 269 0 2859 270 0 2860 480 0 2861 270 0 2862 271 0 2863 480 0 2864 271 0 2865 272 0 2866 480 0 2867 272 271 2868 273 271 2869 480 271 2870 273 0 2871 274 0 2872 480 0 2873</p>
        </triangles>
        <triangles material="siyah_001-material" count="120">
          <input semantic="VERTEX" source="#Circle_005-mesh-vertices" offset="0"/>
          <input semantic="NORMAL" source="#Circle_005-mesh-normals" offset="1"/>
          <input semantic="TEXCOORD" source="#Circle_005-mesh-map-0" offset="2" set="0"/>
          <p>360 62 726 301 62 727 300 62 728 360 63 729 302 63 730 362 63 731 363 0 732 302 0 733 303 0 734 364 64 735 303 64 736 304 64 737 364 65 738 305 65 739 365 65 740 366 0 741 305 0 742 306 0 743 367 0 744 306 0 745 307 0 746 367 66 747 308 66 748 368 66 749 368 67 750 309 67 751 369 67 752 369 68 753 310 68 754 370 68 755 371 0 756 310 0 757 311 0 758 371 69 759 312 69 760 372 69 761 372 70 762 313 70 763 373 70 764 374 0 765 313 0 766 314 0 767 375 0 768 314 0 769 315 0 770 375 71 771 316 71 772 376 71 773 376 72 774 317 72 775 377 72 776 378 73 777 317 73 778 318 73 779 379 74 780 318 74 781 319 74 782 380 0 783 319 0 784 320 0 785 381 0 786 320 0 787 321 0 788 382 0 789 321 0 790 322 0 791 382 75 792 323 75 793 383 75 794 383 76 795 324 76 796 384 76 797 384 77 798 325 77 799 385 77 800 386 0 801 325 0 802 326 0 803 386 78 804 327 78 805 387 78 806 387 79 807 328 79 808 388 79 809 389 0 810 328 0 811 329 0 812 390 0 813 329 0 814 330 0 815 390 80 816 331 80 817 391 80 818 391 81 819 332 81 820 392 81 821 392 82 822 333 82 823 393 82 824 394 83 825 333 83 826 334 83 827 395 84 828 334 84 829 335 84 830 396 0 831 335 0 832 336 0 833 397 0 834 336 0 835 337 0 836 397 85 837 338 85 838 398 85 839 398 86 840 339 86 841 399 86 842 399 87 843 340 87 844 400 87 845 400 88 846 341 88 847 401 88 848 401 89 849 342 89 850 402 89 851 402 90 852 343 90 853 403 90 854 404 0 855 343 0 856 344 0 857 404 0 858 345 0 859 405 0 860 406 91 861 345 91 862 346 91 863 406 92 864 347 92 865 407 92 866 408 0 867 347 0 868 348 0 869 409 0 870 348 0 871 349 0 872 410 93 873 349 93 874 350 93 875 411 0 876 350 0 877 351 0 878 412 84 879 351 84 880 352 84 881 412 94 882 353 94 883 413 94 884 413 95 885 354 95 886 414 95 887 414 96 888 355 96 889 415 96 890 415 97 891 356 97 892 416 97 893 416 98 894 357 98 895 417 98 896 417 99 897 358 99 898 418 99 899 419 0 900 358 0 901 359 0 902 419 0 903 301 0 904 361 0 905 360 0 2211 361 0 2212 301 0 2213 360 0 2214 300 0 2215 302 0 2216 363 197 2217 362 197 2218 302 197 2219 364 198 2220 363 198 2221 303 198 2222 364 0 2223 304 0 2224 305 0 2225 366 77 2226 365 77 2227 305 77 2228 367 76 2229 366 76 2230 306 76 2231 367 0 2232 307 0 2233 308 0 2234 368 0 2235 308 0 2236 309 0 2237 369 0 2238 309 0 2239 310 0 2240 371 199 2241 370 199 2242 310 199 2243 371 0 2244 311 0 2245 312 0 2246 372 73 2247 312 73 2248 313 73 2249 374 200 2250 373 200 2251 313 200 2252 375 201 2253 374 201 2254 314 201 2255 375 0 2256 315 0 2257 316 0 2258 376 202 2259 316 202 2260 317 202 2261 378 92 2262 377 92 2263 317 92 2264 379 203 2265 378 203 2266 318 203 2267 380 204 2268 379 204 2269 319 204 2270 381 205 2271 380 205 2272 320 205 2273 382 206 2274 381 206 2275 321 206 2276 382 207 2277 322 207 2278 323 207 2279 383 0 2280 323 0 2281 324 0 2282 384 0 2283 324 0 2284 325 0 2285 386 65 2286 385 65 2287 325 65 2288 386 0 2289 326 0 2290 327 0 2291 387 0 2292 327 0 2293 328 0 2294 389 208 2295 388 208 2296 328 208 2297 390 209 2298 389 209 2299 329 209 2300 390 0 2301 330 0 2302 331 0 2303 391 0 2304 331 0 2305 332 0 2306 392 0 2307 332 0 2308 333 0 2309 394 210 2310 393 210 2311 333 210 2312 395 211 2313 394 211 2314 334 211 2315 396 96 2316 395 96 2317 335 96 2318 397 212 2319 396 212 2320 336 212 2321 397 0 2322 337 0 2323 338 0 2324 398 0 2325 338 0 2326 339 0 2327 399 0 2328 339 0 2329 340 0 2330 400 93 2331 340 93 2332 341 93 2333 401 213 2334 341 213 2335 342 213 2336 402 0 2337 342 0 2338 343 0 2339 404 214 2340 403 214 2341 343 214 2342 404 0 2343 344 0 2344 345 0 2345 406 0 2346 405 0 2347 345 0 2348 406 0 2349 346 0 2350 347 0 2351 408 215 2352 407 215 2353 347 215 2354 409 216 2355 408 216 2356 348 216 2357 410 217 2358 409 217 2359 349 217 2360 411 218 2361 410 218 2362 350 218 2363 412 219 2364 411 219 2365 351 219 2366 412 207 2367 352 207 2368 353 207 2369 413 0 2370 353 0 2371 354 0 2372 414 0 2373 354 0 2374 355 0 2375 415 0 2376 355 0 2377 356 0 2378 416 83 2379 356 83 2380 357 83 2381 417 0 2382 357 0 2383 358 0 2384 419 0 2385 418 0 2386 358 0 2387 419 220 2388 359 220 2389 301 220 2390</p>
        </triangles>
      </mesh>
    </geometry>
  </library_geometries>
  <library_visual_scenes>
    <visual_scene id="Scene" name="Scene">
      <node id="Text" name="Text" type="NODE">
        <matrix sid="transform">-2.27448e-8 -8.31228e-8 -1 -0.1321704 -0.5203404 3.63341e-15 4.37114e-8 0.0661923 0 0.5102038 -1.62921e-7 2.505 0 0 0 1</matrix>
        <instance_geometry url="#_0-mesh" name="Text">
          <bind_material>
            <technique_common>
              <instance_material symbol="siyah-material" target="#siyah-material">
                <bind_vertex_input semantic="UVMap" input_semantic="TEXCOORD" input_set="0"/>
              </instance_material>
            </technique_common>
          </bind_material>
        </instance_geometry>
      </node>
      <node id="S_limit_20_body" name="S_limit_20_body" type="NODE">
        <matrix sid="transform">-3.35997e-10 0.007686716 4.59046e-10 -0.05955559 -0.007686716 -3.35997e-10 0 -0.1120817 0 -3.35997e-10 0.01050175 1.19209e-7 0 0 0 1</matrix>
        <instance_geometry url="#Örüntü_015-mesh" name="S_limit_20_body">
          <bind_material>
            <technique_common>
              <instance_material symbol="direk_005-material" target="#direk_005-material">
                <bind_vertex_input semantic="Örüntü_013-mesh-map-0" input_semantic="TEXCOORD" input_set="0"/>
              </instance_material>
            </technique_common>
          </bind_material>
        </instance_geometry>
      </node>
      <node id="S_limit20_sing" name="S_limit20_sing" type="NODE">
        <matrix sid="transform">-5.82883e-8 -5.82883e-8 -1 -0.09716055 -1.333482 2.54786e-15 4.37114e-8 -0.1120817 0 1.333482 -4.37114e-8 2.62535 0 0 0 1</matrix>
        <instance_geometry url="#Circle_005-mesh" name="S_limit20_sing">
          <bind_material>
            <technique_common>
              <instance_material symbol="kırmızı-material" target="#kırmızı-material">
                <bind_vertex_input semantic="UVMap" input_semantic="TEXCOORD" input_set="0"/>
              </instance_material>
              <instance_material symbol="beyaz-material" target="#beyaz-material">
                <bind_vertex_input semantic="UVMap" input_semantic="TEXCOORD" input_set="0"/>
              </instance_material>
              <instance_material symbol="siyah_001-material" target="#siyah_001-material">
                <bind_vertex_input semantic="UVMap" input_semantic="TEXCOORD" input_set="0"/>
              </instance_material>
            </technique_common>
          </bind_material>
        </instance_geometry>
      </node>
    </visual_scene>
  </library_visual_scenes>
  <scene>
    <instance_visual_scene url="#Scene"/>
  </scene>
</COLLADA>