<?xml version="1.0" encoding="utf-8"?>
<COLLADA xmlns="http://www.collada.org/2005/11/COLLADASchema" version="1.4.1" xmlns:xsi="http://www.w3.org/2001/XMLSchema-instance">
  <asset>
    <contributor>
      <author>Blender User</author>
      <authoring_tool>Blender 2.92.0 commit date:2021-02-24, commit time:16:25, hash:02948a2cab44</authoring_tool>
    </contributor>
    <created>2022-03-27T14:50:01</created>
    <modified>2022-03-27T14:50:01</modified>
    <unit name="meter" meter="1"/>
    <up_axis>Z_UP</up_axis>
  </asset>
  <library_effects>
    <effect id="beyaz-effect">
      <profile_COMMON>
        <technique sid="common">
          <lambert>
            <emission>
              <color sid="emission">1 1 1 1</color>
            </emission>
            <diffuse>
              <color sid="diffuse">1 1 1 1</color>
            </diffuse>
            <index_of_refraction>
              <float sid="ior">1.45</float>
            </index_of_refraction>
          </lambert>
        </technique>
      </profile_COMMON>
    </effect>
    <effect id="mavi-effect">
      <profile_COMMON>
        <technique sid="common">
          <lambert>
            <emission>
              <color sid="emission">0 0.004000187 1 1</color>
            </emission>
            <diffuse>
              <color sid="diffuse">0 0.002765951 1 1</color>
            </diffuse>
            <index_of_refraction>
              <float sid="ior">1.45</float>
            </index_of_refraction>
          </lambert>
        </technique>
      </profile_COMMON>
    </effect>
    <effect id="siyah-effect">
      <profile_COMMON>
        <technique sid="common">
          <lambert>
            <emission>
              <color sid="emission">0 0 0 1</color>
            </emission>
            <diffuse>
              <color sid="diffuse">0 0 0 1</color>
            </diffuse>
            <index_of_refraction>
              <float sid="ior">1.45</float>
            </index_of_refraction>
          </lambert>
        </technique>
      </profile_COMMON>
    </effect>
    <effect id="direk_014-effect">
      <profile_COMMON>
        <technique sid="common">
          <lambert>
            <emission>
              <color sid="emission">0 0 0 1</color>
            </emission>
            <diffuse>
              <color sid="diffuse">0.5882353 0.5882353 0.7019608 1</color>
            </diffuse>
            <reflectivity>
              <float sid="specular">1</float>
            </reflectivity>
            <index_of_refraction>
              <float sid="ior">1.45</float>
            </index_of_refraction>
          </lambert>
        </technique>
      </profile_COMMON>
    </effect>
  </library_effects>
  <library_images/>
  <library_materials>
    <material id="beyaz-material" name="beyaz">
      <instance_effect url="#beyaz-effect"/>
    </material>
    <material id="mavi-material" name="mavi">
      <instance_effect url="#mavi-effect"/>
    </material>
    <material id="siyah-material" name="siyah">
      <instance_effect url="#siyah-effect"/>
    </material>
    <material id="direk_014-material" name="direk.014">
      <instance_effect url="#direk_014-effect"/>
    </material>
  </library_materials>
  <library_geometries>
    <geometry id="Plane_003-mesh" name="Plane.003">
      <mesh>
        <source id="Plane_003-mesh-positions">
          <float_array id="Plane_003-mesh-positions-array" count="9762">-0.2502071 -0.2502071 0 0.2502071 -0.2502071 0 -0.2502071 0.2502071 0 0.2502071 0.2502071 0 -0.2502071 -0.2502071 0.02499997 0.2502071 -0.2502071 0.02499997 -0.2502071 0.2502071 0.02499997 0.2502071 0.2502071 0.02499997 0 -0.2502071 0 0 0.2502071 0 0 -0.2502071 0.02499997 0 0.2502071 0.02499997 0.1251035 -0.2502071 0 0.1251035 -0.2502071 0.02499997 0.1251035 0.2502071 0 0.1251035 0.2502071 0.02499997 -0.1251035 0.2502071 0 -0.1251035 0.2502071 0.02499997 -0.1251035 -0.2502071 0 -0.1251035 -0.2502071 0.02499997 -0.2502071 0 0 0.2502071 0 0 -0.2502071 0 0.02499997 0.2502071 0 0.02499997 0.01984739 0 0.02499997 0 0 0 0.1251035 0 0.02499997 0.1251035 0 0 -0.1251035 0 0 -0.1251035 0 0.02499997 -0.1876553 0.2502071 0 -0.1876553 0.2502071 0.02499997 -0.1876553 -0.2502071 0 -0.1876553 -0.2502071 0.02499997 -0.1876553 0 0.02499997 -0.1876553 0 0 -0.06255173 -0.2502071 0 -0.06255173 -0.2502071 0.02499997 -0.06255173 0.2502071 0 -0.06255173 0.2502071 0.02499997 -0.06255173 0 0 -0.06255173 0 0.02499997 0.06255173 0.2502071 0 0.06255173 0.2502071 0.02499997 0.06255173 -0.2502071 0 0.06255173 -0.2502071 0.02499997 0.06255173 0 0 0.1876553 -0.2502071 0 0.1876553 -0.2502071 0.02499997 0.1876553 0.2502071 0 0.1876553 0.2502071 0.02499997 0.1876553 0 0.02499997 0.1876553 0 0 0.2189312 -0.2502071 0 0.2189312 -0.2502071 0.02499997 0.2189312 0 0 0.2189312 0.2502071 0 0.2189312 0.2502071 0.02499997 0.2189312 0 0.02499997 -0.2189312 0.2502071 0 -0.2189312 0.2502071 0.02499997 -0.2189312 0 0.02499997 -0.2189312 -0.2502071 0 -0.2189312 -0.2502071 0.02499997 -0.2189312 0 0 -0.2502071 -0.1251035 0 -0.2502071 -0.1251035 0.02499997 0 -0.1251035 0 0.1251035 -0.1251035 0 -0.1251035 -0.1251035 0 0.2502071 -0.1251035 0 0.2502071 -0.1251035 0.02499997 0.01984739 -0.1251035 0.02499997 0.1251035 -0.1251035 0.02499997 -0.1251035 -0.1251035 0.02499997 -0.1876553 -0.1251035 0 -0.1876553 -0.1251035 0.02499997 -0.06255173 -0.1251035 0.02499997 -0.06255173 -0.1251035 0 0.06255173 -0.1251035 0 0.1876553 -0.1251035 0 0.1876553 -0.1251035 0.02499997 0.2189312 -0.1251035 0 0.2189312 -0.1251035 0.02499997 -0.2189312 -0.1251035 0.02499997 -0.2189312 -0.1251035 0 -0.2502071 -0.1876553 0 -0.2502071 -0.1876553 0.02499997 0 -0.1876553 0 0.1251035 -0.1876553 0 -0.1251035 -0.1876553 0 -0.1876553 -0.1876553 0 -0.06255173 -0.1876553 0 0.06255173 -0.1876553 0 0.1876553 -0.1876553 0 0.2189312 -0.1876553 0 -0.2189312 -0.1876553 0 0.2502071 -0.1876553 0 0.2502071 -0.1876553 0.02499997 0 -0.1876553 0.02499997 0.1251035 -0.1876553 0.02499997 -0.1251035 -0.1876553 0.02499997 -0.1876553 -0.1876553 0.02499997 -0.06255173 -0.1876553 0.02499997 0.06255173 -0.1876553 0.02499997 0.1876553 -0.1876553 0.02499997 0.2189312 -0.1876553 0.02499997 -0.2189312 -0.1876553 0.02499997 -0.2502071 -0.2189312 0 -0.2502071 -0.2189312 0.02499997 0 -0.2189312 0 0.1251035 -0.2189312 0 -0.1251035 -0.2189312 0 -0.1876553 -0.2189312 0 -0.06255173 -0.2189312 0 0.06255173 -0.2189312 0 0.1876553 -0.2189312 0 0.2189312 -0.2189312 0 -0.2189312 -0.2189312 0 0.2502071 -0.2189312 0 0.2502071 -0.2189312 0.02499997 0 -0.2189312 0.02499997 0.1251035 -0.2189312 0.02499997 -0.1251035 -0.2189312 0.02499997 -0.1876553 -0.2189312 0.02499997 -0.06255173 -0.2189312 0.02499997 0.06255173 -0.2189312 0.02499997 0.1876553 -0.2189312 0.02499997 0.2189312 -0.2189312 0.02499997 -0.2189312 -0.2189312 0.02499997 -0.2502071 -0.2345691 0 -0.2502071 -0.2345691 0.02499997 0 -0.2345691 0 0.1251035 -0.2345691 0 -0.1251035 -0.2345691 0 -0.1876553 -0.2345691 0 -0.06255173 -0.2345691 0 0.06255173 -0.2345691 0 0.1876553 -0.2345691 0 0.2189312 -0.2345691 0 -0.2189312 -0.2345691 0 0.2502071 -0.2345691 0 0.2502071 -0.2345691 0.02499997 -0.03127586 0.1876553 0 -0.01142847 0.1251035 0.02499997 -0.03127586 0.1251035 0 -0.03127586 -0.2345691 0 -0.03127586 -0.2189312 0 -0.03127586 -0.2189312 0.02499997 -0.03127586 -0.1876553 0.02499997 -0.03127586 -0.1876553 0 -0.03127586 -0.1251035 0 -0.2345691 0.2502071 0 -0.2345691 0.2502071 0.02499997 -0.01142847 -0.1251035 0.02499997 -0.2345691 -0.2502071 0 -0.2345691 -0.2502071 0.02499997 -0.2345691 0 0 -0.2345691 -0.1251035 0 -0.01142847 0 0.02499997 -0.03127586 0.2502071 0.02499997 -0.2345691 -0.1876553 0 -0.2345691 -0.2189312 0 -0.03127586 0.2502071 0 -0.03127586 0 0 -0.2345691 -0.2345691 0 0.2345691 -0.2502071 0 0.2345691 -0.2502071 0.02499997 0.2345691 0 0 0.2345691 0.2502071 0 0.2345691 0.2502071 0.02499997 -0.03127586 -0.2502071 0.02499997 0.2345691 -0.1251035 0 -0.03127586 -0.2502071 0 -0.09382766 0.2325597 0.02499997 0.2345691 -0.1876553 0 0.2345691 -0.2189312 0 -0.09382766 0.2365786 0.02499997 -0.09382766 -0.2365786 0.02499997 0.2345691 -0.2345691 0 0.2502071 0.1251035 0 0.2502071 0.1251035 0.02499997 0.01984739 0.1251035 0.02499997 0.1251035 0.1251035 0.02499997 -0.1251035 0.1251035 0.02499997 -0.2502071 0.1251035 0 -0.2502071 0.1251035 0.02499997 0 0.1251035 0 0.1251035 0.1251035 0 -0.1251035 0.1251035 0 -0.1876553 0.1251035 0.02499997 -0.1876553 0.1251035 0 -0.06255173 0.1251035 0 -0.06255173 0.1251035 0.02499997 0.06255173 0.1251035 0 0.1876553 0.1251035 0.02499997 0.1876553 0.1251035 0 0.2189312 0.1251035 0.02499997 0.2189312 0.1251035 0 -0.2189312 0.1251035 0 -0.2189312 0.1251035 0.02499997 -0.09382766 -0.2325597 0.02499997 -0.2345691 0.1251035 0 -0.09382766 -0.1407415 0 0.2345691 0.1251035 0 0.2502071 0.1876553 0 0.2502071 0.1876553 0.02499997 0 0.1876553 0.02499997 0.1251035 0.1876553 0.02499997 -0.1251035 0.1876553 0.02499997 -0.1876553 0.1876553 0.02499997 -0.06255173 0.1876553 0.02499997 0.06255173 0.1876553 0.02499997 0.1876553 0.1876553 0.02499997 0.2189312 0.1876553 0.02499997 -0.2189312 0.1876553 0.02499997 -0.09382766 -0.1407415 0.02499997 -0.09382766 -0.1720173 0.02499997 -0.2502071 0.1876553 0 -0.2502071 0.1876553 0.02499997 0 0.1876553 0 0.1251035 0.1876553 0 -0.1251035 0.1876553 0 -0.1876553 0.1876553 0 -0.06255173 0.1876553 0 0.06255173 0.1876553 0 0.1876553 0.1876553 0 0.2189312 0.1876553 0 -0.2189312 0.1876553 0 -0.2345691 0.1876553 0 0.2345691 0.1876553 0 0.2502071 0.2189312 0 0.2502071 0.2189312 0.02499997 0 0.2189312 0.02499997 0.1251035 0.2189312 0.02499997 -0.1251035 0.2189312 0.02499997 -0.1876553 0.2189312 0.02499997 -0.06255173 0.2189312 0.02499997 0.06255173 0.2189312 0.02499997 0.1876553 0.2189312 0.02499997 0.2189312 0.2189312 0.02499997 -0.2189312 0.2189312 0.02499997 -0.09382766 -0.1720173 0 -0.09382766 -0.2032933 0.02499997 -0.2502071 0.2189312 0 -0.2502071 0.2189312 0.02499997 0 0.2189312 0 0.1251035 0.2189312 0 -0.1251035 0.2189312 0 -0.1876553 0.2189312 0 -0.06255173 0.2189312 0 0.06255173 0.2189312 0 0.1876553 0.2189312 0 0.2189312 0.2189312 0 -0.2189312 0.2189312 0 -0.2345691 0.2189312 0 0.2345691 0.2189312 0 0.2502071 0.2345691 0 0.2502071 0.2345691 0.02499997 -0.09382766 -0.2032933 0 -0.09382766 -0.1563794 0 -0.09382766 -0.1563794 0.02499997 -0.09382766 0.2032933 0.02499997 -0.09382766 0.2032933 0 -0.09382766 0.2345691 0 -0.09382766 0.2189312 0 -0.09382766 0.2189312 0.02499997 -0.09382766 0.1876553 0 -0.09382766 0.1876553 0.02499997 -0.09382766 0.1251035 0 -0.2502071 0.2345691 0 -0.2502071 0.2345691 0.02499997 0 0.2345691 0 0.1251035 0.2345691 0 -0.1251035 0.2345691 0 -0.1876553 0.2345691 0 -0.06255173 0.2345691 0 0.06255173 0.2345691 0 0.1876553 0.2345691 0 0.2189312 0.2345691 0 -0.2189312 0.2345691 0 -0.2345691 0.2345691 0 0.2345691 0.2345691 0 -0.2502071 0.2032933 0 -0.2502071 0.2032933 0.02499997 0 0.2032933 0 0.1251035 0.2032933 0 -0.1251035 0.2032933 0 -0.1876553 0.2032933 0 -0.06255173 0.2032933 0 0.06255173 0.2032933 0 0.1876553 0.2032933 0 0.2189312 0.2032933 0 -0.2189312 0.2032933 0 -0.2345691 0.2032933 0 0.2345691 0.2032933 0 0.2502071 0.2032933 0 0.2502071 0.2032933 0.02499997 0 0.2032933 0.02499997 0.1251035 0.2032933 0.02499997 -0.1251035 0.2032933 0.02499997 -0.1876553 0.2032933 0.02499997 -0.06255173 0.2032933 0.02499997 0.06255173 0.2032933 0.02499997 0.1876553 0.2032933 0.02499997 0.2189312 0.2032933 0.02499997 -0.2189312 0.2032933 0.02499997 -0.09382766 0.1251035 0.02499997 -0.09382766 -0.2345691 0 -0.2032933 -0.2502071 0 -0.2032933 -0.2502071 0.02499997 -0.2032933 0 0 -0.2032933 0.2502071 0 -0.2032933 0.2502071 0.02499997 -0.2032933 0 0.02499997 -0.2032933 -0.1251035 0.02499997 -0.2032933 -0.1251035 0 -0.2032933 -0.1876553 0 -0.2032933 -0.1876553 0.02499997 -0.2032933 -0.2189312 0.02499997 -0.2032933 -0.2189312 0 -0.2032933 -0.2345691 0 -0.09382766 -0.2189312 0.02499997 -0.2032933 0.1251035 0 -0.2032933 0.1251035 0.02499997 -0.2032933 0.1876553 0 -0.2032933 0.1876553 0.02499997 -0.2032933 0.2189312 0 -0.2032933 0.2189312 0.02499997 -0.2032933 0.2345691 0 -0.09382766 -0.2189312 0 -0.2032933 0.2032933 0.02499997 -0.2032933 0.2032933 0 0.2502071 -0.1563794 0 0.2502071 -0.1563794 0.02499997 0.01984739 -0.1563794 0.02499997 0.1251035 -0.1563794 0.02499997 -0.1251035 -0.1563794 0.02499997 -0.1876553 -0.1563794 0.02499997 -0.06255173 -0.1563794 0.02499997 0.06255173 -0.1563794 0.02499997 0.1876553 -0.1563794 0.02499997 0.2189312 -0.1563794 0.02499997 -0.2189312 -0.1563794 0.02499997 -0.2502071 -0.1563794 0 -0.2502071 -0.1563794 0.02499997 0 -0.1563794 0 0.1251035 -0.1563794 0 -0.1251035 -0.1563794 0 -0.1876553 -0.1563794 0 -0.06255173 -0.1563794 0 0.06255173 -0.1563794 0 0.1876553 -0.1563794 0 0.2189312 -0.1563794 0 -0.2189312 -0.1563794 0 -0.09382766 -0.1876553 0 -0.2345691 -0.1563794 0 -0.09382766 -0.1876553 0.02499997 0.2345691 -0.1563794 0 -0.2032933 -0.1563794 0 -0.2032933 -0.1563794 0.02499997 0.2502071 -0.2032933 0 0.2502071 -0.2032933 0.02499997 0 -0.2032933 0.02499997 0.1251035 -0.2032933 0.02499997 -0.1251035 -0.2032933 0.02499997 -0.1876553 -0.2032933 0.02499997 -0.06255173 -0.2032933 0.02499997 0.06255173 -0.2032933 0.02499997 0.1876553 -0.2032933 0.02499997 0.2189312 -0.2032933 0.02499997 -0.2189312 -0.2032933 0.02499997 -0.2502071 -0.2032933 0 -0.2502071 -0.2032933 0.02499997 0 -0.2032933 0 0.1251035 -0.2032933 0 -0.1251035 -0.2032933 0 -0.1876553 -0.2032933 0 -0.06255173 -0.2032933 0 0.06255173 -0.2032933 0 0.1876553 -0.2032933 0 0.2189312 -0.2032933 0 -0.2189312 -0.2032933 0 -0.2345691 -0.2032933 0 -0.09382766 -0.1251035 0.02499997 0.2345691 -0.2032933 0 -0.09382766 -0.1251035 0 -0.2032933 -0.2032933 0.02499997 -0.2032933 -0.2032933 0 -0.2502071 -0.1720173 0 -0.2502071 -0.1720173 0.02499997 0 -0.1720173 0 0.1251035 -0.1720173 0 -0.1251035 -0.1720173 0 -0.1876553 -0.1720173 0 -0.06255173 -0.1720173 0 0.06255173 -0.1720173 0 0.1876553 -0.1720173 0 0.2189312 -0.1720173 0 -0.2189312 -0.1720173 0 -0.2345691 -0.1720173 0 0.2345691 -0.1720173 0 -0.2032933 -0.1720173 0 0.2502071 -0.1720173 0 0.2502071 -0.1720173 0.02499997 0 -0.1720173 0.02499997 0.1251035 -0.1720173 0.02499997 -0.1251035 -0.1720173 0.02499997 -0.1876553 -0.1720173 0.02499997 -0.06255173 -0.1720173 0.02499997 0.06255173 -0.1720173 0.02499997 0.1876553 -0.1720173 0.02499997 0.2189312 -0.1720173 0.02499997 -0.2189312 -0.1720173 0.02499997 -0.09382766 0 0 -0.09382766 -0.2502071 0.02499997 -0.2032933 -0.1720173 0.02499997 0.2032933 0.2502071 0 0.2032933 0.2502071 0.02499997 0.2032933 0 0.02499997 0.2032933 -0.2502071 0 0.2032933 -0.2502071 0.02499997 0.2032933 0 0 0.2032933 -0.1251035 0.02499997 0.2032933 -0.1251035 0 0.2032933 -0.1876553 0 0.2032933 -0.1876553 0.02499997 0.2032933 -0.2189312 0.02499997 0.2032933 -0.2189312 0 0.2032933 -0.2345691 0 -0.09382766 -0.2502071 0 0.2032933 0.1251035 0 0.2032933 0.1251035 0.02499997 0.2032933 0.1876553 0 0.2032933 0.1876553 0.02499997 0.2032933 0.2189312 0 0.2032933 0.2189312 0.02499997 0.2032933 0.2345691 0 -0.09382766 0 0.02499997 0.2032933 0.2032933 0.02499997 0.2032933 0.2032933 0 0.2032933 -0.1563794 0 0.2032933 -0.1563794 0.02499997 0.2032933 -0.2032933 0.02499997 0.2032933 -0.2032933 0 0.2032933 -0.1720173 0.02499997 0.2032933 -0.1720173 0 0.2502071 -0.1407415 0 0.2502071 -0.1407415 0.02499997 0.01984739 -0.1407415 0.02499997 0.1251035 -0.1407415 0.02499997 -0.1251035 -0.1407415 0.02499997 -0.1876553 -0.1407415 0.02499997 -0.06255173 -0.1407415 0.02499997 0.1876553 -0.1407415 0.02499997 0.2189312 -0.1407415 0.02499997 -0.2189312 -0.1407415 0.02499997 -0.09382766 0.2502071 0.02499997 -0.09382766 0.2502071 0 -0.2032933 -0.1407415 0.02499997 -0.2502071 -0.1407415 0 -0.2502071 -0.1407415 0.02499997 0 -0.1407415 0 0.1251035 -0.1407415 0 -0.1251035 -0.1407415 0 -0.1876553 -0.1407415 0 -0.06255173 -0.1407415 0 0.06255173 -0.1407415 0 0.1876553 -0.1407415 0 0.2189312 -0.1407415 0 -0.2189312 -0.1407415 0 -0.2345691 -0.1407415 0 0.2345691 -0.1407415 0 -0.2032933 -0.1407415 0 0.2032933 -0.1407415 0 0.2032933 -0.1407415 0.02499997 0 -0.2365786 0.02499997 0 -0.2325597 0.02499997 0.1251035 -0.2365786 0.02499997 0.1251035 -0.2325597 0.02499997 -0.1251035 -0.2365786 0.02499997 -0.1251035 -0.2325597 0.02499997 -0.1876553 -0.2325597 0.02499997 -0.1876553 -0.2365786 0.02499997 -0.06255173 -0.2325597 0.02499997 -0.06255173 -0.2365786 0.02499997 0.06255173 -0.2325597 0.02499997 0.06255173 -0.2365786 0.02499997 0.1876553 -0.2365786 0.02499997 0.1876553 -0.2325597 0.02499997 0.2189312 -0.2325597 0.02499997 0.2189312 -0.2365786 0.02499997 -0.2189312 -0.2325597 0.02499997 -0.2189312 -0.2365786 0.02499997 -0.2325597 0 0.02499997 -0.2365786 0 0.02499997 -0.2325597 -0.1251035 0.02499997 -0.2365786 -0.1251035 0.02499997 -0.2325597 -0.1876553 0.02499997 -0.2365786 -0.1876553 0.02499997 -0.2325597 -0.2189312 0.02499997 -0.2365786 -0.2189312 0.02499997 -0.2325597 -0.2325597 0.02499997 -0.2365786 -0.2365786 0.02499997 0.2365786 0 0.02499997 0.2325597 0 0.02499997 0.2365786 -0.1251035 0.02499997 0.2325597 -0.1251035 0.02499997 0.2365786 -0.1876553 0.02499997 0.2325597 -0.1876553 0.02499997 0.2365786 -0.2189312 0.02499997 0.2325597 -0.2189312 0.02499997 0.2325597 -0.2325597 0.02499997 0.2365786 -0.2365786 0.02499997 -0.2325597 0.1251035 0.02499997 -0.2365786 0.1251035 0.02499997 0.2365786 0.1251035 0.02499997 0.2325597 0.1251035 0.02499997 -0.2325597 0.1876553 0.02499997 -0.2365786 0.1876553 0.02499997 0.2365786 0.1876553 0.02499997 0.2325597 0.1876553 0.02499997 -0.2325597 0.2189312 0.02499997 -0.2365786 0.2189312 0.02499997 0.2365786 0.2189312 0.02499997 0.2325597 0.2189312 0.02499997 0 0.2365786 0.02499997 0 0.2325597 0.02499997 0.1251035 0.2365786 0.02499997 0.1251035 0.2325597 0.02499997 -0.1251035 0.2365786 0.02499997 -0.1251035 0.2325597 0.02499997 -0.1876553 0.2365786 0.02499997 -0.1876553 0.2325597 0.02499997 -0.06255173 0.2325597 0.02499997 -0.06255173 0.2365786 0.02499997 0.06255173 0.2325597 0.02499997 0.06255173 0.2365786 0.02499997 0.1876553 0.2365786 0.02499997 0.1876553 0.2325597 0.02499997 0.2189312 0.2365786 0.02499997 0.2189312 0.2325597 0.02499997 -0.2189312 0.2325597 0.02499997 -0.2189312 0.2365786 0.02499997 -0.2325597 0.2325597 0.02499997 -0.2365786 0.2365786 0.02499997 0.2365786 0.2365786 0.02499997 0.2325597 0.2325597 0.02499997 -0.2365786 0.2032933 0.02499997 -0.2325597 0.2032933 0.02499997 0.2325597 0.2032933 0.02499997 0.2365786 0.2032933 0.02499997 -0.2032933 -0.2365786 0.02499997 -0.2032933 -0.2325597 0.02499997 -0.2032933 0.2325597 0.02499997 -0.2032933 0.2365786 0.02499997 -0.2325597 -0.1563794 0.02499997 -0.2365786 -0.1563794 0.02499997 0.2365786 -0.1563794 0.02499997 0.2325597 -0.1563794 0.02499997 -0.2365786 -0.2032933 0.02499997 -0.2325597 -0.2032933 0.02499997 0.2325597 -0.2032933 0.02499997 0.2365786 -0.2032933 0.02499997 -0.2365786 -0.1720173 0.02499997 -0.2325597 -0.1720173 0.02499997 0.2325597 -0.1720173 0.02499997 0.2365786 -0.1720173 0.02499997 0.2032933 -0.2365786 0.02499997 0.2032933 -0.2325597 0.02499997 0.2032933 0.2325597 0.02499997 0.2032933 0.2365786 0.02499997 -0.2365786 -0.1407415 0.02499997 -0.2325597 -0.1407415 0.02499997 0.2325597 -0.1407415 0.02499997 0.2365786 -0.1407415 0.02499997 -0.03127586 0.1876553 0.02499997 -0.03127586 0.2189312 0 -0.03127586 0.2189312 0.02499997 -0.03127586 0.2345691 0 -0.03127586 0.2032933 0.02499997 -0.03127586 0.2032933 0 -0.03127586 -0.1563794 0 -0.01142847 -0.1563794 0.02499997 -0.03127586 -0.2032933 0.02499997 -0.03127586 -0.2032933 0 -0.03127586 -0.1720173 0.02499997 -0.03127586 -0.1720173 0 -0.03127586 -0.1407415 0 -0.01142847 -0.1407415 0.02499997 -0.03127586 -0.2325597 0.02499997 -0.03127586 -0.2365786 0.02499997 -0.03127586 0.2365786 0.02499997 -0.03127586 0.2325597 0.02499997 -0.01142847 0.1563794 0.02499997 -0.09382766 0.1563794 0 -0.03127586 0.1563794 0 -0.2502071 0.1563794 0 -0.2502071 0.1563794 0.02499997 0 0.1563794 0 0.1251035 0.1563794 0 -0.1251035 0.1563794 0 -0.1876553 0.1563794 0 -0.06255173 0.1563794 0 0.06255173 0.1563794 0 0.1876553 0.1563794 0 0.2189312 0.1563794 0 -0.2189312 0.1563794 0 -0.2345691 0.1563794 0 0.2345691 0.1563794 0 0.2502071 0.1563794 0 0.2502071 0.1563794 0.02499997 0.01984739 0.1563794 0.02499997 0.1251035 0.1563794 0.02499997 -0.1251035 0.1563794 0.02499997 -0.1876553 0.1563794 0.02499997 -0.06255173 0.1563794 0.02499997 0.06255173 0.1563794 0.02499997 0.1876553 0.1563794 0.02499997 0.2189312 0.1563794 0.02499997 -0.2189312 0.1563794 0.02499997 -0.09382766 0.1563794 0.02499997 -0.2032933 0.1563794 0.02499997 -0.2032933 0.1563794 0 0.2032933 0.1563794 0.02499997 0.2032933 0.1563794 0 -0.2325597 0.1563794 0.02499997 -0.2365786 0.1563794 0.02499997 0.2365786 0.1563794 0.02499997 0.2325597 0.1563794 0.02499997 -0.09382766 -0.06255173 0.02499997 0.2502071 -0.06255173 0 0.2502071 -0.06255173 0.02499997 0.01984739 -0.06255173 0.02499997 0.1251035 -0.06255173 0.02499997 -0.1251035 -0.06255173 0.02499997 -0.1876553 -0.06255173 0.02499997 -0.06255173 -0.06255173 0.02499997 0.1876553 -0.06255173 0.02499997 0.2189312 -0.06255173 0.02499997 -0.2189312 -0.06255173 0.02499997 -0.2502071 -0.06255173 0 -0.2502071 -0.06255173 0.02499997 0 -0.06255173 0 0.1251035 -0.06255173 0 -0.1251035 -0.06255173 0 -0.1876553 -0.06255173 0 -0.06255173 -0.06255173 0 0.06255173 -0.06255173 0 0.1876553 -0.06255173 0 0.2189312 -0.06255173 0 -0.2189312 -0.06255173 0 -0.01142847 -0.06255173 0.02499997 -0.03127586 -0.06255173 0 -0.2345691 -0.06255173 0 0.2345691 -0.06255173 0 -0.09382766 -0.06255173 0 -0.2032933 -0.06255173 0.02499997 -0.2032933 -0.06255173 0 0.2032933 -0.06255173 0.02499997 0.2032933 -0.06255173 0 -0.2325597 -0.06255173 0.02499997 -0.2365786 -0.06255173 0.02499997 0.2365786 -0.06255173 0.02499997 0.2325597 -0.06255173 0.02499997 -0.09382766 -0.03127586 0.02499997 0.2502071 -0.03127586 0 0.2502071 -0.03127586 0.02499997 0.01984739 -0.03127586 0.02499997 0.1251035 -0.03127586 0.02499997 -0.1251035 -0.03127586 0.02499997 -0.1876553 -0.03127586 0.02499997 -0.06255173 -0.03127586 0.02499997 0.1876553 -0.03127586 0.02499997 0.2189312 -0.03127586 0.02499997 -0.2189312 -0.03127586 0.02499997 -0.01142847 -0.03127586 0.02499997 -0.2032933 -0.03127586 0.02499997 0.2032933 -0.03127586 0.02499997 -0.2325597 -0.03127586 0.02499997 0.2365786 -0.03127586 0.02499997 -0.2502071 -0.03127586 0 -0.2502071 -0.03127586 0.02499997 0 -0.03127586 0 0.1251035 -0.03127586 0 -0.1251035 -0.03127586 0 -0.1876553 -0.03127586 0 -0.06255173 -0.03127586 0 0.06255173 -0.03127586 0 0.1876553 -0.03127586 0 0.2189312 -0.03127586 0 -0.2189312 -0.03127586 0 -0.03127586 -0.03127586 0 -0.2345691 -0.03127586 0 0.2345691 -0.03127586 0 -0.09382766 -0.03127586 0 -0.2032933 -0.03127586 0 0.2032933 -0.03127586 0 -0.2365786 -0.03127586 0.02499997 0.2325597 -0.03127586 0.02499997 -0.2502071 0.06255173 0 -0.2502071 0.06255173 0.02499997 0 0.06255173 0 0.1251035 0.06255173 0 -0.1251035 0.06255173 0 -0.09382766 0.06255173 0.02499997 -0.1876553 0.06255173 0 -0.06255173 0.06255173 0 0.06255173 0.06255173 0 0.1876553 0.06255173 0 0.2189312 0.06255173 0 -0.2189312 0.06255173 0 -0.03127586 0.06255173 0 -0.01142847 0.06255173 0.02499997 -0.2345691 0.06255173 0 0.2345691 0.06255173 0 0.2502071 0.06255173 0 0.2502071 0.06255173 0.02499997 0.01984739 0.06255173 0.02499997 0.1251035 0.06255173 0.02499997 -0.1251035 0.06255173 0.02499997 -0.1876553 0.06255173 0.02499997 -0.06255173 0.06255173 0.02499997 0.1876553 0.06255173 0.02499997 0.2189312 0.06255173 0.02499997 -0.2189312 0.06255173 0.02499997 -0.09382766 0.06255173 0 -0.2032933 0.06255173 0.02499997 -0.2032933 0.06255173 0 0.2032933 0.06255173 0.02499997 0.2032933 0.06255173 0 -0.2325597 0.06255173 0.02499997 -0.2365786 0.06255173 0.02499997 0.2365786 0.06255173 0.02499997 0.2325597 0.06255173 0.02499997 -0.2502071 0.03127586 0 -0.2502071 0.03127586 0.02499997 0 0.03127586 0 0.1251035 0.03127586 0 -0.1251035 0.03127586 0 -0.1876553 0.03127586 0 -0.06255173 0.03127586 0 0.06255173 0.03127586 0 0.1876553 0.03127586 0 0.2189312 0.03127586 0 -0.2189312 0.03127586 0 -0.03127586 0.03127586 0 -0.2345691 0.03127586 0 0.2345691 0.03127586 0 -0.09382766 0.03127586 0 -0.2032933 0.03127586 0 0.2032933 0.03127586 0 -0.2365786 0.03127586 0.02499997 0.2325597 0.03127586 0.02499997 -0.09382766 0.03127586 0.02499997 -0.01142847 0.03127586 0.02499997 0.2502071 0.03127586 0 0.2502071 0.03127586 0.02499997 0.01984739 0.03127586 0.02499997 0.1251035 0.03127586 0.02499997 -0.1251035 0.03127586 0.02499997 -0.1876553 0.03127586 0.02499997 -0.06255173 0.03127586 0.02499997 0.1876553 0.03127586 0.02499997 0.2189312 0.03127586 0.02499997 -0.2189312 0.03127586 0.02499997 -0.2032933 0.03127586 0.02499997 0.2032933 0.03127586 0.02499997 -0.2325597 0.03127586 0.02499997 0.2365786 0.03127586 0.02499997 -0.09382766 0.09382766 0.02499997 -0.01142847 0.09382766 0.02499997 0.2502071 0.09382766 0 0.2502071 0.09382766 0.02499997 0.01984739 0.09382766 0.02499997 0.1251035 0.09382766 0.02499997 -0.1251035 0.09382766 0.02499997 -0.1876553 0.09382766 0.02499997 -0.06255173 0.09382766 0.02499997 0.1876553 0.09382766 0.02499997 0.2189312 0.09382766 0.02499997 -0.2189312 0.09382766 0.02499997 -0.2032933 0.09382766 0.02499997 0.2032933 0.09382766 0.02499997 -0.2325597 0.09382766 0.02499997 0.2365786 0.09382766 0.02499997 -0.2502071 0.09382766 0 -0.2502071 0.09382766 0.02499997 0 0.09382766 0 0.1251035 0.09382766 0 -0.1251035 0.09382766 0 -0.1876553 0.09382766 0 -0.06255173 0.09382766 0 0.06255173 0.09382766 0 0.1876553 0.09382766 0 0.2189312 0.09382766 0 -0.2189312 0.09382766 0 -0.03127586 0.09382766 0 -0.2345691 0.09382766 0 0.2345691 0.09382766 0 -0.09382766 0.09382766 0 -0.2032933 0.09382766 0 0.2032933 0.09382766 0 -0.2365786 0.09382766 0.02499997 0.2325597 0.09382766 0.02499997 -0.2502071 -0.09382766 0 -0.2502071 -0.09382766 0.02499997 0 -0.09382766 0 0.1251035 -0.09382766 0 -0.1251035 -0.09382766 0 -0.1876553 -0.09382766 0 -0.06255173 -0.09382766 0 0.06255173 -0.09382766 0 0.1876553 -0.09382766 0 0.2189312 -0.09382766 0 -0.2189312 -0.09382766 0 -0.03127586 -0.09382766 0 -0.2345691 -0.09382766 0 0.2345691 -0.09382766 0 -0.09382766 -0.09382766 0 -0.2032933 -0.09382766 0 0.2032933 -0.09382766 0 -0.2365786 -0.09382766 0.02499997 0.2325597 -0.09382766 0.02499997 -0.09382766 -0.09382766 0.02499997 0.2502071 -0.09382766 0 0.2502071 -0.09382766 0.02499997 0.01984739 -0.09382766 0.02499997 0.1251035 -0.09382766 0.02499997 -0.1251035 -0.09382766 0.02499997 -0.1876553 -0.09382766 0.02499997 -0.06255173 -0.09382766 0.02499997 0.1876553 -0.09382766 0.02499997 0.2189312 -0.09382766 0.02499997 -0.2189312 -0.09382766 0.02499997 -0.01142847 -0.09382766 0.02499997 -0.2032933 -0.09382766 0.02499997 0.2032933 -0.09382766 0.02499997 -0.2325597 -0.09382766 0.02499997 0.2365786 -0.09382766 0.02499997 -0.2502071 -0.1094656 0 -0.2502071 -0.1094656 0.02499997 0 -0.1094656 0 0.1251035 -0.1094656 0 -0.1251035 -0.1094656 0 -0.1876553 -0.1094656 0 -0.06255173 -0.1094656 0 0.06255173 -0.1094656 0 0.1876553 -0.1094656 0 0.2189312 -0.1094656 0 -0.2189312 -0.1094656 0 -0.03127586 -0.1094656 0 -0.2345691 -0.1094656 0 0.2345691 -0.1094656 0 -0.09382766 -0.1094656 0 -0.2032933 -0.1094656 0 0.2032933 -0.1094656 0 -0.2365786 -0.1094656 0.02499997 0.2325597 -0.1094656 0.02499997 -0.09382766 -0.1094656 0.02499997 0.2502071 -0.1094656 0 0.2502071 -0.1094656 0.02499997 0.01984739 -0.1094656 0.02499997 0.1251035 -0.1094656 0.02499997 -0.1251035 -0.1094656 0.02499997 -0.1876553 -0.1094656 0.02499997 -0.06255173 -0.1094656 0.02499997 0.1876553 -0.1094656 0.02499997 0.2189312 -0.1094656 0.02499997 -0.2189312 -0.1094656 0.02499997 -0.01142847 -0.1094656 0.02499997 -0.2032933 -0.1094656 0.02499997 0.2032933 -0.1094656 0.02499997 -0.2325597 -0.1094656 0.02499997 0.2365786 -0.1094656 0.02499997 -0.09382766 -0.07818973 0.02499997 0.2502071 -0.07818973 0 0.2502071 -0.07818973 0.02499997 0.1251035 -0.07818973 0.02499997 -0.1251035 -0.07818973 0.02499997 -0.1876553 -0.07818973 0.02499997 -0.06255173 -0.07818973 0.02499997 0.1876553 -0.07818973 0.02499997 0.2189312 -0.07818973 0.02499997 -0.2189312 -0.07818973 0.02499997 -0.01142847 -0.07818973 0.02499997 -0.2032933 -0.07818973 0.02499997 0.2032933 -0.07818973 0.02499997 -0.2325597 -0.07818973 0.02499997 0.2365786 -0.07818973 0.02499997 -0.2502071 -0.07818973 0 -0.2502071 -0.07818973 0.02499997 0 -0.07818973 0 0.1251035 -0.07818973 0 -0.1251035 -0.07818973 0 -0.1876553 -0.07818973 0 -0.06255173 -0.07818973 0 0.06255173 -0.07818973 0 0.1876553 -0.07818973 0 0.2189312 -0.07818973 0 -0.2189312 -0.07818973 0 -0.03127586 -0.07818973 0 -0.2345691 -0.07818973 0 0.2345691 -0.07818973 0 -0.09382766 -0.07818973 0 -0.2032933 -0.07818973 0 0.2032933 -0.07818973 0 -0.2365786 -0.07818973 0.02499997 0.2325597 -0.07818973 0.02499997 0.03127586 0.2502071 0 0.03127586 0.2502071 0.02499997 0.03127586 -0.2502071 0 0.03127586 -0.2502071 0.02499997 0.03127586 0 0 0.03127586 -0.1251035 0 0.03127586 -0.1876553 0.02499997 0.03127586 -0.1876553 0 0.03127586 -0.2189312 0 0.03127586 -0.2189312 0.02499997 0.03127586 -0.2345691 0 0.03127586 0.1251035 0 0.03127586 0.1876553 0.02499997 0.03127586 0.1876553 0 0.03127586 0.2189312 0.02499997 0.03127586 0.2189312 0 0.03127586 0.2345691 0 0.03127586 0.2032933 0 0.03127586 0.2032933 0.02499997 0.03127586 -0.1563794 0.02499997 0.03127586 -0.1563794 0 0.03127586 -0.2032933 0 0.03127586 -0.2032933 0.02499997 0.03127586 -0.1720173 0 0.03127586 -0.1720173 0.02499997 0.03127586 -0.1407415 0 0.03127586 -0.2325597 0.02499997 0.03127586 -0.2365786 0.02499997 0.03127586 0.2365786 0.02499997 0.03127586 0.2325597 0.02499997 0.03127586 0.1563794 0 0.03127586 0.1563794 0.02499997 0.03127586 -0.06255173 0 0.03127586 -0.03127586 0 0.03127586 0.06255173 0 0.03127586 0.03127586 0 0.03127586 0.09382766 0 0.03127586 -0.09382766 0 0.03127586 -0.1094656 0 0.03127586 -0.07818973 0 0.0469138 -0.2502071 0 0.0469138 -0.2502071 0.02499997 0.0469138 0 0 0.0469138 -0.1251035 0 0.0469138 -0.1876553 0 0.0469138 -0.2189312 0 0.0469138 -0.2345691 0 0.0469138 0.1251035 0 0.0469138 0.1876553 0 0.0469138 0.2189312 0 0.0469138 0.2345691 0 0.0469138 0.2032933 0 0.0469138 -0.1563794 0 0.0469138 -0.2032933 0 0.0469138 -0.1720173 0 0.0469138 -0.1407415 0 0.0469138 -0.2365786 0.02499997 0.0469138 0.2325597 0.02499997 0.0469138 0.1563794 0 0.0469138 -0.06255173 0 0.0469138 -0.03127586 0 0.0469138 0.06255173 0 0.0469138 0.03127586 0 0.0469138 0.09382766 0 0.0469138 -0.09382766 0 0.0469138 -0.1094656 0 0.0469138 -0.07818973 0 0.0469138 0.2502071 0 0.0469138 0.2502071 0.02499997 0.0469138 -0.1876553 0.02499997 0.0469138 -0.2189312 0.02499997 0.0469138 0.1876553 0.02499997 0.0469138 0.2189312 0.02499997 0.0469138 0.2032933 0.02499997 0.0469138 -0.1563794 0.02499997 0.0469138 -0.2032933 0.02499997 0.0469138 -0.1720173 0.02499997 0.0469138 -0.2325597 0.02499997 0.0469138 0.2365786 0.02499997 0.0469138 0.1563794 0.02499997 0.09382766 -0.2502071 0 0.09382766 -0.2502071 0.02499997 0.09382766 0 0 0.09382766 0.2502071 0 0.09382766 0.2502071 0.02499997 0.09382766 -0.1251035 0 0.09382766 -0.1876553 0 0.09382766 -0.1876553 0.02499997 0.09382766 -0.2189312 0.02499997 0.09382766 -0.2189312 0 0.09382766 -0.2345691 0 0.09382766 0.1251035 0 0.09382766 0.1876553 0 0.09382766 0.1876553 0.02499997 0.09382766 0.2189312 0 0.09382766 0.2189312 0.02499997 0.09382766 0.2345691 0 0.09382766 0.2032933 0.02499997 0.09382766 0.2032933 0 0.09382766 -0.1563794 0 0.09382766 -0.1563794 0.02499997 0.09382766 -0.2032933 0.02499997 0.09382766 -0.2032933 0 0.09382766 -0.1720173 0.02499997 0.09382766 -0.1720173 0 0.09382766 -0.1407415 0 0.09382766 -0.2325597 0.02499997 0.09382766 -0.2365786 0.02499997 0.09382766 0.2365786 0.02499997 0.09382766 0.2325597 0.02499997 0.09382766 0.1563794 0.02499997 0.09382766 0.1563794 0 0.09382766 -0.06255173 0 0.09382766 -0.03127586 0 0.09382766 0.06255173 0 0.09382766 0.03127586 0 0.09382766 0.09382766 0 0.09382766 -0.09382766 0 0.09382766 -0.1094656 0 0.09382766 -0.07818973 0 0.07818973 0.2502071 0 0.07818973 0.2502071 0.02499997 0.07818973 -0.1876553 0.02499997 0.07818973 -0.2189312 0.02499997 0.07818973 0.1876553 0.02499997 0.07818973 0.2189312 0.02499997 0.07818973 0.2032933 0.02499997 0.07818973 -0.1563794 0.02499997 0.07818973 -0.2032933 0.02499997 0.07818973 -0.1720173 0.02499997 0.07818973 -0.2325597 0.02499997 0.07818973 0.2365786 0.02499997 0.07818973 0.1563794 0.02499997 0.07818973 -0.2502071 0 0.07818973 -0.2502071 0.02499997 0.07818973 0 0 0.07818973 -0.1251035 0 0.07818973 -0.1876553 0 0.07818973 -0.2189312 0 0.07818973 -0.2345691 0 0.07818973 0.1251035 0 0.07818973 0.1876553 0 0.07818973 0.2189312 0 0.07818973 0.2345691 0 0.07818973 0.2032933 0 0.07818973 -0.1563794 0 0.07818973 -0.2032933 0 0.07818973 -0.1720173 0 0.07818973 -0.1407415 0 0.07818973 -0.2365786 0.02499997 0.07818973 0.2325597 0.02499997 0.07818973 0.1563794 0 0.07818973 -0.06255173 0 0.07818973 -0.03127586 0 0.07818973 0.06255173 0 0.07818973 0.03127586 0 0.07818973 0.09382766 0 0.07818973 -0.09382766 0 0.07818973 -0.1094656 0 0.07818973 -0.07818973 0 0.07037073 0.2502071 0 0.07037073 0.2502071 0.02499997 0.07037073 -0.1876553 0.02499997 0.07037073 -0.2189312 0.02499997 0.07037073 0.1876553 0.02499997 0.07037073 0.2189312 0.02499997 0.07037073 0.2032933 0.02499997 0.07037073 -0.1563794 0.02499997 0.07037073 -0.2032933 0.02499997 0.07037073 -0.1720173 0.02499997 0.07037073 -0.2325597 0.02499997 0.07037073 0.2365786 0.02499997 0.07037073 0.1563794 0.02499997 0.07037073 -0.2502071 0 0.07037073 -0.2502071 0.02499997 0.07037073 0 0 0.07037073 -0.1251035 0 0.07037073 -0.1876553 0 0.07037073 -0.2189312 0 0.07037073 -0.2345691 0 0.07037073 0.1251035 0 0.07037073 0.1876553 0 0.07037073 0.2189312 0 0.07037073 0.2345691 0 0.07037073 0.2032933 0 0.07037073 -0.1563794 0 0.07037073 -0.2032933 0 0.07037073 -0.1720173 0 0.07037073 -0.1407415 0 0.07037073 -0.2365786 0.02499997 0.07037073 0.2325597 0.02499997 0.07037073 0.1563794 0 0.07037073 -0.06255173 0 0.07037073 -0.03127586 0 0.07037073 0.06255173 0 0.07037073 0.03127586 0 0.07037073 0.09382766 0 0.07037073 -0.09382766 0 0.07037073 -0.1094656 0 0.07037073 -0.07818973 0 0.08600866 -0.2502071 0 0.08600866 -0.2502071 0.02499997 0.08600866 0 0 0.08600866 -0.1251035 0 0.08600866 -0.1876553 0 0.08600866 -0.2189312 0 0.08600866 -0.2345691 0 0.08600866 0.1251035 0 0.08600866 0.1876553 0 0.08600866 0.2189312 0 0.08600866 0.2345691 0 0.08600866 0.2032933 0 0.08600866 -0.1563794 0 0.08600866 -0.2032933 0 0.08600866 -0.1720173 0 0.08600866 -0.1407415 0 0.08600866 -0.2365786 0.02499997 0.08600866 0.2325597 0.02499997 0.08600866 0.1563794 0 0.08600866 -0.06255173 0 0.08600866 -0.03127586 0 0.08600866 0.06255173 0 0.08600866 0.03127586 0 0.08600866 0.09382766 0 0.08600866 -0.09382766 0 0.08600866 -0.1094656 0 0.08600866 -0.07818973 0 0.08600866 0.2502071 0 0.08600866 0.2502071 0.02499997 0.08600866 -0.1876553 0.02499997 0.08600866 -0.2189312 0.02499997 0.08600866 0.1876553 0.02499997 0.08600866 0.2189312 0.02499997 0.08600866 0.2032933 0.02499997 0.08600866 -0.1563794 0.02499997 0.08600866 -0.2032933 0.02499997 0.08600866 -0.1720173 0.02499997 0.08600866 -0.2325597 0.02499997 0.08600866 0.2365786 0.02499997 0.08600866 0.1563794 0.02499997 0.1094656 -0.2502071 0 0.1094656 -0.2502071 0.02499997 0.1094656 0 0 0.1094656 -0.1251035 0 0.1094656 -0.1876553 0 0.1094656 -0.2189312 0 0.1094656 -0.2345691 0 0.1094656 0.1251035 0 0.1094656 0.1876553 0 0.1094656 0.2189312 0 0.1094656 0.2345691 0 0.1094656 0.2032933 0 0.1094656 -0.1563794 0 0.1094656 -0.2032933 0 0.1094656 -0.1720173 0 0.1094656 -0.1407415 0 0.1094656 -0.2365786 0.02499997 0.1094656 0.2325597 0.02499997 0.1094656 0.1563794 0 0.1094656 -0.06255173 0 0.1094656 -0.03127586 0 0.1094656 0.06255173 0 0.1094656 0.03127586 0 0.1094656 0.09382766 0 0.1094656 -0.09382766 0 0.1094656 -0.1094656 0 0.1094656 -0.07818973 0 0.1094656 0.2502071 0 0.1094656 0.2502071 0.02499997 0.1094656 0 0.02499997 0.1094656 -0.1251035 0.02499997 0.1094656 -0.1876553 0.02499997 0.1094656 -0.2189312 0.02499997 0.1094656 0.1251035 0.02499997 0.1094656 0.1876553 0.02499997 0.1094656 0.2189312 0.02499997 0.1094656 0.2032933 0.02499997 0.1094656 -0.1563794 0.02499997 0.1094656 -0.2032933 0.02499997 0.1094656 -0.1720173 0.02499997 0.1094656 -0.1407415 0.02499997 0.1094656 -0.2325597 0.02499997 0.1094656 0.2365786 0.02499997 0.1094656 0.1563794 0.02499997 0.1094656 -0.06255173 0.02499997 0.1094656 -0.03127586 0.02499997 0.1094656 0.06255173 0.02499997 0.1094656 0.03127586 0.02499997 0.1094656 0.09382766 0.02499997 0.1094656 -0.09382766 0.02499997 0.1094656 -0.1094656 0.02499997 0.1094656 -0.07818973 0.02499997 0.1172845 -0.2502071 0 0.1172845 -0.2502071 0.02499997 0.1172845 0 0 0.1172845 -0.1251035 0 0.1172845 -0.1876553 0 0.1172845 -0.2189312 0 0.1172845 -0.2345691 0 0.1172845 0.1251035 0 0.1172845 0.1876553 0 0.1172845 0.2189312 0 0.1172845 0.2345691 0 0.1172845 0.2032933 0 0.1172845 -0.1563794 0 0.1172845 -0.2032933 0 0.1172845 -0.1720173 0 0.1172845 -0.1407415 0 0.1172845 -0.2365786 0.02499997 0.1172845 0.2325597 0.02499997 0.1172845 0.1563794 0 0.1172845 -0.06255173 0 0.1172845 -0.03127586 0 0.1172845 0.06255173 0 0.1172845 0.03127586 0 0.1172845 0.09382766 0 0.1172845 -0.09382766 0 0.1172845 -0.1094656 0 0.1172845 -0.07818973 0 0.1172845 0.2502071 0 0.1172845 0.2502071 0.02499997 0.1172845 0 0.02499997 0.1172845 -0.1251035 0.02499997 0.1172845 -0.1876553 0.02499997 0.1172845 -0.2189312 0.02499997 0.1172845 0.1251035 0.02499997 0.1172845 0.1876553 0.02499997 0.1172845 0.2189312 0.02499997 0.1172845 0.2032933 0.02499997 0.1172845 -0.1563794 0.02499997 0.1172845 -0.2032933 0.02499997 0.1172845 -0.1720173 0.02499997 0.1172845 -0.1407415 0.02499997 0.1172845 -0.2325597 0.02499997 0.1172845 0.2365786 0.02499997 0.1172845 0.1563794 0.02499997 0.1172845 -0.06255173 0.02499997 0.1172845 -0.03127586 0.02499997 0.1172845 0.06255173 0.02499997 0.1172845 0.03127586 0.02499997 0.1172845 0.09382766 0.02499997 0.1172845 -0.09382766 0.02499997 0.1172845 -0.1094656 0.02499997 0.1172845 -0.07818973 0.02499997 0.1016466 0.2502071 0 0.1016466 0.2502071 0.02499997 0.1016466 -0.1876553 0.02499997 0.1016466 -0.2189312 0.02499997 0.1016466 0.1876553 0.02499997 0.1016466 0.2189312 0.02499997 0.1016466 0.2032933 0.02499997 0.1016466 -0.1563794 0.02499997 0.1016466 -0.2032933 0.02499997 0.1016466 -0.1720173 0.02499997 0.1016466 -0.2325597 0.02499997 0.1016466 0.2365786 0.02499997 0.1016466 0.1563794 0.02499997 0.1016466 -0.2502071 0 0.1016466 -0.2502071 0.02499997 0.1016466 0 0 0.1016466 -0.1251035 0 0.1016466 -0.1876553 0 0.1016466 -0.2189312 0 0.1016466 -0.2345691 0 0.1016466 0.1251035 0 0.1016466 0.1876553 0 0.1016466 0.2189312 0 0.1016466 0.2345691 0 0.1016466 0.2032933 0 0.1016466 -0.1563794 0 0.1016466 -0.2032933 0 0.1016466 -0.1720173 0 0.1016466 -0.1407415 0 0.1016466 -0.2365786 0.02499997 0.1016466 0.2325597 0.02499997 0.1016466 0.1563794 0 0.1016466 -0.06255173 0 0.1016466 -0.03127586 0 0.1016466 0.06255173 0 0.1016466 0.03127586 0 0.1016466 0.09382766 0 0.1016466 -0.09382766 0 0.1016466 -0.1094656 0 0.1016466 -0.07818973 0 -0.03127586 -0.1485605 0 -0.09382766 -0.1485605 0.02499997 -0.09382766 -0.1485605 0 -0.2502071 -0.1485605 0 -0.2502071 -0.1485605 0.02499997 0 -0.1485605 0 0.1251035 -0.1485605 0 -0.1251035 -0.1485605 0 -0.1876553 -0.1485605 0 -0.06255173 -0.1485605 0 0.06255173 -0.1485605 0 0.1876553 -0.1485605 0 0.2189312 -0.1485605 0 -0.2189312 -0.1485605 0 -0.2345691 -0.1485605 0 0.2345691 -0.1485605 0 -0.2032933 -0.1485605 0 -0.01142847 -0.1485605 0.02499997 0.2032933 -0.1485605 0 0.2502071 -0.1485605 0 0.2502071 -0.1485605 0.02499997 0.01984739 -0.1485605 0.02499997 0.1251035 -0.1485605 0.02499997 -0.1251035 -0.1485605 0.02499997 -0.1876553 -0.1485605 0.02499997 -0.06255173 -0.1485605 0.02499997 0.1876553 -0.1485605 0.02499997 0.2189312 -0.1485605 0.02499997 -0.2189312 -0.1485605 0.02499997 -0.2032933 -0.1485605 0.02499997 0.2032933 -0.1485605 0.02499997 -0.2325597 -0.1485605 0.02499997 -0.2365786 -0.1485605 0.02499997 0.2365786 -0.1485605 0.02499997 0.2325597 -0.1485605 0.02499997 0.03127586 -0.1485605 0 0.0469138 -0.1485605 0 0.09382766 -0.1485605 0 0.07818973 -0.1485605 0 0.07037073 -0.1485605 0 0.08600866 -0.1485605 0 0.1094656 -0.1485605 0.02499997 0.1094656 -0.1485605 0 0.1172845 -0.1485605 0.02499997 0.1172845 -0.1485605 0 0.1016466 -0.1485605 0 -0.09382766 -0.1329225 0 0.2502071 -0.1329225 0 0.2502071 -0.1329225 0.02499997 0.01984739 -0.1329225 0.02499997 0.1251035 -0.1329225 0.02499997 -0.1251035 -0.1329225 0.02499997 -0.1876553 -0.1329225 0.02499997 -0.06255173 -0.1329225 0.02499997 0.1876553 -0.1329225 0.02499997 0.2189312 -0.1329225 0.02499997 -0.2189312 -0.1329225 0.02499997 -0.01142847 -0.1329225 0.02499997 -0.03127586 -0.1329225 0 -0.09382766 -0.1329225 0.02499997 -0.2032933 -0.1329225 0.02499997 0.2032933 -0.1329225 0.02499997 -0.2502071 -0.1329225 0 -0.2502071 -0.1329225 0.02499997 0 -0.1329225 0 0.1251035 -0.1329225 0 -0.1251035 -0.1329225 0 -0.1876553 -0.1329225 0 -0.06255173 -0.1329225 0 0.06255173 -0.1329225 0 0.1876553 -0.1329225 0 0.2189312 -0.1329225 0 -0.2189312 -0.1329225 0 -0.2345691 -0.1329225 0 0.2345691 -0.1329225 0 -0.2032933 -0.1329225 0 0.2032933 -0.1329225 0 -0.2325597 -0.1329225 0.02499997 -0.2365786 -0.1329225 0.02499997 0.2365786 -0.1329225 0.02499997 0.2325597 -0.1329225 0.02499997 0.03127586 -0.1329225 0 0.0469138 -0.1329225 0 0.09382766 -0.1329225 0 0.07818973 -0.1329225 0 0.07037073 -0.1329225 0 0.08600866 -0.1329225 0 0.1094656 -0.1329225 0 0.1094656 -0.1329225 0.02499997 0.1172845 -0.1329225 0 0.1172845 -0.1329225 0.02499997 0.1016466 -0.1329225 0 -0.2502071 -0.1172845 0 -0.2502071 -0.1172845 0.02499997 0 -0.1172845 0 0.1251035 -0.1172845 0 -0.1251035 -0.1172845 0 -0.1876553 -0.1172845 0 -0.06255173 -0.1172845 0 0.06255173 -0.1172845 0 0.1876553 -0.1172845 0 0.2189312 -0.1172845 0 -0.2189312 -0.1172845 0 -0.03127586 -0.1172845 0 -0.2345691 -0.1172845 0 0.2345691 -0.1172845 0 -0.09382766 -0.1172845 0 -0.2032933 -0.1172845 0 0.2032933 -0.1172845 0 -0.2365786 -0.1172845 0.02499997 0.2325597 -0.1172845 0.02499997 -0.09382766 -0.1172845 0.02499997 0.2502071 -0.1172845 0 0.2502071 -0.1172845 0.02499997 0.01984739 -0.1172845 0.02499997 0.1251035 -0.1172845 0.02499997 -0.1251035 -0.1172845 0.02499997 -0.1876553 -0.1172845 0.02499997 -0.06255173 -0.1172845 0.02499997 0.1876553 -0.1172845 0.02499997 0.2189312 -0.1172845 0.02499997 -0.2189312 -0.1172845 0.02499997 -0.01142847 -0.1172845 0.02499997 -0.2032933 -0.1172845 0.02499997 0.2032933 -0.1172845 0.02499997 -0.2325597 -0.1172845 0.02499997 0.2365786 -0.1172845 0.02499997 0.03127586 -0.1172845 0 0.0469138 -0.1172845 0 0.09382766 -0.1172845 0 0.07818973 -0.1172845 0 0.07037073 -0.1172845 0 0.08600866 -0.1172845 0 0.1094656 -0.1172845 0 0.1094656 -0.1172845 0.02499997 0.1172845 -0.1172845 0 0.1172845 -0.1172845 0.02499997 0.1016466 -0.1172845 0 -0.09382766 -0.1016466 0.02499997 0.2502071 -0.1016466 0 0.2502071 -0.1016466 0.02499997 0.01984739 -0.1016466 0.02499997 0.1251035 -0.1016466 0.02499997 -0.1251035 -0.1016466 0.02499997 -0.1876553 -0.1016466 0.02499997 -0.06255173 -0.1016466 0.02499997 0.1876553 -0.1016466 0.02499997 0.2189312 -0.1016466 0.02499997 -0.2189312 -0.1016466 0.02499997 -0.01142847 -0.1016466 0.02499997 -0.2032933 -0.1016466 0.02499997 0.2032933 -0.1016466 0.02499997 -0.2325597 -0.1016466 0.02499997 0.2365786 -0.1016466 0.02499997 -0.2502071 -0.1016466 0 -0.2502071 -0.1016466 0.02499997 0 -0.1016466 0 0.1251035 -0.1016466 0 -0.1251035 -0.1016466 0 -0.1876553 -0.1016466 0 -0.06255173 -0.1016466 0 0.06255173 -0.1016466 0 0.1876553 -0.1016466 0 0.2189312 -0.1016466 0 -0.2189312 -0.1016466 0 -0.03127586 -0.1016466 0 -0.2345691 -0.1016466 0 0.2345691 -0.1016466 0 -0.09382766 -0.1016466 0 -0.2032933 -0.1016466 0 0.2032933 -0.1016466 0 -0.2365786 -0.1016466 0.02499997 0.2325597 -0.1016466 0.02499997 0.03127586 -0.1016466 0 0.0469138 -0.1016466 0 0.09382766 -0.1016466 0 0.07818973 -0.1016466 0 0.07037073 -0.1016466 0 0.08600866 -0.1016466 0 0.1094656 -0.1016466 0.02499997 0.1094656 -0.1016466 0 0.1172845 -0.1016466 0.02499997 0.1172845 -0.1016466 0 0.1016466 -0.1016466 0 -0.09382766 0.1094656 0.02499997 -0.01142847 0.1094656 0.02499997 0.2502071 0.1094656 0 0.2502071 0.1094656 0.02499997 0.01984739 0.1094656 0.02499997 0.1251035 0.1094656 0.02499997 -0.1251035 0.1094656 0.02499997 -0.1876553 0.1094656 0.02499997 -0.06255173 0.1094656 0.02499997 0.1876553 0.1094656 0.02499997 0.2189312 0.1094656 0.02499997 -0.2189312 0.1094656 0.02499997 -0.2032933 0.1094656 0.02499997 0.2032933 0.1094656 0.02499997 -0.2325597 0.1094656 0.02499997 0.2365786 0.1094656 0.02499997 -0.2502071 0.1094656 0 -0.2502071 0.1094656 0.02499997 0 0.1094656 0 0.1251035 0.1094656 0 -0.1251035 0.1094656 0 -0.1876553 0.1094656 0 -0.06255173 0.1094656 0 0.06255173 0.1094656 0 0.1876553 0.1094656 0 0.2189312 0.1094656 0 -0.2189312 0.1094656 0 -0.03127586 0.1094656 0 -0.2345691 0.1094656 0 0.2345691 0.1094656 0 -0.09382766 0.1094656 0 -0.2032933 0.1094656 0 0.2032933 0.1094656 0 -0.2365786 0.1094656 0.02499997 0.2325597 0.1094656 0.02499997 0.03127586 0.1094656 0 0.0469138 0.1094656 0 0.09382766 0.1094656 0 0.07818973 0.1094656 0 0.07037073 0.1094656 0 0.08600866 0.1094656 0 0.1094656 0.1094656 0.02499997 0.1094656 0.1094656 0 0.1172845 0.1094656 0.02499997 0.1172845 0.1094656 0 0.1016466 0.1094656 0 -0.09382766 0.1172845 0.02499997 -0.01142847 0.1172845 0.02499997 0.2502071 0.1172845 0 0.2502071 0.1172845 0.02499997 0.01984739 0.1172845 0.02499997 0.1251035 0.1172845 0.02499997 -0.1251035 0.1172845 0.02499997 -0.1876553 0.1172845 0.02499997 -0.06255173 0.1172845 0.02499997 0.1876553 0.1172845 0.02499997 0.2189312 0.1172845 0.02499997 -0.2189312 0.1172845 0.02499997 -0.2032933 0.1172845 0.02499997 0.2032933 0.1172845 0.02499997 -0.2325597 0.1172845 0.02499997 0.2365786 0.1172845 0.02499997 0.1094656 0.1172845 0.02499997 0.1172845 0.1172845 0.02499997 -0.2502071 0.1172845 0 -0.2502071 0.1172845 0.02499997 0 0.1172845 0 0.1251035 0.1172845 0 -0.1251035 0.1172845 0 -0.1876553 0.1172845 0 -0.06255173 0.1172845 0 0.06255173 0.1172845 0 0.1876553 0.1172845 0 0.2189312 0.1172845 0 -0.2189312 0.1172845 0 -0.03127586 0.1172845 0 -0.2345691 0.1172845 0 0.2345691 0.1172845 0 -0.09382766 0.1172845 0 -0.2032933 0.1172845 0 0.2032933 0.1172845 0 -0.2365786 0.1172845 0.02499997 0.2325597 0.1172845 0.02499997 0.03127586 0.1172845 0 0.0469138 0.1172845 0 0.09382766 0.1172845 0 0.07818973 0.1172845 0 0.07037073 0.1172845 0 0.08600866 0.1172845 0 0.1094656 0.1172845 0 0.1172845 0.1172845 0 0.1016466 0.1172845 0 -0.09382766 0.1407415 0 -0.01142847 0.1407415 0.02499997 -0.03127586 0.1407415 0 -0.2502071 0.1407415 0 -0.2502071 0.1407415 0.02499997 0 0.1407415 0 0.1251035 0.1407415 0 -0.1251035 0.1407415 0 -0.1876553 0.1407415 0 -0.06255173 0.1407415 0 0.06255173 0.1407415 0 0.1876553 0.1407415 0 0.2189312 0.1407415 0 -0.2189312 0.1407415 0 -0.2345691 0.1407415 0 0.2345691 0.1407415 0 -0.2032933 0.1407415 0 0.2032933 0.1407415 0 -0.2365786 0.1407415 0.02499997 0.2325597 0.1407415 0.02499997 0.2502071 0.1407415 0 0.2502071 0.1407415 0.02499997 0.01984739 0.1407415 0.02499997 0.1251035 0.1407415 0.02499997 -0.1251035 0.1407415 0.02499997 -0.1876553 0.1407415 0.02499997 -0.06255173 0.1407415 0.02499997 0.1876553 0.1407415 0.02499997 0.2189312 0.1407415 0.02499997 -0.2189312 0.1407415 0.02499997 -0.09382766 0.1407415 0.02499997 -0.2032933 0.1407415 0.02499997 0.2032933 0.1407415 0.02499997 -0.2325597 0.1407415 0.02499997 0.2365786 0.1407415 0.02499997 0.03127586 0.1407415 0 0.0469138 0.1407415 0 0.09382766 0.1407415 0 0.07818973 0.1407415 0 0.07037073 0.1407415 0 0.08600866 0.1407415 0 0.1094656 0.1407415 0 0.1094656 0.1407415 0.02499997 0.1172845 0.1407415 0 0.1172845 0.1407415 0.02499997 0.1016466 0.1407415 0 -0.09382766 0.1329225 0 -0.03127586 0.1329225 0 -0.2502071 0.1329225 0 -0.2502071 0.1329225 0.02499997 0 0.1329225 0 0.1251035 0.1329225 0 -0.1251035 0.1329225 0 -0.1876553 0.1329225 0 -0.06255173 0.1329225 0 0.06255173 0.1329225 0 0.1876553 0.1329225 0 0.2189312 0.1329225 0 -0.2189312 0.1329225 0 -0.2345691 0.1329225 0 0.2345691 0.1329225 0 -0.2032933 0.1329225 0 0.2032933 0.1329225 0 -0.2365786 0.1329225 0.02499997 0.2325597 0.1329225 0.02499997 0.03127586 0.1329225 0 0.0469138 0.1329225 0 0.09382766 0.1329225 0 0.07818973 0.1329225 0 0.07037073 0.1329225 0 0.08600866 0.1329225 0 0.1094656 0.1329225 0 0.1172845 0.1329225 0 0.1016466 0.1329225 0 -0.01142847 0.1329225 0.02499997 0.2502071 0.1329225 0 0.2502071 0.1329225 0.02499997 0.01984739 0.1329225 0.02499997 0.1251035 0.1329225 0.02499997 -0.1251035 0.1329225 0.02499997 -0.1876553 0.1329225 0.02499997 -0.06255173 0.1329225 0.02499997 0.1876553 0.1329225 0.02499997 0.2189312 0.1329225 0.02499997 -0.2189312 0.1329225 0.02499997 -0.09382766 0.1329225 0.02499997 -0.2032933 0.1329225 0.02499997 0.2032933 0.1329225 0.02499997 -0.2325597 0.1329225 0.02499997 0.2365786 0.1329225 0.02499997 0.1094656 0.1329225 0.02499997 0.1172845 0.1329225 0.02499997 -0.01142847 0.1485605 0.02499997 0.2502071 0.1485605 0 0.2502071 0.1485605 0.02499997 0.01984739 0.1485605 0.02499997 0.1251035 0.1485605 0.02499997 -0.1251035 0.1485605 0.02499997 -0.1876553 0.1485605 0.02499997 -0.06255173 0.1485605 0.02499997 0.1876553 0.1485605 0.02499997 0.2189312 0.1485605 0.02499997 -0.2189312 0.1485605 0.02499997 -0.09382766 0.1485605 0.02499997 -0.2032933 0.1485605 0.02499997 0.2032933 0.1485605 0.02499997 -0.2325597 0.1485605 0.02499997 0.2365786 0.1485605 0.02499997 0.1094656 0.1485605 0.02499997 0.1172845 0.1485605 0.02499997 -0.09382766 0.1485605 0 -0.03127586 0.1485605 0 -0.2502071 0.1485605 0 -0.2502071 0.1485605 0.02499997 0 0.1485605 0 0.1251035 0.1485605 0 -0.1251035 0.1485605 0 -0.1876553 0.1485605 0 -0.06255173 0.1485605 0 0.06255173 0.1485605 0 0.1876553 0.1485605 0 0.2189312 0.1485605 0 -0.2189312 0.1485605 0 -0.2345691 0.1485605 0 0.2345691 0.1485605 0 -0.2032933 0.1485605 0 0.2032933 0.1485605 0 -0.2365786 0.1485605 0.02499997 0.2325597 0.1485605 0.02499997 0.03127586 0.1485605 0 0.0469138 0.1485605 0 0.09382766 0.1485605 0 0.07818973 0.1485605 0 0.07037073 0.1485605 0 0.08600866 0.1485605 0 0.1094656 0.1485605 0 0.1172845 0.1485605 0 0.1016466 0.1485605 0 0.05473279 -0.2502071 0 0.05473279 -0.2502071 0.02499997 0.05473279 0 0 0.05473279 -0.1251035 0 0.05473279 -0.1876553 0 0.05473279 -0.2189312 0 0.05473279 -0.2345691 0 0.05473279 0.1251035 0 0.05473279 0.1876553 0 0.05473279 0.2189312 0 0.05473279 0.2345691 0 0.05473279 0.2032933 0 0.05473279 -0.1563794 0 0.05473279 -0.2032933 0 0.05473279 -0.1720173 0 0.05473279 -0.1407415 0 0.05473279 -0.2365786 0.02499997 0.05473279 0.2325597 0.02499997 0.05473279 0.1563794 0 0.05473279 -0.06255173 0 0.05473279 -0.03127586 0 0.05473279 0.06255173 0 0.05473279 0.03127586 0 0.05473279 0.09382766 0 0.05473279 -0.09382766 0 0.05473279 -0.1094656 0 0.05473279 -0.07818973 0 0.05473279 0.2502071 0 0.05473279 0.2502071 0.02499997 0.05473279 -0.1876553 0.02499997 0.05473279 -0.2189312 0.02499997 0.05473279 0.1876553 0.02499997 0.05473279 0.2189312 0.02499997 0.05473279 0.2032933 0.02499997 0.05473279 -0.1563794 0.02499997 0.05473279 -0.2032933 0.02499997 0.05473279 -0.1720173 0.02499997 0.05473279 -0.2325597 0.02499997 0.05473279 0.2365786 0.02499997 0.05473279 0.1563794 0.02499997 0.05473279 -0.1485605 0 0.05473279 -0.1329225 0 0.05473279 -0.1172845 0 0.05473279 -0.1016466 0 0.05473279 0.1094656 0 0.05473279 0.1172845 0 0.05473279 0.1407415 0 0.05473279 0.1329225 0 0.05473279 0.1485605 0 0.03909486 0.2502071 0 0.03909486 0.2502071 0.02499997 0.03909486 -0.1876553 0.02499997 0.03909486 -0.2189312 0.02499997 0.03909486 0.1876553 0.02499997 0.03909486 0.2189312 0.02499997 0.03909486 0.2032933 0.02499997 0.03909486 -0.1563794 0.02499997 0.03909486 -0.2032933 0.02499997 0.03909486 -0.1720173 0.02499997 0.03909486 -0.2325597 0.02499997 0.03909486 0.2365786 0.02499997 0.03909486 0.1563794 0.02499997 0.03909486 -0.2502071 0 0.03909486 -0.2502071 0.02499997 0.03909486 0 0 0.03909486 -0.1251035 0 0.03909486 -0.1876553 0 0.03909486 -0.2189312 0 0.03909486 -0.2345691 0 0.03909486 0.1251035 0 0.03909486 0.1876553 0 0.03909486 0.2189312 0 0.03909486 0.2345691 0 0.03909486 0.2032933 0 0.03909486 -0.1563794 0 0.03909486 -0.2032933 0 0.03909486 -0.1720173 0 0.03909486 -0.1407415 0 0.03909486 -0.2365786 0.02499997 0.03909486 0.2325597 0.02499997 0.03909486 0.1563794 0 0.03909486 -0.06255173 0 0.03909486 -0.03127586 0 0.03909486 0.06255173 0 0.03909486 0.03127586 0 0.03909486 0.09382766 0 0.03909486 -0.09382766 0 0.03909486 -0.1094656 0 0.03909486 -0.07818973 0 0.03909486 -0.1485605 0 0.03909486 -0.1329225 0 0.03909486 -0.1172845 0 0.03909486 -0.1016466 0 0.03909486 0.1094656 0 0.03909486 0.1172845 0 0.03909486 0.1407415 0 0.03909486 0.1329225 0 0.03909486 0.1485605 0 -0.2502071 -0.08600866 0 -0.2502071 -0.08600866 0.02499997 0 -0.08600866 0 0.1251035 -0.08600866 0 -0.1251035 -0.08600866 0 -0.1876553 -0.08600866 0 -0.06255173 -0.08600866 0 0.06255173 -0.08600866 0 0.1876553 -0.08600866 0 0.2189312 -0.08600866 0 -0.2189312 -0.08600866 0 -0.03127586 -0.08600866 0 -0.2345691 -0.08600866 0 0.2345691 -0.08600866 0 -0.09382766 -0.08600866 0 -0.2032933 -0.08600866 0 0.2032933 -0.08600866 0 -0.2365786 -0.08600866 0.02499997 0.2325597 -0.08600866 0.02499997 -0.09382766 -0.08600866 0.02499997 0.2502071 -0.08600866 0 0.2502071 -0.08600866 0.02499997 0.01984739 -0.08600866 0.02499997 0.1251035 -0.08600866 0.02499997 -0.1251035 -0.08600866 0.02499997 -0.1876553 -0.08600866 0.02499997 -0.06255173 -0.08600866 0.02499997 0.1876553 -0.08600866 0.02499997 0.2189312 -0.08600866 0.02499997 -0.2189312 -0.08600866 0.02499997 -0.01142847 -0.08600866 0.02499997 -0.2032933 -0.08600866 0.02499997 0.2032933 -0.08600866 0.02499997 -0.2325597 -0.08600866 0.02499997 0.2365786 -0.08600866 0.02499997 0.03127586 -0.08600866 0 0.0469138 -0.08600866 0 0.09382766 -0.08600866 0 0.07818973 -0.08600866 0 0.07037073 -0.08600866 0 0.08600866 -0.08600866 0 0.1094656 -0.08600866 0.02499997 0.1094656 -0.08600866 0 0.1172845 -0.08600866 0.02499997 0.1172845 -0.08600866 0 0.1016466 -0.08600866 0 0.05473279 -0.08600866 0 0.03909486 -0.08600866 0 -0.09382766 -0.07037073 0.02499997 0.2502071 -0.07037073 0 0.2502071 -0.07037073 0.02499997 0.01984739 -0.07037073 0.02499997 0.1251035 -0.07037073 0.02499997 -0.1251035 -0.07037073 0.02499997 -0.1876553 -0.07037073 0.02499997 -0.06255173 -0.07037073 0.02499997 0.1876553 -0.07037073 0.02499997 0.2189312 -0.07037073 0.02499997 -0.2189312 -0.07037073 0.02499997 -0.01142847 -0.07037073 0.02499997 -0.2032933 -0.07037073 0.02499997 0.2032933 -0.07037073 0.02499997 -0.2325597 -0.07037073 0.02499997 0.2365786 -0.07037073 0.02499997 -0.2502071 -0.07037073 0 -0.2502071 -0.07037073 0.02499997 0 -0.07037073 0 0.1251035 -0.07037073 0 -0.1251035 -0.07037073 0 -0.1876553 -0.07037073 0 -0.06255173 -0.07037073 0 0.06255173 -0.07037073 0 0.1876553 -0.07037073 0 0.2189312 -0.07037073 0 -0.2189312 -0.07037073 0 -0.03127586 -0.07037073 0 -0.2345691 -0.07037073 0 0.2345691 -0.07037073 0 -0.09382766 -0.07037073 0 -0.2032933 -0.07037073 0 0.2032933 -0.07037073 0 -0.2365786 -0.07037073 0.02499997 0.2325597 -0.07037073 0.02499997 0.03127586 -0.07037073 0 0.0469138 -0.07037073 0 0.09382766 -0.07037073 0 0.07818973 -0.07037073 0 0.07037073 -0.07037073 0 0.08600866 -0.07037073 0 0.1094656 -0.07037073 0 0.1094656 -0.07037073 0.02499997 0.1172845 -0.07037073 0 0.1172845 -0.07037073 0.02499997 0.1016466 -0.07037073 0 0.05473279 -0.07037073 0 0.03909486 -0.07037073 0 -0.2502071 -0.0469138 0 -0.2502071 -0.0469138 0.02499997 0 -0.0469138 0 0.1251035 -0.0469138 0 -0.1251035 -0.0469138 0 -0.1876553 -0.0469138 0 -0.06255173 -0.0469138 0 0.06255173 -0.0469138 0 0.1876553 -0.0469138 0 0.2189312 -0.0469138 0 -0.2189312 -0.0469138 0 -0.03127586 -0.0469138 0 -0.2345691 -0.0469138 0 0.2345691 -0.0469138 0 -0.09382766 -0.0469138 0 -0.2032933 -0.0469138 0 0.2032933 -0.0469138 0 -0.2365786 -0.0469138 0.02499997 0.2325597 -0.0469138 0.02499997 -0.09382766 -0.0469138 0.02499997 0.2502071 -0.0469138 0 0.2502071 -0.0469138 0.02499997 0.01984739 -0.0469138 0.02499997 0.1251035 -0.0469138 0.02499997 -0.1251035 -0.0469138 0.02499997 -0.1876553 -0.0469138 0.02499997 -0.06255173 -0.0469138 0.02499997 0.1876553 -0.0469138 0.02499997 0.2189312 -0.0469138 0.02499997 -0.2189312 -0.0469138 0.02499997 -0.01142847 -0.0469138 0.02499997 -0.2032933 -0.0469138 0.02499997 0.2032933 -0.0469138 0.02499997 -0.2325597 -0.0469138 0.02499997 0.2365786 -0.0469138 0.02499997 0.03127586 -0.0469138 0 0.0469138 -0.0469138 0 0.09382766 -0.0469138 0 0.07818973 -0.0469138 0 0.07037073 -0.0469138 0 0.08600866 -0.0469138 0 0.1094656 -0.0469138 0 0.1094656 -0.0469138 0.02499997 0.1172845 -0.0469138 0 0.1172845 -0.0469138 0.02499997 0.1016466 -0.0469138 0 0.05473279 -0.0469138 0 0.03909486 -0.0469138 0 -0.2502071 -0.05473279 0 -0.2502071 -0.05473279 0.02499997 0 -0.05473279 0 0.1251035 -0.05473279 0 -0.1251035 -0.05473279 0 -0.1876553 -0.05473279 0 -0.06255173 -0.05473279 0 0.06255173 -0.05473279 0 0.1876553 -0.05473279 0 0.2189312 -0.05473279 0 -0.2189312 -0.05473279 0 -0.03127586 -0.05473279 0 -0.2345691 -0.05473279 0 0.2345691 -0.05473279 0 -0.09382766 -0.05473279 0 -0.2032933 -0.05473279 0 0.2032933 -0.05473279 0 -0.2365786 -0.05473279 0.02499997 0.2325597 -0.05473279 0.02499997 0.03127586 -0.05473279 0 0.0469138 -0.05473279 0 0.09382766 -0.05473279 0 0.07818973 -0.05473279 0 0.07037073 -0.05473279 0 0.08600866 -0.05473279 0 0.1094656 -0.05473279 0 0.1172845 -0.05473279 0 0.1016466 -0.05473279 0 0.05473279 -0.05473279 0 0.03909486 -0.05473279 0 -0.09382766 -0.05473279 0.02499997 0.2502071 -0.05473279 0 0.2502071 -0.05473279 0.02499997 0.01984739 -0.05473279 0.02499997 0.1251035 -0.05473279 0.02499997 -0.1251035 -0.05473279 0.02499997 -0.1876553 -0.05473279 0.02499997 -0.06255173 -0.05473279 0.02499997 0.1876553 -0.05473279 0.02499997 0.2189312 -0.05473279 0.02499997 -0.2189312 -0.05473279 0.02499997 -0.01142847 -0.05473279 0.02499997 -0.2032933 -0.05473279 0.02499997 0.2032933 -0.05473279 0.02499997 -0.2325597 -0.05473279 0.02499997 0.2365786 -0.05473279 0.02499997 0.1094656 -0.05473279 0.02499997 0.1172845 -0.05473279 0.02499997 -0.1098999 0.2502071 0 -0.1098999 0.2502071 0.02499997 -0.1098999 0 0.02499997 -0.1098999 -0.1251035 0.02499997 -0.1098999 -0.1876553 0.02499997 -0.1098999 -0.2189312 0.02499997 -0.1098999 0.2325597 0.02499997 -0.1098999 0.1251035 0.02499997 -0.1098999 0.1876553 0.02499997 -0.1098999 0.2189312 0.02499997 -0.1098999 -0.1407415 0 -0.1098999 0.2032933 0.02499997 -0.1098999 -0.2365786 0.02499997 -0.1098999 -0.1720173 0 -0.1098999 -0.2032933 0 -0.1098999 -0.1563794 0 -0.1098999 0.2345691 0 -0.1098999 0.2189312 0 -0.1098999 -0.1563794 0.02499997 -0.1098999 0.1251035 0 -0.1098999 -0.2032933 0.02499997 -0.1098999 -0.2345691 0 -0.1098999 -0.1720173 0.02499997 -0.1098999 -0.1876553 0 -0.1098999 -0.2189312 0 -0.1098999 0 0 -0.1098999 -0.1251035 0 -0.1098999 -0.2502071 0.02499997 -0.1098999 0.2032933 0 -0.1098999 0.1876553 0 -0.1098999 -0.2502071 0 -0.1098999 -0.1407415 0.02499997 -0.1098999 -0.2325597 0.02499997 -0.1098999 0.2365786 0.02499997 -0.1098999 0.1563794 0.02499997 -0.1098999 0.1563794 0 -0.1098999 -0.06255173 0.02499997 -0.1098999 -0.06255173 0 -0.1098999 -0.03127586 0.02499997 -0.1098999 -0.03127586 0 -0.1098999 0.06255173 0.02499997 -0.1098999 0.06255173 0 -0.1098999 0.03127586 0 -0.1098999 0.03127586 0.02499997 -0.1098999 0.09382766 0.02499997 -0.1098999 0.09382766 0 -0.1098999 -0.09382766 0 -0.1098999 -0.09382766 0.02499997 -0.1098999 -0.1094656 0.02499997 -0.1098999 -0.1094656 0 -0.1098999 -0.07818973 0 -0.1098999 -0.07818973 0.02499997 -0.1098999 -0.1485605 0.02499997 -0.1098999 -0.1485605 0 -0.1098999 -0.1329225 0 -0.1098999 -0.1329225 0.02499997 -0.1098999 -0.1172845 0 -0.1098999 -0.1172845 0.02499997 -0.1098999 -0.1016466 0.02499997 -0.1098999 -0.1016466 0 -0.1098999 0.1094656 0.02499997 -0.1098999 0.1094656 0 -0.1098999 0.1172845 0.02499997 -0.1098999 0.1172845 0 -0.1098999 0.1407415 0 -0.1098999 0.1407415 0.02499997 -0.1098999 0.1329225 0.02499997 -0.1098999 0.1329225 0 -0.1098999 0.1485605 0 -0.1098999 0.1485605 0.02499997 -0.1098999 -0.08600866 0.02499997 -0.1098999 -0.08600866 0 -0.1098999 -0.07037073 0 -0.1098999 -0.07037073 0.02499997 -0.1098999 -0.0469138 0 -0.1098999 -0.0469138 0.02499997 -0.1098999 -0.05473279 0.02499997 -0.1098999 -0.05473279 0 -0.09382766 -0.03909486 0.02499997 0.2502071 -0.03909486 0 0.2502071 -0.03909486 0.02499997 0.01984739 -0.03909486 0.02499997 0.1251035 -0.03909486 0.02499997 -0.1251035 -0.03909486 0.02499997 -0.1876553 -0.03909486 0.02499997 -0.06255173 -0.03909486 0.02499997 0.1876553 -0.03909486 0.02499997 0.2189312 -0.03909486 0.02499997 -0.2189312 -0.03909486 0.02499997 -0.01142847 -0.03909486 0.02499997 -0.2032933 -0.03909486 0.02499997 0.2032933 -0.03909486 0.02499997 -0.2325597 -0.03909486 0.02499997 0.2365786 -0.03909486 0.02499997 0.1094656 -0.03909486 0.02499997 0.1172845 -0.03909486 0.02499997 -0.2502071 -0.03909486 0 -0.2502071 -0.03909486 0.02499997 0 -0.03909486 0 0.1251035 -0.03909486 0 -0.1251035 -0.03909486 0 -0.1876553 -0.03909486 0 -0.06255173 -0.03909486 0 0.06255173 -0.03909486 0 0.1876553 -0.03909486 0 0.2189312 -0.03909486 0 -0.2189312 -0.03909486 0 -0.03127586 -0.03909486 0 -0.2345691 -0.03909486 0 0.2345691 -0.03909486 0 -0.09382766 -0.03909486 0 -0.2032933 -0.03909486 0 0.2032933 -0.03909486 0 -0.2365786 -0.03909486 0.02499997 0.2325597 -0.03909486 0.02499997 0.03127586 -0.03909486 0 0.0469138 -0.03909486 0 0.09382766 -0.03909486 0 0.07818973 -0.03909486 0 0.07037073 -0.03909486 0 0.08600866 -0.03909486 0 0.1094656 -0.03909486 0 0.1172845 -0.03909486 0 0.1016466 -0.03909486 0 0.05473279 -0.03909486 0 0.03909486 -0.03909486 0 -0.1098999 -0.03909486 0 -0.1098999 -0.03909486 0.02499997 -0.09382766 -0.01563793 0.02499997 0.2502071 -0.01563793 0 0.2502071 -0.01563793 0.02499997 0.01984739 -0.01563793 0.02499997 0.1251035 -0.01563793 0.02499997 -0.1251035 -0.01563793 0.02499997 -0.1876553 -0.01563793 0.02499997 -0.06255173 -0.01563793 0.02499997 0.1876553 -0.01563793 0.02499997 0.2189312 -0.01563793 0.02499997 -0.2189312 -0.01563793 0.02499997 -0.01142847 -0.01563793 0.02499997 -0.2032933 -0.01563793 0.02499997 0.2032933 -0.01563793 0.02499997 -0.2325597 -0.01563793 0.02499997 0.2365786 -0.01563793 0.02499997 -0.2502071 -0.01563793 0 -0.2502071 -0.01563793 0.02499997 0 -0.01563793 0 0.1251035 -0.01563793 0 -0.1251035 -0.01563793 0 -0.1876553 -0.01563793 0 -0.06255173 -0.01563793 0 0.06255173 -0.01563793 0 0.1876553 -0.01563793 0 0.2189312 -0.01563793 0 -0.2189312 -0.01563793 0 -0.03127586 -0.01563793 0 -0.2345691 -0.01563793 0 0.2345691 -0.01563793 0 -0.09382766 -0.01563793 0 -0.2032933 -0.01563793 0 0.2032933 -0.01563793 0 -0.2365786 -0.01563793 0.02499997 0.2325597 -0.01563793 0.02499997 0.03127586 -0.01563793 0 0.0469138 -0.01563793 0 0.09382766 -0.01563793 0 0.07818973 -0.01563793 0 0.07037073 -0.01563793 0 0.08600866 -0.01563793 0 0.1094656 -0.01563793 0.02499997 0.1094656 -0.01563793 0 0.1172845 -0.01563793 0.02499997 0.1172845 -0.01563793 0 0.1016466 -0.01563793 0 0.05473279 -0.01563793 0 0.03909486 -0.01563793 0 -0.1098999 -0.01563793 0.02499997 -0.1098999 -0.01563793 0 -0.2502071 -0.02345687 0 -0.2502071 -0.02345687 0.02499997 0 -0.02345687 0 0.1251035 -0.02345687 0 -0.1251035 -0.02345687 0 -0.1876553 -0.02345687 0 -0.06255173 -0.02345687 0 0.06255173 -0.02345687 0 0.1876553 -0.02345687 0 0.2189312 -0.02345687 0 -0.2189312 -0.02345687 0 -0.03127586 -0.02345687 0 -0.2345691 -0.02345687 0 0.2345691 -0.02345687 0 -0.09382766 -0.02345687 0 -0.2032933 -0.02345687 0 0.2032933 -0.02345687 0 -0.2365786 -0.02345687 0.02499997 0.2325597 -0.02345687 0.02499997 0.03127586 -0.02345687 0 0.0469138 -0.02345687 0 0.09382766 -0.02345687 0 0.07818973 -0.02345687 0 0.07037073 -0.02345687 0 0.08600866 -0.02345687 0 0.1094656 -0.02345687 0 0.1172845 -0.02345687 0 0.1016466 -0.02345687 0 0.05473279 -0.02345687 0 0.03909486 -0.02345687 0 -0.1098999 -0.02345687 0 -0.09382766 -0.02345687 0.02499997 0.2502071 -0.02345687 0 0.2502071 -0.02345687 0.02499997 0.01984739 -0.02345687 0.02499997 0.1251035 -0.02345687 0.02499997 -0.1251035 -0.02345687 0.02499997 -0.1876553 -0.02345687 0.02499997 -0.06255173 -0.02345687 0.02499997 0.1876553 -0.02345687 0.02499997 0.2189312 -0.02345687 0.02499997 -0.2189312 -0.02345687 0.02499997 -0.01142847 -0.02345687 0.02499997 -0.2032933 -0.02345687 0.02499997 0.2032933 -0.02345687 0.02499997 -0.2325597 -0.02345687 0.02499997 0.2365786 -0.02345687 0.02499997 0.1094656 -0.02345687 0.02499997 0.1172845 -0.02345687 0.02499997 -0.1098999 -0.02345687 0.02499997 -0.09382766 -0.007818937 0.02499997 0.2502071 -0.007818937 0 0.2502071 -0.007818937 0.02499997 0.01984739 -0.007818937 0.02499997 0.1251035 -0.007818937 0.02499997 -0.1251035 -0.007818937 0.02499997 -0.1876553 -0.007818937 0.02499997 -0.06255173 -0.007818937 0.02499997 0.1876553 -0.007818937 0.02499997 0.2189312 -0.007818937 0.02499997 -0.2189312 -0.007818937 0.02499997 -0.01142847 -0.007818937 0.02499997 -0.2032933 -0.007818937 0.02499997 0.2032933 -0.007818937 0.02499997 -0.2325597 -0.007818937 0.02499997 0.2365786 -0.007818937 0.02499997 0.1094656 -0.007818937 0.02499997 0.1172845 -0.007818937 0.02499997 -0.1098999 -0.007818937 0.02499997 -0.2502071 -0.007818937 0 -0.2502071 -0.007818937 0.02499997 0 -0.007818937 0 0.1251035 -0.007818937 0 -0.1251035 -0.007818937 0 -0.1876553 -0.007818937 0 -0.06255173 -0.007818937 0 0.06255173 -0.007818937 0 0.1876553 -0.007818937 0 0.2189312 -0.007818937 0 -0.2189312 -0.007818937 0 -0.03127586 -0.007818937 0 -0.2345691 -0.007818937 0 0.2345691 -0.007818937 0 -0.09382766 -0.007818937 0 -0.2032933 -0.007818937 0 0.2032933 -0.007818937 0 -0.2365786 -0.007818937 0.02499997 0.2325597 -0.007818937 0.02499997 0.03127586 -0.007818937 0 0.0469138 -0.007818937 0 0.09382766 -0.007818937 0 0.07818973 -0.007818937 0 0.07037073 -0.007818937 0 0.08600866 -0.007818937 0 0.1094656 -0.007818937 0 0.1172845 -0.007818937 0 0.1016466 -0.007818937 0 0.05473279 -0.007818937 0 0.03909486 -0.007818937 0 -0.1098999 -0.007818937 0 -0.2502071 0.01563793 0 -0.2502071 0.01563793 0.02499997 0 0.01563793 0 0.1251035 0.01563793 0 -0.1251035 0.01563793 0 -0.1876553 0.01563793 0 -0.06255173 0.01563793 0 0.06255173 0.01563793 0 0.1876553 0.01563793 0 0.2189312 0.01563793 0 -0.2189312 0.01563793 0 -0.03127586 0.01563793 0 -0.2345691 0.01563793 0 0.2345691 0.01563793 0 -0.09382766 0.01563793 0 -0.2032933 0.01563793 0 0.2032933 0.01563793 0 -0.2365786 0.01563793 0.02499997 0.2325597 0.01563793 0.02499997 -0.09382766 0.01563793 0.02499997 -0.01142847 0.01563793 0.02499997 0.2502071 0.01563793 0 0.2502071 0.01563793 0.02499997 0.01984739 0.01563793 0.02499997 0.1251035 0.01563793 0.02499997 -0.1251035 0.01563793 0.02499997 -0.1876553 0.01563793 0.02499997 -0.06255173 0.01563793 0.02499997 0.1876553 0.01563793 0.02499997 0.2189312 0.01563793 0.02499997 -0.2189312 0.01563793 0.02499997 -0.2032933 0.01563793 0.02499997 0.2032933 0.01563793 0.02499997 -0.2325597 0.01563793 0.02499997 0.2365786 0.01563793 0.02499997 0.03127586 0.01563793 0 0.0469138 0.01563793 0 0.09382766 0.01563793 0 0.07818973 0.01563793 0 0.07037073 0.01563793 0 0.08600866 0.01563793 0 0.1094656 0.01563793 0.02499997 0.1094656 0.01563793 0 0.1172845 0.01563793 0.02499997 0.1172845 0.01563793 0 0.1016466 0.01563793 0 0.05473279 0.01563793 0 0.03909486 0.01563793 0 -0.1098999 0.01563793 0.02499997 -0.1098999 0.01563793 0 -0.0469138 0.2502071 0 -0.0469138 0.2502071 0.02499997 -0.0469138 0 0.02499997 -0.0469138 -0.1251035 0.02499997 -0.0469138 -0.1876553 0.02499997 -0.0469138 -0.1720173 0 -0.0469138 -0.2189312 0.02499997 -0.0469138 0.2325597 0.02499997 -0.0469138 -0.1563794 0 -0.0469138 0.2345691 0 -0.0469138 0.2032933 0 -0.0469138 -0.2032933 0 -0.0469138 -0.1407415 0 -0.0469138 -0.2365786 0.02499997 -0.0469138 0.2189312 0 -0.0469138 0.1251035 0.02499997 -0.0469138 0.1251035 0 -0.0469138 0.1876553 0 -0.0469138 -0.2345691 0 -0.0469138 -0.1876553 0 -0.0469138 -0.2189312 0 -0.0469138 0.1876553 0.02499997 -0.0469138 -0.1251035 0 -0.0469138 -0.2502071 0.02499997 -0.0469138 -0.2502071 0 -0.0469138 0.2189312 0.02499997 -0.0469138 0 0 -0.0469138 0.2032933 0.02499997 -0.0469138 -0.1563794 0.02499997 -0.0469138 -0.2032933 0.02499997 -0.0469138 -0.1720173 0.02499997 -0.0469138 -0.1407415 0.02499997 -0.0469138 -0.2325597 0.02499997 -0.0469138 0.2365786 0.02499997 -0.0469138 0.1563794 0 -0.0469138 0.1563794 0.02499997 -0.0469138 -0.06255173 0 -0.0469138 -0.06255173 0.02499997 -0.0469138 -0.03127586 0 -0.0469138 -0.03127586 0.02499997 -0.0469138 0.06255173 0 -0.0469138 0.06255173 0.02499997 -0.0469138 0.03127586 0.02499997 -0.0469138 0.03127586 0 -0.0469138 0.09382766 0 -0.0469138 0.09382766 0.02499997 -0.0469138 -0.09382766 0.02499997 -0.0469138 -0.09382766 0 -0.0469138 -0.1094656 0 -0.0469138 -0.1094656 0.02499997 -0.0469138 -0.07818973 0.02499997 -0.0469138 -0.07818973 0 -0.0469138 -0.1485605 0 -0.0469138 -0.1485605 0.02499997 -0.0469138 -0.1329225 0.02499997 -0.0469138 -0.1329225 0 -0.0469138 -0.1172845 0.02499997 -0.0469138 -0.1172845 0 -0.0469138 -0.1016466 0 -0.0469138 -0.1016466 0.02499997 -0.0469138 0.1094656 0 -0.0469138 0.1094656 0.02499997 -0.0469138 0.1172845 0 -0.0469138 0.1172845 0.02499997 -0.0469138 0.1407415 0.02499997 -0.0469138 0.1407415 0 -0.0469138 0.1329225 0 -0.0469138 0.1329225 0.02499997 -0.0469138 0.1485605 0.02499997 -0.0469138 0.1485605 0 -0.0469138 -0.08600866 0 -0.0469138 -0.08600866 0.02499997 -0.0469138 -0.07037073 0.02499997 -0.0469138 -0.07037073 0 -0.0469138 -0.0469138 0.02499997 -0.0469138 -0.0469138 0 -0.0469138 -0.05473279 0 -0.0469138 -0.05473279 0.02499997 -0.0469138 -0.03909486 0.02499997 -0.0469138 -0.03909486 0 -0.0469138 -0.01563793 0 -0.0469138 -0.01563793 0.02499997 -0.0469138 -0.02345687 0.02499997 -0.0469138 -0.02345687 0 -0.0469138 -0.007818937 0 -0.0469138 -0.007818937 0.02499997 -0.0469138 0.01563793 0 -0.0469138 0.01563793 0.02499997 -0.2502071 0.007818937 0 -0.2502071 0.007818937 0.02499997 0 0.007818937 0 0.1251035 0.007818937 0 -0.1251035 0.007818937 0 -0.1876553 0.007818937 0 -0.06255173 0.007818937 0 0.06255173 0.007818937 0 0.1876553 0.007818937 0 0.2189312 0.007818937 0 -0.2189312 0.007818937 0 -0.03127586 0.007818937 0 -0.2345691 0.007818937 0 0.2345691 0.007818937 0 -0.09382766 0.007818937 0 -0.2032933 0.007818937 0 0.2032933 0.007818937 0 -0.2365786 0.007818937 0.02499997 0.2325597 0.007818937 0.02499997 0.03127586 0.007818937 0 0.0469138 0.007818937 0 0.09382766 0.007818937 0 0.07818973 0.007818937 0 0.07037073 0.007818937 0 0.08600866 0.007818937 0 0.1094656 0.007818937 0 0.1172845 0.007818937 0 0.1016466 0.007818937 0 0.05473279 0.007818937 0 0.03909486 0.007818937 0 -0.1098999 0.007818937 0 -0.09382766 0.007818937 0.02499997 -0.01142847 0.007818937 0.02499997 0.2502071 0.007818937 0 0.2502071 0.007818937 0.02499997 0.01984739 0.007818937 0.02499997 0.1251035 0.007818937 0.02499997 -0.1251035 0.007818937 0.02499997 -0.1876553 0.007818937 0.02499997 -0.06255173 0.007818937 0.02499997 0.1876553 0.007818937 0.02499997 0.2189312 0.007818937 0.02499997 -0.2189312 0.007818937 0.02499997 -0.2032933 0.007818937 0.02499997 0.2032933 0.007818937 0.02499997 -0.2325597 0.007818937 0.02499997 0.2365786 0.007818937 0.02499997 0.1094656 0.007818937 0.02499997 0.1172845 0.007818937 0.02499997 -0.1098999 0.007818937 0.02499997 -0.0469138 0.007818937 0.02499997 -0.0469138 0.007818937 0 -0.09382766 0.02345687 0.02499997 -0.01142847 0.02345687 0.02499997 0.2502071 0.02345687 0 0.2502071 0.02345687 0.02499997 0.01984739 0.02345687 0.02499997 0.1251035 0.02345687 0.02499997 -0.1251035 0.02345687 0.02499997 -0.1876553 0.02345687 0.02499997 -0.06255173 0.02345687 0.02499997 0.1876553 0.02345687 0.02499997 0.2189312 0.02345687 0.02499997 -0.2189312 0.02345687 0.02499997 -0.2032933 0.02345687 0.02499997 0.2032933 0.02345687 0.02499997 -0.2325597 0.02345687 0.02499997 0.2365786 0.02345687 0.02499997 0.1094656 0.02345687 0.02499997 0.1172845 0.02345687 0.02499997 -0.1098999 0.02345687 0.02499997 -0.2502071 0.02345687 0 -0.2502071 0.02345687 0.02499997 0 0.02345687 0 0.1251035 0.02345687 0 -0.1251035 0.02345687 0 -0.1876553 0.02345687 0 -0.06255173 0.02345687 0 0.06255173 0.02345687 0 0.1876553 0.02345687 0 0.2189312 0.02345687 0 -0.2189312 0.02345687 0 -0.03127586 0.02345687 0 -0.2345691 0.02345687 0 0.2345691 0.02345687 0 -0.09382766 0.02345687 0 -0.2032933 0.02345687 0 0.2032933 0.02345687 0 -0.2365786 0.02345687 0.02499997 0.2325597 0.02345687 0.02499997 0.03127586 0.02345687 0 0.0469138 0.02345687 0 0.09382766 0.02345687 0 0.07818973 0.02345687 0 0.07037073 0.02345687 0 0.08600866 0.02345687 0 0.1094656 0.02345687 0 0.1172845 0.02345687 0 0.1016466 0.02345687 0 0.05473279 0.02345687 0 0.03909486 0.02345687 0 -0.1098999 0.02345687 0 -0.0469138 0.02345687 0 -0.0469138 0.02345687 0.02499997 -0.09382766 0.0469138 0.02499997 -0.01142847 0.0469138 0.02499997 0.2502071 0.0469138 0 0.2502071 0.0469138 0.02499997 0.01984739 0.0469138 0.02499997 0.1251035 0.0469138 0.02499997 -0.1251035 0.0469138 0.02499997 -0.1876553 0.0469138 0.02499997 -0.06255173 0.0469138 0.02499997 0.1876553 0.0469138 0.02499997 0.2189312 0.0469138 0.02499997 -0.2189312 0.0469138 0.02499997 -0.2032933 0.0469138 0.02499997 0.2032933 0.0469138 0.02499997 -0.2325597 0.0469138 0.02499997 0.2365786 0.0469138 0.02499997 -0.2502071 0.0469138 0 -0.2502071 0.0469138 0.02499997 0 0.0469138 0 0.1251035 0.0469138 0 -0.1251035 0.0469138 0 -0.1876553 0.0469138 0 -0.06255173 0.0469138 0 0.06255173 0.0469138 0 0.1876553 0.0469138 0 0.2189312 0.0469138 0 -0.2189312 0.0469138 0 -0.03127586 0.0469138 0 -0.2345691 0.0469138 0 0.2345691 0.0469138 0 -0.09382766 0.0469138 0 -0.2032933 0.0469138 0 0.2032933 0.0469138 0 -0.2365786 0.0469138 0.02499997 0.2325597 0.0469138 0.02499997 0.03127586 0.0469138 0 0.0469138 0.0469138 0 0.09382766 0.0469138 0 0.07818973 0.0469138 0 0.07037073 0.0469138 0 0.08600866 0.0469138 0 0.1094656 0.0469138 0 0.1094656 0.0469138 0.02499997 0.1172845 0.0469138 0 0.1172845 0.0469138 0.02499997 0.1016466 0.0469138 0 0.05473279 0.0469138 0 0.03909486 0.0469138 0 -0.1098999 0.0469138 0 -0.1098999 0.0469138 0.02499997 -0.0469138 0.0469138 0.02499997 -0.0469138 0.0469138 0 -0.2502071 0.03909486 0 -0.2502071 0.03909486 0.02499997 0 0.03909486 0 0.1251035 0.03909486 0 -0.1251035 0.03909486 0 -0.1876553 0.03909486 0 -0.06255173 0.03909486 0 0.06255173 0.03909486 0 0.1876553 0.03909486 0 0.2189312 0.03909486 0 -0.2189312 0.03909486 0 -0.03127586 0.03909486 0 -0.2345691 0.03909486 0 0.2345691 0.03909486 0 -0.09382766 0.03909486 0 -0.2032933 0.03909486 0 0.2032933 0.03909486 0 -0.2365786 0.03909486 0.02499997 0.2325597 0.03909486 0.02499997 0.03127586 0.03909486 0 0.0469138 0.03909486 0 0.09382766 0.03909486 0 0.07818973 0.03909486 0 0.07037073 0.03909486 0 0.08600866 0.03909486 0 0.1094656 0.03909486 0 0.1172845 0.03909486 0 0.1016466 0.03909486 0 0.05473279 0.03909486 0 0.03909486 0.03909486 0 -0.1098999 0.03909486 0 -0.0469138 0.03909486 0 -0.09382766 0.03909486 0.02499997 -0.01142847 0.03909486 0.02499997 0.2502071 0.03909486 0 0.2502071 0.03909486 0.02499997 0.01984739 0.03909486 0.02499997 0.1251035 0.03909486 0.02499997 -0.1251035 0.03909486 0.02499997 -0.1876553 0.03909486 0.02499997 -0.06255173 0.03909486 0.02499997 0.1876553 0.03909486 0.02499997 0.2189312 0.03909486 0.02499997 -0.2189312 0.03909486 0.02499997 -0.2032933 0.03909486 0.02499997 0.2032933 0.03909486 0.02499997 -0.2325597 0.03909486 0.02499997 0.2365786 0.03909486 0.02499997 0.1094656 0.03909486 0.02499997 0.1172845 0.03909486 0.02499997 -0.1098999 0.03909486 0.02499997 -0.0469138 0.03909486 0.02499997 -0.09382766 0.05473279 0.02499997 -0.01142847 0.05473279 0.02499997 0.2502071 0.05473279 0 0.2502071 0.05473279 0.02499997 0.01984739 0.05473279 0.02499997 0.1251035 0.05473279 0.02499997 -0.1251035 0.05473279 0.02499997 -0.1876553 0.05473279 0.02499997 -0.06255173 0.05473279 0.02499997 0.1876553 0.05473279 0.02499997 0.2189312 0.05473279 0.02499997 -0.2189312 0.05473279 0.02499997 -0.2032933 0.05473279 0.02499997 0.2032933 0.05473279 0.02499997 -0.2325597 0.05473279 0.02499997 0.2365786 0.05473279 0.02499997 0.1094656 0.05473279 0.02499997 0.1172845 0.05473279 0.02499997 -0.1098999 0.05473279 0.02499997 -0.0469138 0.05473279 0.02499997 -0.2502071 0.05473279 0 -0.2502071 0.05473279 0.02499997 0 0.05473279 0 0.1251035 0.05473279 0 -0.1251035 0.05473279 0 -0.1876553 0.05473279 0 -0.06255173 0.05473279 0 0.06255173 0.05473279 0 0.1876553 0.05473279 0 0.2189312 0.05473279 0 -0.2189312 0.05473279 0 -0.03127586 0.05473279 0 -0.2345691 0.05473279 0 0.2345691 0.05473279 0 -0.09382766 0.05473279 0 -0.2032933 0.05473279 0 0.2032933 0.05473279 0 -0.2365786 0.05473279 0.02499997 0.2325597 0.05473279 0.02499997 0.03127586 0.05473279 0 0.0469138 0.05473279 0 0.09382766 0.05473279 0 0.07818973 0.05473279 0 0.07037073 0.05473279 0 0.08600866 0.05473279 0 0.1094656 0.05473279 0 0.1172845 0.05473279 0 0.1016466 0.05473279 0 0.05473279 0.05473279 0 0.03909486 0.05473279 0 -0.1098999 0.05473279 0 -0.0469138 0.05473279 0 -0.2502071 0.07818973 0 -0.2502071 0.07818973 0.02499997 0 0.07818973 0 0.1251035 0.07818973 0 -0.1251035 0.07818973 0 -0.1876553 0.07818973 0 -0.06255173 0.07818973 0 0.06255173 0.07818973 0 0.1876553 0.07818973 0 0.2189312 0.07818973 0 -0.2189312 0.07818973 0 -0.03127586 0.07818973 0 -0.2345691 0.07818973 0 0.2345691 0.07818973 0 -0.09382766 0.07818973 0 -0.2032933 0.07818973 0 0.2032933 0.07818973 0 -0.2365786 0.07818973 0.02499997 0.2325597 0.07818973 0.02499997 -0.09382766 0.07818973 0.02499997 -0.01142847 0.07818973 0.02499997 0.2502071 0.07818973 0 0.2502071 0.07818973 0.02499997 0.1251035 0.07818973 0.02499997 -0.1251035 0.07818973 0.02499997 -0.1876553 0.07818973 0.02499997 -0.06255173 0.07818973 0.02499997 0.1876553 0.07818973 0.02499997 0.2189312 0.07818973 0.02499997 -0.2189312 0.07818973 0.02499997 -0.2032933 0.07818973 0.02499997 0.2032933 0.07818973 0.02499997 -0.2325597 0.07818973 0.02499997 0.2365786 0.07818973 0.02499997 0.03127586 0.07818973 0 0.0469138 0.07818973 0 0.09382766 0.07818973 0 0.07818973 0.07818973 0 0.07037073 0.07818973 0 0.08600866 0.07818973 0 0.1094656 0.07818973 0 0.1094656 0.07818973 0.02499997 0.1172845 0.07818973 0 0.1172845 0.07818973 0.02499997 0.1016466 0.07818973 0 0.05473279 0.07818973 0 0.03909486 0.07818973 0 -0.1098999 0.07818973 0 -0.1098999 0.07818973 0.02499997 -0.0469138 0.07818973 0.02499997 -0.0469138 0.07818973 0 -0.2502071 0.07037073 0 -0.2502071 0.07037073 0.02499997 0 0.07037073 0 0.1251035 0.07037073 0 -0.1251035 0.07037073 0 -0.1876553 0.07037073 0 -0.06255173 0.07037073 0 0.06255173 0.07037073 0 0.1876553 0.07037073 0 0.2189312 0.07037073 0 -0.2189312 0.07037073 0 -0.03127586 0.07037073 0 -0.2345691 0.07037073 0 0.2345691 0.07037073 0 -0.09382766 0.07037073 0 -0.2032933 0.07037073 0 0.2032933 0.07037073 0 -0.2365786 0.07037073 0.02499997 0.2325597 0.07037073 0.02499997 0.03127586 0.07037073 0 0.0469138 0.07037073 0 0.09382766 0.07037073 0 0.07818973 0.07037073 0 0.07037073 0.07037073 0 0.08600866 0.07037073 0 0.1094656 0.07037073 0 0.1172845 0.07037073 0 0.1016466 0.07037073 0 0.05473279 0.07037073 0 0.03909486 0.07037073 0 -0.1098999 0.07037073 0 -0.0469138 0.07037073 0 -0.09382766 0.07037073 0.02499997 -0.01142847 0.07037073 0.02499997 0.2502071 0.07037073 0 0.2502071 0.07037073 0.02499997 0.01984739 0.07037073 0.02499997 0.1251035 0.07037073 0.02499997 -0.1251035 0.07037073 0.02499997 -0.1876553 0.07037073 0.02499997 -0.06255173 0.07037073 0.02499997 0.1876553 0.07037073 0.02499997 0.2189312 0.07037073 0.02499997 -0.2189312 0.07037073 0.02499997 -0.2032933 0.07037073 0.02499997 0.2032933 0.07037073 0.02499997 -0.2325597 0.07037073 0.02499997 0.2365786 0.07037073 0.02499997 0.1094656 0.07037073 0.02499997 0.1172845 0.07037073 0.02499997 -0.1098999 0.07037073 0.02499997 -0.0469138 0.07037073 0.02499997 -0.09382766 0.08600866 0.02499997 -0.01142847 0.08600866 0.02499997 0.2502071 0.08600866 0 0.2502071 0.08600866 0.02499997 0.01984739 0.08600866 0.02499997 0.1251035 0.08600866 0.02499997 -0.1251035 0.08600866 0.02499997 -0.1876553 0.08600866 0.02499997 -0.06255173 0.08600866 0.02499997 0.1876553 0.08600866 0.02499997 0.2189312 0.08600866 0.02499997 -0.2189312 0.08600866 0.02499997 -0.2032933 0.08600866 0.02499997 0.2032933 0.08600866 0.02499997 -0.2325597 0.08600866 0.02499997 0.2365786 0.08600866 0.02499997 0.1094656 0.08600866 0.02499997 0.1172845 0.08600866 0.02499997 -0.1098999 0.08600866 0.02499997 -0.0469138 0.08600866 0.02499997 -0.2502071 0.08600866 0 -0.2502071 0.08600866 0.02499997 0 0.08600866 0 0.1251035 0.08600866 0 -0.1251035 0.08600866 0 -0.1876553 0.08600866 0 -0.06255173 0.08600866 0 0.06255173 0.08600866 0 0.1876553 0.08600866 0 0.2189312 0.08600866 0 -0.2189312 0.08600866 0 -0.03127586 0.08600866 0 -0.2345691 0.08600866 0 0.2345691 0.08600866 0 -0.09382766 0.08600866 0 -0.2032933 0.08600866 0 0.2032933 0.08600866 0 -0.2365786 0.08600866 0.02499997 0.2325597 0.08600866 0.02499997 0.03127586 0.08600866 0 0.0469138 0.08600866 0 0.09382766 0.08600866 0 0.07818973 0.08600866 0 0.07037073 0.08600866 0 0.08600866 0.08600866 0 0.1094656 0.08600866 0 0.1172845 0.08600866 0 0.1016466 0.08600866 0 0.05473279 0.08600866 0 0.03909486 0.08600866 0 -0.1098999 0.08600866 0 -0.0469138 0.08600866 0 -0.2502071 0.1016466 0 -0.2502071 0.1016466 0.02499997 0 0.1016466 0 0.1251035 0.1016466 0 -0.1251035 0.1016466 0 -0.1876553 0.1016466 0 -0.06255173 0.1016466 0 0.06255173 0.1016466 0 0.1876553 0.1016466 0 0.2189312 0.1016466 0 -0.2189312 0.1016466 0 -0.03127586 0.1016466 0 -0.2345691 0.1016466 0 0.2345691 0.1016466 0 -0.09382766 0.1016466 0 -0.2032933 0.1016466 0 0.2032933 0.1016466 0 -0.2365786 0.1016466 0.02499997 0.2325597 0.1016466 0.02499997 0.03127586 0.1016466 0 0.0469138 0.1016466 0 0.09382766 0.1016466 0 0.07818973 0.1016466 0 0.07037073 0.1016466 0 0.08600866 0.1016466 0 0.1094656 0.1016466 0 0.1172845 0.1016466 0 0.1016466 0.1016466 0 -0.09382766 0.1016466 0.02499997 -0.01142847 0.1016466 0.02499997 0.2502071 0.1016466 0 0.2502071 0.1016466 0.02499997 0.01984739 0.1016466 0.02499997 0.1251035 0.1016466 0.02499997 -0.1251035 0.1016466 0.02499997 -0.1876553 0.1016466 0.02499997 -0.06255173 0.1016466 0.02499997 0.1876553 0.1016466 0.02499997 0.2189312 0.1016466 0.02499997 -0.2189312 0.1016466 0.02499997 -0.2032933 0.1016466 0.02499997 0.2032933 0.1016466 0.02499997 -0.2325597 0.1016466 0.02499997 0.2365786 0.1016466 0.02499997 0.1094656 0.1016466 0.02499997 0.1172845 0.1016466 0.02499997 0.05473279 0.1016466 0 0.03909486 0.1016466 0 -0.1098999 0.1016466 0 -0.1098999 0.1016466 0.02499997 -0.0469138 0.1016466 0.02499997 -0.0469138 0.1016466 0 0.01563793 0.2502071 0 0.01563793 0.2502071 0.02499997 0.01563793 -0.1876553 0.02499997 0.01563793 -0.2189312 0.02499997 0.01563793 0.1876553 0.02499997 0.01563793 0.2189312 0.02499997 0.01563793 0.2032933 0.02499997 0.01563793 -0.2032933 0.02499997 0.01563793 -0.1720173 0.02499997 0.01563793 -0.2325597 0.02499997 0.01563793 0.2365786 0.02499997 0.01563793 -0.2502071 0 0.01563793 -0.2502071 0.02499997 0.01563793 0 0 0.01563793 -0.1251035 0 0.01563793 -0.1876553 0 0.01563793 -0.2189312 0 0.01563793 -0.2345691 0 0.01563793 0.1251035 0 0.01563793 0.1876553 0 0.01563793 0.2189312 0 0.01563793 0.2345691 0 0.01563793 0.2032933 0 0.01563793 -0.1563794 0 0.01563793 -0.2032933 0 0.01563793 -0.1720173 0 0.01563793 -0.1407415 0 0.01563793 -0.2365786 0.02499997 0.01563793 0.2325597 0.02499997 0.01563793 0.1563794 0 0.01563793 -0.06255173 0 0.01563793 -0.03127586 0 0.01563793 0.06255173 0 0.01563793 0.03127586 0 0.01563793 0.09382766 0 0.01563793 -0.09382766 0 0.01563793 -0.1094656 0 0.01563793 -0.07818973 0 0.01563793 -0.1485605 0 0.01563793 -0.1329225 0 0.01563793 -0.1172845 0 0.01563793 -0.1016466 0 0.01563793 0.1094656 0 0.01563793 0.1172845 0 0.01563793 0.1407415 0 0.01563793 0.1329225 0 0.01563793 0.1485605 0 0.01563793 -0.08600866 0 0.01563793 -0.07037073 0 0.01563793 -0.0469138 0 0.01563793 -0.05473279 0 0.01563793 -0.03909486 0 0.01563793 -0.01563793 0 0.01563793 -0.02345687 0 0.01563793 -0.007818937 0 0.01563793 0.01563793 0 0.01563793 0.007818937 0 0.01563793 0.02345687 0 0.01563793 0.0469138 0 0.01563793 0.03909486 0 0.01563793 0.05473279 0 0.01563793 0.07818973 0 0.01563793 0.07037073 0 0.01563793 0.08600866 0 0.01563793 0.1016466 0 0.02345687 -0.2502071 0 0.02345687 -0.2502071 0.02499997 0.02345687 0 0 0.02345687 -0.1251035 0 0.02345687 -0.1876553 0 0.02345687 -0.2189312 0 0.02345687 -0.2345691 0 0.02345687 0.1251035 0 0.02345687 0.1876553 0 0.02345687 0.2189312 0 0.02345687 0.2345691 0 0.02345687 0.2032933 0 0.02345687 -0.1563794 0 0.02345687 -0.2032933 0 0.02345687 -0.1720173 0 0.02345687 -0.1407415 0 0.02345687 -0.2365786 0.02499997 0.02345687 0.2325597 0.02499997 0.02345687 0.1563794 0 0.02345687 -0.06255173 0 0.02345687 -0.03127586 0 0.02345687 0.06255173 0 0.02345687 0.03127586 0 0.02345687 0.09382766 0 0.02345687 -0.09382766 0 0.02345687 -0.1094656 0 0.02345687 -0.07818973 0 0.02345687 -0.1485605 0 0.02345687 -0.1329225 0 0.02345687 -0.1172845 0 0.02345687 -0.1016466 0 0.02345687 0.1094656 0 0.02345687 0.1172845 0 0.02345687 0.1407415 0 0.02345687 0.1329225 0 0.02345687 0.1485605 0 0.02345687 -0.08600866 0 0.02345687 -0.07037073 0 0.02345687 -0.0469138 0 0.02345687 -0.05473279 0 0.02345687 -0.03909486 0 0.02345687 -0.01563793 0 0.02345687 -0.02345687 0 0.02345687 -0.007818937 0 0.02345687 0.01563793 0 0.02345687 0.007818937 0 0.02345687 0.02345687 0 0.02345687 0.0469138 0 0.02345687 0.03909486 0 0.02345687 0.05473279 0 0.02345687 0.07818973 0 0.02345687 0.07037073 0 0.02345687 0.08600866 0 0.02345687 0.1016466 0 0.02345687 0.2502071 0 0.02345687 0.2502071 0.02499997 0.02345687 -0.1876553 0.02499997 0.02345687 -0.2189312 0.02499997 0.02345687 0.1876553 0.02499997 0.02345687 0.2189312 0.02499997 0.02345687 0.2032933 0.02499997 0.02345687 -0.1563794 0.02499997 0.02345687 -0.2032933 0.02499997 0.02345687 -0.1720173 0.02499997 0.02345687 -0.2325597 0.02499997 0.02345687 0.2365786 0.02499997 0.02345687 0.1563794 0.02499997 0.02597087 0.1247022 0.02499997 0.03005319 0.1557105 0.02499997 0.02188855 0.09369385 0.02499997 0.02392971 0.109198 0.02499997 0.02495026 0.1169501 0.02499997 0.02801203 0.1402063 0.02499997 0.02699142 0.1324542 0.02499997 0.02903258 0.1479584 0.02499997 0.02086794 0.08594179 0.02499997 0.0229091 0.1014459 0.02499997 0.03198957 0.1235049 0.02499997 0.04008436 0.1537152 0.02499997 0.02389478 0.09329479 0.02499997 0.02794218 0.1083999 0.02499997 0.02996587 0.1159524 0.02499997 0.03603696 0.1386101 0.02499997 0.03401327 0.1310575 0.02499997 0.03806066 0.1461626 0.02499997 0.02187108 0.08574223 0.02499997 0.02591848 0.1008473 0.02499997 0.03780049 0.1215324 0.02499997 0.04976928 0.1504276 0.02499997 0.02583175 0.09263724 0.02499997 0.03181612 0.1070848 0.02499997 0.03480833 0.1143086 0.02499997 0.04378491 0.13598 0.02499997 0.0407927 0.1287562 0.02499997 0.04677706 0.1432038 0.02499997 0.02283954 0.08541345 0.02499997 0.02882391 0.09986108 0.02499997 0.04330426 0.1188182 0.02499997 0.05894219 0.145904 0.02499997 0.02766633 0.09173256 0.02499997 0.03548532 0.1052754 0.02499997 0.03939479 0.1120468 0.02499997 0.05112326 0.1323611 0.02499997 0.04721373 0.1255897 0.02499997 0.05503273 0.1391326 0.02499997 0.02375686 0.08496111 0.02499997 0.03157579 0.09850394 0.02499997 0.04840666 0.1154089 0.02499997 0.06744623 0.1402218 0.02499997 0.02936714 0.09059607 0.02499997 0.0388869 0.1030025 0.02499997 0.04364681 0.1092057 0.02499997 0.05792647 0.1278154 0.02499997 0.05316656 0.1216121 0.02499997 0.06268638 0.1340185 0.02499997 0.02460724 0.0843929 0.02499997 0.03412699 0.09679931 0.02499997 0.05302041 0.1113628 0.02499997 0.07513582 0.1334782 0.02499997 0.03090506 0.08924734 0.02499997 0.04196274 0.100305 0.02499997 0.04749161 0.1058339 0.02499997 0.06407815 0.1224205 0.02499997 0.05854928 0.1168916 0.02499997 0.06960701 0.1279493 0.02499997 0.0253762 0.08371853 0.02499997 0.03643387 0.09477621 0.02499997 0.05706655 0.106749 0.02499997 0.08187943 0.1257886 0.02499997 0.03225374 0.08770942 0.02499997 0.04466015 0.09722924 0.02499997 0.05086338 0.1019891 0.02499997 0.06947302 0.1162688 0.02499997 0.06326979 0.1115089 0.02499997 0.07567626 0.1210287 0.02499997 0.02605056 0.08294957 0.02499997 0.03845697 0.09246933 0.02499997 0.06047588 0.1016466 0.02499997 0.08756166 0.1172845 0.02499997 0.03339022 0.0860086 0.02499997 0.04693305 0.0938276 0.02499997 0.0537045 0.09773707 0.02499997 0.07401877 0.1094656 0.02499997 0.06724733 0.1055561 0.02499997 0.08079022 0.1133751 0.02499997 0.02661877 0.08209913 0.02499997 0.0401616 0.08991813 0.02499997 0.06319004 0.09614282 0.02499997 0.09208524 0.1081116 0.02499997 0.0342949 0.08417403 0.02499997 0.04874247 0.0901584 0.02499997 0.05596625 0.09315061 0.02499997 0.07763767 0.1021272 0.02499997 0.07041382 0.09913498 0.02499997 0.08486145 0.1051194 0.02499997 0.02707111 0.08118188 0.02499997 0.04151868 0.08716624 0.02499997 0.06516259 0.09033185 0.02499997 0.09537285 0.09842669 0.02499997 0.0349524 0.08223706 0.02499997 0.05005753 0.08628445 0.02499997 0.05761003 0.08830815 0.02499997 0.08026772 0.0943793 0.02499997 0.07271516 0.09235554 0.02499997 0.08782029 0.096403 0.02499997 0.02739989 0.08021336 0.02499997 0.04250496 0.08426076 0.02499997 0.06635981 0.08431315 0.02499997 0.09736818 0.08839547 0.02499997 0.03535145 0.08023083 0.02499997 0.05085563 0.08227199 0.02499997 0.05860769 0.08329254 0.02499997 0.08186399 0.08635431 0.02499997 0.07411187 0.0853337 0.02499997 0.08961606 0.08737492 0.02499997 0.02759939 0.07921022 0.02499997 0.04310357 0.08125138 0.02499997 0.06676113 0.07818967 0.02499997 0.09803706 0.07818967 0.02499997 0.03548526 0.07818967 0.02499997 0.0511232 0.07818967 0.02499997 0.05894219 0.07818967 0.02499997 0.08239912 0.07818967 0.02499997 0.07458013 0.07818967 0.02499997 0.09021812 0.07818967 0.02499997 0.01984733 0.07818967 0.02499997 0.02766627 0.07818967 0.02499997 0.04330426 0.07818967 0.02499997 0.02597087 -0.1247022 0.02499997 0.03005319 -0.1557105 0.02499997 0.02801203 -0.1402063 0.02499997 0.02188855 -0.09369385 0.02499997 0.02392971 -0.109198 0.02499997 0.02903258 -0.1479584 0.02499997 0.02699142 -0.1324542 0.02499997 0.02495026 -0.1169501 0.02499997 0.0229091 -0.1014459 0.02499997 0.02086794 -0.08594179 0.02499997 0.03198957 -0.1235049 0.02499997 0.04008436 -0.1537151 0.02499997 0.03603696 -0.1386101 0.02499997 0.02389478 -0.09329479 0.02499997 0.02794218 -0.1083999 0.02499997 0.03806066 -0.1461626 0.02499997 0.03401327 -0.1310575 0.02499997 0.02996587 -0.1159524 0.02499997 0.02591848 -0.1008473 0.02499997 0.02187108 -0.08574223 0.02499997 0.03780049 -0.1215324 0.02499997 0.04976928 -0.1504276 0.02499997 0.04378491 -0.13598 0.02499997 0.02583175 -0.09263724 0.02499997 0.03181612 -0.1070848 0.02499997 0.04677706 -0.1432038 0.02499997 0.0407927 -0.1287562 0.02499997 0.03480833 -0.1143086 0.02499997 0.02882391 -0.09986108 0.02499997 0.02283954 -0.08541345 0.02499997 0.04330426 -0.1188182 0.02499997 0.05894219 -0.145904 0.02499997 0.05112326 -0.1323611 0.02499997 0.02766633 -0.09173256 0.02499997 0.03548532 -0.1052754 0.02499997 0.05503273 -0.1391326 0.02499997 0.04721373 -0.1255896 0.02499997 0.03939479 -0.1120468 0.02499997 0.03157579 -0.09850394 0.02499997 0.02375686 -0.08496111 0.02499997 0.04840666 -0.1154089 0.02499997 0.06744623 -0.1402217 0.02499997 0.05792647 -0.1278153 0.02499997 0.02936714 -0.09059607 0.02499997 0.0388869 -0.1030025 0.02499997 0.06268638 -0.1340185 0.02499997 0.05316656 -0.1216121 0.02499997 0.04364681 -0.1092057 0.02499997 0.03412699 -0.09679931 0.02499997 0.02460724 -0.0843929 0.02499997 0.05302041 -0.1113628 0.02499997 0.07513582 -0.1334781 0.02499997 0.06407815 -0.1224204 0.02499997 0.03090506 -0.08924734 0.02499997 0.04196274 -0.100305 0.02499997 0.06960701 -0.1279493 0.02499997 0.05854928 -0.1168916 0.02499997 0.04749161 -0.1058339 0.02499997 0.03643387 -0.09477621 0.02499997 0.0253762 -0.08371853 0.02499997 0.05706655 -0.106749 0.02499997 0.08187943 -0.1257885 0.02499997 0.06947302 -0.1162688 0.02499997 0.03225374 -0.08770942 0.02499997 0.04466015 -0.09722924 0.02499997 0.07567626 -0.1210287 0.02499997 0.06326979 -0.1115089 0.02499997 0.05086338 -0.1019891 0.02499997 0.03845697 -0.09246933 0.02499997 0.02605056 -0.08294957 0.02499997 0.06047588 -0.1016466 0.02499997 0.08756166 -0.1172845 0.02499997 0.07401877 -0.1094655 0.02499997 0.03339022 -0.0860086 0.02499997 0.04693305 -0.0938276 0.02499997 0.08079022 -0.1133751 0.02499997 0.06724733 -0.105556 0.02499997 0.0537045 -0.09773707 0.02499997 0.0401616 -0.08991813 0.02499997 0.02661877 -0.08209913 0.02499997 0.06319004 -0.09614282 0.02499997 0.09208524 -0.1081116 0.02499997 0.07763761 -0.1021271 0.02499997 0.0342949 -0.08417403 0.02499997 0.04874247 -0.0901584 0.02499997 0.08486145 -0.1051194 0.02499997 0.07041382 -0.09913498 0.02499997 0.05596625 -0.09315061 0.02499997 0.04151868 -0.08716624 0.02499997 0.02707111 -0.08118188 0.02499997 0.06516259 -0.09033185 0.02499997 0.09537279 -0.09842664 0.02499997 0.08026772 -0.09437924 0.02499997 0.0349524 -0.08223706 0.02499997 0.05005753 -0.08628445 0.02499997 0.08782029 -0.096403 0.02499997 0.07271516 -0.09235554 0.02499997 0.05761003 -0.08830815 0.02499997 0.04250496 -0.08426076 0.02499997 0.02739989 -0.08021336 0.02499997 0.06635981 -0.08431315 0.02499997 0.09736812 -0.08839547 0.02499997 0.08186393 -0.08635431 0.02499997 0.03535145 -0.08023083 0.02499997 0.05085563 -0.08227199 0.02499997 0.08961606 -0.08737492 0.02499997 0.07411187 -0.0853337 0.02499997 0.05860769 -0.08329254 0.02499997 0.04310357 -0.08125138 0.02499997 0.02759939 -0.07921022 0.02499997 0.06676113 -0.07818967 0.02499997 0.09803706 -0.07818961 0.02499997 0.08239907 -0.07818967 0.02499997 0.03548526 -0.07818967 0.02499997 0.0511232 -0.07818967 0.02499997 0.01984733 -0.07818967 0.02499997 0.09021812 -0.07818967 0.02499997 0.07458007 -0.07818967 0.02499997 0.05894219 -0.07818967 0.02499997 0.04330426 -0.07818967 0.02499997 0.02766627 -0.07818967 0.02499997</float_array>
          <technique_common>
            <accessor source="#Plane_003-mesh-positions-array" count="3254" stride="3">
              <param name="X" type="float"/>
              <param name="Y" type="float"/>
              <param name="Z" type="float"/>
            </accessor>
          </technique_common>
        </source>
        <source id="Plane_003-mesh-normals">
          <float_array id="Plane_003-mesh-normals-array" count="1686">0 0 -1 0 0 1 0 1 0 0 -1 0 1 0 0 -1 0 0 0 0 1 -2.7312e-7 0 1 -1.707e-7 0 1 2.05178e-7 0 1 6.18859e-7 0 1 7.14072e-7 0 1 6.90276e-7 0 1 5.95062e-7 0 1 -1.7314e-6 2.97359e-7 1 -7.81668e-6 0 1 -1.73141e-6 -2.97364e-7 1 7.29425e-6 -2.85865e-6 1 3.19125e-7 0 1 5.69866e-7 0 1 7.40828e-7 0 1 1.82358e-7 0 1 1.25371e-6 0 1 7.40826e-7 0 1 3.54584e-7 0 1 3.25638e-7 0 1 6.45848e-7 0 1 0 0 1 -3.64712e-6 -2.81381e-6 1 0 0 1 1.13974e-6 0 1 8.35803e-7 0 1 1.30255e-7 0 1 0 0 1 2.27947e-7 0 1 3.03928e-7 0 1 0 0 1 7.29433e-7 0 1 3.64713e-7 0 1 0 -2.73295e-6 1 6.8384e-7 0 1 6.8384e-7 -2.36183e-7 1 9.11785e-7 -1.57455e-7 1 2.60509e-7 0 1 6.8384e-7 0 1 6.07858e-7 0 1 2.02618e-7 0 1 0 0 1 -2.02619e-7 0 1 -1.82357e-7 -1.39685e-7 1 0 0 1 0 -2.62544e-6 1 2.27947e-7 0 1 -1.13973e-6 -3.49215e-7 1 -6.07858e-7 -2.3281e-7 1 -2.6051e-7 0 1 6.83839e-7 -1.74607e-7 1 5.2102e-7 -1.30363e-7 1 6.83844e-7 -2.28137e-7 1 3.03929e-7 -1.52091e-7 1 4.0524e-7 0 1 7.29432e-7 -1.82509e-7 1 3.64713e-7 0 1 3.64713e-6 -2.50053e-6 1 4.55892e-7 0 1 1.59563e-6 -4.56273e-7 1 1.82357e-6 -3.0418e-7 1 0 -5.55521e-7 1 -3.03928e-7 -3.70346e-7 1 -2.60511e-7 -1.5872e-7 1 -4.55894e-7 -2.7776e-7 1 0 -1.85173e-7 1 0 -1.23449e-7 1 0 -2.22208e-7 1 0 0 1 0 -2.36745e-6 1 0 -1.3888e-7 1 4.5589e-7 -1.61316e-7 1 1.36767e-6 -6.4526e-7 1 9.11787e-7 -4.30177e-7 1 5.21021e-7 -1.84361e-7 1 4.55895e-7 -3.22633e-7 1 6.0786e-7 -2.15089e-7 1 -2.02619e-7 -1.60882e-7 1 7.2943e-7 -2.58106e-7 1 3.64715e-7 -1.29053e-7 1 -1.82357e-6 -2.23497e-6 1 0 -1.44794e-7 1 0 -2.11109e-6 1 4.5589e-7 -1.80992e-7 1 -4.55894e-7 -7.23969e-7 1 6.07858e-7 -4.82646e-7 1 0 -2.06849e-7 1 0 -3.61984e-7 1 0 -2.63428e-7 1 4.05238e-7 -1.75618e-7 1 3.64714e-7 -2.89587e-7 1 0 -1.87351e-7 1 7.29427e-7 -3.16113e-7 1 3.64715e-7 -1.58057e-7 1 0 -2.00289e-6 1 4.55889e-7 -1.9757e-7 1 9.11786e-7 -7.90285e-7 1 6.07859e-7 -5.26858e-7 1 0 -2.25795e-7 1 4.55896e-7 -3.95144e-7 1 6.07859e-7 -2.63429e-7 1 0 -4.21539e-7 1 0 -2.81026e-7 1 2.0262e-7 -1.95878e-7 1 -3.64714e-7 -3.37231e-7 1 0 -1.68616e-7 1 0 -1.91637e-6 1 0 -2.10769e-7 1 0 -8.43081e-7 1 -6.07859e-7 -5.62054e-7 1 0 -2.40881e-7 1 5.21019e-7 -2.51841e-7 1 4.55895e-7 -4.40724e-7 1 6.07859e-7 -2.93816e-7 1 -3.03929e-7 -2.01052e-7 1 0 -3.52581e-7 1 7.2943e-7 -1.7629e-7 1 4.55892e-7 -1.85604e-6 1 0 -2.20362e-7 1 4.55897e-7 -8.81455e-7 1 0 -5.87634e-7 1 0 -9.04736e-7 1 0 -6.03156e-7 1 5.21021e-7 -2.58496e-7 1 4.55895e-7 -4.52367e-7 1 0 -3.01578e-7 1 0 -2.02787e-7 1 0 -3.61894e-7 1 0 -1.80947e-7 1 0 -1.82508e-6 1 0 -2.26183e-7 1 -5.21021e-7 0 1 6.58192e-6 2.85864e-6 1 0 0 1 0 2.38221e-7 1 0 0 1 0 0 1 0 0 1 0 0 1 0 0 1 0 0 1 0 0 1 9.11786e-7 0 1 1.21572e-6 0 1 7.29427e-7 0 1 -2.84932e-6 2.81382e-6 1 0 0 1 1.21572e-6 1.57455e-7 1 -3.0393e-7 0 1 0 2.36182e-7 1 3.64713e-6 4.72365e-7 1 1.82357e-6 3.49215e-7 1 3.64716e-6 6.98432e-7 1 -5.21017e-7 0 1 0 1.74607e-7 1 0 0 1 0 1.39686e-7 1 1.13971e-6 2.73295e-6 1 0 0 1 -1.21572e-6 2.32811e-7 1 4.0524e-7 0 1 -4.05238e-7 0 1 1.82357e-6 4.56271e-7 1 3.64713e-6 9.12538e-7 1 5.21021e-7 1.30363e-7 1 0 2.28136e-7 1 0 0 1 7.29429e-7 1.82508e-7 1 1.36767e-6 2.62543e-6 1 4.55891e-7 0 1 0 3.04182e-7 1 0 1.38879e-7 1 1.21571e-6 3.70346e-7 1 4.05239e-7 0 1 0 5.55522e-7 1 0 1.11104e-6 1 0 1.5872e-7 1 0 2.77758e-7 1 1.51965e-6 1.5209e-7 1 0 2.22207e-7 1 2.05152e-6 2.50054e-6 1 7.29431e-7 2.58106e-7 1 -4.55892e-7 2.36745e-6 1 0 1.61316e-7 1 1.21572e-6 4.30178e-7 1 -4.0524e-7 1.23449e-7 1 0 6.45267e-7 1 3.64713e-6 1.29053e-6 1 5.21019e-7 1.84361e-7 1 0 3.22633e-7 1 0 1.85174e-7 1 -4.55892e-7 3.61983e-7 1 6.0786e-7 2.15089e-7 1 0 2.89587e-7 1 -9.11782e-7 2.23497e-6 1 2.27945e-7 1.80992e-7 1 0 4.82645e-7 1 4.0524e-7 1.43393e-7 1 -9.11783e-7 7.23966e-7 1 1.82359e-6 1.44795e-6 1 -2.60511e-7 2.06849e-7 1 2.6051e-7 2.25796e-7 1 0 3.95143e-7 1 0 2.41323e-7 1 0 2.89587e-7 1 0 2.11109e-6 1 0 1.97571e-7 1 6.07858e-7 5.26855e-7 1 0 1.60882e-7 1 9.11777e-7 7.90276e-7 1 1.82359e-6 1.58059e-6 1 0 8.43077e-7 1 0 1.68615e-6 1 0 2.4088e-7 1 0 4.21539e-7 1 0 2.6343e-7 1 0 3.37232e-7 1 4.55888e-7 2.0029e-6 1 0 2.10769e-7 1 0 5.62052e-7 1 0 1.75619e-7 1 6.07858e-7 5.87631e-7 1 0 1.87351e-7 1 9.11783e-7 8.81446e-7 1 9.11783e-7 1.76289e-6 1 1.30255e-7 2.51843e-7 1 2.27946e-7 4.40723e-7 1 0 2.81027e-7 1 1.82357e-7 3.52579e-7 1 -4.55891e-7 1.91637e-6 1 0 2.20361e-7 1 4.55889e-7 1.85603e-6 1 1.70959e-7 2.26184e-7 1 0 6.03158e-7 1 -4.0524e-7 1.95878e-7 1 -2.27946e-7 9.04733e-7 1 -4.55892e-7 1.80946e-6 1 -3.25638e-7 2.58496e-7 1 0 4.52368e-7 1 0 2.93817e-7 1 0 3.61895e-7 1 0 3.01578e-7 1 0 3.65016e-7 1 0 1.82509e-6 1 0 2.28135e-7 1 0 6.08363e-7 1 4.0524e-7 2.01052e-7 1 0 9.1254e-7 1 0 1.82507e-6 1 0 2.60726e-7 1 0 4.56271e-7 1 0 2.85866e-6 1 0 -2.85868e-6 1 1.707e-7 0 1 2.7312e-7 0 1 0 0 1 0 2.85863e-6 1 0 -2.85868e-6 1 0 2.85868e-6 1 0 -2.85863e-6 1 0 2.78459e-6 1 0 1.39825e-6 1 0 1.39826e-6 1 0 2.78441e-6 1 -3.97595e-7 2.29094e-6 1 0 9.38857e-7 1 0 7.11242e-7 1 0 7.85254e-7 1 -6.03119e-7 1.01128e-6 1 0 5.76397e-7 1 0 5.49574e-7 1 0 4.88003e-7 1 0 4.88001e-7 1 -4.4389e-7 4.65826e-7 1 -5.3972e-7 0 1 -3.03593e-7 0 1 -1.75002e-7 3.06506e-7 1 -3.90434e-7 3.69528e-7 1 -4.73077e-7 5.43868e-7 1 -1.12435e-6 0 1 -1.32061e-6 0 1 -5.79399e-7 5.38541e-7 1 -6.45742e-7 0 1 -8.00116e-7 5.06348e-7 1 -1.4615e-6 0 1 -1.95415e-6 0 1 -1.76132e-6 4.79725e-7 1 -1.32061e-6 0 1 -1.95417e-6 0 1 -2.08444e-6 0 1 -1.95416e-6 0 1 -1.95416e-6 0 1 -1.30278e-6 0 1 -1.95417e-6 0 1 -1.30278e-6 0 1 -2.60556e-6 0 1 -1.30278e-6 0 1 -2.60555e-6 0 1 -2.60555e-6 0 1 -1.62847e-6 0 1 -2.60555e-6 0 1 -5.21111e-6 0 1 9.77081e-7 0 1 0 -7.11242e-7 1 0 -9.38859e-7 1 0 -1.39825e-6 1 0 -1.39826e-6 1 7.95211e-7 -2.291e-6 1 0 -5.76398e-7 1 0 -7.85257e-7 1 0 -2.78441e-6 1 0 -4.88003e-7 1 0 -2.78459e-6 1 0 -4.88004e-7 1 0 -5.49577e-7 1 -6.03119e-7 -1.01128e-6 1 -2.95928e-7 -4.65827e-7 1 -6.79732e-7 0 1 -2.6986e-7 0 1 -5.04617e-7 -5.4387e-7 1 -2.69861e-7 0 1 -2.62502e-7 -3.06507e-7 1 -1.05649e-6 0 1 -1.07081e-6 0 1 -6.0837e-7 -5.38541e-7 1 -2.92825e-7 -3.69527e-7 1 -8.42229e-7 -5.06346e-7 1 -1.95417e-6 0 1 -1.53843e-6 0 1 -1.76132e-6 -4.79724e-7 1 0 0 1 -5.21021e-7 0 1 0 -2.38221e-7 1 0 0 1 0 0 1 0 0 1 0 0 1 0 0 1 0 0 1 4.0524e-7 0 1 3.90767e-7 0 1 3.64713e-6 -4.72365e-7 1 0 -2.36182e-7 1 6.0786e-7 0 1 1.21572e-6 -1.57455e-7 1 7.29427e-7 0 1 4.55893e-7 0 1 9.11786e-7 0 1 0 -1.74607e-7 1 0 0 1 -5.21021e-7 0 1 3.64716e-6 -6.98432e-7 1 1.82357e-6 -3.49215e-7 1 6.07858e-7 0 1 -1.21572e-6 -2.32811e-7 1 0 -1.39686e-7 1 4.55894e-7 0 1 7.29429e-7 -1.82508e-7 1 0 0 1 0 -2.28136e-7 1 0 0 1 5.21016e-7 -1.30362e-7 1 3.64713e-6 -9.12538e-7 1 1.82357e-6 -4.56271e-7 1 6.07859e-7 -1.52091e-7 1 0 -3.04182e-7 1 1.21571e-6 -3.70346e-7 1 0 -2.22207e-7 1 0 -1.3888e-7 1 0 -2.77758e-7 1 0 -1.23449e-7 1 0 -1.5872e-7 1 0 -1.11104e-6 1 0 -5.55522e-7 1 3.64713e-6 -1.29053e-6 1 0 -6.45267e-7 1 6.07857e-7 -2.15088e-7 1 1.21572e-6 -4.30178e-7 1 7.29431e-7 -2.58106e-7 1 4.55893e-7 -1.61316e-7 1 0 -3.22633e-7 1 0 -1.43392e-7 1 0 -1.8436e-7 1 0 -2.06848e-7 1 1.82359e-6 -1.44795e-6 1 -9.11783e-7 -7.23966e-7 1 0 -2.41322e-7 1 0 -4.82645e-7 1 0 -2.89587e-7 1 4.55894e-7 -1.61316e-7 1 -4.55892e-7 -3.61983e-7 1 2.02619e-7 -1.60881e-7 1 4.05238e-7 -1.75618e-7 1 2.60509e-7 -2.25795e-7 1 1.82359e-6 -1.58059e-6 1 9.11777e-7 -7.90276e-7 1 6.07855e-7 -2.63427e-7 1 6.07858e-7 -5.26855e-7 1 0 -2.89587e-7 1 -9.11786e-7 -1.80992e-7 1 0 -3.95143e-7 1 0 -1.97571e-7 1 0 -4.21539e-7 1 2.02619e-7 -1.87351e-7 1 2.60509e-7 -2.4088e-7 1 0 -1.68615e-6 1 0 -8.43077e-7 1 0 -2.81027e-7 1 0 -5.62052e-7 1 0 -3.37232e-7 1 6.07858e-7 -5.87631e-7 1 1.82357e-7 -3.52579e-7 1 0 -2.1077e-7 1 2.27946e-7 -4.40723e-7 1 0 -1.95877e-7 1 0 -2.51843e-7 1 9.11783e-7 -1.76289e-6 1 9.11783e-7 -8.81446e-7 1 3.0393e-7 -2.93817e-7 1 -3.79912e-7 -3.01579e-7 1 0 -6.03158e-7 1 0 -3.61895e-7 1 9.11784e-7 -2.20361e-7 1 0 -4.52368e-7 1 -2.53274e-7 -2.01052e-7 1 -5.21018e-7 -2.58496e-7 1 -4.55892e-7 -1.80946e-6 1 -2.27946e-7 -9.04733e-7 1 0 -1.82507e-6 1 0 -9.1254e-7 1 0 -3.04181e-7 1 0 -6.08363e-7 1 0 -3.65016e-7 1 4.55893e-7 -2.26184e-7 1 0 -4.56271e-7 1 0 -2.02787e-7 1 -3.12598e-7 -2.60727e-7 1 3.41919e-7 0 1 0 0 1 -1.30255e-7 0 1 2.27947e-7 0 1 3.03928e-7 0 1 0 0 1 7.29431e-7 0 1 8.35803e-7 0 1 1.13974e-6 0 1 9.11785e-7 1.57455e-7 1 6.8384e-7 2.36183e-7 1 6.8384e-7 0 1 7.29433e-7 0 1 3.90767e-7 0 1 6.07858e-7 0 1 4.05236e-7 0 1 6.8384e-7 0 1 1.82357e-7 0 1 3.64715e-7 0 1 -6.07858e-7 2.3281e-7 1 -1.13973e-6 3.49215e-7 1 2.27945e-7 0 1 -1.82357e-7 1.39685e-7 1 0 1.30364e-7 1 0 0 1 2.02619e-7 0 1 6.83839e-7 1.74607e-7 1 4.05238e-7 0 1 6.83844e-7 2.28137e-7 1 0 0 1 1.82357e-6 3.0418e-7 1 1.59563e-6 4.56273e-7 1 2.27946e-7 0 1 7.29432e-7 1.82509e-7 1 -5.21023e-7 1.58721e-7 1 3.03929e-7 1.52091e-7 1 0 1.85173e-7 1 4.05235e-7 1.23448e-7 1 -4.55894e-7 2.7776e-7 1 7.29433e-7 1.29053e-7 1 -3.03928e-7 3.70346e-7 1 0 5.55521e-7 1 0 1.3888e-7 1 0 2.22208e-7 1 0 1.84361e-7 1 7.2943e-7 2.58106e-7 1 -2.60511e-7 2.06848e-7 1 6.0786e-7 2.15089e-7 1 0 1.43392e-7 1 4.55895e-7 3.22633e-7 1 1.82358e-7 1.44794e-7 1 9.11787e-7 4.30177e-7 1 1.36767e-6 6.4526e-7 1 0 1.61316e-7 1 4.55892e-7 1.80992e-7 1 3.64714e-7 2.89587e-7 1 2.60511e-7 2.25796e-7 1 0 2.63428e-7 1 0 1.60881e-7 1 0 3.61984e-7 1 1.82358e-7 1.58057e-7 1 6.07858e-7 4.82646e-7 1 -4.55894e-7 7.23969e-7 1 6.07859e-7 5.26858e-7 1 9.11786e-7 7.90285e-7 1 4.55893e-7 1.97571e-7 1 7.29427e-7 3.16113e-7 1 0 2.4088e-7 1 6.07859e-7 2.63429e-7 1 0 1.75619e-7 1 4.55896e-7 3.95144e-7 1 1.82358e-7 1.68616e-7 1 0 4.21539e-7 1 0 1.7629e-7 1 -6.07859e-7 5.62054e-7 1 0 8.43081e-7 1 0 2.1077e-7 1 -3.64714e-7 3.37231e-7 1 1.30256e-7 2.51842e-7 1 0 2.81026e-7 1 0 1.87351e-7 1 0 1.95877e-7 1 4.55895e-7 4.40724e-7 1 5.01486e-7 1.80947e-7 1 0 5.87634e-7 1 4.55897e-7 8.81455e-7 1 0 2.20362e-7 1 0 3.52581e-7 1 3.90766e-7 2.58495e-7 1 6.07859e-7 2.93816e-7 1 2.08392e-7 2.60726e-7 1 0 3.01578e-7 1 4.05235e-7 2.01052e-7 1 4.55895e-7 4.52367e-7 1 0 1.82508e-7 1 0 6.03156e-7 1 0 9.04736e-7 1 0 2.26184e-7 1 0 3.61894e-7 1 7.61678e-7 0 1 -1.52335e-7 0 1 7.61677e-7 0 1 -2.85629e-7 0 1 0 -7.14664e-7 1 2.28504e-6 0 1 9.52099e-7 0 1 9.52097e-7 0 1 0 -9.52886e-7 1 1.9042e-6 0 1 6.09343e-7 0 1 1.19013e-6 0 1 0 -5.71731e-7 1 6.34731e-7 0 1 0 7.14664e-7 1 0 5.71731e-7 1 0 9.52886e-7 1 0 2.85868e-6 1 9.52102e-7 0 1 0 -2.85867e-6 1</float_array>
          <technique_common>
            <accessor source="#Plane_003-mesh-normals-array" count="562" stride="3">
              <param name="X" type="float"/>
              <param name="Y" type="float"/>
              <param name="Z" type="float"/>
            </accessor>
          </technique_common>
        </source>
        <source id="Plane_003-mesh-map-0">
          <float_array id="Plane_003-mesh-map-0-array" count="39024">0.96875 1 1 0.96875 0.96875 0.96875 0.1169287 0.2018725 0.09308248 0.2292348 0.09308248 0.2018725 0 1 0.03125 1 0.03125 1 1 0 0.96875 0 0.96875 0 1 1 1 0.96875 1 0.96875 0 0 0 0.03125 0 0.03125 0.5 0 0.4375 0 0.4375 0 0.5 1 0.53125 1 0.53125 1 0.6094489 0.8859284 0.5957678 0.9097747 0.5957678 0.8859284 0.4375 1 0.5 0.96875 0.4375 0.96875 0.75 1 0.875 1 0.875 1 0.75 0 0.734375 0 0.734375 0 0.8283469 0.8859284 0.7188979 0.9097747 0.7188979 0.8859284 0.734375 1 0.75 0.96875 0.734375 0.96875 0.125 1 0.25 0.96875 0.125 0.96875 0.390551 0.8859284 0.3358266 0.9097747 0.3358266 0.8859284 0.25 0 0.125 0 0.125 0 0.25 1 0.2803819 1 0.2803819 1 0.2811021 0.489176 0.1716532 0.5028572 0.1716532 0.489176 0.125 0.5 0.25 0.484375 0.125 0.484375 0.734375 0.5 0.75 0.484375 0.734375 0.484375 0.7188979 0.489176 0.7052168 0.5028572 0.7052168 0.489176 0.4375 0.5 0.5 0.484375 0.4375 0.484375 0.5 0.489176 0.4452756 0.5028572 0.4452756 0.489176 0 0.5 0 0.515625 0 0.515625 1 0.5 1 0.484375 1 0.484375 0.9069176 0.2702782 0.8830713 0.2839593 0.8830713 0.2702782 0.96875 0.5 1 0.484375 0.96875 0.484375 0.09375 0.5 0.125 0.484375 0.09375 0.484375 0.1716532 0.489176 0.1442909 0.5028572 0.1442909 0.489176 0.125 0 0.09375 0 0.09375 0 0.1716532 0.8859284 0.1442909 0.9097747 0.1442909 0.8859284 0.09375 1 0.125 0.96875 0.09375 0.96875 0.125 1 0.25 1 0.25 1 0.390551 0.489176 0.3358266 0.5028572 0.3358266 0.489176 0.3125 0.5 0.375 0.484375 0.3125 0.484375 0.375 1 0.40625 1 0.40625 1 0.3125 1 0.375 0.96875 0.3125 0.96875 0.2811021 0.8859284 0.1716532 0.9097747 0.1716532 0.8859284 0.375 0 0.3125 0 0.3125 0 0.609375 0.5 0.625 0.484375 0.609375 0.484375 0.609375 1 0.625 0.96875 0.609375 0.96875 0.5 0.8859284 0.4452756 0.9097747 0.4452756 0.8859284 0.625 0 0.609375 0 0.609375 0 0.625 1 0.640625 1 0.640625 1 0.75 0.5 0.875 0.484375 0.75 0.484375 0.8283469 0.489176 0.7188979 0.5028572 0.7188979 0.489176 0.875 1 0.90625 1 0.90625 1 0.875 0 0.75 0 0.75 0 0.7188979 0.8859284 0.7052168 0.9097747 0.7052168 0.8859284 0.75 1 0.875 0.96875 0.75 0.96875 0.9375 1 0.96875 1 0.96875 1 0.90625 0.5 0.9375 0.484375 0.90625 0.484375 0.8830713 0.489176 0.8557091 0.5028572 0.8557091 0.489176 0.9375 0 0.90625 0 0.90625 0 0.1442909 0.9168066 0.1169287 0.9406529 0.1169287 0.9168066 0.90625 1 0.9375 0.96875 0.90625 0.96875 0.03125 1 0.0625 0.96875 0.03125 0.96875 0.1442909 0.8859284 0.1169287 0.9097747 0.1169287 0.8859284 0.0625 0 0.03125 0 0.03125 0 0.08605045 0.2702782 0.06220424 0.2839593 0.06220424 0.2702782 0.03125 0.5 0.0625 0.484375 0.03125 0.484375 0.0625 1 0.09375 1 0.09375 1 0.03125 0.25 0.0625 0.234375 0.03125 0.234375 0.08605045 0.1745103 0.06220424 0.2018725 0.06220424 0.1745103 0.8830713 0.2702782 0.8557091 0.2839593 0.8557091 0.2702782 0.90625 0.25 0.9375 0.234375 0.90625 0.234375 0.8283469 0.2702782 0.7188979 0.2839593 0.7188979 0.2702782 0.75 0.25 0.875 0.234375 0.75 0.234375 0.609375 0.25 0.625 0.234375 0.609375 0.234375 0.3125 0.25 0.375 0.234375 0.3125 0.234375 0.390551 0.2702782 0.3358266 0.2839593 0.3358266 0.2702782 0.1716532 0.2702782 0.1442909 0.2839593 0.1442909 0.2702782 0.09375 0.25 0.125 0.234375 0.09375 0.234375 0.96875 0.25 1 0.234375 0.96875 0.234375 0.9069176 0.1745103 0.8830713 0.2018725 0.8830713 0.1745103 1 0.25 1 0.234375 1 0.234375 0.5 0.2702782 0.4452756 0.2839593 0.4452756 0.2702782 0.4375 0.25 0.5 0.234375 0.4375 0.234375 0.7188979 0.2702782 0.7052168 0.2839593 0.7052168 0.2702782 0.734375 0.25 0.75 0.234375 0.734375 0.234375 0.125 0.25 0.25 0.234375 0.125 0.234375 0.2811021 0.2702782 0.1716532 0.2839593 0.1716532 0.2702782 0 0.25 0 0.265625 0 0.265625 0.2811021 0.1471481 0.1716532 0.1745103 0.1716532 0.1471481 0.125 0.125 0.25 0.09375 0.125 0.09375 0.734375 0.125 0.75 0.09375 0.734375 0.09375 0.7188979 0.1471481 0.7052168 0.1745103 0.7052168 0.1471481 0.4375 0.125 0.5 0.09375 0.4375 0.09375 0.5 0.1471481 0.4452756 0.1745103 0.4452756 0.1471481 1 0.125 1 0.09375 1 0.09375 0.9069176 0.1197859 0.8830713 0.1471481 0.8830713 0.1197859 0.96875 0.125 1 0.09375 0.96875 0.09375 0.09375 0.125 0.125 0.09375 0.09375 0.09375 0.1716532 0.1471481 0.1442909 0.1745103 0.1442909 0.1471481 0.390551 0.1471481 0.3358266 0.1745103 0.3358266 0.1471481 0.3125 0.125 0.375 0.09375 0.3125 0.09375 0.6094489 0.1471481 0.5957678 0.1745103 0.5957678 0.1471481 0.609375 0.125 0.625 0.09375 0.609375 0.09375 0.75 0.125 0.875 0.09375 0.75 0.09375 0.8283469 0.1471481 0.7188979 0.1745103 0.7188979 0.1471481 0.90625 0.125 0.9375 0.09375 0.90625 0.09375 0.8830713 0.1471481 0.8557091 0.1745103 0.8557091 0.1471481 0.08605045 0.1197859 0.06220424 0.1471481 0.06220424 0.1197859 0.03125 0.125 0.0625 0.09375 0.03125 0.09375 0 0.125 0 0.15625 0 0.15625 0.03125 0.0625 0.0625 0.03125 0.03125 0.03125 0.1442909 0.06506139 0.1169287 0.08890759 0.1169287 0.06506139 0.9104335 0.06506139 0.8830713 0.08890759 0.8830713 0.06506139 0.90625 0.0625 0.9375 0.03125 0.90625 0.03125 0.2811021 0.09593957 0.1716532 0.1197859 0.1716532 0.09593957 0.75 0.0625 0.875 0.03125 0.75 0.03125 0.609375 0.0625 0.625 0.03125 0.609375 0.03125 0.7188979 0.09593957 0.7052168 0.1197859 0.7052168 0.09593957 0.3125 0.0625 0.375 0.03125 0.3125 0.03125 0.1716532 0.09593957 0.1442909 0.1197859 0.1442909 0.09593957 0.1716532 0.06506139 0.1442909 0.08890759 0.1442909 0.06506139 0.09375 0.0625 0.125 0.03125 0.09375 0.03125 0.96875 0.0625 1 0.03125 0.96875 0.03125 0.9377958 0.06506139 0.9139495 0.08890759 0.9104335 0.06506139 1 0.0625 1 0.03125 1 0.03125 0.6094489 0.06506139 0.5957678 0.08890759 0.5957678 0.06506139 0.4375 0.0625 0.5 0.03125 0.4375 0.03125 0.8283469 0.06506139 0.7188979 0.08890759 0.7188979 0.06506139 0.734375 0.0625 0.75 0.03125 0.734375 0.03125 0.125 0.0625 0.25 0.03125 0.125 0.03125 0.390551 0.06506139 0.3358266 0.08890759 0.3358266 0.06506139 0 0.0625 0 0.09375 0 0.09375 0.390551 0.09593957 0.3358266 0.1197859 0.3358266 0.09593957 0.125 0.03125 0.25 0 0.125 0 0.734375 0.03125 0.75 0 0.734375 0 0.8283469 0.09593957 0.7188979 0.1197859 0.7188979 0.09593957 0.4375 0.03125 0.5 0 0.4375 0 0.6094489 0.09593957 0.5957678 0.1197859 0.5957678 0.09593957 1 0.03125 1 0 1 0 0.08605045 0.7764795 0.06220424 0.8312039 0.06220424 0.7764795 0.96875 0.03125 1 0 0.96875 0 0.09375 0.03125 0.125 0 0.09375 0 0.8557091 0.09593957 0.8283469 0.1197859 0.8283469 0.09593957 0.2811021 0.06506139 0.1716532 0.08890759 0.1716532 0.06506139 0.3125 0.03125 0.375 0 0.3125 0 0.5 0.06506139 0.4452756 0.08890759 0.4452756 0.06506139 0.609375 0.03125 0.625 0 0.609375 0 0.75 0.03125 0.875 0 0.75 0 0.7188979 0.06506139 0.7052168 0.08890759 0.7052168 0.06506139 0.90625 0.03125 0.9375 0 0.90625 0 0.8830713 0.09593957 0.8557091 0.1197859 0.8557091 0.09593957 0.1169287 0.09593957 0.09308248 0.1197859 0.09308248 0.09593963 0.03125 0.03125 0.0625 0 0.03125 0 0 0.03125 0 0.0625 0 0.0625 0 0.03125 0.03125 0 0 0 0.9069176 0.7080739 0.8830713 0.721755 0.8830713 0.7080739 0.1169287 0.1197859 0.09308248 0.1471481 0.09308248 0.1197859 0 0.0625 0.03125 0.03125 0 0.03125 0 0.125 0.03125 0.09375 0 0.09375 0.1169287 0.1745103 0.09308248 0.2018725 0.09308248 0.1745103 0.1169287 0.2702782 0.09308248 0.2839593 0.09308248 0.2702782 0 0.25 0.03125 0.234375 0 0.234375 0 0.5 0.03125 0.484375 0 0.484375 0.1169287 0.7080739 0.09308248 0.721755 0.09308248 0.7080739 0.03125 0 0 0 0 0 0.9139495 0.9168066 0.9377958 0.9406529 0.9104335 0.9406529 0 1 0.03125 0.96875 0 0.96875 0.03125 1 0.0625 1 0.0625 1 0.9375 0.03125 0.96875 0 0.9375 0 0.1442909 0.09593957 0.1169287 0.1197859 0.1169287 0.09593957 0.8830713 0.06506139 0.8557091 0.08890759 0.8557091 0.06506139 0.9375 0.0625 0.96875 0.03125 0.9375 0.03125 0.9375 0.125 0.96875 0.09375 0.9375 0.09375 0.9377958 0.1745103 0.9139496 0.2018725 0.9139495 0.1745103 0.9377958 0.2702782 0.9139496 0.2839593 0.9139495 0.2702782 0.9375 0.25 0.96875 0.234375 0.9375 0.234375 0.96875 1 1 1 1 1 0.9375 0.5 0.96875 0.484375 0.9375 0.484375 0.9377958 0.7080739 0.9139496 0.721755 0.9139495 0.7080739 0.96875 0 0.9375 0 0.9375 0 0.8830713 0.8859284 0.8557091 0.9097747 0.8557091 0.8859284 0.9375 1 0.96875 0.96875 0.9375 0.96875 0.9375 0.75 0.96875 0.734375 0.9375 0.734375 0.9069176 0.489176 0.8830713 0.5028572 0.8830713 0.489176 0 0.75 0.03125 0.734375 0 0.734375 0.08605045 0.489176 0.06220424 0.5028572 0.06220424 0.489176 0.1169287 0.489176 0.09308248 0.5028572 0.09308248 0.489176 0.03125 0.75 0.0625 0.734375 0.03125 0.734375 0.90625 0.75 0.9375 0.734375 0.90625 0.734375 0.8830713 0.7080739 0.8557091 0.721755 0.8557091 0.7080739 0.75 0.75 0.875 0.734375 0.75 0.734375 0.8283469 0.7080739 0.7188979 0.721755 0.7188979 0.7080739 0.609375 0.75 0.625 0.734375 0.609375 0.734375 0.390551 0.7080739 0.3358266 0.721755 0.3358266 0.7080739 0.3125 0.75 0.375 0.734375 0.3125 0.734375 0.09375 0.75 0.125 0.734375 0.09375 0.734375 0.1716532 0.7080739 0.1442909 0.721755 0.1442909 0.7080739 0 0.75 0 0.765625 0 0.765625 0.2811021 0.7080739 0.1716532 0.721755 0.1716532 0.7080739 0.125 0.75 0.25 0.734375 0.125 0.734375 0.734375 0.75 0.75 0.734375 0.734375 0.734375 0.7188979 0.7080739 0.7052168 0.721755 0.7052168 0.7080739 0.4375 0.75 0.5 0.734375 0.4375 0.734375 0.5 0.7080739 0.4452756 0.721755 0.4452756 0.7080739 1 0.75 1 0.734375 1 0.734375 0.9377958 0.489176 0.9139496 0.5028572 0.9139495 0.489176 0.96875 0.75 1 0.734375 0.96875 0.734375 0 0.875 0 0.90625 0 0.90625 0.9375 0.875 0.96875 0.8125 0.9375 0.8125 0.9377958 0.7764795 0.9139496 0.8312039 0.9139495 0.7764795 0 0.875 0.03125 0.8125 0 0.8125 0.1169287 0.7764795 0.09308248 0.8312039 0.09308248 0.7764795 0.9069176 0.7764795 0.8830713 0.8312039 0.8830713 0.7764795 0.03125 0.875 0.0625 0.8125 0.03125 0.8125 0.90625 0.875 0.9375 0.8125 0.90625 0.8125 0.8830713 0.7764795 0.8557091 0.8312039 0.8557091 0.7764795 0.75 0.875 0.875 0.8125 0.75 0.8125 0.8283469 0.7764795 0.7188979 0.8312039 0.7188979 0.7764795 0.6094489 0.7764795 0.5957678 0.8312039 0.5957678 0.7764795 0.609375 0.875 0.625 0.8125 0.609375 0.8125 0.390551 0.7764795 0.3358266 0.8312039 0.3358266 0.7764795 0.3125 0.875 0.375 0.8125 0.3125 0.8125 0.09375 0.875 0.125 0.8125 0.09375 0.8125 0.1716532 0.7764795 0.1442909 0.8312039 0.1442909 0.7764795 0.2811021 0.7764795 0.1716532 0.8312039 0.1716532 0.7764795 0.125 0.875 0.25 0.8125 0.125 0.8125 0.734375 0.875 0.75 0.8125 0.734375 0.8125 0.7188979 0.7764795 0.7052168 0.8312039 0.7052168 0.7764795 0.4375 0.875 0.5 0.8125 0.4375 0.8125 0.5273622 0.2018725 0.5410434 0.2018725 0.5 0.2292348 1 0.875 1 0.8125 1 0.8125 0.08605045 0.8312039 0.06220424 0.8585662 0.06220424 0.8312039 0.96875 0.875 1 0.8125 0.96875 0.8125 0 0.9375 0 0.96875 0 0.96875 0.9375 0.9375 0.96875 0.90625 0.9375 0.90625 0.9139495 0.8859284 0.9377958 0.9132906 0.9139496 0.9168067 0 0.9375 0.03125 0.90625 0 0.90625 0.1169287 0.8859284 0.09308242 0.9097746 0.09308248 0.8859284 0.08605045 0.8585662 0.06220424 0.8859284 0.06220424 0.8585662 0.03125 0.9375 0.0625 0.90625 0.03125 0.90625 0.90625 0.9375 0.9375 0.90625 0.90625 0.90625 0.8830713 0.8585662 0.8557091 0.8859284 0.8557091 0.8585662 0.75 0.9375 0.875 0.90625 0.75 0.90625 0.8283469 0.8585662 0.7188979 0.8859284 0.7188979 0.8585662 0.6094489 0.8585662 0.5957678 0.8859284 0.5957678 0.8585662 0.609375 0.9375 0.625 0.90625 0.609375 0.90625 0.390551 0.8585662 0.3358266 0.8859284 0.3358266 0.8585662 0.3125 0.9375 0.375 0.90625 0.3125 0.90625 0.09375 0.9375 0.125 0.90625 0.09375 0.90625 0.1716532 0.8585662 0.1442909 0.8859284 0.1442909 0.8585662 0.2811021 0.8585662 0.1716532 0.8859284 0.1716532 0.8585662 0.125 0.9375 0.25 0.90625 0.125 0.90625 0.734375 0.9375 0.75 0.90625 0.734375 0.90625 0.7188979 0.8585662 0.7052168 0.8859284 0.7052168 0.8585662 0.4375 0.9375 0.5 0.90625 0.4375 0.90625 0.5 0.8585662 0.4452756 0.8859284 0.4452756 0.8585662 1 0.9375 1 0.90625 1 0.90625 0.9069176 0.8585662 0.8830713 0.8859284 0.8830713 0.8585662 0.96875 0.9375 1 0.90625 0.96875 0.90625 0 0.96875 0 1 0 1 0.9375 0.96875 0.96875 0.9375 0.9375 0.9375 0.6094489 0.9168066 0.5957678 0.9406529 0.5957678 0.9168066 0 0.96875 0.03125 0.9375 0 0.9375 0.9377958 0.8585662 0.9139496 0.8859284 0.9139495 0.8585662 0.08605045 0.8859284 0.06220424 0.9132906 0.06220424 0.8859284 0.03125 0.96875 0.0625 0.9375 0.03125 0.9375 0.90625 0.96875 0.9375 0.9375 0.90625 0.9375 0.8830713 0.9168066 0.8557091 0.9406529 0.8557091 0.9168066 0.75 0.96875 0.875 0.9375 0.75 0.9375 0.390551 0.9168066 0.3358266 0.9406529 0.3358266 0.9168066 0.8283469 0.9168066 0.7188979 0.9406529 0.7188979 0.9168066 0.609375 0.96875 0.625 0.9375 0.609375 0.9375 0.1716532 0.9168066 0.1442909 0.9406529 0.1442909 0.9168066 0.3125 0.96875 0.375 0.9375 0.3125 0.9375 0.09375 0.96875 0.125 0.9375 0.09375 0.9375 0.8557091 0.9168066 0.8283469 0.9406529 0.8283469 0.9168066 0.2811021 0.9168066 0.1716532 0.9406529 0.1716532 0.9168066 0.125 0.96875 0.25 0.9375 0.125 0.9375 0.734375 0.96875 0.75 0.9375 0.734375 0.9375 0.7188979 0.9168066 0.7052168 0.9406529 0.7052168 0.9168066 0.4375 0.96875 0.5 0.9375 0.4375 0.9375 0.5 0.9168066 0.4452756 0.9406529 0.4452756 0.9168066 1 0.96875 1 0.9375 1 0.9375 0.9069176 0.8859284 0.8830713 0.9097747 0.8830713 0.8859284 0.96875 0.96875 1 0.9375 0.96875 0.9375 0.96875 0.90625 1 0.875 0.96875 0.875 0.1169287 0.8585662 0.09308248 0.8859284 0.09308248 0.8585662 1 0.90625 1 0.875 1 0.875 0.5 0.8312039 0.4452756 0.8585662 0.4452756 0.8312039 0.4375 0.90625 0.5 0.875 0.4375 0.875 0.7188979 0.8312039 0.7052168 0.8585662 0.7052168 0.8312039 0.734375 0.90625 0.75 0.875 0.734375 0.875 0.125 0.90625 0.25 0.875 0.125 0.875 0.2811021 0.8312039 0.1716532 0.8585662 0.1716532 0.8312039 0.1716532 0.8312039 0.1442909 0.8585662 0.1442909 0.8312039 0.09375 0.90625 0.125 0.875 0.09375 0.875 0.3125 0.90625 0.375 0.875 0.3125 0.875 0.390551 0.8312039 0.3358266 0.8585662 0.3358266 0.8312039 0.609375 0.90625 0.625 0.875 0.609375 0.875 0.6094489 0.8312039 0.5957678 0.8585662 0.5957678 0.8312039 0.8283469 0.8312039 0.7188979 0.8585662 0.7188979 0.8312039 0.75 0.90625 0.875 0.875 0.75 0.875 0.8830713 0.8312039 0.8557091 0.8585662 0.8557091 0.8312039 0.90625 0.90625 0.9375 0.875 0.90625 0.875 0.03125 0.90625 0.0625 0.875 0.03125 0.875 0.9069176 0.8312039 0.8830713 0.8585662 0.8830713 0.8312039 0.1169287 0.8312039 0.09308248 0.8585662 0.09308248 0.8312039 0 0.90625 0.03125 0.875 0 0.875 0.9377958 0.8312039 0.9139496 0.8585662 0.9139495 0.8312039 0.9375 0.90625 0.96875 0.875 0.9375 0.875 0 0.90625 0 0.9375 0 0.9375 0.0625 0.90625 0.09375 0.875 0.0625 0.875 0.1442909 0.8312039 0.1169287 0.8585662 0.1169287 0.8312039 0.08605045 0.9168066 0.06220424 0.9406529 0.06220424 0.9132906 0.0625 0.96875 0.09375 0.9375 0.0625 0.9375 0.1442909 0.8585662 0.1169287 0.8859284 0.1169287 0.8585662 0.0625 0.9375 0.09375 0.90625 0.0625 0.90625 0.1442909 0.7764795 0.1169287 0.8312039 0.1169287 0.7764795 0.0625 0.875 0.09375 0.8125 0.0625 0.8125 0.1442909 0.7080739 0.1169287 0.721755 0.1169287 0.7080739 0.0625 0.75 0.09375 0.734375 0.0625 0.734375 0.08605045 0.7080739 0.06220424 0.721755 0.06220424 0.7080739 0.0625 0.03125 0.09375 0 0.0625 0 0.0625 0.0625 0.09375 0.03125 0.0625 0.03125 0.08956646 0.06506139 0.1169287 0.08890759 0.08605045 0.08890759 0.1442909 0.1471481 0.1169287 0.1745103 0.1169287 0.1471481 0.0625 0.125 0.09375 0.09375 0.0625 0.09375 0.0625 0.25 0.09375 0.234375 0.0625 0.234375 0.1442909 0.2702782 0.1169287 0.2839593 0.1169287 0.2702782 0.09375 1 0.125 1 0.125 1 0.0625 1 0.09375 0.96875 0.0625 0.96875 0.1169287 0.9168066 0.08956646 0.9406529 0.08605045 0.9168065 0.09375 0 0.0625 0 0.0625 0 0.1442909 0.489176 0.1169287 0.5028572 0.1169287 0.489176 0.0625 0.5 0.09375 0.484375 0.0625 0.484375 0.1442909 0.2018725 0.1169287 0.2292348 0.1169287 0.2018725 0.0625 0.1875 0.09375 0.15625 0.0625 0.15625 0.9375 0.1875 0.96875 0.15625 0.9375 0.15625 0.9377958 0.2429159 0.9139496 0.2565971 0.9139495 0.2429159 0 0.1875 0.03125 0.15625 0 0.15625 0.1169287 0.2429159 0.09308248 0.2565971 0.09308248 0.2429159 0 0.1875 0 0.203125 0 0.203125 0.2811021 0.2018725 0.1716532 0.2292348 0.1716532 0.2018725 0.125 0.1875 0.25 0.15625 0.125 0.15625 0.734375 0.1875 0.75 0.15625 0.734375 0.15625 0.7188979 0.2018725 0.7052168 0.2292348 0.7052168 0.2018725 0.4375 0.1875 0.5 0.15625 0.4375 0.15625 0.5 0.2018725 0.4452756 0.2292348 0.4452756 0.2018725 1 0.1875 1 0.15625 1 0.15625 0.9069176 0.2018725 0.8830713 0.2292348 0.8830713 0.2018725 0.96875 0.1875 1 0.15625 0.96875 0.15625 0.09375 0.1875 0.125 0.15625 0.09375 0.15625 0.1716532 0.2018725 0.1442909 0.2292348 0.1442909 0.2018725 0.390551 0.2018725 0.3358266 0.2292348 0.3358266 0.2018725 0.3125 0.1875 0.375 0.15625 0.3125 0.15625 0.6094489 0.2018725 0.5957678 0.2292348 0.5957678 0.2018725 0.609375 0.1875 0.625 0.15625 0.609375 0.15625 0.75 0.1875 0.875 0.15625 0.75 0.15625 0.8283469 0.2018725 0.7188979 0.2292348 0.7188979 0.2018725 0.90625 0.1875 0.9375 0.15625 0.90625 0.15625 0.8830713 0.2018725 0.8557091 0.2292348 0.8557091 0.2018725 0.08605045 0.2018725 0.06220424 0.2292348 0.06220424 0.2018725 0.03125 0.1875 0.0625 0.15625 0.03125 0.15625 0.0625 0.09375 0.09375 0.0625 0.0625 0.0625 0.1442909 0.1197859 0.1169287 0.1471481 0.1169287 0.1197859 0.9377958 0.1197859 0.9139496 0.1471481 0.9139495 0.1197859 0.9375 0.09375 0.96875 0.0625 0.9375 0.0625 0.06220424 0.09242361 0.08605045 0.1197859 0.06220424 0.1197859 0 0.09375 0.03125 0.0625 0 0.0625 0 0.09375 0 0.125 0 0.125 0.03125 0.09375 0.0625 0.0625 0.03125 0.0625 0.06220424 0.06506139 0.08605045 0.08890759 0.06220424 0.09242361 0.8830713 0.1197859 0.8557091 0.1471481 0.8557091 0.1197859 0.90625 0.09375 0.9375 0.0625 0.90625 0.0625 0.8283469 0.1197859 0.7188979 0.1471481 0.7188979 0.1197859 0.75 0.09375 0.875 0.0625 0.75 0.0625 0.609375 0.09375 0.625 0.0625 0.609375 0.0625 0.6094489 0.1197859 0.5957678 0.1471481 0.5957678 0.1197859 0.3125 0.09375 0.375 0.0625 0.3125 0.0625 0.390551 0.1197859 0.3358266 0.1471481 0.3358266 0.1197859 0.1716532 0.1197859 0.1442909 0.1471481 0.1442909 0.1197859 0.09375 0.09375 0.125 0.0625 0.09375 0.0625 0.96875 0.09375 1 0.0625 0.96875 0.0625 0.9377958 0.09242361 0.9139496 0.1197859 0.9139495 0.08890759 1 0.09375 1 0.0625 1 0.0625 0.5 0.1197859 0.4452756 0.1471481 0.4452756 0.1197859 0.4375 0.09375 0.5 0.0625 0.4375 0.0625 0.7188979 0.1197859 0.7052168 0.1471481 0.7052168 0.1197859 0.734375 0.09375 0.75 0.0625 0.734375 0.0625 0.125 0.09375 0.25 0.0625 0.125 0.0625 0.2811021 0.1197859 0.1716532 0.1471481 0.1716532 0.1197859 0.03125 0.15625 0.0625 0.125 0.03125 0.125 0.1169287 0.1471481 0.09308248 0.1745103 0.09308248 0.1471481 0.8830713 0.1745103 0.8557091 0.2018725 0.8557091 0.1745103 0.90625 0.15625 0.9375 0.125 0.90625 0.125 0.8283469 0.1745103 0.7188979 0.2018725 0.7188979 0.1745103 0.75 0.15625 0.875 0.125 0.75 0.125 0.609375 0.15625 0.625 0.125 0.609375 0.125 0.6094489 0.1745103 0.5957678 0.2018725 0.5957678 0.1745103 0.3125 0.15625 0.375 0.125 0.3125 0.125 0.390551 0.1745103 0.3358266 0.2018725 0.3358266 0.1745103 0.1716532 0.1745103 0.1442909 0.2018725 0.1442909 0.1745103 0.09375 0.15625 0.125 0.125 0.09375 0.125 0.96875 0.15625 1 0.125 0.96875 0.125 0.9377958 0.1471481 0.9139496 0.1745103 0.9139495 0.1471481 1 0.15625 1 0.125 1 0.125 0.5 0.1745103 0.4452756 0.2018725 0.4452756 0.1745103 0.4375 0.15625 0.5 0.125 0.4375 0.125 0.7188979 0.1745103 0.7052168 0.2018725 0.7052168 0.1745103 0.734375 0.15625 0.75 0.125 0.734375 0.125 0.125 0.15625 0.25 0.125 0.125 0.125 0.2811021 0.1745103 0.1716532 0.2018725 0.1716532 0.1745103 0.08605045 0.1471481 0.06220424 0.1745103 0.06220424 0.1471481 0 0.15625 0.03125 0.125 0 0.125 0.9069176 0.1471481 0.8830713 0.1745103 0.8830713 0.1471481 0.9375 0.15625 0.96875 0.125 0.9375 0.125 0.0625 0.15625 0.09375 0.125 0.0625 0.125 0.1442909 0.1745103 0.1169287 0.2018725 0.1169287 0.1745103 0 0.15625 0 0.1875 0 0.1875 0.875 0.15625 0.90625 0.125 0.875 0.125 0.8557091 0.1745103 0.8283469 0.2018725 0.8283469 0.1745103 0.875 0.09375 0.90625 0.0625 0.875 0.0625 0.8557091 0.1197859 0.8283469 0.1471481 0.8283469 0.1197859 0.8557091 0.2018725 0.8283469 0.2292348 0.8283469 0.2018725 0.875 0.1875 0.90625 0.15625 0.875 0.15625 0.875 0.90625 0.90625 0.875 0.875 0.875 0.8557091 0.8312039 0.8283469 0.8585662 0.8283469 0.8312039 0.8830713 0.9168066 0.9104335 0.9406529 0.8830713 0.9406529 0.875 0.96875 0.90625 0.9375 0.875 0.9375 0.8557091 0.8585662 0.8283469 0.8859284 0.8283469 0.8585662 0.875 0.9375 0.90625 0.90625 0.875 0.90625 0.8557091 0.7764795 0.8283469 0.8312039 0.8283469 0.7764795 0.875 0.875 0.90625 0.8125 0.875 0.8125 0.8557091 0.7080739 0.8283469 0.721755 0.8283469 0.7080739 0.875 0.75 0.90625 0.734375 0.875 0.734375 0.9069176 0.09593963 0.8830713 0.1197859 0.8830713 0.09593957 0.875 0.03125 0.90625 0 0.875 0 0.875 0.0625 0.90625 0.03125 0.875 0.03125 0.8557091 0.06506139 0.8283469 0.08890759 0.8283469 0.06506139 0.8557091 0.1471481 0.8283469 0.1745103 0.8283469 0.1471481 0.875 0.125 0.90625 0.09375 0.875 0.09375 0.875 0.25 0.90625 0.234375 0.875 0.234375 0.8557091 0.2702782 0.8283469 0.2839593 0.8283469 0.2702782 0.875 1 0.90625 0.96875 0.875 0.96875 0.8557091 0.8859284 0.8283469 0.9097747 0.8283469 0.8859284 0.90625 0 0.875 0 0.875 0 0.8557091 0.489176 0.8283469 0.5028572 0.8283469 0.489176 0.875 0.5 0.90625 0.484375 0.875 0.484375 0.90625 1 0.9375 1 0.9375 1 0.8557091 0.2429159 0.8283469 0.2565971 0.8283469 0.2429159 0.875 0.21875 0.90625 0.203125 0.875 0.203125 0 0.21875 0 0.234375 0 0.234375 0.1442909 0.2429159 0.1169287 0.2565971 0.1169287 0.2429159 0.0625 0.21875 0.09375 0.203125 0.0625 0.203125 0.9375 0.21875 0.96875 0.203125 0.9375 0.203125 0.3358266 0.9168066 0.390551 0.9097746 0.390551 0.9168066 0 0.21875 0.03125 0.203125 0 0.203125 0.9377958 0.2018725 0.9139496 0.2292348 0.9139495 0.2018725 0.2811021 0.2429159 0.1716532 0.2565971 0.1716532 0.2429159 0.125 0.21875 0.25 0.203125 0.125 0.203125 0.734375 0.21875 0.75 0.203125 0.734375 0.203125 0.7188979 0.2429159 0.7052168 0.2565971 0.7052168 0.2429159 0.4375 0.21875 0.5 0.203125 0.4375 0.203125 0.5 0.2429159 0.4452756 0.2565971 0.4452756 0.2429159 1 0.21875 1 0.203125 1 0.203125 0.9069176 0.2429159 0.8830713 0.2565971 0.8830713 0.2429159 0.96875 0.21875 1 0.203125 0.96875 0.203125 0.09375 0.21875 0.125 0.203125 0.09375 0.203125 0.1716532 0.2429159 0.1442909 0.2565971 0.1442909 0.2429159 0.390551 0.2429159 0.3358266 0.2565971 0.3358266 0.2429159 0.3125 0.21875 0.375 0.203125 0.3125 0.203125 0.609375 0.21875 0.625 0.203125 0.609375 0.203125 0.75 0.21875 0.875 0.203125 0.75 0.203125 0.8283469 0.2429159 0.7188979 0.2565971 0.7188979 0.2429159 0.90625 0.21875 0.9375 0.203125 0.90625 0.203125 0.8830713 0.2429159 0.8557091 0.2565971 0.8557091 0.2429159 0.08605045 0.2429159 0.06220424 0.2565971 0.06220424 0.2429159 0.03125 0.21875 0.0625 0.203125 0.03125 0.203125 0.1716532 0.09593957 0.2811021 0.08890759 0.2811021 0.09593957 0.6094489 0.09593957 0.62313 0.08890759 0.62313 0.09593957 0.390551 0.09593957 0.4179133 0.08890759 0.4179133 0.09593957 0.9069176 0.09593963 0.8830713 0.08890759 0.9139496 0.08890759 0.1169287 0.09593957 0.1442909 0.08890759 0.1442909 0.09593957 0.2811021 0.09593957 0.3077043 0.08890759 0.3077043 0.09593957 0.5 0.09593957 0.5273622 0.08890759 0.5273622 0.09593957 0.7188979 0.09593957 0.8283469 0.08890759 0.8283469 0.09593957 0.8283469 0.09593957 0.8557091 0.08890759 0.8557091 0.09593957 0.09308248 0.09593963 0.1169287 0.08890759 0.1169287 0.09593957 0.09308248 0.09593963 0.08605045 0.1197859 0.08605045 0.08890759 0.09308248 0.1745103 0.08605045 0.1471481 0.09308248 0.1471481 0.09308248 0.2839593 0.08605045 0.2702782 0.09308248 0.2702782 0.09308248 0.5028572 0.08605045 0.489176 0.09308248 0.489176 0.9139496 0.1197859 0.9069176 0.09593963 0.9139495 0.08890759 0.9139496 0.1745103 0.9069176 0.1471481 0.9139495 0.1471481 0.9139496 0.2839593 0.9069176 0.2702782 0.9139495 0.2702782 0.9139496 0.5028572 0.9069176 0.489176 0.9139495 0.489176 0.09308248 0.721755 0.08605045 0.7080739 0.09308248 0.7080739 0.9139496 0.721755 0.9069176 0.7080739 0.9139495 0.7080739 0.09308248 0.8312039 0.08605045 0.7764795 0.09308248 0.7764795 0.9139496 0.8312039 0.9069176 0.7764795 0.9139495 0.7764795 0.09308248 0.8859284 0.08605045 0.8585662 0.09308248 0.8585662 0.9139496 0.8859284 0.9069176 0.8585662 0.9139495 0.8585662 0.09308242 0.9097746 0.08605045 0.8859284 0.09308248 0.8859284 0.9139495 0.8859284 0.9069176 0.9097747 0.9069176 0.8859284 0.8830713 0.9168066 0.9069176 0.9097747 0.9139496 0.9168066 0.1169287 0.9168066 0.09308242 0.9097746 0.1169287 0.9097746 0.8283469 0.9168066 0.8557091 0.9097746 0.8557091 0.9168066 0.7188979 0.9168066 0.8283469 0.9097746 0.8283469 0.9168066 0.5 0.9168066 0.5273622 0.9097747 0.5273622 0.9168066 0.2811021 0.9168066 0.3077043 0.9097747 0.3077043 0.9168066 0.1169287 0.9168066 0.1442909 0.9097746 0.1442909 0.9168066 0.1716532 0.9168066 0.2811021 0.9097746 0.2811021 0.9168066 0.6094489 0.9168066 0.62313 0.9097747 0.62313 0.9168066 0.390551 0.9168066 0.4179133 0.9097747 0.4179133 0.9168066 0.09308248 0.8585662 0.08605045 0.8312039 0.09308248 0.8312039 0.9139496 0.8585662 0.9069176 0.8312039 0.9139495 0.8312039 0.1442909 0.09593957 0.1716532 0.08890759 0.1716532 0.09593957 0.1442909 0.9168066 0.1716532 0.9097746 0.1716532 0.9168066 0.09308248 0.2292348 0.08605045 0.2018725 0.09308248 0.2018725 0.9139496 0.2292348 0.9069176 0.2018725 0.9139495 0.2018725 0.09308248 0.1471481 0.08605045 0.1197859 0.09308248 0.1197859 0.9139496 0.1471481 0.9069176 0.1197859 0.9139495 0.1197859 0.09308248 0.2018725 0.08605045 0.1745103 0.09308248 0.1745103 0.9139496 0.2018725 0.9069176 0.1745103 0.9139495 0.1745103 0.8557091 0.09593957 0.8830713 0.08890759 0.8830713 0.09593957 0.8557091 0.9168066 0.8830713 0.9097746 0.8830713 0.9168066 0.09308248 0.2565971 0.08605045 0.2429159 0.09308248 0.2429159 0.9139496 0.2565971 0.9069176 0.2429159 0.9139495 0.2429159 0.5 0.09593957 0.4452756 0.1197859 0.4452756 0.09593957 0.3358266 0.09593957 0.390551 0.08890759 0.390551 0.09593957 0.280382 0.21875 0.3125 0.203125 0.280382 0.203125 0.3358266 0.2429159 0.3077043 0.2565971 0.3077043 0.2429159 0.3358266 0.1745103 0.3077043 0.2018725 0.3077043 0.1745103 0.2803819 0.15625 0.3125 0.125 0.2803819 0.125 0.3358266 0.1197859 0.3077043 0.1471481 0.3077043 0.1197859 0.2803819 0.09375 0.3125 0.0625 0.2803819 0.0625 0.2803819 0.1875 0.3125 0.15625 0.2803819 0.15625 0.3358266 0.2018725 0.3077043 0.2292348 0.3077043 0.2018725 0.3358266 0.8312039 0.3077043 0.8585662 0.3077043 0.8312039 0.2803819 0.90625 0.3125 0.875 0.2803819 0.8750001 0.2803819 0.96875 0.3125 0.9375 0.2803819 0.9375 0.3358266 0.9168066 0.3077043 0.940653 0.3077043 0.9168066 0.2803819 0.9375 0.3125 0.90625 0.2803819 0.90625 0.3358266 0.8585662 0.3077043 0.8859284 0.3077043 0.8585662 0.2803819 0.8750001 0.3125 0.8125 0.2803819 0.8125 0.3358266 0.7764795 0.3077043 0.8312039 0.3077043 0.7764795 0.2803819 0.75 0.3125 0.734375 0.280382 0.734375 0.3358266 0.7080739 0.3077043 0.721755 0.3077043 0.7080739 0.2803819 0.03125 0.3125 0 0.2803819 0 0.3358266 0.09593957 0.3077043 0.1197859 0.3077043 0.09593957 0.3358266 0.06506139 0.3077043 0.08890759 0.3077043 0.06506139 0.2803819 0.0625 0.3125 0.03125 0.2803819 0.03125 0.2803819 0.125 0.3125 0.09375 0.2803819 0.09375 0.3358266 0.1471481 0.3077043 0.1745103 0.3077043 0.1471481 0.3358266 0.2702782 0.3077043 0.2839593 0.3077043 0.2702782 0.2803819 0.25 0.3125 0.234375 0.2803819 0.234375 0.3125 0 0.2803819 0 0.2803819 0 0.2803819 1 0.3125 0.96875 0.2803819 0.96875 0.2803819 0.5 0.3125 0.484375 0.2803819 0.484375 0.3358266 0.489176 0.3077043 0.5028572 0.3077043 0.489176 0.3125 1 0.375 1 0.375 1 0.3358266 0.8859284 0.3077043 0.9097747 0.3077043 0.8859284 0.4452756 0.09593957 0.4179133 0.1197859 0.4179133 0.09593957 0.4452756 0.9168066 0.5 0.9097746 0.5 0.9168066 0.4452756 0.09593957 0.5 0.08890759 0.5 0.09593957 0.4452756 0.2429159 0.4179133 0.2565971 0.4179133 0.2429159 0.40625 0.21875 0.4375 0.203125 0.40625 0.203125 0.40625 0.15625 0.4375 0.125 0.40625 0.125 0.4452756 0.1745103 0.4179133 0.2018725 0.4179133 0.1745103 0.40625 0.09375 0.4375 0.0625 0.40625 0.0625 0.4452756 0.1197859 0.4179133 0.1471481 0.4179133 0.1197859 0.4452756 0.2018725 0.4179133 0.2292348 0.4179133 0.2018725 0.40625 0.1875 0.4375 0.15625 0.40625 0.15625 0.40625 0.90625 0.4375 0.875 0.40625 0.875 0.4452756 0.8312039 0.4179133 0.8585662 0.4179133 0.8312039 0.4452756 0.9168066 0.4179133 0.9406529 0.4179133 0.9168066 0.40625 0.96875 0.4375 0.9375 0.40625 0.9375 0.4452756 0.8585662 0.4179133 0.8859284 0.4179133 0.8585662 0.40625 0.9375 0.4375 0.90625 0.40625 0.90625 0.4179133 0.7764795 0.4452756 0.8312039 0.4179133 0.8312039 0.40625 0.875 0.4375 0.8125 0.40625 0.8125 0.4452756 0.7080739 0.4179133 0.721755 0.4179133 0.7080739 0.40625 0.75 0.4375 0.734375 0.40625 0.734375 0.4452756 0.06506139 0.4179133 0.08890759 0.4179133 0.06506139 0.40625 0.03125 0.4375 0 0.40625 0 0.40625 0.0625 0.4375 0.03125 0.40625 0.03125 0.4452756 0.1471481 0.4179133 0.1745103 0.4179133 0.1471481 0.40625 0.125 0.4375 0.09375 0.40625 0.09375 0.40625 0.25 0.4375 0.234375 0.40625 0.234375 0.4452756 0.2702782 0.4179133 0.2839593 0.4179133 0.2702782 0.4452756 0.8859284 0.4179133 0.9097747 0.4179133 0.8859284 0.4375 1 0.5 1 0.5 1 0.4452756 0.489176 0.4179133 0.5028572 0.4179133 0.489176 0.40625 0.5 0.4375 0.484375 0.40625 0.484375 0.40625 1 0.4375 0.96875 0.40625 0.96875 0.4375 0 0.40625 0 0.40625 0 0.40625 0.8125 0.4375 0.796875 0.40625 0.796875 0.4452756 0.7627984 0.4179133 0.7764795 0.4179133 0.7627984 0.3358266 0.7627984 0.3077043 0.7764795 0.3077043 0.7627984 0.2803819 0.8125 0.3125 0.796875 0.2803819 0.796875 0.9139495 0.7764795 0.9069176 0.7627984 0.9139495 0.7627984 0.09308248 0.7764795 0.08605045 0.7627984 0.09308248 0.7627984 0.875 0.8125 0.90625 0.796875 0.875 0.796875 0.8557091 0.7627984 0.8283469 0.7764795 0.8283469 0.7627984 0.0625 0.8125 0.09375 0.796875 0.0625 0.796875 0.1442909 0.7627984 0.1169287 0.7764795 0.1169287 0.7627984 0.96875 0.8125 1 0.796875 0.96875 0.796875 1 0.8125 1 0.796875 1 0.796875 0.5 0.7627984 0.4452756 0.7764795 0.4452756 0.7627984 0.4375 0.8125 0.5 0.796875 0.4375 0.796875 0.7188979 0.7627984 0.7052168 0.7764795 0.7052168 0.7627984 0.734375 0.8125 0.75 0.796875 0.734375 0.796875 0.125 0.8125 0.25 0.796875 0.125 0.796875 0.2811021 0.7627984 0.1716532 0.7764795 0.1716532 0.7627984 0.1716532 0.7627984 0.1442909 0.7764795 0.1442909 0.7627984 0.09375 0.8125 0.125 0.796875 0.09375 0.796875 0.3125 0.8125 0.375 0.796875 0.3125 0.796875 0.390551 0.7627984 0.3358266 0.7764795 0.3358266 0.7627984 0.609375 0.8125 0.625 0.796875 0.609375 0.796875 0.8283469 0.7627984 0.7188979 0.7764795 0.7188979 0.7627984 0.75 0.8125 0.875 0.796875 0.75 0.796875 0.8830713 0.7627984 0.8557091 0.7764795 0.8557091 0.7627984 0.90625 0.8125 0.9375 0.796875 0.90625 0.796875 0.03125 0.8125 0.0625 0.796875 0.03125 0.796875 0.9069176 0.7627984 0.8830713 0.7764795 0.8830713 0.7627984 0.1169287 0.7627984 0.09308248 0.7764795 0.09308248 0.7627984 0 0.8125 0.03125 0.796875 0 0.796875 0.9377958 0.7627984 0.9139495 0.7764795 0.9139495 0.7627984 0.9375 0.8125 0.96875 0.796875 0.9375 0.796875 0 0.8125 0 0.875 0 0.875 0.08605045 0.7627984 0.06220424 0.7764795 0.06220424 0.7627984 0.40625 0.375 0.4375 0.359375 0.40625 0.359375 0.4452756 0.3797271 0.4179133 0.3934082 0.4179133 0.3797271 0.3358266 0.3797271 0.3077043 0.3934082 0.3077043 0.3797271 0.280382 0.375 0.3125 0.359375 0.280382 0.359375 0.9139495 0.3934082 0.9069176 0.3797271 0.9139495 0.3797271 0.09308248 0.3934082 0.08605045 0.3797271 0.09308248 0.3797271 0.875 0.375 0.90625 0.359375 0.875 0.359375 0.8557091 0.3797271 0.8283469 0.3934082 0.8283469 0.3797271 0.0625 0.375 0.09375 0.359375 0.0625 0.359375 0.1442909 0.3797271 0.1169287 0.3934082 0.1169287 0.3797271 0.9377958 0.3797271 0.9139495 0.3934082 0.9139495 0.3797271 0.1169287 0.3797271 0.09308248 0.3934082 0.09308248 0.3797271 0.08605045 0.3797271 0.06220424 0.3934082 0.06220424 0.3797271 0.9069176 0.3797271 0.8830713 0.3934082 0.8830713 0.3797271 0.9375 0.375 0.96875 0.359375 0.9375 0.359375 0 0.375 0.03125 0.359375 0 0.359375 0 0.375 0 0.390625 0 0.390625 0.03125 0.375 0.0625 0.359375 0.03125 0.359375 0.8830713 0.3797271 0.8557091 0.3934082 0.8557091 0.3797271 0.90625 0.375 0.9375 0.359375 0.90625 0.359375 0.8283469 0.3797271 0.7188979 0.3934082 0.7188979 0.3797271 0.75 0.375 0.875 0.359375 0.75 0.359375 0.609375 0.375 0.625 0.359375 0.609375 0.359375 0.3125 0.375 0.375 0.359375 0.3125 0.359375 0.390551 0.3797271 0.3358266 0.3934082 0.3358266 0.3797271 0.1716532 0.3797271 0.1442909 0.3934082 0.1442909 0.3797271 0.09375 0.375 0.125 0.359375 0.09375 0.359375 0.96875 0.375 1 0.359375 0.96875 0.359375 1 0.375 1 0.359375 1 0.359375 0.5 0.3797271 0.4452756 0.3934082 0.4452756 0.3797271 0.4375 0.375 0.5 0.359375 0.4375 0.359375 0.7188979 0.3797271 0.7052168 0.3934082 0.7052168 0.3797271 0.734375 0.375 0.75 0.359375 0.734375 0.359375 0.125 0.375 0.25 0.359375 0.125 0.359375 0.2811021 0.3797271 0.1716532 0.3934082 0.1716532 0.3797271 0 0.4375 0 0.453125 0 0.453125 0.40625 0.4375 0.4375 0.421875 0.40625 0.421875 0.4452756 0.4344516 0.4179133 0.4481327 0.4179133 0.4344516 0.3358266 0.4344516 0.3077043 0.4481327 0.3077043 0.4344516 0.2803819 0.4375 0.3125 0.421875 0.2803819 0.421875 0.9139495 0.4481327 0.9069176 0.4344516 0.9139495 0.4344516 0.09308248 0.4481327 0.08605045 0.4344516 0.09308248 0.4344516 0.875 0.4375 0.90625 0.421875 0.875 0.421875 0.8557091 0.4344516 0.8283469 0.4481327 0.8283469 0.4344516 0.0625 0.4375 0.09375 0.421875 0.0625 0.421875 0.1442909 0.4344516 0.1169287 0.4481327 0.1169287 0.4344516 0.9377958 0.4344516 0.9139495 0.4481327 0.9139495 0.4344516 0.1169287 0.4344516 0.09308248 0.4481327 0.09308248 0.4344516 0.08605045 0.4344516 0.06220424 0.4481327 0.06220424 0.4344516 0.9069176 0.4344516 0.8830713 0.4481327 0.8830713 0.4344516 0.9375 0.4375 0.96875 0.421875 0.9375 0.421875 0 0.4375 0.03125 0.421875 0 0.421875 0.03125 0.4375 0.0625 0.421875 0.03125 0.421875 0.8830713 0.4344516 0.8557091 0.4481327 0.8557091 0.4344516 0.90625 0.4375 0.9375 0.421875 0.90625 0.421875 0.8283469 0.4344516 0.7188979 0.4481327 0.7188979 0.4344516 0.75 0.4375 0.875 0.421875 0.75 0.421875 0.609375 0.4375 0.625 0.421875 0.609375 0.421875 0.3125 0.4375 0.375 0.421875 0.3125 0.421875 0.390551 0.4344516 0.3358266 0.4481327 0.3358266 0.4344516 0.1716532 0.4344516 0.1442909 0.4481327 0.1442909 0.4344516 0.09375 0.4375 0.125 0.421875 0.09375 0.421875 0.96875 0.4375 1 0.421875 0.96875 0.421875 1 0.4375 1 0.421875 1 0.421875 0.5 0.4344516 0.4452756 0.4481327 0.4452756 0.4344516 0.4375 0.4375 0.5 0.421875 0.4375 0.421875 0.7188979 0.4344516 0.7052168 0.4481327 0.7052168 0.4344516 0.734375 0.4375 0.75 0.421875 0.734375 0.421875 0.125 0.4375 0.25 0.421875 0.125 0.421875 0.2811021 0.4344516 0.1716532 0.4481327 0.1716532 0.4344516 0.40625 0.625 0.4375 0.609375 0.40625 0.609375 0.4452756 0.598625 0.4179133 0.6123061 0.4179133 0.598625 0.3358266 0.598625 0.3077043 0.6123061 0.3077043 0.598625 0.2803819 0.625 0.3125 0.609375 0.2803819 0.609375 0.9139495 0.6123061 0.9069176 0.598625 0.9139495 0.598625 0.09308248 0.6123061 0.08605045 0.598625 0.09308248 0.598625 0.875 0.625 0.90625 0.609375 0.875 0.609375 0.8557091 0.598625 0.8283469 0.6123061 0.8283469 0.598625 0.08605045 0.598625 0.06220424 0.6123061 0.06220424 0.598625 0.0625 0.625 0.09375 0.609375 0.0625 0.609375 0.1442909 0.598625 0.1169287 0.6123061 0.1169287 0.598625 0.96875 0.625 1 0.609375 0.96875 0.609375 1 0.625 1 0.609375 1 0.609375 0.5 0.598625 0.4452756 0.6123061 0.4452756 0.598625 0.4375 0.625 0.5 0.609375 0.4375 0.609375 0.7188979 0.598625 0.7052168 0.6123061 0.7052168 0.598625 0.734375 0.625 0.75 0.609375 0.734375 0.609375 0.125 0.625 0.25 0.609375 0.125 0.609375 0.2811021 0.598625 0.1716532 0.6123061 0.1716532 0.598625 0.1716532 0.598625 0.1442909 0.6123061 0.1442909 0.598625 0.09375 0.625 0.125 0.609375 0.09375 0.609375 0.3125 0.625 0.375 0.609375 0.3125 0.609375 0.390551 0.598625 0.3358266 0.6123061 0.3358266 0.598625 0.609375 0.625 0.625 0.609375 0.609375 0.609375 0.8283469 0.598625 0.7188979 0.6123061 0.7188979 0.598625 0.75 0.625 0.875 0.609375 0.75 0.609375 0.8830713 0.598625 0.8557091 0.6123061 0.8557091 0.598625 0.90625 0.625 0.9375 0.609375 0.90625 0.609375 0.03125 0.625 0.0625 0.609375 0.03125 0.609375 0 0.625 0.03125 0.609375 0 0.609375 0.9375 0.625 0.96875 0.609375 0.9375 0.609375 0.9377958 0.598625 0.9139495 0.6123061 0.9139495 0.598625 0.1169287 0.598625 0.09308248 0.6123061 0.09308248 0.598625 0.9069176 0.598625 0.8830713 0.6123061 0.8830713 0.598625 0 0.625 0 0.640625 0 0.640625 0.9069176 0.5439006 0.8830713 0.5575817 0.8830713 0.5439006 0.1169287 0.5439006 0.09308248 0.5575817 0.09308248 0.5439006 0.9377958 0.5439006 0.9139495 0.5575817 0.9139495 0.5439006 0.9375 0.5625 0.96875 0.546875 0.9375 0.546875 0 0.5625 0.03125 0.546875 0 0.546875 0.03125 0.5625 0.0625 0.546875 0.03125 0.546875 0.90625 0.5625 0.9375 0.546875 0.90625 0.546875 0.8830713 0.5439006 0.8557091 0.5575817 0.8557091 0.5439006 0.75 0.5625 0.875 0.546875 0.75 0.546875 0.8283469 0.5439006 0.7188979 0.5575817 0.7188979 0.5439006 0.609375 0.5625 0.625 0.546875 0.609375 0.546875 0.390551 0.5439006 0.3358266 0.5575817 0.3358266 0.5439006 0.3125 0.5625 0.375 0.546875 0.3125 0.546875 0.09375 0.5625 0.125 0.546875 0.09375 0.546875 0.1716532 0.5439006 0.1442909 0.5575817 0.1442909 0.5439006 0.2811021 0.5439006 0.1716532 0.5575817 0.1716532 0.5439006 0.125 0.5625 0.25 0.546875 0.125 0.546875 0.734375 0.5625 0.75 0.546875 0.734375 0.546875 0.7188979 0.5439006 0.7052168 0.5575817 0.7052168 0.5439006 0.4375 0.5625 0.5 0.546875 0.4375 0.546875 0.5 0.5439006 0.4452756 0.5575817 0.4452756 0.5439006 1 0.5625 1 0.546875 1 0.546875 0.96875 0.5625 1 0.546875 0.96875 0.546875 0.1442909 0.5439006 0.1169287 0.5575817 0.1169287 0.5439006 0.0625 0.5625 0.09375 0.546875 0.0625 0.546875 0.08605045 0.5439006 0.06220424 0.5575817 0.06220424 0.5439006 0.8557091 0.5439006 0.8283469 0.5575817 0.8283469 0.5439006 0.875 0.5625 0.90625 0.546875 0.875 0.546875 0.09308248 0.5575817 0.08605045 0.5439006 0.09308248 0.5439006 0.9139495 0.5575817 0.9069176 0.5439006 0.9139495 0.5439006 0.2803819 0.5625 0.3125 0.546875 0.2803819 0.546875 0.3358266 0.5439006 0.3077043 0.5575817 0.3077043 0.5439006 0.4452756 0.5439006 0.4179133 0.5575817 0.4179133 0.5439006 0.40625 0.5625 0.4375 0.546875 0.40625 0.546875 0 0.5625 0 0.578125 0 0.578125 0 0.6875 0 0.703125 0 0.703125 0.40625 0.6875 0.4375 0.671875 0.40625 0.671875 0.4452756 0.6533495 0.4179133 0.6670306 0.4179133 0.6533495 0.3358266 0.6533495 0.3077043 0.6670306 0.3077043 0.6533495 0.2803819 0.6875 0.3125 0.671875 0.2803819 0.671875 0.9139495 0.6670306 0.9069176 0.6533495 0.9139495 0.6533495 0.09308248 0.6670306 0.08605045 0.6533495 0.09308248 0.6533495 0.875 0.6875 0.90625 0.671875 0.875 0.671875 0.8557091 0.6533495 0.8283469 0.6670306 0.8283469 0.6533495 0.08605045 0.6533495 0.06220424 0.6670306 0.06220424 0.6533495 0.0625 0.6875 0.09375 0.671875 0.0625 0.671875 0.1442909 0.6533495 0.1169287 0.6670306 0.1169287 0.6533495 0.96875 0.6875 1 0.671875 0.96875 0.671875 1 0.6875 1 0.671875 1 0.671875 0.5 0.6533495 0.4452756 0.6670306 0.4452756 0.6533495 0.4375 0.6875 0.5 0.671875 0.4375 0.671875 0.7188979 0.6533495 0.7052168 0.6670306 0.7052168 0.6533495 0.734375 0.6875 0.75 0.671875 0.734375 0.671875 0.125 0.6875 0.25 0.671875 0.125 0.671875 0.2811021 0.6533495 0.1716532 0.6670306 0.1716532 0.6533495 0.1716532 0.6533495 0.1442909 0.6670306 0.1442909 0.6533495 0.09375 0.6875 0.125 0.671875 0.09375 0.671875 0.3125 0.6875 0.375 0.671875 0.3125 0.671875 0.390551 0.6533495 0.3358266 0.6670306 0.3358266 0.6533495 0.609375 0.6875 0.625 0.671875 0.609375 0.671875 0.8283469 0.6533495 0.7188979 0.6670306 0.7188979 0.6533495 0.75 0.6875 0.875 0.671875 0.75 0.671875 0.8830713 0.6533495 0.8557091 0.6670306 0.8557091 0.6533495 0.90625 0.6875 0.9375 0.671875 0.90625 0.671875 0.03125 0.6875 0.0625 0.671875 0.03125 0.671875 0 0.6875 0.03125 0.671875 0 0.671875 0.9375 0.6875 0.96875 0.671875 0.9375 0.671875 0.9377958 0.6533495 0.9139495 0.6670306 0.9139495 0.6533495 0.1169287 0.6533495 0.09308248 0.6670306 0.09308248 0.6533495 0.9069176 0.6533495 0.8830713 0.6670306 0.8830713 0.6533495 0.2811021 0.3250026 0.1716532 0.3386837 0.1716532 0.3250026 0.125 0.3125 0.25 0.296875 0.125 0.296875 0.734375 0.3125 0.75 0.296875 0.734375 0.296875 0.7188979 0.3250026 0.7052168 0.3386837 0.7052168 0.3250026 0.4375 0.3125 0.5 0.296875 0.4375 0.296875 0.5 0.3250026 0.4452756 0.3386837 0.4452756 0.3250026 1 0.3125 1 0.296875 1 0.296875 0.96875 0.3125 1 0.296875 0.96875 0.296875 0.09375 0.3125 0.125 0.296875 0.09375 0.296875 0.1716532 0.3250026 0.1442909 0.3386837 0.1442909 0.3250026 0.390551 0.3250026 0.3358266 0.3386837 0.3358266 0.3250026 0.3125 0.3125 0.375 0.296875 0.3125 0.296875 0.609375 0.3125 0.625 0.296875 0.609375 0.296875 0.75 0.3125 0.875 0.296875 0.75 0.296875 0.8283469 0.3250026 0.7188979 0.3386837 0.7188979 0.3250026 0.90625 0.3125 0.9375 0.296875 0.90625 0.296875 0.8830713 0.3250026 0.8557091 0.3386837 0.8557091 0.3250026 0.03125 0.3125 0.0625 0.296875 0.03125 0.296875 0 0.3125 0.03125 0.296875 0 0.296875 0.9375 0.3125 0.96875 0.296875 0.9375 0.296875 0.9069176 0.3250026 0.8830713 0.3386837 0.8830713 0.3250026 0.08605045 0.3250026 0.06220424 0.3386837 0.06220424 0.3250026 0.1169287 0.3250026 0.09308248 0.3386837 0.09308248 0.3250026 0.9377958 0.3250026 0.9139495 0.3386837 0.9139495 0.3250026 0.1442909 0.3250026 0.1169287 0.3386837 0.1169287 0.3250026 0.0625 0.3125 0.09375 0.296875 0.0625 0.296875 0.8557091 0.3250026 0.8283469 0.3386837 0.8283469 0.3250026 0.875 0.3125 0.90625 0.296875 0.875 0.296875 0.09308248 0.3386837 0.08605045 0.3250026 0.09308248 0.3250026 0.9139495 0.3386837 0.9069176 0.3250026 0.9139495 0.3250026 0.280382 0.3125 0.3125 0.296875 0.280382 0.296875 0.3358266 0.3250026 0.3077043 0.3386837 0.3077043 0.3250026 0.4452756 0.3250026 0.4179133 0.3386837 0.4179133 0.3250026 0.40625 0.3125 0.4375 0.296875 0.40625 0.296875 0 0.3125 0 0.328125 0 0.328125 0.40625 0.28125 0.4375 0.265625 0.40625 0.265625 0.4452756 0.2976404 0.4179133 0.3113215 0.4179133 0.2976404 0.3358266 0.2976404 0.3077043 0.3113215 0.3077043 0.2976404 0.2803819 0.28125 0.3125 0.265625 0.280382 0.265625 0.9139495 0.3113215 0.9069176 0.2976404 0.9139495 0.2976404 0.09308248 0.3113215 0.08605045 0.2976404 0.09308248 0.2976404 0.875 0.28125 0.90625 0.265625 0.875 0.265625 0.8557091 0.2976404 0.8283469 0.3113215 0.8283469 0.2976404 0.0625 0.28125 0.09375 0.265625 0.0625 0.265625 0.1442909 0.2976404 0.1169287 0.3113215 0.1169287 0.2976404 0.9377958 0.2976404 0.9139495 0.3113215 0.9139495 0.2976404 0.1169287 0.2976404 0.09308248 0.3113215 0.09308248 0.2976404 0.08605045 0.2976404 0.06220424 0.3113215 0.06220424 0.2976404 0.9069176 0.2976404 0.8830713 0.3113215 0.8830713 0.2976404 0.9375 0.28125 0.96875 0.265625 0.9375 0.265625 0 0.28125 0.03125 0.265625 0 0.265625 0.03125 0.28125 0.0625 0.265625 0.03125 0.265625 0.8830713 0.2976404 0.8557091 0.3113215 0.8557091 0.2976404 0.90625 0.28125 0.9375 0.265625 0.90625 0.265625 0.8283469 0.2976404 0.7188979 0.3113215 0.7188979 0.2976404 0.75 0.28125 0.875 0.265625 0.75 0.265625 0.609375 0.28125 0.625 0.265625 0.609375 0.265625 0.3125 0.28125 0.375 0.265625 0.3125 0.265625 0.390551 0.2976404 0.3358266 0.3113215 0.3358266 0.2976404 0.1716532 0.2976404 0.1442909 0.3113215 0.1442909 0.2976404 0.09375 0.28125 0.125 0.265625 0.09375 0.265625 0.96875 0.28125 1 0.265625 0.96875 0.265625 1 0.28125 1 0.265625 1 0.265625 0.5 0.2976404 0.4452756 0.3113215 0.4452756 0.2976404 0.4375 0.28125 0.5 0.265625 0.4375 0.265625 0.7188979 0.2976404 0.7052168 0.3113215 0.7052168 0.2976404 0.734375 0.28125 0.75 0.265625 0.734375 0.265625 0.125 0.28125 0.25 0.265625 0.125 0.265625 0.2811021 0.2976404 0.1716532 0.3113215 0.1716532 0.2976404 0 0.28125 0 0.296875 0 0.296875 0 0.34375 0 0.359375 0 0.359375 0.2811021 0.3523648 0.1716532 0.366046 0.1716532 0.3523648 0.125 0.34375 0.25 0.328125 0.125 0.328125 0.734375 0.34375 0.75 0.328125 0.734375 0.328125 0.7188979 0.3523648 0.7052168 0.366046 0.7052168 0.3523648 0.4375 0.34375 0.5 0.328125 0.4375 0.328125 0.4452756 0.3523648 0.5 0.366046 0.4452756 0.366046 1 0.34375 1 0.328125 1 0.328125 0.96875 0.34375 1 0.328125 0.96875 0.328125 0.09375 0.34375 0.125 0.328125 0.09375 0.328125 0.1716532 0.3523648 0.1442909 0.366046 0.1442909 0.3523648 0.390551 0.3523648 0.3358266 0.366046 0.3358266 0.3523648 0.3125 0.34375 0.375 0.328125 0.3125 0.328125 0.609375 0.34375 0.625 0.328125 0.609375 0.328125 0.75 0.34375 0.875 0.328125 0.75 0.328125 0.8283469 0.3523648 0.7188979 0.366046 0.7188979 0.3523648 0.90625 0.34375 0.9375 0.328125 0.90625 0.328125 0.8830713 0.3523648 0.8557091 0.366046 0.8557091 0.3523648 0.03125 0.34375 0.0625 0.328125 0.03125 0.328125 0 0.34375 0.03125 0.328125 0 0.328125 0.9375 0.34375 0.96875 0.328125 0.9375 0.328125 0.9069176 0.3523648 0.8830713 0.366046 0.8830713 0.3523648 0.08605045 0.3523648 0.06220424 0.366046 0.06220424 0.3523648 0.1169287 0.3523648 0.09308248 0.366046 0.09308248 0.3523648 0.9377958 0.3523648 0.9139495 0.366046 0.9139495 0.3523648 0.1442909 0.3523648 0.1169287 0.366046 0.1169287 0.3523648 0.0625 0.34375 0.09375 0.328125 0.0625 0.328125 0.8557091 0.3523648 0.8283469 0.366046 0.8283469 0.3523648 0.875 0.34375 0.90625 0.328125 0.875 0.328125 0.09308248 0.366046 0.08605045 0.3523648 0.09308248 0.3523648 0.9139495 0.366046 0.9069176 0.3523648 0.9139495 0.3523648 0.2803819 0.34375 0.3125 0.328125 0.2803819 0.328125 0.3358266 0.3523648 0.3077043 0.366046 0.3077043 0.3523648 0.4452756 0.3523648 0.4179133 0.366046 0.4179133 0.3523648 0.40625 0.34375 0.4375 0.328125 0.40625 0.328125 0.546875 0.34375 0.5625 0.328125 0.546875 0.328125 0.546875 0.28125 0.5625 0.265625 0.546875 0.265625 0.546875 0.3125 0.5625 0.296875 0.546875 0.296875 0.546875 0.6875 0.5625 0.671875 0.546875 0.671875 0.546875 0.5625 0.5625 0.546875 0.546875 0.546875 0.546875 0.625 0.5625 0.609375 0.546875 0.609375 0.546875 0.4375 0.5625 0.421875 0.546875 0.421875 0.546875 0.375 0.5625 0.359375 0.546875 0.359375 0.546875 0.8125 0.5625 0.796875 0.546875 0.796875 0.5547245 0.9168066 0.5684056 0.9097747 0.5684056 0.9168066 0.5547245 0.09593957 0.5684056 0.08890759 0.5684056 0.09593957 0.546875 0.21875 0.5625 0.203125 0.546875 0.203125 0.5547245 0.1745103 0.5410434 0.2018725 0.5410434 0.1745103 0.546875 0.15625 0.5625 0.125 0.546875 0.125 0.5547245 0.1197859 0.5410434 0.1471481 0.5410434 0.1197859 0.546875 0.09375 0.5625 0.0625 0.546875 0.0625 0.546875 0.1875 0.5625 0.15625 0.546875 0.15625 0.5547245 0.2018725 0.5410434 0.2292348 0.5410434 0.2018725 0.5547245 0.8312039 0.5410434 0.8585662 0.5410434 0.8312039 0.546875 0.90625 0.5625 0.875 0.546875 0.875 0.546875 0.96875 0.5625 0.9375 0.546875 0.9375 0.5547245 0.9168066 0.5410434 0.9406529 0.5410434 0.9168066 0.546875 0.9375 0.5625 0.90625 0.546875 0.90625 0.5547245 0.8585662 0.5410434 0.8859284 0.5410434 0.8585662 0.546875 0.875 0.5625 0.8125 0.546875 0.8125 0.5547245 0.7764795 0.5410434 0.8312039 0.5410434 0.7764795 0.546875 0.75 0.5625 0.734375 0.546875 0.734375 0.546875 0.03125 0.5625 0 0.546875 0 0.5547245 0.09593957 0.5410434 0.1197859 0.5410434 0.09593957 0.5547245 0.06506139 0.5410434 0.08890759 0.5410434 0.06506139 0.546875 0.0625 0.5625 0.03125 0.546875 0.03125 0.546875 0.125 0.5625 0.09375 0.546875 0.09375 0.5547245 0.1471481 0.5410434 0.1745103 0.5410434 0.1471481 0.546875 0.25 0.5625 0.234375 0.546875 0.234375 0.5625 0 0.546875 0 0.546875 0 0.546875 1 0.5625 0.96875 0.546875 0.96875 0.546875 0.5 0.5625 0.484375 0.546875 0.484375 0.5547245 0.8859284 0.5410434 0.9097747 0.5410434 0.8859284 0.5625 1 0.578125 1 0.578125 1 0.59375 1 0.609375 1 0.609375 1 0.5820867 0.09593957 0.5957678 0.08890759 0.5957678 0.09593957 0.5820867 0.9168066 0.5957678 0.9097747 0.5957678 0.9168066 0.578125 0.34375 0.59375 0.328125 0.578125 0.328125 0.578125 0.28125 0.59375 0.265625 0.578125 0.265625 0.578125 0.3125 0.59375 0.296875 0.578125 0.296875 0.578125 0.6875 0.59375 0.671875 0.578125 0.671875 0.578125 0.5625 0.59375 0.546875 0.578125 0.546875 0.578125 0.625 0.59375 0.609375 0.578125 0.609375 0.578125 0.4375 0.59375 0.421875 0.578125 0.421875 0.578125 0.375 0.59375 0.359375 0.578125 0.359375 0.578125 0.8125 0.59375 0.796875 0.578125 0.796875 0.578125 0.21875 0.59375 0.203125 0.578125 0.203125 0.5820867 0.1745103 0.5684056 0.2018725 0.5684056 0.1745103 0.578125 0.15625 0.59375 0.125 0.578125 0.125 0.5820867 0.1197859 0.5684056 0.1471481 0.5684056 0.1197859 0.578125 0.09375 0.59375 0.0625 0.578125 0.0625 0.578125 0.1875 0.59375 0.15625 0.578125 0.15625 0.5820867 0.2018725 0.5684056 0.2292348 0.5684056 0.2018725 0.5820867 0.8312039 0.5684056 0.8585662 0.5684056 0.8312039 0.578125 0.90625 0.59375 0.875 0.578125 0.875 0.578125 0.96875 0.59375 0.9375 0.578125 0.9375 0.5820867 0.9168066 0.5684056 0.9406529 0.5684056 0.9168066 0.578125 0.9375 0.59375 0.90625 0.578125 0.90625 0.5820867 0.8585662 0.5684056 0.8859284 0.5684056 0.8585662 0.578125 0.875 0.59375 0.8125 0.578125 0.8125 0.5820867 0.7764795 0.5684056 0.8312039 0.5684056 0.7764795 0.578125 0.75 0.59375 0.734375 0.578125 0.734375 0.578125 0.03125 0.59375 0 0.578125 0 0.5820867 0.09593957 0.5684056 0.1197859 0.5684056 0.09593957 0.5820867 0.06506139 0.5684056 0.08890759 0.5684056 0.06506139 0.578125 0.0625 0.59375 0.03125 0.578125 0.03125 0.578125 0.125 0.59375 0.09375 0.578125 0.09375 0.5820867 0.1471481 0.5684056 0.1745103 0.5684056 0.1471481 0.578125 0.25 0.59375 0.234375 0.578125 0.234375 0.59375 0 0.578125 0 0.578125 0 0.578125 1 0.59375 0.96875 0.578125 0.96875 0.578125 0.5 0.59375 0.484375 0.578125 0.484375 0.5820867 0.8859284 0.5684056 0.9097747 0.5684056 0.8859284 0.671875 0.34375 0.6875 0.328125 0.671875 0.328125 0.671875 0.28125 0.6875 0.265625 0.671875 0.265625 0.671875 0.3125 0.6875 0.296875 0.671875 0.296875 0.671875 0.6875 0.6875 0.671875 0.671875 0.671875 0.671875 0.5625 0.6875 0.546875 0.671875 0.546875 0.671875 0.625 0.6875 0.609375 0.671875 0.609375 0.671875 0.4375 0.6875 0.421875 0.671875 0.421875 0.671875 0.375 0.6875 0.359375 0.671875 0.359375 0.671875 0.8125 0.6875 0.796875 0.671875 0.796875 0.6641734 0.9168066 0.6778545 0.9097747 0.6778545 0.9168066 0.6641734 0.09593957 0.6778545 0.08890759 0.6778545 0.09593957 0.671875 0.21875 0.6875 0.203125 0.671875 0.203125 0.671875 0.15625 0.6875 0.125 0.671875 0.125 0.6641734 0.1745103 0.6504923 0.2018725 0.6504923 0.1745103 0.671875 0.09375 0.6875 0.0625 0.671875 0.0625 0.6641734 0.1197859 0.6504923 0.1471481 0.6504923 0.1197859 0.6641734 0.2018725 0.6504923 0.2292348 0.6504923 0.2018725 0.671875 0.1875 0.6875 0.15625 0.671875 0.15625 0.671875 0.90625 0.6875 0.875 0.671875 0.875 0.6641734 0.8312039 0.6504923 0.8585662 0.6504923 0.8312039 0.6641734 0.9168066 0.6504923 0.9406529 0.6504923 0.9168066 0.671875 0.96875 0.6875 0.9375 0.671875 0.9375 0.6641734 0.8585662 0.6504923 0.8859284 0.6504923 0.8585662 0.671875 0.9375 0.6875 0.90625 0.671875 0.90625 0.6641734 0.7764795 0.6504923 0.8312039 0.6504923 0.7764795 0.671875 0.875 0.6875 0.8125 0.671875 0.8125 0.671875 0.75 0.6875 0.734375 0.671875 0.734375 0.6641734 0.06506139 0.6504923 0.08890759 0.6504923 0.06506139 0.671875 0.03125 0.6875 0 0.671875 0 0.671875 0.0625 0.6875 0.03125 0.671875 0.03125 0.6641734 0.09593957 0.6504923 0.1197859 0.6504923 0.09593957 0.6641734 0.1471481 0.6504923 0.1745103 0.6504923 0.1471481 0.671875 0.125 0.6875 0.09375 0.671875 0.09375 0.671875 0.25 0.6875 0.234375 0.671875 0.234375 0.6641734 0.8859284 0.6504923 0.9097747 0.6504923 0.8859284 0.6875 1 0.703125 1 0.703125 1 0.671875 0.5 0.6875 0.484375 0.671875 0.484375 0.671875 1 0.6875 0.96875 0.671875 0.96875 0.6875 0 0.671875 0 0.671875 0 0.65625 0 0.640625 0 0.640625 0 0.640625 1 0.65625 0.96875 0.640625 0.96875 0.640625 0.5 0.65625 0.484375 0.640625 0.484375 0.6368111 0.8859284 0.62313 0.9097747 0.62313 0.8859284 0.640625 0.25 0.65625 0.234375 0.640625 0.234375 0.640625 0.125 0.65625 0.09375 0.640625 0.09375 0.6368111 0.1471481 0.62313 0.1745103 0.62313 0.1471481 0.6368111 0.09593957 0.62313 0.1197859 0.62313 0.09593957 0.640625 0.0625 0.65625 0.03125 0.640625 0.03125 0.640625 0.03125 0.65625 0 0.640625 0 0.6368111 0.06506139 0.62313 0.08890759 0.62313 0.06506139 0.640625 0.75 0.65625 0.734375 0.640625 0.734375 0.640625 0.875 0.65625 0.8125 0.640625 0.8125 0.6368111 0.7764795 0.62313 0.8312039 0.62313 0.7764795 0.640625 0.9375 0.65625 0.90625 0.640625 0.90625 0.6368111 0.8585662 0.62313 0.8859284 0.62313 0.8585662 0.640625 0.96875 0.65625 0.9375 0.640625 0.9375 0.6368111 0.9168066 0.62313 0.9406529 0.62313 0.9168066 0.6368111 0.8312039 0.62313 0.8585662 0.62313 0.8312039 0.640625 0.90625 0.65625 0.875 0.640625 0.875 0.640625 0.1875 0.65625 0.15625 0.640625 0.15625 0.6368111 0.2018725 0.62313 0.2292348 0.62313 0.2018725 0.6368111 0.1197859 0.62313 0.1471481 0.62313 0.1197859 0.640625 0.09375 0.65625 0.0625 0.640625 0.0625 0.6368111 0.1745103 0.62313 0.2018725 0.62313 0.1745103 0.640625 0.15625 0.65625 0.125 0.640625 0.125 0.640625 0.21875 0.65625 0.203125 0.640625 0.203125 0.640625 0.8125 0.65625 0.796875 0.640625 0.796875 0.640625 0.375 0.65625 0.359375 0.640625 0.359375 0.640625 0.4375 0.65625 0.421875 0.640625 0.421875 0.640625 0.625 0.65625 0.609375 0.640625 0.609375 0.640625 0.5625 0.65625 0.546875 0.640625 0.546875 0.640625 0.6875 0.65625 0.671875 0.640625 0.671875 0.640625 0.3125 0.65625 0.296875 0.640625 0.296875 0.640625 0.28125 0.65625 0.265625 0.640625 0.265625 0.640625 0.34375 0.65625 0.328125 0.640625 0.328125 0.6368111 0.9168066 0.6504923 0.9097747 0.6504923 0.9168066 0.6368111 0.09593957 0.6504923 0.08890759 0.6504923 0.09593957 0.65625 1 0.671875 1 0.671875 1 0.625 0.34375 0.640625 0.328125 0.625 0.328125 0.625 0.28125 0.640625 0.265625 0.625 0.265625 0.625 0.3125 0.640625 0.296875 0.625 0.296875 0.625 0.6875 0.640625 0.671875 0.625 0.671875 0.625 0.5625 0.640625 0.546875 0.625 0.546875 0.625 0.625 0.640625 0.609375 0.625 0.609375 0.625 0.4375 0.640625 0.421875 0.625 0.421875 0.625 0.375 0.640625 0.359375 0.625 0.359375 0.625 0.8125 0.640625 0.796875 0.625 0.796875 0.625 0.21875 0.640625 0.203125 0.625 0.203125 0.625 0.15625 0.640625 0.125 0.625 0.125 0.62313 0.1745103 0.6094489 0.2018725 0.6094489 0.1745103 0.625 0.09375 0.640625 0.0625 0.625 0.0625 0.62313 0.1197859 0.6094489 0.1471481 0.6094489 0.1197859 0.62313 0.2018725 0.6094489 0.2292348 0.6094489 0.2018725 0.625 0.1875 0.640625 0.15625 0.625 0.15625 0.625 0.90625 0.640625 0.875 0.625 0.875 0.62313 0.8312039 0.6094489 0.8585662 0.6094489 0.8312039 0.62313 0.9168066 0.6094489 0.9406529 0.6094489 0.9168066 0.625 0.96875 0.640625 0.9375 0.625 0.9375 0.62313 0.8585662 0.6094489 0.8859284 0.6094489 0.8585662 0.625 0.9375 0.640625 0.90625 0.625 0.90625 0.62313 0.7764795 0.6094489 0.8312039 0.6094489 0.7764795 0.625 0.875 0.640625 0.8125 0.625 0.8125 0.625 0.75 0.640625 0.734375 0.625 0.734375 0.62313 0.06506139 0.6094489 0.08890759 0.6094489 0.06506139 0.625 0.03125 0.640625 0 0.625 0 0.625 0.0625 0.640625 0.03125 0.625 0.03125 0.62313 0.09593957 0.6094489 0.1197859 0.6094489 0.09593957 0.62313 0.1471481 0.6094489 0.1745103 0.6094489 0.1471481 0.625 0.125 0.640625 0.09375 0.625 0.09375 0.625 0.25 0.640625 0.234375 0.625 0.234375 0.62313 0.8859284 0.6094489 0.9097747 0.6094489 0.8859284 0.625 0.5 0.640625 0.484375 0.625 0.484375 0.625 1 0.640625 0.96875 0.625 0.96875 0.640625 0 0.625 0 0.625 0 0.62313 0.9168066 0.6368111 0.9097747 0.6368111 0.9168066 0.62313 0.09593957 0.6368111 0.08890759 0.6368111 0.09593957 0.640625 1 0.65625 1 0.65625 1 0.671875 1 0.6875 1 0.6875 1 0.6504923 0.09593957 0.6641734 0.08890759 0.6641734 0.09593957 0.6504923 0.9168066 0.6641734 0.9097747 0.6641734 0.9168066 0.671875 0 0.65625 0 0.65625 0 0.65625 1 0.671875 0.96875 0.65625 0.96875 0.65625 0.5 0.671875 0.484375 0.65625 0.484375 0.6504923 0.8859284 0.6368111 0.9097747 0.6368111 0.8859284 0.65625 0.25 0.671875 0.234375 0.65625 0.234375 0.65625 0.125 0.671875 0.09375 0.65625 0.09375 0.6504923 0.1471481 0.6368111 0.1745103 0.6368111 0.1471481 0.6504923 0.09593957 0.6368111 0.1197859 0.6368111 0.09593957 0.65625 0.0625 0.671875 0.03125 0.65625 0.03125 0.65625 0.03125 0.671875 0 0.65625 0 0.6504923 0.06506139 0.6368111 0.08890759 0.6368111 0.06506139 0.65625 0.75 0.671875 0.734375 0.65625 0.734375 0.65625 0.875 0.671875 0.8125 0.65625 0.8125 0.6504923 0.7764795 0.6368111 0.8312039 0.6368111 0.7764795 0.65625 0.9375 0.671875 0.90625 0.65625 0.90625 0.6504923 0.8585662 0.6368111 0.8859284 0.6368111 0.8585662 0.65625 0.96875 0.671875 0.9375 0.65625 0.9375 0.6504923 0.9168066 0.6368111 0.9406529 0.6368111 0.9168066 0.6504923 0.8312039 0.6368111 0.8585662 0.6368111 0.8312039 0.65625 0.90625 0.671875 0.875 0.65625 0.875 0.65625 0.1875 0.671875 0.15625 0.65625 0.15625 0.6504923 0.2018725 0.6368111 0.2292348 0.6368111 0.2018725 0.6504923 0.1197859 0.6368111 0.1471481 0.6368111 0.1197859 0.65625 0.09375 0.671875 0.0625 0.65625 0.0625 0.6504923 0.1745103 0.6368111 0.2018725 0.6368111 0.1745103 0.65625 0.15625 0.671875 0.125 0.65625 0.125 0.65625 0.21875 0.671875 0.203125 0.65625 0.203125 0.65625 0.8125 0.671875 0.796875 0.65625 0.796875 0.65625 0.375 0.671875 0.359375 0.65625 0.359375 0.65625 0.4375 0.671875 0.421875 0.65625 0.421875 0.65625 0.625 0.671875 0.609375 0.65625 0.609375 0.65625 0.5625 0.671875 0.546875 0.65625 0.546875 0.65625 0.6875 0.671875 0.671875 0.65625 0.671875 0.65625 0.3125 0.671875 0.296875 0.65625 0.296875 0.65625 0.28125 0.671875 0.265625 0.65625 0.265625 0.65625 0.34375 0.671875 0.328125 0.65625 0.328125 0.71875 1 0.734375 1 0.734375 1 0.6915357 0.09593957 0.7052168 0.08890759 0.7052168 0.09593957 0.6915357 0.9168066 0.7052168 0.9097747 0.7052168 0.9168066 0.703125 0.34375 0.71875 0.328125 0.703125 0.328125 0.703125 0.28125 0.71875 0.265625 0.703125 0.265625 0.703125 0.3125 0.71875 0.296875 0.703125 0.296875 0.703125 0.6875 0.71875 0.671875 0.703125 0.671875 0.703125 0.5625 0.71875 0.546875 0.703125 0.546875 0.703125 0.625 0.71875 0.609375 0.703125 0.609375 0.703125 0.4375 0.71875 0.421875 0.703125 0.421875 0.703125 0.375 0.71875 0.359375 0.703125 0.359375 0.703125 0.8125 0.71875 0.796875 0.703125 0.796875 0.703125 0.21875 0.71875 0.203125 0.703125 0.203125 0.703125 0.15625 0.71875 0.125 0.703125 0.125 0.6915356 0.1745103 0.6778545 0.2018725 0.6778545 0.1745103 0.703125 0.09375 0.71875 0.0625 0.703125 0.0625 0.6915356 0.1197859 0.6778545 0.1471481 0.6778545 0.1197859 0.6915356 0.2018725 0.6778545 0.2292348 0.6778545 0.2018725 0.703125 0.1875 0.71875 0.15625 0.703125 0.15625 0.703125 0.90625 0.71875 0.875 0.703125 0.875 0.6915356 0.8312039 0.6778545 0.8585662 0.6778545 0.8312039 0.6915357 0.9168066 0.6778545 0.9406529 0.6778545 0.9168066 0.703125 0.96875 0.71875 0.9375 0.703125 0.9375 0.6915356 0.8585662 0.6778545 0.8859284 0.6778545 0.8585662 0.703125 0.9375 0.71875 0.90625 0.703125 0.90625 0.6915356 0.7764795 0.6778545 0.8312039 0.6778545 0.7764795 0.703125 0.875 0.71875 0.8125 0.703125 0.8125 0.703125 0.75 0.71875 0.734375 0.703125 0.734375 0.6915356 0.06506139 0.6778545 0.08890759 0.6778545 0.06506139 0.703125 0.03125 0.71875 0 0.703125 0 0.703125 0.0625 0.71875 0.03125 0.703125 0.03125 0.6915357 0.09593957 0.6778545 0.1197859 0.6778545 0.09593957 0.6915356 0.1471481 0.6778545 0.1745103 0.6778545 0.1471481 0.703125 0.125 0.71875 0.09375 0.703125 0.09375 0.703125 0.25 0.71875 0.234375 0.703125 0.234375 0.6915356 0.8859284 0.6778545 0.9097747 0.6778545 0.8859284 0.703125 0.5 0.71875 0.484375 0.703125 0.484375 0.703125 1 0.71875 0.96875 0.703125 0.96875 0.71875 0 0.703125 0 0.703125 0 0.7052168 0.9168066 0.7188979 0.9097746 0.7188979 0.9168066 0.7052168 0.09593957 0.7188979 0.08890759 0.7188979 0.09593957 0.734375 1 0.75 1 0.75 1 0.7052168 0.3523648 0.6915356 0.366046 0.6915356 0.3523648 0.71875 0.34375 0.734375 0.328125 0.71875 0.328125 0.71875 0.28125 0.734375 0.265625 0.71875 0.265625 0.7052168 0.2976404 0.6915356 0.3113215 0.6915356 0.2976404 0.7052168 0.3250026 0.6915356 0.3386837 0.6915356 0.3250026 0.71875 0.3125 0.734375 0.296875 0.71875 0.296875 0.71875 0.6875 0.734375 0.671875 0.71875 0.671875 0.7052168 0.6533495 0.6915356 0.6670306 0.6915356 0.6533495 0.7052168 0.5439006 0.6915356 0.5575817 0.6915356 0.5439006 0.71875 0.5625 0.734375 0.546875 0.71875 0.546875 0.71875 0.625 0.734375 0.609375 0.71875 0.609375 0.7052168 0.598625 0.6915356 0.6123061 0.6915356 0.598625 0.71875 0.4375 0.734375 0.421875 0.71875 0.421875 0.7052168 0.4344516 0.6915356 0.4481327 0.6915356 0.4344516 0.71875 0.375 0.734375 0.359375 0.71875 0.359375 0.7052168 0.3797271 0.6915356 0.3934082 0.6915356 0.3797271 0.71875 0.8125 0.734375 0.796875 0.71875 0.796875 0.7052168 0.7627984 0.6915356 0.7764795 0.6915356 0.7627984 0.7052168 0.2429159 0.6915356 0.2565971 0.6915356 0.2429159 0.71875 0.21875 0.734375 0.203125 0.71875 0.203125 0.71875 0.15625 0.734375 0.125 0.71875 0.125 0.7052168 0.1745103 0.6915356 0.2018725 0.6915356 0.1745103 0.71875 0.09375 0.734375 0.0625 0.71875 0.0625 0.7052168 0.1197859 0.6915356 0.1471481 0.6915356 0.1197859 0.7052168 0.2018725 0.6915356 0.2292348 0.6915356 0.2018725 0.71875 0.1875 0.734375 0.15625 0.71875 0.15625 0.71875 0.90625 0.734375 0.875 0.71875 0.875 0.7052168 0.8312039 0.6915356 0.8585662 0.6915356 0.8312039 0.7052168 0.9168066 0.6915356 0.9406529 0.6915357 0.9168066 0.71875 0.96875 0.734375 0.9375 0.71875 0.9375 0.7052168 0.8585662 0.6915356 0.8859284 0.6915356 0.8585662 0.71875 0.9375 0.734375 0.90625 0.71875 0.90625 0.7052168 0.7764795 0.6915356 0.8312039 0.6915356 0.7764795 0.71875 0.875 0.734375 0.8125 0.71875 0.8125 0.7052168 0.7080739 0.6915356 0.721755 0.6915356 0.7080739 0.71875 0.75 0.734375 0.734375 0.71875 0.734375 0.7052168 0.06506139 0.6915356 0.08890759 0.6915356 0.06506139 0.71875 0.03125 0.734375 0 0.71875 0 0.71875 0.0625 0.734375 0.03125 0.71875 0.03125 0.7052168 0.09593957 0.6915356 0.1197859 0.6915357 0.09593957 0.7052168 0.1471481 0.6915356 0.1745103 0.6915356 0.1471481 0.71875 0.125 0.734375 0.09375 0.71875 0.09375 0.71875 0.25 0.734375 0.234375 0.71875 0.234375 0.7052168 0.2702782 0.6915356 0.2839593 0.6915356 0.2702782 0.7052168 0.8859284 0.6915356 0.9097747 0.6915356 0.8859284 0.7052168 0.489176 0.6915356 0.5028572 0.6915356 0.489176 0.71875 0.5 0.734375 0.484375 0.71875 0.484375 0.71875 1 0.734375 0.96875 0.71875 0.96875 0.734375 0 0.71875 0 0.71875 0 0.703125 0 0.6875 0 0.6875 0 0.6875 1 0.703125 0.96875 0.6875 0.96875 0.6875 0.5 0.703125 0.484375 0.6875 0.484375 0.6778545 0.8859284 0.6641734 0.9097747 0.6641734 0.8859284 0.6875 0.25 0.703125 0.234375 0.6875 0.234375 0.6875 0.125 0.703125 0.09375 0.6875 0.09375 0.6778545 0.1471481 0.6641734 0.1745103 0.6641734 0.1471481 0.6778545 0.09593957 0.6641734 0.1197859 0.6641734 0.09593957 0.6875 0.0625 0.703125 0.03125 0.6875 0.03125 0.6875 0.03125 0.703125 0 0.6875 0 0.6778545 0.06506139 0.6641734 0.08890759 0.6641734 0.06506139 0.6875 0.75 0.703125 0.734375 0.6875 0.734375 0.6875 0.875 0.703125 0.8125 0.6875 0.8125 0.6778545 0.7764795 0.6641734 0.8312039 0.6641734 0.7764795 0.6875 0.9375 0.703125 0.90625 0.6875 0.90625 0.6778545 0.8585662 0.6641734 0.8859284 0.6641734 0.8585662 0.6875 0.96875 0.703125 0.9375 0.6875 0.9375 0.6778545 0.9168066 0.6641734 0.9406529 0.6641734 0.9168066 0.6778545 0.8312039 0.6641734 0.8585662 0.6641734 0.8312039 0.6875 0.90625 0.703125 0.875 0.6875 0.875 0.6875 0.1875 0.703125 0.15625 0.6875 0.15625 0.6778545 0.2018725 0.6641734 0.2292348 0.6641734 0.2018725 0.6778545 0.1197859 0.6641734 0.1471481 0.6641734 0.1197859 0.6875 0.09375 0.703125 0.0625 0.6875 0.0625 0.6778545 0.1745103 0.6641734 0.2018725 0.6641734 0.1745103 0.6875 0.15625 0.703125 0.125 0.6875 0.125 0.6875 0.21875 0.703125 0.203125 0.6875 0.203125 0.6875 0.8125 0.703125 0.796875 0.6875 0.796875 0.6875 0.375 0.703125 0.359375 0.6875 0.359375 0.6875 0.4375 0.703125 0.421875 0.6875 0.421875 0.6875 0.625 0.703125 0.609375 0.6875 0.609375 0.6875 0.5625 0.703125 0.546875 0.6875 0.546875 0.6875 0.6875 0.703125 0.671875 0.6875 0.671875 0.6875 0.3125 0.703125 0.296875 0.6875 0.296875 0.6875 0.28125 0.703125 0.265625 0.6875 0.265625 0.6875 0.34375 0.703125 0.328125 0.6875 0.328125 0.703125 1 0.71875 1 0.71875 1 0.6778545 0.09593957 0.6915356 0.08890759 0.6915357 0.09593957 0.6778545 0.9168066 0.6915356 0.9097747 0.6915357 0.9168066 0.6875 0.203125 0.703125 0.1875 0.6875 0.1875 0.71875 0.203125 0.734375 0.1875 0.71875 0.1875 0.7052168 0.2292348 0.6915356 0.2429159 0.6915356 0.2292348 0.703125 0.203125 0.71875 0.1875 0.703125 0.1875 0.65625 0.203125 0.671875 0.1875 0.65625 0.1875 0.625 0.203125 0.640625 0.1875 0.625 0.1875 0.640625 0.203125 0.65625 0.1875 0.640625 0.1875 0.671875 0.203125 0.6875 0.1875 0.671875 0.1875 0.578125 0.203125 0.59375 0.1875 0.578125 0.1875 0.546875 0.203125 0.5625 0.1875 0.546875 0.1875 0.40625 0.203125 0.4375 0.1875 0.40625 0.1875 0.4452756 0.2292348 0.4179133 0.2429159 0.4179133 0.2292348 0.3358266 0.2292348 0.3077043 0.2429159 0.3077043 0.2292348 0.280382 0.203125 0.3125 0.1875 0.2803819 0.1875 0.9139495 0.2429159 0.9069176 0.2292348 0.9139495 0.2292348 0.09308248 0.2429159 0.08605045 0.2292348 0.09308248 0.2292348 0.03125 0.203125 0.0625 0.1875 0.03125 0.1875 0.08605045 0.2292348 0.06220424 0.2429159 0.06220424 0.2292348 0.8830713 0.2292348 0.8557091 0.2429159 0.8557091 0.2292348 0.90625 0.203125 0.9375 0.1875 0.90625 0.1875 0.8283469 0.2292348 0.7188979 0.2429159 0.7188979 0.2292348 0.75 0.203125 0.875 0.1875 0.75 0.1875 0.609375 0.203125 0.625 0.1875 0.609375 0.1875 0.3125 0.203125 0.375 0.1875 0.3125 0.1875 0.390551 0.2292348 0.3358266 0.2429159 0.3358266 0.2292348 0.1716532 0.2292348 0.1442909 0.2429159 0.1442909 0.2292348 0.09375 0.203125 0.125 0.1875 0.09375 0.1875 0.96875 0.203125 1 0.1875 0.96875 0.1875 0.9069176 0.2292348 0.8830713 0.2429159 0.8830713 0.2292348 1 0.203125 1 0.1875 1 0.1875 0.5 0.2292348 0.4452756 0.2429159 0.4452756 0.2292348 0.4375 0.203125 0.5 0.1875 0.4375 0.1875 0.7188979 0.2292348 0.7052168 0.2429159 0.7052168 0.2292348 0.734375 0.203125 0.75 0.1875 0.734375 0.1875 0.125 0.203125 0.25 0.1875 0.125 0.1875 0.2811021 0.2292348 0.1716532 0.2429159 0.1716532 0.2292348 0 0.203125 0.03125 0.1875 0 0.1875 0.9375 0.203125 0.96875 0.1875 0.9375 0.1875 0.0625 0.203125 0.09375 0.1875 0.0625 0.1875 0.1442909 0.2292348 0.1169287 0.2429159 0.1169287 0.2292348 0.875 0.203125 0.90625 0.1875 0.875 0.1875 0.8557091 0.2292348 0.8283469 0.2429159 0.8283469 0.2292348 0 0.203125 0 0.21875 0 0.21875 0.1169287 0.2292348 0.09308248 0.2429159 0.09308248 0.2292348 0.9377958 0.2292348 0.9139495 0.2429159 0.9139495 0.2292348 0.6875 0.234375 0.703125 0.21875 0.6875 0.21875 0.7052168 0.2565971 0.6915356 0.2702782 0.6915356 0.2565971 0.71875 0.234375 0.734375 0.21875 0.71875 0.21875 0.703125 0.234375 0.71875 0.21875 0.703125 0.21875 0.65625 0.234375 0.671875 0.21875 0.65625 0.21875 0.625 0.234375 0.640625 0.21875 0.625 0.21875 0.640625 0.234375 0.65625 0.21875 0.640625 0.21875 0.671875 0.234375 0.6875 0.21875 0.671875 0.21875 0.578125 0.234375 0.59375 0.21875 0.578125 0.21875 0.546875 0.234375 0.5625 0.21875 0.546875 0.21875 0.4452756 0.2565971 0.4179133 0.2702782 0.4179133 0.2565971 0.40625 0.234375 0.4375 0.21875 0.40625 0.21875 0.2803819 0.234375 0.3125 0.21875 0.280382 0.21875 0.3358266 0.2565971 0.3077043 0.2702782 0.3077043 0.2565971 0.9139495 0.2702782 0.9069176 0.2565971 0.9139495 0.2565971 0.09308248 0.2702782 0.08605045 0.2565971 0.09308248 0.2565971 0 0.234375 0 0.25 0 0.25 0.8557091 0.2565971 0.8283469 0.2702782 0.8283469 0.2565971 0.875 0.234375 0.90625 0.21875 0.875 0.21875 0.1442909 0.2565971 0.1169287 0.2702782 0.1169287 0.2565971 0.0625 0.234375 0.09375 0.21875 0.0625 0.21875 0.9375 0.234375 0.96875 0.21875 0.9375 0.21875 0.9377958 0.2565971 0.9139495 0.2702782 0.9139495 0.2565971 0 0.234375 0.03125 0.21875 0 0.21875 0.1169287 0.2565971 0.09308248 0.2702782 0.09308248 0.2565971 0.2811021 0.2565971 0.1716532 0.2702782 0.1716532 0.2565971 0.125 0.234375 0.25 0.21875 0.125 0.21875 0.734375 0.234375 0.75 0.21875 0.734375 0.21875 0.7188979 0.2565971 0.7052168 0.2702782 0.7052168 0.2565971 0.4375 0.234375 0.5 0.21875 0.4375 0.21875 0.5 0.2565971 0.4452756 0.2702782 0.4452756 0.2565971 1 0.234375 1 0.21875 1 0.21875 0.96875 0.234375 1 0.21875 0.96875 0.21875 0.09375 0.234375 0.125 0.21875 0.09375 0.21875 0.1716532 0.2565971 0.1442909 0.2702782 0.1442909 0.2565971 0.390551 0.2565971 0.3358266 0.2702782 0.3358266 0.2565971 0.3125 0.234375 0.375 0.21875 0.3125 0.21875 0.609375 0.234375 0.625 0.21875 0.609375 0.21875 0.75 0.234375 0.875 0.21875 0.75 0.21875 0.8283469 0.2565971 0.7188979 0.2702782 0.7188979 0.2565971 0.90625 0.234375 0.9375 0.21875 0.90625 0.21875 0.8830713 0.2565971 0.8557091 0.2702782 0.8557091 0.2565971 0.03125 0.234375 0.0625 0.21875 0.03125 0.21875 0.08605045 0.2565971 0.06220424 0.2702782 0.06220424 0.2565971 0.9069176 0.2565971 0.8830713 0.2702782 0.8830713 0.2565971 0.6875 0.265625 0.703125 0.25 0.6875 0.25 0.7052168 0.2839593 0.6915356 0.2976404 0.6915356 0.2839593 0.71875 0.265625 0.734375 0.25 0.71875 0.25 0.703125 0.265625 0.71875 0.25 0.703125 0.25 0.65625 0.265625 0.671875 0.25 0.65625 0.25 0.625 0.265625 0.640625 0.25 0.625 0.25 0.640625 0.265625 0.65625 0.25 0.640625 0.25 0.671875 0.265625 0.6875 0.25 0.671875 0.25 0.578125 0.265625 0.59375 0.25 0.578125 0.25 0.546875 0.265625 0.5625 0.25 0.546875 0.25 0.2811021 0.2839593 0.1716532 0.2976404 0.1716532 0.2839593 0.125 0.265625 0.25 0.25 0.125 0.25 0.734375 0.265625 0.75 0.25 0.734375 0.25 0.7188979 0.2839593 0.7052168 0.2976404 0.7052168 0.2839593 0.4375 0.265625 0.5 0.25 0.4375 0.25 0.5 0.2839593 0.4452756 0.2976404 0.4452756 0.2839593 1 0.265625 1 0.25 1 0.25 0.96875 0.265625 1 0.25 0.96875 0.25 0.09375 0.265625 0.125 0.25 0.09375 0.25 0.1716532 0.2839593 0.1442909 0.2976404 0.1442909 0.2839593 0.390551 0.2839593 0.3358266 0.2976404 0.3358266 0.2839593 0.3125 0.265625 0.375 0.25 0.3125 0.25 0.609375 0.265625 0.625 0.25 0.609375 0.25 0.75 0.265625 0.875 0.25 0.75 0.25 0.8283469 0.2839593 0.7188979 0.2976404 0.7188979 0.2839593 0.90625 0.265625 0.9375 0.25 0.90625 0.25 0.8830713 0.2839593 0.8557091 0.2976404 0.8557091 0.2839593 0.03125 0.265625 0.0625 0.25 0.03125 0.25 0 0.265625 0.03125 0.25 0 0.25 0.9375 0.265625 0.96875 0.25 0.9375 0.25 0.9069176 0.2839593 0.8830713 0.2976404 0.8830713 0.2839593 0.08605045 0.2839593 0.06220424 0.2976404 0.06220424 0.2839593 0.1169287 0.2839593 0.09308248 0.2976404 0.09308248 0.2839593 0.9377958 0.2839593 0.9139495 0.2976404 0.9139495 0.2839593 0.1442909 0.2839593 0.1169287 0.2976404 0.1169287 0.2839593 0.0625 0.265625 0.09375 0.25 0.0625 0.25 0.8557091 0.2839593 0.8283469 0.2976404 0.8283469 0.2839593 0.875 0.265625 0.90625 0.25 0.875 0.25 0.09308248 0.2976404 0.08605045 0.2839593 0.09308248 0.2839593 0.9139495 0.2976404 0.9069176 0.2839593 0.9139495 0.2839593 0.280382 0.265625 0.3125 0.25 0.2803819 0.25 0.3358266 0.2839593 0.3077043 0.2976404 0.3077043 0.2839593 0.4452756 0.2839593 0.4179133 0.2976404 0.4179133 0.2839593 0.40625 0.265625 0.4375 0.25 0.40625 0.25 0 0.265625 0 0.28125 0 0.28125 0.6875 0.296875 0.703125 0.28125 0.6875 0.28125 0.71875 0.296875 0.734375 0.28125 0.71875 0.28125 0.7052168 0.3113215 0.6915356 0.3250026 0.6915356 0.3113215 0.703125 0.296875 0.71875 0.28125 0.703125 0.28125 0.65625 0.296875 0.671875 0.28125 0.65625 0.28125 0.625 0.296875 0.640625 0.28125 0.625 0.28125 0.640625 0.296875 0.65625 0.28125 0.640625 0.28125 0.671875 0.296875 0.6875 0.28125 0.671875 0.28125 0.578125 0.296875 0.59375 0.28125 0.578125 0.28125 0.546875 0.296875 0.5625 0.28125 0.546875 0.28125 0 0.296875 0 0.3125 0 0.3125 0.40625 0.296875 0.4375 0.28125 0.40625 0.28125 0.4452756 0.3113215 0.4179133 0.3250026 0.4179133 0.3113215 0.3358266 0.3113215 0.3077043 0.3250026 0.3077043 0.3113215 0.280382 0.296875 0.3125 0.28125 0.2803819 0.28125 0.9139495 0.3250026 0.9069176 0.3113215 0.9139495 0.3113215 0.09308248 0.3250026 0.08605045 0.3113215 0.09308248 0.3113215 0.875 0.296875 0.90625 0.28125 0.875 0.28125 0.8557091 0.3113215 0.8283469 0.3250026 0.8283469 0.3113215 0.0625 0.296875 0.09375 0.28125 0.0625 0.28125 0.1442909 0.3113215 0.1169287 0.3250026 0.1169287 0.3113215 0.9377958 0.3113215 0.9139495 0.3250026 0.9139495 0.3113215 0.1169287 0.3113215 0.09308248 0.3250026 0.09308248 0.3113215 0.08605045 0.3113215 0.06220424 0.3250026 0.06220424 0.3113215 0.9069176 0.3113215 0.8830713 0.3250026 0.8830713 0.3113215 0.9375 0.296875 0.96875 0.28125 0.9375 0.28125 0 0.296875 0.03125 0.28125 0 0.28125 0.03125 0.296875 0.0625 0.28125 0.03125 0.28125 0.8830713 0.3113215 0.8557091 0.3250026 0.8557091 0.3113215 0.90625 0.296875 0.9375 0.28125 0.90625 0.28125 0.8283469 0.3113215 0.7188979 0.3250026 0.7188979 0.3113215 0.75 0.296875 0.875 0.28125 0.75 0.28125 0.609375 0.296875 0.625 0.28125 0.609375 0.28125 0.3125 0.296875 0.375 0.28125 0.3125 0.28125 0.390551 0.3113215 0.3358266 0.3250026 0.3358266 0.3113215 0.1716532 0.3113215 0.1442909 0.3250026 0.1442909 0.3113215 0.09375 0.296875 0.125 0.28125 0.09375 0.28125 0.96875 0.296875 1 0.28125 0.96875 0.28125 1 0.296875 1 0.28125 1 0.28125 0.5 0.3113215 0.4452756 0.3250026 0.4452756 0.3113215 0.4375 0.296875 0.5 0.28125 0.4375 0.28125 0.7188979 0.3113215 0.7052168 0.3250026 0.7052168 0.3113215 0.734375 0.296875 0.75 0.28125 0.734375 0.28125 0.125 0.296875 0.25 0.28125 0.125 0.28125 0.2811021 0.3113215 0.1716532 0.3250026 0.1716532 0.3113215 0.6875 0.71875 0.703125 0.703125 0.6875 0.703125 0.71875 0.71875 0.734375 0.703125 0.71875 0.703125 0.7052168 0.6807117 0.6915356 0.6943928 0.6915356 0.6807117 0.703125 0.71875 0.71875 0.703125 0.703125 0.703125 0.65625 0.71875 0.671875 0.703125 0.65625 0.703125 0.625 0.71875 0.640625 0.703125 0.625 0.703125 0.640625 0.71875 0.65625 0.703125 0.640625 0.703125 0.671875 0.71875 0.6875 0.703125 0.671875 0.703125 0.578125 0.71875 0.59375 0.703125 0.578125 0.703125 0.546875 0.71875 0.5625 0.703125 0.546875 0.703125 0 0.71875 0 0.734375 0 0.734375 0.40625 0.71875 0.4375 0.703125 0.40625 0.703125 0.4452756 0.6807117 0.4179133 0.6943928 0.4179133 0.6807117 0.3358266 0.6807117 0.3077043 0.6943928 0.3077043 0.6807117 0.2803819 0.71875 0.3125 0.703125 0.2803819 0.703125 0.9139495 0.6943928 0.9069176 0.6807117 0.9139495 0.6807117 0.09308248 0.6943928 0.08605045 0.6807117 0.09308248 0.6807117 0.875 0.71875 0.90625 0.703125 0.875 0.703125 0.8557091 0.6807117 0.8283469 0.6943928 0.8283469 0.6807117 0.08605045 0.6807117 0.06220424 0.6943928 0.06220424 0.6807117 0.0625 0.71875 0.09375 0.703125 0.0625 0.703125 0.1442909 0.6807117 0.1169287 0.6943928 0.1169287 0.6807117 0.96875 0.71875 1 0.703125 0.96875 0.703125 1 0.71875 1 0.703125 1 0.703125 0.5 0.6807117 0.4452756 0.6943928 0.4452756 0.6807117 0.4375 0.71875 0.5 0.703125 0.4375 0.703125 0.7188979 0.6807117 0.7052168 0.6943928 0.7052168 0.6807117 0.734375 0.71875 0.75 0.703125 0.734375 0.703125 0.125 0.71875 0.25 0.703125 0.125 0.703125 0.2811021 0.6807117 0.1716532 0.6943928 0.1716532 0.6807117 0.1716532 0.6807117 0.1442909 0.6943928 0.1442909 0.6807117 0.09375 0.71875 0.125 0.703125 0.09375 0.703125 0.3125 0.71875 0.375 0.703125 0.3125 0.703125 0.390551 0.6807117 0.3358266 0.6943928 0.3358266 0.6807117 0.609375 0.71875 0.625 0.703125 0.609375 0.703125 0.8283469 0.6807117 0.7188979 0.6943928 0.7188979 0.6807117 0.75 0.71875 0.875 0.703125 0.75 0.703125 0.8830713 0.6807117 0.8557091 0.6943928 0.8557091 0.6807117 0.90625 0.71875 0.9375 0.703125 0.90625 0.703125 0.03125 0.71875 0.0625 0.703125 0.03125 0.703125 0 0.71875 0.03125 0.703125 0 0.703125 0.9375 0.71875 0.96875 0.703125 0.9375 0.703125 0.9377958 0.6807117 0.9139495 0.6943928 0.9139495 0.6807117 0.1169287 0.6807117 0.09308248 0.6943928 0.09308248 0.6807117 0.9069176 0.6807117 0.8830713 0.6943928 0.8830713 0.6807117 0 0.734375 0 0.75 0 0.75 0.6875 0.734375 0.703125 0.71875 0.6875 0.71875 0.71875 0.734375 0.734375 0.71875 0.71875 0.71875 0.7052168 0.6943928 0.6915356 0.7080739 0.6915356 0.6943928 0.703125 0.734375 0.71875 0.71875 0.703125 0.71875 0.65625 0.734375 0.671875 0.71875 0.65625 0.71875 0.625 0.734375 0.640625 0.71875 0.625 0.71875 0.640625 0.734375 0.65625 0.71875 0.640625 0.71875 0.671875 0.734375 0.6875 0.71875 0.671875 0.71875 0.578125 0.734375 0.59375 0.71875 0.578125 0.71875 0.546875 0.734375 0.5625 0.71875 0.546875 0.71875 0.40625 0.734375 0.4375 0.71875 0.40625 0.71875 0.4452756 0.6943928 0.4179133 0.7080739 0.4179133 0.6943928 0.3358266 0.6943928 0.3077043 0.7080739 0.3077043 0.6943928 0.280382 0.734375 0.3125 0.71875 0.2803819 0.71875 0.9139495 0.7080739 0.9069176 0.6943928 0.9139495 0.6943928 0.09308248 0.7080739 0.08605045 0.6943928 0.09308248 0.6943928 0.875 0.734375 0.90625 0.71875 0.875 0.71875 0.8557091 0.6943928 0.8283469 0.7080739 0.8283469 0.6943928 0.08605045 0.6943928 0.06220424 0.7080739 0.06220424 0.6943928 0.0625 0.734375 0.09375 0.71875 0.0625 0.71875 0.1442909 0.6943928 0.1169287 0.7080739 0.1169287 0.6943928 0.96875 0.734375 1 0.71875 0.96875 0.71875 1 0.734375 1 0.71875 1 0.71875 0.5 0.6943928 0.4452756 0.7080739 0.4452756 0.6943928 0.4375 0.734375 0.5 0.71875 0.4375 0.71875 0.7188979 0.6943928 0.7052168 0.7080739 0.7052168 0.6943928 0.734375 0.734375 0.75 0.71875 0.734375 0.71875 0.125 0.734375 0.25 0.71875 0.125 0.71875 0.2811021 0.6943928 0.1716532 0.7080739 0.1716532 0.6943928 0.1716532 0.6943928 0.1442909 0.7080739 0.1442909 0.6943928 0.09375 0.734375 0.125 0.71875 0.09375 0.71875 0.3125 0.734375 0.375 0.71875 0.3125 0.71875 0.390551 0.6943928 0.3358266 0.7080739 0.3358266 0.6943928 0.609375 0.734375 0.625 0.71875 0.609375 0.71875 0.8283469 0.6943928 0.7188979 0.7080739 0.7188979 0.6943928 0.75 0.734375 0.875 0.71875 0.75 0.71875 0.8830713 0.6943928 0.8557091 0.7080739 0.8557091 0.6943928 0.90625 0.734375 0.9375 0.71875 0.90625 0.71875 0.03125 0.734375 0.0625 0.71875 0.03125 0.71875 0 0.734375 0.03125 0.71875 0 0.71875 0.9375 0.734375 0.96875 0.71875 0.9375 0.71875 0.9377958 0.6943928 0.9139495 0.7080739 0.9139495 0.6943928 0.1169287 0.6943928 0.09308248 0.7080739 0.09308248 0.6943928 0.9069176 0.6943928 0.8830713 0.7080739 0.8830713 0.6943928 0.6875 0.78125 0.703125 0.765625 0.6875 0.765625 0.7052168 0.7354362 0.6915356 0.7491173 0.6915356 0.7354362 0.71875 0.78125 0.734375 0.765625 0.71875 0.765625 0.703125 0.78125 0.71875 0.765625 0.703125 0.765625 0.65625 0.78125 0.671875 0.765625 0.65625 0.765625 0.625 0.78125 0.640625 0.765625 0.625 0.765625 0.640625 0.78125 0.65625 0.765625 0.640625 0.765625 0.671875 0.78125 0.6875 0.765625 0.671875 0.765625 0.578125 0.78125 0.59375 0.765625 0.578125 0.765625 0.546875 0.78125 0.5625 0.765625 0.546875 0.765625 0.08605045 0.7354362 0.06220424 0.7491173 0.06220424 0.7354362 0.9375 0.78125 0.96875 0.765625 0.9375 0.765625 0.9377958 0.7354362 0.9139495 0.7491173 0.9139495 0.7354362 0 0.78125 0.03125 0.765625 0 0.765625 0.1169287 0.7354362 0.09308248 0.7491173 0.09308248 0.7354362 0.9069176 0.7354362 0.8830713 0.7491173 0.8830713 0.7354362 0.03125 0.78125 0.0625 0.765625 0.03125 0.765625 0.90625 0.78125 0.9375 0.765625 0.90625 0.765625 0.8830713 0.7354362 0.8557091 0.7491173 0.8557091 0.7354362 0.75 0.78125 0.875 0.765625 0.75 0.765625 0.8283469 0.7354362 0.7188979 0.7491173 0.7188979 0.7354362 0.609375 0.78125 0.625 0.765625 0.609375 0.765625 0.390551 0.7354362 0.3358266 0.7491173 0.3358266 0.7354362 0.3125 0.78125 0.375 0.765625 0.3125 0.765625 0.09375 0.78125 0.125 0.765625 0.09375 0.765625 0.1716532 0.7354362 0.1442909 0.7491173 0.1442909 0.7354362 0.2811021 0.7354362 0.1716532 0.7491173 0.1716532 0.7354362 0.125 0.78125 0.25 0.765625 0.125 0.765625 0.734375 0.78125 0.75 0.765625 0.734375 0.765625 0.7188979 0.7354362 0.7052168 0.7491173 0.7052168 0.7354362 0.4375 0.78125 0.5 0.765625 0.4375 0.765625 0.5 0.7354362 0.4452756 0.7491173 0.4452756 0.7354362 1 0.78125 1 0.765625 1 0.765625 0.96875 0.78125 1 0.765625 0.96875 0.765625 0.1442909 0.7354362 0.1169287 0.7491173 0.1169287 0.7354362 0.0625 0.78125 0.09375 0.765625 0.0625 0.765625 0.8557091 0.7354362 0.8283469 0.7491173 0.8283469 0.7354362 0.875 0.78125 0.90625 0.765625 0.875 0.765625 0.09308248 0.7491173 0.08605045 0.7354362 0.09308248 0.7354362 0.9139495 0.7491173 0.9069176 0.7354362 0.9139495 0.7354362 0.280382 0.78125 0.3125 0.765625 0.280382 0.765625 0.3358266 0.7354362 0.3077043 0.7491173 0.3077043 0.7354362 0.4452756 0.7354362 0.4179133 0.7491173 0.4179133 0.7354362 0.40625 0.78125 0.4375 0.765625 0.40625 0.765625 0 0.78125 0 0.796875 0 0.796875 0.40625 0.765625 0.4375 0.75 0.40625 0.75 0.4452756 0.721755 0.4179133 0.7354362 0.4179133 0.721755 0.3358266 0.721755 0.3077043 0.7354362 0.3077043 0.721755 0.280382 0.765625 0.3125 0.75 0.2803819 0.75 0.9139495 0.7354362 0.9069176 0.721755 0.9139495 0.721755 0.09308248 0.7354362 0.08605045 0.721755 0.09308248 0.721755 0.875 0.765625 0.90625 0.75 0.875 0.75 0.8557091 0.721755 0.8283469 0.7354362 0.8283469 0.721755 0.0625 0.765625 0.09375 0.75 0.0625 0.75 0.1442909 0.721755 0.1169287 0.7354362 0.1169287 0.721755 0.96875 0.765625 1 0.75 0.96875 0.75 1 0.765625 1 0.75 1 0.75 0.5 0.721755 0.4452756 0.7354362 0.4452756 0.721755 0.4375 0.765625 0.5 0.75 0.4375 0.75 0.7188979 0.721755 0.7052168 0.7354362 0.7052168 0.721755 0.734375 0.765625 0.75 0.75 0.734375 0.75 0.125 0.765625 0.25 0.75 0.125 0.75 0.2811021 0.721755 0.1716532 0.7354362 0.1716532 0.721755 0.1716532 0.721755 0.1442909 0.7354362 0.1442909 0.721755 0.09375 0.765625 0.125 0.75 0.09375 0.75 0.3125 0.765625 0.375 0.75 0.3125 0.75 0.390551 0.721755 0.3358266 0.7354362 0.3358266 0.721755 0.609375 0.765625 0.625 0.75 0.609375 0.75 0.8283469 0.721755 0.7188979 0.7354362 0.7188979 0.721755 0.75 0.765625 0.875 0.75 0.75 0.75 0.8830713 0.721755 0.8557091 0.7354362 0.8557091 0.721755 0.90625 0.765625 0.9375 0.75 0.90625 0.75 0.03125 0.765625 0.0625 0.75 0.03125 0.75 0.9069176 0.721755 0.8830713 0.7354362 0.8830713 0.721755 0.1169287 0.721755 0.09308248 0.7354362 0.09308248 0.721755 0 0.765625 0.03125 0.75 0 0.75 0.9377958 0.721755 0.9139495 0.7354362 0.9139495 0.721755 0.9375 0.765625 0.96875 0.75 0.9375 0.75 0.08605045 0.721755 0.06220424 0.7354362 0.06220424 0.721755 0.546875 0.765625 0.5625 0.75 0.546875 0.75 0.578125 0.765625 0.59375 0.75 0.578125 0.75 0.671875 0.765625 0.6875 0.75 0.671875 0.75 0.640625 0.765625 0.65625 0.75 0.640625 0.75 0.625 0.765625 0.640625 0.75 0.625 0.75 0.65625 0.765625 0.671875 0.75 0.65625 0.75 0.703125 0.765625 0.71875 0.75 0.703125 0.75 0.71875 0.765625 0.734375 0.75 0.71875 0.75 0.7052168 0.721755 0.6915356 0.7354362 0.6915356 0.721755 0.6875 0.765625 0.703125 0.75 0.6875 0.75 0 0.765625 0 0.78125 0 0.78125 0 0.796875 0 0.8125 0 0.8125 0.6875 0.796875 0.703125 0.78125 0.6875 0.78125 0.7052168 0.7491173 0.6915356 0.7627984 0.6915356 0.7491173 0.71875 0.796875 0.734375 0.78125 0.71875 0.78125 0.703125 0.796875 0.71875 0.78125 0.703125 0.78125 0.65625 0.796875 0.671875 0.78125 0.65625 0.78125 0.625 0.796875 0.640625 0.78125 0.625 0.78125 0.640625 0.796875 0.65625 0.78125 0.640625 0.78125 0.671875 0.796875 0.6875 0.78125 0.671875 0.78125 0.578125 0.796875 0.59375 0.78125 0.578125 0.78125 0.546875 0.796875 0.5625 0.78125 0.546875 0.78125 0.08605045 0.7491173 0.06220424 0.7627984 0.06220424 0.7491173 0.9375 0.796875 0.96875 0.78125 0.9375 0.78125 0.9377958 0.7491173 0.9139495 0.7627984 0.9139495 0.7491173 0 0.796875 0.03125 0.78125 0 0.78125 0.1169287 0.7491173 0.09308248 0.7627984 0.09308248 0.7491173 0.9069176 0.7491173 0.8830713 0.7627984 0.8830713 0.7491173 0.03125 0.796875 0.0625 0.78125 0.03125 0.78125 0.90625 0.796875 0.9375 0.78125 0.90625 0.78125 0.8830713 0.7491173 0.8557091 0.7627984 0.8557091 0.7491173 0.75 0.796875 0.875 0.78125 0.75 0.78125 0.8283469 0.7491173 0.7188979 0.7627984 0.7188979 0.7491173 0.609375 0.796875 0.625 0.78125 0.609375 0.78125 0.390551 0.7491173 0.3358266 0.7627984 0.3358266 0.7491173 0.3125 0.796875 0.375 0.78125 0.3125 0.78125 0.09375 0.796875 0.125 0.78125 0.09375 0.78125 0.1716532 0.7491173 0.1442909 0.7627984 0.1442909 0.7491173 0.2811021 0.7491173 0.1716532 0.7627984 0.1716532 0.7491173 0.125 0.796875 0.25 0.78125 0.125 0.78125 0.734375 0.796875 0.75 0.78125 0.734375 0.78125 0.7188979 0.7491173 0.7052168 0.7627984 0.7052168 0.7491173 0.4375 0.796875 0.5 0.78125 0.4375 0.78125 0.5 0.7491173 0.4452756 0.7627984 0.4452756 0.7491173 1 0.796875 1 0.78125 1 0.78125 0.96875 0.796875 1 0.78125 0.96875 0.78125 0.1442909 0.7491173 0.1169287 0.7627984 0.1169287 0.7491173 0.0625 0.796875 0.09375 0.78125 0.0625 0.78125 0.8557091 0.7491173 0.8283469 0.7627984 0.8283469 0.7491173 0.875 0.796875 0.90625 0.78125 0.875 0.78125 0.09308248 0.7627984 0.08605045 0.7491173 0.09308248 0.7491173 0.9139495 0.7627984 0.9069176 0.7491173 0.9139495 0.7491173 0.2803819 0.796875 0.3125 0.78125 0.280382 0.78125 0.3358266 0.7491173 0.3077043 0.7627984 0.3077043 0.7491173 0.4452756 0.7491173 0.4179133 0.7627984 0.4179133 0.7491173 0.40625 0.796875 0.4375 0.78125 0.40625 0.78125 0.59375 0.796875 0.609375 0.78125 0.59375 0.78125 0.59375 0.765625 0.609375 0.75 0.59375 0.75 0.59375 0.78125 0.609375 0.765625 0.59375 0.765625 0.59375 0.734375 0.609375 0.71875 0.59375 0.71875 0.59375 0.71875 0.609375 0.703125 0.59375 0.703125 0.59375 0.296875 0.609375 0.28125 0.59375 0.28125 0.59375 0.265625 0.609375 0.25 0.59375 0.25 0.59375 0.234375 0.609375 0.21875 0.59375 0.21875 0.59375 0.203125 0.609375 0.1875 0.59375 0.1875 0.5957678 0.9168066 0.6094489 0.9097746 0.6094489 0.9168066 0.5957678 0.09593957 0.6094489 0.08890759 0.6094489 0.09593957 0.609375 1 0.625 1 0.625 1 0.59375 0.34375 0.609375 0.328125 0.59375 0.328125 0.59375 0.28125 0.609375 0.265625 0.59375 0.265625 0.59375 0.3125 0.609375 0.296875 0.59375 0.296875 0.59375 0.6875 0.609375 0.671875 0.59375 0.671875 0.59375 0.5625 0.609375 0.546875 0.59375 0.546875 0.59375 0.625 0.609375 0.609375 0.59375 0.609375 0.59375 0.4375 0.609375 0.421875 0.59375 0.421875 0.59375 0.375 0.609375 0.359375 0.59375 0.359375 0.59375 0.8125 0.609375 0.796875 0.59375 0.796875 0.59375 0.21875 0.609375 0.203125 0.59375 0.203125 0.5957678 0.1745103 0.5820867 0.2018725 0.5820867 0.1745103 0.59375 0.15625 0.609375 0.125 0.59375 0.125 0.5957678 0.1197859 0.5820867 0.1471481 0.5820867 0.1197859 0.59375 0.09375 0.609375 0.0625 0.59375 0.0625 0.59375 0.1875 0.609375 0.15625 0.59375 0.15625 0.5957678 0.2018725 0.5820867 0.2292348 0.5820867 0.2018725 0.5957678 0.8312039 0.5820867 0.8585662 0.5820867 0.8312039 0.59375 0.90625 0.609375 0.875 0.59375 0.875 0.59375 0.96875 0.609375 0.9375 0.59375 0.9375 0.5957678 0.9168066 0.5820867 0.9406529 0.5820867 0.9168066 0.59375 0.9375 0.609375 0.90625 0.59375 0.90625 0.5957678 0.8585662 0.5820867 0.8859284 0.5820867 0.8585662 0.59375 0.875 0.609375 0.8125 0.59375 0.8125 0.5957678 0.7764795 0.5820867 0.8312039 0.5820867 0.7764795 0.59375 0.75 0.609375 0.734375 0.59375 0.734375 0.59375 0.03125 0.609375 0 0.59375 0 0.5957678 0.09593957 0.5820867 0.1197859 0.5820867 0.09593957 0.5957678 0.06506139 0.5820867 0.08890759 0.5820867 0.06506139 0.59375 0.0625 0.609375 0.03125 0.59375 0.03125 0.59375 0.125 0.609375 0.09375 0.59375 0.09375 0.5957678 0.1471481 0.5820867 0.1745103 0.5820867 0.1471481 0.59375 0.25 0.609375 0.234375 0.59375 0.234375 0.609375 0 0.59375 0 0.59375 0 0.59375 1 0.609375 0.96875 0.59375 0.96875 0.59375 0.5 0.609375 0.484375 0.59375 0.484375 0.5957678 0.8859284 0.5820867 0.9097747 0.5820867 0.8859284 0.5625 0.796875 0.578125 0.78125 0.5625 0.78125 0.5625 0.765625 0.578125 0.75 0.5625 0.75 0.5625 0.78125 0.578125 0.765625 0.5625 0.765625 0.5625 0.734375 0.578125 0.71875 0.5625 0.71875 0.5625 0.71875 0.578125 0.703125 0.5625 0.703125 0.5625 0.296875 0.578125 0.28125 0.5625 0.28125 0.5625 0.265625 0.578125 0.25 0.5625 0.25 0.5625 0.234375 0.578125 0.21875 0.5625 0.21875 0.5625 0.203125 0.578125 0.1875 0.5625 0.1875 0.5684056 0.8859284 0.5547245 0.9097747 0.5547245 0.8859284 0.5625 0.5 0.578125 0.484375 0.5625 0.484375 0.5625 1 0.578125 0.96875 0.5625 0.96875 0.578125 0 0.5625 0 0.5625 0 0.5625 0.25 0.578125 0.234375 0.5625 0.234375 0.5684056 0.1471481 0.5547245 0.1745103 0.5547245 0.1471481 0.5625 0.125 0.578125 0.09375 0.5625 0.09375 0.5625 0.0625 0.578125 0.03125 0.5625 0.03125 0.5684056 0.06506139 0.5547245 0.08890759 0.5547245 0.06506139 0.5684056 0.09593957 0.5547245 0.1197859 0.5547245 0.09593957 0.5625 0.03125 0.578125 0 0.5625 0 0.5625 0.75 0.578125 0.734375 0.5625 0.734375 0.5684056 0.7764795 0.5547245 0.8312039 0.5547245 0.7764795 0.5625 0.875 0.578125 0.8125 0.5625 0.8125 0.5684056 0.8585662 0.5547245 0.8859284 0.5547245 0.8585662 0.5625 0.9375 0.578125 0.90625 0.5625 0.90625 0.5684056 0.9168066 0.5547245 0.9406529 0.5547245 0.9168066 0.5625 0.96875 0.578125 0.9375 0.5625 0.9375 0.5625 0.90625 0.578125 0.875 0.5625 0.875 0.5684056 0.8312039 0.5547245 0.8585662 0.5547245 0.8312039 0.5684056 0.2018725 0.5547245 0.2292348 0.5547245 0.2018725 0.5625 0.1875 0.578125 0.15625 0.5625 0.15625 0.5625 0.09375 0.578125 0.0625 0.5625 0.0625 0.5684056 0.1197859 0.5547245 0.1471481 0.5547245 0.1197859 0.5625 0.15625 0.578125 0.125 0.5625 0.125 0.5684056 0.1745103 0.5547245 0.2018725 0.5547245 0.1745103 0.5625 0.21875 0.578125 0.203125 0.5625 0.203125 0.5625 0.8125 0.578125 0.796875 0.5625 0.796875 0.5625 0.375 0.578125 0.359375 0.5625 0.359375 0.5625 0.4375 0.578125 0.421875 0.5625 0.421875 0.5625 0.625 0.578125 0.609375 0.5625 0.609375 0.5625 0.5625 0.578125 0.546875 0.5625 0.546875 0.5625 0.6875 0.578125 0.671875 0.5625 0.671875 0.5625 0.3125 0.578125 0.296875 0.5625 0.296875 0.5625 0.28125 0.578125 0.265625 0.5625 0.265625 0.5625 0.34375 0.578125 0.328125 0.5625 0.328125 0.578125 1 0.59375 1 0.59375 1 0.5684056 0.09593957 0.5820867 0.08890759 0.5820867 0.09593957 0.5684056 0.9168066 0.5820867 0.9097747 0.5820867 0.9168066 0.5625 0.328125 0.578125 0.3125 0.5625 0.3125 0.59375 0.328125 0.609375 0.3125 0.59375 0.3125 0.6875 0.328125 0.703125 0.3125 0.6875 0.3125 0.71875 0.328125 0.734375 0.3125 0.71875 0.3125 0.7052168 0.3386837 0.6915356 0.3523648 0.6915356 0.3386837 0.703125 0.328125 0.71875 0.3125 0.703125 0.3125 0.65625 0.328125 0.671875 0.3125 0.65625 0.3125 0.625 0.328125 0.640625 0.3125 0.625 0.3125 0.640625 0.328125 0.65625 0.3125 0.640625 0.3125 0.671875 0.328125 0.6875 0.3125 0.671875 0.3125 0.578125 0.328125 0.59375 0.3125 0.578125 0.3125 0.546875 0.328125 0.5625 0.3125 0.546875 0.3125 0.40625 0.328125 0.4375 0.3125 0.40625 0.3125 0.4452756 0.3386837 0.4179133 0.3523648 0.4179133 0.3386837 0.3358266 0.3386837 0.3077043 0.3523648 0.3077043 0.3386837 0.2803819 0.328125 0.3125 0.3125 0.280382 0.3125 0.9139495 0.3523648 0.9069176 0.3386837 0.9139495 0.3386837 0.09308248 0.3523648 0.08605045 0.3386837 0.09308248 0.3386837 0.875 0.328125 0.90625 0.3125 0.875 0.3125 0.8557091 0.3386837 0.8283469 0.3523648 0.8283469 0.3386837 0.0625 0.328125 0.09375 0.3125 0.0625 0.3125 0.1442909 0.3386837 0.1169287 0.3523648 0.1169287 0.3386837 0.9377958 0.3386837 0.9139495 0.3523648 0.9139495 0.3386837 0.1169287 0.3386837 0.09308248 0.3523648 0.09308248 0.3386837 0.08605045 0.3386837 0.06220424 0.3523648 0.06220424 0.3386837 0.9069176 0.3386837 0.8830713 0.3523648 0.8830713 0.3386837 0.9375 0.328125 0.96875 0.3125 0.9375 0.3125 0 0.328125 0.03125 0.3125 0 0.3125 0.03125 0.328125 0.0625 0.3125 0.03125 0.3125 0.8830713 0.3386837 0.8557091 0.3523648 0.8557091 0.3386837 0.90625 0.328125 0.9375 0.3125 0.90625 0.3125 0.8283469 0.3386837 0.7188979 0.3523648 0.7188979 0.3386837 0.75 0.328125 0.875 0.3125 0.75 0.3125 0.609375 0.328125 0.625 0.3125 0.609375 0.3125 0.3125 0.328125 0.375 0.3125 0.3125 0.3125 0.390551 0.3386837 0.3358266 0.3523648 0.3358266 0.3386837 0.1716532 0.3386837 0.1442909 0.3523648 0.1442909 0.3386837 0.09375 0.328125 0.125 0.3125 0.09375 0.3125 0.96875 0.328125 1 0.3125 0.96875 0.3125 1 0.328125 1 0.3125 1 0.3125 0.5 0.3386837 0.4452756 0.3523648 0.4452756 0.3386837 0.4375 0.328125 0.5 0.3125 0.4375 0.3125 0.7188979 0.3386837 0.7052168 0.3523648 0.7052168 0.3386837 0.734375 0.328125 0.75 0.3125 0.734375 0.3125 0.125 0.328125 0.25 0.3125 0.125 0.3125 0.2811021 0.3386837 0.1716532 0.3523648 0.1716532 0.3386837 0 0.328125 0 0.34375 0 0.34375 0.5625 0.359375 0.578125 0.34375 0.5625 0.34375 0.59375 0.359375 0.609375 0.34375 0.59375 0.34375 0.6875 0.359375 0.703125 0.34375 0.6875 0.34375 0.7052168 0.366046 0.6915356 0.3797271 0.6915356 0.366046 0.71875 0.359375 0.734375 0.34375 0.71875 0.34375 0.703125 0.359375 0.71875 0.34375 0.703125 0.34375 0.65625 0.359375 0.671875 0.34375 0.65625 0.34375 0.625 0.359375 0.640625 0.34375 0.625 0.34375 0.640625 0.359375 0.65625 0.34375 0.640625 0.34375 0.671875 0.359375 0.6875 0.34375 0.671875 0.34375 0.578125 0.359375 0.59375 0.34375 0.578125 0.34375 0.546875 0.359375 0.5625 0.34375 0.546875 0.34375 0 0.359375 0 0.375 0 0.375 0.2811021 0.366046 0.1716532 0.3797271 0.1716532 0.366046 0.125 0.359375 0.25 0.34375 0.125 0.34375 0.734375 0.359375 0.75 0.34375 0.734375 0.34375 0.7188979 0.366046 0.7052168 0.3797271 0.7052168 0.366046 0.4375 0.359375 0.5 0.34375 0.4375 0.34375 0.5 0.366046 0.4452756 0.3797271 0.4452756 0.366046 1 0.359375 1 0.34375 1 0.34375 0.96875 0.359375 1 0.34375 0.96875 0.34375 0.09375 0.359375 0.125 0.34375 0.09375 0.34375 0.1716532 0.366046 0.1442909 0.3797271 0.1442909 0.366046 0.390551 0.366046 0.3358266 0.3797271 0.3358266 0.366046 0.3125 0.359375 0.375 0.34375 0.3125 0.34375 0.609375 0.359375 0.625 0.34375 0.609375 0.34375 0.75 0.359375 0.875 0.34375 0.75 0.34375 0.8283469 0.366046 0.7188979 0.3797271 0.7188979 0.366046 0.90625 0.359375 0.9375 0.34375 0.90625 0.34375 0.8830713 0.366046 0.8557091 0.3797271 0.8557091 0.366046 0.03125 0.359375 0.0625 0.34375 0.03125 0.34375 0 0.359375 0.03125 0.34375 0 0.34375 0.9375 0.359375 0.96875 0.34375 0.9375 0.34375 0.9069176 0.366046 0.8830713 0.3797271 0.8830713 0.366046 0.08605045 0.366046 0.06220424 0.3797271 0.06220424 0.366046 0.1169287 0.366046 0.09308248 0.3797271 0.09308248 0.366046 0.9377958 0.366046 0.9139495 0.3797271 0.9139495 0.366046 0.1442909 0.366046 0.1169287 0.3797271 0.1169287 0.366046 0.0625 0.359375 0.09375 0.34375 0.0625 0.34375 0.8557091 0.366046 0.8283469 0.3797271 0.8283469 0.366046 0.875 0.359375 0.90625 0.34375 0.875 0.34375 0.09308248 0.3797271 0.08605045 0.366046 0.09308248 0.366046 0.9139495 0.3797271 0.9069176 0.366046 0.9139495 0.366046 0.280382 0.359375 0.3125 0.34375 0.2803819 0.34375 0.3358266 0.366046 0.3077043 0.3797271 0.3077043 0.366046 0.4452756 0.366046 0.4179133 0.3797271 0.4179133 0.366046 0.40625 0.359375 0.4375 0.34375 0.40625 0.34375 0.5625 0.40625 0.578125 0.390625 0.5625 0.390625 0.59375 0.40625 0.609375 0.390625 0.59375 0.390625 0.6875 0.40625 0.703125 0.390625 0.6875 0.390625 0.7052168 0.4070894 0.6915356 0.4207705 0.6915356 0.4070894 0.71875 0.40625 0.734375 0.390625 0.71875 0.390625 0.703125 0.40625 0.71875 0.390625 0.703125 0.390625 0.65625 0.40625 0.671875 0.390625 0.65625 0.390625 0.625 0.40625 0.640625 0.390625 0.625 0.390625 0.640625 0.40625 0.65625 0.390625 0.640625 0.390625 0.671875 0.40625 0.6875 0.390625 0.671875 0.390625 0.578125 0.40625 0.59375 0.390625 0.578125 0.390625 0.546875 0.40625 0.5625 0.390625 0.546875 0.390625 0.2811021 0.4070894 0.1716532 0.4207705 0.1716532 0.4070894 0.125 0.40625 0.25 0.390625 0.125 0.390625 0.734375 0.40625 0.75 0.390625 0.734375 0.390625 0.7188979 0.4070894 0.7052168 0.4207705 0.7052168 0.4070894 0.4375 0.40625 0.5 0.390625 0.4375 0.390625 0.5 0.4070894 0.4452756 0.4207705 0.4452756 0.4070894 1 0.40625 1 0.390625 1 0.390625 0.96875 0.40625 1 0.390625 0.96875 0.390625 0.09375 0.40625 0.125 0.390625 0.09375 0.390625 0.1716532 0.4070894 0.1442909 0.4207705 0.1442909 0.4070894 0.390551 0.4070894 0.3358266 0.4207705 0.3358266 0.4070894 0.3125 0.40625 0.375 0.390625 0.3125 0.390625 0.609375 0.40625 0.625 0.390625 0.609375 0.390625 0.75 0.40625 0.875 0.390625 0.75 0.390625 0.8283469 0.4070894 0.7188979 0.4207705 0.7188979 0.4070894 0.90625 0.40625 0.9375 0.390625 0.90625 0.390625 0.8830713 0.4070894 0.8557091 0.4207705 0.8557091 0.4070894 0.03125 0.40625 0.0625 0.390625 0.03125 0.390625 0 0.40625 0.03125 0.390625 0 0.390625 0.9375 0.40625 0.96875 0.390625 0.9375 0.390625 0.9069176 0.4070894 0.8830713 0.4207705 0.8830713 0.4070894 0.08605045 0.4070894 0.06220424 0.4207705 0.06220424 0.4070894 0.1169287 0.4070894 0.09308248 0.4207705 0.09308248 0.4070894 0.9377958 0.4070894 0.9139495 0.4207705 0.9139495 0.4070894 0.1442909 0.4070894 0.1169287 0.4207705 0.1169287 0.4070894 0.0625 0.40625 0.09375 0.390625 0.0625 0.390625 0.8557091 0.4070894 0.8283469 0.4207705 0.8283469 0.4070894 0.875 0.40625 0.90625 0.390625 0.875 0.390625 0.09308248 0.4207705 0.08605045 0.4070894 0.09308248 0.4070894 0.9139495 0.4207705 0.9069176 0.4070894 0.9139495 0.4070894 0.2803819 0.40625 0.3125 0.390625 0.2803819 0.390625 0.3358266 0.4070894 0.3077043 0.4207705 0.3077043 0.4070894 0.4452756 0.4070894 0.4179133 0.4207705 0.4179133 0.4070894 0.40625 0.40625 0.4375 0.390625 0.40625 0.390625 0 0.40625 0 0.421875 0 0.421875 0.40625 0.390625 0.4375 0.375 0.40625 0.375 0.4452756 0.3934082 0.4179133 0.4070894 0.4179133 0.3934082 0.3358266 0.3934082 0.3077043 0.4070894 0.3077043 0.3934082 0.2803819 0.390625 0.3125 0.375 0.280382 0.375 0.9139495 0.4070894 0.9069176 0.3934082 0.9139495 0.3934082 0.09308248 0.4070894 0.08605045 0.3934082 0.09308248 0.3934082 0.875 0.390625 0.90625 0.375 0.875 0.375 0.8557091 0.3934082 0.8283469 0.4070894 0.8283469 0.3934082 0.0625 0.390625 0.09375 0.375 0.0625 0.375 0.1442909 0.3934082 0.1169287 0.4070894 0.1169287 0.3934082 0.9377958 0.3934082 0.9139495 0.4070894 0.9139495 0.3934082 0.1169287 0.3934082 0.09308248 0.4070894 0.09308248 0.3934082 0.08605045 0.3934082 0.06220424 0.4070894 0.06220424 0.3934082 0.9069176 0.3934082 0.8830713 0.4070894 0.8830713 0.3934082 0.9375 0.390625 0.96875 0.375 0.9375 0.375 0 0.390625 0.03125 0.375 0 0.375 0.03125 0.390625 0.0625 0.375 0.03125 0.375 0.8830713 0.3934082 0.8557091 0.4070894 0.8557091 0.3934082 0.90625 0.390625 0.9375 0.375 0.90625 0.375 0.8283469 0.3934082 0.7188979 0.4070894 0.7188979 0.3934082 0.75 0.390625 0.875 0.375 0.75 0.375 0.609375 0.390625 0.625 0.375 0.609375 0.375 0.3125 0.390625 0.375 0.375 0.3125 0.375 0.390551 0.3934082 0.3358266 0.4070894 0.3358266 0.3934082 0.1716532 0.3934082 0.1442909 0.4070894 0.1442909 0.3934082 0.09375 0.390625 0.125 0.375 0.09375 0.375 0.96875 0.390625 1 0.375 0.96875 0.375 1 0.390625 1 0.375 1 0.375 0.5 0.3934082 0.4452756 0.4070894 0.4452756 0.3934082 0.4375 0.390625 0.5 0.375 0.4375 0.375 0.7188979 0.3934082 0.7052168 0.4070894 0.7052168 0.3934082 0.734375 0.390625 0.75 0.375 0.734375 0.375 0.125 0.390625 0.25 0.375 0.125 0.375 0.2811021 0.3934082 0.1716532 0.4070894 0.1716532 0.3934082 0.546875 0.390625 0.5625 0.375 0.546875 0.375 0.578125 0.390625 0.59375 0.375 0.578125 0.375 0.671875 0.390625 0.6875 0.375 0.671875 0.375 0.640625 0.390625 0.65625 0.375 0.640625 0.375 0.625 0.390625 0.640625 0.375 0.625 0.375 0.65625 0.390625 0.671875 0.375 0.65625 0.375 0.703125 0.390625 0.71875 0.375 0.703125 0.375 0.71875 0.390625 0.734375 0.375 0.71875 0.375 0.7052168 0.3934082 0.6915356 0.4070894 0.6915356 0.3934082 0.6875 0.390625 0.703125 0.375 0.6875 0.375 0.59375 0.390625 0.609375 0.375 0.59375 0.375 0.5625 0.390625 0.578125 0.375 0.5625 0.375 0 0.390625 0 0.40625 0 0.40625 0.25 0.390625 0.280382 0.375 0.25 0.375 0.3077043 0.3934082 0.2811021 0.4070894 0.2811021 0.3934082 0.3077043 0.4070894 0.2811021 0.4207705 0.2811021 0.4070894 0.25 0.40625 0.2803819 0.390625 0.25 0.390625 0.3077043 0.366046 0.2811021 0.3797271 0.2811021 0.366046 0.25 0.359375 0.2803819 0.34375 0.25 0.34375 0.25 0.328125 0.280382 0.3125 0.25 0.3125 0.3077043 0.3386837 0.2811021 0.3523648 0.2811021 0.3386837 0.3077043 0.7491173 0.2811021 0.7627984 0.2811021 0.7491173 0.25 0.796875 0.280382 0.78125 0.25 0.78125 0.25 0.765625 0.2803819 0.75 0.25 0.75 0.3077043 0.721755 0.2811021 0.7354362 0.2811021 0.721755 0.3077043 0.7354362 0.2811021 0.7491173 0.2811021 0.7354362 0.25 0.78125 0.280382 0.765625 0.25 0.765625 0.25 0.734375 0.2803819 0.71875 0.25 0.71875 0.3077043 0.6943928 0.2811021 0.7080739 0.2811021 0.6943928 0.25 0.71875 0.2803819 0.703125 0.25 0.703125 0.3077043 0.6807117 0.2811021 0.6943928 0.2811021 0.6807117 0.25 0.296875 0.2803819 0.28125 0.25 0.28125 0.3077043 0.3113215 0.2811021 0.3250026 0.2811021 0.3113215 0.3077043 0.2839593 0.2811021 0.2976404 0.2811021 0.2839593 0.25 0.265625 0.2803819 0.25 0.25 0.25 0.3077043 0.2565971 0.2811021 0.2702782 0.2811021 0.2565971 0.25 0.234375 0.280382 0.21875 0.25 0.21875 0.25 0.203125 0.2803819 0.1875 0.25 0.1875 0.3077043 0.2292348 0.2811021 0.2429159 0.2811021 0.2292348 0.3077043 0.3523648 0.2811021 0.366046 0.2811021 0.3523648 0.25 0.34375 0.2803819 0.328125 0.25 0.328125 0.25 0.28125 0.280382 0.265625 0.25 0.265625 0.3077043 0.2976404 0.2811021 0.3113215 0.2811021 0.2976404 0.3077043 0.3250026 0.2811021 0.3386837 0.2811021 0.3250026 0.25 0.3125 0.280382 0.296875 0.25 0.296875 0.25 0.6875 0.2803819 0.671875 0.25 0.671875 0.3077043 0.6533495 0.2811021 0.6670306 0.2811021 0.6533495 0.3077043 0.5439006 0.2811021 0.5575817 0.2811021 0.5439006 0.25 0.5625 0.2803819 0.546875 0.25 0.546875 0.25 0.625 0.2803819 0.609375 0.25 0.609375 0.3077043 0.598625 0.2811021 0.6123061 0.2811021 0.598625 0.25 0.4375 0.2803819 0.421875 0.25 0.421875 0.3077043 0.4344516 0.2811021 0.4481327 0.2811021 0.4344516 0.25 0.375 0.280382 0.359375 0.25 0.359375 0.3077043 0.3797271 0.2811021 0.3934082 0.2811021 0.3797271 0.25 0.8125 0.2803819 0.796875 0.25 0.796875 0.3077043 0.7627984 0.2811021 0.7764795 0.2811021 0.7627984 0.3077043 0.8859284 0.2811021 0.9097747 0.2811021 0.8859284 0.3077043 0.489176 0.2811021 0.5028572 0.2811021 0.489176 0.25 0.5 0.2803819 0.484375 0.25 0.484375 0.25 1 0.2803819 0.96875 0.25 0.96875 0.2803819 0 0.25 0 0.25 0 0.25 0.25 0.2803819 0.234375 0.25 0.234375 0.3077043 0.2702782 0.2811021 0.2839593 0.2811021 0.2702782 0.3077043 0.1471481 0.2811021 0.1745103 0.2811021 0.1471481 0.25 0.125 0.2803819 0.09375 0.25 0.09375 0.25 0.0625 0.2803819 0.03125 0.25 0.03125 0.3077043 0.06506139 0.2811021 0.08890759 0.2811021 0.06506139 0.3077043 0.09593957 0.2811021 0.1197859 0.2811021 0.09593957 0.25 0.03125 0.2803819 0 0.25 0 0.3077043 0.7080739 0.2811021 0.721755 0.2811021 0.7080739 0.25 0.75 0.280382 0.734375 0.25 0.734375 0.3077043 0.7764795 0.2811021 0.8312039 0.2811021 0.7764795 0.25 0.875 0.2803819 0.8125 0.25 0.8125 0.3077043 0.8585662 0.2811021 0.8859284 0.2811021 0.8585662 0.25 0.9375 0.2803819 0.90625 0.25 0.90625 0.3077043 0.9168066 0.2811021 0.9406529 0.2811021 0.9168066 0.25 0.96875 0.2803819 0.9375 0.25 0.9375 0.25 0.90625 0.2803819 0.8750001 0.25 0.875 0.3077043 0.8312039 0.2811021 0.8585662 0.2811021 0.8312039 0.3077043 0.2018725 0.2811021 0.2292348 0.2811021 0.2018725 0.25 0.1875 0.2803819 0.15625 0.25 0.15625 0.25 0.09375 0.2803819 0.0625 0.25 0.0625 0.3077043 0.1197859 0.2811021 0.1471481 0.2811021 0.1197859 0.25 0.15625 0.2803819 0.125 0.25 0.125 0.3077043 0.1745103 0.2811021 0.2018725 0.2811021 0.1745103 0.3077043 0.2429159 0.2811021 0.2565971 0.2811021 0.2429159 0.25 0.21875 0.280382 0.203125 0.25 0.203125 0.3077043 0.9168066 0.3358266 0.9097747 0.3358266 0.9168066 0.3077043 0.09593957 0.3358266 0.08890759 0.3358266 0.09593957 0.2803819 1 0.3125 1 0.3125 1 0.3077043 0.4207705 0.2811021 0.4344516 0.2811021 0.4207705 0.25 0.421875 0.2803819 0.40625 0.25 0.40625 0 0.421875 0 0.4375 0 0.4375 0.5625 0.421875 0.578125 0.40625 0.5625 0.40625 0.59375 0.421875 0.609375 0.40625 0.59375 0.40625 0.6875 0.421875 0.703125 0.40625 0.6875 0.40625 0.7052168 0.4207705 0.6915356 0.4344516 0.6915356 0.4207705 0.71875 0.421875 0.734375 0.40625 0.71875 0.40625 0.703125 0.421875 0.71875 0.40625 0.703125 0.40625 0.65625 0.421875 0.671875 0.40625 0.65625 0.40625 0.625 0.421875 0.640625 0.40625 0.625 0.40625 0.640625 0.421875 0.65625 0.40625 0.640625 0.40625 0.671875 0.421875 0.6875 0.40625 0.671875 0.40625 0.578125 0.421875 0.59375 0.40625 0.578125 0.40625 0.546875 0.421875 0.5625 0.40625 0.546875 0.40625 0.2811021 0.4207705 0.1716532 0.4344516 0.1716532 0.4207705 0.125 0.421875 0.25 0.40625 0.125 0.40625 0.734375 0.421875 0.75 0.40625 0.734375 0.40625 0.7188979 0.4207705 0.7052168 0.4344516 0.7052168 0.4207705 0.4375 0.421875 0.5 0.40625 0.4375 0.40625 0.5 0.4207705 0.4452756 0.4344516 0.4452756 0.4207705 1 0.421875 1 0.40625 1 0.40625 0.96875 0.421875 1 0.40625 0.96875 0.40625 0.09375 0.421875 0.125 0.40625 0.09375 0.40625 0.1716532 0.4207705 0.1442909 0.4344516 0.1442909 0.4207705 0.390551 0.4207705 0.3358266 0.4344516 0.3358266 0.4207705 0.3125 0.421875 0.375 0.40625 0.3125 0.40625 0.609375 0.421875 0.625 0.40625 0.609375 0.40625 0.75 0.421875 0.875 0.40625 0.75 0.40625 0.8283469 0.4207705 0.7188979 0.4344516 0.7188979 0.4207705 0.90625 0.421875 0.9375 0.40625 0.90625 0.40625 0.8830713 0.4207705 0.8557091 0.4344516 0.8557091 0.4207705 0.03125 0.421875 0.0625 0.40625 0.03125 0.40625 0 0.421875 0.03125 0.40625 0 0.40625 0.9375 0.421875 0.96875 0.40625 0.9375 0.40625 0.9069176 0.4207705 0.8830713 0.4344516 0.8830713 0.4207705 0.08605045 0.4207705 0.06220424 0.4344516 0.06220424 0.4207705 0.1169287 0.4207705 0.09308248 0.4344516 0.09308248 0.4207705 0.9377958 0.4207705 0.9139495 0.4344516 0.9139495 0.4207705 0.1442909 0.4207705 0.1169287 0.4344516 0.1169287 0.4207705 0.0625 0.421875 0.09375 0.40625 0.0625 0.40625 0.8557091 0.4207705 0.8283469 0.4344516 0.8283469 0.4207705 0.875 0.421875 0.90625 0.40625 0.875 0.40625 0.09308248 0.4344516 0.08605045 0.4207705 0.09308248 0.4207705 0.9139495 0.4344516 0.9069176 0.4207705 0.9139495 0.4207705 0.2803819 0.421875 0.3125 0.40625 0.2803819 0.40625 0.3358266 0.4207705 0.3077043 0.4344516 0.3077043 0.4207705 0.4452756 0.4207705 0.4179133 0.4344516 0.4179133 0.4207705 0.40625 0.421875 0.4375 0.40625 0.40625 0.40625 0.25 0.46875 0.2803819 0.453125 0.25 0.453125 0.3077043 0.4618138 0.2811021 0.4754949 0.2811021 0.4618138 0.5625 0.46875 0.578125 0.453125 0.5625 0.453125 0.59375 0.46875 0.609375 0.453125 0.59375 0.453125 0.6875 0.46875 0.703125 0.453125 0.6875 0.453125 0.71875 0.46875 0.734375 0.453125 0.71875 0.453125 0.7052168 0.4618138 0.6915356 0.4754949 0.6915356 0.4618138 0.703125 0.46875 0.71875 0.453125 0.703125 0.453125 0.65625 0.46875 0.671875 0.453125 0.65625 0.453125 0.625 0.46875 0.640625 0.453125 0.625 0.453125 0.640625 0.46875 0.65625 0.453125 0.640625 0.453125 0.671875 0.46875 0.6875 0.453125 0.671875 0.453125 0.578125 0.46875 0.59375 0.453125 0.578125 0.453125 0.546875 0.46875 0.5625 0.453125 0.546875 0.453125 0 0.46875 0 0.484375 0 0.484375 0.40625 0.46875 0.4375 0.453125 0.40625 0.453125 0.4452756 0.4618138 0.4179133 0.4754949 0.4179133 0.4618138 0.3358266 0.4618138 0.3077043 0.4754949 0.3077043 0.4618138 0.2803819 0.46875 0.3125 0.453125 0.2803819 0.453125 0.9139495 0.4754949 0.9069176 0.4618138 0.9139495 0.4618138 0.09308248 0.4754949 0.08605045 0.4618138 0.09308248 0.4618138 0.875 0.46875 0.90625 0.453125 0.875 0.453125 0.8557091 0.4618138 0.8283469 0.4754949 0.8283469 0.4618138 0.0625 0.46875 0.09375 0.453125 0.0625 0.453125 0.1442909 0.4618138 0.1169287 0.4754949 0.1169287 0.4618138 0.9377958 0.4618138 0.9139495 0.4754949 0.9139495 0.4618138 0.1169287 0.4618138 0.09308248 0.4754949 0.09308248 0.4618138 0.08605045 0.4618138 0.06220424 0.4754949 0.06220424 0.4618138 0.9069176 0.4618138 0.8830713 0.4754949 0.8830713 0.4618138 0.9375 0.46875 0.96875 0.453125 0.9375 0.453125 0 0.46875 0.03125 0.453125 0 0.453125 0.03125 0.46875 0.0625 0.453125 0.03125 0.453125 0.8830713 0.4618138 0.8557091 0.4754949 0.8557091 0.4618138 0.90625 0.46875 0.9375 0.453125 0.90625 0.453125 0.8283469 0.4618138 0.7188979 0.4754949 0.7188979 0.4618138 0.75 0.46875 0.875 0.453125 0.75 0.453125 0.609375 0.46875 0.625 0.453125 0.609375 0.453125 0.3125 0.46875 0.375 0.453125 0.3125 0.453125 0.390551 0.4618138 0.3358266 0.4754949 0.3358266 0.4618138 0.1716532 0.4618138 0.1442909 0.4754949 0.1442909 0.4618138 0.09375 0.46875 0.125 0.453125 0.09375 0.453125 0.96875 0.46875 1 0.453125 0.96875 0.453125 1 0.46875 1 0.453125 1 0.453125 0.5 0.4618138 0.4452756 0.4754949 0.4452756 0.4618138 0.4375 0.46875 0.5 0.453125 0.4375 0.453125 0.7188979 0.4618138 0.7052168 0.4754949 0.7052168 0.4618138 0.734375 0.46875 0.75 0.453125 0.734375 0.453125 0.125 0.46875 0.25 0.453125 0.125 0.453125 0.2811021 0.4618138 0.1716532 0.4754949 0.1716532 0.4618138 0.2811021 0.4481327 0.1716532 0.4618138 0.1716532 0.4481327 0.125 0.453125 0.25 0.4375 0.125 0.4375 0.734375 0.453125 0.75 0.4375 0.734375 0.4375 0.7188979 0.4481327 0.7052168 0.4618138 0.7052168 0.4481327 0.4375 0.453125 0.5 0.4375 0.4375 0.4375 0.5 0.4481327 0.4452756 0.4618138 0.4452756 0.4481327 1 0.453125 1 0.4375 1 0.4375 0.96875 0.453125 1 0.4375 0.96875 0.4375 0.09375 0.453125 0.125 0.4375 0.09375 0.4375 0.1716532 0.4481327 0.1442909 0.4618138 0.1442909 0.4481327 0.390551 0.4481327 0.3358266 0.4618138 0.3358266 0.4481327 0.3125 0.453125 0.375 0.4375 0.3125 0.4375 0.609375 0.453125 0.625 0.4375 0.609375 0.4375 0.75 0.453125 0.875 0.4375 0.75 0.4375 0.8283469 0.4481327 0.7188979 0.4618138 0.7188979 0.4481327 0.90625 0.453125 0.9375 0.4375 0.90625 0.4375 0.8830713 0.4481327 0.8557091 0.4618138 0.8557091 0.4481327 0.03125 0.453125 0.0625 0.4375 0.03125 0.4375 0 0.453125 0.03125 0.4375 0 0.4375 0.9375 0.453125 0.96875 0.4375 0.9375 0.4375 0.9069176 0.4481327 0.8830713 0.4618138 0.8830713 0.4481327 0.08605045 0.4481327 0.06220424 0.4618138 0.06220424 0.4481327 0.1169287 0.4481327 0.09308248 0.4618138 0.09308248 0.4481327 0.9377958 0.4481327 0.9139495 0.4618138 0.9139495 0.4481327 0.1442909 0.4481327 0.1169287 0.4618138 0.1169287 0.4481327 0.0625 0.453125 0.09375 0.4375 0.0625 0.4375 0.8557091 0.4481327 0.8283469 0.4618138 0.8283469 0.4481327 0.875 0.453125 0.90625 0.4375 0.875 0.4375 0.09308248 0.4618138 0.08605045 0.4481327 0.09308248 0.4481327 0.9139495 0.4618138 0.9069176 0.4481327 0.9139495 0.4481327 0.2803819 0.453125 0.3125 0.4375 0.2803819 0.4375 0.3358266 0.4481327 0.3077043 0.4618138 0.3077043 0.4481327 0.4452756 0.4481327 0.4179133 0.4618138 0.4179133 0.4481327 0.40625 0.453125 0.4375 0.4375 0.40625 0.4375 0.546875 0.453125 0.5625 0.4375 0.546875 0.4375 0.578125 0.453125 0.59375 0.4375 0.578125 0.4375 0.671875 0.453125 0.6875 0.4375 0.671875 0.4375 0.640625 0.453125 0.65625 0.4375 0.640625 0.4375 0.625 0.453125 0.640625 0.4375 0.625 0.4375 0.65625 0.453125 0.671875 0.4375 0.65625 0.4375 0.703125 0.453125 0.71875 0.4375 0.703125 0.4375 0.7052168 0.4481327 0.6915356 0.4618138 0.6915356 0.4481327 0.71875 0.453125 0.734375 0.4375 0.71875 0.4375 0.6875 0.453125 0.703125 0.4375 0.6875 0.4375 0.59375 0.453125 0.609375 0.4375 0.59375 0.4375 0.5625 0.453125 0.578125 0.4375 0.5625 0.4375 0.3077043 0.4481327 0.2811021 0.4618138 0.2811021 0.4481327 0.25 0.453125 0.2803819 0.4375 0.25 0.4375 0 0.453125 0 0.46875 0 0.46875 0 0.484375 0 0.5 0 0.5 0.25 0.484375 0.2803819 0.46875 0.25 0.46875 0.3077043 0.4754949 0.2811021 0.489176 0.2811021 0.4754949 0.5625 0.484375 0.578125 0.46875 0.5625 0.46875 0.59375 0.484375 0.609375 0.46875 0.59375 0.46875 0.6875 0.484375 0.703125 0.46875 0.6875 0.46875 0.71875 0.484375 0.734375 0.46875 0.71875 0.46875 0.7052168 0.4754949 0.6915356 0.489176 0.6915356 0.4754949 0.703125 0.484375 0.71875 0.46875 0.703125 0.46875 0.65625 0.484375 0.671875 0.46875 0.65625 0.46875 0.625 0.484375 0.640625 0.46875 0.625 0.46875 0.640625 0.484375 0.65625 0.46875 0.640625 0.46875 0.671875 0.484375 0.6875 0.46875 0.671875 0.46875 0.578125 0.484375 0.59375 0.46875 0.578125 0.46875 0.546875 0.484375 0.5625 0.46875 0.546875 0.46875 0.40625 0.484375 0.4375 0.46875 0.40625 0.46875 0.4452756 0.4754949 0.4179133 0.489176 0.4179133 0.4754949 0.3358266 0.4754949 0.3077043 0.489176 0.3077043 0.4754949 0.2803819 0.484375 0.3125 0.46875 0.2803819 0.46875 0.9139495 0.489176 0.9069176 0.4754949 0.9139495 0.4754949 0.09308248 0.489176 0.08605045 0.4754949 0.09308248 0.4754949 0.875 0.484375 0.90625 0.46875 0.875 0.46875 0.8557091 0.4754949 0.8283469 0.489176 0.8283469 0.4754949 0.0625 0.484375 0.09375 0.46875 0.0625 0.46875 0.1442909 0.4754949 0.1169287 0.489176 0.1169287 0.4754949 0.9377958 0.4754949 0.9139495 0.489176 0.9139495 0.4754949 0.1169287 0.4754949 0.09308248 0.489176 0.09308248 0.4754949 0.08605045 0.4754949 0.06220424 0.489176 0.06220424 0.4754949 0.9069176 0.4754949 0.8830713 0.489176 0.8830713 0.4754949 0.9375 0.484375 0.96875 0.46875 0.9375 0.46875 0 0.484375 0.03125 0.46875 0 0.46875 0.03125 0.484375 0.0625 0.46875 0.03125 0.46875 0.8830713 0.4754949 0.8557091 0.489176 0.8557091 0.4754949 0.90625 0.484375 0.9375 0.46875 0.90625 0.46875 0.8283469 0.4754949 0.7188979 0.489176 0.7188979 0.4754949 0.75 0.484375 0.875 0.46875 0.75 0.46875 0.609375 0.484375 0.625 0.46875 0.609375 0.46875 0.3125 0.484375 0.375 0.46875 0.3125 0.46875 0.390551 0.4754949 0.3358266 0.489176 0.3358266 0.4754949 0.1716532 0.4754949 0.1442909 0.489176 0.1442909 0.4754949 0.09375 0.484375 0.125 0.46875 0.09375 0.46875 0.96875 0.484375 1 0.46875 0.96875 0.46875 1 0.484375 1 0.46875 1 0.46875 0.5 0.4754949 0.4452756 0.489176 0.4452756 0.4754949 0.4375 0.484375 0.5 0.46875 0.4375 0.46875 0.7188979 0.4754949 0.7052168 0.489176 0.7052168 0.4754949 0.734375 0.484375 0.75 0.46875 0.734375 0.46875 0.125 0.484375 0.25 0.46875 0.125 0.46875 0.2811021 0.4754949 0.1716532 0.489176 0.1716532 0.4754949 0.25 0.53125 0.2803819 0.515625 0.25 0.515625 0.3077043 0.5165383 0.2811021 0.5302194 0.2811021 0.5165383 0.5625 0.53125 0.578125 0.515625 0.5625 0.515625 0.59375 0.53125 0.609375 0.515625 0.59375 0.515625 0.6875 0.53125 0.703125 0.515625 0.6875 0.515625 0.71875 0.53125 0.734375 0.515625 0.71875 0.515625 0.7052168 0.5165383 0.6915356 0.5302194 0.6915356 0.5165383 0.703125 0.53125 0.71875 0.515625 0.703125 0.515625 0.65625 0.53125 0.671875 0.515625 0.65625 0.515625 0.625 0.53125 0.640625 0.515625 0.625 0.515625 0.640625 0.53125 0.65625 0.515625 0.640625 0.515625 0.671875 0.53125 0.6875 0.515625 0.671875 0.515625 0.578125 0.53125 0.59375 0.515625 0.578125 0.515625 0.546875 0.53125 0.5625 0.515625 0.546875 0.515625 0.40625 0.53125 0.4375 0.515625 0.40625 0.515625 0.4452756 0.5165383 0.4179133 0.5302194 0.4179133 0.5165383 0.3358266 0.5165383 0.3077043 0.5302194 0.3077043 0.5165383 0.2803819 0.53125 0.3125 0.515625 0.2803819 0.515625 0.9139495 0.5302194 0.9069176 0.5165383 0.9139495 0.5165383 0.09308248 0.5302194 0.08605045 0.5165383 0.09308248 0.5165383 0.875 0.53125 0.90625 0.515625 0.875 0.515625 0.8557091 0.5165383 0.8283469 0.5302194 0.8283469 0.5165383 0.08605045 0.5165383 0.06220424 0.5302194 0.06220424 0.5165383 0.0625 0.53125 0.09375 0.515625 0.0625 0.515625 0.1442909 0.5165383 0.1169287 0.5302194 0.1169287 0.5165383 0.96875 0.53125 1 0.515625 0.96875 0.515625 1 0.53125 1 0.515625 1 0.515625 0.5 0.5165383 0.4452756 0.5302194 0.4452756 0.5165383 0.4375 0.53125 0.5 0.515625 0.4375 0.515625 0.7188979 0.5165383 0.7052168 0.5302194 0.7052168 0.5165383 0.734375 0.53125 0.75 0.515625 0.734375 0.515625 0.125 0.53125 0.25 0.515625 0.125 0.515625 0.2811021 0.5165383 0.1716532 0.5302194 0.1716532 0.5165383 0.1716532 0.5165383 0.1442909 0.5302194 0.1442909 0.5165383 0.09375 0.53125 0.125 0.515625 0.09375 0.515625 0.3125 0.53125 0.375 0.515625 0.3125 0.515625 0.390551 0.5165383 0.3358266 0.5302194 0.3358266 0.5165383 0.609375 0.53125 0.625 0.515625 0.609375 0.515625 0.8283469 0.5165383 0.7188979 0.5302194 0.7188979 0.5165383 0.75 0.53125 0.875 0.515625 0.75 0.515625 0.8830713 0.5165383 0.8557091 0.5302194 0.8557091 0.5165383 0.90625 0.53125 0.9375 0.515625 0.90625 0.515625 0.03125 0.53125 0.0625 0.515625 0.03125 0.515625 0 0.53125 0.03125 0.515625 0 0.515625 0.9375 0.53125 0.96875 0.515625 0.9375 0.515625 0.9377958 0.5165383 0.9139495 0.5302194 0.9139495 0.5165383 0.1169287 0.5165383 0.09308248 0.5302194 0.09308248 0.5165383 0.9069176 0.5165383 0.8830713 0.5302194 0.8830713 0.5165383 0 0.53125 0 0.546875 0 0.546875 0.4179133 0.5165383 0.390551 0.5302194 0.390551 0.5165383 0.375 0.53125 0.40625 0.515625 0.375 0.515625 0.4179133 0.4754949 0.390551 0.489176 0.390551 0.4754949 0.375 0.484375 0.40625 0.46875 0.375 0.46875 0.375 0.453125 0.40625 0.4375 0.375 0.4375 0.4179133 0.4481327 0.390551 0.4618138 0.390551 0.4481327 0.4179133 0.4618138 0.390551 0.4754949 0.390551 0.4618138 0.375 0.46875 0.40625 0.453125 0.375 0.453125 0.375 0.421875 0.40625 0.40625 0.375 0.40625 0.4179133 0.4207705 0.390551 0.4344516 0.390551 0.4207705 0.4179133 0.3934082 0.390551 0.4070894 0.390551 0.3934082 0.375 0.390625 0.40625 0.375 0.375 0.375 0.375 0.40625 0.40625 0.390625 0.375 0.390625 0.4179133 0.4070894 0.390551 0.4207705 0.390551 0.4070894 0.375 0.359375 0.40625 0.34375 0.375 0.34375 0.4179133 0.366046 0.390551 0.3797271 0.390551 0.366046 0.4179133 0.3386837 0.390551 0.3523648 0.390551 0.3386837 0.375 0.328125 0.40625 0.3125 0.375 0.3125 0.375 0.796875 0.40625 0.78125 0.375 0.78125 0.4179133 0.7491173 0.390551 0.7627984 0.390551 0.7491173 0.4179133 0.721755 0.390551 0.7354362 0.390551 0.721755 0.375 0.765625 0.40625 0.75 0.375 0.75 0.375 0.78125 0.40625 0.765625 0.375 0.765625 0.4179133 0.7354362 0.390551 0.7491173 0.390551 0.7354362 0.4179133 0.6943928 0.390551 0.7080739 0.390551 0.6943928 0.375 0.734375 0.40625 0.71875 0.375 0.71875 0.4179133 0.6807117 0.390551 0.6943928 0.390551 0.6807117 0.375 0.71875 0.40625 0.703125 0.375 0.703125 0.4179133 0.3113215 0.390551 0.3250026 0.390551 0.3113215 0.375 0.296875 0.40625 0.28125 0.375 0.28125 0.375 0.265625 0.40625 0.25 0.375 0.25 0.4179133 0.2839593 0.390551 0.2976404 0.390551 0.2839593 0.375 0.234375 0.40625 0.21875 0.375 0.21875 0.4179133 0.2565971 0.390551 0.2702782 0.390551 0.2565971 0.4179133 0.2292348 0.390551 0.2429159 0.390551 0.2292348 0.375 0.203125 0.40625 0.1875 0.375 0.1875 0.375 0.34375 0.40625 0.328125 0.375 0.328125 0.4179133 0.3523648 0.390551 0.366046 0.390551 0.3523648 0.4179133 0.2976404 0.390551 0.3113215 0.390551 0.2976404 0.375 0.28125 0.40625 0.265625 0.375 0.265625 0.375 0.3125 0.40625 0.296875 0.375 0.296875 0.4179133 0.3250026 0.390551 0.3386837 0.390551 0.3250026 0.4179133 0.6533495 0.390551 0.6670306 0.390551 0.6533495 0.375 0.6875 0.40625 0.671875 0.375 0.671875 0.375 0.5625 0.40625 0.546875 0.375 0.546875 0.4179133 0.5439006 0.390551 0.5575817 0.390551 0.5439006 0.4179133 0.598625 0.390551 0.6123061 0.390551 0.598625 0.375 0.625 0.40625 0.609375 0.375 0.609375 0.4179133 0.4344516 0.390551 0.4481327 0.390551 0.4344516 0.375 0.4375 0.40625 0.421875 0.375 0.421875 0.4179133 0.3797271 0.390551 0.3934082 0.390551 0.3797271 0.375 0.375 0.40625 0.359375 0.375 0.359375 0.4179133 0.7627984 0.390551 0.7764795 0.390551 0.7627984 0.375 0.8125 0.40625 0.796875 0.375 0.796875 0.40625 0 0.375 0 0.375 0 0.375 1 0.40625 0.96875 0.375 0.96875 0.375 0.5 0.40625 0.484375 0.375 0.484375 0.4179133 0.489176 0.390551 0.5028572 0.390551 0.489176 0.4179133 0.8859284 0.390551 0.9097747 0.390551 0.8859284 0.4179133 0.2702782 0.390551 0.2839593 0.390551 0.2702782 0.375 0.25 0.40625 0.234375 0.375 0.234375 0.375 0.125 0.40625 0.09375 0.375 0.09375 0.4179133 0.1471481 0.390551 0.1745103 0.390551 0.1471481 0.375 0.0625 0.40625 0.03125 0.375 0.03125 0.375 0.03125 0.40625 0 0.375 0 0.4179133 0.06506139 0.390551 0.08890759 0.390551 0.06506139 0.375 0.75 0.40625 0.734375 0.375 0.734375 0.4179133 0.7080739 0.390551 0.721755 0.390551 0.7080739 0.375 0.875 0.40625 0.8125 0.375 0.8125 0.4179133 0.7764795 0.390551 0.8312039 0.390551 0.7764795 0.375 0.9375 0.40625 0.90625 0.375 0.90625 0.4179133 0.8585662 0.390551 0.8859284 0.390551 0.8585662 0.375 0.96875 0.40625 0.9375 0.375 0.9375 0.4179133 0.9168066 0.390551 0.9406529 0.390551 0.9168066 0.4179133 0.8312039 0.390551 0.8585662 0.390551 0.8312039 0.375 0.90625 0.40625 0.875 0.375 0.875 0.375 0.1875 0.40625 0.15625 0.375 0.15625 0.4179133 0.2018725 0.390551 0.2292348 0.390551 0.2018725 0.4179133 0.1197859 0.390551 0.1471481 0.390551 0.1197859 0.375 0.09375 0.40625 0.0625 0.375 0.0625 0.4179133 0.1745103 0.390551 0.2018725 0.390551 0.1745103 0.375 0.15625 0.40625 0.125 0.375 0.125 0.375 0.21875 0.40625 0.203125 0.375 0.203125 0.4179133 0.2429159 0.390551 0.2565971 0.390551 0.2429159 0.4179133 0.09593957 0.390551 0.1197859 0.390551 0.09593957 0.4179133 0.9168066 0.4452756 0.9097747 0.4452756 0.9168066 0.4179133 0.09593957 0.4452756 0.08890759 0.4452756 0.09593957 0.40625 1 0.4375 1 0.4375 1 0.375 0.515625 0.40625 0.5 0.375 0.5 0.4179133 0.5028572 0.390551 0.5165383 0.390551 0.5028572 0.9069176 0.5028572 0.8830713 0.5165383 0.8830713 0.5028572 0.1169287 0.5028572 0.09308248 0.5165383 0.09308248 0.5028572 0.9377958 0.5028572 0.9139495 0.5165383 0.9139495 0.5028572 0.9375 0.515625 0.96875 0.5 0.9375 0.5 0 0.515625 0.03125 0.5 0 0.5 0.03125 0.515625 0.0625 0.5 0.03125 0.5 0.90625 0.515625 0.9375 0.5 0.90625 0.5 0.8830713 0.5028572 0.8557091 0.5165383 0.8557091 0.5028572 0.75 0.515625 0.875 0.5 0.75 0.5 0.8283469 0.5028572 0.7188979 0.5165383 0.7188979 0.5028572 0.609375 0.515625 0.625 0.5 0.609375 0.5 0.390551 0.5028572 0.3358266 0.5165383 0.3358266 0.5028572 0.3125 0.515625 0.375 0.5 0.3125 0.5 0.09375 0.515625 0.125 0.5 0.09375 0.5 0.1716532 0.5028572 0.1442909 0.5165383 0.1442909 0.5028572 0.2811021 0.5028572 0.1716532 0.5165383 0.1716532 0.5028572 0.125 0.515625 0.25 0.5 0.125 0.5 0.734375 0.515625 0.75 0.5 0.734375 0.5 0.7188979 0.5028572 0.7052168 0.5165383 0.7052168 0.5028572 0.4375 0.515625 0.5 0.5 0.4375 0.5 0.5 0.5028572 0.4452756 0.5165383 0.4452756 0.5028572 1 0.515625 1 0.5 1 0.5 0.96875 0.515625 1 0.5 0.96875 0.5 0.1442909 0.5028572 0.1169287 0.5165383 0.1169287 0.5028572 0.0625 0.515625 0.09375 0.5 0.0625 0.5 0.08605045 0.5028572 0.06220424 0.5165383 0.06220424 0.5028572 0.8557091 0.5028572 0.8283469 0.5165383 0.8283469 0.5028572 0.875 0.515625 0.90625 0.5 0.875 0.5 0.09308248 0.5165383 0.08605045 0.5028572 0.09308248 0.5028572 0.9139495 0.5165383 0.9069176 0.5028572 0.9139495 0.5028572 0.2803819 0.515625 0.3125 0.5 0.2803819 0.5 0.3358266 0.5028572 0.3077043 0.5165383 0.3077043 0.5028572 0.4452756 0.5028572 0.4179133 0.5165383 0.4179133 0.5028572 0.40625 0.515625 0.4375 0.5 0.40625 0.5 0.546875 0.515625 0.5625 0.5 0.546875 0.5 0.578125 0.515625 0.59375 0.5 0.578125 0.5 0.671875 0.515625 0.6875 0.5 0.671875 0.5 0.640625 0.515625 0.65625 0.5 0.640625 0.5 0.625 0.515625 0.640625 0.5 0.625 0.5 0.65625 0.515625 0.671875 0.5 0.65625 0.5 0.703125 0.515625 0.71875 0.5 0.703125 0.5 0.7052168 0.5028572 0.6915356 0.5165383 0.6915356 0.5028572 0.71875 0.515625 0.734375 0.5 0.71875 0.5 0.6875 0.515625 0.703125 0.5 0.6875 0.5 0.59375 0.515625 0.609375 0.5 0.59375 0.5 0.5625 0.515625 0.578125 0.5 0.5625 0.5 0.3077043 0.5028572 0.2811021 0.5165383 0.2811021 0.5028572 0.25 0.515625 0.2803819 0.5 0.25 0.5 0 0.515625 0 0.53125 0 0.53125 0.4179133 0.5302194 0.390551 0.5439006 0.390551 0.5302194 0.375 0.546875 0.40625 0.53125 0.375 0.53125 0 0.546875 0 0.5625 0 0.5625 0.25 0.546875 0.2803819 0.53125 0.25 0.53125 0.3077043 0.5302194 0.2811021 0.5439006 0.2811021 0.5302194 0.5625 0.546875 0.578125 0.53125 0.5625 0.53125 0.59375 0.546875 0.609375 0.53125 0.59375 0.53125 0.6875 0.546875 0.703125 0.53125 0.6875 0.53125 0.71875 0.546875 0.734375 0.53125 0.71875 0.53125 0.7052168 0.5302194 0.6915356 0.5439006 0.6915356 0.5302194 0.703125 0.546875 0.71875 0.53125 0.703125 0.53125 0.65625 0.546875 0.671875 0.53125 0.65625 0.53125 0.625 0.546875 0.640625 0.53125 0.625 0.53125 0.640625 0.546875 0.65625 0.53125 0.640625 0.53125 0.671875 0.546875 0.6875 0.53125 0.671875 0.53125 0.578125 0.546875 0.59375 0.53125 0.578125 0.53125 0.546875 0.546875 0.5625 0.53125 0.546875 0.53125 0.40625 0.546875 0.4375 0.53125 0.40625 0.53125 0.4452756 0.5302194 0.4179133 0.5439006 0.4179133 0.5302194 0.3358266 0.5302194 0.3077043 0.5439006 0.3077043 0.5302194 0.2803819 0.546875 0.3125 0.53125 0.2803819 0.53125 0.9139495 0.5439006 0.9069176 0.5302194 0.9139495 0.5302194 0.09308248 0.5439006 0.08605045 0.5302194 0.09308248 0.5302194 0.875 0.546875 0.90625 0.53125 0.875 0.53125 0.8557091 0.5302194 0.8283469 0.5439006 0.8283469 0.5302194 0.08605045 0.5302194 0.06220424 0.5439006 0.06220424 0.5302194 0.0625 0.546875 0.09375 0.53125 0.0625 0.53125 0.1442909 0.5302194 0.1169287 0.5439006 0.1169287 0.5302194 0.96875 0.546875 1 0.53125 0.96875 0.53125 1 0.546875 1 0.53125 1 0.53125 0.5 0.5302194 0.4452756 0.5439006 0.4452756 0.5302194 0.4375 0.546875 0.5 0.53125 0.4375 0.53125 0.7188979 0.5302194 0.7052168 0.5439006 0.7052168 0.5302194 0.734375 0.546875 0.75 0.53125 0.734375 0.53125 0.125 0.546875 0.25 0.53125 0.125 0.53125 0.2811021 0.5302194 0.1716532 0.5439006 0.1716532 0.5302194 0.1716532 0.5302194 0.1442909 0.5439006 0.1442909 0.5302194 0.09375 0.546875 0.125 0.53125 0.09375 0.53125 0.3125 0.546875 0.375 0.53125 0.3125 0.53125 0.390551 0.5302194 0.3358266 0.5439006 0.3358266 0.5302194 0.609375 0.546875 0.625 0.53125 0.609375 0.53125 0.8283469 0.5302194 0.7188979 0.5439006 0.7188979 0.5302194 0.75 0.546875 0.875 0.53125 0.75 0.53125 0.8830713 0.5302194 0.8557091 0.5439006 0.8557091 0.5302194 0.90625 0.546875 0.9375 0.53125 0.90625 0.53125 0.03125 0.546875 0.0625 0.53125 0.03125 0.53125 0 0.546875 0.03125 0.53125 0 0.53125 0.9375 0.546875 0.96875 0.53125 0.9375 0.53125 0.9377958 0.5302194 0.9139495 0.5439006 0.9139495 0.5302194 0.1169287 0.5302194 0.09308248 0.5439006 0.09308248 0.5302194 0.9069176 0.5302194 0.8830713 0.5439006 0.8830713 0.5302194 0.375 0.59375 0.40625 0.578125 0.375 0.578125 0.4179133 0.5712628 0.390551 0.5849439 0.390551 0.5712628 0.3077043 0.5712628 0.2811021 0.5849439 0.2811021 0.5712628 0.25 0.59375 0.2803819 0.578125 0.25 0.578125 0.5625 0.59375 0.578125 0.578125 0.5625 0.578125 0.59375 0.59375 0.609375 0.578125 0.59375 0.578125 0.6875 0.59375 0.703125 0.578125 0.6875 0.578125 0.7052168 0.5712628 0.6915356 0.5849439 0.6915356 0.5712628 0.71875 0.59375 0.734375 0.578125 0.71875 0.578125 0.703125 0.59375 0.71875 0.578125 0.703125 0.578125 0.65625 0.59375 0.671875 0.578125 0.65625 0.578125 0.625 0.59375 0.640625 0.578125 0.625 0.578125 0.640625 0.59375 0.65625 0.578125 0.640625 0.578125 0.671875 0.59375 0.6875 0.578125 0.671875 0.578125 0.578125 0.59375 0.59375 0.578125 0.578125 0.578125 0.546875 0.59375 0.5625 0.578125 0.546875 0.578125 0 0.59375 0 0.609375 0 0.609375 0.9069176 0.5712628 0.8830713 0.5849439 0.8830713 0.5712628 0.1169287 0.5712628 0.09308248 0.5849439 0.09308248 0.5712628 0.9377958 0.5712628 0.9139495 0.5849439 0.9139495 0.5712628 0.9375 0.59375 0.96875 0.578125 0.9375 0.578125 0 0.59375 0.03125 0.578125 0 0.578125 0.03125 0.59375 0.0625 0.578125 0.03125 0.578125 0.90625 0.59375 0.9375 0.578125 0.90625 0.578125 0.8830713 0.5712628 0.8557091 0.5849439 0.8557091 0.5712628 0.75 0.59375 0.875 0.578125 0.75 0.578125 0.8283469 0.5712628 0.7188979 0.5849439 0.7188979 0.5712628 0.609375 0.59375 0.625 0.578125 0.609375 0.578125 0.390551 0.5712628 0.3358266 0.5849439 0.3358266 0.5712628 0.3125 0.59375 0.375 0.578125 0.3125 0.578125 0.09375 0.59375 0.125 0.578125 0.09375 0.578125 0.1716532 0.5712628 0.1442909 0.5849439 0.1442909 0.5712628 0.2811021 0.5712628 0.1716532 0.5849439 0.1716532 0.5712628 0.125 0.59375 0.25 0.578125 0.125 0.578125 0.734375 0.59375 0.75 0.578125 0.734375 0.578125 0.7188979 0.5712628 0.7052168 0.5849439 0.7052168 0.5712628 0.4375 0.59375 0.5 0.578125 0.4375 0.578125 0.5 0.5712628 0.4452756 0.5849439 0.4452756 0.5712628 1 0.59375 1 0.578125 1 0.578125 0.96875 0.59375 1 0.578125 0.96875 0.578125 0.1442909 0.5712628 0.1169287 0.5849439 0.1169287 0.5712628 0.0625 0.59375 0.09375 0.578125 0.0625 0.578125 0.08605045 0.5712628 0.06220424 0.5849439 0.06220424 0.5712628 0.8557091 0.5712628 0.8283469 0.5849439 0.8283469 0.5712628 0.875 0.59375 0.90625 0.578125 0.875 0.578125 0.09308248 0.5849439 0.08605045 0.5712628 0.09308248 0.5712628 0.9139495 0.5849439 0.9069176 0.5712628 0.9139495 0.5712628 0.2803819 0.59375 0.3125 0.578125 0.2803819 0.578125 0.3358266 0.5712628 0.3077043 0.5849439 0.3077043 0.5712628 0.4452756 0.5712628 0.4179133 0.5849439 0.4179133 0.5712628 0.40625 0.59375 0.4375 0.578125 0.40625 0.578125 0.40625 0.578125 0.4375 0.5625 0.40625 0.5625 0.4452756 0.5575817 0.4179133 0.5712628 0.4179133 0.5575817 0.3358266 0.5575817 0.3077043 0.5712628 0.3077043 0.5575817 0.2803819 0.578125 0.3125 0.5625 0.2803819 0.5625 0.9139495 0.5712628 0.9069176 0.5575817 0.9139495 0.5575817 0.09308248 0.5712628 0.08605045 0.5575817 0.09308248 0.5575817 0.875 0.578125 0.90625 0.5625 0.875 0.5625 0.8557091 0.5575817 0.8283469 0.5712628 0.8283469 0.5575817 0.08605045 0.5575817 0.06220424 0.5712628 0.06220424 0.5575817 0.0625 0.578125 0.09375 0.5625 0.0625 0.5625 0.1442909 0.5575817 0.1169287 0.5712628 0.1169287 0.5575817 0.96875 0.578125 1 0.5625 0.96875 0.5625 1 0.578125 1 0.5625 1 0.5625 0.5 0.5575817 0.4452756 0.5712628 0.4452756 0.5575817 0.4375 0.578125 0.5 0.5625 0.4375 0.5625 0.7188979 0.5575817 0.7052168 0.5712628 0.7052168 0.5575817 0.734375 0.578125 0.75 0.5625 0.734375 0.5625 0.125 0.578125 0.25 0.5625 0.125 0.5625 0.2811021 0.5575817 0.1716532 0.5712628 0.1716532 0.5575817 0.1716532 0.5575817 0.1442909 0.5712628 0.1442909 0.5575817 0.09375 0.578125 0.125 0.5625 0.09375 0.5625 0.3125 0.578125 0.375 0.5625 0.3125 0.5625 0.390551 0.5575817 0.3358266 0.5712628 0.3358266 0.5575817 0.609375 0.578125 0.625 0.5625 0.609375 0.5625 0.8283469 0.5575817 0.7188979 0.5712628 0.7188979 0.5575817 0.75 0.578125 0.875 0.5625 0.75 0.5625 0.8830713 0.5575817 0.8557091 0.5712628 0.8557091 0.5575817 0.90625 0.578125 0.9375 0.5625 0.90625 0.5625 0.03125 0.578125 0.0625 0.5625 0.03125 0.5625 0 0.578125 0.03125 0.5625 0 0.5625 0.9375 0.578125 0.96875 0.5625 0.9375 0.5625 0.9377958 0.5575817 0.9139495 0.5712628 0.9139495 0.5575817 0.1169287 0.5575817 0.09308248 0.5712628 0.09308248 0.5575817 0.9069176 0.5575817 0.8830713 0.5712628 0.8830713 0.5575817 0.546875 0.578125 0.5625 0.5625 0.546875 0.5625 0.578125 0.578125 0.59375 0.5625 0.578125 0.5625 0.671875 0.578125 0.6875 0.5625 0.671875 0.5625 0.640625 0.578125 0.65625 0.5625 0.640625 0.5625 0.625 0.578125 0.640625 0.5625 0.625 0.5625 0.65625 0.578125 0.671875 0.5625 0.65625 0.5625 0.703125 0.578125 0.71875 0.5625 0.703125 0.5625 0.71875 0.578125 0.734375 0.5625 0.71875 0.5625 0.7052168 0.5575817 0.6915356 0.5712628 0.6915356 0.5575817 0.6875 0.578125 0.703125 0.5625 0.6875 0.5625 0.59375 0.578125 0.609375 0.5625 0.59375 0.5625 0.5625 0.578125 0.578125 0.5625 0.5625 0.5625 0.25 0.578125 0.2803819 0.5625 0.25 0.5625 0.3077043 0.5575817 0.2811021 0.5712628 0.2811021 0.5575817 0.4179133 0.5575817 0.390551 0.5712628 0.390551 0.5575817 0.375 0.578125 0.40625 0.5625 0.375 0.5625 0 0.578125 0 0.59375 0 0.59375 0 0.609375 0 0.625 0 0.625 0.375 0.609375 0.40625 0.59375 0.375 0.59375 0.4179133 0.5849439 0.390551 0.598625 0.390551 0.5849439 0.3077043 0.5849439 0.2811021 0.598625 0.2811021 0.5849439 0.25 0.609375 0.2803819 0.59375 0.25 0.59375 0.5625 0.609375 0.578125 0.59375 0.5625 0.59375 0.59375 0.609375 0.609375 0.59375 0.59375 0.59375 0.6875 0.609375 0.703125 0.59375 0.6875 0.59375 0.7052168 0.5849439 0.6915356 0.598625 0.6915356 0.5849439 0.71875 0.609375 0.734375 0.59375 0.71875 0.59375 0.703125 0.609375 0.71875 0.59375 0.703125 0.59375 0.65625 0.609375 0.671875 0.59375 0.65625 0.59375 0.625 0.609375 0.640625 0.59375 0.625 0.59375 0.640625 0.609375 0.65625 0.59375 0.640625 0.59375 0.671875 0.609375 0.6875 0.59375 0.671875 0.59375 0.578125 0.609375 0.59375 0.59375 0.578125 0.59375 0.546875 0.609375 0.5625 0.59375 0.546875 0.59375 0.9069176 0.5849439 0.8830713 0.598625 0.8830713 0.5849439 0.1169287 0.5849439 0.09308248 0.598625 0.09308248 0.5849439 0.9377958 0.5849439 0.9139495 0.598625 0.9139495 0.5849439 0.9375 0.609375 0.96875 0.59375 0.9375 0.59375 0 0.609375 0.03125 0.59375 0 0.59375 0.03125 0.609375 0.0625 0.59375 0.03125 0.59375 0.90625 0.609375 0.9375 0.59375 0.90625 0.59375 0.8830713 0.5849439 0.8557091 0.598625 0.8557091 0.5849439 0.75 0.609375 0.875 0.59375 0.75 0.59375 0.8283469 0.5849439 0.7188979 0.598625 0.7188979 0.5849439 0.609375 0.609375 0.625 0.59375 0.609375 0.59375 0.390551 0.5849439 0.3358266 0.598625 0.3358266 0.5849439 0.3125 0.609375 0.375 0.59375 0.3125 0.59375 0.09375 0.609375 0.125 0.59375 0.09375 0.59375 0.1716532 0.5849439 0.1442909 0.598625 0.1442909 0.5849439 0.2811021 0.5849439 0.1716532 0.598625 0.1716532 0.5849439 0.125 0.609375 0.25 0.59375 0.125 0.59375 0.734375 0.609375 0.75 0.59375 0.734375 0.59375 0.7188979 0.5849439 0.7052168 0.598625 0.7052168 0.5849439 0.4375 0.609375 0.5 0.59375 0.4375 0.59375 0.5 0.5849439 0.4452756 0.598625 0.4452756 0.5849439 1 0.609375 1 0.59375 1 0.59375 0.96875 0.609375 1 0.59375 0.96875 0.59375 0.1442909 0.5849439 0.1169287 0.598625 0.1169287 0.5849439 0.0625 0.609375 0.09375 0.59375 0.0625 0.59375 0.08605045 0.5849439 0.06220424 0.598625 0.06220424 0.5849439 0.8557091 0.5849439 0.8283469 0.598625 0.8283469 0.5849439 0.875 0.609375 0.90625 0.59375 0.875 0.59375 0.09308248 0.598625 0.08605045 0.5849439 0.09308248 0.5849439 0.9139495 0.598625 0.9069176 0.5849439 0.9139495 0.5849439 0.2803819 0.609375 0.3125 0.59375 0.2803819 0.59375 0.3358266 0.5849439 0.3077043 0.598625 0.3077043 0.5849439 0.4452756 0.5849439 0.4179133 0.598625 0.4179133 0.5849439 0.40625 0.609375 0.4375 0.59375 0.40625 0.59375 0.375 0.65625 0.40625 0.640625 0.375 0.640625 0.4179133 0.6259872 0.390551 0.6396684 0.390551 0.6259872 0.3077043 0.6259872 0.2811021 0.6396684 0.2811021 0.6259872 0.25 0.65625 0.2803819 0.640625 0.25 0.640625 0.5625 0.65625 0.578125 0.640625 0.5625 0.640625 0.59375 0.65625 0.609375 0.640625 0.59375 0.640625 0.6875 0.65625 0.703125 0.640625 0.6875 0.640625 0.7052168 0.6259872 0.6915356 0.6396684 0.6915356 0.6259872 0.71875 0.65625 0.734375 0.640625 0.71875 0.640625 0.703125 0.65625 0.71875 0.640625 0.703125 0.640625 0.65625 0.65625 0.671875 0.640625 0.65625 0.640625 0.625 0.65625 0.640625 0.640625 0.625 0.640625 0.640625 0.65625 0.65625 0.640625 0.640625 0.640625 0.671875 0.65625 0.6875 0.640625 0.671875 0.640625 0.578125 0.65625 0.59375 0.640625 0.578125 0.640625 0.546875 0.65625 0.5625 0.640625 0.546875 0.640625 0.9069176 0.6259872 0.8830713 0.6396684 0.8830713 0.6259872 0.1169287 0.6259872 0.09308248 0.6396684 0.09308248 0.6259872 0.9377958 0.6259872 0.9139495 0.6396684 0.9139495 0.6259872 0.9375 0.65625 0.96875 0.640625 0.9375 0.640625 0 0.65625 0.03125 0.640625 0 0.640625 0.03125 0.65625 0.0625 0.640625 0.03125 0.640625 0.90625 0.65625 0.9375 0.640625 0.90625 0.640625 0.8830713 0.6259872 0.8557091 0.6396684 0.8557091 0.6259872 0.75 0.65625 0.875 0.640625 0.75 0.640625 0.8283469 0.6259872 0.7188979 0.6396684 0.7188979 0.6259872 0.609375 0.65625 0.625 0.640625 0.609375 0.640625 0.390551 0.6259872 0.3358266 0.6396684 0.3358266 0.6259872 0.3125 0.65625 0.375 0.640625 0.3125 0.640625 0.09375 0.65625 0.125 0.640625 0.09375 0.640625 0.1716532 0.6259872 0.1442909 0.6396684 0.1442909 0.6259872 0.2811021 0.6259872 0.1716532 0.6396684 0.1716532 0.6259872 0.125 0.65625 0.25 0.640625 0.125 0.640625 0.734375 0.65625 0.75 0.640625 0.734375 0.640625 0.7188979 0.6259872 0.7052168 0.6396684 0.7052168 0.6259872 0.4375 0.65625 0.5 0.640625 0.4375 0.640625 0.4452756 0.6259872 0.5 0.6396684 0.4452756 0.6396684 1 0.65625 1 0.640625 1 0.640625 0.96875 0.65625 1 0.640625 0.96875 0.640625 0.1442909 0.6259872 0.1169287 0.6396684 0.1169287 0.6259872 0.0625 0.65625 0.09375 0.640625 0.0625 0.640625 0.08605045 0.6259872 0.06220424 0.6396684 0.06220424 0.6259872 0.8557091 0.6259872 0.8283469 0.6396684 0.8283469 0.6259872 0.875 0.65625 0.90625 0.640625 0.875 0.640625 0.09308248 0.6396684 0.08605045 0.6259872 0.09308248 0.6259872 0.9139495 0.6396684 0.9069176 0.6259872 0.9139495 0.6259872 0.2803819 0.65625 0.3125 0.640625 0.2803819 0.640625 0.3358266 0.6259872 0.3077043 0.6396684 0.3077043 0.6259872 0.4452756 0.6259872 0.4179133 0.6396684 0.4179133 0.6259872 0.40625 0.65625 0.4375 0.640625 0.40625 0.640625 0 0.65625 0 0.671875 0 0.671875 0.40625 0.640625 0.4375 0.625 0.40625 0.625 0.4452756 0.6123061 0.4179133 0.6259872 0.4179133 0.6123061 0.3358266 0.6123061 0.3077043 0.6259872 0.3077043 0.6123061 0.2803819 0.640625 0.3125 0.625 0.2803819 0.625 0.9139495 0.6259872 0.9069176 0.6123061 0.9139495 0.6123061 0.09308248 0.6259872 0.08605045 0.6123061 0.09308248 0.6123061 0.875 0.640625 0.90625 0.625 0.875 0.625 0.8557091 0.6123061 0.8283469 0.6259872 0.8283469 0.6123061 0.08605045 0.6123061 0.06220424 0.6259872 0.06220424 0.6123061 0.0625 0.640625 0.09375 0.625 0.0625 0.625 0.1442909 0.6123061 0.1169287 0.6259872 0.1169287 0.6123061 0.96875 0.640625 1 0.625 0.96875 0.625 1 0.640625 1 0.625 1 0.625 0.5 0.6123061 0.4452756 0.6259872 0.4452756 0.6123061 0.4375 0.640625 0.5 0.625 0.4375 0.625 0.7188979 0.6123061 0.7052168 0.6259872 0.7052168 0.6123061 0.734375 0.640625 0.75 0.625 0.734375 0.625 0.125 0.640625 0.25 0.625 0.125 0.625 0.2811021 0.6123061 0.1716532 0.6259872 0.1716532 0.6123061 0.1716532 0.6123061 0.1442909 0.6259872 0.1442909 0.6123061 0.09375 0.640625 0.125 0.625 0.09375 0.625 0.3125 0.640625 0.375 0.625 0.3125 0.625 0.390551 0.6123061 0.3358266 0.6259872 0.3358266 0.6123061 0.609375 0.640625 0.625 0.625 0.609375 0.625 0.8283469 0.6123061 0.7188979 0.6259872 0.7188979 0.6123061 0.75 0.640625 0.875 0.625 0.75 0.625 0.8830713 0.6123061 0.8557091 0.6259872 0.8557091 0.6123061 0.90625 0.640625 0.9375 0.625 0.90625 0.625 0.03125 0.640625 0.0625 0.625 0.03125 0.625 0 0.640625 0.03125 0.625 0 0.625 0.9375 0.640625 0.96875 0.625 0.9375 0.625 0.9377958 0.6123061 0.9139495 0.6259872 0.9139495 0.6123061 0.1169287 0.6123061 0.09308248 0.6259872 0.09308248 0.6123061 0.9069176 0.6123061 0.8830713 0.6259872 0.8830713 0.6123061 0.546875 0.640625 0.5625 0.625 0.546875 0.625 0.578125 0.640625 0.59375 0.625 0.578125 0.625 0.671875 0.640625 0.6875 0.625 0.671875 0.625 0.640625 0.640625 0.65625 0.625 0.640625 0.625 0.625 0.640625 0.640625 0.625 0.625 0.625 0.65625 0.640625 0.671875 0.625 0.65625 0.625 0.703125 0.640625 0.71875 0.625 0.703125 0.625 0.71875 0.640625 0.734375 0.625 0.71875 0.625 0.7052168 0.6123061 0.6915356 0.6259872 0.6915356 0.6123061 0.6875 0.640625 0.703125 0.625 0.6875 0.625 0.59375 0.640625 0.609375 0.625 0.59375 0.625 0.5625 0.640625 0.578125 0.625 0.5625 0.625 0.25 0.640625 0.2803819 0.625 0.25 0.625 0.3077043 0.6123061 0.2811021 0.6259872 0.2811021 0.6123061 0.4179133 0.6123061 0.390551 0.6259872 0.390551 0.6123061 0.375 0.640625 0.40625 0.625 0.375 0.625 0 0.640625 0 0.65625 0 0.65625 0 0.671875 0 0.6875 0 0.6875 0.375 0.671875 0.40625 0.65625 0.375 0.65625 0.4179133 0.6396684 0.390551 0.6533495 0.390551 0.6396684 0.3077043 0.6396684 0.2811021 0.6533495 0.2811021 0.6396684 0.25 0.671875 0.2803819 0.65625 0.25 0.65625 0.5625 0.671875 0.578125 0.65625 0.5625 0.65625 0.59375 0.671875 0.609375 0.65625 0.59375 0.65625 0.6875 0.671875 0.703125 0.65625 0.6875 0.65625 0.7052168 0.6396684 0.6915356 0.6533495 0.6915356 0.6396684 0.71875 0.671875 0.734375 0.65625 0.71875 0.65625 0.703125 0.671875 0.71875 0.65625 0.703125 0.65625 0.65625 0.671875 0.671875 0.65625 0.65625 0.65625 0.625 0.671875 0.640625 0.65625 0.625 0.65625 0.640625 0.671875 0.65625 0.65625 0.640625 0.65625 0.671875 0.671875 0.6875 0.65625 0.671875 0.65625 0.578125 0.671875 0.59375 0.65625 0.578125 0.65625 0.546875 0.671875 0.5625 0.65625 0.546875 0.65625 0.9069176 0.6396684 0.8830713 0.6533495 0.8830713 0.6396684 0.1169287 0.6396684 0.09308248 0.6533495 0.09308248 0.6396684 0.9377958 0.6396684 0.9139495 0.6533495 0.9139495 0.6396684 0.9375 0.671875 0.96875 0.65625 0.9375 0.65625 0 0.671875 0.03125 0.65625 0 0.65625 0.03125 0.671875 0.0625 0.65625 0.03125 0.65625 0.90625 0.671875 0.9375 0.65625 0.90625 0.65625 0.8830713 0.6396684 0.8557091 0.6533495 0.8557091 0.6396684 0.75 0.671875 0.875 0.65625 0.75 0.65625 0.8283469 0.6396684 0.7188979 0.6533495 0.7188979 0.6396684 0.609375 0.671875 0.625 0.65625 0.609375 0.65625 0.390551 0.6396684 0.3358266 0.6533495 0.3358266 0.6396684 0.3125 0.671875 0.375 0.65625 0.3125 0.65625 0.09375 0.671875 0.125 0.65625 0.09375 0.65625 0.1716532 0.6396684 0.1442909 0.6533495 0.1442909 0.6396684 0.2811021 0.6396684 0.1716532 0.6533495 0.1716532 0.6396684 0.125 0.671875 0.25 0.65625 0.125 0.65625 0.734375 0.671875 0.75 0.65625 0.734375 0.65625 0.7188979 0.6396684 0.7052168 0.6533495 0.7052168 0.6396684 0.4375 0.671875 0.5 0.65625 0.4375 0.65625 0.5 0.6396684 0.4452756 0.6533495 0.4452756 0.6396684 1 0.671875 1 0.65625 1 0.65625 0.96875 0.671875 1 0.65625 0.96875 0.65625 0.1442909 0.6396684 0.1169287 0.6533495 0.1169287 0.6396684 0.0625 0.671875 0.09375 0.65625 0.0625 0.65625 0.08605045 0.6396684 0.06220424 0.6533495 0.06220424 0.6396684 0.8557091 0.6396684 0.8283469 0.6533495 0.8283469 0.6396684 0.875 0.671875 0.90625 0.65625 0.875 0.65625 0.09308248 0.6533495 0.08605045 0.6396684 0.09308248 0.6396684 0.9139495 0.6533495 0.9069176 0.6396684 0.9139495 0.6396684 0.2803819 0.671875 0.3125 0.65625 0.2803819 0.65625 0.3358266 0.6396684 0.3077043 0.6533495 0.3077043 0.6396684 0.4452756 0.6396684 0.4179133 0.6533495 0.4179133 0.6396684 0.40625 0.671875 0.4375 0.65625 0.40625 0.65625 0.375 0.703125 0.40625 0.6875 0.375 0.6875 0.4179133 0.6670306 0.390551 0.6807117 0.390551 0.6670306 0.3077043 0.6670306 0.2811021 0.6807117 0.2811021 0.6670306 0.25 0.703125 0.2803819 0.6875 0.25 0.6875 0.5625 0.703125 0.578125 0.6875 0.5625 0.6875 0.59375 0.703125 0.609375 0.6875 0.59375 0.6875 0.9069176 0.6670306 0.8830713 0.6807117 0.8830713 0.6670306 0.1169287 0.6670306 0.09308248 0.6807117 0.09308248 0.6670306 0.9377958 0.6670306 0.9139495 0.6807117 0.9139495 0.6670306 0.9375 0.703125 0.96875 0.6875 0.9375 0.6875 0 0.703125 0.03125 0.6875 0 0.6875 0.03125 0.703125 0.0625 0.6875 0.03125 0.6875 0.90625 0.703125 0.9375 0.6875 0.90625 0.6875 0.8830713 0.6670306 0.8557091 0.6807117 0.8557091 0.6670306 0.75 0.703125 0.875 0.6875 0.75 0.6875 0.8283469 0.6670306 0.7188979 0.6807117 0.7188979 0.6670306 0.609375 0.703125 0.625 0.6875 0.609375 0.6875 0.390551 0.6670306 0.3358266 0.6807117 0.3358266 0.6670306 0.3125 0.703125 0.375 0.6875 0.3125 0.6875 0.09375 0.703125 0.125 0.6875 0.09375 0.6875 0.1716532 0.6670306 0.1442909 0.6807117 0.1442909 0.6670306 0.2811021 0.6670306 0.1716532 0.6807117 0.1716532 0.6670306 0.125 0.703125 0.25 0.6875 0.125 0.6875 0.734375 0.703125 0.75 0.6875 0.734375 0.6875 0.7188979 0.6670306 0.7052168 0.6807117 0.7052168 0.6670306 0.4375 0.703125 0.5 0.6875 0.4375 0.6875 0.5 0.6670306 0.4452756 0.6807117 0.4452756 0.6670306 1 0.703125 1 0.6875 1 0.6875 0.96875 0.703125 1 0.6875 0.96875 0.6875 0.1442909 0.6670306 0.1169287 0.6807117 0.1169287 0.6670306 0.0625 0.703125 0.09375 0.6875 0.0625 0.6875 0.08605045 0.6670306 0.06220424 0.6807117 0.06220424 0.6670306 0.8557091 0.6670306 0.8283469 0.6807117 0.8283469 0.6670306 0.875 0.703125 0.90625 0.6875 0.875 0.6875 0.09308248 0.6807117 0.08605045 0.6670306 0.09308248 0.6670306 0.9139495 0.6807117 0.9069176 0.6670306 0.9139495 0.6670306 0.2803819 0.703125 0.3125 0.6875 0.2803819 0.6875 0.3358266 0.6670306 0.3077043 0.6807117 0.3077043 0.6670306 0.4452756 0.6670306 0.4179133 0.6807117 0.4179133 0.6670306 0.40625 0.703125 0.4375 0.6875 0.40625 0.6875 0.546875 0.703125 0.5625 0.6875 0.546875 0.6875 0.578125 0.703125 0.59375 0.6875 0.578125 0.6875 0.671875 0.703125 0.6875 0.6875 0.671875 0.6875 0.640625 0.703125 0.65625 0.6875 0.640625 0.6875 0.625 0.703125 0.640625 0.6875 0.625 0.6875 0.65625 0.703125 0.671875 0.6875 0.65625 0.6875 0.703125 0.703125 0.71875 0.6875 0.703125 0.6875 0.7052168 0.6670306 0.6915356 0.6807117 0.6915356 0.6670306 0.71875 0.703125 0.734375 0.6875 0.71875 0.6875 0.6875 0.703125 0.703125 0.6875 0.6875 0.6875 0 0.703125 0 0.71875 0 0.71875 0.5 0.703125 0.53125 0.6875 0.5 0.6875 0.5 0.671875 0.53125 0.65625 0.5 0.65625 0.5 0.640625 0.53125 0.625 0.5 0.625 0.5 0.65625 0.53125 0.640625 0.5 0.640625 0.5 0.609375 0.53125 0.59375 0.5 0.59375 0.5 0.578125 0.53125 0.5625 0.5 0.5625 0.5 0.59375 0.53125 0.578125 0.5 0.578125 0.5 0.546875 0.53125 0.53125 0.5 0.53125 0.5 0.515625 0.53125 0.5 0.5 0.5 0.5 0.53125 0.53125 0.515625 0.5 0.515625 0.5 0.484375 0.53125 0.46875 0.5 0.46875 0.5 0.453125 0.53125 0.4375 0.5 0.4375 0.5 0.46875 0.53125 0.453125 0.5 0.453125 0.5 0.421875 0.53125 0.40625 0.5 0.40625 0.5 0.390625 0.53125 0.375 0.5 0.375 0.5 0.40625 0.53125 0.390625 0.5 0.390625 0.5 0.359375 0.53125 0.34375 0.5 0.34375 0.5 0.328125 0.53125 0.3125 0.5 0.3125 0.5 0.796875 0.53125 0.78125 0.5 0.78125 0.5 0.765625 0.53125 0.75 0.5 0.75 0.5 0.78125 0.53125 0.765625 0.5 0.765625 0.5 0.734375 0.53125 0.71875 0.5 0.71875 0.5 0.71875 0.53125 0.703125 0.5 0.703125 0.5 0.296875 0.53125 0.28125 0.5 0.28125 0.5 0.265625 0.53125 0.25 0.5 0.25 0.5 0.234375 0.53125 0.21875 0.5 0.21875 0.5 0.203125 0.53125 0.1875 0.5 0.1875 0.5273622 0.8859284 0.5 0.9097747 0.5 0.8859284 0.5 0.5 0.53125 0.484375 0.5 0.484375 0.5 1 0.53125 0.96875 0.5 0.96875 0.53125 0 0.5 0 0.5 0 0.5 0.25 0.53125 0.234375 0.5 0.234375 0.5273622 0.1471481 0.5 0.1745103 0.5 0.1471481 0.5 0.125 0.53125 0.09375 0.5 0.09375 0.5 0.0625 0.53125 0.03125 0.5 0.03125 0.5273622 0.06506139 0.5 0.08890759 0.5 0.06506139 0.5273622 0.09593957 0.5 0.1197859 0.5 0.09593957 0.5 0.03125 0.53125 0 0.5 0 0.5 0.75 0.53125 0.734375 0.5 0.734375 0.5 0.2292348 0.5 0.2292348 0.6915356 0.3523648 0.5 0.875 0.53125 0.8125 0.5 0.8125 0.5273622 0.8585662 0.5 0.8859284 0.5 0.8585662 0.5 0.9375 0.53125 0.90625 0.5 0.90625 0.5273622 0.9168066 0.5 0.9406529 0.5 0.9168066 0.5 0.96875 0.53125 0.9375 0.5 0.9375 0.5 0.90625 0.53125 0.875 0.5 0.875 0.5273622 0.8312039 0.5 0.8585662 0.5 0.8312039 0.6915356 0.5165383 0.6915356 0.5302194 0.5 0.7764795 0.5 0.1875 0.53125 0.15625 0.5 0.15625 0.5 0.09375 0.53125 0.0625 0.5 0.0625 0.5273622 0.1197859 0.5 0.1471481 0.5 0.1197859 0.5 0.15625 0.53125 0.125 0.5 0.125 0.5273622 0.1745103 0.5 0.2018725 0.5 0.1745103 0.5 0.21875 0.53125 0.203125 0.5 0.203125 0.5 0.8125 0.53125 0.796875 0.5 0.796875 0.5 0.375 0.53125 0.359375 0.5 0.359375 0.5 0.4375 0.53125 0.421875 0.5 0.421875 0.5 0.625 0.53125 0.609375 0.5 0.609375 0.5 0.5625 0.53125 0.546875 0.5 0.546875 0.5 0.6875 0.53125 0.671875 0.5 0.671875 0.5 0.3125 0.53125 0.296875 0.5 0.296875 0.5 0.28125 0.53125 0.265625 0.5 0.265625 0.5 0.34375 0.53125 0.328125 0.5 0.328125 0.5273622 0.9168066 0.5410434 0.9097747 0.5410434 0.9168066 0.5273622 0.09593957 0.5410434 0.08890759 0.5410434 0.09593957 0.53125 1 0.546875 1 0.546875 1 0.546875 1 0.5625 1 0.5625 1 0.5410434 0.09593957 0.5547245 0.08890759 0.5547245 0.09593957 0.5410434 0.9168066 0.5547245 0.9097747 0.5547245 0.9168066 0.53125 0.703125 0.546875 0.6875 0.53125 0.6875 0.53125 0.671875 0.546875 0.65625 0.53125 0.65625 0.53125 0.640625 0.546875 0.625 0.53125 0.625 0.53125 0.65625 0.546875 0.640625 0.53125 0.640625 0.53125 0.609375 0.546875 0.59375 0.53125 0.59375 0.53125 0.578125 0.546875 0.5625 0.53125 0.5625 0.53125 0.59375 0.546875 0.578125 0.53125 0.578125 0.53125 0.546875 0.546875 0.53125 0.53125 0.53125 0.53125 0.515625 0.546875 0.5 0.53125 0.5 0.53125 0.53125 0.546875 0.515625 0.53125 0.515625 0.53125 0.484375 0.546875 0.46875 0.53125 0.46875 0.53125 0.453125 0.546875 0.4375 0.53125 0.4375 0.53125 0.46875 0.546875 0.453125 0.53125 0.453125 0.53125 0.421875 0.546875 0.40625 0.53125 0.40625 0.53125 0.390625 0.546875 0.375 0.53125 0.375 0.53125 0.40625 0.546875 0.390625 0.53125 0.390625 0.53125 0.359375 0.546875 0.34375 0.53125 0.34375 0.53125 0.328125 0.546875 0.3125 0.53125 0.3125 0.53125 0.796875 0.546875 0.78125 0.53125 0.78125 0.53125 0.765625 0.546875 0.75 0.53125 0.75 0.53125 0.78125 0.546875 0.765625 0.53125 0.765625 0.53125 0.734375 0.546875 0.71875 0.53125 0.71875 0.53125 0.71875 0.546875 0.703125 0.53125 0.703125 0.53125 0.296875 0.546875 0.28125 0.53125 0.28125 0.53125 0.265625 0.546875 0.25 0.53125 0.25 0.53125 0.234375 0.546875 0.21875 0.53125 0.21875 0.53125 0.203125 0.546875 0.1875 0.53125 0.1875 0.5410434 0.8859284 0.5273622 0.9097747 0.5273622 0.8859284 0.53125 0.5 0.546875 0.484375 0.53125 0.484375 0.53125 1 0.546875 0.96875 0.53125 0.96875 0.546875 0 0.53125 0 0.53125 0 0.53125 0.25 0.546875 0.234375 0.53125 0.234375 0.5410434 0.1471481 0.5273622 0.1745103 0.5273622 0.1471481 0.53125 0.125 0.546875 0.09375 0.53125 0.09375 0.53125 0.0625 0.546875 0.03125 0.53125 0.03125 0.5410434 0.06506139 0.5273622 0.08890759 0.5273622 0.06506139 0.5410434 0.09593957 0.5273622 0.1197859 0.5273622 0.09593957 0.53125 0.03125 0.546875 0 0.53125 0 0.53125 0.75 0.546875 0.734375 0.53125 0.734375 0.5 0.7764795 0.6915356 0.6533495 0.5 0.7764795 0.53125 0.875 0.546875 0.8125 0.53125 0.8125 0.5410434 0.8585662 0.5273622 0.8859284 0.5273622 0.8585662 0.53125 0.9375 0.546875 0.90625 0.53125 0.90625 0.5410434 0.9168066 0.5273622 0.9406529 0.5273622 0.9168066 0.53125 0.96875 0.546875 0.9375 0.53125 0.9375 0.53125 0.90625 0.546875 0.875 0.53125 0.875 0.5410434 0.8312039 0.5273622 0.8585662 0.5273622 0.8312039 0.5 0.7764795 0.5273622 0.8312039 0.5 0.8312039 0.53125 0.1875 0.546875 0.15625 0.53125 0.15625 0.53125 0.09375 0.546875 0.0625 0.53125 0.0625 0.5410434 0.1197859 0.5273622 0.1471481 0.5273622 0.1197859 0.53125 0.15625 0.546875 0.125 0.53125 0.125 0.5410434 0.1745103 0.5273622 0.2018725 0.5273622 0.1745103 0.53125 0.21875 0.546875 0.203125 0.53125 0.203125 0.53125 0.8125 0.546875 0.796875 0.53125 0.796875 0.53125 0.375 0.546875 0.359375 0.53125 0.359375 0.53125 0.4375 0.546875 0.421875 0.53125 0.421875 0.53125 0.625 0.546875 0.609375 0.53125 0.609375 0.53125 0.5625 0.546875 0.546875 0.53125 0.546875 0.53125 0.6875 0.546875 0.671875 0.53125 0.671875 0.53125 0.3125 0.546875 0.296875 0.53125 0.296875 0.53125 0.28125 0.546875 0.265625 0.53125 0.265625 0.53125 0.34375 0.546875 0.328125 0.53125 0.328125 0.5 0.6533495 0.5 0.6396684 0.5 0.6533495 0.5 0.6943928 0.5 0.7080739 0.5 0.7080739 0.5 0.7354362 0.5 0.7491173 0.5 0.7491173 0.5 0.6533495 0.5 0.6670306 0.5 0.6670306 0.5 0.7627984 0.5 0.7764795 0.5 0.7764795 0.5 0.6670306 0.5 0.6807117 0.5 0.6807117 0.5 0.6807117 0.5 0.6943928 0.5 0.6943928 0.5 0.7491173 0.5 0.7627984 0.5 0.7627984 0.5 0.721755 0.5 0.7354362 0.5 0.7354362 0.5 0.7080739 0.5 0.721755 0.5 0.721755 0.5 0.7627984 0.5 0.7764795 0.5 0.7764795 0.5 0.6533495 0.5 0.6396684 0.5 0.6533495 0.5 0.7491173 0.5 0.7354362 0.5 0.7491173 0.5 0.6533495 0.5 0.6670306 0.5 0.6670306 0.5 0.6670306 0.5 0.6807117 0.5 0.6807117 0.5 0.721755 0.5 0.7354362 0.5 0.7354362 0.5 0.6807117 0.5 0.6943928 0.5 0.6943928 0.5 0.7080739 0.5 0.721755 0.5 0.721755 0.5 0.7491173 0.5 0.7627984 0.5 0.7627984 0.5 0.6943928 0.5 0.7080739 0.5 0.7080739 0.5 0.6943928 0.5 0.7080739 0.5 0.7080739 0.5 0.7627984 0.5 0.7764795 0.5 0.7764795 0.5 0.6533495 0.5 0.6396684 0.5 0.6533495 0.5 0.7354362 0.5 0.7491173 0.5 0.7491173 0.5 0.6533495 0.5 0.6670306 0.5 0.6670306 0.5 0.6670306 0.5 0.6807117 0.5 0.6807117 0.5 0.721755 0.5 0.7354362 0.5 0.7354362 0.5 0.6807117 0.5 0.6943928 0.5 0.6943928 0.5 0.7080739 0.5 0.721755 0.5 0.721755 0.5 0.7491173 0.5 0.7627984 0.5 0.7627984 0.5 0.7080739 0.5 0.721755 0.5 0.721755 0.5 0.7491173 0.5 0.7627984 0.5 0.7627984 0.5 0.6943928 0.5 0.7080739 0.5 0.7080739 0.5 0.7627984 0.5 0.7764795 0.5 0.7764795 0.5 0.6533495 0.5 0.6396684 0.5 0.6533495 0.5 0.7354362 0.5 0.7491173 0.5 0.7491173 0.5 0.6533495 0.5 0.6670306 0.5 0.6670306 0.5 0.6670306 0.5 0.6807117 0.5 0.6807117 0.5 0.721755 0.5 0.7354362 0.5 0.7354362 0.5 0.6807117 0.5 0.6943928 0.5 0.6943928 0.5 0.721755 0.5 0.7354362 0.5 0.7354362 0.5 0.6807117 0.5 0.6943928 0.5 0.6943928 0.5 0.7080739 0.5 0.721755 0.5 0.721755 0.5 0.7491173 0.5 0.7627984 0.5 0.7627984 0.5 0.6943928 0.5 0.7080739 0.5 0.7080739 0.5 0.7627984 0.5 0.7764795 0.5 0.7764795 0.5 0.6533495 0.5 0.6396684 0.5 0.6533495 0.5 0.7354362 0.5 0.7491173 0.5 0.7491173 0.5 0.6533495 0.5 0.6670306 0.5 0.6670306 0.5 0.6670306 0.5 0.6807117 0.5 0.6807117 0.5 0.6533495 0.5 0.6670306 0.5 0.6670306 0.5 0.6670306 0.5 0.6807117 0.5 0.6807117 0.5 0.721755 0.5 0.7354362 0.5 0.7354362 0.5 0.6807117 0.5 0.6943928 0.5 0.6943928 0.5 0.7080739 0.5 0.721755 0.5 0.721755 0.5 0.7491173 0.5 0.7627984 0.5 0.7627984 0.5 0.6943928 0.5 0.7080739 0.5 0.7080739 0.5 0.7627984 0.5 0.7764795 0.5 0.7764795 0.5 0.6533495 0.5 0.6396684 0.5 0.6533495 0.5 0.7354362 0.5 0.7491173 0.5 0.7491173 0.5 0.7354362 0.5 0.7491173 0.5 0.7491173 0.5 0.6533495 0.5 0.6670306 0.5 0.6670306 0.5 0.6670306 0.5 0.6807117 0.5 0.6807117 0.5 0.721755 0.5 0.7354362 0.5 0.7354362 0.5 0.6807117 0.5 0.6943928 0.5 0.6943928 0.5 0.7080739 0.5 0.721755 0.5 0.721755 0.5 0.7627984 0.5 0.7491173 0.5 0.7627984 0.5 0.6943928 0.5 0.7080739 0.5 0.7080739 0.5 0.7627984 0.5 0.7764795 0.5 0.7764795 0.5 0.6533495 0.5 0.6396684 0.5 0.6533495 0.5 0.7627984 0.5 0.7764795 0.5 0.7764795 0.5 0.6533495 0.5 0.6396684 0.5 0.6533495 0.5 0.7354362 0.5 0.7491173 0.5 0.7491173 0.5 0.6533495 0.5 0.6670306 0.5 0.6670306 0.5 0.6670306 0.5 0.6807117 0.5 0.6807117 0.5 0.721755 0.5 0.7354362 0.5 0.7354362 0.5 0.6807117 0.5 0.6943928 0.5 0.6943928 0.5 0.721755 0.5 0.7080739 0.5 0.721755 0.5 0.7627984 0.5 0.7491173 0.5 0.7627984 0.5 0.6943928 0.5 0.7080739 0.5 0.7080739 0.5 0.7627984 0.5 0.7491173 0.5 0.7627984 0.5 0.6943928 0.5 0.7080739 0.5 0.7080739 0.5 0.7627984 0.5 0.7764795 0.5 0.7764795 0.5 0.6533495 0.5 0.6396684 0.5 0.6533495 0.5 0.7354362 0.5 0.7491173 0.5 0.7491173 0.5 0.6533495 0.5 0.6670306 0.5 0.6670306 0.5 0.6670306 0.5 0.6807117 0.5 0.6807117 0.5 0.721755 0.5 0.7354362 0.5 0.7354362 0.5 0.6807117 0.5 0.6943928 0.5 0.6943928 0.5 0.7080739 0.5 0.721755 0.5 0.721755 0.5 0.6807117 0.5 0.6943928 0.5 0.6943928 0.5 0.7080739 0.5 0.721755 0.5 0.721755 0.5 0.7627984 0.5 0.7491173 0.5 0.7627984 0.5 0.6943928 0.5 0.7080739 0.5 0.7080739 0.5 0.7627984 0.5 0.7764795 0.5 0.7764795 0.5 0.6533495 0.5 0.6396684 0.5 0.6533495 0.5 0.7354362 0.5 0.7491173 0.5 0.7491173 0.5 0.6533495 0.5 0.6670306 0.5 0.6670306 0.5 0.6670306 0.5 0.6807117 0.5 0.6807117 0.5 0.721755 0.5 0.7354362 0.5 0.7354362 0.5 0.721755 0.5 0.7354362 0.5 0.7354362 0.5 0.6807117 0.5 0.6943928 0.5 0.6943928 0.5 0.7080739 0.5 0.721755 0.5 0.721755 0.5 0.7627984 0.5 0.7491173 0.5 0.7627984 0.5 0.6943928 0.5 0.7080739 0.5 0.7080739 0.5 0.7627984 0.5 0.7764795 0.5 0.7764795 0.5 0.6533495 0.5 0.6396684 0.5 0.6533495 0.5 0.7354362 0.5 0.7491173 0.5 0.7491173 0.5 0.6533495 0.5 0.6670306 0.5 0.6670306 0.5 0.6670306 0.5 0.6807117 0.5 0.6807117 0.5 0.6533495 0.5 0.6670306 0.5 0.6670306 0.5 0.6670306 0.5 0.6807117 0.5 0.6807117 0.5 0.721755 0.5 0.7354362 0.5 0.7354362 0.5 0.6807117 0.5 0.6943928 0.5 0.6943928 0.5 0.7080739 0.5 0.721755 0.5 0.721755 0.5 0.7627984 0.5 0.7491173 0.5 0.7627984 0.5 0.6943928 0.5 0.7080739 0.5 0.7080739 0.5 0.7627984 0.5 0.7764795 0.5 0.7764795 0.5 0.6533495 0.5 0.6396684 0.5 0.6533495 0.5 0.7354362 0.5 0.7491173 0.5 0.7491173 0.5 0.2702782 0.5 0.2565971 0.5 0.2702782 0.5 0.366046 0.5 0.3523648 0.5 0.3523648 0.5 0.2839593 0.5 0.2702782 0.5 0.2839593 0.5 0.3523648 0.5 0.3386837 0.5 0.3523648 0.5 0.3386837 0.5 0.3250026 0.5 0.3386837 0.5 0.2976404 0.5 0.2839593 0.5 0.2976404 0.5 0.3113215 0.5 0.2976404 0.5 0.3113215 0.5 0.2429159 0.5 0.2292348 0.5 0.2429159 0.5 0.3250026 0.5 0.3113215 0.5 0.3250026 0.5 0.2565971 0.5 0.2429159 0.5 0.2565971 0.5 0.2702782 0.5 0.2565971 0.5 0.2702782 0.5 0.3113215 0.5 0.2976404 0.5 0.3113215 0.5 0.2839593 0.5 0.2702782 0.5 0.2839593 0.5 0.2976404 0.5 0.2839593 0.5 0.2976404 0.5 0.366046 0.5 0.3523648 0.5 0.3523648 0.5 0.2565971 0.5 0.2429159 0.5 0.2565971 0.5 0.3250026 0.5 0.3113215 0.5 0.3250026 0.5 0.2292348 0.5 0.2429159 0.5 0.2429159 0.5 0.3386837 0.5 0.3250026 0.5 0.3386837 0.5 0.3523648 0.5 0.3386837 0.5 0.3523648 0.5 0.3386837 0.5 0.3250026 0.5 0.3386837 0.5 0.3523648 0.5 0.3386837 0.5 0.3523648 0.5 0.2702782 0.5 0.2565971 0.5 0.2702782 0.5 0.3113215 0.5 0.2976404 0.5 0.3113215 0.5 0.2839593 0.5 0.2702782 0.5 0.2839593 0.5 0.2976404 0.5 0.2839593 0.5 0.2976404 0.5 0.366046 0.5 0.3523648 0.5 0.3523648 0.5 0.2565971 0.5 0.2429159 0.5 0.2565971 0.5 0.3250026 0.5 0.3113215 0.5 0.3250026 0.5 0.2429159 0.5 0.2292348 0.5 0.2429159 0.5 0.2292348 0.5 0.2429159 0.5 0.2429159 0.5 0.3386837 0.5 0.3250026 0.5 0.3386837 0.5 0.3523648 0.5 0.3386837 0.5 0.3523648 0.5 0.2702782 0.5 0.2565971 0.5 0.2702782 0.5 0.3113215 0.5 0.2976404 0.5 0.3113215 0.5 0.2702782 0.5 0.2839593 0.5 0.2839593 0.5 0.2976404 0.5 0.2839593 0.5 0.2976404 0.5 0.366046 0.5 0.3523648 0.5 0.3523648 0.5 0.2565971 0.5 0.2429159 0.5 0.2565971 0.5 0.3250026 0.5 0.3113215 0.5 0.3250026 0.5 0.2565971 0.5 0.2429159 0.5 0.2565971 0.5 0.3250026 0.5 0.3113215 0.5 0.3250026 0.5 0.2292348 0.5 0.2429159 0.5 0.2429159 0.5 0.3386837 0.5 0.3250026 0.5 0.3386837 0.5 0.3523648 0.5 0.3386837 0.5 0.3523648 0.5 0.2702782 0.5 0.2565971 0.5 0.2702782 0.5 0.3113215 0.5 0.2976404 0.5 0.3113215 0.5 0.2702782 0.5 0.2839593 0.5 0.2839593 0.5 0.2976404 0.5 0.2839593 0.5 0.2976404 0.5 0.366046 0.5 0.3523648 0.5 0.3523648 0.5 0.2976404 0.5 0.2839593 0.5 0.2976404 0.5 0.366046 0.5 0.3523648 0.5 0.3523648 0.5 0.2565971 0.5 0.2429159 0.5 0.2565971 0.5 0.3250026 0.5 0.3113215 0.5 0.3250026 0.5 0.2292348 0.5 0.2429159 0.5 0.2429159 0.5 0.3386837 0.5 0.3250026 0.5 0.3386837 0.5 0.3523648 0.5 0.3386837 0.5 0.3523648 0.5 0.2702782 0.5 0.2565971 0.5 0.2702782 0.5 0.3113215 0.5 0.2976404 0.5 0.3113215 0.5 0.2702782 0.5 0.2839593 0.5 0.2839593 0.5 0.3113215 0.5 0.2976404 0.5 0.3113215 0.5 0.2702782 0.5 0.2839593 0.5 0.2839593 0.5 0.2976404 0.5 0.2839593 0.5 0.2976404 0.5 0.366046 0.5 0.3523648 0.5 0.3523648 0.5 0.2565971 0.5 0.2429159 0.5 0.2565971 0.5 0.3250026 0.5 0.3113215 0.5 0.3250026 0.5 0.2292348 0.5 0.2429159 0.5 0.2429159 0.5 0.3386837 0.5 0.3250026 0.5 0.3386837 0.5 0.3523648 0.5 0.3386837 0.5 0.3523648 0.5 0.2702782 0.5 0.2565971 0.5 0.2702782 0.5 0.2702782 0.5 0.2565971 0.5 0.2702782 0.5 0.3113215 0.5 0.2976404 0.5 0.3113215 0.5 0.2702782 0.5 0.2839593 0.5 0.2839593 0.5 0.2839593 0.5 0.2976404 0.5 0.2976404 0.5 0.366046 0.5 0.3523648 0.5 0.3523648 0.5 0.2565971 0.5 0.2429159 0.5 0.2565971 0.5 0.3250026 0.5 0.3113215 0.5 0.3250026 0.5 0.2292348 0.5 0.2429159 0.5 0.2429159 0.5 0.3386837 0.5 0.3250026 0.5 0.3386837 0.5 0.3523648 0.5 0.3386837 0.5 0.3523648 0.5 0.3386837 0.5 0.3250026 0.5 0.3386837 0.5 0.3523648 0.5 0.3386837 0.5 0.3523648 0.5 0.2702782 0.5 0.2565971 0.5 0.2702782 0.5 0.3113215 0.5 0.2976404 0.5 0.3113215 0.5 0.2702782 0.5 0.2839593 0.5 0.2839593 0.5 0.2976404 0.5 0.2839593 0.5 0.2976404 0.5 0.366046 0.5 0.3523648 0.5 0.3523648 0.5 0.2565971 0.5 0.2429159 0.5 0.2565971 0.5 0.3250026 0.5 0.3113215 0.5 0.3250026 0.5 0.2292348 0.5 0.2429159 0.5 0.2429159 0.5 0.3250026 0.5 0.3113215 0.5 0.3250026 0.5 0.2292348 0.5 0.2429159 0.5 0.2429159 0.5 0.3386837 0.5 0.3250026 0.5 0.3386837 0.5 0.3523648 0.5 0.3386837 0.5 0.3523648 0.5 0.2702782 0.5 0.2565971 0.5 0.2702782 0.5 0.3113215 0.5 0.2976404 0.5 0.3113215 0.5 0.2702782 0.5 0.2839593 0.5 0.2839593 0.5 0.2976404 0.5 0.2839593 0.5 0.2976404 0.5 0.366046 0.5 0.3523648 0.5 0.3523648 0.5 0.2565971 0.5 0.2429159 0.5 0.2565971 0.5 0.366046 0.5 0.3523648 0.5 0.3523648 0.5 0.2565971 0.5 0.2429159 0.5 0.2565971 0.5 0.3250026 0.5 0.3113215 0.5 0.3250026 0.5 0.2292348 0.5 0.2429159 0.5 0.2429159 0.5 0.3386837 0.5 0.3250026 0.5 0.3386837 0.5 0.3523648 0.5 0.3386837 0.5 0.3523648 0.5 0.2702782 0.5 0.2565971 0.5 0.2702782 0.5 0.3113215 0.5 0.2976404 0.5 0.3113215 0.5 0.2702782 0.5 0.2839593 0.5 0.2839593 0.5 0.2976404 0.5 0.2839593 0.5 0.2976404 0.5 0.2702782 0.5 0.2839593 0.5 0.2839593 0.5 0.2976404 0.5 0.2839593 0.5 0.2976404 0.5 0.366046 0.5 0.3523648 0.5 0.3523648 0.5 0.2565971 0.5 0.2429159 0.5 0.2565971 0.5 0.3250026 0.5 0.3113215 0.5 0.3250026 0.5 0.2292348 0.5 0.2429159 0.5 0.2429159 0.5 0.3386837 0.5 0.3250026 0.5 0.3386837 0.5 0.3523648 0.5 0.3386837 0.5 0.3523648 0.5 0.2702782 0.5 0.2565971 0.5 0.2702782 0.5 0.3113215 0.5 0.2976404 0.5 0.3113215 0.5 0.2565971 0.5 0.2429159 0.5 0.7627984 0.5 0.2976404 0.5 0.721755 0.5 0.7080739 0.5 0.6670306 0.5 0.6533495 0.5 0.6259872 0.5 0.3523648 0.5 0.3797271 0.5 0.366046 0.96875 1 1 1 1 0.96875 0.1169287 0.2018725 0.1169287 0.2292348 0.09308248 0.2292348 0 1 0 1 0.03125 1 1 0 1 0 0.96875 0 1 1 1 1 1 0.96875 0 0 0 0 0 0.03125 0.5 0 0.5 0 0.4375 0 0.5 1 0.5 1 0.53125 1 0.6094489 0.8859284 0.6094489 0.9097746 0.5957678 0.9097747 0.4375 1 0.5 1 0.5 0.96875 0.75 1 0.75 1 0.875 1 0.75 0 0.75 0 0.734375 0 0.8283469 0.8859284 0.8283469 0.9097746 0.7188979 0.9097747 0.734375 1 0.75 1 0.75 0.96875 0.125 1 0.25 1 0.25 0.96875 0.390551 0.8859284 0.390551 0.9097746 0.3358266 0.9097747 0.25 0 0.25 0 0.125 0 0.25 1 0.25 1 0.2803819 1 0.2811021 0.489176 0.2811021 0.5028572 0.1716532 0.5028572 0.125 0.5 0.25 0.5 0.25 0.484375 0.734375 0.5 0.75 0.5 0.75 0.484375 0.7188979 0.489176 0.7188979 0.5028572 0.7052168 0.5028572 0.4375 0.5 0.5 0.5 0.5 0.484375 0.5 0.489176 0.5 0.5028572 0.4452756 0.5028572 0 0.5 0 0.5 0 0.515625 1 0.5 1 0.5 1 0.484375 0.9069176 0.2702782 0.9069175 0.2839593 0.8830713 0.2839593 0.96875 0.5 1 0.5 1 0.484375 0.09375 0.5 0.125 0.5 0.125 0.484375 0.1716532 0.489176 0.1716532 0.5028572 0.1442909 0.5028572 0.125 0 0.125 0 0.09375 0 0.1716532 0.8859284 0.1716532 0.9097746 0.1442909 0.9097747 0.09375 1 0.125 1 0.125 0.96875 0.125 1 0.125 1 0.25 1 0.390551 0.489176 0.390551 0.5028572 0.3358266 0.5028572 0.3125 0.5 0.375 0.5 0.375 0.484375 0.375 1 0.375 1 0.40625 1 0.3125 1 0.375 1 0.375 0.96875 0.2811021 0.8859284 0.2811021 0.9097746 0.1716532 0.9097747 0.375 0 0.375 0 0.3125 0 0.609375 0.5 0.625 0.5 0.625 0.484375 0.609375 1 0.625 1 0.625 0.96875 0.5 0.8859284 0.5 0.9097746 0.4452756 0.9097747 0.625 0 0.625 0 0.609375 0 0.625 1 0.625 1 0.640625 1 0.75 0.5 0.875 0.5 0.875 0.484375 0.8283469 0.489176 0.8283469 0.5028572 0.7188979 0.5028572 0.875 1 0.875 1 0.90625 1 0.875 0 0.875 0 0.75 0 0.7188979 0.8859284 0.7188979 0.9097746 0.7052168 0.9097747 0.75 1 0.875 1 0.875 0.96875 0.9375 1 0.9375 1 0.96875 1 0.90625 0.5 0.9375 0.5 0.9375 0.484375 0.8830713 0.489176 0.8830713 0.5028572 0.8557091 0.5028572 0.9375 0 0.9375 0 0.90625 0 0.1442909 0.9168066 0.1442909 0.9406529 0.1169287 0.9406529 0.90625 1 0.9375 1 0.9375 0.96875 0.03125 1 0.0625 1 0.0625 0.96875 0.1442909 0.8859284 0.1442909 0.9097746 0.1169287 0.9097747 0.0625 0 0.0625 0 0.03125 0 0.08605045 0.2702782 0.08605045 0.2839593 0.06220424 0.2839593 0.03125 0.5 0.0625 0.5 0.0625 0.484375 0.0625 1 0.0625 1 0.09375 1 0.03125 0.25 0.0625 0.25 0.0625 0.234375 0.08605045 0.1745103 0.08605045 0.2018725 0.06220424 0.2018725 0.8830713 0.2702782 0.8830713 0.2839593 0.8557091 0.2839593 0.90625 0.25 0.9375 0.25 0.9375 0.234375 0.8283469 0.2702782 0.8283469 0.2839593 0.7188979 0.2839593 0.75 0.25 0.875 0.25 0.875 0.234375 0.609375 0.25 0.625 0.25 0.625 0.234375 0.3125 0.25 0.375 0.25 0.375 0.234375 0.390551 0.2702782 0.390551 0.2839593 0.3358266 0.2839593 0.1716532 0.2702782 0.1716532 0.2839593 0.1442909 0.2839593 0.09375 0.25 0.125 0.25 0.125 0.234375 0.96875 0.25 1 0.25 1 0.234375 0.9069176 0.1745103 0.9069175 0.2018725 0.8830713 0.2018725 1 0.25 1 0.25 1 0.234375 0.5 0.2702782 0.5 0.2839593 0.4452756 0.2839593 0.4375 0.25 0.5 0.25 0.5 0.234375 0.7188979 0.2702782 0.7188979 0.2839593 0.7052168 0.2839593 0.734375 0.25 0.75 0.25 0.75 0.234375 0.125 0.25 0.25 0.25 0.25 0.234375 0.2811021 0.2702782 0.2811021 0.2839593 0.1716532 0.2839593 0 0.25 0 0.25 0 0.265625 0.2811021 0.1471481 0.2811021 0.1745103 0.1716532 0.1745103 0.125 0.125 0.25 0.125 0.25 0.09375 0.734375 0.125 0.75 0.125 0.75 0.09375 0.7188979 0.1471481 0.7188979 0.1745103 0.7052168 0.1745103 0.4375 0.125 0.5 0.125 0.5 0.09375 0.5 0.1471481 0.5 0.1745103 0.4452756 0.1745103 1 0.125 1 0.125 1 0.09375 0.9069176 0.1197859 0.9069175 0.1471481 0.8830713 0.1471481 0.96875 0.125 1 0.125 1 0.09375 0.09375 0.125 0.125 0.125 0.125 0.09375 0.1716532 0.1471481 0.1716532 0.1745103 0.1442909 0.1745103 0.390551 0.1471481 0.390551 0.1745103 0.3358266 0.1745103 0.3125 0.125 0.375 0.125 0.375 0.09375 0.6094489 0.1471481 0.6094489 0.1745103 0.5957678 0.1745103 0.609375 0.125 0.625 0.125 0.625 0.09375 0.75 0.125 0.875 0.125 0.875 0.09375 0.8283469 0.1471481 0.8283469 0.1745103 0.7188979 0.1745103 0.90625 0.125 0.9375 0.125 0.9375 0.09375 0.8830713 0.1471481 0.8830713 0.1745103 0.8557091 0.1745103 0.08605045 0.1197859 0.08605045 0.1471481 0.06220424 0.1471481 0.03125 0.125 0.0625 0.125 0.0625 0.09375 0 0.125 0 0.125 0 0.15625 0.03125 0.0625 0.0625 0.0625 0.0625 0.03125 0.1442909 0.06506139 0.1442909 0.08890759 0.1169287 0.08890759 0.9104335 0.06506139 0.9139496 0.08890759 0.8830713 0.08890759 0.90625 0.0625 0.9375 0.0625 0.9375 0.03125 0.2811021 0.09593957 0.2811021 0.1197859 0.1716532 0.1197859 0.75 0.0625 0.875 0.0625 0.875 0.03125 0.609375 0.0625 0.625 0.0625 0.625 0.03125 0.7188979 0.09593957 0.7188979 0.1197859 0.7052168 0.1197859 0.3125 0.0625 0.375 0.0625 0.375 0.03125 0.1716532 0.09593957 0.1716532 0.1197859 0.1442909 0.1197859 0.1716532 0.06506139 0.1716532 0.08890759 0.1442909 0.08890759 0.09375 0.0625 0.125 0.0625 0.125 0.03125 0.96875 0.0625 1 0.0625 1 0.03125 0.9377958 0.06506139 0.9377958 0.09242361 0.9139495 0.08890759 1 0.0625 1 0.0625 1 0.03125 0.6094489 0.06506139 0.6094489 0.08890759 0.5957678 0.08890759 0.4375 0.0625 0.5 0.0625 0.5 0.03125 0.8283469 0.06506139 0.8283469 0.08890759 0.7188979 0.08890759 0.734375 0.0625 0.75 0.0625 0.75 0.03125 0.125 0.0625 0.25 0.0625 0.25 0.03125 0.390551 0.06506139 0.390551 0.08890759 0.3358266 0.08890759 0 0.0625 0 0.0625 0 0.09375 0.390551 0.09593957 0.390551 0.1197859 0.3358266 0.1197859 0.125 0.03125 0.25 0.03125 0.25 0 0.734375 0.03125 0.75 0.03125 0.75 0 0.8283469 0.09593957 0.8283469 0.1197859 0.7188979 0.1197859 0.4375 0.03125 0.5 0.03125 0.5 0 0.6094489 0.09593957 0.6094489 0.1197859 0.5957678 0.1197859 1 0.03125 1 0.03125 1 0 0.08605045 0.7764795 0.08605045 0.8312039 0.06220424 0.8312039 0.96875 0.03125 1 0.03125 1 0 0.09375 0.03125 0.125 0.03125 0.125 0 0.8557091 0.09593957 0.8557091 0.1197859 0.8283469 0.1197859 0.2811021 0.06506139 0.2811021 0.08890759 0.1716532 0.08890759 0.3125 0.03125 0.375 0.03125 0.375 0 0.5 0.06506139 0.5 0.08890759 0.4452756 0.08890759 0.609375 0.03125 0.625 0.03125 0.625 0 0.75 0.03125 0.875 0.03125 0.875 0 0.7188979 0.06506139 0.7188979 0.08890759 0.7052168 0.08890759 0.90625 0.03125 0.9375 0.03125 0.9375 0 0.8830713 0.09593957 0.8830713 0.1197859 0.8557091 0.1197859 0.1169287 0.09593957 0.1169287 0.1197859 0.09308248 0.1197859 0.03125 0.03125 0.0625 0.03125 0.0625 0 0 0.03125 0 0.03125 0 0.0625 0 0.03125 0.03125 0.03125 0.03125 0 0.9069176 0.7080739 0.9069175 0.721755 0.8830713 0.721755 0.1169287 0.1197859 0.1169287 0.1471481 0.09308248 0.1471481 0 0.0625 0.03125 0.0625 0.03125 0.03125 0 0.125 0.03125 0.125 0.03125 0.09375 0.1169287 0.1745103 0.1169287 0.2018725 0.09308248 0.2018725 0.1169287 0.2702782 0.1169287 0.2839593 0.09308248 0.2839593 0 0.25 0.03125 0.25 0.03125 0.234375 0 0.5 0.03125 0.5 0.03125 0.484375 0.1169287 0.7080739 0.1169287 0.721755 0.09308248 0.721755 0.03125 0 0.03125 0 0 0 0.9139495 0.9168066 0.9377958 0.9132906 0.9377958 0.9406529 0 1 0.03125 1 0.03125 0.96875 0.03125 1 0.03125 1 0.0625 1 0.9375 0.03125 0.96875 0.03125 0.96875 0 0.1442909 0.09593957 0.1442909 0.1197859 0.1169287 0.1197859 0.8830713 0.06506139 0.8830713 0.08890759 0.8557091 0.08890759 0.9375 0.0625 0.96875 0.0625 0.96875 0.03125 0.9375 0.125 0.96875 0.125 0.96875 0.09375 0.9377958 0.1745103 0.9377958 0.2018725 0.9139496 0.2018725 0.9377958 0.2702782 0.9377958 0.2839593 0.9139496 0.2839593 0.9375 0.25 0.96875 0.25 0.96875 0.234375 0.96875 1 0.96875 1 1 1 0.9375 0.5 0.96875 0.5 0.96875 0.484375 0.9377958 0.7080739 0.9377958 0.721755 0.9139496 0.721755 0.96875 0 0.96875 0 0.9375 0 0.8830713 0.8859284 0.8830713 0.9097746 0.8557091 0.9097747 0.9375 1 0.96875 1 0.96875 0.96875 0.9375 0.75 0.96875 0.75 0.96875 0.734375 0.9069176 0.489176 0.9069175 0.5028572 0.8830713 0.5028572 0 0.75 0.03125 0.75 0.03125 0.734375 0.08605045 0.489176 0.08605045 0.5028572 0.06220424 0.5028572 0.1169287 0.489176 0.1169287 0.5028572 0.09308248 0.5028572 0.03125 0.75 0.0625 0.75 0.0625 0.734375 0.90625 0.75 0.9375 0.75 0.9375 0.734375 0.8830713 0.7080739 0.8830713 0.721755 0.8557091 0.721755 0.75 0.75 0.875 0.75 0.875 0.734375 0.8283469 0.7080739 0.8283469 0.721755 0.7188979 0.721755 0.609375 0.75 0.625 0.75 0.625 0.734375 0.390551 0.7080739 0.390551 0.721755 0.3358266 0.721755 0.3125 0.75 0.375 0.75 0.375 0.734375 0.09375 0.75 0.125 0.75 0.125 0.734375 0.1716532 0.7080739 0.1716532 0.721755 0.1442909 0.721755 0 0.75 0 0.75 0 0.765625 0.2811021 0.7080739 0.2811021 0.721755 0.1716532 0.721755 0.125 0.75 0.25 0.75 0.25 0.734375 0.734375 0.75 0.75 0.75 0.75 0.734375 0.7188979 0.7080739 0.7188979 0.721755 0.7052168 0.721755 0.4375 0.75 0.5 0.75 0.5 0.734375 0.5 0.7080739 0.5 0.721755 0.4452756 0.721755 1 0.75 1 0.75 1 0.734375 0.9377958 0.489176 0.9377958 0.5028572 0.9139496 0.5028572 0.96875 0.75 1 0.75 1 0.734375 0 0.875 0 0.875 0 0.90625 0.9375 0.875 0.96875 0.875 0.96875 0.8125 0.9377958 0.7764795 0.9377958 0.8312039 0.9139496 0.8312039 0 0.875 0.03125 0.875 0.03125 0.8125 0.1169287 0.7764795 0.1169287 0.8312039 0.09308248 0.8312039 0.9069176 0.7764795 0.9069175 0.8312039 0.8830713 0.8312039 0.03125 0.875 0.0625 0.875 0.0625 0.8125 0.90625 0.875 0.9375 0.875 0.9375 0.8125 0.8830713 0.7764795 0.8830713 0.8312039 0.8557091 0.8312039 0.75 0.875 0.875 0.875 0.875 0.8125 0.8283469 0.7764795 0.8283469 0.8312039 0.7188979 0.8312039 0.6094489 0.7764795 0.6094489 0.8312039 0.5957678 0.8312039 0.609375 0.875 0.625 0.875 0.625 0.8125 0.390551 0.7764795 0.390551 0.8312039 0.3358266 0.8312039 0.3125 0.875 0.375 0.875 0.375 0.8125 0.09375 0.875 0.125 0.875 0.125 0.8125 0.1716532 0.7764795 0.1716532 0.8312039 0.1442909 0.8312039 0.2811021 0.7764795 0.2811021 0.8312039 0.1716532 0.8312039 0.125 0.875 0.25 0.875 0.25 0.8125 0.734375 0.875 0.75 0.875 0.75 0.8125 0.7188979 0.7764795 0.7188979 0.8312039 0.7052168 0.8312039 0.4375 0.875 0.5 0.875 0.5 0.8125 0.5410434 0.2292348 0.5 0.2292348 0.5410434 0.2018725 0.5 0.2292348 0.5 0.2018725 0.5273622 0.2018725 1 0.875 1 0.875 1 0.8125 0.08605045 0.8312039 0.08605045 0.8585662 0.06220424 0.8585662 0.96875 0.875 1 0.875 1 0.8125 0 0.9375 0 0.9375 0 0.96875 0.9375 0.9375 0.96875 0.9375 0.96875 0.90625 0.9139495 0.8859284 0.9377958 0.8859284 0.9377958 0.9132906 0 0.9375 0.03125 0.9375 0.03125 0.90625 0.1169287 0.8859284 0.1169287 0.9097746 0.09308242 0.9097746 0.08605045 0.8585662 0.08605045 0.8859284 0.06220424 0.8859284 0.03125 0.9375 0.0625 0.9375 0.0625 0.90625 0.90625 0.9375 0.9375 0.9375 0.9375 0.90625 0.8830713 0.8585662 0.8830713 0.8859284 0.8557091 0.8859284 0.75 0.9375 0.875 0.9375 0.875 0.90625 0.8283469 0.8585662 0.8283469 0.8859284 0.7188979 0.8859284 0.6094489 0.8585662 0.6094489 0.8859284 0.5957678 0.8859284 0.609375 0.9375 0.625 0.9375 0.625 0.90625 0.390551 0.8585662 0.390551 0.8859284 0.3358266 0.8859284 0.3125 0.9375 0.375 0.9375 0.375 0.90625 0.09375 0.9375 0.125 0.9375 0.125 0.90625 0.1716532 0.8585662 0.1716532 0.8859284 0.1442909 0.8859284 0.2811021 0.8585662 0.2811021 0.8859284 0.1716532 0.8859284 0.125 0.9375 0.25 0.9375 0.25 0.90625 0.734375 0.9375 0.75 0.9375 0.75 0.90625 0.7188979 0.8585662 0.7188979 0.8859284 0.7052168 0.8859284 0.4375 0.9375 0.5 0.9375 0.5 0.90625 0.5 0.8585662 0.5 0.8859284 0.4452756 0.8859284 1 0.9375 1 0.9375 1 0.90625 0.9069176 0.8585662 0.9069175 0.8859284 0.8830713 0.8859284 0.96875 0.9375 1 0.9375 1 0.90625 0 0.96875 0 0.96875 0 1 0.9375 0.96875 0.96875 0.96875 0.96875 0.9375 0.6094489 0.9168066 0.6094489 0.9406529 0.5957678 0.9406529 0 0.96875 0.03125 0.96875 0.03125 0.9375 0.9377958 0.8585662 0.9377958 0.8859284 0.9139496 0.8859284 0.08605045 0.8859284 0.08605045 0.9168066 0.06220424 0.9132906 0.03125 0.96875 0.0625 0.96875 0.0625 0.9375 0.90625 0.96875 0.9375 0.96875 0.9375 0.9375 0.8830713 0.9168066 0.8830713 0.9406529 0.8557091 0.9406529 0.75 0.96875 0.875 0.96875 0.875 0.9375 0.390551 0.9168066 0.390551 0.9406529 0.3358266 0.9406529 0.8283469 0.9168066 0.8283469 0.9406529 0.7188979 0.9406529 0.609375 0.96875 0.625 0.96875 0.625 0.9375 0.1716532 0.9168066 0.1716532 0.9406529 0.1442909 0.9406529 0.3125 0.96875 0.375 0.96875 0.375 0.9375 0.09375 0.96875 0.125 0.96875 0.125 0.9375 0.8557091 0.9168066 0.8557091 0.9406529 0.8283469 0.9406529 0.2811021 0.9168066 0.2811021 0.9406529 0.1716532 0.9406529 0.125 0.96875 0.25 0.96875 0.25 0.9375 0.734375 0.96875 0.75 0.96875 0.75 0.9375 0.7188979 0.9168066 0.7188979 0.9406529 0.7052168 0.9406529 0.4375 0.96875 0.5 0.96875 0.5 0.9375 0.5 0.9168066 0.5 0.9406529 0.4452756 0.9406529 1 0.96875 1 0.96875 1 0.9375 0.9069176 0.8859284 0.9069176 0.9097747 0.8830713 0.9097747 0.96875 0.96875 1 0.96875 1 0.9375 0.96875 0.90625 1 0.90625 1 0.875 0.1169287 0.8585662 0.1169287 0.8859284 0.09308248 0.8859284 1 0.90625 1 0.90625 1 0.875 0.5 0.8312039 0.5 0.8585662 0.4452756 0.8585662 0.4375 0.90625 0.5 0.90625 0.5 0.875 0.7188979 0.8312039 0.7188979 0.8585662 0.7052168 0.8585662 0.734375 0.90625 0.75 0.90625 0.75 0.875 0.125 0.90625 0.25 0.90625 0.25 0.875 0.2811021 0.8312039 0.2811021 0.8585662 0.1716532 0.8585662 0.1716532 0.8312039 0.1716532 0.8585662 0.1442909 0.8585662 0.09375 0.90625 0.125 0.90625 0.125 0.875 0.3125 0.90625 0.375 0.90625 0.375 0.875 0.390551 0.8312039 0.390551 0.8585662 0.3358266 0.8585662 0.609375 0.90625 0.625 0.90625 0.625 0.875 0.6094489 0.8312039 0.6094489 0.8585662 0.5957678 0.8585662 0.8283469 0.8312039 0.8283469 0.8585662 0.7188979 0.8585662 0.75 0.90625 0.875 0.90625 0.875 0.875 0.8830713 0.8312039 0.8830713 0.8585662 0.8557091 0.8585662 0.90625 0.90625 0.9375 0.90625 0.9375 0.875 0.03125 0.90625 0.0625 0.90625 0.0625 0.875 0.9069176 0.8312039 0.9069175 0.8585662 0.8830713 0.8585662 0.1169287 0.8312039 0.1169287 0.8585662 0.09308248 0.8585662 0 0.90625 0.03125 0.90625 0.03125 0.875 0.9377958 0.8312039 0.9377958 0.8585662 0.9139496 0.8585662 0.9375 0.90625 0.96875 0.90625 0.96875 0.875 0 0.90625 0 0.90625 0 0.9375 0.0625 0.90625 0.09375 0.90625 0.09375 0.875 0.1442909 0.8312039 0.1442909 0.8585662 0.1169287 0.8585662 0.08605045 0.9168066 0.08956646 0.9406529 0.06220424 0.9406529 0.0625 0.96875 0.09375 0.96875 0.09375 0.9375 0.1442909 0.8585662 0.1442909 0.8859284 0.1169287 0.8859284 0.0625 0.9375 0.09375 0.9375 0.09375 0.90625 0.1442909 0.7764795 0.1442909 0.8312039 0.1169287 0.8312039 0.0625 0.875 0.09375 0.875 0.09375 0.8125 0.1442909 0.7080739 0.1442909 0.721755 0.1169287 0.721755 0.0625 0.75 0.09375 0.75 0.09375 0.734375 0.08605045 0.7080739 0.08605045 0.721755 0.06220424 0.721755 0.0625 0.03125 0.09375 0.03125 0.09375 0 0.0625 0.0625 0.09375 0.0625 0.09375 0.03125 0.08956646 0.06506139 0.1169287 0.06506139 0.1169287 0.08890759 0.1442909 0.1471481 0.1442909 0.1745103 0.1169287 0.1745103 0.0625 0.125 0.09375 0.125 0.09375 0.09375 0.0625 0.25 0.09375 0.25 0.09375 0.234375 0.1442909 0.2702782 0.1442909 0.2839593 0.1169287 0.2839593 0.09375 1 0.09375 1 0.125 1 0.0625 1 0.09375 1 0.09375 0.96875 0.1169287 0.9168066 0.1169287 0.9406529 0.08956646 0.9406529 0.09375 0 0.09375 0 0.0625 0 0.1442909 0.489176 0.1442909 0.5028572 0.1169287 0.5028572 0.0625 0.5 0.09375 0.5 0.09375 0.484375 0.1442909 0.2018725 0.1442909 0.2292348 0.1169287 0.2292348 0.0625 0.1875 0.09375 0.1875 0.09375 0.15625 0.9375 0.1875 0.96875 0.1875 0.96875 0.15625 0.9377958 0.2429159 0.9377958 0.2565971 0.9139496 0.2565971 0 0.1875 0.03125 0.1875 0.03125 0.15625 0.1169287 0.2429159 0.1169287 0.2565971 0.09308248 0.2565971 0 0.1875 0 0.1875 0 0.203125 0.2811021 0.2018725 0.2811021 0.2292348 0.1716532 0.2292348 0.125 0.1875 0.25 0.1875 0.25 0.15625 0.734375 0.1875 0.75 0.1875 0.75 0.15625 0.7188979 0.2018725 0.7188979 0.2292348 0.7052168 0.2292348 0.4375 0.1875 0.5 0.1875 0.5 0.15625 0.5 0.2018725 0.5 0.2292348 0.4452756 0.2292348 1 0.1875 1 0.1875 1 0.15625 0.9069176 0.2018725 0.9069175 0.2292348 0.8830713 0.2292348 0.96875 0.1875 1 0.1875 1 0.15625 0.09375 0.1875 0.125 0.1875 0.125 0.15625 0.1716532 0.2018725 0.1716532 0.2292348 0.1442909 0.2292348 0.390551 0.2018725 0.390551 0.2292348 0.3358266 0.2292348 0.3125 0.1875 0.375 0.1875 0.375 0.15625 0.6094489 0.2018725 0.6094489 0.2292348 0.5957678 0.2292348 0.609375 0.1875 0.625 0.1875 0.625 0.15625 0.75 0.1875 0.875 0.1875 0.875 0.15625 0.8283469 0.2018725 0.8283469 0.2292348 0.7188979 0.2292348 0.90625 0.1875 0.9375 0.1875 0.9375 0.15625 0.8830713 0.2018725 0.8830713 0.2292348 0.8557091 0.2292348 0.08605045 0.2018725 0.08605045 0.2292348 0.06220424 0.2292348 0.03125 0.1875 0.0625 0.1875 0.0625 0.15625 0.0625 0.09375 0.09375 0.09375 0.09375 0.0625 0.1442909 0.1197859 0.1442909 0.1471481 0.1169287 0.1471481 0.9377958 0.1197859 0.9377958 0.1471481 0.9139496 0.1471481 0.9375 0.09375 0.96875 0.09375 0.96875 0.0625 0.06220424 0.09242361 0.08605045 0.08890759 0.08605045 0.1197859 0 0.09375 0.03125 0.09375 0.03125 0.0625 0 0.09375 0 0.09375 0 0.125 0.03125 0.09375 0.0625 0.09375 0.0625 0.0625 0.06220424 0.06506139 0.08956646 0.06506139 0.08605045 0.08890759 0.8830713 0.1197859 0.8830713 0.1471481 0.8557091 0.1471481 0.90625 0.09375 0.9375 0.09375 0.9375 0.0625 0.8283469 0.1197859 0.8283469 0.1471481 0.7188979 0.1471481 0.75 0.09375 0.875 0.09375 0.875 0.0625 0.609375 0.09375 0.625 0.09375 0.625 0.0625 0.6094489 0.1197859 0.6094489 0.1471481 0.5957678 0.1471481 0.3125 0.09375 0.375 0.09375 0.375 0.0625 0.390551 0.1197859 0.390551 0.1471481 0.3358266 0.1471481 0.1716532 0.1197859 0.1716532 0.1471481 0.1442909 0.1471481 0.09375 0.09375 0.125 0.09375 0.125 0.0625 0.96875 0.09375 1 0.09375 1 0.0625 0.9377958 0.09242361 0.9377958 0.1197859 0.9139496 0.1197859 1 0.09375 1 0.09375 1 0.0625 0.5 0.1197859 0.5 0.1471481 0.4452756 0.1471481 0.4375 0.09375 0.5 0.09375 0.5 0.0625 0.7188979 0.1197859 0.7188979 0.1471481 0.7052168 0.1471481 0.734375 0.09375 0.75 0.09375 0.75 0.0625 0.125 0.09375 0.25 0.09375 0.25 0.0625 0.2811021 0.1197859 0.2811021 0.1471481 0.1716532 0.1471481 0.03125 0.15625 0.0625 0.15625 0.0625 0.125 0.1169287 0.1471481 0.1169287 0.1745103 0.09308248 0.1745103 0.8830713 0.1745103 0.8830713 0.2018725 0.8557091 0.2018725 0.90625 0.15625 0.9375 0.15625 0.9375 0.125 0.8283469 0.1745103 0.8283469 0.2018725 0.7188979 0.2018725 0.75 0.15625 0.875 0.15625 0.875 0.125 0.609375 0.15625 0.625 0.15625 0.625 0.125 0.6094489 0.1745103 0.6094489 0.2018725 0.5957678 0.2018725 0.3125 0.15625 0.375 0.15625 0.375 0.125 0.390551 0.1745103 0.390551 0.2018725 0.3358266 0.2018725 0.1716532 0.1745103 0.1716532 0.2018725 0.1442909 0.2018725 0.09375 0.15625 0.125 0.15625 0.125 0.125 0.96875 0.15625 1 0.15625 1 0.125 0.9377958 0.1471481 0.9377958 0.1745103 0.9139496 0.1745103 1 0.15625 1 0.15625 1 0.125 0.5 0.1745103 0.5 0.2018725 0.4452756 0.2018725 0.4375 0.15625 0.5 0.15625 0.5 0.125 0.7188979 0.1745103 0.7188979 0.2018725 0.7052168 0.2018725 0.734375 0.15625 0.75 0.15625 0.75 0.125 0.125 0.15625 0.25 0.15625 0.25 0.125 0.2811021 0.1745103 0.2811021 0.2018725 0.1716532 0.2018725 0.08605045 0.1471481 0.08605045 0.1745103 0.06220424 0.1745103 0 0.15625 0.03125 0.15625 0.03125 0.125 0.9069176 0.1471481 0.9069175 0.1745103 0.8830713 0.1745103 0.9375 0.15625 0.96875 0.15625 0.96875 0.125 0.0625 0.15625 0.09375 0.15625 0.09375 0.125 0.1442909 0.1745103 0.1442909 0.2018725 0.1169287 0.2018725 0 0.15625 0 0.15625 0 0.1875 0.875 0.15625 0.90625 0.15625 0.90625 0.125 0.8557091 0.1745103 0.8557091 0.2018725 0.8283469 0.2018725 0.875 0.09375 0.90625 0.09375 0.90625 0.0625 0.8557091 0.1197859 0.8557091 0.1471481 0.8283469 0.1471481 0.8557091 0.2018725 0.8557091 0.2292348 0.8283469 0.2292348 0.875 0.1875 0.90625 0.1875 0.90625 0.15625 0.875 0.90625 0.90625 0.90625 0.90625 0.875 0.8557091 0.8312039 0.8557091 0.8585662 0.8283469 0.8585662 0.8830713 0.9168066 0.9139496 0.9168066 0.9104335 0.9406529 0.875 0.96875 0.90625 0.96875 0.90625 0.9375 0.8557091 0.8585662 0.8557091 0.8859284 0.8283469 0.8859284 0.875 0.9375 0.90625 0.9375 0.90625 0.90625 0.8557091 0.7764795 0.8557091 0.8312039 0.8283469 0.8312039 0.875 0.875 0.90625 0.875 0.90625 0.8125 0.8557091 0.7080739 0.8557091 0.721755 0.8283469 0.721755 0.875 0.75 0.90625 0.75 0.90625 0.734375 0.9069176 0.09593963 0.9069175 0.1197859 0.8830713 0.1197859 0.875 0.03125 0.90625 0.03125 0.90625 0 0.875 0.0625 0.90625 0.0625 0.90625 0.03125 0.8557091 0.06506139 0.8557091 0.08890759 0.8283469 0.08890759 0.8557091 0.1471481 0.8557091 0.1745103 0.8283469 0.1745103 0.875 0.125 0.90625 0.125 0.90625 0.09375 0.875 0.25 0.90625 0.25 0.90625 0.234375 0.8557091 0.2702782 0.8557091 0.2839593 0.8283469 0.2839593 0.875 1 0.90625 1 0.90625 0.96875 0.8557091 0.8859284 0.8557091 0.9097746 0.8283469 0.9097747 0.90625 0 0.90625 0 0.875 0 0.8557091 0.489176 0.8557091 0.5028572 0.8283469 0.5028572 0.875 0.5 0.90625 0.5 0.90625 0.484375 0.90625 1 0.90625 1 0.9375 1 0.8557091 0.2429159 0.8557091 0.2565971 0.8283469 0.2565971 0.875 0.21875 0.90625 0.21875 0.90625 0.203125 0 0.21875 0 0.21875 0 0.234375 0.1442909 0.2429159 0.1442909 0.2565971 0.1169287 0.2565971 0.0625 0.21875 0.09375 0.21875 0.09375 0.203125 0.9375 0.21875 0.96875 0.21875 0.96875 0.203125 0.3358266 0.9168066 0.3358266 0.9097747 0.390551 0.9097746 0 0.21875 0.03125 0.21875 0.03125 0.203125 0.9377958 0.2018725 0.9377958 0.2292348 0.9139496 0.2292348 0.2811021 0.2429159 0.2811021 0.2565971 0.1716532 0.2565971 0.125 0.21875 0.25 0.21875 0.25 0.203125 0.734375 0.21875 0.75 0.21875 0.75 0.203125 0.7188979 0.2429159 0.7188979 0.2565971 0.7052168 0.2565971 0.4375 0.21875 0.5 0.21875 0.5 0.203125 0.5 0.2429159 0.5 0.2565971 0.4452756 0.2565971 1 0.21875 1 0.21875 1 0.203125 0.9069176 0.2429159 0.9069175 0.2565971 0.8830713 0.2565971 0.96875 0.21875 1 0.21875 1 0.203125 0.09375 0.21875 0.125 0.21875 0.125 0.203125 0.1716532 0.2429159 0.1716532 0.2565971 0.1442909 0.2565971 0.390551 0.2429159 0.390551 0.2565971 0.3358266 0.2565971 0.3125 0.21875 0.375 0.21875 0.375 0.203125 0.609375 0.21875 0.625 0.21875 0.625 0.203125 0.75 0.21875 0.875 0.21875 0.875 0.203125 0.8283469 0.2429159 0.8283469 0.2565971 0.7188979 0.2565971 0.90625 0.21875 0.9375 0.21875 0.9375 0.203125 0.8830713 0.2429159 0.8830713 0.2565971 0.8557091 0.2565971 0.08605045 0.2429159 0.08605045 0.2565971 0.06220424 0.2565971 0.03125 0.21875 0.0625 0.21875 0.0625 0.203125 0.1716532 0.09593957 0.1716532 0.08890759 0.2811021 0.08890759 0.6094489 0.09593957 0.6094489 0.08890759 0.62313 0.08890759 0.390551 0.09593957 0.390551 0.08890759 0.4179133 0.08890759 0.9069176 0.09593963 0.8830713 0.09593957 0.8830713 0.08890759 0.1169287 0.09593957 0.1169287 0.08890759 0.1442909 0.08890759 0.2811021 0.09593957 0.2811021 0.08890759 0.3077043 0.08890759 0.5 0.09593957 0.5 0.08890759 0.5273622 0.08890759 0.7188979 0.09593957 0.7188979 0.08890759 0.8283469 0.08890759 0.8283469 0.09593957 0.8283469 0.08890759 0.8557091 0.08890759 0.09308248 0.09593963 0.08605045 0.08890759 0.1169287 0.08890759 0.09308248 0.09593963 0.09308248 0.1197859 0.08605045 0.1197859 0.09308248 0.1745103 0.08605045 0.1745103 0.08605045 0.1471481 0.09308248 0.2839593 0.08605045 0.2839593 0.08605045 0.2702782 0.09308248 0.5028572 0.08605045 0.5028572 0.08605045 0.489176 0.9139496 0.1197859 0.9069175 0.1197859 0.9069176 0.09593963 0.9139496 0.1745103 0.9069175 0.1745103 0.9069176 0.1471481 0.9139496 0.2839593 0.9069175 0.2839593 0.9069176 0.2702782 0.9139496 0.5028572 0.9069175 0.5028572 0.9069176 0.489176 0.09308248 0.721755 0.08605045 0.721755 0.08605045 0.7080739 0.9139496 0.721755 0.9069175 0.721755 0.9069176 0.7080739 0.09308248 0.8312039 0.08605045 0.8312039 0.08605045 0.7764795 0.9139496 0.8312039 0.9069175 0.8312039 0.9069176 0.7764795 0.09308248 0.8859284 0.08605045 0.8859284 0.08605045 0.8585662 0.9139496 0.8859284 0.9069175 0.8859284 0.9069176 0.8585662 0.09308242 0.9097746 0.08605045 0.9168066 0.08605045 0.8859284 0.9139495 0.8859284 0.9139496 0.9168067 0.9069176 0.9097747 0.8830713 0.9168066 0.8830713 0.9097747 0.9069176 0.9097747 0.1169287 0.9168066 0.08605045 0.9168065 0.09308242 0.9097746 0.8283469 0.9168066 0.8283469 0.9097747 0.8557091 0.9097746 0.7188979 0.9168066 0.7188979 0.9097747 0.8283469 0.9097746 0.5 0.9168066 0.5 0.9097747 0.5273622 0.9097747 0.2811021 0.9168066 0.2811021 0.9097747 0.3077043 0.9097747 0.1169287 0.9168066 0.1169287 0.9097747 0.1442909 0.9097746 0.1716532 0.9168066 0.1716532 0.9097747 0.2811021 0.9097746 0.6094489 0.9168066 0.6094489 0.9097747 0.62313 0.9097747 0.390551 0.9168066 0.390551 0.9097747 0.4179133 0.9097747 0.09308248 0.8585662 0.08605045 0.8585662 0.08605045 0.8312039 0.9139496 0.8585662 0.9069175 0.8585662 0.9069176 0.8312039 0.1442909 0.09593957 0.1442909 0.08890759 0.1716532 0.08890759 0.1442909 0.9168066 0.1442909 0.9097747 0.1716532 0.9097746 0.09308248 0.2292348 0.08605045 0.2292348 0.08605045 0.2018725 0.9139496 0.2292348 0.9069175 0.2292348 0.9069176 0.2018725 0.09308248 0.1471481 0.08605045 0.1471481 0.08605045 0.1197859 0.9139496 0.1471481 0.9069175 0.1471481 0.9069176 0.1197859 0.09308248 0.2018725 0.08605045 0.2018725 0.08605045 0.1745103 0.9139496 0.2018725 0.9069175 0.2018725 0.9069176 0.1745103 0.8557091 0.09593957 0.8557091 0.08890759 0.8830713 0.08890759 0.8557091 0.9168066 0.8557091 0.9097747 0.8830713 0.9097746 0.09308248 0.2565971 0.08605045 0.2565971 0.08605045 0.2429159 0.9139496 0.2565971 0.9069175 0.2565971 0.9069176 0.2429159 0.5 0.09593957 0.5 0.1197859 0.4452756 0.1197859 0.3358266 0.09593957 0.3358266 0.08890759 0.390551 0.08890759 0.280382 0.21875 0.3125 0.21875 0.3125 0.203125 0.3358266 0.2429159 0.3358266 0.2565971 0.3077043 0.2565971 0.3358266 0.1745103 0.3358266 0.2018725 0.3077043 0.2018725 0.2803819 0.15625 0.3125 0.15625 0.3125 0.125 0.3358266 0.1197859 0.3358266 0.1471481 0.3077043 0.1471481 0.2803819 0.09375 0.3125 0.09375 0.3125 0.0625 0.2803819 0.1875 0.3125 0.1875 0.3125 0.15625 0.3358266 0.2018725 0.3358266 0.2292348 0.3077043 0.2292348 0.3358266 0.8312039 0.3358266 0.8585662 0.3077043 0.8585662 0.2803819 0.90625 0.3125 0.90625 0.3125 0.875 0.2803819 0.96875 0.3125 0.96875 0.3125 0.9375 0.3358266 0.9168066 0.3358266 0.9406529 0.3077043 0.940653 0.2803819 0.9375 0.3125 0.9375 0.3125 0.90625 0.3358266 0.8585662 0.3358266 0.8859284 0.3077043 0.8859284 0.2803819 0.8750001 0.3125 0.875 0.3125 0.8125 0.3358266 0.7764795 0.3358266 0.8312039 0.3077043 0.8312039 0.2803819 0.75 0.3125 0.75 0.3125 0.734375 0.3358266 0.7080739 0.3358266 0.721755 0.3077043 0.721755 0.2803819 0.03125 0.3125 0.03125 0.3125 0 0.3358266 0.09593957 0.3358266 0.1197859 0.3077043 0.1197859 0.3358266 0.06506139 0.3358266 0.08890759 0.3077043 0.08890759 0.2803819 0.0625 0.3125 0.0625 0.3125 0.03125 0.2803819 0.125 0.3125 0.125 0.3125 0.09375 0.3358266 0.1471481 0.3358266 0.1745103 0.3077043 0.1745103 0.3358266 0.2702782 0.3358266 0.2839593 0.3077043 0.2839593 0.2803819 0.25 0.3125 0.25 0.3125 0.234375 0.3125 0 0.3125 0 0.2803819 0 0.2803819 1 0.3125 1 0.3125 0.96875 0.2803819 0.5 0.3125 0.5 0.3125 0.484375 0.3358266 0.489176 0.3358266 0.5028572 0.3077043 0.5028572 0.3125 1 0.3125 1 0.375 1 0.3358266 0.8859284 0.3358266 0.9097747 0.3077043 0.9097747 0.4452756 0.09593957 0.4452756 0.1197859 0.4179133 0.1197859 0.4452756 0.9168066 0.4452756 0.9097747 0.5 0.9097746 0.4452756 0.09593957 0.4452756 0.08890759 0.5 0.08890759 0.4452756 0.2429159 0.4452756 0.2565971 0.4179133 0.2565971 0.40625 0.21875 0.4375 0.21875 0.4375 0.203125 0.40625 0.15625 0.4375 0.15625 0.4375 0.125 0.4452756 0.1745103 0.4452756 0.2018725 0.4179133 0.2018725 0.40625 0.09375 0.4375 0.09375 0.4375 0.0625 0.4452756 0.1197859 0.4452756 0.1471481 0.4179133 0.1471481 0.4452756 0.2018725 0.4452756 0.2292348 0.4179133 0.2292348 0.40625 0.1875 0.4375 0.1875 0.4375 0.15625 0.40625 0.90625 0.4375 0.90625 0.4375 0.875 0.4452756 0.8312039 0.4452756 0.8585662 0.4179133 0.8585662 0.4452756 0.9168066 0.4452756 0.9406529 0.4179133 0.9406529 0.40625 0.96875 0.4375 0.96875 0.4375 0.9375 0.4452756 0.8585662 0.4452756 0.8859284 0.4179133 0.8859284 0.40625 0.9375 0.4375 0.9375 0.4375 0.90625 0.4179133 0.7764795 0.4452756 0.7764795 0.4452756 0.8312039 0.40625 0.875 0.4375 0.875 0.4375 0.8125 0.4452756 0.7080739 0.4452756 0.721755 0.4179133 0.721755 0.40625 0.75 0.4375 0.75 0.4375 0.734375 0.4452756 0.06506139 0.4452756 0.08890759 0.4179133 0.08890759 0.40625 0.03125 0.4375 0.03125 0.4375 0 0.40625 0.0625 0.4375 0.0625 0.4375 0.03125 0.4452756 0.1471481 0.4452756 0.1745103 0.4179133 0.1745103 0.40625 0.125 0.4375 0.125 0.4375 0.09375 0.40625 0.25 0.4375 0.25 0.4375 0.234375 0.4452756 0.2702782 0.4452756 0.2839593 0.4179133 0.2839593 0.4452756 0.8859284 0.4452756 0.9097747 0.4179133 0.9097747 0.4375 1 0.4375 1 0.5 1 0.4452756 0.489176 0.4452756 0.5028572 0.4179133 0.5028572 0.40625 0.5 0.4375 0.5 0.4375 0.484375 0.40625 1 0.4375 1 0.4375 0.96875 0.4375 0 0.4375 0 0.40625 0 0.40625 0.8125 0.4375 0.8125 0.4375 0.796875 0.4452756 0.7627984 0.4452756 0.7764795 0.4179133 0.7764795 0.3358266 0.7627984 0.3358266 0.7764795 0.3077043 0.7764795 0.2803819 0.8125 0.3125 0.8125 0.3125 0.796875 0.9139495 0.7764795 0.9069176 0.7764795 0.9069176 0.7627984 0.09308248 0.7764795 0.08605045 0.7764795 0.08605045 0.7627984 0.875 0.8125 0.90625 0.8125 0.90625 0.796875 0.8557091 0.7627984 0.8557091 0.7764795 0.8283469 0.7764795 0.0625 0.8125 0.09375 0.8125 0.09375 0.796875 0.1442909 0.7627984 0.1442909 0.7764795 0.1169287 0.7764795 0.96875 0.8125 1 0.8125 1 0.796875 1 0.8125 1 0.8125 1 0.796875 0.5 0.7627984 0.5 0.7764795 0.4452756 0.7764795 0.4375 0.8125 0.5 0.8125 0.5 0.796875 0.7188979 0.7627984 0.7188979 0.7764795 0.7052168 0.7764795 0.734375 0.8125 0.75 0.8125 0.75 0.796875 0.125 0.8125 0.25 0.8125 0.25 0.796875 0.2811021 0.7627984 0.2811021 0.7764795 0.1716532 0.7764795 0.1716532 0.7627984 0.1716532 0.7764795 0.1442909 0.7764795 0.09375 0.8125 0.125 0.8125 0.125 0.796875 0.3125 0.8125 0.375 0.8125 0.375 0.796875 0.390551 0.7627984 0.390551 0.7764795 0.3358266 0.7764795 0.609375 0.8125 0.625 0.8125 0.625 0.796875 0.8283469 0.7627984 0.8283469 0.7764795 0.7188979 0.7764795 0.75 0.8125 0.875 0.8125 0.875 0.796875 0.8830713 0.7627984 0.8830713 0.7764795 0.8557091 0.7764795 0.90625 0.8125 0.9375 0.8125 0.9375 0.796875 0.03125 0.8125 0.0625 0.8125 0.0625 0.796875 0.9069176 0.7627984 0.9069176 0.7764795 0.8830713 0.7764795 0.1169287 0.7627984 0.1169287 0.7764795 0.09308248 0.7764795 0 0.8125 0.03125 0.8125 0.03125 0.796875 0.9377958 0.7627984 0.9377958 0.7764795 0.9139495 0.7764795 0.9375 0.8125 0.96875 0.8125 0.96875 0.796875 0 0.8125 0 0.8125 0 0.875 0.08605045 0.7627984 0.08605045 0.7764795 0.06220424 0.7764795 0.40625 0.375 0.4375 0.375 0.4375 0.359375 0.4452756 0.3797271 0.4452756 0.3934082 0.4179133 0.3934082 0.3358266 0.3797271 0.3358266 0.3934082 0.3077043 0.3934082 0.280382 0.375 0.3125 0.375 0.3125 0.359375 0.9139495 0.3934082 0.9069176 0.3934082 0.9069176 0.3797271 0.09308248 0.3934082 0.08605045 0.3934082 0.08605045 0.3797271 0.875 0.375 0.90625 0.375 0.90625 0.359375 0.8557091 0.3797271 0.8557091 0.3934082 0.8283469 0.3934082 0.0625 0.375 0.09375 0.375 0.09375 0.359375 0.1442909 0.3797271 0.1442909 0.3934082 0.1169287 0.3934082 0.9377958 0.3797271 0.9377958 0.3934082 0.9139495 0.3934082 0.1169287 0.3797271 0.1169287 0.3934082 0.09308248 0.3934082 0.08605045 0.3797271 0.08605045 0.3934082 0.06220424 0.3934082 0.9069176 0.3797271 0.9069176 0.3934082 0.8830713 0.3934082 0.9375 0.375 0.96875 0.375 0.96875 0.359375 0 0.375 0.03125 0.375 0.03125 0.359375 0 0.375 0 0.375 0 0.390625 0.03125 0.375 0.0625 0.375 0.0625 0.359375 0.8830713 0.3797271 0.8830713 0.3934082 0.8557091 0.3934082 0.90625 0.375 0.9375 0.375 0.9375 0.359375 0.8283469 0.3797271 0.8283469 0.3934082 0.7188979 0.3934082 0.75 0.375 0.875 0.375 0.875 0.359375 0.609375 0.375 0.625 0.375 0.625 0.359375 0.3125 0.375 0.375 0.375 0.375 0.359375 0.390551 0.3797271 0.390551 0.3934082 0.3358266 0.3934082 0.1716532 0.3797271 0.1716532 0.3934082 0.1442909 0.3934082 0.09375 0.375 0.125 0.375 0.125 0.359375 0.96875 0.375 1 0.375 1 0.359375 1 0.375 1 0.375 1 0.359375 0.5 0.3797271 0.5 0.3934082 0.4452756 0.3934082 0.4375 0.375 0.5 0.375 0.5 0.359375 0.7188979 0.3797271 0.7188979 0.3934082 0.7052168 0.3934082 0.734375 0.375 0.75 0.375 0.75 0.359375 0.125 0.375 0.25 0.375 0.25 0.359375 0.2811021 0.3797271 0.2811021 0.3934082 0.1716532 0.3934082 0 0.4375 0 0.4375 0 0.453125 0.40625 0.4375 0.4375 0.4375 0.4375 0.421875 0.4452756 0.4344516 0.4452756 0.4481327 0.4179133 0.4481327 0.3358266 0.4344516 0.3358266 0.4481327 0.3077043 0.4481327 0.2803819 0.4375 0.3125 0.4375 0.3125 0.421875 0.9139495 0.4481327 0.9069176 0.4481327 0.9069176 0.4344516 0.09308248 0.4481327 0.08605045 0.4481327 0.08605045 0.4344516 0.875 0.4375 0.90625 0.4375 0.90625 0.421875 0.8557091 0.4344516 0.8557091 0.4481327 0.8283469 0.4481327 0.0625 0.4375 0.09375 0.4375 0.09375 0.421875 0.1442909 0.4344516 0.1442909 0.4481327 0.1169287 0.4481327 0.9377958 0.4344516 0.9377958 0.4481327 0.9139495 0.4481327 0.1169287 0.4344516 0.1169287 0.4481327 0.09308248 0.4481327 0.08605045 0.4344516 0.08605045 0.4481327 0.06220424 0.4481327 0.9069176 0.4344516 0.9069176 0.4481327 0.8830713 0.4481327 0.9375 0.4375 0.96875 0.4375 0.96875 0.421875 0 0.4375 0.03125 0.4375 0.03125 0.421875 0.03125 0.4375 0.0625 0.4375 0.0625 0.421875 0.8830713 0.4344516 0.8830713 0.4481327 0.8557091 0.4481327 0.90625 0.4375 0.9375 0.4375 0.9375 0.421875 0.8283469 0.4344516 0.8283469 0.4481327 0.7188979 0.4481327 0.75 0.4375 0.875 0.4375 0.875 0.421875 0.609375 0.4375 0.625 0.4375 0.625 0.421875 0.3125 0.4375 0.375 0.4375 0.375 0.421875 0.390551 0.4344516 0.390551 0.4481327 0.3358266 0.4481327 0.1716532 0.4344516 0.1716532 0.4481327 0.1442909 0.4481327 0.09375 0.4375 0.125 0.4375 0.125 0.421875 0.96875 0.4375 1 0.4375 1 0.421875 1 0.4375 1 0.4375 1 0.421875 0.5 0.4344516 0.5 0.4481327 0.4452756 0.4481327 0.4375 0.4375 0.5 0.4375 0.5 0.421875 0.7188979 0.4344516 0.7188979 0.4481327 0.7052168 0.4481327 0.734375 0.4375 0.75 0.4375 0.75 0.421875 0.125 0.4375 0.25 0.4375 0.25 0.421875 0.2811021 0.4344516 0.2811021 0.4481327 0.1716532 0.4481327 0.40625 0.625 0.4375 0.625 0.4375 0.609375 0.4452756 0.598625 0.4452756 0.6123061 0.4179133 0.6123061 0.3358266 0.598625 0.3358266 0.6123061 0.3077043 0.6123061 0.2803819 0.625 0.3125 0.625 0.3125 0.609375 0.9139495 0.6123061 0.9069176 0.6123061 0.9069176 0.598625 0.09308248 0.6123061 0.08605045 0.6123061 0.08605045 0.598625 0.875 0.625 0.90625 0.625 0.90625 0.609375 0.8557091 0.598625 0.8557091 0.6123061 0.8283469 0.6123061 0.08605045 0.598625 0.08605045 0.6123061 0.06220424 0.6123061 0.0625 0.625 0.09375 0.625 0.09375 0.609375 0.1442909 0.598625 0.1442909 0.6123061 0.1169287 0.6123061 0.96875 0.625 1 0.625 1 0.609375 1 0.625 1 0.625 1 0.609375 0.5 0.598625 0.5 0.6123061 0.4452756 0.6123061 0.4375 0.625 0.5 0.625 0.5 0.609375 0.7188979 0.598625 0.7188979 0.6123061 0.7052168 0.6123061 0.734375 0.625 0.75 0.625 0.75 0.609375 0.125 0.625 0.25 0.625 0.25 0.609375 0.2811021 0.598625 0.2811021 0.6123061 0.1716532 0.6123061 0.1716532 0.598625 0.1716532 0.6123061 0.1442909 0.6123061 0.09375 0.625 0.125 0.625 0.125 0.609375 0.3125 0.625 0.375 0.625 0.375 0.609375 0.390551 0.598625 0.390551 0.6123061 0.3358266 0.6123061 0.609375 0.625 0.625 0.625 0.625 0.609375 0.8283469 0.598625 0.8283469 0.6123061 0.7188979 0.6123061 0.75 0.625 0.875 0.625 0.875 0.609375 0.8830713 0.598625 0.8830713 0.6123061 0.8557091 0.6123061 0.90625 0.625 0.9375 0.625 0.9375 0.609375 0.03125 0.625 0.0625 0.625 0.0625 0.609375 0 0.625 0.03125 0.625 0.03125 0.609375 0.9375 0.625 0.96875 0.625 0.96875 0.609375 0.9377958 0.598625 0.9377958 0.6123061 0.9139495 0.6123061 0.1169287 0.598625 0.1169287 0.6123061 0.09308248 0.6123061 0.9069176 0.598625 0.9069176 0.6123061 0.8830713 0.6123061 0 0.625 0 0.625 0 0.640625 0.9069176 0.5439006 0.9069176 0.5575817 0.8830713 0.5575817 0.1169287 0.5439006 0.1169287 0.5575817 0.09308248 0.5575817 0.9377958 0.5439006 0.9377958 0.5575817 0.9139495 0.5575817 0.9375 0.5625 0.96875 0.5625 0.96875 0.546875 0 0.5625 0.03125 0.5625 0.03125 0.546875 0.03125 0.5625 0.0625 0.5625 0.0625 0.546875 0.90625 0.5625 0.9375 0.5625 0.9375 0.546875 0.8830713 0.5439006 0.8830713 0.5575817 0.8557091 0.5575817 0.75 0.5625 0.875 0.5625 0.875 0.546875 0.8283469 0.5439006 0.8283469 0.5575817 0.7188979 0.5575817 0.609375 0.5625 0.625 0.5625 0.625 0.546875 0.390551 0.5439006 0.390551 0.5575817 0.3358266 0.5575817 0.3125 0.5625 0.375 0.5625 0.375 0.546875 0.09375 0.5625 0.125 0.5625 0.125 0.546875 0.1716532 0.5439006 0.1716532 0.5575817 0.1442909 0.5575817 0.2811021 0.5439006 0.2811021 0.5575817 0.1716532 0.5575817 0.125 0.5625 0.25 0.5625 0.25 0.546875 0.734375 0.5625 0.75 0.5625 0.75 0.546875 0.7188979 0.5439006 0.7188979 0.5575817 0.7052168 0.5575817 0.4375 0.5625 0.5 0.5625 0.5 0.546875 0.5 0.5439006 0.5 0.5575817 0.4452756 0.5575817 1 0.5625 1 0.5625 1 0.546875 0.96875 0.5625 1 0.5625 1 0.546875 0.1442909 0.5439006 0.1442909 0.5575817 0.1169287 0.5575817 0.0625 0.5625 0.09375 0.5625 0.09375 0.546875 0.08605045 0.5439006 0.08605045 0.5575817 0.06220424 0.5575817 0.8557091 0.5439006 0.8557091 0.5575817 0.8283469 0.5575817 0.875 0.5625 0.90625 0.5625 0.90625 0.546875 0.09308248 0.5575817 0.08605045 0.5575817 0.08605045 0.5439006 0.9139495 0.5575817 0.9069176 0.5575817 0.9069176 0.5439006 0.2803819 0.5625 0.3125 0.5625 0.3125 0.546875 0.3358266 0.5439006 0.3358266 0.5575817 0.3077043 0.5575817 0.4452756 0.5439006 0.4452756 0.5575817 0.4179133 0.5575817 0.40625 0.5625 0.4375 0.5625 0.4375 0.546875 0 0.5625 0 0.5625 0 0.578125 0 0.6875 0 0.6875 0 0.703125 0.40625 0.6875 0.4375 0.6875 0.4375 0.671875 0.4452756 0.6533495 0.4452756 0.6670306 0.4179133 0.6670306 0.3358266 0.6533495 0.3358266 0.6670306 0.3077043 0.6670306 0.2803819 0.6875 0.3125 0.6875 0.3125 0.671875 0.9139495 0.6670306 0.9069176 0.6670306 0.9069176 0.6533495 0.09308248 0.6670306 0.08605045 0.6670306 0.08605045 0.6533495 0.875 0.6875 0.90625 0.6875 0.90625 0.671875 0.8557091 0.6533495 0.8557091 0.6670306 0.8283469 0.6670306 0.08605045 0.6533495 0.08605045 0.6670306 0.06220424 0.6670306 0.0625 0.6875 0.09375 0.6875 0.09375 0.671875 0.1442909 0.6533495 0.1442909 0.6670306 0.1169287 0.6670306 0.96875 0.6875 1 0.6875 1 0.671875 1 0.6875 1 0.6875 1 0.671875 0.5 0.6533495 0.5 0.6670306 0.4452756 0.6670306 0.4375 0.6875 0.5 0.6875 0.5 0.671875 0.7188979 0.6533495 0.7188979 0.6670306 0.7052168 0.6670306 0.734375 0.6875 0.75 0.6875 0.75 0.671875 0.125 0.6875 0.25 0.6875 0.25 0.671875 0.2811021 0.6533495 0.2811021 0.6670306 0.1716532 0.6670306 0.1716532 0.6533495 0.1716532 0.6670306 0.1442909 0.6670306 0.09375 0.6875 0.125 0.6875 0.125 0.671875 0.3125 0.6875 0.375 0.6875 0.375 0.671875 0.390551 0.6533495 0.390551 0.6670306 0.3358266 0.6670306 0.609375 0.6875 0.625 0.6875 0.625 0.671875 0.8283469 0.6533495 0.8283469 0.6670306 0.7188979 0.6670306 0.75 0.6875 0.875 0.6875 0.875 0.671875 0.8830713 0.6533495 0.8830713 0.6670306 0.8557091 0.6670306 0.90625 0.6875 0.9375 0.6875 0.9375 0.671875 0.03125 0.6875 0.0625 0.6875 0.0625 0.671875 0 0.6875 0.03125 0.6875 0.03125 0.671875 0.9375 0.6875 0.96875 0.6875 0.96875 0.671875 0.9377958 0.6533495 0.9377958 0.6670306 0.9139495 0.6670306 0.1169287 0.6533495 0.1169287 0.6670306 0.09308248 0.6670306 0.9069176 0.6533495 0.9069176 0.6670306 0.8830713 0.6670306 0.2811021 0.3250026 0.2811021 0.3386837 0.1716532 0.3386837 0.125 0.3125 0.25 0.3125 0.25 0.296875 0.734375 0.3125 0.75 0.3125 0.75 0.296875 0.7188979 0.3250026 0.7188979 0.3386837 0.7052168 0.3386837 0.4375 0.3125 0.5 0.3125 0.5 0.296875 0.5 0.3250026 0.5 0.3386837 0.4452756 0.3386837 1 0.3125 1 0.3125 1 0.296875 0.96875 0.3125 1 0.3125 1 0.296875 0.09375 0.3125 0.125 0.3125 0.125 0.296875 0.1716532 0.3250026 0.1716532 0.3386837 0.1442909 0.3386837 0.390551 0.3250026 0.390551 0.3386837 0.3358266 0.3386837 0.3125 0.3125 0.375 0.3125 0.375 0.296875 0.609375 0.3125 0.625 0.3125 0.625 0.296875 0.75 0.3125 0.875 0.3125 0.875 0.296875 0.8283469 0.3250026 0.8283469 0.3386837 0.7188979 0.3386837 0.90625 0.3125 0.9375 0.3125 0.9375 0.296875 0.8830713 0.3250026 0.8830713 0.3386837 0.8557091 0.3386837 0.03125 0.3125 0.0625 0.3125 0.0625 0.296875 0 0.3125 0.03125 0.3125 0.03125 0.296875 0.9375 0.3125 0.96875 0.3125 0.96875 0.296875 0.9069176 0.3250026 0.9069176 0.3386837 0.8830713 0.3386837 0.08605045 0.3250026 0.08605045 0.3386837 0.06220424 0.3386837 0.1169287 0.3250026 0.1169287 0.3386837 0.09308248 0.3386837 0.9377958 0.3250026 0.9377958 0.3386837 0.9139495 0.3386837 0.1442909 0.3250026 0.1442909 0.3386837 0.1169287 0.3386837 0.0625 0.3125 0.09375 0.3125 0.09375 0.296875 0.8557091 0.3250026 0.8557091 0.3386837 0.8283469 0.3386837 0.875 0.3125 0.90625 0.3125 0.90625 0.296875 0.09308248 0.3386837 0.08605045 0.3386837 0.08605045 0.3250026 0.9139495 0.3386837 0.9069176 0.3386837 0.9069176 0.3250026 0.280382 0.3125 0.3125 0.3125 0.3125 0.296875 0.3358266 0.3250026 0.3358266 0.3386837 0.3077043 0.3386837 0.4452756 0.3250026 0.4452756 0.3386837 0.4179133 0.3386837 0.40625 0.3125 0.4375 0.3125 0.4375 0.296875 0 0.3125 0 0.3125 0 0.328125 0.40625 0.28125 0.4375 0.28125 0.4375 0.265625 0.4452756 0.2976404 0.4452756 0.3113215 0.4179133 0.3113215 0.3358266 0.2976404 0.3358266 0.3113215 0.3077043 0.3113215 0.2803819 0.28125 0.3125 0.28125 0.3125 0.265625 0.9139495 0.3113215 0.9069176 0.3113215 0.9069176 0.2976404 0.09308248 0.3113215 0.08605045 0.3113215 0.08605045 0.2976404 0.875 0.28125 0.90625 0.28125 0.90625 0.265625 0.8557091 0.2976404 0.8557091 0.3113215 0.8283469 0.3113215 0.0625 0.28125 0.09375 0.28125 0.09375 0.265625 0.1442909 0.2976404 0.1442909 0.3113215 0.1169287 0.3113215 0.9377958 0.2976404 0.9377958 0.3113215 0.9139495 0.3113215 0.1169287 0.2976404 0.1169287 0.3113215 0.09308248 0.3113215 0.08605045 0.2976404 0.08605045 0.3113215 0.06220424 0.3113215 0.9069176 0.2976404 0.9069176 0.3113215 0.8830713 0.3113215 0.9375 0.28125 0.96875 0.28125 0.96875 0.265625 0 0.28125 0.03125 0.28125 0.03125 0.265625 0.03125 0.28125 0.0625 0.28125 0.0625 0.265625 0.8830713 0.2976404 0.8830713 0.3113215 0.8557091 0.3113215 0.90625 0.28125 0.9375 0.28125 0.9375 0.265625 0.8283469 0.2976404 0.8283469 0.3113215 0.7188979 0.3113215 0.75 0.28125 0.875 0.28125 0.875 0.265625 0.609375 0.28125 0.625 0.28125 0.625 0.265625 0.3125 0.28125 0.375 0.28125 0.375 0.265625 0.390551 0.2976404 0.390551 0.3113215 0.3358266 0.3113215 0.1716532 0.2976404 0.1716532 0.3113215 0.1442909 0.3113215 0.09375 0.28125 0.125 0.28125 0.125 0.265625 0.96875 0.28125 1 0.28125 1 0.265625 1 0.28125 1 0.28125 1 0.265625 0.5 0.2976404 0.5 0.3113215 0.4452756 0.3113215 0.4375 0.28125 0.5 0.28125 0.5 0.265625 0.7188979 0.2976404 0.7188979 0.3113215 0.7052168 0.3113215 0.734375 0.28125 0.75 0.28125 0.75 0.265625 0.125 0.28125 0.25 0.28125 0.25 0.265625 0.2811021 0.2976404 0.2811021 0.3113215 0.1716532 0.3113215 0 0.28125 0 0.28125 0 0.296875 0 0.34375 0 0.34375 0 0.359375 0.2811021 0.3523648 0.2811021 0.366046 0.1716532 0.366046 0.125 0.34375 0.25 0.34375 0.25 0.328125 0.734375 0.34375 0.75 0.34375 0.75 0.328125 0.7188979 0.3523648 0.7188979 0.366046 0.7052168 0.366046 0.4375 0.34375 0.5 0.34375 0.5 0.328125 0.4452756 0.3523648 0.5 0.3523648 0.5 0.366046 1 0.34375 1 0.34375 1 0.328125 0.96875 0.34375 1 0.34375 1 0.328125 0.09375 0.34375 0.125 0.34375 0.125 0.328125 0.1716532 0.3523648 0.1716532 0.366046 0.1442909 0.366046 0.390551 0.3523648 0.390551 0.366046 0.3358266 0.366046 0.3125 0.34375 0.375 0.34375 0.375 0.328125 0.609375 0.34375 0.625 0.34375 0.625 0.328125 0.75 0.34375 0.875 0.34375 0.875 0.328125 0.8283469 0.3523648 0.8283469 0.366046 0.7188979 0.366046 0.90625 0.34375 0.9375 0.34375 0.9375 0.328125 0.8830713 0.3523648 0.8830713 0.366046 0.8557091 0.366046 0.03125 0.34375 0.0625 0.34375 0.0625 0.328125 0 0.34375 0.03125 0.34375 0.03125 0.328125 0.9375 0.34375 0.96875 0.34375 0.96875 0.328125 0.9069176 0.3523648 0.9069176 0.366046 0.8830713 0.366046 0.08605045 0.3523648 0.08605045 0.366046 0.06220424 0.366046 0.1169287 0.3523648 0.1169287 0.366046 0.09308248 0.366046 0.9377958 0.3523648 0.9377958 0.366046 0.9139495 0.366046 0.1442909 0.3523648 0.1442909 0.366046 0.1169287 0.366046 0.0625 0.34375 0.09375 0.34375 0.09375 0.328125 0.8557091 0.3523648 0.8557091 0.366046 0.8283469 0.366046 0.875 0.34375 0.90625 0.34375 0.90625 0.328125 0.09308248 0.366046 0.08605045 0.366046 0.08605045 0.3523648 0.9139495 0.366046 0.9069176 0.366046 0.9069176 0.3523648 0.2803819 0.34375 0.3125 0.34375 0.3125 0.328125 0.3358266 0.3523648 0.3358266 0.366046 0.3077043 0.366046 0.4452756 0.3523648 0.4452756 0.366046 0.4179133 0.366046 0.40625 0.34375 0.4375 0.34375 0.4375 0.328125 0.546875 0.34375 0.5625 0.34375 0.5625 0.328125 0.546875 0.28125 0.5625 0.28125 0.5625 0.265625 0.546875 0.3125 0.5625 0.3125 0.5625 0.296875 0.546875 0.6875 0.5625 0.6875 0.5625 0.671875 0.546875 0.5625 0.5625 0.5625 0.5625 0.546875 0.546875 0.625 0.5625 0.625 0.5625 0.609375 0.546875 0.4375 0.5625 0.4375 0.5625 0.421875 0.546875 0.375 0.5625 0.375 0.5625 0.359375 0.546875 0.8125 0.5625 0.8125 0.5625 0.796875 0.5547245 0.9168066 0.5547245 0.9097747 0.5684056 0.9097747 0.5547245 0.09593957 0.5547245 0.08890759 0.5684056 0.08890759 0.546875 0.21875 0.5625 0.21875 0.5625 0.203125 0.5547245 0.1745103 0.5547245 0.2018725 0.5410434 0.2018725 0.546875 0.15625 0.5625 0.15625 0.5625 0.125 0.5547245 0.1197859 0.5547245 0.1471481 0.5410434 0.1471481 0.546875 0.09375 0.5625 0.09375 0.5625 0.0625 0.546875 0.1875 0.5625 0.1875 0.5625 0.15625 0.5547245 0.2018725 0.5547245 0.2292348 0.5410434 0.2292348 0.5547245 0.8312039 0.5547245 0.8585662 0.5410434 0.8585662 0.546875 0.90625 0.5625 0.90625 0.5625 0.875 0.546875 0.96875 0.5625 0.96875 0.5625 0.9375 0.5547245 0.9168066 0.5547245 0.9406529 0.5410434 0.9406529 0.546875 0.9375 0.5625 0.9375 0.5625 0.90625 0.5547245 0.8585662 0.5547245 0.8859284 0.5410434 0.8859284 0.546875 0.875 0.5625 0.875 0.5625 0.8125 0.5547245 0.7764795 0.5547245 0.8312039 0.5410434 0.8312039 0.546875 0.75 0.5625 0.75 0.5625 0.734375 0.546875 0.03125 0.5625 0.03125 0.5625 0 0.5547245 0.09593957 0.5547245 0.1197859 0.5410434 0.1197859 0.5547245 0.06506139 0.5547245 0.08890759 0.5410434 0.08890759 0.546875 0.0625 0.5625 0.0625 0.5625 0.03125 0.546875 0.125 0.5625 0.125 0.5625 0.09375 0.5547245 0.1471481 0.5547245 0.1745103 0.5410434 0.1745103 0.546875 0.25 0.5625 0.25 0.5625 0.234375 0.5625 0 0.5625 0 0.546875 0 0.546875 1 0.5625 1 0.5625 0.96875 0.546875 0.5 0.5625 0.5 0.5625 0.484375 0.5547245 0.8859284 0.5547245 0.9097747 0.5410434 0.9097747 0.5625 1 0.5625 1 0.578125 1 0.59375 1 0.59375 1 0.609375 1 0.5820867 0.09593957 0.5820867 0.08890759 0.5957678 0.08890759 0.5820867 0.9168066 0.5820867 0.9097747 0.5957678 0.9097747 0.578125 0.34375 0.59375 0.34375 0.59375 0.328125 0.578125 0.28125 0.59375 0.28125 0.59375 0.265625 0.578125 0.3125 0.59375 0.3125 0.59375 0.296875 0.578125 0.6875 0.59375 0.6875 0.59375 0.671875 0.578125 0.5625 0.59375 0.5625 0.59375 0.546875 0.578125 0.625 0.59375 0.625 0.59375 0.609375 0.578125 0.4375 0.59375 0.4375 0.59375 0.421875 0.578125 0.375 0.59375 0.375 0.59375 0.359375 0.578125 0.8125 0.59375 0.8125 0.59375 0.796875 0.578125 0.21875 0.59375 0.21875 0.59375 0.203125 0.5820867 0.1745103 0.5820867 0.2018725 0.5684056 0.2018725 0.578125 0.15625 0.59375 0.15625 0.59375 0.125 0.5820867 0.1197859 0.5820867 0.1471481 0.5684056 0.1471481 0.578125 0.09375 0.59375 0.09375 0.59375 0.0625 0.578125 0.1875 0.59375 0.1875 0.59375 0.15625 0.5820867 0.2018725 0.5820867 0.2292348 0.5684056 0.2292348 0.5820867 0.8312039 0.5820867 0.8585662 0.5684056 0.8585662 0.578125 0.90625 0.59375 0.90625 0.59375 0.875 0.578125 0.96875 0.59375 0.96875 0.59375 0.9375 0.5820867 0.9168066 0.5820867 0.9406529 0.5684056 0.9406529 0.578125 0.9375 0.59375 0.9375 0.59375 0.90625 0.5820867 0.8585662 0.5820867 0.8859284 0.5684056 0.8859284 0.578125 0.875 0.59375 0.875 0.59375 0.8125 0.5820867 0.7764795 0.5820867 0.8312039 0.5684056 0.8312039 0.578125 0.75 0.59375 0.75 0.59375 0.734375 0.578125 0.03125 0.59375 0.03125 0.59375 0 0.5820867 0.09593957 0.5820867 0.1197859 0.5684056 0.1197859 0.5820867 0.06506139 0.5820867 0.08890759 0.5684056 0.08890759 0.578125 0.0625 0.59375 0.0625 0.59375 0.03125 0.578125 0.125 0.59375 0.125 0.59375 0.09375 0.5820867 0.1471481 0.5820867 0.1745103 0.5684056 0.1745103 0.578125 0.25 0.59375 0.25 0.59375 0.234375 0.59375 0 0.59375 0 0.578125 0 0.578125 1 0.59375 1 0.59375 0.96875 0.578125 0.5 0.59375 0.5 0.59375 0.484375 0.5820867 0.8859284 0.5820867 0.9097747 0.5684056 0.9097747 0.671875 0.34375 0.6875 0.34375 0.6875 0.328125 0.671875 0.28125 0.6875 0.28125 0.6875 0.265625 0.671875 0.3125 0.6875 0.3125 0.6875 0.296875 0.671875 0.6875 0.6875 0.6875 0.6875 0.671875 0.671875 0.5625 0.6875 0.5625 0.6875 0.546875 0.671875 0.625 0.6875 0.625 0.6875 0.609375 0.671875 0.4375 0.6875 0.4375 0.6875 0.421875 0.671875 0.375 0.6875 0.375 0.6875 0.359375 0.671875 0.8125 0.6875 0.8125 0.6875 0.796875 0.6641734 0.9168066 0.6641734 0.9097747 0.6778545 0.9097747 0.6641734 0.09593957 0.6641734 0.08890759 0.6778545 0.08890759 0.671875 0.21875 0.6875 0.21875 0.6875 0.203125 0.671875 0.15625 0.6875 0.15625 0.6875 0.125 0.6641734 0.1745103 0.6641734 0.2018725 0.6504923 0.2018725 0.671875 0.09375 0.6875 0.09375 0.6875 0.0625 0.6641734 0.1197859 0.6641734 0.1471481 0.6504923 0.1471481 0.6641734 0.2018725 0.6641734 0.2292348 0.6504923 0.2292348 0.671875 0.1875 0.6875 0.1875 0.6875 0.15625 0.671875 0.90625 0.6875 0.90625 0.6875 0.875 0.6641734 0.8312039 0.6641734 0.8585662 0.6504923 0.8585662 0.6641734 0.9168066 0.6641734 0.9406529 0.6504923 0.9406529 0.671875 0.96875 0.6875 0.96875 0.6875 0.9375 0.6641734 0.8585662 0.6641734 0.8859284 0.6504923 0.8859284 0.671875 0.9375 0.6875 0.9375 0.6875 0.90625 0.6641734 0.7764795 0.6641734 0.8312039 0.6504923 0.8312039 0.671875 0.875 0.6875 0.875 0.6875 0.8125 0.671875 0.75 0.6875 0.75 0.6875 0.734375 0.6641734 0.06506139 0.6641734 0.08890759 0.6504923 0.08890759 0.671875 0.03125 0.6875 0.03125 0.6875 0 0.671875 0.0625 0.6875 0.0625 0.6875 0.03125 0.6641734 0.09593957 0.6641734 0.1197859 0.6504923 0.1197859 0.6641734 0.1471481 0.6641734 0.1745103 0.6504923 0.1745103 0.671875 0.125 0.6875 0.125 0.6875 0.09375 0.671875 0.25 0.6875 0.25 0.6875 0.234375 0.6641734 0.8859284 0.6641734 0.9097747 0.6504923 0.9097747 0.6875 1 0.6875 1 0.703125 1 0.671875 0.5 0.6875 0.5 0.6875 0.484375 0.671875 1 0.6875 1 0.6875 0.96875 0.6875 0 0.6875 0 0.671875 0 0.65625 0 0.65625 0 0.640625 0 0.640625 1 0.65625 1 0.65625 0.96875 0.640625 0.5 0.65625 0.5 0.65625 0.484375 0.6368111 0.8859284 0.6368111 0.9097747 0.62313 0.9097747 0.640625 0.25 0.65625 0.25 0.65625 0.234375 0.640625 0.125 0.65625 0.125 0.65625 0.09375 0.6368111 0.1471481 0.6368111 0.1745103 0.62313 0.1745103 0.6368111 0.09593957 0.6368111 0.1197859 0.62313 0.1197859 0.640625 0.0625 0.65625 0.0625 0.65625 0.03125 0.640625 0.03125 0.65625 0.03125 0.65625 0 0.6368111 0.06506139 0.6368111 0.08890759 0.62313 0.08890759 0.640625 0.75 0.65625 0.75 0.65625 0.734375 0.640625 0.875 0.65625 0.875 0.65625 0.8125 0.6368111 0.7764795 0.6368111 0.8312039 0.62313 0.8312039 0.640625 0.9375 0.65625 0.9375 0.65625 0.90625 0.6368111 0.8585662 0.6368111 0.8859284 0.62313 0.8859284 0.640625 0.96875 0.65625 0.96875 0.65625 0.9375 0.6368111 0.9168066 0.6368111 0.9406529 0.62313 0.9406529 0.6368111 0.8312039 0.6368111 0.8585662 0.62313 0.8585662 0.640625 0.90625 0.65625 0.90625 0.65625 0.875 0.640625 0.1875 0.65625 0.1875 0.65625 0.15625 0.6368111 0.2018725 0.6368111 0.2292348 0.62313 0.2292348 0.6368111 0.1197859 0.6368111 0.1471481 0.62313 0.1471481 0.640625 0.09375 0.65625 0.09375 0.65625 0.0625 0.6368111 0.1745103 0.6368111 0.2018725 0.62313 0.2018725 0.640625 0.15625 0.65625 0.15625 0.65625 0.125 0.640625 0.21875 0.65625 0.21875 0.65625 0.203125 0.640625 0.8125 0.65625 0.8125 0.65625 0.796875 0.640625 0.375 0.65625 0.375 0.65625 0.359375 0.640625 0.4375 0.65625 0.4375 0.65625 0.421875 0.640625 0.625 0.65625 0.625 0.65625 0.609375 0.640625 0.5625 0.65625 0.5625 0.65625 0.546875 0.640625 0.6875 0.65625 0.6875 0.65625 0.671875 0.640625 0.3125 0.65625 0.3125 0.65625 0.296875 0.640625 0.28125 0.65625 0.28125 0.65625 0.265625 0.640625 0.34375 0.65625 0.34375 0.65625 0.328125 0.6368111 0.9168066 0.6368111 0.9097747 0.6504923 0.9097747 0.6368111 0.09593957 0.6368111 0.08890759 0.6504923 0.08890759 0.65625 1 0.65625 1 0.671875 1 0.625 0.34375 0.640625 0.34375 0.640625 0.328125 0.625 0.28125 0.640625 0.28125 0.640625 0.265625 0.625 0.3125 0.640625 0.3125 0.640625 0.296875 0.625 0.6875 0.640625 0.6875 0.640625 0.671875 0.625 0.5625 0.640625 0.5625 0.640625 0.546875 0.625 0.625 0.640625 0.625 0.640625 0.609375 0.625 0.4375 0.640625 0.4375 0.640625 0.421875 0.625 0.375 0.640625 0.375 0.640625 0.359375 0.625 0.8125 0.640625 0.8125 0.640625 0.796875 0.625 0.21875 0.640625 0.21875 0.640625 0.203125 0.625 0.15625 0.640625 0.15625 0.640625 0.125 0.62313 0.1745103 0.62313 0.2018725 0.6094489 0.2018725 0.625 0.09375 0.640625 0.09375 0.640625 0.0625 0.62313 0.1197859 0.62313 0.1471481 0.6094489 0.1471481 0.62313 0.2018725 0.62313 0.2292348 0.6094489 0.2292348 0.625 0.1875 0.640625 0.1875 0.640625 0.15625 0.625 0.90625 0.640625 0.90625 0.640625 0.875 0.62313 0.8312039 0.62313 0.8585662 0.6094489 0.8585662 0.62313 0.9168066 0.62313 0.9406529 0.6094489 0.9406529 0.625 0.96875 0.640625 0.96875 0.640625 0.9375 0.62313 0.8585662 0.62313 0.8859284 0.6094489 0.8859284 0.625 0.9375 0.640625 0.9375 0.640625 0.90625 0.62313 0.7764795 0.62313 0.8312039 0.6094489 0.8312039 0.625 0.875 0.640625 0.875 0.640625 0.8125 0.625 0.75 0.640625 0.75 0.640625 0.734375 0.62313 0.06506139 0.62313 0.08890759 0.6094489 0.08890759 0.625 0.03125 0.640625 0.03125 0.640625 0 0.625 0.0625 0.640625 0.0625 0.640625 0.03125 0.62313 0.09593957 0.62313 0.1197859 0.6094489 0.1197859 0.62313 0.1471481 0.62313 0.1745103 0.6094489 0.1745103 0.625 0.125 0.640625 0.125 0.640625 0.09375 0.625 0.25 0.640625 0.25 0.640625 0.234375 0.62313 0.8859284 0.62313 0.9097747 0.6094489 0.9097747 0.625 0.5 0.640625 0.5 0.640625 0.484375 0.625 1 0.640625 1 0.640625 0.96875 0.640625 0 0.640625 0 0.625 0 0.62313 0.9168066 0.62313 0.9097747 0.6368111 0.9097747 0.62313 0.09593957 0.62313 0.08890759 0.6368111 0.08890759 0.640625 1 0.640625 1 0.65625 1 0.671875 1 0.671875 1 0.6875 1 0.6504923 0.09593957 0.6504923 0.08890759 0.6641734 0.08890759 0.6504923 0.9168066 0.6504923 0.9097747 0.6641734 0.9097747 0.671875 0 0.671875 0 0.65625 0 0.65625 1 0.671875 1 0.671875 0.96875 0.65625 0.5 0.671875 0.5 0.671875 0.484375 0.6504923 0.8859284 0.6504923 0.9097747 0.6368111 0.9097747 0.65625 0.25 0.671875 0.25 0.671875 0.234375 0.65625 0.125 0.671875 0.125 0.671875 0.09375 0.6504923 0.1471481 0.6504923 0.1745103 0.6368111 0.1745103 0.6504923 0.09593957 0.6504923 0.1197859 0.6368111 0.1197859 0.65625 0.0625 0.671875 0.0625 0.671875 0.03125 0.65625 0.03125 0.671875 0.03125 0.671875 0 0.6504923 0.06506139 0.6504923 0.08890759 0.6368111 0.08890759 0.65625 0.75 0.671875 0.75 0.671875 0.734375 0.65625 0.875 0.671875 0.875 0.671875 0.8125 0.6504923 0.7764795 0.6504923 0.8312039 0.6368111 0.8312039 0.65625 0.9375 0.671875 0.9375 0.671875 0.90625 0.6504923 0.8585662 0.6504923 0.8859284 0.6368111 0.8859284 0.65625 0.96875 0.671875 0.96875 0.671875 0.9375 0.6504923 0.9168066 0.6504923 0.9406529 0.6368111 0.9406529 0.6504923 0.8312039 0.6504923 0.8585662 0.6368111 0.8585662 0.65625 0.90625 0.671875 0.90625 0.671875 0.875 0.65625 0.1875 0.671875 0.1875 0.671875 0.15625 0.6504923 0.2018725 0.6504923 0.2292348 0.6368111 0.2292348 0.6504923 0.1197859 0.6504923 0.1471481 0.6368111 0.1471481 0.65625 0.09375 0.671875 0.09375 0.671875 0.0625 0.6504923 0.1745103 0.6504923 0.2018725 0.6368111 0.2018725 0.65625 0.15625 0.671875 0.15625 0.671875 0.125 0.65625 0.21875 0.671875 0.21875 0.671875 0.203125 0.65625 0.8125 0.671875 0.8125 0.671875 0.796875 0.65625 0.375 0.671875 0.375 0.671875 0.359375 0.65625 0.4375 0.671875 0.4375 0.671875 0.421875 0.65625 0.625 0.671875 0.625 0.671875 0.609375 0.65625 0.5625 0.671875 0.5625 0.671875 0.546875 0.65625 0.6875 0.671875 0.6875 0.671875 0.671875 0.65625 0.3125 0.671875 0.3125 0.671875 0.296875 0.65625 0.28125 0.671875 0.28125 0.671875 0.265625 0.65625 0.34375 0.671875 0.34375 0.671875 0.328125 0.71875 1 0.71875 1 0.734375 1 0.6915357 0.09593957 0.6915356 0.08890759 0.7052168 0.08890759 0.6915357 0.9168066 0.6915356 0.9097747 0.7052168 0.9097747 0.703125 0.34375 0.71875 0.34375 0.71875 0.328125 0.703125 0.28125 0.71875 0.28125 0.71875 0.265625 0.703125 0.3125 0.71875 0.3125 0.71875 0.296875 0.703125 0.6875 0.71875 0.6875 0.71875 0.671875 0.703125 0.5625 0.71875 0.5625 0.71875 0.546875 0.703125 0.625 0.71875 0.625 0.71875 0.609375 0.703125 0.4375 0.71875 0.4375 0.71875 0.421875 0.703125 0.375 0.71875 0.375 0.71875 0.359375 0.703125 0.8125 0.71875 0.8125 0.71875 0.796875 0.703125 0.21875 0.71875 0.21875 0.71875 0.203125 0.703125 0.15625 0.71875 0.15625 0.71875 0.125 0.6915356 0.1745103 0.6915356 0.2018725 0.6778545 0.2018725 0.703125 0.09375 0.71875 0.09375 0.71875 0.0625 0.6915356 0.1197859 0.6915356 0.1471481 0.6778545 0.1471481 0.6915356 0.2018725 0.6915356 0.2292348 0.6778545 0.2292348 0.703125 0.1875 0.71875 0.1875 0.71875 0.15625 0.703125 0.90625 0.71875 0.90625 0.71875 0.875 0.6915356 0.8312039 0.6915356 0.8585662 0.6778545 0.8585662 0.6915357 0.9168066 0.6915356 0.9406529 0.6778545 0.9406529 0.703125 0.96875 0.71875 0.96875 0.71875 0.9375 0.6915356 0.8585662 0.6915356 0.8859284 0.6778545 0.8859284 0.703125 0.9375 0.71875 0.9375 0.71875 0.90625 0.6915356 0.7764795 0.6915356 0.8312039 0.6778545 0.8312039 0.703125 0.875 0.71875 0.875 0.71875 0.8125 0.703125 0.75 0.71875 0.75 0.71875 0.734375 0.6915356 0.06506139 0.6915356 0.08890759 0.6778545 0.08890759 0.703125 0.03125 0.71875 0.03125 0.71875 0 0.703125 0.0625 0.71875 0.0625 0.71875 0.03125 0.6915357 0.09593957 0.6915356 0.1197859 0.6778545 0.1197859 0.6915356 0.1471481 0.6915356 0.1745103 0.6778545 0.1745103 0.703125 0.125 0.71875 0.125 0.71875 0.09375 0.703125 0.25 0.71875 0.25 0.71875 0.234375 0.6915356 0.8859284 0.6915356 0.9097747 0.6778545 0.9097747 0.703125 0.5 0.71875 0.5 0.71875 0.484375 0.703125 1 0.71875 1 0.71875 0.96875 0.71875 0 0.71875 0 0.703125 0 0.7052168 0.9168066 0.7052168 0.9097747 0.7188979 0.9097746 0.7052168 0.09593957 0.7052168 0.08890759 0.7188979 0.08890759 0.734375 1 0.734375 1 0.75 1 0.7052168 0.3523648 0.7052168 0.366046 0.6915356 0.366046 0.71875 0.34375 0.734375 0.34375 0.734375 0.328125 0.71875 0.28125 0.734375 0.28125 0.734375 0.265625 0.7052168 0.2976404 0.7052168 0.3113215 0.6915356 0.3113215 0.7052168 0.3250026 0.7052168 0.3386837 0.6915356 0.3386837 0.71875 0.3125 0.734375 0.3125 0.734375 0.296875 0.71875 0.6875 0.734375 0.6875 0.734375 0.671875 0.7052168 0.6533495 0.7052168 0.6670306 0.6915356 0.6670306 0.7052168 0.5439006 0.7052168 0.5575817 0.6915356 0.5575817 0.71875 0.5625 0.734375 0.5625 0.734375 0.546875 0.71875 0.625 0.734375 0.625 0.734375 0.609375 0.7052168 0.598625 0.7052168 0.6123061 0.6915356 0.6123061 0.71875 0.4375 0.734375 0.4375 0.734375 0.421875 0.7052168 0.4344516 0.7052168 0.4481327 0.6915356 0.4481327 0.71875 0.375 0.734375 0.375 0.734375 0.359375 0.7052168 0.3797271 0.7052168 0.3934082 0.6915356 0.3934082 0.71875 0.8125 0.734375 0.8125 0.734375 0.796875 0.7052168 0.7627984 0.7052168 0.7764795 0.6915356 0.7764795 0.7052168 0.2429159 0.7052168 0.2565971 0.6915356 0.2565971 0.71875 0.21875 0.734375 0.21875 0.734375 0.203125 0.71875 0.15625 0.734375 0.15625 0.734375 0.125 0.7052168 0.1745103 0.7052168 0.2018725 0.6915356 0.2018725 0.71875 0.09375 0.734375 0.09375 0.734375 0.0625 0.7052168 0.1197859 0.7052168 0.1471481 0.6915356 0.1471481 0.7052168 0.2018725 0.7052168 0.2292348 0.6915356 0.2292348 0.71875 0.1875 0.734375 0.1875 0.734375 0.15625 0.71875 0.90625 0.734375 0.90625 0.734375 0.875 0.7052168 0.8312039 0.7052168 0.8585662 0.6915356 0.8585662 0.7052168 0.9168066 0.7052168 0.9406529 0.6915356 0.9406529 0.71875 0.96875 0.734375 0.96875 0.734375 0.9375 0.7052168 0.8585662 0.7052168 0.8859284 0.6915356 0.8859284 0.71875 0.9375 0.734375 0.9375 0.734375 0.90625 0.7052168 0.7764795 0.7052168 0.8312039 0.6915356 0.8312039 0.71875 0.875 0.734375 0.875 0.734375 0.8125 0.7052168 0.7080739 0.7052168 0.721755 0.6915356 0.721755 0.71875 0.75 0.734375 0.75 0.734375 0.734375 0.7052168 0.06506139 0.7052168 0.08890759 0.6915356 0.08890759 0.71875 0.03125 0.734375 0.03125 0.734375 0 0.71875 0.0625 0.734375 0.0625 0.734375 0.03125 0.7052168 0.09593957 0.7052168 0.1197859 0.6915356 0.1197859 0.7052168 0.1471481 0.7052168 0.1745103 0.6915356 0.1745103 0.71875 0.125 0.734375 0.125 0.734375 0.09375 0.71875 0.25 0.734375 0.25 0.734375 0.234375 0.7052168 0.2702782 0.7052168 0.2839593 0.6915356 0.2839593 0.7052168 0.8859284 0.7052168 0.9097747 0.6915356 0.9097747 0.7052168 0.489176 0.7052168 0.5028572 0.6915356 0.5028572 0.71875 0.5 0.734375 0.5 0.734375 0.484375 0.71875 1 0.734375 1 0.734375 0.96875 0.734375 0 0.734375 0 0.71875 0 0.703125 0 0.703125 0 0.6875 0 0.6875 1 0.703125 1 0.703125 0.96875 0.6875 0.5 0.703125 0.5 0.703125 0.484375 0.6778545 0.8859284 0.6778545 0.9097747 0.6641734 0.9097747 0.6875 0.25 0.703125 0.25 0.703125 0.234375 0.6875 0.125 0.703125 0.125 0.703125 0.09375 0.6778545 0.1471481 0.6778545 0.1745103 0.6641734 0.1745103 0.6778545 0.09593957 0.6778545 0.1197859 0.6641734 0.1197859 0.6875 0.0625 0.703125 0.0625 0.703125 0.03125 0.6875 0.03125 0.703125 0.03125 0.703125 0 0.6778545 0.06506139 0.6778545 0.08890759 0.6641734 0.08890759 0.6875 0.75 0.703125 0.75 0.703125 0.734375 0.6875 0.875 0.703125 0.875 0.703125 0.8125 0.6778545 0.7764795 0.6778545 0.8312039 0.6641734 0.8312039 0.6875 0.9375 0.703125 0.9375 0.703125 0.90625 0.6778545 0.8585662 0.6778545 0.8859284 0.6641734 0.8859284 0.6875 0.96875 0.703125 0.96875 0.703125 0.9375 0.6778545 0.9168066 0.6778545 0.9406529 0.6641734 0.9406529 0.6778545 0.8312039 0.6778545 0.8585662 0.6641734 0.8585662 0.6875 0.90625 0.703125 0.90625 0.703125 0.875 0.6875 0.1875 0.703125 0.1875 0.703125 0.15625 0.6778545 0.2018725 0.6778545 0.2292348 0.6641734 0.2292348 0.6778545 0.1197859 0.6778545 0.1471481 0.6641734 0.1471481 0.6875 0.09375 0.703125 0.09375 0.703125 0.0625 0.6778545 0.1745103 0.6778545 0.2018725 0.6641734 0.2018725 0.6875 0.15625 0.703125 0.15625 0.703125 0.125 0.6875 0.21875 0.703125 0.21875 0.703125 0.203125 0.6875 0.8125 0.703125 0.8125 0.703125 0.796875 0.6875 0.375 0.703125 0.375 0.703125 0.359375 0.6875 0.4375 0.703125 0.4375 0.703125 0.421875 0.6875 0.625 0.703125 0.625 0.703125 0.609375 0.6875 0.5625 0.703125 0.5625 0.703125 0.546875 0.6875 0.6875 0.703125 0.6875 0.703125 0.671875 0.6875 0.3125 0.703125 0.3125 0.703125 0.296875 0.6875 0.28125 0.703125 0.28125 0.703125 0.265625 0.6875 0.34375 0.703125 0.34375 0.703125 0.328125 0.703125 1 0.703125 1 0.71875 1 0.6778545 0.09593957 0.6778545 0.08890759 0.6915356 0.08890759 0.6778545 0.9168066 0.6778545 0.9097747 0.6915356 0.9097747 0.6875 0.203125 0.703125 0.203125 0.703125 0.1875 0.71875 0.203125 0.734375 0.203125 0.734375 0.1875 0.7052168 0.2292348 0.7052168 0.2429159 0.6915356 0.2429159 0.703125 0.203125 0.71875 0.203125 0.71875 0.1875 0.65625 0.203125 0.671875 0.203125 0.671875 0.1875 0.625 0.203125 0.640625 0.203125 0.640625 0.1875 0.640625 0.203125 0.65625 0.203125 0.65625 0.1875 0.671875 0.203125 0.6875 0.203125 0.6875 0.1875 0.578125 0.203125 0.59375 0.203125 0.59375 0.1875 0.546875 0.203125 0.5625 0.203125 0.5625 0.1875 0.40625 0.203125 0.4375 0.203125 0.4375 0.1875 0.4452756 0.2292348 0.4452756 0.2429159 0.4179133 0.2429159 0.3358266 0.2292348 0.3358266 0.2429159 0.3077043 0.2429159 0.280382 0.203125 0.3125 0.203125 0.3125 0.1875 0.9139495 0.2429159 0.9069176 0.2429159 0.9069176 0.2292348 0.09308248 0.2429159 0.08605045 0.2429159 0.08605045 0.2292348 0.03125 0.203125 0.0625 0.203125 0.0625 0.1875 0.08605045 0.2292348 0.08605045 0.2429159 0.06220424 0.2429159 0.8830713 0.2292348 0.8830713 0.2429159 0.8557091 0.2429159 0.90625 0.203125 0.9375 0.203125 0.9375 0.1875 0.8283469 0.2292348 0.8283469 0.2429159 0.7188979 0.2429159 0.75 0.203125 0.875 0.203125 0.875 0.1875 0.609375 0.203125 0.625 0.203125 0.625 0.1875 0.3125 0.203125 0.375 0.203125 0.375 0.1875 0.390551 0.2292348 0.390551 0.2429159 0.3358266 0.2429159 0.1716532 0.2292348 0.1716532 0.2429159 0.1442909 0.2429159 0.09375 0.203125 0.125 0.203125 0.125 0.1875 0.96875 0.203125 1 0.203125 1 0.1875 0.9069176 0.2292348 0.9069176 0.2429159 0.8830713 0.2429159 1 0.203125 1 0.203125 1 0.1875 0.5 0.2292348 0.5 0.2429159 0.4452756 0.2429159 0.4375 0.203125 0.5 0.203125 0.5 0.1875 0.7188979 0.2292348 0.7188979 0.2429159 0.7052168 0.2429159 0.734375 0.203125 0.75 0.203125 0.75 0.1875 0.125 0.203125 0.25 0.203125 0.25 0.1875 0.2811021 0.2292348 0.2811021 0.2429159 0.1716532 0.2429159 0 0.203125 0.03125 0.203125 0.03125 0.1875 0.9375 0.203125 0.96875 0.203125 0.96875 0.1875 0.0625 0.203125 0.09375 0.203125 0.09375 0.1875 0.1442909 0.2292348 0.1442909 0.2429159 0.1169287 0.2429159 0.875 0.203125 0.90625 0.203125 0.90625 0.1875 0.8557091 0.2292348 0.8557091 0.2429159 0.8283469 0.2429159 0 0.203125 0 0.203125 0 0.21875 0.1169287 0.2292348 0.1169287 0.2429159 0.09308248 0.2429159 0.9377958 0.2292348 0.9377958 0.2429159 0.9139495 0.2429159 0.6875 0.234375 0.703125 0.234375 0.703125 0.21875 0.7052168 0.2565971 0.7052168 0.2702782 0.6915356 0.2702782 0.71875 0.234375 0.734375 0.234375 0.734375 0.21875 0.703125 0.234375 0.71875 0.234375 0.71875 0.21875 0.65625 0.234375 0.671875 0.234375 0.671875 0.21875 0.625 0.234375 0.640625 0.234375 0.640625 0.21875 0.640625 0.234375 0.65625 0.234375 0.65625 0.21875 0.671875 0.234375 0.6875 0.234375 0.6875 0.21875 0.578125 0.234375 0.59375 0.234375 0.59375 0.21875 0.546875 0.234375 0.5625 0.234375 0.5625 0.21875 0.4452756 0.2565971 0.4452756 0.2702782 0.4179133 0.2702782 0.40625 0.234375 0.4375 0.234375 0.4375 0.21875 0.2803819 0.234375 0.3125 0.234375 0.3125 0.21875 0.3358266 0.2565971 0.3358266 0.2702782 0.3077043 0.2702782 0.9139495 0.2702782 0.9069176 0.2702782 0.9069176 0.2565971 0.09308248 0.2702782 0.08605045 0.2702782 0.08605045 0.2565971 0 0.234375 0 0.234375 0 0.25 0.8557091 0.2565971 0.8557091 0.2702782 0.8283469 0.2702782 0.875 0.234375 0.90625 0.234375 0.90625 0.21875 0.1442909 0.2565971 0.1442909 0.2702782 0.1169287 0.2702782 0.0625 0.234375 0.09375 0.234375 0.09375 0.21875 0.9375 0.234375 0.96875 0.234375 0.96875 0.21875 0.9377958 0.2565971 0.9377958 0.2702782 0.9139495 0.2702782 0 0.234375 0.03125 0.234375 0.03125 0.21875 0.1169287 0.2565971 0.1169287 0.2702782 0.09308248 0.2702782 0.2811021 0.2565971 0.2811021 0.2702782 0.1716532 0.2702782 0.125 0.234375 0.25 0.234375 0.25 0.21875 0.734375 0.234375 0.75 0.234375 0.75 0.21875 0.7188979 0.2565971 0.7188979 0.2702782 0.7052168 0.2702782 0.4375 0.234375 0.5 0.234375 0.5 0.21875 0.5 0.2565971 0.5 0.2702782 0.4452756 0.2702782 1 0.234375 1 0.234375 1 0.21875 0.96875 0.234375 1 0.234375 1 0.21875 0.09375 0.234375 0.125 0.234375 0.125 0.21875 0.1716532 0.2565971 0.1716532 0.2702782 0.1442909 0.2702782 0.390551 0.2565971 0.390551 0.2702782 0.3358266 0.2702782 0.3125 0.234375 0.375 0.234375 0.375 0.21875 0.609375 0.234375 0.625 0.234375 0.625 0.21875 0.75 0.234375 0.875 0.234375 0.875 0.21875 0.8283469 0.2565971 0.8283469 0.2702782 0.7188979 0.2702782 0.90625 0.234375 0.9375 0.234375 0.9375 0.21875 0.8830713 0.2565971 0.8830713 0.2702782 0.8557091 0.2702782 0.03125 0.234375 0.0625 0.234375 0.0625 0.21875 0.08605045 0.2565971 0.08605045 0.2702782 0.06220424 0.2702782 0.9069176 0.2565971 0.9069176 0.2702782 0.8830713 0.2702782 0.6875 0.265625 0.703125 0.265625 0.703125 0.25 0.7052168 0.2839593 0.7052168 0.2976404 0.6915356 0.2976404 0.71875 0.265625 0.734375 0.265625 0.734375 0.25 0.703125 0.265625 0.71875 0.265625 0.71875 0.25 0.65625 0.265625 0.671875 0.265625 0.671875 0.25 0.625 0.265625 0.640625 0.265625 0.640625 0.25 0.640625 0.265625 0.65625 0.265625 0.65625 0.25 0.671875 0.265625 0.6875 0.265625 0.6875 0.25 0.578125 0.265625 0.59375 0.265625 0.59375 0.25 0.546875 0.265625 0.5625 0.265625 0.5625 0.25 0.2811021 0.2839593 0.2811021 0.2976404 0.1716532 0.2976404 0.125 0.265625 0.25 0.265625 0.25 0.25 0.734375 0.265625 0.75 0.265625 0.75 0.25 0.7188979 0.2839593 0.7188979 0.2976404 0.7052168 0.2976404 0.4375 0.265625 0.5 0.265625 0.5 0.25 0.5 0.2839593 0.5 0.2976404 0.4452756 0.2976404 1 0.265625 1 0.265625 1 0.25 0.96875 0.265625 1 0.265625 1 0.25 0.09375 0.265625 0.125 0.265625 0.125 0.25 0.1716532 0.2839593 0.1716532 0.2976404 0.1442909 0.2976404 0.390551 0.2839593 0.390551 0.2976404 0.3358266 0.2976404 0.3125 0.265625 0.375 0.265625 0.375 0.25 0.609375 0.265625 0.625 0.265625 0.625 0.25 0.75 0.265625 0.875 0.265625 0.875 0.25 0.8283469 0.2839593 0.8283469 0.2976404 0.7188979 0.2976404 0.90625 0.265625 0.9375 0.265625 0.9375 0.25 0.8830713 0.2839593 0.8830713 0.2976404 0.8557091 0.2976404 0.03125 0.265625 0.0625 0.265625 0.0625 0.25 0 0.265625 0.03125 0.265625 0.03125 0.25 0.9375 0.265625 0.96875 0.265625 0.96875 0.25 0.9069176 0.2839593 0.9069176 0.2976404 0.8830713 0.2976404 0.08605045 0.2839593 0.08605045 0.2976404 0.06220424 0.2976404 0.1169287 0.2839593 0.1169287 0.2976404 0.09308248 0.2976404 0.9377958 0.2839593 0.9377958 0.2976404 0.9139495 0.2976404 0.1442909 0.2839593 0.1442909 0.2976404 0.1169287 0.2976404 0.0625 0.265625 0.09375 0.265625 0.09375 0.25 0.8557091 0.2839593 0.8557091 0.2976404 0.8283469 0.2976404 0.875 0.265625 0.90625 0.265625 0.90625 0.25 0.09308248 0.2976404 0.08605045 0.2976404 0.08605045 0.2839593 0.9139495 0.2976404 0.9069176 0.2976404 0.9069176 0.2839593 0.280382 0.265625 0.3125 0.265625 0.3125 0.25 0.3358266 0.2839593 0.3358266 0.2976404 0.3077043 0.2976404 0.4452756 0.2839593 0.4452756 0.2976404 0.4179133 0.2976404 0.40625 0.265625 0.4375 0.265625 0.4375 0.25 0 0.265625 0 0.265625 0 0.28125 0.6875 0.296875 0.703125 0.296875 0.703125 0.28125 0.71875 0.296875 0.734375 0.296875 0.734375 0.28125 0.7052168 0.3113215 0.7052168 0.3250026 0.6915356 0.3250026 0.703125 0.296875 0.71875 0.296875 0.71875 0.28125 0.65625 0.296875 0.671875 0.296875 0.671875 0.28125 0.625 0.296875 0.640625 0.296875 0.640625 0.28125 0.640625 0.296875 0.65625 0.296875 0.65625 0.28125 0.671875 0.296875 0.6875 0.296875 0.6875 0.28125 0.578125 0.296875 0.59375 0.296875 0.59375 0.28125 0.546875 0.296875 0.5625 0.296875 0.5625 0.28125 0 0.296875 0 0.296875 0 0.3125 0.40625 0.296875 0.4375 0.296875 0.4375 0.28125 0.4452756 0.3113215 0.4452756 0.3250026 0.4179133 0.3250026 0.3358266 0.3113215 0.3358266 0.3250026 0.3077043 0.3250026 0.280382 0.296875 0.3125 0.296875 0.3125 0.28125 0.9139495 0.3250026 0.9069176 0.3250026 0.9069176 0.3113215 0.09308248 0.3250026 0.08605045 0.3250026 0.08605045 0.3113215 0.875 0.296875 0.90625 0.296875 0.90625 0.28125 0.8557091 0.3113215 0.8557091 0.3250026 0.8283469 0.3250026 0.0625 0.296875 0.09375 0.296875 0.09375 0.28125 0.1442909 0.3113215 0.1442909 0.3250026 0.1169287 0.3250026 0.9377958 0.3113215 0.9377958 0.3250026 0.9139495 0.3250026 0.1169287 0.3113215 0.1169287 0.3250026 0.09308248 0.3250026 0.08605045 0.3113215 0.08605045 0.3250026 0.06220424 0.3250026 0.9069176 0.3113215 0.9069176 0.3250026 0.8830713 0.3250026 0.9375 0.296875 0.96875 0.296875 0.96875 0.28125 0 0.296875 0.03125 0.296875 0.03125 0.28125 0.03125 0.296875 0.0625 0.296875 0.0625 0.28125 0.8830713 0.3113215 0.8830713 0.3250026 0.8557091 0.3250026 0.90625 0.296875 0.9375 0.296875 0.9375 0.28125 0.8283469 0.3113215 0.8283469 0.3250026 0.7188979 0.3250026 0.75 0.296875 0.875 0.296875 0.875 0.28125 0.609375 0.296875 0.625 0.296875 0.625 0.28125 0.3125 0.296875 0.375 0.296875 0.375 0.28125 0.390551 0.3113215 0.390551 0.3250026 0.3358266 0.3250026 0.1716532 0.3113215 0.1716532 0.3250026 0.1442909 0.3250026 0.09375 0.296875 0.125 0.296875 0.125 0.28125 0.96875 0.296875 1 0.296875 1 0.28125 1 0.296875 1 0.296875 1 0.28125 0.5 0.3113215 0.5 0.3250026 0.4452756 0.3250026 0.4375 0.296875 0.5 0.296875 0.5 0.28125 0.7188979 0.3113215 0.7188979 0.3250026 0.7052168 0.3250026 0.734375 0.296875 0.75 0.296875 0.75 0.28125 0.125 0.296875 0.25 0.296875 0.25 0.28125 0.2811021 0.3113215 0.2811021 0.3250026 0.1716532 0.3250026 0.6875 0.71875 0.703125 0.71875 0.703125 0.703125 0.71875 0.71875 0.734375 0.71875 0.734375 0.703125 0.7052168 0.6807117 0.7052168 0.6943928 0.6915356 0.6943928 0.703125 0.71875 0.71875 0.71875 0.71875 0.703125 0.65625 0.71875 0.671875 0.71875 0.671875 0.703125 0.625 0.71875 0.640625 0.71875 0.640625 0.703125 0.640625 0.71875 0.65625 0.71875 0.65625 0.703125 0.671875 0.71875 0.6875 0.71875 0.6875 0.703125 0.578125 0.71875 0.59375 0.71875 0.59375 0.703125 0.546875 0.71875 0.5625 0.71875 0.5625 0.703125 0 0.71875 0 0.71875 0 0.734375 0.40625 0.71875 0.4375 0.71875 0.4375 0.703125 0.4452756 0.6807117 0.4452756 0.6943928 0.4179133 0.6943928 0.3358266 0.6807117 0.3358266 0.6943928 0.3077043 0.6943928 0.2803819 0.71875 0.3125 0.71875 0.3125 0.703125 0.9139495 0.6943928 0.9069176 0.6943928 0.9069176 0.6807117 0.09308248 0.6943928 0.08605045 0.6943928 0.08605045 0.6807117 0.875 0.71875 0.90625 0.71875 0.90625 0.703125 0.8557091 0.6807117 0.8557091 0.6943928 0.8283469 0.6943928 0.08605045 0.6807117 0.08605045 0.6943928 0.06220424 0.6943928 0.0625 0.71875 0.09375 0.71875 0.09375 0.703125 0.1442909 0.6807117 0.1442909 0.6943928 0.1169287 0.6943928 0.96875 0.71875 1 0.71875 1 0.703125 1 0.71875 1 0.71875 1 0.703125 0.5 0.6807117 0.5 0.6943928 0.4452756 0.6943928 0.4375 0.71875 0.5 0.71875 0.5 0.703125 0.7188979 0.6807117 0.7188979 0.6943928 0.7052168 0.6943928 0.734375 0.71875 0.75 0.71875 0.75 0.703125 0.125 0.71875 0.25 0.71875 0.25 0.703125 0.2811021 0.6807117 0.2811021 0.6943928 0.1716532 0.6943928 0.1716532 0.6807117 0.1716532 0.6943928 0.1442909 0.6943928 0.09375 0.71875 0.125 0.71875 0.125 0.703125 0.3125 0.71875 0.375 0.71875 0.375 0.703125 0.390551 0.6807117 0.390551 0.6943928 0.3358266 0.6943928 0.609375 0.71875 0.625 0.71875 0.625 0.703125 0.8283469 0.6807117 0.8283469 0.6943928 0.7188979 0.6943928 0.75 0.71875 0.875 0.71875 0.875 0.703125 0.8830713 0.6807117 0.8830713 0.6943928 0.8557091 0.6943928 0.90625 0.71875 0.9375 0.71875 0.9375 0.703125 0.03125 0.71875 0.0625 0.71875 0.0625 0.703125 0 0.71875 0.03125 0.71875 0.03125 0.703125 0.9375 0.71875 0.96875 0.71875 0.96875 0.703125 0.9377958 0.6807117 0.9377958 0.6943928 0.9139495 0.6943928 0.1169287 0.6807117 0.1169287 0.6943928 0.09308248 0.6943928 0.9069176 0.6807117 0.9069176 0.6943928 0.8830713 0.6943928 0 0.734375 0 0.734375 0 0.75 0.6875 0.734375 0.703125 0.734375 0.703125 0.71875 0.71875 0.734375 0.734375 0.734375 0.734375 0.71875 0.7052168 0.6943928 0.7052168 0.7080739 0.6915356 0.7080739 0.703125 0.734375 0.71875 0.734375 0.71875 0.71875 0.65625 0.734375 0.671875 0.734375 0.671875 0.71875 0.625 0.734375 0.640625 0.734375 0.640625 0.71875 0.640625 0.734375 0.65625 0.734375 0.65625 0.71875 0.671875 0.734375 0.6875 0.734375 0.6875 0.71875 0.578125 0.734375 0.59375 0.734375 0.59375 0.71875 0.546875 0.734375 0.5625 0.734375 0.5625 0.71875 0.40625 0.734375 0.4375 0.734375 0.4375 0.71875 0.4452756 0.6943928 0.4452756 0.7080739 0.4179133 0.7080739 0.3358266 0.6943928 0.3358266 0.7080739 0.3077043 0.7080739 0.280382 0.734375 0.3125 0.734375 0.3125 0.71875 0.9139495 0.7080739 0.9069176 0.7080739 0.9069176 0.6943928 0.09308248 0.7080739 0.08605045 0.7080739 0.08605045 0.6943928 0.875 0.734375 0.90625 0.734375 0.90625 0.71875 0.8557091 0.6943928 0.8557091 0.7080739 0.8283469 0.7080739 0.08605045 0.6943928 0.08605045 0.7080739 0.06220424 0.7080739 0.0625 0.734375 0.09375 0.734375 0.09375 0.71875 0.1442909 0.6943928 0.1442909 0.7080739 0.1169287 0.7080739 0.96875 0.734375 1 0.734375 1 0.71875 1 0.734375 1 0.734375 1 0.71875 0.5 0.6943928 0.5 0.7080739 0.4452756 0.7080739 0.4375 0.734375 0.5 0.734375 0.5 0.71875 0.7188979 0.6943928 0.7188979 0.7080739 0.7052168 0.7080739 0.734375 0.734375 0.75 0.734375 0.75 0.71875 0.125 0.734375 0.25 0.734375 0.25 0.71875 0.2811021 0.6943928 0.2811021 0.7080739 0.1716532 0.7080739 0.1716532 0.6943928 0.1716532 0.7080739 0.1442909 0.7080739 0.09375 0.734375 0.125 0.734375 0.125 0.71875 0.3125 0.734375 0.375 0.734375 0.375 0.71875 0.390551 0.6943928 0.390551 0.7080739 0.3358266 0.7080739 0.609375 0.734375 0.625 0.734375 0.625 0.71875 0.8283469 0.6943928 0.8283469 0.7080739 0.7188979 0.7080739 0.75 0.734375 0.875 0.734375 0.875 0.71875 0.8830713 0.6943928 0.8830713 0.7080739 0.8557091 0.7080739 0.90625 0.734375 0.9375 0.734375 0.9375 0.71875 0.03125 0.734375 0.0625 0.734375 0.0625 0.71875 0 0.734375 0.03125 0.734375 0.03125 0.71875 0.9375 0.734375 0.96875 0.734375 0.96875 0.71875 0.9377958 0.6943928 0.9377958 0.7080739 0.9139495 0.7080739 0.1169287 0.6943928 0.1169287 0.7080739 0.09308248 0.7080739 0.9069176 0.6943928 0.9069176 0.7080739 0.8830713 0.7080739 0.6875 0.78125 0.703125 0.78125 0.703125 0.765625 0.7052168 0.7354362 0.7052168 0.7491173 0.6915356 0.7491173 0.71875 0.78125 0.734375 0.78125 0.734375 0.765625 0.703125 0.78125 0.71875 0.78125 0.71875 0.765625 0.65625 0.78125 0.671875 0.78125 0.671875 0.765625 0.625 0.78125 0.640625 0.78125 0.640625 0.765625 0.640625 0.78125 0.65625 0.78125 0.65625 0.765625 0.671875 0.78125 0.6875 0.78125 0.6875 0.765625 0.578125 0.78125 0.59375 0.78125 0.59375 0.765625 0.546875 0.78125 0.5625 0.78125 0.5625 0.765625 0.08605045 0.7354362 0.08605045 0.7491173 0.06220424 0.7491173 0.9375 0.78125 0.96875 0.78125 0.96875 0.765625 0.9377958 0.7354362 0.9377958 0.7491173 0.9139495 0.7491173 0 0.78125 0.03125 0.78125 0.03125 0.765625 0.1169287 0.7354362 0.1169287 0.7491173 0.09308248 0.7491173 0.9069176 0.7354362 0.9069176 0.7491173 0.8830713 0.7491173 0.03125 0.78125 0.0625 0.78125 0.0625 0.765625 0.90625 0.78125 0.9375 0.78125 0.9375 0.765625 0.8830713 0.7354362 0.8830713 0.7491173 0.8557091 0.7491173 0.75 0.78125 0.875 0.78125 0.875 0.765625 0.8283469 0.7354362 0.8283469 0.7491173 0.7188979 0.7491173 0.609375 0.78125 0.625 0.78125 0.625 0.765625 0.390551 0.7354362 0.390551 0.7491173 0.3358266 0.7491173 0.3125 0.78125 0.375 0.78125 0.375 0.765625 0.09375 0.78125 0.125 0.78125 0.125 0.765625 0.1716532 0.7354362 0.1716532 0.7491173 0.1442909 0.7491173 0.2811021 0.7354362 0.2811021 0.7491173 0.1716532 0.7491173 0.125 0.78125 0.25 0.78125 0.25 0.765625 0.734375 0.78125 0.75 0.78125 0.75 0.765625 0.7188979 0.7354362 0.7188979 0.7491173 0.7052168 0.7491173 0.4375 0.78125 0.5 0.78125 0.5 0.765625 0.5 0.7354362 0.5 0.7491173 0.4452756 0.7491173 1 0.78125 1 0.78125 1 0.765625 0.96875 0.78125 1 0.78125 1 0.765625 0.1442909 0.7354362 0.1442909 0.7491173 0.1169287 0.7491173 0.0625 0.78125 0.09375 0.78125 0.09375 0.765625 0.8557091 0.7354362 0.8557091 0.7491173 0.8283469 0.7491173 0.875 0.78125 0.90625 0.78125 0.90625 0.765625 0.09308248 0.7491173 0.08605045 0.7491173 0.08605045 0.7354362 0.9139495 0.7491173 0.9069176 0.7491173 0.9069176 0.7354362 0.280382 0.78125 0.3125 0.78125 0.3125 0.765625 0.3358266 0.7354362 0.3358266 0.7491173 0.3077043 0.7491173 0.4452756 0.7354362 0.4452756 0.7491173 0.4179133 0.7491173 0.40625 0.78125 0.4375 0.78125 0.4375 0.765625 0 0.78125 0 0.78125 0 0.796875 0.40625 0.765625 0.4375 0.765625 0.4375 0.75 0.4452756 0.721755 0.4452756 0.7354362 0.4179133 0.7354362 0.3358266 0.721755 0.3358266 0.7354362 0.3077043 0.7354362 0.280382 0.765625 0.3125 0.765625 0.3125 0.75 0.9139495 0.7354362 0.9069176 0.7354362 0.9069176 0.721755 0.09308248 0.7354362 0.08605045 0.7354362 0.08605045 0.721755 0.875 0.765625 0.90625 0.765625 0.90625 0.75 0.8557091 0.721755 0.8557091 0.7354362 0.8283469 0.7354362 0.0625 0.765625 0.09375 0.765625 0.09375 0.75 0.1442909 0.721755 0.1442909 0.7354362 0.1169287 0.7354362 0.96875 0.765625 1 0.765625 1 0.75 1 0.765625 1 0.765625 1 0.75 0.5 0.721755 0.5 0.7354362 0.4452756 0.7354362 0.4375 0.765625 0.5 0.765625 0.5 0.75 0.7188979 0.721755 0.7188979 0.7354362 0.7052168 0.7354362 0.734375 0.765625 0.75 0.765625 0.75 0.75 0.125 0.765625 0.25 0.765625 0.25 0.75 0.2811021 0.721755 0.2811021 0.7354362 0.1716532 0.7354362 0.1716532 0.721755 0.1716532 0.7354362 0.1442909 0.7354362 0.09375 0.765625 0.125 0.765625 0.125 0.75 0.3125 0.765625 0.375 0.765625 0.375 0.75 0.390551 0.721755 0.390551 0.7354362 0.3358266 0.7354362 0.609375 0.765625 0.625 0.765625 0.625 0.75 0.8283469 0.721755 0.8283469 0.7354362 0.7188979 0.7354362 0.75 0.765625 0.875 0.765625 0.875 0.75 0.8830713 0.721755 0.8830713 0.7354362 0.8557091 0.7354362 0.90625 0.765625 0.9375 0.765625 0.9375 0.75 0.03125 0.765625 0.0625 0.765625 0.0625 0.75 0.9069176 0.721755 0.9069176 0.7354362 0.8830713 0.7354362 0.1169287 0.721755 0.1169287 0.7354362 0.09308248 0.7354362 0 0.765625 0.03125 0.765625 0.03125 0.75 0.9377958 0.721755 0.9377958 0.7354362 0.9139495 0.7354362 0.9375 0.765625 0.96875 0.765625 0.96875 0.75 0.08605045 0.721755 0.08605045 0.7354362 0.06220424 0.7354362 0.546875 0.765625 0.5625 0.765625 0.5625 0.75 0.578125 0.765625 0.59375 0.765625 0.59375 0.75 0.671875 0.765625 0.6875 0.765625 0.6875 0.75 0.640625 0.765625 0.65625 0.765625 0.65625 0.75 0.625 0.765625 0.640625 0.765625 0.640625 0.75 0.65625 0.765625 0.671875 0.765625 0.671875 0.75 0.703125 0.765625 0.71875 0.765625 0.71875 0.75 0.71875 0.765625 0.734375 0.765625 0.734375 0.75 0.7052168 0.721755 0.7052168 0.7354362 0.6915356 0.7354362 0.6875 0.765625 0.703125 0.765625 0.703125 0.75 0 0.765625 0 0.765625 0 0.78125 0 0.796875 0 0.796875 0 0.8125 0.6875 0.796875 0.703125 0.796875 0.703125 0.78125 0.7052168 0.7491173 0.7052168 0.7627984 0.6915356 0.7627984 0.71875 0.796875 0.734375 0.796875 0.734375 0.78125 0.703125 0.796875 0.71875 0.796875 0.71875 0.78125 0.65625 0.796875 0.671875 0.796875 0.671875 0.78125 0.625 0.796875 0.640625 0.796875 0.640625 0.78125 0.640625 0.796875 0.65625 0.796875 0.65625 0.78125 0.671875 0.796875 0.6875 0.796875 0.6875 0.78125 0.578125 0.796875 0.59375 0.796875 0.59375 0.78125 0.546875 0.796875 0.5625 0.796875 0.5625 0.78125 0.08605045 0.7491173 0.08605045 0.7627984 0.06220424 0.7627984 0.9375 0.796875 0.96875 0.796875 0.96875 0.78125 0.9377958 0.7491173 0.9377958 0.7627984 0.9139495 0.7627984 0 0.796875 0.03125 0.796875 0.03125 0.78125 0.1169287 0.7491173 0.1169287 0.7627984 0.09308248 0.7627984 0.9069176 0.7491173 0.9069176 0.7627984 0.8830713 0.7627984 0.03125 0.796875 0.0625 0.796875 0.0625 0.78125 0.90625 0.796875 0.9375 0.796875 0.9375 0.78125 0.8830713 0.7491173 0.8830713 0.7627984 0.8557091 0.7627984 0.75 0.796875 0.875 0.796875 0.875 0.78125 0.8283469 0.7491173 0.8283469 0.7627984 0.7188979 0.7627984 0.609375 0.796875 0.625 0.796875 0.625 0.78125 0.390551 0.7491173 0.390551 0.7627984 0.3358266 0.7627984 0.3125 0.796875 0.375 0.796875 0.375 0.78125 0.09375 0.796875 0.125 0.796875 0.125 0.78125 0.1716532 0.7491173 0.1716532 0.7627984 0.1442909 0.7627984 0.2811021 0.7491173 0.2811021 0.7627984 0.1716532 0.7627984 0.125 0.796875 0.25 0.796875 0.25 0.78125 0.734375 0.796875 0.75 0.796875 0.75 0.78125 0.7188979 0.7491173 0.7188979 0.7627984 0.7052168 0.7627984 0.4375 0.796875 0.5 0.796875 0.5 0.78125 0.5 0.7491173 0.5 0.7627984 0.4452756 0.7627984 1 0.796875 1 0.796875 1 0.78125 0.96875 0.796875 1 0.796875 1 0.78125 0.1442909 0.7491173 0.1442909 0.7627984 0.1169287 0.7627984 0.0625 0.796875 0.09375 0.796875 0.09375 0.78125 0.8557091 0.7491173 0.8557091 0.7627984 0.8283469 0.7627984 0.875 0.796875 0.90625 0.796875 0.90625 0.78125 0.09308248 0.7627984 0.08605045 0.7627984 0.08605045 0.7491173 0.9139495 0.7627984 0.9069176 0.7627984 0.9069176 0.7491173 0.2803819 0.796875 0.3125 0.796875 0.3125 0.78125 0.3358266 0.7491173 0.3358266 0.7627984 0.3077043 0.7627984 0.4452756 0.7491173 0.4452756 0.7627984 0.4179133 0.7627984 0.40625 0.796875 0.4375 0.796875 0.4375 0.78125 0.59375 0.796875 0.609375 0.796875 0.609375 0.78125 0.59375 0.765625 0.609375 0.765625 0.609375 0.75 0.59375 0.78125 0.609375 0.78125 0.609375 0.765625 0.59375 0.734375 0.609375 0.734375 0.609375 0.71875 0.59375 0.71875 0.609375 0.71875 0.609375 0.703125 0.59375 0.296875 0.609375 0.296875 0.609375 0.28125 0.59375 0.265625 0.609375 0.265625 0.609375 0.25 0.59375 0.234375 0.609375 0.234375 0.609375 0.21875 0.59375 0.203125 0.609375 0.203125 0.609375 0.1875 0.5957678 0.9168066 0.5957678 0.9097747 0.6094489 0.9097746 0.5957678 0.09593957 0.5957678 0.08890759 0.6094489 0.08890759 0.609375 1 0.609375 1 0.625 1 0.59375 0.34375 0.609375 0.34375 0.609375 0.328125 0.59375 0.28125 0.609375 0.28125 0.609375 0.265625 0.59375 0.3125 0.609375 0.3125 0.609375 0.296875 0.59375 0.6875 0.609375 0.6875 0.609375 0.671875 0.59375 0.5625 0.609375 0.5625 0.609375 0.546875 0.59375 0.625 0.609375 0.625 0.609375 0.609375 0.59375 0.4375 0.609375 0.4375 0.609375 0.421875 0.59375 0.375 0.609375 0.375 0.609375 0.359375 0.59375 0.8125 0.609375 0.8125 0.609375 0.796875 0.59375 0.21875 0.609375 0.21875 0.609375 0.203125 0.5957678 0.1745103 0.5957678 0.2018725 0.5820867 0.2018725 0.59375 0.15625 0.609375 0.15625 0.609375 0.125 0.5957678 0.1197859 0.5957678 0.1471481 0.5820867 0.1471481 0.59375 0.09375 0.609375 0.09375 0.609375 0.0625 0.59375 0.1875 0.609375 0.1875 0.609375 0.15625 0.5957678 0.2018725 0.5957678 0.2292348 0.5820867 0.2292348 0.5957678 0.8312039 0.5957678 0.8585662 0.5820867 0.8585662 0.59375 0.90625 0.609375 0.90625 0.609375 0.875 0.59375 0.96875 0.609375 0.96875 0.609375 0.9375 0.5957678 0.9168066 0.5957678 0.9406529 0.5820867 0.9406529 0.59375 0.9375 0.609375 0.9375 0.609375 0.90625 0.5957678 0.8585662 0.5957678 0.8859284 0.5820867 0.8859284 0.59375 0.875 0.609375 0.875 0.609375 0.8125 0.5957678 0.7764795 0.5957678 0.8312039 0.5820867 0.8312039 0.59375 0.75 0.609375 0.75 0.609375 0.734375 0.59375 0.03125 0.609375 0.03125 0.609375 0 0.5957678 0.09593957 0.5957678 0.1197859 0.5820867 0.1197859 0.5957678 0.06506139 0.5957678 0.08890759 0.5820867 0.08890759 0.59375 0.0625 0.609375 0.0625 0.609375 0.03125 0.59375 0.125 0.609375 0.125 0.609375 0.09375 0.5957678 0.1471481 0.5957678 0.1745103 0.5820867 0.1745103 0.59375 0.25 0.609375 0.25 0.609375 0.234375 0.609375 0 0.609375 0 0.59375 0 0.59375 1 0.609375 1 0.609375 0.96875 0.59375 0.5 0.609375 0.5 0.609375 0.484375 0.5957678 0.8859284 0.5957678 0.9097747 0.5820867 0.9097747 0.5625 0.796875 0.578125 0.796875 0.578125 0.78125 0.5625 0.765625 0.578125 0.765625 0.578125 0.75 0.5625 0.78125 0.578125 0.78125 0.578125 0.765625 0.5625 0.734375 0.578125 0.734375 0.578125 0.71875 0.5625 0.71875 0.578125 0.71875 0.578125 0.703125 0.5625 0.296875 0.578125 0.296875 0.578125 0.28125 0.5625 0.265625 0.578125 0.265625 0.578125 0.25 0.5625 0.234375 0.578125 0.234375 0.578125 0.21875 0.5625 0.203125 0.578125 0.203125 0.578125 0.1875 0.5684056 0.8859284 0.5684056 0.9097747 0.5547245 0.9097747 0.5625 0.5 0.578125 0.5 0.578125 0.484375 0.5625 1 0.578125 1 0.578125 0.96875 0.578125 0 0.578125 0 0.5625 0 0.5625 0.25 0.578125 0.25 0.578125 0.234375 0.5684056 0.1471481 0.5684056 0.1745103 0.5547245 0.1745103 0.5625 0.125 0.578125 0.125 0.578125 0.09375 0.5625 0.0625 0.578125 0.0625 0.578125 0.03125 0.5684056 0.06506139 0.5684056 0.08890759 0.5547245 0.08890759 0.5684056 0.09593957 0.5684056 0.1197859 0.5547245 0.1197859 0.5625 0.03125 0.578125 0.03125 0.578125 0 0.5625 0.75 0.578125 0.75 0.578125 0.734375 0.5684056 0.7764795 0.5684056 0.8312039 0.5547245 0.8312039 0.5625 0.875 0.578125 0.875 0.578125 0.8125 0.5684056 0.8585662 0.5684056 0.8859284 0.5547245 0.8859284 0.5625 0.9375 0.578125 0.9375 0.578125 0.90625 0.5684056 0.9168066 0.5684056 0.9406529 0.5547245 0.9406529 0.5625 0.96875 0.578125 0.96875 0.578125 0.9375 0.5625 0.90625 0.578125 0.90625 0.578125 0.875 0.5684056 0.8312039 0.5684056 0.8585662 0.5547245 0.8585662 0.5684056 0.2018725 0.5684056 0.2292348 0.5547245 0.2292348 0.5625 0.1875 0.578125 0.1875 0.578125 0.15625 0.5625 0.09375 0.578125 0.09375 0.578125 0.0625 0.5684056 0.1197859 0.5684056 0.1471481 0.5547245 0.1471481 0.5625 0.15625 0.578125 0.15625 0.578125 0.125 0.5684056 0.1745103 0.5684056 0.2018725 0.5547245 0.2018725 0.5625 0.21875 0.578125 0.21875 0.578125 0.203125 0.5625 0.8125 0.578125 0.8125 0.578125 0.796875 0.5625 0.375 0.578125 0.375 0.578125 0.359375 0.5625 0.4375 0.578125 0.4375 0.578125 0.421875 0.5625 0.625 0.578125 0.625 0.578125 0.609375 0.5625 0.5625 0.578125 0.5625 0.578125 0.546875 0.5625 0.6875 0.578125 0.6875 0.578125 0.671875 0.5625 0.3125 0.578125 0.3125 0.578125 0.296875 0.5625 0.28125 0.578125 0.28125 0.578125 0.265625 0.5625 0.34375 0.578125 0.34375 0.578125 0.328125 0.578125 1 0.578125 1 0.59375 1 0.5684056 0.09593957 0.5684056 0.08890759 0.5820867 0.08890759 0.5684056 0.9168066 0.5684056 0.9097747 0.5820867 0.9097747 0.5625 0.328125 0.578125 0.328125 0.578125 0.3125 0.59375 0.328125 0.609375 0.328125 0.609375 0.3125 0.6875 0.328125 0.703125 0.328125 0.703125 0.3125 0.71875 0.328125 0.734375 0.328125 0.734375 0.3125 0.7052168 0.3386837 0.7052168 0.3523648 0.6915356 0.3523648 0.703125 0.328125 0.71875 0.328125 0.71875 0.3125 0.65625 0.328125 0.671875 0.328125 0.671875 0.3125 0.625 0.328125 0.640625 0.328125 0.640625 0.3125 0.640625 0.328125 0.65625 0.328125 0.65625 0.3125 0.671875 0.328125 0.6875 0.328125 0.6875 0.3125 0.578125 0.328125 0.59375 0.328125 0.59375 0.3125 0.546875 0.328125 0.5625 0.328125 0.5625 0.3125 0.40625 0.328125 0.4375 0.328125 0.4375 0.3125 0.4452756 0.3386837 0.4452756 0.3523648 0.4179133 0.3523648 0.3358266 0.3386837 0.3358266 0.3523648 0.3077043 0.3523648 0.2803819 0.328125 0.3125 0.328125 0.3125 0.3125 0.9139495 0.3523648 0.9069176 0.3523648 0.9069176 0.3386837 0.09308248 0.3523648 0.08605045 0.3523648 0.08605045 0.3386837 0.875 0.328125 0.90625 0.328125 0.90625 0.3125 0.8557091 0.3386837 0.8557091 0.3523648 0.8283469 0.3523648 0.0625 0.328125 0.09375 0.328125 0.09375 0.3125 0.1442909 0.3386837 0.1442909 0.3523648 0.1169287 0.3523648 0.9377958 0.3386837 0.9377958 0.3523648 0.9139495 0.3523648 0.1169287 0.3386837 0.1169287 0.3523648 0.09308248 0.3523648 0.08605045 0.3386837 0.08605045 0.3523648 0.06220424 0.3523648 0.9069176 0.3386837 0.9069176 0.3523648 0.8830713 0.3523648 0.9375 0.328125 0.96875 0.328125 0.96875 0.3125 0 0.328125 0.03125 0.328125 0.03125 0.3125 0.03125 0.328125 0.0625 0.328125 0.0625 0.3125 0.8830713 0.3386837 0.8830713 0.3523648 0.8557091 0.3523648 0.90625 0.328125 0.9375 0.328125 0.9375 0.3125 0.8283469 0.3386837 0.8283469 0.3523648 0.7188979 0.3523648 0.75 0.328125 0.875 0.328125 0.875 0.3125 0.609375 0.328125 0.625 0.328125 0.625 0.3125 0.3125 0.328125 0.375 0.328125 0.375 0.3125 0.390551 0.3386837 0.390551 0.3523648 0.3358266 0.3523648 0.1716532 0.3386837 0.1716532 0.3523648 0.1442909 0.3523648 0.09375 0.328125 0.125 0.328125 0.125 0.3125 0.96875 0.328125 1 0.328125 1 0.3125 1 0.328125 1 0.328125 1 0.3125 0.5 0.3386837 0.5 0.3523648 0.4452756 0.3523648 0.4375 0.328125 0.5 0.328125 0.5 0.3125 0.7188979 0.3386837 0.7188979 0.3523648 0.7052168 0.3523648 0.734375 0.328125 0.75 0.328125 0.75 0.3125 0.125 0.328125 0.25 0.328125 0.25 0.3125 0.2811021 0.3386837 0.2811021 0.3523648 0.1716532 0.3523648 0 0.328125 0 0.328125 0 0.34375 0.5625 0.359375 0.578125 0.359375 0.578125 0.34375 0.59375 0.359375 0.609375 0.359375 0.609375 0.34375 0.6875 0.359375 0.703125 0.359375 0.703125 0.34375 0.7052168 0.366046 0.7052168 0.3797271 0.6915356 0.3797271 0.71875 0.359375 0.734375 0.359375 0.734375 0.34375 0.703125 0.359375 0.71875 0.359375 0.71875 0.34375 0.65625 0.359375 0.671875 0.359375 0.671875 0.34375 0.625 0.359375 0.640625 0.359375 0.640625 0.34375 0.640625 0.359375 0.65625 0.359375 0.65625 0.34375 0.671875 0.359375 0.6875 0.359375 0.6875 0.34375 0.578125 0.359375 0.59375 0.359375 0.59375 0.34375 0.546875 0.359375 0.5625 0.359375 0.5625 0.34375 0 0.359375 0 0.359375 0 0.375 0.2811021 0.366046 0.2811021 0.3797271 0.1716532 0.3797271 0.125 0.359375 0.25 0.359375 0.25 0.34375 0.734375 0.359375 0.75 0.359375 0.75 0.34375 0.7188979 0.366046 0.7188979 0.3797271 0.7052168 0.3797271 0.4375 0.359375 0.5 0.359375 0.5 0.34375 0.5 0.366046 0.5 0.3797271 0.4452756 0.3797271 1 0.359375 1 0.359375 1 0.34375 0.96875 0.359375 1 0.359375 1 0.34375 0.09375 0.359375 0.125 0.359375 0.125 0.34375 0.1716532 0.366046 0.1716532 0.3797271 0.1442909 0.3797271 0.390551 0.366046 0.390551 0.3797271 0.3358266 0.3797271 0.3125 0.359375 0.375 0.359375 0.375 0.34375 0.609375 0.359375 0.625 0.359375 0.625 0.34375 0.75 0.359375 0.875 0.359375 0.875 0.34375 0.8283469 0.366046 0.8283469 0.3797271 0.7188979 0.3797271 0.90625 0.359375 0.9375 0.359375 0.9375 0.34375 0.8830713 0.366046 0.8830713 0.3797271 0.8557091 0.3797271 0.03125 0.359375 0.0625 0.359375 0.0625 0.34375 0 0.359375 0.03125 0.359375 0.03125 0.34375 0.9375 0.359375 0.96875 0.359375 0.96875 0.34375 0.9069176 0.366046 0.9069176 0.3797271 0.8830713 0.3797271 0.08605045 0.366046 0.08605045 0.3797271 0.06220424 0.3797271 0.1169287 0.366046 0.1169287 0.3797271 0.09308248 0.3797271 0.9377958 0.366046 0.9377958 0.3797271 0.9139495 0.3797271 0.1442909 0.366046 0.1442909 0.3797271 0.1169287 0.3797271 0.0625 0.359375 0.09375 0.359375 0.09375 0.34375 0.8557091 0.366046 0.8557091 0.3797271 0.8283469 0.3797271 0.875 0.359375 0.90625 0.359375 0.90625 0.34375 0.09308248 0.3797271 0.08605045 0.3797271 0.08605045 0.366046 0.9139495 0.3797271 0.9069176 0.3797271 0.9069176 0.366046 0.280382 0.359375 0.3125 0.359375 0.3125 0.34375 0.3358266 0.366046 0.3358266 0.3797271 0.3077043 0.3797271 0.4452756 0.366046 0.4452756 0.3797271 0.4179133 0.3797271 0.40625 0.359375 0.4375 0.359375 0.4375 0.34375 0.5625 0.40625 0.578125 0.40625 0.578125 0.390625 0.59375 0.40625 0.609375 0.40625 0.609375 0.390625 0.6875 0.40625 0.703125 0.40625 0.703125 0.390625 0.7052168 0.4070894 0.7052168 0.4207705 0.6915356 0.4207705 0.71875 0.40625 0.734375 0.40625 0.734375 0.390625 0.703125 0.40625 0.71875 0.40625 0.71875 0.390625 0.65625 0.40625 0.671875 0.40625 0.671875 0.390625 0.625 0.40625 0.640625 0.40625 0.640625 0.390625 0.640625 0.40625 0.65625 0.40625 0.65625 0.390625 0.671875 0.40625 0.6875 0.40625 0.6875 0.390625 0.578125 0.40625 0.59375 0.40625 0.59375 0.390625 0.546875 0.40625 0.5625 0.40625 0.5625 0.390625 0.2811021 0.4070894 0.2811021 0.4207705 0.1716532 0.4207705 0.125 0.40625 0.25 0.40625 0.25 0.390625 0.734375 0.40625 0.75 0.40625 0.75 0.390625 0.7188979 0.4070894 0.7188979 0.4207705 0.7052168 0.4207705 0.4375 0.40625 0.5 0.40625 0.5 0.390625 0.5 0.4070894 0.5 0.4207705 0.4452756 0.4207705 1 0.40625 1 0.40625 1 0.390625 0.96875 0.40625 1 0.40625 1 0.390625 0.09375 0.40625 0.125 0.40625 0.125 0.390625 0.1716532 0.4070894 0.1716532 0.4207705 0.1442909 0.4207705 0.390551 0.4070894 0.390551 0.4207705 0.3358266 0.4207705 0.3125 0.40625 0.375 0.40625 0.375 0.390625 0.609375 0.40625 0.625 0.40625 0.625 0.390625 0.75 0.40625 0.875 0.40625 0.875 0.390625 0.8283469 0.4070894 0.8283469 0.4207705 0.7188979 0.4207705 0.90625 0.40625 0.9375 0.40625 0.9375 0.390625 0.8830713 0.4070894 0.8830713 0.4207705 0.8557091 0.4207705 0.03125 0.40625 0.0625 0.40625 0.0625 0.390625 0 0.40625 0.03125 0.40625 0.03125 0.390625 0.9375 0.40625 0.96875 0.40625 0.96875 0.390625 0.9069176 0.4070894 0.9069176 0.4207705 0.8830713 0.4207705 0.08605045 0.4070894 0.08605045 0.4207705 0.06220424 0.4207705 0.1169287 0.4070894 0.1169287 0.4207705 0.09308248 0.4207705 0.9377958 0.4070894 0.9377958 0.4207705 0.9139495 0.4207705 0.1442909 0.4070894 0.1442909 0.4207705 0.1169287 0.4207705 0.0625 0.40625 0.09375 0.40625 0.09375 0.390625 0.8557091 0.4070894 0.8557091 0.4207705 0.8283469 0.4207705 0.875 0.40625 0.90625 0.40625 0.90625 0.390625 0.09308248 0.4207705 0.08605045 0.4207705 0.08605045 0.4070894 0.9139495 0.4207705 0.9069176 0.4207705 0.9069176 0.4070894 0.2803819 0.40625 0.3125 0.40625 0.3125 0.390625 0.3358266 0.4070894 0.3358266 0.4207705 0.3077043 0.4207705 0.4452756 0.4070894 0.4452756 0.4207705 0.4179133 0.4207705 0.40625 0.40625 0.4375 0.40625 0.4375 0.390625 0 0.40625 0 0.40625 0 0.421875 0.40625 0.390625 0.4375 0.390625 0.4375 0.375 0.4452756 0.3934082 0.4452756 0.4070894 0.4179133 0.4070894 0.3358266 0.3934082 0.3358266 0.4070894 0.3077043 0.4070894 0.2803819 0.390625 0.3125 0.390625 0.3125 0.375 0.9139495 0.4070894 0.9069176 0.4070894 0.9069176 0.3934082 0.09308248 0.4070894 0.08605045 0.4070894 0.08605045 0.3934082 0.875 0.390625 0.90625 0.390625 0.90625 0.375 0.8557091 0.3934082 0.8557091 0.4070894 0.8283469 0.4070894 0.0625 0.390625 0.09375 0.390625 0.09375 0.375 0.1442909 0.3934082 0.1442909 0.4070894 0.1169287 0.4070894 0.9377958 0.3934082 0.9377958 0.4070894 0.9139495 0.4070894 0.1169287 0.3934082 0.1169287 0.4070894 0.09308248 0.4070894 0.08605045 0.3934082 0.08605045 0.4070894 0.06220424 0.4070894 0.9069176 0.3934082 0.9069176 0.4070894 0.8830713 0.4070894 0.9375 0.390625 0.96875 0.390625 0.96875 0.375 0 0.390625 0.03125 0.390625 0.03125 0.375 0.03125 0.390625 0.0625 0.390625 0.0625 0.375 0.8830713 0.3934082 0.8830713 0.4070894 0.8557091 0.4070894 0.90625 0.390625 0.9375 0.390625 0.9375 0.375 0.8283469 0.3934082 0.8283469 0.4070894 0.7188979 0.4070894 0.75 0.390625 0.875 0.390625 0.875 0.375 0.609375 0.390625 0.625 0.390625 0.625 0.375 0.3125 0.390625 0.375 0.390625 0.375 0.375 0.390551 0.3934082 0.390551 0.4070894 0.3358266 0.4070894 0.1716532 0.3934082 0.1716532 0.4070894 0.1442909 0.4070894 0.09375 0.390625 0.125 0.390625 0.125 0.375 0.96875 0.390625 1 0.390625 1 0.375 1 0.390625 1 0.390625 1 0.375 0.5 0.3934082 0.5 0.4070894 0.4452756 0.4070894 0.4375 0.390625 0.5 0.390625 0.5 0.375 0.7188979 0.3934082 0.7188979 0.4070894 0.7052168 0.4070894 0.734375 0.390625 0.75 0.390625 0.75 0.375 0.125 0.390625 0.25 0.390625 0.25 0.375 0.2811021 0.3934082 0.2811021 0.4070894 0.1716532 0.4070894 0.546875 0.390625 0.5625 0.390625 0.5625 0.375 0.578125 0.390625 0.59375 0.390625 0.59375 0.375 0.671875 0.390625 0.6875 0.390625 0.6875 0.375 0.640625 0.390625 0.65625 0.390625 0.65625 0.375 0.625 0.390625 0.640625 0.390625 0.640625 0.375 0.65625 0.390625 0.671875 0.390625 0.671875 0.375 0.703125 0.390625 0.71875 0.390625 0.71875 0.375 0.71875 0.390625 0.734375 0.390625 0.734375 0.375 0.7052168 0.3934082 0.7052168 0.4070894 0.6915356 0.4070894 0.6875 0.390625 0.703125 0.390625 0.703125 0.375 0.59375 0.390625 0.609375 0.390625 0.609375 0.375 0.5625 0.390625 0.578125 0.390625 0.578125 0.375 0 0.390625 0 0.390625 0 0.40625 0.25 0.390625 0.2803819 0.390625 0.280382 0.375 0.3077043 0.3934082 0.3077043 0.4070894 0.2811021 0.4070894 0.3077043 0.4070894 0.3077043 0.4207705 0.2811021 0.4207705 0.25 0.40625 0.2803819 0.40625 0.2803819 0.390625 0.3077043 0.366046 0.3077043 0.3797271 0.2811021 0.3797271 0.25 0.359375 0.280382 0.359375 0.2803819 0.34375 0.25 0.328125 0.2803819 0.328125 0.280382 0.3125 0.3077043 0.3386837 0.3077043 0.3523648 0.2811021 0.3523648 0.3077043 0.7491173 0.3077043 0.7627984 0.2811021 0.7627984 0.25 0.796875 0.2803819 0.796875 0.280382 0.78125 0.25 0.765625 0.280382 0.765625 0.2803819 0.75 0.3077043 0.721755 0.3077043 0.7354362 0.2811021 0.7354362 0.3077043 0.7354362 0.3077043 0.7491173 0.2811021 0.7491173 0.25 0.78125 0.280382 0.78125 0.280382 0.765625 0.25 0.734375 0.280382 0.734375 0.2803819 0.71875 0.3077043 0.6943928 0.3077043 0.7080739 0.2811021 0.7080739 0.25 0.71875 0.2803819 0.71875 0.2803819 0.703125 0.3077043 0.6807117 0.3077043 0.6943928 0.2811021 0.6943928 0.25 0.296875 0.280382 0.296875 0.2803819 0.28125 0.3077043 0.3113215 0.3077043 0.3250026 0.2811021 0.3250026 0.3077043 0.2839593 0.3077043 0.2976404 0.2811021 0.2976404 0.25 0.265625 0.280382 0.265625 0.2803819 0.25 0.3077043 0.2565971 0.3077043 0.2702782 0.2811021 0.2702782 0.25 0.234375 0.2803819 0.234375 0.280382 0.21875 0.25 0.203125 0.280382 0.203125 0.2803819 0.1875 0.3077043 0.2292348 0.3077043 0.2429159 0.2811021 0.2429159 0.3077043 0.3523648 0.3077043 0.366046 0.2811021 0.366046 0.25 0.34375 0.2803819 0.34375 0.2803819 0.328125 0.25 0.28125 0.2803819 0.28125 0.280382 0.265625 0.3077043 0.2976404 0.3077043 0.3113215 0.2811021 0.3113215 0.3077043 0.3250026 0.3077043 0.3386837 0.2811021 0.3386837 0.25 0.3125 0.280382 0.3125 0.280382 0.296875 0.25 0.6875 0.2803819 0.6875 0.2803819 0.671875 0.3077043 0.6533495 0.3077043 0.6670306 0.2811021 0.6670306 0.3077043 0.5439006 0.3077043 0.5575817 0.2811021 0.5575817 0.25 0.5625 0.2803819 0.5625 0.2803819 0.546875 0.25 0.625 0.2803819 0.625 0.2803819 0.609375 0.3077043 0.598625 0.3077043 0.6123061 0.2811021 0.6123061 0.25 0.4375 0.2803819 0.4375 0.2803819 0.421875 0.3077043 0.4344516 0.3077043 0.4481327 0.2811021 0.4481327 0.25 0.375 0.280382 0.375 0.280382 0.359375 0.3077043 0.3797271 0.3077043 0.3934082 0.2811021 0.3934082 0.25 0.8125 0.2803819 0.8125 0.2803819 0.796875 0.3077043 0.7627984 0.3077043 0.7764795 0.2811021 0.7764795 0.3077043 0.8859284 0.3077043 0.9097747 0.2811021 0.9097747 0.3077043 0.489176 0.3077043 0.5028572 0.2811021 0.5028572 0.25 0.5 0.2803819 0.5 0.2803819 0.484375 0.25 1 0.2803819 1 0.2803819 0.96875 0.2803819 0 0.2803819 0 0.25 0 0.25 0.25 0.2803819 0.25 0.2803819 0.234375 0.3077043 0.2702782 0.3077043 0.2839593 0.2811021 0.2839593 0.3077043 0.1471481 0.3077043 0.1745103 0.2811021 0.1745103 0.25 0.125 0.2803819 0.125 0.2803819 0.09375 0.25 0.0625 0.2803819 0.0625 0.2803819 0.03125 0.3077043 0.06506139 0.3077043 0.08890759 0.2811021 0.08890759 0.3077043 0.09593957 0.3077043 0.1197859 0.2811021 0.1197859 0.25 0.03125 0.2803819 0.03125 0.2803819 0 0.3077043 0.7080739 0.3077043 0.721755 0.2811021 0.721755 0.25 0.75 0.2803819 0.75 0.280382 0.734375 0.3077043 0.7764795 0.3077043 0.8312039 0.2811021 0.8312039 0.25 0.875 0.2803819 0.8750001 0.2803819 0.8125 0.3077043 0.8585662 0.3077043 0.8859284 0.2811021 0.8859284 0.25 0.9375 0.2803819 0.9375 0.2803819 0.90625 0.3077043 0.9168066 0.3077043 0.940653 0.2811021 0.9406529 0.25 0.96875 0.2803819 0.96875 0.2803819 0.9375 0.25 0.90625 0.2803819 0.90625 0.2803819 0.8750001 0.3077043 0.8312039 0.3077043 0.8585662 0.2811021 0.8585662 0.3077043 0.2018725 0.3077043 0.2292348 0.2811021 0.2292348 0.25 0.1875 0.2803819 0.1875 0.2803819 0.15625 0.25 0.09375 0.2803819 0.09375 0.2803819 0.0625 0.3077043 0.1197859 0.3077043 0.1471481 0.2811021 0.1471481 0.25 0.15625 0.2803819 0.15625 0.2803819 0.125 0.3077043 0.1745103 0.3077043 0.2018725 0.2811021 0.2018725 0.3077043 0.2429159 0.3077043 0.2565971 0.2811021 0.2565971 0.25 0.21875 0.280382 0.21875 0.280382 0.203125 0.3077043 0.9168066 0.3077043 0.9097747 0.3358266 0.9097747 0.3077043 0.09593957 0.3077043 0.08890759 0.3358266 0.08890759 0.2803819 1 0.2803819 1 0.3125 1 0.3077043 0.4207705 0.3077043 0.4344516 0.2811021 0.4344516 0.25 0.421875 0.2803819 0.421875 0.2803819 0.40625 0 0.421875 0 0.421875 0 0.4375 0.5625 0.421875 0.578125 0.421875 0.578125 0.40625 0.59375 0.421875 0.609375 0.421875 0.609375 0.40625 0.6875 0.421875 0.703125 0.421875 0.703125 0.40625 0.7052168 0.4207705 0.7052168 0.4344516 0.6915356 0.4344516 0.71875 0.421875 0.734375 0.421875 0.734375 0.40625 0.703125 0.421875 0.71875 0.421875 0.71875 0.40625 0.65625 0.421875 0.671875 0.421875 0.671875 0.40625 0.625 0.421875 0.640625 0.421875 0.640625 0.40625 0.640625 0.421875 0.65625 0.421875 0.65625 0.40625 0.671875 0.421875 0.6875 0.421875 0.6875 0.40625 0.578125 0.421875 0.59375 0.421875 0.59375 0.40625 0.546875 0.421875 0.5625 0.421875 0.5625 0.40625 0.2811021 0.4207705 0.2811021 0.4344516 0.1716532 0.4344516 0.125 0.421875 0.25 0.421875 0.25 0.40625 0.734375 0.421875 0.75 0.421875 0.75 0.40625 0.7188979 0.4207705 0.7188979 0.4344516 0.7052168 0.4344516 0.4375 0.421875 0.5 0.421875 0.5 0.40625 0.5 0.4207705 0.5 0.4344516 0.4452756 0.4344516 1 0.421875 1 0.421875 1 0.40625 0.96875 0.421875 1 0.421875 1 0.40625 0.09375 0.421875 0.125 0.421875 0.125 0.40625 0.1716532 0.4207705 0.1716532 0.4344516 0.1442909 0.4344516 0.390551 0.4207705 0.390551 0.4344516 0.3358266 0.4344516 0.3125 0.421875 0.375 0.421875 0.375 0.40625 0.609375 0.421875 0.625 0.421875 0.625 0.40625 0.75 0.421875 0.875 0.421875 0.875 0.40625 0.8283469 0.4207705 0.8283469 0.4344516 0.7188979 0.4344516 0.90625 0.421875 0.9375 0.421875 0.9375 0.40625 0.8830713 0.4207705 0.8830713 0.4344516 0.8557091 0.4344516 0.03125 0.421875 0.0625 0.421875 0.0625 0.40625 0 0.421875 0.03125 0.421875 0.03125 0.40625 0.9375 0.421875 0.96875 0.421875 0.96875 0.40625 0.9069176 0.4207705 0.9069176 0.4344516 0.8830713 0.4344516 0.08605045 0.4207705 0.08605045 0.4344516 0.06220424 0.4344516 0.1169287 0.4207705 0.1169287 0.4344516 0.09308248 0.4344516 0.9377958 0.4207705 0.9377958 0.4344516 0.9139495 0.4344516 0.1442909 0.4207705 0.1442909 0.4344516 0.1169287 0.4344516 0.0625 0.421875 0.09375 0.421875 0.09375 0.40625 0.8557091 0.4207705 0.8557091 0.4344516 0.8283469 0.4344516 0.875 0.421875 0.90625 0.421875 0.90625 0.40625 0.09308248 0.4344516 0.08605045 0.4344516 0.08605045 0.4207705 0.9139495 0.4344516 0.9069176 0.4344516 0.9069176 0.4207705 0.2803819 0.421875 0.3125 0.421875 0.3125 0.40625 0.3358266 0.4207705 0.3358266 0.4344516 0.3077043 0.4344516 0.4452756 0.4207705 0.4452756 0.4344516 0.4179133 0.4344516 0.40625 0.421875 0.4375 0.421875 0.4375 0.40625 0.25 0.46875 0.2803819 0.46875 0.2803819 0.453125 0.3077043 0.4618138 0.3077043 0.4754949 0.2811021 0.4754949 0.5625 0.46875 0.578125 0.46875 0.578125 0.453125 0.59375 0.46875 0.609375 0.46875 0.609375 0.453125 0.6875 0.46875 0.703125 0.46875 0.703125 0.453125 0.71875 0.46875 0.734375 0.46875 0.734375 0.453125 0.7052168 0.4618138 0.7052168 0.4754949 0.6915356 0.4754949 0.703125 0.46875 0.71875 0.46875 0.71875 0.453125 0.65625 0.46875 0.671875 0.46875 0.671875 0.453125 0.625 0.46875 0.640625 0.46875 0.640625 0.453125 0.640625 0.46875 0.65625 0.46875 0.65625 0.453125 0.671875 0.46875 0.6875 0.46875 0.6875 0.453125 0.578125 0.46875 0.59375 0.46875 0.59375 0.453125 0.546875 0.46875 0.5625 0.46875 0.5625 0.453125 0 0.46875 0 0.46875 0 0.484375 0.40625 0.46875 0.4375 0.46875 0.4375 0.453125 0.4452756 0.4618138 0.4452756 0.4754949 0.4179133 0.4754949 0.3358266 0.4618138 0.3358266 0.4754949 0.3077043 0.4754949 0.2803819 0.46875 0.3125 0.46875 0.3125 0.453125 0.9139495 0.4754949 0.9069176 0.4754949 0.9069176 0.4618138 0.09308248 0.4754949 0.08605045 0.4754949 0.08605045 0.4618138 0.875 0.46875 0.90625 0.46875 0.90625 0.453125 0.8557091 0.4618138 0.8557091 0.4754949 0.8283469 0.4754949 0.0625 0.46875 0.09375 0.46875 0.09375 0.453125 0.1442909 0.4618138 0.1442909 0.4754949 0.1169287 0.4754949 0.9377958 0.4618138 0.9377958 0.4754949 0.9139495 0.4754949 0.1169287 0.4618138 0.1169287 0.4754949 0.09308248 0.4754949 0.08605045 0.4618138 0.08605045 0.4754949 0.06220424 0.4754949 0.9069176 0.4618138 0.9069176 0.4754949 0.8830713 0.4754949 0.9375 0.46875 0.96875 0.46875 0.96875 0.453125 0 0.46875 0.03125 0.46875 0.03125 0.453125 0.03125 0.46875 0.0625 0.46875 0.0625 0.453125 0.8830713 0.4618138 0.8830713 0.4754949 0.8557091 0.4754949 0.90625 0.46875 0.9375 0.46875 0.9375 0.453125 0.8283469 0.4618138 0.8283469 0.4754949 0.7188979 0.4754949 0.75 0.46875 0.875 0.46875 0.875 0.453125 0.609375 0.46875 0.625 0.46875 0.625 0.453125 0.3125 0.46875 0.375 0.46875 0.375 0.453125 0.390551 0.4618138 0.390551 0.4754949 0.3358266 0.4754949 0.1716532 0.4618138 0.1716532 0.4754949 0.1442909 0.4754949 0.09375 0.46875 0.125 0.46875 0.125 0.453125 0.96875 0.46875 1 0.46875 1 0.453125 1 0.46875 1 0.46875 1 0.453125 0.5 0.4618138 0.5 0.4754949 0.4452756 0.4754949 0.4375 0.46875 0.5 0.46875 0.5 0.453125 0.7188979 0.4618138 0.7188979 0.4754949 0.7052168 0.4754949 0.734375 0.46875 0.75 0.46875 0.75 0.453125 0.125 0.46875 0.25 0.46875 0.25 0.453125 0.2811021 0.4618138 0.2811021 0.4754949 0.1716532 0.4754949 0.2811021 0.4481327 0.2811021 0.4618138 0.1716532 0.4618138 0.125 0.453125 0.25 0.453125 0.25 0.4375 0.734375 0.453125 0.75 0.453125 0.75 0.4375 0.7188979 0.4481327 0.7188979 0.4618138 0.7052168 0.4618138 0.4375 0.453125 0.5 0.453125 0.5 0.4375 0.5 0.4481327 0.5 0.4618138 0.4452756 0.4618138 1 0.453125 1 0.453125 1 0.4375 0.96875 0.453125 1 0.453125 1 0.4375 0.09375 0.453125 0.125 0.453125 0.125 0.4375 0.1716532 0.4481327 0.1716532 0.4618138 0.1442909 0.4618138 0.390551 0.4481327 0.390551 0.4618138 0.3358266 0.4618138 0.3125 0.453125 0.375 0.453125 0.375 0.4375 0.609375 0.453125 0.625 0.453125 0.625 0.4375 0.75 0.453125 0.875 0.453125 0.875 0.4375 0.8283469 0.4481327 0.8283469 0.4618138 0.7188979 0.4618138 0.90625 0.453125 0.9375 0.453125 0.9375 0.4375 0.8830713 0.4481327 0.8830713 0.4618138 0.8557091 0.4618138 0.03125 0.453125 0.0625 0.453125 0.0625 0.4375 0 0.453125 0.03125 0.453125 0.03125 0.4375 0.9375 0.453125 0.96875 0.453125 0.96875 0.4375 0.9069176 0.4481327 0.9069176 0.4618138 0.8830713 0.4618138 0.08605045 0.4481327 0.08605045 0.4618138 0.06220424 0.4618138 0.1169287 0.4481327 0.1169287 0.4618138 0.09308248 0.4618138 0.9377958 0.4481327 0.9377958 0.4618138 0.9139495 0.4618138 0.1442909 0.4481327 0.1442909 0.4618138 0.1169287 0.4618138 0.0625 0.453125 0.09375 0.453125 0.09375 0.4375 0.8557091 0.4481327 0.8557091 0.4618138 0.8283469 0.4618138 0.875 0.453125 0.90625 0.453125 0.90625 0.4375 0.09308248 0.4618138 0.08605045 0.4618138 0.08605045 0.4481327 0.9139495 0.4618138 0.9069176 0.4618138 0.9069176 0.4481327 0.2803819 0.453125 0.3125 0.453125 0.3125 0.4375 0.3358266 0.4481327 0.3358266 0.4618138 0.3077043 0.4618138 0.4452756 0.4481327 0.4452756 0.4618138 0.4179133 0.4618138 0.40625 0.453125 0.4375 0.453125 0.4375 0.4375 0.546875 0.453125 0.5625 0.453125 0.5625 0.4375 0.578125 0.453125 0.59375 0.453125 0.59375 0.4375 0.671875 0.453125 0.6875 0.453125 0.6875 0.4375 0.640625 0.453125 0.65625 0.453125 0.65625 0.4375 0.625 0.453125 0.640625 0.453125 0.640625 0.4375 0.65625 0.453125 0.671875 0.453125 0.671875 0.4375 0.703125 0.453125 0.71875 0.453125 0.71875 0.4375 0.7052168 0.4481327 0.7052168 0.4618138 0.6915356 0.4618138 0.71875 0.453125 0.734375 0.453125 0.734375 0.4375 0.6875 0.453125 0.703125 0.453125 0.703125 0.4375 0.59375 0.453125 0.609375 0.453125 0.609375 0.4375 0.5625 0.453125 0.578125 0.453125 0.578125 0.4375 0.3077043 0.4481327 0.3077043 0.4618138 0.2811021 0.4618138 0.25 0.453125 0.2803819 0.453125 0.2803819 0.4375 0 0.453125 0 0.453125 0 0.46875 0 0.484375 0 0.484375 0 0.5 0.25 0.484375 0.2803819 0.484375 0.2803819 0.46875 0.3077043 0.4754949 0.3077043 0.489176 0.2811021 0.489176 0.5625 0.484375 0.578125 0.484375 0.578125 0.46875 0.59375 0.484375 0.609375 0.484375 0.609375 0.46875 0.6875 0.484375 0.703125 0.484375 0.703125 0.46875 0.71875 0.484375 0.734375 0.484375 0.734375 0.46875 0.7052168 0.4754949 0.7052168 0.489176 0.6915356 0.489176 0.703125 0.484375 0.71875 0.484375 0.71875 0.46875 0.65625 0.484375 0.671875 0.484375 0.671875 0.46875 0.625 0.484375 0.640625 0.484375 0.640625 0.46875 0.640625 0.484375 0.65625 0.484375 0.65625 0.46875 0.671875 0.484375 0.6875 0.484375 0.6875 0.46875 0.578125 0.484375 0.59375 0.484375 0.59375 0.46875 0.546875 0.484375 0.5625 0.484375 0.5625 0.46875 0.40625 0.484375 0.4375 0.484375 0.4375 0.46875 0.4452756 0.4754949 0.4452756 0.489176 0.4179133 0.489176 0.3358266 0.4754949 0.3358266 0.489176 0.3077043 0.489176 0.2803819 0.484375 0.3125 0.484375 0.3125 0.46875 0.9139495 0.489176 0.9069176 0.489176 0.9069176 0.4754949 0.09308248 0.489176 0.08605045 0.489176 0.08605045 0.4754949 0.875 0.484375 0.90625 0.484375 0.90625 0.46875 0.8557091 0.4754949 0.8557091 0.489176 0.8283469 0.489176 0.0625 0.484375 0.09375 0.484375 0.09375 0.46875 0.1442909 0.4754949 0.1442909 0.489176 0.1169287 0.489176 0.9377958 0.4754949 0.9377958 0.489176 0.9139495 0.489176 0.1169287 0.4754949 0.1169287 0.489176 0.09308248 0.489176 0.08605045 0.4754949 0.08605045 0.489176 0.06220424 0.489176 0.9069176 0.4754949 0.9069176 0.489176 0.8830713 0.489176 0.9375 0.484375 0.96875 0.484375 0.96875 0.46875 0 0.484375 0.03125 0.484375 0.03125 0.46875 0.03125 0.484375 0.0625 0.484375 0.0625 0.46875 0.8830713 0.4754949 0.8830713 0.489176 0.8557091 0.489176 0.90625 0.484375 0.9375 0.484375 0.9375 0.46875 0.8283469 0.4754949 0.8283469 0.489176 0.7188979 0.489176 0.75 0.484375 0.875 0.484375 0.875 0.46875 0.609375 0.484375 0.625 0.484375 0.625 0.46875 0.3125 0.484375 0.375 0.484375 0.375 0.46875 0.390551 0.4754949 0.390551 0.489176 0.3358266 0.489176 0.1716532 0.4754949 0.1716532 0.489176 0.1442909 0.489176 0.09375 0.484375 0.125 0.484375 0.125 0.46875 0.96875 0.484375 1 0.484375 1 0.46875 1 0.484375 1 0.484375 1 0.46875 0.5 0.4754949 0.5 0.489176 0.4452756 0.489176 0.4375 0.484375 0.5 0.484375 0.5 0.46875 0.7188979 0.4754949 0.7188979 0.489176 0.7052168 0.489176 0.734375 0.484375 0.75 0.484375 0.75 0.46875 0.125 0.484375 0.25 0.484375 0.25 0.46875 0.2811021 0.4754949 0.2811021 0.489176 0.1716532 0.489176 0.25 0.53125 0.2803819 0.53125 0.2803819 0.515625 0.3077043 0.5165383 0.3077043 0.5302194 0.2811021 0.5302194 0.5625 0.53125 0.578125 0.53125 0.578125 0.515625 0.59375 0.53125 0.609375 0.53125 0.609375 0.515625 0.6875 0.53125 0.703125 0.53125 0.703125 0.515625 0.71875 0.53125 0.734375 0.53125 0.734375 0.515625 0.7052168 0.5165383 0.7052168 0.5302194 0.6915356 0.5302194 0.703125 0.53125 0.71875 0.53125 0.71875 0.515625 0.65625 0.53125 0.671875 0.53125 0.671875 0.515625 0.625 0.53125 0.640625 0.53125 0.640625 0.515625 0.640625 0.53125 0.65625 0.53125 0.65625 0.515625 0.671875 0.53125 0.6875 0.53125 0.6875 0.515625 0.578125 0.53125 0.59375 0.53125 0.59375 0.515625 0.546875 0.53125 0.5625 0.53125 0.5625 0.515625 0.40625 0.53125 0.4375 0.53125 0.4375 0.515625 0.4452756 0.5165383 0.4452756 0.5302194 0.4179133 0.5302194 0.3358266 0.5165383 0.3358266 0.5302194 0.3077043 0.5302194 0.2803819 0.53125 0.3125 0.53125 0.3125 0.515625 0.9139495 0.5302194 0.9069176 0.5302194 0.9069176 0.5165383 0.09308248 0.5302194 0.08605045 0.5302194 0.08605045 0.5165383 0.875 0.53125 0.90625 0.53125 0.90625 0.515625 0.8557091 0.5165383 0.8557091 0.5302194 0.8283469 0.5302194 0.08605045 0.5165383 0.08605045 0.5302194 0.06220424 0.5302194 0.0625 0.53125 0.09375 0.53125 0.09375 0.515625 0.1442909 0.5165383 0.1442909 0.5302194 0.1169287 0.5302194 0.96875 0.53125 1 0.53125 1 0.515625 1 0.53125 1 0.53125 1 0.515625 0.5 0.5165383 0.5 0.5302194 0.4452756 0.5302194 0.4375 0.53125 0.5 0.53125 0.5 0.515625 0.7188979 0.5165383 0.7188979 0.5302194 0.7052168 0.5302194 0.734375 0.53125 0.75 0.53125 0.75 0.515625 0.125 0.53125 0.25 0.53125 0.25 0.515625 0.2811021 0.5165383 0.2811021 0.5302194 0.1716532 0.5302194 0.1716532 0.5165383 0.1716532 0.5302194 0.1442909 0.5302194 0.09375 0.53125 0.125 0.53125 0.125 0.515625 0.3125 0.53125 0.375 0.53125 0.375 0.515625 0.390551 0.5165383 0.390551 0.5302194 0.3358266 0.5302194 0.609375 0.53125 0.625 0.53125 0.625 0.515625 0.8283469 0.5165383 0.8283469 0.5302194 0.7188979 0.5302194 0.75 0.53125 0.875 0.53125 0.875 0.515625 0.8830713 0.5165383 0.8830713 0.5302194 0.8557091 0.5302194 0.90625 0.53125 0.9375 0.53125 0.9375 0.515625 0.03125 0.53125 0.0625 0.53125 0.0625 0.515625 0 0.53125 0.03125 0.53125 0.03125 0.515625 0.9375 0.53125 0.96875 0.53125 0.96875 0.515625 0.9377958 0.5165383 0.9377958 0.5302194 0.9139495 0.5302194 0.1169287 0.5165383 0.1169287 0.5302194 0.09308248 0.5302194 0.9069176 0.5165383 0.9069176 0.5302194 0.8830713 0.5302194 0 0.53125 0 0.53125 0 0.546875 0.4179133 0.5165383 0.4179133 0.5302194 0.390551 0.5302194 0.375 0.53125 0.40625 0.53125 0.40625 0.515625 0.4179133 0.4754949 0.4179133 0.489176 0.390551 0.489176 0.375 0.484375 0.40625 0.484375 0.40625 0.46875 0.375 0.453125 0.40625 0.453125 0.40625 0.4375 0.4179133 0.4481327 0.4179133 0.4618138 0.390551 0.4618138 0.4179133 0.4618138 0.4179133 0.4754949 0.390551 0.4754949 0.375 0.46875 0.40625 0.46875 0.40625 0.453125 0.375 0.421875 0.40625 0.421875 0.40625 0.40625 0.4179133 0.4207705 0.4179133 0.4344516 0.390551 0.4344516 0.4179133 0.3934082 0.4179133 0.4070894 0.390551 0.4070894 0.375 0.390625 0.40625 0.390625 0.40625 0.375 0.375 0.40625 0.40625 0.40625 0.40625 0.390625 0.4179133 0.4070894 0.4179133 0.4207705 0.390551 0.4207705 0.375 0.359375 0.40625 0.359375 0.40625 0.34375 0.4179133 0.366046 0.4179133 0.3797271 0.390551 0.3797271 0.4179133 0.3386837 0.4179133 0.3523648 0.390551 0.3523648 0.375 0.328125 0.40625 0.328125 0.40625 0.3125 0.375 0.796875 0.40625 0.796875 0.40625 0.78125 0.4179133 0.7491173 0.4179133 0.7627984 0.390551 0.7627984 0.4179133 0.721755 0.4179133 0.7354362 0.390551 0.7354362 0.375 0.765625 0.40625 0.765625 0.40625 0.75 0.375 0.78125 0.40625 0.78125 0.40625 0.765625 0.4179133 0.7354362 0.4179133 0.7491173 0.390551 0.7491173 0.4179133 0.6943928 0.4179133 0.7080739 0.390551 0.7080739 0.375 0.734375 0.40625 0.734375 0.40625 0.71875 0.4179133 0.6807117 0.4179133 0.6943928 0.390551 0.6943928 0.375 0.71875 0.40625 0.71875 0.40625 0.703125 0.4179133 0.3113215 0.4179133 0.3250026 0.390551 0.3250026 0.375 0.296875 0.40625 0.296875 0.40625 0.28125 0.375 0.265625 0.40625 0.265625 0.40625 0.25 0.4179133 0.2839593 0.4179133 0.2976404 0.390551 0.2976404 0.375 0.234375 0.40625 0.234375 0.40625 0.21875 0.4179133 0.2565971 0.4179133 0.2702782 0.390551 0.2702782 0.4179133 0.2292348 0.4179133 0.2429159 0.390551 0.2429159 0.375 0.203125 0.40625 0.203125 0.40625 0.1875 0.375 0.34375 0.40625 0.34375 0.40625 0.328125 0.4179133 0.3523648 0.4179133 0.366046 0.390551 0.366046 0.4179133 0.2976404 0.4179133 0.3113215 0.390551 0.3113215 0.375 0.28125 0.40625 0.28125 0.40625 0.265625 0.375 0.3125 0.40625 0.3125 0.40625 0.296875 0.4179133 0.3250026 0.4179133 0.3386837 0.390551 0.3386837 0.4179133 0.6533495 0.4179133 0.6670306 0.390551 0.6670306 0.375 0.6875 0.40625 0.6875 0.40625 0.671875 0.375 0.5625 0.40625 0.5625 0.40625 0.546875 0.4179133 0.5439006 0.4179133 0.5575817 0.390551 0.5575817 0.4179133 0.598625 0.4179133 0.6123061 0.390551 0.6123061 0.375 0.625 0.40625 0.625 0.40625 0.609375 0.4179133 0.4344516 0.4179133 0.4481327 0.390551 0.4481327 0.375 0.4375 0.40625 0.4375 0.40625 0.421875 0.4179133 0.3797271 0.4179133 0.3934082 0.390551 0.3934082 0.375 0.375 0.40625 0.375 0.40625 0.359375 0.4179133 0.7627984 0.4179133 0.7764795 0.390551 0.7764795 0.375 0.8125 0.40625 0.8125 0.40625 0.796875 0.40625 0 0.40625 0 0.375 0 0.375 1 0.40625 1 0.40625 0.96875 0.375 0.5 0.40625 0.5 0.40625 0.484375 0.4179133 0.489176 0.4179133 0.5028572 0.390551 0.5028572 0.4179133 0.8859284 0.4179133 0.9097747 0.390551 0.9097747 0.4179133 0.2702782 0.4179133 0.2839593 0.390551 0.2839593 0.375 0.25 0.40625 0.25 0.40625 0.234375 0.375 0.125 0.40625 0.125 0.40625 0.09375 0.4179133 0.1471481 0.4179133 0.1745103 0.390551 0.1745103 0.375 0.0625 0.40625 0.0625 0.40625 0.03125 0.375 0.03125 0.40625 0.03125 0.40625 0 0.4179133 0.06506139 0.4179133 0.08890759 0.390551 0.08890759 0.375 0.75 0.40625 0.75 0.40625 0.734375 0.4179133 0.7080739 0.4179133 0.721755 0.390551 0.721755 0.375 0.875 0.40625 0.875 0.40625 0.8125 0.4179133 0.7764795 0.4179133 0.8312039 0.390551 0.8312039 0.375 0.9375 0.40625 0.9375 0.40625 0.90625 0.4179133 0.8585662 0.4179133 0.8859284 0.390551 0.8859284 0.375 0.96875 0.40625 0.96875 0.40625 0.9375 0.4179133 0.9168066 0.4179133 0.9406529 0.390551 0.9406529 0.4179133 0.8312039 0.4179133 0.8585662 0.390551 0.8585662 0.375 0.90625 0.40625 0.90625 0.40625 0.875 0.375 0.1875 0.40625 0.1875 0.40625 0.15625 0.4179133 0.2018725 0.4179133 0.2292348 0.390551 0.2292348 0.4179133 0.1197859 0.4179133 0.1471481 0.390551 0.1471481 0.375 0.09375 0.40625 0.09375 0.40625 0.0625 0.4179133 0.1745103 0.4179133 0.2018725 0.390551 0.2018725 0.375 0.15625 0.40625 0.15625 0.40625 0.125 0.375 0.21875 0.40625 0.21875 0.40625 0.203125 0.4179133 0.2429159 0.4179133 0.2565971 0.390551 0.2565971 0.4179133 0.09593957 0.4179133 0.1197859 0.390551 0.1197859 0.4179133 0.9168066 0.4179133 0.9097747 0.4452756 0.9097747 0.4179133 0.09593957 0.4179133 0.08890759 0.4452756 0.08890759 0.40625 1 0.40625 1 0.4375 1 0.375 0.515625 0.40625 0.515625 0.40625 0.5 0.4179133 0.5028572 0.4179133 0.5165383 0.390551 0.5165383 0.9069176 0.5028572 0.9069176 0.5165383 0.8830713 0.5165383 0.1169287 0.5028572 0.1169287 0.5165383 0.09308248 0.5165383 0.9377958 0.5028572 0.9377958 0.5165383 0.9139495 0.5165383 0.9375 0.515625 0.96875 0.515625 0.96875 0.5 0 0.515625 0.03125 0.515625 0.03125 0.5 0.03125 0.515625 0.0625 0.515625 0.0625 0.5 0.90625 0.515625 0.9375 0.515625 0.9375 0.5 0.8830713 0.5028572 0.8830713 0.5165383 0.8557091 0.5165383 0.75 0.515625 0.875 0.515625 0.875 0.5 0.8283469 0.5028572 0.8283469 0.5165383 0.7188979 0.5165383 0.609375 0.515625 0.625 0.515625 0.625 0.5 0.390551 0.5028572 0.390551 0.5165383 0.3358266 0.5165383 0.3125 0.515625 0.375 0.515625 0.375 0.5 0.09375 0.515625 0.125 0.515625 0.125 0.5 0.1716532 0.5028572 0.1716532 0.5165383 0.1442909 0.5165383 0.2811021 0.5028572 0.2811021 0.5165383 0.1716532 0.5165383 0.125 0.515625 0.25 0.515625 0.25 0.5 0.734375 0.515625 0.75 0.515625 0.75 0.5 0.7188979 0.5028572 0.7188979 0.5165383 0.7052168 0.5165383 0.4375 0.515625 0.5 0.515625 0.5 0.5 0.5 0.5028572 0.5 0.5165383 0.4452756 0.5165383 1 0.515625 1 0.515625 1 0.5 0.96875 0.515625 1 0.515625 1 0.5 0.1442909 0.5028572 0.1442909 0.5165383 0.1169287 0.5165383 0.0625 0.515625 0.09375 0.515625 0.09375 0.5 0.08605045 0.5028572 0.08605045 0.5165383 0.06220424 0.5165383 0.8557091 0.5028572 0.8557091 0.5165383 0.8283469 0.5165383 0.875 0.515625 0.90625 0.515625 0.90625 0.5 0.09308248 0.5165383 0.08605045 0.5165383 0.08605045 0.5028572 0.9139495 0.5165383 0.9069176 0.5165383 0.9069176 0.5028572 0.2803819 0.515625 0.3125 0.515625 0.3125 0.5 0.3358266 0.5028572 0.3358266 0.5165383 0.3077043 0.5165383 0.4452756 0.5028572 0.4452756 0.5165383 0.4179133 0.5165383 0.40625 0.515625 0.4375 0.515625 0.4375 0.5 0.546875 0.515625 0.5625 0.515625 0.5625 0.5 0.578125 0.515625 0.59375 0.515625 0.59375 0.5 0.671875 0.515625 0.6875 0.515625 0.6875 0.5 0.640625 0.515625 0.65625 0.515625 0.65625 0.5 0.625 0.515625 0.640625 0.515625 0.640625 0.5 0.65625 0.515625 0.671875 0.515625 0.671875 0.5 0.703125 0.515625 0.71875 0.515625 0.71875 0.5 0.7052168 0.5028572 0.7052168 0.5165383 0.6915356 0.5165383 0.71875 0.515625 0.734375 0.515625 0.734375 0.5 0.6875 0.515625 0.703125 0.515625 0.703125 0.5 0.59375 0.515625 0.609375 0.515625 0.609375 0.5 0.5625 0.515625 0.578125 0.515625 0.578125 0.5 0.3077043 0.5028572 0.3077043 0.5165383 0.2811021 0.5165383 0.25 0.515625 0.2803819 0.515625 0.2803819 0.5 0 0.515625 0 0.515625 0 0.53125 0.4179133 0.5302194 0.4179133 0.5439006 0.390551 0.5439006 0.375 0.546875 0.40625 0.546875 0.40625 0.53125 0 0.546875 0 0.546875 0 0.5625 0.25 0.546875 0.2803819 0.546875 0.2803819 0.53125 0.3077043 0.5302194 0.3077043 0.5439006 0.2811021 0.5439006 0.5625 0.546875 0.578125 0.546875 0.578125 0.53125 0.59375 0.546875 0.609375 0.546875 0.609375 0.53125 0.6875 0.546875 0.703125 0.546875 0.703125 0.53125 0.71875 0.546875 0.734375 0.546875 0.734375 0.53125 0.7052168 0.5302194 0.7052168 0.5439006 0.6915356 0.5439006 0.703125 0.546875 0.71875 0.546875 0.71875 0.53125 0.65625 0.546875 0.671875 0.546875 0.671875 0.53125 0.625 0.546875 0.640625 0.546875 0.640625 0.53125 0.640625 0.546875 0.65625 0.546875 0.65625 0.53125 0.671875 0.546875 0.6875 0.546875 0.6875 0.53125 0.578125 0.546875 0.59375 0.546875 0.59375 0.53125 0.546875 0.546875 0.5625 0.546875 0.5625 0.53125 0.40625 0.546875 0.4375 0.546875 0.4375 0.53125 0.4452756 0.5302194 0.4452756 0.5439006 0.4179133 0.5439006 0.3358266 0.5302194 0.3358266 0.5439006 0.3077043 0.5439006 0.2803819 0.546875 0.3125 0.546875 0.3125 0.53125 0.9139495 0.5439006 0.9069176 0.5439006 0.9069176 0.5302194 0.09308248 0.5439006 0.08605045 0.5439006 0.08605045 0.5302194 0.875 0.546875 0.90625 0.546875 0.90625 0.53125 0.8557091 0.5302194 0.8557091 0.5439006 0.8283469 0.5439006 0.08605045 0.5302194 0.08605045 0.5439006 0.06220424 0.5439006 0.0625 0.546875 0.09375 0.546875 0.09375 0.53125 0.1442909 0.5302194 0.1442909 0.5439006 0.1169287 0.5439006 0.96875 0.546875 1 0.546875 1 0.53125 1 0.546875 1 0.546875 1 0.53125 0.5 0.5302194 0.5 0.5439006 0.4452756 0.5439006 0.4375 0.546875 0.5 0.546875 0.5 0.53125 0.7188979 0.5302194 0.7188979 0.5439006 0.7052168 0.5439006 0.734375 0.546875 0.75 0.546875 0.75 0.53125 0.125 0.546875 0.25 0.546875 0.25 0.53125 0.2811021 0.5302194 0.2811021 0.5439006 0.1716532 0.5439006 0.1716532 0.5302194 0.1716532 0.5439006 0.1442909 0.5439006 0.09375 0.546875 0.125 0.546875 0.125 0.53125 0.3125 0.546875 0.375 0.546875 0.375 0.53125 0.390551 0.5302194 0.390551 0.5439006 0.3358266 0.5439006 0.609375 0.546875 0.625 0.546875 0.625 0.53125 0.8283469 0.5302194 0.8283469 0.5439006 0.7188979 0.5439006 0.75 0.546875 0.875 0.546875 0.875 0.53125 0.8830713 0.5302194 0.8830713 0.5439006 0.8557091 0.5439006 0.90625 0.546875 0.9375 0.546875 0.9375 0.53125 0.03125 0.546875 0.0625 0.546875 0.0625 0.53125 0 0.546875 0.03125 0.546875 0.03125 0.53125 0.9375 0.546875 0.96875 0.546875 0.96875 0.53125 0.9377958 0.5302194 0.9377958 0.5439006 0.9139495 0.5439006 0.1169287 0.5302194 0.1169287 0.5439006 0.09308248 0.5439006 0.9069176 0.5302194 0.9069176 0.5439006 0.8830713 0.5439006 0.375 0.59375 0.40625 0.59375 0.40625 0.578125 0.4179133 0.5712628 0.4179133 0.5849439 0.390551 0.5849439 0.3077043 0.5712628 0.3077043 0.5849439 0.2811021 0.5849439 0.25 0.59375 0.2803819 0.59375 0.2803819 0.578125 0.5625 0.59375 0.578125 0.59375 0.578125 0.578125 0.59375 0.59375 0.609375 0.59375 0.609375 0.578125 0.6875 0.59375 0.703125 0.59375 0.703125 0.578125 0.7052168 0.5712628 0.7052168 0.5849439 0.6915356 0.5849439 0.71875 0.59375 0.734375 0.59375 0.734375 0.578125 0.703125 0.59375 0.71875 0.59375 0.71875 0.578125 0.65625 0.59375 0.671875 0.59375 0.671875 0.578125 0.625 0.59375 0.640625 0.59375 0.640625 0.578125 0.640625 0.59375 0.65625 0.59375 0.65625 0.578125 0.671875 0.59375 0.6875 0.59375 0.6875 0.578125 0.578125 0.59375 0.59375 0.59375 0.59375 0.578125 0.546875 0.59375 0.5625 0.59375 0.5625 0.578125 0 0.59375 0 0.59375 0 0.609375 0.9069176 0.5712628 0.9069176 0.5849439 0.8830713 0.5849439 0.1169287 0.5712628 0.1169287 0.5849439 0.09308248 0.5849439 0.9377958 0.5712628 0.9377958 0.5849439 0.9139495 0.5849439 0.9375 0.59375 0.96875 0.59375 0.96875 0.578125 0 0.59375 0.03125 0.59375 0.03125 0.578125 0.03125 0.59375 0.0625 0.59375 0.0625 0.578125 0.90625 0.59375 0.9375 0.59375 0.9375 0.578125 0.8830713 0.5712628 0.8830713 0.5849439 0.8557091 0.5849439 0.75 0.59375 0.875 0.59375 0.875 0.578125 0.8283469 0.5712628 0.8283469 0.5849439 0.7188979 0.5849439 0.609375 0.59375 0.625 0.59375 0.625 0.578125 0.390551 0.5712628 0.390551 0.5849439 0.3358266 0.5849439 0.3125 0.59375 0.375 0.59375 0.375 0.578125 0.09375 0.59375 0.125 0.59375 0.125 0.578125 0.1716532 0.5712628 0.1716532 0.5849439 0.1442909 0.5849439 0.2811021 0.5712628 0.2811021 0.5849439 0.1716532 0.5849439 0.125 0.59375 0.25 0.59375 0.25 0.578125 0.734375 0.59375 0.75 0.59375 0.75 0.578125 0.7188979 0.5712628 0.7188979 0.5849439 0.7052168 0.5849439 0.4375 0.59375 0.5 0.59375 0.5 0.578125 0.5 0.5712628 0.5 0.5849439 0.4452756 0.5849439 1 0.59375 1 0.59375 1 0.578125 0.96875 0.59375 1 0.59375 1 0.578125 0.1442909 0.5712628 0.1442909 0.5849439 0.1169287 0.5849439 0.0625 0.59375 0.09375 0.59375 0.09375 0.578125 0.08605045 0.5712628 0.08605045 0.5849439 0.06220424 0.5849439 0.8557091 0.5712628 0.8557091 0.5849439 0.8283469 0.5849439 0.875 0.59375 0.90625 0.59375 0.90625 0.578125 0.09308248 0.5849439 0.08605045 0.5849439 0.08605045 0.5712628 0.9139495 0.5849439 0.9069176 0.5849439 0.9069176 0.5712628 0.2803819 0.59375 0.3125 0.59375 0.3125 0.578125 0.3358266 0.5712628 0.3358266 0.5849439 0.3077043 0.5849439 0.4452756 0.5712628 0.4452756 0.5849439 0.4179133 0.5849439 0.40625 0.59375 0.4375 0.59375 0.4375 0.578125 0.40625 0.578125 0.4375 0.578125 0.4375 0.5625 0.4452756 0.5575817 0.4452756 0.5712628 0.4179133 0.5712628 0.3358266 0.5575817 0.3358266 0.5712628 0.3077043 0.5712628 0.2803819 0.578125 0.3125 0.578125 0.3125 0.5625 0.9139495 0.5712628 0.9069176 0.5712628 0.9069176 0.5575817 0.09308248 0.5712628 0.08605045 0.5712628 0.08605045 0.5575817 0.875 0.578125 0.90625 0.578125 0.90625 0.5625 0.8557091 0.5575817 0.8557091 0.5712628 0.8283469 0.5712628 0.08605045 0.5575817 0.08605045 0.5712628 0.06220424 0.5712628 0.0625 0.578125 0.09375 0.578125 0.09375 0.5625 0.1442909 0.5575817 0.1442909 0.5712628 0.1169287 0.5712628 0.96875 0.578125 1 0.578125 1 0.5625 1 0.578125 1 0.578125 1 0.5625 0.5 0.5575817 0.5 0.5712628 0.4452756 0.5712628 0.4375 0.578125 0.5 0.578125 0.5 0.5625 0.7188979 0.5575817 0.7188979 0.5712628 0.7052168 0.5712628 0.734375 0.578125 0.75 0.578125 0.75 0.5625 0.125 0.578125 0.25 0.578125 0.25 0.5625 0.2811021 0.5575817 0.2811021 0.5712628 0.1716532 0.5712628 0.1716532 0.5575817 0.1716532 0.5712628 0.1442909 0.5712628 0.09375 0.578125 0.125 0.578125 0.125 0.5625 0.3125 0.578125 0.375 0.578125 0.375 0.5625 0.390551 0.5575817 0.390551 0.5712628 0.3358266 0.5712628 0.609375 0.578125 0.625 0.578125 0.625 0.5625 0.8283469 0.5575817 0.8283469 0.5712628 0.7188979 0.5712628 0.75 0.578125 0.875 0.578125 0.875 0.5625 0.8830713 0.5575817 0.8830713 0.5712628 0.8557091 0.5712628 0.90625 0.578125 0.9375 0.578125 0.9375 0.5625 0.03125 0.578125 0.0625 0.578125 0.0625 0.5625 0 0.578125 0.03125 0.578125 0.03125 0.5625 0.9375 0.578125 0.96875 0.578125 0.96875 0.5625 0.9377958 0.5575817 0.9377958 0.5712628 0.9139495 0.5712628 0.1169287 0.5575817 0.1169287 0.5712628 0.09308248 0.5712628 0.9069176 0.5575817 0.9069176 0.5712628 0.8830713 0.5712628 0.546875 0.578125 0.5625 0.578125 0.5625 0.5625 0.578125 0.578125 0.59375 0.578125 0.59375 0.5625 0.671875 0.578125 0.6875 0.578125 0.6875 0.5625 0.640625 0.578125 0.65625 0.578125 0.65625 0.5625 0.625 0.578125 0.640625 0.578125 0.640625 0.5625 0.65625 0.578125 0.671875 0.578125 0.671875 0.5625 0.703125 0.578125 0.71875 0.578125 0.71875 0.5625 0.71875 0.578125 0.734375 0.578125 0.734375 0.5625 0.7052168 0.5575817 0.7052168 0.5712628 0.6915356 0.5712628 0.6875 0.578125 0.703125 0.578125 0.703125 0.5625 0.59375 0.578125 0.609375 0.578125 0.609375 0.5625 0.5625 0.578125 0.578125 0.578125 0.578125 0.5625 0.25 0.578125 0.2803819 0.578125 0.2803819 0.5625 0.3077043 0.5575817 0.3077043 0.5712628 0.2811021 0.5712628 0.4179133 0.5575817 0.4179133 0.5712628 0.390551 0.5712628 0.375 0.578125 0.40625 0.578125 0.40625 0.5625 0 0.578125 0 0.578125 0 0.59375 0 0.609375 0 0.609375 0 0.625 0.375 0.609375 0.40625 0.609375 0.40625 0.59375 0.4179133 0.5849439 0.4179133 0.598625 0.390551 0.598625 0.3077043 0.5849439 0.3077043 0.598625 0.2811021 0.598625 0.25 0.609375 0.2803819 0.609375 0.2803819 0.59375 0.5625 0.609375 0.578125 0.609375 0.578125 0.59375 0.59375 0.609375 0.609375 0.609375 0.609375 0.59375 0.6875 0.609375 0.703125 0.609375 0.703125 0.59375 0.7052168 0.5849439 0.7052168 0.598625 0.6915356 0.598625 0.71875 0.609375 0.734375 0.609375 0.734375 0.59375 0.703125 0.609375 0.71875 0.609375 0.71875 0.59375 0.65625 0.609375 0.671875 0.609375 0.671875 0.59375 0.625 0.609375 0.640625 0.609375 0.640625 0.59375 0.640625 0.609375 0.65625 0.609375 0.65625 0.59375 0.671875 0.609375 0.6875 0.609375 0.6875 0.59375 0.578125 0.609375 0.59375 0.609375 0.59375 0.59375 0.546875 0.609375 0.5625 0.609375 0.5625 0.59375 0.9069176 0.5849439 0.9069176 0.598625 0.8830713 0.598625 0.1169287 0.5849439 0.1169287 0.598625 0.09308248 0.598625 0.9377958 0.5849439 0.9377958 0.598625 0.9139495 0.598625 0.9375 0.609375 0.96875 0.609375 0.96875 0.59375 0 0.609375 0.03125 0.609375 0.03125 0.59375 0.03125 0.609375 0.0625 0.609375 0.0625 0.59375 0.90625 0.609375 0.9375 0.609375 0.9375 0.59375 0.8830713 0.5849439 0.8830713 0.598625 0.8557091 0.598625 0.75 0.609375 0.875 0.609375 0.875 0.59375 0.8283469 0.5849439 0.8283469 0.598625 0.7188979 0.598625 0.609375 0.609375 0.625 0.609375 0.625 0.59375 0.390551 0.5849439 0.390551 0.598625 0.3358266 0.598625 0.3125 0.609375 0.375 0.609375 0.375 0.59375 0.09375 0.609375 0.125 0.609375 0.125 0.59375 0.1716532 0.5849439 0.1716532 0.598625 0.1442909 0.598625 0.2811021 0.5849439 0.2811021 0.598625 0.1716532 0.598625 0.125 0.609375 0.25 0.609375 0.25 0.59375 0.734375 0.609375 0.75 0.609375 0.75 0.59375 0.7188979 0.5849439 0.7188979 0.598625 0.7052168 0.598625 0.4375 0.609375 0.5 0.609375 0.5 0.59375 0.5 0.5849439 0.5 0.598625 0.4452756 0.598625 1 0.609375 1 0.609375 1 0.59375 0.96875 0.609375 1 0.609375 1 0.59375 0.1442909 0.5849439 0.1442909 0.598625 0.1169287 0.598625 0.0625 0.609375 0.09375 0.609375 0.09375 0.59375 0.08605045 0.5849439 0.08605045 0.598625 0.06220424 0.598625 0.8557091 0.5849439 0.8557091 0.598625 0.8283469 0.598625 0.875 0.609375 0.90625 0.609375 0.90625 0.59375 0.09308248 0.598625 0.08605045 0.598625 0.08605045 0.5849439 0.9139495 0.598625 0.9069176 0.598625 0.9069176 0.5849439 0.2803819 0.609375 0.3125 0.609375 0.3125 0.59375 0.3358266 0.5849439 0.3358266 0.598625 0.3077043 0.598625 0.4452756 0.5849439 0.4452756 0.598625 0.4179133 0.598625 0.40625 0.609375 0.4375 0.609375 0.4375 0.59375 0.375 0.65625 0.40625 0.65625 0.40625 0.640625 0.4179133 0.6259872 0.4179133 0.6396684 0.390551 0.6396684 0.3077043 0.6259872 0.3077043 0.6396684 0.2811021 0.6396684 0.25 0.65625 0.2803819 0.65625 0.2803819 0.640625 0.5625 0.65625 0.578125 0.65625 0.578125 0.640625 0.59375 0.65625 0.609375 0.65625 0.609375 0.640625 0.6875 0.65625 0.703125 0.65625 0.703125 0.640625 0.7052168 0.6259872 0.7052168 0.6396684 0.6915356 0.6396684 0.71875 0.65625 0.734375 0.65625 0.734375 0.640625 0.703125 0.65625 0.71875 0.65625 0.71875 0.640625 0.65625 0.65625 0.671875 0.65625 0.671875 0.640625 0.625 0.65625 0.640625 0.65625 0.640625 0.640625 0.640625 0.65625 0.65625 0.65625 0.65625 0.640625 0.671875 0.65625 0.6875 0.65625 0.6875 0.640625 0.578125 0.65625 0.59375 0.65625 0.59375 0.640625 0.546875 0.65625 0.5625 0.65625 0.5625 0.640625 0.9069176 0.6259872 0.9069176 0.6396684 0.8830713 0.6396684 0.1169287 0.6259872 0.1169287 0.6396684 0.09308248 0.6396684 0.9377958 0.6259872 0.9377958 0.6396684 0.9139495 0.6396684 0.9375 0.65625 0.96875 0.65625 0.96875 0.640625 0 0.65625 0.03125 0.65625 0.03125 0.640625 0.03125 0.65625 0.0625 0.65625 0.0625 0.640625 0.90625 0.65625 0.9375 0.65625 0.9375 0.640625 0.8830713 0.6259872 0.8830713 0.6396684 0.8557091 0.6396684 0.75 0.65625 0.875 0.65625 0.875 0.640625 0.8283469 0.6259872 0.8283469 0.6396684 0.7188979 0.6396684 0.609375 0.65625 0.625 0.65625 0.625 0.640625 0.390551 0.6259872 0.390551 0.6396684 0.3358266 0.6396684 0.3125 0.65625 0.375 0.65625 0.375 0.640625 0.09375 0.65625 0.125 0.65625 0.125 0.640625 0.1716532 0.6259872 0.1716532 0.6396684 0.1442909 0.6396684 0.2811021 0.6259872 0.2811021 0.6396684 0.1716532 0.6396684 0.125 0.65625 0.25 0.65625 0.25 0.640625 0.734375 0.65625 0.75 0.65625 0.75 0.640625 0.7188979 0.6259872 0.7188979 0.6396684 0.7052168 0.6396684 0.4375 0.65625 0.5 0.65625 0.5 0.640625 0.4452756 0.6259872 0.5 0.6259872 0.5 0.6396684 1 0.65625 1 0.65625 1 0.640625 0.96875 0.65625 1 0.65625 1 0.640625 0.1442909 0.6259872 0.1442909 0.6396684 0.1169287 0.6396684 0.0625 0.65625 0.09375 0.65625 0.09375 0.640625 0.08605045 0.6259872 0.08605045 0.6396684 0.06220424 0.6396684 0.8557091 0.6259872 0.8557091 0.6396684 0.8283469 0.6396684 0.875 0.65625 0.90625 0.65625 0.90625 0.640625 0.09308248 0.6396684 0.08605045 0.6396684 0.08605045 0.6259872 0.9139495 0.6396684 0.9069176 0.6396684 0.9069176 0.6259872 0.2803819 0.65625 0.3125 0.65625 0.3125 0.640625 0.3358266 0.6259872 0.3358266 0.6396684 0.3077043 0.6396684 0.4452756 0.6259872 0.4452756 0.6396684 0.4179133 0.6396684 0.40625 0.65625 0.4375 0.65625 0.4375 0.640625 0 0.65625 0 0.65625 0 0.671875 0.40625 0.640625 0.4375 0.640625 0.4375 0.625 0.4452756 0.6123061 0.4452756 0.6259872 0.4179133 0.6259872 0.3358266 0.6123061 0.3358266 0.6259872 0.3077043 0.6259872 0.2803819 0.640625 0.3125 0.640625 0.3125 0.625 0.9139495 0.6259872 0.9069176 0.6259872 0.9069176 0.6123061 0.09308248 0.6259872 0.08605045 0.6259872 0.08605045 0.6123061 0.875 0.640625 0.90625 0.640625 0.90625 0.625 0.8557091 0.6123061 0.8557091 0.6259872 0.8283469 0.6259872 0.08605045 0.6123061 0.08605045 0.6259872 0.06220424 0.6259872 0.0625 0.640625 0.09375 0.640625 0.09375 0.625 0.1442909 0.6123061 0.1442909 0.6259872 0.1169287 0.6259872 0.96875 0.640625 1 0.640625 1 0.625 1 0.640625 1 0.640625 1 0.625 0.5 0.6123061 0.5 0.6259872 0.4452756 0.6259872 0.4375 0.640625 0.5 0.640625 0.5 0.625 0.7188979 0.6123061 0.7188979 0.6259872 0.7052168 0.6259872 0.734375 0.640625 0.75 0.640625 0.75 0.625 0.125 0.640625 0.25 0.640625 0.25 0.625 0.2811021 0.6123061 0.2811021 0.6259872 0.1716532 0.6259872 0.1716532 0.6123061 0.1716532 0.6259872 0.1442909 0.6259872 0.09375 0.640625 0.125 0.640625 0.125 0.625 0.3125 0.640625 0.375 0.640625 0.375 0.625 0.390551 0.6123061 0.390551 0.6259872 0.3358266 0.6259872 0.609375 0.640625 0.625 0.640625 0.625 0.625 0.8283469 0.6123061 0.8283469 0.6259872 0.7188979 0.6259872 0.75 0.640625 0.875 0.640625 0.875 0.625 0.8830713 0.6123061 0.8830713 0.6259872 0.8557091 0.6259872 0.90625 0.640625 0.9375 0.640625 0.9375 0.625 0.03125 0.640625 0.0625 0.640625 0.0625 0.625 0 0.640625 0.03125 0.640625 0.03125 0.625 0.9375 0.640625 0.96875 0.640625 0.96875 0.625 0.9377958 0.6123061 0.9377958 0.6259872 0.9139495 0.6259872 0.1169287 0.6123061 0.1169287 0.6259872 0.09308248 0.6259872 0.9069176 0.6123061 0.9069176 0.6259872 0.8830713 0.6259872 0.546875 0.640625 0.5625 0.640625 0.5625 0.625 0.578125 0.640625 0.59375 0.640625 0.59375 0.625 0.671875 0.640625 0.6875 0.640625 0.6875 0.625 0.640625 0.640625 0.65625 0.640625 0.65625 0.625 0.625 0.640625 0.640625 0.640625 0.640625 0.625 0.65625 0.640625 0.671875 0.640625 0.671875 0.625 0.703125 0.640625 0.71875 0.640625 0.71875 0.625 0.71875 0.640625 0.734375 0.640625 0.734375 0.625 0.7052168 0.6123061 0.7052168 0.6259872 0.6915356 0.6259872 0.6875 0.640625 0.703125 0.640625 0.703125 0.625 0.59375 0.640625 0.609375 0.640625 0.609375 0.625 0.5625 0.640625 0.578125 0.640625 0.578125 0.625 0.25 0.640625 0.2803819 0.640625 0.2803819 0.625 0.3077043 0.6123061 0.3077043 0.6259872 0.2811021 0.6259872 0.4179133 0.6123061 0.4179133 0.6259872 0.390551 0.6259872 0.375 0.640625 0.40625 0.640625 0.40625 0.625 0 0.640625 0 0.640625 0 0.65625 0 0.671875 0 0.671875 0 0.6875 0.375 0.671875 0.40625 0.671875 0.40625 0.65625 0.4179133 0.6396684 0.4179133 0.6533495 0.390551 0.6533495 0.3077043 0.6396684 0.3077043 0.6533495 0.2811021 0.6533495 0.25 0.671875 0.2803819 0.671875 0.2803819 0.65625 0.5625 0.671875 0.578125 0.671875 0.578125 0.65625 0.59375 0.671875 0.609375 0.671875 0.609375 0.65625 0.6875 0.671875 0.703125 0.671875 0.703125 0.65625 0.7052168 0.6396684 0.7052168 0.6533495 0.6915356 0.6533495 0.71875 0.671875 0.734375 0.671875 0.734375 0.65625 0.703125 0.671875 0.71875 0.671875 0.71875 0.65625 0.65625 0.671875 0.671875 0.671875 0.671875 0.65625 0.625 0.671875 0.640625 0.671875 0.640625 0.65625 0.640625 0.671875 0.65625 0.671875 0.65625 0.65625 0.671875 0.671875 0.6875 0.671875 0.6875 0.65625 0.578125 0.671875 0.59375 0.671875 0.59375 0.65625 0.546875 0.671875 0.5625 0.671875 0.5625 0.65625 0.9069176 0.6396684 0.9069176 0.6533495 0.8830713 0.6533495 0.1169287 0.6396684 0.1169287 0.6533495 0.09308248 0.6533495 0.9377958 0.6396684 0.9377958 0.6533495 0.9139495 0.6533495 0.9375 0.671875 0.96875 0.671875 0.96875 0.65625 0 0.671875 0.03125 0.671875 0.03125 0.65625 0.03125 0.671875 0.0625 0.671875 0.0625 0.65625 0.90625 0.671875 0.9375 0.671875 0.9375 0.65625 0.8830713 0.6396684 0.8830713 0.6533495 0.8557091 0.6533495 0.75 0.671875 0.875 0.671875 0.875 0.65625 0.8283469 0.6396684 0.8283469 0.6533495 0.7188979 0.6533495 0.609375 0.671875 0.625 0.671875 0.625 0.65625 0.390551 0.6396684 0.390551 0.6533495 0.3358266 0.6533495 0.3125 0.671875 0.375 0.671875 0.375 0.65625 0.09375 0.671875 0.125 0.671875 0.125 0.65625 0.1716532 0.6396684 0.1716532 0.6533495 0.1442909 0.6533495 0.2811021 0.6396684 0.2811021 0.6533495 0.1716532 0.6533495 0.125 0.671875 0.25 0.671875 0.25 0.65625 0.734375 0.671875 0.75 0.671875 0.75 0.65625 0.7188979 0.6396684 0.7188979 0.6533495 0.7052168 0.6533495 0.4375 0.671875 0.5 0.671875 0.5 0.65625 0.5 0.6396684 0.5 0.6533495 0.4452756 0.6533495 1 0.671875 1 0.671875 1 0.65625 0.96875 0.671875 1 0.671875 1 0.65625 0.1442909 0.6396684 0.1442909 0.6533495 0.1169287 0.6533495 0.0625 0.671875 0.09375 0.671875 0.09375 0.65625 0.08605045 0.6396684 0.08605045 0.6533495 0.06220424 0.6533495 0.8557091 0.6396684 0.8557091 0.6533495 0.8283469 0.6533495 0.875 0.671875 0.90625 0.671875 0.90625 0.65625 0.09308248 0.6533495 0.08605045 0.6533495 0.08605045 0.6396684 0.9139495 0.6533495 0.9069176 0.6533495 0.9069176 0.6396684 0.2803819 0.671875 0.3125 0.671875 0.3125 0.65625 0.3358266 0.6396684 0.3358266 0.6533495 0.3077043 0.6533495 0.4452756 0.6396684 0.4452756 0.6533495 0.4179133 0.6533495 0.40625 0.671875 0.4375 0.671875 0.4375 0.65625 0.375 0.703125 0.40625 0.703125 0.40625 0.6875 0.4179133 0.6670306 0.4179133 0.6807117 0.390551 0.6807117 0.3077043 0.6670306 0.3077043 0.6807117 0.2811021 0.6807117 0.25 0.703125 0.2803819 0.703125 0.2803819 0.6875 0.5625 0.703125 0.578125 0.703125 0.578125 0.6875 0.59375 0.703125 0.609375 0.703125 0.609375 0.6875 0.9069176 0.6670306 0.9069176 0.6807117 0.8830713 0.6807117 0.1169287 0.6670306 0.1169287 0.6807117 0.09308248 0.6807117 0.9377958 0.6670306 0.9377958 0.6807117 0.9139495 0.6807117 0.9375 0.703125 0.96875 0.703125 0.96875 0.6875 0 0.703125 0.03125 0.703125 0.03125 0.6875 0.03125 0.703125 0.0625 0.703125 0.0625 0.6875 0.90625 0.703125 0.9375 0.703125 0.9375 0.6875 0.8830713 0.6670306 0.8830713 0.6807117 0.8557091 0.6807117 0.75 0.703125 0.875 0.703125 0.875 0.6875 0.8283469 0.6670306 0.8283469 0.6807117 0.7188979 0.6807117 0.609375 0.703125 0.625 0.703125 0.625 0.6875 0.390551 0.6670306 0.390551 0.6807117 0.3358266 0.6807117 0.3125 0.703125 0.375 0.703125 0.375 0.6875 0.09375 0.703125 0.125 0.703125 0.125 0.6875 0.1716532 0.6670306 0.1716532 0.6807117 0.1442909 0.6807117 0.2811021 0.6670306 0.2811021 0.6807117 0.1716532 0.6807117 0.125 0.703125 0.25 0.703125 0.25 0.6875 0.734375 0.703125 0.75 0.703125 0.75 0.6875 0.7188979 0.6670306 0.7188979 0.6807117 0.7052168 0.6807117 0.4375 0.703125 0.5 0.703125 0.5 0.6875 0.5 0.6670306 0.5 0.6807117 0.4452756 0.6807117 1 0.703125 1 0.703125 1 0.6875 0.96875 0.703125 1 0.703125 1 0.6875 0.1442909 0.6670306 0.1442909 0.6807117 0.1169287 0.6807117 0.0625 0.703125 0.09375 0.703125 0.09375 0.6875 0.08605045 0.6670306 0.08605045 0.6807117 0.06220424 0.6807117 0.8557091 0.6670306 0.8557091 0.6807117 0.8283469 0.6807117 0.875 0.703125 0.90625 0.703125 0.90625 0.6875 0.09308248 0.6807117 0.08605045 0.6807117 0.08605045 0.6670306 0.9139495 0.6807117 0.9069176 0.6807117 0.9069176 0.6670306 0.2803819 0.703125 0.3125 0.703125 0.3125 0.6875 0.3358266 0.6670306 0.3358266 0.6807117 0.3077043 0.6807117 0.4452756 0.6670306 0.4452756 0.6807117 0.4179133 0.6807117 0.40625 0.703125 0.4375 0.703125 0.4375 0.6875 0.546875 0.703125 0.5625 0.703125 0.5625 0.6875 0.578125 0.703125 0.59375 0.703125 0.59375 0.6875 0.671875 0.703125 0.6875 0.703125 0.6875 0.6875 0.640625 0.703125 0.65625 0.703125 0.65625 0.6875 0.625 0.703125 0.640625 0.703125 0.640625 0.6875 0.65625 0.703125 0.671875 0.703125 0.671875 0.6875 0.703125 0.703125 0.71875 0.703125 0.71875 0.6875 0.7052168 0.6670306 0.7052168 0.6807117 0.6915356 0.6807117 0.71875 0.703125 0.734375 0.703125 0.734375 0.6875 0.6875 0.703125 0.703125 0.703125 0.703125 0.6875 0 0.703125 0 0.703125 0 0.71875 0.5 0.703125 0.53125 0.703125 0.53125 0.6875 0.5 0.671875 0.53125 0.671875 0.53125 0.65625 0.5 0.640625 0.53125 0.640625 0.53125 0.625 0.5 0.65625 0.53125 0.65625 0.53125 0.640625 0.5 0.609375 0.53125 0.609375 0.53125 0.59375 0.5 0.578125 0.53125 0.578125 0.53125 0.5625 0.5 0.59375 0.53125 0.59375 0.53125 0.578125 0.5 0.546875 0.53125 0.546875 0.53125 0.53125 0.5 0.515625 0.53125 0.515625 0.53125 0.5 0.5 0.53125 0.53125 0.53125 0.53125 0.515625 0.5 0.484375 0.53125 0.484375 0.53125 0.46875 0.5 0.453125 0.53125 0.453125 0.53125 0.4375 0.5 0.46875 0.53125 0.46875 0.53125 0.453125 0.5 0.421875 0.53125 0.421875 0.53125 0.40625 0.5 0.390625 0.53125 0.390625 0.53125 0.375 0.5 0.40625 0.53125 0.40625 0.53125 0.390625 0.5 0.359375 0.53125 0.359375 0.53125 0.34375 0.5 0.328125 0.53125 0.328125 0.53125 0.3125 0.5 0.796875 0.53125 0.796875 0.53125 0.78125 0.5 0.765625 0.53125 0.765625 0.53125 0.75 0.5 0.78125 0.53125 0.78125 0.53125 0.765625 0.5 0.734375 0.53125 0.734375 0.53125 0.71875 0.5 0.71875 0.53125 0.71875 0.53125 0.703125 0.5 0.296875 0.53125 0.296875 0.53125 0.28125 0.5 0.265625 0.53125 0.265625 0.53125 0.25 0.5 0.234375 0.53125 0.234375 0.53125 0.21875 0.5 0.203125 0.53125 0.203125 0.53125 0.1875 0.5273622 0.8859284 0.5273622 0.9097747 0.5 0.9097747 0.5 0.5 0.53125 0.5 0.53125 0.484375 0.5 1 0.53125 1 0.53125 0.96875 0.53125 0 0.53125 0 0.5 0 0.5 0.25 0.53125 0.25 0.53125 0.234375 0.5273622 0.1471481 0.5273622 0.1745103 0.5 0.1745103 0.5 0.125 0.53125 0.125 0.53125 0.09375 0.5 0.0625 0.53125 0.0625 0.53125 0.03125 0.5273622 0.06506139 0.5273622 0.08890759 0.5 0.08890759 0.5273622 0.09593957 0.5273622 0.1197859 0.5 0.1197859 0.5 0.03125 0.53125 0.03125 0.53125 0 0.5 0.75 0.53125 0.75 0.53125 0.734375 0.5 0.2292348 0.5 0.2292348 0.5410434 0.2292348 0.5547245 0.2292348 0.5684056 0.2292348 0.5 0.2292348 0.5684056 0.2292348 0.5820867 0.2292348 0.5 0.2292348 0.5 0.2292348 0.5410434 0.2292348 0.5547245 0.2292348 0.5 0.2292348 0.5 0.2292348 0.5547245 0.2292348 0.5820867 0.2292348 0.5957678 0.2292348 0.5 0.2292348 0.5957678 0.2292348 0.6094489 0.2292348 0.5 0.2292348 0.5 0.2292348 0.5957678 0.2292348 0.5 0.2292348 0.5 0.2292348 0.5 0.2292348 0.5820867 0.2292348 0.6094489 0.2292348 0.62313 0.2292348 0.5 0.2292348 0.62313 0.2292348 0.6368111 0.2292348 0.5 0.2292348 0.5 0.2292348 0.62313 0.2292348 0.5 0.2292348 0.6368111 0.2292348 0.6504923 0.2292348 0.5 0.2292348 0.6504923 0.2292348 0.6641734 0.2292348 0.5 0.2292348 0.6368111 0.2292348 0.5 0.2292348 0.5 0.2292348 0.6641734 0.2292348 0.6778545 0.2292348 0.6915356 0.2429159 0.6778545 0.2292348 0.6915356 0.2292348 0.6915356 0.2429159 0.6915356 0.2565971 0.6915356 0.2702782 0.5 0.2292348 0.6915356 0.2702782 0.6915356 0.2839593 0.5 0.2292348 0.6915356 0.2565971 0.5 0.2292348 0.6641734 0.2292348 0.6641734 0.2292348 0.6915356 0.2429159 0.6915356 0.2565971 0.5 0.2292348 0.5 0.2292348 0.6641734 0.2292348 0.5 0.2292348 0.5 0.2292348 0.6915356 0.2839593 0.6915356 0.2976404 0.6915356 0.3113215 0.5 0.2292348 0.6915356 0.3113215 0.6915356 0.3250026 0.5 0.2292348 0.6915356 0.2976404 0.5 0.2292348 0.5 0.2292348 0.6915356 0.2839593 0.6915356 0.2976404 0.5 0.2292348 0.5 0.2292348 0.5 0.2292348 0.6915356 0.3113215 0.6915356 0.3386837 0.6915356 0.3523648 0.5 0.2292348 0.6915356 0.3523648 0.6915356 0.366046 0.5 0.2292348 0.6915356 0.3386837 0.5 0.2292348 0.5 0.2292348 0.6915356 0.3250026 0.6915356 0.3386837 0.5 0.2292348 0.5 0.875 0.53125 0.875 0.53125 0.8125 0.5273622 0.8585662 0.5273622 0.8859284 0.5 0.8859284 0.5 0.9375 0.53125 0.9375 0.53125 0.90625 0.5273622 0.9168066 0.5273622 0.9406529 0.5 0.9406529 0.5 0.96875 0.53125 0.96875 0.53125 0.9375 0.5 0.90625 0.53125 0.90625 0.53125 0.875 0.5273622 0.8312039 0.5273622 0.8585662 0.5 0.8585662 0.6915356 0.6259872 0.6915356 0.6396684 0.5 0.7764795 0.5 0.7764795 0.5 0.2292348 0.6915356 0.5028572 0.5 0.2292348 0.6915356 0.366046 0.6915356 0.3797271 0.6915356 0.3797271 0.6915356 0.3934082 0.5 0.2292348 0.6915356 0.3934082 0.6915356 0.4070894 0.5 0.2292348 0.5 0.2292348 0.6915356 0.4070894 0.6915356 0.4207705 0.6915356 0.6123061 0.6915356 0.6259872 0.5 0.7764795 0.6915356 0.5712628 0.6915356 0.5849439 0.5 0.7764795 0.6915356 0.5849439 0.6915356 0.598625 0.5 0.7764795 0.6915356 0.598625 0.6915356 0.6123061 0.5 0.7764795 0.6915356 0.4207705 0.6915356 0.4344516 0.5 0.2292348 0.6915356 0.4344516 0.6915356 0.4481327 0.5 0.2292348 0.5 0.2292348 0.6915356 0.4481327 0.6915356 0.4618138 0.6915356 0.5302194 0.6915356 0.5439006 0.5 0.7764795 0.6915356 0.5439006 0.6915356 0.5575817 0.5 0.7764795 0.6915356 0.5575817 0.6915356 0.5712628 0.5 0.7764795 0.6915356 0.4618138 0.6915356 0.4754949 0.5 0.2292348 0.6915356 0.4754949 0.6915356 0.489176 0.5 0.2292348 0.5 0.2292348 0.6915356 0.489176 0.6915356 0.5028572 0.6915356 0.5028572 0.6915356 0.5165383 0.5 0.7764795 0.5 0.1875 0.53125 0.1875 0.53125 0.15625 0.5 0.09375 0.53125 0.09375 0.53125 0.0625 0.5273622 0.1197859 0.5273622 0.1471481 0.5 0.1471481 0.5 0.15625 0.53125 0.15625 0.53125 0.125 0.5273622 0.1745103 0.5273622 0.2018725 0.5 0.2018725 0.5 0.21875 0.53125 0.21875 0.53125 0.203125 0.5 0.8125 0.53125 0.8125 0.53125 0.796875 0.5 0.375 0.53125 0.375 0.53125 0.359375 0.5 0.4375 0.53125 0.4375 0.53125 0.421875 0.5 0.625 0.53125 0.625 0.53125 0.609375 0.5 0.5625 0.53125 0.5625 0.53125 0.546875 0.5 0.6875 0.53125 0.6875 0.53125 0.671875 0.5 0.3125 0.53125 0.3125 0.53125 0.296875 0.5 0.28125 0.53125 0.28125 0.53125 0.265625 0.5 0.34375 0.53125 0.34375 0.53125 0.328125 0.5273622 0.9168066 0.5273622 0.9097747 0.5410434 0.9097747 0.5273622 0.09593957 0.5273622 0.08890759 0.5410434 0.08890759 0.53125 1 0.53125 1 0.546875 1 0.546875 1 0.546875 1 0.5625 1 0.5410434 0.09593957 0.5410434 0.08890759 0.5547245 0.08890759 0.5410434 0.9168066 0.5410434 0.9097747 0.5547245 0.9097747 0.53125 0.703125 0.546875 0.703125 0.546875 0.6875 0.53125 0.671875 0.546875 0.671875 0.546875 0.65625 0.53125 0.640625 0.546875 0.640625 0.546875 0.625 0.53125 0.65625 0.546875 0.65625 0.546875 0.640625 0.53125 0.609375 0.546875 0.609375 0.546875 0.59375 0.53125 0.578125 0.546875 0.578125 0.546875 0.5625 0.53125 0.59375 0.546875 0.59375 0.546875 0.578125 0.53125 0.546875 0.546875 0.546875 0.546875 0.53125 0.53125 0.515625 0.546875 0.515625 0.546875 0.5 0.53125 0.53125 0.546875 0.53125 0.546875 0.515625 0.53125 0.484375 0.546875 0.484375 0.546875 0.46875 0.53125 0.453125 0.546875 0.453125 0.546875 0.4375 0.53125 0.46875 0.546875 0.46875 0.546875 0.453125 0.53125 0.421875 0.546875 0.421875 0.546875 0.40625 0.53125 0.390625 0.546875 0.390625 0.546875 0.375 0.53125 0.40625 0.546875 0.40625 0.546875 0.390625 0.53125 0.359375 0.546875 0.359375 0.546875 0.34375 0.53125 0.328125 0.546875 0.328125 0.546875 0.3125 0.53125 0.796875 0.546875 0.796875 0.546875 0.78125 0.53125 0.765625 0.546875 0.765625 0.546875 0.75 0.53125 0.78125 0.546875 0.78125 0.546875 0.765625 0.53125 0.734375 0.546875 0.734375 0.546875 0.71875 0.53125 0.71875 0.546875 0.71875 0.546875 0.703125 0.53125 0.296875 0.546875 0.296875 0.546875 0.28125 0.53125 0.265625 0.546875 0.265625 0.546875 0.25 0.53125 0.234375 0.546875 0.234375 0.546875 0.21875 0.53125 0.203125 0.546875 0.203125 0.546875 0.1875 0.5410434 0.8859284 0.5410434 0.9097747 0.5273622 0.9097747 0.53125 0.5 0.546875 0.5 0.546875 0.484375 0.53125 1 0.546875 1 0.546875 0.96875 0.546875 0 0.546875 0 0.53125 0 0.53125 0.25 0.546875 0.25 0.546875 0.234375 0.5410434 0.1471481 0.5410434 0.1745103 0.5273622 0.1745103 0.53125 0.125 0.546875 0.125 0.546875 0.09375 0.53125 0.0625 0.546875 0.0625 0.546875 0.03125 0.5410434 0.06506139 0.5410434 0.08890759 0.5273622 0.08890759 0.5410434 0.09593957 0.5410434 0.1197859 0.5273622 0.1197859 0.53125 0.03125 0.546875 0.03125 0.546875 0 0.53125 0.75 0.546875 0.75 0.546875 0.734375 0.62313 0.7764795 0.6094489 0.7764795 0.5 0.7764795 0.6094489 0.7764795 0.5957678 0.7764795 0.5 0.7764795 0.5 0.7764795 0.5957678 0.7764795 0.5820867 0.7764795 0.5820867 0.7764795 0.5684056 0.7764795 0.5 0.7764795 0.5684056 0.7764795 0.5547245 0.7764795 0.5 0.7764795 0.5 0.7764795 0.5547245 0.7764795 0.5 0.7764795 0.6368111 0.7764795 0.62313 0.7764795 0.5 0.7764795 0.5957678 0.7764795 0.5 0.7764795 0.5 0.7764795 0.5547245 0.7764795 0.5410434 0.7764795 0.5 0.7764795 0.6504923 0.7764795 0.6368111 0.7764795 0.5 0.7764795 0.5410434 0.7764795 0.5 0.7764795 0.5 0.7764795 0.6641734 0.7764795 0.6504923 0.7764795 0.5 0.7764795 0.6778545 0.7764795 0.6641734 0.7764795 0.6915356 0.7491173 0.62313 0.7764795 0.5 0.7764795 0.5 0.7764795 0.5820867 0.7764795 0.5 0.7764795 0.5 0.7764795 0.6915356 0.7627984 0.6915356 0.7764795 0.6778545 0.7764795 0.6368111 0.7764795 0.5 0.7764795 0.5 0.7764795 0.6915356 0.7491173 0.6915356 0.7627984 0.6778545 0.7764795 0.6915356 0.7080739 0.6915356 0.721755 0.5 0.7764795 0.6915356 0.721755 0.6915356 0.7354362 0.5 0.7764795 0.6915356 0.721755 0.5 0.7764795 0.5 0.7764795 0.6915356 0.7354362 0.6915356 0.7491173 0.5 0.7764795 0.5 0.7764795 0.6915356 0.7491173 0.6641734 0.7764795 0.6915356 0.6670306 0.6915356 0.6807117 0.5 0.7764795 0.6915356 0.6807117 0.6915356 0.6943928 0.5 0.7764795 0.5 0.7764795 0.6915356 0.6943928 0.6915356 0.7080739 0.5 0.7764795 0.6915356 0.7080739 0.5 0.7764795 0.6641734 0.7764795 0.5 0.7764795 0.5 0.7764795 0.6915356 0.6943928 0.5 0.7764795 0.5 0.7764795 0.5 0.7764795 0.6915356 0.6396684 0.6915356 0.6533495 0.6915356 0.6533495 0.6915356 0.6670306 0.5 0.7764795 0.5 0.7764795 0.6915356 0.6670306 0.5 0.7764795 0.53125 0.875 0.546875 0.875 0.546875 0.8125 0.5410434 0.8585662 0.5410434 0.8859284 0.5273622 0.8859284 0.53125 0.9375 0.546875 0.9375 0.546875 0.90625 0.5410434 0.9168066 0.5410434 0.9406529 0.5273622 0.9406529 0.53125 0.96875 0.546875 0.96875 0.546875 0.9375 0.53125 0.90625 0.546875 0.90625 0.546875 0.875 0.5410434 0.8312039 0.5410434 0.8585662 0.5273622 0.8585662 0.5 0.8312039 0.4452756 0.8312039 0.4452756 0.7764795 0.5 0.7764795 0.5410434 0.7764795 0.5410434 0.8312039 0.5 0.8312039 0.4452756 0.7764795 0.5 0.7764795 0.5 0.7764795 0.5410434 0.8312039 0.5273622 0.8312039 0.53125 0.1875 0.546875 0.1875 0.546875 0.15625 0.53125 0.09375 0.546875 0.09375 0.546875 0.0625 0.5410434 0.1197859 0.5410434 0.1471481 0.5273622 0.1471481 0.53125 0.15625 0.546875 0.15625 0.546875 0.125 0.5410434 0.1745103 0.5410434 0.2018725 0.5273622 0.2018725 0.53125 0.21875 0.546875 0.21875 0.546875 0.203125 0.53125 0.8125 0.546875 0.8125 0.546875 0.796875 0.53125 0.375 0.546875 0.375 0.546875 0.359375 0.53125 0.4375 0.546875 0.4375 0.546875 0.421875 0.53125 0.625 0.546875 0.625 0.546875 0.609375 0.53125 0.5625 0.546875 0.5625 0.546875 0.546875 0.53125 0.6875 0.546875 0.6875 0.546875 0.671875 0.53125 0.3125 0.546875 0.3125 0.546875 0.296875 0.53125 0.28125 0.546875 0.28125 0.546875 0.265625 0.53125 0.34375 0.546875 0.34375 0.546875 0.328125 0.5 0.6943928 0.5 0.6943928 0.5 0.7080739 0.5 0.7354362 0.5 0.7354362 0.5 0.7491173 0.5 0.6533495 0.5 0.6533495 0.5 0.6670306 0.5 0.7627984 0.5 0.7627984 0.5 0.7764795 0.5 0.6670306 0.5 0.6670306 0.5 0.6807117 0.5 0.6807117 0.5 0.6807117 0.5 0.6943928 0.5 0.7491173 0.5 0.7491173 0.5 0.7627984 0.5 0.721755 0.5 0.721755 0.5 0.7354362 0.5 0.7080739 0.5 0.7080739 0.5 0.721755 0.5 0.7627984 0.5 0.7627984 0.5 0.7764795 0.5 0.7491173 0.5 0.7354362 0.5 0.7354362 0.5 0.6533495 0.5 0.6533495 0.5 0.6670306 0.5 0.6670306 0.5 0.6670306 0.5 0.6807117 0.5 0.721755 0.5 0.721755 0.5 0.7354362 0.5 0.6807117 0.5 0.6807117 0.5 0.6943928 0.5 0.7080739 0.5 0.7080739 0.5 0.721755 0.5 0.7491173 0.5 0.7491173 0.5 0.7627984 0.5 0.6943928 0.5 0.6943928 0.5 0.7080739 0.5 0.6943928 0.5 0.6943928 0.5 0.7080739 0.5 0.7627984 0.5 0.7627984 0.5 0.7764795 0.5 0.7354362 0.5 0.7354362 0.5 0.7491173 0.5 0.6533495 0.5 0.6533495 0.5 0.6670306 0.5 0.6670306 0.5 0.6670306 0.5 0.6807117 0.5 0.721755 0.5 0.721755 0.5 0.7354362 0.5 0.6807117 0.5 0.6807117 0.5 0.6943928 0.5 0.7080739 0.5 0.7080739 0.5 0.721755 0.5 0.7491173 0.5 0.7491173 0.5 0.7627984 0.5 0.7080739 0.5 0.7080739 0.5 0.721755 0.5 0.7491173 0.5 0.7491173 0.5 0.7627984 0.5 0.6943928 0.5 0.6943928 0.5 0.7080739 0.5 0.7627984 0.5 0.7627984 0.5 0.7764795 0.5 0.7354362 0.5 0.7354362 0.5 0.7491173 0.5 0.6533495 0.5 0.6533495 0.5 0.6670306 0.5 0.6670306 0.5 0.6670306 0.5 0.6807117 0.5 0.721755 0.5 0.721755 0.5 0.7354362 0.5 0.6807117 0.5 0.6807117 0.5 0.6943928 0.5 0.721755 0.5 0.721755 0.5 0.7354362 0.5 0.6807117 0.5 0.6807117 0.5 0.6943928 0.5 0.7080739 0.5 0.7080739 0.5 0.721755 0.5 0.7491173 0.5 0.7491173 0.5 0.7627984 0.5 0.6943928 0.5 0.6943928 0.5 0.7080739 0.5 0.7627984 0.5 0.7627984 0.5 0.7764795 0.5 0.7354362 0.5 0.7354362 0.5 0.7491173 0.5 0.6533495 0.5 0.6533495 0.5 0.6670306 0.5 0.6670306 0.5 0.6670306 0.5 0.6807117 0.5 0.6533495 0.5 0.6533495 0.5 0.6670306 0.5 0.6670306 0.5 0.6670306 0.5 0.6807117 0.5 0.721755 0.5 0.721755 0.5 0.7354362 0.5 0.6807117 0.5 0.6807117 0.5 0.6943928 0.5 0.7080739 0.5 0.7080739 0.5 0.721755 0.5 0.7491173 0.5 0.7491173 0.5 0.7627984 0.5 0.6943928 0.5 0.6943928 0.5 0.7080739 0.5 0.7627984 0.5 0.7627984 0.5 0.7764795 0.5 0.7354362 0.5 0.7354362 0.5 0.7491173 0.5 0.7354362 0.5 0.7354362 0.5 0.7491173 0.5 0.6533495 0.5 0.6533495 0.5 0.6670306 0.5 0.6670306 0.5 0.6670306 0.5 0.6807117 0.5 0.721755 0.5 0.721755 0.5 0.7354362 0.5 0.6807117 0.5 0.6807117 0.5 0.6943928 0.5 0.7080739 0.5 0.7080739 0.5 0.721755 0.5 0.7627984 0.5 0.7491173 0.5 0.7491173 0.5 0.6943928 0.5 0.6943928 0.5 0.7080739 0.5 0.7627984 0.5 0.7627984 0.5 0.7764795 0.5 0.7627984 0.5 0.7627984 0.5 0.7764795 0.5 0.7354362 0.5 0.7354362 0.5 0.7491173 0.5 0.6533495 0.5 0.6533495 0.5 0.6670306 0.5 0.6670306 0.5 0.6670306 0.5 0.6807117 0.5 0.721755 0.5 0.721755 0.5 0.7354362 0.5 0.6807117 0.5 0.6807117 0.5 0.6943928 0.5 0.721755 0.5 0.7080739 0.5 0.7080739 0.5 0.7627984 0.5 0.7491173 0.5 0.7491173 0.5 0.6943928 0.5 0.6943928 0.5 0.7080739 0.5 0.7627984 0.5 0.7491173 0.5 0.7491173 0.5 0.6943928 0.5 0.6943928 0.5 0.7080739 0.5 0.7627984 0.5 0.7627984 0.5 0.7764795 0.5 0.7354362 0.5 0.7354362 0.5 0.7491173 0.5 0.6533495 0.5 0.6533495 0.5 0.6670306 0.5 0.6670306 0.5 0.6670306 0.5 0.6807117 0.5 0.721755 0.5 0.721755 0.5 0.7354362 0.5 0.6807117 0.5 0.6807117 0.5 0.6943928 0.5 0.7080739 0.5 0.7080739 0.5 0.721755 0.5 0.6807117 0.5 0.6807117 0.5 0.6943928 0.5 0.7080739 0.5 0.7080739 0.5 0.721755 0.5 0.7627984 0.5 0.7491173 0.5 0.7491173 0.5 0.6943928 0.5 0.6943928 0.5 0.7080739 0.5 0.7627984 0.5 0.7627984 0.5 0.7764795 0.5 0.7354362 0.5 0.7354362 0.5 0.7491173 0.5 0.6533495 0.5 0.6533495 0.5 0.6670306 0.5 0.6670306 0.5 0.6670306 0.5 0.6807117 0.5 0.721755 0.5 0.721755 0.5 0.7354362 0.5 0.721755 0.5 0.721755 0.5 0.7354362 0.5 0.6807117 0.5 0.6807117 0.5 0.6943928 0.5 0.7080739 0.5 0.7080739 0.5 0.721755 0.5 0.7627984 0.5 0.7491173 0.5 0.7491173 0.5 0.6943928 0.5 0.6943928 0.5 0.7080739 0.5 0.7627984 0.5 0.7627984 0.5 0.7764795 0.5 0.7354362 0.5 0.7354362 0.5 0.7491173 0.5 0.6533495 0.5 0.6533495 0.5 0.6670306 0.5 0.6670306 0.5 0.6670306 0.5 0.6807117 0.5 0.6533495 0.5 0.6533495 0.5 0.6670306 0.5 0.6670306 0.5 0.6670306 0.5 0.6807117 0.5 0.721755 0.5 0.721755 0.5 0.7354362 0.5 0.6807117 0.5 0.6807117 0.5 0.6943928 0.5 0.7080739 0.5 0.7080739 0.5 0.721755 0.5 0.7627984 0.5 0.7491173 0.5 0.7491173 0.5 0.6943928 0.5 0.6943928 0.5 0.7080739 0.5 0.7627984 0.5 0.7627984 0.5 0.7764795 0.5 0.7354362 0.5 0.7354362 0.5 0.7491173 0.5 0.2702782 0.5 0.2565971 0.5 0.2565971 0.5 0.2839593 0.5 0.2702782 0.5 0.2702782 0.5 0.3523648 0.5 0.3386837 0.5 0.3386837 0.5 0.3386837 0.5 0.3250026 0.5 0.3250026 0.5 0.2976404 0.5 0.2839593 0.5 0.2839593 0.5 0.3113215 0.5 0.2976404 0.5 0.2976404 0.5 0.2429159 0.5 0.2292348 0.5 0.2292348 0.5 0.3250026 0.5 0.3113215 0.5 0.3113215 0.5 0.2565971 0.5 0.2429159 0.5 0.2429159 0.5 0.2702782 0.5 0.2565971 0.5 0.2565971 0.5 0.3113215 0.5 0.2976404 0.5 0.2976404 0.5 0.2839593 0.5 0.2702782 0.5 0.2702782 0.5 0.2976404 0.5 0.2839593 0.5 0.2839593 0.5 0.2565971 0.5 0.2429159 0.5 0.2429159 0.5 0.3250026 0.5 0.3113215 0.5 0.3113215 0.5 0.2292348 0.5 0.2292348 0.5 0.2429159 0.5 0.3386837 0.5 0.3250026 0.5 0.3250026 0.5 0.3523648 0.5 0.3386837 0.5 0.3386837 0.5 0.3386837 0.5 0.3250026 0.5 0.3250026 0.5 0.3523648 0.5 0.3386837 0.5 0.3386837 0.5 0.2702782 0.5 0.2565971 0.5 0.2565971 0.5 0.3113215 0.5 0.2976404 0.5 0.2976404 0.5 0.2839593 0.5 0.2702782 0.5 0.2702782 0.5 0.2976404 0.5 0.2839593 0.5 0.2839593 0.5 0.2565971 0.5 0.2429159 0.5 0.2429159 0.5 0.3250026 0.5 0.3113215 0.5 0.3113215 0.5 0.2429159 0.5 0.2292348 0.5 0.2292348 0.5 0.2292348 0.5 0.2292348 0.5 0.2429159 0.5 0.3386837 0.5 0.3250026 0.5 0.3250026 0.5 0.3523648 0.5 0.3386837 0.5 0.3386837 0.5 0.2702782 0.5 0.2565971 0.5 0.2565971 0.5 0.3113215 0.5 0.2976404 0.5 0.2976404 0.5 0.2702782 0.5 0.2702782 0.5 0.2839593 0.5 0.2976404 0.5 0.2839593 0.5 0.2839593 0.5 0.2565971 0.5 0.2429159 0.5 0.2429159 0.5 0.3250026 0.5 0.3113215 0.5 0.3113215 0.5 0.2565971 0.5 0.2429159 0.5 0.2429159 0.5 0.3250026 0.5 0.3113215 0.5 0.3113215 0.5 0.2292348 0.5 0.2292348 0.5 0.2429159 0.5 0.3386837 0.5 0.3250026 0.5 0.3250026 0.5 0.3523648 0.5 0.3386837 0.5 0.3386837 0.5 0.2702782 0.5 0.2565971 0.5 0.2565971 0.5 0.3113215 0.5 0.2976404 0.5 0.2976404 0.5 0.2702782 0.5 0.2702782 0.5 0.2839593 0.5 0.2976404 0.5 0.2839593 0.5 0.2839593 0.5 0.2976404 0.5 0.2839593 0.5 0.2839593 0.5 0.2565971 0.5 0.2429159 0.5 0.2429159 0.5 0.3250026 0.5 0.3113215 0.5 0.3113215 0.5 0.2292348 0.5 0.2292348 0.5 0.2429159 0.5 0.3386837 0.5 0.3250026 0.5 0.3250026 0.5 0.3523648 0.5 0.3386837 0.5 0.3386837 0.5 0.2702782 0.5 0.2565971 0.5 0.2565971 0.5 0.3113215 0.5 0.2976404 0.5 0.2976404 0.5 0.2702782 0.5 0.2702782 0.5 0.2839593 0.5 0.3113215 0.5 0.2976404 0.5 0.2976404 0.5 0.2702782 0.5 0.2702782 0.5 0.2839593 0.5 0.2976404 0.5 0.2839593 0.5 0.2839593 0.5 0.2565971 0.5 0.2429159 0.5 0.2429159 0.5 0.3250026 0.5 0.3113215 0.5 0.3113215 0.5 0.2292348 0.5 0.2292348 0.5 0.2429159 0.5 0.3386837 0.5 0.3250026 0.5 0.3250026 0.5 0.3523648 0.5 0.3386837 0.5 0.3386837 0.5 0.2702782 0.5 0.2565971 0.5 0.2565971 0.5 0.2702782 0.5 0.2565971 0.5 0.2565971 0.5 0.3113215 0.5 0.2976404 0.5 0.2976404 0.5 0.2702782 0.5 0.2702782 0.5 0.2839593 0.5 0.2839593 0.5 0.2839593 0.5 0.2976404 0.5 0.2565971 0.5 0.2429159 0.5 0.2429159 0.5 0.3250026 0.5 0.3113215 0.5 0.3113215 0.5 0.2292348 0.5 0.2292348 0.5 0.2429159 0.5 0.3386837 0.5 0.3250026 0.5 0.3250026 0.5 0.3523648 0.5 0.3386837 0.5 0.3386837 0.5 0.3386837 0.5 0.3250026 0.5 0.3250026 0.5 0.3523648 0.5 0.3386837 0.5 0.3386837 0.5 0.2702782 0.5 0.2565971 0.5 0.2565971 0.5 0.3113215 0.5 0.2976404 0.5 0.2976404 0.5 0.2702782 0.5 0.2702782 0.5 0.2839593 0.5 0.2976404 0.5 0.2839593 0.5 0.2839593 0.5 0.2565971 0.5 0.2429159 0.5 0.2429159 0.5 0.3250026 0.5 0.3113215 0.5 0.3113215 0.5 0.2292348 0.5 0.2292348 0.5 0.2429159 0.5 0.3250026 0.5 0.3113215 0.5 0.3113215 0.5 0.2292348 0.5 0.2292348 0.5 0.2429159 0.5 0.3386837 0.5 0.3250026 0.5 0.3250026 0.5 0.3523648 0.5 0.3386837 0.5 0.3386837 0.5 0.2702782 0.5 0.2565971 0.5 0.2565971 0.5 0.3113215 0.5 0.2976404 0.5 0.2976404 0.5 0.2702782 0.5 0.2702782 0.5 0.2839593 0.5 0.2976404 0.5 0.2839593 0.5 0.2839593 0.5 0.2565971 0.5 0.2429159 0.5 0.2429159 0.5 0.2565971 0.5 0.2429159 0.5 0.2429159 0.5 0.3250026 0.5 0.3113215 0.5 0.3113215 0.5 0.2292348 0.5 0.2292348 0.5 0.2429159 0.5 0.3386837 0.5 0.3250026 0.5 0.3250026 0.5 0.3523648 0.5 0.3386837 0.5 0.3386837 0.5 0.2702782 0.5 0.2565971 0.5 0.2565971 0.5 0.3113215 0.5 0.2976404 0.5 0.2976404 0.5 0.2702782 0.5 0.2702782 0.5 0.2839593 0.5 0.2976404 0.5 0.2839593 0.5 0.2839593 0.5 0.2702782 0.5 0.2702782 0.5 0.2839593 0.5 0.2976404 0.5 0.2839593 0.5 0.2839593 0.5 0.2565971 0.5 0.2429159 0.5 0.2429159 0.5 0.3250026 0.5 0.3113215 0.5 0.3113215 0.5 0.2292348 0.5 0.2292348 0.5 0.2429159 0.5 0.3386837 0.5 0.3250026 0.5 0.3250026 0.5 0.3523648 0.5 0.3386837 0.5 0.3386837 0.5 0.2702782 0.5 0.2565971 0.5 0.2565971 0.5 0.3113215 0.5 0.2976404 0.5 0.2976404 0.5 0.7627984 0.5 0.7491173 0.5 0.2565971 0.5 0.7491173 0.5 0.7354362 0.5 0.2565971 0.5 0.7354362 0.5 0.721755 0.5 0.2702782 0.5 0.721755 0.5 0.2839593 0.5 0.2702782 0.5 0.7764795 0.5 0.7627984 0.5 0.2429159 0.5 0.2429159 0.5 0.2292348 0.5 0.7764795 0.5 0.7354362 0.5 0.2702782 0.5 0.2565971 0.5 0.2976404 0.5 0.2839593 0.5 0.721755 0.5 0.5028572 0.5 0.489176 0.5 0.2976404 0.5 0.489176 0.5 0.4754949 0.5 0.2976404 0.5 0.2976404 0.5 0.4618138 0.5 0.4481327 0.5 0.4481327 0.5 0.4344516 0.5 0.2976404 0.5 0.3113215 0.5 0.4207705 0.5 0.3250026 0.5 0.5165383 0.5 0.5028572 0.5 0.7080739 0.5 0.4618138 0.5 0.2976404 0.5 0.4754949 0.5 0.4207705 0.5 0.3113215 0.5 0.4344516 0.5 0.3250026 0.5 0.4207705 0.5 0.4070894 0.5 0.5302194 0.5 0.5165383 0.5 0.7080739 0.5 0.3250026 0.5 0.4070894 0.5 0.3386837 0.5 0.5439006 0.5 0.5302194 0.5 0.7080739 0.5 0.4070894 0.5 0.3934082 0.5 0.3386837 0.5 0.5575817 0.5 0.5439006 0.5 0.7080739 0.5 0.5028572 0.5 0.2976404 0.5 0.7080739 0.5 0.3934082 0.5 0.3797271 0.5 0.3386837 0.5 0.5712628 0.5 0.5575817 0.5 0.7080739 0.5 0.5849439 0.5 0.5712628 0.5 0.6943928 0.5 0.4344516 0.5 0.3113215 0.5 0.2976404 0.5 0.6123061 0.5 0.598625 0.5 0.6670306 0.5 0.598625 0.5 0.5849439 0.5 0.6807117 0.5 0.6807117 0.5 0.5849439 0.5 0.6943928 0.5 0.6943928 0.5 0.5712628 0.5 0.7080739 0.5 0.6807117 0.5 0.6670306 0.5 0.598625 0.5 0.6533495 0.5 0.6396684 0.5 0.6259872 0.5 0.6259872 0.5 0.6123061 0.5 0.6670306 0.5 0.3523648 0.5 0.3386837 0.5 0.3797271</float_array>
          <technique_common>
            <accessor source="#Plane_003-mesh-map-0-array" count="19512" stride="2">
              <param name="S" type="float"/>
              <param name="T" type="float"/>
            </accessor>
          </technique_common>
        </source>
        <vertices id="Plane_003-mesh-vertices">
          <input semantic="POSITION" source="#Plane_003-mesh-positions"/>
        </vertices>
        <triangles material="beyaz-material" count="4870">
          <input semantic="VERTEX" source="#Plane_003-mesh-vertices" offset="0"/>
          <input semantic="NORMAL" source="#Plane_003-mesh-normals" offset="1"/>
          <input semantic="TEXCOORD" source="#Plane_003-mesh-map-0" offset="2" set="0"/>
          <p>169 0 0 257 0 1 282 0 2 2 2 6 153 2 7 152 2 8 1 3 9 167 3 10 166 3 11 3 4 12 258 4 13 257 4 14 0 5 15 131 5 16 130 5 17 8 3 18 171 3 19 173 3 20 9 2 21 2881 2 22 2880 2 23 163 0 27 272 0 28 579 0 29 14 2 30 50 2 31 49 2 32 12 3 33 1202 3 34 1201 3 35 1228 0 39 273 0 40 1211 0 41 30 0 42 274 0 43 275 0 44 18 3 48 33 3 49 32 3 50 16 2 51 1998 2 52 1997 2 53 2230 1 54 34 1 55 2231 1 56 35 0 57 2248 0 58 2249 0 59 1203 0 60 2247 0 61 2270 0 62 2229 1 63 1230 1 64 2242 1 65 164 0 66 2246 0 67 2255 0 68 2228 1 69 159 1 70 2236 1 71 20 5 72 2414 5 73 2413 5 74 21 4 75 2227 4 76 2226 4 77 168 0 81 2226 0 82 2257 0 83 311 0 84 2249 0 85 2259 0 86 32 3 90 310 3 91 309 3 92 312 0 96 275 0 97 329 0 98 30 2 99 17 2 100 16 2 101 414 0 105 2250 0 106 2258 0 107 38 2 108 2326 2 109 2325 2 110 458 0 111 276 0 112 264 0 113 36 3 117 415 3 118 430 3 119 1709 0 120 2251 0 121 2272 0 122 1734 0 123 277 0 124 1717 0 125 44 3 129 1708 3 130 1707 3 131 42 2 132 1070 2 133 1069 2 134 27 0 135 2252 0 136 2247 0 137 2233 1 138 26 1 139 2229 1 140 49 2 141 418 2 142 417 2 143 47 3 144 13 3 145 12 3 146 14 0 150 278 0 151 273 0 152 56 2 153 170 2 154 169 2 155 422 0 156 2253 0 157 2260 0 158 53 3 162 421 3 163 420 3 164 417 0 168 279 0 169 437 0 170 152 0 171 280 0 172 281 0 173 62 3 177 156 3 178 155 3 179 157 0 183 2254 0 184 2256 0 185 59 2 186 313 2 187 312 2 188 158 0 189 1365 0 190 1366 0 191 424 0 198 1364 0 199 1369 0 200 1347 1 201 73 1 202 1343 1 203 68 0 204 1363 0 205 1358 0 206 1710 0 207 1362 0 208 1748 0 209 386 0 210 1361 0 211 1339 0 212 316 0 219 1360 0 220 1368 0 221 172 0 222 1340 0 223 1367 0 224 70 4 228 1341 4 229 1340 4 230 151 0 234 1357 0 235 1351 0 236 1343 1 237 1231 1 238 1383 1 239 1204 0 240 1358 0 241 1382 0 242 75 0 243 1359 0 244 1360 0 245 1344 1 246 76 1 247 1345 1 248 65 5 249 1386 5 250 1385 5 251 91 0 255 376 0 256 377 0 257 1205 0 258 375 0 259 1214 0 260 150 0 264 374 0 265 585 0 266 97 4 270 362 4 271 361 4 272 175 0 276 361 0 277 385 0 278 317 0 279 377 0 280 388 0 281 355 0 288 378 0 289 259 0 290 1711 0 294 379 0 295 1720 0 296 89 0 297 380 0 298 375 0 299 425 0 303 381 0 304 444 0 305 161 0 312 382 0 313 383 0 314 86 5 315 390 5 316 389 5 317 162 0 318 140 0 319 165 0 320 428 0 327 139 0 328 429 0 329 111 0 333 138 0 334 133 0 335 1712 0 336 137 0 337 1713 0 338 330 0 342 136 0 343 308 0 344 320 0 351 135 0 352 321 0 353 176 0 354 141 0 355 179 0 356 119 4 360 142 4 361 141 4 362 147 0 366 132 0 367 146 0 368 1206 0 372 133 0 373 1207 0 374 113 0 375 134 0 376 135 0 377 108 5 381 373 5 382 372 5 383 135 0 387 18 0 388 32 0 389 1207 0 390 12 0 391 1201 0 392 146 0 396 8 0 397 173 0 398 141 4 402 5 4 403 1 4 404 179 0 408 1 0 409 166 0 410 321 0 411 32 0 412 309 0 413 308 0 420 36 0 421 430 0 422 1713 0 426 44 0 427 1707 0 428 133 0 429 47 0 430 12 0 431 429 0 435 53 0 436 420 0 437 165 0 444 62 0 445 155 0 446 130 5 447 109 5 448 108 5 449 130 0 450 155 0 451 0 0 452 108 0 459 165 0 460 130 0 461 86 0 462 383 0 463 372 0 464 65 0 471 1366 0 472 1355 0 473 20 0 474 2256 0 475 2244 0 476 155 3 480 4 3 481 0 3 482 2 0 486 281 0 487 270 0 488 152 2 489 60 2 490 59 2 491 139 0 492 166 0 493 53 0 494 117 0 501 179 0 502 139 0 503 95 0 504 385 0 505 381 0 506 82 0 513 1367 0 514 1364 0 515 169 2 516 7 2 517 3 2 518 55 0 519 2257 0 520 2253 0 521 166 3 525 54 3 526 53 3 527 56 0 531 282 0 532 279 0 533 198 0 534 1554 0 535 1550 0 536 185 0 540 1553 0 541 1541 0 542 202 0 549 1551 0 550 1553 0 551 431 0 552 1550 0 553 1557 0 554 188 0 558 1549 0 559 1544 0 560 1532 1 561 183 1 562 1528 1 563 1714 0 564 1548 0 565 1752 0 566 269 0 570 1547 0 571 1555 0 572 323 0 573 1546 0 574 1556 0 575 185 5 579 1618 5 580 1617 5 581 1529 1 582 190 1 583 1530 1 584 191 0 585 1545 0 586 1546 0 587 1208 0 588 1544 0 589 1567 0 590 1528 1 591 1234 1 592 1540 1 593 145 0 594 1543 0 595 1552 0 596 180 4 600 1526 4 601 1525 4 602 204 0 606 1525 0 607 1554 0 608 218 5 609 284 5 610 283 5 611 227 0 612 609 0 613 606 0 614 218 0 618 608 0 619 597 0 620 229 0 627 607 0 628 608 0 629 433 0 630 606 0 631 625 0 632 221 0 636 605 0 637 600 0 638 618 1 639 208 1 640 613 1 641 617 1 642 1738 1 643 1746 1 644 1715 0 645 604 0 646 1725 0 647 616 1 648 268 1 649 621 1 650 267 0 651 603 0 652 595 0 653 325 0 654 602 0 655 623 0 656 614 1 660 210 1 661 615 1 662 223 0 663 601 0 664 602 0 665 1209 0 666 600 0 667 1219 0 668 613 1 669 1235 1 670 1244 1 671 143 0 672 599 0 673 596 0 674 2888 1 675 3008 1 676 335 1 677 205 4 678 611 4 679 610 4 680 230 0 684 610 0 685 609 0 686 244 5 687 271 5 688 270 5 689 253 0 690 295 0 691 292 0 692 244 0 696 294 0 697 283 0 698 255 0 705 293 0 706 294 0 707 435 0 708 292 0 709 440 0 710 247 0 714 291 0 715 286 0 716 1716 0 723 290 0 724 1718 0 725 265 0 729 289 0 730 263 0 731 327 0 732 288 0 733 332 0 734 249 0 741 287 0 742 288 0 743 1210 0 744 286 0 745 1212 0 746 577 0 750 285 0 751 581 0 752 231 4 756 297 4 757 296 4 758 256 0 762 296 0 763 295 0 764 270 5 765 6 5 766 2 5 767 279 0 768 256 0 769 253 0 770 270 0 774 255 0 775 244 0 776 281 0 783 254 0 784 255 0 785 437 0 786 253 0 787 435 0 788 273 0 792 252 0 793 247 0 794 1717 0 801 251 0 802 1716 0 803 264 0 807 250 0 808 265 0 809 329 0 810 249 0 811 327 0 812 275 0 819 248 0 820 249 0 821 1211 0 822 247 0 823 1210 0 824 579 0 828 246 0 829 577 0 830 257 4 834 232 4 835 231 4 836 282 0 840 231 0 841 256 0 842 295 0 843 205 0 844 230 0 845 296 4 849 206 4 850 205 4 851 581 0 855 220 0 856 143 0 857 1212 0 861 221 0 862 1209 0 863 288 0 864 222 0 865 223 0 866 332 0 873 223 0 874 325 0 875 263 0 876 224 0 877 267 0 878 1718 0 882 225 0 883 1715 0 884 286 0 891 226 0 892 221 0 893 440 0 897 227 0 898 433 0 899 294 0 900 228 0 901 229 0 902 283 0 909 229 0 910 218 0 911 292 0 915 230 0 916 227 0 917 283 5 918 245 5 919 244 5 920 293 0 921 325 0 922 228 0 923 280 0 930 327 0 931 254 0 932 254 0 936 332 0 937 293 0 938 228 0 942 623 0 943 607 0 944 199 0 948 1556 0 949 1551 0 950 140 0 954 309 0 955 62 0 956 118 0 957 321 0 958 140 0 959 96 0 966 388 0 967 382 0 968 85 0 969 1368 0 970 1365 0 971 312 2 975 31 2 976 30 2 977 59 0 978 329 0 979 280 0 980 309 3 984 63 3 985 62 3 986 64 0 990 2259 0 991 2254 0 992 354 0 996 402 0 997 399 0 998 353 0 999 401 0 1000 398 0 1001 344 0 1005 400 0 1006 389 0 1007 344 5 1011 1297 5 1012 1296 5 1013 407 1 1014 338 1 1015 408 1 1016 349 0 1017 393 0 1018 394 0 1019 1213 0 1020 392 0 1021 1215 0 1022 406 1 1023 1238 1 1024 1240 1 1025 582 0 1026 391 0 1027 587 0 1028 405 1 1029 583 1 1030 586 1 1031 333 4 1032 404 4 1033 403 4 1034 358 0 1038 403 0 1039 401 0 1040 359 0 1041 394 0 1042 402 0 1043 409 1 1047 261 1 1048 217 1 1049 260 0 1050 395 0 1051 242 0 1052 410 1 1053 1741 1 1054 1743 1 1055 1719 0 1056 396 0 1057 1721 0 1058 347 0 1059 397 0 1060 392 0 1061 411 1 1062 336 1 1063 406 1 1064 441 0 1065 398 0 1066 446 0 1067 356 0 1074 399 0 1075 400 0 1076 382 0 1077 320 0 1078 118 0 1079 381 0 1086 176 0 1087 117 0 1088 372 0 1092 162 0 1093 108 0 1094 372 5 1095 87 5 1096 86 5 1097 383 0 1098 118 0 1099 162 0 1100 444 0 1107 117 0 1108 428 0 1109 375 0 1113 116 0 1114 111 0 1115 1720 0 1116 115 0 1117 1712 0 1118 259 0 1122 114 0 1123 330 0 1124 388 0 1131 113 0 1132 320 0 1133 385 0 1134 119 0 1135 176 0 1136 361 4 1140 120 4 1141 119 4 1142 585 0 1146 110 0 1147 147 0 1148 1214 0 1152 111 0 1153 1206 0 1154 377 0 1155 112 0 1156 113 0 1157 400 0 1161 96 0 1162 161 0 1163 446 0 1170 95 0 1171 425 0 1172 105 1 1173 406 1 1174 100 1 1175 392 0 1176 94 0 1177 89 0 1178 1721 0 1179 93 0 1180 1711 0 1181 104 1 1182 1743 1 1183 1736 1 1184 242 0 1185 92 0 1186 355 0 1187 103 1 1188 217 1 1189 357 1 1190 402 0 1194 91 0 1195 317 0 1196 401 0 1197 97 0 1198 175 0 1199 403 4 1203 98 4 1204 97 4 1205 99 1 1206 586 1 1207 149 1 1208 587 0 1209 88 0 1210 150 0 1211 100 1 1212 1240 1 1213 1232 1 1214 1215 0 1215 89 0 1216 1205 0 1217 394 0 1218 90 0 1219 91 0 1220 101 1 1221 408 1 1222 102 1 1223 389 0 1227 161 0 1228 86 0 1229 398 0 1233 175 0 1234 95 0 1235 399 0 1236 317 0 1237 96 0 1238 389 5 1242 345 5 1243 344 5 1244 397 0 1245 425 0 1246 94 0 1247 380 0 1251 428 0 1252 116 0 1253 352 0 1260 446 0 1261 397 0 1262 291 0 1263 433 0 1264 226 0 1265 278 0 1272 435 0 1273 252 0 1274 252 0 1278 440 0 1279 291 0 1280 226 0 1284 625 0 1285 605 0 1286 196 0 1290 1557 0 1291 1549 0 1292 138 0 1296 420 0 1297 47 0 1298 116 0 1299 429 0 1300 138 0 1301 94 0 1308 444 0 1309 380 0 1310 80 0 1311 1369 0 1312 1363 0 1313 49 0 1317 437 0 1318 278 0 1319 420 3 1323 48 3 1324 47 3 1325 52 0 1329 2260 0 1330 2252 0 1331 417 2 1332 57 2 1333 56 2 1334 468 0 1338 1311 0 1339 1304 0 1340 460 5 1341 1356 5 1342 1355 5 1343 470 0 1347 1309 0 1348 1306 0 1349 469 0 1350 1308 0 1351 1305 0 1352 177 1 1353 534 1 1354 535 1 1355 460 0 1356 1307 0 1357 1296 0 1358 1316 1 1362 452 1 1363 1317 1 1364 465 0 1365 1300 0 1366 1301 0 1367 1216 0 1368 1299 0 1369 1337 0 1370 1315 1 1371 1241 1 1372 1336 1 1373 588 0 1374 1298 0 1375 1293 0 1376 447 4 1380 1313 4 1381 1312 4 1382 472 0 1386 1312 0 1387 1308 0 1388 473 0 1389 1301 0 1390 1309 0 1391 203 0 1398 1302 0 1399 1295 0 1400 1722 0 1401 1303 0 1402 1747 0 1403 463 0 1404 1304 0 1405 1299 0 1406 1319 1 1407 450 1 1408 1315 1 1409 474 0 1410 1305 0 1411 1311 0 1412 471 0 1419 1306 0 1420 1307 0 1421 482 1 1422 480 1 1423 481 1 1424 486 1 1425 1098 1 1426 1079 1 1427 484 1 1428 2338 1 1429 2357 1 1430 512 1 1431 491 1 1432 513 1 1433 492 1 1434 552 1 1435 553 1 1436 481 1 1437 2009 1 1438 2029 1 1439 477 1 1440 2907 1 1441 2889 1 1442 479 1 1443 488 1 1444 489 1 1445 489 1 1446 568 1 1447 569 1 1448 502 1 1449 493 1 1450 492 1 1451 502 1 1452 501 1 1453 503 1 1454 498 1 1455 560 1 1456 561 1 1457 496 1 1458 1371 1 1459 1370 1 1460 494 1 1461 2261 1 1462 2239 1 1463 510 9 1464 512 9 1465 513 9 1466 508 1 1467 562 1 1468 563 1 1469 506 1 1470 1373 1 1471 1372 1 1472 504 1 1473 2262 1 1474 2240 1 1475 514 1 1476 1558 1 1477 1537 1 1478 516 1 1479 1559 1 1480 1538 1 1481 518 1 1482 627 1 1483 626 1 1484 520 1 1485 629 1 1486 628 1 1487 522 1 1488 548 1 1489 549 1 1490 524 1 1491 550 1 1492 551 1 1493 544 1 1494 523 1 1495 522 1 1496 524 1 1497 547 1 1498 525 1 1499 540 1 1500 547 1 1501 546 1 1502 543 1 1503 544 1 1504 542 1 1505 538 1 1506 570 1 1507 571 1 1508 528 1 1509 539 1 1510 538 1 1511 526 1 1512 2908 1 1513 2890 1 1514 530 1 1515 2003 1 1516 2030 1 1517 543 1 1518 554 1 1519 555 1 1520 532 1 1521 531 1 1522 530 1 1523 537 1 1524 1099 1 1525 1080 1 1526 535 1 1527 2332 1 1528 2358 1 1529 549 1 1530 519 1 1531 518 1 1532 551 1 1533 521 1 1534 520 1 1535 553 1 1536 483 1 1537 482 1 1538 555 1 1539 533 1 1540 532 1 1541 556 1 1542 564 1 1543 565 1 1544 558 1 1545 566 1 1546 567 1 1547 561 1 1548 501 1 1549 500 1 1550 563 1 1551 511 1 1552 510 1 1553 565 1 1554 499 1 1555 498 1 1556 567 1 1557 509 1 1558 508 1 1559 569 1 1560 491 1 1561 490 1 1562 571 1 1563 541 1 1564 540 1 1565 573 1 1566 1325 1 1567 1324 1 1568 575 1 1569 1327 1 1570 1326 1 1571 201 1 1575 485 1 1576 484 1 1577 2007 0 1578 1295 0 1579 2050 0 1580 1294 1 1581 2028 1 1582 2049 1 1583 357 1 1584 2019 1 1585 2001 1 1586 2010 0 1587 355 0 1588 2020 0 1589 2011 0 1593 330 0 1594 2021 0 1595 2012 0 1596 242 0 1597 2010 0 1598 217 1 1599 2015 1 1600 2019 1 1601 2025 0 1605 267 0 1606 2026 0 1607 2013 0 1608 265 0 1609 2014 0 1610 2014 0 1614 263 0 1615 2025 0 1616 2026 0 1620 595 0 1621 2032 0 1622 621 1 1623 2005 1 1624 2031 1 1625 2016 0 1626 1555 0 1627 2060 0 1628 1523 1 1629 2004 1 1630 2059 1 1631 2018 0 1632 430 0 1633 2027 0 1634 2021 0 1641 308 0 1642 2018 0 1643 2020 0 1644 259 0 1645 2011 0 1646 1352 1 1650 2000 1 1651 2052 1 1652 2023 0 1653 1339 0 1654 2051 0 1655 430 3 1656 2024 3 1657 2027 3 1658 1997 0 1659 264 0 1660 2013 0 1661 2022 0 1662 2258 0 1663 2274 0 1664 2225 1 1665 1999 1 1666 2243 1 1667 458 2 1668 39 2 1669 38 2 1670 592 1 1677 527 1 1678 526 1 1679 590 1 1680 476 1 1681 477 1 1682 2337 0 1686 1293 0 1687 2377 0 1688 2330 0 1689 150 0 1690 2344 0 1691 149 1 1692 2355 1 1693 2329 1 1694 2336 0 1695 147 0 1696 2345 0 1697 586 1 1701 2353 1 1702 2355 1 1703 2333 0 1704 587 0 1705 2330 0 1706 2335 0 1707 143 0 1708 2342 0 1709 2334 0 1716 577 0 1717 2339 0 1718 2339 0 1722 581 0 1723 2335 0 1724 2360 1 1725 576 1 1726 2346 1 1727 2342 0 1728 596 0 1729 2359 0 1730 2341 0 1734 1552 0 1735 2387 0 1736 2343 0 1740 173 0 1741 2349 0 1742 2345 0 1743 146 0 1744 2343 0 1745 2344 0 1749 585 0 1750 2336 0 1751 2347 0 1752 1351 0 1753 2380 0 1754 163 2 1761 11 2 1762 9 2 1763 2236 1 1764 2327 1 1765 2410 1 1766 2351 0 1767 2255 0 1768 2409 0 1769 2325 0 1770 579 0 1771 2334 0 1772 173 3 1773 2348 3 1774 2349 3 1775 2359 0 1776 1680 0 1777 2394 0 1778 1672 1 1782 2031 1 1783 2066 1 1784 2032 0 1785 1679 0 1786 2065 0 1787 628 1 1788 1697 1 1789 1676 1 1790 626 1 1791 1696 1 1792 1675 1 1793 605 0 1794 1695 0 1795 1689 0 1796 607 0 1800 1694 0 1801 1691 0 1802 609 0 1806 1662 0 1807 1693 0 1808 610 4 1809 1663 4 1810 1662 4 1811 596 0 1815 1683 0 1816 1680 0 1817 1665 1 1818 1244 1 1819 1678 1 1820 1219 0 1821 1684 0 1822 1705 0 1823 602 0 1824 1685 0 1825 1686 0 1826 1666 1 1827 615 1 1828 1667 1 1829 623 0 1833 1686 0 1834 1694 0 1835 595 0 1836 1687 0 1837 1679 0 1838 1725 0 1842 1688 0 1843 1755 0 1844 1669 1 1845 613 1 1846 1665 1 1847 600 0 1848 1689 0 1849 1684 0 1850 625 0 1854 1690 0 1855 1695 0 1856 608 0 1857 1691 0 1858 1692 0 1859 597 0 1866 1692 0 1867 1681 0 1868 606 0 1872 1693 0 1873 1690 0 1874 597 5 1875 219 5 1876 218 5 1877 2361 0 1881 1880 0 1882 2398 0 1883 1864 1 1884 2362 1 1885 2397 1 1886 1853 1 1887 2033 1 1888 2070 1 1889 2034 0 1890 1883 0 1891 2069 0 1892 663 1 1893 1887 1 1894 1868 1 1895 661 1 1896 1886 1 1897 1867 1 1898 649 0 1899 1885 0 1900 1877 0 1901 651 0 1905 1884 0 1906 1879 0 1907 650 0 1923 1882 0 1924 1878 0 1925 641 0 1926 1881 0 1927 1869 0 1928 641 5 1929 1950 5 1930 1949 5 1931 654 0 1932 1879 0 1933 1881 0 1934 660 0 1938 1878 0 1939 1885 0 1940 1861 1 1941 634 1 1942 1857 1 1943 644 0 1944 1877 0 1945 1872 0 1946 1726 0 1947 1876 0 1948 1899 0 1949 656 0 1950 1875 0 1951 1883 0 1952 658 0 1959 1874 0 1960 1884 0 1961 655 0 1962 1854 0 1963 1882 0 1964 631 4 1965 1855 4 1966 1854 4 1967 1856 1 1968 652 1 1969 1864 1 1970 653 0 1971 1871 0 1972 1880 0 1973 1857 1 1974 1245 1 1975 1897 1 1976 1220 0 1977 1872 0 1978 1896 0 1979 646 0 1980 1873 0 1981 1874 0 1982 1858 1 1983 636 1 1984 1859 1 1985 681 5 1986 2176 5 1987 2175 5 1988 2363 0 1989 2104 0 1990 2404 0 1991 2086 1 1992 2364 1 1993 2403 1 1994 2075 1 1995 2035 1 1996 2124 1 1997 2036 0 1998 2107 0 1999 2123 0 2000 680 1 2001 2111 1 2002 2090 1 2003 679 1 2004 2110 1 2005 2089 1 2006 689 0 2007 2109 0 2008 2101 0 2009 691 0 2013 2108 0 2014 2103 0 2015 690 0 2031 2106 0 2032 2102 0 2033 681 0 2034 2105 0 2035 2093 0 2036 693 0 2037 2103 0 2038 2105 0 2039 697 0 2043 2102 0 2044 2109 0 2045 2083 1 2046 669 1 2047 2079 1 2048 684 0 2049 2101 0 2050 2096 0 2051 1727 0 2052 2100 0 2053 2121 0 2054 695 0 2055 2099 0 2056 2107 0 2057 696 0 2064 2098 0 2065 2108 0 2066 694 0 2067 2076 0 2068 2106 0 2069 666 4 2070 2077 4 2071 2076 4 2072 2078 1 2073 676 1 2074 2086 1 2075 692 0 2076 2095 0 2077 2104 0 2078 2079 1 2079 1246 1 2080 2092 1 2081 1221 0 2082 2096 0 2083 2119 0 2084 686 0 2085 2097 0 2086 2098 0 2087 2080 1 2088 671 1 2089 2081 1 2090 2365 0 2091 2652 0 2092 2672 0 2093 2622 1 2094 2366 1 2095 2640 1 2096 2621 1 2097 2037 1 2098 2639 1 2099 2038 0 2100 2655 0 2101 2671 0 2102 733 1 2103 2659 1 2104 2636 1 2105 731 1 2106 2658 1 2107 2635 1 2108 709 0 2109 2657 0 2110 2649 0 2111 711 0 2118 2656 0 2119 2651 0 2120 715 0 2124 2623 0 2125 2654 0 2126 716 4 2127 2624 4 2128 2623 4 2129 2625 1 2130 713 1 2131 2622 1 2132 712 0 2133 2643 0 2134 2652 0 2135 2626 1 2136 1247 1 2137 2638 1 2138 1222 0 2139 2644 0 2140 2667 0 2141 706 0 2142 2645 0 2143 2646 0 2144 2627 1 2145 721 1 2146 2628 1 2147 728 0 2151 2646 0 2152 2656 0 2153 726 0 2154 2647 0 2155 2655 0 2156 1728 0 2160 2648 0 2161 2669 0 2162 2630 1 2163 719 1 2164 2626 1 2165 703 0 2166 2649 0 2167 2644 0 2168 730 0 2172 2650 0 2173 2657 0 2174 714 0 2175 2651 0 2176 2653 0 2177 700 0 2178 2653 0 2179 2641 0 2180 710 0 2181 2654 0 2182 2650 0 2183 700 5 2193 2725 5 2194 2724 5 2195 744 0 2205 2497 0 2206 2493 0 2207 735 0 2208 2496 0 2209 2484 0 2210 747 0 2211 2494 0 2212 2496 0 2213 751 0 2214 2493 0 2215 2500 0 2216 738 0 2220 2492 0 2221 2487 0 2222 2474 1 2223 759 1 2224 2470 1 2225 1729 0 2226 2491 0 2227 2512 0 2228 749 0 2232 2490 0 2233 2498 0 2234 750 0 2235 2489 0 2236 2499 0 2237 2471 1 2241 761 1 2242 2472 1 2243 740 0 2244 2488 0 2245 2489 0 2246 1223 0 2247 2487 0 2248 2510 0 2249 2470 1 2250 1248 1 2251 2482 1 2252 746 0 2253 2486 0 2254 2495 0 2255 2469 1 2256 755 1 2257 2466 1 2258 756 4 2259 2468 4 2260 2467 4 2261 748 0 2262 2467 0 2263 2497 0 2264 745 0 2268 2499 0 2269 2494 0 2270 743 0 2277 2500 0 2278 2492 0 2279 768 1 2280 2501 1 2281 2479 1 2282 769 1 2283 2502 1 2284 2480 1 2285 2039 0 2286 2498 0 2287 2514 0 2288 2465 1 2289 2040 1 2290 2483 1 2291 2466 1 2292 2367 1 2293 2516 1 2294 2368 0 2295 2495 0 2296 2515 0 2297 735 5 2298 2570 5 2299 2569 5 2300 786 5 2301 2829 5 2302 2828 5 2303 2369 0 2304 2807 0 2305 2827 0 2306 2777 1 2307 2370 1 2308 2795 1 2309 2776 1 2310 2041 1 2311 2794 1 2312 2042 0 2313 2810 0 2314 2826 0 2315 785 1 2316 2814 1 2317 2791 1 2318 784 1 2319 2813 1 2320 2790 1 2321 794 0 2322 2812 0 2323 2804 0 2324 796 0 2331 2811 0 2332 2806 0 2333 799 0 2337 2778 0 2338 2809 0 2339 772 4 2340 2779 4 2341 2778 4 2342 2780 1 2343 771 1 2344 2777 1 2345 797 0 2346 2798 0 2347 2807 0 2348 2781 1 2349 1249 1 2350 2793 1 2351 1224 0 2352 2799 0 2353 2822 0 2354 791 0 2355 2800 0 2356 2801 0 2357 2782 1 2358 777 1 2359 2783 1 2360 801 0 2364 2801 0 2365 2811 0 2366 800 0 2367 2802 0 2368 2810 0 2369 1730 0 2373 2803 0 2374 2824 0 2375 2785 1 2376 775 1 2377 2781 1 2378 789 0 2379 2804 0 2380 2799 0 2381 802 0 2385 2805 0 2386 2812 0 2387 798 0 2388 2806 0 2389 2808 0 2390 786 0 2391 2808 0 2392 2796 0 2393 795 0 2394 2809 0 2395 2805 0 2396 1436 1 2406 830 1 2407 1437 1 2408 810 0 2409 1451 0 2410 1452 0 2411 1225 0 2412 1450 0 2413 1475 0 2414 1435 1 2415 1250 1 2416 1474 1 2417 816 0 2418 1449 0 2419 1458 0 2420 1434 1 2421 835 1 2422 1442 1 2423 825 4 2424 1433 4 2425 1432 4 2426 818 0 2427 1432 0 2428 1460 0 2429 820 0 2430 1452 0 2431 1462 0 2432 819 0 2439 1453 0 2440 1461 0 2441 1731 0 2442 1454 0 2443 1750 0 2444 808 0 2445 1455 0 2446 1450 0 2447 1439 1 2448 828 1 2449 1435 1 2450 821 0 2451 1456 0 2452 1463 0 2453 817 0 2457 1457 0 2458 1459 0 2459 805 0 2460 1459 0 2461 1447 0 2462 814 0 2463 1460 0 2464 1456 0 2465 815 0 2481 1462 0 2482 1457 0 2483 813 0 2487 1463 0 2488 1455 0 2489 838 1 2490 1464 1 2491 1445 1 2492 839 1 2493 1465 1 2494 1446 1 2495 2043 0 2496 1461 0 2497 2056 0 2498 1431 1 2499 2044 1 2500 2055 1 2501 1442 1 2502 2371 1 2503 2384 1 2504 2372 0 2505 1458 0 2506 2383 0 2507 805 5 2508 1806 5 2509 1805 5 2510 2373 0 2511 1396 0 2512 2382 0 2513 1415 1 2514 2374 1 2515 2381 1 2516 1404 1 2517 2045 1 2518 2054 1 2519 2046 0 2520 1399 0 2521 2053 0 2522 874 1 2523 1403 1 2524 1419 1 2525 873 1 2526 1402 1 2527 1418 1 2528 848 0 2529 1401 0 2530 1393 0 2531 850 0 2535 1400 0 2536 1395 0 2537 849 0 2553 1398 0 2554 1394 0 2555 840 0 2556 1397 0 2557 1385 0 2558 852 0 2559 1395 0 2560 1397 0 2561 856 0 2565 1394 0 2566 1401 0 2567 1412 1 2568 863 1 2569 1408 1 2570 843 0 2571 1393 0 2572 1388 0 2573 1732 0 2574 1392 0 2575 1749 0 2576 854 0 2577 1391 0 2578 1399 0 2579 855 0 2586 1390 0 2587 1400 0 2588 853 0 2589 1405 0 2590 1398 0 2591 860 4 2592 1406 4 2593 1405 4 2594 1407 1 2595 870 1 2596 1415 1 2597 851 0 2598 1387 0 2599 1396 0 2600 1408 1 2601 1251 1 2602 1429 1 2603 1226 0 2604 1388 0 2605 1428 0 2606 845 0 2607 1389 0 2608 1390 0 2609 1409 1 2610 865 1 2611 1410 1 2612 840 5 2613 1448 5 2614 1447 5 2615 890 5 2616 1870 5 2617 1869 5 2618 1829 1 2619 880 1 2620 1830 1 2621 895 0 2622 1809 0 2623 1810 0 2624 1227 0 2625 1808 0 2626 1849 0 2627 1828 1 2628 1252 1 2629 1848 1 2630 901 0 2631 1807 0 2632 1816 0 2633 1835 10 2634 3248 10 2635 885 10 2636 876 4 2637 1826 4 2638 1825 4 2639 903 0 2640 1825 0 2641 1818 0 2642 905 0 2643 1810 0 2644 1820 0 2645 904 0 2652 1811 0 2653 1819 0 2654 1733 0 2655 1812 0 2656 1851 0 2657 893 0 2658 1813 0 2659 1808 0 2660 1832 1 2661 878 1 2662 1828 1 2663 906 0 2664 1814 0 2665 1821 0 2666 902 0 2670 1815 0 2671 1817 0 2672 890 0 2673 1817 0 2674 1805 0 2675 899 0 2676 1818 0 2677 1814 0 2678 900 0 2694 1820 0 2695 1815 0 2696 898 0 2700 1821 0 2701 1813 0 2702 888 1 2703 1822 1 2704 1838 1 2705 889 1 2706 1823 1 2707 1839 1 2708 2047 0 2709 1819 0 2710 2068 0 2711 1824 1 2712 2048 1 2713 2067 1 2714 1835 1 2715 2375 1 2716 2396 1 2717 2376 0 2718 1816 0 2719 2395 0 2720 2971 0 2721 1840 0 2722 2981 0 2723 2970 0 2724 1420 0 2725 2974 0 2726 2969 0 2727 1466 0 2728 2975 0 2729 2968 0 2730 2815 0 2731 2997 0 2732 2967 0 2733 2503 0 2734 2991 0 2735 2966 0 2736 2660 0 2737 2994 0 2738 2965 0 2739 2112 0 2740 2985 0 2741 2964 0 2742 1888 0 2743 2982 0 2744 2963 0 2745 1698 0 2746 2980 0 2747 937 1 2748 1786 1 2749 1767 1 2750 935 1 2751 1785 1 2752 1766 1 2753 2960 0 2754 1328 0 2755 2972 0 2756 915 1 2757 3008 1 2758 3001 1 2759 2959 0 2760 916 0 2761 2949 0 2762 2958 0 2766 917 0 2767 2950 0 2768 2957 0 2769 932 0 2770 2959 0 2771 933 1 2772 3006 1 2773 3008 1 2774 2956 0 2778 922 0 2779 2953 0 2780 2955 0 2781 924 0 2782 2954 0 2783 2954 0 2787 926 0 2788 2956 0 2789 2953 0 2793 939 0 2794 2963 0 2795 940 1 2796 3003 1 2797 3011 1 2798 2952 0 2799 1560 0 2800 2977 0 2801 2951 0 2802 911 0 2803 2945 0 2804 2950 0 2811 919 0 2812 2951 0 2813 2949 0 2814 930 0 2815 2958 0 2816 2948 0 2820 1374 0 2821 2973 0 2822 911 3 2823 2946 3 2824 2945 3 2825 2999 0 2826 925 0 2827 2955 0 2828 2947 0 2829 2263 0 2830 2988 0 2831 909 2 2835 1757 2 2836 1756 2 2837 976 2 2838 1735 2 2839 1734 2 2840 986 1 2841 1723 1 2842 1744 1 2843 987 1 2844 1724 1 2845 1745 1 2846 1795 0 2847 1841 0 2848 1852 0 2849 1794 0 2850 1421 0 2851 1798 0 2852 1793 0 2853 1467 0 2854 1799 0 2855 1792 0 2856 2816 0 2857 2825 0 2858 1791 0 2859 2504 0 2860 2513 0 2861 1790 0 2862 2661 0 2863 2670 0 2864 1789 0 2865 2113 0 2866 2122 0 2867 1788 0 2868 1889 0 2869 1900 0 2870 1787 0 2871 1699 0 2872 1804 0 2873 1784 0 2874 1329 0 2875 1796 0 2876 978 1 2877 1765 1 2878 1758 1 2879 1783 0 2880 953 0 2881 1773 0 2882 1782 0 2886 954 0 2887 1774 0 2888 1781 0 2889 963 0 2890 1783 0 2891 985 1 2892 1763 1 2893 1765 1 2894 1780 0 2898 957 0 2899 1777 0 2900 1779 0 2901 958 0 2902 1778 0 2903 1778 0 2907 960 0 2908 1780 0 2909 1777 0 2913 967 0 2914 1787 0 2915 988 1 2916 1760 1 2917 1768 1 2918 1776 0 2919 1561 0 2920 1801 0 2921 1775 0 2922 949 0 2923 1769 0 2924 1774 0 2931 955 0 2932 1775 0 2933 1773 0 2934 962 0 2935 1782 0 2936 1772 0 2940 1375 0 2941 1797 0 2942 949 3 2943 1770 3 2944 1769 3 2945 1756 0 2946 959 0 2947 1779 0 2948 1771 0 2949 2264 0 2950 2273 0 2951 1135 0 2955 1842 0 2956 1845 0 2957 1134 0 2958 1422 0 2959 1425 0 2960 1133 0 2961 1468 0 2962 1471 0 2963 1132 0 2964 2817 0 2965 2820 0 2966 1131 0 2967 2505 0 2968 2508 0 2969 1130 0 2970 2662 0 2971 2665 0 2972 1129 0 2973 2114 0 2974 2117 0 2975 1128 0 2976 1890 0 2977 1893 0 2978 1127 0 2979 1700 0 2980 1703 0 2981 1017 1 2982 1283 1 2983 1264 1 2984 1015 1 2985 1282 1 2986 1263 1 2987 1124 0 2988 1330 0 2989 1333 0 2990 1123 0 2991 995 0 2992 1113 0 2993 996 1 2994 1145 1 2995 1138 1 2996 1122 0 2997 998 0 2998 1114 0 2999 1012 1 3003 1143 1 3004 1145 1 3005 1121 0 3006 1013 0 3007 1123 0 3008 1120 0 3009 1001 0 3010 1117 0 3011 1119 0 3018 1003 0 3019 1118 0 3020 1118 0 3024 1007 0 3025 1120 0 3026 1019 1 3027 1140 1 3028 1148 1 3029 1117 0 3030 1020 0 3031 1127 0 3032 1116 0 3033 1562 0 3034 1565 0 3035 1115 0 3039 989 0 3040 1109 0 3041 1114 0 3042 999 0 3043 1115 0 3044 1113 0 3051 1011 0 3052 1122 0 3053 1112 0 3054 1376 0 3055 1379 0 3056 992 2 3060 1254 2 3061 1253 2 3062 1111 0 3063 2265 0 3064 2268 0 3065 1136 0 3066 1005 0 3067 1119 0 3068 989 3 3069 1110 3 3070 1109 3 3071 1042 3 3072 1083 3 3073 1082 3 3074 1069 0 3075 1052 0 3076 1092 0 3077 1084 0 3078 2266 0 3079 2267 0 3080 1085 0 3084 1377 0 3085 1378 0 3086 1086 0 3087 1055 0 3088 1095 0 3089 1087 0 3096 1048 0 3097 1088 0 3098 1088 0 3099 1042 0 3100 1082 0 3101 1089 0 3105 1563 0 3106 1564 0 3107 1090 0 3108 1060 0 3109 1100 0 3110 1041 1 3111 1073 1 3112 1081 1 3113 1091 0 3114 1053 0 3115 1093 0 3116 1092 0 3120 1051 0 3121 1091 0 3122 1093 0 3129 1050 0 3130 1090 0 3131 1094 0 3132 1056 0 3133 1096 0 3134 1038 1 3135 1076 1 3136 1078 1 3137 1095 0 3141 1047 0 3142 1087 0 3143 1031 1 3144 1078 1 3145 1071 1 3146 1096 0 3147 1046 0 3148 1086 0 3149 1097 0 3150 1331 0 3151 1332 0 3152 1100 0 3153 1701 0 3154 1702 0 3155 1101 0 3156 1891 0 3157 1892 0 3158 1102 0 3159 2115 0 3160 2116 0 3161 1103 0 3162 2663 0 3163 2664 0 3164 1104 0 3165 2506 0 3166 2507 0 3167 1105 0 3168 2818 0 3169 2819 0 3170 1106 0 3171 1469 0 3172 1470 0 3173 1107 0 3174 1423 0 3175 1424 0 3176 1108 0 3177 1843 0 3178 1844 0 3179 1040 1 3180 1126 1 3181 1147 1 3182 1039 1 3183 1125 1 3184 1146 1 3185 1029 2 3186 1137 2 3187 1136 2 3188 897 0 3189 1844 0 3190 1812 0 3191 847 0 3192 1424 0 3193 1392 0 3194 812 0 3195 1470 0 3196 1454 0 3197 793 0 3198 2819 0 3199 2803 0 3200 742 0 3201 2507 0 3202 2491 0 3203 708 0 3204 2664 0 3205 2648 0 3206 688 0 3207 2116 0 3208 2100 0 3209 648 0 3210 1892 0 3211 1876 0 3212 604 0 3213 1702 0 3214 1688 0 3215 467 0 3216 1332 0 3217 1303 0 3218 396 0 3219 1086 0 3220 93 0 3221 1071 1 3222 410 1 3223 104 1 3224 379 0 3225 1087 0 3226 115 0 3227 1078 1 3231 340 1 3232 410 1 3233 351 0 3234 1096 0 3235 396 0 3236 290 0 3237 1090 0 3238 225 0 3239 277 0 3246 1091 0 3247 251 0 3248 251 0 3252 1093 0 3253 290 0 3254 1081 1 3255 212 1 3256 617 1 3257 225 0 3258 1100 0 3259 604 0 3260 194 0 3261 1564 0 3262 1548 0 3263 137 0 3267 1082 0 3268 44 0 3269 115 0 3270 1088 0 3271 137 0 3272 93 0 3279 1095 0 3280 379 0 3281 79 0 3282 1378 0 3283 1362 0 3284 46 0 3288 2267 0 3289 2251 0 3290 42 0 3291 1092 0 3292 277 0 3293 1082 3 3294 45 3 3295 44 3 3296 1080 1 3297 1059 1 3298 1040 1 3299 1079 1 3300 1058 1 3301 1039 1 3302 1069 2 3303 1030 2 3304 1029 2 3305 1136 2 3306 993 2 3307 992 2 3308 1146 1 3309 1016 1 3310 1015 1 3311 1147 1 3312 1018 1 3313 1017 1 3314 1109 3 3315 1043 3 3316 1042 3 3317 1029 0 3318 1119 0 3319 1052 0 3320 1044 0 3321 2268 0 3322 2266 0 3323 1045 0 3327 1379 0 3328 1377 0 3329 1046 0 3330 1122 0 3331 1055 0 3332 1047 0 3339 1115 0 3340 1048 0 3341 1048 0 3342 1109 0 3343 1042 0 3344 1049 0 3348 1565 0 3349 1563 0 3350 1050 0 3351 1127 0 3352 1060 0 3353 1148 1 3354 1033 1 3355 1041 1 3356 1051 0 3357 1120 0 3358 1053 0 3359 1052 0 3363 1118 0 3364 1051 0 3365 1053 0 3372 1117 0 3373 1050 0 3374 1054 0 3375 1123 0 3376 1056 0 3377 1145 1 3378 1036 1 3379 1038 1 3380 1055 0 3384 1114 0 3385 1047 0 3386 1138 1 3387 1038 1 3388 1031 1 3389 1056 0 3390 1113 0 3391 1046 0 3392 1057 0 3393 1333 0 3394 1331 0 3395 1060 0 3396 1703 0 3397 1701 0 3398 1061 0 3399 1893 0 3400 1891 0 3401 1062 0 3402 2117 0 3403 2115 0 3404 1063 0 3405 2665 0 3406 2663 0 3407 1064 0 3408 2508 0 3409 2506 0 3410 1065 0 3411 2820 0 3412 2818 0 3413 1066 0 3414 1471 0 3415 1469 0 3416 1067 0 3417 1425 0 3418 1423 0 3419 1068 0 3420 1845 0 3421 1843 0 3422 1176 2 3423 1229 2 3424 1228 2 3425 1190 1 3426 1217 1 3427 1242 1 3428 1191 1 3429 1218 1 3430 1243 1 3431 1292 0 3432 1847 0 3433 1850 0 3434 1291 0 3435 1426 0 3436 1430 0 3437 1290 0 3438 1473 0 3439 1476 0 3440 1289 0 3441 2821 0 3442 2823 0 3443 1288 0 3444 2509 0 3445 2511 0 3446 1287 0 3447 2666 0 3448 2668 0 3449 1286 0 3450 2118 0 3451 2120 0 3452 1285 0 3453 1894 0 3454 1898 0 3455 1284 0 3456 1704 0 3457 1706 0 3458 1281 0 3459 1335 0 3460 1338 0 3461 1280 0 3462 1153 0 3463 1270 0 3464 1180 1 3465 1262 1 3466 1255 1 3467 1279 0 3468 1154 0 3469 1271 0 3470 1188 1 3474 1260 1 3475 1262 1 3476 1278 0 3477 1163 0 3478 1280 0 3479 1277 0 3480 1157 0 3481 1274 0 3482 1276 0 3489 1158 0 3490 1275 0 3491 1275 0 3495 1160 0 3496 1277 0 3497 1192 1 3498 1257 1 3499 1265 1 3500 1274 0 3501 1167 0 3502 1284 0 3503 1273 0 3504 1566 0 3505 1568 0 3506 1272 0 3510 1149 0 3511 1266 0 3512 1271 0 3513 1155 0 3514 1272 0 3515 1270 0 3522 1162 0 3523 1279 0 3524 1269 0 3525 1380 0 3526 1384 0 3527 1268 0 3531 2269 0 3532 2271 0 3533 1253 0 3534 1159 0 3535 1276 0 3536 1149 3 3537 1267 3 3538 1266 3 3539 1243 1 3540 529 1 3541 528 1 3542 1242 1 3543 478 1 3544 479 1 3545 1228 2 3546 15 2 3547 14 2 3548 1848 1 3549 1200 1 3550 1846 1 3551 1175 0 3552 1849 0 3553 1847 0 3554 1174 0 3555 1428 0 3556 1426 0 3557 1429 1 3558 1199 1 3559 1427 1 3560 1474 1 3561 1198 1 3562 1472 1 3563 1173 0 3564 1475 0 3565 1473 0 3566 1172 0 3567 2822 0 3568 2821 0 3569 2793 1 3570 1197 1 3571 2792 1 3572 2482 1 3573 1196 1 3574 2481 1 3575 1171 0 3576 2510 0 3577 2509 0 3578 1170 0 3579 2667 0 3580 2666 0 3581 2638 1 3582 1195 1 3583 2637 1 3584 1169 0 3585 2119 0 3586 2118 0 3587 2092 1 3588 1194 1 3589 2091 1 3590 1168 0 3591 1896 0 3592 1894 0 3593 1897 1 3594 1193 1 3595 1895 1 3596 1167 0 3597 1705 0 3598 1704 0 3599 1678 1 3600 1192 1 3601 1677 1 3602 1336 1 3603 1189 1 3604 1334 1 3605 1164 0 3606 1337 0 3607 1335 0 3608 1163 0 3609 1205 0 3610 1153 0 3611 1232 1 3612 1188 1 3613 1180 1 3614 1162 0 3615 1206 0 3616 1154 0 3617 1240 1 3621 1186 1 3622 1188 1 3623 1161 0 3624 1215 0 3625 1163 0 3626 1160 0 3627 1209 0 3628 1157 0 3629 1159 0 3636 1210 0 3637 1158 0 3638 1158 0 3642 1212 0 3643 1160 0 3644 1244 1 3645 1183 1 3646 1192 1 3647 1157 0 3648 1219 0 3649 1167 0 3650 1540 1 3651 1182 1 3652 1539 1 3653 1156 0 3654 1567 0 3655 1566 0 3656 1155 0 3660 1201 0 3661 1149 0 3662 1154 0 3663 1207 0 3664 1155 0 3665 1153 0 3672 1214 0 3673 1162 0 3674 1152 0 3675 1382 0 3676 1380 0 3677 1383 1 3678 1179 1 3679 1381 1 3680 2242 1 3684 1178 1 3685 2241 1 3686 1151 0 3687 2270 0 3688 2269 0 3689 1176 0 3690 1211 0 3691 1159 0 3692 1201 3 3693 1150 3 3694 1149 3 3695 1266 3 3696 990 3 3697 989 3 3698 992 0 3699 1276 0 3700 1005 0 3701 991 0 3702 2271 0 3703 2265 0 3704 994 0 3708 1384 0 3709 1376 0 3710 995 0 3711 1279 0 3712 1011 0 3713 998 0 3720 1272 0 3721 999 0 3722 999 0 3723 1266 0 3724 989 0 3725 1000 0 3729 1568 0 3730 1562 0 3731 1001 0 3732 1284 0 3733 1020 0 3734 1265 1 3735 1002 1 3736 1019 1 3737 1003 0 3738 1277 0 3739 1007 0 3740 1005 0 3744 1275 0 3745 1003 0 3746 1007 0 3753 1274 0 3754 1001 0 3755 1008 0 3756 1280 0 3757 1013 0 3758 1262 1 3759 1009 1 3760 1012 1 3761 1011 0 3765 1271 0 3766 998 0 3767 1255 1 3768 1012 1 3769 996 1 3770 1013 0 3771 1270 0 3772 995 0 3773 1014 0 3774 1338 0 3775 1330 0 3776 1020 0 3777 1706 0 3778 1700 0 3779 1021 0 3780 1898 0 3781 1890 0 3782 1022 0 3783 2120 0 3784 2114 0 3785 1023 0 3786 2668 0 3787 2662 0 3788 1024 0 3789 2511 0 3790 2505 0 3791 1025 0 3792 2823 0 3793 2817 0 3794 1026 0 3795 1476 0 3796 1468 0 3797 1027 0 3798 1430 0 3799 1422 0 3800 1028 0 3801 1850 0 3802 1842 0 3803 1253 2 3804 1177 2 3805 1176 2 3806 1263 1 3807 1165 1 3808 1190 1 3809 1264 1 3810 1166 1 3811 1191 1 3812 1330 0 3813 1278 0 3814 1008 0 3815 1335 0 3816 1213 0 3817 1161 0 3818 1238 1 3819 1334 1 3820 1186 1 3821 1338 0 3822 1161 0 3823 1278 0 3824 1331 0 3825 1121 0 3826 1054 0 3827 1303 0 3828 1094 0 3829 351 0 3830 1332 0 3831 1054 0 3832 1094 0 3833 1333 0 3834 1008 0 3835 1121 0 3836 1796 0 3837 961 0 3838 1781 0 3839 2972 0 3840 929 0 3841 2957 0 3842 2377 0 3843 582 0 3844 2333 0 3845 261 1 3849 2049 1 3850 2015 1 3851 2050 0 3852 260 0 3853 2012 0 3854 1326 1 3855 559 1 3856 558 1 3857 1324 1 3858 557 1 3859 556 1 3860 1307 0 3861 354 0 3862 356 0 3863 1311 0 3870 353 0 3871 441 0 3872 341 1 3873 1315 1 3874 336 1 3875 1299 0 3876 352 0 3877 347 0 3878 1747 0 3879 351 0 3880 1719 0 3881 1295 0 3882 350 0 3883 260 0 3884 1309 0 3891 349 0 3892 359 0 3893 1308 0 3894 333 0 3895 358 0 3896 1312 4 3900 334 4 3901 333 4 3902 1293 0 3906 346 0 3907 582 0 3908 336 1 3909 1336 1 3910 1238 1 3911 1337 0 3912 347 0 3913 1213 0 3914 1301 0 3915 348 0 3916 349 0 3917 337 1 3918 1317 1 3919 338 1 3920 1296 0 3921 356 0 3922 344 0 3923 1305 0 3924 358 0 3925 353 0 3926 1306 0 3927 359 0 3928 354 0 3929 1304 0 3933 441 0 3934 352 0 3935 1296 5 3939 461 5 3940 460 5 3941 1376 0 3948 1281 0 3949 1014 0 3950 1241 1 3951 1381 1 3952 1189 1 3953 1380 0 3954 1216 0 3955 1164 0 3956 1384 0 3957 1164 0 3958 1281 0 3959 1377 0 3960 1124 0 3961 1057 0 3962 1362 0 3963 1097 0 3964 467 0 3965 1378 0 3966 1057 0 3967 1097 0 3968 1379 0 3969 1014 0 3970 1124 0 3971 1797 0 3972 964 0 3973 1784 0 3974 2973 0 3975 934 0 3976 2960 0 3977 2380 0 3981 588 0 3982 2337 0 3983 2051 0 3984 203 0 3985 2007 0 3986 216 1 3987 2052 1 3988 2028 1 3989 1372 1 3990 574 1 3991 575 1 3992 1370 1 3993 572 1 3994 573 1 3995 1355 5 3996 66 5 3997 65 5 3998 1363 0 4002 474 0 4003 468 0 4004 1365 0 4008 473 0 4009 470 0 4010 1364 0 4011 472 0 4012 469 0 4013 1355 0 4017 471 0 4018 460 0 4019 451 1 4023 1345 1 4024 452 1 4025 1360 0 4026 464 0 4027 465 0 4028 1382 0 4029 463 0 4030 1216 0 4031 450 1 4032 1383 1 4033 1241 1 4034 1351 0 4035 462 0 4036 588 0 4037 1340 4 4041 448 4 4042 447 4 4043 1367 0 4044 447 0 4045 472 0 4046 1368 0 4047 465 0 4048 473 0 4049 1339 0 4056 466 0 4057 203 0 4058 1748 0 4059 467 0 4060 1722 0 4061 1358 0 4062 468 0 4063 463 0 4064 454 1 4065 1343 1 4066 450 1 4067 1369 0 4068 469 0 4069 474 0 4070 1366 0 4074 470 0 4075 471 0 4076 1422 0 4083 1269 0 4084 994 0 4085 1231 1 4086 1427 1 4087 1179 1 4088 1426 0 4089 1204 0 4090 1152 0 4091 1430 0 4092 1152 0 4093 1269 0 4094 1423 0 4095 1112 0 4096 1045 0 4097 1392 0 4098 1085 0 4099 79 0 4100 1424 0 4101 1045 0 4102 1085 0 4103 1425 0 4104 994 0 4105 1112 0 4106 1798 0 4107 952 0 4108 1772 0 4109 2974 0 4110 914 0 4111 2948 0 4112 74 1 4113 1410 1 4114 76 1 4115 1390 0 4116 69 0 4117 75 0 4118 1428 0 4119 68 0 4120 1204 0 4121 73 1 4122 1429 1 4123 1231 1 4124 1396 0 4125 67 0 4126 151 0 4127 1405 4 4131 71 4 4132 70 4 4133 1398 0 4134 70 0 4135 172 0 4136 1400 0 4137 75 0 4138 316 0 4139 1399 0 4146 78 0 4147 386 0 4148 1749 0 4149 79 0 4150 1710 0 4151 1388 0 4152 80 0 4153 68 0 4154 81 1 4155 1408 1 4156 73 1 4157 1401 0 4158 82 0 4159 424 0 4160 1397 0 4164 85 0 4165 158 0 4166 1385 0 4167 158 0 4168 65 0 4169 1394 0 4170 172 0 4171 82 0 4172 1395 0 4188 316 0 4189 85 0 4190 1393 0 4194 424 0 4195 80 0 4196 1418 1 4197 497 1 4198 496 1 4199 1419 1 4200 507 1 4201 506 1 4202 2053 0 4203 386 0 4204 2023 0 4205 384 1 4206 2054 1 4207 2000 1 4208 2382 0 4212 151 0 4213 2347 0 4214 1385 5 4215 841 5 4216 840 5 4217 1468 0 4218 1291 0 4219 1027 0 4220 1473 0 4221 1226 0 4222 1174 0 4223 1251 1 4224 1472 1 4225 1199 1 4226 1476 0 4227 1174 0 4228 1291 0 4229 1469 0 4230 1134 0 4231 1067 0 4232 1454 0 4233 1107 0 4234 847 0 4235 1470 0 4236 1067 0 4237 1107 0 4238 1471 0 4239 1027 0 4240 1134 0 4241 1799 0 4242 974 0 4243 1794 0 4244 2975 0 4245 947 0 4246 2970 0 4247 1447 5 4248 806 5 4249 805 5 4250 2383 0 4251 851 0 4252 2373 0 4253 870 1 4254 2384 1 4255 2374 1 4256 859 1 4257 2055 1 4258 2045 1 4259 2056 0 4260 854 0 4261 2046 0 4262 1446 1 4263 858 1 4264 874 1 4265 1445 1 4266 857 1 4267 873 1 4268 1455 0 4269 856 0 4270 848 0 4271 1457 0 4275 855 0 4276 850 0 4277 1456 0 4293 853 0 4294 849 0 4295 1447 0 4296 852 0 4297 840 0 4298 1459 0 4299 850 0 4300 852 0 4301 1463 0 4305 849 0 4306 856 0 4307 867 1 4308 1435 1 4309 863 1 4310 1450 0 4311 848 0 4312 843 0 4313 1750 0 4314 847 0 4315 1732 0 4316 1461 0 4317 846 0 4318 854 0 4319 1462 0 4326 845 0 4327 855 0 4328 1460 0 4329 860 0 4330 853 0 4331 1432 4 4332 861 4 4333 860 4 4334 862 1 4335 1442 1 4336 870 1 4337 1458 0 4338 842 0 4339 851 0 4340 863 1 4341 1474 1 4342 1251 1 4343 1475 0 4344 843 0 4345 1226 0 4346 1452 0 4347 844 0 4348 845 0 4349 864 1 4350 1437 1 4351 865 1 4352 1514 0 4353 2855 0 4354 2849 0 4355 1519 0 4356 2854 0 4357 2853 0 4358 2873 1 4359 1518 1 4360 2872 1 4361 1522 0 4362 2853 0 4363 2855 0 4364 1515 0 4365 2852 0 4366 2850 0 4367 1500 0 4368 2851 0 4369 2835 0 4370 1516 0 4371 2850 0 4372 2851 0 4373 1517 0 4374 2849 0 4375 2852 0 4376 1800 0 4377 2848 0 4378 2875 0 4379 2976 0 4380 2847 0 4381 2998 0 4382 1493 5 4383 1542 5 4384 1541 5 4385 2385 0 4386 2839 0 4387 2879 0 4388 2857 1 4389 2386 1 4390 2878 1 4391 2856 1 4392 2057 1 4393 2877 1 4394 2058 0 4395 2842 0 4396 2876 0 4397 1492 1 4398 2846 1 4399 2871 1 4400 1491 1 4401 2845 1 4402 2870 1 4403 1501 0 4404 2844 0 4405 2836 0 4406 1503 0 4413 2843 0 4414 2838 0 4415 1506 0 4419 2858 0 4420 2841 0 4421 1479 4 4422 2859 4 4423 2858 4 4424 2860 1 4425 1478 1 4426 2857 1 4427 1504 0 4428 2830 0 4429 2839 0 4430 2861 1 4431 1520 1 4432 2873 1 4433 1521 0 4434 2831 0 4435 2854 0 4436 1498 0 4437 2832 0 4438 2833 0 4439 2862 1 4440 1484 1 4441 2863 1 4442 1508 0 4446 2833 0 4447 2843 0 4448 1507 0 4449 2834 0 4450 2842 0 4451 1751 0 4455 2835 0 4456 2874 0 4457 2865 1 4458 1482 1 4459 2861 1 4460 1496 0 4461 2836 0 4462 2831 0 4463 1509 0 4467 2837 0 4468 2844 0 4469 1505 0 4470 2838 0 4471 2840 0 4472 1493 0 4473 2840 0 4474 2828 0 4475 1502 0 4476 2841 0 4477 2837 0 4478 1541 5 4488 186 5 4489 185 5 4490 1562 0 4491 1522 0 4492 1514 0 4493 1566 0 4494 1521 0 4495 1519 0 4496 1520 1 4497 1539 1 4498 1518 1 4499 1568 0 4500 1519 0 4501 1522 0 4502 1563 0 4503 1517 0 4504 1515 0 4505 1548 0 4506 1516 0 4507 1500 0 4508 1564 0 4509 1515 0 4510 1516 0 4511 1565 0 4512 1514 0 4513 1517 0 4514 1801 0 4515 1513 0 4516 1800 0 4517 2977 0 4518 1512 0 4519 2976 0 4520 2387 0 4521 1504 0 4522 2385 0 4523 1478 1 4524 2388 1 4525 2386 1 4526 1477 1 4527 2059 1 4528 2057 1 4529 2060 0 4530 1507 0 4531 2058 0 4532 1538 1 4533 1511 1 4534 1492 1 4535 1537 1 4536 1510 1 4537 1491 1 4538 1549 0 4539 1509 0 4540 1501 0 4541 1551 0 4548 1508 0 4549 1503 0 4550 1554 0 4554 1479 0 4555 1506 0 4556 1525 4 4557 1480 4 4558 1479 4 4559 1481 1 4560 1524 1 4561 1478 1 4562 1552 0 4563 1495 0 4564 1504 0 4565 1482 1 4566 1540 1 4567 1520 1 4568 1567 0 4569 1496 0 4570 1521 0 4571 1546 0 4572 1497 0 4573 1498 0 4574 1483 1 4575 1530 1 4576 1484 1 4577 1556 0 4581 1498 0 4582 1508 0 4583 1555 0 4584 1499 0 4585 1507 0 4586 1752 0 4590 1500 0 4591 1751 0 4592 1486 1 4593 1528 1 4594 1482 1 4595 1544 0 4596 1501 0 4597 1496 0 4598 1557 0 4602 1502 0 4603 1509 0 4604 1553 0 4605 1503 0 4606 1505 0 4607 1541 0 4608 1505 0 4609 1493 0 4610 1550 0 4611 1506 0 4612 1502 0 4613 1606 0 4623 1642 0 4624 1636 0 4625 1660 1 4626 1611 1 4627 1659 1 4628 1610 0 4629 1641 0 4630 1640 0 4631 1614 0 4632 1640 0 4633 1642 0 4634 1607 0 4635 1639 0 4636 1637 0 4637 1579 0 4638 1638 0 4639 1624 0 4640 1608 0 4641 1637 0 4642 1638 0 4643 1609 0 4644 1636 0 4645 1639 0 4646 1802 0 4647 1635 0 4648 1803 0 4649 2978 0 4650 1634 0 4651 2979 0 4652 1581 0 4656 1629 0 4657 1626 0 4658 1572 0 4662 1628 0 4663 1617 0 4664 1583 0 4671 1627 0 4672 1628 0 4673 1586 0 4674 1626 0 4675 1631 0 4676 1575 0 4680 1625 0 4681 1620 0 4682 1651 1 4683 1592 1 4684 1647 1 4685 1753 0 4686 1624 0 4687 1754 0 4688 1569 0 4692 1623 0 4693 1615 0 4694 1585 0 4695 1622 0 4696 1630 0 4697 1648 1 4701 1594 1 4702 1649 1 4703 1577 0 4704 1621 0 4705 1622 0 4706 1612 0 4707 1620 0 4708 1641 0 4709 1647 1 4710 1613 1 4711 1660 1 4712 1571 0 4713 1619 0 4714 1616 0 4715 1589 4 4719 1645 4 4720 1644 4 4721 1584 0 4722 1644 0 4723 1629 0 4724 1582 0 4728 1630 0 4729 1627 0 4730 1580 0 4734 1631 0 4735 1625 0 4736 1602 1 4737 1632 1 4738 1657 1 4739 1603 1 4740 1633 1 4741 1658 1 4742 2061 0 4743 1615 0 4744 2064 0 4745 1654 1 4746 2062 1 4747 2063 1 4748 2390 0 4752 1616 0 4753 2391 0 4754 1572 5 4755 1682 5 4756 1681 5 4757 2391 0 4758 145 0 4759 2341 0 4760 307 1 4764 2063 1 4765 2004 1 4766 2064 0 4767 269 0 4768 2016 0 4769 1658 1 4770 517 1 4771 516 1 4772 1657 1 4773 515 1 4774 514 1 4775 1625 0 4776 431 0 4777 196 0 4778 1627 0 4782 323 0 4783 199 0 4784 1629 0 4788 180 0 4789 204 0 4790 1644 4 4791 181 4 4792 180 4 4793 1616 0 4797 187 0 4798 145 0 4799 183 1 4800 1660 1 4801 1234 1 4802 1641 0 4803 188 0 4804 1208 0 4805 1622 0 4806 189 0 4807 191 0 4808 184 1 4809 1649 1 4810 190 1 4811 1630 0 4815 191 0 4816 323 0 4817 1615 0 4818 192 0 4819 269 0 4820 1754 0 4824 194 0 4825 1714 0 4826 195 1 4827 1647 1 4828 183 1 4829 1620 0 4830 196 0 4831 188 0 4832 1631 0 4836 198 0 4837 431 0 4838 1628 0 4839 199 0 4840 202 0 4841 1617 0 4848 202 0 4849 185 0 4850 1626 0 4854 204 0 4855 198 0 4856 2979 0 4860 920 0 4861 2952 0 4862 1803 0 4863 956 0 4864 1776 0 4865 1639 0 4866 1000 0 4867 1116 0 4868 1638 0 4869 1049 0 4870 1089 0 4871 1624 0 4872 1089 0 4873 194 0 4874 1637 0 4875 1116 0 4876 1049 0 4877 1642 0 4878 1156 0 4879 1273 0 4880 1640 0 4881 1208 0 4882 1156 0 4883 1234 1 4884 1659 1 4885 1182 1 4886 1636 0 4887 1273 0 4888 1000 0 4889 1617 5 4890 1573 5 4891 1572 5 4892 1681 5 4893 598 5 4894 597 5 4895 1700 0 4896 1614 0 4897 1606 0 4898 1613 1 4899 1677 1 4900 1611 1 4901 1704 0 4902 1612 0 4903 1610 0 4904 1706 0 4905 1610 0 4906 1614 0 4907 1701 0 4908 1609 0 4909 1607 0 4910 1688 0 4911 1608 0 4912 1579 0 4913 1702 0 4914 1607 0 4915 1608 0 4916 1703 0 4917 1606 0 4918 1609 0 4919 1804 0 4920 1605 0 4921 1802 0 4922 2980 0 4923 1604 0 4924 2978 0 4925 1690 0 4929 1584 0 4930 1581 0 4931 1681 0 4935 1583 0 4936 1572 0 4937 1692 0 4944 1582 0 4945 1583 0 4946 1695 0 4947 1581 0 4948 1586 0 4949 1684 0 4953 1580 0 4954 1575 0 4955 1596 1 4956 1665 1 4957 1592 1 4958 1755 0 4959 1579 0 4960 1753 0 4961 1679 0 4965 1578 0 4966 1569 0 4967 1694 0 4968 1577 0 4969 1585 0 4970 1593 1 4974 1667 1 4975 1594 1 4976 1686 0 4977 1576 0 4978 1577 0 4979 1705 0 4980 1575 0 4981 1612 0 4982 1592 1 4983 1678 1 4984 1613 1 4985 1680 0 4986 1574 0 4987 1571 0 4988 1662 4 4992 1590 4 4993 1589 4 4994 1693 0 4995 1589 0 4996 1584 0 4997 1691 0 5001 1585 0 5002 1582 0 5003 1689 0 5007 1586 0 5008 1580 0 5009 1675 1 5010 1587 1 5011 1602 1 5012 1676 1 5013 1588 1 5014 1603 1 5015 2065 0 5016 1569 0 5017 2061 0 5018 1599 1 5019 2066 1 5020 2062 1 5021 2394 0 5025 1571 0 5026 2390 0 5027 1699 0 5028 1753 0 5029 1605 0 5030 1635 0 5031 1714 0 5032 956 0 5033 1605 0 5034 1754 0 5035 1635 0 5036 1561 0 5037 1751 0 5038 1513 0 5039 1513 0 5040 2874 0 5041 2848 0 5042 1467 0 5043 1732 0 5044 974 0 5045 1421 0 5046 1710 0 5047 952 0 5048 1375 0 5049 1722 0 5050 964 0 5051 1329 0 5052 1719 0 5053 961 0 5054 1745 1 5055 536 1 5056 537 1 5057 1744 1 5058 487 1 5059 486 1 5060 1734 2 5061 43 2 5062 42 2 5063 975 0 5064 1851 0 5065 1841 0 5066 974 0 5067 1749 0 5068 1421 0 5069 973 0 5070 1750 0 5071 1467 0 5072 972 0 5073 2824 0 5074 2816 0 5075 971 0 5076 2512 0 5077 2504 0 5078 970 0 5079 2669 0 5080 2661 0 5081 969 0 5082 2121 0 5083 2113 0 5084 968 0 5085 1899 0 5086 1889 0 5087 967 0 5088 1755 0 5089 1699 0 5090 964 0 5091 1747 0 5092 1329 0 5093 1736 1 5094 985 1 5095 978 1 5096 963 0 5097 1711 0 5098 953 0 5099 962 0 5103 1712 0 5104 954 0 5105 961 0 5106 1721 0 5107 963 0 5108 1743 1 5109 983 1 5110 985 1 5111 960 0 5115 1715 0 5116 957 0 5117 959 0 5118 1716 0 5119 958 0 5120 958 0 5124 1718 0 5125 960 0 5126 957 0 5130 1725 0 5131 967 0 5132 1746 1 5133 980 1 5134 988 1 5135 956 0 5136 1752 0 5137 1561 0 5138 955 0 5139 1707 0 5140 949 0 5141 954 0 5148 1713 0 5149 955 0 5150 953 0 5151 1720 0 5152 962 0 5153 952 0 5157 1748 0 5158 1375 0 5159 1707 3 5160 950 3 5161 949 3 5162 976 0 5163 1717 0 5164 959 0 5165 951 0 5166 2272 0 5167 2264 0 5168 1698 0 5172 1802 0 5173 1604 0 5174 1634 0 5175 1776 0 5176 920 0 5177 1604 0 5178 1803 0 5179 1634 0 5180 1560 0 5181 1800 0 5182 1512 0 5183 1512 0 5184 2875 0 5185 2847 0 5186 1466 0 5187 1794 0 5188 947 0 5189 1420 0 5190 1772 0 5191 914 0 5192 1374 0 5193 1784 0 5194 934 0 5195 1328 0 5196 1781 0 5197 929 0 5198 913 0 5202 2273 0 5203 2263 0 5204 909 0 5205 1779 0 5206 925 0 5207 1769 3 5208 912 3 5209 911 3 5210 914 0 5211 1797 0 5212 1374 0 5213 916 0 5217 1782 0 5218 930 0 5219 917 0 5220 1775 0 5221 919 0 5222 919 0 5229 1769 0 5230 911 0 5231 920 0 5232 1801 0 5233 1560 0 5234 1768 1 5235 921 1 5236 940 1 5237 922 0 5238 1787 0 5239 939 0 5240 924 0 5244 1780 0 5245 926 0 5246 925 0 5250 1778 0 5251 924 0 5252 926 0 5253 1777 0 5254 922 0 5255 1765 1 5259 928 1 5260 933 1 5261 929 0 5262 1783 0 5263 932 0 5264 930 0 5265 1774 0 5266 917 0 5267 932 0 5271 1773 0 5272 916 0 5273 1758 1 5274 933 1 5275 915 1 5276 934 0 5277 1796 0 5278 1328 0 5279 939 0 5280 1804 0 5281 1698 0 5282 941 0 5283 1900 0 5284 1888 0 5285 942 0 5286 2122 0 5287 2112 0 5288 943 0 5289 2670 0 5290 2660 0 5291 944 0 5292 2513 0 5293 2503 0 5294 945 0 5295 2825 0 5296 2815 0 5297 946 0 5298 1799 0 5299 1466 0 5300 947 0 5301 1798 0 5302 1420 0 5303 948 0 5304 1852 0 5305 1840 0 5306 1756 2 5307 977 2 5308 976 2 5309 1766 1 5310 965 1 5311 986 1 5312 1767 1 5313 966 1 5314 987 1 5315 1840 0 5316 1793 0 5317 946 0 5318 1841 0 5319 1731 0 5320 973 0 5321 1842 0 5322 1290 0 5323 1026 0 5324 1847 0 5325 1225 0 5326 1173 0 5327 1250 1 5328 1846 1 5329 1198 1 5330 1850 0 5331 1173 0 5332 1290 0 5333 1843 0 5334 1133 0 5335 1066 0 5336 1812 0 5337 1106 0 5338 812 0 5339 1844 0 5340 1066 0 5341 1106 0 5342 1845 0 5343 1026 0 5344 1133 0 5345 1852 0 5346 973 0 5347 1793 0 5348 2981 0 5349 946 0 5350 2969 0 5351 2395 0 5352 816 0 5353 2372 0 5354 835 1 5355 2396 1 5356 2371 1 5357 824 1 5358 2067 1 5359 2044 1 5360 2068 0 5361 819 0 5362 2043 0 5363 1839 1 5364 823 1 5365 839 1 5366 1838 1 5367 822 1 5368 838 1 5369 1813 0 5370 821 0 5371 813 0 5372 1815 0 5376 820 0 5377 815 0 5378 1814 0 5394 818 0 5395 814 0 5396 1805 0 5397 817 0 5398 805 0 5399 1817 0 5400 815 0 5401 817 0 5402 1821 0 5406 814 0 5407 821 0 5408 832 1 5409 1828 1 5410 828 1 5411 1808 0 5412 813 0 5413 808 0 5414 1851 0 5415 812 0 5416 1731 0 5417 1819 0 5418 811 0 5419 819 0 5420 1820 0 5427 810 0 5428 820 0 5429 1818 0 5430 825 0 5431 818 0 5432 1825 4 5433 826 4 5434 825 4 5435 827 1 5436 1835 1 5437 835 1 5438 1816 0 5439 807 0 5440 816 0 5441 828 1 5442 1848 1 5443 1250 1 5444 1849 0 5445 808 0 5446 1225 0 5447 1810 0 5448 809 0 5449 810 0 5450 829 1 5451 1830 1 5452 830 1 5453 1805 5 5454 891 5 5455 890 5 5456 1888 0 5457 1795 0 5458 948 0 5459 1889 0 5460 1733 0 5461 975 0 5462 1890 0 5463 1292 0 5464 1028 0 5465 1252 1 5466 1895 1 5467 1200 1 5468 1894 0 5469 1227 0 5470 1175 0 5471 1898 0 5472 1175 0 5473 1292 0 5474 1891 0 5475 1135 0 5476 1068 0 5477 1876 0 5478 1108 0 5479 897 0 5480 1892 0 5481 1068 0 5482 1108 0 5483 1893 0 5484 1028 0 5485 1135 0 5486 1900 0 5487 975 0 5488 1795 0 5489 2982 0 5490 948 0 5491 2971 0 5492 1869 5 5493 642 5 5494 641 5 5495 879 1 5496 1859 1 5497 880 1 5498 1874 0 5499 894 0 5500 895 0 5501 1896 0 5502 893 0 5503 1227 0 5504 878 1 5505 1897 1 5506 1252 1 5507 1880 0 5508 892 0 5509 901 0 5510 3248 11 5511 1864 11 5512 885 11 5513 1854 4 5514 877 4 5515 876 4 5516 1882 0 5517 876 0 5518 903 0 5519 1884 0 5520 895 0 5521 905 0 5522 1883 0 5529 896 0 5530 904 0 5531 1899 0 5532 897 0 5533 1733 0 5534 1872 0 5535 898 0 5536 893 0 5537 882 1 5538 1857 1 5539 878 1 5540 1885 0 5541 899 0 5542 906 0 5543 1881 0 5547 900 0 5548 902 0 5549 1869 0 5550 902 0 5551 890 0 5552 1878 0 5553 903 0 5554 899 0 5555 1879 0 5571 905 0 5572 900 0 5573 1877 0 5577 906 0 5578 898 0 5579 1867 1 5580 907 1 5581 888 1 5582 1868 1 5583 908 1 5584 889 1 5585 2069 0 5586 904 0 5587 2047 0 5588 875 1 5589 2070 1 5590 2048 1 5591 885 1 5592 2397 1 5593 2375 1 5594 2398 0 5595 901 0 5596 2376 0 5597 1936 0 5598 1978 0 5599 1968 0 5600 1937 0 5601 1977 0 5602 1969 0 5603 1938 0 5604 1976 0 5605 1970 0 5606 1996 1 5607 1943 1 5608 1995 1 5609 1942 0 5610 1975 0 5611 1974 0 5612 1946 0 5613 1974 0 5614 1976 0 5615 1939 0 5616 1973 0 5617 1971 0 5618 1908 0 5619 1972 0 5620 1956 0 5621 1940 0 5622 1971 0 5623 1972 0 5624 1941 0 5625 1970 0 5626 1973 0 5627 1948 0 5628 1969 0 5629 1978 0 5630 2983 0 5631 1968 0 5632 2984 0 5633 1984 1 5634 1926 1 5635 1985 1 5636 1906 0 5637 1953 0 5638 1954 0 5639 1944 0 5640 1952 0 5641 1975 0 5642 1983 1 5643 1945 1 5644 1996 1 5645 1912 0 5646 1951 0 5647 1960 0 5648 1982 1 5649 1931 1 5650 1990 1 5651 1921 4 5652 1981 4 5653 1980 4 5654 1914 0 5655 1980 0 5656 1962 0 5657 1916 0 5658 1954 0 5659 1964 0 5660 1915 0 5667 1955 0 5668 1963 0 5669 1947 0 5670 1956 0 5671 1977 0 5672 1904 0 5673 1957 0 5674 1952 0 5675 1987 1 5676 1924 1 5677 1983 1 5678 1917 0 5679 1958 0 5680 1965 0 5681 1913 0 5685 1959 0 5686 1961 0 5687 1901 0 5688 1961 0 5689 1949 0 5690 1910 0 5691 1962 0 5692 1958 0 5693 1911 0 5709 1964 0 5710 1959 0 5711 1909 0 5715 1965 0 5716 1957 0 5717 1934 1 5718 1966 1 5719 1993 1 5720 1935 1 5721 1967 1 5722 1994 1 5723 2071 0 5724 1963 0 5725 2074 0 5726 1979 1 5727 2072 1 5728 2073 1 5729 1990 1 5730 2399 1 5731 2402 1 5732 2400 0 5733 1960 0 5734 2401 0 5735 1901 5 5736 2094 5 5737 2093 5 5738 2401 0 5739 653 0 5740 2361 0 5741 652 1 5742 2402 1 5743 2362 1 5744 630 1 5745 2073 1 5746 2033 1 5747 2074 0 5748 656 0 5749 2034 0 5750 1994 1 5751 664 1 5752 663 1 5753 1993 1 5754 662 1 5755 661 1 5756 1957 0 5757 660 0 5758 649 0 5759 1959 0 5763 658 0 5764 651 0 5765 1958 0 5781 655 0 5782 650 0 5783 1949 0 5784 654 0 5785 641 0 5786 1961 0 5787 651 0 5788 654 0 5789 1965 0 5793 650 0 5794 660 0 5795 638 1 5796 1983 1 5797 634 1 5798 1952 0 5799 649 0 5800 644 0 5801 1977 0 5802 648 0 5803 1726 0 5804 1963 0 5805 647 0 5806 656 0 5807 1964 0 5814 646 0 5815 658 0 5816 1962 0 5817 631 0 5818 655 0 5819 1980 4 5820 632 4 5821 631 4 5822 633 1 5823 1990 1 5824 652 1 5825 1960 0 5826 643 0 5827 653 0 5828 634 1 5829 1996 1 5830 1245 1 5831 1975 0 5832 644 0 5833 1220 0 5834 1954 0 5835 645 0 5836 646 0 5837 635 1 5838 1985 1 5839 636 1 5840 2984 0 5841 941 0 5842 2964 0 5843 1978 0 5844 968 0 5845 1788 0 5846 1973 0 5847 1021 0 5848 1128 0 5849 1972 0 5850 1061 0 5851 1101 0 5852 1956 0 5853 1101 0 5854 648 0 5855 1971 0 5856 1128 0 5857 1061 0 5858 1976 0 5859 1168 0 5860 1285 0 5861 1974 0 5862 1220 0 5863 1168 0 5864 1245 1 5865 1995 1 5866 1193 1 5867 1970 0 5868 1285 0 5869 1021 0 5870 1969 0 5871 1726 0 5872 968 0 5873 1968 0 5874 1788 0 5875 941 0 5876 1949 5 5877 1902 5 5878 1901 5 5879 1953 0 5880 2034 0 5881 645 0 5882 2033 1 5883 1984 1 5884 635 1 5885 2073 1 5886 1925 1 5887 1984 1 5888 1905 0 5889 2074 0 5890 1953 0 5891 2048 1 5892 1858 1 5893 879 1 5894 1873 0 5895 2047 0 5896 894 0 5897 1809 0 5898 2043 0 5899 809 0 5900 2044 1 5901 1829 1 5902 829 1 5903 2062 1 5904 1666 1 5905 1593 1 5906 1685 0 5907 2061 0 5908 1576 0 5909 1621 0 5910 2016 0 5911 189 0 5912 2004 1 5913 1648 1 5914 184 1 5915 2063 1 5916 1593 1 5917 1648 1 5918 1576 0 5919 2064 0 5920 1621 0 5921 1545 0 5922 2058 0 5923 1497 0 5924 2057 1 5925 1529 1 5926 1483 1 5927 1497 0 5928 2876 0 5929 2832 0 5930 2877 1 5931 1483 1 5932 2862 1 5933 1451 0 5934 2046 0 5935 844 0 5936 2045 1 5937 1436 1 5938 864 1 5939 2000 1 5940 1409 1 5941 74 1 5942 1389 0 5943 2023 0 5944 69 0 5945 2028 1 5946 1344 1 5947 451 1 5948 1359 0 5949 2007 0 5950 464 0 5951 1300 0 5952 2012 0 5953 348 0 5954 2015 1 5955 1316 1 5956 337 1 5957 2067 1 5958 879 1 5959 1829 1 5960 894 0 5961 2068 0 5962 1809 0 5963 844 0 5964 2053 0 5965 1389 0 5966 2054 1 5967 864 1 5968 1409 1 5969 2055 1 5970 829 1 5971 1436 1 5972 809 0 5973 2056 0 5974 1451 0 5975 790 0 5976 2826 0 5977 2800 0 5978 2794 1 5979 776 1 5980 2782 1 5981 2483 1 5982 760 1 5983 2471 1 5984 739 0 5985 2514 0 5986 2488 0 5987 704 0 5988 2671 0 5989 2645 0 5990 2639 1 5991 720 1 5992 2627 1 5993 685 0 5994 2123 0 5995 2097 0 5996 2124 1 5997 670 1 5998 2080 1 5999 645 0 6000 2069 0 6001 1873 0 6002 2070 1 6003 635 1 6004 1858 1 6005 601 0 6006 2065 0 6007 1685 0 6008 2066 1 6009 614 1 6010 1666 1 6011 2243 1 6015 29 1 6016 2230 1 6017 28 0 6018 2274 0 6019 2248 0 6020 16 0 6021 2013 0 6022 274 0 6023 2027 3 6024 19 3 6025 18 3 6026 69 0 6027 2051 0 6028 1359 0 6029 2052 1 6030 74 1 6031 1344 1 6032 90 0 6036 2011 0 6037 376 0 6038 112 0 6039 2018 0 6040 134 0 6041 134 0 6048 2027 0 6049 18 0 6050 2059 1 6051 184 1 6052 1529 1 6053 189 0 6054 2060 0 6055 1545 0 6056 2031 1 6057 209 1 6058 614 1 6059 222 0 6060 2032 0 6061 601 0 6062 248 0 6066 2025 0 6067 287 0 6068 274 0 6072 2014 0 6073 248 0 6074 287 0 6075 2026 0 6076 222 0 6077 2019 1 6081 337 1 6082 407 1 6083 348 0 6084 2010 0 6085 393 0 6086 376 0 6087 2021 0 6088 112 0 6089 393 0 6093 2020 0 6094 90 0 6095 2001 1 6096 407 1 6097 101 1 6098 2049 1 6099 451 1 6100 1316 1 6101 464 0 6102 2050 0 6103 1300 0 6104 2030 1 6105 174 1 6106 177 1 6107 2029 1 6108 178 1 6109 201 1 6110 1997 2 6111 457 2 6112 458 2 6113 2072 1 6114 2080 1 6115 1925 1 6116 2097 0 6117 2071 0 6118 1905 0 6119 2093 5 6120 682 5 6121 681 5 6122 2112 0 6123 1948 0 6124 1936 0 6125 2113 0 6126 1947 0 6127 1937 0 6128 2114 0 6129 1946 0 6130 1938 0 6131 1945 1 6132 2091 1 6133 1943 1 6134 2118 0 6135 1944 0 6136 1942 0 6137 2120 0 6138 1942 0 6139 1946 0 6140 2115 0 6141 1941 0 6142 1939 0 6143 2100 0 6144 1940 0 6145 1908 0 6146 2116 0 6147 1939 0 6148 1940 0 6149 2117 0 6150 1938 0 6151 1941 0 6152 2122 0 6153 1937 0 6154 1948 0 6155 2985 0 6156 1936 0 6157 2983 0 6158 1925 1 6159 2081 1 6160 1926 1 6161 2098 0 6162 1905 0 6163 1906 0 6164 2119 0 6165 1904 0 6166 1944 0 6167 1924 1 6168 2092 1 6169 1945 1 6170 2104 0 6171 1903 0 6172 1912 0 6173 1923 1 6174 2086 1 6175 1931 1 6176 2076 4 6177 1922 4 6178 1921 4 6179 2106 0 6180 1921 0 6181 1914 0 6182 2108 0 6183 1906 0 6184 1916 0 6185 2107 0 6192 1907 0 6193 1915 0 6194 2121 0 6195 1908 0 6196 1947 0 6197 2096 0 6198 1909 0 6199 1904 0 6200 1928 1 6201 2079 1 6202 1924 1 6203 2109 0 6204 1910 0 6205 1917 0 6206 2105 0 6210 1911 0 6211 1913 0 6212 2093 0 6213 1913 0 6214 1901 0 6215 2102 0 6216 1914 0 6217 1910 0 6218 2103 0 6234 1916 0 6235 1911 0 6236 2101 0 6240 1917 0 6241 1909 0 6242 2089 1 6243 1918 1 6244 1934 1 6245 2090 1 6246 1919 1 6247 1935 1 6248 2123 0 6249 1915 0 6250 2071 0 6251 1920 1 6252 2124 1 6253 2072 1 6254 1931 1 6255 2403 1 6256 2399 1 6257 2404 0 6258 1912 0 6259 2400 0 6260 2145 0 6261 2205 0 6262 2179 0 6263 2224 1 6264 2130 1 6265 2211 1 6266 2160 0 6267 2204 0 6268 2194 0 6269 2161 0 6270 2203 0 6271 2195 0 6272 2162 0 6273 2202 0 6274 2196 0 6275 2167 0 6276 2201 0 6277 2200 0 6278 2223 1 6279 2166 1 6280 2222 1 6281 2170 0 6282 2200 0 6283 2202 0 6284 2163 0 6285 2199 0 6286 2197 0 6287 2148 0 6288 2198 0 6289 2182 0 6290 2164 0 6291 2197 0 6292 2198 0 6293 2165 0 6294 2196 0 6295 2199 0 6296 2172 0 6297 2195 0 6298 2204 0 6299 2986 0 6300 2194 0 6301 2987 0 6302 2141 5 6303 2245 5 6304 2244 5 6305 2405 0 6306 2186 0 6307 2408 0 6308 2217 1 6309 2406 1 6310 2407 1 6311 2206 1 6312 2173 1 6313 2224 1 6314 2174 0 6315 2189 0 6316 2205 0 6317 2140 1 6318 2193 1 6319 2221 1 6320 2139 1 6321 2192 1 6322 2220 1 6323 2149 0 6324 2191 0 6325 2183 0 6326 2151 0 6330 2190 0 6331 2185 0 6332 2150 0 6348 2188 0 6349 2184 0 6350 2141 0 6351 2187 0 6352 2175 0 6353 2153 0 6354 2185 0 6355 2187 0 6356 2157 0 6360 2184 0 6361 2191 0 6362 2214 1 6363 2129 1 6364 2210 1 6365 2144 0 6366 2183 0 6367 2178 0 6368 2171 0 6369 2182 0 6370 2203 0 6371 2155 0 6372 2181 0 6373 2189 0 6374 2156 0 6381 2180 0 6382 2190 0 6383 2154 0 6384 2207 0 6385 2188 0 6386 2126 4 6387 2208 4 6388 2207 4 6389 2209 1 6390 2136 1 6391 2217 1 6392 2152 0 6393 2177 0 6394 2186 0 6395 2210 1 6396 2168 1 6397 2223 1 6398 2169 0 6399 2178 0 6400 2201 0 6401 2146 0 6402 2179 0 6403 2180 0 6404 2211 1 6405 2131 1 6406 2212 1 6407 670 1 6408 2212 1 6409 671 1 6410 2180 0 6411 685 0 6412 686 0 6413 2201 0 6414 684 0 6415 1221 0 6416 669 1 6417 2223 1 6418 1246 1 6419 2186 0 6420 683 0 6421 692 0 6422 668 1 6423 2217 1 6424 676 1 6425 2207 4 6426 667 4 6427 666 4 6428 2188 0 6429 666 0 6430 694 0 6431 2190 0 6432 686 0 6433 696 0 6434 2189 0 6441 687 0 6442 695 0 6443 2203 0 6444 688 0 6445 1727 0 6446 2178 0 6447 689 0 6448 684 0 6449 673 1 6450 2210 1 6451 669 1 6452 2191 0 6453 690 0 6454 697 0 6455 2187 0 6459 691 0 6460 693 0 6461 2175 0 6462 693 0 6463 681 0 6464 2184 0 6465 694 0 6466 690 0 6467 2185 0 6483 696 0 6484 691 0 6485 2183 0 6489 697 0 6490 689 0 6491 2220 1 6492 698 1 6493 679 1 6494 2221 1 6495 699 1 6496 680 1 6497 2205 0 6498 695 0 6499 2036 0 6500 665 1 6501 2224 1 6502 2035 1 6503 676 1 6504 2407 1 6505 2364 1 6506 2408 0 6507 692 0 6508 2363 0 6509 2987 0 6510 942 0 6511 2965 0 6512 2204 0 6513 969 0 6514 1789 0 6515 2199 0 6516 1022 0 6517 1129 0 6518 2198 0 6519 1062 0 6520 1102 0 6521 2182 0 6522 1102 0 6523 688 0 6524 2197 0 6525 1129 0 6526 1062 0 6527 2202 0 6528 1169 0 6529 1286 0 6530 1246 1 6531 2222 1 6532 1194 1 6533 2200 0 6534 1221 0 6535 1169 0 6536 2196 0 6537 1286 0 6538 1022 0 6539 2195 0 6540 1727 0 6541 969 0 6542 2194 0 6543 1789 0 6544 942 0 6545 2035 1 6546 2211 1 6547 670 1 6548 2179 0 6549 2036 0 6550 685 0 6551 2175 5 6552 2142 5 6553 2141 5 6554 2244 5 6555 22 5 6556 20 5 6557 2248 0 6558 2174 0 6559 2145 0 6560 2173 1 6561 2230 1 6562 2130 1 6563 2263 0 6564 2172 0 6565 2160 0 6566 2264 0 6567 2171 0 6568 2161 0 6569 2265 0 6570 2170 0 6571 2162 0 6572 2269 0 6573 2169 0 6574 2167 0 6575 2168 1 6576 2241 1 6577 2166 1 6578 2271 0 6579 2167 0 6580 2170 0 6581 2266 0 6582 2165 0 6583 2163 0 6584 2251 0 6585 2164 0 6586 2148 0 6587 2267 0 6588 2163 0 6589 2164 0 6590 2268 0 6591 2162 0 6592 2165 0 6593 2273 0 6594 2161 0 6595 2172 0 6596 2988 0 6597 2160 0 6598 2986 0 6599 2409 0 6600 2152 0 6601 2405 0 6602 2136 1 6603 2410 1 6604 2406 1 6605 2125 1 6606 2243 1 6607 2173 1 6608 2274 0 6609 2155 0 6610 2174 0 6611 2240 1 6612 2159 1 6613 2140 1 6614 2239 1 6615 2158 1 6616 2139 1 6617 2252 0 6618 2157 0 6619 2149 0 6620 2254 0 6624 2156 0 6625 2151 0 6626 2253 0 6642 2154 0 6643 2150 0 6644 2244 0 6645 2153 0 6646 2141 0 6647 2256 0 6648 2151 0 6649 2153 0 6650 2260 0 6654 2150 0 6655 2157 0 6656 2133 1 6657 2229 1 6658 2129 1 6659 2247 0 6660 2149 0 6661 2144 0 6662 2272 0 6663 2148 0 6664 2171 0 6665 2258 0 6666 2147 0 6667 2155 0 6668 2259 0 6675 2146 0 6676 2156 0 6677 2257 0 6678 2126 0 6679 2154 0 6680 2226 4 6681 2127 4 6682 2126 4 6683 2128 1 6684 2236 1 6685 2136 1 6686 2255 0 6687 2143 0 6688 2152 0 6689 2129 1 6690 2242 1 6691 2168 1 6692 2270 0 6693 2144 0 6694 2169 0 6695 2249 0 6696 2145 0 6697 2146 0 6698 2130 1 6699 2231 1 6700 2131 1 6701 2279 0 6702 2443 0 6703 2417 0 6704 2462 1 6705 2300 1 6706 2450 1 6707 2310 0 6708 2442 0 6709 2432 0 6710 2311 0 6711 2441 0 6712 2433 0 6713 2312 0 6714 2440 0 6715 2434 0 6716 2317 0 6717 2439 0 6718 2438 0 6719 2461 1 6720 2316 1 6721 2460 1 6722 2320 0 6723 2438 0 6724 2440 0 6725 2313 0 6726 2437 0 6727 2435 0 6728 2282 0 6729 2436 0 6730 2420 0 6731 2314 0 6732 2435 0 6733 2436 0 6734 2315 0 6735 2434 0 6736 2437 0 6737 2322 0 6738 2433 0 6739 2442 0 6740 2989 0 6741 2432 0 6742 2990 0 6743 2411 0 6744 2424 0 6745 2464 0 6746 2445 1 6747 2412 1 6748 2463 1 6749 2444 1 6750 2323 1 6751 2462 1 6752 2324 0 6753 2427 0 6754 2443 0 6755 2309 1 6756 2431 1 6757 2459 1 6758 2308 1 6759 2430 1 6760 2458 1 6761 2283 0 6762 2429 0 6763 2421 0 6764 2285 0 6771 2428 0 6772 2423 0 6773 2288 0 6777 2446 0 6778 2426 0 6779 2296 4 6780 2447 4 6781 2446 4 6782 2448 1 6783 2295 1 6784 2445 1 6785 2286 0 6786 2415 0 6787 2424 0 6788 2449 1 6789 2318 1 6790 2461 1 6791 2319 0 6792 2416 0 6793 2439 0 6794 2280 0 6795 2417 0 6796 2418 0 6797 2450 1 6798 2301 1 6799 2451 1 6800 2290 0 6804 2418 0 6805 2428 0 6806 2289 0 6807 2419 0 6808 2427 0 6809 2321 0 6813 2420 0 6814 2441 0 6815 2453 1 6816 2299 1 6817 2449 1 6818 2278 0 6819 2421 0 6820 2416 0 6821 2291 0 6825 2422 0 6826 2429 0 6827 2287 0 6828 2423 0 6829 2425 0 6830 2275 0 6831 2425 0 6832 2413 0 6833 2284 0 6834 2426 0 6835 2422 0 6836 2275 5 6846 2485 5 6847 2484 5 6848 2281 0 6852 2464 0 6853 2419 0 6854 2250 0 6858 2405 0 6859 2147 0 6860 2181 0 6861 2363 0 6862 687 0 6863 2147 0 6870 2408 0 6871 2181 0 6872 2099 0 6873 2400 0 6874 1907 0 6875 1955 0 6882 2361 0 6883 647 0 6884 1907 0 6885 2401 0 6886 1955 0 6887 1875 0 6891 2376 0 6892 896 0 6893 1811 0 6900 2372 0 6901 811 0 6902 1687 0 6903 2390 0 6904 1578 0 6905 1623 0 6912 2341 0 6913 192 0 6914 1578 0 6915 2391 0 6916 1623 0 6917 1547 0 6924 2385 0 6925 1499 0 6926 1499 0 6930 2879 0 6931 2834 0 6932 1453 0 6936 2373 0 6937 846 0 6938 1391 0 6939 2347 0 6940 78 0 6941 1361 0 6945 2337 0 6946 466 0 6947 1302 0 6954 2333 0 6955 350 0 6956 896 0 6957 2395 0 6958 1811 0 6959 846 0 6966 2382 0 6967 1391 0 6968 811 0 6969 2383 0 6970 1453 0 6971 792 0 6978 2827 0 6979 2802 0 6980 741 0 6981 2515 0 6982 2490 0 6983 707 0 6990 2672 0 6991 2647 0 6992 687 0 6996 2404 0 6997 2099 0 6998 647 0 7002 2398 0 7003 1875 0 7004 603 0 7008 2394 0 7009 1687 0 7010 2349 3 7011 37 3 7012 36 3 7013 38 0 7014 2334 0 7015 276 0 7016 40 0 7017 2409 0 7018 2250 0 7019 78 0 7029 2380 0 7030 1361 0 7031 92 0 7032 2336 0 7033 378 0 7034 114 0 7038 2343 0 7039 136 0 7040 136 0 7041 2349 0 7042 36 0 7043 192 0 7047 2387 0 7048 1547 0 7049 224 0 7053 2359 0 7054 603 0 7055 2360 1 7056 211 1 7057 616 1 7058 250 0 7059 2335 0 7060 289 0 7061 276 0 7065 2339 0 7066 250 0 7067 289 0 7074 2342 0 7075 224 0 7076 350 0 7077 2330 0 7078 395 0 7079 2355 1 7080 339 1 7081 409 1 7082 378 0 7086 2345 0 7087 114 0 7088 2329 1 7089 409 1 7090 103 1 7091 395 0 7092 2344 0 7093 92 0 7094 466 0 7095 2377 0 7096 1302 0 7097 2358 1 7104 593 1 7105 592 1 7106 2357 1 7107 591 1 7108 590 1 7109 2325 2 7110 160 2 7111 163 2 7112 2419 0 7113 2351 0 7114 40 0 7115 2422 0 7128 168 0 7129 55 0 7130 2413 0 7131 157 0 7132 20 0 7133 2425 0 7134 64 0 7135 157 0 7136 2429 0 7137 55 0 7138 422 0 7139 2416 0 7143 52 0 7144 27 0 7145 51 1 7146 2449 1 7147 26 1 7148 2441 0 7149 46 0 7150 1709 0 7151 2427 0 7155 40 0 7156 414 0 7157 2428 0 7158 35 0 7159 311 0 7160 29 1 7164 2451 1 7165 34 1 7166 2418 0 7167 28 0 7168 35 0 7169 2439 0 7170 27 0 7171 1203 0 7172 26 1 7173 2461 1 7174 1230 1 7175 2424 0 7176 25 0 7177 164 0 7178 24 1 7179 2445 1 7180 159 1 7181 2446 4 7182 23 4 7183 21 4 7184 2426 0 7185 21 0 7186 168 0 7187 2423 0 7191 311 0 7192 64 0 7193 2421 0 7200 422 0 7201 52 0 7202 2458 1 7203 495 1 7204 494 1 7205 2459 1 7206 505 1 7207 504 1 7208 2443 0 7209 414 0 7210 2022 0 7211 438 1 7212 2462 1 7213 1999 1 7214 159 1 7215 2463 1 7216 2327 1 7217 2464 0 7218 164 0 7219 2351 0 7220 2990 0 7221 913 0 7222 2947 0 7223 2442 0 7224 951 0 7225 1771 0 7226 2437 0 7227 991 0 7228 1111 0 7229 2436 0 7230 1044 0 7231 1084 0 7232 2420 0 7233 1084 0 7234 46 0 7235 2435 0 7236 1111 0 7237 1044 0 7238 2440 0 7239 1151 0 7240 1268 0 7241 1230 1 7242 2460 1 7243 1178 1 7244 2438 0 7245 1203 0 7246 1151 0 7247 2434 0 7248 1268 0 7249 991 0 7250 2433 0 7251 1709 0 7252 951 0 7253 2432 0 7254 1771 0 7255 913 0 7256 1999 1 7257 2450 1 7258 29 1 7259 2417 0 7260 2022 0 7261 28 0 7262 2413 5 7263 2276 5 7264 2275 5 7265 2490 0 7269 2411 0 7270 2281 0 7271 2484 5 7272 736 5 7273 735 5 7274 2488 0 7275 2324 0 7276 2279 0 7277 2323 1 7278 2471 1 7279 2300 1 7280 2503 0 7281 2322 0 7282 2310 0 7283 2504 0 7284 2321 0 7285 2311 0 7286 2505 0 7287 2320 0 7288 2312 0 7289 2509 0 7290 2319 0 7291 2317 0 7292 2318 1 7293 2481 1 7294 2316 1 7295 2511 0 7296 2317 0 7297 2320 0 7298 2506 0 7299 2315 0 7300 2313 0 7301 2491 0 7302 2314 0 7303 2282 0 7304 2507 0 7305 2313 0 7306 2314 0 7307 2508 0 7308 2312 0 7309 2315 0 7310 2513 0 7311 2311 0 7312 2322 0 7313 2991 0 7314 2310 0 7315 2989 0 7316 2515 0 7317 2286 0 7318 2411 0 7319 2295 1 7320 2516 1 7321 2412 1 7322 2294 1 7323 2483 1 7324 2323 1 7325 2514 0 7326 2289 0 7327 2324 0 7328 2480 1 7329 2293 1 7330 2309 1 7331 2479 1 7332 2292 1 7333 2308 1 7334 2492 0 7335 2291 0 7336 2283 0 7337 2494 0 7344 2290 0 7345 2285 0 7346 2497 0 7350 2296 0 7351 2288 0 7352 2467 4 7353 2297 4 7354 2296 4 7355 2298 1 7356 2466 1 7357 2295 1 7358 2495 0 7359 2277 0 7360 2286 0 7361 2299 1 7362 2482 1 7363 2318 1 7364 2510 0 7365 2278 0 7366 2319 0 7367 2489 0 7368 2279 0 7369 2280 0 7370 2300 1 7371 2472 1 7372 2301 1 7373 2499 0 7377 2280 0 7378 2290 0 7379 2498 0 7380 2281 0 7381 2289 0 7382 2512 0 7386 2282 0 7387 2321 0 7388 2303 1 7389 2470 1 7390 2299 1 7391 2487 0 7392 2283 0 7393 2278 0 7394 2500 0 7398 2284 0 7399 2291 0 7400 2496 0 7401 2285 0 7402 2287 0 7403 2484 0 7404 2287 0 7405 2275 0 7406 2493 0 7407 2288 0 7408 2284 0 7409 2539 0 7419 2600 0 7420 2575 0 7421 2619 1 7425 2523 1 7426 2607 1 7427 2537 0 7428 2599 0 7429 2573 0 7430 2552 0 7431 2598 0 7432 2588 0 7433 2553 0 7434 2597 0 7435 2589 0 7436 2554 0 7437 2596 0 7438 2590 0 7439 2618 1 7440 2559 1 7441 2617 1 7442 2558 0 7443 2595 0 7444 2594 0 7445 2562 0 7446 2594 0 7447 2596 0 7448 2555 0 7449 2593 0 7450 2591 0 7451 2540 0 7452 2592 0 7453 2576 0 7454 2556 0 7455 2591 0 7456 2592 0 7457 2557 0 7458 2590 0 7459 2593 0 7460 2564 0 7461 2589 0 7462 2598 0 7463 2992 0 7464 2588 0 7465 2993 0 7466 2533 5 7467 2642 5 7468 2641 5 7469 2542 0 7479 2582 0 7480 2578 0 7481 2533 0 7482 2581 0 7483 2569 0 7484 2545 0 7485 2579 0 7486 2581 0 7487 2549 0 7488 2578 0 7489 2585 0 7490 2536 0 7494 2577 0 7495 2572 0 7496 2610 1 7497 2522 1 7498 2606 1 7499 2563 0 7500 2576 0 7501 2597 0 7502 2547 0 7506 2575 0 7507 2583 0 7508 2548 0 7509 2574 0 7510 2584 0 7511 2607 1 7515 2524 1 7516 2608 1 7517 2538 0 7518 2573 0 7519 2574 0 7520 2560 0 7521 2572 0 7522 2595 0 7523 2606 1 7524 2561 1 7525 2618 1 7526 2544 0 7527 2571 0 7528 2580 0 7529 2605 1 7530 2518 1 7531 2602 1 7532 2519 4 7533 2604 4 7534 2603 4 7535 2546 0 7536 2603 0 7537 2582 0 7538 2543 0 7542 2584 0 7543 2579 0 7544 2541 0 7551 2585 0 7552 2577 0 7553 2531 1 7554 2586 1 7555 2615 1 7556 2532 1 7557 2587 1 7558 2616 1 7559 2565 0 7560 2583 0 7561 2599 0 7562 2601 1 7563 2566 1 7564 2619 1 7565 2602 1 7566 2567 1 7567 2620 1 7568 2568 0 7569 2580 0 7570 2600 0 7571 2600 0 7572 746 0 7573 2368 0 7574 755 1 7575 2620 1 7576 2367 1 7577 754 1 7578 2619 1 7579 2040 1 7580 2599 0 7581 749 0 7582 2039 0 7583 2616 1 7584 753 1 7585 769 1 7586 2615 1 7587 752 1 7588 768 1 7589 2577 0 7590 751 0 7591 743 0 7592 2579 0 7599 750 0 7600 745 0 7601 2582 0 7605 756 0 7606 748 0 7607 2603 4 7608 757 4 7609 756 4 7610 758 1 7611 2602 1 7612 755 1 7613 2580 0 7614 737 0 7615 746 0 7616 759 1 7617 2618 1 7618 1248 1 7619 2595 0 7620 738 0 7621 1223 0 7622 2574 0 7623 739 0 7624 740 0 7625 760 1 7626 2608 1 7627 761 1 7628 2584 0 7632 740 0 7633 750 0 7634 2583 0 7635 741 0 7636 749 0 7637 2597 0 7641 742 0 7642 1729 0 7643 763 1 7644 2606 1 7645 759 1 7646 2572 0 7647 743 0 7648 738 0 7649 2585 0 7653 744 0 7654 751 0 7655 2581 0 7656 745 0 7657 747 0 7658 2569 0 7659 747 0 7660 735 0 7661 2578 0 7662 748 0 7663 744 0 7664 2993 0 7674 944 0 7675 2967 0 7676 2598 0 7677 971 0 7678 1791 0 7679 2593 0 7680 1024 0 7681 1131 0 7682 2592 0 7683 1064 0 7684 1104 0 7685 2576 0 7686 1104 0 7687 742 0 7688 2591 0 7689 1131 0 7690 1064 0 7691 2596 0 7692 1171 0 7693 1288 0 7694 2594 0 7695 1223 0 7696 1171 0 7697 1248 1 7698 2617 1 7699 1196 1 7700 2590 0 7701 1288 0 7702 1024 0 7703 2589 0 7704 1729 0 7705 971 0 7706 2588 0 7707 1791 0 7708 944 0 7709 2573 0 7710 2039 0 7711 739 0 7712 2040 1 7713 2607 1 7714 760 1 7715 2575 0 7719 2368 0 7720 741 0 7721 2569 5 7722 2534 5 7723 2533 5 7724 2641 5 7725 701 5 7726 700 5 7727 2647 0 7728 2568 0 7729 2539 0 7730 2566 1 7734 2627 1 7735 2523 1 7736 2645 0 7737 2565 0 7738 2537 0 7739 2660 0 7740 2564 0 7741 2552 0 7742 2661 0 7743 2563 0 7744 2553 0 7745 2662 0 7746 2562 0 7747 2554 0 7748 2561 1 7749 2637 1 7750 2559 1 7751 2666 0 7752 2560 0 7753 2558 0 7754 2668 0 7755 2558 0 7756 2562 0 7757 2663 0 7758 2557 0 7759 2555 0 7760 2648 0 7761 2556 0 7762 2540 0 7763 2664 0 7764 2555 0 7765 2556 0 7766 2665 0 7767 2554 0 7768 2557 0 7769 2670 0 7770 2553 0 7771 2564 0 7772 2994 0 7773 2552 0 7774 2992 0 7775 2650 0 7785 2546 0 7786 2542 0 7787 2641 0 7788 2545 0 7789 2533 0 7790 2653 0 7791 2543 0 7792 2545 0 7793 2657 0 7794 2542 0 7795 2549 0 7796 2644 0 7800 2541 0 7801 2536 0 7802 2526 1 7803 2626 1 7804 2522 1 7805 2669 0 7806 2540 0 7807 2563 0 7808 2655 0 7812 2539 0 7813 2547 0 7814 2656 0 7815 2538 0 7816 2548 0 7817 2523 1 7821 2628 1 7822 2524 1 7823 2646 0 7824 2537 0 7825 2538 0 7826 2667 0 7827 2536 0 7828 2560 0 7829 2522 1 7830 2638 1 7831 2561 1 7832 2652 0 7833 2535 0 7834 2544 0 7835 2521 1 7836 2622 1 7837 2518 1 7838 2623 4 7839 2520 4 7840 2519 4 7841 2654 0 7842 2519 0 7843 2546 0 7844 2651 0 7848 2548 0 7849 2543 0 7850 2649 0 7857 2549 0 7858 2541 0 7859 2635 1 7860 2550 1 7861 2531 1 7862 2636 1 7863 2551 1 7864 2532 1 7865 2671 0 7866 2547 0 7867 2565 0 7868 2517 1 7869 2639 1 7870 2566 1 7871 2518 1 7872 2640 1 7873 2567 1 7874 2672 0 7875 2544 0 7876 2568 0 7877 2679 0 7878 2755 0 7879 2730 0 7880 2774 1 7884 2697 1 7885 2762 1 7886 2677 0 7887 2754 0 7888 2728 0 7889 2707 0 7890 2753 0 7891 2743 0 7892 2708 0 7893 2752 0 7894 2744 0 7895 2709 0 7896 2751 0 7897 2745 0 7898 2773 1 7899 2714 1 7900 2772 1 7901 2713 0 7902 2750 0 7903 2749 0 7904 2717 0 7905 2749 0 7906 2751 0 7907 2710 0 7908 2748 0 7909 2746 0 7910 2680 0 7911 2747 0 7912 2731 0 7913 2711 0 7914 2746 0 7915 2747 0 7916 2712 0 7917 2745 0 7918 2748 0 7919 2719 0 7920 2744 0 7921 2753 0 7922 2995 0 7923 2743 0 7924 2996 0 7925 2682 0 7935 2737 0 7936 2733 0 7937 2673 0 7938 2736 0 7939 2724 0 7940 2685 0 7941 2734 0 7942 2736 0 7943 2689 0 7944 2733 0 7945 2740 0 7946 2676 0 7950 2732 0 7951 2727 0 7952 2765 1 7953 2696 1 7954 2761 1 7955 2718 0 7956 2731 0 7957 2752 0 7958 2687 0 7962 2730 0 7963 2738 0 7964 2688 0 7965 2729 0 7966 2739 0 7967 2762 1 7971 2698 1 7972 2763 1 7973 2678 0 7974 2728 0 7975 2729 0 7976 2715 0 7977 2727 0 7978 2750 0 7979 2761 1 7980 2716 1 7981 2773 1 7982 2684 0 7983 2726 0 7984 2735 0 7985 2757 12 7986 3130 12 7987 2693 12 7988 2694 4 7989 2759 4 7990 2758 4 7991 2686 0 7992 2758 0 7993 2737 0 7994 2683 0 7998 2739 0 7999 2734 0 8000 2681 0 8007 2740 0 8008 2732 0 8009 2705 1 8010 2741 1 8011 2770 1 8012 2706 1 8013 2742 1 8014 2771 1 8015 2720 0 8016 2738 0 8017 2754 0 8018 2756 1 8019 2721 1 8020 2774 1 8021 2757 1 8022 2722 1 8023 2775 1 8024 2723 0 8025 2735 0 8026 2755 0 8027 2673 5 8028 2797 5 8029 2796 5 8030 2755 0 8031 712 0 8032 2365 0 8033 713 1 8034 2775 1 8035 2366 1 8036 705 1 8037 2774 1 8038 2037 1 8039 2754 0 8040 726 0 8041 2038 0 8042 2771 1 8043 734 1 8044 733 1 8045 2770 1 8046 732 1 8047 731 1 8048 2732 0 8049 730 0 8050 709 0 8051 2734 0 8058 728 0 8059 711 0 8060 2737 0 8064 716 0 8065 715 0 8066 2758 4 8067 717 4 8068 716 4 8069 718 1 8070 2757 1 8071 713 1 8072 2735 0 8073 702 0 8074 712 0 8075 719 1 8076 2773 1 8077 1247 1 8078 2750 0 8079 703 0 8080 1222 0 8081 2729 0 8082 704 0 8083 706 0 8084 720 1 8085 2763 1 8086 721 1 8087 2739 0 8091 706 0 8092 728 0 8093 2738 0 8094 707 0 8095 726 0 8096 2752 0 8100 708 0 8101 1728 0 8102 723 1 8103 2761 1 8104 719 1 8105 2727 0 8106 709 0 8107 703 0 8108 2740 0 8112 710 0 8113 730 0 8114 2736 0 8115 711 0 8116 714 0 8117 2724 0 8118 714 0 8119 700 0 8120 2733 0 8121 715 0 8122 710 0 8123 2996 0 8133 943 0 8134 2966 0 8135 2753 0 8136 970 0 8137 1790 0 8138 2748 0 8139 1023 0 8140 1130 0 8141 2747 0 8142 1063 0 8143 1103 0 8144 2731 0 8145 1103 0 8146 708 0 8147 2746 0 8148 1130 0 8149 1063 0 8150 2751 0 8151 1170 0 8152 1287 0 8153 2749 0 8154 1222 0 8155 1170 0 8156 1247 1 8157 2772 1 8158 1195 1 8159 2745 0 8160 1287 0 8161 1023 0 8162 2744 0 8163 1728 0 8164 970 0 8165 2743 0 8166 1790 0 8167 943 0 8168 2728 0 8169 2038 0 8170 704 0 8171 2037 1 8172 2762 1 8173 720 1 8174 2730 0 8178 2365 0 8179 707 0 8180 2724 5 8181 2674 5 8182 2673 5 8183 2796 5 8184 787 5 8185 786 5 8186 2802 0 8187 2723 0 8188 2679 0 8189 2721 1 8193 2782 1 8194 2697 1 8195 2800 0 8196 2720 0 8197 2677 0 8198 2815 0 8199 2719 0 8200 2707 0 8201 2816 0 8202 2718 0 8203 2708 0 8204 2817 0 8205 2717 0 8206 2709 0 8207 2716 1 8208 2792 1 8209 2714 1 8210 2821 0 8211 2715 0 8212 2713 0 8213 2823 0 8214 2713 0 8215 2717 0 8216 2818 0 8217 2712 0 8218 2710 0 8219 2803 0 8220 2711 0 8221 2680 0 8222 2819 0 8223 2710 0 8224 2711 0 8225 2820 0 8226 2709 0 8227 2712 0 8228 2825 0 8229 2708 0 8230 2719 0 8231 2997 0 8232 2707 0 8233 2995 0 8234 2805 0 8244 2686 0 8245 2682 0 8246 2796 0 8247 2685 0 8248 2673 0 8249 2808 0 8250 2683 0 8251 2685 0 8252 2812 0 8253 2682 0 8254 2689 0 8255 2799 0 8259 2681 0 8260 2676 0 8261 2700 1 8262 2781 1 8263 2696 1 8264 2824 0 8265 2680 0 8266 2718 0 8267 2810 0 8271 2679 0 8272 2687 0 8273 2811 0 8274 2678 0 8275 2688 0 8276 2697 1 8280 2783 1 8281 2698 1 8282 2801 0 8283 2677 0 8284 2678 0 8285 2822 0 8286 2676 0 8287 2715 0 8288 2696 1 8289 2793 1 8290 2716 1 8291 2807 0 8292 2675 0 8293 2684 0 8294 3130 13 8295 2777 13 8296 2693 13 8297 2778 4 8298 2695 4 8299 2694 4 8300 2809 0 8301 2694 0 8302 2686 0 8303 2806 0 8307 2688 0 8308 2683 0 8309 2804 0 8316 2689 0 8317 2681 0 8318 2790 1 8319 2690 1 8320 2705 1 8321 2791 1 8322 2691 1 8323 2706 1 8324 2826 0 8325 2687 0 8326 2720 0 8327 2692 1 8328 2794 1 8329 2721 1 8330 2693 1 8331 2795 1 8332 2722 1 8333 2827 0 8334 2684 0 8335 2723 0 8336 2834 0 8337 2369 0 8338 792 0 8339 2041 1 8343 2862 1 8344 776 1 8345 2832 0 8346 2042 0 8347 790 0 8348 2847 0 8349 1792 0 8350 945 0 8351 2848 0 8352 1730 0 8353 972 0 8354 2837 0 8364 799 0 8365 795 0 8366 2828 0 8367 798 0 8368 786 0 8369 2840 0 8370 796 0 8371 798 0 8372 2844 0 8373 795 0 8374 802 0 8375 2831 0 8379 794 0 8380 789 0 8381 779 1 8382 2861 1 8383 775 1 8384 2874 0 8385 793 0 8386 1730 0 8387 2842 0 8391 792 0 8392 800 0 8393 2843 0 8394 791 0 8395 801 0 8396 776 1 8400 2863 1 8401 777 1 8402 2833 0 8403 790 0 8404 791 0 8405 2854 0 8406 789 0 8407 1224 0 8408 775 1 8409 2873 1 8410 1249 1 8411 2839 0 8412 788 0 8413 797 0 8414 774 1 8415 2857 1 8416 771 1 8417 2858 4 8418 773 4 8419 772 4 8420 2841 0 8421 772 0 8422 799 0 8423 2838 0 8427 801 0 8428 796 0 8429 2836 0 8436 802 0 8437 794 0 8438 2870 1 8439 803 1 8440 784 1 8441 2871 1 8442 804 1 8443 785 1 8444 2876 0 8445 800 0 8446 2042 0 8447 770 1 8448 2877 1 8449 2041 1 8450 771 1 8451 2878 1 8452 2370 1 8453 2879 0 8454 797 0 8455 2369 0 8456 2998 0 8457 945 0 8458 2968 0 8459 2875 0 8460 972 0 8461 1792 0 8462 2852 0 8463 1025 0 8464 1132 0 8465 2851 0 8466 1065 0 8467 1105 0 8468 2835 0 8469 1105 0 8470 793 0 8471 2850 0 8472 1132 0 8473 1065 0 8474 2855 0 8475 1172 0 8476 1289 0 8477 1249 1 8478 2872 1 8479 1197 1 8480 2853 0 8481 1224 0 8482 1172 0 8483 2849 0 8484 1289 0 8485 1025 0 8486 2828 5 8487 1494 5 8488 1493 5 8489 2830 0 8490 2914 0 8491 788 0 8492 2798 0 8493 2941 0 8494 2675 0 8495 2726 0 8496 2912 0 8497 702 0 8498 2675 0 8499 2942 0 8500 2726 0 8501 2643 0 8502 2938 0 8503 2535 0 8504 2571 0 8505 2913 0 8506 737 0 8507 2535 0 8508 2939 0 8509 2571 0 8510 2486 0 8511 2935 0 8512 2277 0 8513 2415 0 8514 2893 0 8515 25 0 8516 2277 0 8517 2936 0 8518 2415 0 8519 2246 0 8520 2932 0 8521 2143 0 8522 2177 0 8523 2911 0 8524 683 0 8525 2143 0 8526 2933 0 8527 2177 0 8528 2095 0 8529 2929 0 8530 1903 0 8531 1951 0 8532 2910 0 8533 643 0 8534 1903 0 8535 2930 0 8536 1951 0 8537 1871 0 8538 2917 0 8539 892 0 8540 1807 0 8541 2915 0 8542 807 0 8543 1683 0 8544 2924 0 8545 1574 0 8546 1619 0 8547 2898 0 8548 187 0 8549 1574 0 8550 2925 0 8551 1619 0 8552 1543 0 8553 2922 0 8554 1495 0 8555 1495 0 8556 2944 0 8557 2830 0 8558 1449 0 8559 2916 0 8560 842 0 8561 1387 0 8562 2894 0 8563 67 0 8564 1357 0 8565 2906 0 8566 462 0 8567 1298 0 8568 2903 0 8569 346 0 8570 25 0 8574 2934 0 8575 2246 0 8576 9 0 8577 2901 0 8578 272 0 8579 2891 3 8580 10 3 8581 8 3 8582 67 0 8583 2919 0 8584 1357 0 8585 88 0 8589 2904 0 8590 374 0 8591 110 0 8592 2897 0 8593 132 0 8594 132 0 8601 2891 0 8602 8 0 8603 187 0 8604 2923 0 8605 1543 0 8606 3244 14 8607 3234 14 8608 1846 14 8609 220 0 8610 2909 0 8611 599 0 8612 246 0 8616 2902 0 8617 285 0 8618 272 0 8622 2900 0 8623 246 0 8624 285 0 8625 2899 0 8626 220 0 8627 2460 15 8631 2316 15 8632 3123 15 8633 346 0 8634 2905 0 8635 391 0 8636 374 0 8637 2896 0 8638 110 0 8639 391 0 8643 2895 0 8644 88 0 8645 2882 1 8646 405 1 8647 99 1 8648 462 0 8649 2918 0 8650 1298 0 8651 599 0 8652 2926 0 8653 1683 0 8654 643 0 8655 2928 0 8656 1871 0 8657 683 0 8658 2931 0 8659 2095 0 8660 702 0 8661 2940 0 8662 2643 0 8663 737 0 8664 2937 0 8665 2486 0 8666 788 0 8667 2943 0 8668 2798 0 8669 807 0 8670 2921 0 8671 1449 0 8672 842 0 8673 2920 0 8674 1387 0 8675 892 0 8676 2927 0 8677 1807 0 8678 2890 1 8679 2962 1 8680 3010 1 8681 2889 1 8682 2961 1 8683 3009 1 8684 2880 2 8685 3000 2 8686 2999 2 8687 2999 2 8688 910 2 8689 909 2 8690 3009 1 8691 936 1 8692 935 1 8693 3010 1 8694 938 1 8695 937 1 8696 2944 0 8697 2968 0 8698 2914 0 8699 2943 0 8700 2995 0 8701 2941 0 8702 2942 0 8703 2966 0 8704 2912 0 8705 2941 0 8706 2996 0 8707 2942 0 8708 2940 0 8709 2992 0 8710 2938 0 8711 2939 0 8712 2967 0 8713 2913 0 8714 2938 0 8715 2993 0 8716 2939 0 8717 2937 0 8718 2989 0 8719 2935 0 8720 2936 0 8721 2947 0 8722 2893 0 8723 2935 0 8724 2990 0 8725 2936 0 8726 2934 0 8727 2986 0 8728 2932 0 8729 2933 0 8730 2965 0 8731 2911 0 8732 2932 0 8733 2987 0 8734 2933 0 8735 2931 0 8736 2983 0 8737 2929 0 8738 2930 0 8739 2964 0 8740 2910 0 8741 2929 0 8742 2984 0 8743 2930 0 8744 2928 0 8745 2971 0 8746 2917 0 8747 2927 0 8748 2969 0 8749 2915 0 8750 2926 0 8751 2978 0 8752 2924 0 8753 2925 0 8754 2952 0 8755 2898 0 8756 2924 0 8757 2979 0 8758 2925 0 8759 2923 0 8760 2976 0 8761 2922 0 8762 2922 0 8763 2998 0 8764 2944 0 8765 2921 0 8766 2970 0 8767 2916 0 8768 2920 0 8769 2948 0 8770 2894 0 8771 2919 0 8772 2960 0 8773 2906 0 8774 2918 0 8775 2957 0 8776 2903 0 8777 2893 0 8781 2988 0 8782 2934 0 8783 2880 0 8784 2955 0 8785 2901 0 8786 2945 3 8787 2892 3 8788 2891 3 8789 2894 0 8790 2973 0 8791 2919 0 8792 2895 0 8796 2958 0 8797 2904 0 8798 2896 0 8799 2951 0 8800 2897 0 8801 2897 0 8808 2945 0 8809 2891 0 8810 2898 0 8811 2977 0 8812 2923 0 8813 3123 16 8814 2792 16 8815 3113 16 8816 2899 0 8817 2963 0 8818 2909 0 8819 2900 0 8823 2956 0 8824 2902 0 8825 2901 0 8829 2954 0 8830 2900 0 8831 2902 0 8832 2953 0 8833 2899 0 8834 612 1 8838 2884 1 8839 207 1 8840 2903 0 8841 2959 0 8842 2905 0 8843 2904 0 8844 2950 0 8845 2896 0 8846 2905 0 8850 2949 0 8851 2895 0 8852 3001 1 8853 2888 1 8854 2882 1 8855 2906 0 8856 2972 0 8857 2918 0 8858 2909 0 8859 2980 0 8860 2926 0 8861 2910 0 8862 2982 0 8863 2928 0 8864 2911 0 8865 2985 0 8866 2931 0 8867 2912 0 8868 2994 0 8869 2940 0 8870 2913 0 8871 2991 0 8872 2937 0 8873 2914 0 8874 2997 0 8875 2943 0 8876 2915 0 8877 2975 0 8878 2921 0 8879 2916 0 8880 2974 0 8881 2920 0 8882 2917 0 8883 2981 0 8884 2927 0 8885 2780 17 8886 3130 17 8887 3020 17 8888 1481 18 8889 3016 18 8890 1527 18 8891 2780 20 8895 3014 20 8896 774 20 8897 774 22 8901 3021 22 8902 2860 22 8903 2860 23 8904 3015 23 8905 1481 23 8906 3020 28 8919 3130 28 8920 3030 28 8921 3020 30 8925 3024 30 8926 3014 30 8927 3014 31 8928 3031 31 8929 3021 31 8930 3021 33 8934 3025 33 8935 3015 33 8936 3015 36 8943 3026 36 8944 3016 36 8945 3025 37 8946 3036 37 8947 3026 37 8948 3030 39 8952 3130 39 8953 3040 39 8954 3030 41 8958 3034 41 8959 3024 41 8960 3024 42 8961 3041 42 8962 3031 42 8963 3031 44 8967 3035 44 8968 3025 44 8969 3035 49 8982 3046 49 8983 3036 49 8984 3040 51 8988 3130 51 8989 3050 51 8990 3040 53 8994 3044 53 8995 3034 53 8996 3034 54 8997 3051 54 8998 3041 54 8999 3041 56 9003 3045 56 9004 3035 56 9005 3051 58 9009 3055 58 9010 3045 58 9011 3045 61 9018 3056 61 9019 3046 61 9020 3050 63 9024 3130 63 9025 3060 63 9026 3050 65 9030 3054 65 9031 3044 65 9032 3044 66 9033 3061 66 9034 3051 66 9035 3060 67 9036 3064 67 9037 3054 67 9038 3054 68 9039 3071 68 9040 3061 68 9041 3061 70 9045 3065 70 9046 3055 70 9047 3055 73 9054 3066 73 9055 3056 73 9056 3060 75 9060 3130 75 9061 3070 75 9062 3070 78 9069 3074 78 9070 3064 78 9071 3064 79 9072 3081 79 9073 3071 79 9074 3071 81 9078 3075 81 9079 3065 81 9080 3065 84 9087 3076 84 9088 3066 84 9089 3070 86 9093 3130 86 9094 3080 86 9095 3080 88 9099 3130 88 9100 3090 88 9101 3080 90 9105 3084 90 9106 3074 90 9107 3074 91 9108 3091 91 9109 3081 91 9110 3081 93 9114 3085 93 9115 3075 93 9116 3075 96 9123 3086 96 9124 3076 96 9125 3085 98 9129 3096 98 9130 3086 98 9131 3090 100 9135 3130 100 9136 3100 100 9137 3090 102 9141 3094 102 9142 3084 102 9143 3084 103 9144 3101 103 9145 3091 103 9146 3091 105 9150 3095 105 9151 3085 105 9152 3101 107 9156 3105 107 9157 3095 107 9158 3095 110 9165 3106 110 9166 3096 110 9167 3100 112 9171 3130 112 9172 3110 112 9173 3100 114 9177 3104 114 9178 3094 114 9179 3094 115 9180 3111 115 9181 3101 115 9182 3111 118 9189 3115 118 9190 3105 118 9191 3105 121 9198 3116 121 9199 3106 121 9200 3110 123 9204 3130 123 9205 3120 123 9206 3110 125 9210 3114 125 9211 3104 125 9212 3104 126 9213 3121 126 9214 3111 126 9215 3120 127 9216 3124 127 9217 3114 127 9218 3114 128 9219 3132 128 9220 3121 128 9221 3121 130 9225 3125 130 9226 3115 130 9227 3115 133 9234 3126 133 9235 3116 133 9236 3120 135 9240 3130 135 9241 3131 135 9242 3248 138 9249 1827 138 9250 3142 138 9251 1827 140 9255 3136 140 9256 3142 140 9257 827 141 9258 3141 141 9259 3136 141 9260 862 143 9264 3140 143 9265 3137 143 9266 1434 145 9270 3137 145 9271 3141 145 9272 3137 148 9279 3150 148 9280 3147 148 9281 3248 151 9288 3142 151 9289 3152 151 9290 3141 153 9294 3147 153 9295 3151 153 9296 3136 155 9300 3151 155 9301 3146 155 9302 3142 156 9303 3146 156 9304 3152 156 9305 3146 157 9306 3161 157 9307 3156 157 9308 3152 158 9309 3156 158 9310 3162 158 9311 3147 160 9315 3160 160 9316 3157 160 9317 3248 163 9324 3152 163 9325 3162 163 9326 3151 165 9330 3157 165 9331 3161 165 9332 3156 168 9339 3171 168 9340 3166 168 9341 3162 169 9342 3166 169 9343 3172 169 9344 3157 171 9348 3170 171 9349 3167 171 9350 3248 174 9357 3162 174 9358 3172 174 9359 3161 176 9363 3167 176 9364 3171 176 9365 3171 178 9369 3177 178 9370 3181 178 9371 3166 180 9375 3181 180 9376 3176 180 9377 3172 181 9378 3176 181 9379 3182 181 9380 3167 183 9384 3180 183 9385 3177 183 9386 3248 186 9393 3172 186 9394 3182 186 9395 3248 188 9399 3182 188 9400 3192 188 9401 3181 190 9405 3187 190 9406 3191 190 9407 3176 192 9411 3191 192 9412 3186 192 9413 3182 193 9414 3186 193 9415 3192 193 9416 3177 195 9420 3190 195 9421 3187 195 9422 3187 197 9426 3200 197 9427 3197 197 9428 3248 200 9435 3192 200 9436 3202 200 9437 3191 202 9441 3197 202 9442 3201 202 9443 3186 204 9447 3201 204 9448 3196 204 9449 3192 205 9450 3196 205 9451 3202 205 9452 3197 208 9459 3210 208 9460 3207 208 9461 3248 211 9468 3202 211 9469 3212 211 9470 3201 213 9474 3207 213 9475 3211 213 9476 3196 215 9480 3211 215 9481 3206 215 9482 3202 216 9483 3206 216 9484 3212 216 9485 3206 217 9486 3221 217 9487 3216 217 9488 3212 218 9489 3216 218 9490 3222 218 9491 3207 220 9495 3220 220 9496 3217 220 9497 3248 223 9504 3212 223 9505 3222 223 9506 3211 225 9510 3217 225 9511 3221 225 9512 3221 227 9516 3227 227 9517 3231 227 9518 3216 229 9522 3231 229 9523 3226 229 9524 3222 230 9525 3226 230 9526 3232 230 9527 3217 232 9531 3230 232 9532 3227 232 9533 3248 235 9540 3222 235 9541 3232 235 9542 3248 237 9546 3232 237 9547 3242 237 9548 3231 239 9552 3237 239 9553 3241 239 9554 3226 241 9558 3241 241 9559 3236 241 9560 3232 242 9561 3236 242 9562 3242 242 9563 3227 244 9567 3240 244 9568 3237 244 9569 3248 249 9582 3242 249 9583 3253 249 9584 3241 251 9588 3247 251 9589 3252 251 9590 3236 253 9594 3252 253 9595 3246 253 9596 3242 254 9597 3246 254 9598 3253 254 9599 3237 256 9603 3251 256 9604 3247 256 9605 3124 257 9612 3131 257 9613 2760 257 9614 3253 258 9615 1856 258 9616 3248 258 9617 169 0 9618 3 0 9619 257 0 9620 2 2 9624 6 2 9625 153 2 9626 1 3 9627 5 3 9628 167 3 9629 3 4 9630 7 4 9631 258 4 9632 0 5 9633 4 5 9634 131 5 9635 8 3 9636 10 3 9637 171 3 9638 9 2 9639 11 2 9640 2881 2 9641 163 0 9645 9 0 9646 272 0 9647 14 2 9648 15 2 9649 50 2 9650 12 3 9651 13 3 9652 1202 3 9653 1228 0 9657 14 0 9658 273 0 9659 30 0 9660 16 0 9661 274 0 9662 18 3 9666 19 3 9667 33 3 9668 16 2 9669 17 2 9670 1998 2 9671 2230 1 9672 29 1 9673 34 1 9674 35 0 9675 28 0 9676 2248 0 9677 1203 0 9678 27 0 9679 2247 0 9680 2229 1 9681 26 1 9682 1230 1 9683 164 0 9684 25 0 9685 2246 0 9686 2228 1 9687 24 1 9688 159 1 9689 20 5 9690 22 5 9691 2414 5 9692 21 4 9693 23 4 9694 2227 4 9695 168 0 9699 21 0 9700 2226 0 9701 311 0 9702 35 0 9703 2249 0 9704 32 3 9708 33 3 9709 310 3 9710 312 0 9714 30 0 9715 275 0 9716 30 2 9717 31 2 9718 17 2 9719 414 0 9723 40 0 9724 2250 0 9725 38 2 9726 39 2 9727 2326 2 9728 458 0 9729 38 0 9730 276 0 9731 36 3 9735 37 3 9736 415 3 9737 1709 0 9738 46 0 9739 2251 0 9740 1734 0 9741 42 0 9742 277 0 9743 44 3 9747 45 3 9748 1708 3 9749 42 2 9750 43 2 9751 1070 2 9752 27 0 9753 52 0 9754 2252 0 9755 2233 1 9756 51 1 9757 26 1 9758 49 2 9759 50 2 9760 418 2 9761 47 3 9762 48 3 9763 13 3 9764 14 0 9768 49 0 9769 278 0 9770 56 2 9771 57 2 9772 170 2 9773 422 0 9774 55 0 9775 2253 0 9776 53 3 9780 54 3 9781 421 3 9782 417 0 9786 56 0 9787 279 0 9788 152 0 9789 59 0 9790 280 0 9791 62 3 9795 63 3 9796 156 3 9797 157 0 9801 64 0 9802 2254 0 9803 59 2 9804 60 2 9805 313 2 9806 158 0 9807 85 0 9808 1365 0 9809 424 0 9816 82 0 9817 1364 0 9818 1347 1 9819 81 1 9820 73 1 9821 68 0 9822 80 0 9823 1363 0 9824 1710 0 9825 79 0 9826 1362 0 9827 386 0 9828 78 0 9829 1361 0 9830 316 0 9837 75 0 9838 1360 0 9839 172 0 9840 70 0 9841 1340 0 9842 70 4 9846 71 4 9847 1341 4 9848 151 0 9852 67 0 9853 1357 0 9854 1343 1 9855 73 1 9856 1231 1 9857 1204 0 9858 68 0 9859 1358 0 9860 75 0 9861 69 0 9862 1359 0 9863 1344 1 9864 74 1 9865 76 1 9866 65 5 9867 66 5 9868 1386 5 9869 91 0 9873 90 0 9874 376 0 9875 1205 0 9876 89 0 9877 375 0 9878 150 0 9882 88 0 9883 374 0 9884 97 4 9888 98 4 9889 362 4 9890 175 0 9894 97 0 9895 361 0 9896 317 0 9897 91 0 9898 377 0 9899 355 0 9906 92 0 9907 378 0 9908 1711 0 9912 93 0 9913 379 0 9914 89 0 9915 94 0 9916 380 0 9917 425 0 9921 95 0 9922 381 0 9923 161 0 9930 96 0 9931 382 0 9932 86 5 9933 87 5 9934 390 5 9935 162 0 9936 118 0 9937 140 0 9938 428 0 9945 117 0 9946 139 0 9947 111 0 9951 116 0 9952 138 0 9953 1712 0 9954 115 0 9955 137 0 9956 330 0 9960 114 0 9961 136 0 9962 320 0 9969 113 0 9970 135 0 9971 176 0 9972 119 0 9973 141 0 9974 119 4 9978 120 4 9979 142 4 9980 147 0 9984 110 0 9985 132 0 9986 1206 0 9990 111 0 9991 133 0 9992 113 0 9993 112 0 9994 134 0 9995 108 5 9999 109 5 10000 373 5 10001 135 0 10005 134 0 10006 18 0 10007 1207 0 10008 133 0 10009 12 0 10010 146 0 10014 132 0 10015 8 0 10016 141 4 10020 142 4 10021 5 4 10022 179 0 10026 141 0 10027 1 0 10028 321 0 10029 135 0 10030 32 0 10031 308 0 10038 136 0 10039 36 0 10040 1713 0 10044 137 0 10045 44 0 10046 133 0 10047 138 0 10048 47 0 10049 429 0 10053 139 0 10054 53 0 10055 165 0 10062 140 0 10063 62 0 10064 130 5 10065 131 5 10066 109 5 10067 130 0 10068 165 0 10069 155 0 10070 108 0 10077 162 0 10078 165 0 10079 86 0 10080 161 0 10081 383 0 10082 65 0 10089 158 0 10090 1366 0 10091 20 0 10092 157 0 10093 2256 0 10094 155 3 10098 156 3 10099 4 3 10100 2 0 10104 152 0 10105 281 0 10106 152 2 10107 153 2 10108 60 2 10109 139 0 10110 179 0 10111 166 0 10112 117 0 10119 176 0 10120 179 0 10121 95 0 10122 175 0 10123 385 0 10124 82 0 10131 172 0 10132 1367 0 10133 169 2 10134 170 2 10135 7 2 10136 55 0 10137 168 0 10138 2257 0 10139 166 3 10143 167 3 10144 54 3 10145 56 0 10149 169 0 10150 282 0 10151 198 0 10152 204 0 10153 1554 0 10154 185 0 10158 202 0 10159 1553 0 10160 202 0 10167 199 0 10168 1551 0 10169 431 0 10170 198 0 10171 1550 0 10172 188 0 10176 196 0 10177 1549 0 10178 1532 1 10179 195 1 10180 183 1 10181 1714 0 10182 194 0 10183 1548 0 10184 269 0 10188 192 0 10189 1547 0 10190 323 0 10191 191 0 10192 1546 0 10193 185 5 10197 186 5 10198 1618 5 10199 1529 1 10200 184 1 10201 190 1 10202 191 0 10203 189 0 10204 1545 0 10205 1208 0 10206 188 0 10207 1544 0 10208 1528 1 10209 183 1 10210 1234 1 10211 145 0 10212 187 0 10213 1543 0 10214 180 4 10218 181 4 10219 1526 4 10220 204 0 10224 180 0 10225 1525 0 10226 218 5 10227 219 5 10228 284 5 10229 227 0 10230 230 0 10231 609 0 10232 218 0 10236 229 0 10237 608 0 10238 229 0 10245 228 0 10246 607 0 10247 433 0 10248 227 0 10249 606 0 10250 221 0 10254 226 0 10255 605 0 10256 618 1 10257 213 1 10258 208 1 10259 617 1 10260 212 1 10261 1738 1 10262 1715 0 10263 225 0 10264 604 0 10265 616 1 10266 211 1 10267 268 1 10268 267 0 10269 224 0 10270 603 0 10271 325 0 10272 223 0 10273 602 0 10274 614 1 10278 209 1 10279 210 1 10280 223 0 10281 222 0 10282 601 0 10283 1209 0 10284 221 0 10285 600 0 10286 613 1 10287 208 1 10288 1235 1 10289 143 0 10290 220 0 10291 599 0 10292 3006 1 10293 335 1 10294 3008 1 10295 335 1 10296 405 1 10297 2888 1 10298 205 4 10299 206 4 10300 611 4 10301 230 0 10305 205 0 10306 610 0 10307 244 5 10308 245 5 10309 271 5 10310 253 0 10311 256 0 10312 295 0 10313 244 0 10317 255 0 10318 294 0 10319 255 0 10326 254 0 10327 293 0 10328 435 0 10329 253 0 10330 292 0 10331 247 0 10335 252 0 10336 291 0 10337 1716 0 10344 251 0 10345 290 0 10346 265 0 10350 250 0 10351 289 0 10352 327 0 10353 249 0 10354 288 0 10355 249 0 10362 248 0 10363 287 0 10364 1210 0 10365 247 0 10366 286 0 10367 577 0 10371 246 0 10372 285 0 10373 231 4 10377 232 4 10378 297 4 10379 256 0 10383 231 0 10384 296 0 10385 270 5 10386 271 5 10387 6 5 10388 279 0 10389 282 0 10390 256 0 10391 270 0 10395 281 0 10396 255 0 10397 281 0 10404 280 0 10405 254 0 10406 437 0 10407 279 0 10408 253 0 10409 273 0 10413 278 0 10414 252 0 10415 1717 0 10422 277 0 10423 251 0 10424 264 0 10428 276 0 10429 250 0 10430 329 0 10431 275 0 10432 249 0 10433 275 0 10440 274 0 10441 248 0 10442 1211 0 10443 273 0 10444 247 0 10445 579 0 10449 272 0 10450 246 0 10451 257 4 10455 258 4 10456 232 4 10457 282 0 10461 257 0 10462 231 0 10463 295 0 10464 296 0 10465 205 0 10466 296 4 10470 297 4 10471 206 4 10472 581 0 10476 285 0 10477 220 0 10478 1212 0 10482 286 0 10483 221 0 10484 288 0 10485 287 0 10486 222 0 10487 332 0 10494 288 0 10495 223 0 10496 263 0 10497 289 0 10498 224 0 10499 1718 0 10503 290 0 10504 225 0 10505 286 0 10512 291 0 10513 226 0 10514 440 0 10518 292 0 10519 227 0 10520 294 0 10521 293 0 10522 228 0 10523 283 0 10530 294 0 10531 229 0 10532 292 0 10536 295 0 10537 230 0 10538 283 5 10539 284 5 10540 245 5 10541 293 0 10542 332 0 10543 325 0 10544 280 0 10551 329 0 10552 327 0 10553 254 0 10557 327 0 10558 332 0 10559 228 0 10563 325 0 10564 623 0 10565 199 0 10569 323 0 10570 1556 0 10571 140 0 10575 321 0 10576 309 0 10577 118 0 10578 320 0 10579 321 0 10580 96 0 10587 317 0 10588 388 0 10589 85 0 10590 316 0 10591 1368 0 10592 312 2 10596 313 2 10597 31 2 10598 59 0 10599 312 0 10600 329 0 10601 309 3 10605 310 3 10606 63 3 10607 64 0 10611 311 0 10612 2259 0 10613 354 0 10617 359 0 10618 402 0 10619 353 0 10620 358 0 10621 401 0 10622 344 0 10626 356 0 10627 400 0 10628 344 5 10632 345 5 10633 1297 5 10634 407 1 10635 337 1 10636 338 1 10637 349 0 10638 348 0 10639 393 0 10640 1213 0 10641 347 0 10642 392 0 10643 406 1 10644 336 1 10645 1238 1 10646 582 0 10647 346 0 10648 391 0 10649 405 1 10650 335 1 10651 583 1 10652 333 4 10653 334 4 10654 404 4 10655 358 0 10659 333 0 10660 403 0 10661 359 0 10662 349 0 10663 394 0 10664 409 1 10668 339 1 10669 261 1 10670 260 0 10671 350 0 10672 395 0 10673 410 1 10674 340 1 10675 1741 1 10676 1719 0 10677 351 0 10678 396 0 10679 347 0 10680 352 0 10681 397 0 10682 411 1 10683 341 1 10684 336 1 10685 441 0 10686 353 0 10687 398 0 10688 356 0 10695 354 0 10696 399 0 10697 382 0 10698 388 0 10699 320 0 10700 381 0 10707 385 0 10708 176 0 10709 372 0 10713 383 0 10714 162 0 10715 372 5 10716 373 5 10717 87 5 10718 383 0 10719 382 0 10720 118 0 10721 444 0 10728 381 0 10729 117 0 10730 375 0 10734 380 0 10735 116 0 10736 1720 0 10737 379 0 10738 115 0 10739 259 0 10743 378 0 10744 114 0 10745 388 0 10752 377 0 10753 113 0 10754 385 0 10755 361 0 10756 119 0 10757 361 4 10761 362 4 10762 120 4 10763 585 0 10767 374 0 10768 110 0 10769 1214 0 10773 375 0 10774 111 0 10775 377 0 10776 376 0 10777 112 0 10778 400 0 10782 399 0 10783 96 0 10784 446 0 10791 398 0 10792 95 0 10793 105 1 10794 411 1 10795 406 1 10796 392 0 10797 397 0 10798 94 0 10799 1721 0 10800 396 0 10801 93 0 10802 104 1 10803 410 1 10804 1743 1 10805 242 0 10806 395 0 10807 92 0 10808 103 1 10809 409 1 10810 217 1 10811 402 0 10815 394 0 10816 91 0 10817 401 0 10818 403 0 10819 97 0 10820 403 4 10824 404 4 10825 98 4 10826 99 1 10827 405 1 10828 586 1 10829 587 0 10830 391 0 10831 88 0 10832 100 1 10833 406 1 10834 1240 1 10835 1215 0 10836 392 0 10837 89 0 10838 394 0 10839 393 0 10840 90 0 10841 101 1 10842 407 1 10843 408 1 10844 389 0 10848 400 0 10849 161 0 10850 398 0 10854 401 0 10855 175 0 10856 399 0 10857 402 0 10858 317 0 10859 389 5 10863 390 5 10864 345 5 10865 397 0 10866 446 0 10867 425 0 10868 380 0 10872 444 0 10873 428 0 10874 352 0 10881 441 0 10882 446 0 10883 291 0 10884 440 0 10885 433 0 10886 278 0 10893 437 0 10894 435 0 10895 252 0 10899 435 0 10900 440 0 10901 226 0 10905 433 0 10906 625 0 10907 196 0 10911 431 0 10912 1557 0 10913 138 0 10917 429 0 10918 420 0 10919 116 0 10920 428 0 10921 429 0 10922 94 0 10929 425 0 10930 444 0 10931 80 0 10932 424 0 10933 1369 0 10934 49 0 10938 417 0 10939 437 0 10940 420 3 10944 421 3 10945 48 3 10946 52 0 10950 422 0 10951 2260 0 10952 417 2 10953 418 2 10954 57 2 10955 468 0 10959 474 0 10960 1311 0 10961 460 5 10962 461 5 10963 1356 5 10964 470 0 10968 473 0 10969 1309 0 10970 469 0 10971 472 0 10972 1308 0 10973 177 1 10974 174 1 10975 534 1 10976 460 0 10977 471 0 10978 1307 0 10979 1316 1 10983 451 1 10984 452 1 10985 465 0 10986 464 0 10987 1300 0 10988 1216 0 10989 463 0 10990 1299 0 10991 1315 1 10992 450 1 10993 1241 1 10994 588 0 10995 462 0 10996 1298 0 10997 447 4 11001 448 4 11002 1313 4 11003 472 0 11007 447 0 11008 1312 0 11009 473 0 11010 465 0 11011 1301 0 11012 203 0 11019 466 0 11020 1302 0 11021 1722 0 11022 467 0 11023 1303 0 11024 463 0 11025 468 0 11026 1304 0 11027 1319 1 11028 454 1 11029 450 1 11030 474 0 11031 469 0 11032 1305 0 11033 471 0 11040 470 0 11041 1306 0 11042 482 1 11043 483 1 11044 480 1 11045 486 1 11046 487 1 11047 1098 1 11048 484 1 11049 485 1 11050 2338 1 11051 512 1 11052 490 1 11053 491 1 11054 492 1 11055 493 1 11056 552 1 11057 481 1 11058 480 1 11059 2009 1 11060 477 1 11061 476 1 11062 2907 1 11063 479 1 11064 478 1 11065 488 1 11066 489 1 11067 488 1 11068 568 1 11069 502 1 11070 503 1 11071 493 1 11072 502 1 11073 500 1 11074 501 1 11075 498 1 11076 499 1 11077 560 1 11078 496 1 11079 497 1 11080 1371 1 11081 494 1 11082 495 1 11083 2261 1 11084 510 1 11085 511 1 11086 512 1 11087 508 1 11088 509 1 11089 562 1 11090 506 1 11091 507 1 11092 1373 1 11093 504 1 11094 505 1 11095 2262 1 11096 514 1 11097 515 1 11098 1558 1 11099 516 1 11100 517 1 11101 1559 1 11102 518 1 11103 519 1 11104 627 1 11105 520 1 11106 521 1 11107 629 1 11108 522 1 11109 523 1 11110 548 1 11111 524 1 11112 525 1 11113 550 1 11114 544 1 11115 545 1 11116 523 1 11117 524 9 11118 546 9 11119 547 9 11120 540 1 11121 541 1 11122 547 1 11123 543 1 11124 545 1 11125 544 1 11126 538 1 11127 539 1 11128 570 1 11129 528 1 11130 529 1 11131 539 1 11132 526 1 11133 527 1 11134 2908 1 11135 530 1 11136 531 1 11137 2003 1 11138 543 1 11139 542 1 11140 554 1 11141 532 1 11142 533 1 11143 531 1 11144 537 1 11145 536 1 11146 1099 1 11147 535 1 11148 534 1 11149 2332 1 11150 549 1 11151 548 1 11152 519 1 11153 551 1 11154 550 1 11155 521 1 11156 553 1 11157 552 1 11158 483 1 11159 555 1 11160 554 1 11161 533 1 11162 556 1 11163 557 1 11164 564 1 11165 558 1 11166 559 1 11167 566 1 11168 561 1 11169 560 1 11170 501 1 11171 563 1 11172 562 1 11173 511 1 11174 565 1 11175 564 1 11176 499 1 11177 567 1 11178 566 1 11179 509 1 11180 569 1 11181 568 1 11182 491 1 11183 571 1 11184 570 1 11185 541 1 11186 573 1 11187 572 1 11188 1325 1 11189 575 1 11190 574 1 11191 1327 1 11192 201 1 11196 178 1 11197 485 1 11198 2007 0 11199 203 0 11200 1295 0 11201 1294 1 11202 216 1 11203 2028 1 11204 357 1 11205 217 1 11206 2019 1 11207 2010 0 11208 242 0 11209 355 0 11210 2011 0 11214 259 0 11215 330 0 11216 2012 0 11217 260 0 11218 242 0 11219 217 1 11220 261 1 11221 2015 1 11222 2025 0 11226 263 0 11227 267 0 11228 2013 0 11229 264 0 11230 265 0 11231 2014 0 11235 265 0 11236 263 0 11237 2026 0 11241 267 0 11242 595 0 11243 621 1 11244 268 1 11245 2005 1 11246 2016 0 11247 269 0 11248 1555 0 11249 1523 1 11250 307 1 11251 2004 1 11252 2018 0 11253 308 0 11254 430 0 11255 2021 0 11262 330 0 11263 308 0 11264 2020 0 11265 355 0 11266 259 0 11267 1352 1 11271 384 1 11272 2000 1 11273 2023 0 11274 386 0 11275 1339 0 11276 430 3 11277 415 3 11278 2024 3 11279 1997 0 11280 458 0 11281 264 0 11282 2022 0 11283 414 0 11284 2258 0 11285 2225 1 11286 438 1 11287 1999 1 11288 458 2 11289 457 2 11290 39 2 11291 592 1 11298 593 1 11299 527 1 11300 590 1 11301 591 1 11302 476 1 11303 2337 0 11307 588 0 11308 1293 0 11309 2330 0 11310 587 0 11311 150 0 11312 149 1 11313 586 1 11314 2355 1 11315 2336 0 11316 585 0 11317 147 0 11318 586 1 11322 583 1 11323 2353 1 11324 2333 0 11325 582 0 11326 587 0 11327 2335 0 11328 581 0 11329 143 0 11330 2334 0 11337 579 0 11338 577 0 11339 2339 0 11343 577 0 11344 581 0 11345 2360 1 11346 594 1 11347 576 1 11348 2342 0 11349 143 0 11350 596 0 11351 2341 0 11355 145 0 11356 1552 0 11357 2343 0 11361 146 0 11362 173 0 11363 2345 0 11364 147 0 11365 146 0 11366 2344 0 11370 150 0 11371 585 0 11372 2347 0 11373 151 0 11374 1351 0 11375 163 2 11382 160 2 11383 11 2 11384 2236 1 11385 159 1 11386 2327 1 11387 2351 0 11388 164 0 11389 2255 0 11390 2325 0 11391 163 0 11392 579 0 11393 173 3 11394 171 3 11395 2348 3 11396 2359 0 11397 596 0 11398 1680 0 11399 1672 1 11403 621 1 11404 2031 1 11405 2032 0 11406 595 0 11407 1679 0 11408 628 1 11409 629 1 11410 1697 1 11411 626 1 11412 627 1 11413 1696 1 11414 605 0 11415 625 0 11416 1695 0 11417 607 0 11421 623 0 11422 1694 0 11423 609 0 11427 610 0 11428 1662 0 11429 610 4 11430 611 4 11431 1663 4 11432 596 0 11436 599 0 11437 1683 0 11438 1665 1 11439 613 1 11440 1244 1 11441 1219 0 11442 600 0 11443 1684 0 11444 602 0 11445 601 0 11446 1685 0 11447 1666 1 11448 614 1 11449 615 1 11450 623 0 11454 602 0 11455 1686 0 11456 595 0 11457 603 0 11458 1687 0 11459 1725 0 11463 604 0 11464 1688 0 11465 1669 1 11466 618 1 11467 613 1 11468 600 0 11469 605 0 11470 1689 0 11471 625 0 11475 606 0 11476 1690 0 11477 608 0 11478 607 0 11479 1691 0 11480 597 0 11487 608 0 11488 1692 0 11489 606 0 11493 609 0 11494 1693 0 11495 597 5 11496 598 5 11497 219 5 11498 2361 0 11502 653 0 11503 1880 0 11504 1864 1 11505 652 1 11506 2362 1 11507 1853 1 11508 630 1 11509 2033 1 11510 2034 0 11511 656 0 11512 1883 0 11513 663 1 11514 664 1 11515 1887 1 11516 661 1 11517 662 1 11518 1886 1 11519 649 0 11520 660 0 11521 1885 0 11522 651 0 11526 658 0 11527 1884 0 11528 650 0 11544 655 0 11545 1882 0 11546 641 0 11547 654 0 11548 1881 0 11549 641 5 11550 642 5 11551 1950 5 11552 654 0 11553 651 0 11554 1879 0 11555 660 0 11559 650 0 11560 1878 0 11561 1861 1 11562 638 1 11563 634 1 11564 644 0 11565 649 0 11566 1877 0 11567 1726 0 11568 648 0 11569 1876 0 11570 656 0 11571 647 0 11572 1875 0 11573 658 0 11580 646 0 11581 1874 0 11582 655 0 11583 631 0 11584 1854 0 11585 631 4 11586 632 4 11587 1855 4 11588 1856 1 11589 633 1 11590 652 1 11591 653 0 11592 643 0 11593 1871 0 11594 1857 1 11595 634 1 11596 1245 1 11597 1220 0 11598 644 0 11599 1872 0 11600 646 0 11601 645 0 11602 1873 0 11603 1858 1 11604 635 1 11605 636 1 11606 681 5 11607 682 5 11608 2176 5 11609 2363 0 11610 692 0 11611 2104 0 11612 2086 1 11613 676 1 11614 2364 1 11615 2075 1 11616 665 1 11617 2035 1 11618 2036 0 11619 695 0 11620 2107 0 11621 680 1 11622 699 1 11623 2111 1 11624 679 1 11625 698 1 11626 2110 1 11627 689 0 11628 697 0 11629 2109 0 11630 691 0 11634 696 0 11635 2108 0 11636 690 0 11652 694 0 11653 2106 0 11654 681 0 11655 693 0 11656 2105 0 11657 693 0 11658 691 0 11659 2103 0 11660 697 0 11664 690 0 11665 2102 0 11666 2083 1 11667 673 1 11668 669 1 11669 684 0 11670 689 0 11671 2101 0 11672 1727 0 11673 688 0 11674 2100 0 11675 695 0 11676 687 0 11677 2099 0 11678 696 0 11685 686 0 11686 2098 0 11687 694 0 11688 666 0 11689 2076 0 11690 666 4 11691 667 4 11692 2077 4 11693 2078 1 11694 668 1 11695 676 1 11696 692 0 11697 683 0 11698 2095 0 11699 2079 1 11700 669 1 11701 1246 1 11702 1221 0 11703 684 0 11704 2096 0 11705 686 0 11706 685 0 11707 2097 0 11708 2080 1 11709 670 1 11710 671 1 11711 2365 0 11712 712 0 11713 2652 0 11714 2622 1 11715 713 1 11716 2366 1 11717 2621 1 11718 705 1 11719 2037 1 11720 2038 0 11721 726 0 11722 2655 0 11723 733 1 11724 734 1 11725 2659 1 11726 731 1 11727 732 1 11728 2658 1 11729 709 0 11730 730 0 11731 2657 0 11732 711 0 11739 728 0 11740 2656 0 11741 715 0 11745 716 0 11746 2623 0 11747 716 4 11748 717 4 11749 2624 4 11750 2625 1 11751 718 1 11752 713 1 11753 712 0 11754 702 0 11755 2643 0 11756 2626 1 11757 719 1 11758 1247 1 11759 1222 0 11760 703 0 11761 2644 0 11762 706 0 11763 704 0 11764 2645 0 11765 2627 1 11766 720 1 11767 721 1 11768 728 0 11772 706 0 11773 2646 0 11774 726 0 11775 707 0 11776 2647 0 11777 1728 0 11781 708 0 11782 2648 0 11783 2630 1 11784 723 1 11785 719 1 11786 703 0 11787 709 0 11788 2649 0 11789 730 0 11793 710 0 11794 2650 0 11795 714 0 11796 711 0 11797 2651 0 11798 700 0 11799 714 0 11800 2653 0 11801 710 0 11802 715 0 11803 2654 0 11804 700 5 11814 701 5 11815 2725 5 11816 744 0 11826 748 0 11827 2497 0 11828 735 0 11829 747 0 11830 2496 0 11831 747 0 11832 745 0 11833 2494 0 11834 751 0 11835 744 0 11836 2493 0 11837 738 0 11841 743 0 11842 2492 0 11843 2474 1 11844 763 1 11845 759 1 11846 1729 0 11847 742 0 11848 2491 0 11849 749 0 11853 741 0 11854 2490 0 11855 750 0 11856 740 0 11857 2489 0 11858 2471 1 11862 760 1 11863 761 1 11864 740 0 11865 739 0 11866 2488 0 11867 1223 0 11868 738 0 11869 2487 0 11870 2470 1 11871 759 1 11872 1248 1 11873 746 0 11874 737 0 11875 2486 0 11876 2469 1 11877 758 1 11878 755 1 11879 756 4 11880 757 4 11881 2468 4 11882 748 0 11883 756 0 11884 2467 0 11885 745 0 11889 750 0 11890 2499 0 11891 743 0 11898 751 0 11899 2500 0 11900 768 1 11901 752 1 11902 2501 1 11903 769 1 11904 753 1 11905 2502 1 11906 2039 0 11907 749 0 11908 2498 0 11909 2465 1 11910 754 1 11911 2040 1 11912 2466 1 11913 755 1 11914 2367 1 11915 2368 0 11916 746 0 11917 2495 0 11918 735 5 11919 736 5 11920 2570 5 11921 786 5 11922 787 5 11923 2829 5 11924 2369 0 11925 797 0 11926 2807 0 11927 2777 1 11928 771 1 11929 2370 1 11930 2776 1 11931 770 1 11932 2041 1 11933 2042 0 11934 800 0 11935 2810 0 11936 785 1 11937 804 1 11938 2814 1 11939 784 1 11940 803 1 11941 2813 1 11942 794 0 11943 802 0 11944 2812 0 11945 796 0 11952 801 0 11953 2811 0 11954 799 0 11958 772 0 11959 2778 0 11960 772 4 11961 773 4 11962 2779 4 11963 2780 1 11964 774 1 11965 771 1 11966 797 0 11967 788 0 11968 2798 0 11969 2781 1 11970 775 1 11971 1249 1 11972 1224 0 11973 789 0 11974 2799 0 11975 791 0 11976 790 0 11977 2800 0 11978 2782 1 11979 776 1 11980 777 1 11981 801 0 11985 791 0 11986 2801 0 11987 800 0 11988 792 0 11989 2802 0 11990 1730 0 11994 793 0 11995 2803 0 11996 2785 1 11997 779 1 11998 775 1 11999 789 0 12000 794 0 12001 2804 0 12002 802 0 12006 795 0 12007 2805 0 12008 798 0 12009 796 0 12010 2806 0 12011 786 0 12012 798 0 12013 2808 0 12014 795 0 12015 799 0 12016 2809 0 12017 1436 1 12027 829 1 12028 830 1 12029 810 0 12030 809 0 12031 1451 0 12032 1225 0 12033 808 0 12034 1450 0 12035 1435 1 12036 828 1 12037 1250 1 12038 816 0 12039 807 0 12040 1449 0 12041 1434 1 12042 827 1 12043 835 1 12044 825 4 12045 826 4 12046 1433 4 12047 818 0 12048 825 0 12049 1432 0 12050 820 0 12051 810 0 12052 1452 0 12053 819 0 12060 811 0 12061 1453 0 12062 1731 0 12063 812 0 12064 1454 0 12065 808 0 12066 813 0 12067 1455 0 12068 1439 1 12069 832 1 12070 828 1 12071 821 0 12072 814 0 12073 1456 0 12074 817 0 12078 815 0 12079 1457 0 12080 805 0 12081 817 0 12082 1459 0 12083 814 0 12084 818 0 12085 1460 0 12086 815 0 12102 820 0 12103 1462 0 12104 813 0 12108 821 0 12109 1463 0 12110 838 1 12111 822 1 12112 1464 1 12113 839 1 12114 823 1 12115 1465 1 12116 2043 0 12117 819 0 12118 1461 0 12119 1431 1 12120 824 1 12121 2044 1 12122 1442 1 12123 835 1 12124 2371 1 12125 2372 0 12126 816 0 12127 1458 0 12128 805 5 12129 806 5 12130 1806 5 12131 2373 0 12132 851 0 12133 1396 0 12134 1415 1 12135 870 1 12136 2374 1 12137 1404 1 12138 859 1 12139 2045 1 12140 2046 0 12141 854 0 12142 1399 0 12143 874 1 12144 858 1 12145 1403 1 12146 873 1 12147 857 1 12148 1402 1 12149 848 0 12150 856 0 12151 1401 0 12152 850 0 12156 855 0 12157 1400 0 12158 849 0 12174 853 0 12175 1398 0 12176 840 0 12177 852 0 12178 1397 0 12179 852 0 12180 850 0 12181 1395 0 12182 856 0 12186 849 0 12187 1394 0 12188 1412 1 12189 867 1 12190 863 1 12191 843 0 12192 848 0 12193 1393 0 12194 1732 0 12195 847 0 12196 1392 0 12197 854 0 12198 846 0 12199 1391 0 12200 855 0 12207 845 0 12208 1390 0 12209 853 0 12210 860 0 12211 1405 0 12212 860 4 12213 861 4 12214 1406 4 12215 1407 1 12216 862 1 12217 870 1 12218 851 0 12219 842 0 12220 1387 0 12221 1408 1 12222 863 1 12223 1251 1 12224 1226 0 12225 843 0 12226 1388 0 12227 845 0 12228 844 0 12229 1389 0 12230 1409 1 12231 864 1 12232 865 1 12233 840 5 12234 841 5 12235 1448 5 12236 890 5 12237 891 5 12238 1870 5 12239 1829 1 12240 879 1 12241 880 1 12242 895 0 12243 894 0 12244 1809 0 12245 1227 0 12246 893 0 12247 1808 0 12248 1828 1 12249 878 1 12250 1252 1 12251 901 0 12252 892 0 12253 1807 0 12254 1835 262 12255 1827 262 12256 3248 262 12257 876 4 12258 877 4 12259 1826 4 12260 903 0 12261 876 0 12262 1825 0 12263 905 0 12264 895 0 12265 1810 0 12266 904 0 12273 896 0 12274 1811 0 12275 1733 0 12276 897 0 12277 1812 0 12278 893 0 12279 898 0 12280 1813 0 12281 1832 1 12282 882 1 12283 878 1 12284 906 0 12285 899 0 12286 1814 0 12287 902 0 12291 900 0 12292 1815 0 12293 890 0 12294 902 0 12295 1817 0 12296 899 0 12297 903 0 12298 1818 0 12299 900 0 12315 905 0 12316 1820 0 12317 898 0 12321 906 0 12322 1821 0 12323 888 1 12324 907 1 12325 1822 1 12326 889 1 12327 908 1 12328 1823 1 12329 2047 0 12330 904 0 12331 1819 0 12332 1824 1 12333 875 1 12334 2048 1 12335 1835 1 12336 885 1 12337 2375 1 12338 2376 0 12339 901 0 12340 1816 0 12341 2971 0 12342 948 0 12343 1840 0 12344 2970 0 12345 947 0 12346 1420 0 12347 2969 0 12348 946 0 12349 1466 0 12350 2968 0 12351 945 0 12352 2815 0 12353 2967 0 12354 944 0 12355 2503 0 12356 2966 0 12357 943 0 12358 2660 0 12359 2965 0 12360 942 0 12361 2112 0 12362 2964 0 12363 941 0 12364 1888 0 12365 2963 0 12366 939 0 12367 1698 0 12368 937 1 12369 938 1 12370 1786 1 12371 935 1 12372 936 1 12373 1785 1 12374 2960 0 12375 934 0 12376 1328 0 12377 915 1 12378 933 1 12379 3008 1 12380 2959 0 12381 932 0 12382 916 0 12383 2958 0 12387 930 0 12388 917 0 12389 2957 0 12390 929 0 12391 932 0 12392 933 1 12393 928 1 12394 3006 1 12395 2956 0 12399 926 0 12400 922 0 12401 2955 0 12402 925 0 12403 924 0 12404 2954 0 12408 924 0 12409 926 0 12410 2953 0 12414 922 0 12415 939 0 12416 940 1 12417 921 1 12418 3003 1 12419 2952 0 12420 920 0 12421 1560 0 12422 2951 0 12423 919 0 12424 911 0 12425 2950 0 12432 917 0 12433 919 0 12434 2949 0 12435 916 0 12436 930 0 12437 2948 0 12441 914 0 12442 1374 0 12443 911 3 12444 912 3 12445 2946 3 12446 2999 0 12447 909 0 12448 925 0 12449 2947 0 12450 913 0 12451 2263 0 12452 909 2 12456 910 2 12457 1757 2 12458 976 2 12459 977 2 12460 1735 2 12461 986 1 12462 965 1 12463 1723 1 12464 987 1 12465 966 1 12466 1724 1 12467 1795 0 12468 975 0 12469 1841 0 12470 1794 0 12471 974 0 12472 1421 0 12473 1793 0 12474 973 0 12475 1467 0 12476 1792 0 12477 972 0 12478 2816 0 12479 1791 0 12480 971 0 12481 2504 0 12482 1790 0 12483 970 0 12484 2661 0 12485 1789 0 12486 969 0 12487 2113 0 12488 1788 0 12489 968 0 12490 1889 0 12491 1787 0 12492 967 0 12493 1699 0 12494 1784 0 12495 964 0 12496 1329 0 12497 978 1 12498 985 1 12499 1765 1 12500 1783 0 12501 963 0 12502 953 0 12503 1782 0 12507 962 0 12508 954 0 12509 1781 0 12510 961 0 12511 963 0 12512 985 1 12513 983 1 12514 1763 1 12515 1780 0 12519 960 0 12520 957 0 12521 1779 0 12522 959 0 12523 958 0 12524 1778 0 12528 958 0 12529 960 0 12530 1777 0 12534 957 0 12535 967 0 12536 988 1 12537 980 1 12538 1760 1 12539 1776 0 12540 956 0 12541 1561 0 12542 1775 0 12543 955 0 12544 949 0 12545 1774 0 12552 954 0 12553 955 0 12554 1773 0 12555 953 0 12556 962 0 12557 1772 0 12561 952 0 12562 1375 0 12563 949 3 12564 950 3 12565 1770 3 12566 1756 0 12567 976 0 12568 959 0 12569 1771 0 12570 951 0 12571 2264 0 12572 1135 0 12576 1028 0 12577 1842 0 12578 1134 0 12579 1027 0 12580 1422 0 12581 1133 0 12582 1026 0 12583 1468 0 12584 1132 0 12585 1025 0 12586 2817 0 12587 1131 0 12588 1024 0 12589 2505 0 12590 1130 0 12591 1023 0 12592 2662 0 12593 1129 0 12594 1022 0 12595 2114 0 12596 1128 0 12597 1021 0 12598 1890 0 12599 1127 0 12600 1020 0 12601 1700 0 12602 1017 1 12603 1018 1 12604 1283 1 12605 1015 1 12606 1016 1 12607 1282 1 12608 1124 0 12609 1014 0 12610 1330 0 12611 1123 0 12612 1013 0 12613 995 0 12614 996 1 12615 1012 1 12616 1145 1 12617 1122 0 12618 1011 0 12619 998 0 12620 1012 1 12624 1009 1 12625 1143 1 12626 1121 0 12627 1008 0 12628 1013 0 12629 1120 0 12630 1007 0 12631 1001 0 12632 1119 0 12639 1005 0 12640 1003 0 12641 1118 0 12645 1003 0 12646 1007 0 12647 1019 1 12648 1002 1 12649 1140 1 12650 1117 0 12651 1001 0 12652 1020 0 12653 1116 0 12654 1000 0 12655 1562 0 12656 1115 0 12660 999 0 12661 989 0 12662 1114 0 12663 998 0 12664 999 0 12665 1113 0 12672 995 0 12673 1011 0 12674 1112 0 12675 994 0 12676 1376 0 12677 992 2 12681 993 2 12682 1254 2 12683 1111 0 12684 991 0 12685 2265 0 12686 1136 0 12687 992 0 12688 1005 0 12689 989 3 12690 990 3 12691 1110 3 12692 1042 3 12693 1043 3 12694 1083 3 12695 1069 0 12696 1029 0 12697 1052 0 12698 1084 0 12699 1044 0 12700 2266 0 12701 1085 0 12705 1045 0 12706 1377 0 12707 1086 0 12708 1046 0 12709 1055 0 12710 1087 0 12717 1047 0 12718 1048 0 12719 1088 0 12720 1048 0 12721 1042 0 12722 1089 0 12726 1049 0 12727 1563 0 12728 1090 0 12729 1050 0 12730 1060 0 12731 1041 1 12732 1033 1 12733 1073 1 12734 1091 0 12735 1051 0 12736 1053 0 12737 1092 0 12741 1052 0 12742 1051 0 12743 1093 0 12750 1053 0 12751 1050 0 12752 1094 0 12753 1054 0 12754 1056 0 12755 1038 1 12756 1036 1 12757 1076 1 12758 1095 0 12762 1055 0 12763 1047 0 12764 1031 1 12765 1038 1 12766 1078 1 12767 1096 0 12768 1056 0 12769 1046 0 12770 1097 0 12771 1057 0 12772 1331 0 12773 1100 0 12774 1060 0 12775 1701 0 12776 1101 0 12777 1061 0 12778 1891 0 12779 1102 0 12780 1062 0 12781 2115 0 12782 1103 0 12783 1063 0 12784 2663 0 12785 1104 0 12786 1064 0 12787 2506 0 12788 1105 0 12789 1065 0 12790 2818 0 12791 1106 0 12792 1066 0 12793 1469 0 12794 1107 0 12795 1067 0 12796 1423 0 12797 1108 0 12798 1068 0 12799 1843 0 12800 1040 1 12801 1059 1 12802 1126 1 12803 1039 1 12804 1058 1 12805 1125 1 12806 1029 2 12807 1030 2 12808 1137 2 12809 897 0 12810 1108 0 12811 1844 0 12812 847 0 12813 1107 0 12814 1424 0 12815 812 0 12816 1106 0 12817 1470 0 12818 793 0 12819 1105 0 12820 2819 0 12821 742 0 12822 1104 0 12823 2507 0 12824 708 0 12825 1103 0 12826 2664 0 12827 688 0 12828 1102 0 12829 2116 0 12830 648 0 12831 1101 0 12832 1892 0 12833 604 0 12834 1100 0 12835 1702 0 12836 467 0 12837 1097 0 12838 1332 0 12839 396 0 12840 1096 0 12841 1086 0 12842 1071 1 12843 1078 1 12844 410 1 12845 379 0 12846 1095 0 12847 1087 0 12848 1078 1 12852 1076 1 12853 340 1 12854 351 0 12855 1094 0 12856 1096 0 12857 290 0 12858 1093 0 12859 1090 0 12860 277 0 12867 1092 0 12868 1091 0 12869 251 0 12873 1091 0 12874 1093 0 12875 1081 1 12876 1073 1 12877 212 1 12878 225 0 12879 1090 0 12880 1100 0 12881 194 0 12882 1089 0 12883 1564 0 12884 137 0 12888 1088 0 12889 1082 0 12890 115 0 12891 1087 0 12892 1088 0 12893 93 0 12900 1086 0 12901 1095 0 12902 79 0 12903 1085 0 12904 1378 0 12905 46 0 12909 1084 0 12910 2267 0 12911 42 0 12912 1069 0 12913 1092 0 12914 1082 3 12915 1083 3 12916 45 3 12917 1080 1 12918 1099 1 12919 1059 1 12920 1079 1 12921 1098 1 12922 1058 1 12923 1069 2 12924 1070 2 12925 1030 2 12926 1136 2 12927 1137 2 12928 993 2 12929 1146 1 12930 1125 1 12931 1016 1 12932 1147 1 12933 1126 1 12934 1018 1 12935 1109 3 12936 1110 3 12937 1043 3 12938 1029 0 12939 1136 0 12940 1119 0 12941 1044 0 12942 1111 0 12943 2268 0 12944 1045 0 12948 1112 0 12949 1379 0 12950 1046 0 12951 1113 0 12952 1122 0 12953 1047 0 12960 1114 0 12961 1115 0 12962 1048 0 12963 1115 0 12964 1109 0 12965 1049 0 12969 1116 0 12970 1565 0 12971 1050 0 12972 1117 0 12973 1127 0 12974 1148 1 12975 1140 1 12976 1033 1 12977 1051 0 12978 1118 0 12979 1120 0 12980 1052 0 12984 1119 0 12985 1118 0 12986 1053 0 12993 1120 0 12994 1117 0 12995 1054 0 12996 1121 0 12997 1123 0 12998 1145 1 12999 1143 1 13000 1036 1 13001 1055 0 13005 1122 0 13006 1114 0 13007 1138 1 13008 1145 1 13009 1038 1 13010 1056 0 13011 1123 0 13012 1113 0 13013 1057 0 13014 1124 0 13015 1333 0 13016 1060 0 13017 1127 0 13018 1703 0 13019 1061 0 13020 1128 0 13021 1893 0 13022 1062 0 13023 1129 0 13024 2117 0 13025 1063 0 13026 1130 0 13027 2665 0 13028 1064 0 13029 1131 0 13030 2508 0 13031 1065 0 13032 1132 0 13033 2820 0 13034 1066 0 13035 1133 0 13036 1471 0 13037 1067 0 13038 1134 0 13039 1425 0 13040 1068 0 13041 1135 0 13042 1845 0 13043 1176 2 13044 1177 2 13045 1229 2 13046 1190 1 13047 1165 1 13048 1217 1 13049 1191 1 13050 1166 1 13051 1218 1 13052 1292 0 13053 1175 0 13054 1847 0 13055 1291 0 13056 1174 0 13057 1426 0 13058 1290 0 13059 1173 0 13060 1473 0 13061 1289 0 13062 1172 0 13063 2821 0 13064 1288 0 13065 1171 0 13066 2509 0 13067 1287 0 13068 1170 0 13069 2666 0 13070 1286 0 13071 1169 0 13072 2118 0 13073 1285 0 13074 1168 0 13075 1894 0 13076 1284 0 13077 1167 0 13078 1704 0 13079 1281 0 13080 1164 0 13081 1335 0 13082 1280 0 13083 1163 0 13084 1153 0 13085 1180 1 13086 1188 1 13087 1262 1 13088 1279 0 13089 1162 0 13090 1154 0 13091 1188 1 13095 1186 1 13096 1260 1 13097 1278 0 13098 1161 0 13099 1163 0 13100 1277 0 13101 1160 0 13102 1157 0 13103 1276 0 13110 1159 0 13111 1158 0 13112 1275 0 13116 1158 0 13117 1160 0 13118 1192 1 13119 1183 1 13120 1257 1 13121 1274 0 13122 1157 0 13123 1167 0 13124 1273 0 13125 1156 0 13126 1566 0 13127 1272 0 13131 1155 0 13132 1149 0 13133 1271 0 13134 1154 0 13135 1155 0 13136 1270 0 13143 1153 0 13144 1162 0 13145 1269 0 13146 1152 0 13147 1380 0 13148 1268 0 13152 1151 0 13153 2269 0 13154 1253 0 13155 1176 0 13156 1159 0 13157 1149 3 13158 1150 3 13159 1267 3 13160 1243 1 13161 1218 1 13162 529 1 13163 1242 1 13164 1217 1 13165 478 1 13166 1228 2 13167 1229 2 13168 15 2 13169 1848 1 13170 1252 1 13171 1200 1 13172 1175 0 13173 1227 0 13174 1849 0 13175 1174 0 13176 1226 0 13177 1428 0 13178 1429 1 13179 1251 1 13180 1199 1 13181 1474 1 13182 1250 1 13183 1198 1 13184 1173 0 13185 1225 0 13186 1475 0 13187 1172 0 13188 1224 0 13189 2822 0 13190 2793 1 13191 1249 1 13192 1197 1 13193 2482 1 13194 1248 1 13195 1196 1 13196 1171 0 13197 1223 0 13198 2510 0 13199 1170 0 13200 1222 0 13201 2667 0 13202 2638 1 13203 1247 1 13204 1195 1 13205 1169 0 13206 1221 0 13207 2119 0 13208 2092 1 13209 1246 1 13210 1194 1 13211 1168 0 13212 1220 0 13213 1896 0 13214 1897 1 13215 1245 1 13216 1193 1 13217 1167 0 13218 1219 0 13219 1705 0 13220 1678 1 13221 1244 1 13222 1192 1 13223 1336 1 13224 1241 1 13225 1189 1 13226 1164 0 13227 1216 0 13228 1337 0 13229 1163 0 13230 1215 0 13231 1205 0 13232 1232 1 13233 1240 1 13234 1188 1 13235 1162 0 13236 1214 0 13237 1206 0 13238 1240 1 13242 1238 1 13243 1186 1 13244 1161 0 13245 1213 0 13246 1215 0 13247 1160 0 13248 1212 0 13249 1209 0 13250 1159 0 13257 1211 0 13258 1210 0 13259 1158 0 13263 1210 0 13264 1212 0 13265 1244 1 13266 1235 1 13267 1183 1 13268 1157 0 13269 1209 0 13270 1219 0 13271 1540 1 13272 1234 1 13273 1182 1 13274 1156 0 13275 1208 0 13276 1567 0 13277 1155 0 13281 1207 0 13282 1201 0 13283 1154 0 13284 1206 0 13285 1207 0 13286 1153 0 13293 1205 0 13294 1214 0 13295 1152 0 13296 1204 0 13297 1382 0 13298 1383 1 13299 1231 1 13300 1179 1 13301 2242 1 13305 1230 1 13306 1178 1 13307 1151 0 13308 1203 0 13309 2270 0 13310 1176 0 13311 1228 0 13312 1211 0 13313 1201 3 13314 1202 3 13315 1150 3 13316 1266 3 13317 1267 3 13318 990 3 13319 992 0 13320 1253 0 13321 1276 0 13322 991 0 13323 1268 0 13324 2271 0 13325 994 0 13329 1269 0 13330 1384 0 13331 995 0 13332 1270 0 13333 1279 0 13334 998 0 13341 1271 0 13342 1272 0 13343 999 0 13344 1272 0 13345 1266 0 13346 1000 0 13350 1273 0 13351 1568 0 13352 1001 0 13353 1274 0 13354 1284 0 13355 1265 1 13356 1257 1 13357 1002 1 13358 1003 0 13359 1275 0 13360 1277 0 13361 1005 0 13365 1276 0 13366 1275 0 13367 1007 0 13374 1277 0 13375 1274 0 13376 1008 0 13377 1278 0 13378 1280 0 13379 1262 1 13380 1260 1 13381 1009 1 13382 1011 0 13386 1279 0 13387 1271 0 13388 1255 1 13389 1262 1 13390 1012 1 13391 1013 0 13392 1280 0 13393 1270 0 13394 1014 0 13395 1281 0 13396 1338 0 13397 1020 0 13398 1284 0 13399 1706 0 13400 1021 0 13401 1285 0 13402 1898 0 13403 1022 0 13404 1286 0 13405 2120 0 13406 1023 0 13407 1287 0 13408 2668 0 13409 1024 0 13410 1288 0 13411 2511 0 13412 1025 0 13413 1289 0 13414 2823 0 13415 1026 0 13416 1290 0 13417 1476 0 13418 1027 0 13419 1291 0 13420 1430 0 13421 1028 0 13422 1292 0 13423 1850 0 13424 1253 2 13425 1254 2 13426 1177 2 13427 1263 1 13428 1282 1 13429 1165 1 13430 1264 1 13431 1283 1 13432 1166 1 13433 1330 0 13434 1338 0 13435 1278 0 13436 1335 0 13437 1337 0 13438 1213 0 13439 1238 1 13440 1336 1 13441 1334 1 13442 1338 0 13443 1335 0 13444 1161 0 13445 1331 0 13446 1333 0 13447 1121 0 13448 1303 0 13449 1332 0 13450 1094 0 13451 1332 0 13452 1331 0 13453 1054 0 13454 1333 0 13455 1330 0 13456 1008 0 13457 1796 0 13458 1329 0 13459 961 0 13460 2972 0 13461 1328 0 13462 929 0 13463 2377 0 13464 1293 0 13465 582 0 13466 261 1 13470 1294 1 13471 2049 1 13472 2050 0 13473 1295 0 13474 260 0 13475 1326 1 13476 1327 1 13477 559 1 13478 1324 1 13479 1325 1 13480 557 1 13481 1307 0 13482 1306 0 13483 354 0 13484 1311 0 13491 1305 0 13492 353 0 13493 341 1 13494 1319 1 13495 1315 1 13496 1299 0 13497 1304 0 13498 352 0 13499 1747 0 13500 1303 0 13501 351 0 13502 1295 0 13503 1302 0 13504 350 0 13505 1309 0 13512 1301 0 13513 349 0 13514 1308 0 13515 1312 0 13516 333 0 13517 1312 4 13521 1313 4 13522 334 4 13523 1293 0 13527 1298 0 13528 346 0 13529 336 1 13530 1315 1 13531 1336 1 13532 1337 0 13533 1299 0 13534 347 0 13535 1301 0 13536 1300 0 13537 348 0 13538 337 1 13539 1316 1 13540 1317 1 13541 1296 0 13542 1307 0 13543 356 0 13544 1305 0 13545 1308 0 13546 358 0 13547 1306 0 13548 1309 0 13549 359 0 13550 1304 0 13554 1311 0 13555 441 0 13556 1296 5 13560 1297 5 13561 461 5 13562 1376 0 13569 1384 0 13570 1281 0 13571 1241 1 13572 1383 1 13573 1381 1 13574 1380 0 13575 1382 0 13576 1216 0 13577 1384 0 13578 1380 0 13579 1164 0 13580 1377 0 13581 1379 0 13582 1124 0 13583 1362 0 13584 1378 0 13585 1097 0 13586 1378 0 13587 1377 0 13588 1057 0 13589 1379 0 13590 1376 0 13591 1014 0 13592 1797 0 13593 1375 0 13594 964 0 13595 2973 0 13596 1374 0 13597 934 0 13598 2380 0 13602 1351 0 13603 588 0 13604 2051 0 13605 1339 0 13606 203 0 13607 216 1 13608 1352 1 13609 2052 1 13610 1372 1 13611 1373 1 13612 574 1 13613 1370 1 13614 1371 1 13615 572 1 13616 1355 5 13617 1356 5 13618 66 5 13619 1363 0 13623 1369 0 13624 474 0 13625 1365 0 13629 1368 0 13630 473 0 13631 1364 0 13632 1367 0 13633 472 0 13634 1355 0 13638 1366 0 13639 471 0 13640 451 1 13644 1344 1 13645 1345 1 13646 1360 0 13647 1359 0 13648 464 0 13649 1382 0 13650 1358 0 13651 463 0 13652 450 1 13653 1343 1 13654 1383 1 13655 1351 0 13656 1357 0 13657 462 0 13658 1340 4 13662 1341 4 13663 448 4 13664 1367 0 13665 1340 0 13666 447 0 13667 1368 0 13668 1360 0 13669 465 0 13670 1339 0 13677 1361 0 13678 466 0 13679 1748 0 13680 1362 0 13681 467 0 13682 1358 0 13683 1363 0 13684 468 0 13685 454 1 13686 1347 1 13687 1343 1 13688 1369 0 13689 1364 0 13690 469 0 13691 1366 0 13695 1365 0 13696 470 0 13697 1422 0 13704 1430 0 13705 1269 0 13706 1231 1 13707 1429 1 13708 1427 1 13709 1426 0 13710 1428 0 13711 1204 0 13712 1430 0 13713 1426 0 13714 1152 0 13715 1423 0 13716 1425 0 13717 1112 0 13718 1392 0 13719 1424 0 13720 1085 0 13721 1424 0 13722 1423 0 13723 1045 0 13724 1425 0 13725 1422 0 13726 994 0 13727 1798 0 13728 1421 0 13729 952 0 13730 2974 0 13731 1420 0 13732 914 0 13733 74 1 13734 1409 1 13735 1410 1 13736 1390 0 13737 1389 0 13738 69 0 13739 1428 0 13740 1388 0 13741 68 0 13742 73 1 13743 1408 1 13744 1429 1 13745 1396 0 13746 1387 0 13747 67 0 13748 1405 4 13752 1406 4 13753 71 4 13754 1398 0 13755 1405 0 13756 70 0 13757 1400 0 13758 1390 0 13759 75 0 13760 1399 0 13767 1391 0 13768 78 0 13769 1749 0 13770 1392 0 13771 79 0 13772 1388 0 13773 1393 0 13774 80 0 13775 81 1 13776 1412 1 13777 1408 1 13778 1401 0 13779 1394 0 13780 82 0 13781 1397 0 13785 1395 0 13786 85 0 13787 1385 0 13788 1397 0 13789 158 0 13790 1394 0 13791 1398 0 13792 172 0 13793 1395 0 13809 1400 0 13810 316 0 13811 1393 0 13815 1401 0 13816 424 0 13817 1418 1 13818 1402 1 13819 497 1 13820 1419 1 13821 1403 1 13822 507 1 13823 2053 0 13824 1399 0 13825 386 0 13826 384 1 13827 1404 1 13828 2054 1 13829 2382 0 13833 1396 0 13834 151 0 13835 1385 5 13836 1386 5 13837 841 5 13838 1468 0 13839 1476 0 13840 1291 0 13841 1473 0 13842 1475 0 13843 1226 0 13844 1251 1 13845 1474 1 13846 1472 1 13847 1476 0 13848 1473 0 13849 1174 0 13850 1469 0 13851 1471 0 13852 1134 0 13853 1454 0 13854 1470 0 13855 1107 0 13856 1470 0 13857 1469 0 13858 1067 0 13859 1471 0 13860 1468 0 13861 1027 0 13862 1799 0 13863 1467 0 13864 974 0 13865 2975 0 13866 1466 0 13867 947 0 13868 1447 5 13869 1448 5 13870 806 5 13871 2383 0 13872 1458 0 13873 851 0 13874 870 1 13875 1442 1 13876 2384 1 13877 859 1 13878 1431 1 13879 2055 1 13880 2056 0 13881 1461 0 13882 854 0 13883 1446 1 13884 1465 1 13885 858 1 13886 1445 1 13887 1464 1 13888 857 1 13889 1455 0 13890 1463 0 13891 856 0 13892 1457 0 13896 1462 0 13897 855 0 13898 1456 0 13914 1460 0 13915 853 0 13916 1447 0 13917 1459 0 13918 852 0 13919 1459 0 13920 1457 0 13921 850 0 13922 1463 0 13926 1456 0 13927 849 0 13928 867 1 13929 1439 1 13930 1435 1 13931 1450 0 13932 1455 0 13933 848 0 13934 1750 0 13935 1454 0 13936 847 0 13937 1461 0 13938 1453 0 13939 846 0 13940 1462 0 13947 1452 0 13948 845 0 13949 1460 0 13950 1432 0 13951 860 0 13952 1432 4 13953 1433 4 13954 861 4 13955 862 1 13956 1434 1 13957 1442 1 13958 1458 0 13959 1449 0 13960 842 0 13961 863 1 13962 1435 1 13963 1474 1 13964 1475 0 13965 1450 0 13966 843 0 13967 1452 0 13968 1451 0 13969 844 0 13970 864 1 13971 1436 1 13972 1437 1 13973 1514 0 13974 1522 0 13975 2855 0 13976 1519 0 13977 1521 0 13978 2854 0 13979 2873 1 13980 1520 1 13981 1518 1 13982 1522 0 13983 1519 0 13984 2853 0 13985 1515 0 13986 1517 0 13987 2852 0 13988 1500 0 13989 1516 0 13990 2851 0 13991 1516 0 13992 1515 0 13993 2850 0 13994 1517 0 13995 1514 0 13996 2849 0 13997 1800 0 13998 1513 0 13999 2848 0 14000 2976 0 14001 1512 0 14002 2847 0 14003 1493 5 14004 1494 5 14005 1542 5 14006 2385 0 14007 1504 0 14008 2839 0 14009 2857 1 14010 1478 1 14011 2386 1 14012 2856 1 14013 1477 1 14014 2057 1 14015 2058 0 14016 1507 0 14017 2842 0 14018 1492 1 14019 1511 1 14020 2846 1 14021 1491 1 14022 1510 1 14023 2845 1 14024 1501 0 14025 1509 0 14026 2844 0 14027 1503 0 14034 1508 0 14035 2843 0 14036 1506 0 14040 1479 0 14041 2858 0 14042 1479 4 14043 1480 4 14044 2859 4 14045 2860 1 14046 1481 1 14047 1478 1 14048 1504 0 14049 1495 0 14050 2830 0 14051 2861 1 14052 1482 1 14053 1520 1 14054 1521 0 14055 1496 0 14056 2831 0 14057 1498 0 14058 1497 0 14059 2832 0 14060 2862 1 14061 1483 1 14062 1484 1 14063 1508 0 14067 1498 0 14068 2833 0 14069 1507 0 14070 1499 0 14071 2834 0 14072 1751 0 14076 1500 0 14077 2835 0 14078 2865 1 14079 1486 1 14080 1482 1 14081 1496 0 14082 1501 0 14083 2836 0 14084 1509 0 14088 1502 0 14089 2837 0 14090 1505 0 14091 1503 0 14092 2838 0 14093 1493 0 14094 1505 0 14095 2840 0 14096 1502 0 14097 1506 0 14098 2841 0 14099 1541 5 14109 1542 5 14110 186 5 14111 1562 0 14112 1568 0 14113 1522 0 14114 1566 0 14115 1567 0 14116 1521 0 14117 1520 1 14118 1540 1 14119 1539 1 14120 1568 0 14121 1566 0 14122 1519 0 14123 1563 0 14124 1565 0 14125 1517 0 14126 1548 0 14127 1564 0 14128 1516 0 14129 1564 0 14130 1563 0 14131 1515 0 14132 1565 0 14133 1562 0 14134 1514 0 14135 1801 0 14136 1561 0 14137 1513 0 14138 2977 0 14139 1560 0 14140 1512 0 14141 2387 0 14142 1552 0 14143 1504 0 14144 1478 1 14145 1524 1 14146 2388 1 14147 1477 1 14148 1523 1 14149 2059 1 14150 2060 0 14151 1555 0 14152 1507 0 14153 1538 1 14154 1559 1 14155 1511 1 14156 1537 1 14157 1558 1 14158 1510 1 14159 1549 0 14160 1557 0 14161 1509 0 14162 1551 0 14169 1556 0 14170 1508 0 14171 1554 0 14175 1525 0 14176 1479 0 14177 1525 4 14178 1526 4 14179 1480 4 14180 1481 1 14181 1527 1 14182 1524 1 14183 1552 0 14184 1543 0 14185 1495 0 14186 1482 1 14187 1528 1 14188 1540 1 14189 1567 0 14190 1544 0 14191 1496 0 14192 1546 0 14193 1545 0 14194 1497 0 14195 1483 1 14196 1529 1 14197 1530 1 14198 1556 0 14202 1546 0 14203 1498 0 14204 1555 0 14205 1547 0 14206 1499 0 14207 1752 0 14211 1548 0 14212 1500 0 14213 1486 1 14214 1532 1 14215 1528 1 14216 1544 0 14217 1549 0 14218 1501 0 14219 1557 0 14223 1550 0 14224 1502 0 14225 1553 0 14226 1551 0 14227 1503 0 14228 1541 0 14229 1553 0 14230 1505 0 14231 1550 0 14232 1554 0 14233 1506 0 14234 1606 0 14244 1614 0 14245 1642 0 14246 1660 1 14247 1613 1 14248 1611 1 14249 1610 0 14250 1612 0 14251 1641 0 14252 1614 0 14253 1610 0 14254 1640 0 14255 1607 0 14256 1609 0 14257 1639 0 14258 1579 0 14259 1608 0 14260 1638 0 14261 1608 0 14262 1607 0 14263 1637 0 14264 1609 0 14265 1606 0 14266 1636 0 14267 1802 0 14268 1605 0 14269 1635 0 14270 2978 0 14271 1604 0 14272 1634 0 14273 1581 0 14277 1584 0 14278 1629 0 14279 1572 0 14283 1583 0 14284 1628 0 14285 1583 0 14292 1582 0 14293 1627 0 14294 1586 0 14295 1581 0 14296 1626 0 14297 1575 0 14301 1580 0 14302 1625 0 14303 1651 1 14304 1596 1 14305 1592 1 14306 1753 0 14307 1579 0 14308 1624 0 14309 1569 0 14313 1578 0 14314 1623 0 14315 1585 0 14316 1577 0 14317 1622 0 14318 1648 1 14322 1593 1 14323 1594 1 14324 1577 0 14325 1576 0 14326 1621 0 14327 1612 0 14328 1575 0 14329 1620 0 14330 1647 1 14331 1592 1 14332 1613 1 14333 1571 0 14334 1574 0 14335 1619 0 14336 1589 4 14340 1590 4 14341 1645 4 14342 1584 0 14343 1589 0 14344 1644 0 14345 1582 0 14349 1585 0 14350 1630 0 14351 1580 0 14355 1586 0 14356 1631 0 14357 1602 1 14358 1587 1 14359 1632 1 14360 1603 1 14361 1588 1 14362 1633 1 14363 2061 0 14364 1569 0 14365 1615 0 14366 1654 1 14367 1599 1 14368 2062 1 14369 2390 0 14373 1571 0 14374 1616 0 14375 1572 5 14376 1573 5 14377 1682 5 14378 2391 0 14379 1616 0 14380 145 0 14381 307 1 14385 1654 1 14386 2063 1 14387 2064 0 14388 1615 0 14389 269 0 14390 1658 1 14391 1633 1 14392 517 1 14393 1657 1 14394 1632 1 14395 515 1 14396 1625 0 14397 1631 0 14398 431 0 14399 1627 0 14403 1630 0 14404 323 0 14405 1629 0 14409 1644 0 14410 180 0 14411 1644 4 14412 1645 4 14413 181 4 14414 1616 0 14418 1619 0 14419 187 0 14420 183 1 14421 1647 1 14422 1660 1 14423 1641 0 14424 1620 0 14425 188 0 14426 1622 0 14427 1621 0 14428 189 0 14429 184 1 14430 1648 1 14431 1649 1 14432 1630 0 14436 1622 0 14437 191 0 14438 1615 0 14439 1623 0 14440 192 0 14441 1754 0 14445 1624 0 14446 194 0 14447 195 1 14448 1651 1 14449 1647 1 14450 1620 0 14451 1625 0 14452 196 0 14453 1631 0 14457 1626 0 14458 198 0 14459 1628 0 14460 1627 0 14461 199 0 14462 1617 0 14469 1628 0 14470 202 0 14471 1626 0 14475 1629 0 14476 204 0 14477 2979 0 14481 1634 0 14482 920 0 14483 1803 0 14484 1635 0 14485 956 0 14486 1639 0 14487 1636 0 14488 1000 0 14489 1638 0 14490 1637 0 14491 1049 0 14492 1624 0 14493 1638 0 14494 1089 0 14495 1637 0 14496 1639 0 14497 1116 0 14498 1642 0 14499 1640 0 14500 1156 0 14501 1640 0 14502 1641 0 14503 1208 0 14504 1234 1 14505 1660 1 14506 1659 1 14507 1636 0 14508 1642 0 14509 1273 0 14510 1617 5 14511 1618 5 14512 1573 5 14513 1681 5 14514 1682 5 14515 598 5 14516 1700 0 14517 1706 0 14518 1614 0 14519 1613 1 14520 1678 1 14521 1677 1 14522 1704 0 14523 1705 0 14524 1612 0 14525 1706 0 14526 1704 0 14527 1610 0 14528 1701 0 14529 1703 0 14530 1609 0 14531 1688 0 14532 1702 0 14533 1608 0 14534 1702 0 14535 1701 0 14536 1607 0 14537 1703 0 14538 1700 0 14539 1606 0 14540 1804 0 14541 1699 0 14542 1605 0 14543 2980 0 14544 1698 0 14545 1604 0 14546 1690 0 14550 1693 0 14551 1584 0 14552 1681 0 14556 1692 0 14557 1583 0 14558 1692 0 14565 1691 0 14566 1582 0 14567 1695 0 14568 1690 0 14569 1581 0 14570 1684 0 14574 1689 0 14575 1580 0 14576 1596 1 14577 1669 1 14578 1665 1 14579 1755 0 14580 1688 0 14581 1579 0 14582 1679 0 14586 1687 0 14587 1578 0 14588 1694 0 14589 1686 0 14590 1577 0 14591 1593 1 14595 1666 1 14596 1667 1 14597 1686 0 14598 1685 0 14599 1576 0 14600 1705 0 14601 1684 0 14602 1575 0 14603 1592 1 14604 1665 1 14605 1678 1 14606 1680 0 14607 1683 0 14608 1574 0 14609 1662 4 14613 1663 4 14614 1590 4 14615 1693 0 14616 1662 0 14617 1589 0 14618 1691 0 14622 1694 0 14623 1585 0 14624 1689 0 14628 1695 0 14629 1586 0 14630 1675 1 14631 1696 1 14632 1587 1 14633 1676 1 14634 1697 1 14635 1588 1 14636 2065 0 14637 1679 0 14638 1569 0 14639 1599 1 14640 1672 1 14641 2066 1 14642 2394 0 14646 1680 0 14647 1571 0 14648 1699 0 14649 1755 0 14650 1753 0 14651 1635 0 14652 1754 0 14653 1714 0 14654 1605 0 14655 1753 0 14656 1754 0 14657 1561 0 14658 1752 0 14659 1751 0 14660 1513 0 14661 1751 0 14662 2874 0 14663 1467 0 14664 1750 0 14665 1732 0 14666 1421 0 14667 1749 0 14668 1710 0 14669 1375 0 14670 1748 0 14671 1722 0 14672 1329 0 14673 1747 0 14674 1719 0 14675 1745 1 14676 1724 1 14677 536 1 14678 1744 1 14679 1723 1 14680 487 1 14681 1734 2 14682 1735 2 14683 43 2 14684 975 0 14685 1733 0 14686 1851 0 14687 974 0 14688 1732 0 14689 1749 0 14690 973 0 14691 1731 0 14692 1750 0 14693 972 0 14694 1730 0 14695 2824 0 14696 971 0 14697 1729 0 14698 2512 0 14699 970 0 14700 1728 0 14701 2669 0 14702 969 0 14703 1727 0 14704 2121 0 14705 968 0 14706 1726 0 14707 1899 0 14708 967 0 14709 1725 0 14710 1755 0 14711 964 0 14712 1722 0 14713 1747 0 14714 1736 1 14715 1743 1 14716 985 1 14717 963 0 14718 1721 0 14719 1711 0 14720 962 0 14724 1720 0 14725 1712 0 14726 961 0 14727 1719 0 14728 1721 0 14729 1743 1 14730 1741 1 14731 983 1 14732 960 0 14736 1718 0 14737 1715 0 14738 959 0 14739 1717 0 14740 1716 0 14741 958 0 14745 1716 0 14746 1718 0 14747 957 0 14751 1715 0 14752 1725 0 14753 1746 1 14754 1738 1 14755 980 1 14756 956 0 14757 1714 0 14758 1752 0 14759 955 0 14760 1713 0 14761 1707 0 14762 954 0 14769 1712 0 14770 1713 0 14771 953 0 14772 1711 0 14773 1720 0 14774 952 0 14778 1710 0 14779 1748 0 14780 1707 3 14781 1708 3 14782 950 3 14783 976 0 14784 1734 0 14785 1717 0 14786 951 0 14787 1709 0 14788 2272 0 14789 1698 0 14793 1804 0 14794 1802 0 14795 1634 0 14796 1803 0 14797 1776 0 14798 1604 0 14799 1802 0 14800 1803 0 14801 1560 0 14802 1801 0 14803 1800 0 14804 1512 0 14805 1800 0 14806 2875 0 14807 1466 0 14808 1799 0 14809 1794 0 14810 1420 0 14811 1798 0 14812 1772 0 14813 1374 0 14814 1797 0 14815 1784 0 14816 1328 0 14817 1796 0 14818 1781 0 14819 913 0 14823 1771 0 14824 2273 0 14825 909 0 14826 1756 0 14827 1779 0 14828 1769 3 14829 1770 3 14830 912 3 14831 914 0 14832 1772 0 14833 1797 0 14834 916 0 14838 1773 0 14839 1782 0 14840 917 0 14841 1774 0 14842 1775 0 14843 919 0 14850 1775 0 14851 1769 0 14852 920 0 14853 1776 0 14854 1801 0 14855 1768 1 14856 1760 1 14857 921 1 14858 922 0 14859 1777 0 14860 1787 0 14861 924 0 14865 1778 0 14866 1780 0 14867 925 0 14871 1779 0 14872 1778 0 14873 926 0 14874 1780 0 14875 1777 0 14876 1765 1 14880 1763 1 14881 928 1 14882 929 0 14883 1781 0 14884 1783 0 14885 930 0 14886 1782 0 14887 1774 0 14888 932 0 14892 1783 0 14893 1773 0 14894 1758 1 14895 1765 1 14896 933 1 14897 934 0 14898 1784 0 14899 1796 0 14900 939 0 14901 1787 0 14902 1804 0 14903 941 0 14904 1788 0 14905 1900 0 14906 942 0 14907 1789 0 14908 2122 0 14909 943 0 14910 1790 0 14911 2670 0 14912 944 0 14913 1791 0 14914 2513 0 14915 945 0 14916 1792 0 14917 2825 0 14918 946 0 14919 1793 0 14920 1799 0 14921 947 0 14922 1794 0 14923 1798 0 14924 948 0 14925 1795 0 14926 1852 0 14927 1756 2 14928 1757 2 14929 977 2 14930 1766 1 14931 1785 1 14932 965 1 14933 1767 1 14934 1786 1 14935 966 1 14936 1840 0 14937 1852 0 14938 1793 0 14939 1841 0 14940 1851 0 14941 1731 0 14942 1842 0 14943 1850 0 14944 1290 0 14945 1847 0 14946 1849 0 14947 1225 0 14948 1250 1 14949 1848 1 14950 1846 1 14951 1850 0 14952 1847 0 14953 1173 0 14954 1843 0 14955 1845 0 14956 1133 0 14957 1812 0 14958 1844 0 14959 1106 0 14960 1844 0 14961 1843 0 14962 1066 0 14963 1845 0 14964 1842 0 14965 1026 0 14966 1852 0 14967 1841 0 14968 973 0 14969 2981 0 14970 1840 0 14971 946 0 14972 2395 0 14973 1816 0 14974 816 0 14975 835 1 14976 1835 1 14977 2396 1 14978 824 1 14979 1824 1 14980 2067 1 14981 2068 0 14982 1819 0 14983 819 0 14984 1839 1 14985 1823 1 14986 823 1 14987 1838 1 14988 1822 1 14989 822 1 14990 1813 0 14991 1821 0 14992 821 0 14993 1815 0 14997 1820 0 14998 820 0 14999 1814 0 15015 1818 0 15016 818 0 15017 1805 0 15018 1817 0 15019 817 0 15020 1817 0 15021 1815 0 15022 815 0 15023 1821 0 15027 1814 0 15028 814 0 15029 832 1 15030 1832 1 15031 1828 1 15032 1808 0 15033 1813 0 15034 813 0 15035 1851 0 15036 1812 0 15037 812 0 15038 1819 0 15039 1811 0 15040 811 0 15041 1820 0 15048 1810 0 15049 810 0 15050 1818 0 15051 1825 0 15052 825 0 15053 1825 4 15054 1826 4 15055 826 4 15056 827 1 15057 1827 1 15058 1835 1 15059 1816 0 15060 1807 0 15061 807 0 15062 828 1 15063 1828 1 15064 1848 1 15065 1849 0 15066 1808 0 15067 808 0 15068 1810 0 15069 1809 0 15070 809 0 15071 829 1 15072 1829 1 15073 1830 1 15074 1805 5 15075 1806 5 15076 891 5 15077 1888 0 15078 1900 0 15079 1795 0 15080 1889 0 15081 1899 0 15082 1733 0 15083 1890 0 15084 1898 0 15085 1292 0 15086 1252 1 15087 1897 1 15088 1895 1 15089 1894 0 15090 1896 0 15091 1227 0 15092 1898 0 15093 1894 0 15094 1175 0 15095 1891 0 15096 1893 0 15097 1135 0 15098 1876 0 15099 1892 0 15100 1108 0 15101 1892 0 15102 1891 0 15103 1068 0 15104 1893 0 15105 1890 0 15106 1028 0 15107 1900 0 15108 1889 0 15109 975 0 15110 2982 0 15111 1888 0 15112 948 0 15113 1869 5 15114 1870 5 15115 642 5 15116 879 1 15117 1858 1 15118 1859 1 15119 1874 0 15120 1873 0 15121 894 0 15122 1896 0 15123 1872 0 15124 893 0 15125 878 1 15126 1857 1 15127 1897 1 15128 1880 0 15129 1871 0 15130 892 0 15131 3248 263 15132 1856 263 15133 1864 263 15134 1854 4 15135 1855 4 15136 877 4 15137 1882 0 15138 1854 0 15139 876 0 15140 1884 0 15141 1874 0 15142 895 0 15143 1883 0 15150 1875 0 15151 896 0 15152 1899 0 15153 1876 0 15154 897 0 15155 1872 0 15156 1877 0 15157 898 0 15158 882 1 15159 1861 1 15160 1857 1 15161 1885 0 15162 1878 0 15163 899 0 15164 1881 0 15168 1879 0 15169 900 0 15170 1869 0 15171 1881 0 15172 902 0 15173 1878 0 15174 1882 0 15175 903 0 15176 1879 0 15192 1884 0 15193 905 0 15194 1877 0 15198 1885 0 15199 906 0 15200 1867 1 15201 1886 1 15202 907 1 15203 1868 1 15204 1887 1 15205 908 1 15206 2069 0 15207 1883 0 15208 904 0 15209 875 1 15210 1853 1 15211 2070 1 15212 885 1 15213 1864 1 15214 2397 1 15215 2398 0 15216 1880 0 15217 901 0 15218 1936 0 15219 1948 0 15220 1978 0 15221 1937 0 15222 1947 0 15223 1977 0 15224 1938 0 15225 1946 0 15226 1976 0 15227 1996 1 15228 1945 1 15229 1943 1 15230 1942 0 15231 1944 0 15232 1975 0 15233 1946 0 15234 1942 0 15235 1974 0 15236 1939 0 15237 1941 0 15238 1973 0 15239 1908 0 15240 1940 0 15241 1972 0 15242 1940 0 15243 1939 0 15244 1971 0 15245 1941 0 15246 1938 0 15247 1970 0 15248 1948 0 15249 1937 0 15250 1969 0 15251 2983 0 15252 1936 0 15253 1968 0 15254 1984 1 15255 1925 1 15256 1926 1 15257 1906 0 15258 1905 0 15259 1953 0 15260 1944 0 15261 1904 0 15262 1952 0 15263 1983 1 15264 1924 1 15265 1945 1 15266 1912 0 15267 1903 0 15268 1951 0 15269 1982 1 15270 1923 1 15271 1931 1 15272 1921 4 15273 1922 4 15274 1981 4 15275 1914 0 15276 1921 0 15277 1980 0 15278 1916 0 15279 1906 0 15280 1954 0 15281 1915 0 15288 1907 0 15289 1955 0 15290 1947 0 15291 1908 0 15292 1956 0 15293 1904 0 15294 1909 0 15295 1957 0 15296 1987 1 15297 1928 1 15298 1924 1 15299 1917 0 15300 1910 0 15301 1958 0 15302 1913 0 15306 1911 0 15307 1959 0 15308 1901 0 15309 1913 0 15310 1961 0 15311 1910 0 15312 1914 0 15313 1962 0 15314 1911 0 15330 1916 0 15331 1964 0 15332 1909 0 15336 1917 0 15337 1965 0 15338 1934 1 15339 1918 1 15340 1966 1 15341 1935 1 15342 1919 1 15343 1967 1 15344 2071 0 15345 1915 0 15346 1963 0 15347 1979 1 15348 1920 1 15349 2072 1 15350 1990 1 15351 1931 1 15352 2399 1 15353 2400 0 15354 1912 0 15355 1960 0 15356 1901 5 15357 1902 5 15358 2094 5 15359 2401 0 15360 1960 0 15361 653 0 15362 652 1 15363 1990 1 15364 2402 1 15365 630 1 15366 1979 1 15367 2073 1 15368 2074 0 15369 1963 0 15370 656 0 15371 1994 1 15372 1967 1 15373 664 1 15374 1993 1 15375 1966 1 15376 662 1 15377 1957 0 15378 1965 0 15379 660 0 15380 1959 0 15384 1964 0 15385 658 0 15386 1958 0 15402 1962 0 15403 655 0 15404 1949 0 15405 1961 0 15406 654 0 15407 1961 0 15408 1959 0 15409 651 0 15410 1965 0 15414 1958 0 15415 650 0 15416 638 1 15417 1987 1 15418 1983 1 15419 1952 0 15420 1957 0 15421 649 0 15422 1977 0 15423 1956 0 15424 648 0 15425 1963 0 15426 1955 0 15427 647 0 15428 1964 0 15435 1954 0 15436 646 0 15437 1962 0 15438 1980 0 15439 631 0 15440 1980 4 15441 1981 4 15442 632 4 15443 633 1 15444 1982 1 15445 1990 1 15446 1960 0 15447 1951 0 15448 643 0 15449 634 1 15450 1983 1 15451 1996 1 15452 1975 0 15453 1952 0 15454 644 0 15455 1954 0 15456 1953 0 15457 645 0 15458 635 1 15459 1984 1 15460 1985 1 15461 2984 0 15462 1968 0 15463 941 0 15464 1978 0 15465 1969 0 15466 968 0 15467 1973 0 15468 1970 0 15469 1021 0 15470 1972 0 15471 1971 0 15472 1061 0 15473 1956 0 15474 1972 0 15475 1101 0 15476 1971 0 15477 1973 0 15478 1128 0 15479 1976 0 15480 1974 0 15481 1168 0 15482 1974 0 15483 1975 0 15484 1220 0 15485 1245 1 15486 1996 1 15487 1995 1 15488 1970 0 15489 1976 0 15490 1285 0 15491 1969 0 15492 1977 0 15493 1726 0 15494 1968 0 15495 1978 0 15496 1788 0 15497 1949 5 15498 1950 5 15499 1902 5 15500 1953 0 15501 2074 0 15502 2034 0 15503 2033 1 15504 2073 1 15505 1984 1 15506 2073 1 15507 2072 1 15508 1925 1 15509 1905 0 15510 2071 0 15511 2074 0 15512 2048 1 15513 2070 1 15514 1858 1 15515 1873 0 15516 2069 0 15517 2047 0 15518 1809 0 15519 2068 0 15520 2043 0 15521 2044 1 15522 2067 1 15523 1829 1 15524 2062 1 15525 2066 1 15526 1666 1 15527 1685 0 15528 2065 0 15529 2061 0 15530 1621 0 15531 2064 0 15532 2016 0 15533 2004 1 15534 2063 1 15535 1648 1 15536 2063 1 15537 2062 1 15538 1593 1 15539 1576 0 15540 2061 0 15541 2064 0 15542 1545 0 15543 2060 0 15544 2058 0 15545 2057 1 15546 2059 1 15547 1529 1 15548 1497 0 15549 2058 0 15550 2876 0 15551 2877 1 15552 2057 1 15553 1483 1 15554 1451 0 15555 2056 0 15556 2046 0 15557 2045 1 15558 2055 1 15559 1436 1 15560 2000 1 15561 2054 1 15562 1409 1 15563 1389 0 15564 2053 0 15565 2023 0 15566 2028 1 15567 2052 1 15568 1344 1 15569 1359 0 15570 2051 0 15571 2007 0 15572 1300 0 15573 2050 0 15574 2012 0 15575 2015 1 15576 2049 1 15577 1316 1 15578 2067 1 15579 2048 1 15580 879 1 15581 894 0 15582 2047 0 15583 2068 0 15584 844 0 15585 2046 0 15586 2053 0 15587 2054 1 15588 2045 1 15589 864 1 15590 2055 1 15591 2044 1 15592 829 1 15593 809 0 15594 2043 0 15595 2056 0 15596 790 0 15597 2042 0 15598 2826 0 15599 2794 1 15600 2041 1 15601 776 1 15602 2483 1 15603 2040 1 15604 760 1 15605 739 0 15606 2039 0 15607 2514 0 15608 704 0 15609 2038 0 15610 2671 0 15611 2639 1 15612 2037 1 15613 720 1 15614 685 0 15615 2036 0 15616 2123 0 15617 2124 1 15618 2035 1 15619 670 1 15620 645 0 15621 2034 0 15622 2069 0 15623 2070 1 15624 2033 1 15625 635 1 15626 601 0 15627 2032 0 15628 2065 0 15629 2066 1 15630 2031 1 15631 614 1 15632 2243 1 15636 1999 1 15637 29 1 15638 28 0 15639 2022 0 15640 2274 0 15641 16 0 15642 1997 0 15643 2013 0 15644 2027 3 15645 2024 3 15646 19 3 15647 69 0 15648 2023 0 15649 2051 0 15650 2052 1 15651 2000 1 15652 74 1 15653 90 0 15657 2020 0 15658 2011 0 15659 112 0 15660 2021 0 15661 2018 0 15662 134 0 15669 2018 0 15670 2027 0 15671 2059 1 15672 2004 1 15673 184 1 15674 189 0 15675 2016 0 15676 2060 0 15677 2031 1 15678 2005 1 15679 209 1 15680 222 0 15681 2026 0 15682 2032 0 15683 248 0 15687 2014 0 15688 2025 0 15689 274 0 15693 2013 0 15694 2014 0 15695 287 0 15696 2025 0 15697 2026 0 15698 2019 1 15702 2015 1 15703 337 1 15704 348 0 15705 2012 0 15706 2010 0 15707 376 0 15708 2011 0 15709 2021 0 15710 393 0 15714 2010 0 15715 2020 0 15716 2001 1 15717 2019 1 15718 407 1 15719 2049 1 15720 2028 1 15721 451 1 15722 464 0 15723 2007 0 15724 2050 0 15725 2030 1 15726 2003 1 15727 174 1 15728 2029 1 15729 2009 1 15730 178 1 15731 1997 2 15732 1998 2 15733 457 2 15734 2072 1 15735 2124 1 15736 2080 1 15737 2097 0 15738 2123 0 15739 2071 0 15740 2093 5 15741 2094 5 15742 682 5 15743 2112 0 15744 2122 0 15745 1948 0 15746 2113 0 15747 2121 0 15748 1947 0 15749 2114 0 15750 2120 0 15751 1946 0 15752 1945 1 15753 2092 1 15754 2091 1 15755 2118 0 15756 2119 0 15757 1944 0 15758 2120 0 15759 2118 0 15760 1942 0 15761 2115 0 15762 2117 0 15763 1941 0 15764 2100 0 15765 2116 0 15766 1940 0 15767 2116 0 15768 2115 0 15769 1939 0 15770 2117 0 15771 2114 0 15772 1938 0 15773 2122 0 15774 2113 0 15775 1937 0 15776 2985 0 15777 2112 0 15778 1936 0 15779 1925 1 15780 2080 1 15781 2081 1 15782 2098 0 15783 2097 0 15784 1905 0 15785 2119 0 15786 2096 0 15787 1904 0 15788 1924 1 15789 2079 1 15790 2092 1 15791 2104 0 15792 2095 0 15793 1903 0 15794 1923 1 15795 2078 1 15796 2086 1 15797 2076 4 15798 2077 4 15799 1922 4 15800 2106 0 15801 2076 0 15802 1921 0 15803 2108 0 15804 2098 0 15805 1906 0 15806 2107 0 15813 2099 0 15814 1907 0 15815 2121 0 15816 2100 0 15817 1908 0 15818 2096 0 15819 2101 0 15820 1909 0 15821 1928 1 15822 2083 1 15823 2079 1 15824 2109 0 15825 2102 0 15826 1910 0 15827 2105 0 15831 2103 0 15832 1911 0 15833 2093 0 15834 2105 0 15835 1913 0 15836 2102 0 15837 2106 0 15838 1914 0 15839 2103 0 15855 2108 0 15856 1916 0 15857 2101 0 15861 2109 0 15862 1917 0 15863 2089 1 15864 2110 1 15865 1918 1 15866 2090 1 15867 2111 1 15868 1919 1 15869 2123 0 15870 2107 0 15871 1915 0 15872 1920 1 15873 2075 1 15874 2124 1 15875 1931 1 15876 2086 1 15877 2403 1 15878 2404 0 15879 2104 0 15880 1912 0 15881 2145 0 15882 2174 0 15883 2205 0 15884 2224 1 15885 2173 1 15886 2130 1 15887 2160 0 15888 2172 0 15889 2204 0 15890 2161 0 15891 2171 0 15892 2203 0 15893 2162 0 15894 2170 0 15895 2202 0 15896 2167 0 15897 2169 0 15898 2201 0 15899 2223 1 15900 2168 1 15901 2166 1 15902 2170 0 15903 2167 0 15904 2200 0 15905 2163 0 15906 2165 0 15907 2199 0 15908 2148 0 15909 2164 0 15910 2198 0 15911 2164 0 15912 2163 0 15913 2197 0 15914 2165 0 15915 2162 0 15916 2196 0 15917 2172 0 15918 2161 0 15919 2195 0 15920 2986 0 15921 2160 0 15922 2194 0 15923 2141 5 15924 2142 5 15925 2245 5 15926 2405 0 15927 2152 0 15928 2186 0 15929 2217 1 15930 2136 1 15931 2406 1 15932 2206 1 15933 2125 1 15934 2173 1 15935 2174 0 15936 2155 0 15937 2189 0 15938 2140 1 15939 2159 1 15940 2193 1 15941 2139 1 15942 2158 1 15943 2192 1 15944 2149 0 15945 2157 0 15946 2191 0 15947 2151 0 15951 2156 0 15952 2190 0 15953 2150 0 15969 2154 0 15970 2188 0 15971 2141 0 15972 2153 0 15973 2187 0 15974 2153 0 15975 2151 0 15976 2185 0 15977 2157 0 15981 2150 0 15982 2184 0 15983 2214 1 15984 2133 1 15985 2129 1 15986 2144 0 15987 2149 0 15988 2183 0 15989 2171 0 15990 2148 0 15991 2182 0 15992 2155 0 15993 2147 0 15994 2181 0 15995 2156 0 16002 2146 0 16003 2180 0 16004 2154 0 16005 2126 0 16006 2207 0 16007 2126 4 16008 2127 4 16009 2208 4 16010 2209 1 16011 2128 1 16012 2136 1 16013 2152 0 16014 2143 0 16015 2177 0 16016 2210 1 16017 2129 1 16018 2168 1 16019 2169 0 16020 2144 0 16021 2178 0 16022 2146 0 16023 2145 0 16024 2179 0 16025 2211 1 16026 2130 1 16027 2131 1 16028 670 1 16029 2211 1 16030 2212 1 16031 2180 0 16032 2179 0 16033 685 0 16034 2201 0 16035 2178 0 16036 684 0 16037 669 1 16038 2210 1 16039 2223 1 16040 2186 0 16041 2177 0 16042 683 0 16043 668 1 16044 2209 1 16045 2217 1 16046 2207 4 16047 2208 4 16048 667 4 16049 2188 0 16050 2207 0 16051 666 0 16052 2190 0 16053 2180 0 16054 686 0 16055 2189 0 16062 2181 0 16063 687 0 16064 2203 0 16065 2182 0 16066 688 0 16067 2178 0 16068 2183 0 16069 689 0 16070 673 1 16071 2214 1 16072 2210 1 16073 2191 0 16074 2184 0 16075 690 0 16076 2187 0 16080 2185 0 16081 691 0 16082 2175 0 16083 2187 0 16084 693 0 16085 2184 0 16086 2188 0 16087 694 0 16088 2185 0 16104 2190 0 16105 696 0 16106 2183 0 16110 2191 0 16111 697 0 16112 2220 1 16113 2192 1 16114 698 1 16115 2221 1 16116 2193 1 16117 699 1 16118 2205 0 16119 2189 0 16120 695 0 16121 665 1 16122 2206 1 16123 2224 1 16124 676 1 16125 2217 1 16126 2407 1 16127 2408 0 16128 2186 0 16129 692 0 16130 2987 0 16131 2194 0 16132 942 0 16133 2204 0 16134 2195 0 16135 969 0 16136 2199 0 16137 2196 0 16138 1022 0 16139 2198 0 16140 2197 0 16141 1062 0 16142 2182 0 16143 2198 0 16144 1102 0 16145 2197 0 16146 2199 0 16147 1129 0 16148 2202 0 16149 2200 0 16150 1169 0 16151 1246 1 16152 2223 1 16153 2222 1 16154 2200 0 16155 2201 0 16156 1221 0 16157 2196 0 16158 2202 0 16159 1286 0 16160 2195 0 16161 2203 0 16162 1727 0 16163 2194 0 16164 2204 0 16165 1789 0 16166 2035 1 16167 2224 1 16168 2211 1 16169 2179 0 16170 2205 0 16171 2036 0 16172 2175 5 16173 2176 5 16174 2142 5 16175 2244 5 16176 2245 5 16177 22 5 16178 2248 0 16179 2274 0 16180 2174 0 16181 2173 1 16182 2243 1 16183 2230 1 16184 2263 0 16185 2273 0 16186 2172 0 16187 2264 0 16188 2272 0 16189 2171 0 16190 2265 0 16191 2271 0 16192 2170 0 16193 2269 0 16194 2270 0 16195 2169 0 16196 2168 1 16197 2242 1 16198 2241 1 16199 2271 0 16200 2269 0 16201 2167 0 16202 2266 0 16203 2268 0 16204 2165 0 16205 2251 0 16206 2267 0 16207 2164 0 16208 2267 0 16209 2266 0 16210 2163 0 16211 2268 0 16212 2265 0 16213 2162 0 16214 2273 0 16215 2264 0 16216 2161 0 16217 2988 0 16218 2263 0 16219 2160 0 16220 2409 0 16221 2255 0 16222 2152 0 16223 2136 1 16224 2236 1 16225 2410 1 16226 2125 1 16227 2225 1 16228 2243 1 16229 2274 0 16230 2258 0 16231 2155 0 16232 2240 1 16233 2262 1 16234 2159 1 16235 2239 1 16236 2261 1 16237 2158 1 16238 2252 0 16239 2260 0 16240 2157 0 16241 2254 0 16245 2259 0 16246 2156 0 16247 2253 0 16263 2257 0 16264 2154 0 16265 2244 0 16266 2256 0 16267 2153 0 16268 2256 0 16269 2254 0 16270 2151 0 16271 2260 0 16275 2253 0 16276 2150 0 16277 2133 1 16278 2233 1 16279 2229 1 16280 2247 0 16281 2252 0 16282 2149 0 16283 2272 0 16284 2251 0 16285 2148 0 16286 2258 0 16287 2250 0 16288 2147 0 16289 2259 0 16296 2249 0 16297 2146 0 16298 2257 0 16299 2226 0 16300 2126 0 16301 2226 4 16302 2227 4 16303 2127 4 16304 2128 1 16305 2228 1 16306 2236 1 16307 2255 0 16308 2246 0 16309 2143 0 16310 2129 1 16311 2229 1 16312 2242 1 16313 2270 0 16314 2247 0 16315 2144 0 16316 2249 0 16317 2248 0 16318 2145 0 16319 2130 1 16320 2230 1 16321 2231 1 16322 2279 0 16323 2324 0 16324 2443 0 16325 2462 1 16326 2323 1 16327 2300 1 16328 2310 0 16329 2322 0 16330 2442 0 16331 2311 0 16332 2321 0 16333 2441 0 16334 2312 0 16335 2320 0 16336 2440 0 16337 2317 0 16338 2319 0 16339 2439 0 16340 2461 1 16341 2318 1 16342 2316 1 16343 2320 0 16344 2317 0 16345 2438 0 16346 2313 0 16347 2315 0 16348 2437 0 16349 2282 0 16350 2314 0 16351 2436 0 16352 2314 0 16353 2313 0 16354 2435 0 16355 2315 0 16356 2312 0 16357 2434 0 16358 2322 0 16359 2311 0 16360 2433 0 16361 2989 0 16362 2310 0 16363 2432 0 16364 2411 0 16365 2286 0 16366 2424 0 16367 2445 1 16368 2295 1 16369 2412 1 16370 2444 1 16371 2294 1 16372 2323 1 16373 2324 0 16374 2289 0 16375 2427 0 16376 2309 1 16377 2293 1 16378 2431 1 16379 2308 1 16380 2292 1 16381 2430 1 16382 2283 0 16383 2291 0 16384 2429 0 16385 2285 0 16392 2290 0 16393 2428 0 16394 2288 0 16398 2296 0 16399 2446 0 16400 2296 4 16401 2297 4 16402 2447 4 16403 2448 1 16404 2298 1 16405 2295 1 16406 2286 0 16407 2277 0 16408 2415 0 16409 2449 1 16410 2299 1 16411 2318 1 16412 2319 0 16413 2278 0 16414 2416 0 16415 2280 0 16416 2279 0 16417 2417 0 16418 2450 1 16419 2300 1 16420 2301 1 16421 2290 0 16425 2280 0 16426 2418 0 16427 2289 0 16428 2281 0 16429 2419 0 16430 2321 0 16434 2282 0 16435 2420 0 16436 2453 1 16437 2303 1 16438 2299 1 16439 2278 0 16440 2283 0 16441 2421 0 16442 2291 0 16446 2284 0 16447 2422 0 16448 2287 0 16449 2285 0 16450 2423 0 16451 2275 0 16452 2287 0 16453 2425 0 16454 2284 0 16455 2288 0 16456 2426 0 16457 2275 5 16467 2276 5 16468 2485 5 16469 2281 0 16473 2411 0 16474 2464 0 16475 2250 0 16479 2409 0 16480 2405 0 16481 2181 0 16482 2408 0 16483 2363 0 16484 2147 0 16491 2405 0 16492 2408 0 16493 2099 0 16494 2404 0 16495 2400 0 16496 1955 0 16503 2401 0 16504 2361 0 16505 1907 0 16506 2400 0 16507 2401 0 16508 1875 0 16512 2398 0 16513 2376 0 16514 1811 0 16521 2395 0 16522 2372 0 16523 1687 0 16524 2394 0 16525 2390 0 16526 1623 0 16533 2391 0 16534 2341 0 16535 1578 0 16536 2390 0 16537 2391 0 16538 1547 0 16545 2387 0 16546 2385 0 16547 1499 0 16551 2385 0 16552 2879 0 16553 1453 0 16557 2383 0 16558 2373 0 16559 1391 0 16560 2382 0 16561 2347 0 16562 1361 0 16566 2380 0 16567 2337 0 16568 1302 0 16575 2377 0 16576 2333 0 16577 896 0 16578 2376 0 16579 2395 0 16580 846 0 16587 2373 0 16588 2382 0 16589 811 0 16590 2372 0 16591 2383 0 16592 792 0 16599 2369 0 16600 2827 0 16601 741 0 16602 2368 0 16603 2515 0 16604 707 0 16611 2365 0 16612 2672 0 16613 687 0 16617 2363 0 16618 2404 0 16619 647 0 16623 2361 0 16624 2398 0 16625 603 0 16629 2359 0 16630 2394 0 16631 2349 3 16632 2348 3 16633 37 3 16634 38 0 16635 2325 0 16636 2334 0 16637 40 0 16638 2351 0 16639 2409 0 16640 78 0 16650 2347 0 16651 2380 0 16652 92 0 16653 2344 0 16654 2336 0 16655 114 0 16659 2345 0 16660 2343 0 16661 136 0 16662 2343 0 16663 2349 0 16664 192 0 16668 2341 0 16669 2387 0 16670 224 0 16674 2342 0 16675 2359 0 16676 2360 1 16677 2346 1 16678 211 1 16679 250 0 16680 2339 0 16681 2335 0 16682 276 0 16686 2334 0 16687 2339 0 16688 289 0 16695 2335 0 16696 2342 0 16697 350 0 16698 2333 0 16699 2330 0 16700 2355 1 16701 2353 1 16702 339 1 16703 378 0 16707 2336 0 16708 2345 0 16709 2329 1 16710 2355 1 16711 409 1 16712 395 0 16713 2330 0 16714 2344 0 16715 466 0 16716 2337 0 16717 2377 0 16718 2358 1 16725 2332 1 16726 593 1 16727 2357 1 16728 2338 1 16729 591 1 16730 2325 2 16731 2326 2 16732 160 2 16733 2419 0 16734 2464 0 16735 2351 0 16736 2422 0 16749 2426 0 16750 168 0 16751 2413 0 16752 2425 0 16753 157 0 16754 2425 0 16755 2423 0 16756 64 0 16757 2429 0 16758 2422 0 16759 55 0 16760 2416 0 16764 2421 0 16765 52 0 16766 51 1 16767 2453 1 16768 2449 1 16769 2441 0 16770 2420 0 16771 46 0 16772 2427 0 16776 2419 0 16777 40 0 16778 2428 0 16779 2418 0 16780 35 0 16781 29 1 16785 2450 1 16786 2451 1 16787 2418 0 16788 2417 0 16789 28 0 16790 2439 0 16791 2416 0 16792 27 0 16793 26 1 16794 2449 1 16795 2461 1 16796 2424 0 16797 2415 0 16798 25 0 16799 24 1 16800 2448 1 16801 2445 1 16802 2446 4 16803 2447 4 16804 23 4 16805 2426 0 16806 2446 0 16807 21 0 16808 2423 0 16812 2428 0 16813 311 0 16814 2421 0 16821 2429 0 16822 422 0 16823 2458 1 16824 2430 1 16825 495 1 16826 2459 1 16827 2431 1 16828 505 1 16829 2443 0 16830 2427 0 16831 414 0 16832 438 1 16833 2444 1 16834 2462 1 16835 159 1 16836 2445 1 16837 2463 1 16838 2464 0 16839 2424 0 16840 164 0 16841 2990 0 16842 2432 0 16843 913 0 16844 2442 0 16845 2433 0 16846 951 0 16847 2437 0 16848 2434 0 16849 991 0 16850 2436 0 16851 2435 0 16852 1044 0 16853 2420 0 16854 2436 0 16855 1084 0 16856 2435 0 16857 2437 0 16858 1111 0 16859 2440 0 16860 2438 0 16861 1151 0 16862 1230 1 16863 2461 1 16864 2460 1 16865 2438 0 16866 2439 0 16867 1203 0 16868 2434 0 16869 2440 0 16870 1268 0 16871 2433 0 16872 2441 0 16873 1709 0 16874 2432 0 16875 2442 0 16876 1771 0 16877 1999 1 16878 2462 1 16879 2450 1 16880 2417 0 16881 2443 0 16882 2022 0 16883 2413 5 16884 2414 5 16885 2276 5 16886 2490 0 16890 2515 0 16891 2411 0 16892 2484 5 16893 2485 5 16894 736 5 16895 2488 0 16896 2514 0 16897 2324 0 16898 2323 1 16899 2483 1 16900 2471 1 16901 2503 0 16902 2513 0 16903 2322 0 16904 2504 0 16905 2512 0 16906 2321 0 16907 2505 0 16908 2511 0 16909 2320 0 16910 2509 0 16911 2510 0 16912 2319 0 16913 2318 1 16914 2482 1 16915 2481 1 16916 2511 0 16917 2509 0 16918 2317 0 16919 2506 0 16920 2508 0 16921 2315 0 16922 2491 0 16923 2507 0 16924 2314 0 16925 2507 0 16926 2506 0 16927 2313 0 16928 2508 0 16929 2505 0 16930 2312 0 16931 2513 0 16932 2504 0 16933 2311 0 16934 2991 0 16935 2503 0 16936 2310 0 16937 2515 0 16938 2495 0 16939 2286 0 16940 2295 1 16941 2466 1 16942 2516 1 16943 2294 1 16944 2465 1 16945 2483 1 16946 2514 0 16947 2498 0 16948 2289 0 16949 2480 1 16950 2502 1 16951 2293 1 16952 2479 1 16953 2501 1 16954 2292 1 16955 2492 0 16956 2500 0 16957 2291 0 16958 2494 0 16965 2499 0 16966 2290 0 16967 2497 0 16971 2467 0 16972 2296 0 16973 2467 4 16974 2468 4 16975 2297 4 16976 2298 1 16977 2469 1 16978 2466 1 16979 2495 0 16980 2486 0 16981 2277 0 16982 2299 1 16983 2470 1 16984 2482 1 16985 2510 0 16986 2487 0 16987 2278 0 16988 2489 0 16989 2488 0 16990 2279 0 16991 2300 1 16992 2471 1 16993 2472 1 16994 2499 0 16998 2489 0 16999 2280 0 17000 2498 0 17001 2490 0 17002 2281 0 17003 2512 0 17007 2491 0 17008 2282 0 17009 2303 1 17010 2474 1 17011 2470 1 17012 2487 0 17013 2492 0 17014 2283 0 17015 2500 0 17019 2493 0 17020 2284 0 17021 2496 0 17022 2494 0 17023 2285 0 17024 2484 0 17025 2496 0 17026 2287 0 17027 2493 0 17028 2497 0 17029 2288 0 17030 2539 0 17040 2568 0 17041 2600 0 17042 2619 1 17046 2566 1 17047 2523 1 17048 2537 0 17049 2565 0 17050 2599 0 17051 2552 0 17052 2564 0 17053 2598 0 17054 2553 0 17055 2563 0 17056 2597 0 17057 2554 0 17058 2562 0 17059 2596 0 17060 2618 1 17061 2561 1 17062 2559 1 17063 2558 0 17064 2560 0 17065 2595 0 17066 2562 0 17067 2558 0 17068 2594 0 17069 2555 0 17070 2557 0 17071 2593 0 17072 2540 0 17073 2556 0 17074 2592 0 17075 2556 0 17076 2555 0 17077 2591 0 17078 2557 0 17079 2554 0 17080 2590 0 17081 2564 0 17082 2553 0 17083 2589 0 17084 2992 0 17085 2552 0 17086 2588 0 17087 2533 5 17088 2534 5 17089 2642 5 17090 2542 0 17100 2546 0 17101 2582 0 17102 2533 0 17103 2545 0 17104 2581 0 17105 2545 0 17106 2543 0 17107 2579 0 17108 2549 0 17109 2542 0 17110 2578 0 17111 2536 0 17115 2541 0 17116 2577 0 17117 2610 1 17118 2526 1 17119 2522 1 17120 2563 0 17121 2540 0 17122 2576 0 17123 2547 0 17127 2539 0 17128 2575 0 17129 2548 0 17130 2538 0 17131 2574 0 17132 2607 1 17136 2523 1 17137 2524 1 17138 2538 0 17139 2537 0 17140 2573 0 17141 2560 0 17142 2536 0 17143 2572 0 17144 2606 1 17145 2522 1 17146 2561 1 17147 2544 0 17148 2535 0 17149 2571 0 17150 2605 1 17151 2521 1 17152 2518 1 17153 2519 4 17154 2520 4 17155 2604 4 17156 2546 0 17157 2519 0 17158 2603 0 17159 2543 0 17163 2548 0 17164 2584 0 17165 2541 0 17172 2549 0 17173 2585 0 17174 2531 1 17175 2550 1 17176 2586 1 17177 2532 1 17178 2551 1 17179 2587 1 17180 2565 0 17181 2547 0 17182 2583 0 17183 2601 1 17184 2517 1 17185 2566 1 17186 2602 1 17187 2518 1 17188 2567 1 17189 2568 0 17190 2544 0 17191 2580 0 17192 2600 0 17193 2580 0 17194 746 0 17195 755 1 17196 2602 1 17197 2620 1 17198 754 1 17199 2601 1 17200 2619 1 17201 2599 0 17202 2583 0 17203 749 0 17204 2616 1 17205 2587 1 17206 753 1 17207 2615 1 17208 2586 1 17209 752 1 17210 2577 0 17211 2585 0 17212 751 0 17213 2579 0 17220 2584 0 17221 750 0 17222 2582 0 17226 2603 0 17227 756 0 17228 2603 4 17229 2604 4 17230 757 4 17231 758 1 17232 2605 1 17233 2602 1 17234 2580 0 17235 2571 0 17236 737 0 17237 759 1 17238 2606 1 17239 2618 1 17240 2595 0 17241 2572 0 17242 738 0 17243 2574 0 17244 2573 0 17245 739 0 17246 760 1 17247 2607 1 17248 2608 1 17249 2584 0 17253 2574 0 17254 740 0 17255 2583 0 17256 2575 0 17257 741 0 17258 2597 0 17262 2576 0 17263 742 0 17264 763 1 17265 2610 1 17266 2606 1 17267 2572 0 17268 2577 0 17269 743 0 17270 2585 0 17274 2578 0 17275 744 0 17276 2581 0 17277 2579 0 17278 745 0 17279 2569 0 17280 2581 0 17281 747 0 17282 2578 0 17283 2582 0 17284 748 0 17285 2993 0 17295 2588 0 17296 944 0 17297 2598 0 17298 2589 0 17299 971 0 17300 2593 0 17301 2590 0 17302 1024 0 17303 2592 0 17304 2591 0 17305 1064 0 17306 2576 0 17307 2592 0 17308 1104 0 17309 2591 0 17310 2593 0 17311 1131 0 17312 2596 0 17313 2594 0 17314 1171 0 17315 2594 0 17316 2595 0 17317 1223 0 17318 1248 1 17319 2618 1 17320 2617 1 17321 2590 0 17322 2596 0 17323 1288 0 17324 2589 0 17325 2597 0 17326 1729 0 17327 2588 0 17328 2598 0 17329 1791 0 17330 2573 0 17331 2599 0 17332 2039 0 17333 2040 1 17334 2619 1 17335 2607 1 17336 2575 0 17340 2600 0 17341 2368 0 17342 2569 5 17343 2570 5 17344 2534 5 17345 2641 5 17346 2642 5 17347 701 5 17348 2647 0 17349 2672 0 17350 2568 0 17351 2566 1 17355 2639 1 17356 2627 1 17357 2645 0 17358 2671 0 17359 2565 0 17360 2660 0 17361 2670 0 17362 2564 0 17363 2661 0 17364 2669 0 17365 2563 0 17366 2662 0 17367 2668 0 17368 2562 0 17369 2561 1 17370 2638 1 17371 2637 1 17372 2666 0 17373 2667 0 17374 2560 0 17375 2668 0 17376 2666 0 17377 2558 0 17378 2663 0 17379 2665 0 17380 2557 0 17381 2648 0 17382 2664 0 17383 2556 0 17384 2664 0 17385 2663 0 17386 2555 0 17387 2665 0 17388 2662 0 17389 2554 0 17390 2670 0 17391 2661 0 17392 2553 0 17393 2994 0 17394 2660 0 17395 2552 0 17396 2650 0 17406 2654 0 17407 2546 0 17408 2641 0 17409 2653 0 17410 2545 0 17411 2653 0 17412 2651 0 17413 2543 0 17414 2657 0 17415 2650 0 17416 2542 0 17417 2644 0 17421 2649 0 17422 2541 0 17423 2526 1 17424 2630 1 17425 2626 1 17426 2669 0 17427 2648 0 17428 2540 0 17429 2655 0 17433 2647 0 17434 2539 0 17435 2656 0 17436 2646 0 17437 2538 0 17438 2523 1 17442 2627 1 17443 2628 1 17444 2646 0 17445 2645 0 17446 2537 0 17447 2667 0 17448 2644 0 17449 2536 0 17450 2522 1 17451 2626 1 17452 2638 1 17453 2652 0 17454 2643 0 17455 2535 0 17456 2521 1 17457 2625 1 17458 2622 1 17459 2623 4 17460 2624 4 17461 2520 4 17462 2654 0 17463 2623 0 17464 2519 0 17465 2651 0 17469 2656 0 17470 2548 0 17471 2649 0 17478 2657 0 17479 2549 0 17480 2635 1 17481 2658 1 17482 2550 1 17483 2636 1 17484 2659 1 17485 2551 1 17486 2671 0 17487 2655 0 17488 2547 0 17489 2517 1 17490 2621 1 17491 2639 1 17492 2518 1 17493 2622 1 17494 2640 1 17495 2672 0 17496 2652 0 17497 2544 0 17498 2679 0 17499 2723 0 17500 2755 0 17501 2774 1 17505 2721 1 17506 2697 1 17507 2677 0 17508 2720 0 17509 2754 0 17510 2707 0 17511 2719 0 17512 2753 0 17513 2708 0 17514 2718 0 17515 2752 0 17516 2709 0 17517 2717 0 17518 2751 0 17519 2773 1 17520 2716 1 17521 2714 1 17522 2713 0 17523 2715 0 17524 2750 0 17525 2717 0 17526 2713 0 17527 2749 0 17528 2710 0 17529 2712 0 17530 2748 0 17531 2680 0 17532 2711 0 17533 2747 0 17534 2711 0 17535 2710 0 17536 2746 0 17537 2712 0 17538 2709 0 17539 2745 0 17540 2719 0 17541 2708 0 17542 2744 0 17543 2995 0 17544 2707 0 17545 2743 0 17546 2682 0 17556 2686 0 17557 2737 0 17558 2673 0 17559 2685 0 17560 2736 0 17561 2685 0 17562 2683 0 17563 2734 0 17564 2689 0 17565 2682 0 17566 2733 0 17567 2676 0 17571 2681 0 17572 2732 0 17573 2765 1 17574 2700 1 17575 2696 1 17576 2718 0 17577 2680 0 17578 2731 0 17579 2687 0 17583 2679 0 17584 2730 0 17585 2688 0 17586 2678 0 17587 2729 0 17588 2762 1 17592 2697 1 17593 2698 1 17594 2678 0 17595 2677 0 17596 2728 0 17597 2715 0 17598 2676 0 17599 2727 0 17600 2761 1 17601 2696 1 17602 2716 1 17603 2684 0 17604 2675 0 17605 2726 0 17606 2757 264 17607 2760 264 17608 3130 264 17609 2694 4 17610 2695 4 17611 2759 4 17612 2686 0 17613 2694 0 17614 2758 0 17615 2683 0 17619 2688 0 17620 2739 0 17621 2681 0 17628 2689 0 17629 2740 0 17630 2705 1 17631 2690 1 17632 2741 1 17633 2706 1 17634 2691 1 17635 2742 1 17636 2720 0 17637 2687 0 17638 2738 0 17639 2756 1 17640 2692 1 17641 2721 1 17642 2757 1 17643 2693 1 17644 2722 1 17645 2723 0 17646 2684 0 17647 2735 0 17648 2673 5 17649 2674 5 17650 2797 5 17651 2755 0 17652 2735 0 17653 712 0 17654 713 1 17655 2757 1 17656 2775 1 17657 705 1 17658 2756 1 17659 2774 1 17660 2754 0 17661 2738 0 17662 726 0 17663 2771 1 17664 2742 1 17665 734 1 17666 2770 1 17667 2741 1 17668 732 1 17669 2732 0 17670 2740 0 17671 730 0 17672 2734 0 17679 2739 0 17680 728 0 17681 2737 0 17685 2758 0 17686 716 0 17687 2758 4 17688 2759 4 17689 717 4 17690 718 1 17691 2760 1 17692 2757 1 17693 2735 0 17694 2726 0 17695 702 0 17696 719 1 17697 2761 1 17698 2773 1 17699 2750 0 17700 2727 0 17701 703 0 17702 2729 0 17703 2728 0 17704 704 0 17705 720 1 17706 2762 1 17707 2763 1 17708 2739 0 17712 2729 0 17713 706 0 17714 2738 0 17715 2730 0 17716 707 0 17717 2752 0 17721 2731 0 17722 708 0 17723 723 1 17724 2765 1 17725 2761 1 17726 2727 0 17727 2732 0 17728 709 0 17729 2740 0 17733 2733 0 17734 710 0 17735 2736 0 17736 2734 0 17737 711 0 17738 2724 0 17739 2736 0 17740 714 0 17741 2733 0 17742 2737 0 17743 715 0 17744 2996 0 17754 2743 0 17755 943 0 17756 2753 0 17757 2744 0 17758 970 0 17759 2748 0 17760 2745 0 17761 1023 0 17762 2747 0 17763 2746 0 17764 1063 0 17765 2731 0 17766 2747 0 17767 1103 0 17768 2746 0 17769 2748 0 17770 1130 0 17771 2751 0 17772 2749 0 17773 1170 0 17774 2749 0 17775 2750 0 17776 1222 0 17777 1247 1 17778 2773 1 17779 2772 1 17780 2745 0 17781 2751 0 17782 1287 0 17783 2744 0 17784 2752 0 17785 1728 0 17786 2743 0 17787 2753 0 17788 1790 0 17789 2728 0 17790 2754 0 17791 2038 0 17792 2037 1 17793 2774 1 17794 2762 1 17795 2730 0 17799 2755 0 17800 2365 0 17801 2724 5 17802 2725 5 17803 2674 5 17804 2796 5 17805 2797 5 17806 787 5 17807 2802 0 17808 2827 0 17809 2723 0 17810 2721 1 17814 2794 1 17815 2782 1 17816 2800 0 17817 2826 0 17818 2720 0 17819 2815 0 17820 2825 0 17821 2719 0 17822 2816 0 17823 2824 0 17824 2718 0 17825 2817 0 17826 2823 0 17827 2717 0 17828 2716 1 17829 2793 1 17830 2792 1 17831 2821 0 17832 2822 0 17833 2715 0 17834 2823 0 17835 2821 0 17836 2713 0 17837 2818 0 17838 2820 0 17839 2712 0 17840 2803 0 17841 2819 0 17842 2711 0 17843 2819 0 17844 2818 0 17845 2710 0 17846 2820 0 17847 2817 0 17848 2709 0 17849 2825 0 17850 2816 0 17851 2708 0 17852 2997 0 17853 2815 0 17854 2707 0 17855 2805 0 17865 2809 0 17866 2686 0 17867 2796 0 17868 2808 0 17869 2685 0 17870 2808 0 17871 2806 0 17872 2683 0 17873 2812 0 17874 2805 0 17875 2682 0 17876 2799 0 17880 2804 0 17881 2681 0 17882 2700 1 17883 2785 1 17884 2781 1 17885 2824 0 17886 2803 0 17887 2680 0 17888 2810 0 17892 2802 0 17893 2679 0 17894 2811 0 17895 2801 0 17896 2678 0 17897 2697 1 17901 2782 1 17902 2783 1 17903 2801 0 17904 2800 0 17905 2677 0 17906 2822 0 17907 2799 0 17908 2676 0 17909 2696 1 17910 2781 1 17911 2793 1 17912 2807 0 17913 2798 0 17914 2675 0 17915 3130 265 17916 2780 265 17917 2777 265 17918 2778 4 17919 2779 4 17920 2695 4 17921 2809 0 17922 2778 0 17923 2694 0 17924 2806 0 17928 2811 0 17929 2688 0 17930 2804 0 17937 2812 0 17938 2689 0 17939 2790 1 17940 2813 1 17941 2690 1 17942 2791 1 17943 2814 1 17944 2691 1 17945 2826 0 17946 2810 0 17947 2687 0 17948 2692 1 17949 2776 1 17950 2794 1 17951 2693 1 17952 2777 1 17953 2795 1 17954 2827 0 17955 2807 0 17956 2684 0 17957 2834 0 17958 2879 0 17959 2369 0 17960 2041 1 17964 2877 1 17965 2862 1 17966 2832 0 17967 2876 0 17968 2042 0 17969 2847 0 17970 2875 0 17971 1792 0 17972 2848 0 17973 2874 0 17974 1730 0 17975 2837 0 17985 2841 0 17986 799 0 17987 2828 0 17988 2840 0 17989 798 0 17990 2840 0 17991 2838 0 17992 796 0 17993 2844 0 17994 2837 0 17995 795 0 17996 2831 0 18000 2836 0 18001 794 0 18002 779 1 18003 2865 1 18004 2861 1 18005 2874 0 18006 2835 0 18007 793 0 18008 2842 0 18012 2834 0 18013 792 0 18014 2843 0 18015 2833 0 18016 791 0 18017 776 1 18021 2862 1 18022 2863 1 18023 2833 0 18024 2832 0 18025 790 0 18026 2854 0 18027 2831 0 18028 789 0 18029 775 1 18030 2861 1 18031 2873 1 18032 2839 0 18033 2830 0 18034 788 0 18035 774 1 18036 2860 1 18037 2857 1 18038 2858 4 18039 2859 4 18040 773 4 18041 2841 0 18042 2858 0 18043 772 0 18044 2838 0 18048 2843 0 18049 801 0 18050 2836 0 18057 2844 0 18058 802 0 18059 2870 1 18060 2845 1 18061 803 1 18062 2871 1 18063 2846 1 18064 804 1 18065 2876 0 18066 2842 0 18067 800 0 18068 770 1 18069 2856 1 18070 2877 1 18071 771 1 18072 2857 1 18073 2878 1 18074 2879 0 18075 2839 0 18076 797 0 18077 2998 0 18078 2847 0 18079 945 0 18080 2875 0 18081 2848 0 18082 972 0 18083 2852 0 18084 2849 0 18085 1025 0 18086 2851 0 18087 2850 0 18088 1065 0 18089 2835 0 18090 2851 0 18091 1105 0 18092 2850 0 18093 2852 0 18094 1132 0 18095 2855 0 18096 2853 0 18097 1172 0 18098 1249 1 18099 2873 1 18100 2872 1 18101 2853 0 18102 2854 0 18103 1224 0 18104 2849 0 18105 2855 0 18106 1289 0 18107 2828 5 18108 2829 5 18109 1494 5 18110 2830 0 18111 2944 0 18112 2914 0 18113 2798 0 18114 2943 0 18115 2941 0 18116 2726 0 18117 2942 0 18118 2912 0 18119 2675 0 18120 2941 0 18121 2942 0 18122 2643 0 18123 2940 0 18124 2938 0 18125 2571 0 18126 2939 0 18127 2913 0 18128 2535 0 18129 2938 0 18130 2939 0 18131 2486 0 18132 2937 0 18133 2935 0 18134 2415 0 18135 2936 0 18136 2893 0 18137 2277 0 18138 2935 0 18139 2936 0 18140 2246 0 18141 2934 0 18142 2932 0 18143 2177 0 18144 2933 0 18145 2911 0 18146 2143 0 18147 2932 0 18148 2933 0 18149 2095 0 18150 2931 0 18151 2929 0 18152 1951 0 18153 2930 0 18154 2910 0 18155 1903 0 18156 2929 0 18157 2930 0 18158 1871 0 18159 2928 0 18160 2917 0 18161 1807 0 18162 2927 0 18163 2915 0 18164 1683 0 18165 2926 0 18166 2924 0 18167 1619 0 18168 2925 0 18169 2898 0 18170 1574 0 18171 2924 0 18172 2925 0 18173 1543 0 18174 2923 0 18175 2922 0 18176 1495 0 18177 2922 0 18178 2944 0 18179 1449 0 18180 2921 0 18181 2916 0 18182 1387 0 18183 2920 0 18184 2894 0 18185 1357 0 18186 2919 0 18187 2906 0 18188 1298 0 18189 2918 0 18190 2903 0 18191 25 0 18195 2893 0 18196 2934 0 18197 9 0 18198 2880 0 18199 2901 0 18200 2891 3 18201 2892 3 18202 10 3 18203 67 0 18204 2894 0 18205 2919 0 18206 88 0 18210 2895 0 18211 2904 0 18212 110 0 18213 2896 0 18214 2897 0 18215 132 0 18222 2897 0 18223 2891 0 18224 187 0 18225 2898 0 18226 2923 0 18227 3134 266 18228 335 266 18229 3006 266 18230 928 267 18231 1763 267 18232 3144 267 18233 1763 268 18234 983 268 18235 3144 268 18236 3134 269 18237 3006 269 18238 928 269 18239 3144 270 18240 3134 270 18241 928 270 18242 983 271 18243 1741 271 18244 3154 271 18245 1741 272 18246 340 272 18247 3164 272 18248 3154 273 18249 1741 273 18250 3164 273 18251 3154 274 18252 3144 274 18253 983 274 18254 340 272 18255 1076 272 18256 3164 272 18257 1076 275 18258 1036 275 18259 3174 275 18260 3164 276 18261 1076 276 18262 3174 276 18263 1036 277 18264 1143 277 18265 3184 277 18266 1143 278 18267 1009 278 18268 3184 278 18269 1036 279 18270 3184 279 18271 3174 279 18272 1009 1 18273 1260 1 18274 1334 1 18275 1260 1 18276 1186 1 18277 1334 1 18278 1189 280 18279 1381 280 18280 3194 280 18281 1381 281 18282 1179 281 18283 3194 281 18284 1189 282 18285 3194 282 18286 1009 282 18287 1009 1 18288 1334 1 18289 1189 1 18290 3194 283 18291 3184 283 18292 1009 283 18293 3204 284 18294 3194 284 18295 1179 284 18296 1427 285 18297 1199 285 18298 3214 285 18299 1199 286 18300 1472 286 18301 3224 286 18302 1427 287 18303 3214 287 18304 3204 287 18305 1179 288 18306 1427 288 18307 3204 288 18308 3224 289 18309 3214 289 18310 1199 289 18311 1198 290 18312 1846 290 18313 3234 290 18314 1846 291 18315 1200 291 18316 3244 291 18317 1198 292 18318 3234 292 18319 3224 292 18320 1472 293 18321 1198 293 18322 3224 293 18323 220 0 18324 2899 0 18325 2909 0 18326 246 0 18330 2900 0 18331 2902 0 18332 272 0 18336 2901 0 18337 2900 0 18338 285 0 18339 2902 0 18340 2899 0 18341 2772 294 18345 2714 294 18346 3123 294 18347 3123 295 18348 3244 295 18349 1178 295 18350 3244 296 18351 1200 296 18352 1895 296 18353 1895 297 18354 1193 297 18355 3244 297 18356 1193 298 18357 1995 298 18358 3244 298 18359 3244 296 18360 1995 296 18361 1943 296 18362 1195 299 18363 2772 299 18364 3123 299 18365 2617 300 18366 2559 300 18367 3123 300 18368 2559 301 18369 2637 301 18370 3123 301 18371 2637 302 18372 1195 302 18373 3123 302 18374 1943 303 18375 2091 303 18376 3244 303 18377 2091 304 18378 1194 304 18379 3244 304 18380 3244 305 18381 1194 305 18382 2222 305 18383 2316 1 18384 2481 1 18385 3123 1 18386 2481 306 18387 1196 306 18388 3123 306 18389 1196 301 18390 2617 301 18391 3123 301 18392 2222 307 18393 2166 307 18394 3244 307 18395 2166 304 18396 2241 304 18397 3244 304 18398 3244 308 18399 2241 308 18400 1178 308 18401 1178 1 18402 2460 1 18403 3123 1 18404 346 0 18405 2903 0 18406 2905 0 18407 374 0 18408 2904 0 18409 2896 0 18410 391 0 18414 2905 0 18415 2895 0 18416 2882 1 18417 2888 1 18418 405 1 18419 462 0 18420 2906 0 18421 2918 0 18422 599 0 18423 2909 0 18424 2926 0 18425 643 0 18426 2910 0 18427 2928 0 18428 683 0 18429 2911 0 18430 2931 0 18431 702 0 18432 2912 0 18433 2940 0 18434 737 0 18435 2913 0 18436 2937 0 18437 788 0 18438 2914 0 18439 2943 0 18440 807 0 18441 2915 0 18442 2921 0 18443 842 0 18444 2916 0 18445 2920 0 18446 892 0 18447 2917 0 18448 2927 0 18449 2890 1 18450 2908 1 18451 2962 1 18452 2889 1 18453 2907 1 18454 2961 1 18455 2880 2 18456 2881 2 18457 3000 2 18458 2999 2 18459 3000 2 18460 910 2 18461 3009 1 18462 2961 1 18463 936 1 18464 3010 1 18465 2962 1 18466 938 1 18467 2944 0 18468 2998 0 18469 2968 0 18470 2943 0 18471 2997 0 18472 2995 0 18473 2942 0 18474 2996 0 18475 2966 0 18476 2941 0 18477 2995 0 18478 2996 0 18479 2940 0 18480 2994 0 18481 2992 0 18482 2939 0 18483 2993 0 18484 2967 0 18485 2938 0 18486 2992 0 18487 2993 0 18488 2937 0 18489 2991 0 18490 2989 0 18491 2936 0 18492 2990 0 18493 2947 0 18494 2935 0 18495 2989 0 18496 2990 0 18497 2934 0 18498 2988 0 18499 2986 0 18500 2933 0 18501 2987 0 18502 2965 0 18503 2932 0 18504 2986 0 18505 2987 0 18506 2931 0 18507 2985 0 18508 2983 0 18509 2930 0 18510 2984 0 18511 2964 0 18512 2929 0 18513 2983 0 18514 2984 0 18515 2928 0 18516 2982 0 18517 2971 0 18518 2927 0 18519 2981 0 18520 2969 0 18521 2926 0 18522 2980 0 18523 2978 0 18524 2925 0 18525 2979 0 18526 2952 0 18527 2924 0 18528 2978 0 18529 2979 0 18530 2923 0 18531 2977 0 18532 2976 0 18533 2922 0 18534 2976 0 18535 2998 0 18536 2921 0 18537 2975 0 18538 2970 0 18539 2920 0 18540 2974 0 18541 2948 0 18542 2919 0 18543 2973 0 18544 2960 0 18545 2918 0 18546 2972 0 18547 2957 0 18548 2893 0 18552 2947 0 18553 2988 0 18554 2880 0 18555 2999 0 18556 2955 0 18557 2945 3 18558 2946 3 18559 2892 3 18560 2894 0 18561 2948 0 18562 2973 0 18563 2895 0 18567 2949 0 18568 2958 0 18569 2896 0 18570 2950 0 18571 2951 0 18572 2897 0 18579 2951 0 18580 2945 0 18581 2898 0 18582 2952 0 18583 2977 0 18584 1081 309 18585 617 309 18586 3043 309 18587 617 309 18588 1746 309 18589 3043 309 18590 3033 310 18591 1746 310 18592 988 310 18593 988 311 18594 1768 311 18595 3023 311 18596 1768 312 18597 940 312 18598 3023 312 18599 3023 313 18600 940 313 18601 3013 313 18602 1041 314 18603 1081 314 18604 3053 314 18605 1746 315 18606 3033 315 18607 3043 315 18608 940 316 18609 3011 316 18610 3013 316 18611 1148 317 18612 1041 317 18613 3063 317 18614 3011 318 18615 612 318 18616 3013 318 18617 1019 319 18618 1148 319 18619 3063 319 18620 1265 1 18621 1019 1 18622 1611 1 18623 1081 320 18624 3043 320 18625 3053 320 18626 988 321 18627 3023 321 18628 3033 321 18629 1677 1 18630 1192 1 18631 1265 1 18632 1041 322 18633 3053 322 18634 3063 322 18635 1611 1 18636 1677 1 18637 1265 1 18638 1539 323 18639 1182 323 18640 3083 323 18641 1182 324 18642 1659 324 18643 3073 324 18644 1182 325 18645 3073 325 18646 3083 325 18647 1659 326 18648 1611 326 18649 3073 326 18650 3073 327 18651 1611 327 18652 1019 327 18653 1197 293 18654 2872 293 18655 3103 293 18656 2872 328 18657 1518 328 18658 3103 328 18659 3093 329 18660 1518 329 18661 1539 329 18662 3093 330 18663 1539 330 18664 3083 330 18665 1019 331 18666 3063 331 18667 3073 331 18668 1518 332 18669 3093 332 18670 3103 332 18671 3123 333 18672 2714 333 18673 2792 333 18674 2792 334 18675 1197 334 18676 3113 334 18677 3113 335 18678 1197 335 18679 3103 335 18680 2899 0 18681 2953 0 18682 2963 0 18683 2900 0 18687 2954 0 18688 2956 0 18689 2901 0 18693 2955 0 18694 2954 0 18695 2902 0 18696 2956 0 18697 2953 0 18698 207 1 18702 576 1 18703 594 1 18704 612 1 18705 3011 1 18706 3003 1 18707 207 1 18708 594 1 18709 612 1 18710 612 1 18711 3003 1 18712 2884 1 18713 2903 0 18714 2957 0 18715 2959 0 18716 2904 0 18717 2958 0 18718 2950 0 18719 2905 0 18723 2959 0 18724 2949 0 18725 3001 1 18726 3008 1 18727 2888 1 18728 2906 0 18729 2960 0 18730 2972 0 18731 2909 0 18732 2963 0 18733 2980 0 18734 2910 0 18735 2964 0 18736 2982 0 18737 2911 0 18738 2965 0 18739 2985 0 18740 2912 0 18741 2966 0 18742 2994 0 18743 2913 0 18744 2967 0 18745 2991 0 18746 2914 0 18747 2968 0 18748 2997 0 18749 2915 0 18750 2969 0 18751 2975 0 18752 2916 0 18753 2970 0 18754 2974 0 18755 2917 0 18756 2971 0 18757 2981 0 18758 1481 336 18759 3015 336 18760 3016 336 18761 2780 338 18765 3020 338 18766 3014 338 18767 774 340 18771 3014 340 18772 3021 340 18773 2860 341 18774 3021 341 18775 3015 341 18776 3020 347 18792 3030 347 18793 3024 347 18794 3014 348 18795 3024 348 18796 3031 348 18797 3021 350 18801 3031 350 18802 3025 350 18803 3015 353 18810 3025 353 18811 3026 353 18812 3025 354 18813 3035 354 18814 3036 354 18815 3030 357 18822 3040 357 18823 3034 357 18824 3024 358 18825 3034 358 18826 3041 358 18827 3031 360 18831 3041 360 18832 3035 360 18833 3035 365 18846 3045 365 18847 3046 365 18848 3040 368 18855 3050 368 18856 3044 368 18857 3034 369 18858 3044 369 18859 3051 369 18860 3041 371 18864 3051 371 18865 3045 371 18866 3051 372 18870 3061 372 18871 3055 372 18872 3045 375 18879 3055 375 18880 3056 375 18881 3050 378 18888 3060 378 18889 3054 378 18890 3044 379 18891 3054 379 18892 3061 379 18893 3060 380 18894 3070 380 18895 3064 380 18896 3054 381 18897 3064 381 18898 3071 381 18899 3061 383 18903 3071 383 18904 3065 383 18905 3055 386 18912 3065 386 18913 3066 386 18914 3070 390 18924 3080 390 18925 3074 390 18926 3064 391 18927 3074 391 18928 3081 391 18929 3071 393 18933 3081 393 18934 3075 393 18935 3065 396 18942 3075 396 18943 3076 396 18944 3080 400 18954 3090 400 18955 3084 400 18956 3074 401 18957 3084 401 18958 3091 401 18959 3081 403 18963 3091 403 18964 3085 403 18965 3075 406 18972 3085 406 18973 3086 406 18974 3085 408 18978 3095 408 18979 3096 408 18980 3090 411 18987 3100 411 18988 3094 411 18989 3084 412 18990 3094 412 18991 3101 412 18992 3091 414 18996 3101 414 18997 3095 414 18998 3101 416 19002 3111 416 19003 3105 416 19004 3095 419 19011 3105 419 19012 3106 419 19013 3100 422 19020 3110 422 19021 3104 422 19022 3094 423 19023 3104 423 19024 3111 423 19025 3111 426 19032 3121 426 19033 3115 426 19034 3105 429 19041 3115 429 19042 3116 429 19043 3110 432 19050 3120 432 19051 3114 432 19052 3104 433 19053 3114 433 19054 3121 433 19055 3120 434 19056 3131 434 19057 3124 434 19058 3114 435 19059 3124 435 19060 3132 435 19061 3121 437 19065 3132 437 19066 3125 437 19067 3115 440 19074 3125 440 19075 3126 440 19076 1827 20 19089 827 20 19090 3136 20 19091 827 22 19092 1434 22 19093 3141 22 19094 862 18 19098 1407 18 19099 3140 18 19100 1434 23 19104 862 23 19105 3137 23 19106 3137 444 19113 3140 444 19114 3150 444 19115 3141 448 19125 3137 448 19126 3147 448 19127 3136 450 19131 3141 450 19132 3151 450 19133 3142 451 19134 3136 451 19135 3146 451 19136 3146 452 19137 3151 452 19138 3161 452 19139 3152 453 19140 3146 453 19141 3156 453 19142 3147 455 19146 3150 455 19147 3160 455 19148 3151 459 19158 3147 459 19159 3157 459 19160 3156 462 19167 3161 462 19168 3171 462 19169 3162 463 19170 3156 463 19171 3166 463 19172 3157 465 19176 3160 465 19177 3170 465 19178 3161 469 19188 3157 469 19189 3167 469 19190 3171 471 19194 3167 471 19195 3177 471 19196 3166 473 19200 3171 473 19201 3181 473 19202 3172 474 19203 3166 474 19204 3176 474 19205 3167 476 19209 3170 476 19210 3180 476 19211 3181 481 19224 3177 481 19225 3187 481 19226 3176 483 19230 3181 483 19231 3191 483 19232 3182 484 19233 3176 484 19234 3186 484 19235 3177 486 19239 3180 486 19240 3190 486 19241 3187 488 19245 3190 488 19246 3200 488 19247 3191 492 19257 3187 492 19258 3197 492 19259 3186 494 19263 3191 494 19264 3201 494 19265 3192 495 19266 3186 495 19267 3196 495 19268 3197 498 19275 3200 498 19276 3210 498 19277 3201 502 19287 3197 502 19288 3207 502 19289 3196 504 19293 3201 504 19294 3211 504 19295 3202 505 19296 3196 505 19297 3206 505 19298 3206 506 19299 3211 506 19300 3221 506 19301 3212 507 19302 3206 507 19303 3216 507 19304 3207 509 19308 3210 509 19309 3220 509 19310 3211 513 19320 3207 513 19321 3217 513 19322 3221 515 19326 3217 515 19327 3227 515 19328 3216 517 19332 3221 517 19333 3231 517 19334 3222 518 19335 3216 518 19336 3226 518 19337 3217 520 19341 3220 520 19342 3230 520 19343 3231 525 19356 3227 525 19357 3237 525 19358 3226 527 19362 3231 527 19363 3241 527 19364 3232 528 19365 3226 528 19366 3236 528 19367 3227 530 19371 3230 530 19372 3240 530 19373 3241 536 19389 3237 536 19390 3247 536 19391 3236 538 19395 3241 538 19396 3252 538 19397 3242 539 19398 3236 539 19399 3246 539 19400 3237 541 19404 3240 541 19405 3251 541 19406 24 544 19431 2228 544 19432 3251 544 19433 2228 1 19434 2128 1 19435 3251 1 19436 3251 545 19437 2209 545 19438 668 545 19439 668 544 19440 2078 544 19441 3251 544 19442 3247 546 19443 1923 546 19444 3252 546 19445 2448 1 19446 24 1 19447 3126 1 19448 2209 547 19449 3251 547 19450 2128 547 19451 1923 548 19452 3247 548 19453 2078 548 19454 3252 549 19455 1923 549 19456 1982 549 19457 2298 1 19458 2448 1 19459 3126 1 19460 3252 550 19461 1982 550 19462 3246 550 19463 2469 547 19464 2298 547 19465 3126 547 19466 1982 551 19467 633 551 19468 3246 551 19469 758 1 19470 2469 1 19471 3126 1 19472 24 552 19473 3251 552 19474 3126 552 19475 633 553 19476 1856 553 19477 3246 553 19478 2605 544 19479 758 544 19480 3126 544 19481 2521 548 19482 2605 548 19483 3125 548 19484 2078 554 19485 3247 554 19486 3251 554 19487 718 551 19488 2625 551 19489 3124 551 19490 2625 555 19491 2521 555 19492 3132 555 19493 3132 556 19494 2521 556 19495 3125 556 19496 3125 557 19497 2605 557 19498 3126 557 19499 3132 558 19500 3124 558 19501 2625 558 19502 3131 559 19503 3130 559 19504 2760 559 19505 2760 560 19506 718 560 19507 3124 560 19508 3253 561 19509 3246 561 19510 1856 561 19511</p>
        </triangles>
        <triangles material="mavi-material" count="1184">
          <input semantic="VERTEX" source="#Plane_003-mesh-vertices" offset="0"/>
          <input semantic="NORMAL" source="#Plane_003-mesh-normals" offset="1"/>
          <input semantic="TEXCOORD" source="#Plane_003-mesh-map-0" offset="2" set="0"/>
          <p>413 1 3 556 1 4 565 1 5 238 1 24 1724 1 25 1739 1 26 239 1 36 529 1 37 234 1 38 237 1 45 174 1 46 266 1 47 1373 1 78 83 1 79 1348 1 80 2231 1 87 314 1 88 2237 1 89 236 1 93 554 1 94 328 1 95 235 1 114 533 1 115 236 1 116 233 1 126 593 1 127 578 1 128 234 1 147 1218 1 148 1236 1 149 2234 1 159 419 1 160 2238 1 161 555 1 165 60 1 166 543 1 167 328 1 174 542 1 175 241 1 176 1371 1 180 66 1 181 1356 1 182 499 1 192 390 1 193 87 1 194 1348 1 195 423 1 196 1354 1 197 1345 1 216 315 1 217 1353 1 218 509 1 225 412 1 226 106 1 227 365 1 252 102 1 253 366 1 254 364 1 261 1232 1 262 1239 1 263 363 1 267 149 1 268 584 1 269 511 1 273 370 1 274 128 1 275 366 1 282 318 1 283 387 1 284 367 1 285 357 1 286 243 1 287 368 1 291 1736 1 292 1742 1 293 369 1 300 100 1 301 364 1 302 370 1 306 426 1 307 443 1 308 501 1 309 373 1 310 109 1 311 310 1 321 493 1 322 63 1 323 167 1 324 491 1 325 54 1 326 481 1 330 124 1 331 482 1 332 479 1 339 1233 1 340 1242 1 341 482 1 345 319 1 346 553 1 347 33 1 348 552 1 349 310 1 350 5 1 357 513 1 358 167 1 359 45 1 363 1723 1 364 1708 1 365 48 1 369 478 1 370 13 1 371 37 1 378 178 1 379 415 1 380 484 1 384 322 1 385 201 1 386 489 1 393 122 1 394 479 1 395 486 1 399 1737 1 400 1744 1 401 627 1 405 219 1 406 598 1 407 569 1 414 127 1 415 489 1 416 19 1 417 483 1 418 33 1 419 10 1 423 591 1 424 171 1 425 13 1 432 1217 1 433 1202 1 434 490 1 438 427 1 439 569 1 440 492 1 441 500 1 442 502 1 443 1559 1 453 197 1 454 1533 1 455 129 1 456 561 1 457 500 1 458 107 1 465 565 1 466 498 1 467 1349 1 468 496 1 469 1370 1 470 1534 1 477 514 1 478 1537 1 479 546 1 483 7 1 484 170 1 485 553 1 495 129 1 496 492 1 497 54 1 498 568 1 499 421 1 500 98 1 507 567 1 508 508 1 509 1341 1 510 506 1 511 1372 1 512 1526 1 522 516 1 523 1538 1 524 240 1 528 570 1 529 436 1 530 2262 1 537 58 1 538 2234 1 539 2261 1 543 22 1 544 2245 1 545 2235 1 546 494 1 547 2239 1 548 1533 1 555 432 1 556 1536 1 557 1530 1 576 324 1 577 1535 1 578 2227 1 603 504 1 604 2240 1 605 611 1 615 520 1 616 628 1 617 620 1 621 518 1 622 626 1 623 629 1 624 214 1 625 619 1 626 619 1 633 434 1 634 624 1 635 615 1 657 326 1 658 622 1 659 519 1 681 284 1 682 219 1 683 524 6 693 258 6 694 546 6 695 241 1 699 544 1 700 522 1 701 548 1 702 245 1 703 284 1 704 305 1 711 436 1 712 439 1 713 304 1 717 234 1 718 299 1 719 303 1 720 1739 1 721 1740 1 722 302 1 726 266 1 727 262 1 728 301 1 735 328 1 736 331 1 737 300 1 738 236 1 739 301 1 740 299 1 747 1236 1 748 1237 1 749 298 1 753 578 1 754 580 1 755 550 1 759 240 1 760 305 1 761 537 1 771 1735 1 772 1745 1 773 297 1 777 524 1 778 551 1 779 523 1 780 271 1 781 245 1 782 540 1 789 418 1 790 571 1 791 535 1 795 457 1 796 177 1 797 538 1 798 15 1 799 528 1 800 532 1 804 313 1 805 555 1 806 571 1 813 50 1 814 538 1 815 530 1 816 31 1 817 532 1 818 528 1 825 1229 1 826 1243 1 827 526 1 831 160 1 832 592 1 833 525 1 837 541 1 838 240 1 839 306 1 846 522 1 847 549 1 848 207 1 852 580 1 853 576 1 854 208 1 858 1237 1 859 1235 1 860 209 1 867 301 1 868 210 1 869 210 1 870 331 1 871 326 1 872 211 1 879 262 1 880 268 1 881 212 1 885 1740 1 886 1738 1 887 213 1 888 299 1 889 208 1 890 214 1 894 439 1 895 434 1 896 521 1 903 305 1 904 214 1 905 215 1 906 549 1 907 518 1 908 206 1 912 551 1 913 520 1 914 326 1 924 306 1 925 215 1 926 545 7 927 6 7 928 271 7 929 331 1 933 241 1 934 306 1 935 622 1 939 215 1 940 620 1 941 1535 1 945 200 1 946 1534 1 947 1558 1 951 186 1 952 1542 1 953 156 1 960 493 1 961 503 1 962 387 1 963 107 1 964 371 1 965 1353 1 972 84 1 973 1349 1 974 543 1 981 153 1 982 545 1 983 2237 1 987 61 1 988 2235 1 989 416 1 993 343 1 994 413 1 995 1313 1 1002 575 1 1003 1326 1 1004 1321 1 1008 573 1 1009 1324 1 1010 566 1 1035 342 1 1036 412 1 1037 408 1 1044 360 1 1045 416 1 1046 412 1 1068 442 1 1069 445 1 1070 564 1 1071 345 1 1072 390 1 1073 319 1 1080 371 1 1081 129 1 1082 120 1 1083 563 1 1084 510 1 1085 131 1 1089 501 1 1090 109 1 1091 4 8 1101 503 8 1102 131 8 1103 128 1 1104 443 1 1105 427 1 1106 127 1 1110 364 1 1111 122 1 1112 126 1 1119 1742 1 1120 1737 1 1121 125 1 1125 243 1 1126 322 1 1127 124 1 1128 387 1 1129 319 1 1130 142 1 1137 510 1 1138 513 1 1139 121 1 1143 584 1 1144 148 1 1145 122 1 1149 1239 1 1150 1233 1 1151 123 1 1158 366 1 1159 124 1 1160 371 1 1164 498 1 1165 561 1 1166 106 1 1167 445 1 1168 426 1 1169 102 1 1191 416 1 1192 318 1 1193 362 1 1200 508 1 1201 563 1 1202 560 1 1224 87 1 1225 373 1 1226 562 1 1230 106 1 1231 370 1 1232 318 1 1239 413 1 1240 107 1 1241 426 1 1248 411 1 1249 105 1 1250 427 1 1254 369 1 1255 127 1 1256 445 1 1257 341 1 1258 411 1 1259 434 1 1266 304 1 1267 213 1 1268 540 1 1269 170 1 1270 57 1 1271 439 1 1275 239 1 1276 304 1 1277 624 1 1281 213 1 1282 618 1 1283 1536 1 1287 195 1 1288 1532 1 1289 512 1 1293 128 1 1294 490 1 1295 421 1 1302 488 1 1303 48 1 1304 443 1 1305 105 1 1306 369 1 1307 1354 1 1314 81 1 1315 1347 1 1316 436 1 1320 539 1 1321 239 1 1322 2238 1 1326 51 1 1327 2233 1 1328 1323 1 1335 454 1 1336 1319 1 1337 1322 1 1344 456 1 1345 1321 1 1346 404 1 1359 558 1 1360 567 1 1361 1327 1 1383 455 1 1384 1320 1 1385 1317 1 1392 459 1 1393 1322 1 1394 1320 1 1413 475 1 1414 1323 1 1415 1325 1 1416 461 1 1417 1297 1 1418 477 1 1572 148 1 1573 590 1 1574 322 1 1590 2017 1 1591 2002 1 1592 268 1 1602 2008 1 1603 2005 1 1604 177 1 1611 1998 1 1612 2030 1 1613 262 1 1617 2006 1 1618 2008 1 1619 201 1 1635 2002 1 1636 2029 1 1637 415 1 1638 2009 1 1639 2024 1 1640 243 1 1647 2001 1 1648 2017 1 1649 266 1 1671 2003 1 1672 2006 1 1673 590 1 1674 2331 1 1675 2357 1 1676 148 1 1698 2354 1 1699 2331 1 1700 576 1 1710 2352 1 1711 2346 1 1712 592 1 1713 2326 1 1714 2358 1 1715 580 1 1719 2350 1 1720 2352 1 1721 171 1 1737 2338 1 1738 2348 1 1739 584 1 1746 2329 1 1747 2354 1 1748 578 1 1758 2332 1 1759 2350 1 1760 1674 1 1797 618 1 1798 1669 1 1799 1673 1 1803 620 1 1804 1671 1 1805 1667 1 1830 622 1 1831 1673 1 1832 1670 1 1851 624 1 1852 1674 1 1853 1697 1 1860 619 1 1861 1670 1 1862 1671 1 1863 626 1 1864 1675 1 1865 1663 1 1869 628 1 1870 1676 1 1871 1696 1 1878 598 1 1879 1682 1 1880 1866 1 1902 638 1 1903 1861 1 1904 1865 1 1908 640 1 1909 1863 1 1910 1855 1 1911 663 1 1912 1868 1 1913 1863 1 1914 661 1 1915 1867 1 1916 1886 1 1917 642 1 1918 1870 1 1919 1887 1 1920 639 1 1921 1862 1 1922 1862 1 1935 659 1 1936 1866 1 1937 1859 1 1956 657 1 1957 1865 1 1958 2088 1 2010 673 1 2011 2083 1 2012 2087 1 2016 675 1 2017 2085 1 2018 2077 1 2019 680 1 2020 2090 1 2021 2085 1 2022 679 1 2023 2089 1 2024 2110 1 2025 682 1 2026 2094 1 2027 2111 1 2028 674 1 2029 2084 1 2030 2084 1 2040 678 1 2041 2088 1 2042 2081 1 2061 677 1 2062 2087 1 2063 2634 1 2112 723 1 2113 2630 1 2114 2658 1 2115 701 1 2116 2642 1 2117 2633 1 2121 725 1 2122 2632 1 2123 2628 1 2148 727 1 2149 2633 1 2150 2631 1 2169 729 1 2170 2634 1 2171 2624 1 2184 733 1 2185 2636 1 2186 2632 1 2187 731 1 2188 2635 1 2189 2659 1 2190 724 1 2191 2631 1 2192 2502 1 2196 764 1 2197 2475 1 2198 2476 1 2199 768 1 2200 2479 1 2201 2468 1 2202 769 1 2203 2480 1 2204 2475 1 2217 767 1 2218 2478 1 2219 2472 1 2238 766 1 2239 2477 1 2240 2477 1 2265 765 1 2266 2476 1 2267 2501 1 2271 736 1 2272 2485 1 2273 2478 1 2274 763 1 2275 2474 1 2276 2789 1 2325 779 1 2326 2785 1 2327 2813 1 2328 787 1 2329 2797 1 2330 2788 1 2334 781 1 2335 2787 1 2336 2783 1 2361 782 1 2362 2788 1 2363 2786 1 2382 783 1 2383 2789 1 2384 2779 1 2397 785 1 2398 2791 1 2399 2787 1 2400 784 1 2401 2790 1 2402 2814 1 2403 780 1 2404 2786 1 2405 1437 1 2433 836 1 2434 1443 1 2435 1440 1 2454 837 1 2455 1444 1 2456 1465 1 2466 833 1 2467 1440 1 2468 1464 1 2469 806 1 2470 1448 1 2471 1441 1 2472 838 1 2473 1445 1 2474 1433 1 2475 839 1 2476 1446 1 2477 1443 1 2478 834 1 2479 1441 1 2480 1444 1 2484 832 1 2485 1439 1 2486 1417 1 2532 867 1 2533 1412 1 2534 1416 1 2538 869 1 2539 1414 1 2540 1406 1 2541 874 1 2542 1419 1 2543 1414 1 2544 873 1 2545 1418 1 2546 1402 1 2547 841 1 2548 1386 1 2549 1403 1 2550 868 1 2551 1413 1 2552 1413 1 2562 872 1 2563 1417 1 2564 1410 1 2583 871 1 2584 1416 1 2585 1830 1 2646 886 1 2647 1836 1 2648 1833 1 2667 887 1 2668 1837 1 2669 1823 1 2679 883 1 2680 1833 1 2681 1822 1 2682 891 1 2683 1806 1 2684 1834 1 2685 888 1 2686 1838 1 2687 1826 1 2688 889 1 2689 1839 1 2690 1836 1 2691 884 1 2692 1834 1 2693 1837 1 2697 882 1 2698 1832 1 2699 918 1 2763 3007 1 2764 3002 1 2765 921 1 2775 3005 1 2776 3003 1 2777 937 1 2784 3000 1 2785 3010 1 2786 927 1 2790 3004 1 2791 3005 1 2792 935 1 2805 3002 1 2806 3009 1 2807 912 1 2808 2961 1 2809 2946 1 2810 931 1 2817 3001 1 2818 3007 1 2819 923 1 2832 2962 1 2833 3004 1 2834 979 1 2883 1764 1 2884 1759 1 2885 980 1 2895 1762 1 2896 1760 1 2897 987 1 2904 1757 1 2905 1767 1 2906 982 1 2910 1761 1 2911 1762 1 2912 986 1 2925 1759 1 2926 1766 1 2927 950 1 2928 1785 1 2929 1770 1 2930 984 1 2937 1758 1 2938 1764 1 2939 981 1 2952 1786 1 2953 1761 1 2954 997 1 3000 1144 1 3001 1139 1 3002 1002 1 3012 1142 1 3013 1140 1 3014 1017 1 3015 1137 1 3016 1147 1 3017 1006 1 3021 1141 1 3022 1142 1 3023 990 1 3036 1125 1 3037 1110 1 3038 1015 1 3045 1139 1 3046 1146 1 3047 1010 1 3048 1138 1 3049 1144 1 3050 1004 1 3057 1126 1 3058 1141 1 3059 1034 1 3081 1099 1 3082 1074 1 3083 1037 1 3090 1071 1 3091 1077 1 3092 1039 1 3093 1072 1 3094 1079 1 3095 1043 1 3102 1098 1 3103 1083 1 3104 1035 1 3117 1074 1 3118 1075 1 3119 1040 1 3123 1070 1 3124 1080 1 3125 1033 1 3126 1075 1 3127 1073 1 3128 1032 1 3138 1077 1 3139 1072 1 3140 1072 1 3228 368 1 3229 126 1 3230 1073 1 3240 303 1 3241 212 1 3242 1080 1 3243 43 1 3244 537 1 3245 1075 1 3249 238 1 3250 303 1 3251 1083 1 3264 487 1 3265 45 1 3266 1079 1 3273 126 1 3274 486 1 3275 1077 1 3276 104 1 3277 368 1 3278 1074 1 3285 536 1 3286 238 1 3287 1141 1 3324 1059 1 3325 1034 1 3326 1144 1 3333 1031 1 3334 1037 1 3335 1146 1 3336 1032 1 3337 1039 1 3338 1110 1 3345 1058 1 3346 1043 1 3347 1142 1 3360 1034 1 3361 1035 1 3362 1147 1 3366 1030 1 3367 1040 1 3368 1140 1 3369 1035 1 3370 1033 1 3371 1139 1 3381 1037 1 3382 1032 1 3383 1181 1 3471 1261 1 3472 1256 1 3473 1183 1 3483 1259 1 3484 1257 1 3485 1191 1 3486 1254 1 3487 1264 1 3488 1185 1 3492 1258 1 3493 1259 1 3494 1150 1 3507 1282 1 3508 1267 1 3509 1190 1 3516 1256 1 3517 1263 1 3518 1187 1 3519 1255 1 3520 1261 1 3521 1184 1 3528 1283 1 3529 1258 1 3530 1233 1 3618 1187 1 3619 1181 1 3620 1235 1 3630 1185 1 3631 1183 1 3632 1243 1 3633 1177 1 3634 1191 1 3635 1237 1 3639 1184 1 3640 1185 1 3641 1202 1 3657 1165 1 3658 1150 1 3659 1242 1 3666 1181 1 3667 1190 1 3668 1239 1 3669 1180 1 3670 1187 1 3671 1236 1 3681 1166 1 3682 1184 1 3683 1258 1 3705 1018 1 3706 1004 1 3707 1261 1 3714 996 1 3715 1010 1 3716 1263 1 3717 997 1 3718 1015 1 3719 1267 1 3726 1016 1 3727 990 1 3728 1259 1 3741 1004 1 3742 1006 1 3743 1264 1 3747 993 1 3748 1017 1 3749 1257 1 3750 1006 1 3751 1002 1 3752 1256 1 3762 1010 1 3763 997 1 3764 557 1 3864 1297 1 3865 345 1 3866 342 1 3867 1323 1 3868 442 1 3869 338 1 3888 1322 1 3889 360 1 3890 559 1 3897 1320 1 3898 342 1 3899 360 1 3930 1321 1 3931 343 1 3932 442 1 3936 1319 1 3937 341 1 3938 343 1 3942 1324 1 3943 556 1 3944 334 1 3945 1326 1 3946 558 1 3947 475 1 3999 1347 1 4000 454 1 4001 459 1 4005 1349 1 4006 456 1 4007 448 1 4014 1372 1 4015 575 1 4016 456 1 4020 1370 1 4021 573 1 4022 452 1 4050 1353 1 4051 459 1 4052 455 1 4071 1354 1 4072 475 1 4073 572 1 4077 1356 1 4078 461 1 4079 574 1 4080 1348 1 4081 455 1 4082 76 1 4140 1416 1 4141 315 1 4142 83 1 4161 1417 1 4162 423 1 4163 507 1 4173 1413 1 4174 83 1 4175 497 1 4176 1386 1 4177 66 1 4178 84 1 4179 1418 1 4180 496 1 4181 71 1 4182 1419 1 4183 506 1 4184 315 1 4185 1414 1 4186 84 1 4187 423 1 4191 1412 1 4192 81 1 4193 872 1 4272 1439 1 4273 867 1 4274 871 1 4278 1441 1 4279 869 1 4280 861 1 4281 1446 1 4282 874 1 4283 869 1 4284 1445 1 4285 873 1 4286 857 1 4287 1448 1 4288 841 1 4289 858 1 4290 1440 1 4291 868 1 4292 868 1 4302 1444 1 4303 872 1 4304 865 1 4323 1443 1 4324 871 1 4325 2869 1 4407 1486 1 4408 2865 1 4409 2845 1 4410 1494 1 4411 2829 1 4412 2868 1 4416 1488 1 4417 2867 1 4418 2863 1 4443 1489 1 4444 2868 1 4445 2866 1 4464 1490 1 4465 2869 1 4466 2859 1 4479 1492 1 4480 2871 1 4481 2867 1 4482 1491 1 4483 2870 1 4484 2846 1 4485 1487 1 4486 2866 1 4487 1490 1 4542 1532 1 4543 1486 1 4544 1510 1 4545 1542 1 4546 1494 1 4547 1489 1 4551 1534 1 4552 1488 1 4553 1484 1 4578 1535 1 4579 1489 1 4580 1487 1 4599 1536 1 4600 1490 1 4601 1480 1 4614 1538 1 4615 1492 1 4616 1488 1 4617 1537 1 4618 1491 1 4619 1511 1 4620 1533 1 4621 1487 1 4622 1632 1 4653 1573 1 4654 1618 1 4655 1645 1 4659 1603 1 4660 1658 1 4661 1653 1 4665 1602 1 4666 1657 1 4667 1633 1 4668 1597 1 4669 1652 1 4670 1652 1 4677 1601 1 4678 1656 1 4679 1649 1 4698 1600 1 4699 1655 1 4700 1655 1 4725 1598 1 4726 1653 1 4727 1656 1 4731 1596 1 4732 1651 1 4733 432 1 4779 1651 1 4780 195 1 4781 324 1 4785 1653 1 4786 200 1 4787 190 1 4812 1655 1 4813 324 1 4814 197 1 4833 1656 1 4834 432 1 4835 517 1 4842 1652 1 4843 197 1 4844 200 1 4845 1657 1 4846 514 1 4847 181 1 4851 1658 1 4852 516 1 4853 515 1 4857 1618 1 4858 186 1 4859 1587 1 4926 1682 1 4927 1573 1 4928 1590 1 4932 1676 1 4933 1603 1 4934 1598 1 4938 1675 1 4939 1602 1 4940 1588 1 4941 1670 1 4942 1597 1 4943 1597 1 4950 1674 1 4951 1601 1 4952 1594 1 4971 1673 1 4972 1600 1 4973 1600 1 4998 1671 1 4999 1598 1 5000 1601 1 5004 1669 1 5005 1596 1 5006 1737 1 5100 984 1 5101 979 1 5102 1738 1 5112 982 1 5113 980 1 5114 1745 1 5121 977 1 5122 987 1 5123 1740 1 5127 981 1 5128 982 1 5129 1744 1 5142 979 1 5143 986 1 5144 1708 1 5145 965 1 5146 950 1 5147 1742 1 5154 978 1 5155 984 1 5156 1739 1 5169 966 1 5170 981 1 5171 1761 1 5199 938 1 5200 923 1 5201 1764 1 5214 915 1 5215 931 1 5216 1770 1 5223 936 1 5224 912 1 5225 1766 1 5226 918 1 5227 935 1 5228 1762 1 5241 923 1 5242 927 1 5243 1767 1 5247 910 1 5248 937 1 5249 1760 1 5256 927 1 5257 921 1 5258 1759 1 5268 931 1 5269 918 1 5270 837 1 5373 1832 1 5374 832 1 5375 836 1 5379 1834 1 5380 834 1 5381 826 1 5382 1839 1 5383 839 1 5384 834 1 5385 1838 1 5386 838 1 5387 822 1 5388 1806 1 5389 806 1 5390 823 1 5391 1833 1 5392 833 1 5393 833 1 5403 1837 1 5404 837 1 5405 830 1 5424 1836 1 5425 836 1 5426 880 1 5523 1865 1 5524 886 1 5525 883 1 5544 1866 1 5545 887 1 5546 908 1 5556 1862 1 5557 883 1 5558 907 1 5559 1870 1 5560 891 1 5561 884 1 5562 1867 1 5563 888 1 5564 877 1 5565 1868 1 5566 889 1 5567 886 1 5568 1863 1 5569 884 1 5570 887 1 5574 1861 1 5575 882 1 5576 1985 1 5661 1932 1 5662 1991 1 5663 1988 1 5682 1933 1 5683 1992 1 5684 1967 1 5694 1929 1 5695 1988 1 5696 1966 1 5697 1902 1 5698 1950 1 5699 1989 1 5700 1934 1 5701 1993 1 5702 1981 1 5703 1935 1 5704 1994 1 5705 1991 1 5706 1930 1 5707 1989 1 5708 1992 1 5712 1928 1 5713 1987 1 5714 659 1 5760 1987 1 5761 638 1 5762 657 1 5766 1989 1 5767 640 1 5768 632 1 5769 1994 1 5770 663 1 5771 640 1 5772 1993 1 5773 661 1 5774 662 1 5775 1950 1 5776 642 1 5777 664 1 5778 1988 1 5779 639 1 5780 639 1 5790 1992 1 5791 659 1 5792 636 1 5811 1991 1 5812 657 1 5813 2006 1 6012 531 1 6013 235 1 6014 2017 1 6033 101 1 6034 365 1 6035 2024 1 6042 480 1 6043 19 1 6044 2029 1 6045 123 1 6046 481 1 6047 2008 1 6063 235 1 6064 300 1 6065 2030 1 6069 17 1 6070 530 1 6071 2005 1 6078 300 1 6079 209 1 6080 2002 1 6090 365 1 6091 123 1 6092 1926 1 6186 2087 1 6187 1932 1 6188 1929 1 6207 2088 1 6208 1933 1 6209 1919 1 6219 2084 1 6220 1929 1 6221 1918 1 6222 2094 1 6223 1902 1 6224 1930 1 6225 2089 1 6226 1934 1 6227 1922 1 6228 2090 1 6229 1935 1 6230 1932 1 6231 2085 1 6232 1930 1 6233 1933 1 6237 2083 1 6238 1928 1 6239 2219 1 6327 2133 1 6328 2214 1 6329 2218 1 6333 2135 1 6334 2216 1 6335 2208 1 6336 2140 1 6337 2221 1 6338 2216 1 6339 2139 1 6340 2220 1 6341 2192 1 6342 2142 1 6343 2176 1 6344 2193 1 6345 2134 1 6346 2215 1 6347 2215 1 6357 2138 1 6358 2219 1 6359 2212 1 6378 2137 1 6379 2218 1 6380 671 1 6435 2218 1 6436 677 1 6437 674 1 6456 2219 1 6457 678 1 6458 699 1 6468 2215 1 6469 674 1 6470 698 1 6471 2176 1 6472 682 1 6473 675 1 6474 2220 1 6475 679 1 6476 667 1 6477 2221 1 6478 680 1 6479 677 1 6480 2216 1 6481 675 1 6482 678 1 6486 2214 1 6487 673 1 6488 2138 1 6621 2233 1 6622 2133 1 6623 2137 1 6627 2235 1 6628 2135 1 6629 2127 1 6630 2240 1 6631 2140 1 6632 2135 1 6633 2239 1 6634 2139 1 6635 2158 1 6636 2245 1 6637 2142 1 6638 2159 1 6639 2234 1 6640 2134 1 6641 2134 1 6651 2238 1 6652 2138 1 6653 2131 1 6672 2237 1 6673 2137 1 6674 2457 1 6765 2303 1 6766 2453 1 6767 2430 1 6768 2276 1 6769 2414 1 6770 2456 1 6774 2305 1 6775 2455 1 6776 2451 1 6801 2306 1 6802 2456 1 6803 2454 1 6822 2307 1 6823 2457 1 6824 2447 1 6837 2309 1 6838 2459 1 6839 2455 1 6840 2308 1 6841 2458 1 6842 2431 1 6843 2304 1 6844 2454 1 6845 2350 1 7023 534 1 7024 237 1 7025 2354 1 7035 103 1 7036 367 1 7037 2348 1 7044 485 1 7045 37 1 7046 2352 1 7062 237 1 7063 302 1 7064 2358 1 7068 39 1 7069 535 1 7070 2346 1 7071 302 1 7072 211 1 7073 2331 1 7083 367 1 7084 125 1 7085 2357 1 7101 125 1 7102 484 1 7103 505 1 7119 2454 1 7120 58 1 7121 61 1 7122 2458 1 7123 494 1 7124 23 1 7125 2459 1 7126 504 1 7127 58 1 7140 2457 1 7141 419 1 7142 34 1 7161 2456 1 7162 314 1 7163 314 1 7188 2455 1 7189 61 1 7190 495 1 7194 2414 1 7195 22 1 7196 419 1 7197 2453 1 7198 51 1 7199 2307 1 7338 2474 1 7339 2303 1 7340 2292 1 7341 2485 1 7342 2276 1 7343 2306 1 7347 2476 1 7348 2305 1 7349 2301 1 7374 2477 1 7375 2306 1 7376 2304 1 7395 2478 1 7396 2307 1 7397 2297 1 7410 2480 1 7411 2309 1 7412 2305 1 7413 2479 1 7414 2308 1 7415 2293 1 7416 2475 1 7417 2304 1 7418 2587 1 7470 2527 1 7471 2611 1 7472 2612 1 7473 2531 1 7474 2615 1 7475 2604 1 7476 2532 1 7477 2616 1 7478 2611 1 7491 2530 1 7492 2614 1 7493 2608 1 7512 2529 1 7513 2613 1 7514 2613 1 7539 2528 1 7540 2612 1 7541 2586 1 7545 2534 1 7546 2570 1 7547 2614 1 7548 2526 1 7549 2610 1 7550 767 1 7593 2610 1 7594 763 1 7595 752 1 7596 2570 1 7597 736 1 7598 766 1 7602 2612 1 7603 765 1 7604 761 1 7629 2613 1 7630 766 1 7631 764 1 7650 2614 1 7651 767 1 7652 757 1 7665 2616 1 7666 769 1 7667 765 1 7668 2615 1 7669 768 1 7670 753 1 7671 2611 1 7672 764 1 7673 2551 1 7776 2631 1 7777 2527 1 7778 2528 1 7779 2635 1 7780 2531 1 7781 2520 1 7782 2636 1 7783 2532 1 7784 2527 1 7797 2634 1 7798 2530 1 7799 2524 1 7818 2633 1 7819 2529 1 7820 2529 1 7845 2632 1 7846 2528 1 7847 2550 1 7851 2642 1 7852 2534 1 7853 2530 1 7854 2630 1 7855 2526 1 7856 2742 1 7926 2701 1 7927 2766 1 7928 2767 1 7929 2705 1 7930 2770 1 7931 2759 1 7932 2706 1 7933 2771 1 7934 2766 1 7947 2704 1 7948 2769 1 7949 2763 1 7968 2703 1 7969 2768 1 7970 2768 1 7995 2702 1 7996 2767 1 7997 2741 1 8001 2674 1 8002 2725 1 8003 2769 1 8004 2700 1 8005 2765 1 8006 729 1 8052 2765 1 8053 723 1 8054 732 1 8055 2725 1 8056 701 1 8057 727 1 8061 2767 1 8062 725 1 8063 721 1 8088 2768 1 8089 727 1 8090 724 1 8109 2769 1 8110 729 1 8111 717 1 8124 2771 1 8125 733 1 8126 725 1 8127 2770 1 8128 731 1 8129 734 1 8130 2766 1 8131 724 1 8132 2691 1 8235 2786 1 8236 2701 1 8237 2702 1 8238 2790 1 8239 2705 1 8240 2695 1 8241 2791 1 8242 2706 1 8243 2701 1 8256 2789 1 8257 2704 1 8258 2698 1 8277 2788 1 8278 2703 1 8279 2703 1 8304 2787 1 8305 2702 1 8306 2690 1 8310 2797 1 8311 2674 1 8312 2704 1 8313 2785 1 8314 2700 1 8315 804 1 8355 2866 1 8356 780 1 8357 781 1 8358 2870 1 8359 784 1 8360 773 1 8361 2871 1 8362 785 1 8363 780 1 8376 2869 1 8377 783 1 8378 777 1 8397 2868 1 8398 782 1 8399 782 1 8424 2867 1 8425 781 1 8426 803 1 8430 2829 1 8431 787 1 8432 783 1 8433 2865 1 8434 779 1 8435 2885 1 8571 527 1 8572 233 1 8573 2887 1 8586 99 1 8587 363 1 8588 2892 1 8595 476 1 8596 10 1 8597 2889 1 8598 121 1 8599 477 1 8600 2886 1 8613 233 1 8614 298 1 8615 2890 1 8619 11 1 8620 526 1 8621 2884 1 8628 298 1 8629 207 1 8630 2883 1 8640 363 1 8641 121 1 8642 3004 1 8778 2908 1 8779 2885 1 8780 3007 1 8793 2882 1 8794 2887 1 8795 2946 1 8802 2907 1 8803 2892 1 8804 3009 1 8805 2883 1 8806 2889 1 8807 3005 1 8820 2885 1 8821 2886 1 8822 3010 1 8826 2881 1 8827 2890 1 8828 3003 1 8835 2886 1 8836 2884 1 8837 3002 1 8847 2887 1 8848 2883 1 8849 413 1 9621 343 1 9622 556 1 9623 238 1 9642 536 1 9643 1724 1 9644 239 1 9654 539 1 9655 529 1 9656 237 1 9663 534 1 9664 174 1 9665 1373 1 9696 507 1 9697 83 1 9698 2231 1 9705 34 1 9706 314 1 9707 236 1 9711 533 1 9712 554 1 9713 235 1 9732 531 1 9733 533 1 9734 233 1 9744 527 1 9745 593 1 9746 234 1 9765 529 1 9766 1218 1 9767 2234 1 9777 58 1 9778 419 1 9779 555 1 9783 313 1 9784 60 1 9785 328 1 9792 554 1 9793 542 1 9794 1371 1 9798 497 1 9799 66 1 9800 499 1 9810 564 1 9811 390 1 9812 1348 1 9813 83 1 9814 423 1 9815 1345 1 9834 76 1 9835 315 1 9836 509 1 9843 566 1 9844 412 1 9845 365 1 9870 101 1 9871 102 1 9872 364 1 9879 100 1 9880 1232 1 9881 363 1 9885 99 1 9886 149 1 9887 511 1 9891 562 1 9892 370 1 9893 366 1 9900 102 1 9901 318 1 9902 367 1 9903 103 1 9904 357 1 9905 368 1 9909 104 1 9910 1736 1 9911 369 1 9918 105 1 9919 100 1 9920 370 1 9924 106 1 9925 426 1 9926 501 1 9927 560 1 9928 373 1 9929 310 1 9939 552 1 9940 493 1 9941 167 1 9942 513 1 9943 491 1 9944 481 1 9948 123 1 9949 124 1 9950 479 1 9957 122 1 9958 1233 1 9959 482 1 9963 124 1 9964 319 1 9965 33 1 9966 483 1 9967 552 1 9968 5 259 9975 142 259 9976 513 259 9977 45 1 9981 487 1 9982 1723 1 9983 48 1 9987 488 1 9988 478 1 9989 37 1 9996 485 1 9997 178 1 9998 484 1 10002 125 1 10003 322 1 10004 489 1 10011 127 1 10012 122 1 10013 486 1 10017 126 1 10018 1737 1 10019 627 1 10023 519 1 10024 219 1 10025 569 1 10032 427 1 10033 127 1 10034 19 1 10035 480 1 10036 483 1 10037 10 1 10041 476 1 10042 591 1 10043 13 1 10050 478 1 10051 1217 1 10052 490 1 10056 128 1 10057 427 1 10058 492 1 10059 129 1 10060 500 1 10061 1559 1 10071 517 1 10072 197 1 10073 129 1 10074 371 1 10075 561 1 10076 107 1 10083 413 1 10084 565 1 10085 1349 1 10086 84 1 10087 496 1 10088 1534 1 10095 200 1 10096 514 1 10097 546 260 10101 258 260 10102 7 260 10103 553 1 10113 319 1 10114 129 1 10115 54 1 10116 491 1 10117 568 1 10118 98 1 10125 404 1 10126 567 1 10127 1341 1 10128 71 1 10129 506 1 10130 1526 1 10140 181 1 10141 516 1 10142 240 1 10146 541 1 10147 570 1 10148 2262 1 10155 505 1 10156 58 1 10157 2261 1 10161 495 1 10162 22 1 10163 2235 1 10164 61 1 10165 494 1 10166 1533 1 10173 197 1 10174 432 1 10175 1530 1 10194 190 1 10195 324 1 10196 2227 1 10221 23 1 10222 504 1 10223 611 1 10233 206 1 10234 520 1 10235 620 1 10239 215 1 10240 518 1 10241 629 1 10242 521 1 10243 214 1 10244 619 1 10251 214 1 10252 434 1 10253 615 1 10275 210 1 10276 326 1 10277 519 1 10302 548 1 10303 284 1 10304 524 1 10314 232 1 10315 258 1 10316 241 1 10320 542 1 10321 544 1 10322 548 1 10323 523 1 10324 245 1 10325 305 1 10332 240 1 10333 436 1 10334 304 1 10338 239 1 10339 234 1 10340 303 1 10341 238 1 10342 1739 1 10343 302 1 10347 237 1 10348 266 1 10349 301 1 10356 236 1 10357 328 1 10358 300 1 10359 235 1 10360 236 1 10361 299 1 10368 234 1 10369 1236 1 10370 298 1 10374 233 1 10375 578 1 10376 550 1 10380 525 1 10381 240 1 10382 537 1 10392 43 1 10393 1735 1 10394 297 1 10398 232 1 10399 524 1 10400 523 261 10401 545 261 10402 271 261 10403 540 1 10410 57 1 10411 418 1 10412 535 1 10416 39 1 10417 457 1 10418 538 1 10419 50 1 10420 15 1 10421 532 1 10425 31 1 10426 313 1 10427 571 1 10434 418 1 10435 50 1 10436 530 1 10437 17 1 10438 31 1 10439 528 1 10446 15 1 10447 1229 1 10448 526 1 10452 11 1 10453 160 1 10454 525 1 10458 547 1 10459 541 1 10460 306 1 10467 241 1 10468 522 1 10469 207 1 10473 298 1 10474 580 1 10475 208 1 10479 299 1 10480 1237 1 10481 209 1 10488 300 1 10489 301 1 10490 210 1 10491 301 1 10492 331 1 10493 211 1 10500 302 1 10501 262 1 10502 212 1 10506 303 1 10507 1740 1 10508 213 1 10509 304 1 10510 299 1 10511 214 1 10515 305 1 10516 439 1 10517 521 1 10524 550 1 10525 305 1 10526 215 1 10527 306 1 10528 549 1 10529 206 1 10533 297 1 10534 551 1 10535 326 1 10545 331 1 10546 306 1 10547 545 1 10548 153 1 10549 6 1 10550 331 1 10554 328 1 10555 241 1 10556 622 1 10560 326 1 10561 215 1 10562 1535 1 10566 324 1 10567 200 1 10568 1558 1 10572 515 1 10573 186 1 10574 156 1 10581 63 1 10582 493 1 10583 387 1 10584 318 1 10585 107 1 10586 1353 1 10593 315 1 10594 84 1 10595 543 1 10602 60 1 10603 153 1 10604 2237 1 10608 314 1 10609 61 1 10610 416 1 10614 360 1 10615 343 1 10616 1313 1 10623 448 1 10624 575 1 10625 1321 1 10629 456 1 10630 573 1 10631 566 1 10656 559 1 10657 342 1 10658 408 1 10665 338 1 10666 360 1 10667 412 1 10689 342 1 10690 442 1 10691 564 1 10692 557 1 10693 345 1 10694 319 1 10701 387 1 10702 371 1 10703 120 1 10704 362 1 10705 563 1 10706 131 1 10710 503 1 10711 501 1 10712 4 1 10722 156 1 10723 503 1 10724 128 1 10725 370 1 10726 443 1 10727 127 1 10731 369 1 10732 364 1 10733 126 1 10740 368 1 10741 1742 1 10742 125 1 10746 367 1 10747 243 1 10748 124 1 10749 366 1 10750 387 1 10751 142 1 10758 120 1 10759 510 1 10760 121 1 10764 363 1 10765 584 1 10766 122 1 10770 364 1 10771 1239 1 10772 123 1 10779 365 1 10780 366 1 10781 371 1 10785 107 1 10786 498 1 10787 106 1 10788 412 1 10789 445 1 10790 102 1 10812 408 1 10813 416 1 10814 362 1 10821 98 1 10822 508 1 10823 560 1 10845 499 1 10846 87 1 10847 562 1 10851 509 1 10852 106 1 10853 318 1 10860 416 1 10861 413 1 10862 426 1 10869 445 1 10870 411 1 10871 427 1 10875 443 1 10876 369 1 10877 445 1 10878 442 1 10879 341 1 10880 434 1 10887 439 1 10888 304 1 10889 540 1 10890 546 1 10891 170 1 10892 439 1 10896 436 1 10897 239 1 10898 624 1 10902 434 1 10903 213 1 10904 1536 1 10908 432 1 10909 195 1 10910 512 1 10914 511 1 10915 128 1 10916 421 1 10923 568 1 10924 488 1 10925 443 1 10926 426 1 10927 105 1 10928 1354 1 10935 423 1 10936 81 1 10937 436 1 10941 570 1 10942 539 1 10943 2238 1 10947 419 1 10948 51 1 10949 1323 1 10956 475 1 10957 454 1 10958 1322 1 10965 459 1 10966 456 1 10967 404 1 10980 334 1 10981 558 1 10982 1327 1 11004 574 1 11005 455 1 11006 1317 1 11013 452 1 11014 459 1 11015 1320 1 11034 455 1 11035 475 1 11036 1325 1 11037 572 1 11038 461 1 11039 477 1 11193 121 1 11194 148 1 11195 322 1 11211 243 1 11212 2017 1 11213 268 1 11223 262 1 11224 2008 1 11225 177 1 11232 457 1 11233 1998 1 11234 262 1 11238 266 1 11239 2006 1 11240 201 1 11256 322 1 11257 2002 1 11258 415 1 11259 178 1 11260 2009 1 11261 243 1 11268 357 1 11269 2001 1 11270 266 1 11292 174 1 11293 2003 1 11294 590 1 11295 148 1 11296 2331 1 11297 148 1 11319 584 1 11320 2354 1 11321 576 1 11331 580 1 11332 2352 1 11333 592 1 11334 160 1 11335 2326 1 11336 580 1 11340 578 1 11341 2350 1 11342 171 1 11358 591 1 11359 2338 1 11360 584 1 11367 149 1 11368 2329 1 11369 578 1 11379 593 1 11380 2332 1 11381 1674 1 11418 624 1 11419 618 1 11420 1673 1 11424 622 1 11425 620 1 11426 1667 1 11451 615 1 11452 622 1 11453 1670 1 11472 619 1 11473 624 1 11474 1697 1 11481 629 1 11482 619 1 11483 1671 1 11484 620 1 11485 626 1 11486 1663 1 11490 611 1 11491 628 1 11492 1696 1 11499 627 1 11500 598 1 11501 1866 1 11523 659 1 11524 638 1 11525 1865 1 11529 657 1 11530 640 1 11531 1855 1 11532 632 1 11533 663 1 11534 1863 1 11535 640 1 11536 661 1 11537 1886 1 11538 662 1 11539 642 1 11540 1887 1 11541 664 1 11542 639 1 11543 1862 1 11556 639 1 11557 659 1 11558 1859 1 11577 636 1 11578 657 1 11579 2088 1 11631 678 1 11632 673 1 11633 2087 1 11637 677 1 11638 675 1 11639 2077 1 11640 667 1 11641 680 1 11642 2085 1 11643 675 1 11644 679 1 11645 2110 1 11646 698 1 11647 682 1 11648 2111 1 11649 699 1 11650 674 1 11651 2084 1 11661 674 1 11662 678 1 11663 2081 1 11682 671 1 11683 677 1 11684 2634 1 11733 729 1 11734 723 1 11735 2658 1 11736 732 1 11737 701 1 11738 2633 1 11742 727 1 11743 725 1 11744 2628 1 11769 721 1 11770 727 1 11771 2631 1 11790 724 1 11791 729 1 11792 2624 1 11805 717 1 11806 733 1 11807 2632 1 11808 725 1 11809 731 1 11810 2659 1 11811 734 1 11812 724 1 11813 2502 1 11817 753 1 11818 764 1 11819 2476 1 11820 765 1 11821 768 1 11822 2468 1 11823 757 1 11824 769 1 11825 2475 1 11838 764 1 11839 767 1 11840 2472 1 11859 761 1 11860 766 1 11861 2477 1 11886 766 1 11887 765 1 11888 2501 1 11892 752 1 11893 736 1 11894 2478 1 11895 767 1 11896 763 1 11897 2789 1 11946 783 1 11947 779 1 11948 2813 1 11949 803 1 11950 787 1 11951 2788 1 11955 782 1 11956 781 1 11957 2783 1 11982 777 1 11983 782 1 11984 2786 1 12003 780 1 12004 783 1 12005 2779 1 12018 773 1 12019 785 1 12020 2787 1 12021 781 1 12022 784 1 12023 2814 1 12024 804 1 12025 780 1 12026 1437 1 12054 830 1 12055 836 1 12056 1440 1 12075 833 1 12076 837 1 12077 1465 1 12087 823 1 12088 833 1 12089 1464 1 12090 822 1 12091 806 1 12092 1441 1 12093 834 1 12094 838 1 12095 1433 1 12096 826 1 12097 839 1 12098 1443 1 12099 836 1 12100 834 1 12101 1444 1 12105 837 1 12106 832 1 12107 1417 1 12153 872 1 12154 867 1 12155 1416 1 12159 871 1 12160 869 1 12161 1406 1 12162 861 1 12163 874 1 12164 1414 1 12165 869 1 12166 873 1 12167 1402 1 12168 857 1 12169 841 1 12170 1403 1 12171 858 1 12172 868 1 12173 1413 1 12183 868 1 12184 872 1 12185 1410 1 12204 865 1 12205 871 1 12206 1830 1 12267 880 1 12268 886 1 12269 1833 1 12288 883 1 12289 887 1 12290 1823 1 12300 908 1 12301 883 1 12302 1822 1 12303 907 1 12304 891 1 12305 1834 1 12306 884 1 12307 888 1 12308 1826 1 12309 877 1 12310 889 1 12311 1836 1 12312 886 1 12313 884 1 12314 1837 1 12318 887 1 12319 882 1 12320 918 1 12384 931 1 12385 3007 1 12386 921 1 12396 927 1 12397 3005 1 12398 937 1 12405 910 1 12406 3000 1 12407 927 1 12411 923 1 12412 3004 1 12413 935 1 12426 918 1 12427 3002 1 12428 912 1 12429 936 1 12430 2961 1 12431 931 1 12438 915 1 12439 3001 1 12440 923 1 12453 938 1 12454 2962 1 12455 979 1 12504 984 1 12505 1764 1 12506 980 1 12516 982 1 12517 1762 1 12518 987 1 12525 977 1 12526 1757 1 12527 982 1 12531 981 1 12532 1761 1 12533 986 1 12546 979 1 12547 1759 1 12548 950 1 12549 965 1 12550 1785 1 12551 984 1 12558 978 1 12559 1758 1 12560 981 1 12573 966 1 12574 1786 1 12575 997 1 12621 1010 1 12622 1144 1 12623 1002 1 12633 1006 1 12634 1142 1 12635 1017 1 12636 993 1 12637 1137 1 12638 1006 1 12642 1004 1 12643 1141 1 12644 990 1 12657 1016 1 12658 1125 1 12659 1015 1 12666 997 1 12667 1139 1 12668 1010 1 12669 996 1 12670 1138 1 12671 1004 1 12678 1018 1 12679 1126 1 12680 1034 1 12702 1059 1 12703 1099 1 12704 1037 1 12711 1031 1 12712 1071 1 12713 1039 1 12714 1032 1 12715 1072 1 12716 1043 1 12723 1058 1 12724 1098 1 12725 1035 1 12738 1034 1 12739 1074 1 12740 1040 1 12744 1030 1 12745 1070 1 12746 1033 1 12747 1035 1 12748 1075 1 12749 1032 1 12759 1037 1 12760 1077 1 12761 1072 1 12849 1077 1 12850 368 1 12851 1073 1 12861 1075 1 12862 303 1 12863 1080 1 12864 1070 1 12865 43 1 12866 1075 1 12870 1074 1 12871 238 1 12872 1083 1 12885 1098 1 12886 487 1 12887 1079 1 12894 1072 1 12895 126 1 12896 1077 1 12897 1071 1 12898 104 1 12899 1074 1 12906 1099 1 12907 536 1 12908 1141 1 12945 1126 1 12946 1059 1 12947 1144 1 12954 1138 1 12955 1031 1 12956 1146 1 12957 1139 1 12958 1032 1 12959 1110 1 12966 1125 1 12967 1058 1 12968 1142 1 12981 1141 1 12982 1034 1 12983 1147 1 12987 1137 1 12988 1030 1 12989 1140 1 12990 1142 1 12991 1035 1 12992 1139 1 13002 1144 1 13003 1037 1 13004 1181 1 13092 1187 1 13093 1261 1 13094 1183 1 13104 1185 1 13105 1259 1 13106 1191 1 13107 1177 1 13108 1254 1 13109 1185 1 13113 1184 1 13114 1258 1 13115 1150 1 13128 1165 1 13129 1282 1 13130 1190 1 13137 1181 1 13138 1256 1 13139 1187 1 13140 1180 1 13141 1255 1 13142 1184 1 13149 1166 1 13150 1283 1 13151 1233 1 13239 1239 1 13240 1187 1 13241 1235 1 13251 1237 1 13252 1185 1 13253 1243 1 13254 1229 1 13255 1177 1 13256 1237 1 13260 1236 1 13261 1184 1 13262 1202 1 13278 1217 1 13279 1165 1 13280 1242 1 13287 1233 1 13288 1181 1 13289 1239 1 13290 1232 1 13291 1180 1 13292 1236 1 13302 1218 1 13303 1166 1 13304 1258 1 13326 1283 1 13327 1018 1 13328 1261 1 13335 1255 1 13336 996 1 13337 1263 1 13338 1256 1 13339 997 1 13340 1267 1 13347 1282 1 13348 1016 1 13349 1259 1 13362 1258 1 13363 1004 1 13364 1264 1 13368 1254 1 13369 993 1 13370 1257 1 13371 1259 1 13372 1006 1 13373 1256 1 13383 1261 1 13384 1010 1 13385 557 1 13485 1325 1 13486 1297 1 13487 342 1 13488 1320 1 13489 1323 1 13490 338 1 13509 1317 1 13510 1322 1 13511 559 1 13518 1327 1 13519 1320 1 13520 360 1 13551 1322 1 13552 1321 1 13553 442 1 13557 1323 1 13558 1319 1 13559 343 1 13563 1321 1 13564 1324 1 13565 334 1 13566 1313 1 13567 1326 1 13568 475 1 13620 1354 1 13621 1347 1 13622 459 1 13626 1353 1 13627 1349 1 13628 448 1 13635 1341 1 13636 1372 1 13637 456 1 13641 1349 1 13642 1370 1 13643 452 1 13671 1345 1 13672 1353 1 13673 455 1 13692 1348 1 13693 1354 1 13694 572 1 13698 1371 1 13699 1356 1 13700 574 1 13701 1373 1 13702 1348 1 13703 76 1 13761 1410 1 13762 1416 1 13763 83 1 13782 1413 1 13783 1417 1 13784 507 1 13794 1403 1 13795 1413 1 13796 497 1 13797 1402 1 13798 1386 1 13799 84 1 13800 1414 1 13801 1418 1 13802 71 1 13803 1406 1 13804 1419 1 13805 315 1 13806 1416 1 13807 1414 1 13808 423 1 13812 1417 1 13813 1412 1 13814 872 1 13893 1444 1 13894 1439 1 13895 871 1 13899 1443 1 13900 1441 1 13901 861 1 13902 1433 1 13903 1446 1 13904 869 1 13905 1441 1 13906 1445 1 13907 857 1 13908 1464 1 13909 1448 1 13910 858 1 13911 1465 1 13912 1440 1 13913 868 1 13923 1440 1 13924 1444 1 13925 865 1 13944 1437 1 13945 1443 1 13946 2869 1 14028 1490 1 14029 1486 1 14030 2845 1 14031 1510 1 14032 1494 1 14033 2868 1 14037 1489 1 14038 1488 1 14039 2863 1 14064 1484 1 14065 1489 1 14066 2866 1 14085 1487 1 14086 1490 1 14087 2859 1 14100 1480 1 14101 1492 1 14102 2867 1 14103 1488 1 14104 1491 1 14105 2846 1 14106 1511 1 14107 1487 1 14108 1490 1 14163 1536 1 14164 1532 1 14165 1510 1 14166 1558 1 14167 1542 1 14168 1489 1 14172 1535 1 14173 1534 1 14174 1484 1 14199 1530 1 14200 1535 1 14201 1487 1 14220 1533 1 14221 1536 1 14222 1480 1 14235 1526 1 14236 1538 1 14237 1488 1 14238 1534 1 14239 1537 1 14240 1511 1 14241 1559 1 14242 1533 1 14243 1632 1 14274 1587 1 14275 1573 1 14276 1645 1 14280 1590 1 14281 1603 1 14282 1653 1 14286 1598 1 14287 1602 1 14288 1633 1 14289 1588 1 14290 1597 1 14291 1652 1 14298 1597 1 14299 1601 1 14300 1649 1 14319 1594 1 14320 1600 1 14321 1655 1 14346 1600 1 14347 1598 1 14348 1656 1 14352 1601 1 14353 1596 1 14354 432 1 14400 1656 1 14401 1651 1 14402 324 1 14406 1655 1 14407 1653 1 14408 190 1 14433 1649 1 14434 1655 1 14435 197 1 14454 1652 1 14455 1656 1 14456 517 1 14463 1633 1 14464 1652 1 14465 200 1 14466 1653 1 14467 1657 1 14468 181 1 14472 1645 1 14473 1658 1 14474 515 1 14478 1632 1 14479 1618 1 14480 1587 1 14547 1696 1 14548 1682 1 14549 1590 1 14553 1663 1 14554 1676 1 14555 1598 1 14559 1671 1 14560 1675 1 14561 1588 1 14562 1697 1 14563 1670 1 14564 1597 1 14571 1670 1 14572 1674 1 14573 1594 1 14592 1667 1 14593 1673 1 14594 1600 1 14619 1673 1 14620 1671 1 14621 1601 1 14625 1674 1 14626 1669 1 14627 1737 1 14721 1742 1 14722 984 1 14723 1738 1 14733 1740 1 14734 982 1 14735 1745 1 14742 1735 1 14743 977 1 14744 1740 1 14748 1739 1 14749 981 1 14750 1744 1 14763 1737 1 14764 979 1 14765 1708 1 14766 1723 1 14767 965 1 14768 1742 1 14775 1736 1 14776 978 1 14777 1739 1 14790 1724 1 14791 966 1 14792 1761 1 14820 1786 1 14821 938 1 14822 1764 1 14835 1758 1 14836 915 1 14837 1770 1 14844 1785 1 14845 936 1 14846 1766 1 14847 1759 1 14848 918 1 14849 1762 1 14862 1761 1 14863 923 1 14864 1767 1 14868 1757 1 14869 910 1 14870 1760 1 14877 1762 1 14878 927 1 14879 1759 1 14889 1764 1 14890 931 1 14891 837 1 14994 1837 1 14995 1832 1 14996 836 1 15000 1836 1 15001 1834 1 15002 826 1 15003 1826 1 15004 1839 1 15005 834 1 15006 1834 1 15007 1838 1 15008 822 1 15009 1822 1 15010 1806 1 15011 823 1 15012 1823 1 15013 1833 1 15014 833 1 15024 1833 1 15025 1837 1 15026 830 1 15045 1830 1 15046 1836 1 15047 880 1 15144 1859 1 15145 1865 1 15146 883 1 15165 1862 1 15166 1866 1 15167 908 1 15177 1887 1 15178 1862 1 15179 907 1 15180 1886 1 15181 1870 1 15182 884 1 15183 1863 1 15184 1867 1 15185 877 1 15186 1855 1 15187 1868 1 15188 886 1 15189 1865 1 15190 1863 1 15191 887 1 15195 1866 1 15196 1861 1 15197 1985 1 15282 1926 1 15283 1932 1 15284 1988 1 15303 1929 1 15304 1933 1 15305 1967 1 15315 1919 1 15316 1929 1 15317 1966 1 15318 1918 1 15319 1902 1 15320 1989 1 15321 1930 1 15322 1934 1 15323 1981 1 15324 1922 1 15325 1935 1 15326 1991 1 15327 1932 1 15328 1930 1 15329 1992 1 15333 1933 1 15334 1928 1 15335 659 1 15381 1992 1 15382 1987 1 15383 657 1 15387 1991 1 15388 1989 1 15389 632 1 15390 1981 1 15391 1994 1 15392 640 1 15393 1989 1 15394 1993 1 15395 662 1 15396 1966 1 15397 1950 1 15398 664 1 15399 1967 1 15400 1988 1 15401 639 1 15411 1988 1 15412 1992 1 15413 636 1 15432 1985 1 15433 1991 1 15434 2006 1 15633 2003 1 15634 531 1 15635 2017 1 15654 2001 1 15655 101 1 15656 2024 1 15663 2009 1 15664 480 1 15665 2029 1 15666 2002 1 15667 123 1 15668 2008 1 15684 2006 1 15685 235 1 15686 2030 1 15690 1998 1 15691 17 1 15692 2005 1 15699 2008 1 15700 300 1 15701 2002 1 15711 2017 1 15712 365 1 15713 1926 1 15807 2081 1 15808 2087 1 15809 1929 1 15828 2084 1 15829 2088 1 15830 1919 1 15840 2111 1 15841 2084 1 15842 1918 1 15843 2110 1 15844 2094 1 15845 1930 1 15846 2085 1 15847 2089 1 15848 1922 1 15849 2077 1 15850 2090 1 15851 1932 1 15852 2087 1 15853 2085 1 15854 1933 1 15858 2088 1 15859 2083 1 15860 2219 1 15948 2138 1 15949 2133 1 15950 2218 1 15954 2137 1 15955 2135 1 15956 2208 1 15957 2127 1 15958 2140 1 15959 2216 1 15960 2135 1 15961 2139 1 15962 2192 1 15963 2158 1 15964 2142 1 15965 2193 1 15966 2159 1 15967 2134 1 15968 2215 1 15978 2134 1 15979 2138 1 15980 2212 1 15999 2131 1 16000 2137 1 16001 671 1 16056 2212 1 16057 2218 1 16058 674 1 16077 2215 1 16078 2219 1 16079 699 1 16089 2193 1 16090 2215 1 16091 698 1 16092 2192 1 16093 2176 1 16094 675 1 16095 2216 1 16096 2220 1 16097 667 1 16098 2208 1 16099 2221 1 16100 677 1 16101 2218 1 16102 2216 1 16103 678 1 16107 2219 1 16108 2214 1 16109 2138 1 16242 2238 1 16243 2233 1 16244 2137 1 16248 2237 1 16249 2235 1 16250 2127 1 16251 2227 1 16252 2240 1 16253 2135 1 16254 2235 1 16255 2239 1 16256 2158 1 16257 2261 1 16258 2245 1 16259 2159 1 16260 2262 1 16261 2234 1 16262 2134 1 16272 2234 1 16273 2238 1 16274 2131 1 16293 2231 1 16294 2237 1 16295 2457 1 16386 2307 1 16387 2303 1 16388 2430 1 16389 2292 1 16390 2276 1 16391 2456 1 16395 2306 1 16396 2305 1 16397 2451 1 16422 2301 1 16423 2306 1 16424 2454 1 16443 2304 1 16444 2307 1 16445 2447 1 16458 2297 1 16459 2309 1 16460 2455 1 16461 2305 1 16462 2308 1 16463 2431 1 16464 2293 1 16465 2304 1 16466 2350 1 16644 2332 1 16645 534 1 16646 2354 1 16656 2329 1 16657 103 1 16658 2348 1 16665 2338 1 16666 485 1 16667 2352 1 16683 2350 1 16684 237 1 16685 2358 1 16689 2326 1 16690 39 1 16691 2346 1 16692 2352 1 16693 302 1 16694 2331 1 16704 2354 1 16705 367 1 16706 2357 1 16722 2331 1 16723 125 1 16724 505 1 16740 2431 1 16741 2454 1 16742 61 1 16743 2455 1 16744 2458 1 16745 23 1 16746 2447 1 16747 2459 1 16748 58 1 16761 2454 1 16762 2457 1 16763 34 1 16782 2451 1 16783 2456 1 16784 314 1 16809 2456 1 16810 2455 1 16811 495 1 16815 2430 1 16816 2414 1 16817 419 1 16818 2457 1 16819 2453 1 16820 2307 1 16959 2478 1 16960 2474 1 16961 2292 1 16962 2501 1 16963 2485 1 16964 2306 1 16968 2477 1 16969 2476 1 16970 2301 1 16995 2472 1 16996 2477 1 16997 2304 1 17016 2475 1 17017 2478 1 17018 2297 1 17031 2468 1 17032 2480 1 17033 2305 1 17034 2476 1 17035 2479 1 17036 2293 1 17037 2502 1 17038 2475 1 17039 2587 1 17091 2551 1 17092 2527 1 17093 2612 1 17094 2528 1 17095 2531 1 17096 2604 1 17097 2520 1 17098 2532 1 17099 2611 1 17112 2527 1 17113 2530 1 17114 2608 1 17133 2524 1 17134 2529 1 17135 2613 1 17160 2529 1 17161 2528 1 17162 2586 1 17166 2550 1 17167 2534 1 17168 2614 1 17169 2530 1 17170 2526 1 17171 767 1 17214 2614 1 17215 2610 1 17216 752 1 17217 2586 1 17218 2570 1 17219 766 1 17223 2613 1 17224 2612 1 17225 761 1 17250 2608 1 17251 2613 1 17252 764 1 17271 2611 1 17272 2614 1 17273 757 1 17286 2604 1 17287 2616 1 17288 765 1 17289 2612 1 17290 2615 1 17291 753 1 17292 2587 1 17293 2611 1 17294 2551 1 17397 2659 1 17398 2631 1 17399 2528 1 17400 2632 1 17401 2635 1 17402 2520 1 17403 2624 1 17404 2636 1 17405 2527 1 17418 2631 1 17419 2634 1 17420 2524 1 17439 2628 1 17440 2633 1 17441 2529 1 17466 2633 1 17467 2632 1 17468 2550 1 17472 2658 1 17473 2642 1 17474 2530 1 17475 2634 1 17476 2630 1 17477 2742 1 17547 2691 1 17548 2701 1 17549 2767 1 17550 2702 1 17551 2705 1 17552 2759 1 17553 2695 1 17554 2706 1 17555 2766 1 17568 2701 1 17569 2704 1 17570 2763 1 17589 2698 1 17590 2703 1 17591 2768 1 17616 2703 1 17617 2702 1 17618 2741 1 17622 2690 1 17623 2674 1 17624 2769 1 17625 2704 1 17626 2700 1 17627 729 1 17673 2769 1 17674 2765 1 17675 732 1 17676 2741 1 17677 2725 1 17678 727 1 17682 2768 1 17683 2767 1 17684 721 1 17709 2763 1 17710 2768 1 17711 724 1 17730 2766 1 17731 2769 1 17732 717 1 17745 2759 1 17746 2771 1 17747 725 1 17748 2767 1 17749 2770 1 17750 734 1 17751 2742 1 17752 2766 1 17753 2691 1 17856 2814 1 17857 2786 1 17858 2702 1 17859 2787 1 17860 2790 1 17861 2695 1 17862 2779 1 17863 2791 1 17864 2701 1 17877 2786 1 17878 2789 1 17879 2698 1 17898 2783 1 17899 2788 1 17900 2703 1 17925 2788 1 17926 2787 1 17927 2690 1 17931 2813 1 17932 2797 1 17933 2704 1 17934 2789 1 17935 2785 1 17936 804 1 17976 2846 1 17977 2866 1 17978 781 1 17979 2867 1 17980 2870 1 17981 773 1 17982 2859 1 17983 2871 1 17984 780 1 17997 2866 1 17998 2869 1 17999 777 1 18018 2863 1 18019 2868 1 18020 782 1 18045 2868 1 18046 2867 1 18047 803 1 18051 2845 1 18052 2829 1 18053 783 1 18054 2869 1 18055 2865 1 18056 2885 1 18192 2908 1 18193 527 1 18194 2887 1 18207 2882 1 18208 99 1 18209 2892 1 18216 2907 1 18217 476 1 18218 2889 1 18219 2883 1 18220 121 1 18221 2886 1 18327 2885 1 18328 233 1 18329 2890 1 18333 2881 1 18334 11 1 18335 2884 1 18342 2886 1 18343 298 1 18344 2883 1 18411 2887 1 18412 363 1 18413 3004 1 18549 2962 1 18550 2908 1 18551 3007 1 18564 3001 1 18565 2882 1 18566 2946 1 18573 2961 1 18574 2907 1 18575 3009 1 18576 3002 1 18577 2883 1 18578 3005 1 18684 3004 1 18685 2885 1 18686 3010 1 18690 3000 1 18691 2881 1 18692 3003 1 18699 3005 1 18700 2886 1 18701 3002 1 18720 3007 1 18721 2887 1 18722</p>
        </triangles>
        <triangles material="siyah-material" count="450">
          <input semantic="VERTEX" source="#Plane_003-mesh-vertices" offset="0"/>
          <input semantic="NORMAL" source="#Plane_003-mesh-normals" offset="1"/>
          <input semantic="TEXCOORD" source="#Plane_003-mesh-map-0" offset="2" set="0"/>
          <p>2232 1 102 438 1 103 2225 1 104 1346 1 213 384 1 214 1352 1 215 1342 1 231 154 1 232 1350 1 233 1531 1 567 307 1 568 1523 1 569 1527 1 597 144 1 598 1524 1 599 1314 1 1377 589 1 1378 1310 1 1379 1318 1 1395 216 1 1396 1294 1 1397 1310 1 1683 2356 1 1684 2378 1 1685 1524 1 1731 2340 1 1732 2388 1 1733 1350 1 1755 2328 1 1756 2379 1 1757 1661 1 1779 2360 1 1780 2393 1 1781 1664 1 1812 594 1 1813 1661 1 1814 1668 1 1839 621 1 1840 1672 1 1841 1860 1 1953 630 1 1954 1853 1 1955 2082 1 2058 665 1 2059 2075 1 2060 2629 1 2157 705 1 2158 2621 1 2159 2473 1 2229 754 1 2230 2465 1 2231 2784 1 2370 770 1 2371 2776 1 2372 1438 1 2436 824 1 2437 1431 1 2438 1411 1 2580 859 1 2581 1404 1 2582 1831 1 2649 875 1 2650 1824 1 2651 583 1 3846 2378 1 3847 2353 1 3848 339 1 3885 1294 1 3886 261 1 3887 335 1 3903 1310 1 3904 583 1 3905 589 1 3978 2379 1 3979 2356 1 3980 449 1 4038 1350 1 4039 589 1 4040 453 1 4053 1352 1 4054 216 1 4055 72 1 4128 1415 1 4129 154 1 4130 77 1 4143 1404 1 4144 384 1 4145 154 1 4209 2381 1 4210 2328 1 4211 866 1 4320 1431 1 4321 859 1 4322 2864 1 4452 1477 1 4453 2856 1 4454 1485 1 4587 1523 1 4588 1477 1 4589 1650 1 4689 1599 1 4690 1654 1 4691 1646 1 4716 1570 1 4717 1643 1 4718 1643 1 4749 2389 1 4750 2392 1 4751 144 1 4761 2392 1 4762 2340 1 4763 182 1 4794 1643 1 4795 144 1 4796 193 1 4821 1654 1 4822 307 1 4823 1595 1 4962 1672 1 4963 1599 1 4964 1591 1 4989 1661 1 4990 1570 1 4991 1570 1 5022 2393 1 5023 2389 1 5024 831 1 5421 1824 1 5422 824 1 5423 881 1 5526 1853 1 5527 875 1 5528 1986 1 5664 1920 1 5665 1979 1 5666 637 1 5808 1979 1 5809 630 1 5810 1927 1 6189 2075 1 6190 1920 1 6191 2213 1 6375 2125 1 6376 2206 1 6377 672 1 6438 2206 1 6439 665 1 6440 2132 1 6669 2225 1 6670 2125 1 6671 2452 1 6810 2294 1 6811 2444 1 6812 2463 1 6849 2302 1 6850 2452 1 6851 2406 1 6855 2232 1 6856 2132 1 6857 2364 1 6864 2213 1 6865 672 1 6866 2407 1 6867 2132 1 6868 2213 1 6869 2399 1 6876 2082 1 6877 1927 1 6878 2362 1 6879 1986 1 6880 637 1 6881 2402 1 6888 1927 1 6889 1986 1 6890 2375 1 6894 1860 1 6895 881 1 6896 2371 1 6897 1831 1 6898 831 1 6899 2389 1 6906 1668 1 6907 1595 1 6908 2340 1 6909 1650 1 6910 193 1 6911 2392 1 6918 1595 1 6919 1650 1 6920 2386 1 6921 1531 1 6922 1485 1 6923 2878 1 6927 1485 1 6928 2864 1 6929 2374 1 6933 1438 1 6934 866 1 6935 2328 1 6942 1411 1 6943 77 1 6944 2356 1 6948 1346 1 6949 453 1 6950 2353 1 6951 1318 1 6952 339 1 6953 2396 1 6960 881 1 6961 1831 1 6962 2381 1 6963 866 1 6964 1411 1 6965 2384 1 6972 831 1 6973 1438 1 6974 2795 1 6975 778 1 6976 2784 1 6977 2516 1 6984 762 1 6985 2473 1 6986 2640 1 6987 722 1 6988 2629 1 6989 2403 1 6993 672 1 6994 2082 1 6995 2397 1 6999 637 1 7000 1860 1 7001 2393 1 7005 616 1 7006 1668 1 7007 2410 1 7020 41 1 7021 2232 1 7022 2379 1 7026 77 1 7027 1346 1 7028 2388 1 7050 193 1 7051 1531 1 7052 2378 1 7098 453 1 7099 1318 1 7100 2327 1 7116 2452 1 7117 41 1 7118 41 1 7152 2444 1 7153 438 1 7154 2412 1 7266 2473 1 7267 2302 1 7268 2302 1 7383 2465 1 7384 2294 1 7385 2620 1 7422 2525 1 7423 2609 1 7424 2609 1 7503 2517 1 7504 2601 1 7505 762 1 7638 2601 1 7639 754 1 7640 2367 1 7716 2609 1 7717 762 1 7718 2567 1 7731 2629 1 7732 2525 1 7733 2525 1 7809 2621 1 7810 2517 1 7811 2775 1 7881 2699 1 7882 2764 1 7883 2764 1 7959 2692 1 7960 2756 1 7961 722 1 8097 2756 1 8098 705 1 8099 2366 1 8175 2764 1 8176 722 1 8177 2722 1 8190 2784 1 8191 2699 1 8192 2699 1 8268 2776 1 8269 2692 1 8270 2370 1 8340 2864 1 8341 778 1 8342 778 1 8388 2856 1 8389 770 1 8390 1646 19 8892 3017 19 8893 1591 19 8894 1664 21 8898 3013 21 8899 612 21 8900 1591 24 8907 3019 24 8908 1664 24 8909 182 25 8910 3018 25 8911 1646 25 8912 1527 26 8913 3012 26 8914 182 26 8915 3019 27 8916 3023 27 8917 3013 27 8918 3017 29 8922 3028 29 8923 3027 29 8924 3012 32 8931 3028 32 8932 3018 32 8933 3016 34 8937 3022 34 8938 3012 34 8939 3017 35 8940 3029 35 8941 3019 35 8942 3029 38 8949 3033 38 8950 3023 38 8951 3028 40 8955 3037 40 8956 3027 40 8957 3022 43 8964 3038 43 8965 3028 43 8966 3026 45 8970 3032 45 8971 3022 45 8972 3027 46 8973 3039 46 8974 3029 46 8975 3036 47 8976 3042 47 8977 3032 47 8978 3037 48 8979 3049 48 8980 3039 48 8981 3039 50 8985 3043 50 8986 3033 50 8987 3038 52 8991 3047 52 8992 3037 52 8993 3032 55 9000 3048 55 9001 3038 55 9002 3042 57 9006 3058 57 9007 3048 57 9008 3046 59 9012 3052 59 9013 3042 59 9014 3047 60 9015 3059 60 9016 3049 60 9017 3049 62 9021 3053 62 9022 3043 62 9023 3048 64 9027 3057 64 9028 3047 64 9029 3052 69 9042 3068 69 9043 3058 69 9044 3056 71 9048 3062 71 9049 3052 71 9050 3057 72 9051 3069 72 9052 3059 72 9053 3059 74 9057 3063 74 9058 3053 74 9059 3058 76 9063 3067 76 9064 3057 76 9065 3068 77 9066 3077 77 9067 3067 77 9068 3062 80 9075 3078 80 9076 3068 80 9077 3066 82 9081 3072 82 9082 3062 82 9083 3069 83 9084 3077 83 9085 3079 83 9086 3069 85 9090 3073 85 9091 3063 85 9092 3079 87 9096 3083 87 9097 3073 87 9098 3078 89 9102 3087 89 9103 3077 89 9104 3072 92 9111 3088 92 9112 3078 92 9113 3072 94 9117 3086 94 9118 3082 94 9119 3079 95 9120 3087 95 9121 3089 95 9122 3089 97 9126 3097 97 9127 3099 97 9128 3089 99 9132 3093 99 9133 3083 99 9134 3088 101 9138 3097 101 9139 3087 101 9140 3082 104 9147 3098 104 9148 3088 104 9149 3086 106 9153 3092 106 9154 3082 106 9155 3096 108 9159 3102 108 9160 3092 108 9161 3099 109 9162 3107 109 9163 3109 109 9164 3099 111 9168 3103 111 9169 3093 111 9170 3098 113 9174 3107 113 9175 3097 113 9176 3092 116 9183 3108 116 9184 3098 116 9185 3102 117 9186 3118 117 9187 3108 117 9188 3106 119 9192 3112 119 9193 3102 119 9194 3109 120 9195 3117 120 9196 3119 120 9197 3109 122 9201 3113 122 9202 3103 122 9203 3108 124 9207 3117 124 9208 3107 124 9209 3112 129 9222 3128 129 9223 3118 129 9224 3116 131 9228 3122 131 9229 3112 131 9230 3119 132 9231 3127 132 9232 3129 132 9233 3119 134 9237 3123 134 9238 3113 134 9239 3118 136 9243 3127 136 9244 3117 136 9245 1342 137 9246 3135 137 9247 3139 137 9248 72 139 9252 3139 139 9253 3133 139 9254 1407 142 9261 3133 142 9262 3140 142 9263 1314 144 9267 3134 144 9268 3138 144 9269 449 146 9273 3138 146 9274 3135 146 9275 3139 147 9276 3145 147 9277 3149 147 9278 3133 149 9282 3149 149 9283 3143 149 9284 3140 150 9285 3143 150 9286 3150 150 9287 3135 152 9291 3148 152 9292 3145 152 9293 3134 154 9297 3148 154 9298 3138 154 9299 3149 159 9312 3155 159 9313 3159 159 9314 3143 161 9318 3159 161 9319 3153 161 9320 3150 162 9321 3153 162 9322 3160 162 9323 3145 164 9327 3158 164 9328 3155 164 9329 3148 166 9333 3154 166 9334 3158 166 9335 3154 167 9336 3168 167 9337 3158 167 9338 3159 170 9345 3165 170 9346 3169 170 9347 3159 172 9351 3163 172 9352 3153 172 9353 3160 173 9354 3163 173 9355 3170 173 9356 3155 175 9360 3168 175 9361 3165 175 9362 3165 177 9366 3178 177 9367 3175 177 9368 3164 179 9372 3178 179 9373 3168 179 9374 3169 182 9381 3175 182 9382 3179 182 9383 3169 184 9387 3173 184 9388 3163 184 9389 3170 185 9390 3173 185 9391 3180 185 9392 3180 187 9396 3183 187 9397 3190 187 9398 3175 189 9402 3188 189 9403 3185 189 9404 3174 191 9408 3188 191 9409 3178 191 9410 3179 194 9417 3185 194 9418 3189 194 9419 3179 196 9423 3183 196 9424 3173 196 9425 3189 198 9429 3193 198 9430 3183 198 9431 3190 199 9432 3193 199 9433 3200 199 9434 3185 201 9438 3198 201 9439 3195 201 9440 3184 203 9444 3198 203 9445 3188 203 9446 3189 206 9453 3195 206 9454 3199 206 9455 3199 207 9456 3205 207 9457 3209 207 9458 3199 209 9462 3203 209 9463 3193 209 9464 3193 210 9465 3210 210 9466 3200 210 9467 3195 212 9471 3208 212 9472 3205 212 9473 3194 214 9477 3208 214 9478 3198 214 9479 3209 219 9492 3215 219 9493 3219 219 9494 3209 221 9498 3213 221 9499 3203 221 9500 3210 222 9501 3213 222 9502 3220 222 9503 3205 224 9507 3218 224 9508 3215 224 9509 3204 226 9513 3218 226 9514 3208 226 9515 3214 228 9519 3228 228 9520 3218 228 9521 3219 231 9528 3225 231 9529 3229 231 9530 3219 233 9534 3223 233 9535 3213 233 9536 3220 234 9537 3223 234 9538 3230 234 9539 3215 236 9543 3228 236 9544 3225 236 9545 3225 238 9549 3238 238 9550 3235 238 9551 3224 240 9555 3238 240 9556 3228 240 9557 3229 243 9564 3235 243 9565 3239 243 9566 3229 245 9570 3233 245 9571 3223 245 9572 3230 246 9573 3233 246 9574 3240 246 9575 3239 247 9576 3243 247 9577 3233 247 9578 3240 248 9579 3243 248 9580 3251 248 9581 3235 250 9585 3249 250 9586 3245 250 9587 3234 252 9591 3249 252 9592 3238 252 9593 3239 255 9600 3245 255 9601 3250 255 9602 3245 1 9606 3249 1 9607 3129 1 9608 3251 1 9609 3122 1 9610 3126 1 9611 2232 1 9720 41 1 9721 438 1 9722 1346 1 9831 77 1 9832 384 1 9833 1342 1 9849 72 1 9850 154 1 9851 1531 1 10185 193 1 10186 307 1 10187 1527 1 10215 182 1 10216 144 1 10217 1314 1 10998 449 1 10999 589 1 11000 1318 1 11016 453 1 11017 216 1 11018 1310 1 11304 589 1 11305 2356 1 11306 1524 1 11352 144 1 11353 2340 1 11354 1350 1 11376 154 1 11377 2328 1 11378 1661 1 11400 594 1 11401 2360 1 11402 1664 1 11433 612 1 11434 594 1 11435 1668 1 11460 616 1 11461 621 1 11462 1860 1 11574 637 1 11575 630 1 11576 2082 1 11679 672 1 11680 665 1 11681 2629 1 11778 722 1 11779 705 1 11780 2473 1 11850 762 1 11851 754 1 11852 2784 1 11991 778 1 11992 770 1 11993 1438 1 12057 831 1 12058 824 1 12059 1411 1 12201 866 1 12202 859 1 12203 1831 1 12270 881 1 12271 875 1 12272 583 1 13467 1310 1 13468 2378 1 13469 339 1 13506 1318 1 13507 1294 1 13508 335 1 13524 1314 1 13525 1310 1 13526 589 1 13599 1350 1 13600 2379 1 13601 449 1 13659 1342 1 13660 1350 1 13661 453 1 13674 1346 1 13675 1352 1 13676 72 1 13749 1407 1 13750 1415 1 13751 77 1 13764 1411 1 13765 1404 1 13766 154 1 13830 1415 1 13831 2381 1 13832 866 1 13941 1438 1 13942 1431 1 13943 2864 1 14073 1485 1 14074 1477 1 14075 1485 1 14208 1531 1 14209 1523 1 14210 1650 1 14310 1595 1 14311 1599 1 14312 1646 1 14337 1591 1 14338 1570 1 14339 1643 1 14370 1570 1 14371 2389 1 14372 144 1 14382 1643 1 14383 2392 1 14384 182 1 14415 1646 1 14416 1643 1 14417 193 1 14442 1650 1 14443 1654 1 14444 1595 1 14583 1668 1 14584 1672 1 14585 1591 1 14610 1664 1 14611 1661 1 14612 1570 1 14643 1661 1 14644 2393 1 14645 831 1 15042 1831 1 15043 1824 1 15044 881 1 15147 1860 1 15148 1853 1 15149 1986 1 15285 1927 1 15286 1920 1 15287 637 1 15429 1986 1 15430 1979 1 15431 1927 1 15810 2082 1 15811 2075 1 15812 2213 1 15996 2132 1 15997 2125 1 15998 672 1 16059 2213 1 16060 2206 1 16061 2132 1 16290 2232 1 16291 2225 1 16292 2452 1 16431 2302 1 16432 2294 1 16433 2463 1 16470 2412 1 16471 2302 1 16472 2406 1 16476 2410 1 16477 2232 1 16478 2364 1 16485 2407 1 16486 2213 1 16487 2407 1 16488 2406 1 16489 2132 1 16490 2399 1 16497 2403 1 16498 2082 1 16499 2362 1 16500 2402 1 16501 1986 1 16502 2402 1 16509 2399 1 16510 1927 1 16511 2375 1 16515 2397 1 16516 1860 1 16517 2371 1 16518 2396 1 16519 1831 1 16520 2389 1 16527 2393 1 16528 1668 1 16529 2340 1 16530 2392 1 16531 1650 1 16532 2392 1 16539 2389 1 16540 1595 1 16541 2386 1 16542 2388 1 16543 1531 1 16544 2878 1 16548 2386 1 16549 1485 1 16550 2374 1 16554 2384 1 16555 1438 1 16556 2328 1 16563 2381 1 16564 1411 1 16565 2356 1 16569 2379 1 16570 1346 1 16571 2353 1 16572 2378 1 16573 1318 1 16574 2396 1 16581 2375 1 16582 881 1 16583 2381 1 16584 2374 1 16585 866 1 16586 2384 1 16593 2371 1 16594 831 1 16595 2795 1 16596 2370 1 16597 778 1 16598 2516 1 16605 2367 1 16606 762 1 16607 2640 1 16608 2366 1 16609 722 1 16610 2403 1 16614 2364 1 16615 672 1 16616 2397 1 16620 2362 1 16621 637 1 16622 2393 1 16626 2360 1 16627 616 1 16628 2410 1 16641 2327 1 16642 41 1 16643 2379 1 16647 2328 1 16648 77 1 16649 2388 1 16671 2340 1 16672 193 1 16673 2378 1 16719 2356 1 16720 453 1 16721 2327 1 16737 2463 1 16738 2452 1 16739 41 1 16773 2452 1 16774 2444 1 16775 2412 1 16887 2516 1 16888 2473 1 16889 2302 1 17004 2473 1 17005 2465 1 17006 2620 1 17043 2567 1 17044 2525 1 17045 2609 1 17124 2525 1 17125 2517 1 17126 762 1 17259 2609 1 17260 2601 1 17261 2367 1 17337 2620 1 17338 2609 1 17339 2567 1 17352 2640 1 17353 2629 1 17354 2525 1 17430 2629 1 17431 2621 1 17432 2775 1 17502 2722 1 17503 2699 1 17504 2764 1 17580 2699 1 17581 2692 1 17582 722 1 17718 2764 1 17719 2756 1 17720 2366 1 17796 2775 1 17797 2764 1 17798 2722 1 17811 2795 1 17812 2784 1 17813 2699 1 17889 2784 1 17890 2776 1 17891 2370 1 17961 2878 1 17962 2864 1 17963 778 1 18009 2864 1 18010 2856 1 18011 1646 337 18762 3018 337 18763 3017 337 18764 1664 339 18768 3019 339 18769 3013 339 18770 1591 342 18777 3017 342 18778 3019 342 18779 182 343 18780 3012 343 18781 3018 343 18782 1527 344 18783 3016 344 18784 3012 344 18785 3019 345 18786 3029 345 18787 3023 345 18788 3017 346 18789 3018 346 18790 3028 346 18791 3012 349 18798 3022 349 18799 3028 349 18800 3016 351 18804 3026 351 18805 3022 351 18806 3017 352 18807 3027 352 18808 3029 352 18809 3029 355 18816 3039 355 18817 3033 355 18818 3028 356 18819 3038 356 18820 3037 356 18821 3022 359 18828 3032 359 18829 3038 359 18830 3026 361 18834 3036 361 18835 3032 361 18836 3027 362 18837 3037 362 18838 3039 362 18839 3036 363 18840 3046 363 18841 3042 363 18842 3037 364 18843 3047 364 18844 3049 364 18845 3039 366 18849 3049 366 18850 3043 366 18851 3038 367 18852 3048 367 18853 3047 367 18854 3032 370 18861 3042 370 18862 3048 370 18863 3042 71 18867 3052 71 18868 3058 71 18869 3046 373 18873 3056 373 18874 3052 373 18875 3047 374 18876 3057 374 18877 3059 374 18878 3049 376 18882 3059 376 18883 3053 376 18884 3048 377 18885 3058 377 18886 3057 377 18887 3052 382 18900 3062 382 18901 3068 382 18902 3056 384 18906 3066 384 18907 3062 384 18908 3057 385 18909 3067 385 18910 3069 385 18911 3059 387 18915 3069 387 18916 3063 387 18917 3058 388 18918 3068 388 18919 3067 388 18920 3068 389 18921 3078 389 18922 3077 389 18923 3062 392 18930 3072 392 18931 3078 392 18932 3066 394 18936 3076 394 18937 3072 394 18938 3069 395 18939 3067 395 18940 3077 395 18941 3069 397 18945 3079 397 18946 3073 397 18947 3079 398 18948 3089 398 18949 3083 398 18950 3078 399 18951 3088 399 18952 3087 399 18953 3072 402 18960 3082 402 18961 3088 402 18962 3072 404 18966 3076 404 18967 3086 404 18968 3079 405 18969 3077 405 18970 3087 405 18971 3089 407 18975 3087 407 18976 3097 407 18977 3089 409 18981 3099 409 18982 3093 409 18983 3088 410 18984 3098 410 18985 3097 410 18986 3082 413 18993 3092 413 18994 3098 413 18995 3086 415 18999 3096 415 19000 3092 415 19001 3096 417 19005 3106 417 19006 3102 417 19007 3099 418 19008 3097 418 19009 3107 418 19010 3099 420 19014 3109 420 19015 3103 420 19016 3098 421 19017 3108 421 19018 3107 421 19019 3092 424 19026 3102 424 19027 3108 424 19028 3102 425 19029 3112 425 19030 3118 425 19031 3106 427 19035 3116 427 19036 3112 427 19037 3109 428 19038 3107 428 19039 3117 428 19040 3109 430 19044 3119 430 19045 3113 430 19046 3108 431 19047 3118 431 19048 3117 431 19049 3112 436 19062 3122 436 19063 3128 436 19064 3116 438 19068 3126 438 19069 3122 438 19070 3119 439 19071 3117 439 19072 3127 439 19073 3119 441 19077 3129 441 19078 3123 441 19079 3118 442 19080 3128 442 19081 3127 442 19082 1342 19 19083 449 19 19084 3135 19 19085 72 25 19086 1342 25 19087 3139 25 19088 1407 26 19095 72 26 19096 3133 26 19097 1314 18 19101 335 18 19102 3134 18 19103 449 24 19107 1314 24 19108 3138 24 19109 3139 443 19110 3135 443 19111 3145 443 19112 3133 445 19116 3139 445 19117 3149 445 19118 3140 446 19119 3133 446 19120 3143 446 19121 3135 447 19122 3138 447 19123 3148 447 19124 3134 449 19128 3144 449 19129 3148 449 19130 3149 454 19143 3145 454 19144 3155 454 19145 3143 456 19149 3149 456 19150 3159 456 19151 3150 457 19152 3143 457 19153 3153 457 19154 3145 458 19155 3148 458 19156 3158 458 19157 3148 460 19161 3144 460 19162 3154 460 19163 3154 461 19164 3164 461 19165 3168 461 19166 3159 464 19173 3155 464 19174 3165 464 19175 3159 466 19179 3169 466 19180 3163 466 19181 3160 467 19182 3153 467 19183 3163 467 19184 3155 468 19185 3158 468 19186 3168 468 19187 3165 470 19191 3168 470 19192 3178 470 19193 3164 472 19197 3174 472 19198 3178 472 19199 3169 475 19206 3165 475 19207 3175 475 19208 3169 477 19212 3179 477 19213 3173 477 19214 3170 478 19215 3163 478 19216 3173 478 19217 3180 479 19218 3173 479 19219 3183 479 19220 3175 480 19221 3178 480 19222 3188 480 19223 3174 482 19227 3184 482 19228 3188 482 19229 3179 485 19236 3175 485 19237 3185 485 19238 3179 487 19242 3189 487 19243 3183 487 19244 3189 489 19248 3199 489 19249 3193 489 19250 3190 490 19251 3183 490 19252 3193 490 19253 3185 491 19254 3188 491 19255 3198 491 19256 3184 493 19260 3194 493 19261 3198 493 19262 3189 496 19269 3185 496 19270 3195 496 19271 3199 497 19272 3195 497 19273 3205 497 19274 3199 499 19278 3209 499 19279 3203 499 19280 3193 500 19281 3203 500 19282 3210 500 19283 3195 501 19284 3198 501 19285 3208 501 19286 3194 503 19290 3204 503 19291 3208 503 19292 3209 508 19305 3205 508 19306 3215 508 19307 3209 510 19311 3219 510 19312 3213 510 19313 3210 511 19314 3203 511 19315 3213 511 19316 3205 512 19317 3208 512 19318 3218 512 19319 3204 514 19323 3214 514 19324 3218 514 19325 3214 516 19329 3224 516 19330 3228 516 19331 3219 519 19338 3215 519 19339 3225 519 19340 3219 521 19344 3229 521 19345 3223 521 19346 3220 522 19347 3213 522 19348 3223 522 19349 3215 523 19350 3218 523 19351 3228 523 19352 3225 524 19353 3228 524 19354 3238 524 19355 3224 526 19359 3234 526 19360 3238 526 19361 3229 529 19368 3225 529 19369 3235 529 19370 3229 531 19374 3239 531 19375 3233 531 19376 3230 532 19377 3223 532 19378 3233 532 19379 3239 533 19380 3250 533 19381 3243 533 19382 3240 534 19383 3233 534 19384 3243 534 19385 3235 535 19386 3238 535 19387 3249 535 19388 3234 537 19392 3244 537 19393 3249 537 19394 3239 540 19401 3235 540 19402 3245 540 19403 3129 542 19407 3127 542 19408 3245 542 19409 3127 1 19410 3128 1 19411 3245 1 19412 3128 1 19413 3122 1 19414 3250 1 19415 3122 543 19416 3243 543 19417 3250 543 19418 3123 1 19419 3129 1 19420 3249 1 19421 3249 1 19422 3244 1 19423 3123 1 19424 3128 1 19425 3250 1 19426 3245 1 19427 3251 1 19428 3243 1 19429 3122 1 19430</p>
        </triangles>
      </mesh>
    </geometry>
    <geometry id="Örüntü_024-mesh" name="Örüntü.024">
      <mesh>
        <source id="Örüntü_024-mesh-positions">
          <float_array id="Örüntü_024-mesh-positions-array" count="1170">5 0 0 4.854709 1.196578 0 4.42728 2.323616 0 3.742554 3.315613 0 2.840323 4.114919 0 1.773024 4.675081 0 0.6026834 4.963544 0 -0.6026833 4.963544 0 -1.773024 4.675081 0 -2.840323 4.11492 0 -3.742554 3.315613 0 -4.42728 2.323615 0 -4.85471 1.196577 0 -5 -1.62921e-6 0 -4.854709 -1.19658 0 -4.427279 -2.323618 0 -3.742552 -3.315616 0 -2.840321 -4.114922 0 -1.773021 -4.675083 0 -0.6026788 -4.963545 0 0.6026884 -4.963544 0 1.77303 -4.675079 0 2.840329 -4.114916 0 3.742558 -3.315608 0 4.427283 -2.32361 0 4.854711 -1.196571 0 5 0 34.89522 4.854709 1.196578 34.89522 4.42728 2.323616 34.89522 3.742554 3.315613 34.89522 2.840323 4.114919 34.89522 1.773024 4.675081 34.89522 0.6026834 4.963544 34.89522 -0.6026833 4.963544 34.89522 -1.773024 4.675081 34.89522 -2.840323 4.11492 34.89522 -3.742554 3.315613 34.89522 -4.42728 2.323615 34.89522 -4.85471 1.196577 34.89522 -5 -1.62921e-6 34.89522 -4.854709 -1.19658 34.89522 -4.427279 -2.323618 34.89522 -3.742552 -3.315616 34.89522 -2.840321 -4.114922 34.89522 -1.773021 -4.675083 34.89522 -0.6026788 -4.963545 34.89522 0.6026884 -4.963544 34.89522 1.77303 -4.675079 34.89522 2.840329 -4.114916 34.89522 3.742558 -3.315608 34.89522 4.427283 -2.32361 34.89522 4.854711 -1.196571 34.89522 5 0 83.33334 4.854709 1.196578 83.33334 4.42728 2.323616 83.33334 3.742554 3.315613 83.33334 2.840323 4.114919 83.33334 1.773024 4.675081 83.33334 0.6026834 4.963544 83.33334 -0.6026833 4.963544 83.33334 -1.773024 4.675081 83.33334 -2.840323 4.11492 83.33334 -3.742554 3.315613 83.33334 -4.42728 2.323615 83.33334 -4.85471 1.196577 83.33334 -5 -1.62921e-6 83.33334 -4.854709 -1.19658 83.33334 -4.427279 -2.323618 83.33334 -3.742552 -3.315616 83.33334 -2.840321 -4.114922 83.33334 -1.773021 -4.675083 83.33334 -0.6026788 -4.963545 83.33334 0.6026884 -4.963544 83.33334 1.77303 -4.675079 83.33334 2.840329 -4.114916 83.33334 3.742558 -3.315608 83.33334 4.427283 -2.32361 83.33334 4.854711 -1.196571 83.33334 5 0 125 4.854709 1.196578 125 4.42728 2.323616 125 3.742554 3.315613 125 2.840323 4.114919 125 1.773024 4.675081 125 0.6026834 4.963544 125 -0.6026833 4.963544 125 -1.773024 4.675081 125 -2.840323 4.11492 125 -3.742554 3.315613 125 -4.42728 2.323615 125 -4.85471 1.196577 125 -5 -1.62921e-6 125 -4.854709 -1.19658 125 -4.427279 -2.323618 125 -3.742552 -3.315616 125 -2.840321 -4.114922 125 -1.773021 -4.675083 125 -0.6026788 -4.963545 125 0.6026884 -4.963544 125 1.77303 -4.675079 125 2.840329 -4.114916 125 3.742558 -3.315608 125 4.427283 -2.32361 125 4.854711 -1.196571 125 5 0 166.6667 4.854709 1.196578 166.6667 4.42728 2.323616 166.6667 3.742554 3.315613 166.6667 2.840323 4.114919 166.6667 1.773024 4.675081 166.6667 0.6026834 4.963544 166.6667 -0.6026833 4.963544 166.6667 -1.773024 4.675081 166.6667 -2.840323 4.11492 166.6667 -3.742554 3.315613 166.6667 -4.42728 2.323615 166.6667 -4.85471 1.196577 166.6667 -5 -1.62921e-6 166.6667 -4.854709 -1.19658 166.6667 -4.427279 -2.323618 166.6667 -3.742552 -3.315616 166.6667 -2.840321 -4.114922 166.6667 -1.773021 -4.675083 166.6667 -0.6026788 -4.963545 166.6667 0.6026884 -4.963544 166.6667 1.77303 -4.675079 166.6667 2.840329 -4.114916 166.6667 3.742558 -3.315608 166.6667 4.427283 -2.32361 166.6667 4.854711 -1.196571 166.6667 5 0 208.3333 4.854709 1.196578 208.3333 4.42728 2.323616 208.3333 3.742554 3.315613 208.3333 2.840323 4.114919 208.3333 1.773024 4.675081 208.3333 0.6026834 4.963544 208.3333 -0.6026833 4.963544 208.3333 -1.773024 4.675081 208.3333 -2.840323 4.11492 208.3333 -3.742554 3.315613 208.3333 -4.42728 2.323615 208.3333 -4.85471 1.196577 208.3333 -5 -1.62921e-6 208.3333 -4.854709 -1.19658 208.3333 -4.427279 -2.323618 208.3333 -3.742552 -3.315616 208.3333 -2.840321 -4.114922 208.3333 -1.773021 -4.675083 208.3333 -0.6026788 -4.963545 208.3333 0.6026884 -4.963544 208.3333 1.77303 -4.675079 208.3333 2.840329 -4.114916 208.3333 3.742558 -3.315608 208.3333 4.427283 -2.32361 208.3333 4.854711 -1.196571 208.3333 5 0 250 4.854709 1.196578 250 4.42728 2.323616 250 3.742554 3.315613 250 2.840323 4.114919 250 1.773024 4.675081 250 0.6026834 4.963544 250 -0.6026833 4.963544 250 -1.773024 4.675081 250 -2.840323 4.11492 250 -3.742554 3.315613 250 -4.42728 2.323615 250 -4.85471 1.196577 250 -5 -1.62921e-6 250 -4.854709 -1.19658 250 -4.427279 -2.323618 250 -3.742552 -3.315616 250 -2.840321 -4.114922 250 -1.773021 -4.675083 250 -0.6026788 -4.963545 250 0.6026884 -4.963544 250 1.77303 -4.675079 250 2.840329 -4.114916 250 3.742558 -3.315608 250 4.427283 -2.32361 250 4.854711 -1.196571 250 9.029385 -5.20837e-5 0 8.766983 2.160923 0 7.995117 4.196161 0 6.758586 5.987586 0 5.129319 7.431008 0 3.201809 8.442629 0 1.088371 8.963545 0 -1.088371 8.963544 0 -3.201861 8.442616 0 -5.129271 7.431034 0 -6.758587 5.987585 0 -7.995099 4.196211 0 -8.767009 2.160816 0 -9.029379 -3.24641e-6 0 -8.767002 -2.160875 0 -7.995116 -4.196166 0 -6.758584 -5.98759 0 -5.129266 -7.431037 0 -3.201907 -8.442605 0 -1.088309 -8.963545 0 1.08838 -8.963544 0 3.201871 -8.442612 0 5.129281 -7.431026 0 6.758595 -5.987577 0 7.995124 -4.196151 0 8.767004 -2.16086 0 8.511731 2.098005 34.89522 8.766468 -4.86852e-5 34.89522 8.511738 -2.097943 34.89522 7.762332 -4.073973 34.89522 6.561806 -5.813238 34.89522 4.979933 -7.214659 34.89522 3.108643 -8.196792 34.89522 1.05669 -8.702555 34.89522 -1.056625 -8.702569 34.89522 -3.108672 -8.196774 34.89522 -4.979919 -7.214669 34.89522 -6.561796 -5.81325 34.89522 -7.762324 -4.073987 34.89522 -8.511734 -2.097958 34.89522 -8.766473 -3.1409e-6 34.89522 -8.511754 2.097905 34.89522 -7.762297 4.074024 34.89522 -6.561799 5.813246 34.89522 -4.979923 7.214666 34.89522 -3.108633 8.196795 34.89522 -1.056681 8.702556 34.89522 1.056681 8.702555 34.89522 3.10859 8.19682 34.89522 4.979961 7.214632 34.89522 6.561798 5.813247 34.89522 7.762326 4.073983 34.89522 9.029384 -5.20143e-5 7.569026 8.766983 2.160923 7.569026 7.995118 4.196161 7.569026 6.758585 5.987586 7.569026 5.129319 7.431007 7.569026 3.20181 8.44263 7.569026 1.088371 8.963546 7.569026 -1.088371 8.963544 7.569026 -3.201861 8.442616 7.569026 -5.129271 7.431034 7.569026 -6.758586 5.987585 7.569026 -7.995098 4.19621 7.569026 -8.76701 2.160816 7.569026 -9.02938 -3.17716e-6 7.569026 -8.767002 -2.160875 7.569026 -7.995116 -4.196166 7.569026 -6.758584 -5.98759 7.569026 -5.129265 -7.431036 7.569026 -3.201907 -8.442605 7.569026 -1.088309 -8.963546 7.569026 1.08838 -8.963545 7.569026 3.201871 -8.442612 7.569026 5.129281 -7.431026 7.569026 6.758595 -5.987577 7.569026 7.995124 -4.196151 7.569026 8.767004 -2.16086 7.569026 8.766994 2.160925 34.09764 9.029375 -5.2153e-5 34.09764 8.767005 -2.16086 34.09764 7.995124 -4.196151 34.09764 6.758594 -5.987576 34.09764 5.129281 -7.431026 34.09764 3.201871 -8.442613 34.09764 1.08838 -8.963543 34.09764 -1.088311 -8.963559 34.09764 -3.201903 -8.442594 34.09764 -5.129267 -7.431037 34.09764 -6.758584 -5.987589 34.09764 -7.995116 -4.196166 34.09764 -8.767002 -2.160875 34.09764 -9.029378 -3.31566e-6 34.09764 -8.767022 2.160819 34.09764 -7.995088 4.196206 34.09764 -6.758587 5.987586 34.09764 -5.129271 7.431034 34.09764 -3.201861 8.442616 34.09764 -1.088371 8.963545 34.09764 1.088371 8.963543 34.09764 3.201814 8.442642 34.09764 5.129312 7.430997 34.09764 6.758586 5.987586 34.09764 7.995117 4.196162 34.09764 12.05142 -9.12043e-5 3.80768e-7 11.70121 2.884113 -3.92484e-7 10.671 5.600571 -1.68576e-7 9.020617 7.991558 2.68752e-7 6.846032 9.918095 2.64833e-7 4.273389 11.26829 -3.89779e-7 1.452676 11.96354 -3.83727e-7 -1.452638 11.96354 0 -4.273453 11.26828 0 -6.846012 9.918092 0 -9.020606 7.99157 2.68752e-7 -10.67098 5.600621 2.57052e-7 -11.70123 2.884027 -3.69703e-7 -12.05141 -4.76255e-6 -3.80767e-7 -11.70122 -2.884097 0 -10.67102 -5.600542 0 -9.020579 -7.991597 0 -6.846017 -9.9181 2.64834e-7 -4.273573 -11.26825 0 -1.452564 -11.96354 -3.77991e-7 1.45269 -11.96354 -3.77991e-7 4.27354 -11.26824 0 6.845963 -9.918137 0 9.020647 -7.991521 0 10.671 -5.600556 0 11.70122 -2.884085 3.69702e-7 8.788381 2.166197 7.569026 9.051424 -5.1721e-5 7.569026 8.788395 -2.166133 7.569026 8.014636 -4.206391 7.569026 6.775092 -6.002192 7.569026 5.141794 -7.449156 7.569026 3.209685 -8.463214 7.569026 1.091036 -8.98542 7.569026 -1.090965 -8.98542 7.569026 -3.209721 -8.463211 7.569026 -5.141781 -7.449169 7.569026 -6.77508 -6.002204 7.569026 -8.014622 -4.206403 7.569026 -8.788393 -2.166148 7.569026 -9.051416 -3.19274e-6 7.569026 -8.788403 2.166089 7.569026 -8.014612 4.206451 7.569026 -6.775078 6.002195 7.569026 -5.14179 7.449172 7.569026 -3.209673 8.463213 7.569026 -1.091027 8.985419 7.569026 1.091027 8.985415 7.569026 3.209621 8.463227 7.569026 5.141837 7.449143 7.569026 6.775077 6.002196 7.569026 8.014629 4.206401 7.569026 11.7012 2.88416 4.569026 12.05142 -4.32664e-5 4.569027 11.70122 -2.884085 4.569027 10.67101 -5.600556 4.569026 9.02065 -7.991525 4.569026 6.84596 -9.918132 4.569026 4.273518 -11.26825 4.569026 1.452666 -11.96354 4.569026 -1.452564 -11.96355 4.569026 -4.27355 -11.26825 4.569026 -6.845995 -9.91811 4.569027 -9.020583 -7.991601 4.569026 -10.67101 -5.600539 4.569026 -11.70122 -2.884097 4.569026 -12.05141 -5.09554e-6 4.569026 -11.70123 2.884028 4.569026 -10.67098 5.600622 4.569027 -9.020606 7.99157 4.569027 -6.846015 9.918097 4.569026 -4.273451 11.26828 4.569026 -1.452638 11.96354 4.569026 1.452628 11.96354 4.569026 4.273436 11.26827 4.569026 6.846032 9.918094 4.569027 9.020616 7.991558 4.569027 10.67099 5.600571 4.569026 8.766996 2.160926 34.63232 9.029374 -5.21064e-5 34.63232 8.767004 -2.16086 34.63232 7.995124 -4.196151 34.63232 6.758594 -5.987576 34.63232 5.129281 -7.431026 34.63232 3.201871 -8.442613 34.63232 1.08838 -8.963544 34.63232 -1.088311 -8.96356 34.63232 -3.201903 -8.442594 34.63232 -5.129266 -7.431037 34.63232 -6.758584 -5.987589 34.63232 -7.995116 -4.196166 34.63232 -8.767002 -2.160875 34.63232 -9.029379 -3.26924e-6 34.63232 -8.767023 2.160819 34.63232 -7.995087 4.196205 34.63232 -6.758587 5.987585 34.63232 -5.129271 7.431034 34.63232 -3.201861 8.442616 34.63232 -1.088371 8.963545 34.63232 1.088371 8.963544 34.63232 3.201814 8.442643 34.63232 5.129312 7.430997 34.63232 6.758586 5.987586 34.63232 7.995118 4.196162 34.63232</float_array>
          <technique_common>
            <accessor source="#Örüntü_024-mesh-positions-array" count="390" stride="3">
              <param name="X" type="float"/>
              <param name="Y" type="float"/>
              <param name="Z" type="float"/>
            </accessor>
          </technique_common>
        </source>
        <source id="Örüntü_024-mesh-normals">
          <float_array id="Örüntü_024-mesh-normals-array" count="825">0 0 -1 0.6777729 0 0.7352713 0.6580861 0.1621791 0.7352692 0.970945 0.2393028 0 1 0 0 0.6001374 0.3149623 0.7352782 0.8854585 0.4647185 0 0.5073194 0.4494552 0.7352668 0.7485129 0.6631203 0 0.3850026 0.5578037 0.7352742 0.5680589 0.822988 0 0.240339 0.6337319 0.7352694 0.3546027 0.9350171 0 0.08166998 0.6728314 0.7352742 0.1205182 0.9927111 0 -0.08166998 0.6728314 0.7352742 -0.1205182 0.9927111 0 -0.240339 0.6337319 0.7352694 -0.3546027 0.9350171 0 -0.3850026 0.5578037 0.7352742 -0.5680589 0.822988 0 -0.5073194 0.4494552 0.7352668 -0.7485129 0.6631203 0 -0.6001374 0.3149623 0.7352782 -0.8854585 0.4647185 0 -0.6580861 0.1621791 0.7352692 -0.970945 0.2393028 0 -0.6777729 0 0.7352713 -1 0 0 -0.6580861 -0.1621791 0.7352692 -0.970945 -0.2393028 0 -0.6001374 -0.3149623 0.7352782 -0.8854585 -0.4647185 0 -0.5073264 -0.4494308 0.7352768 -0.7485129 -0.6631203 0 -0.3850286 -0.5577971 0.7352655 -0.5680589 -0.822988 0 -0.240339 -0.6337319 0.7352694 -0.3546027 -0.9350171 0 -0.08166998 -0.6728314 0.7352742 -0.1205182 -0.9927111 0 0.08166998 -0.6728314 0.7352742 0.1205182 -0.9927111 0 0.240339 -0.6337319 0.7352694 0.3546027 -0.9350171 0 0.3850026 -0.5578037 0.7352742 0.5680589 -0.822988 0 0.5073194 -0.4494552 0.7352668 0.7485129 -0.6631203 0 0.6001569 -0.3149565 0.7352647 0.8854585 -0.4647185 0 0.6580861 -0.1621791 0.7352692 0.970945 -0.2393028 0 -0.5073194 -0.4494552 0.7352668 -0.3850026 -0.5578037 0.7352742 0.08170032 -0.6728298 0.7352724 0.6001374 -0.3149623 0.7352782 0.7110479 0.175244 0.6809555 0.7322781 0 0.6810058 0.6484171 0.3403229 0.6809815 0.5481587 0.4856244 0.6809486 0.41601 0.6026973 0.680949 0.2596909 0.6847368 0.6809524 0.08826148 0.7269974 0.680944 -0.08826148 0.7269974 0.680944 -0.259657 0.684728 0.6809741 -0.4160353 0.6026897 0.6809405 -0.5481046 0.4856306 0.6809877 -0.6484483 0.3403232 0.6809516 -0.7110479 0.175244 0.6809555 -0.7323368 0 0.6809427 -0.7110479 -0.175244 0.6809555 -0.6484483 -0.3403232 0.6809516 -0.5481587 -0.4856244 0.6809486 -0.41601 -0.6026973 0.680949 -0.2596909 -0.6847368 0.6809524 -0.08826148 -0.7269974 0.680944 0.08826148 -0.7269974 0.680944 0.2596909 -0.6847368 0.6809524 0.41601 -0.6026973 0.680949 0.5481587 -0.4856244 0.6809486 0.6484659 -0.3403164 0.6809381 0.7110479 -0.175244 0.6809555 5.94829e-7 0 1 -4.82735e-7 0 1 -1.69284e-6 0 1 6.26271e-7 0 1 0 0 1 3.38566e-6 0 1 -1.93103e-6 0 1 6.77133e-6 0 1 -1.93103e-6 0 1 -3.86215e-6 0 1 -1.69283e-6 0 1 8.46416e-7 0 1 -9.65515e-7 0 1 1.40216e-6 0 1 -4.82758e-7 0 1 8.46414e-7 0 1 -1.76528e-6 0 1 -3.38567e-6 0 1 2.41367e-6 0 1 9.65539e-7 0 1 -1.93108e-6 0 1 9.65537e-7 0 1 0.7323368 0 -0.6809427 0.7110479 0.175244 -0.6809555 0.9010006 0.2220608 0.3726752 0.9279644 0 0.372669 0.6484483 0.3403232 -0.6809516 0.8216739 0.4312392 0.3726724 0.5481587 0.4856244 -0.6809486 0.6945867 0.6153588 0.3726701 0.41601 0.6026973 -0.680949 0.5271269 0.7637113 0.3726694 0.2596909 0.6847368 -0.6809524 0.3290585 0.867662 0.3726705 0.08826148 0.7269974 -0.680944 0.1118535 0.9211972 0.3726722 -0.08826148 0.7269974 -0.680944 -0.1118535 0.9211972 0.3726722 -0.2596909 0.6847368 -0.6809524 -0.3290585 0.867662 0.3726705 -0.41601 0.6026973 -0.680949 -0.5271269 0.7637113 0.3726694 -0.5481587 0.4856244 -0.6809486 -0.6945867 0.6153588 0.3726701 -0.6484483 0.3403232 -0.6809516 -0.8216739 0.4312392 0.3726724 -0.7110479 0.175244 -0.6809555 -0.9010064 0.2220547 0.3726651 -0.7323368 0 -0.6809427 -0.9279644 0 0.372669 -0.7110479 -0.175244 -0.6809555 -0.9010006 -0.2220608 0.3726752 -0.6484483 -0.3403232 -0.6809516 -0.8216739 -0.4312392 0.3726724 -0.5481587 -0.4856244 -0.6809486 -0.6945867 -0.6153588 0.3726701 -0.41601 -0.6026973 -0.680949 -0.5271269 -0.7637113 0.3726694 -0.2596909 -0.6847368 -0.6809524 -0.3290585 -0.867662 0.3726705 -0.08826148 -0.7269974 -0.680944 -0.1118234 -0.9212003 0.3726735 0.08826148 -0.7269974 -0.680944 0.1118535 -0.9211972 0.3726722 0.2596909 -0.6847368 -0.6809524 0.3290585 -0.867662 0.3726705 0.41601 -0.6026973 -0.680949 0.5271269 -0.7637113 0.3726694 0.5481587 -0.4856244 -0.6809486 0.6945867 -0.6153588 0.3726701 0.6484483 -0.3403232 -0.6809516 0.8216739 -0.4312392 0.3726724 0.7110479 -0.175244 -0.6809555 0.9010006 -0.2220608 0.3726752 -0.1118535 -0.9211972 0.3726722 -0.9010006 0.2220608 0.3726752 0.5271391 0.7636986 0.3726781 -1.29874e-7 0 -1 1.25994e-7 -2.528e-7 -1 0 0 -1 -1.40905e-7 0 -1 0 0 -1 0 0 -1 0 0 -1 0 0 -1 0 0 -1 2.2781e-7 0 -1 0 -1.24192e-7 -1 0 -1.25407e-7 -1 -1.32078e-7 0 -1 0 0 -1 0 0 -1 0 0 -1 0 0 -1 0 0 -1 0 2.22798e-7 -1 1.25997e-7 0 -1 1.23254e-7 0 -1 1.25997e-7 0 -1 0 0 -1 0 0 -1 0 0 -1 0 1.22336e-7 -1 -1.22537e-7 0 -1 0 1.25997e-7 -1 0 1.25997e-7 -1 0 1.38135e-7 -1 0 0 -1 0 0 -1 1.25997e-7 0 -1 1.23254e-7 0 -1 -1.31289e-5 0 1 2.41903e-5 0 1 4.58568e-5 0 1 1.30979e-5 0 1 1.65855e-5 0 1 -5.77651e-6 0 1 -2.72202e-5 0 1 2.34136e-5 0 1 -1.25213e-6 0 1 -1.27974e-5 0 1 6.88545e-6 0 1 1.24907e-6 0 1 -1.00144e-5 0 1 3.12238e-6 0 1 -5.00661e-6 0 1 2.49741e-6 0 1 -1.87785e-6 0 1 4.9948e-6 0 1 -9.69981e-6 0 1 -1.81091e-5 0 1 3.69385e-5 0 1 -3.02783e-5 0 1 5.79039e-6 0 1 -3.68485e-5 0 1 4.95321e-6 0 1 3.41893e-5 0 1 3.86538e-5 0 1 -4.94127e-6 0 1 6.25816e-7 0 1 1.40491e-6 0 1 1.2207e-5 0 1 -6.24324e-7 0 1 2.7535e-5 0 1 -1.21771e-5 0 1 -1.31476e-5 0 1 1.24856e-5 0 1 3.12276e-6 0 1 1.00175e-5 0 1 -6.87062e-6 0 1 -6.88393e-6 0 1 9.99332e-6 0 1 1.22069e-5 0 1 -3.309e-5 0 1 2.34716e-5 0 1 -1.21767e-5 0 1 1.58023e-5 0 1 -2.34159e-5 0 1 0.3954084 0.09744817 0.9133214 0.4072482 0 0.9133176 0.3954084 -0.09744817 0.9133214 0.360587 -0.1892509 0.9133242 0.3048002 -0.2700383 0.9133325 0.231338 -0.335135 0.9133276 0.1443883 -0.3807627 0.91333 0.0490753 -0.4042611 0.9133262 -0.0490753 -0.4042611 0.9133262 -0.1443883 -0.3807627 0.91333 -0.231338 -0.335135 0.9133276 -0.3048279 -0.2700358 0.9133241 -0.360587 -0.1892509 0.9133242 -0.3953827 -0.09744936 0.9133325 -0.4072482 0 0.9133176 -0.3953827 0.09744936 0.9133325 -0.360587 0.1892509 0.9133242 -0.3048279 0.2700358 0.9133241 -0.2313092 0.3351374 0.9133341 -0.1443883 0.3807627 0.91333 -0.0490753 0.4042611 0.9133262 0.0490753 0.4042611 0.9133262 0.1443883 0.3807627 0.91333 0.2313092 0.3351374 0.9133341 0.3048279 0.2700358 0.9133241 0.360587 0.1892509 0.9133242 0.4072228 0 0.913329 -0.3048002 -0.2700383 0.9133325 -0.3954084 -0.09744817 0.9133214 -0.4072114 0 0.913334 -0.3954084 0.09744817 0.9133214 -0.3048002 0.2700383 0.9133325 -0.231338 0.335135 0.9133276 0.231338 0.335135 0.9133276</float_array>
          <technique_common>
            <accessor source="#Örüntü_024-mesh-normals-array" count="275" stride="3">
              <param name="X" type="float"/>
              <param name="Y" type="float"/>
              <param name="Z" type="float"/>
            </accessor>
          </technique_common>
        </source>
        <source id="Örüntü_024-mesh-map-0">
          <float_array id="Örüntü_024-mesh-map-0-array" count="4656">0.6730771 0 0.6346154 0 0.5961539 0 0.5961539 0 0.5576923 0 0.5192307 0 0.5192307 0 0.4807692 0 0.4423076 0 0.5961539 0 0.5192307 0 0.4423076 0 0.4423076 0 0.4038461 0 0.3653845 0 0.3653845 0 0.326923 0 0.2884615 0 0.4423076 0 0.3653845 0 0.2884615 0 0.5961539 0 0.4423076 0 0.2884615 0 0.2884615 0 0.25 0 0.2115384 0 0.2115384 0 0.1730769 0 0.1346154 0 0.2884615 0 0.2115384 0 0.1346154 0 0.1346154 0 0.09615391 0 0.05769234 0 0.05769234 0 0.0192309 0 -0.01923066 0 0.1346154 0 0.05769234 0 -0.01923066 0 0.2884615 0 0.1346154 0 -0.01923066 0 0.5961539 0 0.2884615 0 -0.01923066 0 -0.01923066 0 -0.05769217 0 -0.09615373 0 -0.09615373 0 -0.1346153 0 -0.1730768 0 -0.01923066 0 -0.09615373 0 -0.1730768 0 0.5961539 0 -0.01923066 0 -0.1730768 0 -0.1730768 0 -0.2115384 0 -0.25 0 0.5961539 0 -0.1730768 0 -0.25 0 0.6730771 0 0.5961539 0 -0.25 0 -0.2884613 0 0.6730771 0 -0.25 0 0.7499991 0.02945142 0.7884625 0.02945142 0.7884625 0.1326756 0.7884625 0.1326756 0.7499991 0.1326756 0.7499991 0.02945142 0.7884625 0.02945142 0.8269231 0.02945142 0.8269231 0.1326756 0.8269231 0.1326756 0.7884625 0.1326756 0.7884625 0.02945142 0.8269231 0.02945142 0.8653846 0.02945142 0.8653847 0.1326756 0.8653847 0.1326756 0.8269231 0.1326756 0.8269231 0.02945142 0.8653846 0.02945142 0.9038453 0.02945142 0.9038453 0.1326756 0.9038453 0.1326756 0.8653847 0.1326756 0.8653846 0.02945142 0.9038453 0.02945142 0.9423087 0.02945142 0.9423087 0.1326756 0.9423087 0.1326756 0.9038453 0.1326756 0.9038453 0.02945142 0.9423087 0.02945142 0.9807693 0.02945142 0.9807693 0.1326756 0.9807693 0.1326756 0.9423087 0.1326756 0.9423087 0.02945142 0.9807693 0.02945142 1.019231 0.02945142 1.019231 0.1326756 1.019231 0.1326756 0.9807693 0.1326756 0.9807693 0.02945142 0.01923084 0.02945142 0.05769228 0.02945142 0.05769228 0.1326756 0.05769228 0.1326756 0.01923084 0.1326756 0.01923084 0.02945142 0.05769228 0.02945142 0.09615385 0.02945142 0.09615385 0.1326756 0.09615385 0.1326756 0.05769228 0.1326756 0.05769228 0.02945142 0.09615385 0.02945142 0.1346154 0.02945142 0.1346154 0.1326756 0.1346154 0.1326756 0.09615385 0.1326756 0.09615385 0.02945142 0.1346154 0.02945142 0.173076 0.02945142 0.173076 0.1326756 0.173076 0.1326756 0.1346154 0.1326756 0.1346154 0.02945142 0.173076 0.02945142 0.2115394 0.02945142 0.2115394 0.1326756 0.2115394 0.1326756 0.173076 0.1326756 0.173076 0.02945142 0.2115394 0.02945142 0.25 0.02945142 0.25 0.1326756 0.25 0.1326756 0.2115394 0.1326756 0.2115394 0.02945142 0.25 0.02945142 0.2884615 0.02945142 0.2884615 0.1326756 0.2884615 0.1326756 0.25 0.1326756 0.25 0.02945142 0.2884615 0.02945142 0.3269231 0.02945142 0.3269231 0.1326756 0.3269231 0.1326756 0.2884615 0.1326756 0.2884615 0.02945142 0.3269231 0.02945142 0.3653846 0.02945142 0.3653846 0.1326756 0.3653846 0.1326756 0.3269231 0.1326756 0.3269231 0.02945142 0.3653846 0.02945142 0.4038462 0.02945142 0.4038462 0.1326756 0.4038462 0.1326756 0.3653846 0.1326756 0.3653846 0.02945142 0.4038462 0.02945142 0.4423068 0.02945142 0.4423068 0.1326756 0.4423068 0.1326756 0.4038462 0.1326756 0.4038462 0.02945142 0.4423068 0.02945142 0.4807702 0.02945142 0.4807702 0.1326756 0.4807702 0.1326756 0.4423068 0.1326756 0.4423068 0.02945142 0.4807702 0.02945142 0.5192308 0.02945142 0.5192308 0.1326756 0.5192308 0.1326756 0.4807702 0.1326756 0.4807702 0.02945142 0.5192308 0.02945142 0.5576924 0.02945142 0.5576924 0.1326756 0.5576924 0.1326756 0.5192308 0.1326756 0.5192308 0.02945142 0.5576924 0.02945142 0.5961539 0.02945142 0.5961539 0.1326756 0.5961539 0.1326756 0.5576924 0.1326756 0.5576924 0.02945142 0.5961539 0.02945142 0.6346155 0.02945142 0.6346155 0.1326756 0.6346155 0.1326756 0.5961539 0.1326756 0.5961539 0.02945142 0.6346155 0.02945142 0.6730771 0.02945142 0.6730771 0.1326756 0.6730771 0.1326756 0.6346155 0.1326756 0.6346155 0.02945142 0.6730771 0.02945142 0.7115386 0.02945142 0.7115386 0.1326756 0.7115386 0.1326756 0.6730771 0.1326756 0.6730771 0.02945142 0.7115386 0.02945142 0.7499991 0.02945142 0.7499991 0.1326756 0.7499991 0.1326756 0.7115386 0.1326756 0.7115386 0.02945142 0.75 0.135779 0.7884616 0.135779 0.7884616 0.3242542 0.7884616 0.3242542 0.75 0.3242542 0.75 0.135779 0.7884616 0.135779 0.8269231 0.135779 0.8269231 0.3242542 0.8269231 0.3242542 0.7884616 0.3242542 0.7884616 0.135779 0.8269231 0.135779 0.8653847 0.135779 0.8653847 0.3242542 0.8653847 0.3242542 0.8269231 0.3242542 0.8269231 0.135779 0.8653847 0.135779 0.9038463 0.135779 0.9038463 0.3242542 0.9038463 0.3242542 0.8653847 0.3242542 0.8653847 0.135779 0.9038463 0.135779 0.9423078 0.135779 0.9423078 0.3242542 0.9423078 0.3242542 0.9038463 0.3242542 0.9038463 0.135779 0.9423078 0.135779 0.9807693 0.135779 0.9807693 0.3242542 0.9807693 0.3242542 0.9423078 0.3242542 0.9423078 0.135779 0.9807693 0.135779 1.019231 0.135779 1.019231 0.3242542 1.019231 0.3242542 0.9807693 0.3242542 0.9807693 0.135779 0.0192309 0.135779 0.05769234 0.135779 0.05769234 0.3242542 0.05769234 0.3242542 0.0192309 0.3242542 0.0192309 0.135779 0.05769234 0.135779 0.09615391 0.135779 0.09615391 0.3242542 0.09615391 0.3242542 0.05769234 0.3242542 0.05769234 0.135779 0.09615391 0.135779 0.1346154 0.135779 0.1346154 0.3242542 0.1346154 0.3242542 0.09615391 0.3242542 0.09615391 0.135779 0.1346154 0.135779 0.1730769 0.135779 0.1730769 0.3242542 0.1730769 0.3242542 0.1346154 0.3242542 0.1346154 0.135779 0.1730769 0.135779 0.2115384 0.135779 0.2115384 0.3242542 0.2115384 0.3242542 0.1730769 0.3242542 0.1730769 0.135779 0.2115384 0.135779 0.25 0.135779 0.25 0.3242542 0.25 0.3242542 0.2115384 0.3242542 0.2115384 0.135779 0.25 0.135779 0.2884615 0.135779 0.2884615 0.3242542 0.2884615 0.3242542 0.25 0.3242542 0.25 0.135779 0.2884615 0.135779 0.326923 0.135779 0.326923 0.3242542 0.326923 0.3242542 0.2884615 0.3242542 0.2884615 0.135779 0.326923 0.135779 0.3653845 0.135779 0.3653845 0.3242542 0.3653845 0.3242542 0.326923 0.3242542 0.326923 0.135779 0.3653845 0.135779 0.4038461 0.135779 0.4038461 0.3242542 0.4038461 0.3242542 0.3653845 0.3242542 0.3653845 0.135779 0.4038461 0.135779 0.4423076 0.135779 0.4423076 0.3242542 0.4423076 0.3242542 0.4038461 0.3242542 0.4038461 0.135779 0.4423076 0.135779 0.4807692 0.135779 0.4807692 0.3242542 0.4807692 0.3242542 0.4423076 0.3242542 0.4423076 0.135779 0.4807692 0.135779 0.5192307 0.135779 0.5192307 0.3242542 0.5192307 0.3242542 0.4807692 0.3242542 0.4807692 0.135779 0.5192307 0.135779 0.5576923 0.135779 0.5576923 0.3242542 0.5576923 0.3242542 0.5192307 0.3242542 0.5192307 0.135779 0.5576923 0.135779 0.5961539 0.135779 0.5961539 0.3242542 0.5961539 0.3242542 0.5576923 0.3242542 0.5576923 0.135779 0.5961539 0.135779 0.6346154 0.135779 0.6346154 0.3242542 0.6346154 0.3242542 0.5961539 0.3242542 0.5961539 0.135779 0.6346154 0.135779 0.6730771 0.135779 0.6730771 0.3242542 0.6730771 0.3242542 0.6346154 0.3242542 0.6346154 0.135779 0.6730771 0.135779 0.7115387 0.135779 0.7115387 0.3242542 0.7115387 0.3242542 0.6730771 0.3242542 0.6730771 0.135779 0.7115387 0.135779 0.75 0.135779 0.75 0.3242542 0.75 0.3242542 0.7115387 0.3242542 0.7115387 0.135779 0.75 0.3242542 0.7884616 0.3242542 0.7884616 0.4863813 0.7884616 0.4863813 0.75 0.4863813 0.75 0.3242542 0.7884616 0.3242542 0.8269231 0.3242542 0.8269231 0.4863813 0.8269231 0.4863813 0.7884616 0.4863813 0.7884616 0.3242542 0.8269231 0.3242542 0.8653847 0.3242542 0.8653847 0.4863813 0.8653847 0.4863813 0.8269231 0.4863813 0.8269231 0.3242542 0.8653847 0.3242542 0.9038463 0.3242542 0.9038463 0.4863813 0.9038463 0.4863813 0.8653847 0.4863813 0.8653847 0.3242542 0.9038463 0.3242542 0.9423078 0.3242542 0.9423078 0.4863813 0.9423078 0.4863813 0.9038463 0.4863813 0.9038463 0.3242542 0.9423078 0.3242542 0.9807693 0.3242542 0.9807693 0.4863813 0.9807693 0.4863813 0.9423078 0.4863813 0.9423078 0.3242542 0.9807693 0.3242542 1.019231 0.3242542 1.019231 0.4863813 1.019231 0.4863813 0.9807693 0.4863813 0.9807693 0.3242542 0.0192309 0.3242542 0.05769234 0.3242542 0.05769234 0.4863813 0.05769234 0.4863813 0.0192309 0.4863813 0.0192309 0.3242542 0.05769234 0.3242542 0.09615391 0.3242542 0.09615391 0.4863813 0.09615391 0.4863813 0.05769234 0.4863813 0.05769234 0.3242542 0.09615391 0.3242542 0.1346154 0.3242542 0.1346154 0.4863813 0.1346154 0.4863813 0.09615391 0.4863813 0.09615391 0.3242542 0.1346154 0.3242542 0.1730769 0.3242542 0.1730769 0.4863813 0.1730769 0.4863813 0.1346154 0.4863813 0.1346154 0.3242542 0.1730769 0.3242542 0.2115384 0.3242542 0.2115384 0.4863813 0.2115384 0.4863813 0.1730769 0.4863813 0.1730769 0.3242542 0.2115384 0.3242542 0.25 0.3242542 0.25 0.4863813 0.25 0.4863813 0.2115384 0.4863813 0.2115384 0.3242542 0.25 0.3242542 0.2884615 0.3242542 0.2884615 0.4863813 0.2884615 0.4863813 0.25 0.4863813 0.25 0.3242542 0.2884615 0.3242542 0.326923 0.3242542 0.326923 0.4863813 0.326923 0.4863813 0.2884615 0.4863813 0.2884615 0.3242542 0.326923 0.3242542 0.3653845 0.3242542 0.3653845 0.4863813 0.3653845 0.4863813 0.326923 0.4863813 0.326923 0.3242542 0.3653845 0.3242542 0.4038461 0.3242542 0.4038461 0.4863813 0.4038461 0.4863813 0.3653845 0.4863813 0.3653845 0.3242542 0.4038461 0.3242542 0.4423076 0.3242542 0.4423076 0.4863813 0.4423076 0.4863813 0.4038461 0.4863813 0.4038461 0.3242542 0.4423076 0.3242542 0.4807692 0.3242542 0.4807692 0.4863813 0.4807692 0.4863813 0.4423076 0.4863813 0.4423076 0.3242542 0.4807692 0.3242542 0.5192307 0.3242542 0.5192307 0.4863813 0.5192307 0.4863813 0.4807692 0.4863813 0.4807692 0.3242542 0.5192307 0.3242542 0.5576923 0.3242542 0.5576923 0.4863813 0.5576923 0.4863813 0.5192307 0.4863813 0.5192307 0.3242542 0.5576923 0.3242542 0.5961539 0.3242542 0.5961539 0.4863813 0.5961539 0.4863813 0.5576923 0.4863813 0.5576923 0.3242542 0.5961539 0.3242542 0.6346154 0.3242542 0.6346154 0.4863813 0.6346154 0.4863813 0.5961539 0.4863813 0.5961539 0.3242542 0.6346154 0.3242542 0.6730771 0.3242542 0.6730771 0.4863813 0.6730771 0.4863813 0.6346154 0.4863813 0.6346154 0.3242542 0.6730771 0.3242542 0.7115387 0.3242542 0.7115387 0.4863813 0.7115387 0.4863813 0.6730771 0.4863813 0.6730771 0.3242542 0.7115387 0.3242542 0.75 0.3242542 0.75 0.4863813 0.75 0.4863813 0.7115387 0.4863813 0.7115387 0.3242542 0.75 0.4863813 0.7884616 0.4863813 0.7884616 0.6485084 0.7884616 0.6485084 0.75 0.6485084 0.75 0.4863813 0.7884616 0.4863813 0.8269231 0.4863813 0.8269231 0.6485084 0.8269231 0.6485084 0.7884616 0.6485084 0.7884616 0.4863813 0.8269231 0.4863813 0.8653847 0.4863813 0.8653847 0.6485084 0.8653847 0.6485084 0.8269231 0.6485084 0.8269231 0.4863813 0.8653847 0.4863813 0.9038463 0.4863813 0.9038463 0.6485084 0.9038463 0.6485084 0.8653847 0.6485084 0.8653847 0.4863813 0.9038463 0.4863813 0.9423078 0.4863813 0.9423078 0.6485084 0.9423078 0.6485084 0.9038463 0.6485084 0.9038463 0.4863813 0.9423078 0.4863813 0.9807693 0.4863813 0.9807693 0.6485084 0.9807693 0.6485084 0.9423078 0.6485084 0.9423078 0.4863813 0.9807693 0.4863813 1.019231 0.4863813 1.019231 0.6485084 1.019231 0.6485084 0.9807693 0.6485084 0.9807693 0.4863813 0.0192309 0.4863813 0.05769234 0.4863813 0.05769234 0.6485084 0.05769234 0.6485084 0.0192309 0.6485084 0.0192309 0.4863813 0.05769234 0.4863813 0.09615391 0.4863813 0.09615391 0.6485084 0.09615391 0.6485084 0.05769234 0.6485084 0.05769234 0.4863813 0.09615391 0.4863813 0.1346154 0.4863813 0.1346154 0.6485084 0.1346154 0.6485084 0.09615391 0.6485084 0.09615391 0.4863813 0.1346154 0.4863813 0.1730769 0.4863813 0.1730769 0.6485084 0.1730769 0.6485084 0.1346154 0.6485084 0.1346154 0.4863813 0.1730769 0.4863813 0.2115384 0.4863813 0.2115384 0.6485084 0.2115384 0.6485084 0.1730769 0.6485084 0.1730769 0.4863813 0.2115384 0.4863813 0.25 0.4863813 0.25 0.6485084 0.25 0.6485084 0.2115384 0.6485084 0.2115384 0.4863813 0.25 0.4863813 0.2884615 0.4863813 0.2884615 0.6485084 0.2884615 0.6485084 0.25 0.6485084 0.25 0.4863813 0.2884615 0.4863813 0.326923 0.4863813 0.326923 0.6485084 0.326923 0.6485084 0.2884615 0.6485084 0.2884615 0.4863813 0.326923 0.4863813 0.3653845 0.4863813 0.3653845 0.6485084 0.3653845 0.6485084 0.326923 0.6485084 0.326923 0.4863813 0.3653845 0.4863813 0.4038461 0.4863813 0.4038461 0.6485084 0.4038461 0.6485084 0.3653845 0.6485084 0.3653845 0.4863813 0.4038461 0.4863813 0.4423076 0.4863813 0.4423076 0.6485084 0.4423076 0.6485084 0.4038461 0.6485084 0.4038461 0.4863813 0.4423076 0.4863813 0.4807692 0.4863813 0.4807692 0.6485084 0.4807692 0.6485084 0.4423076 0.6485084 0.4423076 0.4863813 0.4807692 0.4863813 0.5192307 0.4863813 0.5192307 0.6485084 0.5192307 0.6485084 0.4807692 0.6485084 0.4807692 0.4863813 0.5192307 0.4863813 0.5576923 0.4863813 0.5576923 0.6485084 0.5576923 0.6485084 0.5192307 0.6485084 0.5192307 0.4863813 0.5576923 0.4863813 0.5961539 0.4863813 0.5961539 0.6485084 0.5961539 0.6485084 0.5576923 0.6485084 0.5576923 0.4863813 0.5961539 0.4863813 0.6346154 0.4863813 0.6346154 0.6485084 0.6346154 0.6485084 0.5961539 0.6485084 0.5961539 0.4863813 0.6346154 0.4863813 0.6730771 0.4863813 0.6730771 0.6485084 0.6730771 0.6485084 0.6346154 0.6485084 0.6346154 0.4863813 0.6730771 0.4863813 0.7115387 0.4863813 0.7115387 0.6485084 0.7115387 0.6485084 0.6730771 0.6485084 0.6730771 0.4863813 0.7115387 0.4863813 0.75 0.4863813 0.75 0.6485084 0.75 0.6485084 0.7115387 0.6485084 0.7115387 0.4863813 0.75 0.6485084 0.7884616 0.6485084 0.7884616 0.8106356 0.7884616 0.8106356 0.75 0.8106356 0.75 0.6485084 0.7884616 0.6485084 0.8269231 0.6485084 0.8269231 0.8106356 0.8269231 0.8106356 0.7884616 0.8106356 0.7884616 0.6485084 0.8269231 0.6485084 0.8653847 0.6485084 0.8653847 0.8106356 0.8653847 0.8106356 0.8269231 0.8106356 0.8269231 0.6485084 0.8653847 0.6485084 0.9038463 0.6485084 0.9038463 0.8106356 0.9038463 0.8106356 0.8653847 0.8106356 0.8653847 0.6485084 0.9038463 0.6485084 0.9423078 0.6485084 0.9423078 0.8106356 0.9423078 0.8106356 0.9038463 0.8106356 0.9038463 0.6485084 0.9423078 0.6485084 0.9807693 0.6485084 0.9807693 0.8106356 0.9807693 0.8106356 0.9423078 0.8106356 0.9423078 0.6485084 0.9807693 0.6485084 1.019231 0.6485084 1.019231 0.8106356 1.019231 0.8106356 0.9807693 0.8106356 0.9807693 0.6485084 0.0192309 0.6485084 0.05769234 0.6485084 0.05769234 0.8106356 0.05769234 0.8106356 0.0192309 0.8106356 0.0192309 0.6485084 0.05769234 0.6485084 0.09615391 0.6485084 0.09615391 0.8106356 0.09615391 0.8106356 0.05769234 0.8106356 0.05769234 0.6485084 0.09615391 0.6485084 0.1346154 0.6485084 0.1346154 0.8106356 0.1346154 0.8106356 0.09615391 0.8106356 0.09615391 0.6485084 0.1346154 0.6485084 0.1730769 0.6485084 0.1730769 0.8106356 0.1730769 0.8106356 0.1346154 0.8106356 0.1346154 0.6485084 0.1730769 0.6485084 0.2115384 0.6485084 0.2115384 0.8106356 0.2115384 0.8106356 0.1730769 0.8106356 0.1730769 0.6485084 0.2115384 0.6485084 0.25 0.6485084 0.25 0.8106356 0.25 0.8106356 0.2115384 0.8106356 0.2115384 0.6485084 0.25 0.6485084 0.2884615 0.6485084 0.2884615 0.8106356 0.2884615 0.8106356 0.25 0.8106356 0.25 0.6485084 0.2884615 0.6485084 0.326923 0.6485084 0.326923 0.8106356 0.326923 0.8106356 0.2884615 0.8106356 0.2884615 0.6485084 0.326923 0.6485084 0.3653845 0.6485084 0.3653845 0.8106356 0.3653845 0.8106356 0.326923 0.8106356 0.326923 0.6485084 0.3653845 0.6485084 0.4038461 0.6485084 0.4038461 0.8106356 0.4038461 0.8106356 0.3653845 0.8106356 0.3653845 0.6485084 0.4038461 0.6485084 0.4423076 0.6485084 0.4423076 0.8106356 0.4423076 0.8106356 0.4038461 0.8106356 0.4038461 0.6485084 0.4423076 0.6485084 0.4807692 0.6485084 0.4807692 0.8106356 0.4807692 0.8106356 0.4423076 0.8106356 0.4423076 0.6485084 0.4807692 0.6485084 0.5192307 0.6485084 0.5192307 0.8106356 0.5192307 0.8106356 0.4807692 0.8106356 0.4807692 0.6485084 0.5192307 0.6485084 0.5576923 0.6485084 0.5576923 0.8106356 0.5576923 0.8106356 0.5192307 0.8106356 0.5192307 0.6485084 0.5576923 0.6485084 0.5961539 0.6485084 0.5961539 0.8106356 0.5961539 0.8106356 0.5576923 0.8106356 0.5576923 0.6485084 0.5961539 0.6485084 0.6346154 0.6485084 0.6346154 0.8106356 0.6346154 0.8106356 0.5961539 0.8106356 0.5961539 0.6485084 0.6346154 0.6485084 0.6730771 0.6485084 0.6730771 0.8106356 0.6730771 0.8106356 0.6346154 0.8106356 0.6346154 0.6485084 0.6730771 0.6485084 0.7115387 0.6485084 0.7115387 0.8106356 0.7115387 0.8106356 0.6730771 0.8106356 0.6730771 0.6485084 0.7115387 0.6485084 0.75 0.6485084 0.75 0.8106356 0.75 0.8106356 0.7115387 0.8106356 0.7115387 0.6485084 0.75 0.8106356 0.7884616 0.8106356 0.7884616 0.9727626 0.7884616 0.9727626 0.75 0.9727626 0.75 0.8106356 0.7884616 0.8106356 0.8269231 0.8106356 0.8269231 0.9727626 0.8269231 0.9727626 0.7884616 0.9727626 0.7884616 0.8106356 0.8269231 0.8106356 0.8653847 0.8106356 0.8653847 0.9727626 0.8653847 0.9727626 0.8269231 0.9727626 0.8269231 0.8106356 0.8653847 0.8106356 0.9038463 0.8106356 0.9038463 0.9727626 0.9038463 0.9727626 0.8653847 0.9727626 0.8653847 0.8106356 0.9038463 0.8106356 0.9423078 0.8106356 0.9423078 0.9727626 0.9423078 0.9727626 0.9038463 0.9727626 0.9038463 0.8106356 0.9423078 0.8106356 0.9807693 0.8106356 0.9807693 0.9727626 0.9807693 0.9727626 0.9423078 0.9727626 0.9423078 0.8106356 0.9807693 0.8106356 1.019231 0.8106356 1.019231 0.9727626 1.019231 0.9727626 0.9807693 0.9727626 0.9807693 0.8106356 0.0192309 0.8106356 0.05769234 0.8106356 0.05769234 0.9727626 0.05769234 0.9727626 0.0192309 0.9727626 0.0192309 0.8106356 0.05769234 0.8106356 0.09615391 0.8106356 0.09615391 0.9727626 0.09615391 0.9727626 0.05769234 0.9727626 0.05769234 0.8106356 0.09615391 0.8106356 0.1346154 0.8106356 0.1346154 0.9727626 0.1346154 0.9727626 0.09615391 0.9727626 0.09615391 0.8106356 0.1346154 0.8106356 0.1730769 0.8106356 0.1730769 0.9727626 0.1730769 0.9727626 0.1346154 0.9727626 0.1346154 0.8106356 0.1730769 0.8106356 0.2115384 0.8106356 0.2115384 0.9727626 0.2115384 0.9727626 0.1730769 0.9727626 0.1730769 0.8106356 0.2115384 0.8106356 0.25 0.8106356 0.25 0.9727626 0.25 0.9727626 0.2115384 0.9727626 0.2115384 0.8106356 0.25 0.8106356 0.2884615 0.8106356 0.2884615 0.9727626 0.2884615 0.9727626 0.25 0.9727626 0.25 0.8106356 0.2884615 0.8106356 0.326923 0.8106356 0.326923 0.9727626 0.326923 0.9727626 0.2884615 0.9727626 0.2884615 0.8106356 0.326923 0.8106356 0.3653845 0.8106356 0.3653845 0.9727626 0.3653845 0.9727626 0.326923 0.9727626 0.326923 0.8106356 0.3653845 0.8106356 0.4038461 0.8106356 0.4038461 0.9727626 0.4038461 0.9727626 0.3653845 0.9727626 0.3653845 0.8106356 0.4038461 0.8106356 0.4423076 0.8106356 0.4423076 0.9727626 0.4423076 0.9727626 0.4038461 0.9727626 0.4038461 0.8106356 0.4423076 0.8106356 0.4807692 0.8106356 0.4807692 0.9727626 0.4807692 0.9727626 0.4423076 0.9727626 0.4423076 0.8106356 0.4807692 0.8106356 0.5192307 0.8106356 0.5192307 0.9727626 0.5192307 0.9727626 0.4807692 0.9727626 0.4807692 0.8106356 0.5192307 0.8106356 0.5576923 0.8106356 0.5576923 0.9727626 0.5576923 0.9727626 0.5192307 0.9727626 0.5192307 0.8106356 0.5576923 0.8106356 0.5961539 0.8106356 0.5961539 0.9727626 0.5961539 0.9727626 0.5576923 0.9727626 0.5576923 0.8106356 0.5961539 0.8106356 0.6346154 0.8106356 0.6346154 0.9727626 0.6346154 0.9727626 0.5961539 0.9727626 0.5961539 0.8106356 0.6346154 0.8106356 0.6730771 0.8106356 0.6730771 0.9727626 0.6730771 0.9727626 0.6346154 0.9727626 0.6346154 0.8106356 0.6730771 0.8106356 0.7115387 0.8106356 0.7115387 0.9727626 0.7115387 0.9727626 0.6730771 0.9727626 0.6730771 0.8106356 0.7115387 0.8106356 0.75 0.8106356 0.75 0.9727626 0.75 0.9727626 0.7115387 0.9727626 0.7115387 0.8106356 0.75 0 0.7884616 0 0.7884625 0 0.7884625 0 0.7499991 0 0.75 0 0.7884616 0 0.8269231 0 0.8269231 0 0.8269231 0 0.7884625 0 0.7884616 0 0.8269231 0 0.8653847 0 0.8653847 0 0.8653847 0 0.8269231 0 0.8269231 0 0.8653847 0 0.9038463 0 0.9038453 0 0.9038453 0 0.8653847 0 0.8653847 0 0.9038463 0 0.9423078 0 0.9423087 0 0.9423087 0 0.9038453 0 0.9038463 0 0.9423078 0 0.9807693 0 0.9807693 0 0.9807693 0 0.9423087 0 0.9423078 0 0.9807693 0 1.019231 0 1.019231 0 1.019231 0 0.9807693 0 0.9807693 0 0.0192309 0 0.05769234 0 0.05769228 0 0.05769228 0 0.01923084 0 0.0192309 0 0.05769234 0 0.09615391 0 0.09615385 0 0.09615385 0 0.05769228 0 0.05769234 0 0.09615391 0 0.1346154 0 0.1346154 0 0.1346154 0 0.09615385 0 0.09615391 0 0.1346154 0 0.1730769 0 0.173076 0 0.173076 0 0.1346154 0 0.1346154 0 0.1730769 0 0.2115384 0 0.2115394 0 0.2115394 0 0.173076 0 0.1730769 0 0.2115384 0 0.25 0 0.25 0 0.25 0 0.2115394 0 0.2115384 0 0.25 0 0.2884615 0 0.2884615 0 0.2884615 0 0.25 0 0.25 0 0.2884615 0 0.326923 0 0.3269231 0 0.3269231 0 0.2884615 0 0.2884615 0 0.326923 0 0.3653845 0 0.3653846 0 0.3653846 0 0.3269231 0 0.326923 0 0.3653845 0 0.4038461 0 0.4038462 0 0.4038462 0 0.3653846 0 0.3653845 0 0.4038461 0 0.4423076 0 0.4423068 0 0.4423068 0 0.4038462 0 0.4038461 0 0.4423076 0 0.4807692 0 0.4807702 0 0.4807702 0 0.4423068 0 0.4423076 0 0.4807692 0 0.5192307 0 0.5192308 0 0.5192308 0 0.4807702 0 0.4807692 0 0.5192307 0 0.5576923 0 0.5576924 0 0.5576924 0 0.5192308 0 0.5192307 0 0.5576923 0 0.5961539 0 0.5961539 0 0.5961539 0 0.5576924 0 0.5576923 0 0.5961539 0 0.6346154 0 0.6346155 0 0.6346155 0 0.5961539 0 0.5961539 0 0.6346154 0 0.6730771 0 0.6730771 0 0.6730771 0 0.6346155 0 0.6346154 0 0.6730771 0 0.7115387 0 0.7115386 0 0.7115386 0 0.6730771 0 0.6730771 0 0.7115387 0 0.75 0 0.7499991 0 0.7499991 0 0.7115386 0 0.7115387 0 0.7884616 0.135779 0.75 0.135779 0.7499991 0.135779 0.7499991 0.135779 0.7884624 0.135779 0.7884616 0.135779 0.75 0.135779 0.7115387 0.135779 0.7115386 0.135779 0.7115386 0.135779 0.7499991 0.135779 0.75 0.135779 0.7115387 0.135779 0.6730771 0.135779 0.6730771 0.135779 0.6730771 0.135779 0.7115386 0.135779 0.7115387 0.135779 0.6730771 0.135779 0.6346154 0.135779 0.6346155 0.135779 0.6346155 0.135779 0.6730771 0.135779 0.6730771 0.135779 0.6346154 0.135779 0.5961539 0.135779 0.5961539 0.135779 0.5961539 0.135779 0.6346155 0.135779 0.6346154 0.135779 0.5961539 0.135779 0.5576923 0.135779 0.5576924 0.135779 0.5576924 0.135779 0.5961539 0.135779 0.5961539 0.135779 0.5576923 0.135779 0.5192307 0.135779 0.5192308 0.135779 0.5192308 0.135779 0.5576924 0.135779 0.5576923 0.135779 0.5192307 0.135779 0.4807692 0.135779 0.4807702 0.135779 0.4807702 0.135779 0.5192308 0.135779 0.5192307 0.135779 0.4807692 0.135779 0.4423076 0.135779 0.4423068 0.135779 0.4423068 0.135779 0.4807702 0.135779 0.4807692 0.135779 0.4423076 0.135779 0.4038461 0.135779 0.4038462 0.135779 0.4038462 0.135779 0.4423068 0.135779 0.4423076 0.135779 0.4038461 0.135779 0.3653845 0.135779 0.3653846 0.135779 0.3653846 0.135779 0.4038462 0.135779 0.4038461 0.135779 0.3653845 0.135779 0.326923 0.135779 0.3269231 0.135779 0.3269231 0.135779 0.3653846 0.135779 0.3653845 0.135779 0.326923 0.135779 0.2884615 0.135779 0.2884615 0.135779 0.2884615 0.135779 0.3269231 0.135779 0.326923 0.135779 0.2884615 0.135779 0.25 0.135779 0.25 0.135779 0.25 0.135779 0.2884615 0.135779 0.2884615 0.135779 0.25 0.135779 0.2115384 0.135779 0.2115393 0.135779 0.2115393 0.135779 0.25 0.135779 0.25 0.135779 0.2115384 0.135779 0.1730769 0.135779 0.173076 0.135779 0.173076 0.135779 0.2115393 0.135779 0.2115384 0.135779 0.1730769 0.135779 0.1346154 0.135779 0.1346154 0.135779 0.1346154 0.135779 0.173076 0.135779 0.1730769 0.135779 0.1346154 0.135779 0.09615391 0.135779 0.09615385 0.135779 0.09615385 0.135779 0.1346154 0.135779 0.1346154 0.135779 0.09615391 0.135779 0.05769234 0.135779 0.05769228 0.135779 0.05769228 0.135779 0.09615385 0.135779 0.09615391 0.135779 0.05769234 0.135779 0.0192309 0.135779 0.01923084 0.135779 0.01923084 0.135779 0.05769228 0.135779 0.05769234 0.135779 0.0192309 0.135779 -0.01923066 0.135779 -0.01923072 0.135779 -0.01923072 0.135779 0.01923084 0.135779 0.0192309 0.135779 0.9807693 0.135779 0.9423078 0.135779 0.9423087 0.135779 0.9423087 0.135779 0.9807693 0.135779 0.9807693 0.135779 0.9423078 0.135779 0.9038463 0.135779 0.9038453 0.135779 0.9038453 0.135779 0.9423087 0.135779 0.9423078 0.135779 0.9038463 0.135779 0.8653847 0.135779 0.8653847 0.135779 0.8653847 0.135779 0.9038453 0.135779 0.9038463 0.135779 0.8653847 0.135779 0.8269231 0.135779 0.8269231 0.135779 0.8269231 0.135779 0.8653847 0.135779 0.8653847 0.135779 0.8269231 0.135779 0.7884616 0.135779 0.7884624 0.135779 0.7884624 0.135779 0.8269231 0.135779 0.8269231 0.135779 0.0192309 0.9727626 0.326923 0.9727626 0.6346154 0.9727626 0.7499988 0 0.7884618 0 0.7884625 0.01777827 0.7884625 0.01777827 0.7499994 0.01777827 0.7499988 0 0.7884618 0 0.8269231 0 0.8269231 0.01777827 0.8269231 0.01777827 0.7884625 0.01777827 0.7884618 0 0.8269231 0 0.8653845 0 0.8653845 0.01777827 0.8653845 0.01777827 0.8269231 0.01777827 0.8269231 0 0.8653845 0 0.9038454 0 0.9038454 0.01777827 0.9038454 0.01777827 0.8653845 0.01777827 0.8653845 0 0.9038454 0 0.9423091 0 0.9423084 0.01777827 0.9423084 0.01777827 0.9038454 0.01777827 0.9038454 0 0.9423091 0 0.9807687 0 0.9807694 0.01777827 0.9807694 0.01777827 0.9423084 0.01777827 0.9423091 0 0.9807687 0 1.019231 0 1.019231 0.01777827 1.019231 0.01777827 0.9807694 0.01777827 0.9807687 0 0.01923078 0 0.05769181 0 0.05769181 0.01777827 0.05769181 0.01777827 0.01923078 0.01777827 0.01923078 0 0.05769181 0 0.09615439 0 0.09615439 0.01777827 0.09615439 0.01777827 0.05769181 0.01777827 0.05769181 0 0.09615439 0 0.1346153 0 0.1346153 0.01777827 0.1346153 0.01777827 0.09615439 0.01777827 0.09615439 0 0.1346153 0 0.1730762 0 0.1730762 0.01777827 0.1730762 0.01777827 0.1346153 0.01777827 0.1346153 0 0.1730762 0 0.2115393 0 0.2115393 0.01777827 0.2115393 0.01777827 0.1730762 0.01777827 0.1730762 0 0.2115393 0 0.25 0 0.2500001 0.01777827 0.2500001 0.01777827 0.2115393 0.01777827 0.2115393 0 0.25 0 0.2884616 0 0.2884616 0.01777827 0.2884616 0.01777827 0.2500001 0.01777827 0.25 0 0.2884616 0 0.3269225 0 0.3269225 0.01777827 0.3269225 0.01777827 0.2884616 0.01777827 0.2884616 0 0.3269225 0 0.3653852 0 0.3653852 0.01777827 0.3653852 0.01777827 0.3269225 0.01777827 0.3269225 0 0.3653852 0 0.4038456 0 0.4038459 0.01777827 0.4038459 0.01777827 0.3653852 0.01777827 0.3653852 0 0.4038456 0 0.4423065 0 0.4423068 0.01777827 0.4423068 0.01777827 0.4038459 0.01777827 0.4038456 0 0.4423065 0 0.4807701 0 0.4807701 0.01777827 0.4807701 0.01777827 0.4423068 0.01777827 0.4423065 0 0.4807701 0 0.5192314 0 0.519231 0.01777827 0.519231 0.01777827 0.4807701 0.01777827 0.4807701 0 0.5192314 0 0.557693 0 0.5576927 0.01777827 0.5576927 0.01777827 0.519231 0.01777827 0.5192314 0 0.557693 0 0.5961534 0 0.5961534 0.01777827 0.5961534 0.01777827 0.5576927 0.01777827 0.557693 0 0.5961534 0 0.634616 0 0.634616 0.01777827 0.634616 0.01777827 0.5961534 0.01777827 0.5961534 0 0.634616 0 0.6730771 0 0.6730771 0.01777827 0.6730771 0.01777827 0.634616 0.01777827 0.634616 0 0.6730771 0 0.7115385 0 0.7115385 0.01777827 0.7115385 0.01777827 0.6730771 0.01777827 0.6730771 0 0.7115385 0 0.7499988 0 0.7499994 0.01777827 0.7499994 0.01777827 0.7115385 0.01777827 0.7115385 0 0.7884625 0.1347561 0.7499991 0.1347561 0.7499991 0.1326756 0.7499991 0.1326756 0.7884625 0.1326756 0.7884625 0.1347561 0.7499991 0.1347561 0.7115386 0.1347561 0.7115386 0.1326756 0.7115386 0.1326756 0.7499991 0.1326756 0.7499991 0.1347561 0.7115386 0.1347561 0.6730771 0.1347561 0.6730771 0.1326756 0.6730771 0.1326756 0.7115386 0.1326756 0.7115386 0.1347561 0.6730771 0.1347561 0.6346155 0.1347561 0.6346155 0.1326756 0.6346155 0.1326756 0.6730771 0.1326756 0.6730771 0.1347561 0.6346155 0.1347561 0.5961539 0.1347561 0.5961539 0.1326756 0.5961539 0.1326756 0.6346155 0.1326756 0.6346155 0.1347561 0.5961539 0.1347561 0.5576924 0.1347561 0.5576924 0.1326756 0.5576924 0.1326756 0.5961539 0.1326756 0.5961539 0.1347561 0.5576924 0.1347561 0.5192308 0.1347561 0.5192308 0.1326756 0.5192308 0.1326756 0.5576924 0.1326756 0.5576924 0.1347561 0.5192308 0.1347561 0.4807702 0.1347561 0.4807702 0.1326756 0.4807702 0.1326756 0.5192308 0.1326756 0.5192308 0.1347561 0.4807702 0.1347561 0.4423068 0.1347561 0.4423068 0.1326756 0.4423068 0.1326756 0.4807702 0.1326756 0.4807702 0.1347561 0.4423068 0.1347561 0.4038462 0.1347561 0.4038462 0.1326756 0.4038462 0.1326756 0.4423068 0.1326756 0.4423068 0.1347561 0.4038462 0.1347561 0.3653846 0.1347561 0.3653846 0.1326756 0.3653846 0.1326756 0.4038462 0.1326756 0.4038462 0.1347561 0.3653846 0.1347561 0.3269231 0.1347561 0.3269231 0.1326756 0.3269231 0.1326756 0.3653846 0.1326756 0.3653846 0.1347561 0.3269231 0.1347561 0.2884615 0.1347561 0.2884615 0.1326756 0.2884615 0.1326756 0.3269231 0.1326756 0.3269231 0.1347561 0.2884615 0.1347561 0.25 0.1347561 0.25 0.1326756 0.25 0.1326756 0.2884615 0.1326756 0.2884615 0.1347561 0.25 0.1347561 0.2115394 0.1347561 0.2115394 0.1326756 0.2115394 0.1326756 0.25 0.1326756 0.25 0.1347561 0.2115394 0.1347561 0.173076 0.1347561 0.173076 0.1326756 0.173076 0.1326756 0.2115394 0.1326756 0.2115394 0.1347561 0.173076 0.1347561 0.1346154 0.1347561 0.1346154 0.1326756 0.1346154 0.1326756 0.173076 0.1326756 0.173076 0.1347561 0.1346154 0.1347561 0.09615385 0.1347561 0.09615385 0.1326756 0.09615385 0.1326756 0.1346154 0.1326756 0.1346154 0.1347561 0.09615385 0.1347561 0.05769228 0.1347561 0.05769228 0.1326756 0.05769228 0.1326756 0.09615385 0.1326756 0.09615385 0.1347561 0.05769228 0.1347561 0.01923084 0.1347561 0.01923084 0.1326756 0.01923084 0.1326756 0.05769228 0.1326756 0.05769228 0.1347561 0.01923084 0.1347561 -0.01923072 0.1347561 -0.01923072 0.1326756 -0.01923072 0.1326756 0.01923084 0.1326756 0.01923084 0.1347561 0.9807693 0.1347561 0.9423087 0.1347561 0.9423087 0.1326756 0.9423087 0.1326756 0.9807693 0.1326756 0.9807693 0.1347561 0.9423087 0.1347561 0.9038453 0.1347561 0.9038453 0.1326756 0.9038453 0.1326756 0.9423087 0.1326756 0.9423087 0.1347561 0.9038453 0.1347561 0.8653847 0.1347561 0.8653847 0.1326756 0.8653847 0.1326756 0.9038453 0.1326756 0.9038453 0.1347561 0.8653847 0.1347561 0.8269231 0.1347561 0.8269231 0.1326756 0.8269231 0.1326756 0.8653847 0.1326756 0.8653847 0.1347561 0.8269231 0.1347561 0.7884625 0.1347561 0.7884625 0.1326756 0.7884625 0.1326756 0.8269231 0.1326756 0.8269231 0.1347561 0.7499991 0 0.7884625 0 0.7884618 0 0.7884618 0 0.7499988 0 0.7499991 0 0.7884625 0 0.8269231 0 0.8269231 0 0.8269231 0 0.7884618 0 0.7884625 0 0.8269231 0 0.8653847 0 0.8653845 0 0.8653845 0 0.8269231 0 0.8269231 0 0.8653847 0 0.9038453 0 0.9038454 0 0.9038454 0 0.8653845 0 0.8653847 0 0.9038453 0 0.9423087 0 0.9423091 0 0.9423091 0 0.9038454 0 0.9038453 0 0.9423087 0 0.9807693 0 0.9807687 0 0.9807687 0 0.9423091 0 0.9423087 0 0.9807693 0 1.019231 0 1.019231 0 1.019231 0 0.9807687 0 0.9807693 0 0.01923084 0 0.05769228 0 0.05769181 0 0.05769181 0 0.01923078 0 0.01923084 0 0.05769228 0 0.09615385 0 0.09615439 0 0.09615439 0 0.05769181 0 0.05769228 0 0.09615385 0 0.1346154 0 0.1346153 0 0.1346153 0 0.09615439 0 0.09615385 0 0.1346154 0 0.173076 0 0.1730762 0 0.1730762 0 0.1346153 0 0.1346154 0 0.173076 0 0.2115394 0 0.2115393 0 0.2115393 0 0.1730762 0 0.173076 0 0.2115394 0 0.25 0 0.25 0 0.25 0 0.2115393 0 0.2115394 0 0.25 0 0.2884615 0 0.2884616 0 0.2884616 0 0.25 0 0.25 0 0.2884615 0 0.3269231 0 0.3269225 0 0.3269225 0 0.2884616 0 0.2884615 0 0.3269231 0 0.3653846 0 0.3653852 0 0.3653852 0 0.3269225 0 0.3269231 0 0.3653846 0 0.4038462 0 0.4038456 0 0.4038456 0 0.3653852 0 0.3653846 0 0.4038462 0 0.4423068 0 0.4423065 0 0.4423065 0 0.4038456 0 0.4038462 0 0.4423068 0 0.4807702 0 0.4807701 0 0.4807701 0 0.4423065 0 0.4423068 0 0.4807702 0 0.5192308 0 0.5192314 0 0.5192314 0 0.4807701 0 0.4807702 0 0.5192308 0 0.5576924 0 0.557693 0 0.557693 0 0.5192314 0 0.5192308 0 0.5576924 0 0.5961539 0 0.5961534 0 0.5961534 0 0.557693 0 0.5576924 0 0.5961539 0 0.6346155 0 0.634616 0 0.634616 0 0.5961534 0 0.5961539 0 0.6346155 0 0.6730771 0 0.6730771 0 0.6730771 0 0.634616 0 0.6346155 0 0.6730771 0 0.7115386 0 0.7115385 0 0.7115385 0 0.6730771 0 0.6730771 0 0.7115386 0 0.7499991 0 0.7499988 0 0.7499988 0 0.7115385 0 0.7115386 0 0.7884625 0.02945142 0.7499991 0.02945142 0.7499991 0.02945142 0.7499991 0.02945142 0.7884625 0.02945142 0.7884625 0.02945142 0.7499991 0.02945142 0.7115386 0.02945142 0.7115386 0.02945142 0.7115386 0.02945142 0.7499991 0.02945142 0.7499991 0.02945142 0.7115386 0.02945142 0.6730771 0.02945142 0.6730771 0.02945142 0.6730771 0.02945142 0.7115386 0.02945142 0.7115386 0.02945142 0.6730771 0.02945142 0.6346155 0.02945142 0.6346156 0.02945142 0.6346156 0.02945142 0.6730771 0.02945142 0.6730771 0.02945142 0.6346155 0.02945142 0.5961539 0.02945142 0.5961539 0.02945142 0.5961539 0.02945142 0.6346156 0.02945142 0.6346155 0.02945142 0.5961539 0.02945142 0.5576924 0.02945142 0.5576924 0.02945142 0.5576924 0.02945142 0.5961539 0.02945142 0.5961539 0.02945142 0.5576924 0.02945142 0.5192308 0.02945142 0.5192308 0.02945142 0.5192308 0.02945142 0.5576924 0.02945142 0.5576924 0.02945142 0.5192308 0.02945142 0.4807702 0.02945142 0.4807702 0.02945142 0.4807702 0.02945142 0.5192308 0.02945142 0.5192308 0.02945142 0.4807702 0.02945142 0.4423068 0.02945142 0.4423068 0.02945142 0.4423068 0.02945142 0.4807702 0.02945142 0.4807702 0.02945142 0.4423068 0.02945142 0.4038462 0.02945142 0.4038462 0.02945142 0.4038462 0.02945142 0.4423068 0.02945142 0.4423068 0.02945142 0.4038462 0.02945142 0.3653846 0.02945142 0.3653846 0.02945142 0.3653846 0.02945142 0.4038462 0.02945142 0.4038462 0.02945142 0.3653846 0.02945142 0.3269231 0.02945142 0.3269231 0.02945142 0.3269231 0.02945142 0.3653846 0.02945142 0.3653846 0.02945142 0.3269231 0.02945142 0.2884615 0.02945142 0.2884615 0.02945142 0.2884615 0.02945142 0.3269231 0.02945142 0.3269231 0.02945142 0.2884615 0.02945142 0.25 0.02945142 0.25 0.02945142 0.25 0.02945142 0.2884615 0.02945142 0.2884615 0.02945142 0.25 0.02945142 0.2115394 0.02945142 0.2115394 0.02945142 0.2115394 0.02945142 0.25 0.02945142 0.25 0.02945142 0.2115394 0.02945142 0.173076 0.02945142 0.173076 0.02945142 0.173076 0.02945142 0.2115394 0.02945142 0.2115394 0.02945142 0.173076 0.02945142 0.1346154 0.02945142 0.1346154 0.02945142 0.1346154 0.02945142 0.173076 0.02945142 0.173076 0.02945142 0.1346154 0.02945142 0.09615385 0.02945142 0.09615385 0.02945142 0.09615385 0.02945142 0.1346154 0.02945142 0.1346154 0.02945142 0.09615385 0.02945142 0.05769228 0.02945142 0.05769228 0.02945142 0.05769228 0.02945142 0.09615385 0.02945142 0.09615385 0.02945142 0.05769228 0.02945142 0.01923084 0.02945142 0.01923084 0.02945142 0.01923084 0.02945142 0.05769228 0.02945142 0.05769228 0.02945142 0.01923084 0.02945142 -0.01923072 0.02945142 -0.01923072 0.02945142 -0.01923072 0.02945142 0.01923084 0.02945142 0.01923084 0.02945142 0.9807693 0.02945142 0.9423087 0.02945142 0.9423087 0.02945142 0.9423087 0.02945142 0.9807693 0.02945142 0.9807693 0.02945142 0.9423087 0.02945142 0.9038453 0.02945142 0.9038453 0.02945142 0.9038453 0.02945142 0.9423087 0.02945142 0.9423087 0.02945142 0.9038453 0.02945142 0.8653846 0.02945142 0.8653847 0.02945142 0.8653847 0.02945142 0.9038453 0.02945142 0.9038453 0.02945142 0.8653846 0.02945142 0.8269231 0.02945142 0.8269231 0.02945142 0.8269231 0.02945142 0.8653847 0.02945142 0.8653846 0.02945142 0.8269231 0.02945142 0.7884625 0.02945142 0.7884625 0.02945142 0.7884625 0.02945142 0.8269231 0.02945142 0.8269231 0.02945142 0.7884625 0.01777827 0.7884625 0.02945142 0.7499991 0.02945142 0.7499991 0.02945142 0.7499994 0.01777827 0.7884625 0.01777827 0.7499994 0.01777827 0.7499991 0.02945142 0.7115386 0.02945142 0.7115386 0.02945142 0.7115385 0.01777827 0.7499994 0.01777827 0.7115385 0.01777827 0.7115386 0.02945142 0.6730771 0.02945142 0.6730771 0.02945142 0.6730771 0.01777827 0.7115385 0.01777827 0.6730771 0.01777827 0.6730771 0.02945142 0.6346156 0.02945142 0.6346156 0.02945142 0.634616 0.01777827 0.6730771 0.01777827 0.634616 0.01777827 0.6346156 0.02945142 0.5961539 0.02945142 0.5961539 0.02945142 0.5961534 0.01777827 0.634616 0.01777827 0.5961534 0.01777827 0.5961539 0.02945142 0.5576924 0.02945142 0.5576924 0.02945142 0.5576927 0.01777827 0.5961534 0.01777827 0.5576927 0.01777827 0.5576924 0.02945142 0.5192308 0.02945142 0.5192308 0.02945142 0.519231 0.01777827 0.5576927 0.01777827 0.519231 0.01777827 0.5192308 0.02945142 0.4807702 0.02945142 0.4807702 0.02945142 0.4807701 0.01777827 0.519231 0.01777827 0.4807701 0.01777827 0.4807702 0.02945142 0.4423068 0.02945142 0.4423068 0.02945142 0.4423068 0.01777827 0.4807701 0.01777827 0.4423068 0.01777827 0.4423068 0.02945142 0.4038462 0.02945142 0.4038462 0.02945142 0.4038459 0.01777827 0.4423068 0.01777827 0.4038459 0.01777827 0.4038462 0.02945142 0.3653846 0.02945142 0.3653846 0.02945142 0.3653852 0.01777827 0.4038459 0.01777827 0.3653852 0.01777827 0.3653846 0.02945142 0.3269231 0.02945142 0.3269231 0.02945142 0.3269225 0.01777827 0.3653852 0.01777827 0.3269225 0.01777827 0.3269231 0.02945142 0.2884615 0.02945142 0.2884615 0.02945142 0.2884616 0.01777827 0.3269225 0.01777827 0.2884616 0.01777827 0.2884615 0.02945142 0.25 0.02945142 0.25 0.02945142 0.2500001 0.01777827 0.2884616 0.01777827 0.2500001 0.01777827 0.25 0.02945142 0.2115394 0.02945142 0.2115394 0.02945142 0.2115393 0.01777827 0.2500001 0.01777827 0.2115393 0.01777827 0.2115394 0.02945142 0.173076 0.02945142 0.173076 0.02945142 0.1730762 0.01777827 0.2115393 0.01777827 0.1730762 0.01777827 0.173076 0.02945142 0.1346154 0.02945142 0.1346154 0.02945142 0.1346153 0.01777827 0.1730762 0.01777827 0.1346153 0.01777827 0.1346154 0.02945142 0.09615385 0.02945142 0.09615385 0.02945142 0.09615439 0.01777827 0.1346153 0.01777827 0.09615439 0.01777827 0.09615385 0.02945142 0.05769228 0.02945142 0.05769228 0.02945142 0.05769181 0.01777827 0.09615439 0.01777827 0.05769181 0.01777827 0.05769228 0.02945142 0.01923084 0.02945142 0.01923084 0.02945142 0.01923078 0.01777827 0.05769181 0.01777827 0.01923078 0.01777827 0.01923084 0.02945142 -0.01923072 0.02945142 -0.01923072 0.02945142 -0.0192306 0.01777827 0.01923078 0.01777827 0.9807694 0.01777827 0.9807693 0.02945142 0.9423087 0.02945142 0.9423087 0.02945142 0.9423084 0.01777827 0.9807694 0.01777827 0.9423084 0.01777827 0.9423087 0.02945142 0.9038453 0.02945142 0.9038453 0.02945142 0.9038454 0.01777827 0.9423084 0.01777827 0.9038454 0.01777827 0.9038453 0.02945142 0.8653847 0.02945142 0.8653847 0.02945142 0.8653845 0.01777827 0.9038454 0.01777827 0.8653845 0.01777827 0.8653847 0.02945142 0.8269231 0.02945142 0.8269231 0.02945142 0.8269231 0.01777827 0.8653845 0.01777827 0.8269231 0.01777827 0.8269231 0.02945142 0.7884625 0.02945142 0.7884625 0.02945142 0.7884625 0.01777827 0.8269231 0.01777827 0.7884625 0.1347561 0.7884624 0.135779 0.7499991 0.135779 0.7499991 0.135779 0.7499991 0.1347561 0.7884625 0.1347561 0.7499991 0.1347561 0.7499991 0.135779 0.7115386 0.135779 0.7115386 0.135779 0.7115386 0.1347561 0.7499991 0.1347561 0.7115386 0.1347561 0.7115386 0.135779 0.6730771 0.135779 0.6730771 0.135779 0.6730771 0.1347561 0.7115386 0.1347561 0.6730771 0.1347561 0.6730771 0.135779 0.6346155 0.135779 0.6346155 0.135779 0.6346155 0.1347561 0.6730771 0.1347561 0.6346155 0.1347561 0.6346155 0.135779 0.5961539 0.135779 0.5961539 0.135779 0.5961539 0.1347561 0.6346155 0.1347561 0.5961539 0.1347561 0.5961539 0.135779 0.5576924 0.135779 0.5576924 0.135779 0.5576924 0.1347561 0.5961539 0.1347561 0.5576924 0.1347561 0.5576924 0.135779 0.5192308 0.135779 0.5192308 0.135779 0.5192308 0.1347561 0.5576924 0.1347561 0.5192308 0.1347561 0.5192308 0.135779 0.4807702 0.135779 0.4807702 0.135779 0.4807702 0.1347561 0.5192308 0.1347561 0.4807702 0.1347561 0.4807702 0.135779 0.4423068 0.135779 0.4423068 0.135779 0.4423068 0.1347561 0.4807702 0.1347561 0.4423068 0.1347561 0.4423068 0.135779 0.4038462 0.135779 0.4038462 0.135779 0.4038462 0.1347561 0.4423068 0.1347561 0.4038462 0.1347561 0.4038462 0.135779 0.3653846 0.135779 0.3653846 0.135779 0.3653846 0.1347561 0.4038462 0.1347561 0.3653846 0.1347561 0.3653846 0.135779 0.3269231 0.135779 0.3269231 0.135779 0.3269231 0.1347561 0.3653846 0.1347561 0.3269231 0.1347561 0.3269231 0.135779 0.2884615 0.135779 0.2884615 0.135779 0.2884615 0.1347561 0.3269231 0.1347561 0.2884615 0.1347561 0.2884615 0.135779 0.25 0.135779 0.25 0.135779 0.25 0.1347561 0.2884615 0.1347561 0.25 0.1347561 0.25 0.135779 0.2115393 0.135779 0.2115393 0.135779 0.2115394 0.1347561 0.25 0.1347561 0.2115394 0.1347561 0.2115393 0.135779 0.173076 0.135779 0.173076 0.135779 0.173076 0.1347561 0.2115394 0.1347561 0.173076 0.1347561 0.173076 0.135779 0.1346154 0.135779 0.1346154 0.135779 0.1346154 0.1347561 0.173076 0.1347561 0.1346154 0.1347561 0.1346154 0.135779 0.09615385 0.135779 0.09615385 0.135779 0.09615385 0.1347561 0.1346154 0.1347561 0.09615385 0.1347561 0.09615385 0.135779 0.05769228 0.135779 0.05769228 0.135779 0.05769228 0.1347561 0.09615385 0.1347561 0.05769228 0.1347561 0.05769228 0.135779 0.01923084 0.135779 0.01923084 0.135779 0.01923084 0.1347561 0.05769228 0.1347561 0.01923084 0.1347561 0.01923084 0.135779 -0.01923072 0.135779 -0.01923072 0.135779 -0.01923072 0.1347561 0.01923084 0.1347561 0.9807693 0.1347561 0.9807693 0.135779 0.9423087 0.135779 0.9423087 0.135779 0.9423087 0.1347561 0.9807693 0.1347561 0.9423087 0.1347561 0.9423087 0.135779 0.9038453 0.135779 0.9038453 0.135779 0.9038453 0.1347561 0.9423087 0.1347561 0.9038453 0.1347561 0.9038453 0.135779 0.8653847 0.135779 0.8653847 0.135779 0.8653847 0.1347561 0.9038453 0.1347561 0.8653847 0.1347561 0.8653847 0.135779 0.8269231 0.135779 0.8269231 0.135779 0.8269231 0.1347561 0.8653847 0.1347561 0.8269231 0.1347561 0.8269231 0.135779 0.7884624 0.135779 0.7884624 0.135779 0.7884625 0.1347561 0.8269231 0.1347561 0.8653847 0.9727626 0.9038463 0.9727626 0.9423078 0.9727626 0.9423078 0.9727626 0.9807693 0.9727626 0.0192309 0.9727626 0.0192309 0.9727626 0.05769234 0.9727626 0.1730769 0.9727626 0.05769234 0.9727626 0.09615391 0.9727626 0.1730769 0.9727626 0.09615391 0.9727626 0.1346154 0.9727626 0.1730769 0.9727626 0.1730769 0.9727626 0.2115384 0.9727626 0.25 0.9727626 0.25 0.9727626 0.2884615 0.9727626 0.326923 0.9727626 0.326923 0.9727626 0.3653845 0.9727626 0.4807692 0.9727626 0.3653845 0.9727626 0.4038461 0.9727626 0.4807692 0.9727626 0.4038461 0.9727626 0.4423076 0.9727626 0.4807692 0.9727626 0.4807692 0.9727626 0.5192307 0.9727626 0.5576923 0.9727626 0.5576923 0.9727626 0.5961539 0.9727626 0.6346154 0.9727626 0.6346154 0.9727626 0.6730771 0.9727626 0.7884616 0.9727626 0.6730771 0.9727626 0.7115387 0.9727626 0.7884616 0.9727626 0.7115387 0.9727626 0.75 0.9727626 0.7884616 0.9727626 0.7884616 0.9727626 0.8269231 0.9727626 0.8653847 0.9727626 0.8653847 0.9727626 0.9423078 0.9727626 0.7884616 0.9727626 0.9423078 0.9727626 0.0192309 0.9727626 0.7884616 0.9727626 0.1730769 0.9727626 0.25 0.9727626 0.326923 0.9727626 0.4807692 0.9727626 0.5576923 0.9727626 0.326923 0.9727626 0.5576923 0.9727626 0.6346154 0.9727626 0.326923 0.9727626 0.0192309 0.9727626 0.1730769 0.9727626 0.326923 0.9727626 0.6346154 0.9727626 0.7884616 0.9727626 0.0192309 0.9727626</float_array>
          <technique_common>
            <accessor source="#Örüntü_024-mesh-map-0-array" count="2328" stride="2">
              <param name="S" type="float"/>
              <param name="T" type="float"/>
            </accessor>
          </technique_common>
        </source>
        <vertices id="Örüntü_024-mesh-vertices">
          <input semantic="POSITION" source="#Örüntü_024-mesh-positions"/>
        </vertices>
        <triangles material="direk_014-material" count="776">
          <input semantic="VERTEX" source="#Örüntü_024-mesh-vertices" offset="0"/>
          <input semantic="NORMAL" source="#Örüntü_024-mesh-normals" offset="1"/>
          <input semantic="TEXCOORD" source="#Örüntü_024-mesh-map-0" offset="2" set="0"/>
          <p>24 0 0 23 0 1 22 0 2 22 0 3 21 0 4 20 0 5 20 0 6 19 0 7 18 0 8 22 0 9 20 0 10 18 0 11 18 0 12 17 0 13 16 0 14 16 0 15 15 0 16 14 0 17 18 0 18 16 0 19 14 0 20 22 0 21 18 0 22 14 0 23 14 0 24 13 0 25 12 0 26 12 0 27 11 0 28 10 0 29 14 0 30 12 0 31 10 0 32 10 0 33 9 0 34 8 0 35 8 0 36 7 0 37 6 0 38 10 0 39 8 0 40 6 0 41 14 0 42 10 0 43 6 0 44 22 0 45 14 0 46 6 0 47 6 0 48 5 0 49 4 0 50 4 0 51 3 0 52 2 0 53 6 0 54 4 0 55 2 0 56 22 0 57 6 0 58 2 0 59 2 0 60 1 0 61 0 0 62 22 0 63 2 0 64 0 0 65 24 0 66 22 0 67 0 0 68 25 0 69 24 0 70 0 0 71 234 1 72 235 2 73 260 3 74 260 3 75 261 4 76 234 1 77 235 2 78 236 5 79 285 6 80 285 6 81 260 3 82 235 2 83 236 5 84 237 7 85 284 8 86 284 8 87 285 6 88 236 5 89 237 7 90 238 9 91 283 10 92 283 10 93 284 8 94 237 7 95 238 9 96 239 11 97 282 12 98 282 12 99 283 10 100 238 9 101 239 11 102 240 13 103 281 14 104 281 14 105 282 12 106 239 11 107 240 13 108 241 15 109 280 16 110 280 16 111 281 14 112 240 13 113 241 15 114 242 17 115 279 18 116 279 18 117 280 16 118 241 15 119 242 17 120 243 19 121 278 20 122 278 20 123 279 18 124 242 17 125 243 19 126 244 21 127 277 22 128 277 22 129 278 20 130 243 19 131 244 21 132 245 23 133 276 24 134 276 24 135 277 22 136 244 21 137 245 23 138 246 25 139 275 26 140 275 26 141 276 24 142 245 23 143 246 25 144 247 27 145 274 28 146 274 28 147 275 26 148 246 25 149 247 27 150 248 29 151 273 30 152 273 30 153 274 28 154 247 27 155 248 29 156 249 31 157 272 32 158 272 32 159 273 30 160 248 29 161 249 31 162 250 33 163 271 34 164 271 34 165 272 32 166 249 31 167 250 33 168 251 35 169 270 36 170 270 36 171 271 34 172 250 33 173 251 35 174 252 37 175 269 38 176 269 38 177 270 36 178 251 35 179 252 37 180 253 39 181 268 40 182 268 40 183 269 38 184 252 37 185 253 39 186 254 41 187 267 42 188 267 42 189 268 40 190 253 39 191 254 41 192 255 43 193 266 44 194 266 44 195 267 42 196 254 41 197 255 43 198 256 45 199 265 46 200 265 46 201 266 44 202 255 43 203 256 45 204 257 47 205 264 48 206 264 48 207 265 46 208 256 45 209 257 47 210 258 49 211 263 50 212 263 50 213 264 48 214 257 47 215 258 49 216 259 51 217 262 52 218 262 52 219 263 50 220 258 49 221 259 51 222 234 1 223 261 4 224 261 4 225 262 52 226 259 51 227 26 1 228 27 2 229 53 3 230 53 3 231 52 4 232 26 1 233 27 2 234 28 5 235 54 6 236 54 6 237 53 3 238 27 2 239 28 5 240 29 7 241 55 8 242 55 8 243 54 6 244 28 5 245 29 7 246 30 9 247 56 10 248 56 10 249 55 8 250 29 7 251 30 9 252 31 11 253 57 12 254 57 12 255 56 10 256 30 9 257 31 11 258 32 13 259 58 14 260 58 14 261 57 12 262 31 11 263 32 13 264 33 15 265 59 16 266 59 16 267 58 14 268 32 13 269 33 15 270 34 17 271 60 18 272 60 18 273 59 16 274 33 15 275 34 17 276 35 19 277 61 20 278 61 20 279 60 18 280 34 17 281 35 19 282 36 21 283 62 22 284 62 22 285 61 20 286 35 19 287 36 21 288 37 23 289 63 24 290 63 24 291 62 22 292 36 21 293 37 23 294 38 25 295 64 26 296 64 26 297 63 24 298 37 23 299 38 25 300 39 27 301 65 28 302 65 28 303 64 26 304 38 25 305 39 27 306 40 29 307 66 30 308 66 30 309 65 28 310 39 27 311 40 29 312 41 31 313 67 32 314 67 32 315 66 30 316 40 29 317 41 31 318 42 53 319 68 34 320 68 34 321 67 32 322 41 31 323 42 53 324 43 54 325 69 36 326 69 36 327 68 34 328 42 53 329 43 54 330 44 37 331 70 38 332 70 38 333 69 36 334 43 54 335 44 37 336 45 39 337 71 40 338 71 40 339 70 38 340 44 37 341 45 39 342 46 55 343 72 42 344 72 42 345 71 40 346 45 39 347 46 55 348 47 43 349 73 44 350 73 44 351 72 42 352 46 55 353 47 43 354 48 45 355 74 46 356 74 46 357 73 44 358 47 43 359 48 45 360 49 47 361 75 48 362 75 48 363 74 46 364 48 45 365 49 47 366 50 56 367 76 50 368 76 50 369 75 48 370 49 47 371 50 56 372 51 51 373 77 52 374 77 52 375 76 50 376 50 56 377 51 51 378 26 1 379 52 4 380 52 4 381 77 52 382 51 51 383 52 4 384 53 3 385 79 3 386 79 3 387 78 4 388 52 4 389 53 3 390 54 6 391 80 6 392 80 6 393 79 3 394 53 3 395 54 6 396 55 8 397 81 8 398 81 8 399 80 6 400 54 6 401 55 8 402 56 10 403 82 10 404 82 10 405 81 8 406 55 8 407 56 10 408 57 12 409 83 12 410 83 12 411 82 10 412 56 10 413 57 12 414 58 14 415 84 14 416 84 14 417 83 12 418 57 12 419 58 14 420 59 16 421 85 16 422 85 16 423 84 14 424 58 14 425 59 16 426 60 18 427 86 18 428 86 18 429 85 16 430 59 16 431 60 18 432 61 20 433 87 20 434 87 20 435 86 18 436 60 18 437 61 20 438 62 22 439 88 22 440 88 22 441 87 20 442 61 20 443 62 22 444 63 24 445 89 24 446 89 24 447 88 22 448 62 22 449 63 24 450 64 26 451 90 26 452 90 26 453 89 24 454 63 24 455 64 26 456 65 28 457 91 28 458 91 28 459 90 26 460 64 26 461 65 28 462 66 30 463 92 30 464 92 30 465 91 28 466 65 28 467 66 30 468 67 32 469 93 32 470 93 32 471 92 30 472 66 30 473 67 32 474 68 34 475 94 34 476 94 34 477 93 32 478 67 32 479 68 34 480 69 36 481 95 36 482 95 36 483 94 34 484 68 34 485 69 36 486 70 38 487 96 38 488 96 38 489 95 36 490 69 36 491 70 38 492 71 40 493 97 40 494 97 40 495 96 38 496 70 38 497 71 40 498 72 42 499 98 42 500 98 42 501 97 40 502 71 40 503 72 42 504 73 44 505 99 44 506 99 44 507 98 42 508 72 42 509 73 44 510 74 46 511 100 46 512 100 46 513 99 44 514 73 44 515 74 46 516 75 48 517 101 48 518 101 48 519 100 46 520 74 46 521 75 48 522 76 50 523 102 50 524 102 50 525 101 48 526 75 48 527 76 50 528 77 52 529 103 52 530 103 52 531 102 50 532 76 50 533 77 52 534 52 4 535 78 4 536 78 4 537 103 52 538 77 52 539 78 4 540 79 3 541 105 3 542 105 3 543 104 4 544 78 4 545 79 3 546 80 6 547 106 6 548 106 6 549 105 3 550 79 3 551 80 6 552 81 8 553 107 8 554 107 8 555 106 6 556 80 6 557 81 8 558 82 10 559 108 10 560 108 10 561 107 8 562 81 8 563 82 10 564 83 12 565 109 12 566 109 12 567 108 10 568 82 10 569 83 12 570 84 14 571 110 14 572 110 14 573 109 12 574 83 12 575 84 14 576 85 16 577 111 16 578 111 16 579 110 14 580 84 14 581 85 16 582 86 18 583 112 18 584 112 18 585 111 16 586 85 16 587 86 18 588 87 20 589 113 20 590 113 20 591 112 18 592 86 18 593 87 20 594 88 22 595 114 22 596 114 22 597 113 20 598 87 20 599 88 22 600 89 24 601 115 24 602 115 24 603 114 22 604 88 22 605 89 24 606 90 26 607 116 26 608 116 26 609 115 24 610 89 24 611 90 26 612 91 28 613 117 28 614 117 28 615 116 26 616 90 26 617 91 28 618 92 30 619 118 30 620 118 30 621 117 28 622 91 28 623 92 30 624 93 32 625 119 32 626 119 32 627 118 30 628 92 30 629 93 32 630 94 34 631 120 34 632 120 34 633 119 32 634 93 32 635 94 34 636 95 36 637 121 36 638 121 36 639 120 34 640 94 34 641 95 36 642 96 38 643 122 38 644 122 38 645 121 36 646 95 36 647 96 38 648 97 40 649 123 40 650 123 40 651 122 38 652 96 38 653 97 40 654 98 42 655 124 42 656 124 42 657 123 40 658 97 40 659 98 42 660 99 44 661 125 44 662 125 44 663 124 42 664 98 42 665 99 44 666 100 46 667 126 46 668 126 46 669 125 44 670 99 44 671 100 46 672 101 48 673 127 48 674 127 48 675 126 46 676 100 46 677 101 48 678 102 50 679 128 50 680 128 50 681 127 48 682 101 48 683 102 50 684 103 52 685 129 52 686 129 52 687 128 50 688 102 50 689 103 52 690 78 4 691 104 4 692 104 4 693 129 52 694 103 52 695 104 4 696 105 3 697 131 3 698 131 3 699 130 4 700 104 4 701 105 3 702 106 6 703 132 6 704 132 6 705 131 3 706 105 3 707 106 6 708 107 8 709 133 8 710 133 8 711 132 6 712 106 6 713 107 8 714 108 10 715 134 10 716 134 10 717 133 8 718 107 8 719 108 10 720 109 12 721 135 12 722 135 12 723 134 10 724 108 10 725 109 12 726 110 14 727 136 14 728 136 14 729 135 12 730 109 12 731 110 14 732 111 16 733 137 16 734 137 16 735 136 14 736 110 14 737 111 16 738 112 18 739 138 18 740 138 18 741 137 16 742 111 16 743 112 18 744 113 20 745 139 20 746 139 20 747 138 18 748 112 18 749 113 20 750 114 22 751 140 22 752 140 22 753 139 20 754 113 20 755 114 22 756 115 24 757 141 24 758 141 24 759 140 22 760 114 22 761 115 24 762 116 26 763 142 26 764 142 26 765 141 24 766 115 24 767 116 26 768 117 28 769 143 28 770 143 28 771 142 26 772 116 26 773 117 28 774 118 30 775 144 30 776 144 30 777 143 28 778 117 28 779 118 30 780 119 32 781 145 32 782 145 32 783 144 30 784 118 30 785 119 32 786 120 34 787 146 34 788 146 34 789 145 32 790 119 32 791 120 34 792 121 36 793 147 36 794 147 36 795 146 34 796 120 34 797 121 36 798 122 38 799 148 38 800 148 38 801 147 36 802 121 36 803 122 38 804 123 40 805 149 40 806 149 40 807 148 38 808 122 38 809 123 40 810 124 42 811 150 42 812 150 42 813 149 40 814 123 40 815 124 42 816 125 44 817 151 44 818 151 44 819 150 42 820 124 42 821 125 44 822 126 46 823 152 46 824 152 46 825 151 44 826 125 44 827 126 46 828 127 48 829 153 48 830 153 48 831 152 46 832 126 46 833 127 48 834 128 50 835 154 50 836 154 50 837 153 48 838 127 48 839 128 50 840 129 52 841 155 52 842 155 52 843 154 50 844 128 50 845 129 52 846 104 4 847 130 4 848 130 4 849 155 52 850 129 52 851 130 4 852 131 3 853 157 57 854 157 57 855 156 58 856 130 4 857 131 3 858 132 6 859 158 59 860 158 59 861 157 57 862 131 3 863 132 6 864 133 8 865 159 60 866 159 60 867 158 59 868 132 6 869 133 8 870 134 10 871 160 61 872 160 61 873 159 60 874 133 8 875 134 10 876 135 12 877 161 62 878 161 62 879 160 61 880 134 10 881 135 12 882 136 14 883 162 63 884 162 63 885 161 62 886 135 12 887 136 14 888 137 16 889 163 64 890 163 64 891 162 63 892 136 14 893 137 16 894 138 18 895 164 65 896 164 65 897 163 64 898 137 16 899 138 18 900 139 20 901 165 66 902 165 66 903 164 65 904 138 18 905 139 20 906 140 22 907 166 67 908 166 67 909 165 66 910 139 20 911 140 22 912 141 24 913 167 68 914 167 68 915 166 67 916 140 22 917 141 24 918 142 26 919 168 69 920 168 69 921 167 68 922 141 24 923 142 26 924 143 28 925 169 70 926 169 70 927 168 69 928 142 26 929 143 28 930 144 30 931 170 71 932 170 71 933 169 70 934 143 28 935 144 30 936 145 32 937 171 72 938 171 72 939 170 71 940 144 30 941 145 32 942 146 34 943 172 73 944 172 73 945 171 72 946 145 32 947 146 34 948 147 36 949 173 74 950 173 74 951 172 73 952 146 34 953 147 36 954 148 38 955 174 75 956 174 75 957 173 74 958 147 36 959 148 38 960 149 40 961 175 76 962 175 76 963 174 75 964 148 38 965 149 40 966 150 42 967 176 77 968 176 77 969 175 76 970 149 40 971 150 42 972 151 44 973 177 78 974 177 78 975 176 77 976 150 42 977 151 44 978 152 46 979 178 79 980 178 79 981 177 78 982 151 44 983 152 46 984 153 48 985 179 80 986 179 80 987 178 79 988 152 46 989 153 48 990 154 50 991 180 81 992 180 81 993 179 80 994 153 48 995 154 50 996 155 52 997 181 82 998 181 82 999 180 81 1000 154 50 1001 155 52 1002 130 4 1003 156 58 1004 156 58 1005 181 82 1006 155 52 1007 0 0 1008 1 0 1009 183 0 1010 183 0 1011 182 0 1012 0 0 1013 1 0 1014 2 0 1015 184 0 1016 184 0 1017 183 0 1018 1 0 1019 2 0 1020 3 0 1021 185 0 1022 185 0 1023 184 0 1024 2 0 1025 3 0 1026 4 0 1027 186 0 1028 186 0 1029 185 0 1030 3 0 1031 4 0 1032 5 0 1033 187 0 1034 187 0 1035 186 0 1036 4 0 1037 5 0 1038 6 0 1039 188 0 1040 188 0 1041 187 0 1042 5 0 1043 6 0 1044 7 0 1045 189 0 1046 189 0 1047 188 0 1048 6 0 1049 7 0 1050 8 0 1051 190 0 1052 190 0 1053 189 0 1054 7 0 1055 8 0 1056 9 0 1057 191 0 1058 191 0 1059 190 0 1060 8 0 1061 9 0 1062 10 0 1063 192 0 1064 192 0 1065 191 0 1066 9 0 1067 10 0 1068 11 0 1069 193 0 1070 193 0 1071 192 0 1072 10 0 1073 11 0 1074 12 0 1075 194 0 1076 194 0 1077 193 0 1078 11 0 1079 12 0 1080 13 0 1081 195 0 1082 195 0 1083 194 0 1084 12 0 1085 13 0 1086 14 0 1087 196 0 1088 196 0 1089 195 0 1090 13 0 1091 14 0 1092 15 0 1093 197 0 1094 197 0 1095 196 0 1096 14 0 1097 15 0 1098 16 0 1099 198 0 1100 198 0 1101 197 0 1102 15 0 1103 16 0 1104 17 0 1105 199 0 1106 199 0 1107 198 0 1108 16 0 1109 17 0 1110 18 0 1111 200 0 1112 200 0 1113 199 0 1114 17 0 1115 18 0 1116 19 0 1117 201 0 1118 201 0 1119 200 0 1120 18 0 1121 19 0 1122 20 0 1123 202 0 1124 202 0 1125 201 0 1126 19 0 1127 20 0 1128 21 0 1129 203 0 1130 203 0 1131 202 0 1132 20 0 1133 21 0 1134 22 0 1135 204 0 1136 204 0 1137 203 0 1138 21 0 1139 22 0 1140 23 0 1141 205 0 1142 205 0 1143 204 0 1144 22 0 1145 23 0 1146 24 0 1147 206 0 1148 206 0 1149 205 0 1150 23 0 1151 24 0 1152 25 0 1153 207 0 1154 207 0 1155 206 0 1156 24 0 1157 25 0 1158 0 0 1159 182 0 1160 182 0 1161 207 0 1162 25 0 1163 27 83 1164 26 83 1165 209 83 1166 209 84 1167 208 84 1168 27 84 1169 26 85 1170 51 85 1171 210 85 1172 210 86 1173 209 86 1174 26 86 1175 51 87 1176 50 87 1177 211 87 1178 211 87 1179 210 87 1180 51 87 1181 50 87 1182 49 87 1183 212 87 1184 212 87 1185 211 87 1186 50 87 1187 49 87 1188 48 87 1189 213 87 1190 213 87 1191 212 87 1192 49 87 1193 48 88 1194 47 88 1195 214 88 1196 214 89 1197 213 89 1198 48 89 1199 47 90 1200 46 90 1201 215 90 1202 215 91 1203 214 91 1204 47 91 1205 46 87 1206 45 87 1207 216 87 1208 216 92 1209 215 92 1210 46 92 1211 45 87 1212 44 87 1213 217 87 1214 217 87 1215 216 87 1216 45 87 1217 44 87 1218 43 87 1219 218 87 1220 218 87 1221 217 87 1222 44 87 1223 43 87 1224 42 87 1225 219 87 1226 219 87 1227 218 87 1228 43 87 1229 42 93 1230 41 93 1231 220 93 1232 220 87 1233 219 87 1234 42 87 1235 41 94 1236 40 94 1237 221 94 1238 221 95 1239 220 95 1240 41 95 1241 40 96 1242 39 96 1243 222 96 1244 222 97 1245 221 97 1246 40 97 1247 39 98 1248 38 98 1249 223 98 1250 223 99 1251 222 99 1252 39 99 1253 38 100 1254 37 100 1255 224 100 1256 224 101 1257 223 101 1258 38 101 1259 37 87 1260 36 87 1261 225 87 1262 225 102 1263 224 102 1264 37 102 1265 36 87 1266 35 87 1267 226 87 1268 226 87 1269 225 87 1270 36 87 1271 35 87 1272 34 87 1273 227 87 1274 227 87 1275 226 87 1276 35 87 1277 34 87 1278 33 87 1279 228 87 1280 228 87 1281 227 87 1282 34 87 1283 33 87 1284 32 87 1285 229 87 1286 229 87 1287 228 87 1288 33 87 1289 32 87 1290 31 87 1291 230 87 1292 230 87 1293 229 87 1294 32 87 1295 31 87 1296 30 87 1297 231 87 1298 231 87 1299 230 87 1300 31 87 1301 30 87 1302 29 87 1303 232 87 1304 232 103 1305 231 103 1306 30 103 1307 29 87 1308 28 87 1309 233 87 1310 233 87 1311 232 87 1312 29 87 1313 28 87 1314 27 87 1315 208 87 1316 208 104 1317 233 104 1318 28 104 1319 163 64 1320 171 72 1321 179 80 1322 286 105 1323 287 106 1324 338 107 1325 338 107 1326 339 108 1327 286 105 1328 287 106 1329 288 109 1330 363 110 1331 363 110 1332 338 107 1333 287 106 1334 288 109 1335 289 111 1336 362 112 1337 362 112 1338 363 110 1339 288 109 1340 289 111 1341 290 113 1342 361 114 1343 361 114 1344 362 112 1345 289 111 1346 290 113 1347 291 115 1348 360 116 1349 360 116 1350 361 114 1351 290 113 1352 291 115 1353 292 117 1354 359 118 1355 359 118 1356 360 116 1357 291 115 1358 292 117 1359 293 119 1360 358 120 1361 358 120 1362 359 118 1363 292 117 1364 293 119 1365 294 121 1366 357 122 1367 357 122 1368 358 120 1369 293 119 1370 294 121 1371 295 123 1372 356 124 1373 356 124 1374 357 122 1375 294 121 1376 295 123 1377 296 125 1378 355 126 1379 355 126 1380 356 124 1381 295 123 1382 296 125 1383 297 127 1384 354 128 1385 354 128 1386 355 126 1387 296 125 1388 297 127 1389 298 129 1390 353 130 1391 353 130 1392 354 128 1393 297 127 1394 298 129 1395 299 131 1396 352 132 1397 352 132 1398 353 130 1399 298 129 1400 299 131 1401 300 133 1402 351 134 1403 351 134 1404 352 132 1405 299 131 1406 300 133 1407 301 135 1408 350 136 1409 350 136 1410 351 134 1411 300 133 1412 301 135 1413 302 137 1414 349 138 1415 349 138 1416 350 136 1417 301 135 1418 302 137 1419 303 139 1420 348 140 1421 348 140 1422 349 138 1423 302 137 1424 303 139 1425 304 141 1426 347 142 1427 347 142 1428 348 140 1429 303 139 1430 304 141 1431 305 143 1432 346 144 1433 346 144 1434 347 142 1435 304 141 1436 305 143 1437 306 145 1438 345 146 1439 345 146 1440 346 144 1441 305 143 1442 306 145 1443 307 147 1444 344 148 1445 344 148 1446 345 146 1447 306 145 1448 307 147 1449 308 149 1450 343 150 1451 343 150 1452 344 148 1453 307 147 1454 308 149 1455 309 151 1456 342 152 1457 342 152 1458 343 150 1459 308 149 1460 309 151 1461 310 153 1462 341 154 1463 341 154 1464 342 152 1465 309 151 1466 310 153 1467 311 155 1468 340 156 1469 340 156 1470 341 154 1471 310 153 1472 311 155 1473 286 105 1474 339 108 1475 339 108 1476 340 156 1477 311 155 1478 364 107 1479 365 108 1480 261 4 1481 261 4 1482 260 3 1483 364 107 1484 365 108 1485 366 156 1486 262 52 1487 262 52 1488 261 4 1489 365 108 1490 366 156 1491 367 154 1492 263 50 1493 263 50 1494 262 52 1495 366 156 1496 367 154 1497 368 152 1498 264 48 1499 264 48 1500 263 50 1501 367 154 1502 368 152 1503 369 150 1504 265 46 1505 265 46 1506 264 48 1507 368 152 1508 369 150 1509 370 148 1510 266 44 1511 266 44 1512 265 46 1513 369 150 1514 370 148 1515 371 146 1516 267 42 1517 267 42 1518 266 44 1519 370 148 1520 371 146 1521 372 157 1522 268 40 1523 268 40 1524 267 42 1525 371 146 1526 372 157 1527 373 142 1528 269 38 1529 269 38 1530 268 40 1531 372 157 1532 373 142 1533 374 140 1534 270 36 1535 270 36 1536 269 38 1537 373 142 1538 374 140 1539 375 138 1540 271 34 1541 271 34 1542 270 36 1543 374 140 1544 375 138 1545 376 136 1546 272 32 1547 272 32 1548 271 34 1549 375 138 1550 376 136 1551 377 134 1552 273 30 1553 273 30 1554 272 32 1555 376 136 1556 377 134 1557 378 132 1558 274 28 1559 274 28 1560 273 30 1561 377 134 1562 378 132 1563 379 158 1564 275 26 1565 275 26 1566 274 28 1567 378 132 1568 379 158 1569 380 128 1570 276 24 1571 276 24 1572 275 26 1573 379 158 1574 380 128 1575 381 126 1576 277 22 1577 277 22 1578 276 24 1579 380 128 1580 381 126 1581 382 124 1582 278 20 1583 278 20 1584 277 22 1585 381 126 1586 382 124 1587 383 122 1588 279 18 1589 279 18 1590 278 20 1591 382 124 1592 383 122 1593 384 120 1594 280 16 1595 280 16 1596 279 18 1597 383 122 1598 384 120 1599 385 118 1600 281 14 1601 281 14 1602 280 16 1603 384 120 1604 385 118 1605 386 116 1606 282 12 1607 282 12 1608 281 14 1609 385 118 1610 386 116 1611 387 159 1612 283 10 1613 283 10 1614 282 12 1615 386 116 1616 387 159 1617 388 112 1618 284 8 1619 284 8 1620 283 10 1621 387 159 1622 388 112 1623 389 110 1624 285 6 1625 285 6 1626 284 8 1627 388 112 1628 389 110 1629 364 107 1630 260 3 1631 260 3 1632 285 6 1633 389 110 1634 182 160 1635 183 160 1636 287 160 1637 287 161 1638 286 161 1639 182 161 1640 183 162 1641 184 162 1642 288 162 1643 288 163 1644 287 163 1645 183 163 1646 184 164 1647 185 164 1648 289 164 1649 289 165 1650 288 165 1651 184 165 1652 185 166 1653 186 166 1654 290 166 1655 290 167 1656 289 167 1657 185 167 1658 186 168 1659 187 168 1660 291 168 1661 291 169 1662 290 169 1663 186 169 1664 187 170 1665 188 170 1666 292 170 1667 292 171 1668 291 171 1669 187 171 1670 188 0 1671 189 0 1672 293 0 1673 293 172 1674 292 172 1675 188 172 1676 189 0 1677 190 0 1678 294 0 1679 294 0 1680 293 0 1681 189 0 1682 190 0 1683 191 0 1684 295 0 1685 295 0 1686 294 0 1687 190 0 1688 191 173 1689 192 173 1690 296 173 1691 296 174 1692 295 174 1693 191 174 1694 192 175 1695 193 175 1696 297 175 1697 297 176 1698 296 176 1699 192 176 1700 193 177 1701 194 177 1702 298 177 1703 298 178 1704 297 178 1705 193 178 1706 194 179 1707 195 179 1708 299 179 1709 299 180 1710 298 180 1711 194 180 1712 195 0 1713 196 0 1714 300 0 1715 300 181 1716 299 181 1717 195 181 1718 196 0 1719 197 0 1720 301 0 1721 301 0 1722 300 0 1723 196 0 1724 197 0 1725 198 0 1726 302 0 1727 302 0 1728 301 0 1729 197 0 1730 198 182 1731 199 182 1732 303 182 1733 303 183 1734 302 183 1735 198 183 1736 199 0 1737 200 0 1738 304 0 1739 304 184 1740 303 184 1741 199 184 1742 200 185 1743 201 185 1744 305 185 1745 305 186 1746 304 186 1747 200 186 1748 201 187 1749 202 187 1750 306 187 1751 306 188 1752 305 188 1753 201 188 1754 202 0 1755 203 0 1756 307 0 1757 307 189 1758 306 189 1759 202 189 1760 203 0 1761 204 0 1762 308 0 1763 308 0 1764 307 0 1765 203 0 1766 204 0 1767 205 0 1768 309 0 1769 309 0 1770 308 0 1771 204 0 1772 205 0 1773 206 0 1774 310 0 1775 310 0 1776 309 0 1777 205 0 1778 206 190 1779 207 190 1780 311 190 1781 311 191 1782 310 191 1783 206 191 1784 207 192 1785 182 192 1786 286 192 1787 286 193 1788 311 193 1789 207 193 1790 235 194 1791 234 194 1792 313 194 1793 313 195 1794 312 195 1795 235 195 1796 234 196 1797 259 196 1798 314 196 1799 314 197 1800 313 197 1801 234 197 1802 259 198 1803 258 198 1804 315 198 1805 315 199 1806 314 199 1807 259 199 1808 258 200 1809 257 200 1810 316 200 1811 316 201 1812 315 201 1813 258 201 1814 257 202 1815 256 202 1816 317 202 1817 317 203 1818 316 203 1819 257 203 1820 256 204 1821 255 204 1822 318 204 1823 318 205 1824 317 205 1825 256 205 1826 255 206 1827 254 206 1828 319 206 1829 319 207 1830 318 207 1831 255 207 1832 254 87 1833 253 87 1834 320 87 1835 320 87 1836 319 87 1837 254 87 1838 253 208 1839 252 208 1840 321 208 1841 321 209 1842 320 209 1843 253 209 1844 252 210 1845 251 210 1846 322 210 1847 322 211 1848 321 211 1849 252 211 1850 251 212 1851 250 212 1852 323 212 1853 323 213 1854 322 213 1855 251 213 1856 250 214 1857 249 214 1858 324 214 1859 324 215 1860 323 215 1861 250 215 1862 249 216 1863 248 216 1864 325 216 1865 325 217 1866 324 217 1867 249 217 1868 248 218 1869 247 218 1870 326 218 1871 326 219 1872 325 219 1873 248 219 1874 247 220 1875 246 220 1876 327 220 1877 327 221 1878 326 221 1879 247 221 1880 246 222 1881 245 222 1882 328 222 1883 328 223 1884 327 223 1885 246 223 1886 245 224 1887 244 224 1888 329 224 1889 329 225 1890 328 225 1891 245 225 1892 244 226 1893 243 226 1894 330 226 1895 330 227 1896 329 227 1897 244 227 1898 243 228 1899 242 228 1900 331 228 1901 331 229 1902 330 229 1903 243 229 1904 242 87 1905 241 87 1906 332 87 1907 332 230 1908 331 230 1909 242 230 1910 241 87 1911 240 87 1912 333 87 1913 333 87 1914 332 87 1915 241 87 1916 240 231 1917 239 231 1918 334 231 1919 334 232 1920 333 232 1921 240 232 1922 239 233 1923 238 233 1924 335 233 1925 335 234 1926 334 234 1927 239 234 1928 238 235 1929 237 235 1930 336 235 1931 336 236 1932 335 236 1933 238 236 1934 237 237 1935 236 237 1936 337 237 1937 337 238 1938 336 238 1939 237 238 1940 236 239 1941 235 239 1942 312 239 1943 312 240 1944 337 240 1945 236 240 1946 338 107 1947 312 241 1948 313 242 1949 313 242 1950 339 108 1951 338 107 1952 339 108 1953 313 242 1954 314 243 1955 314 243 1956 340 156 1957 339 108 1958 340 156 1959 314 243 1960 315 244 1961 315 244 1962 341 154 1963 340 156 1964 341 154 1965 315 244 1966 316 245 1967 316 245 1968 342 152 1969 341 154 1970 342 152 1971 316 245 1972 317 246 1973 317 246 1974 343 150 1975 342 152 1976 343 150 1977 317 246 1978 318 247 1979 318 247 1980 344 148 1981 343 150 1982 344 148 1983 318 247 1984 319 248 1985 319 248 1986 345 146 1987 344 148 1988 345 146 1989 319 248 1990 320 249 1991 320 249 1992 346 144 1993 345 146 1994 346 144 1995 320 249 1996 321 250 1997 321 250 1998 347 142 1999 346 144 2000 347 142 2001 321 250 2002 322 251 2003 322 251 2004 348 140 2005 347 142 2006 348 140 2007 322 251 2008 323 252 2009 323 252 2010 349 138 2011 348 140 2012 349 138 2013 323 252 2014 324 253 2015 324 253 2016 350 136 2017 349 138 2018 350 136 2019 324 253 2020 325 254 2021 325 254 2022 351 134 2023 350 136 2024 351 134 2025 325 254 2026 326 255 2027 326 255 2028 352 132 2029 351 134 2030 352 132 2031 326 255 2032 327 256 2033 327 256 2034 353 130 2035 352 132 2036 353 130 2037 327 256 2038 328 257 2039 328 257 2040 354 128 2041 353 130 2042 354 128 2043 328 257 2044 329 258 2045 329 258 2046 355 126 2047 354 128 2048 355 126 2049 329 258 2050 330 259 2051 330 259 2052 356 124 2053 355 126 2054 356 124 2055 330 259 2056 331 260 2057 331 260 2058 357 122 2059 356 124 2060 357 122 2061 331 260 2062 332 261 2063 332 261 2064 358 120 2065 357 122 2066 358 120 2067 332 261 2068 333 262 2069 333 262 2070 359 118 2071 358 120 2072 359 118 2073 333 262 2074 334 263 2075 334 263 2076 360 116 2077 359 118 2078 360 116 2079 334 263 2080 335 264 2081 335 264 2082 361 114 2083 360 116 2084 361 114 2085 335 264 2086 336 265 2087 336 265 2088 362 112 2089 361 114 2090 362 112 2091 336 265 2092 337 266 2093 337 266 2094 363 110 2095 362 112 2096 363 110 2097 337 266 2098 312 241 2099 312 241 2100 338 107 2101 363 110 2102 364 107 2103 208 241 2104 209 267 2105 209 267 2106 365 108 2107 364 107 2108 365 108 2109 209 267 2110 210 243 2111 210 243 2112 366 156 2113 365 108 2114 366 156 2115 210 243 2116 211 244 2117 211 244 2118 367 154 2119 366 156 2120 367 154 2121 211 244 2122 212 245 2123 212 245 2124 368 152 2125 367 154 2126 368 152 2127 212 245 2128 213 246 2129 213 246 2130 369 150 2131 368 152 2132 369 150 2133 213 246 2134 214 247 2135 214 247 2136 370 148 2137 369 150 2138 370 148 2139 214 247 2140 215 248 2141 215 248 2142 371 146 2143 370 148 2144 371 146 2145 215 248 2146 216 249 2147 216 249 2148 372 157 2149 371 146 2150 372 157 2151 216 249 2152 217 250 2153 217 250 2154 373 142 2155 372 157 2156 373 142 2157 217 250 2158 218 251 2159 218 251 2160 374 140 2161 373 142 2162 374 140 2163 218 251 2164 219 268 2165 219 268 2166 375 138 2167 374 140 2168 375 138 2169 219 268 2170 220 253 2171 220 253 2172 376 136 2173 375 138 2174 376 136 2175 220 253 2176 221 269 2177 221 269 2178 377 134 2179 376 136 2180 377 134 2181 221 269 2182 222 270 2183 222 270 2184 378 132 2185 377 134 2186 378 132 2187 222 270 2188 223 271 2189 223 271 2190 379 158 2191 378 132 2192 379 158 2193 223 271 2194 224 257 2195 224 257 2196 380 128 2197 379 158 2198 380 128 2199 224 257 2200 225 272 2201 225 272 2202 381 126 2203 380 128 2204 381 126 2205 225 272 2206 226 273 2207 226 273 2208 382 124 2209 381 126 2210 382 124 2211 226 273 2212 227 260 2213 227 260 2214 383 122 2215 382 124 2216 383 122 2217 227 260 2218 228 261 2219 228 261 2220 384 120 2221 383 122 2222 384 120 2223 228 261 2224 229 262 2225 229 262 2226 385 118 2227 384 120 2228 385 118 2229 229 262 2230 230 263 2231 230 263 2232 386 116 2233 385 118 2234 386 116 2235 230 263 2236 231 274 2237 231 274 2238 387 159 2239 386 116 2240 387 159 2241 231 274 2242 232 265 2243 232 265 2244 388 112 2245 387 159 2246 388 112 2247 232 265 2248 233 266 2249 233 266 2250 389 110 2251 388 112 2252 389 110 2253 233 266 2254 208 241 2255 208 241 2256 364 107 2257 389 110 2258 159 60 2259 160 61 2260 161 62 2261 161 62 2262 162 63 2263 163 64 2264 163 64 2265 164 65 2266 167 68 2267 164 65 2268 165 66 2269 167 68 2270 165 66 2271 166 67 2272 167 68 2273 167 68 2274 168 69 2275 169 70 2276 169 70 2277 170 71 2278 171 72 2279 171 72 2280 172 73 2281 175 76 2282 172 73 2283 173 74 2284 175 76 2285 173 74 2286 174 75 2287 175 76 2288 175 76 2289 176 77 2290 177 78 2291 177 78 2292 178 79 2293 179 80 2294 179 80 2295 180 81 2296 157 57 2297 180 81 2298 181 82 2299 157 57 2300 181 82 2301 156 58 2302 157 57 2303 157 57 2304 158 59 2305 159 60 2306 159 60 2307 161 62 2308 157 57 2309 161 62 2310 163 64 2311 157 57 2312 167 68 2313 169 70 2314 171 72 2315 175 76 2316 177 78 2317 171 72 2318 177 78 2319 179 80 2320 171 72 2321 163 64 2322 167 68 2323 171 72 2324 179 80 2325 157 57 2326 163 64 2327</p>
        </triangles>
      </mesh>
    </geometry>
  </library_geometries>
  <library_visual_scenes>
    <visual_scene id="Scene" name="Scene">
      <node id="Station_sing" name="Station_sing" type="NODE">
        <matrix sid="transform">-5.24102e-8 -5.24102e-8 -1 -0.02756216 -1.199007 2.29092e-15 4.37114e-8 -0.002581403 0 1.199007 -4.37114e-8 2.62535 0 0 0 1</matrix>
        <instance_geometry url="#Plane_003-mesh" name="Station_sing">
          <bind_material>
            <technique_common>
              <instance_material symbol="beyaz-material" target="#beyaz-material">
                <bind_vertex_input semantic="UVMap" input_semantic="TEXCOORD" input_set="0"/>
              </instance_material>
              <instance_material symbol="mavi-material" target="#mavi-material">
                <bind_vertex_input semantic="UVMap" input_semantic="TEXCOORD" input_set="0"/>
              </instance_material>
              <instance_material symbol="siyah-material" target="#siyah-material">
                <bind_vertex_input semantic="UVMap" input_semantic="TEXCOORD" input_set="0"/>
              </instance_material>
            </technique_common>
          </bind_material>
        </instance_geometry>
      </node>
      <node id="Station_body" name="Station_body" type="NODE">
        <matrix sid="transform">-3.35997e-10 0.007686716 4.59046e-10 0.01185371 -0.007686716 -3.35997e-10 0 -0.002581403 0 -3.35997e-10 0.01050175 1.19209e-7 0 0 0 1</matrix>
        <instance_geometry url="#Örüntü_024-mesh" name="Station_body">
          <bind_material>
            <technique_common>
              <instance_material symbol="direk_014-material" target="#direk_014-material">
                <bind_vertex_input semantic="Örüntü_013-mesh-map-0" input_semantic="TEXCOORD" input_set="0"/>
              </instance_material>
            </technique_common>
          </bind_material>
        </instance_geometry>
      </node>
    </visual_scene>
  </library_visual_scenes>
  <scene>
    <instance_visual_scene url="#Scene"/>
  </scene>
</COLLADA>