<?xml version="1.0" encoding="utf-8"?>
<COLLADA xmlns="http://www.collada.org/2005/11/COLLADASchema" version="1.4.1" xmlns:xsi="http://www.w3.org/2001/XMLSchema-instance">
  <asset>
    <contributor>
      <author>Blender User</author>
      <authoring_tool>Blender 2.92.0 commit date:2021-02-24, commit time:16:25, hash:02948a2cab44</authoring_tool>
    </contributor>
    <created>2022-03-27T14:53:38</created>
    <modified>2022-03-27T14:53:38</modified>
    <unit name="meter" meter="1"/>
    <up_axis>Z_UP</up_axis>
  </asset>
  <library_effects>
    <effect id="beyaz-effect">
      <profile_COMMON>
        <technique sid="common">
          <lambert>
            <emission>
              <color sid="emission">1 1 1 1</color>
            </emission>
            <diffuse>
              <color sid="diffuse">1 1 1 1</color>
            </diffuse>
            <index_of_refraction>
              <float sid="ior">1.45</float>
            </index_of_refraction>
          </lambert>
        </technique>
      </profile_COMMON>
    </effect>
    <effect id="mavi-effect">
      <profile_COMMON>
        <technique sid="common">
          <lambert>
            <emission>
              <color sid="emission">0.001999855 0 1 1</color>
            </emission>
            <diffuse>
              <color sid="diffuse">0 3.026e-4 1 1</color>
            </diffuse>
            <index_of_refraction>
              <float sid="ior">1.45</float>
            </index_of_refraction>
          </lambert>
        </technique>
      </profile_COMMON>
    </effect>
    <effect id="direk_009-effect">
      <profile_COMMON>
        <technique sid="common">
          <lambert>
            <emission>
              <color sid="emission">0 0 0 1</color>
            </emission>
            <diffuse>
              <color sid="diffuse">0.5882353 0.5882353 0.7019608 1</color>
            </diffuse>
            <reflectivity>
              <float sid="specular">1</float>
            </reflectivity>
            <index_of_refraction>
              <float sid="ior">1.45</float>
            </index_of_refraction>
          </lambert>
        </technique>
      </profile_COMMON>
    </effect>
  </library_effects>
  <library_images/>
  <library_materials>
    <material id="beyaz-material" name="beyaz">
      <instance_effect url="#beyaz-effect"/>
    </material>
    <material id="mavi-material" name="mavi">
      <instance_effect url="#mavi-effect"/>
    </material>
    <material id="direk_009-material" name="direk.009">
      <instance_effect url="#direk_009-effect"/>
    </material>
  </library_materials>
  <library_geometries>
    <geometry id="Circle_009-mesh" name="Circle.009">
      <mesh>
        <source id="Circle_009-mesh-positions">
          <float_array id="Circle_009-mesh-positions-array" count="1002">0 0.2251785 0 -0.02353751 0.223945 0 -0.04681724 0.2202579 0 -0.06958401 0.2141575 0 -0.09158837 0.2057109 0 -0.1125892 0.1950104 0 -0.1323566 0.1821733 0 -0.1506739 0.1673403 0 -0.1673403 0.1506739 0 -0.1821733 0.1323567 0 -0.1950104 0.1125892 0 -0.2057108 0.09158837 0 -0.2141575 0.06958401 0 -0.2202579 0.04681724 0 -0.223945 0.02353757 0 -0.2251785 0 0 -0.223945 -0.02353751 0 -0.2202579 -0.04681724 0 -0.2141575 -0.06958401 0 -0.2057108 -0.09158837 0 -0.1950104 -0.1125892 0 -0.1821733 -0.1323566 0 -0.1673403 -0.1506739 0 -0.1506739 -0.1673403 0 -0.1323566 -0.1821733 0 -0.1125892 -0.1950103 0 -0.09158831 -0.2057108 0 -0.06958401 -0.2141575 0 -0.04681724 -0.2202578 0 -0.02353757 -0.223945 0 0 -0.2251785 0 0.02353757 -0.223945 0 0.04681724 -0.2202578 0 0.06958401 -0.2141575 0 0.09158837 -0.2057108 0 0.1125892 -0.1950103 0 0.1323567 -0.1821733 0 0.1506739 -0.1673403 0 0.1673403 -0.1506738 0 0.1821733 -0.1323565 0 0.1950104 -0.1125892 0 0.2057108 -0.09158837 0 0.2141575 -0.06958401 0 0.2202579 -0.04681724 0 0.223945 -0.02353751 0 0.2251785 0 0 0.223945 0.02353751 0 0.2202579 0.04681718 0 0.2141575 0.06958401 0 0.2057108 0.09158837 0 0.1950104 0.1125892 0 0.1821733 0.1323566 0 0.1673402 0.1506739 0 0.1506739 0.1673403 0 0.1323567 0.1821733 0 0.1125893 0.1950104 0 0.09158831 0.2057109 0 0.06958401 0.2141575 0 0.04681724 0.2202579 0 0.02353757 0.223945 0 0 0.2251785 0.02504605 -0.02353751 0.223945 0.02504605 -0.04681724 0.2202579 0.02504605 -0.06958401 0.2141575 0.02504605 -0.09158837 0.2057109 0.02504605 -0.1125892 0.1950104 0.02504605 -0.1323566 0.1821733 0.02504605 -0.1506739 0.1673403 0.02504605 -0.1673403 0.1506739 0.02504605 -0.1821733 0.1323567 0.02504605 -0.1950104 0.1125892 0.02504605 -0.2057108 0.09158837 0.02504605 -0.2141575 0.06958401 0.02504605 -0.2202579 0.04681724 0.02504605 -0.223945 0.02353757 0.02504605 -0.2251785 0 0.02504605 -0.223945 -0.02353751 0.02504605 -0.2202579 -0.04681724 0.02504605 -0.2141575 -0.06958401 0.02504605 -0.2057108 -0.09158837 0.02504605 -0.1950104 -0.1125892 0.02504605 -0.1821733 -0.1323566 0.02504605 -0.1673403 -0.1506739 0.02504605 -0.1506739 -0.1673403 0.02504605 -0.1323566 -0.1821733 0.02504605 -0.1125892 -0.1950103 0.02504605 -0.09158831 -0.2057108 0.02504605 -0.06958401 -0.2141575 0.02504605 -0.04681724 -0.2202578 0.02504605 -0.02353757 -0.223945 0.02504605 0 -0.2251785 0.02504605 0.02353757 -0.223945 0.02504605 0.04681724 -0.2202578 0.02504605 0.06958401 -0.2141575 0.02504605 0.09158837 -0.2057108 0.02504605 0.1125892 -0.1950103 0.02504605 0.1323567 -0.1821733 0.02504605 0.1506739 -0.1673403 0.02504605 0.1673403 -0.1506738 0.02504605 0.1821733 -0.1323565 0.02504605 0.1950104 -0.1125892 0.02504605 0.2057108 -0.09158837 0.02504605 0.2141575 -0.06958401 0.02504605 0.2202579 -0.04681724 0.02504605 0.223945 -0.02353751 0.02504605 0.2251785 0 0.02504605 0.223945 0.02353751 0.02504605 0.2202579 0.04681718 0.02504605 0.2141575 0.06958401 0.02504605 0.2057108 0.09158837 0.02504605 0.1950104 0.1125892 0.02504605 0.1821733 0.1323566 0.02504605 0.1673402 0.1506739 0.02504605 0.1506739 0.1673403 0.02504605 0.1323567 0.1821733 0.02504605 0.1125893 0.1950104 0.02504605 0.09158831 0.2057109 0.02504605 0.06958401 0.2141575 0.02504605 0.04681724 0.2202579 0.02504605 0.02353757 0.223945 0.02504605 0.1323567 -0.09158855 0.02504605 0.09028404 -0.09158855 0.02504605 0.1323567 -0.1323567 0.02504605 0.09028404 -0.1323567 0.02504605 0.04727876 -0.09158855 0.02504605 0.04727876 -0.1323567 0.02504605 -0.04530322 -0.09158849 0.02504605 -0.04523348 -0.1323567 0.02504605 0.09028404 -0.07055437 0.02504605 0.1673403 -0.07071703 0.02504605 -0.02064573 -0.1323567 0.02504605 -0.02083492 -0.09158849 0.02504605 0.001232326 -0.09158849 0.02504605 0.001232326 -0.1323567 0.02504605 0.02451205 -0.1323567 0.02504605 0.02451205 -0.09158855 0.02504605 0.06928318 -0.1323567 0.02504605 0.06928312 -0.09158855 0.02504605 0.1506739 -0.1323567 0.02504605 0.1506739 -0.09158849 0.02504605 0.1673403 -0.1323566 0.02504605 0.1673403 -0.09158843 0.02504605 0.1821733 -0.09158843 0.02504605 0.1950103 -0.09158837 0.02504605 -0.0209341 -0.07022416 0.02504605 -0.04533988 -0.07015168 0.02504605 0.04727876 -0.07042664 0.02504605 0.1506739 -0.07066756 0.02504605 0.1950103 -0.07079917 0.02504605 0.2057108 -0.07083088 0.02504605 0.02451205 -0.07035905 0.02504605 0.06928312 -0.07049202 0.02504605 0.001232326 -0.0702899 0.02504605 0.1821733 -0.07076102 0.02504605 0.2136698 -0.07085448 0.02504605 0.1323567 -0.07061308 0.02504605 -0.02104085 -0.04722237 0.02504605 0.06928312 -0.04738736 0.02504605 0.001232326 -0.04726308 0.02504605 0.04727876 -0.04734718 0.02504605 0.1821733 -0.047553 0.02504605 0.1506739 -0.04749542 0.02504605 0.09028404 -0.0474258 0.02504605 0.1950103 -0.04757648 0.02504605 0.2141575 -0.04761147 0.02504605 0.1323567 -0.04746192 0.02504605 0.2057108 -0.04759603 0.02504605 0.02451205 -0.04730546 0.02504605 0.1673403 -0.04752594 0.02504605 -0.04537916 -0.04717785 0.02504605 -0.02073746 -0.1125894 0.02504605 0.1673403 -0.02353769 0.02504605 0.09028404 -0.02353769 0.02504605 -0.02115082 -0.02353763 0.02504605 -0.04541957 -0.02353763 0.02504605 0.1950103 -0.02353769 0.02504605 0.04727876 -0.02353769 0.02504605 0.06928312 -0.02353769 0.02504605 0.2141575 -0.02353769 0.02504605 -0.008448719 -0.01892763 0.02504605 0.1323567 -0.02353769 0.02504605 0.2057108 -0.02353769 0.02504605 0.1821733 -0.02353769 0.02504605 0.2202579 -0.02353769 0.02504605 0.02451205 -0.02353769 0.02504605 0.1506739 -0.02353769 0.02504605 0.02451205 -2.08616e-7 0.02504605 0.2141575 -1.78814e-7 0.02504605 0.09028404 -1.93715e-7 0.02504605 0.1506739 -1.63913e-7 0.02504605 -0.008448719 0.004609763 0.02504605 -0.03094112 0.004609823 0.02504605 0.04727876 -1.78814e-7 0.02504605 0.1323567 -1.63913e-7 0.02504605 -0.0454598 -2.08616e-7 0.02504605 0.2057108 -1.86265e-7 0.02504605 0.1950103 -1.78814e-7 0.02504605 0.1821733 -1.93715e-7 0.02504605 0.2202579 -1.82539e-7 0.02504605 0.06928312 -1.49012e-7 0.02504605 0.1673403 -1.93715e-7 0.02504605 -0.04526728 -0.1125894 0.02504605 0.001232326 -0.1125894 0.02504605 0.06928318 -0.1125894 0.02504605 0.02451205 -0.1125894 0.02504605 0.1506739 -0.1125894 0.02504605 0.04727876 -0.1125894 0.02504605 0.09028404 -0.1125894 0.02504605 0.1821733 -0.1125894 0.02504605 0.1323567 -0.1125894 0.02504605 0.1673403 -0.1125894 0.02504605 0.02451205 -2.07685e-7 0.02504605 0.08989316 0.007160186 0.02504605 0.04714345 0.002478361 0.02504605 0.06901705 0.004873931 0.02504605 0.02451205 -2.06754e-7 0.02504605 0.08872503 0.01423543 0.02504605 0.0467391 0.004927396 0.02504605 0.06822186 0.009690046 0.02504605 0.02451205 -2.05822e-7 0.02504605 0.08679354 0.02114152 0.02504605 0.04607051 0.0073179 0.02504605 0.0669071 0.014391 0.02504605 0.02451205 -2.04891e-7 0.02504605 0.08412176 0.02779626 0.02504605 0.04514569 0.009621441 0.02504605 0.06508845 0.01892089 0.02504605 0.02451205 -2.0396e-7 0.02504605 0.08074134 0.03412055 0.02504605 0.04397559 0.0118106 0.02504605 0.06278735 0.0232259 0.02504605 0.02451205 -2.03028e-7 0.02504605 0.07669252 0.0400393 0.02504605 0.04257404 0.01385933 0.02504605 0.06003129 0.02725476 0.02504605 0.02451205 -2.02097e-7 0.02504605 0.07202339 0.04548203 0.02504605 0.04095786 0.01574331 0.02504605 0.05685305 0.03095966 0.02504605 0.02451205 -2.01166e-7 0.02504605 0.0667895 0.0503841 0.02504605 0.03914618 0.01744014 0.02504605 0.0532903 0.03429651 0.02504605 0.02451205 -2.00234e-7 0.02504605 0.06105303 0.05468726 0.02504605 0.03716051 0.01892966 0.02504605 0.04938548 0.03722566 0.02504605 0.02451205 -1.99303e-7 0.02504605 0.05488216 0.05834031 0.02504605 0.03502452 0.02019411 0.02504605 0.04518502 0.0397123 0.02504605 0.02451205 -1.98372e-7 0.02504605 0.04835033 0.06129992 0.02504605 0.03276354 0.02121859 0.02504605 0.04073876 0.04172688 0.02504605 0.02451205 -1.9744e-7 0.02504605 0.03185397 0.0681408 0.02504605 0.0207234 0.02660083 0.02504605 0.02641856 0.04785543 0.02504605 -0.06563353 0.1166611 0.02504605 -0.05522602 0.05437773 0.02504605 0.04271829 0.04681724 0.02504605 0.1323567 0.04681724 0.02504605 -0.04715859 0.05142724 0.02504605 0.02737563 0.05142724 0.02504605 -0.05522096 0.0514273 0.02504605 0.1673403 0.04681724 0.02504605 0.2057108 0.04681724 0.02504605 0.2141575 0.04681718 0.02504605 0.1950103 0.04681724 0.02504605 0.09028404 0.04681718 0.02504605 0.06379652 0.04681724 0.02504605 0.1821733 0.04681724 0.02504605 0.1506739 0.04681718 0.02504605 0.05579441 0.04681724 0.02504605 0.07059782 0.04681724 0.02504605 0.04888361 0.04681724 0.02504605 0.1673403 0.03443682 0.02504605 0.1323567 0.03446614 0.02504605 0.05300045 0.03451395 0.02504605 -0.05520009 0.03920656 0.02504605 0.222226 0.0343908 0.02504605 0.06947374 0.03450018 0.02504605 0.2057108 0.03440469 0.02504605 0.2141575 0.0343976 0.02504605 0.04757666 0.03451853 0.02504605 0.06055933 0.03450763 0.02504605 0.08048796 0.03449094 0.02504605 0.1950103 0.03441363 0.02504605 0.09028404 0.03448271 0.02504605 -0.0136488 0.03917175 0.02504605 0.05347245 0.03451359 0.02504605 0.0424835 0.03452277 0.02504605 0.1821733 0.03442442 0.02504605 0.1506739 0.03445082 0.02504605 0.03793871 0.03452658 0.02504605 0.02408325 0.0391401 0.02504605 0.2202579 0.03439247 0.02504605 -0.222167 0.03476327 0.02504605 -0.01055538 0.004609763 0.02504605 -0.00321418 0.08135968 0.02504605 0.02585804 0.123344 0.02504605 -0.05526661 0.078112 0.02504605 0.01677554 0.05142724 0.02504605 -0.05529218 0.09307116 0.02504605 -0.07081717 0.03921967 0.02504605 -0.05517518 0.02463626 0.02504605 -0.03092914 0.002031326 0.02504605 -0.08391106 0.0514273 0.02504605 -0.07540065 0.08556973 0.02504605 -0.0447331 0.09701019 0.02504605 -0.03369486 0.004609823 0.02504605 -0.1076344 0.07354503 0.02504605 -0.008835196 -0.01460921 0.02504605 -0.01160085 -0.01598882 0.02504605 0.01267844 -0.01708263 0 0.0132234 -0.01675558 0 -0.009626686 -0.01708263 0.02504605 -0.00908178 -0.01675558 0.02504605 -0.07866311 0.08675229 0.02504605 0.0102654 0.1175272 0.02504605 -0.04846483 0.1005188 0.02504605 -0.05687612 0.09668433 0.02504605 0.01464986 0.1292912 0.02504605 -0.1035699 0.07205849 0.02504605 -0.1003481 0.06675183 0.02504605 -0.09503561 0.07928848 0.02504605 -0.1010426 0.07600408 0.02504605 0.01183611 0.1280085 0.02504605 0.01360321 0.1264829 0.02504605 0.0356636 0.1284499 0 0.03607916 0.128159 0 0.01335835 0.1284499 0.02504605 0.01377391 0.128159 0.02504605</float_array>
          <technique_common>
            <accessor source="#Circle_009-mesh-positions-array" count="334" stride="3">
              <param name="X" type="float"/>
              <param name="Y" type="float"/>
              <param name="Z" type="float"/>
            </accessor>
          </technique_common>
        </source>
        <source id="Circle_009-mesh-normals">
          <float_array id="Circle_009-mesh-normals-array" count="1008">0.5446395 0.8386703 0 -0.1564353 -0.9876883 0 -0.2588201 0.9659256 0 0.4539899 0.8910068 0 -0.05233699 -0.9986296 0 -0.3583676 0.9335807 0 0.3583678 0.9335805 0 0.05233705 -0.9986295 0 -0.4539915 0.8910061 0 0.2588185 0.9659261 0 0.1564351 -0.9876883 0 -0.5446391 0.8386706 0 0.1564354 0.9876882 0 0.2588173 -0.9659264 0 -0.6293197 0.7771465 0 0.05233502 0.9986296 0 0.3583695 -0.9335799 0 -0.707106 0.7071076 0 0.4539908 -0.8910064 0 -0.7771463 0.6293199 0 0.544638 -0.8386713 0 -0.8386704 0.5446393 0 0.6293209 -0.7771457 0 -0.8910067 0.4539901 0 0.7071064 -0.7071073 0 -0.9335802 0.3583686 0 0.7771471 -0.629319 0 -0.9659259 0.2588189 0 0.8386695 -0.5446407 0 -0.9876884 0.1564341 0 0.8910067 -0.4539902 0 -0.9986296 0.05233609 0 0.9335803 -0.3583685 0 -0.9986295 -0.05233609 0 0.9659255 -0.2588206 0 -0.9876887 -0.1564326 0 0.9876887 -0.156432 0 -0.9659255 -0.2588203 0 0.9986296 -0.05233615 0 -0.9335808 -0.3583669 0 0.9986296 0.05233615 0 -0.8910067 -0.4539901 0 0.9876883 0.1564349 0 -0.8386704 -0.5446395 0 0.9659257 0.2588195 0 -0.7771465 -0.6293199 0 0.9335808 0.3583674 0 -0.7071069 -0.7071067 0 0.8910067 0.4539905 0 -0.6293197 -0.7771465 0 0.8386706 0.5446391 0 -0.5446395 -0.8386703 0 0.7771461 0.6293203 0 -0.4539909 -0.8910064 0 0.7071073 0.7071063 0 -0.3583683 -0.9335803 0 -0.05233514 0.9986296 0 0.6293202 0.7771463 0 -0.258818 -0.9659261 0 -0.1564333 0.9876886 0 0 0 -1 0 0 1 0 0 1 0 0 1 0 0 1 0 0 1 0 0 1 -1.38151e-7 0 1 -1.40889e-7 0 1 1.36636e-7 0 1 0 0 1 0 0 1 0 0 1 0 0 1 0 0 1 0 0 1 0 0 1 -1.65411e-7 0 1 3.07841e-7 0 1 9.92577e-7 0 1 0 0 1 -1.45694e-7 0 1 0 0 1 0 0 1 0 0 1 0 0 1 0 0 1 0 0 1 -1.55017e-7 0 1 2.55901e-7 0 1 -3.59261e-7 0 1 -4.31652e-7 0 1 0 0 1 0 0 1 -1.37647e-7 0 1 -1.19866e-7 0 1 -2.75429e-7 0 1 0 0 1 0 0 1 0 0 1 1.19356e-7 0 1 -1.3589e-7 0 1 0 0 1 0 0 1 0 0 1 0 0 1 0 0 1 0 0 1 0 0 1 0 0 1 0 0 1 0 0 1 0 0 1 -1.34376e-7 0 1 -1.9081e-7 0 1 -3.37739e-7 0 1 -1.91659e-7 0 1 -1.63575e-7 0 1 0 0 1 0 0 1 -3.1991e-6 0 1 0 0 1 1.00513e-6 0 1 0 0 1 -5.8555e-7 0 1 -1.22203e-7 0 1 -3.85287e-7 0 1 0 0 1 0 0 1 0 0 1 0 0 1 1.4776e-7 0 1 1.48183e-7 0 1 -3.27253e-7 0 1 1.42163e-7 0 1 0.1359875 0 0.9907106 -2.84327e-7 0 1 -0.4678823 0 0.8837907 -1.33409e-7 0 1 -0.6218766 0 0.7831154 1.33409e-7 0 1 0.769761 0 0.6383323 1.33409e-7 0 1 0 0 1 1.33409e-7 0 1 -5.81892e-7 0 1 4.00226e-7 0 1 -6.585e-7 0 1 1 0 0 -1.33409e-7 0 1 5.05883e-6 0 1 0 0 1 -0.9789304 0 0.2041946 1.54738e-7 0 1 2.46559e-7 0 1 -3.85976e-7 0 1 0 0 1 -1.27556e-6 0 1 -5.75536e-7 0 1 0 0 1 2.44158e-7 0 1 -3.94479e-7 0 1 0 0 1 1.56069e-7 0 1 0 0 1 -1.36918e-7 0 1 3.38663e-7 0 1 0 0 1 -6.11741e-7 0 1 0 0 1 1.22998e-7 0 1 0 0 1 -2.82709e-7 0 1 -1.10065e-6 0 1 2.09204e-7 0 1 5.83552e-7 0 1 0 0 1 -5.94466e-7 0 1 0 0 1 3.1818e-7 0 1 -5.14366e-7 0 1 8.8909e-7 0 1 0 0 1 1.55005e-7 0 1 -2.20312e-7 0 1 -2.55807e-7 0 1 1.30801e-6 0 1 -1.22317e-6 0 1 0 0 1 0 0 1 -2.11552e-6 0 1 2.04939e-6 0 1 -1.83044e-7 0 1 2.39766e-7 0 1 -2.76836e-7 0 1 0 0 1 3.44269e-7 0 1 1.74265e-7 0 1 0 0 1 -5.01555e-6 0 1 0.358368 0.9335804 0 -0.4539912 0.8910062 0 0.156435 -0.9876883 0 -0.5446388 0.8386707 0 0.1564354 0.9876883 0 0.2588172 -0.9659263 0 0.05233502 0.9986296 0 -0.7071073 0.7071064 0 0.5446377 -0.8386715 0 -0.8386712 0.5446382 0 0.7071076 -0.7071061 0 -0.9335798 0.35837 0 -0.9659264 0.2588174 0 0.8386703 -0.5446397 0 -0.9876887 0.1564325 2.21853e-7 -0.987688 0.1564372 0 -0.9986295 0.05233609 0 0.9335812 -0.3583659 0 0.9335793 -0.358371 0 -0.9986296 -0.05233609 0 -0.9876883 -0.1564356 0 0.9876883 -0.1564351 0 0.9986295 -0.05233615 0 0.9986295 0.05233615 0 0.9876884 0.1564342 -1.97203e-7 0.9876885 0.1564337 0 -0.8386697 -0.5446406 0 -0.7771471 -0.629319 0 -0.7071065 -0.7071071 0 -0.629319 -0.7771471 0 0.8386698 0.5446402 0 -0.5446391 -0.8386706 0 0.7771469 0.6293193 0 -0.358368 -0.9335804 0 -0.05233514 0.9986296 0 -0.2588178 -0.9659262 0 -2.07535e-7 0 1 2.13732e-7 0 1 -2.16803e-7 0 1 0 0 1 0 0 1 0 0 1 -2.22698e-7 0 1 -2.184e-7 0 1 -1.38912e-7 0 1 0 0 1 0 0 1 2.45827e-7 0 1 0 0 1 -3.33878e-7 0 1 5.2332e-7 0 1 1.31548e-7 0 1 3.38422e-7 0 1 0 0 1 0 0 1 2.59516e-7 0 1 2.1717e-7 0 1 1.19636e-7 0 1 -3.8631e-7 0 1 3.77621e-7 0 1 0 0 1 0 0 1 1.43764e-6 0 1 1.30987e-7 0 1 -4.44192e-7 0 1 1.20561e-7 0 1 2.3551e-7 0 1 1.58657e-7 0 1 2.71881e-7 0 1 1.54985e-7 0 1 0 0 1 0 0 1 0 0 1 0 0 1 0 0 1 1.3568e-7 0 1 1.93542e-7 0 1 5.15766e-7 0 1 2.80769e-7 0 1 0 0 1 -3.86824e-7 0 1 3.99794e-7 0 1 -1.03153e-6 0 1 5.42721e-7 0 1 1.03153e-6 0 1 0 0 1 0 0 1 2.05719e-7 0 1 0 0 1 2.06307e-6 0 1 -3.78453e-7 0 1 0 0 1 4.29645e-7 0 1 0 0 1 -1.3459e-7 0 1 0 0 1 1.15975e-6 0 1 -2.07988e-7 0 1 0 0 1 3.68273e-7 0 1 -2.91649e-7 0 1 4.81733e-7 0 1 2.76811e-7 0 1 -2.1471e-7 0 1 2.34551e-7 0 1 -2.57286e-7 0 1 2.8242e-7 0 1 4.36461e-7 0 1 -3.12875e-7 0 1 -5.55181e-7 0 1 3.85012e-7 0 1 0 0 1 9.1699e-7 0 1 -4.94344e-7 0 1 0 0 1 -4.00594e-7 0 1 -3.96229e-6 0 1 0 0 1 -1.13644e-6 0 1 0 0 1 3.84076e-6 0 1 1.65229e-7 0 1 0 0 1 0 0 1 -1.82827e-7 0 1 3.04188e-7 0 1 1.21289e-7 0 1 0 0 1 -4.77734e-7 0 1 -1.46486e-6 0 1 -4.37804e-7 0 1 -1.53255e-7 0 1 0 0 1 0 0 1 -7.31251e-6 0 1 2.5598e-6 0 1</float_array>
          <technique_common>
            <accessor source="#Circle_009-mesh-normals-array" count="336" stride="3">
              <param name="X" type="float"/>
              <param name="Y" type="float"/>
              <param name="Z" type="float"/>
            </accessor>
          </technique_common>
        </source>
        <source id="Circle_009-mesh-map-0">
          <float_array id="Circle_009-mesh-map-0-array" count="3912">0 0 0 0 0 0 0 0 0 0 0 0 0 0 0 0 0 0 0 0 0 0 0 0 0 0 0 0 0 0 0 0 0 0 0 0 0 0 0 0 0 0 0 0 0 0 0 0 0 0 0 0 0 0 0 0 0 0 0 0 0 0 0 0 0 0 0 0 0 0 0 0 0 0 0 0 0 0 0 0 0 0 0 0 0 0 0 0 0 0 0 0 0 0 0 0 0 0 0 0 0 0 0 0 0 0 0 0 0 0 0 0 0 0 0 0 0 0 0 0 0 0 0 0 0 0 0 0 0 0 0 0 0 0 0 0 0 0 0 0 0 0 0 0 0 0 0 0 0 0 0 0 0 0 0 0 0 0 0 0 0 0 0 0 0 0 0 0 0 0 0 0 0 0 0 0 0 0 0 0 0 0 0 0 0 0 0 0 0 0 0 0 0 0 0 0 0 0 0 0 0 0 0 0 0 0 0 0 0 0 0 0 0 0 0 0 0 0 0 0 0 0 0 0 0 0 0 0 0 0 0 0 0 0 0 0 0 0 0 0 0 0 0 0 0 0 0 0 0 0 0 0 0 0 0 0 0 0 0 0 0 0 0 0 0 0 0 0 0 0 0 0 0 0 0 0 0 0 0 0 0 0 0 0 0 0 0 0 0 0 0 0 0 0 0 0 0 0 0 0 0 0 0 0 0 0 0 0 0 0 0 0 0 0 0 0 0 0 0 0 0 0 0 0 0 0 0 0 0 0 0 0 0 0 0 0 0 0 0 0 0 0 0 0 0 0 0 0 0 0 0 0 0 0 0 0 0 0 0 0 0 0 0 0 0 0 0.7146741 0.8388388 0.7398285 0.8053649 0.5227483 0.6959401 0.3178925 0.59602 0.2878883 0.8681076 0.3176754 0.8939543 0.2880868 0.5959814 0.2602916 0.838252 0.2878883 0.8681076 0.3180953 0.3177626 0.2883204 0.2755028 0.2882897 0.3177239 0.1776834 0.3175809 0.193818 0.3176018 0.1938485 0.2753813 0.3180953 0.3177626 0.349792 0.2755826 0.3181261 0.2755416 0.3181551 0.2358005 0.2884224 0.1356081 0.2883495 0.2357617 0.2132337 0.235665 0.2355996 0.2356938 0.2356264 0.1988679 0.3181551 0.2358005 0.3499283 0.08836692 0.3182469 0.1098387 0.383 0.2358846 0.4174573 0.05920833 0.3831189 0.07142853 0.3829711 0.2756257 0.4173285 0.2359291 0.383 0.2358846 0.5225154 0.2758067 0.762609 0.2363772 0.5224936 0.2360656 0.5929626 0.07170027 0.5586425 0.05939126 0.5224936 0.2360656 0.5225387 0.3180279 0.4857628 0.360932 0.5225626 0.3611255 0.4854191 0.2360175 0.522391 0.05185073 0.4849058 0.04962313 0.4855284 0.2757587 0.5224936 0.2360656 0.4854191 0.2360175 0.4524306 0.2359747 0.4849058 0.04962313 0.452565 0.05184096 0.4524015 0.2757157 0.4854191 0.2360175 0.4524306 0.2359747 0.4173285 0.2359291 0.452565 0.05184096 0.4174573 0.05920833 0.4172995 0.2756702 0.4524306 0.2359747 0.4173285 0.2359291 0.3498209 0.2358416 0.3831189 0.07142853 0.3499283 0.08836692 0.349792 0.2755826 0.383 0.2358846 0.3498209 0.2358416 0.26073 0.2357262 0.2883204 0.2755028 0.2883495 0.2357617 0.2604678 0.5959462 0.2351853 0.8047118 0.2602916 0.838252 0.2607818 0.1653925 0.2883495 0.2357617 0.2884224 0.1356081 0.2355996 0.2356938 0.260701 0.2754671 0.26073 0.2357262 0.2353373 0.5959133 0.2128462 0.7678568 0.2351853 0.8047118 0.2356264 0.1988679 0.26073 0.2357262 0.2607818 0.1653925 0.2132337 0.235665 0.2355707 0.2754346 0.2355996 0.2356938 0.2129715 0.5958843 0.1935186 0.7280902 0.2128462 0.7678568 0.1938485 0.2753813 0.2131742 0.3176268 0.2132049 0.2754057 0.1936151 0.5958591 0.1774151 0.6858487 0.1935186 0.7280902 0.1774807 0.5958385 0.1647111 0.6415938 0.1774151 0.6858487 0.1647111 0.6415938 0.1647444 0.5958222 0.1555462 0.5958111 0.1555462 0.5958111 0.1555644 0.5708314 0.1525967 0.570824 0.3497303 0.3602171 0.3829402 0.3178467 0.3497613 0.3178037 0.4523394 0.3607565 0.4856445 0.31798 0.4523707 0.3179368 0.3829092 0.3603916 0.4172687 0.3178912 0.3829402 0.3178467 0.2131437 0.3594992 0.23554 0.3176558 0.2131742 0.3176268 0.5225626 0.3611255 0.7980396 0.3183854 0.5225387 0.3180279 0.2606397 0.3597487 0.2882897 0.3177239 0.2606703 0.3176882 0.1656522 0.3592496 0.177653 0.3593128 0.1776834 0.3175809 0.5225626 0.3611255 0.48589 0.407176 0.5225882 0.4073132 0.4172376 0.3605719 0.4523707 0.3179368 0.4172687 0.3178912 0.3180645 0.3600506 0.3497613 0.3178037 0.3180953 0.3177626 0.2355095 0.3596166 0.2606703 0.3176882 0.23554 0.3176558 0.1937875 0.3593974 0.2131742 0.3176268 0.193818 0.3176018 0.177653 0.3593128 0.193818 0.3176018 0.1776834 0.3175809 0.2882589 0.359894 0.3180953 0.3177626 0.2882897 0.3177239 0.3496965 0.4066678 0.3829092 0.3603916 0.3497303 0.3602171 0.4523056 0.4070507 0.4857628 0.360932 0.4523394 0.3607565 0.3828753 0.4067915 0.4172376 0.3605719 0.3829092 0.3603916 0.2131097 0.4061577 0.2355095 0.3596166 0.2131437 0.3594992 0.5225882 0.4073132 0.8107436 0.3626401 0.5225626 0.3611255 0.2606058 0.4063352 0.2882589 0.359894 0.2606397 0.3597487 0.177653 0.3593128 0.1656522 0.3592496 0.164915 0.3618029 0.4172039 0.4069198 0.4523394 0.3607565 0.4172376 0.3605719 0.5225882 0.4073132 0.4860212 0.4547931 0.5226145 0.4548407 0.2354755 0.4062411 0.2606397 0.3597487 0.2355095 0.3596166 0.3180306 0.4065495 0.3497303 0.3602171 0.3180645 0.3600506 0.1937535 0.4060854 0.2131437 0.3594992 0.1937875 0.3593974 0.177619 0.4060253 0.1937875 0.3593974 0.177653 0.3593128 0.15601 0.4059427 0.1648828 0.4059776 0.164915 0.3618029 0.2882249 0.4064381 0.3180645 0.3600506 0.2882589 0.359894 0.3496615 0.4546163 0.3828753 0.4067915 0.3496965 0.4066678 0.4522708 0.4547493 0.48589 0.407176 0.4523056 0.4070507 0.3828403 0.4546593 0.4172039 0.4069198 0.3828753 0.4067915 0.2130745 0.4544394 0.2354755 0.4062411 0.2131097 0.4061577 0.5226145 0.4548407 0.8199085 0.4084234 0.5225882 0.4073132 0.1500896 0.4543577 0.1556494 0.4543638 0.1556836 0.4075605 0.1648475 0.4543769 0.177619 0.4060253 0.1648828 0.4059776 0.2605707 0.454501 0.2882249 0.4064381 0.2606058 0.4063352 0.417169 0.4547038 0.4523056 0.4070507 0.4172039 0.4069198 0.3179956 0.4545752 0.3496965 0.4066678 0.3180306 0.4065495 0.4861372 0.4969301 0.4903036 0.5021196 0.5226408 0.5021615 0.2354404 0.4544683 0.2606058 0.4063352 0.2354755 0.4062411 0.1937183 0.4544141 0.2131097 0.4061577 0.1937535 0.4060854 0.1775838 0.4543934 0.1937535 0.4060854 0.177619 0.4060253 0.1648475 0.4543769 0.1556836 0.4075605 0.1556494 0.4543638 0.2881899 0.4545365 0.3180306 0.4065495 0.2882249 0.4064381 0.3828058 0.5019802 0.3496615 0.4546163 0.349627 0.5019372 0.4522362 0.5020701 0.4528473 0.463432 0.4522708 0.4547493 0.4171346 0.5020246 0.3828403 0.4546593 0.3828058 0.5019802 0.2354059 0.5017893 0.2130745 0.4544394 0.2130401 0.5017603 0.5226408 0.5021615 0.8254339 0.4552327 0.5226145 0.4548407 0.1556149 0.5016855 0.1500896 0.4543577 0.148195 0.5016764 0.2881554 0.5018575 0.2605707 0.454501 0.2605363 0.5018221 0.4171346 0.5020246 0.4522708 0.4547493 0.417169 0.4547038 0.1775493 0.5017144 0.1648475 0.4543769 0.164813 0.501698 0.3179611 0.5018961 0.3496615 0.4546163 0.3179956 0.4545752 0.2354059 0.5017893 0.2605707 0.454501 0.2354404 0.4544683 0.2130401 0.5017603 0.1937183 0.4544141 0.1936838 0.5017351 0.1936838 0.5017351 0.1775838 0.4543934 0.1775493 0.5017144 0.164813 0.501698 0.1556494 0.4543638 0.1556149 0.5016855 0.3179611 0.5018961 0.2881899 0.4545365 0.2881554 0.5018575 0.4524015 0.2757157 0.4172687 0.3178912 0.4523707 0.3179368 0.260701 0.2754671 0.2882897 0.3177239 0.2883204 0.2755028 0.2132049 0.2754057 0.23554 0.3176558 0.2355707 0.2754346 0.2132049 0.2754057 0.2132337 0.235665 0.1938485 0.2753813 0.4172995 0.2756702 0.3829402 0.3178467 0.4172687 0.3178912 0.781936 0.2761434 0.5225387 0.3180279 0.7980396 0.3183854 0.5225154 0.2758067 0.4856445 0.31798 0.5225387 0.3180279 0.4855284 0.2757587 0.4523707 0.3179368 0.4856445 0.31798 0.3829711 0.2756257 0.3497613 0.3178037 0.3829402 0.3178467 0.2355707 0.2754346 0.2606703 0.3176882 0.260701 0.2754671 0.3181261 0.2755416 0.2883495 0.2357617 0.2883204 0.2755028 0.3181261 0.2755416 0.3498209 0.2358416 0.3181551 0.2358005 0.349627 0.5019372 0.3179611 0.5018961 0.349627 0.5019372 0.3828058 0.5019802 0.4171346 0.5020246 0.4171346 0.5020246 0.349627 0.5019372 0.3828058 0.5019802 0.3828058 0.5019802 0.349627 0.5019372 0.3179611 0.5018961 0.349627 0.5019372 0.3828058 0.5019802 0.4171346 0.5020246 0.4171346 0.5020246 0.349627 0.5019372 0.3828058 0.5019802 0.3828058 0.5019802 0.349627 0.5019372 0.3179611 0.5018961 0.349627 0.5019372 0.3828058 0.5019802 0.4171346 0.5020246 0.4171346 0.5020246 0.349627 0.5019372 0.3828058 0.5019802 0.3828058 0.5019802 0.349627 0.5019372 0.3179611 0.5018961 0.349627 0.5019372 0.3828058 0.5019802 0.4171346 0.5020246 0.4171346 0.5020246 0.349627 0.5019372 0.3828058 0.5019802 0.3828058 0.5019802 0.349627 0.5019372 0.3179611 0.5018961 0.349627 0.5019372 0.3828058 0.5019802 0.4171346 0.5020246 0.4171346 0.5020246 0.349627 0.5019372 0.3828058 0.5019802 0.3828058 0.5019802 0.3179611 0.5018961 0.3179611 0.5018961 0.3316809 0.5019139 0.3828058 0.5019802 0.4171346 0.5020246 0.4171346 0.5020246 0.349627 0.5019372 0.3828058 0.5019802 0.3828058 0.5019802 0.349627 0.5019372 0.3418906 0.5019271 0.349627 0.5019372 0.4171346 0.5020246 0.3828058 0.5019802 0.4171346 0.5020246 0.349627 0.5019372 0.3828058 0.5019802 0.3828058 0.5019802 0.349627 0.5019372 0.3491997 0.5019367 0.349627 0.5019372 0.3828058 0.5019802 0.4171346 0.5020246 0.4171346 0.5020246 0.349627 0.5019372 0.3828058 0.5019802 0.3828058 0.5019802 0.349627 0.5019372 0.3491997 0.5019367 0.349627 0.5019372 0.3828058 0.5019802 0.4171346 0.5020246 0.4171346 0.5020246 0.349627 0.5019372 0.349627 0.5019372 0.3545362 0.5019436 0.349627 0.5019372 0.3375493 0.5019215 0.349627 0.5019372 0.3828058 0.5019802 0.4171346 0.5020246 0.4171346 0.5020246 0.3828058 0.5019802 0.3584486 0.5019486 0.3828058 0.5019802 0.349627 0.5019372 0.3413916 0.5019266 0.349627 0.5019372 0.3828058 0.5019802 0.4171346 0.5020246 0.4171346 0.5020246 0.3828058 0.5019802 0.3612757 0.5019523 0.3828058 0.5019802 0.3413916 0.5019266 0.349627 0.5019372 0.349627 0.5019372 0.3828058 0.5019802 0.4171346 0.5020246 0.4171346 0.5020246 0.3612757 0.5019523 0.3828058 0.5019802 0.3828058 0.5019802 0.2059673 0.3251159 0.3179611 0.5018961 0.3179611 0.5018961 0.2348363 0.3590087 0.2433388 0.3692303 0.2059673 0.3251159 0.7398285 0.8053649 0.7622213 0.7685667 0.5583571 0.667585 0.5227228 0.6499339 0.3673445 0.5146784 0.400356 0.5799686 0.565953 0.5963416 0.5226964 0.6022174 0.5907148 0.6271829 0.4461156 0.5473443 0.4554128 0.5020743 0.4522362 0.5020701 0.3179611 0.5018961 0.3179611 0.5018961 0.3178925 0.59602 0.3249819 0.5019052 0.3179611 0.5018961 0.3179611 0.5018961 0.3322331 0.5019146 0.3179611 0.5018961 0.3375493 0.5019215 0.1936151 0.5958591 0.2129896 0.5709692 0.1936333 0.5709223 0.1774807 0.5958385 0.1936333 0.5709223 0.1774989 0.5708837 0.1555462 0.5958111 0.1647626 0.5708531 0.1555644 0.5708314 0.3440513 0.50193 0.3179611 0.5018961 0.3179611 0.5018961 0.5226931 0.5962857 0.5462274 0.5717734 0.5226795 0.5717166 0.2604678 0.5959462 0.2881049 0.5711503 0.260486 0.5710842 0.2353373 0.5959133 0.260486 0.5710842 0.2353555 0.5710232 0.3249819 0.5019052 0.3179611 0.5018961 0.3322331 0.5019146 0.3375493 0.5019215 0.3179611 0.5018961 0.3413916 0.5019266 0.1647444 0.5958222 0.1774989 0.5708837 0.1647626 0.5708531 0.3440513 0.50193 0.3673445 0.5146784 0.349627 0.5019372 0.2880868 0.5959814 0.3179106 0.5712222 0.2881049 0.5711503 0.5226931 0.5962857 0.5078371 0.5915702 0.5226964 0.6022174 0.2129715 0.5958843 0.2353555 0.5710232 0.2129896 0.5709692 0.3316809 0.5019139 0.3179611 0.5018961 0.3179611 0.5018961 0.3632317 0.5019548 0.4461156 0.5473443 0.3828058 0.5019802 0.2353555 0.5710232 0.2605363 0.5018221 0.2354059 0.5017893 0.3179611 0.5018961 0.3179611 0.5018961 0.3249819 0.5019052 0.3545362 0.5019436 0.349627 0.5019372 0.3584486 0.5019486 0.3632317 0.5019548 0.349627 0.5019372 0.349627 0.5019372 0.3179106 0.5712222 0.3179611 0.5018961 0.3179611 0.5018961 0.1774989 0.5708837 0.1936838 0.5017351 0.1775493 0.5017144 0.260486 0.5710842 0.2881554 0.5018575 0.2605363 0.5018221 0.3316809 0.5019139 0.3179611 0.5018961 0.3418906 0.5019271 0.2881049 0.5711503 0.3179611 0.5018961 0.2881554 0.5018575 0.2129896 0.5709692 0.2354059 0.5017893 0.2130401 0.5017603 0.1647626 0.5708531 0.1775493 0.5017144 0.164813 0.501698 0.3545362 0.5019436 0.349627 0.5019372 0.349627 0.5019372 0.3491997 0.5019367 0.3322331 0.5019146 0.349627 0.5019372 0.3584486 0.5019486 0.349627 0.5019372 0.3612757 0.5019523 0.1556149 0.5016855 0.148195 0.5016764 0.1500206 0.5490002 0.5226795 0.5717166 0.5078371 0.5915702 0.5226931 0.5962857 0.1936333 0.5709223 0.2130401 0.5017603 0.1936838 0.5017351 0.1555644 0.5708314 0.164813 0.501698 0.1556149 0.5016855 0.5226795 0.5717166 0.5462274 0.5717734 0.5226632 0.5424237 0.4522708 0.4547493 0.4532222 0.4591173 0.4540443 0.4584608 0.4903036 0.5021196 0.4861514 0.5021141 0.4461156 0.5473443 0.2059673 0.3251159 0.400356 0.5799686 0.3179611 0.5018961 0.3673445 0.5146784 0.4461156 0.5473443 0.3632317 0.5019548 0.5917486 0.6457853 0.595565 0.637858 0.5226964 0.6022174 0.5227228 0.6499339 0.5078371 0.5915702 0.3673445 0.5146784 0.6016915 0.6408545 0.5917486 0.6457853 0.5828466 0.6524788 0.6016915 0.6408545 0.8105394 0.6424298 0.8197712 0.5966702 0.4903036 0.5021196 0.5226632 0.5424237 0.5226408 0.5021615 0.4903036 0.5021196 0.4861372 0.4969301 0.4861514 0.5021141 0.5227395 0.6800085 0.5530707 0.6649664 0.5227228 0.6499339 0.8272596 0.502556 0.5226408 0.5021615 0.5462274 0.5717734 0.565953 0.5963416 0.8226676 0.57244 0.5462274 0.5717734 0.5227395 0.6800085 0.5023426 0.6766049 0.5227409 0.6824488 0.4860212 0.4547931 0.4570194 0.4606637 0.4861372 0.4969301 0.2059673 0.3251159 0.2704528 0.4018266 0.400356 0.5799686 0 0 0 0 0 0 0.4554128 0.5020743 0.4861514 0.5021141 0.4861372 0.4969301 0.400356 0.5799686 0.2704528 0.4018266 0.4979072 0.6724022 0.5227409 0.6824488 0.5530707 0.6649664 0.5227395 0.6800085 0.7622213 0.7685667 0.6016915 0.6408545 0.5828466 0.6524788 0.5227409 0.6824488 0.5023426 0.6766049 0.5227483 0.6959401 0.2407522 0.3660466 0.246762 0.3731675 0.2433388 0.3692303 0.595565 0.637858 0.5917486 0.6457853 0.6016915 0.6408545 0.5907148 0.6271829 0.595565 0.637858 0.6016915 0.6408545 0.5828466 0.6524788 0.5530707 0.6649664 0.5583571 0.667585 0 0 0 0 0 0 0.2407522 0.3660466 0.2398293 0.3649771 0.2348363 0.3590087 0 0 0 0 0 0 0 0 0 0 0 0 0 0 0 0 0 0 0 0 0 0 0 0 0 0 0 0 0 0 0 0 0 0 0 0 0 0 0 0 0 0 0 0 0 0 0 0 0 0 0 0 0 0 0 0 0 0 0 0 0 0 0 0 0 0 0 0 0 0 0 0 0 0 0 0 0 0 0 0 0 0 0 0 0 0 0 0 0 0 0 0 0 0 0 0 0 0 0 0 0 0 0 0 0 0 0 0 0 0 0 0 0 0 0 0 0 0 0 0 0 0 0 0 0 0 0 0 0 0 0 0 0 0 0 0 0 0 0 0 0 0 0 0 0 0 0 0 0 0 0 0 0 0 0 0 0 0 0 0 0 0 0 0 0 0 0 0 0 0 0 0 0 0 0 0 0 0 0 0 0 0 0 0 0 0 0 0 0 0 0 0 0 0 0 0 0 0 0 0 0 0 0 0 0 0 0 0 0 0 0 0 0 0 0 0 0 0 0 0 0 0 0 0 0 0 0 0 0 0 0 0 0 0 0 0 0 0 0 0 0 0 0 0 0 0 0 0 0 0 0 0 0 0 0 0 0 0 0 0 0 0 0 0 0 0 0 0 0 0 0 0 0 0 0 0 0 0 0 0 0 0 0 0 0 0 0 0 0 0 0 0 0 0 0 0 0 0 0 0 0 0 0 0 0 0 0 0 0 0 0 0 0 0 0 0 0 0 0 0 0 0 0 0 0 0 0 0 0 0 0 0 0 0 0 0 0 0 0 0 0 0 0 0 0 0 0 0 0 0 0 0 0 0 0 0 0 0 0 0 0 0 0 0 0 0 0 0 0 0 0 0 0 0 0 0 0 0 0 0 0 0 0 0 0 0 0 0 0 0 0 0 0 0 0 0 0 0 0 0 0 0 0 0 0 0 0 0 0 0 0 0 0 0 0 0 0 0 0 0 0 0 0 0 0 0 0 0 0 0 0 0 0 0 0 0 0 0 0 0 0 0 0 0 0 0 0 0 0 0 0 0 0 0 0 0 0 0 0 0 0 0 0 0 0 0 0 0 0 0 0 0 0 0 0 0 0 0 0 0 0 0 0 0 0 0 0.5227483 0.6959401 0.5228906 0.9523921 0.5579972 0.9450246 0.5579972 0.9450246 0.5923348 0.9328047 0.5227483 0.6959401 0.5923348 0.9328047 0.625526 0.9158661 0.5227483 0.6959401 0.625526 0.9158661 0.6572079 0.8943943 0.5227483 0.6959401 0.6572079 0.8943943 0.6870325 0.8686248 0.5227483 0.6959401 0.6870325 0.8686248 0.7146741 0.8388388 0.5227483 0.6959401 0.3178925 0.59602 0.2880868 0.5959814 0.2878883 0.8681076 0.2880868 0.5959814 0.2604678 0.5959462 0.2602916 0.838252 0.3180953 0.3177626 0.3181261 0.2755416 0.2883204 0.2755028 0.3180953 0.3177626 0.3497613 0.3178037 0.349792 0.2755826 0.3181551 0.2358005 0.3182469 0.1098387 0.2884224 0.1356081 0.3181551 0.2358005 0.3498209 0.2358416 0.3499283 0.08836692 0.383 0.2358846 0.4173285 0.2359291 0.4174573 0.05920833 0.3829711 0.2756257 0.4172995 0.2756702 0.4173285 0.2359291 0.5225154 0.2758067 0.781936 0.2761434 0.762609 0.2363772 0.5586425 0.05939126 0.522391 0.05185073 0.5224936 0.2360656 0.5224936 0.2360656 0.762609 0.2363772 0.7402695 0.1995216 0.7402695 0.1995216 0.7151646 0.1659832 0.5224936 0.2360656 0.7151646 0.1659832 0.6875665 0.1361259 0.5224936 0.2360656 0.6875665 0.1361259 0.6577796 0.110279 0.5224936 0.2360656 0.6577796 0.110279 0.6261289 0.08872485 0.5224936 0.2360656 0.6261289 0.08872485 0.5929626 0.07170027 0.5224936 0.2360656 0.5225387 0.3180279 0.4856445 0.31798 0.4857628 0.360932 0.4854191 0.2360175 0.5224936 0.2360656 0.522391 0.05185073 0.4855284 0.2757587 0.5225154 0.2758067 0.5224936 0.2360656 0.4524306 0.2359747 0.4854191 0.2360175 0.4849058 0.04962313 0.4524015 0.2757157 0.4855284 0.2757587 0.4854191 0.2360175 0.4173285 0.2359291 0.4524306 0.2359747 0.452565 0.05184096 0.4172995 0.2756702 0.4524015 0.2757157 0.4524306 0.2359747 0.3498209 0.2358416 0.383 0.2358846 0.3831189 0.07142853 0.349792 0.2755826 0.3829711 0.2756257 0.383 0.2358846 0.26073 0.2357262 0.260701 0.2754671 0.2883204 0.2755028 0.2604678 0.5959462 0.2353373 0.5959133 0.2351853 0.8047118 0.2607818 0.1653925 0.26073 0.2357262 0.2883495 0.2357617 0.2355996 0.2356938 0.2355707 0.2754346 0.260701 0.2754671 0.2353373 0.5959133 0.2129715 0.5958843 0.2128462 0.7678568 0.2356264 0.1988679 0.2355996 0.2356938 0.26073 0.2357262 0.2132337 0.235665 0.2132049 0.2754057 0.2355707 0.2754346 0.2129715 0.5958843 0.1936151 0.5958591 0.1935186 0.7280902 0.1938485 0.2753813 0.193818 0.3176018 0.2131742 0.3176268 0.1936151 0.5958591 0.1774807 0.5958385 0.1774151 0.6858487 0.1774807 0.5958385 0.1647444 0.5958222 0.1647111 0.6415938 0.3497303 0.3602171 0.3829092 0.3603916 0.3829402 0.3178467 0.4523394 0.3607565 0.4857628 0.360932 0.4856445 0.31798 0.3829092 0.3603916 0.4172376 0.3605719 0.4172687 0.3178912 0.2131437 0.3594992 0.2355095 0.3596166 0.23554 0.3176558 0.5225626 0.3611255 0.8107436 0.3626401 0.7980396 0.3183854 0.2606397 0.3597487 0.2882589 0.359894 0.2882897 0.3177239 0.5225626 0.3611255 0.4857628 0.360932 0.48589 0.407176 0.4172376 0.3605719 0.4523394 0.3607565 0.4523707 0.3179368 0.3180645 0.3600506 0.3497303 0.3602171 0.3497613 0.3178037 0.2355095 0.3596166 0.2606397 0.3597487 0.2606703 0.3176882 0.1937875 0.3593974 0.2131437 0.3594992 0.2131742 0.3176268 0.177653 0.3593128 0.1937875 0.3593974 0.193818 0.3176018 0.2882589 0.359894 0.3180645 0.3600506 0.3180953 0.3177626 0.3496965 0.4066678 0.3828753 0.4067915 0.3829092 0.3603916 0.4523056 0.4070507 0.48589 0.407176 0.4857628 0.360932 0.3828753 0.4067915 0.4172039 0.4069198 0.4172376 0.3605719 0.2131097 0.4061577 0.2354755 0.4062411 0.2355095 0.3596166 0.5225882 0.4073132 0.8199085 0.4084234 0.8107436 0.3626401 0.2606058 0.4063352 0.2882249 0.4064381 0.2882589 0.359894 0.164915 0.3618029 0.1648828 0.4059776 0.177619 0.4060253 0.177619 0.4060253 0.177653 0.3593128 0.164915 0.3618029 0.4172039 0.4069198 0.4523056 0.4070507 0.4523394 0.3607565 0.5225882 0.4073132 0.48589 0.407176 0.4860212 0.4547931 0.2354755 0.4062411 0.2606058 0.4063352 0.2606397 0.3597487 0.3180306 0.4065495 0.3496965 0.4066678 0.3497303 0.3602171 0.1937535 0.4060854 0.2131097 0.4061577 0.2131437 0.3594992 0.177619 0.4060253 0.1937535 0.4060854 0.1937875 0.3593974 0.2882249 0.4064381 0.3180306 0.4065495 0.3180645 0.3600506 0.3496615 0.4546163 0.3828403 0.4546593 0.3828753 0.4067915 0.4522708 0.4547493 0.4860212 0.4547931 0.48589 0.407176 0.3828403 0.4546593 0.417169 0.4547038 0.4172039 0.4069198 0.2130745 0.4544394 0.2354404 0.4544683 0.2354755 0.4062411 0.5226145 0.4548407 0.8254339 0.4552327 0.8199085 0.4084234 0.1648475 0.4543769 0.1775838 0.4543934 0.177619 0.4060253 0.2605707 0.454501 0.2881899 0.4545365 0.2882249 0.4064381 0.417169 0.4547038 0.4522708 0.4547493 0.4523056 0.4070507 0.3179956 0.4545752 0.3496615 0.4546163 0.3496965 0.4066678 0.5226408 0.5021615 0.5226145 0.4548407 0.4861372 0.4969301 0.5226145 0.4548407 0.4860212 0.4547931 0.4861372 0.4969301 0.2354404 0.4544683 0.2605707 0.454501 0.2606058 0.4063352 0.1937183 0.4544141 0.2130745 0.4544394 0.2131097 0.4061577 0.1775838 0.4543934 0.1937183 0.4544141 0.1937535 0.4060854 0.1648475 0.4543769 0.1648828 0.4059776 0.1556836 0.4075605 0.2881899 0.4545365 0.3179956 0.4545752 0.3180306 0.4065495 0.3828058 0.5019802 0.3828403 0.4546593 0.3496615 0.4546163 0.4522362 0.5020701 0.4554128 0.5020743 0.4528473 0.463432 0.4171346 0.5020246 0.417169 0.4547038 0.3828403 0.4546593 0.2354059 0.5017893 0.2354404 0.4544683 0.2130745 0.4544394 0.5226408 0.5021615 0.8272596 0.502556 0.8254339 0.4552327 0.1556149 0.5016855 0.1556494 0.4543638 0.1500896 0.4543577 0.2881554 0.5018575 0.2881899 0.4545365 0.2605707 0.454501 0.4171346 0.5020246 0.4522362 0.5020701 0.4522708 0.4547493 0.1775493 0.5017144 0.1775838 0.4543934 0.1648475 0.4543769 0.3179611 0.5018961 0.349627 0.5019372 0.3496615 0.4546163 0.2354059 0.5017893 0.2605363 0.5018221 0.2605707 0.454501 0.2130401 0.5017603 0.2130745 0.4544394 0.1937183 0.4544141 0.1936838 0.5017351 0.1937183 0.4544141 0.1775838 0.4543934 0.164813 0.501698 0.1648475 0.4543769 0.1556494 0.4543638 0.3179611 0.5018961 0.3179956 0.4545752 0.2881899 0.4545365 0.4524015 0.2757157 0.4172995 0.2756702 0.4172687 0.3178912 0.260701 0.2754671 0.2606703 0.3176882 0.2882897 0.3177239 0.2132049 0.2754057 0.2131742 0.3176268 0.23554 0.3176558 0.4172995 0.2756702 0.3829711 0.2756257 0.3829402 0.3178467 0.781936 0.2761434 0.5225154 0.2758067 0.5225387 0.3180279 0.5225154 0.2758067 0.4855284 0.2757587 0.4856445 0.31798 0.4855284 0.2757587 0.4524015 0.2757157 0.4523707 0.3179368 0.3829711 0.2756257 0.349792 0.2755826 0.3497613 0.3178037 0.2355707 0.2754346 0.23554 0.3176558 0.2606703 0.3176882 0.3181261 0.2755416 0.3181551 0.2358005 0.2883495 0.2357617 0.3181261 0.2755416 0.349792 0.2755826 0.3498209 0.2358416 0.349627 0.5019372 0.3179611 0.5018961 0.3179611 0.5018961 0.3828058 0.5019802 0.3828058 0.5019802 0.4171346 0.5020246 0.349627 0.5019372 0.349627 0.5019372 0.3828058 0.5019802 0.349627 0.5019372 0.3179611 0.5018961 0.3179611 0.5018961 0.3828058 0.5019802 0.3828058 0.5019802 0.4171346 0.5020246 0.349627 0.5019372 0.349627 0.5019372 0.3828058 0.5019802 0.349627 0.5019372 0.3179611 0.5018961 0.3179611 0.5018961 0.3828058 0.5019802 0.3828058 0.5019802 0.4171346 0.5020246 0.349627 0.5019372 0.349627 0.5019372 0.3828058 0.5019802 0.349627 0.5019372 0.3179611 0.5018961 0.3179611 0.5018961 0.3828058 0.5019802 0.3828058 0.5019802 0.4171346 0.5020246 0.349627 0.5019372 0.349627 0.5019372 0.3828058 0.5019802 0.349627 0.5019372 0.3179611 0.5018961 0.3179611 0.5018961 0.3828058 0.5019802 0.3828058 0.5019802 0.4171346 0.5020246 0.349627 0.5019372 0.349627 0.5019372 0.3828058 0.5019802 0.349627 0.5019372 0.349627 0.5019372 0.3316809 0.5019139 0.349627 0.5019372 0.3179611 0.5018961 0.3316809 0.5019139 0.3828058 0.5019802 0.3828058 0.5019802 0.4171346 0.5020246 0.349627 0.5019372 0.349627 0.5019372 0.3828058 0.5019802 0.349627 0.5019372 0.3316809 0.5019139 0.3418906 0.5019271 0.4171346 0.5020246 0.3828058 0.5019802 0.3828058 0.5019802 0.349627 0.5019372 0.349627 0.5019372 0.3828058 0.5019802 0.349627 0.5019372 0.3418906 0.5019271 0.3491997 0.5019367 0.3828058 0.5019802 0.3828058 0.5019802 0.4171346 0.5020246 0.349627 0.5019372 0.349627 0.5019372 0.3828058 0.5019802 0.3828058 0.5019802 0.3828058 0.5019802 0.4171346 0.5020246 0.3828058 0.5019802 0.3828058 0.5019802 0.3545362 0.5019436 0.3828058 0.5019802 0.349627 0.5019372 0.3545362 0.5019436 0.349627 0.5019372 0.3322331 0.5019146 0.3375493 0.5019215 0.3828058 0.5019802 0.3828058 0.5019802 0.4171346 0.5020246 0.3828058 0.5019802 0.3545362 0.5019436 0.3584486 0.5019486 0.349627 0.5019372 0.3375493 0.5019215 0.3413916 0.5019266 0.3828058 0.5019802 0.3828058 0.5019802 0.4171346 0.5020246 0.3828058 0.5019802 0.3584486 0.5019486 0.3612757 0.5019523 0.3413916 0.5019266 0.3440513 0.50193 0.349627 0.5019372 0.3828058 0.5019802 0.3828058 0.5019802 0.4171346 0.5020246 0.3612757 0.5019523 0.3632317 0.5019548 0.3828058 0.5019802 0.3176754 0.8939543 0 0 0.2059673 0.3251159 0 0 0 0 0.2059673 0.3251159 0 0 0 0 0.2059673 0.3251159 0.2059673 0.3251159 0.3179611 0.5018961 0.3179611 0.5018961 0.2059673 0.3251159 0.3179611 0.5018961 0.3179611 0.5018961 0.3179611 0.5018961 0.3178925 0.59602 0.3179611 0.5018961 0.3178925 0.59602 0.3176754 0.8939543 0.2059673 0.3251159 0.3179611 0.5018961 0.3178925 0.59602 0.3179611 0.5018961 0.3179611 0.5018961 0.3178925 0.59602 0.2059673 0.3251159 0 0 0.5228906 0.9523921 0.246762 0.3731675 0.5228906 0.9523921 0.5227483 0.6959401 0.246762 0.3731675 0 0 0.246762 0.3731675 0.2348363 0.3590087 0.5227483 0.6959401 0.5023426 0.6766049 0.246762 0.3731675 0 0 0 0 0.2348363 0.3590087 0.2059673 0.3251159 0 0 0.2348363 0.3590087 0 0 0 0 0.2348363 0.3590087 0.2433388 0.3692303 0.2704528 0.4018266 0.2059673 0.3251159 0.5227409 0.6824488 0.5227483 0.6959401 0.5583571 0.667585 0.5227483 0.6959401 0.7398285 0.8053649 0.5583571 0.667585 0.3440513 0.50193 0.3179611 0.5018961 0.3673445 0.5146784 0.3179611 0.5018961 0.400356 0.5799686 0.3673445 0.5146784 0.400356 0.5799686 0.4979072 0.6724022 0.5227228 0.6499339 0.4979072 0.6724022 0.5227395 0.6800085 0.5227228 0.6499339 0.5226931 0.5962857 0.5226964 0.6022174 0.565953 0.5963416 0.5226964 0.6022174 0.595565 0.637858 0.5907148 0.6271829 0.4171346 0.5020246 0.3828058 0.5019802 0.4522362 0.5020701 0.3828058 0.5019802 0.4461156 0.5473443 0.4522362 0.5020701 0.3179106 0.5712222 0.3178925 0.59602 0.3179611 0.5018961 0.3178925 0.59602 0.3179611 0.5018961 0.3179611 0.5018961 0.3178925 0.59602 0.3179611 0.5018961 0.3179611 0.5018961 0.3322331 0.5019146 0.3179611 0.5018961 0.3179611 0.5018961 0.1936151 0.5958591 0.2129715 0.5958843 0.2129896 0.5709692 0.1774807 0.5958385 0.1936151 0.5958591 0.1936333 0.5709223 0.1555462 0.5958111 0.1647444 0.5958222 0.1647626 0.5708531 0.3440513 0.50193 0.3413916 0.5019266 0.3179611 0.5018961 0.5226931 0.5962857 0.565953 0.5963416 0.5462274 0.5717734 0.2604678 0.5959462 0.2880868 0.5959814 0.2881049 0.5711503 0.2353373 0.5959133 0.2604678 0.5959462 0.260486 0.5710842 0.3249819 0.5019052 0.3179611 0.5018961 0.3179611 0.5018961 0.3375493 0.5019215 0.3179611 0.5018961 0.3179611 0.5018961 0.1647444 0.5958222 0.1774807 0.5958385 0.1774989 0.5708837 0.2880868 0.5959814 0.3178925 0.59602 0.3179106 0.5712222 0.2129715 0.5958843 0.2353373 0.5959133 0.2353555 0.5710232 0.2353555 0.5710232 0.260486 0.5710842 0.2605363 0.5018221 0.3249819 0.5019052 0.3491997 0.5019367 0.3418906 0.5019271 0.3418906 0.5019271 0.3179611 0.5018961 0.3249819 0.5019052 0.3545362 0.5019436 0.349627 0.5019372 0.349627 0.5019372 0.3632317 0.5019548 0.3612757 0.5019523 0.349627 0.5019372 0.3179106 0.5712222 0.3179611 0.5018961 0.3179611 0.5018961 0.3179106 0.5712222 0.3179611 0.5018961 0.3179611 0.5018961 0.3179611 0.5018961 0.3179611 0.5018961 0.3179106 0.5712222 0.3179611 0.5018961 0.3179611 0.5018961 0.3179106 0.5712222 0.3179106 0.5712222 0.3179611 0.5018961 0.3179611 0.5018961 0.1774989 0.5708837 0.1936333 0.5709223 0.1936838 0.5017351 0.260486 0.5710842 0.2881049 0.5711503 0.2881554 0.5018575 0.3316809 0.5019139 0.3179611 0.5018961 0.3179611 0.5018961 0.2881049 0.5711503 0.3179106 0.5712222 0.3179611 0.5018961 0.2129896 0.5709692 0.2353555 0.5710232 0.2354059 0.5017893 0.1647626 0.5708531 0.1774989 0.5708837 0.1775493 0.5017144 0.349627 0.5019372 0.349627 0.5019372 0.3491997 0.5019367 0.3491997 0.5019367 0.3249819 0.5019052 0.3322331 0.5019146 0.3584486 0.5019486 0.349627 0.5019372 0.349627 0.5019372 0.1500206 0.5490002 0.1525967 0.570824 0.1555644 0.5708314 0.1555644 0.5708314 0.1556149 0.5016855 0.1500206 0.5490002 0.5226795 0.5717166 0.4461156 0.5473443 0.5078371 0.5915702 0.1936333 0.5709223 0.2129896 0.5709692 0.2130401 0.5017603 0.1555644 0.5708314 0.1647626 0.5708531 0.164813 0.501698 0.4522708 0.4547493 0.4528473 0.463432 0.4532222 0.4591173 0.4540443 0.4584608 0.4570194 0.4606637 0.4522708 0.4547493 0.4861514 0.5021141 0.4554128 0.5020743 0.4461156 0.5473443 0.4461156 0.5473443 0.5226795 0.5717166 0.5226632 0.5424237 0.5226632 0.5424237 0.4903036 0.5021196 0.4461156 0.5473443 0.3632317 0.5019548 0.349627 0.5019372 0.3673445 0.5146784 0.3673445 0.5146784 0.5078371 0.5915702 0.4461156 0.5473443 0.5226964 0.6022174 0.5227228 0.6499339 0.5530707 0.6649664 0.5530707 0.6649664 0.5917486 0.6457853 0.5226964 0.6022174 0.5227228 0.6499339 0.5226964 0.6022174 0.5078371 0.5915702 0.8197712 0.5966702 0.565953 0.5963416 0.5907148 0.6271829 0.5907148 0.6271829 0.6016915 0.6408545 0.8197712 0.5966702 0.6016915 0.6408545 0.7816059 0.7288519 0.797771 0.6866518 0.797771 0.6866518 0.8105394 0.6424298 0.6016915 0.6408545 0.5226408 0.5021615 0.5226632 0.5424237 0.5462274 0.5717734 0.5462274 0.5717734 0.8226676 0.57244 0.8253649 0.5498749 0.8253649 0.5498749 0.8272596 0.502556 0.5462274 0.5717734 0.565953 0.5963416 0.8197712 0.5966702 0.8226676 0.57244 0.5227395 0.6800085 0.4979072 0.6724022 0.5023426 0.6766049 0.4860212 0.4547931 0.4522708 0.4547493 0.4570194 0.4606637 0 0 0 0 0 0 0 0 0 0 0 0 0 0 0 0 0 0 0 0 0 0 0 0 0 0 0 0 0 0 0 0 0 0 0 0 0 0 0 0 0 0 0 0 0 0 0 0 0 0 0 0 0 0 0 0 0 0 0 0 0 0 0 0 0 0 0 0 0 0 0 0 0 0 0 0 0 0 0 0 0 0 0 0 0 0 0 0 0 0 0 0 0 0 0 0 0 0 0 0 0 0 0 0 0 0 0 0 0 0 0 0 0 0 0 0 0 0 0 0 0 0 0 0 0 0 0 0 0 0 0 0 0 0 0 0 0 0 0 0 0 0 0 0 0 0 0 0 0 0 0 0 0 0 0 0 0 0 0 0 0 0 0 0 0 0 0 0 0.4861372 0.4969301 0.4570194 0.4606637 0.4554128 0.5020743 0.4570194 0.4606637 0.4540443 0.4584608 0.4532222 0.4591173 0.4528473 0.463432 0.4570194 0.4606637 0.4532222 0.4591173 0.4528473 0.463432 0.4554128 0.5020743 0.4570194 0.4606637 0.5227409 0.6824488 0.5583571 0.667585 0.5530707 0.6649664 0.5828466 0.6524788 0.5583571 0.667585 0.7622213 0.7685667 0.7622213 0.7685667 0.7816059 0.7288519 0.6016915 0.6408545 0.4979072 0.6724022 0.2704528 0.4018266 0.5023426 0.6766049 0.2704528 0.4018266 0.2433388 0.3692303 0.246762 0.3731675 0.5023426 0.6766049 0.2704528 0.4018266 0.246762 0.3731675 0.2433388 0.3692303 0.2398293 0.3649771 0.2407522 0.3660466 0.5828466 0.6524788 0.5917486 0.6457853 0.5530707 0.6649664 0 0 0 0 0 0 0 0 0 0 0 0 0 0 0 0 0 0 0 0 0 0 0 0 0 0 0 0 0 0 0 0 0 0 0 0 0 0 0 0 0 0 0 0 0 0 0 0 0 0 0 0 0 0 0 0 0 0 0 0 0 0 0 0 0 0 0 0 0 0 0 0 0 0 0 0 0 0 0 0 0 0 0 0 0 0 0 0 0 0 0 0 0 0 0 0 0 0 0 0 0 0 0.2348363 0.3590087 0.246762 0.3731675 0.2407522 0.3660466 0.2398293 0.3649771 0.2433388 0.3692303 0.2348363 0.3590087</float_array>
          <technique_common>
            <accessor source="#Circle_009-mesh-map-0-array" count="1956" stride="2">
              <param name="S" type="float"/>
              <param name="T" type="float"/>
            </accessor>
          </technique_common>
        </source>
        <vertices id="Circle_009-mesh-vertices">
          <input semantic="POSITION" source="#Circle_009-mesh-positions"/>
        </vertices>
        <triangles material="beyaz-material" count="330">
          <input semantic="VERTEX" source="#Circle_009-mesh-vertices" offset="0"/>
          <input semantic="NORMAL" source="#Circle_009-mesh-normals" offset="1"/>
          <input semantic="TEXCOORD" source="#Circle_009-mesh-map-0" offset="2" set="0"/>
          <p>115 0 0 54 0 1 55 0 2 89 1 3 28 1 4 29 1 5 63 2 6 2 2 7 3 2 8 116 3 9 55 3 10 56 3 11 90 4 12 29 4 13 30 4 14 64 5 15 3 5 16 4 5 17 117 6 18 56 6 19 57 6 20 91 7 21 30 7 22 31 7 23 65 8 24 4 8 25 5 8 26 118 9 27 57 9 28 58 9 29 92 10 30 31 10 31 32 10 32 66 11 33 5 11 34 6 11 35 119 12 36 58 12 37 59 12 38 93 13 39 32 13 40 33 13 41 67 14 42 6 14 43 7 14 44 60 15 45 59 15 46 0 15 47 94 16 48 33 16 49 34 16 50 68 17 51 7 17 52 8 17 53 95 18 54 34 18 55 35 18 56 69 19 57 8 19 58 9 19 59 96 20 60 35 20 61 36 20 62 70 21 63 9 21 64 10 21 65 97 22 66 36 22 67 37 22 68 71 23 69 10 23 70 11 23 71 98 24 72 37 24 73 38 24 74 72 25 75 11 25 76 12 25 77 99 26 78 38 26 79 39 26 80 73 27 81 12 27 82 13 27 83 100 28 84 39 28 85 40 28 86 298 29 87 73 29 88 13 29 89 101 30 90 40 30 91 41 30 92 75 31 93 14 31 94 15 31 95 154 32 96 101 32 97 41 32 98 76 33 99 15 33 100 16 33 101 103 34 102 42 34 103 43 34 104 77 35 105 16 35 106 17 35 107 44 36 108 103 36 109 43 36 110 78 37 111 17 37 112 18 37 113 45 38 114 104 38 115 44 38 116 79 39 117 18 39 118 19 39 119 46 40 120 105 40 121 45 40 122 80 41 123 19 41 124 20 41 125 281 42 126 106 42 127 46 42 128 81 43 129 20 43 130 21 43 131 108 44 132 47 44 133 48 44 134 82 45 135 21 45 136 22 45 137 109 46 138 48 46 139 49 46 140 83 47 141 22 47 142 23 47 143 110 48 144 49 48 145 50 48 146 84 49 147 23 49 148 24 49 149 111 50 150 50 50 151 51 50 152 85 51 153 24 51 154 25 51 155 112 52 156 51 52 157 52 52 158 86 53 159 25 53 160 26 53 161 113 54 162 52 54 163 53 54 164 87 55 165 26 55 166 27 55 167 61 56 168 0 56 169 1 56 170 114 57 171 53 57 172 54 57 173 88 58 174 27 58 175 28 58 176 62 59 177 1 59 178 2 59 179 330 60 180 8 60 181 7 60 182 121 61 198 203 61 199 207 61 200 151 80 288 124 80 289 137 80 290 128 88 315 137 88 316 121 88 317 157 93 330 146 93 331 151 93 332 162 102 360 151 102 361 128 102 362 177 106 375 159 106 376 157 106 377 172 114 402 157 114 403 162 114 404 192 61 423 177 61 424 199 61 425 188 61 450 177 61 451 172 61 452 206 132 492 137 132 493 124 132 494 199 61 504 212 61 505 214 61 506 199 61 510 213 61 511 192 61 512 214 134 513 216 134 514 218 134 515 214 61 519 217 61 520 213 61 521 218 136 522 220 136 523 222 136 524 218 138 528 221 138 529 217 138 530 222 61 531 224 61 532 226 61 533 222 140 537 225 140 538 221 140 539 226 61 540 228 61 541 230 61 542 226 142 546 229 142 547 225 142 548 228 143 549 287 143 550 282 143 551 230 144 555 233 144 556 229 144 557 234 145 558 286 145 559 238 145 560 234 146 564 237 146 565 233 146 566 238 147 567 291 147 568 242 147 569 238 149 573 241 149 574 237 149 575 242 150 576 291 150 577 279 150 578 242 151 582 279 151 583 285 151 584 246 61 585 276 61 586 250 61 587 245 61 591 292 61 592 249 61 593 250 61 594 261 61 595 254 61 596 249 61 600 295 61 601 253 61 602 261 61 603 258 61 604 254 61 605 295 153 609 257 153 610 253 153 611 302 61 621 303 61 622 300 61 623 308 61 624 260 61 625 325 61 626 271 61 633 275 61 634 240 61 635 274 61 636 248 61 637 276 61 638 264 162 648 252 162 649 256 162 650 265 163 651 305 163 652 280 163 653 271 61 660 244 61 661 274 61 662 276 61 663 252 61 664 261 61 665 264 61 669 303 61 670 258 61 671 265 168 675 263 168 676 260 168 677 282 61 681 287 61 682 232 61 683 296 170 684 290 170 685 257 170 686 236 172 690 275 172 691 271 172 692 285 173 693 250 173 694 292 173 695 296 174 696 254 174 697 258 174 698 282 177 708 236 177 709 286 177 710 285 61 720 279 61 721 246 61 722 291 180 723 274 180 724 246 180 725 292 181 726 254 181 727 295 181 728 280 182 732 263 182 733 265 182 734 280 185 741 305 185 742 306 185 743 311 187 747 191 187 748 290 187 749 303 189 753 290 189 754 296 189 755 327 61 756 324 61 757 260 61 758 302 61 759 263 61 760 303 61 761 311 191 771 307 191 772 191 191 773 304 61 774 309 61 775 302 61 776 304 61 783 321 61 784 322 61 785 18 60 792 17 60 793 315 60 794 299 194 795 191 194 796 307 194 797 300 195 798 320 195 799 310 195 800 322 196 801 309 196 802 304 196 803 332 61 810 328 61 811 329 61 812 326 198 819 309 198 820 319 198 821 331 60 822 49 60 823 316 60 824 115 0 828 114 0 829 54 0 830 89 1 831 88 1 832 28 1 833 63 2 834 62 2 835 2 2 836 116 3 837 115 3 838 55 3 839 90 4 840 89 4 841 29 4 842 64 5 843 63 5 844 3 5 845 117 200 846 116 200 847 56 200 848 91 7 849 90 7 850 30 7 851 65 201 852 64 201 853 4 201 854 118 9 855 117 9 856 57 9 857 92 202 858 91 202 859 31 202 860 66 203 861 65 203 862 5 203 863 119 204 864 118 204 865 58 204 866 93 205 867 92 205 868 32 205 869 67 14 870 66 14 871 6 14 872 60 206 873 119 206 874 59 206 875 94 16 876 93 16 877 33 16 878 68 207 879 67 207 880 7 207 881 95 18 882 94 18 883 34 18 884 69 19 885 68 19 886 8 19 887 96 208 888 95 208 889 35 208 890 70 209 891 69 209 892 9 209 893 97 22 894 96 22 895 36 22 896 71 23 897 70 23 898 10 23 899 98 210 900 97 210 901 37 210 902 72 211 903 71 211 904 11 211 905 99 26 906 98 26 907 38 26 908 73 212 909 72 212 910 12 212 911 100 213 912 99 213 913 39 213 914 13 214 915 14 214 916 298 214 917 14 215 918 74 215 919 298 215 920 101 30 921 100 30 922 40 30 923 75 216 924 74 216 925 14 216 926 41 217 927 42 217 928 154 217 929 42 218 930 102 218 931 154 218 932 76 219 933 75 219 934 15 219 935 103 34 936 102 34 937 42 34 938 77 220 939 76 220 940 16 220 941 44 221 942 104 221 943 103 221 944 78 37 945 77 37 946 17 37 947 45 222 948 105 222 949 104 222 950 79 39 951 78 39 952 18 39 953 46 223 954 106 223 955 105 223 956 80 41 957 79 41 958 19 41 959 46 224 960 47 224 961 281 224 962 47 225 963 107 225 964 281 225 965 81 226 966 80 226 967 20 226 968 108 44 969 107 44 970 47 44 971 82 227 972 81 227 973 21 227 974 109 46 975 108 46 976 48 46 977 83 228 978 82 228 979 22 228 980 110 48 981 109 48 982 49 48 983 84 229 984 83 229 985 23 229 986 111 230 987 110 230 988 50 230 989 85 231 990 84 231 991 24 231 992 112 232 993 111 232 994 51 232 995 86 53 996 85 53 997 25 53 998 113 54 999 112 54 1000 52 54 1001 87 233 1002 86 233 1003 26 233 1004 61 234 1005 60 234 1006 0 234 1007 114 57 1008 113 57 1009 53 57 1010 88 235 1011 87 235 1012 27 235 1013 62 59 1014 61 59 1015 1 59 1016 2 60 1017 1 60 1018 330 60 1019 1 60 1020 0 60 1021 330 60 1022 0 60 1023 59 60 1024 330 60 1025 59 60 1026 58 60 1027 330 60 1028 58 60 1029 57 60 1030 330 60 1031 57 60 1032 56 60 1033 331 60 1034 330 60 1035 57 60 1036 331 60 1037 56 60 1038 55 60 1039 331 60 1040 55 60 1041 54 60 1042 331 60 1043 54 60 1044 53 60 1045 331 60 1046 53 60 1047 52 60 1048 331 60 1049 52 60 1050 51 60 1051 331 60 1052 330 60 1053 9 60 1054 8 60 1055 3 60 1056 2 60 1057 330 60 1058 5 60 1059 4 60 1060 330 60 1061 4 60 1062 3 60 1063 330 60 1064 7 60 1065 6 60 1066 330 60 1067 6 60 1068 5 60 1069 330 60 1070 121 61 1098 137 61 1099 203 61 1100 151 61 1197 146 61 1198 124 61 1199 128 61 1221 151 61 1222 137 61 1223 157 61 1236 159 61 1237 146 61 1238 162 61 1269 157 61 1270 151 61 1271 177 61 1281 176 61 1282 159 61 1283 172 61 1305 177 61 1306 157 61 1307 192 261 1329 176 261 1330 177 261 1331 188 266 1356 199 266 1357 177 266 1358 206 61 1395 203 61 1396 137 61 1397 199 61 1407 188 61 1408 212 61 1409 199 274 1413 214 274 1414 213 274 1415 214 61 1416 212 61 1417 216 61 1418 214 275 1422 218 275 1423 217 275 1424 218 276 1425 216 276 1426 220 276 1427 218 61 1431 222 61 1432 221 61 1433 222 61 1434 220 61 1435 224 61 1436 222 61 1440 226 61 1441 225 61 1442 226 61 1443 224 61 1444 228 61 1445 226 61 1449 230 61 1450 229 61 1451 234 61 1452 230 61 1453 282 61 1454 230 278 1455 228 278 1456 282 278 1457 230 61 1461 234 61 1462 233 61 1463 234 279 1464 282 279 1465 286 279 1466 234 61 1470 238 61 1471 237 61 1472 238 281 1473 286 281 1474 291 281 1475 238 283 1479 242 283 1480 241 283 1481 245 61 1485 241 61 1486 285 61 1487 241 285 1488 242 285 1489 285 285 1490 246 286 1491 274 286 1492 276 286 1493 245 287 1497 285 287 1498 292 287 1499 250 288 1500 276 288 1501 261 288 1502 249 290 1506 292 290 1507 295 290 1508 261 61 1509 264 61 1510 258 61 1511 295 61 1515 296 61 1516 257 61 1517 264 61 1575 256 61 1576 303 61 1577 256 61 1578 300 61 1579 303 61 1580 300 61 1581 310 61 1582 302 61 1583 310 299 1584 304 299 1585 302 299 1586 265 61 1587 260 61 1588 308 61 1589 260 300 1590 324 300 1591 325 300 1592 274 303 1608 244 303 1609 248 303 1610 264 304 1620 261 304 1621 252 304 1622 265 61 1623 308 61 1624 305 61 1625 271 307 1632 240 307 1633 244 307 1634 276 308 1635 248 308 1636 252 308 1637 271 310 1650 291 310 1651 286 310 1652 286 311 1653 236 311 1654 271 311 1655 285 312 1656 246 312 1657 250 312 1658 296 61 1659 295 61 1660 254 61 1661 282 61 1683 232 61 1684 236 61 1685 246 316 1695 279 316 1696 291 316 1697 291 317 1698 271 317 1699 274 317 1700 292 61 1701 250 61 1702 254 61 1703 280 319 1710 290 319 1711 263 319 1712 191 321 1725 299 321 1726 290 321 1727 290 322 1728 280 322 1729 306 322 1730 306 323 1731 311 323 1732 290 323 1733 296 61 1734 258 61 1735 303 61 1736 303 61 1737 263 61 1738 290 61 1739 260 324 1740 302 324 1741 309 324 1742 309 61 1743 327 61 1744 260 61 1745 302 325 1746 260 325 1747 263 325 1748 304 61 1773 310 61 1774 321 61 1775 17 60 1779 16 60 1780 315 60 1781 315 60 1782 316 60 1783 36 60 1784 316 60 1785 44 60 1786 43 60 1787 43 60 1788 42 60 1789 316 60 1790 316 60 1791 42 60 1792 41 60 1793 41 60 1794 40 60 1795 316 60 1796 316 60 1797 40 60 1798 39 60 1799 39 60 1800 38 60 1801 316 60 1802 316 60 1803 38 60 1804 37 60 1805 37 60 1806 36 60 1807 316 60 1808 36 60 1809 35 60 1810 315 60 1811 35 60 1812 34 60 1813 315 60 1814 34 60 1815 33 60 1816 315 60 1817 33 60 1818 32 60 1819 315 60 1820 32 60 1821 31 60 1822 315 60 1823 31 60 1824 30 60 1825 315 60 1826 30 60 1827 29 60 1828 315 60 1829 29 60 1830 28 60 1831 315 60 1832 28 60 1833 27 60 1834 315 60 1835 27 60 1836 26 60 1837 315 60 1838 26 60 1839 25 60 1840 315 60 1841 25 60 1842 24 60 1843 315 60 1844 24 60 1845 23 60 1846 315 60 1847 23 60 1848 22 60 1849 315 60 1850 22 60 1851 21 60 1852 315 60 1853 21 60 1854 20 60 1855 315 60 1856 20 60 1857 19 60 1858 315 60 1859 19 60 1860 18 60 1861 315 60 1862 307 61 1863 314 61 1864 299 61 1865 314 329 1866 317 329 1867 318 329 1868 313 61 1869 314 61 1870 318 61 1871 313 61 1872 299 61 1873 314 61 1874 322 330 1875 319 330 1876 309 330 1877 310 61 1884 320 61 1885 321 61 1886 320 61 1887 329 61 1888 328 61 1889 321 333 1890 320 333 1891 328 333 1892 329 334 1893 333 334 1894 332 334 1895 326 61 1896 327 61 1897 309 61 1898 10 60 1899 9 60 1900 315 60 1901 9 60 1902 330 60 1903 315 60 1904 315 60 1905 330 60 1906 316 60 1907 331 60 1908 51 60 1909 50 60 1910 330 60 1911 331 60 1912 316 60 1913 12 60 1914 11 60 1915 315 60 1916 11 60 1917 10 60 1918 315 60 1919 14 60 1920 13 60 1921 315 60 1922 13 60 1923 12 60 1924 315 60 1925 16 60 1926 15 60 1927 315 60 1928 15 60 1929 14 60 1930 315 60 1931 45 60 1932 44 60 1933 316 60 1934 47 60 1935 46 60 1936 316 60 1937 46 60 1938 45 60 1939 316 60 1940 49 60 1941 48 60 1942 316 60 1943 48 60 1944 47 60 1945 316 60 1946 331 60 1947 50 60 1948 49 60 1949</p>
        </triangles>
        <triangles material="mavi-material" count="322">
          <input semantic="VERTEX" source="#Circle_009-mesh-vertices" offset="0"/>
          <input semantic="NORMAL" source="#Circle_009-mesh-normals" offset="1"/>
          <input semantic="TEXCOORD" source="#Circle_009-mesh-map-0" offset="2" set="0"/>
          <p>67 61 183 68 61 184 259 61 185 270 62 186 114 62 187 115 62 188 262 63 189 113 63 190 114 63 191 121 61 192 209 61 193 120 61 194 101 61 195 143 61 196 100 61 197 123 61 201 96 61 202 122 61 203 99 61 204 140 61 205 98 61 206 123 61 207 94 61 208 95 61 209 125 64 210 92 64 211 93 64 212 206 61 213 134 61 214 125 61 215 201 65 216 81 65 217 127 65 218 87 61 219 88 61 220 127 61 221 126 66 222 144 66 223 145 66 224 130 67 225 89 67 226 90 67 227 170 68 228 127 68 229 130 68 230 133 69 231 90 69 232 91 69 233 202 61 234 130 61 235 133 61 236 134 70 237 91 70 238 92 70 239 204 71 240 133 71 241 134 71 242 136 72 243 93 72 244 94 72 245 203 73 246 125 73 247 136 73 248 138 61 249 209 61 250 122 61 251 273 74 252 112 74 253 113 74 254 97 61 255 122 61 256 96 61 257 140 61 258 205 61 259 138 61 260 266 75 261 111 75 262 112 75 263 98 61 264 138 61 265 97 61 266 99 61 267 210 61 268 140 61 269 272 76 270 110 76 271 111 76 272 100 61 273 142 61 274 208 61 275 269 77 276 109 77 277 110 77 278 267 78 279 108 78 280 109 78 281 108 61 282 268 61 283 107 61 284 107 79 285 297 79 286 281 79 287 152 81 291 131 81 292 132 81 293 146 82 294 135 82 295 124 82 296 153 83 297 141 83 298 142 83 299 145 84 300 79 84 301 126 84 302 147 85 303 120 85 304 139 85 305 154 61 306 149 61 307 101 61 308 145 86 309 156 86 310 169 86 311 150 87 312 132 87 313 135 87 314 129 89 318 139 89 319 141 89 320 148 90 321 142 90 322 143 90 323 149 91 324 143 91 325 101 91 326 155 92 327 121 92 328 120 92 329 158 94 333 144 94 334 152 94 335 159 95 336 150 95 337 146 95 338 160 96 339 129 96 340 153 96 341 169 97 342 78 97 343 145 97 344 161 98 345 155 98 346 147 98 347 149 61 348 154 61 349 102 61 350 167 99 351 152 99 352 150 99 353 169 100 354 173 100 355 174 100 356 168 101 357 147 101 358 129 101 359 163 103 363 153 103 364 148 103 365 166 104 366 148 104 367 149 104 368 103 61 369 164 61 370 102 61 371 165 105 372 128 105 373 155 105 374 179 107 378 156 107 379 158 107 380 176 108 381 167 108 382 159 108 383 182 109 384 168 109 385 160 109 386 174 110 387 77 110 388 169 110 389 104 61 390 183 61 391 103 61 392 178 111 393 166 111 394 164 111 395 185 112 396 165 112 397 161 112 398 184 113 399 158 113 400 167 113 401 307 115 405 311 115 406 194 115 407 171 116 408 161 116 409 168 116 410 175 117 411 160 117 412 163 117 413 181 118 414 163 118 415 166 118 416 178 61 417 103 61 418 183 61 419 180 119 420 162 119 421 165 119 422 190 120 426 313 120 427 179 120 428 186 61 429 176 61 430 192 61 431 200 61 432 182 61 433 197 61 434 194 121 435 76 121 436 174 121 437 198 122 438 104 122 439 105 122 440 193 61 441 185 61 442 189 61 443 186 123 444 179 123 445 184 123 446 195 124 447 178 124 448 187 124 449 200 125 453 185 125 454 171 125 455 197 126 456 175 126 457 196 126 458 196 61 459 181 61 460 195 61 461 187 61 462 183 61 463 198 61 464 188 61 465 180 61 466 193 61 467 202 127 468 135 127 469 132 127 470 205 61 471 120 61 472 209 61 473 208 61 474 141 61 475 210 61 476 208 61 477 99 61 478 100 61 479 204 128 480 124 128 481 135 128 482 80 129 483 126 129 484 79 129 485 201 130 486 131 130 487 126 130 488 170 131 489 132 131 490 131 131 491 210 61 495 139 61 496 205 61 497 207 61 498 122 61 499 209 61 500 207 61 501 136 61 502 123 61 503 192 133 507 211 133 508 186 133 509 213 135 516 215 135 517 211 135 518 217 137 525 219 137 526 215 137 527 221 139 534 223 139 535 219 139 536 225 141 543 227 141 544 223 141 545 229 139 552 231 139 553 227 139 554 231 61 561 237 61 562 235 61 563 237 148 570 239 148 571 235 148 572 241 148 579 243 148 580 239 148 581 245 152 588 247 152 589 243 152 590 249 148 597 251 148 598 247 148 599 253 152 606 255 152 607 251 152 608 301 154 612 248 154 613 244 154 614 323 155 615 329 155 616 301 155 617 68 156 618 69 156 619 319 156 620 290 157 627 299 157 628 190 157 629 232 158 630 287 158 631 270 158 632 269 159 639 293 159 640 288 159 641 267 160 642 288 160 643 283 160 644 107 161 645 284 161 646 297 161 647 273 164 654 278 164 655 294 164 656 266 165 657 294 165 658 277 165 659 268 166 666 283 166 667 284 166 668 262 167 672 289 167 673 278 167 674 272 169 678 277 169 679 293 169 680 277 171 687 189 171 688 200 171 689 289 175 699 220 175 700 216 175 701 283 176 702 196 176 703 195 176 704 294 61 705 193 61 706 189 61 707 278 178 711 188 178 712 193 178 713 293 61 714 200 61 715 197 61 716 284 179 717 195 179 718 187 179 719 198 61 729 105 61 730 106 61 731 288 183 735 197 183 736 196 183 737 297 184 738 187 184 739 198 184 740 179 186 744 318 186 745 317 186 746 301 188 750 300 188 751 256 188 752 312 190 762 327 190 763 326 190 764 312 61 765 72 61 766 73 61 767 311 61 768 306 61 769 194 61 770 75 61 777 194 61 778 305 61 779 308 61 780 298 61 781 305 61 782 173 192 786 314 192 787 307 192 788 301 193 789 320 193 790 300 193 791 69 197 804 312 197 805 326 197 806 322 61 807 321 61 808 259 61 809 324 61 813 327 61 814 312 61 815 325 61 816 324 61 817 312 61 818 332 199 825 333 199 826 323 199 827 259 61 1071 61 61 1072 62 61 1073 62 236 1074 63 236 1075 259 236 1076 63 237 1077 64 237 1078 259 237 1079 64 238 1080 65 238 1081 259 238 1082 65 239 1083 66 239 1084 259 239 1085 66 61 1086 67 61 1087 259 61 1088 270 61 1089 262 61 1090 114 61 1091 262 61 1092 273 61 1093 113 61 1094 121 61 1095 207 61 1096 209 61 1097 123 240 1101 95 240 1102 96 240 1103 123 61 1104 136 61 1105 94 61 1106 125 61 1107 134 61 1108 92 61 1109 206 61 1110 204 61 1111 134 61 1112 201 61 1113 80 61 1114 81 61 1115 88 61 1116 89 61 1117 127 61 1118 127 241 1119 81 241 1120 82 241 1121 82 61 1122 83 61 1123 127 61 1124 83 61 1125 84 61 1126 127 61 1127 84 61 1128 85 61 1129 127 61 1130 85 61 1131 86 61 1132 127 61 1133 86 61 1134 87 61 1135 127 61 1136 126 242 1137 131 242 1138 144 242 1139 130 61 1140 127 61 1141 89 61 1142 170 61 1143 201 61 1144 127 61 1145 133 61 1146 130 61 1147 90 61 1148 202 61 1149 170 61 1150 130 61 1151 134 243 1152 133 243 1153 91 243 1154 204 61 1155 202 61 1156 133 61 1157 136 61 1158 125 61 1159 93 61 1160 203 61 1161 206 61 1162 125 61 1163 138 61 1164 205 61 1165 209 61 1166 273 61 1167 266 61 1168 112 61 1169 97 244 1170 138 244 1171 122 244 1172 140 61 1173 210 61 1174 205 61 1175 266 61 1176 272 61 1177 111 61 1178 98 245 1179 140 245 1180 138 245 1181 99 61 1182 208 61 1183 210 61 1184 272 61 1185 269 61 1186 110 61 1187 100 246 1188 143 246 1189 142 246 1190 269 61 1191 267 61 1192 109 61 1193 267 61 1194 268 61 1195 108 61 1196 152 247 1200 144 247 1201 131 247 1202 146 61 1203 150 61 1204 135 61 1205 153 61 1206 129 61 1207 141 61 1208 145 248 1209 78 248 1210 79 248 1211 147 61 1212 155 61 1213 120 61 1214 145 61 1215 144 61 1216 156 61 1217 150 61 1218 152 61 1219 132 61 1220 129 249 1224 147 249 1225 139 249 1226 148 61 1227 153 61 1228 142 61 1229 149 250 1230 148 250 1231 143 250 1232 155 251 1233 128 251 1234 121 251 1235 158 61 1239 156 61 1240 144 61 1241 159 61 1242 167 61 1243 150 61 1244 160 252 1245 168 252 1246 129 252 1247 169 253 1248 77 253 1249 78 253 1250 161 61 1251 165 61 1252 155 61 1253 102 254 1254 164 254 1255 166 254 1256 166 255 1257 149 255 1258 102 255 1259 167 256 1260 158 256 1261 152 256 1262 169 61 1263 156 61 1264 173 61 1265 168 61 1266 161 61 1267 147 61 1268 163 61 1272 160 61 1273 153 61 1274 166 61 1275 163 61 1276 148 61 1277 165 257 1278 162 257 1279 128 257 1280 179 258 1284 173 258 1285 156 258 1286 176 61 1287 184 61 1288 167 61 1289 182 61 1290 171 61 1291 168 61 1292 174 61 1293 76 61 1294 77 61 1295 178 61 1296 181 61 1297 166 61 1298 185 61 1299 180 61 1300 165 61 1301 184 61 1302 179 61 1303 158 61 1304 194 61 1308 174 61 1309 307 61 1310 174 61 1311 173 61 1312 307 61 1313 171 61 1314 185 61 1315 161 61 1316 175 259 1317 182 259 1318 160 259 1319 181 61 1320 175 61 1321 163 61 1322 178 260 1323 164 260 1324 103 260 1325 180 61 1326 172 61 1327 162 61 1328 190 262 1332 299 262 1333 313 262 1334 186 263 1335 184 263 1336 176 263 1337 200 61 1338 171 61 1339 182 61 1340 194 61 1341 75 61 1342 76 61 1343 198 264 1344 183 264 1345 104 264 1346 193 61 1347 180 61 1348 185 61 1349 186 61 1350 190 61 1351 179 61 1352 195 265 1353 181 265 1354 178 265 1355 200 61 1359 189 61 1360 185 61 1361 197 267 1362 182 267 1363 175 267 1364 196 268 1365 175 268 1366 181 268 1367 187 269 1368 178 269 1369 183 269 1370 188 61 1371 172 61 1372 180 61 1373 202 61 1374 204 61 1375 135 61 1376 205 270 1377 139 270 1378 120 270 1379 208 271 1380 142 271 1381 141 271 1382 204 61 1383 206 61 1384 124 61 1385 80 272 1386 201 272 1387 126 272 1388 201 61 1389 170 61 1390 131 61 1391 170 61 1392 202 61 1393 132 61 1394 210 273 1398 141 273 1399 139 273 1400 207 61 1401 123 61 1402 122 61 1403 207 61 1404 203 61 1405 136 61 1406 192 61 1410 213 61 1411 211 61 1412 213 61 1419 217 61 1420 215 61 1421 217 277 1428 221 277 1429 219 277 1430 221 61 1437 225 61 1438 223 61 1439 225 61 1446 229 61 1447 227 61 1448 229 61 1458 233 61 1459 231 61 1460 231 280 1467 233 280 1468 237 280 1469 237 282 1476 241 282 1477 239 282 1478 241 284 1482 245 284 1483 243 284 1484 245 61 1494 249 61 1495 247 61 1496 249 289 1503 253 289 1504 251 289 1505 253 61 1512 257 61 1513 255 61 1514 115 61 1518 116 61 1519 301 61 1520 116 61 1521 117 61 1522 301 61 1523 117 61 1524 118 61 1525 301 61 1526 301 291 1527 256 291 1528 252 291 1529 301 292 1530 252 292 1531 248 292 1532 275 61 1533 270 61 1534 240 61 1535 270 293 1536 115 293 1537 301 293 1538 240 61 1539 270 61 1540 244 61 1541 244 294 1542 270 294 1543 301 294 1544 60 61 1545 61 61 1546 328 61 1547 61 295 1548 259 295 1549 328 295 1550 60 296 1551 328 296 1552 323 296 1553 259 61 1554 321 61 1555 328 61 1556 119 297 1557 60 297 1558 323 297 1559 301 61 1560 118 61 1561 323 61 1562 118 61 1563 119 61 1564 323 61 1565 329 61 1566 320 61 1567 301 61 1568 322 61 1569 259 61 1570 319 61 1571 259 298 1572 68 298 1573 319 298 1574 255 61 1593 257 61 1594 190 61 1595 257 61 1596 290 61 1597 190 61 1598 289 301 1599 270 301 1600 287 301 1601 270 302 1602 275 302 1603 236 302 1604 270 61 1605 236 61 1606 232 61 1607 269 61 1611 272 61 1612 293 61 1613 267 61 1614 269 61 1615 288 61 1616 107 61 1617 268 61 1618 284 61 1619 273 305 1626 262 305 1627 278 305 1628 266 306 1629 273 306 1630 294 306 1631 268 309 1638 267 309 1639 283 309 1640 262 61 1641 270 61 1642 289 61 1643 272 61 1644 266 61 1645 277 61 1646 277 61 1647 294 61 1648 189 61 1649 289 61 1662 287 61 1663 228 61 1664 289 61 1665 228 61 1666 224 61 1667 212 61 1668 188 61 1669 289 61 1670 216 61 1671 212 61 1672 289 61 1673 289 313 1674 224 313 1675 220 313 1676 283 61 1677 288 61 1678 196 61 1679 294 61 1680 278 61 1681 193 61 1682 278 314 1686 289 314 1687 188 314 1688 293 61 1689 277 61 1690 200 61 1691 284 315 1692 283 315 1693 195 315 1694 106 318 1704 281 318 1705 297 318 1706 297 61 1707 198 61 1708 106 61 1709 288 61 1713 293 61 1714 197 61 1715 297 61 1716 284 61 1717 187 61 1718 179 320 1719 313 320 1720 318 320 1721 317 61 1722 314 61 1723 179 61 1724 73 61 1749 308 61 1750 325 61 1751 325 326 1752 312 326 1753 73 326 1754 312 61 1755 70 61 1756 71 61 1757 71 327 1758 72 327 1759 312 327 1760 194 328 1761 306 328 1762 305 328 1763 305 61 1764 298 61 1765 74 61 1766 74 61 1767 75 61 1768 305 61 1769 308 61 1770 73 61 1771 298 61 1772 173 61 1776 179 61 1777 314 61 1778 326 331 1878 319 331 1879 69 331 1880 69 332 1881 70 332 1882 312 332 1883 323 335 1950 328 335 1951 332 335 1952 333 61 1953 329 61 1954 323 61 1955</p>
        </triangles>
      </mesh>
    </geometry>
    <geometry id="Örüntü_019-mesh" name="Örüntü.019">
      <mesh>
        <source id="Örüntü_019-mesh-positions">
          <float_array id="Örüntü_019-mesh-positions-array" count="1170">5 0 0 4.854709 1.196578 0 4.42728 2.323616 0 3.742554 3.315613 0 2.840323 4.114919 0 1.773024 4.675081 0 0.6026834 4.963544 0 -0.6026833 4.963544 0 -1.773024 4.675081 0 -2.840323 4.11492 0 -3.742554 3.315613 0 -4.42728 2.323615 0 -4.85471 1.196577 0 -5 -1.62921e-6 0 -4.854709 -1.19658 0 -4.427279 -2.323618 0 -3.742552 -3.315616 0 -2.840321 -4.114922 0 -1.773021 -4.675083 0 -0.6026788 -4.963545 0 0.6026884 -4.963544 0 1.77303 -4.675079 0 2.840329 -4.114916 0 3.742558 -3.315608 0 4.427283 -2.32361 0 4.854711 -1.196571 0 5 0 34.89522 4.854709 1.196578 34.89522 4.42728 2.323616 34.89522 3.742554 3.315613 34.89522 2.840323 4.114919 34.89522 1.773024 4.675081 34.89522 0.6026834 4.963544 34.89522 -0.6026833 4.963544 34.89522 -1.773024 4.675081 34.89522 -2.840323 4.11492 34.89522 -3.742554 3.315613 34.89522 -4.42728 2.323615 34.89522 -4.85471 1.196577 34.89522 -5 -1.62921e-6 34.89522 -4.854709 -1.19658 34.89522 -4.427279 -2.323618 34.89522 -3.742552 -3.315616 34.89522 -2.840321 -4.114922 34.89522 -1.773021 -4.675083 34.89522 -0.6026788 -4.963545 34.89522 0.6026884 -4.963544 34.89522 1.77303 -4.675079 34.89522 2.840329 -4.114916 34.89522 3.742558 -3.315608 34.89522 4.427283 -2.32361 34.89522 4.854711 -1.196571 34.89522 5 0 83.33334 4.854709 1.196578 83.33334 4.42728 2.323616 83.33334 3.742554 3.315613 83.33334 2.840323 4.114919 83.33334 1.773024 4.675081 83.33334 0.6026834 4.963544 83.33334 -0.6026833 4.963544 83.33334 -1.773024 4.675081 83.33334 -2.840323 4.11492 83.33334 -3.742554 3.315613 83.33334 -4.42728 2.323615 83.33334 -4.85471 1.196577 83.33334 -5 -1.62921e-6 83.33334 -4.854709 -1.19658 83.33334 -4.427279 -2.323618 83.33334 -3.742552 -3.315616 83.33334 -2.840321 -4.114922 83.33334 -1.773021 -4.675083 83.33334 -0.6026788 -4.963545 83.33334 0.6026884 -4.963544 83.33334 1.77303 -4.675079 83.33334 2.840329 -4.114916 83.33334 3.742558 -3.315608 83.33334 4.427283 -2.32361 83.33334 4.854711 -1.196571 83.33334 5 0 125 4.854709 1.196578 125 4.42728 2.323616 125 3.742554 3.315613 125 2.840323 4.114919 125 1.773024 4.675081 125 0.6026834 4.963544 125 -0.6026833 4.963544 125 -1.773024 4.675081 125 -2.840323 4.11492 125 -3.742554 3.315613 125 -4.42728 2.323615 125 -4.85471 1.196577 125 -5 -1.62921e-6 125 -4.854709 -1.19658 125 -4.427279 -2.323618 125 -3.742552 -3.315616 125 -2.840321 -4.114922 125 -1.773021 -4.675083 125 -0.6026788 -4.963545 125 0.6026884 -4.963544 125 1.77303 -4.675079 125 2.840329 -4.114916 125 3.742558 -3.315608 125 4.427283 -2.32361 125 4.854711 -1.196571 125 5 0 166.6667 4.854709 1.196578 166.6667 4.42728 2.323616 166.6667 3.742554 3.315613 166.6667 2.840323 4.114919 166.6667 1.773024 4.675081 166.6667 0.6026834 4.963544 166.6667 -0.6026833 4.963544 166.6667 -1.773024 4.675081 166.6667 -2.840323 4.11492 166.6667 -3.742554 3.315613 166.6667 -4.42728 2.323615 166.6667 -4.85471 1.196577 166.6667 -5 -1.62921e-6 166.6667 -4.854709 -1.19658 166.6667 -4.427279 -2.323618 166.6667 -3.742552 -3.315616 166.6667 -2.840321 -4.114922 166.6667 -1.773021 -4.675083 166.6667 -0.6026788 -4.963545 166.6667 0.6026884 -4.963544 166.6667 1.77303 -4.675079 166.6667 2.840329 -4.114916 166.6667 3.742558 -3.315608 166.6667 4.427283 -2.32361 166.6667 4.854711 -1.196571 166.6667 5 0 208.3333 4.854709 1.196578 208.3333 4.42728 2.323616 208.3333 3.742554 3.315613 208.3333 2.840323 4.114919 208.3333 1.773024 4.675081 208.3333 0.6026834 4.963544 208.3333 -0.6026833 4.963544 208.3333 -1.773024 4.675081 208.3333 -2.840323 4.11492 208.3333 -3.742554 3.315613 208.3333 -4.42728 2.323615 208.3333 -4.85471 1.196577 208.3333 -5 -1.62921e-6 208.3333 -4.854709 -1.19658 208.3333 -4.427279 -2.323618 208.3333 -3.742552 -3.315616 208.3333 -2.840321 -4.114922 208.3333 -1.773021 -4.675083 208.3333 -0.6026788 -4.963545 208.3333 0.6026884 -4.963544 208.3333 1.77303 -4.675079 208.3333 2.840329 -4.114916 208.3333 3.742558 -3.315608 208.3333 4.427283 -2.32361 208.3333 4.854711 -1.196571 208.3333 5 0 250 4.854709 1.196578 250 4.42728 2.323616 250 3.742554 3.315613 250 2.840323 4.114919 250 1.773024 4.675081 250 0.6026834 4.963544 250 -0.6026833 4.963544 250 -1.773024 4.675081 250 -2.840323 4.11492 250 -3.742554 3.315613 250 -4.42728 2.323615 250 -4.85471 1.196577 250 -5 -1.62921e-6 250 -4.854709 -1.19658 250 -4.427279 -2.323618 250 -3.742552 -3.315616 250 -2.840321 -4.114922 250 -1.773021 -4.675083 250 -0.6026788 -4.963545 250 0.6026884 -4.963544 250 1.77303 -4.675079 250 2.840329 -4.114916 250 3.742558 -3.315608 250 4.427283 -2.32361 250 4.854711 -1.196571 250 9.029385 -5.20837e-5 0 8.766983 2.160923 0 7.995117 4.196161 0 6.758586 5.987586 0 5.129319 7.431008 0 3.201809 8.442629 0 1.088371 8.963545 0 -1.088371 8.963544 0 -3.201861 8.442616 0 -5.129271 7.431034 0 -6.758587 5.987585 0 -7.995099 4.196211 0 -8.767009 2.160816 0 -9.029379 -3.24641e-6 0 -8.767002 -2.160875 0 -7.995116 -4.196166 0 -6.758584 -5.98759 0 -5.129266 -7.431037 0 -3.201907 -8.442605 0 -1.088309 -8.963545 0 1.08838 -8.963544 0 3.201871 -8.442612 0 5.129281 -7.431026 0 6.758595 -5.987577 0 7.995124 -4.196151 0 8.767004 -2.16086 0 8.511731 2.098005 34.89522 8.766468 -4.86852e-5 34.89522 8.511738 -2.097943 34.89522 7.762332 -4.073973 34.89522 6.561806 -5.813238 34.89522 4.979933 -7.214659 34.89522 3.108643 -8.196792 34.89522 1.05669 -8.702555 34.89522 -1.056625 -8.702569 34.89522 -3.108672 -8.196774 34.89522 -4.979919 -7.214669 34.89522 -6.561796 -5.81325 34.89522 -7.762324 -4.073987 34.89522 -8.511734 -2.097958 34.89522 -8.766473 -3.1409e-6 34.89522 -8.511754 2.097905 34.89522 -7.762297 4.074024 34.89522 -6.561799 5.813246 34.89522 -4.979923 7.214666 34.89522 -3.108633 8.196795 34.89522 -1.056681 8.702556 34.89522 1.056681 8.702555 34.89522 3.10859 8.19682 34.89522 4.979961 7.214632 34.89522 6.561798 5.813247 34.89522 7.762326 4.073983 34.89522 9.029384 -5.20143e-5 7.569026 8.766983 2.160923 7.569026 7.995118 4.196161 7.569026 6.758585 5.987586 7.569026 5.129319 7.431007 7.569026 3.20181 8.44263 7.569026 1.088371 8.963546 7.569026 -1.088371 8.963544 7.569026 -3.201861 8.442616 7.569026 -5.129271 7.431034 7.569026 -6.758586 5.987585 7.569026 -7.995098 4.19621 7.569026 -8.76701 2.160816 7.569026 -9.02938 -3.17716e-6 7.569026 -8.767002 -2.160875 7.569026 -7.995116 -4.196166 7.569026 -6.758584 -5.98759 7.569026 -5.129265 -7.431036 7.569026 -3.201907 -8.442605 7.569026 -1.088309 -8.963546 7.569026 1.08838 -8.963545 7.569026 3.201871 -8.442612 7.569026 5.129281 -7.431026 7.569026 6.758595 -5.987577 7.569026 7.995124 -4.196151 7.569026 8.767004 -2.16086 7.569026 8.766994 2.160925 34.09764 9.029375 -5.2153e-5 34.09764 8.767005 -2.16086 34.09764 7.995124 -4.196151 34.09764 6.758594 -5.987576 34.09764 5.129281 -7.431026 34.09764 3.201871 -8.442613 34.09764 1.08838 -8.963543 34.09764 -1.088311 -8.963559 34.09764 -3.201903 -8.442594 34.09764 -5.129267 -7.431037 34.09764 -6.758584 -5.987589 34.09764 -7.995116 -4.196166 34.09764 -8.767002 -2.160875 34.09764 -9.029378 -3.31566e-6 34.09764 -8.767022 2.160819 34.09764 -7.995088 4.196206 34.09764 -6.758587 5.987586 34.09764 -5.129271 7.431034 34.09764 -3.201861 8.442616 34.09764 -1.088371 8.963545 34.09764 1.088371 8.963543 34.09764 3.201814 8.442642 34.09764 5.129312 7.430997 34.09764 6.758586 5.987586 34.09764 7.995117 4.196162 34.09764 12.05142 -9.12043e-5 3.80768e-7 11.70121 2.884113 -3.92484e-7 10.671 5.600571 -1.68576e-7 9.020617 7.991558 2.68752e-7 6.846032 9.918095 2.64833e-7 4.273389 11.26829 -3.89779e-7 1.452676 11.96354 -3.83727e-7 -1.452638 11.96354 0 -4.273453 11.26828 0 -6.846012 9.918092 0 -9.020606 7.99157 2.68752e-7 -10.67098 5.600621 2.57052e-7 -11.70123 2.884027 -3.69703e-7 -12.05141 -4.76255e-6 -3.80767e-7 -11.70122 -2.884097 0 -10.67102 -5.600542 0 -9.020579 -7.991597 0 -6.846017 -9.9181 2.64834e-7 -4.273573 -11.26825 0 -1.452564 -11.96354 -3.77991e-7 1.45269 -11.96354 -3.77991e-7 4.27354 -11.26824 0 6.845963 -9.918137 0 9.020647 -7.991521 0 10.671 -5.600556 0 11.70122 -2.884085 3.69702e-7 8.788381 2.166197 7.569026 9.051424 -5.1721e-5 7.569026 8.788395 -2.166133 7.569026 8.014636 -4.206391 7.569026 6.775092 -6.002192 7.569026 5.141794 -7.449156 7.569026 3.209685 -8.463214 7.569026 1.091036 -8.98542 7.569026 -1.090965 -8.98542 7.569026 -3.209721 -8.463211 7.569026 -5.141781 -7.449169 7.569026 -6.77508 -6.002204 7.569026 -8.014622 -4.206403 7.569026 -8.788393 -2.166148 7.569026 -9.051416 -3.19274e-6 7.569026 -8.788403 2.166089 7.569026 -8.014612 4.206451 7.569026 -6.775078 6.002195 7.569026 -5.14179 7.449172 7.569026 -3.209673 8.463213 7.569026 -1.091027 8.985419 7.569026 1.091027 8.985415 7.569026 3.209621 8.463227 7.569026 5.141837 7.449143 7.569026 6.775077 6.002196 7.569026 8.014629 4.206401 7.569026 11.7012 2.88416 4.569026 12.05142 -4.32664e-5 4.569027 11.70122 -2.884085 4.569027 10.67101 -5.600556 4.569026 9.02065 -7.991525 4.569026 6.84596 -9.918132 4.569026 4.273518 -11.26825 4.569026 1.452666 -11.96354 4.569026 -1.452564 -11.96355 4.569026 -4.27355 -11.26825 4.569026 -6.845995 -9.91811 4.569027 -9.020583 -7.991601 4.569026 -10.67101 -5.600539 4.569026 -11.70122 -2.884097 4.569026 -12.05141 -5.09554e-6 4.569026 -11.70123 2.884028 4.569026 -10.67098 5.600622 4.569027 -9.020606 7.99157 4.569027 -6.846015 9.918097 4.569026 -4.273451 11.26828 4.569026 -1.452638 11.96354 4.569026 1.452628 11.96354 4.569026 4.273436 11.26827 4.569026 6.846032 9.918094 4.569027 9.020616 7.991558 4.569027 10.67099 5.600571 4.569026 8.766996 2.160926 34.63232 9.029374 -5.21064e-5 34.63232 8.767004 -2.16086 34.63232 7.995124 -4.196151 34.63232 6.758594 -5.987576 34.63232 5.129281 -7.431026 34.63232 3.201871 -8.442613 34.63232 1.08838 -8.963544 34.63232 -1.088311 -8.96356 34.63232 -3.201903 -8.442594 34.63232 -5.129266 -7.431037 34.63232 -6.758584 -5.987589 34.63232 -7.995116 -4.196166 34.63232 -8.767002 -2.160875 34.63232 -9.029379 -3.26924e-6 34.63232 -8.767023 2.160819 34.63232 -7.995087 4.196205 34.63232 -6.758587 5.987585 34.63232 -5.129271 7.431034 34.63232 -3.201861 8.442616 34.63232 -1.088371 8.963545 34.63232 1.088371 8.963544 34.63232 3.201814 8.442643 34.63232 5.129312 7.430997 34.63232 6.758586 5.987586 34.63232 7.995118 4.196162 34.63232</float_array>
          <technique_common>
            <accessor source="#Örüntü_019-mesh-positions-array" count="390" stride="3">
              <param name="X" type="float"/>
              <param name="Y" type="float"/>
              <param name="Z" type="float"/>
            </accessor>
          </technique_common>
        </source>
        <source id="Örüntü_019-mesh-normals">
          <float_array id="Örüntü_019-mesh-normals-array" count="825">0 0 -1 0.6777729 0 0.7352713 0.6580861 0.1621791 0.7352692 0.970945 0.2393028 0 1 0 0 0.6001374 0.3149623 0.7352782 0.8854585 0.4647185 0 0.5073194 0.4494552 0.7352668 0.7485129 0.6631203 0 0.3850026 0.5578037 0.7352742 0.5680589 0.822988 0 0.240339 0.6337319 0.7352694 0.3546027 0.9350171 0 0.08166998 0.6728314 0.7352742 0.1205182 0.9927111 0 -0.08166998 0.6728314 0.7352742 -0.1205182 0.9927111 0 -0.240339 0.6337319 0.7352694 -0.3546027 0.9350171 0 -0.3850026 0.5578037 0.7352742 -0.5680589 0.822988 0 -0.5073194 0.4494552 0.7352668 -0.7485129 0.6631203 0 -0.6001374 0.3149623 0.7352782 -0.8854585 0.4647185 0 -0.6580861 0.1621791 0.7352692 -0.970945 0.2393028 0 -0.6777729 0 0.7352713 -1 0 0 -0.6580861 -0.1621791 0.7352692 -0.970945 -0.2393028 0 -0.6001374 -0.3149623 0.7352782 -0.8854585 -0.4647185 0 -0.5073264 -0.4494308 0.7352768 -0.7485129 -0.6631203 0 -0.3850286 -0.5577971 0.7352655 -0.5680589 -0.822988 0 -0.240339 -0.6337319 0.7352694 -0.3546027 -0.9350171 0 -0.08166998 -0.6728314 0.7352742 -0.1205182 -0.9927111 0 0.08166998 -0.6728314 0.7352742 0.1205182 -0.9927111 0 0.240339 -0.6337319 0.7352694 0.3546027 -0.9350171 0 0.3850026 -0.5578037 0.7352742 0.5680589 -0.822988 0 0.5073194 -0.4494552 0.7352668 0.7485129 -0.6631203 0 0.6001569 -0.3149565 0.7352647 0.8854585 -0.4647185 0 0.6580861 -0.1621791 0.7352692 0.970945 -0.2393028 0 -0.5073194 -0.4494552 0.7352668 -0.3850026 -0.5578037 0.7352742 0.08170032 -0.6728298 0.7352724 0.6001374 -0.3149623 0.7352782 0.7110479 0.175244 0.6809555 0.7322781 0 0.6810058 0.6484171 0.3403229 0.6809815 0.5481587 0.4856244 0.6809486 0.41601 0.6026973 0.680949 0.2596909 0.6847368 0.6809524 0.08826148 0.7269974 0.680944 -0.08826148 0.7269974 0.680944 -0.259657 0.684728 0.6809741 -0.4160353 0.6026897 0.6809405 -0.5481046 0.4856306 0.6809877 -0.6484483 0.3403232 0.6809516 -0.7110479 0.175244 0.6809555 -0.7323368 0 0.6809427 -0.7110479 -0.175244 0.6809555 -0.6484483 -0.3403232 0.6809516 -0.5481587 -0.4856244 0.6809486 -0.41601 -0.6026973 0.680949 -0.2596909 -0.6847368 0.6809524 -0.08826148 -0.7269974 0.680944 0.08826148 -0.7269974 0.680944 0.2596909 -0.6847368 0.6809524 0.41601 -0.6026973 0.680949 0.5481587 -0.4856244 0.6809486 0.6484659 -0.3403164 0.6809381 0.7110479 -0.175244 0.6809555 5.94829e-7 0 1 -4.82735e-7 0 1 -1.69284e-6 0 1 6.26271e-7 0 1 0 0 1 3.38566e-6 0 1 -1.93103e-6 0 1 6.77133e-6 0 1 -1.93103e-6 0 1 -3.86215e-6 0 1 -1.69283e-6 0 1 8.46416e-7 0 1 -9.65515e-7 0 1 1.40216e-6 0 1 -4.82758e-7 0 1 8.46414e-7 0 1 -1.76528e-6 0 1 -3.38567e-6 0 1 2.41367e-6 0 1 9.65539e-7 0 1 -1.93108e-6 0 1 9.65537e-7 0 1 0.7323368 0 -0.6809427 0.7110479 0.175244 -0.6809555 0.9010006 0.2220608 0.3726752 0.9279644 0 0.372669 0.6484483 0.3403232 -0.6809516 0.8216739 0.4312392 0.3726724 0.5481587 0.4856244 -0.6809486 0.6945867 0.6153588 0.3726701 0.41601 0.6026973 -0.680949 0.5271269 0.7637113 0.3726694 0.2596909 0.6847368 -0.6809524 0.3290585 0.867662 0.3726705 0.08826148 0.7269974 -0.680944 0.1118535 0.9211972 0.3726722 -0.08826148 0.7269974 -0.680944 -0.1118535 0.9211972 0.3726722 -0.2596909 0.6847368 -0.6809524 -0.3290585 0.867662 0.3726705 -0.41601 0.6026973 -0.680949 -0.5271269 0.7637113 0.3726694 -0.5481587 0.4856244 -0.6809486 -0.6945867 0.6153588 0.3726701 -0.6484483 0.3403232 -0.6809516 -0.8216739 0.4312392 0.3726724 -0.7110479 0.175244 -0.6809555 -0.9010064 0.2220547 0.3726651 -0.7323368 0 -0.6809427 -0.9279644 0 0.372669 -0.7110479 -0.175244 -0.6809555 -0.9010006 -0.2220608 0.3726752 -0.6484483 -0.3403232 -0.6809516 -0.8216739 -0.4312392 0.3726724 -0.5481587 -0.4856244 -0.6809486 -0.6945867 -0.6153588 0.3726701 -0.41601 -0.6026973 -0.680949 -0.5271269 -0.7637113 0.3726694 -0.2596909 -0.6847368 -0.6809524 -0.3290585 -0.867662 0.3726705 -0.08826148 -0.7269974 -0.680944 -0.1118234 -0.9212003 0.3726735 0.08826148 -0.7269974 -0.680944 0.1118535 -0.9211972 0.3726722 0.2596909 -0.6847368 -0.6809524 0.3290585 -0.867662 0.3726705 0.41601 -0.6026973 -0.680949 0.5271269 -0.7637113 0.3726694 0.5481587 -0.4856244 -0.6809486 0.6945867 -0.6153588 0.3726701 0.6484483 -0.3403232 -0.6809516 0.8216739 -0.4312392 0.3726724 0.7110479 -0.175244 -0.6809555 0.9010006 -0.2220608 0.3726752 -0.1118535 -0.9211972 0.3726722 -0.9010006 0.2220608 0.3726752 0.5271391 0.7636986 0.3726781 -1.29874e-7 0 -1 1.25994e-7 -2.528e-7 -1 0 0 -1 -1.40905e-7 0 -1 0 0 -1 0 0 -1 0 0 -1 0 0 -1 0 0 -1 2.2781e-7 0 -1 0 -1.24192e-7 -1 0 -1.25407e-7 -1 -1.32078e-7 0 -1 0 0 -1 0 0 -1 0 0 -1 0 0 -1 0 0 -1 0 2.22798e-7 -1 1.25997e-7 0 -1 1.23254e-7 0 -1 1.25997e-7 0 -1 0 0 -1 0 0 -1 0 0 -1 0 1.22336e-7 -1 -1.22537e-7 0 -1 0 1.25997e-7 -1 0 1.25997e-7 -1 0 1.38135e-7 -1 0 0 -1 0 0 -1 1.25997e-7 0 -1 1.23254e-7 0 -1 -1.31289e-5 0 1 2.41903e-5 0 1 4.58568e-5 0 1 1.30979e-5 0 1 1.65855e-5 0 1 -5.77651e-6 0 1 -2.72202e-5 0 1 2.34136e-5 0 1 -1.25213e-6 0 1 -1.27974e-5 0 1 6.88545e-6 0 1 1.24907e-6 0 1 -1.00144e-5 0 1 3.12238e-6 0 1 -5.00661e-6 0 1 2.49741e-6 0 1 -1.87785e-6 0 1 4.9948e-6 0 1 -9.69981e-6 0 1 -1.81091e-5 0 1 3.69385e-5 0 1 -3.02783e-5 0 1 5.79039e-6 0 1 -3.68485e-5 0 1 4.95321e-6 0 1 3.41893e-5 0 1 3.86538e-5 0 1 -4.94127e-6 0 1 6.25816e-7 0 1 1.40491e-6 0 1 1.2207e-5 0 1 -6.24324e-7 0 1 2.7535e-5 0 1 -1.21771e-5 0 1 -1.31476e-5 0 1 1.24856e-5 0 1 3.12276e-6 0 1 1.00175e-5 0 1 -6.87062e-6 0 1 -6.88393e-6 0 1 9.99332e-6 0 1 1.22069e-5 0 1 -3.309e-5 0 1 2.34716e-5 0 1 -1.21767e-5 0 1 1.58023e-5 0 1 -2.34159e-5 0 1 0.3954084 0.09744817 0.9133214 0.4072482 0 0.9133176 0.3954084 -0.09744817 0.9133214 0.360587 -0.1892509 0.9133242 0.3048002 -0.2700383 0.9133325 0.231338 -0.335135 0.9133276 0.1443883 -0.3807627 0.91333 0.0490753 -0.4042611 0.9133262 -0.0490753 -0.4042611 0.9133262 -0.1443883 -0.3807627 0.91333 -0.231338 -0.335135 0.9133276 -0.3048279 -0.2700358 0.9133241 -0.360587 -0.1892509 0.9133242 -0.3953827 -0.09744936 0.9133325 -0.4072482 0 0.9133176 -0.3953827 0.09744936 0.9133325 -0.360587 0.1892509 0.9133242 -0.3048279 0.2700358 0.9133241 -0.2313092 0.3351374 0.9133341 -0.1443883 0.3807627 0.91333 -0.0490753 0.4042611 0.9133262 0.0490753 0.4042611 0.9133262 0.1443883 0.3807627 0.91333 0.2313092 0.3351374 0.9133341 0.3048279 0.2700358 0.9133241 0.360587 0.1892509 0.9133242 0.4072228 0 0.913329 -0.3048002 -0.2700383 0.9133325 -0.3954084 -0.09744817 0.9133214 -0.4072114 0 0.913334 -0.3954084 0.09744817 0.9133214 -0.3048002 0.2700383 0.9133325 -0.231338 0.335135 0.9133276 0.231338 0.335135 0.9133276</float_array>
          <technique_common>
            <accessor source="#Örüntü_019-mesh-normals-array" count="275" stride="3">
              <param name="X" type="float"/>
              <param name="Y" type="float"/>
              <param name="Z" type="float"/>
            </accessor>
          </technique_common>
        </source>
        <source id="Örüntü_019-mesh-map-0">
          <float_array id="Örüntü_019-mesh-map-0-array" count="4656">0.6730771 0 0.6346154 0 0.5961539 0 0.5961539 0 0.5576923 0 0.5192307 0 0.5192307 0 0.4807692 0 0.4423076 0 0.5961539 0 0.5192307 0 0.4423076 0 0.4423076 0 0.4038461 0 0.3653845 0 0.3653845 0 0.326923 0 0.2884615 0 0.4423076 0 0.3653845 0 0.2884615 0 0.5961539 0 0.4423076 0 0.2884615 0 0.2884615 0 0.25 0 0.2115384 0 0.2115384 0 0.1730769 0 0.1346154 0 0.2884615 0 0.2115384 0 0.1346154 0 0.1346154 0 0.09615391 0 0.05769234 0 0.05769234 0 0.0192309 0 -0.01923066 0 0.1346154 0 0.05769234 0 -0.01923066 0 0.2884615 0 0.1346154 0 -0.01923066 0 0.5961539 0 0.2884615 0 -0.01923066 0 -0.01923066 0 -0.05769217 0 -0.09615373 0 -0.09615373 0 -0.1346153 0 -0.1730768 0 -0.01923066 0 -0.09615373 0 -0.1730768 0 0.5961539 0 -0.01923066 0 -0.1730768 0 -0.1730768 0 -0.2115384 0 -0.25 0 0.5961539 0 -0.1730768 0 -0.25 0 0.6730771 0 0.5961539 0 -0.25 0 -0.2884613 0 0.6730771 0 -0.25 0 0.7499991 0.02945142 0.7884625 0.02945142 0.7884625 0.1326756 0.7884625 0.1326756 0.7499991 0.1326756 0.7499991 0.02945142 0.7884625 0.02945142 0.8269231 0.02945142 0.8269231 0.1326756 0.8269231 0.1326756 0.7884625 0.1326756 0.7884625 0.02945142 0.8269231 0.02945142 0.8653846 0.02945142 0.8653847 0.1326756 0.8653847 0.1326756 0.8269231 0.1326756 0.8269231 0.02945142 0.8653846 0.02945142 0.9038453 0.02945142 0.9038453 0.1326756 0.9038453 0.1326756 0.8653847 0.1326756 0.8653846 0.02945142 0.9038453 0.02945142 0.9423087 0.02945142 0.9423087 0.1326756 0.9423087 0.1326756 0.9038453 0.1326756 0.9038453 0.02945142 0.9423087 0.02945142 0.9807693 0.02945142 0.9807693 0.1326756 0.9807693 0.1326756 0.9423087 0.1326756 0.9423087 0.02945142 0.9807693 0.02945142 1.019231 0.02945142 1.019231 0.1326756 1.019231 0.1326756 0.9807693 0.1326756 0.9807693 0.02945142 0.01923084 0.02945142 0.05769228 0.02945142 0.05769228 0.1326756 0.05769228 0.1326756 0.01923084 0.1326756 0.01923084 0.02945142 0.05769228 0.02945142 0.09615385 0.02945142 0.09615385 0.1326756 0.09615385 0.1326756 0.05769228 0.1326756 0.05769228 0.02945142 0.09615385 0.02945142 0.1346154 0.02945142 0.1346154 0.1326756 0.1346154 0.1326756 0.09615385 0.1326756 0.09615385 0.02945142 0.1346154 0.02945142 0.173076 0.02945142 0.173076 0.1326756 0.173076 0.1326756 0.1346154 0.1326756 0.1346154 0.02945142 0.173076 0.02945142 0.2115394 0.02945142 0.2115394 0.1326756 0.2115394 0.1326756 0.173076 0.1326756 0.173076 0.02945142 0.2115394 0.02945142 0.25 0.02945142 0.25 0.1326756 0.25 0.1326756 0.2115394 0.1326756 0.2115394 0.02945142 0.25 0.02945142 0.2884615 0.02945142 0.2884615 0.1326756 0.2884615 0.1326756 0.25 0.1326756 0.25 0.02945142 0.2884615 0.02945142 0.3269231 0.02945142 0.3269231 0.1326756 0.3269231 0.1326756 0.2884615 0.1326756 0.2884615 0.02945142 0.3269231 0.02945142 0.3653846 0.02945142 0.3653846 0.1326756 0.3653846 0.1326756 0.3269231 0.1326756 0.3269231 0.02945142 0.3653846 0.02945142 0.4038462 0.02945142 0.4038462 0.1326756 0.4038462 0.1326756 0.3653846 0.1326756 0.3653846 0.02945142 0.4038462 0.02945142 0.4423068 0.02945142 0.4423068 0.1326756 0.4423068 0.1326756 0.4038462 0.1326756 0.4038462 0.02945142 0.4423068 0.02945142 0.4807702 0.02945142 0.4807702 0.1326756 0.4807702 0.1326756 0.4423068 0.1326756 0.4423068 0.02945142 0.4807702 0.02945142 0.5192308 0.02945142 0.5192308 0.1326756 0.5192308 0.1326756 0.4807702 0.1326756 0.4807702 0.02945142 0.5192308 0.02945142 0.5576924 0.02945142 0.5576924 0.1326756 0.5576924 0.1326756 0.5192308 0.1326756 0.5192308 0.02945142 0.5576924 0.02945142 0.5961539 0.02945142 0.5961539 0.1326756 0.5961539 0.1326756 0.5576924 0.1326756 0.5576924 0.02945142 0.5961539 0.02945142 0.6346155 0.02945142 0.6346155 0.1326756 0.6346155 0.1326756 0.5961539 0.1326756 0.5961539 0.02945142 0.6346155 0.02945142 0.6730771 0.02945142 0.6730771 0.1326756 0.6730771 0.1326756 0.6346155 0.1326756 0.6346155 0.02945142 0.6730771 0.02945142 0.7115386 0.02945142 0.7115386 0.1326756 0.7115386 0.1326756 0.6730771 0.1326756 0.6730771 0.02945142 0.7115386 0.02945142 0.7499991 0.02945142 0.7499991 0.1326756 0.7499991 0.1326756 0.7115386 0.1326756 0.7115386 0.02945142 0.75 0.135779 0.7884616 0.135779 0.7884616 0.3242542 0.7884616 0.3242542 0.75 0.3242542 0.75 0.135779 0.7884616 0.135779 0.8269231 0.135779 0.8269231 0.3242542 0.8269231 0.3242542 0.7884616 0.3242542 0.7884616 0.135779 0.8269231 0.135779 0.8653847 0.135779 0.8653847 0.3242542 0.8653847 0.3242542 0.8269231 0.3242542 0.8269231 0.135779 0.8653847 0.135779 0.9038463 0.135779 0.9038463 0.3242542 0.9038463 0.3242542 0.8653847 0.3242542 0.8653847 0.135779 0.9038463 0.135779 0.9423078 0.135779 0.9423078 0.3242542 0.9423078 0.3242542 0.9038463 0.3242542 0.9038463 0.135779 0.9423078 0.135779 0.9807693 0.135779 0.9807693 0.3242542 0.9807693 0.3242542 0.9423078 0.3242542 0.9423078 0.135779 0.9807693 0.135779 1.019231 0.135779 1.019231 0.3242542 1.019231 0.3242542 0.9807693 0.3242542 0.9807693 0.135779 0.0192309 0.135779 0.05769234 0.135779 0.05769234 0.3242542 0.05769234 0.3242542 0.0192309 0.3242542 0.0192309 0.135779 0.05769234 0.135779 0.09615391 0.135779 0.09615391 0.3242542 0.09615391 0.3242542 0.05769234 0.3242542 0.05769234 0.135779 0.09615391 0.135779 0.1346154 0.135779 0.1346154 0.3242542 0.1346154 0.3242542 0.09615391 0.3242542 0.09615391 0.135779 0.1346154 0.135779 0.1730769 0.135779 0.1730769 0.3242542 0.1730769 0.3242542 0.1346154 0.3242542 0.1346154 0.135779 0.1730769 0.135779 0.2115384 0.135779 0.2115384 0.3242542 0.2115384 0.3242542 0.1730769 0.3242542 0.1730769 0.135779 0.2115384 0.135779 0.25 0.135779 0.25 0.3242542 0.25 0.3242542 0.2115384 0.3242542 0.2115384 0.135779 0.25 0.135779 0.2884615 0.135779 0.2884615 0.3242542 0.2884615 0.3242542 0.25 0.3242542 0.25 0.135779 0.2884615 0.135779 0.326923 0.135779 0.326923 0.3242542 0.326923 0.3242542 0.2884615 0.3242542 0.2884615 0.135779 0.326923 0.135779 0.3653845 0.135779 0.3653845 0.3242542 0.3653845 0.3242542 0.326923 0.3242542 0.326923 0.135779 0.3653845 0.135779 0.4038461 0.135779 0.4038461 0.3242542 0.4038461 0.3242542 0.3653845 0.3242542 0.3653845 0.135779 0.4038461 0.135779 0.4423076 0.135779 0.4423076 0.3242542 0.4423076 0.3242542 0.4038461 0.3242542 0.4038461 0.135779 0.4423076 0.135779 0.4807692 0.135779 0.4807692 0.3242542 0.4807692 0.3242542 0.4423076 0.3242542 0.4423076 0.135779 0.4807692 0.135779 0.5192307 0.135779 0.5192307 0.3242542 0.5192307 0.3242542 0.4807692 0.3242542 0.4807692 0.135779 0.5192307 0.135779 0.5576923 0.135779 0.5576923 0.3242542 0.5576923 0.3242542 0.5192307 0.3242542 0.5192307 0.135779 0.5576923 0.135779 0.5961539 0.135779 0.5961539 0.3242542 0.5961539 0.3242542 0.5576923 0.3242542 0.5576923 0.135779 0.5961539 0.135779 0.6346154 0.135779 0.6346154 0.3242542 0.6346154 0.3242542 0.5961539 0.3242542 0.5961539 0.135779 0.6346154 0.135779 0.6730771 0.135779 0.6730771 0.3242542 0.6730771 0.3242542 0.6346154 0.3242542 0.6346154 0.135779 0.6730771 0.135779 0.7115387 0.135779 0.7115387 0.3242542 0.7115387 0.3242542 0.6730771 0.3242542 0.6730771 0.135779 0.7115387 0.135779 0.75 0.135779 0.75 0.3242542 0.75 0.3242542 0.7115387 0.3242542 0.7115387 0.135779 0.75 0.3242542 0.7884616 0.3242542 0.7884616 0.4863813 0.7884616 0.4863813 0.75 0.4863813 0.75 0.3242542 0.7884616 0.3242542 0.8269231 0.3242542 0.8269231 0.4863813 0.8269231 0.4863813 0.7884616 0.4863813 0.7884616 0.3242542 0.8269231 0.3242542 0.8653847 0.3242542 0.8653847 0.4863813 0.8653847 0.4863813 0.8269231 0.4863813 0.8269231 0.3242542 0.8653847 0.3242542 0.9038463 0.3242542 0.9038463 0.4863813 0.9038463 0.4863813 0.8653847 0.4863813 0.8653847 0.3242542 0.9038463 0.3242542 0.9423078 0.3242542 0.9423078 0.4863813 0.9423078 0.4863813 0.9038463 0.4863813 0.9038463 0.3242542 0.9423078 0.3242542 0.9807693 0.3242542 0.9807693 0.4863813 0.9807693 0.4863813 0.9423078 0.4863813 0.9423078 0.3242542 0.9807693 0.3242542 1.019231 0.3242542 1.019231 0.4863813 1.019231 0.4863813 0.9807693 0.4863813 0.9807693 0.3242542 0.0192309 0.3242542 0.05769234 0.3242542 0.05769234 0.4863813 0.05769234 0.4863813 0.0192309 0.4863813 0.0192309 0.3242542 0.05769234 0.3242542 0.09615391 0.3242542 0.09615391 0.4863813 0.09615391 0.4863813 0.05769234 0.4863813 0.05769234 0.3242542 0.09615391 0.3242542 0.1346154 0.3242542 0.1346154 0.4863813 0.1346154 0.4863813 0.09615391 0.4863813 0.09615391 0.3242542 0.1346154 0.3242542 0.1730769 0.3242542 0.1730769 0.4863813 0.1730769 0.4863813 0.1346154 0.4863813 0.1346154 0.3242542 0.1730769 0.3242542 0.2115384 0.3242542 0.2115384 0.4863813 0.2115384 0.4863813 0.1730769 0.4863813 0.1730769 0.3242542 0.2115384 0.3242542 0.25 0.3242542 0.25 0.4863813 0.25 0.4863813 0.2115384 0.4863813 0.2115384 0.3242542 0.25 0.3242542 0.2884615 0.3242542 0.2884615 0.4863813 0.2884615 0.4863813 0.25 0.4863813 0.25 0.3242542 0.2884615 0.3242542 0.326923 0.3242542 0.326923 0.4863813 0.326923 0.4863813 0.2884615 0.4863813 0.2884615 0.3242542 0.326923 0.3242542 0.3653845 0.3242542 0.3653845 0.4863813 0.3653845 0.4863813 0.326923 0.4863813 0.326923 0.3242542 0.3653845 0.3242542 0.4038461 0.3242542 0.4038461 0.4863813 0.4038461 0.4863813 0.3653845 0.4863813 0.3653845 0.3242542 0.4038461 0.3242542 0.4423076 0.3242542 0.4423076 0.4863813 0.4423076 0.4863813 0.4038461 0.4863813 0.4038461 0.3242542 0.4423076 0.3242542 0.4807692 0.3242542 0.4807692 0.4863813 0.4807692 0.4863813 0.4423076 0.4863813 0.4423076 0.3242542 0.4807692 0.3242542 0.5192307 0.3242542 0.5192307 0.4863813 0.5192307 0.4863813 0.4807692 0.4863813 0.4807692 0.3242542 0.5192307 0.3242542 0.5576923 0.3242542 0.5576923 0.4863813 0.5576923 0.4863813 0.5192307 0.4863813 0.5192307 0.3242542 0.5576923 0.3242542 0.5961539 0.3242542 0.5961539 0.4863813 0.5961539 0.4863813 0.5576923 0.4863813 0.5576923 0.3242542 0.5961539 0.3242542 0.6346154 0.3242542 0.6346154 0.4863813 0.6346154 0.4863813 0.5961539 0.4863813 0.5961539 0.3242542 0.6346154 0.3242542 0.6730771 0.3242542 0.6730771 0.4863813 0.6730771 0.4863813 0.6346154 0.4863813 0.6346154 0.3242542 0.6730771 0.3242542 0.7115387 0.3242542 0.7115387 0.4863813 0.7115387 0.4863813 0.6730771 0.4863813 0.6730771 0.3242542 0.7115387 0.3242542 0.75 0.3242542 0.75 0.4863813 0.75 0.4863813 0.7115387 0.4863813 0.7115387 0.3242542 0.75 0.4863813 0.7884616 0.4863813 0.7884616 0.6485084 0.7884616 0.6485084 0.75 0.6485084 0.75 0.4863813 0.7884616 0.4863813 0.8269231 0.4863813 0.8269231 0.6485084 0.8269231 0.6485084 0.7884616 0.6485084 0.7884616 0.4863813 0.8269231 0.4863813 0.8653847 0.4863813 0.8653847 0.6485084 0.8653847 0.6485084 0.8269231 0.6485084 0.8269231 0.4863813 0.8653847 0.4863813 0.9038463 0.4863813 0.9038463 0.6485084 0.9038463 0.6485084 0.8653847 0.6485084 0.8653847 0.4863813 0.9038463 0.4863813 0.9423078 0.4863813 0.9423078 0.6485084 0.9423078 0.6485084 0.9038463 0.6485084 0.9038463 0.4863813 0.9423078 0.4863813 0.9807693 0.4863813 0.9807693 0.6485084 0.9807693 0.6485084 0.9423078 0.6485084 0.9423078 0.4863813 0.9807693 0.4863813 1.019231 0.4863813 1.019231 0.6485084 1.019231 0.6485084 0.9807693 0.6485084 0.9807693 0.4863813 0.0192309 0.4863813 0.05769234 0.4863813 0.05769234 0.6485084 0.05769234 0.6485084 0.0192309 0.6485084 0.0192309 0.4863813 0.05769234 0.4863813 0.09615391 0.4863813 0.09615391 0.6485084 0.09615391 0.6485084 0.05769234 0.6485084 0.05769234 0.4863813 0.09615391 0.4863813 0.1346154 0.4863813 0.1346154 0.6485084 0.1346154 0.6485084 0.09615391 0.6485084 0.09615391 0.4863813 0.1346154 0.4863813 0.1730769 0.4863813 0.1730769 0.6485084 0.1730769 0.6485084 0.1346154 0.6485084 0.1346154 0.4863813 0.1730769 0.4863813 0.2115384 0.4863813 0.2115384 0.6485084 0.2115384 0.6485084 0.1730769 0.6485084 0.1730769 0.4863813 0.2115384 0.4863813 0.25 0.4863813 0.25 0.6485084 0.25 0.6485084 0.2115384 0.6485084 0.2115384 0.4863813 0.25 0.4863813 0.2884615 0.4863813 0.2884615 0.6485084 0.2884615 0.6485084 0.25 0.6485084 0.25 0.4863813 0.2884615 0.4863813 0.326923 0.4863813 0.326923 0.6485084 0.326923 0.6485084 0.2884615 0.6485084 0.2884615 0.4863813 0.326923 0.4863813 0.3653845 0.4863813 0.3653845 0.6485084 0.3653845 0.6485084 0.326923 0.6485084 0.326923 0.4863813 0.3653845 0.4863813 0.4038461 0.4863813 0.4038461 0.6485084 0.4038461 0.6485084 0.3653845 0.6485084 0.3653845 0.4863813 0.4038461 0.4863813 0.4423076 0.4863813 0.4423076 0.6485084 0.4423076 0.6485084 0.4038461 0.6485084 0.4038461 0.4863813 0.4423076 0.4863813 0.4807692 0.4863813 0.4807692 0.6485084 0.4807692 0.6485084 0.4423076 0.6485084 0.4423076 0.4863813 0.4807692 0.4863813 0.5192307 0.4863813 0.5192307 0.6485084 0.5192307 0.6485084 0.4807692 0.6485084 0.4807692 0.4863813 0.5192307 0.4863813 0.5576923 0.4863813 0.5576923 0.6485084 0.5576923 0.6485084 0.5192307 0.6485084 0.5192307 0.4863813 0.5576923 0.4863813 0.5961539 0.4863813 0.5961539 0.6485084 0.5961539 0.6485084 0.5576923 0.6485084 0.5576923 0.4863813 0.5961539 0.4863813 0.6346154 0.4863813 0.6346154 0.6485084 0.6346154 0.6485084 0.5961539 0.6485084 0.5961539 0.4863813 0.6346154 0.4863813 0.6730771 0.4863813 0.6730771 0.6485084 0.6730771 0.6485084 0.6346154 0.6485084 0.6346154 0.4863813 0.6730771 0.4863813 0.7115387 0.4863813 0.7115387 0.6485084 0.7115387 0.6485084 0.6730771 0.6485084 0.6730771 0.4863813 0.7115387 0.4863813 0.75 0.4863813 0.75 0.6485084 0.75 0.6485084 0.7115387 0.6485084 0.7115387 0.4863813 0.75 0.6485084 0.7884616 0.6485084 0.7884616 0.8106356 0.7884616 0.8106356 0.75 0.8106356 0.75 0.6485084 0.7884616 0.6485084 0.8269231 0.6485084 0.8269231 0.8106356 0.8269231 0.8106356 0.7884616 0.8106356 0.7884616 0.6485084 0.8269231 0.6485084 0.8653847 0.6485084 0.8653847 0.8106356 0.8653847 0.8106356 0.8269231 0.8106356 0.8269231 0.6485084 0.8653847 0.6485084 0.9038463 0.6485084 0.9038463 0.8106356 0.9038463 0.8106356 0.8653847 0.8106356 0.8653847 0.6485084 0.9038463 0.6485084 0.9423078 0.6485084 0.9423078 0.8106356 0.9423078 0.8106356 0.9038463 0.8106356 0.9038463 0.6485084 0.9423078 0.6485084 0.9807693 0.6485084 0.9807693 0.8106356 0.9807693 0.8106356 0.9423078 0.8106356 0.9423078 0.6485084 0.9807693 0.6485084 1.019231 0.6485084 1.019231 0.8106356 1.019231 0.8106356 0.9807693 0.8106356 0.9807693 0.6485084 0.0192309 0.6485084 0.05769234 0.6485084 0.05769234 0.8106356 0.05769234 0.8106356 0.0192309 0.8106356 0.0192309 0.6485084 0.05769234 0.6485084 0.09615391 0.6485084 0.09615391 0.8106356 0.09615391 0.8106356 0.05769234 0.8106356 0.05769234 0.6485084 0.09615391 0.6485084 0.1346154 0.6485084 0.1346154 0.8106356 0.1346154 0.8106356 0.09615391 0.8106356 0.09615391 0.6485084 0.1346154 0.6485084 0.1730769 0.6485084 0.1730769 0.8106356 0.1730769 0.8106356 0.1346154 0.8106356 0.1346154 0.6485084 0.1730769 0.6485084 0.2115384 0.6485084 0.2115384 0.8106356 0.2115384 0.8106356 0.1730769 0.8106356 0.1730769 0.6485084 0.2115384 0.6485084 0.25 0.6485084 0.25 0.8106356 0.25 0.8106356 0.2115384 0.8106356 0.2115384 0.6485084 0.25 0.6485084 0.2884615 0.6485084 0.2884615 0.8106356 0.2884615 0.8106356 0.25 0.8106356 0.25 0.6485084 0.2884615 0.6485084 0.326923 0.6485084 0.326923 0.8106356 0.326923 0.8106356 0.2884615 0.8106356 0.2884615 0.6485084 0.326923 0.6485084 0.3653845 0.6485084 0.3653845 0.8106356 0.3653845 0.8106356 0.326923 0.8106356 0.326923 0.6485084 0.3653845 0.6485084 0.4038461 0.6485084 0.4038461 0.8106356 0.4038461 0.8106356 0.3653845 0.8106356 0.3653845 0.6485084 0.4038461 0.6485084 0.4423076 0.6485084 0.4423076 0.8106356 0.4423076 0.8106356 0.4038461 0.8106356 0.4038461 0.6485084 0.4423076 0.6485084 0.4807692 0.6485084 0.4807692 0.8106356 0.4807692 0.8106356 0.4423076 0.8106356 0.4423076 0.6485084 0.4807692 0.6485084 0.5192307 0.6485084 0.5192307 0.8106356 0.5192307 0.8106356 0.4807692 0.8106356 0.4807692 0.6485084 0.5192307 0.6485084 0.5576923 0.6485084 0.5576923 0.8106356 0.5576923 0.8106356 0.5192307 0.8106356 0.5192307 0.6485084 0.5576923 0.6485084 0.5961539 0.6485084 0.5961539 0.8106356 0.5961539 0.8106356 0.5576923 0.8106356 0.5576923 0.6485084 0.5961539 0.6485084 0.6346154 0.6485084 0.6346154 0.8106356 0.6346154 0.8106356 0.5961539 0.8106356 0.5961539 0.6485084 0.6346154 0.6485084 0.6730771 0.6485084 0.6730771 0.8106356 0.6730771 0.8106356 0.6346154 0.8106356 0.6346154 0.6485084 0.6730771 0.6485084 0.7115387 0.6485084 0.7115387 0.8106356 0.7115387 0.8106356 0.6730771 0.8106356 0.6730771 0.6485084 0.7115387 0.6485084 0.75 0.6485084 0.75 0.8106356 0.75 0.8106356 0.7115387 0.8106356 0.7115387 0.6485084 0.75 0.8106356 0.7884616 0.8106356 0.7884616 0.9727626 0.7884616 0.9727626 0.75 0.9727626 0.75 0.8106356 0.7884616 0.8106356 0.8269231 0.8106356 0.8269231 0.9727626 0.8269231 0.9727626 0.7884616 0.9727626 0.7884616 0.8106356 0.8269231 0.8106356 0.8653847 0.8106356 0.8653847 0.9727626 0.8653847 0.9727626 0.8269231 0.9727626 0.8269231 0.8106356 0.8653847 0.8106356 0.9038463 0.8106356 0.9038463 0.9727626 0.9038463 0.9727626 0.8653847 0.9727626 0.8653847 0.8106356 0.9038463 0.8106356 0.9423078 0.8106356 0.9423078 0.9727626 0.9423078 0.9727626 0.9038463 0.9727626 0.9038463 0.8106356 0.9423078 0.8106356 0.9807693 0.8106356 0.9807693 0.9727626 0.9807693 0.9727626 0.9423078 0.9727626 0.9423078 0.8106356 0.9807693 0.8106356 1.019231 0.8106356 1.019231 0.9727626 1.019231 0.9727626 0.9807693 0.9727626 0.9807693 0.8106356 0.0192309 0.8106356 0.05769234 0.8106356 0.05769234 0.9727626 0.05769234 0.9727626 0.0192309 0.9727626 0.0192309 0.8106356 0.05769234 0.8106356 0.09615391 0.8106356 0.09615391 0.9727626 0.09615391 0.9727626 0.05769234 0.9727626 0.05769234 0.8106356 0.09615391 0.8106356 0.1346154 0.8106356 0.1346154 0.9727626 0.1346154 0.9727626 0.09615391 0.9727626 0.09615391 0.8106356 0.1346154 0.8106356 0.1730769 0.8106356 0.1730769 0.9727626 0.1730769 0.9727626 0.1346154 0.9727626 0.1346154 0.8106356 0.1730769 0.8106356 0.2115384 0.8106356 0.2115384 0.9727626 0.2115384 0.9727626 0.1730769 0.9727626 0.1730769 0.8106356 0.2115384 0.8106356 0.25 0.8106356 0.25 0.9727626 0.25 0.9727626 0.2115384 0.9727626 0.2115384 0.8106356 0.25 0.8106356 0.2884615 0.8106356 0.2884615 0.9727626 0.2884615 0.9727626 0.25 0.9727626 0.25 0.8106356 0.2884615 0.8106356 0.326923 0.8106356 0.326923 0.9727626 0.326923 0.9727626 0.2884615 0.9727626 0.2884615 0.8106356 0.326923 0.8106356 0.3653845 0.8106356 0.3653845 0.9727626 0.3653845 0.9727626 0.326923 0.9727626 0.326923 0.8106356 0.3653845 0.8106356 0.4038461 0.8106356 0.4038461 0.9727626 0.4038461 0.9727626 0.3653845 0.9727626 0.3653845 0.8106356 0.4038461 0.8106356 0.4423076 0.8106356 0.4423076 0.9727626 0.4423076 0.9727626 0.4038461 0.9727626 0.4038461 0.8106356 0.4423076 0.8106356 0.4807692 0.8106356 0.4807692 0.9727626 0.4807692 0.9727626 0.4423076 0.9727626 0.4423076 0.8106356 0.4807692 0.8106356 0.5192307 0.8106356 0.5192307 0.9727626 0.5192307 0.9727626 0.4807692 0.9727626 0.4807692 0.8106356 0.5192307 0.8106356 0.5576923 0.8106356 0.5576923 0.9727626 0.5576923 0.9727626 0.5192307 0.9727626 0.5192307 0.8106356 0.5576923 0.8106356 0.5961539 0.8106356 0.5961539 0.9727626 0.5961539 0.9727626 0.5576923 0.9727626 0.5576923 0.8106356 0.5961539 0.8106356 0.6346154 0.8106356 0.6346154 0.9727626 0.6346154 0.9727626 0.5961539 0.9727626 0.5961539 0.8106356 0.6346154 0.8106356 0.6730771 0.8106356 0.6730771 0.9727626 0.6730771 0.9727626 0.6346154 0.9727626 0.6346154 0.8106356 0.6730771 0.8106356 0.7115387 0.8106356 0.7115387 0.9727626 0.7115387 0.9727626 0.6730771 0.9727626 0.6730771 0.8106356 0.7115387 0.8106356 0.75 0.8106356 0.75 0.9727626 0.75 0.9727626 0.7115387 0.9727626 0.7115387 0.8106356 0.75 0 0.7884616 0 0.7884625 0 0.7884625 0 0.7499991 0 0.75 0 0.7884616 0 0.8269231 0 0.8269231 0 0.8269231 0 0.7884625 0 0.7884616 0 0.8269231 0 0.8653847 0 0.8653847 0 0.8653847 0 0.8269231 0 0.8269231 0 0.8653847 0 0.9038463 0 0.9038453 0 0.9038453 0 0.8653847 0 0.8653847 0 0.9038463 0 0.9423078 0 0.9423087 0 0.9423087 0 0.9038453 0 0.9038463 0 0.9423078 0 0.9807693 0 0.9807693 0 0.9807693 0 0.9423087 0 0.9423078 0 0.9807693 0 1.019231 0 1.019231 0 1.019231 0 0.9807693 0 0.9807693 0 0.0192309 0 0.05769234 0 0.05769228 0 0.05769228 0 0.01923084 0 0.0192309 0 0.05769234 0 0.09615391 0 0.09615385 0 0.09615385 0 0.05769228 0 0.05769234 0 0.09615391 0 0.1346154 0 0.1346154 0 0.1346154 0 0.09615385 0 0.09615391 0 0.1346154 0 0.1730769 0 0.173076 0 0.173076 0 0.1346154 0 0.1346154 0 0.1730769 0 0.2115384 0 0.2115394 0 0.2115394 0 0.173076 0 0.1730769 0 0.2115384 0 0.25 0 0.25 0 0.25 0 0.2115394 0 0.2115384 0 0.25 0 0.2884615 0 0.2884615 0 0.2884615 0 0.25 0 0.25 0 0.2884615 0 0.326923 0 0.3269231 0 0.3269231 0 0.2884615 0 0.2884615 0 0.326923 0 0.3653845 0 0.3653846 0 0.3653846 0 0.3269231 0 0.326923 0 0.3653845 0 0.4038461 0 0.4038462 0 0.4038462 0 0.3653846 0 0.3653845 0 0.4038461 0 0.4423076 0 0.4423068 0 0.4423068 0 0.4038462 0 0.4038461 0 0.4423076 0 0.4807692 0 0.4807702 0 0.4807702 0 0.4423068 0 0.4423076 0 0.4807692 0 0.5192307 0 0.5192308 0 0.5192308 0 0.4807702 0 0.4807692 0 0.5192307 0 0.5576923 0 0.5576924 0 0.5576924 0 0.5192308 0 0.5192307 0 0.5576923 0 0.5961539 0 0.5961539 0 0.5961539 0 0.5576924 0 0.5576923 0 0.5961539 0 0.6346154 0 0.6346155 0 0.6346155 0 0.5961539 0 0.5961539 0 0.6346154 0 0.6730771 0 0.6730771 0 0.6730771 0 0.6346155 0 0.6346154 0 0.6730771 0 0.7115387 0 0.7115386 0 0.7115386 0 0.6730771 0 0.6730771 0 0.7115387 0 0.75 0 0.7499991 0 0.7499991 0 0.7115386 0 0.7115387 0 0.7884616 0.135779 0.75 0.135779 0.7499991 0.135779 0.7499991 0.135779 0.7884624 0.135779 0.7884616 0.135779 0.75 0.135779 0.7115387 0.135779 0.7115386 0.135779 0.7115386 0.135779 0.7499991 0.135779 0.75 0.135779 0.7115387 0.135779 0.6730771 0.135779 0.6730771 0.135779 0.6730771 0.135779 0.7115386 0.135779 0.7115387 0.135779 0.6730771 0.135779 0.6346154 0.135779 0.6346155 0.135779 0.6346155 0.135779 0.6730771 0.135779 0.6730771 0.135779 0.6346154 0.135779 0.5961539 0.135779 0.5961539 0.135779 0.5961539 0.135779 0.6346155 0.135779 0.6346154 0.135779 0.5961539 0.135779 0.5576923 0.135779 0.5576924 0.135779 0.5576924 0.135779 0.5961539 0.135779 0.5961539 0.135779 0.5576923 0.135779 0.5192307 0.135779 0.5192308 0.135779 0.5192308 0.135779 0.5576924 0.135779 0.5576923 0.135779 0.5192307 0.135779 0.4807692 0.135779 0.4807702 0.135779 0.4807702 0.135779 0.5192308 0.135779 0.5192307 0.135779 0.4807692 0.135779 0.4423076 0.135779 0.4423068 0.135779 0.4423068 0.135779 0.4807702 0.135779 0.4807692 0.135779 0.4423076 0.135779 0.4038461 0.135779 0.4038462 0.135779 0.4038462 0.135779 0.4423068 0.135779 0.4423076 0.135779 0.4038461 0.135779 0.3653845 0.135779 0.3653846 0.135779 0.3653846 0.135779 0.4038462 0.135779 0.4038461 0.135779 0.3653845 0.135779 0.326923 0.135779 0.3269231 0.135779 0.3269231 0.135779 0.3653846 0.135779 0.3653845 0.135779 0.326923 0.135779 0.2884615 0.135779 0.2884615 0.135779 0.2884615 0.135779 0.3269231 0.135779 0.326923 0.135779 0.2884615 0.135779 0.25 0.135779 0.25 0.135779 0.25 0.135779 0.2884615 0.135779 0.2884615 0.135779 0.25 0.135779 0.2115384 0.135779 0.2115393 0.135779 0.2115393 0.135779 0.25 0.135779 0.25 0.135779 0.2115384 0.135779 0.1730769 0.135779 0.173076 0.135779 0.173076 0.135779 0.2115393 0.135779 0.2115384 0.135779 0.1730769 0.135779 0.1346154 0.135779 0.1346154 0.135779 0.1346154 0.135779 0.173076 0.135779 0.1730769 0.135779 0.1346154 0.135779 0.09615391 0.135779 0.09615385 0.135779 0.09615385 0.135779 0.1346154 0.135779 0.1346154 0.135779 0.09615391 0.135779 0.05769234 0.135779 0.05769228 0.135779 0.05769228 0.135779 0.09615385 0.135779 0.09615391 0.135779 0.05769234 0.135779 0.0192309 0.135779 0.01923084 0.135779 0.01923084 0.135779 0.05769228 0.135779 0.05769234 0.135779 0.0192309 0.135779 -0.01923066 0.135779 -0.01923072 0.135779 -0.01923072 0.135779 0.01923084 0.135779 0.0192309 0.135779 0.9807693 0.135779 0.9423078 0.135779 0.9423087 0.135779 0.9423087 0.135779 0.9807693 0.135779 0.9807693 0.135779 0.9423078 0.135779 0.9038463 0.135779 0.9038453 0.135779 0.9038453 0.135779 0.9423087 0.135779 0.9423078 0.135779 0.9038463 0.135779 0.8653847 0.135779 0.8653847 0.135779 0.8653847 0.135779 0.9038453 0.135779 0.9038463 0.135779 0.8653847 0.135779 0.8269231 0.135779 0.8269231 0.135779 0.8269231 0.135779 0.8653847 0.135779 0.8653847 0.135779 0.8269231 0.135779 0.7884616 0.135779 0.7884624 0.135779 0.7884624 0.135779 0.8269231 0.135779 0.8269231 0.135779 0.0192309 0.9727626 0.326923 0.9727626 0.6346154 0.9727626 0.7499988 0 0.7884618 0 0.7884625 0.01777827 0.7884625 0.01777827 0.7499994 0.01777827 0.7499988 0 0.7884618 0 0.8269231 0 0.8269231 0.01777827 0.8269231 0.01777827 0.7884625 0.01777827 0.7884618 0 0.8269231 0 0.8653845 0 0.8653845 0.01777827 0.8653845 0.01777827 0.8269231 0.01777827 0.8269231 0 0.8653845 0 0.9038454 0 0.9038454 0.01777827 0.9038454 0.01777827 0.8653845 0.01777827 0.8653845 0 0.9038454 0 0.9423091 0 0.9423084 0.01777827 0.9423084 0.01777827 0.9038454 0.01777827 0.9038454 0 0.9423091 0 0.9807687 0 0.9807694 0.01777827 0.9807694 0.01777827 0.9423084 0.01777827 0.9423091 0 0.9807687 0 1.019231 0 1.019231 0.01777827 1.019231 0.01777827 0.9807694 0.01777827 0.9807687 0 0.01923078 0 0.05769181 0 0.05769181 0.01777827 0.05769181 0.01777827 0.01923078 0.01777827 0.01923078 0 0.05769181 0 0.09615439 0 0.09615439 0.01777827 0.09615439 0.01777827 0.05769181 0.01777827 0.05769181 0 0.09615439 0 0.1346153 0 0.1346153 0.01777827 0.1346153 0.01777827 0.09615439 0.01777827 0.09615439 0 0.1346153 0 0.1730762 0 0.1730762 0.01777827 0.1730762 0.01777827 0.1346153 0.01777827 0.1346153 0 0.1730762 0 0.2115393 0 0.2115393 0.01777827 0.2115393 0.01777827 0.1730762 0.01777827 0.1730762 0 0.2115393 0 0.25 0 0.2500001 0.01777827 0.2500001 0.01777827 0.2115393 0.01777827 0.2115393 0 0.25 0 0.2884616 0 0.2884616 0.01777827 0.2884616 0.01777827 0.2500001 0.01777827 0.25 0 0.2884616 0 0.3269225 0 0.3269225 0.01777827 0.3269225 0.01777827 0.2884616 0.01777827 0.2884616 0 0.3269225 0 0.3653852 0 0.3653852 0.01777827 0.3653852 0.01777827 0.3269225 0.01777827 0.3269225 0 0.3653852 0 0.4038456 0 0.4038459 0.01777827 0.4038459 0.01777827 0.3653852 0.01777827 0.3653852 0 0.4038456 0 0.4423065 0 0.4423068 0.01777827 0.4423068 0.01777827 0.4038459 0.01777827 0.4038456 0 0.4423065 0 0.4807701 0 0.4807701 0.01777827 0.4807701 0.01777827 0.4423068 0.01777827 0.4423065 0 0.4807701 0 0.5192314 0 0.519231 0.01777827 0.519231 0.01777827 0.4807701 0.01777827 0.4807701 0 0.5192314 0 0.557693 0 0.5576927 0.01777827 0.5576927 0.01777827 0.519231 0.01777827 0.5192314 0 0.557693 0 0.5961534 0 0.5961534 0.01777827 0.5961534 0.01777827 0.5576927 0.01777827 0.557693 0 0.5961534 0 0.634616 0 0.634616 0.01777827 0.634616 0.01777827 0.5961534 0.01777827 0.5961534 0 0.634616 0 0.6730771 0 0.6730771 0.01777827 0.6730771 0.01777827 0.634616 0.01777827 0.634616 0 0.6730771 0 0.7115385 0 0.7115385 0.01777827 0.7115385 0.01777827 0.6730771 0.01777827 0.6730771 0 0.7115385 0 0.7499988 0 0.7499994 0.01777827 0.7499994 0.01777827 0.7115385 0.01777827 0.7115385 0 0.7884625 0.1347561 0.7499991 0.1347561 0.7499991 0.1326756 0.7499991 0.1326756 0.7884625 0.1326756 0.7884625 0.1347561 0.7499991 0.1347561 0.7115386 0.1347561 0.7115386 0.1326756 0.7115386 0.1326756 0.7499991 0.1326756 0.7499991 0.1347561 0.7115386 0.1347561 0.6730771 0.1347561 0.6730771 0.1326756 0.6730771 0.1326756 0.7115386 0.1326756 0.7115386 0.1347561 0.6730771 0.1347561 0.6346155 0.1347561 0.6346155 0.1326756 0.6346155 0.1326756 0.6730771 0.1326756 0.6730771 0.1347561 0.6346155 0.1347561 0.5961539 0.1347561 0.5961539 0.1326756 0.5961539 0.1326756 0.6346155 0.1326756 0.6346155 0.1347561 0.5961539 0.1347561 0.5576924 0.1347561 0.5576924 0.1326756 0.5576924 0.1326756 0.5961539 0.1326756 0.5961539 0.1347561 0.5576924 0.1347561 0.5192308 0.1347561 0.5192308 0.1326756 0.5192308 0.1326756 0.5576924 0.1326756 0.5576924 0.1347561 0.5192308 0.1347561 0.4807702 0.1347561 0.4807702 0.1326756 0.4807702 0.1326756 0.5192308 0.1326756 0.5192308 0.1347561 0.4807702 0.1347561 0.4423068 0.1347561 0.4423068 0.1326756 0.4423068 0.1326756 0.4807702 0.1326756 0.4807702 0.1347561 0.4423068 0.1347561 0.4038462 0.1347561 0.4038462 0.1326756 0.4038462 0.1326756 0.4423068 0.1326756 0.4423068 0.1347561 0.4038462 0.1347561 0.3653846 0.1347561 0.3653846 0.1326756 0.3653846 0.1326756 0.4038462 0.1326756 0.4038462 0.1347561 0.3653846 0.1347561 0.3269231 0.1347561 0.3269231 0.1326756 0.3269231 0.1326756 0.3653846 0.1326756 0.3653846 0.1347561 0.3269231 0.1347561 0.2884615 0.1347561 0.2884615 0.1326756 0.2884615 0.1326756 0.3269231 0.1326756 0.3269231 0.1347561 0.2884615 0.1347561 0.25 0.1347561 0.25 0.1326756 0.25 0.1326756 0.2884615 0.1326756 0.2884615 0.1347561 0.25 0.1347561 0.2115394 0.1347561 0.2115394 0.1326756 0.2115394 0.1326756 0.25 0.1326756 0.25 0.1347561 0.2115394 0.1347561 0.173076 0.1347561 0.173076 0.1326756 0.173076 0.1326756 0.2115394 0.1326756 0.2115394 0.1347561 0.173076 0.1347561 0.1346154 0.1347561 0.1346154 0.1326756 0.1346154 0.1326756 0.173076 0.1326756 0.173076 0.1347561 0.1346154 0.1347561 0.09615385 0.1347561 0.09615385 0.1326756 0.09615385 0.1326756 0.1346154 0.1326756 0.1346154 0.1347561 0.09615385 0.1347561 0.05769228 0.1347561 0.05769228 0.1326756 0.05769228 0.1326756 0.09615385 0.1326756 0.09615385 0.1347561 0.05769228 0.1347561 0.01923084 0.1347561 0.01923084 0.1326756 0.01923084 0.1326756 0.05769228 0.1326756 0.05769228 0.1347561 0.01923084 0.1347561 -0.01923072 0.1347561 -0.01923072 0.1326756 -0.01923072 0.1326756 0.01923084 0.1326756 0.01923084 0.1347561 0.9807693 0.1347561 0.9423087 0.1347561 0.9423087 0.1326756 0.9423087 0.1326756 0.9807693 0.1326756 0.9807693 0.1347561 0.9423087 0.1347561 0.9038453 0.1347561 0.9038453 0.1326756 0.9038453 0.1326756 0.9423087 0.1326756 0.9423087 0.1347561 0.9038453 0.1347561 0.8653847 0.1347561 0.8653847 0.1326756 0.8653847 0.1326756 0.9038453 0.1326756 0.9038453 0.1347561 0.8653847 0.1347561 0.8269231 0.1347561 0.8269231 0.1326756 0.8269231 0.1326756 0.8653847 0.1326756 0.8653847 0.1347561 0.8269231 0.1347561 0.7884625 0.1347561 0.7884625 0.1326756 0.7884625 0.1326756 0.8269231 0.1326756 0.8269231 0.1347561 0.7499991 0 0.7884625 0 0.7884618 0 0.7884618 0 0.7499988 0 0.7499991 0 0.7884625 0 0.8269231 0 0.8269231 0 0.8269231 0 0.7884618 0 0.7884625 0 0.8269231 0 0.8653847 0 0.8653845 0 0.8653845 0 0.8269231 0 0.8269231 0 0.8653847 0 0.9038453 0 0.9038454 0 0.9038454 0 0.8653845 0 0.8653847 0 0.9038453 0 0.9423087 0 0.9423091 0 0.9423091 0 0.9038454 0 0.9038453 0 0.9423087 0 0.9807693 0 0.9807687 0 0.9807687 0 0.9423091 0 0.9423087 0 0.9807693 0 1.019231 0 1.019231 0 1.019231 0 0.9807687 0 0.9807693 0 0.01923084 0 0.05769228 0 0.05769181 0 0.05769181 0 0.01923078 0 0.01923084 0 0.05769228 0 0.09615385 0 0.09615439 0 0.09615439 0 0.05769181 0 0.05769228 0 0.09615385 0 0.1346154 0 0.1346153 0 0.1346153 0 0.09615439 0 0.09615385 0 0.1346154 0 0.173076 0 0.1730762 0 0.1730762 0 0.1346153 0 0.1346154 0 0.173076 0 0.2115394 0 0.2115393 0 0.2115393 0 0.1730762 0 0.173076 0 0.2115394 0 0.25 0 0.25 0 0.25 0 0.2115393 0 0.2115394 0 0.25 0 0.2884615 0 0.2884616 0 0.2884616 0 0.25 0 0.25 0 0.2884615 0 0.3269231 0 0.3269225 0 0.3269225 0 0.2884616 0 0.2884615 0 0.3269231 0 0.3653846 0 0.3653852 0 0.3653852 0 0.3269225 0 0.3269231 0 0.3653846 0 0.4038462 0 0.4038456 0 0.4038456 0 0.3653852 0 0.3653846 0 0.4038462 0 0.4423068 0 0.4423065 0 0.4423065 0 0.4038456 0 0.4038462 0 0.4423068 0 0.4807702 0 0.4807701 0 0.4807701 0 0.4423065 0 0.4423068 0 0.4807702 0 0.5192308 0 0.5192314 0 0.5192314 0 0.4807701 0 0.4807702 0 0.5192308 0 0.5576924 0 0.557693 0 0.557693 0 0.5192314 0 0.5192308 0 0.5576924 0 0.5961539 0 0.5961534 0 0.5961534 0 0.557693 0 0.5576924 0 0.5961539 0 0.6346155 0 0.634616 0 0.634616 0 0.5961534 0 0.5961539 0 0.6346155 0 0.6730771 0 0.6730771 0 0.6730771 0 0.634616 0 0.6346155 0 0.6730771 0 0.7115386 0 0.7115385 0 0.7115385 0 0.6730771 0 0.6730771 0 0.7115386 0 0.7499991 0 0.7499988 0 0.7499988 0 0.7115385 0 0.7115386 0 0.7884625 0.02945142 0.7499991 0.02945142 0.7499991 0.02945142 0.7499991 0.02945142 0.7884625 0.02945142 0.7884625 0.02945142 0.7499991 0.02945142 0.7115386 0.02945142 0.7115386 0.02945142 0.7115386 0.02945142 0.7499991 0.02945142 0.7499991 0.02945142 0.7115386 0.02945142 0.6730771 0.02945142 0.6730771 0.02945142 0.6730771 0.02945142 0.7115386 0.02945142 0.7115386 0.02945142 0.6730771 0.02945142 0.6346155 0.02945142 0.6346156 0.02945142 0.6346156 0.02945142 0.6730771 0.02945142 0.6730771 0.02945142 0.6346155 0.02945142 0.5961539 0.02945142 0.5961539 0.02945142 0.5961539 0.02945142 0.6346156 0.02945142 0.6346155 0.02945142 0.5961539 0.02945142 0.5576924 0.02945142 0.5576924 0.02945142 0.5576924 0.02945142 0.5961539 0.02945142 0.5961539 0.02945142 0.5576924 0.02945142 0.5192308 0.02945142 0.5192308 0.02945142 0.5192308 0.02945142 0.5576924 0.02945142 0.5576924 0.02945142 0.5192308 0.02945142 0.4807702 0.02945142 0.4807702 0.02945142 0.4807702 0.02945142 0.5192308 0.02945142 0.5192308 0.02945142 0.4807702 0.02945142 0.4423068 0.02945142 0.4423068 0.02945142 0.4423068 0.02945142 0.4807702 0.02945142 0.4807702 0.02945142 0.4423068 0.02945142 0.4038462 0.02945142 0.4038462 0.02945142 0.4038462 0.02945142 0.4423068 0.02945142 0.4423068 0.02945142 0.4038462 0.02945142 0.3653846 0.02945142 0.3653846 0.02945142 0.3653846 0.02945142 0.4038462 0.02945142 0.4038462 0.02945142 0.3653846 0.02945142 0.3269231 0.02945142 0.3269231 0.02945142 0.3269231 0.02945142 0.3653846 0.02945142 0.3653846 0.02945142 0.3269231 0.02945142 0.2884615 0.02945142 0.2884615 0.02945142 0.2884615 0.02945142 0.3269231 0.02945142 0.3269231 0.02945142 0.2884615 0.02945142 0.25 0.02945142 0.25 0.02945142 0.25 0.02945142 0.2884615 0.02945142 0.2884615 0.02945142 0.25 0.02945142 0.2115394 0.02945142 0.2115394 0.02945142 0.2115394 0.02945142 0.25 0.02945142 0.25 0.02945142 0.2115394 0.02945142 0.173076 0.02945142 0.173076 0.02945142 0.173076 0.02945142 0.2115394 0.02945142 0.2115394 0.02945142 0.173076 0.02945142 0.1346154 0.02945142 0.1346154 0.02945142 0.1346154 0.02945142 0.173076 0.02945142 0.173076 0.02945142 0.1346154 0.02945142 0.09615385 0.02945142 0.09615385 0.02945142 0.09615385 0.02945142 0.1346154 0.02945142 0.1346154 0.02945142 0.09615385 0.02945142 0.05769228 0.02945142 0.05769228 0.02945142 0.05769228 0.02945142 0.09615385 0.02945142 0.09615385 0.02945142 0.05769228 0.02945142 0.01923084 0.02945142 0.01923084 0.02945142 0.01923084 0.02945142 0.05769228 0.02945142 0.05769228 0.02945142 0.01923084 0.02945142 -0.01923072 0.02945142 -0.01923072 0.02945142 -0.01923072 0.02945142 0.01923084 0.02945142 0.01923084 0.02945142 0.9807693 0.02945142 0.9423087 0.02945142 0.9423087 0.02945142 0.9423087 0.02945142 0.9807693 0.02945142 0.9807693 0.02945142 0.9423087 0.02945142 0.9038453 0.02945142 0.9038453 0.02945142 0.9038453 0.02945142 0.9423087 0.02945142 0.9423087 0.02945142 0.9038453 0.02945142 0.8653846 0.02945142 0.8653847 0.02945142 0.8653847 0.02945142 0.9038453 0.02945142 0.9038453 0.02945142 0.8653846 0.02945142 0.8269231 0.02945142 0.8269231 0.02945142 0.8269231 0.02945142 0.8653847 0.02945142 0.8653846 0.02945142 0.8269231 0.02945142 0.7884625 0.02945142 0.7884625 0.02945142 0.7884625 0.02945142 0.8269231 0.02945142 0.8269231 0.02945142 0.7884625 0.01777827 0.7884625 0.02945142 0.7499991 0.02945142 0.7499991 0.02945142 0.7499994 0.01777827 0.7884625 0.01777827 0.7499994 0.01777827 0.7499991 0.02945142 0.7115386 0.02945142 0.7115386 0.02945142 0.7115385 0.01777827 0.7499994 0.01777827 0.7115385 0.01777827 0.7115386 0.02945142 0.6730771 0.02945142 0.6730771 0.02945142 0.6730771 0.01777827 0.7115385 0.01777827 0.6730771 0.01777827 0.6730771 0.02945142 0.6346156 0.02945142 0.6346156 0.02945142 0.634616 0.01777827 0.6730771 0.01777827 0.634616 0.01777827 0.6346156 0.02945142 0.5961539 0.02945142 0.5961539 0.02945142 0.5961534 0.01777827 0.634616 0.01777827 0.5961534 0.01777827 0.5961539 0.02945142 0.5576924 0.02945142 0.5576924 0.02945142 0.5576927 0.01777827 0.5961534 0.01777827 0.5576927 0.01777827 0.5576924 0.02945142 0.5192308 0.02945142 0.5192308 0.02945142 0.519231 0.01777827 0.5576927 0.01777827 0.519231 0.01777827 0.5192308 0.02945142 0.4807702 0.02945142 0.4807702 0.02945142 0.4807701 0.01777827 0.519231 0.01777827 0.4807701 0.01777827 0.4807702 0.02945142 0.4423068 0.02945142 0.4423068 0.02945142 0.4423068 0.01777827 0.4807701 0.01777827 0.4423068 0.01777827 0.4423068 0.02945142 0.4038462 0.02945142 0.4038462 0.02945142 0.4038459 0.01777827 0.4423068 0.01777827 0.4038459 0.01777827 0.4038462 0.02945142 0.3653846 0.02945142 0.3653846 0.02945142 0.3653852 0.01777827 0.4038459 0.01777827 0.3653852 0.01777827 0.3653846 0.02945142 0.3269231 0.02945142 0.3269231 0.02945142 0.3269225 0.01777827 0.3653852 0.01777827 0.3269225 0.01777827 0.3269231 0.02945142 0.2884615 0.02945142 0.2884615 0.02945142 0.2884616 0.01777827 0.3269225 0.01777827 0.2884616 0.01777827 0.2884615 0.02945142 0.25 0.02945142 0.25 0.02945142 0.2500001 0.01777827 0.2884616 0.01777827 0.2500001 0.01777827 0.25 0.02945142 0.2115394 0.02945142 0.2115394 0.02945142 0.2115393 0.01777827 0.2500001 0.01777827 0.2115393 0.01777827 0.2115394 0.02945142 0.173076 0.02945142 0.173076 0.02945142 0.1730762 0.01777827 0.2115393 0.01777827 0.1730762 0.01777827 0.173076 0.02945142 0.1346154 0.02945142 0.1346154 0.02945142 0.1346153 0.01777827 0.1730762 0.01777827 0.1346153 0.01777827 0.1346154 0.02945142 0.09615385 0.02945142 0.09615385 0.02945142 0.09615439 0.01777827 0.1346153 0.01777827 0.09615439 0.01777827 0.09615385 0.02945142 0.05769228 0.02945142 0.05769228 0.02945142 0.05769181 0.01777827 0.09615439 0.01777827 0.05769181 0.01777827 0.05769228 0.02945142 0.01923084 0.02945142 0.01923084 0.02945142 0.01923078 0.01777827 0.05769181 0.01777827 0.01923078 0.01777827 0.01923084 0.02945142 -0.01923072 0.02945142 -0.01923072 0.02945142 -0.0192306 0.01777827 0.01923078 0.01777827 0.9807694 0.01777827 0.9807693 0.02945142 0.9423087 0.02945142 0.9423087 0.02945142 0.9423084 0.01777827 0.9807694 0.01777827 0.9423084 0.01777827 0.9423087 0.02945142 0.9038453 0.02945142 0.9038453 0.02945142 0.9038454 0.01777827 0.9423084 0.01777827 0.9038454 0.01777827 0.9038453 0.02945142 0.8653847 0.02945142 0.8653847 0.02945142 0.8653845 0.01777827 0.9038454 0.01777827 0.8653845 0.01777827 0.8653847 0.02945142 0.8269231 0.02945142 0.8269231 0.02945142 0.8269231 0.01777827 0.8653845 0.01777827 0.8269231 0.01777827 0.8269231 0.02945142 0.7884625 0.02945142 0.7884625 0.02945142 0.7884625 0.01777827 0.8269231 0.01777827 0.7884625 0.1347561 0.7884624 0.135779 0.7499991 0.135779 0.7499991 0.135779 0.7499991 0.1347561 0.7884625 0.1347561 0.7499991 0.1347561 0.7499991 0.135779 0.7115386 0.135779 0.7115386 0.135779 0.7115386 0.1347561 0.7499991 0.1347561 0.7115386 0.1347561 0.7115386 0.135779 0.6730771 0.135779 0.6730771 0.135779 0.6730771 0.1347561 0.7115386 0.1347561 0.6730771 0.1347561 0.6730771 0.135779 0.6346155 0.135779 0.6346155 0.135779 0.6346155 0.1347561 0.6730771 0.1347561 0.6346155 0.1347561 0.6346155 0.135779 0.5961539 0.135779 0.5961539 0.135779 0.5961539 0.1347561 0.6346155 0.1347561 0.5961539 0.1347561 0.5961539 0.135779 0.5576924 0.135779 0.5576924 0.135779 0.5576924 0.1347561 0.5961539 0.1347561 0.5576924 0.1347561 0.5576924 0.135779 0.5192308 0.135779 0.5192308 0.135779 0.5192308 0.1347561 0.5576924 0.1347561 0.5192308 0.1347561 0.5192308 0.135779 0.4807702 0.135779 0.4807702 0.135779 0.4807702 0.1347561 0.5192308 0.1347561 0.4807702 0.1347561 0.4807702 0.135779 0.4423068 0.135779 0.4423068 0.135779 0.4423068 0.1347561 0.4807702 0.1347561 0.4423068 0.1347561 0.4423068 0.135779 0.4038462 0.135779 0.4038462 0.135779 0.4038462 0.1347561 0.4423068 0.1347561 0.4038462 0.1347561 0.4038462 0.135779 0.3653846 0.135779 0.3653846 0.135779 0.3653846 0.1347561 0.4038462 0.1347561 0.3653846 0.1347561 0.3653846 0.135779 0.3269231 0.135779 0.3269231 0.135779 0.3269231 0.1347561 0.3653846 0.1347561 0.3269231 0.1347561 0.3269231 0.135779 0.2884615 0.135779 0.2884615 0.135779 0.2884615 0.1347561 0.3269231 0.1347561 0.2884615 0.1347561 0.2884615 0.135779 0.25 0.135779 0.25 0.135779 0.25 0.1347561 0.2884615 0.1347561 0.25 0.1347561 0.25 0.135779 0.2115393 0.135779 0.2115393 0.135779 0.2115394 0.1347561 0.25 0.1347561 0.2115394 0.1347561 0.2115393 0.135779 0.173076 0.135779 0.173076 0.135779 0.173076 0.1347561 0.2115394 0.1347561 0.173076 0.1347561 0.173076 0.135779 0.1346154 0.135779 0.1346154 0.135779 0.1346154 0.1347561 0.173076 0.1347561 0.1346154 0.1347561 0.1346154 0.135779 0.09615385 0.135779 0.09615385 0.135779 0.09615385 0.1347561 0.1346154 0.1347561 0.09615385 0.1347561 0.09615385 0.135779 0.05769228 0.135779 0.05769228 0.135779 0.05769228 0.1347561 0.09615385 0.1347561 0.05769228 0.1347561 0.05769228 0.135779 0.01923084 0.135779 0.01923084 0.135779 0.01923084 0.1347561 0.05769228 0.1347561 0.01923084 0.1347561 0.01923084 0.135779 -0.01923072 0.135779 -0.01923072 0.135779 -0.01923072 0.1347561 0.01923084 0.1347561 0.9807693 0.1347561 0.9807693 0.135779 0.9423087 0.135779 0.9423087 0.135779 0.9423087 0.1347561 0.9807693 0.1347561 0.9423087 0.1347561 0.9423087 0.135779 0.9038453 0.135779 0.9038453 0.135779 0.9038453 0.1347561 0.9423087 0.1347561 0.9038453 0.1347561 0.9038453 0.135779 0.8653847 0.135779 0.8653847 0.135779 0.8653847 0.1347561 0.9038453 0.1347561 0.8653847 0.1347561 0.8653847 0.135779 0.8269231 0.135779 0.8269231 0.135779 0.8269231 0.1347561 0.8653847 0.1347561 0.8269231 0.1347561 0.8269231 0.135779 0.7884624 0.135779 0.7884624 0.135779 0.7884625 0.1347561 0.8269231 0.1347561 0.8653847 0.9727626 0.9038463 0.9727626 0.9423078 0.9727626 0.9423078 0.9727626 0.9807693 0.9727626 0.0192309 0.9727626 0.0192309 0.9727626 0.05769234 0.9727626 0.1730769 0.9727626 0.05769234 0.9727626 0.09615391 0.9727626 0.1730769 0.9727626 0.09615391 0.9727626 0.1346154 0.9727626 0.1730769 0.9727626 0.1730769 0.9727626 0.2115384 0.9727626 0.25 0.9727626 0.25 0.9727626 0.2884615 0.9727626 0.326923 0.9727626 0.326923 0.9727626 0.3653845 0.9727626 0.4807692 0.9727626 0.3653845 0.9727626 0.4038461 0.9727626 0.4807692 0.9727626 0.4038461 0.9727626 0.4423076 0.9727626 0.4807692 0.9727626 0.4807692 0.9727626 0.5192307 0.9727626 0.5576923 0.9727626 0.5576923 0.9727626 0.5961539 0.9727626 0.6346154 0.9727626 0.6346154 0.9727626 0.6730771 0.9727626 0.7884616 0.9727626 0.6730771 0.9727626 0.7115387 0.9727626 0.7884616 0.9727626 0.7115387 0.9727626 0.75 0.9727626 0.7884616 0.9727626 0.7884616 0.9727626 0.8269231 0.9727626 0.8653847 0.9727626 0.8653847 0.9727626 0.9423078 0.9727626 0.7884616 0.9727626 0.9423078 0.9727626 0.0192309 0.9727626 0.7884616 0.9727626 0.1730769 0.9727626 0.25 0.9727626 0.326923 0.9727626 0.4807692 0.9727626 0.5576923 0.9727626 0.326923 0.9727626 0.5576923 0.9727626 0.6346154 0.9727626 0.326923 0.9727626 0.0192309 0.9727626 0.1730769 0.9727626 0.326923 0.9727626 0.6346154 0.9727626 0.7884616 0.9727626 0.0192309 0.9727626</float_array>
          <technique_common>
            <accessor source="#Örüntü_019-mesh-map-0-array" count="2328" stride="2">
              <param name="S" type="float"/>
              <param name="T" type="float"/>
            </accessor>
          </technique_common>
        </source>
        <vertices id="Örüntü_019-mesh-vertices">
          <input semantic="POSITION" source="#Örüntü_019-mesh-positions"/>
        </vertices>
        <triangles material="direk_009-material" count="776">
          <input semantic="VERTEX" source="#Örüntü_019-mesh-vertices" offset="0"/>
          <input semantic="NORMAL" source="#Örüntü_019-mesh-normals" offset="1"/>
          <input semantic="TEXCOORD" source="#Örüntü_019-mesh-map-0" offset="2" set="0"/>
          <p>24 0 0 23 0 1 22 0 2 22 0 3 21 0 4 20 0 5 20 0 6 19 0 7 18 0 8 22 0 9 20 0 10 18 0 11 18 0 12 17 0 13 16 0 14 16 0 15 15 0 16 14 0 17 18 0 18 16 0 19 14 0 20 22 0 21 18 0 22 14 0 23 14 0 24 13 0 25 12 0 26 12 0 27 11 0 28 10 0 29 14 0 30 12 0 31 10 0 32 10 0 33 9 0 34 8 0 35 8 0 36 7 0 37 6 0 38 10 0 39 8 0 40 6 0 41 14 0 42 10 0 43 6 0 44 22 0 45 14 0 46 6 0 47 6 0 48 5 0 49 4 0 50 4 0 51 3 0 52 2 0 53 6 0 54 4 0 55 2 0 56 22 0 57 6 0 58 2 0 59 2 0 60 1 0 61 0 0 62 22 0 63 2 0 64 0 0 65 24 0 66 22 0 67 0 0 68 25 0 69 24 0 70 0 0 71 234 1 72 235 2 73 260 3 74 260 3 75 261 4 76 234 1 77 235 2 78 236 5 79 285 6 80 285 6 81 260 3 82 235 2 83 236 5 84 237 7 85 284 8 86 284 8 87 285 6 88 236 5 89 237 7 90 238 9 91 283 10 92 283 10 93 284 8 94 237 7 95 238 9 96 239 11 97 282 12 98 282 12 99 283 10 100 238 9 101 239 11 102 240 13 103 281 14 104 281 14 105 282 12 106 239 11 107 240 13 108 241 15 109 280 16 110 280 16 111 281 14 112 240 13 113 241 15 114 242 17 115 279 18 116 279 18 117 280 16 118 241 15 119 242 17 120 243 19 121 278 20 122 278 20 123 279 18 124 242 17 125 243 19 126 244 21 127 277 22 128 277 22 129 278 20 130 243 19 131 244 21 132 245 23 133 276 24 134 276 24 135 277 22 136 244 21 137 245 23 138 246 25 139 275 26 140 275 26 141 276 24 142 245 23 143 246 25 144 247 27 145 274 28 146 274 28 147 275 26 148 246 25 149 247 27 150 248 29 151 273 30 152 273 30 153 274 28 154 247 27 155 248 29 156 249 31 157 272 32 158 272 32 159 273 30 160 248 29 161 249 31 162 250 33 163 271 34 164 271 34 165 272 32 166 249 31 167 250 33 168 251 35 169 270 36 170 270 36 171 271 34 172 250 33 173 251 35 174 252 37 175 269 38 176 269 38 177 270 36 178 251 35 179 252 37 180 253 39 181 268 40 182 268 40 183 269 38 184 252 37 185 253 39 186 254 41 187 267 42 188 267 42 189 268 40 190 253 39 191 254 41 192 255 43 193 266 44 194 266 44 195 267 42 196 254 41 197 255 43 198 256 45 199 265 46 200 265 46 201 266 44 202 255 43 203 256 45 204 257 47 205 264 48 206 264 48 207 265 46 208 256 45 209 257 47 210 258 49 211 263 50 212 263 50 213 264 48 214 257 47 215 258 49 216 259 51 217 262 52 218 262 52 219 263 50 220 258 49 221 259 51 222 234 1 223 261 4 224 261 4 225 262 52 226 259 51 227 26 1 228 27 2 229 53 3 230 53 3 231 52 4 232 26 1 233 27 2 234 28 5 235 54 6 236 54 6 237 53 3 238 27 2 239 28 5 240 29 7 241 55 8 242 55 8 243 54 6 244 28 5 245 29 7 246 30 9 247 56 10 248 56 10 249 55 8 250 29 7 251 30 9 252 31 11 253 57 12 254 57 12 255 56 10 256 30 9 257 31 11 258 32 13 259 58 14 260 58 14 261 57 12 262 31 11 263 32 13 264 33 15 265 59 16 266 59 16 267 58 14 268 32 13 269 33 15 270 34 17 271 60 18 272 60 18 273 59 16 274 33 15 275 34 17 276 35 19 277 61 20 278 61 20 279 60 18 280 34 17 281 35 19 282 36 21 283 62 22 284 62 22 285 61 20 286 35 19 287 36 21 288 37 23 289 63 24 290 63 24 291 62 22 292 36 21 293 37 23 294 38 25 295 64 26 296 64 26 297 63 24 298 37 23 299 38 25 300 39 27 301 65 28 302 65 28 303 64 26 304 38 25 305 39 27 306 40 29 307 66 30 308 66 30 309 65 28 310 39 27 311 40 29 312 41 31 313 67 32 314 67 32 315 66 30 316 40 29 317 41 31 318 42 53 319 68 34 320 68 34 321 67 32 322 41 31 323 42 53 324 43 54 325 69 36 326 69 36 327 68 34 328 42 53 329 43 54 330 44 37 331 70 38 332 70 38 333 69 36 334 43 54 335 44 37 336 45 39 337 71 40 338 71 40 339 70 38 340 44 37 341 45 39 342 46 55 343 72 42 344 72 42 345 71 40 346 45 39 347 46 55 348 47 43 349 73 44 350 73 44 351 72 42 352 46 55 353 47 43 354 48 45 355 74 46 356 74 46 357 73 44 358 47 43 359 48 45 360 49 47 361 75 48 362 75 48 363 74 46 364 48 45 365 49 47 366 50 56 367 76 50 368 76 50 369 75 48 370 49 47 371 50 56 372 51 51 373 77 52 374 77 52 375 76 50 376 50 56 377 51 51 378 26 1 379 52 4 380 52 4 381 77 52 382 51 51 383 52 4 384 53 3 385 79 3 386 79 3 387 78 4 388 52 4 389 53 3 390 54 6 391 80 6 392 80 6 393 79 3 394 53 3 395 54 6 396 55 8 397 81 8 398 81 8 399 80 6 400 54 6 401 55 8 402 56 10 403 82 10 404 82 10 405 81 8 406 55 8 407 56 10 408 57 12 409 83 12 410 83 12 411 82 10 412 56 10 413 57 12 414 58 14 415 84 14 416 84 14 417 83 12 418 57 12 419 58 14 420 59 16 421 85 16 422 85 16 423 84 14 424 58 14 425 59 16 426 60 18 427 86 18 428 86 18 429 85 16 430 59 16 431 60 18 432 61 20 433 87 20 434 87 20 435 86 18 436 60 18 437 61 20 438 62 22 439 88 22 440 88 22 441 87 20 442 61 20 443 62 22 444 63 24 445 89 24 446 89 24 447 88 22 448 62 22 449 63 24 450 64 26 451 90 26 452 90 26 453 89 24 454 63 24 455 64 26 456 65 28 457 91 28 458 91 28 459 90 26 460 64 26 461 65 28 462 66 30 463 92 30 464 92 30 465 91 28 466 65 28 467 66 30 468 67 32 469 93 32 470 93 32 471 92 30 472 66 30 473 67 32 474 68 34 475 94 34 476 94 34 477 93 32 478 67 32 479 68 34 480 69 36 481 95 36 482 95 36 483 94 34 484 68 34 485 69 36 486 70 38 487 96 38 488 96 38 489 95 36 490 69 36 491 70 38 492 71 40 493 97 40 494 97 40 495 96 38 496 70 38 497 71 40 498 72 42 499 98 42 500 98 42 501 97 40 502 71 40 503 72 42 504 73 44 505 99 44 506 99 44 507 98 42 508 72 42 509 73 44 510 74 46 511 100 46 512 100 46 513 99 44 514 73 44 515 74 46 516 75 48 517 101 48 518 101 48 519 100 46 520 74 46 521 75 48 522 76 50 523 102 50 524 102 50 525 101 48 526 75 48 527 76 50 528 77 52 529 103 52 530 103 52 531 102 50 532 76 50 533 77 52 534 52 4 535 78 4 536 78 4 537 103 52 538 77 52 539 78 4 540 79 3 541 105 3 542 105 3 543 104 4 544 78 4 545 79 3 546 80 6 547 106 6 548 106 6 549 105 3 550 79 3 551 80 6 552 81 8 553 107 8 554 107 8 555 106 6 556 80 6 557 81 8 558 82 10 559 108 10 560 108 10 561 107 8 562 81 8 563 82 10 564 83 12 565 109 12 566 109 12 567 108 10 568 82 10 569 83 12 570 84 14 571 110 14 572 110 14 573 109 12 574 83 12 575 84 14 576 85 16 577 111 16 578 111 16 579 110 14 580 84 14 581 85 16 582 86 18 583 112 18 584 112 18 585 111 16 586 85 16 587 86 18 588 87 20 589 113 20 590 113 20 591 112 18 592 86 18 593 87 20 594 88 22 595 114 22 596 114 22 597 113 20 598 87 20 599 88 22 600 89 24 601 115 24 602 115 24 603 114 22 604 88 22 605 89 24 606 90 26 607 116 26 608 116 26 609 115 24 610 89 24 611 90 26 612 91 28 613 117 28 614 117 28 615 116 26 616 90 26 617 91 28 618 92 30 619 118 30 620 118 30 621 117 28 622 91 28 623 92 30 624 93 32 625 119 32 626 119 32 627 118 30 628 92 30 629 93 32 630 94 34 631 120 34 632 120 34 633 119 32 634 93 32 635 94 34 636 95 36 637 121 36 638 121 36 639 120 34 640 94 34 641 95 36 642 96 38 643 122 38 644 122 38 645 121 36 646 95 36 647 96 38 648 97 40 649 123 40 650 123 40 651 122 38 652 96 38 653 97 40 654 98 42 655 124 42 656 124 42 657 123 40 658 97 40 659 98 42 660 99 44 661 125 44 662 125 44 663 124 42 664 98 42 665 99 44 666 100 46 667 126 46 668 126 46 669 125 44 670 99 44 671 100 46 672 101 48 673 127 48 674 127 48 675 126 46 676 100 46 677 101 48 678 102 50 679 128 50 680 128 50 681 127 48 682 101 48 683 102 50 684 103 52 685 129 52 686 129 52 687 128 50 688 102 50 689 103 52 690 78 4 691 104 4 692 104 4 693 129 52 694 103 52 695 104 4 696 105 3 697 131 3 698 131 3 699 130 4 700 104 4 701 105 3 702 106 6 703 132 6 704 132 6 705 131 3 706 105 3 707 106 6 708 107 8 709 133 8 710 133 8 711 132 6 712 106 6 713 107 8 714 108 10 715 134 10 716 134 10 717 133 8 718 107 8 719 108 10 720 109 12 721 135 12 722 135 12 723 134 10 724 108 10 725 109 12 726 110 14 727 136 14 728 136 14 729 135 12 730 109 12 731 110 14 732 111 16 733 137 16 734 137 16 735 136 14 736 110 14 737 111 16 738 112 18 739 138 18 740 138 18 741 137 16 742 111 16 743 112 18 744 113 20 745 139 20 746 139 20 747 138 18 748 112 18 749 113 20 750 114 22 751 140 22 752 140 22 753 139 20 754 113 20 755 114 22 756 115 24 757 141 24 758 141 24 759 140 22 760 114 22 761 115 24 762 116 26 763 142 26 764 142 26 765 141 24 766 115 24 767 116 26 768 117 28 769 143 28 770 143 28 771 142 26 772 116 26 773 117 28 774 118 30 775 144 30 776 144 30 777 143 28 778 117 28 779 118 30 780 119 32 781 145 32 782 145 32 783 144 30 784 118 30 785 119 32 786 120 34 787 146 34 788 146 34 789 145 32 790 119 32 791 120 34 792 121 36 793 147 36 794 147 36 795 146 34 796 120 34 797 121 36 798 122 38 799 148 38 800 148 38 801 147 36 802 121 36 803 122 38 804 123 40 805 149 40 806 149 40 807 148 38 808 122 38 809 123 40 810 124 42 811 150 42 812 150 42 813 149 40 814 123 40 815 124 42 816 125 44 817 151 44 818 151 44 819 150 42 820 124 42 821 125 44 822 126 46 823 152 46 824 152 46 825 151 44 826 125 44 827 126 46 828 127 48 829 153 48 830 153 48 831 152 46 832 126 46 833 127 48 834 128 50 835 154 50 836 154 50 837 153 48 838 127 48 839 128 50 840 129 52 841 155 52 842 155 52 843 154 50 844 128 50 845 129 52 846 104 4 847 130 4 848 130 4 849 155 52 850 129 52 851 130 4 852 131 3 853 157 57 854 157 57 855 156 58 856 130 4 857 131 3 858 132 6 859 158 59 860 158 59 861 157 57 862 131 3 863 132 6 864 133 8 865 159 60 866 159 60 867 158 59 868 132 6 869 133 8 870 134 10 871 160 61 872 160 61 873 159 60 874 133 8 875 134 10 876 135 12 877 161 62 878 161 62 879 160 61 880 134 10 881 135 12 882 136 14 883 162 63 884 162 63 885 161 62 886 135 12 887 136 14 888 137 16 889 163 64 890 163 64 891 162 63 892 136 14 893 137 16 894 138 18 895 164 65 896 164 65 897 163 64 898 137 16 899 138 18 900 139 20 901 165 66 902 165 66 903 164 65 904 138 18 905 139 20 906 140 22 907 166 67 908 166 67 909 165 66 910 139 20 911 140 22 912 141 24 913 167 68 914 167 68 915 166 67 916 140 22 917 141 24 918 142 26 919 168 69 920 168 69 921 167 68 922 141 24 923 142 26 924 143 28 925 169 70 926 169 70 927 168 69 928 142 26 929 143 28 930 144 30 931 170 71 932 170 71 933 169 70 934 143 28 935 144 30 936 145 32 937 171 72 938 171 72 939 170 71 940 144 30 941 145 32 942 146 34 943 172 73 944 172 73 945 171 72 946 145 32 947 146 34 948 147 36 949 173 74 950 173 74 951 172 73 952 146 34 953 147 36 954 148 38 955 174 75 956 174 75 957 173 74 958 147 36 959 148 38 960 149 40 961 175 76 962 175 76 963 174 75 964 148 38 965 149 40 966 150 42 967 176 77 968 176 77 969 175 76 970 149 40 971 150 42 972 151 44 973 177 78 974 177 78 975 176 77 976 150 42 977 151 44 978 152 46 979 178 79 980 178 79 981 177 78 982 151 44 983 152 46 984 153 48 985 179 80 986 179 80 987 178 79 988 152 46 989 153 48 990 154 50 991 180 81 992 180 81 993 179 80 994 153 48 995 154 50 996 155 52 997 181 82 998 181 82 999 180 81 1000 154 50 1001 155 52 1002 130 4 1003 156 58 1004 156 58 1005 181 82 1006 155 52 1007 0 0 1008 1 0 1009 183 0 1010 183 0 1011 182 0 1012 0 0 1013 1 0 1014 2 0 1015 184 0 1016 184 0 1017 183 0 1018 1 0 1019 2 0 1020 3 0 1021 185 0 1022 185 0 1023 184 0 1024 2 0 1025 3 0 1026 4 0 1027 186 0 1028 186 0 1029 185 0 1030 3 0 1031 4 0 1032 5 0 1033 187 0 1034 187 0 1035 186 0 1036 4 0 1037 5 0 1038 6 0 1039 188 0 1040 188 0 1041 187 0 1042 5 0 1043 6 0 1044 7 0 1045 189 0 1046 189 0 1047 188 0 1048 6 0 1049 7 0 1050 8 0 1051 190 0 1052 190 0 1053 189 0 1054 7 0 1055 8 0 1056 9 0 1057 191 0 1058 191 0 1059 190 0 1060 8 0 1061 9 0 1062 10 0 1063 192 0 1064 192 0 1065 191 0 1066 9 0 1067 10 0 1068 11 0 1069 193 0 1070 193 0 1071 192 0 1072 10 0 1073 11 0 1074 12 0 1075 194 0 1076 194 0 1077 193 0 1078 11 0 1079 12 0 1080 13 0 1081 195 0 1082 195 0 1083 194 0 1084 12 0 1085 13 0 1086 14 0 1087 196 0 1088 196 0 1089 195 0 1090 13 0 1091 14 0 1092 15 0 1093 197 0 1094 197 0 1095 196 0 1096 14 0 1097 15 0 1098 16 0 1099 198 0 1100 198 0 1101 197 0 1102 15 0 1103 16 0 1104 17 0 1105 199 0 1106 199 0 1107 198 0 1108 16 0 1109 17 0 1110 18 0 1111 200 0 1112 200 0 1113 199 0 1114 17 0 1115 18 0 1116 19 0 1117 201 0 1118 201 0 1119 200 0 1120 18 0 1121 19 0 1122 20 0 1123 202 0 1124 202 0 1125 201 0 1126 19 0 1127 20 0 1128 21 0 1129 203 0 1130 203 0 1131 202 0 1132 20 0 1133 21 0 1134 22 0 1135 204 0 1136 204 0 1137 203 0 1138 21 0 1139 22 0 1140 23 0 1141 205 0 1142 205 0 1143 204 0 1144 22 0 1145 23 0 1146 24 0 1147 206 0 1148 206 0 1149 205 0 1150 23 0 1151 24 0 1152 25 0 1153 207 0 1154 207 0 1155 206 0 1156 24 0 1157 25 0 1158 0 0 1159 182 0 1160 182 0 1161 207 0 1162 25 0 1163 27 83 1164 26 83 1165 209 83 1166 209 84 1167 208 84 1168 27 84 1169 26 85 1170 51 85 1171 210 85 1172 210 86 1173 209 86 1174 26 86 1175 51 87 1176 50 87 1177 211 87 1178 211 87 1179 210 87 1180 51 87 1181 50 87 1182 49 87 1183 212 87 1184 212 87 1185 211 87 1186 50 87 1187 49 87 1188 48 87 1189 213 87 1190 213 87 1191 212 87 1192 49 87 1193 48 88 1194 47 88 1195 214 88 1196 214 89 1197 213 89 1198 48 89 1199 47 90 1200 46 90 1201 215 90 1202 215 91 1203 214 91 1204 47 91 1205 46 87 1206 45 87 1207 216 87 1208 216 92 1209 215 92 1210 46 92 1211 45 87 1212 44 87 1213 217 87 1214 217 87 1215 216 87 1216 45 87 1217 44 87 1218 43 87 1219 218 87 1220 218 87 1221 217 87 1222 44 87 1223 43 87 1224 42 87 1225 219 87 1226 219 87 1227 218 87 1228 43 87 1229 42 93 1230 41 93 1231 220 93 1232 220 87 1233 219 87 1234 42 87 1235 41 94 1236 40 94 1237 221 94 1238 221 95 1239 220 95 1240 41 95 1241 40 96 1242 39 96 1243 222 96 1244 222 97 1245 221 97 1246 40 97 1247 39 98 1248 38 98 1249 223 98 1250 223 99 1251 222 99 1252 39 99 1253 38 100 1254 37 100 1255 224 100 1256 224 101 1257 223 101 1258 38 101 1259 37 87 1260 36 87 1261 225 87 1262 225 102 1263 224 102 1264 37 102 1265 36 87 1266 35 87 1267 226 87 1268 226 87 1269 225 87 1270 36 87 1271 35 87 1272 34 87 1273 227 87 1274 227 87 1275 226 87 1276 35 87 1277 34 87 1278 33 87 1279 228 87 1280 228 87 1281 227 87 1282 34 87 1283 33 87 1284 32 87 1285 229 87 1286 229 87 1287 228 87 1288 33 87 1289 32 87 1290 31 87 1291 230 87 1292 230 87 1293 229 87 1294 32 87 1295 31 87 1296 30 87 1297 231 87 1298 231 87 1299 230 87 1300 31 87 1301 30 87 1302 29 87 1303 232 87 1304 232 103 1305 231 103 1306 30 103 1307 29 87 1308 28 87 1309 233 87 1310 233 87 1311 232 87 1312 29 87 1313 28 87 1314 27 87 1315 208 87 1316 208 104 1317 233 104 1318 28 104 1319 163 64 1320 171 72 1321 179 80 1322 286 105 1323 287 106 1324 338 107 1325 338 107 1326 339 108 1327 286 105 1328 287 106 1329 288 109 1330 363 110 1331 363 110 1332 338 107 1333 287 106 1334 288 109 1335 289 111 1336 362 112 1337 362 112 1338 363 110 1339 288 109 1340 289 111 1341 290 113 1342 361 114 1343 361 114 1344 362 112 1345 289 111 1346 290 113 1347 291 115 1348 360 116 1349 360 116 1350 361 114 1351 290 113 1352 291 115 1353 292 117 1354 359 118 1355 359 118 1356 360 116 1357 291 115 1358 292 117 1359 293 119 1360 358 120 1361 358 120 1362 359 118 1363 292 117 1364 293 119 1365 294 121 1366 357 122 1367 357 122 1368 358 120 1369 293 119 1370 294 121 1371 295 123 1372 356 124 1373 356 124 1374 357 122 1375 294 121 1376 295 123 1377 296 125 1378 355 126 1379 355 126 1380 356 124 1381 295 123 1382 296 125 1383 297 127 1384 354 128 1385 354 128 1386 355 126 1387 296 125 1388 297 127 1389 298 129 1390 353 130 1391 353 130 1392 354 128 1393 297 127 1394 298 129 1395 299 131 1396 352 132 1397 352 132 1398 353 130 1399 298 129 1400 299 131 1401 300 133 1402 351 134 1403 351 134 1404 352 132 1405 299 131 1406 300 133 1407 301 135 1408 350 136 1409 350 136 1410 351 134 1411 300 133 1412 301 135 1413 302 137 1414 349 138 1415 349 138 1416 350 136 1417 301 135 1418 302 137 1419 303 139 1420 348 140 1421 348 140 1422 349 138 1423 302 137 1424 303 139 1425 304 141 1426 347 142 1427 347 142 1428 348 140 1429 303 139 1430 304 141 1431 305 143 1432 346 144 1433 346 144 1434 347 142 1435 304 141 1436 305 143 1437 306 145 1438 345 146 1439 345 146 1440 346 144 1441 305 143 1442 306 145 1443 307 147 1444 344 148 1445 344 148 1446 345 146 1447 306 145 1448 307 147 1449 308 149 1450 343 150 1451 343 150 1452 344 148 1453 307 147 1454 308 149 1455 309 151 1456 342 152 1457 342 152 1458 343 150 1459 308 149 1460 309 151 1461 310 153 1462 341 154 1463 341 154 1464 342 152 1465 309 151 1466 310 153 1467 311 155 1468 340 156 1469 340 156 1470 341 154 1471 310 153 1472 311 155 1473 286 105 1474 339 108 1475 339 108 1476 340 156 1477 311 155 1478 364 107 1479 365 108 1480 261 4 1481 261 4 1482 260 3 1483 364 107 1484 365 108 1485 366 156 1486 262 52 1487 262 52 1488 261 4 1489 365 108 1490 366 156 1491 367 154 1492 263 50 1493 263 50 1494 262 52 1495 366 156 1496 367 154 1497 368 152 1498 264 48 1499 264 48 1500 263 50 1501 367 154 1502 368 152 1503 369 150 1504 265 46 1505 265 46 1506 264 48 1507 368 152 1508 369 150 1509 370 148 1510 266 44 1511 266 44 1512 265 46 1513 369 150 1514 370 148 1515 371 146 1516 267 42 1517 267 42 1518 266 44 1519 370 148 1520 371 146 1521 372 157 1522 268 40 1523 268 40 1524 267 42 1525 371 146 1526 372 157 1527 373 142 1528 269 38 1529 269 38 1530 268 40 1531 372 157 1532 373 142 1533 374 140 1534 270 36 1535 270 36 1536 269 38 1537 373 142 1538 374 140 1539 375 138 1540 271 34 1541 271 34 1542 270 36 1543 374 140 1544 375 138 1545 376 136 1546 272 32 1547 272 32 1548 271 34 1549 375 138 1550 376 136 1551 377 134 1552 273 30 1553 273 30 1554 272 32 1555 376 136 1556 377 134 1557 378 132 1558 274 28 1559 274 28 1560 273 30 1561 377 134 1562 378 132 1563 379 158 1564 275 26 1565 275 26 1566 274 28 1567 378 132 1568 379 158 1569 380 128 1570 276 24 1571 276 24 1572 275 26 1573 379 158 1574 380 128 1575 381 126 1576 277 22 1577 277 22 1578 276 24 1579 380 128 1580 381 126 1581 382 124 1582 278 20 1583 278 20 1584 277 22 1585 381 126 1586 382 124 1587 383 122 1588 279 18 1589 279 18 1590 278 20 1591 382 124 1592 383 122 1593 384 120 1594 280 16 1595 280 16 1596 279 18 1597 383 122 1598 384 120 1599 385 118 1600 281 14 1601 281 14 1602 280 16 1603 384 120 1604 385 118 1605 386 116 1606 282 12 1607 282 12 1608 281 14 1609 385 118 1610 386 116 1611 387 159 1612 283 10 1613 283 10 1614 282 12 1615 386 116 1616 387 159 1617 388 112 1618 284 8 1619 284 8 1620 283 10 1621 387 159 1622 388 112 1623 389 110 1624 285 6 1625 285 6 1626 284 8 1627 388 112 1628 389 110 1629 364 107 1630 260 3 1631 260 3 1632 285 6 1633 389 110 1634 182 160 1635 183 160 1636 287 160 1637 287 161 1638 286 161 1639 182 161 1640 183 162 1641 184 162 1642 288 162 1643 288 163 1644 287 163 1645 183 163 1646 184 164 1647 185 164 1648 289 164 1649 289 165 1650 288 165 1651 184 165 1652 185 166 1653 186 166 1654 290 166 1655 290 167 1656 289 167 1657 185 167 1658 186 168 1659 187 168 1660 291 168 1661 291 169 1662 290 169 1663 186 169 1664 187 170 1665 188 170 1666 292 170 1667 292 171 1668 291 171 1669 187 171 1670 188 0 1671 189 0 1672 293 0 1673 293 172 1674 292 172 1675 188 172 1676 189 0 1677 190 0 1678 294 0 1679 294 0 1680 293 0 1681 189 0 1682 190 0 1683 191 0 1684 295 0 1685 295 0 1686 294 0 1687 190 0 1688 191 173 1689 192 173 1690 296 173 1691 296 174 1692 295 174 1693 191 174 1694 192 175 1695 193 175 1696 297 175 1697 297 176 1698 296 176 1699 192 176 1700 193 177 1701 194 177 1702 298 177 1703 298 178 1704 297 178 1705 193 178 1706 194 179 1707 195 179 1708 299 179 1709 299 180 1710 298 180 1711 194 180 1712 195 0 1713 196 0 1714 300 0 1715 300 181 1716 299 181 1717 195 181 1718 196 0 1719 197 0 1720 301 0 1721 301 0 1722 300 0 1723 196 0 1724 197 0 1725 198 0 1726 302 0 1727 302 0 1728 301 0 1729 197 0 1730 198 182 1731 199 182 1732 303 182 1733 303 183 1734 302 183 1735 198 183 1736 199 0 1737 200 0 1738 304 0 1739 304 184 1740 303 184 1741 199 184 1742 200 185 1743 201 185 1744 305 185 1745 305 186 1746 304 186 1747 200 186 1748 201 187 1749 202 187 1750 306 187 1751 306 188 1752 305 188 1753 201 188 1754 202 0 1755 203 0 1756 307 0 1757 307 189 1758 306 189 1759 202 189 1760 203 0 1761 204 0 1762 308 0 1763 308 0 1764 307 0 1765 203 0 1766 204 0 1767 205 0 1768 309 0 1769 309 0 1770 308 0 1771 204 0 1772 205 0 1773 206 0 1774 310 0 1775 310 0 1776 309 0 1777 205 0 1778 206 190 1779 207 190 1780 311 190 1781 311 191 1782 310 191 1783 206 191 1784 207 192 1785 182 192 1786 286 192 1787 286 193 1788 311 193 1789 207 193 1790 235 194 1791 234 194 1792 313 194 1793 313 195 1794 312 195 1795 235 195 1796 234 196 1797 259 196 1798 314 196 1799 314 197 1800 313 197 1801 234 197 1802 259 198 1803 258 198 1804 315 198 1805 315 199 1806 314 199 1807 259 199 1808 258 200 1809 257 200 1810 316 200 1811 316 201 1812 315 201 1813 258 201 1814 257 202 1815 256 202 1816 317 202 1817 317 203 1818 316 203 1819 257 203 1820 256 204 1821 255 204 1822 318 204 1823 318 205 1824 317 205 1825 256 205 1826 255 206 1827 254 206 1828 319 206 1829 319 207 1830 318 207 1831 255 207 1832 254 87 1833 253 87 1834 320 87 1835 320 87 1836 319 87 1837 254 87 1838 253 208 1839 252 208 1840 321 208 1841 321 209 1842 320 209 1843 253 209 1844 252 210 1845 251 210 1846 322 210 1847 322 211 1848 321 211 1849 252 211 1850 251 212 1851 250 212 1852 323 212 1853 323 213 1854 322 213 1855 251 213 1856 250 214 1857 249 214 1858 324 214 1859 324 215 1860 323 215 1861 250 215 1862 249 216 1863 248 216 1864 325 216 1865 325 217 1866 324 217 1867 249 217 1868 248 218 1869 247 218 1870 326 218 1871 326 219 1872 325 219 1873 248 219 1874 247 220 1875 246 220 1876 327 220 1877 327 221 1878 326 221 1879 247 221 1880 246 222 1881 245 222 1882 328 222 1883 328 223 1884 327 223 1885 246 223 1886 245 224 1887 244 224 1888 329 224 1889 329 225 1890 328 225 1891 245 225 1892 244 226 1893 243 226 1894 330 226 1895 330 227 1896 329 227 1897 244 227 1898 243 228 1899 242 228 1900 331 228 1901 331 229 1902 330 229 1903 243 229 1904 242 87 1905 241 87 1906 332 87 1907 332 230 1908 331 230 1909 242 230 1910 241 87 1911 240 87 1912 333 87 1913 333 87 1914 332 87 1915 241 87 1916 240 231 1917 239 231 1918 334 231 1919 334 232 1920 333 232 1921 240 232 1922 239 233 1923 238 233 1924 335 233 1925 335 234 1926 334 234 1927 239 234 1928 238 235 1929 237 235 1930 336 235 1931 336 236 1932 335 236 1933 238 236 1934 237 237 1935 236 237 1936 337 237 1937 337 238 1938 336 238 1939 237 238 1940 236 239 1941 235 239 1942 312 239 1943 312 240 1944 337 240 1945 236 240 1946 338 107 1947 312 241 1948 313 242 1949 313 242 1950 339 108 1951 338 107 1952 339 108 1953 313 242 1954 314 243 1955 314 243 1956 340 156 1957 339 108 1958 340 156 1959 314 243 1960 315 244 1961 315 244 1962 341 154 1963 340 156 1964 341 154 1965 315 244 1966 316 245 1967 316 245 1968 342 152 1969 341 154 1970 342 152 1971 316 245 1972 317 246 1973 317 246 1974 343 150 1975 342 152 1976 343 150 1977 317 246 1978 318 247 1979 318 247 1980 344 148 1981 343 150 1982 344 148 1983 318 247 1984 319 248 1985 319 248 1986 345 146 1987 344 148 1988 345 146 1989 319 248 1990 320 249 1991 320 249 1992 346 144 1993 345 146 1994 346 144 1995 320 249 1996 321 250 1997 321 250 1998 347 142 1999 346 144 2000 347 142 2001 321 250 2002 322 251 2003 322 251 2004 348 140 2005 347 142 2006 348 140 2007 322 251 2008 323 252 2009 323 252 2010 349 138 2011 348 140 2012 349 138 2013 323 252 2014 324 253 2015 324 253 2016 350 136 2017 349 138 2018 350 136 2019 324 253 2020 325 254 2021 325 254 2022 351 134 2023 350 136 2024 351 134 2025 325 254 2026 326 255 2027 326 255 2028 352 132 2029 351 134 2030 352 132 2031 326 255 2032 327 256 2033 327 256 2034 353 130 2035 352 132 2036 353 130 2037 327 256 2038 328 257 2039 328 257 2040 354 128 2041 353 130 2042 354 128 2043 328 257 2044 329 258 2045 329 258 2046 355 126 2047 354 128 2048 355 126 2049 329 258 2050 330 259 2051 330 259 2052 356 124 2053 355 126 2054 356 124 2055 330 259 2056 331 260 2057 331 260 2058 357 122 2059 356 124 2060 357 122 2061 331 260 2062 332 261 2063 332 261 2064 358 120 2065 357 122 2066 358 120 2067 332 261 2068 333 262 2069 333 262 2070 359 118 2071 358 120 2072 359 118 2073 333 262 2074 334 263 2075 334 263 2076 360 116 2077 359 118 2078 360 116 2079 334 263 2080 335 264 2081 335 264 2082 361 114 2083 360 116 2084 361 114 2085 335 264 2086 336 265 2087 336 265 2088 362 112 2089 361 114 2090 362 112 2091 336 265 2092 337 266 2093 337 266 2094 363 110 2095 362 112 2096 363 110 2097 337 266 2098 312 241 2099 312 241 2100 338 107 2101 363 110 2102 364 107 2103 208 241 2104 209 267 2105 209 267 2106 365 108 2107 364 107 2108 365 108 2109 209 267 2110 210 243 2111 210 243 2112 366 156 2113 365 108 2114 366 156 2115 210 243 2116 211 244 2117 211 244 2118 367 154 2119 366 156 2120 367 154 2121 211 244 2122 212 245 2123 212 245 2124 368 152 2125 367 154 2126 368 152 2127 212 245 2128 213 246 2129 213 246 2130 369 150 2131 368 152 2132 369 150 2133 213 246 2134 214 247 2135 214 247 2136 370 148 2137 369 150 2138 370 148 2139 214 247 2140 215 248 2141 215 248 2142 371 146 2143 370 148 2144 371 146 2145 215 248 2146 216 249 2147 216 249 2148 372 157 2149 371 146 2150 372 157 2151 216 249 2152 217 250 2153 217 250 2154 373 142 2155 372 157 2156 373 142 2157 217 250 2158 218 251 2159 218 251 2160 374 140 2161 373 142 2162 374 140 2163 218 251 2164 219 268 2165 219 268 2166 375 138 2167 374 140 2168 375 138 2169 219 268 2170 220 253 2171 220 253 2172 376 136 2173 375 138 2174 376 136 2175 220 253 2176 221 269 2177 221 269 2178 377 134 2179 376 136 2180 377 134 2181 221 269 2182 222 270 2183 222 270 2184 378 132 2185 377 134 2186 378 132 2187 222 270 2188 223 271 2189 223 271 2190 379 158 2191 378 132 2192 379 158 2193 223 271 2194 224 257 2195 224 257 2196 380 128 2197 379 158 2198 380 128 2199 224 257 2200 225 272 2201 225 272 2202 381 126 2203 380 128 2204 381 126 2205 225 272 2206 226 273 2207 226 273 2208 382 124 2209 381 126 2210 382 124 2211 226 273 2212 227 260 2213 227 260 2214 383 122 2215 382 124 2216 383 122 2217 227 260 2218 228 261 2219 228 261 2220 384 120 2221 383 122 2222 384 120 2223 228 261 2224 229 262 2225 229 262 2226 385 118 2227 384 120 2228 385 118 2229 229 262 2230 230 263 2231 230 263 2232 386 116 2233 385 118 2234 386 116 2235 230 263 2236 231 274 2237 231 274 2238 387 159 2239 386 116 2240 387 159 2241 231 274 2242 232 265 2243 232 265 2244 388 112 2245 387 159 2246 388 112 2247 232 265 2248 233 266 2249 233 266 2250 389 110 2251 388 112 2252 389 110 2253 233 266 2254 208 241 2255 208 241 2256 364 107 2257 389 110 2258 159 60 2259 160 61 2260 161 62 2261 161 62 2262 162 63 2263 163 64 2264 163 64 2265 164 65 2266 167 68 2267 164 65 2268 165 66 2269 167 68 2270 165 66 2271 166 67 2272 167 68 2273 167 68 2274 168 69 2275 169 70 2276 169 70 2277 170 71 2278 171 72 2279 171 72 2280 172 73 2281 175 76 2282 172 73 2283 173 74 2284 175 76 2285 173 74 2286 174 75 2287 175 76 2288 175 76 2289 176 77 2290 177 78 2291 177 78 2292 178 79 2293 179 80 2294 179 80 2295 180 81 2296 157 57 2297 180 81 2298 181 82 2299 157 57 2300 181 82 2301 156 58 2302 157 57 2303 157 57 2304 158 59 2305 159 60 2306 159 60 2307 161 62 2308 157 57 2309 161 62 2310 163 64 2311 157 57 2312 167 68 2313 169 70 2314 171 72 2315 175 76 2316 177 78 2317 171 72 2318 177 78 2319 179 80 2320 171 72 2321 163 64 2322 167 68 2323 171 72 2324 179 80 2325 157 57 2326 163 64 2327</p>
        </triangles>
      </mesh>
    </geometry>
  </library_geometries>
  <library_visual_scenes>
    <visual_scene id="Scene" name="Scene">
      <node id="turnLeftSing" name="turnLeftSing" type="NODE">
        <matrix sid="transform">-5.82356e-8 -5.82356e-8 -1 -0.01272202 -1.332276 2.54556e-15 4.37114e-8 -0.004706711 0 1.332276 -4.37114e-8 2.62535 0 0 0 1</matrix>
        <instance_geometry url="#Circle_009-mesh" name="turnLeftSing">
          <bind_material>
            <technique_common>
              <instance_material symbol="beyaz-material" target="#beyaz-material">
                <bind_vertex_input semantic="UVMap" input_semantic="TEXCOORD" input_set="0"/>
              </instance_material>
              <instance_material symbol="mavi-material" target="#mavi-material">
                <bind_vertex_input semantic="UVMap" input_semantic="TEXCOORD" input_set="0"/>
              </instance_material>
            </technique_common>
          </bind_material>
        </instance_geometry>
      </node>
      <node id="turnLeftBody" name="turnLeftBody" type="NODE">
        <matrix sid="transform">-3.35997e-10 0.007686716 4.59046e-10 0.02536397 -0.007686716 -3.35997e-10 0 -0.004706711 0 -3.35997e-10 0.01050175 1.19209e-7 0 0 0 1</matrix>
        <instance_geometry url="#Örüntü_019-mesh" name="turnLeftBody">
          <bind_material>
            <technique_common>
              <instance_material symbol="direk_009-material" target="#direk_009-material">
                <bind_vertex_input semantic="Örüntü_013-mesh-map-0" input_semantic="TEXCOORD" input_set="0"/>
              </instance_material>
            </technique_common>
          </bind_material>
        </instance_geometry>
      </node>
    </visual_scene>
  </library_visual_scenes>
  <scene>
    <instance_visual_scene url="#Scene"/>
  </scene>
</COLLADA>