<?xml version="1.0" encoding="utf-8"?>
<COLLADA xmlns="http://www.collada.org/2005/11/COLLADASchema" version="1.4.1" xmlns:xsi="http://www.w3.org/2001/XMLSchema-instance">
  <asset>
    <contributor>
      <author>Blender User</author>
      <authoring_tool>Blender 2.92.0 commit date:2021-02-24, commit time:16:25, hash:02948a2cab44</authoring_tool>
    </contributor>
    <created>2022-03-27T14:38:30</created>
    <modified>2022-03-27T14:38:30</modified>
    <unit name="meter" meter="1"/>
    <up_axis>Z_UP</up_axis>
  </asset>
  <library_effects>
    <effect id="uyarıbeyaz-effect">
      <profile_COMMON>
        <technique sid="common">
          <lambert>
            <emission>
              <color sid="emission">1 1 1 1</color>
            </emission>
            <diffuse>
              <color sid="diffuse">0.8 0.8 0.8 1</color>
            </diffuse>
            <index_of_refraction>
              <float sid="ior">1.45</float>
            </index_of_refraction>
          </lambert>
        </technique>
      </profile_COMMON>
    </effect>
    <effect id="Uyarıkırmızı-effect">
      <profile_COMMON>
        <technique sid="common">
          <lambert>
            <emission>
              <color sid="emission">1 0 0 1</color>
            </emission>
            <diffuse>
              <color sid="diffuse">1 0 0.00154603 1</color>
            </diffuse>
            <index_of_refraction>
              <float sid="ior">1.45</float>
            </index_of_refraction>
          </lambert>
        </technique>
      </profile_COMMON>
    </effect>
    <effect id="uyarımavi-effect">
      <profile_COMMON>
        <technique sid="common">
          <lambert>
            <emission>
              <color sid="emission">0 0.009999752 1 1</color>
            </emission>
            <diffuse>
              <color sid="diffuse">0 0.005914802 0.7037488 1</color>
            </diffuse>
            <index_of_refraction>
              <float sid="ior">1.45</float>
            </index_of_refraction>
          </lambert>
        </technique>
      </profile_COMMON>
    </effect>
    <effect id="direk_012-effect">
      <profile_COMMON>
        <technique sid="common">
          <lambert>
            <emission>
              <color sid="emission">0 0 0 1</color>
            </emission>
            <diffuse>
              <color sid="diffuse">0.5882353 0.5882353 0.7019608 1</color>
            </diffuse>
            <reflectivity>
              <float sid="specular">1</float>
            </reflectivity>
            <index_of_refraction>
              <float sid="ior">1.45</float>
            </index_of_refraction>
          </lambert>
        </technique>
      </profile_COMMON>
    </effect>
  </library_effects>
  <library_images/>
  <library_materials>
    <material id="uyarıbeyaz-material" name="uyarıbeyaz">
      <instance_effect url="#uyarıbeyaz-effect"/>
    </material>
    <material id="Uyarıkırmızı-material" name="Uyarıkırmızı">
      <instance_effect url="#Uyarıkırmızı-effect"/>
    </material>
    <material id="uyarımavi-material" name="uyarımavi">
      <instance_effect url="#uyarımavi-effect"/>
    </material>
    <material id="direk_012-material" name="direk.012">
      <instance_effect url="#direk_012-effect"/>
    </material>
  </library_materials>
  <library_geometries>
    <geometry id="Circle_012-mesh" name="Circle.012">
      <mesh>
        <source id="Circle_012-mesh-positions">
          <float_array id="Circle_012-mesh-positions-array" count="816">0 0.2251785 0 -0.02353751 0.223945 0 -0.04681724 0.2202579 0 -0.06958401 0.2141575 0 -0.09158837 0.2057109 0 -0.1125892 0.1950104 0 -0.1323566 0.1821733 0 -0.1506739 0.1673403 0 -0.1673403 0.1506739 0 -0.1821733 0.1323567 0 -0.1950104 0.1125892 0 -0.2057108 0.09158837 0 -0.2141575 0.06958401 0 -0.2202579 0.04681724 0 -0.223945 0.02353757 0 -0.2251785 0 0 -0.223945 -0.02353751 0 -0.2202579 -0.04681724 0 -0.2141575 -0.06958401 0 -0.2057108 -0.09158837 0 -0.1950104 -0.1125892 0 -0.1821733 -0.1323566 0 -0.1673403 -0.1506739 0 -0.1506739 -0.1673403 0 -0.1323566 -0.1821733 0 -0.1125892 -0.1950103 0 -0.09158831 -0.2057108 0 -0.06958401 -0.2141575 0 -0.04681724 -0.2202578 0 -0.02353757 -0.223945 0 0 -0.2251785 0 0.02353757 -0.223945 0 0.04681724 -0.2202578 0 0.06958401 -0.2141575 0 0.09158837 -0.2057108 0 0.1125892 -0.1950103 0 0.1323567 -0.1821733 0 0.1506739 -0.1673403 0 0.1673403 -0.1506738 0 0.1821733 -0.1323565 0 0.1950104 -0.1125892 0 0.2057108 -0.09158837 0 0.2141575 -0.06958401 0 0.2202579 -0.04681724 0 0.223945 -0.02353751 0 0.2251785 0 0 0.223945 0.02353751 0 0.2202579 0.04681718 0 0.2141575 0.06958401 0 0.2057108 0.09158837 0 0.1950104 0.1125892 0 0.1821733 0.1323566 0 0.1673402 0.1506739 0 0.1506739 0.1673403 0 0.1323567 0.1821733 0 0.1125893 0.1950104 0 0.09158831 0.2057109 0 0.06958401 0.2141575 0 0.04681724 0.2202579 0 0.02353757 0.223945 0 0 0.1705081 0.02504605 -0.01782298 0.169574 0.02504605 -0.03545057 0.1667821 0.02504605 -0.05268985 0.1621628 0.02504605 -0.06935185 0.1557669 0.02504605 -0.08525401 0.1476644 0.02504605 -0.1002221 0.1379439 0.02504605 -0.1140922 0.1267122 0.02504605 -0.1267122 0.1140922 0.02504605 -0.1379439 0.1002222 0.02504605 -0.1476643 0.08525407 0.02504605 -0.1557669 0.06935185 0.02504605 -0.1621628 0.05268985 0.02504605 -0.1667821 0.03545063 0.02504605 -0.169574 0.01782292 0.02504605 -0.1705081 0 0.02504605 -0.169574 -0.01782292 0.02504605 -0.1667821 -0.03545057 0.02504605 -0.1621628 -0.05268985 0.02504605 -0.1557669 -0.06935191 0.02504605 -0.1476643 -0.08525401 0.02504605 -0.1379439 -0.1002221 0.02504605 -0.1267122 -0.1140922 0.02504605 -0.1140922 -0.1267122 0.02504605 -0.1002221 -0.1379439 0.02504605 -0.08525401 -0.1476643 0.02504605 -0.06935185 -0.1557669 0.02504605 -0.0526899 -0.1621628 0.02504605 -0.03545057 -0.166782 0.02504605 -0.01782286 -0.169574 0.02504605 0 -0.1705081 0.02504605 0.01782286 -0.169574 0.02504605 0.03545063 -0.166782 0.02504605 0.0526899 -0.1621628 0.02504605 0.06935185 -0.1557669 0.02504605 0.08525407 -0.1476643 0.02504605 0.1002222 -0.1379439 0.02504605 0.1140922 -0.1267122 0.02504605 0.1267122 -0.1140922 0.02504605 0.1379439 -0.1002221 0.02504605 0.1476643 -0.08525401 0.02504605 0.1557669 -0.06935191 0.02504605 0.1621628 -0.05268985 0.02504605 0.1667821 -0.03545063 0.02504605 0.169574 -0.01782292 0.02504605 0.1705081 0 0.02504605 0.169574 0.01782292 0.02504605 0.1667821 0.03545057 0.02504605 0.1621628 0.0526899 0.02504605 0.1557669 0.06935191 0.02504605 0.1476643 0.08525401 0.02504605 0.1379439 0.1002221 0.02504605 0.1267122 0.1140922 0.02504605 0.1140922 0.1267122 0.02504605 0.1002221 0.1379439 0.02504605 0.08525413 0.1476643 0.02504605 0.06935185 0.1557669 0.02504605 0.0526899 0.1621628 0.02504605 0.03545057 0.1667821 0.02504605 0.01782298 0.169574 0.02504605 -0.02353751 0.223945 0.02504605 0 0.2251785 0.02504605 -0.04681724 0.2202579 0.02504605 -0.06958401 0.2141575 0.02504605 -0.09158837 0.2057109 0.02504605 -0.1125892 0.1950104 0.02504605 -0.1323566 0.1821733 0.02504605 -0.1506739 0.1673403 0.02504605 -0.1673403 0.1506739 0.02504605 -0.1821733 0.1323567 0.02504605 -0.1950104 0.1125892 0.02504605 -0.2057108 0.09158837 0.02504605 -0.2141575 0.06958401 0.02504605 -0.2202579 0.04681724 0.02504605 -0.223945 0.02353757 0.02504605 -0.2251785 0 0.02504605 -0.223945 -0.02353751 0.02504605 -0.2202579 -0.04681724 0.02504605 -0.2141575 -0.06958401 0.02504605 -0.2057108 -0.09158837 0.02504605 -0.1950104 -0.1125892 0.02504605 -0.1821733 -0.1323566 0.02504605 -0.1673403 -0.1506739 0.02504605 -0.1506739 -0.1673403 0.02504605 -0.1323566 -0.1821733 0.02504605 -0.1125892 -0.1950103 0.02504605 -0.09158831 -0.2057108 0.02504605 -0.06958401 -0.2141575 0.02504605 -0.04681724 -0.2202578 0.02504605 -0.02353757 -0.223945 0.02504605 0 -0.2251785 0.02504605 0.02353757 -0.223945 0.02504605 0.04681724 -0.2202578 0.02504605 0.06958401 -0.2141575 0.02504605 0.09158837 -0.2057108 0.02504605 0.1125892 -0.1950103 0.02504605 0.1323567 -0.1821733 0.02504605 0.1506739 -0.1673403 0.02504605 0.1673403 -0.1506738 0.02504605 0.1821733 -0.1323565 0.02504605 0.1950104 -0.1125892 0.02504605 0.2057108 -0.09158837 0.02504605 0.2141575 -0.06958401 0.02504605 0.2202579 -0.04681724 0.02504605 0.223945 -0.02353751 0.02504605 0.2251785 0 0.02504605 0.223945 0.02353751 0.02504605 0.2202579 0.04681718 0.02504605 0.2141575 0.06958401 0.02504605 0.2057108 0.09158837 0.02504605 0.1950104 0.1125892 0.02504605 0.1821733 0.1323566 0.02504605 0.1673402 0.1506739 0.02504605 0.1506739 0.1673403 0.02504605 0.1323567 0.1821733 0.02504605 0.1125893 0.1950104 0.02504605 0.09158831 0.2057109 0.02504605 0.06958401 0.2141575 0.02504605 0.04681724 0.2202579 0.02504605 0.02353757 0.223945 0.02504605 -0.02301359 0.2189599 0.02504605 0 0.2201659 0.02504605 -0.04577505 0.2153548 0.02504605 -0.068035 0.2093903 0.02504605 -0.08954954 0.2011316 0.02504605 -0.1100829 0.1906693 0.02504605 -0.1294103 0.178118 0.02504605 -0.1473197 0.1636152 0.02504605 -0.1636152 0.1473197 0.02504605 -0.178118 0.1294103 0.02504605 -0.1906693 0.1100829 0.02504605 -0.2011316 0.08954954 0.02504605 -0.2093903 0.068035 0.02504605 -0.2153548 0.04577505 0.02504605 -0.2189598 0.02301359 0.02504605 -0.2201659 0 0.02504605 -0.2189598 -0.02301359 0.02504605 -0.2153548 -0.04577505 0.02504605 -0.2093902 -0.068035 0.02504605 -0.2011316 -0.08954954 0.02504605 -0.1906693 -0.1100829 0.02504605 -0.178118 -0.1294102 0.02504605 -0.1636152 -0.1473197 0.02504605 -0.1473198 -0.1636152 0.02504605 -0.1294103 -0.1781179 0.02504605 -0.1100829 -0.1906692 0.02504605 -0.08954954 -0.2011316 0.02504605 -0.068035 -0.2093902 0.02504605 -0.04577505 -0.2153548 0.02504605 -0.02301359 -0.2189598 0.02504605 0 -0.220166 0.02504605 0.02301359 -0.2189598 0.02504605 0.04577505 -0.2153548 0.02504605 0.068035 -0.2093903 0.02504605 0.08954954 -0.2011316 0.02504605 0.1100829 -0.1906692 0.02504605 0.1294103 -0.1781179 0.02504605 0.1473197 -0.1636152 0.02504605 0.1636152 -0.1473197 0.02504605 0.178118 -0.1294102 0.02504605 0.1906693 -0.1100829 0.02504605 0.2011316 -0.08954954 0.02504605 0.2093902 -0.068035 0.02504605 0.2153548 -0.04577505 0.02504605 0.2189598 -0.02301353 0.02504605 0.2201659 0 0.02504605 0.2189598 0.02301359 0.02504605 0.2153548 0.04577499 0.02504605 0.2093902 0.06803506 0.02504605 0.2011316 0.08954954 0.02504605 0.1906693 0.1100829 0.02504605 0.178118 0.1294103 0.02504605 0.1636152 0.1473198 0.02504605 0.1473197 0.1636152 0.02504605 0.1294103 0.178118 0.02504605 0.110083 0.1906693 0.02504605 0.08954954 0.2011316 0.02504605 0.068035 0.2093903 0.02504605 0.04577505 0.2153548 0.02504605 0.02301365 0.2189599 0.02504605 -0.1885918 0.122473 0 -0.1885918 0.122473 0.02504605 -0.1843937 0.1197466 0.02504605 -0.1428041 0.09273809 0.02504605 -0.1918011 0.1175311 0 -0.1918011 0.1175311 0.02504605 -0.1875315 0.1149148 0.02504605 -0.1452342 0.08899611 0.02504605 -0.1590071 0.1590071 0 -0.1590071 0.1590071 0.02504605 -0.1554675 0.1554675 0.02504605 -0.1204022 0.1204022 0.02504605 -0.1548405 0.1631737 0 -0.1548405 0.1631737 0.02504605 -0.1513936 0.1595413 0.02504605 -0.1172472 0.1235572 0.02504605 0.1885918 -0.1224729 0 0.1885918 -0.1224729 0.02504605 0.1843937 -0.1197466 0.02504605 0.1428042 -0.09273803 0.02504605 0.1853826 -0.1274147 0 0.1853826 -0.1274147 0.02504605 0.1812558 -0.1245784 0.02504605 0.1403741 -0.09648007 0.02504605 0.1415153 -0.1747568 0 0.1415153 -0.1747568 0.02504605 0.138365 -0.1708666 0.02504605 0.1071572 -0.132328 0.02504605 0.1460946 -0.1710485 0 0.1460946 -0.1710485 0.02504605 0.1428424 -0.1672409 0.02504605 0.1106247 -0.1295201 0.02504605</float_array>
          <technique_common>
            <accessor source="#Circle_012-mesh-positions-array" count="272" stride="3">
              <param name="X" type="float"/>
              <param name="Y" type="float"/>
              <param name="Z" type="float"/>
            </accessor>
          </technique_common>
        </source>
        <source id="Circle_012-mesh-normals">
          <float_array id="Circle_012-mesh-normals-array" count="828">0.5446395 0.8386703 0 -0.1564353 -0.9876883 0 -0.2588201 0.9659256 0 0.4539899 0.8910068 0 -0.05233699 -0.9986296 0 -0.3583676 0.9335807 0 0.3583678 0.9335805 0 0.05233705 -0.9986295 0 -0.4539915 0.8910061 0 0.2588185 0.9659261 0 0.1564351 -0.9876883 0 -0.5446391 0.8386706 0 0.1564354 0.9876882 0 0.2588173 -0.9659264 0 -0.6293197 0.7771465 0 0.05233502 0.9986296 0 0.3583695 -0.9335799 0 -0.7071078 0.7071059 0 0.4539908 -0.8910064 0 -0.7771463 0.6293199 0 0.544638 -0.8386713 0 -0.8386719 0.5446372 0 0.6293213 -0.7771453 0 -0.8910067 0.4539901 0 0.7071064 -0.7071073 0 -0.9335802 0.3583686 0 0.7771471 -0.629319 0 -0.9659259 0.2588189 0 0.8386691 -0.5446413 0 -0.9876882 0.1564356 0 0.8910067 -0.4539902 0 -0.9986296 0.05233609 0 0.9335808 -0.3583673 0 -0.9986295 -0.05233609 0 0.9659255 -0.2588206 0 -0.9876887 -0.1564326 0 0.9876887 -0.156432 0 -0.9659255 -0.2588203 0 0.9986296 -0.05233615 0 -0.9335808 -0.3583669 0 0.9986296 0.05233615 0 -0.8910067 -0.4539901 0 0.9876882 0.1564358 0 -0.8386704 -0.5446395 0 0.9659257 0.2588195 0 -0.7771465 -0.6293199 0 0.9335808 0.3583674 0 -0.7071069 -0.7071067 0 0.8910067 0.4539905 0 -0.6293197 -0.7771465 0 0.8386706 0.5446391 0 -0.5446395 -0.8386703 0 0.7771461 0.6293203 0 -0.4539909 -0.8910064 0 0.7071073 0.7071063 0 -0.3583683 -0.9335803 0 -0.05233514 0.9986296 0 0.6293202 0.7771463 0 -0.258818 -0.9659261 0 -0.1564333 0.9876886 0 0 0 -1 0 0 1 0 0 1 1.26145e-7 0 1 0 0 1 1.26145e-7 0 1 5.0458e-7 0 1 5.04582e-7 0 1 -2.52291e-7 0 1 5.67651e-7 0 1 -7.56873e-7 0 1 -5.04581e-7 0 1 -1.00916e-6 0 1 -5.04581e-7 0 1 -1.00916e-6 0 1 -5.67653e-7 0 1 1.00916e-6 0 1 1.26145e-7 0 1 5.04584e-7 0 1 2.5229e-7 0 1 2.52289e-7 0 1 -1.57682e-7 0 1 2.52291e-7 0 1 2.52291e-7 0 1 -1.26145e-7 0 1 -5.04586e-7 0 1 -5.04578e-7 0 1 -5.0458e-7 0 1 -2.5229e-7 0 1 4.41509e-7 0 1 1.00916e-6 0 1 3.15362e-7 0 1 1.00916e-6 0 1 5.04582e-7 0 1 -4.41507e-7 0 1 8.83017e-7 0 1 1.26145e-7 0 1 -5.04584e-7 0 1 -3.78432e-7 0 1 -2.52289e-7 0 1 0 0 1 0 0 1 0 0 1 1.31535e-7 0 1 -1.97304e-7 0 1 -3.28838e-7 0 1 0 0 1 0 0 1 0 0 1 0 0 1 0 0 1 0 0 1 0 0 1 0 0 1 2.6307e-7 0 1 -1.47977e-7 0 1 -1.23315e-7 0 1 2.6307e-7 0 1 0 0 1 0 0 1 0 0 1 1.97303e-7 0 1 1.31535e-7 0 1 1.97303e-7 0 1 0 0 1 0 0 1 0 0 1 0 0 1 0 0 1 -1.31535e-7 0 1 0 0 1 0 0 1 0 0 1 -2.63071e-7 0 1 1.47978e-7 0 1 -0.8386731 0.5446351 0 -0.8386707 0.5446391 0 3.28838e-7 0 1 5.04581e-7 0 1 -0.7071049 0.7071087 0 -0.7071081 0.7071055 0 -5.26143e-7 0 1 0.838668 -0.544643 0 -5.04582e-7 0 1 0.8386698 -0.5446402 0 -2.52292e-7 0 1 0.6293205 -0.7771459 0 0.6293221 -0.7771447 0 -4.60374e-7 0 1 6.17991e-7 0 1 -1.66892e-7 0 1 0.358368 0.9335804 0 -0.4539912 0.8910062 0 0.156435 -0.9876883 0 -0.5446388 0.8386707 0 0.1564354 0.9876883 0 0.2588172 -0.9659263 0 0.05233502 0.9986296 0 0.5446377 -0.8386715 0 -0.8386704 0.5446393 0 0.6293197 -0.7771465 0 0.7071076 -0.7071061 0 -0.9335798 0.35837 0 -0.9659264 0.2588174 0 -0.9876887 0.1564325 0 -0.9986295 0.05233609 0 -0.9986296 -0.05233609 0 -0.9876883 -0.1564356 0 0.9876883 -0.1564351 0 0.9986295 -0.05233615 0 0.9986295 0.05233615 0 0.9876887 0.1564327 0 -0.8386697 -0.5446406 0 -0.7771471 -0.629319 0 -0.7071065 -0.7071071 0 -0.629319 -0.7771471 0 0.8386698 0.5446402 0 -0.5446391 -0.8386706 0 0.7771469 0.6293193 0 -0.358368 -0.9335804 0 -0.05233514 0.9986296 0 -0.2588178 -0.9659262 0 8.74114e-7 0 1 0 0 1 -6.99301e-6 0 1 1.753e-6 0 1 1.14373e-6 0 1 -8.02327e-7 0 1 5.96566e-7 0 1 -4.63113e-7 0 1 8.74101e-7 0 1 -3.2777e-7 0 1 0 0 1 -2.46675e-7 0 1 1.23337e-7 0 1 -2.46674e-7 0 1 4.93347e-7 0 1 -4.3168e-7 0 1 9.86697e-7 0 1 0 0 1 1.54172e-7 0 1 1.23337e-7 0 1 9.86699e-7 0 1 1.23336e-7 0 1 -1.23338e-7 0 1 1.23336e-7 0 1 -1.23337e-7 0 1 2.46675e-7 0 1 0 0 1 -1.23337e-7 0 1 -1.23338e-7 0 1 2.46673e-7 0 1 2.46675e-7 0 1 1.23337e-7 0 1 1.54172e-7 0 1 0 0 1 -1.54172e-7 0 1 -1.23337e-7 0 1 -9.86697e-7 0 1 2.46675e-7 0 1 4.93348e-7 0 1 1.23337e-7 0 1 -2.46676e-7 0 1 0 0 1 -2.03736e-7 0 1 0 0 1 0 0 1 0 0 1 2.03736e-7 0 1 0 0 1 0 0 1 0 0 1 0 0 1 0 0 1 0 0 1 0 0 1 2.03736e-7 0 1 0 0 1 0 0 1 0 0 1 2.03736e-7 0 1 -4.07474e-7 0 1 0 0 1 0 0 1 0 0 1 0 0 1 0 0 1 0 0 1 0 0 1 -2.03736e-7 0 1 0 0 1 -0.8386702 0.5446396 0 -0.8386678 0.5446435 0 -4.9335e-7 0 1 2.03735e-7 0 1 -0.7071065 0.7071071 0 2.03736e-7 0 1 2.03736e-7 0 1 0.8386709 -0.5446385 0 -2.03737e-7 0 1 0.8386728 -0.5446357 0 0 0 1 0.6293221 -0.7771446 0 0.6293205 -0.7771459 0 4.07471e-7 0 1 -6.40825e-7 0 1 4.81484e-7 0 1 -6.28297e-7 0 1 4.92074e-7 0 1 -2.33525e-6 0 1 1.0108e-6 0 1 -8.74077e-7 0 1 -8.76498e-7 0 1 1.74818e-6 0 1 0 0 1 0 0 1</float_array>
          <technique_common>
            <accessor source="#Circle_012-mesh-normals-array" count="276" stride="3">
              <param name="X" type="float"/>
              <param name="Y" type="float"/>
              <param name="Z" type="float"/>
            </accessor>
          </technique_common>
        </source>
        <source id="Circle_012-mesh-map-0">
          <float_array id="Circle_012-mesh-map-0-array" count="3240">0 0 0 0 0 0 0 0 0 0 0 0 0 0 0 0 0 0 0 0 0 0 0 0 0 0 0 0 0 0 0 0 0 0 0 0 0 0 0 0 0 0 0 0 0 0 0 0 0 0 0 0 0 0 0 0 0 0 0 0 0 0 0 0 0 0 0 0 0 0 0 0 0 0 0 0 0 0 0 0 0 0 0 0 0 0 0 0 0 0 0 0 0 0 0 0 0 0 0 0 0 0 0 0 0 0 0 0 0 0 0 0 0 0 0 0 0 0 0 0 0 0 0 0 0 0 0 0 0 0 0 0 0 0 0 0 0 0 0 0 0 0 0 0 0 0 0 0 0 0 0 0 0 0 0 0 0 0 0 0 0 0 0 0 0 0 0 0 0 0 0 0 0 0 0 0 0 0 0 0 0 0 0 0 0 0 0 0 0 0 0 0 0 0 0 0 0 0 0 0 0 0 0 0 0 0 0 0 0 0 0 0 0 0 0 0 0 0 0 0 0 0 0 0 0 0 0 0 0 0 0 0 0 0 0 0 0 0 0 0 0 0 0 0 0 0 0 0 0 0 0 0 0 0 0 0 0 0 0 0 0 0 0 0 0 0 0 0 0 0 0 0 0 0 0 0 0 0 0 0 0 0 0 0 0 0 0 0 0 0 0 0 0 0 0 0 0 0 0 0 0 0 0 0 0 0 0 0 0 0 0 0 0 0 0 0 0 0 0 0 0 0 0 0 0 0 0 0 0 0 0 0 0 0 0 0 0 0 0 0 0 0 0 0 0 0 0 0 0 0 0 0 0 0 0 0 0 0 0 0 0 0 0 0 0 0 0.7468832 0.6527613 0.7651966 0.5837882 0.3198233 0.7427273 0.8470365 0.6099744 0.8459948 0.561061 0.8395326 0.6075736 0.8536458 0.5624032 0.8487749 0.513904 0.8459948 0.561061 0.8487749 0.513904 0.8555358 0.4658089 0.8478428 0.4666171 0.8478428 0.4666171 0.8507962 0.4178433 0.8432088 0.4197192 0.8432088 0.4197192 0.8423222 0.3708005 0.8349235 0.3737237 0.8423222 0.3708005 0.8230777 0.3291352 0.8349235 0.3737237 0.8302069 0.3251969 0.8078011 0.2864412 0.8230777 0.3291352 0.8051015 0.2609066 0.7892615 0.2461109 0.7985314 0.2662761 0.7892615 0.2461109 0.7735282 0.2019018 0.7676609 0.208585 0.754794 0.1755847 0.7432379 0.1742763 0.7493435 0.1828535 0.7432379 0.1742763 0.720956 0.1353955 0.7162588 0.1435589 0.720956 0.1353955 0.6870191 0.1167699 0.7162588 0.1435589 0.6870191 0.1167699 0.6591606 0.08491522 0.6558392 0.09420239 0.6558392 0.09420239 0.6256363 0.06640529 0.623061 0.07610446 0.6256363 0.06640529 0.5890434 0.06267368 0.623061 0.07610446 0.5890434 0.06267368 0.5551661 0.04385668 0.5541595 0.05405777 0.5551661 0.04385668 0.5187914 0.0503509 0.5541595 0.05405777 0.5187914 0.0503509 0.48272 0.04133635 0.4833263 0.0515936 0.48272 0.04133635 0.4481531 0.05777227 0.4833263 0.0515936 0.4481531 0.05777227 0.4114645 0.05895406 0.4136569 0.06881916 0.4136569 0.06881916 0.3772618 0.07510793 0.3802155 0.08461338 0.3772618 0.07510793 0.348195 0.1049822 0.3802155 0.08461338 0.3445121 0.09594064 0.3179479 0.1297012 0.348195 0.1049822 0.3179479 0.1297012 0.2847912 0.1506783 0.2898034 0.1585015 0.2898034 0.1585015 0.2584733 0.1839841 0.2640713 0.1910659 0.2584733 0.1839841 0.2410327 0.227039 0.2640713 0.1910659 0.2349101 0.2207762 0.2209409 0.266025 0.2410327 0.227039 0.2209409 0.266025 0.1970498 0.30317 0.2040152 0.3075986 0.1970498 0.30317 0.1904415 0.3513031 0.2040152 0.3075986 0.1831671 0.3478695 0.1803686 0.3966594 0.1904415 0.3513031 0.1803686 0.3966594 0.166256 0.4418285 0.1739068 0.4431706 0.1739068 0.4431706 0.1634123 0.4900605 0.1711266 0.490329 0.1634123 0.4900605 0.1720585 0.5376169 0.1711266 0.490329 0.1720585 0.5376169 0.1691051 0.58639 0.1766926 0.5845142 0.1691051 0.58639 0.1849779 0.6305092 0.1766926 0.5845142 0.1775791 0.6334324 0.1968235 0.6750974 0.1849779 0.6305092 0.2014123 0.711784 0.2120996 0.71779 0.2082806 0.7071169 0.2053182 0.7227001 0.2306398 0.7581213 0.2120996 0.71779 0.2306398 0.7581213 0.2463726 0.8023301 0.25224 0.7956471 0.2588624 0.8198755 0.2766636 0.8299566 0.2644518 0.8128018 0.2713522 0.8374208 0.3036426 0.8606739 0.2766636 0.8299566 0.3036426 0.8606739 0.3288509 0.8962364 0.3328822 0.887463 0.3288509 0.8962364 0.3640609 0.9100298 0.3328822 0.887463 0.3640609 0.9100298 0.3942649 0.9378277 0.3968401 0.9281286 0.3942649 0.9378277 0.4308578 0.941559 0.3968401 0.9281286 0.4308578 0.941559 0.4647353 0.9603763 0.4657418 0.9501751 0.4647353 0.9603763 0.5011109 0.9538822 0.4657418 0.9501751 0.5011109 0.9538822 0.537182 0.9628967 0.536576 0.9526396 0.537182 0.9628967 0.5717493 0.9464609 0.536576 0.9526396 0.5717493 0.9464609 0.6084375 0.9452788 0.6062451 0.9354137 0.6084375 0.9452788 0.6396867 0.9196193 0.6062451 0.9354137 0.6426406 0.9291246 0.6717069 0.8992505 0.6396867 0.9196193 0.6717069 0.8992505 0.7063267 0.8830091 0.701955 0.8745302 0.701955 0.8745302 0.7351107 0.8535544 0.7300984 0.845731 0.7351107 0.8535544 0.7558306 0.8131666 0.7300984 0.845731 0.7558306 0.8131666 0.7849912 0.7834572 0.7788684 0.7771944 0.7849912 0.7834572 0.7989605 0.7382082 0.7788684 0.7771944 0.7989605 0.7382082 0.8228517 0.7010629 0.8158861 0.6966344 0.8228517 0.7010629 0.8294597 0.6529307 0.8158861 0.6966344 0.8294597 0.6529307 0.8470365 0.6099744 0.8395326 0.6075736 0.8395326 0.6075736 0.7702009 0.5477667 0.7651966 0.5837882 0.8459948 0.561061 0.772354 0.5112453 0.7702009 0.5477667 0.772354 0.5112453 0.8478428 0.4666171 0.7716321 0.4746239 0.8478428 0.4666171 0.7680433 0.4383035 0.7716321 0.4746239 0.7680433 0.4383035 0.8349235 0.3737237 0.7616267 0.4026823 0.7616267 0.4026823 0.8230777 0.3291352 0.7524528 0.3681505 0.8230777 0.3291352 0.7406219 0.3350865 0.7524528 0.3681505 0.7985314 0.2662761 0.7262636 0.3038524 0.7334427 0.3194695 0.7262636 0.3038524 0.7676609 0.208585 0.7095355 0.2747908 0.7493435 0.1828535 0.6906207 0.2482197 0.6953494 0.2548625 0.6906207 0.2482197 0.7162588 0.1435589 0.6697264 0.2244305 0.7162588 0.1435589 0.6470817 0.2036835 0.6697264 0.2244305 0.6470817 0.2036835 0.6558392 0.09420239 0.6229345 0.1862063 0.6229345 0.1862063 0.623061 0.07610446 0.5975492 0.1721902 0.623061 0.07610446 0.5712043 0.1617888 0.5975492 0.1721902 0.5712043 0.1617888 0.5541595 0.05405777 0.5441885 0.1551162 0.5541595 0.05405777 0.5167976 0.1522454 0.5441885 0.1551162 0.5167976 0.1522454 0.4833263 0.0515936 0.4893314 0.1532077 0.4833263 0.0515936 0.4620913 0.1579928 0.4893314 0.1532077 0.4481531 0.05777227 0.4353755 0.1665482 0.4620913 0.1579928 0.4353755 0.1665482 0.3802155 0.08461338 0.4094768 0.1787801 0.3802155 0.08461338 0.3846788 0.1945546 0.4094768 0.1787801 0.348195 0.1049822 0.3612534 0.2136987 0.3846788 0.1945546 0.3612534 0.2136987 0.2898034 0.1585015 0.339457 0.2360029 0.2898034 0.1585015 0.3195286 0.2612228 0.339457 0.2360029 0.3195286 0.2612228 0.2410327 0.227039 0.3016865 0.2890819 0.2410327 0.227039 0.2861263 0.319275 0.3016865 0.2890819 0.2861263 0.319275 0.2040152 0.3075986 0.2730183 0.3514716 0.2040152 0.3075986 0.2625061 0.3853184 0.2730183 0.3514716 0.1904415 0.3513031 0.254705 0.4204448 0.2625061 0.3853184 0.254705 0.4204448 0.1739068 0.4431706 0.2497006 0.4564661 0.2497006 0.4564661 0.1711266 0.490329 0.2475474 0.4929877 0.1711266 0.490329 0.2482692 0.5296091 0.2475474 0.4929877 0.2482692 0.5296091 0.1766926 0.5845142 0.2518581 0.5659294 0.2518581 0.5659294 0.1849779 0.6305092 0.2582746 0.6015505 0.1849779 0.6305092 0.2674486 0.6360824 0.2582746 0.6015505 0.2082806 0.7071169 0.2792794 0.6691458 0.2763217 0.6608799 0.2120996 0.71779 0.2936376 0.7003798 0.2792794 0.6691458 0.2936376 0.7003798 0.25224 0.7956471 0.3103659 0.7294417 0.2644518 0.8128018 0.3292806 0.7560128 0.3198233 0.7427273 0.2766636 0.8299566 0.3501748 0.7798022 0.3292806 0.7560128 0.3501748 0.7798022 0.3328822 0.887463 0.3728196 0.8005492 0.3328822 0.887463 0.3969667 0.8180263 0.3728196 0.8005492 0.3969667 0.8180263 0.3968401 0.9281286 0.4223519 0.8320425 0.3968401 0.9281286 0.4486969 0.8424438 0.4223519 0.8320425 0.4486969 0.8424438 0.4657418 0.9501751 0.4757131 0.8491165 0.4657418 0.9501751 0.5031042 0.8519875 0.4757131 0.8491165 0.5031042 0.8519875 0.536576 0.9526396 0.5305705 0.8510249 0.536576 0.9526396 0.5578106 0.8462399 0.5305705 0.8510249 0.5717493 0.9464609 0.5845263 0.8376846 0.5578106 0.8462399 0.5845263 0.8376846 0.6396867 0.9196193 0.610425 0.8254524 0.6396867 0.9196193 0.6352231 0.8096781 0.610425 0.8254524 0.6352231 0.8096781 0.701955 0.8745302 0.6586484 0.7905338 0.6586484 0.7905338 0.7300984 0.845731 0.6804449 0.7682298 0.7300984 0.845731 0.7003728 0.74301 0.6804449 0.7682298 0.7003728 0.74301 0.7788684 0.7771944 0.7182151 0.715151 0.7788684 0.7771944 0.7337753 0.6849578 0.7182151 0.715151 0.7337753 0.6849578 0.8158861 0.6966344 0.7468832 0.6527613 0.8158861 0.6966344 0.757395 0.6189146 0.7468832 0.6527613 0.757395 0.6189146 0.8395326 0.6075736 0.7651966 0.5837882 0.7095355 0.2747908 0.7554494 0.1914306 0.7000781 0.2615053 0.7676609 0.208585 0.7610388 0.1843571 0.7554494 0.1914306 0 0 0 0 0 0 0 0 0 0 0 0 0.7554494 0.1914306 0.6953494 0.2548625 0.7000781 0.2615053 0.7610388 0.1843571 0.7493435 0.1828535 0.7554494 0.1914306 0.7370323 0.327278 0.7985314 0.2662761 0.7334427 0.3194695 0.8031663 0.2763586 0.8051015 0.2609066 0.7985314 0.2662761 0 0 0 0 0 0 0.8078011 0.2864412 0.8098419 0.2712186 0.8031663 0.2763586 0.7406219 0.3350865 0.8031663 0.2763586 0.7370323 0.327278 0 0 0 0 0 0 0.3150946 0.7360845 0.2644518 0.8128018 0.3198233 0.7427273 0.2583459 0.8042245 0.2588624 0.8198755 0.2644518 0.8128018 0 0 0 0 0 0 0.25224 0.7956471 0.2526175 0.8111028 0.2583459 0.8042245 0.3103659 0.7294417 0.2583459 0.8042245 0.3150946 0.7360845 0 0 0 0 0 0 0.2674486 0.6360824 0.2044615 0.6964436 0.273364 0.652614 0.1968235 0.6750974 0.1975063 0.7008679 0.2044615 0.6964436 0 0 0 0 0 0 0 0 0 0 0 0 0.2044615 0.6964436 0.2763217 0.6608799 0.273364 0.652614 0.1975063 0.7008679 0.2082806 0.7071169 0.2044615 0.6964436 0.7370323 0.327278 0.3150946 0.7360845 0.7406219 0.3350865 0.3103659 0.7294417 0.7334427 0.3194695 0.2763217 0.6608799 0.7000781 0.2615053 0.273364 0.652614 0.2763217 0.6608799 0.339457 0.2360029 0.3016865 0.2890819 0.273364 0.652614 0 0 0 0 0 0 0 0 0 0 0 0 0 0 0 0 0 0 0 0 0 0 0 0 0 0 0 0 0 0 0 0 0 0 0 0 0 0 0 0 0 0 0 0 0 0 0 0 0 0 0 0 0 0 0 0 0 0 0 0 0 0 0 0 0 0 0 0 0 0 0 0 0 0 0 0 0 0 0 0 0 0 0 0 0 0 0 0 0 0 0 0 0 0 0 0 0 0 0 0 0 0 0 0 0 0 0 0 0 0 0 0 0 0 0 0 0 0 0 0 0 0 0 0 0 0 0 0 0 0 0 0 0 0 0 0 0 0 0 0 0 0 0 0 0 0 0 0 0 0 0 0 0 0 0 0 0 0 0 0 0 0 0 0 0 0 0 0 0 0 0 0 0 0 0 0 0 0 0 0 0 0 0 0 0 0 0 0 0 0 0 0 0 0 0 0 0 0 0 0 0 0 0 0 0 0 0 0 0 0 0 0 0 0 0 0 0 0 0 0 0 0 0 0 0 0 0 0 0 0 0 0 0 0 0 0 0 0 0 0 0 0 0 0 0 0 0 0 0 0 0 0 0 0 0 0 0 0 0 0 0 0 0 0 0 0 0 0 0 0 0 0 0 0 0 0 0 0 0 0 0 0 0 0 0 0 0 0 0 0 0 0 0 0 0 0 0 0 0 0 0 0 0 0 0 0 0 0 0 0 0 0 0 0 0 0 0 0 0 0 0 0 0 0 0 0 0 0 0 0 0 0 0 0 0 0 0 0 0 0 0 0 0 0 0 0 0 0 0 0 0 0 0 0 0 0 0 0 0 0 0 0 0 0 0 0 0 0 0 0 0 0 0 0 0 0 0 0 0 0 0 0 0 0 0 0 0 0 0 0 0 0 0 0 0 0 0 0 0 0 0 0 0 0 0 0 0 0 0 0 0 0 0 0 0 0 0 0 0 0 0 0 0 0 0 0 0 0 0 0 0 0 0 0 0 0 0 0 0 0 0 0 0 0 0 0 0 0 0 0 0 0 0 0 0 0 0 0 0 0 0 0 0 0 0 0 0 0 0 0 0 0 0 0 0 0 0 0 0 0 0 0 0 0 0 0 0 0 0 0 0 0 0 0 0 0 0 0 0 0 0 0 0 0 0 0 0 0 0 0 0 0 0 0 0 0 0 0 0 0 0 0 0 0 0 0 0 0 0 0 0 0 0 0 0 0 0 0 0 0 0 0 0 0 0 0 0 0 0 0 0 0 0 0 0 0 0 0 0 0 0 0 0 0 0 0 0 0 0 0 0 0 0 0 0 0 0 0 0 0 0 0 0 0 0 0 0 0 0 0 0 0 0 0 0 0 0 0 0 0 0 0 0 0 0 0 0 0 0 0 0 0 0 0 0 0 0 0 0 0 0 0 0 0 0 0 0 0 0 0 0 0 0 0 0 0 0 0 0 0 0 0 0 0 0 0 0 0 0 0 0 0 0 0 0 0 0 0 0 0 0 0 0 0 0 0 0 0 0 0 0 0 0 0 0 0 0 0 0 0 0 0 0 0 0 0 0 0 0 0 0 0 0 0 0 0 0 0 0 0 0 0 0 0 0 0 0 0 0 0 0 0 0 0 0 0 0 0 0 0 0 0 0 0 0 0 0 0 0 0 0 0 0 0 0 0 0 0 0 0 0 0 0 0 0 0 0 0 0 0 0.7651966 0.5837882 0.7702009 0.5477667 0.772354 0.5112453 0.772354 0.5112453 0.7716321 0.4746239 0.7680433 0.4383035 0.7680433 0.4383035 0.7616267 0.4026823 0.7524528 0.3681505 0.7524528 0.3681505 0.7406219 0.3350865 0.3198233 0.7427273 0.7406219 0.3350865 0.3150946 0.7360845 0.3198233 0.7427273 0.3198233 0.7427273 0.3292806 0.7560128 0.3501748 0.7798022 0.3728196 0.8005492 0.3198233 0.7427273 0.3501748 0.7798022 0.3728196 0.8005492 0.3969667 0.8180263 0.3198233 0.7427273 0.3969667 0.8180263 0.4223519 0.8320425 0.3198233 0.7427273 0.4223519 0.8320425 0.4486969 0.8424438 0.3198233 0.7427273 0.4486969 0.8424438 0.4757131 0.8491165 0.3198233 0.7427273 0.4757131 0.8491165 0.5031042 0.8519875 0.3198233 0.7427273 0.5031042 0.8519875 0.5305705 0.8510249 0.3198233 0.7427273 0.5305705 0.8510249 0.5578106 0.8462399 0.3198233 0.7427273 0.5578106 0.8462399 0.5845263 0.8376846 0.3198233 0.7427273 0.5845263 0.8376846 0.610425 0.8254524 0.6352231 0.8096781 0.6352231 0.8096781 0.6586484 0.7905338 0.6804449 0.7682298 0.6804449 0.7682298 0.7003728 0.74301 0.7182151 0.715151 0.7182151 0.715151 0.7337753 0.6849578 0.7468832 0.6527613 0.7468832 0.6527613 0.757395 0.6189146 0.7651966 0.5837882 0.7651966 0.5837882 0.772354 0.5112453 0.3198233 0.7427273 0.772354 0.5112453 0.7680433 0.4383035 0.3198233 0.7427273 0.7680433 0.4383035 0.7524528 0.3681505 0.3198233 0.7427273 0.5845263 0.8376846 0.6352231 0.8096781 0.3198233 0.7427273 0.6352231 0.8096781 0.6804449 0.7682298 0.3198233 0.7427273 0.6804449 0.7682298 0.7182151 0.715151 0.3198233 0.7427273 0.7182151 0.715151 0.7468832 0.6527613 0.3198233 0.7427273 0.8470365 0.6099744 0.8536458 0.5624032 0.8459948 0.561061 0.8536458 0.5624032 0.8564891 0.5141724 0.8487749 0.513904 0.8487749 0.513904 0.8564891 0.5141724 0.8555358 0.4658089 0.8478428 0.4666171 0.8555358 0.4658089 0.8507962 0.4178433 0.8432088 0.4197192 0.8507962 0.4178433 0.8423222 0.3708005 0.8423222 0.3708005 0.8302069 0.3251969 0.8230777 0.3291352 0.8302069 0.3251969 0.8145824 0.2815306 0.8078011 0.2864412 0.8051015 0.2609066 0.7956206 0.2402825 0.7892615 0.2461109 0.7892615 0.2461109 0.7956206 0.2402825 0.7735282 0.2019018 0.754794 0.1755847 0.7485493 0.1668123 0.7432379 0.1742763 0.7432379 0.1742763 0.7485493 0.1668123 0.720956 0.1353955 0.720956 0.1353955 0.6910504 0.1079965 0.6870191 0.1167699 0.6870191 0.1167699 0.6910504 0.1079965 0.6591606 0.08491522 0.6558392 0.09420239 0.6591606 0.08491522 0.6256363 0.06640529 0.6256363 0.06640529 0.5908442 0.05266869 0.5890434 0.06267368 0.5890434 0.06267368 0.5908442 0.05266869 0.5551661 0.04385668 0.5551661 0.04385668 0.5189927 0.04006534 0.5187914 0.0503509 0.5187914 0.0503509 0.5189927 0.04006534 0.48272 0.04133635 0.48272 0.04133635 0.4467461 0.0476557 0.4481531 0.05777227 0.4481531 0.05777227 0.4467461 0.0476557 0.4114645 0.05895406 0.4136569 0.06881916 0.4114645 0.05895406 0.3772618 0.07510793 0.3772618 0.07510793 0.3445121 0.09594064 0.348195 0.1049822 0.3445121 0.09594064 0.3135766 0.1212221 0.3179479 0.1297012 0.3179479 0.1297012 0.3135766 0.1212221 0.2847912 0.1506783 0.2898034 0.1585015 0.2847912 0.1506783 0.2584733 0.1839841 0.2584733 0.1839841 0.2349101 0.2207762 0.2410327 0.227039 0.2349101 0.2207762 0.2143609 0.2606498 0.2209409 0.266025 0.2209409 0.266025 0.2143609 0.2606498 0.1970498 0.30317 0.1970498 0.30317 0.1831671 0.3478695 0.1904415 0.3513031 0.1831671 0.3478695 0.1728649 0.3942585 0.1803686 0.3966594 0.1803686 0.3966594 0.1728649 0.3942585 0.166256 0.4418285 0.1739068 0.4431706 0.166256 0.4418285 0.1634123 0.4900605 0.1634123 0.4900605 0.1643655 0.5384253 0.1720585 0.5376169 0.1720585 0.5376169 0.1643655 0.5384253 0.1691051 0.58639 0.1691051 0.58639 0.1775791 0.6334324 0.1849779 0.6305092 0.1775791 0.6334324 0.1896944 0.6790357 0.1968235 0.6750974 0.2014123 0.711784 0.2053182 0.7227001 0.2120996 0.71779 0.2053182 0.7227001 0.2242807 0.76395 0.2306398 0.7581213 0.2306398 0.7581213 0.2242807 0.76395 0.2463726 0.8023301 0.2588624 0.8198755 0.2713522 0.8374208 0.2766636 0.8299566 0.2713522 0.8374208 0.2989454 0.8688373 0.3036426 0.8606739 0.3036426 0.8606739 0.2989454 0.8688373 0.3288509 0.8962364 0.3288509 0.8962364 0.3607391 0.9193167 0.3640609 0.9100298 0.3640609 0.9100298 0.3607391 0.9193167 0.3942649 0.9378277 0.3942649 0.9378277 0.4290569 0.9515642 0.4308578 0.941559 0.4308578 0.941559 0.4290569 0.9515642 0.4647353 0.9603763 0.4647353 0.9603763 0.5009099 0.9641677 0.5011109 0.9538822 0.5011109 0.9538822 0.5009099 0.9641677 0.537182 0.9628967 0.537182 0.9628967 0.5731562 0.9565772 0.5717493 0.9464609 0.5717493 0.9464609 0.5731562 0.9565772 0.6084375 0.9452788 0.6084375 0.9452788 0.6426406 0.9291246 0.6396867 0.9196193 0.6426406 0.9291246 0.6753897 0.9082922 0.6717069 0.8992505 0.6717069 0.8992505 0.6753897 0.9082922 0.7063267 0.8830091 0.701955 0.8745302 0.7063267 0.8830091 0.7351107 0.8535544 0.7351107 0.8535544 0.7614287 0.8202484 0.7558306 0.8131666 0.7558306 0.8131666 0.7614287 0.8202484 0.7849912 0.7834572 0.7849912 0.7834572 0.8055403 0.7435838 0.7989605 0.7382082 0.7989605 0.7382082 0.8055403 0.7435838 0.8228517 0.7010629 0.8228517 0.7010629 0.8367341 0.6563647 0.8294597 0.6529307 0.8294597 0.6529307 0.8367341 0.6563647 0.8470365 0.6099744 0.8395326 0.6075736 0.8459948 0.561061 0.7702009 0.5477667 0.8459948 0.561061 0.8487749 0.513904 0.772354 0.5112453 0.772354 0.5112453 0.8487749 0.513904 0.8478428 0.4666171 0.8478428 0.4666171 0.8432088 0.4197192 0.7680433 0.4383035 0.7680433 0.4383035 0.8432088 0.4197192 0.8349235 0.3737237 0.7616267 0.4026823 0.8349235 0.3737237 0.8230777 0.3291352 0.8230777 0.3291352 0.8078011 0.2864412 0.7406219 0.3350865 0.7985314 0.2662761 0.7892615 0.2461109 0.7262636 0.3038524 0.7262636 0.3038524 0.7892615 0.2461109 0.7676609 0.208585 0.7493435 0.1828535 0.7432379 0.1742763 0.6906207 0.2482197 0.6906207 0.2482197 0.7432379 0.1742763 0.7162588 0.1435589 0.7162588 0.1435589 0.6870191 0.1167699 0.6470817 0.2036835 0.6470817 0.2036835 0.6870191 0.1167699 0.6558392 0.09420239 0.6229345 0.1862063 0.6558392 0.09420239 0.623061 0.07610446 0.623061 0.07610446 0.5890434 0.06267368 0.5712043 0.1617888 0.5712043 0.1617888 0.5890434 0.06267368 0.5541595 0.05405777 0.5541595 0.05405777 0.5187914 0.0503509 0.5167976 0.1522454 0.5167976 0.1522454 0.5187914 0.0503509 0.4833263 0.0515936 0.4833263 0.0515936 0.4481531 0.05777227 0.4620913 0.1579928 0.4481531 0.05777227 0.4136569 0.06881916 0.4353755 0.1665482 0.4353755 0.1665482 0.4136569 0.06881916 0.3802155 0.08461338 0.3802155 0.08461338 0.348195 0.1049822 0.3846788 0.1945546 0.348195 0.1049822 0.3179479 0.1297012 0.3612534 0.2136987 0.3612534 0.2136987 0.3179479 0.1297012 0.2898034 0.1585015 0.2898034 0.1585015 0.2640713 0.1910659 0.3195286 0.2612228 0.3195286 0.2612228 0.2640713 0.1910659 0.2410327 0.227039 0.2410327 0.227039 0.2209409 0.266025 0.2861263 0.319275 0.2861263 0.319275 0.2209409 0.266025 0.2040152 0.3075986 0.2040152 0.3075986 0.1904415 0.3513031 0.2625061 0.3853184 0.1904415 0.3513031 0.1803686 0.3966594 0.254705 0.4204448 0.254705 0.4204448 0.1803686 0.3966594 0.1739068 0.4431706 0.2497006 0.4564661 0.1739068 0.4431706 0.1711266 0.490329 0.1711266 0.490329 0.1720585 0.5376169 0.2482692 0.5296091 0.2482692 0.5296091 0.1720585 0.5376169 0.1766926 0.5845142 0.2518581 0.5659294 0.1766926 0.5845142 0.1849779 0.6305092 0.1849779 0.6305092 0.1968235 0.6750974 0.2674486 0.6360824 0.2082806 0.7071169 0.2120996 0.71779 0.2792794 0.6691458 0.2120996 0.71779 0.2306398 0.7581213 0.2936376 0.7003798 0.2936376 0.7003798 0.2306398 0.7581213 0.25224 0.7956471 0.2644518 0.8128018 0.2766636 0.8299566 0.3292806 0.7560128 0.2766636 0.8299566 0.3036426 0.8606739 0.3501748 0.7798022 0.3501748 0.7798022 0.3036426 0.8606739 0.3328822 0.887463 0.3328822 0.887463 0.3640609 0.9100298 0.3969667 0.8180263 0.3969667 0.8180263 0.3640609 0.9100298 0.3968401 0.9281286 0.3968401 0.9281286 0.4308578 0.941559 0.4486969 0.8424438 0.4486969 0.8424438 0.4308578 0.941559 0.4657418 0.9501751 0.4657418 0.9501751 0.5011109 0.9538822 0.5031042 0.8519875 0.5031042 0.8519875 0.5011109 0.9538822 0.536576 0.9526396 0.536576 0.9526396 0.5717493 0.9464609 0.5578106 0.8462399 0.5717493 0.9464609 0.6062451 0.9354137 0.5845263 0.8376846 0.5845263 0.8376846 0.6062451 0.9354137 0.6396867 0.9196193 0.6396867 0.9196193 0.6717069 0.8992505 0.6352231 0.8096781 0.6352231 0.8096781 0.6717069 0.8992505 0.701955 0.8745302 0.6586484 0.7905338 0.701955 0.8745302 0.7300984 0.845731 0.7300984 0.845731 0.7558306 0.8131666 0.7003728 0.74301 0.7003728 0.74301 0.7558306 0.8131666 0.7788684 0.7771944 0.7788684 0.7771944 0.7989605 0.7382082 0.7337753 0.6849578 0.7337753 0.6849578 0.7989605 0.7382082 0.8158861 0.6966344 0.8158861 0.6966344 0.8294597 0.6529307 0.757395 0.6189146 0.757395 0.6189146 0.8294597 0.6529307 0.8395326 0.6075736 0.7095355 0.2747908 0.7676609 0.208585 0.7554494 0.1914306 0.7676609 0.208585 0.7735282 0.2019018 0.7610388 0.1843571 0 0 0 0 0 0 0 0 0 0 0 0 0.7554494 0.1914306 0.7493435 0.1828535 0.6953494 0.2548625 0.7610388 0.1843571 0.754794 0.1755847 0.7493435 0.1828535 0.7370323 0.327278 0.8031663 0.2763586 0.7985314 0.2662761 0.8031663 0.2763586 0.8098419 0.2712186 0.8051015 0.2609066 0 0 0 0 0 0 0.8078011 0.2864412 0.8145824 0.2815306 0.8098419 0.2712186 0.7406219 0.3350865 0.8078011 0.2864412 0.8031663 0.2763586 0 0 0 0 0 0 0.3150946 0.7360845 0.2583459 0.8042245 0.2644518 0.8128018 0.2583459 0.8042245 0.2526175 0.8111028 0.2588624 0.8198755 0 0 0 0 0 0 0.25224 0.7956471 0.2463726 0.8023301 0.2526175 0.8111028 0.3103659 0.7294417 0.25224 0.7956471 0.2583459 0.8042245 0 0 0 0 0 0 0.2674486 0.6360824 0.1968235 0.6750974 0.2044615 0.6964436 0.1968235 0.6750974 0.1896944 0.6790357 0.1975063 0.7008679 0 0 0 0 0 0 0 0 0 0 0 0 0.2044615 0.6964436 0.2082806 0.7071169 0.2763217 0.6608799 0.1975063 0.7008679 0.2014123 0.711784 0.2082806 0.7071169 0.7370323 0.327278 0.3103659 0.7294417 0.3150946 0.7360845 0.3103659 0.7294417 0.7370323 0.327278 0.7334427 0.3194695 0.7334427 0.3194695 0.7262636 0.3038524 0.7095355 0.2747908 0.7095355 0.2747908 0.7000781 0.2615053 0.7334427 0.3194695 0.7000781 0.2615053 0.2763217 0.6608799 0.7334427 0.3194695 0.2763217 0.6608799 0.2792794 0.6691458 0.2936376 0.7003798 0.2936376 0.7003798 0.3103659 0.7294417 0.2763217 0.6608799 0.7000781 0.2615053 0.6953494 0.2548625 0.273364 0.652614 0.273364 0.652614 0.6953494 0.2548625 0.3846788 0.1945546 0.6953494 0.2548625 0.6906207 0.2482197 0.6697264 0.2244305 0.4893314 0.1532077 0.6953494 0.2548625 0.5167976 0.1522454 0.6697264 0.2244305 0.6470817 0.2036835 0.6953494 0.2548625 0.6470817 0.2036835 0.6229345 0.1862063 0.6953494 0.2548625 0.6229345 0.1862063 0.5975492 0.1721902 0.6953494 0.2548625 0.5975492 0.1721902 0.5712043 0.1617888 0.6953494 0.2548625 0.5712043 0.1617888 0.5441885 0.1551162 0.6953494 0.2548625 0.5441885 0.1551162 0.5167976 0.1522454 0.6953494 0.2548625 0.4893314 0.1532077 0.4620913 0.1579928 0.4353755 0.1665482 0.4353755 0.1665482 0.4094768 0.1787801 0.3846788 0.1945546 0.3846788 0.1945546 0.3612534 0.2136987 0.339457 0.2360029 0.339457 0.2360029 0.3195286 0.2612228 0.3016865 0.2890819 0.3016865 0.2890819 0.2861263 0.319275 0.273364 0.652614 0.2861263 0.319275 0.2730183 0.3514716 0.273364 0.652614 0.2730183 0.3514716 0.2625061 0.3853184 0.273364 0.652614 0.2625061 0.3853184 0.254705 0.4204448 0.273364 0.652614 0.254705 0.4204448 0.2497006 0.4564661 0.273364 0.652614 0.2497006 0.4564661 0.2475474 0.4929877 0.273364 0.652614 0.2475474 0.4929877 0.2482692 0.5296091 0.273364 0.652614 0.2482692 0.5296091 0.2518581 0.5659294 0.273364 0.652614 0.2518581 0.5659294 0.2582746 0.6015505 0.273364 0.652614 0.2582746 0.6015505 0.2674486 0.6360824 0.273364 0.652614 0.6953494 0.2548625 0.4893314 0.1532077 0.4353755 0.1665482 0.4353755 0.1665482 0.3846788 0.1945546 0.6953494 0.2548625 0.3846788 0.1945546 0.339457 0.2360029 0.273364 0.652614</float_array>
          <technique_common>
            <accessor source="#Circle_012-mesh-map-0-array" count="1620" stride="2">
              <param name="S" type="float"/>
              <param name="T" type="float"/>
            </accessor>
          </technique_common>
        </source>
        <vertices id="Circle_012-mesh-vertices">
          <input semantic="POSITION" source="#Circle_012-mesh-positions"/>
        </vertices>
        <triangles material="uyarıbeyaz-material" count="70">
          <input semantic="VERTEX" source="#Circle_012-mesh-vertices" offset="0"/>
          <input semantic="NORMAL" source="#Circle_012-mesh-normals" offset="1"/>
          <input semantic="TEXCOORD" source="#Circle_012-mesh-map-0" offset="2" set="0"/>
          <p>24 60 180 240 60 181 264 60 182 255 149 618 263 149 619 67 149 620 243 150 624 267 150 625 271 150 626 2 60 810 1 60 811 248 60 812 1 60 813 0 60 814 248 60 815 0 60 816 59 60 817 248 60 818 59 60 819 58 60 820 248 60 821 58 60 822 57 60 823 248 60 824 57 60 825 56 60 826 248 60 827 56 60 828 55 60 829 248 60 830 55 60 831 54 60 832 248 60 833 54 60 834 53 60 835 52 60 836 52 60 837 51 60 838 256 60 839 51 60 840 50 60 841 256 60 842 50 60 843 49 60 844 256 60 845 49 60 846 48 60 847 256 60 848 48 60 849 47 60 850 256 60 851 47 60 852 46 60 853 256 60 854 46 60 855 45 60 856 256 60 857 45 60 858 44 60 859 256 60 860 44 60 861 43 60 862 256 60 863 43 60 864 42 60 865 256 60 866 42 60 867 41 60 868 256 60 869 41 60 870 40 60 871 256 60 872 256 60 873 260 60 874 268 60 875 260 60 876 39 60 877 38 60 878 54 60 879 52 60 880 256 60 881 4 60 882 3 60 883 248 60 884 3 60 885 2 60 886 248 60 887 6 60 888 5 60 889 248 60 890 5 60 891 4 60 892 248 60 893 252 60 894 7 60 895 6 60 896 9 60 897 8 60 898 248 60 899 248 60 900 252 60 901 6 60 902 260 60 903 38 60 904 268 60 905 38 60 906 37 60 907 268 60 908 268 60 909 264 60 910 256 60 911 264 60 912 36 60 913 35 60 914 28 60 915 264 60 916 29 60 917 35 60 918 34 60 919 264 60 920 34 60 921 33 60 922 264 60 923 33 60 924 32 60 925 264 60 926 32 60 927 31 60 928 264 60 929 31 60 930 30 60 931 264 60 932 30 60 933 29 60 934 264 60 935 28 60 936 27 60 937 264 60 938 27 60 939 26 60 940 264 60 941 26 60 942 25 60 943 264 60 944 25 60 945 24 60 946 264 60 947 24 60 948 23 60 949 22 60 950 22 60 951 21 60 952 240 60 953 21 60 954 20 60 955 240 60 956 20 60 957 19 60 958 240 60 959 19 60 960 18 60 961 240 60 962 18 60 963 17 60 964 240 60 965 17 60 966 16 60 967 240 60 968 16 60 969 15 60 970 240 60 971 15 60 972 14 60 973 240 60 974 14 60 975 13 60 976 240 60 977 13 60 978 12 60 979 240 60 980 12 60 981 11 60 982 244 60 983 11 60 984 10 60 985 244 60 986 24 60 987 22 60 988 240 60 989 256 60 990 248 60 991 54 60 992 240 60 993 9 60 994 248 60 995 12 60 996 244 60 997 240 60 998 248 60 999 256 60 1000 264 60 1001 248 60 1002 264 60 1003 240 60 1004 255 265 1518 99 265 1519 263 265 1520 243 267 1539 247 267 1540 267 267 1541</p>
        </triangles>
        <triangles material="Uyarıkırmızı-material" count="279">
          <input semantic="VERTEX" source="#Circle_012-mesh-vertices" offset="0"/>
          <input semantic="NORMAL" source="#Circle_012-mesh-normals" offset="1"/>
          <input semantic="TEXCOORD" source="#Circle_012-mesh-map-0" offset="2" set="0"/>
          <p>175 0 0 54 0 1 55 0 2 149 1 3 28 1 4 29 1 5 123 2 6 2 2 7 3 2 8 176 3 9 55 3 10 56 3 11 150 4 12 29 4 13 30 4 14 124 5 15 3 5 16 4 5 17 177 6 18 56 6 19 57 6 20 151 7 21 30 7 22 31 7 23 125 8 24 4 8 25 5 8 26 178 9 27 57 9 28 58 9 29 152 10 30 31 10 31 32 10 32 126 11 33 5 11 34 6 11 35 179 12 36 58 12 37 59 12 38 153 13 39 32 13 40 33 13 41 127 14 42 6 14 43 7 14 44 121 15 45 59 15 46 0 15 47 154 16 48 33 16 49 34 16 50 253 17 51 7 17 52 252 17 53 155 18 54 34 18 55 35 18 56 129 19 57 8 19 58 9 19 59 156 20 60 35 20 61 36 20 62 241 21 63 9 21 64 240 21 65 265 22 66 36 22 67 264 22 68 131 23 69 10 23 70 11 23 71 158 24 72 37 24 73 38 24 74 132 25 75 11 25 76 12 25 77 159 26 78 38 26 79 39 26 80 133 27 81 12 27 82 13 27 83 261 28 84 39 28 85 260 28 86 134 29 87 13 29 88 14 29 89 161 30 90 40 30 91 41 30 92 135 31 93 14 31 94 15 31 95 162 32 96 41 32 97 42 32 98 136 33 99 15 33 100 16 33 101 163 34 102 42 34 103 43 34 104 137 35 105 16 35 106 17 35 107 44 36 108 163 36 109 43 36 110 138 37 111 17 37 112 18 37 113 45 38 114 164 38 115 44 38 116 139 39 117 18 39 118 19 39 119 46 40 120 165 40 121 45 40 122 140 41 123 19 41 124 20 41 125 47 42 126 166 42 127 46 42 128 141 43 129 20 43 130 21 43 131 168 44 132 47 44 133 48 44 134 142 45 135 21 45 136 22 45 137 169 46 138 48 46 139 49 46 140 143 47 141 22 47 142 23 47 143 170 48 144 49 48 145 50 48 146 144 49 147 23 49 148 24 49 149 171 50 150 50 50 151 51 50 152 145 51 153 24 51 154 25 51 155 172 52 156 51 52 157 52 52 158 146 53 159 25 53 160 26 53 161 173 54 162 52 54 163 53 54 164 147 55 165 26 55 166 27 55 167 120 56 168 0 56 169 1 56 170 174 57 171 53 57 172 54 57 173 148 58 174 27 58 175 28 58 176 122 59 177 1 59 178 2 59 179 181 100 366 61 100 367 60 100 368 180 101 369 62 101 370 61 101 371 62 64 372 183 64 373 63 64 374 183 102 375 64 102 376 63 102 377 64 64 378 185 64 379 65 64 380 65 64 381 186 64 382 66 64 383 186 103 384 67 103 385 66 103 386 250 104 387 68 104 388 251 104 389 68 64 390 189 64 391 69 64 392 246 105 393 70 105 394 247 105 395 70 64 396 191 64 397 71 64 398 191 106 399 72 106 400 71 106 401 72 64 402 193 64 403 73 64 404 73 107 405 194 107 406 74 107 407 194 64 408 75 64 409 74 64 410 75 108 411 196 108 412 76 108 413 196 109 414 77 109 415 76 109 416 77 64 417 198 64 418 78 64 419 198 110 420 79 110 421 78 110 422 199 64 423 80 64 424 79 64 425 80 64 426 201 64 427 81 64 428 201 111 429 82 111 430 81 111 431 202 112 432 83 112 433 82 112 434 83 64 435 204 64 436 84 64 437 204 113 438 85 113 439 84 113 440 85 64 441 206 64 442 86 64 443 206 64 444 87 64 445 86 64 446 87 114 447 208 114 448 88 114 449 208 115 450 89 115 451 88 115 452 209 116 453 90 116 454 89 116 455 90 64 456 211 64 457 91 64 458 91 117 459 212 117 460 92 117 461 212 118 462 93 118 463 92 118 464 93 64 465 214 64 466 94 64 467 94 64 468 215 64 469 95 64 470 215 119 471 96 119 472 95 119 473 270 120 474 97 120 475 271 120 476 217 121 477 98 121 478 97 121 479 98 122 480 219 122 481 99 122 482 258 123 483 100 123 484 259 123 485 220 64 486 101 64 487 100 64 488 101 110 489 222 110 490 102 110 491 222 124 492 103 124 493 102 124 494 103 64 495 224 64 496 104 64 497 224 125 498 105 125 499 104 125 500 105 126 501 226 126 502 106 126 503 226 127 504 107 127 505 106 127 506 107 128 507 228 128 508 108 128 509 228 64 510 109 64 511 108 64 512 229 64 513 110 64 514 109 64 515 110 129 516 231 129 517 111 129 518 231 130 519 112 130 520 111 130 521 112 64 522 233 64 523 113 64 524 113 64 525 234 64 526 114 64 527 234 131 528 115 131 529 114 131 530 115 64 531 236 64 532 116 64 533 236 132 534 117 132 535 116 132 536 117 133 537 238 133 538 118 133 539 238 134 540 119 134 541 118 134 542 119 64 543 181 64 544 60 64 545 69 64 546 242 64 547 243 64 548 245 135 552 240 135 553 244 135 554 130 136 555 244 136 556 10 136 557 242 137 558 247 137 559 243 137 560 255 64 564 250 64 565 251 64 566 128 139 570 248 139 571 8 139 572 67 64 576 254 64 577 255 64 578 249 140 579 252 140 580 248 140 581 263 141 582 258 141 583 259 141 584 160 142 588 256 142 589 40 142 590 99 64 594 262 64 595 263 64 596 257 144 597 260 144 598 256 144 599 96 64 600 266 64 601 267 64 602 269 146 606 264 146 607 268 146 608 157 147 609 268 147 610 37 147 611 266 148 612 271 148 613 267 148 614 99 64 621 251 64 622 271 64 623 175 0 630 174 0 631 54 0 632 149 1 633 148 1 634 28 1 635 123 2 636 122 2 637 2 2 638 176 3 639 175 3 640 55 3 641 150 4 642 149 4 643 29 4 644 124 5 645 123 5 646 3 5 647 177 151 648 176 151 649 56 151 650 151 7 651 150 7 652 30 7 653 125 152 654 124 152 655 4 152 656 178 9 657 177 9 658 57 9 659 152 153 660 151 153 661 31 153 662 126 154 663 125 154 664 5 154 665 179 155 666 178 155 667 58 155 668 153 156 669 152 156 670 32 156 671 127 14 672 126 14 673 6 14 674 121 157 675 179 157 676 59 157 677 154 16 678 153 16 679 33 16 680 253 17 681 127 17 682 7 17 683 155 18 684 154 18 685 34 18 686 129 19 687 128 19 688 8 19 689 156 158 690 155 158 691 35 158 692 241 159 693 129 159 694 9 159 695 265 160 696 156 160 697 36 160 698 131 23 699 130 23 700 10 23 701 158 161 702 157 161 703 37 161 704 132 162 705 131 162 706 11 162 707 159 26 708 158 26 709 38 26 710 133 163 711 132 163 712 12 163 713 261 28 714 159 28 715 39 28 716 134 164 717 133 164 718 13 164 719 161 30 720 160 30 721 40 30 722 135 165 723 134 165 724 14 165 725 162 32 726 161 32 727 41 32 728 136 166 729 135 166 730 15 166 731 163 34 732 162 34 733 42 34 734 137 167 735 136 167 736 16 167 737 44 168 738 164 168 739 163 168 740 138 37 741 137 37 742 17 37 743 45 169 744 165 169 745 164 169 746 139 39 747 138 39 748 18 39 749 46 170 750 166 170 751 165 170 752 140 41 753 139 41 754 19 41 755 47 171 756 167 171 757 166 171 758 141 172 759 140 172 760 20 172 761 168 44 762 167 44 763 47 44 764 142 173 765 141 173 766 21 173 767 169 46 768 168 46 769 48 46 770 143 174 771 142 174 772 22 174 773 170 48 774 169 48 775 49 48 776 144 175 777 143 175 778 23 175 779 171 176 780 170 176 781 50 176 782 145 177 783 144 177 784 24 177 785 172 178 786 171 178 787 51 178 788 146 53 789 145 53 790 25 53 791 173 54 792 172 54 793 52 54 794 147 179 795 146 179 796 26 179 797 120 180 798 121 180 799 0 180 800 174 57 801 173 57 802 53 57 803 148 181 804 147 181 805 27 181 806 122 59 807 120 59 808 1 59 809 181 64 1266 180 64 1267 61 64 1268 180 64 1269 182 64 1270 62 64 1271 62 223 1272 182 223 1273 183 223 1274 183 224 1275 184 224 1276 64 224 1277 64 225 1278 184 225 1279 185 225 1280 65 226 1281 185 226 1282 186 226 1283 186 227 1284 187 227 1285 67 227 1286 250 228 1287 188 228 1288 68 228 1289 68 229 1290 188 229 1291 189 229 1292 246 64 1293 190 64 1294 70 64 1295 70 64 1296 190 64 1297 191 64 1298 191 64 1299 192 64 1300 72 64 1301 72 230 1302 192 230 1303 193 230 1304 73 64 1305 193 64 1306 194 64 1307 194 231 1308 195 231 1309 75 231 1310 75 64 1311 195 64 1312 196 64 1313 196 64 1314 197 64 1315 77 64 1316 77 64 1317 197 64 1318 198 64 1319 198 64 1320 199 64 1321 79 64 1322 199 64 1323 200 64 1324 80 64 1325 80 232 1326 200 232 1327 201 232 1328 201 64 1329 202 64 1330 82 64 1331 202 233 1332 203 233 1333 83 233 1334 83 234 1335 203 234 1336 204 234 1337 204 64 1338 205 64 1339 85 64 1340 85 64 1341 205 64 1342 206 64 1343 206 64 1344 207 64 1345 87 64 1346 87 235 1347 207 235 1348 208 235 1349 208 236 1350 209 236 1351 89 236 1352 209 64 1353 210 64 1354 90 64 1355 90 237 1356 210 237 1357 211 237 1358 91 238 1359 211 238 1360 212 238 1361 212 64 1362 213 64 1363 93 64 1364 93 64 1365 213 64 1366 214 64 1367 94 239 1368 214 239 1369 215 239 1370 215 240 1371 216 240 1372 96 240 1373 270 241 1374 217 241 1375 97 241 1376 217 242 1377 218 242 1378 98 242 1379 98 64 1380 218 64 1381 219 64 1382 258 64 1383 220 64 1384 100 64 1385 220 64 1386 221 64 1387 101 64 1388 101 64 1389 221 64 1390 222 64 1391 222 64 1392 223 64 1393 103 64 1394 103 64 1395 223 64 1396 224 64 1397 224 243 1398 225 243 1399 105 243 1400 105 64 1401 225 64 1402 226 64 1403 226 244 1404 227 244 1405 107 244 1406 107 64 1407 227 64 1408 228 64 1409 228 64 1410 229 64 1411 109 64 1412 229 232 1413 230 232 1414 110 232 1415 110 233 1416 230 233 1417 231 233 1418 231 245 1419 232 245 1420 112 245 1421 112 246 1422 232 246 1423 233 246 1424 113 247 1425 233 247 1426 234 247 1427 234 64 1428 235 64 1429 115 64 1430 115 64 1431 235 64 1432 236 64 1433 236 64 1434 237 64 1435 117 64 1436 117 248 1437 237 248 1438 238 248 1439 238 249 1440 239 249 1441 119 249 1442 119 250 1443 239 250 1444 181 250 1445 69 64 1446 189 64 1447 242 64 1448 245 251 1452 241 251 1453 240 251 1454 130 252 1455 245 252 1456 244 252 1457 242 64 1458 246 64 1459 247 64 1460 255 254 1464 254 254 1465 250 254 1466 128 255 1470 249 255 1471 248 255 1472 67 256 1476 187 256 1477 254 256 1478 249 255 1479 253 255 1480 252 255 1481 263 257 1482 262 257 1483 258 257 1484 160 258 1488 257 258 1489 256 258 1490 99 259 1494 219 259 1495 262 259 1496 257 260 1497 261 260 1498 260 260 1499 96 261 1500 216 261 1501 266 261 1502 269 262 1506 265 262 1507 264 262 1508 157 263 1509 269 263 1510 268 263 1511 266 264 1512 270 264 1513 271 264 1514 99 266 1521 255 266 1522 251 266 1523 251 64 1524 68 64 1525 69 64 1526 69 64 1527 243 64 1528 251 64 1529 243 64 1530 271 64 1531 251 64 1532 271 64 1533 97 64 1534 98 64 1535 98 64 1536 99 64 1537 271 64 1538</p>
        </triangles>
        <triangles material="uyarımavi-material" count="191">
          <input semantic="VERTEX" source="#Circle_012-mesh-vertices" offset="0"/>
          <input semantic="NORMAL" source="#Circle_012-mesh-normals" offset="1"/>
          <input semantic="TEXCOORD" source="#Circle_012-mesh-map-0" offset="2" set="0"/>
          <p>118 61 183 60 61 184 259 61 185 121 62 186 180 62 187 181 62 188 120 63 189 182 63 190 180 63 191 182 64 192 123 64 193 183 64 194 183 65 195 124 65 196 184 65 197 184 64 198 125 64 199 185 64 200 125 66 201 186 66 202 185 66 203 126 64 204 187 64 205 186 64 206 249 67 207 188 67 208 250 67 209 188 68 210 129 68 211 189 68 212 245 64 213 190 64 214 246 64 215 190 69 216 131 69 217 191 69 218 131 64 219 192 64 220 191 64 221 192 70 222 133 70 223 193 70 224 193 71 225 134 71 226 194 71 227 134 72 228 195 72 229 194 72 230 195 73 231 136 73 232 196 73 233 136 74 234 197 74 235 196 74 236 197 75 237 138 75 238 198 75 239 138 76 240 199 76 241 198 76 242 199 77 243 140 77 244 200 77 245 200 68 246 141 68 247 201 68 248 141 78 249 202 78 250 201 78 251 142 64 252 203 64 253 202 64 254 203 64 255 144 64 256 204 64 257 204 79 258 145 79 259 205 79 260 145 64 261 206 64 262 205 64 263 146 80 264 207 80 265 206 80 266 207 64 267 148 64 268 208 64 269 148 64 270 209 64 271 208 64 272 149 81 273 210 81 274 209 81 275 210 82 276 151 82 277 211 82 278 211 64 279 152 64 280 212 64 281 152 83 282 213 83 283 212 83 284 213 84 285 154 84 286 214 84 287 154 85 288 215 85 289 214 85 290 155 86 291 216 86 292 215 86 293 269 64 294 217 64 295 270 64 296 157 87 297 218 87 298 217 87 299 218 88 300 159 88 301 219 88 302 257 64 303 220 64 304 258 64 305 160 64 306 221 64 307 220 64 308 221 89 309 162 89 310 222 89 311 162 90 312 223 90 313 222 90 314 223 91 315 164 91 316 224 91 317 164 92 318 225 92 319 224 92 320 225 93 321 166 93 322 226 93 323 166 64 324 227 64 325 226 64 326 227 94 327 168 94 328 228 94 329 168 64 330 229 64 331 228 64 332 229 95 333 170 95 334 230 95 335 170 64 336 231 64 337 230 64 338 171 64 339 232 64 340 231 64 341 232 96 342 173 96 343 233 96 344 233 64 345 174 64 346 234 64 347 174 97 348 235 97 349 234 97 350 235 98 351 176 98 352 236 98 353 176 99 354 237 99 355 236 99 356 237 64 357 178 64 358 238 64 359 178 64 360 239 64 361 238 64 362 239 64 363 121 64 364 181 64 365 189 68 549 241 68 550 242 68 551 241 138 561 246 138 562 242 138 563 254 64 567 249 64 568 250 64 569 187 64 573 253 64 574 254 64 575 262 97 585 257 97 586 258 97 587 219 143 591 261 143 592 262 143 593 216 145 603 265 145 604 266 145 605 265 64 615 270 64 616 266 64 617 84 64 627 86 64 628 267 64 629 60 64 1005 61 64 1006 62 64 1007 62 182 1008 63 182 1009 64 182 1010 64 64 1011 65 64 1012 66 64 1013 66 64 1014 67 64 1015 259 64 1016 67 183 1017 263 183 1018 259 183 1019 259 184 1020 100 184 1021 101 184 1022 102 185 1023 259 185 1024 101 185 1025 102 64 1026 103 64 1027 259 64 1028 103 64 1029 104 64 1030 259 64 1031 104 186 1032 105 186 1033 259 186 1034 105 187 1035 106 187 1036 259 187 1037 106 188 1038 107 188 1039 259 188 1040 107 189 1041 108 189 1042 259 189 1043 108 64 1044 109 64 1045 259 64 1046 109 64 1047 110 64 1048 259 64 1049 110 64 1050 111 64 1051 112 64 1052 112 64 1053 113 64 1054 114 64 1055 114 64 1056 115 64 1057 116 64 1058 116 190 1059 117 190 1060 118 190 1061 118 191 1062 119 191 1063 60 191 1064 60 64 1065 62 64 1066 259 64 1067 62 192 1068 64 192 1069 259 192 1070 64 64 1071 66 64 1072 259 64 1073 110 64 1074 112 64 1075 259 64 1076 112 64 1077 114 64 1078 259 64 1079 114 64 1080 116 64 1081 259 64 1082 116 64 1083 118 64 1084 259 64 1085 121 64 1086 120 64 1087 180 64 1088 120 64 1089 122 64 1090 182 64 1091 182 64 1092 122 64 1093 123 64 1094 183 193 1095 123 193 1096 124 193 1097 184 64 1098 124 64 1099 125 64 1100 125 64 1101 126 64 1102 186 64 1103 126 194 1104 127 194 1105 187 194 1106 249 195 1107 128 195 1108 188 195 1109 188 64 1110 128 64 1111 129 64 1112 245 196 1113 130 196 1114 190 196 1115 190 64 1116 130 64 1117 131 64 1118 131 197 1119 132 197 1120 192 197 1121 192 64 1122 132 64 1123 133 64 1124 193 198 1125 133 198 1126 134 198 1127 134 199 1128 135 199 1129 195 199 1130 195 64 1131 135 64 1132 136 64 1133 136 200 1134 137 200 1135 197 200 1136 197 64 1137 137 64 1138 138 64 1139 138 201 1140 139 201 1141 199 201 1142 199 64 1143 139 64 1144 140 64 1145 200 202 1146 140 202 1147 141 202 1148 141 203 1149 142 203 1150 202 203 1151 142 204 1152 143 204 1153 203 204 1154 203 64 1155 143 64 1156 144 64 1157 204 64 1158 144 64 1159 145 64 1160 145 205 1161 146 205 1162 206 205 1163 146 206 1164 147 206 1165 207 206 1166 207 193 1167 147 193 1168 148 193 1169 148 207 1170 149 207 1171 209 207 1172 149 64 1173 150 64 1174 210 64 1175 210 208 1176 150 208 1177 151 208 1178 211 209 1179 151 209 1180 152 209 1181 152 210 1182 153 210 1183 213 210 1184 213 64 1185 153 64 1186 154 64 1187 154 211 1188 155 211 1189 215 211 1190 155 64 1191 156 64 1192 216 64 1193 269 64 1194 157 64 1195 217 64 1196 157 64 1197 158 64 1198 218 64 1199 218 64 1200 158 64 1201 159 64 1202 257 212 1203 160 212 1204 220 212 1205 160 213 1206 161 213 1207 221 213 1208 221 64 1209 161 64 1210 162 64 1211 162 214 1212 163 214 1213 223 214 1214 223 64 1215 163 64 1216 164 64 1217 164 215 1218 165 215 1219 225 215 1220 225 64 1221 165 64 1222 166 64 1223 166 216 1224 167 216 1225 227 216 1226 227 64 1227 167 64 1228 168 64 1229 168 217 1230 169 217 1231 229 217 1232 229 218 1233 169 218 1234 170 218 1235 170 219 1236 171 219 1237 231 219 1238 171 64 1239 172 64 1240 232 64 1241 232 64 1242 172 64 1243 173 64 1244 233 220 1245 173 220 1246 174 220 1247 174 64 1248 175 64 1249 235 64 1250 235 64 1251 175 64 1252 176 64 1253 176 221 1254 177 221 1255 237 221 1256 237 212 1257 177 212 1258 178 212 1259 178 222 1260 179 222 1261 239 222 1262 239 64 1263 179 64 1264 121 64 1265 189 64 1449 129 64 1450 241 64 1451 241 253 1461 245 253 1462 246 253 1463 254 64 1467 253 64 1468 249 64 1469 187 64 1473 127 64 1474 253 64 1475 262 64 1485 261 64 1486 257 64 1487 219 202 1491 159 202 1492 261 202 1493 216 220 1503 156 220 1504 265 220 1505 265 64 1515 269 64 1516 270 64 1517 267 64 1542 247 64 1543 82 64 1544 247 64 1545 70 64 1546 71 64 1547 78 268 1548 247 268 1549 77 268 1550 71 269 1551 72 269 1552 247 269 1553 72 64 1554 73 64 1555 247 64 1556 73 270 1557 74 270 1558 247 270 1559 74 64 1560 75 64 1561 247 64 1562 75 64 1563 76 64 1564 247 64 1565 76 64 1566 77 64 1567 247 64 1568 78 64 1569 79 64 1570 80 64 1571 80 64 1572 81 64 1573 82 64 1574 82 64 1575 83 64 1576 84 64 1577 84 271 1578 85 271 1579 86 271 1580 86 64 1581 87 64 1582 267 64 1583 87 64 1584 88 64 1585 267 64 1586 88 64 1587 89 64 1588 267 64 1589 89 64 1590 90 64 1591 267 64 1592 90 64 1593 91 64 1594 267 64 1595 91 64 1596 92 64 1597 267 64 1598 92 64 1599 93 64 1600 267 64 1601 93 64 1602 94 64 1603 267 64 1604 94 272 1605 95 272 1606 267 272 1607 95 273 1608 96 273 1609 267 273 1610 247 274 1611 78 274 1612 80 274 1613 80 64 1614 82 64 1615 247 64 1616 82 275 1617 84 275 1618 267 275 1619</p>
        </triangles>
      </mesh>
    </geometry>
    <geometry id="Örüntü_022-mesh" name="Örüntü.022">
      <mesh>
        <source id="Örüntü_022-mesh-positions">
          <float_array id="Örüntü_022-mesh-positions-array" count="1170">5 0 0 4.854709 1.196578 0 4.42728 2.323616 0 3.742554 3.315613 0 2.840323 4.114919 0 1.773024 4.675081 0 0.6026834 4.963544 0 -0.6026833 4.963544 0 -1.773024 4.675081 0 -2.840323 4.11492 0 -3.742554 3.315613 0 -4.42728 2.323615 0 -4.85471 1.196577 0 -5 -1.62921e-6 0 -4.854709 -1.19658 0 -4.427279 -2.323618 0 -3.742552 -3.315616 0 -2.840321 -4.114922 0 -1.773021 -4.675083 0 -0.6026788 -4.963545 0 0.6026884 -4.963544 0 1.77303 -4.675079 0 2.840329 -4.114916 0 3.742558 -3.315608 0 4.427283 -2.32361 0 4.854711 -1.196571 0 5 0 34.89522 4.854709 1.196578 34.89522 4.42728 2.323616 34.89522 3.742554 3.315613 34.89522 2.840323 4.114919 34.89522 1.773024 4.675081 34.89522 0.6026834 4.963544 34.89522 -0.6026833 4.963544 34.89522 -1.773024 4.675081 34.89522 -2.840323 4.11492 34.89522 -3.742554 3.315613 34.89522 -4.42728 2.323615 34.89522 -4.85471 1.196577 34.89522 -5 -1.62921e-6 34.89522 -4.854709 -1.19658 34.89522 -4.427279 -2.323618 34.89522 -3.742552 -3.315616 34.89522 -2.840321 -4.114922 34.89522 -1.773021 -4.675083 34.89522 -0.6026788 -4.963545 34.89522 0.6026884 -4.963544 34.89522 1.77303 -4.675079 34.89522 2.840329 -4.114916 34.89522 3.742558 -3.315608 34.89522 4.427283 -2.32361 34.89522 4.854711 -1.196571 34.89522 5 0 83.33334 4.854709 1.196578 83.33334 4.42728 2.323616 83.33334 3.742554 3.315613 83.33334 2.840323 4.114919 83.33334 1.773024 4.675081 83.33334 0.6026834 4.963544 83.33334 -0.6026833 4.963544 83.33334 -1.773024 4.675081 83.33334 -2.840323 4.11492 83.33334 -3.742554 3.315613 83.33334 -4.42728 2.323615 83.33334 -4.85471 1.196577 83.33334 -5 -1.62921e-6 83.33334 -4.854709 -1.19658 83.33334 -4.427279 -2.323618 83.33334 -3.742552 -3.315616 83.33334 -2.840321 -4.114922 83.33334 -1.773021 -4.675083 83.33334 -0.6026788 -4.963545 83.33334 0.6026884 -4.963544 83.33334 1.77303 -4.675079 83.33334 2.840329 -4.114916 83.33334 3.742558 -3.315608 83.33334 4.427283 -2.32361 83.33334 4.854711 -1.196571 83.33334 5 0 125 4.854709 1.196578 125 4.42728 2.323616 125 3.742554 3.315613 125 2.840323 4.114919 125 1.773024 4.675081 125 0.6026834 4.963544 125 -0.6026833 4.963544 125 -1.773024 4.675081 125 -2.840323 4.11492 125 -3.742554 3.315613 125 -4.42728 2.323615 125 -4.85471 1.196577 125 -5 -1.62921e-6 125 -4.854709 -1.19658 125 -4.427279 -2.323618 125 -3.742552 -3.315616 125 -2.840321 -4.114922 125 -1.773021 -4.675083 125 -0.6026788 -4.963545 125 0.6026884 -4.963544 125 1.77303 -4.675079 125 2.840329 -4.114916 125 3.742558 -3.315608 125 4.427283 -2.32361 125 4.854711 -1.196571 125 5 0 166.6667 4.854709 1.196578 166.6667 4.42728 2.323616 166.6667 3.742554 3.315613 166.6667 2.840323 4.114919 166.6667 1.773024 4.675081 166.6667 0.6026834 4.963544 166.6667 -0.6026833 4.963544 166.6667 -1.773024 4.675081 166.6667 -2.840323 4.11492 166.6667 -3.742554 3.315613 166.6667 -4.42728 2.323615 166.6667 -4.85471 1.196577 166.6667 -5 -1.62921e-6 166.6667 -4.854709 -1.19658 166.6667 -4.427279 -2.323618 166.6667 -3.742552 -3.315616 166.6667 -2.840321 -4.114922 166.6667 -1.773021 -4.675083 166.6667 -0.6026788 -4.963545 166.6667 0.6026884 -4.963544 166.6667 1.77303 -4.675079 166.6667 2.840329 -4.114916 166.6667 3.742558 -3.315608 166.6667 4.427283 -2.32361 166.6667 4.854711 -1.196571 166.6667 5 0 208.3333 4.854709 1.196578 208.3333 4.42728 2.323616 208.3333 3.742554 3.315613 208.3333 2.840323 4.114919 208.3333 1.773024 4.675081 208.3333 0.6026834 4.963544 208.3333 -0.6026833 4.963544 208.3333 -1.773024 4.675081 208.3333 -2.840323 4.11492 208.3333 -3.742554 3.315613 208.3333 -4.42728 2.323615 208.3333 -4.85471 1.196577 208.3333 -5 -1.62921e-6 208.3333 -4.854709 -1.19658 208.3333 -4.427279 -2.323618 208.3333 -3.742552 -3.315616 208.3333 -2.840321 -4.114922 208.3333 -1.773021 -4.675083 208.3333 -0.6026788 -4.963545 208.3333 0.6026884 -4.963544 208.3333 1.77303 -4.675079 208.3333 2.840329 -4.114916 208.3333 3.742558 -3.315608 208.3333 4.427283 -2.32361 208.3333 4.854711 -1.196571 208.3333 5 0 250 4.854709 1.196578 250 4.42728 2.323616 250 3.742554 3.315613 250 2.840323 4.114919 250 1.773024 4.675081 250 0.6026834 4.963544 250 -0.6026833 4.963544 250 -1.773024 4.675081 250 -2.840323 4.11492 250 -3.742554 3.315613 250 -4.42728 2.323615 250 -4.85471 1.196577 250 -5 -1.62921e-6 250 -4.854709 -1.19658 250 -4.427279 -2.323618 250 -3.742552 -3.315616 250 -2.840321 -4.114922 250 -1.773021 -4.675083 250 -0.6026788 -4.963545 250 0.6026884 -4.963544 250 1.77303 -4.675079 250 2.840329 -4.114916 250 3.742558 -3.315608 250 4.427283 -2.32361 250 4.854711 -1.196571 250 9.029385 -5.20837e-5 0 8.766983 2.160923 0 7.995117 4.196161 0 6.758586 5.987586 0 5.129319 7.431008 0 3.201809 8.442629 0 1.088371 8.963545 0 -1.088371 8.963544 0 -3.201861 8.442616 0 -5.129271 7.431034 0 -6.758587 5.987585 0 -7.995099 4.196211 0 -8.767009 2.160816 0 -9.029379 -3.24641e-6 0 -8.767002 -2.160875 0 -7.995116 -4.196166 0 -6.758584 -5.98759 0 -5.129266 -7.431037 0 -3.201907 -8.442605 0 -1.088309 -8.963545 0 1.08838 -8.963544 0 3.201871 -8.442612 0 5.129281 -7.431026 0 6.758595 -5.987577 0 7.995124 -4.196151 0 8.767004 -2.16086 0 8.511731 2.098005 34.89522 8.766468 -4.86852e-5 34.89522 8.511738 -2.097943 34.89522 7.762332 -4.073973 34.89522 6.561806 -5.813238 34.89522 4.979933 -7.214659 34.89522 3.108643 -8.196792 34.89522 1.05669 -8.702555 34.89522 -1.056625 -8.702569 34.89522 -3.108672 -8.196774 34.89522 -4.979919 -7.214669 34.89522 -6.561796 -5.81325 34.89522 -7.762324 -4.073987 34.89522 -8.511734 -2.097958 34.89522 -8.766473 -3.1409e-6 34.89522 -8.511754 2.097905 34.89522 -7.762297 4.074024 34.89522 -6.561799 5.813246 34.89522 -4.979923 7.214666 34.89522 -3.108633 8.196795 34.89522 -1.056681 8.702556 34.89522 1.056681 8.702555 34.89522 3.10859 8.19682 34.89522 4.979961 7.214632 34.89522 6.561798 5.813247 34.89522 7.762326 4.073983 34.89522 9.029384 -5.20143e-5 7.569026 8.766983 2.160923 7.569026 7.995118 4.196161 7.569026 6.758585 5.987586 7.569026 5.129319 7.431007 7.569026 3.20181 8.44263 7.569026 1.088371 8.963546 7.569026 -1.088371 8.963544 7.569026 -3.201861 8.442616 7.569026 -5.129271 7.431034 7.569026 -6.758586 5.987585 7.569026 -7.995098 4.19621 7.569026 -8.76701 2.160816 7.569026 -9.02938 -3.17716e-6 7.569026 -8.767002 -2.160875 7.569026 -7.995116 -4.196166 7.569026 -6.758584 -5.98759 7.569026 -5.129265 -7.431036 7.569026 -3.201907 -8.442605 7.569026 -1.088309 -8.963546 7.569026 1.08838 -8.963545 7.569026 3.201871 -8.442612 7.569026 5.129281 -7.431026 7.569026 6.758595 -5.987577 7.569026 7.995124 -4.196151 7.569026 8.767004 -2.16086 7.569026 8.766994 2.160925 34.09764 9.029375 -5.2153e-5 34.09764 8.767005 -2.16086 34.09764 7.995124 -4.196151 34.09764 6.758594 -5.987576 34.09764 5.129281 -7.431026 34.09764 3.201871 -8.442613 34.09764 1.08838 -8.963543 34.09764 -1.088311 -8.963559 34.09764 -3.201903 -8.442594 34.09764 -5.129267 -7.431037 34.09764 -6.758584 -5.987589 34.09764 -7.995116 -4.196166 34.09764 -8.767002 -2.160875 34.09764 -9.029378 -3.31566e-6 34.09764 -8.767022 2.160819 34.09764 -7.995088 4.196206 34.09764 -6.758587 5.987586 34.09764 -5.129271 7.431034 34.09764 -3.201861 8.442616 34.09764 -1.088371 8.963545 34.09764 1.088371 8.963543 34.09764 3.201814 8.442642 34.09764 5.129312 7.430997 34.09764 6.758586 5.987586 34.09764 7.995117 4.196162 34.09764 12.05142 -9.12043e-5 3.80768e-7 11.70121 2.884113 -3.92484e-7 10.671 5.600571 -1.68576e-7 9.020617 7.991558 2.68752e-7 6.846032 9.918095 2.64833e-7 4.273389 11.26829 -3.89779e-7 1.452676 11.96354 -3.83727e-7 -1.452638 11.96354 0 -4.273453 11.26828 0 -6.846012 9.918092 0 -9.020606 7.99157 2.68752e-7 -10.67098 5.600621 2.57052e-7 -11.70123 2.884027 -3.69703e-7 -12.05141 -4.76255e-6 -3.80767e-7 -11.70122 -2.884097 0 -10.67102 -5.600542 0 -9.020579 -7.991597 0 -6.846017 -9.9181 2.64834e-7 -4.273573 -11.26825 0 -1.452564 -11.96354 -3.77991e-7 1.45269 -11.96354 -3.77991e-7 4.27354 -11.26824 0 6.845963 -9.918137 0 9.020647 -7.991521 0 10.671 -5.600556 0 11.70122 -2.884085 3.69702e-7 8.788381 2.166197 7.569026 9.051424 -5.1721e-5 7.569026 8.788395 -2.166133 7.569026 8.014636 -4.206391 7.569026 6.775092 -6.002192 7.569026 5.141794 -7.449156 7.569026 3.209685 -8.463214 7.569026 1.091036 -8.98542 7.569026 -1.090965 -8.98542 7.569026 -3.209721 -8.463211 7.569026 -5.141781 -7.449169 7.569026 -6.77508 -6.002204 7.569026 -8.014622 -4.206403 7.569026 -8.788393 -2.166148 7.569026 -9.051416 -3.19274e-6 7.569026 -8.788403 2.166089 7.569026 -8.014612 4.206451 7.569026 -6.775078 6.002195 7.569026 -5.14179 7.449172 7.569026 -3.209673 8.463213 7.569026 -1.091027 8.985419 7.569026 1.091027 8.985415 7.569026 3.209621 8.463227 7.569026 5.141837 7.449143 7.569026 6.775077 6.002196 7.569026 8.014629 4.206401 7.569026 11.7012 2.88416 4.569026 12.05142 -4.32664e-5 4.569027 11.70122 -2.884085 4.569027 10.67101 -5.600556 4.569026 9.02065 -7.991525 4.569026 6.84596 -9.918132 4.569026 4.273518 -11.26825 4.569026 1.452666 -11.96354 4.569026 -1.452564 -11.96355 4.569026 -4.27355 -11.26825 4.569026 -6.845995 -9.91811 4.569027 -9.020583 -7.991601 4.569026 -10.67101 -5.600539 4.569026 -11.70122 -2.884097 4.569026 -12.05141 -5.09554e-6 4.569026 -11.70123 2.884028 4.569026 -10.67098 5.600622 4.569027 -9.020606 7.99157 4.569027 -6.846015 9.918097 4.569026 -4.273451 11.26828 4.569026 -1.452638 11.96354 4.569026 1.452628 11.96354 4.569026 4.273436 11.26827 4.569026 6.846032 9.918094 4.569027 9.020616 7.991558 4.569027 10.67099 5.600571 4.569026 8.766996 2.160926 34.63232 9.029374 -5.21064e-5 34.63232 8.767004 -2.16086 34.63232 7.995124 -4.196151 34.63232 6.758594 -5.987576 34.63232 5.129281 -7.431026 34.63232 3.201871 -8.442613 34.63232 1.08838 -8.963544 34.63232 -1.088311 -8.96356 34.63232 -3.201903 -8.442594 34.63232 -5.129266 -7.431037 34.63232 -6.758584 -5.987589 34.63232 -7.995116 -4.196166 34.63232 -8.767002 -2.160875 34.63232 -9.029379 -3.26924e-6 34.63232 -8.767023 2.160819 34.63232 -7.995087 4.196205 34.63232 -6.758587 5.987585 34.63232 -5.129271 7.431034 34.63232 -3.201861 8.442616 34.63232 -1.088371 8.963545 34.63232 1.088371 8.963544 34.63232 3.201814 8.442643 34.63232 5.129312 7.430997 34.63232 6.758586 5.987586 34.63232 7.995118 4.196162 34.63232</float_array>
          <technique_common>
            <accessor source="#Örüntü_022-mesh-positions-array" count="390" stride="3">
              <param name="X" type="float"/>
              <param name="Y" type="float"/>
              <param name="Z" type="float"/>
            </accessor>
          </technique_common>
        </source>
        <source id="Örüntü_022-mesh-normals">
          <float_array id="Örüntü_022-mesh-normals-array" count="825">0 0 -1 0.6777729 0 0.7352713 0.6580861 0.1621791 0.7352692 0.970945 0.2393028 0 1 0 0 0.6001374 0.3149623 0.7352782 0.8854585 0.4647185 0 0.5073194 0.4494552 0.7352668 0.7485129 0.6631203 0 0.3850026 0.5578037 0.7352742 0.5680589 0.822988 0 0.240339 0.6337319 0.7352694 0.3546027 0.9350171 0 0.08166998 0.6728314 0.7352742 0.1205182 0.9927111 0 -0.08166998 0.6728314 0.7352742 -0.1205182 0.9927111 0 -0.240339 0.6337319 0.7352694 -0.3546027 0.9350171 0 -0.3850026 0.5578037 0.7352742 -0.5680589 0.822988 0 -0.5073194 0.4494552 0.7352668 -0.7485129 0.6631203 0 -0.6001374 0.3149623 0.7352782 -0.8854585 0.4647185 0 -0.6580861 0.1621791 0.7352692 -0.970945 0.2393028 0 -0.6777729 0 0.7352713 -1 0 0 -0.6580861 -0.1621791 0.7352692 -0.970945 -0.2393028 0 -0.6001374 -0.3149623 0.7352782 -0.8854585 -0.4647185 0 -0.5073264 -0.4494308 0.7352768 -0.7485129 -0.6631203 0 -0.3850286 -0.5577971 0.7352655 -0.5680589 -0.822988 0 -0.240339 -0.6337319 0.7352694 -0.3546027 -0.9350171 0 -0.08166998 -0.6728314 0.7352742 -0.1205182 -0.9927111 0 0.08166998 -0.6728314 0.7352742 0.1205182 -0.9927111 0 0.240339 -0.6337319 0.7352694 0.3546027 -0.9350171 0 0.3850026 -0.5578037 0.7352742 0.5680589 -0.822988 0 0.5073194 -0.4494552 0.7352668 0.7485129 -0.6631203 0 0.6001569 -0.3149565 0.7352647 0.8854585 -0.4647185 0 0.6580861 -0.1621791 0.7352692 0.970945 -0.2393028 0 -0.5073194 -0.4494552 0.7352668 -0.3850026 -0.5578037 0.7352742 0.08170032 -0.6728298 0.7352724 0.6001374 -0.3149623 0.7352782 0.7110479 0.175244 0.6809555 0.7322781 0 0.6810058 0.6484171 0.3403229 0.6809815 0.5481587 0.4856244 0.6809486 0.41601 0.6026973 0.680949 0.2596909 0.6847368 0.6809524 0.08826148 0.7269974 0.680944 -0.08826148 0.7269974 0.680944 -0.259657 0.684728 0.6809741 -0.4160353 0.6026897 0.6809405 -0.5481046 0.4856306 0.6809877 -0.6484483 0.3403232 0.6809516 -0.7110479 0.175244 0.6809555 -0.7323368 0 0.6809427 -0.7110479 -0.175244 0.6809555 -0.6484483 -0.3403232 0.6809516 -0.5481587 -0.4856244 0.6809486 -0.41601 -0.6026973 0.680949 -0.2596909 -0.6847368 0.6809524 -0.08826148 -0.7269974 0.680944 0.08826148 -0.7269974 0.680944 0.2596909 -0.6847368 0.6809524 0.41601 -0.6026973 0.680949 0.5481587 -0.4856244 0.6809486 0.6484659 -0.3403164 0.6809381 0.7110479 -0.175244 0.6809555 5.94829e-7 0 1 -4.82735e-7 0 1 -1.69284e-6 0 1 6.26271e-7 0 1 0 0 1 3.38566e-6 0 1 -1.93103e-6 0 1 6.77133e-6 0 1 -1.93103e-6 0 1 -3.86215e-6 0 1 -1.69283e-6 0 1 8.46416e-7 0 1 -9.65515e-7 0 1 1.40216e-6 0 1 -4.82758e-7 0 1 8.46414e-7 0 1 -1.76528e-6 0 1 -3.38567e-6 0 1 2.41367e-6 0 1 9.65539e-7 0 1 -1.93108e-6 0 1 9.65537e-7 0 1 0.7323368 0 -0.6809427 0.7110479 0.175244 -0.6809555 0.9010006 0.2220608 0.3726752 0.9279644 0 0.372669 0.6484483 0.3403232 -0.6809516 0.8216739 0.4312392 0.3726724 0.5481587 0.4856244 -0.6809486 0.6945867 0.6153588 0.3726701 0.41601 0.6026973 -0.680949 0.5271269 0.7637113 0.3726694 0.2596909 0.6847368 -0.6809524 0.3290585 0.867662 0.3726705 0.08826148 0.7269974 -0.680944 0.1118535 0.9211972 0.3726722 -0.08826148 0.7269974 -0.680944 -0.1118535 0.9211972 0.3726722 -0.2596909 0.6847368 -0.6809524 -0.3290585 0.867662 0.3726705 -0.41601 0.6026973 -0.680949 -0.5271269 0.7637113 0.3726694 -0.5481587 0.4856244 -0.6809486 -0.6945867 0.6153588 0.3726701 -0.6484483 0.3403232 -0.6809516 -0.8216739 0.4312392 0.3726724 -0.7110479 0.175244 -0.6809555 -0.9010064 0.2220547 0.3726651 -0.7323368 0 -0.6809427 -0.9279644 0 0.372669 -0.7110479 -0.175244 -0.6809555 -0.9010006 -0.2220608 0.3726752 -0.6484483 -0.3403232 -0.6809516 -0.8216739 -0.4312392 0.3726724 -0.5481587 -0.4856244 -0.6809486 -0.6945867 -0.6153588 0.3726701 -0.41601 -0.6026973 -0.680949 -0.5271269 -0.7637113 0.3726694 -0.2596909 -0.6847368 -0.6809524 -0.3290585 -0.867662 0.3726705 -0.08826148 -0.7269974 -0.680944 -0.1118234 -0.9212003 0.3726735 0.08826148 -0.7269974 -0.680944 0.1118535 -0.9211972 0.3726722 0.2596909 -0.6847368 -0.6809524 0.3290585 -0.867662 0.3726705 0.41601 -0.6026973 -0.680949 0.5271269 -0.7637113 0.3726694 0.5481587 -0.4856244 -0.6809486 0.6945867 -0.6153588 0.3726701 0.6484483 -0.3403232 -0.6809516 0.8216739 -0.4312392 0.3726724 0.7110479 -0.175244 -0.6809555 0.9010006 -0.2220608 0.3726752 -0.1118535 -0.9211972 0.3726722 -0.9010006 0.2220608 0.3726752 0.5271391 0.7636986 0.3726781 -1.29874e-7 0 -1 1.25994e-7 -2.528e-7 -1 0 0 -1 -1.40905e-7 0 -1 0 0 -1 0 0 -1 0 0 -1 0 0 -1 0 0 -1 2.2781e-7 0 -1 0 -1.24192e-7 -1 0 -1.25407e-7 -1 -1.32078e-7 0 -1 0 0 -1 0 0 -1 0 0 -1 0 0 -1 0 0 -1 0 2.22798e-7 -1 1.25997e-7 0 -1 1.23254e-7 0 -1 1.25997e-7 0 -1 0 0 -1 0 0 -1 0 0 -1 0 1.22336e-7 -1 -1.22537e-7 0 -1 0 1.25997e-7 -1 0 1.25997e-7 -1 0 1.38135e-7 -1 0 0 -1 0 0 -1 1.25997e-7 0 -1 1.23254e-7 0 -1 -1.31289e-5 0 1 2.41903e-5 0 1 4.58568e-5 0 1 1.30979e-5 0 1 1.65855e-5 0 1 -5.77651e-6 0 1 -2.72202e-5 0 1 2.34136e-5 0 1 -1.25213e-6 0 1 -1.27974e-5 0 1 6.88545e-6 0 1 1.24907e-6 0 1 -1.00144e-5 0 1 3.12238e-6 0 1 -5.00661e-6 0 1 2.49741e-6 0 1 -1.87785e-6 0 1 4.9948e-6 0 1 -9.69981e-6 0 1 -1.81091e-5 0 1 3.69385e-5 0 1 -3.02783e-5 0 1 5.79039e-6 0 1 -3.68485e-5 0 1 4.95321e-6 0 1 3.41893e-5 0 1 3.86538e-5 0 1 -4.94127e-6 0 1 6.25816e-7 0 1 1.40491e-6 0 1 1.2207e-5 0 1 -6.24324e-7 0 1 2.7535e-5 0 1 -1.21771e-5 0 1 -1.31476e-5 0 1 1.24856e-5 0 1 3.12276e-6 0 1 1.00175e-5 0 1 -6.87062e-6 0 1 -6.88393e-6 0 1 9.99332e-6 0 1 1.22069e-5 0 1 -3.309e-5 0 1 2.34716e-5 0 1 -1.21767e-5 0 1 1.58023e-5 0 1 -2.34159e-5 0 1 0.3954084 0.09744817 0.9133214 0.4072482 0 0.9133176 0.3954084 -0.09744817 0.9133214 0.360587 -0.1892509 0.9133242 0.3048002 -0.2700383 0.9133325 0.231338 -0.335135 0.9133276 0.1443883 -0.3807627 0.91333 0.0490753 -0.4042611 0.9133262 -0.0490753 -0.4042611 0.9133262 -0.1443883 -0.3807627 0.91333 -0.231338 -0.335135 0.9133276 -0.3048279 -0.2700358 0.9133241 -0.360587 -0.1892509 0.9133242 -0.3953827 -0.09744936 0.9133325 -0.4072482 0 0.9133176 -0.3953827 0.09744936 0.9133325 -0.360587 0.1892509 0.9133242 -0.3048279 0.2700358 0.9133241 -0.2313092 0.3351374 0.9133341 -0.1443883 0.3807627 0.91333 -0.0490753 0.4042611 0.9133262 0.0490753 0.4042611 0.9133262 0.1443883 0.3807627 0.91333 0.2313092 0.3351374 0.9133341 0.3048279 0.2700358 0.9133241 0.360587 0.1892509 0.9133242 0.4072228 0 0.913329 -0.3048002 -0.2700383 0.9133325 -0.3954084 -0.09744817 0.9133214 -0.4072114 0 0.913334 -0.3954084 0.09744817 0.9133214 -0.3048002 0.2700383 0.9133325 -0.231338 0.335135 0.9133276 0.231338 0.335135 0.9133276</float_array>
          <technique_common>
            <accessor source="#Örüntü_022-mesh-normals-array" count="275" stride="3">
              <param name="X" type="float"/>
              <param name="Y" type="float"/>
              <param name="Z" type="float"/>
            </accessor>
          </technique_common>
        </source>
        <source id="Örüntü_022-mesh-map-0">
          <float_array id="Örüntü_022-mesh-map-0-array" count="4656">0.6730771 0 0.6346154 0 0.5961539 0 0.5961539 0 0.5576923 0 0.5192307 0 0.5192307 0 0.4807692 0 0.4423076 0 0.5961539 0 0.5192307 0 0.4423076 0 0.4423076 0 0.4038461 0 0.3653845 0 0.3653845 0 0.326923 0 0.2884615 0 0.4423076 0 0.3653845 0 0.2884615 0 0.5961539 0 0.4423076 0 0.2884615 0 0.2884615 0 0.25 0 0.2115384 0 0.2115384 0 0.1730769 0 0.1346154 0 0.2884615 0 0.2115384 0 0.1346154 0 0.1346154 0 0.09615391 0 0.05769234 0 0.05769234 0 0.0192309 0 -0.01923066 0 0.1346154 0 0.05769234 0 -0.01923066 0 0.2884615 0 0.1346154 0 -0.01923066 0 0.5961539 0 0.2884615 0 -0.01923066 0 -0.01923066 0 -0.05769217 0 -0.09615373 0 -0.09615373 0 -0.1346153 0 -0.1730768 0 -0.01923066 0 -0.09615373 0 -0.1730768 0 0.5961539 0 -0.01923066 0 -0.1730768 0 -0.1730768 0 -0.2115384 0 -0.25 0 0.5961539 0 -0.1730768 0 -0.25 0 0.6730771 0 0.5961539 0 -0.25 0 -0.2884613 0 0.6730771 0 -0.25 0 0.7499991 0.02945142 0.7884625 0.02945142 0.7884625 0.1326756 0.7884625 0.1326756 0.7499991 0.1326756 0.7499991 0.02945142 0.7884625 0.02945142 0.8269231 0.02945142 0.8269231 0.1326756 0.8269231 0.1326756 0.7884625 0.1326756 0.7884625 0.02945142 0.8269231 0.02945142 0.8653846 0.02945142 0.8653847 0.1326756 0.8653847 0.1326756 0.8269231 0.1326756 0.8269231 0.02945142 0.8653846 0.02945142 0.9038453 0.02945142 0.9038453 0.1326756 0.9038453 0.1326756 0.8653847 0.1326756 0.8653846 0.02945142 0.9038453 0.02945142 0.9423087 0.02945142 0.9423087 0.1326756 0.9423087 0.1326756 0.9038453 0.1326756 0.9038453 0.02945142 0.9423087 0.02945142 0.9807693 0.02945142 0.9807693 0.1326756 0.9807693 0.1326756 0.9423087 0.1326756 0.9423087 0.02945142 0.9807693 0.02945142 1.019231 0.02945142 1.019231 0.1326756 1.019231 0.1326756 0.9807693 0.1326756 0.9807693 0.02945142 0.01923084 0.02945142 0.05769228 0.02945142 0.05769228 0.1326756 0.05769228 0.1326756 0.01923084 0.1326756 0.01923084 0.02945142 0.05769228 0.02945142 0.09615385 0.02945142 0.09615385 0.1326756 0.09615385 0.1326756 0.05769228 0.1326756 0.05769228 0.02945142 0.09615385 0.02945142 0.1346154 0.02945142 0.1346154 0.1326756 0.1346154 0.1326756 0.09615385 0.1326756 0.09615385 0.02945142 0.1346154 0.02945142 0.173076 0.02945142 0.173076 0.1326756 0.173076 0.1326756 0.1346154 0.1326756 0.1346154 0.02945142 0.173076 0.02945142 0.2115394 0.02945142 0.2115394 0.1326756 0.2115394 0.1326756 0.173076 0.1326756 0.173076 0.02945142 0.2115394 0.02945142 0.25 0.02945142 0.25 0.1326756 0.25 0.1326756 0.2115394 0.1326756 0.2115394 0.02945142 0.25 0.02945142 0.2884615 0.02945142 0.2884615 0.1326756 0.2884615 0.1326756 0.25 0.1326756 0.25 0.02945142 0.2884615 0.02945142 0.3269231 0.02945142 0.3269231 0.1326756 0.3269231 0.1326756 0.2884615 0.1326756 0.2884615 0.02945142 0.3269231 0.02945142 0.3653846 0.02945142 0.3653846 0.1326756 0.3653846 0.1326756 0.3269231 0.1326756 0.3269231 0.02945142 0.3653846 0.02945142 0.4038462 0.02945142 0.4038462 0.1326756 0.4038462 0.1326756 0.3653846 0.1326756 0.3653846 0.02945142 0.4038462 0.02945142 0.4423068 0.02945142 0.4423068 0.1326756 0.4423068 0.1326756 0.4038462 0.1326756 0.4038462 0.02945142 0.4423068 0.02945142 0.4807702 0.02945142 0.4807702 0.1326756 0.4807702 0.1326756 0.4423068 0.1326756 0.4423068 0.02945142 0.4807702 0.02945142 0.5192308 0.02945142 0.5192308 0.1326756 0.5192308 0.1326756 0.4807702 0.1326756 0.4807702 0.02945142 0.5192308 0.02945142 0.5576924 0.02945142 0.5576924 0.1326756 0.5576924 0.1326756 0.5192308 0.1326756 0.5192308 0.02945142 0.5576924 0.02945142 0.5961539 0.02945142 0.5961539 0.1326756 0.5961539 0.1326756 0.5576924 0.1326756 0.5576924 0.02945142 0.5961539 0.02945142 0.6346155 0.02945142 0.6346155 0.1326756 0.6346155 0.1326756 0.5961539 0.1326756 0.5961539 0.02945142 0.6346155 0.02945142 0.6730771 0.02945142 0.6730771 0.1326756 0.6730771 0.1326756 0.6346155 0.1326756 0.6346155 0.02945142 0.6730771 0.02945142 0.7115386 0.02945142 0.7115386 0.1326756 0.7115386 0.1326756 0.6730771 0.1326756 0.6730771 0.02945142 0.7115386 0.02945142 0.7499991 0.02945142 0.7499991 0.1326756 0.7499991 0.1326756 0.7115386 0.1326756 0.7115386 0.02945142 0.75 0.135779 0.7884616 0.135779 0.7884616 0.3242542 0.7884616 0.3242542 0.75 0.3242542 0.75 0.135779 0.7884616 0.135779 0.8269231 0.135779 0.8269231 0.3242542 0.8269231 0.3242542 0.7884616 0.3242542 0.7884616 0.135779 0.8269231 0.135779 0.8653847 0.135779 0.8653847 0.3242542 0.8653847 0.3242542 0.8269231 0.3242542 0.8269231 0.135779 0.8653847 0.135779 0.9038463 0.135779 0.9038463 0.3242542 0.9038463 0.3242542 0.8653847 0.3242542 0.8653847 0.135779 0.9038463 0.135779 0.9423078 0.135779 0.9423078 0.3242542 0.9423078 0.3242542 0.9038463 0.3242542 0.9038463 0.135779 0.9423078 0.135779 0.9807693 0.135779 0.9807693 0.3242542 0.9807693 0.3242542 0.9423078 0.3242542 0.9423078 0.135779 0.9807693 0.135779 1.019231 0.135779 1.019231 0.3242542 1.019231 0.3242542 0.9807693 0.3242542 0.9807693 0.135779 0.0192309 0.135779 0.05769234 0.135779 0.05769234 0.3242542 0.05769234 0.3242542 0.0192309 0.3242542 0.0192309 0.135779 0.05769234 0.135779 0.09615391 0.135779 0.09615391 0.3242542 0.09615391 0.3242542 0.05769234 0.3242542 0.05769234 0.135779 0.09615391 0.135779 0.1346154 0.135779 0.1346154 0.3242542 0.1346154 0.3242542 0.09615391 0.3242542 0.09615391 0.135779 0.1346154 0.135779 0.1730769 0.135779 0.1730769 0.3242542 0.1730769 0.3242542 0.1346154 0.3242542 0.1346154 0.135779 0.1730769 0.135779 0.2115384 0.135779 0.2115384 0.3242542 0.2115384 0.3242542 0.1730769 0.3242542 0.1730769 0.135779 0.2115384 0.135779 0.25 0.135779 0.25 0.3242542 0.25 0.3242542 0.2115384 0.3242542 0.2115384 0.135779 0.25 0.135779 0.2884615 0.135779 0.2884615 0.3242542 0.2884615 0.3242542 0.25 0.3242542 0.25 0.135779 0.2884615 0.135779 0.326923 0.135779 0.326923 0.3242542 0.326923 0.3242542 0.2884615 0.3242542 0.2884615 0.135779 0.326923 0.135779 0.3653845 0.135779 0.3653845 0.3242542 0.3653845 0.3242542 0.326923 0.3242542 0.326923 0.135779 0.3653845 0.135779 0.4038461 0.135779 0.4038461 0.3242542 0.4038461 0.3242542 0.3653845 0.3242542 0.3653845 0.135779 0.4038461 0.135779 0.4423076 0.135779 0.4423076 0.3242542 0.4423076 0.3242542 0.4038461 0.3242542 0.4038461 0.135779 0.4423076 0.135779 0.4807692 0.135779 0.4807692 0.3242542 0.4807692 0.3242542 0.4423076 0.3242542 0.4423076 0.135779 0.4807692 0.135779 0.5192307 0.135779 0.5192307 0.3242542 0.5192307 0.3242542 0.4807692 0.3242542 0.4807692 0.135779 0.5192307 0.135779 0.5576923 0.135779 0.5576923 0.3242542 0.5576923 0.3242542 0.5192307 0.3242542 0.5192307 0.135779 0.5576923 0.135779 0.5961539 0.135779 0.5961539 0.3242542 0.5961539 0.3242542 0.5576923 0.3242542 0.5576923 0.135779 0.5961539 0.135779 0.6346154 0.135779 0.6346154 0.3242542 0.6346154 0.3242542 0.5961539 0.3242542 0.5961539 0.135779 0.6346154 0.135779 0.6730771 0.135779 0.6730771 0.3242542 0.6730771 0.3242542 0.6346154 0.3242542 0.6346154 0.135779 0.6730771 0.135779 0.7115387 0.135779 0.7115387 0.3242542 0.7115387 0.3242542 0.6730771 0.3242542 0.6730771 0.135779 0.7115387 0.135779 0.75 0.135779 0.75 0.3242542 0.75 0.3242542 0.7115387 0.3242542 0.7115387 0.135779 0.75 0.3242542 0.7884616 0.3242542 0.7884616 0.4863813 0.7884616 0.4863813 0.75 0.4863813 0.75 0.3242542 0.7884616 0.3242542 0.8269231 0.3242542 0.8269231 0.4863813 0.8269231 0.4863813 0.7884616 0.4863813 0.7884616 0.3242542 0.8269231 0.3242542 0.8653847 0.3242542 0.8653847 0.4863813 0.8653847 0.4863813 0.8269231 0.4863813 0.8269231 0.3242542 0.8653847 0.3242542 0.9038463 0.3242542 0.9038463 0.4863813 0.9038463 0.4863813 0.8653847 0.4863813 0.8653847 0.3242542 0.9038463 0.3242542 0.9423078 0.3242542 0.9423078 0.4863813 0.9423078 0.4863813 0.9038463 0.4863813 0.9038463 0.3242542 0.9423078 0.3242542 0.9807693 0.3242542 0.9807693 0.4863813 0.9807693 0.4863813 0.9423078 0.4863813 0.9423078 0.3242542 0.9807693 0.3242542 1.019231 0.3242542 1.019231 0.4863813 1.019231 0.4863813 0.9807693 0.4863813 0.9807693 0.3242542 0.0192309 0.3242542 0.05769234 0.3242542 0.05769234 0.4863813 0.05769234 0.4863813 0.0192309 0.4863813 0.0192309 0.3242542 0.05769234 0.3242542 0.09615391 0.3242542 0.09615391 0.4863813 0.09615391 0.4863813 0.05769234 0.4863813 0.05769234 0.3242542 0.09615391 0.3242542 0.1346154 0.3242542 0.1346154 0.4863813 0.1346154 0.4863813 0.09615391 0.4863813 0.09615391 0.3242542 0.1346154 0.3242542 0.1730769 0.3242542 0.1730769 0.4863813 0.1730769 0.4863813 0.1346154 0.4863813 0.1346154 0.3242542 0.1730769 0.3242542 0.2115384 0.3242542 0.2115384 0.4863813 0.2115384 0.4863813 0.1730769 0.4863813 0.1730769 0.3242542 0.2115384 0.3242542 0.25 0.3242542 0.25 0.4863813 0.25 0.4863813 0.2115384 0.4863813 0.2115384 0.3242542 0.25 0.3242542 0.2884615 0.3242542 0.2884615 0.4863813 0.2884615 0.4863813 0.25 0.4863813 0.25 0.3242542 0.2884615 0.3242542 0.326923 0.3242542 0.326923 0.4863813 0.326923 0.4863813 0.2884615 0.4863813 0.2884615 0.3242542 0.326923 0.3242542 0.3653845 0.3242542 0.3653845 0.4863813 0.3653845 0.4863813 0.326923 0.4863813 0.326923 0.3242542 0.3653845 0.3242542 0.4038461 0.3242542 0.4038461 0.4863813 0.4038461 0.4863813 0.3653845 0.4863813 0.3653845 0.3242542 0.4038461 0.3242542 0.4423076 0.3242542 0.4423076 0.4863813 0.4423076 0.4863813 0.4038461 0.4863813 0.4038461 0.3242542 0.4423076 0.3242542 0.4807692 0.3242542 0.4807692 0.4863813 0.4807692 0.4863813 0.4423076 0.4863813 0.4423076 0.3242542 0.4807692 0.3242542 0.5192307 0.3242542 0.5192307 0.4863813 0.5192307 0.4863813 0.4807692 0.4863813 0.4807692 0.3242542 0.5192307 0.3242542 0.5576923 0.3242542 0.5576923 0.4863813 0.5576923 0.4863813 0.5192307 0.4863813 0.5192307 0.3242542 0.5576923 0.3242542 0.5961539 0.3242542 0.5961539 0.4863813 0.5961539 0.4863813 0.5576923 0.4863813 0.5576923 0.3242542 0.5961539 0.3242542 0.6346154 0.3242542 0.6346154 0.4863813 0.6346154 0.4863813 0.5961539 0.4863813 0.5961539 0.3242542 0.6346154 0.3242542 0.6730771 0.3242542 0.6730771 0.4863813 0.6730771 0.4863813 0.6346154 0.4863813 0.6346154 0.3242542 0.6730771 0.3242542 0.7115387 0.3242542 0.7115387 0.4863813 0.7115387 0.4863813 0.6730771 0.4863813 0.6730771 0.3242542 0.7115387 0.3242542 0.75 0.3242542 0.75 0.4863813 0.75 0.4863813 0.7115387 0.4863813 0.7115387 0.3242542 0.75 0.4863813 0.7884616 0.4863813 0.7884616 0.6485084 0.7884616 0.6485084 0.75 0.6485084 0.75 0.4863813 0.7884616 0.4863813 0.8269231 0.4863813 0.8269231 0.6485084 0.8269231 0.6485084 0.7884616 0.6485084 0.7884616 0.4863813 0.8269231 0.4863813 0.8653847 0.4863813 0.8653847 0.6485084 0.8653847 0.6485084 0.8269231 0.6485084 0.8269231 0.4863813 0.8653847 0.4863813 0.9038463 0.4863813 0.9038463 0.6485084 0.9038463 0.6485084 0.8653847 0.6485084 0.8653847 0.4863813 0.9038463 0.4863813 0.9423078 0.4863813 0.9423078 0.6485084 0.9423078 0.6485084 0.9038463 0.6485084 0.9038463 0.4863813 0.9423078 0.4863813 0.9807693 0.4863813 0.9807693 0.6485084 0.9807693 0.6485084 0.9423078 0.6485084 0.9423078 0.4863813 0.9807693 0.4863813 1.019231 0.4863813 1.019231 0.6485084 1.019231 0.6485084 0.9807693 0.6485084 0.9807693 0.4863813 0.0192309 0.4863813 0.05769234 0.4863813 0.05769234 0.6485084 0.05769234 0.6485084 0.0192309 0.6485084 0.0192309 0.4863813 0.05769234 0.4863813 0.09615391 0.4863813 0.09615391 0.6485084 0.09615391 0.6485084 0.05769234 0.6485084 0.05769234 0.4863813 0.09615391 0.4863813 0.1346154 0.4863813 0.1346154 0.6485084 0.1346154 0.6485084 0.09615391 0.6485084 0.09615391 0.4863813 0.1346154 0.4863813 0.1730769 0.4863813 0.1730769 0.6485084 0.1730769 0.6485084 0.1346154 0.6485084 0.1346154 0.4863813 0.1730769 0.4863813 0.2115384 0.4863813 0.2115384 0.6485084 0.2115384 0.6485084 0.1730769 0.6485084 0.1730769 0.4863813 0.2115384 0.4863813 0.25 0.4863813 0.25 0.6485084 0.25 0.6485084 0.2115384 0.6485084 0.2115384 0.4863813 0.25 0.4863813 0.2884615 0.4863813 0.2884615 0.6485084 0.2884615 0.6485084 0.25 0.6485084 0.25 0.4863813 0.2884615 0.4863813 0.326923 0.4863813 0.326923 0.6485084 0.326923 0.6485084 0.2884615 0.6485084 0.2884615 0.4863813 0.326923 0.4863813 0.3653845 0.4863813 0.3653845 0.6485084 0.3653845 0.6485084 0.326923 0.6485084 0.326923 0.4863813 0.3653845 0.4863813 0.4038461 0.4863813 0.4038461 0.6485084 0.4038461 0.6485084 0.3653845 0.6485084 0.3653845 0.4863813 0.4038461 0.4863813 0.4423076 0.4863813 0.4423076 0.6485084 0.4423076 0.6485084 0.4038461 0.6485084 0.4038461 0.4863813 0.4423076 0.4863813 0.4807692 0.4863813 0.4807692 0.6485084 0.4807692 0.6485084 0.4423076 0.6485084 0.4423076 0.4863813 0.4807692 0.4863813 0.5192307 0.4863813 0.5192307 0.6485084 0.5192307 0.6485084 0.4807692 0.6485084 0.4807692 0.4863813 0.5192307 0.4863813 0.5576923 0.4863813 0.5576923 0.6485084 0.5576923 0.6485084 0.5192307 0.6485084 0.5192307 0.4863813 0.5576923 0.4863813 0.5961539 0.4863813 0.5961539 0.6485084 0.5961539 0.6485084 0.5576923 0.6485084 0.5576923 0.4863813 0.5961539 0.4863813 0.6346154 0.4863813 0.6346154 0.6485084 0.6346154 0.6485084 0.5961539 0.6485084 0.5961539 0.4863813 0.6346154 0.4863813 0.6730771 0.4863813 0.6730771 0.6485084 0.6730771 0.6485084 0.6346154 0.6485084 0.6346154 0.4863813 0.6730771 0.4863813 0.7115387 0.4863813 0.7115387 0.6485084 0.7115387 0.6485084 0.6730771 0.6485084 0.6730771 0.4863813 0.7115387 0.4863813 0.75 0.4863813 0.75 0.6485084 0.75 0.6485084 0.7115387 0.6485084 0.7115387 0.4863813 0.75 0.6485084 0.7884616 0.6485084 0.7884616 0.8106356 0.7884616 0.8106356 0.75 0.8106356 0.75 0.6485084 0.7884616 0.6485084 0.8269231 0.6485084 0.8269231 0.8106356 0.8269231 0.8106356 0.7884616 0.8106356 0.7884616 0.6485084 0.8269231 0.6485084 0.8653847 0.6485084 0.8653847 0.8106356 0.8653847 0.8106356 0.8269231 0.8106356 0.8269231 0.6485084 0.8653847 0.6485084 0.9038463 0.6485084 0.9038463 0.8106356 0.9038463 0.8106356 0.8653847 0.8106356 0.8653847 0.6485084 0.9038463 0.6485084 0.9423078 0.6485084 0.9423078 0.8106356 0.9423078 0.8106356 0.9038463 0.8106356 0.9038463 0.6485084 0.9423078 0.6485084 0.9807693 0.6485084 0.9807693 0.8106356 0.9807693 0.8106356 0.9423078 0.8106356 0.9423078 0.6485084 0.9807693 0.6485084 1.019231 0.6485084 1.019231 0.8106356 1.019231 0.8106356 0.9807693 0.8106356 0.9807693 0.6485084 0.0192309 0.6485084 0.05769234 0.6485084 0.05769234 0.8106356 0.05769234 0.8106356 0.0192309 0.8106356 0.0192309 0.6485084 0.05769234 0.6485084 0.09615391 0.6485084 0.09615391 0.8106356 0.09615391 0.8106356 0.05769234 0.8106356 0.05769234 0.6485084 0.09615391 0.6485084 0.1346154 0.6485084 0.1346154 0.8106356 0.1346154 0.8106356 0.09615391 0.8106356 0.09615391 0.6485084 0.1346154 0.6485084 0.1730769 0.6485084 0.1730769 0.8106356 0.1730769 0.8106356 0.1346154 0.8106356 0.1346154 0.6485084 0.1730769 0.6485084 0.2115384 0.6485084 0.2115384 0.8106356 0.2115384 0.8106356 0.1730769 0.8106356 0.1730769 0.6485084 0.2115384 0.6485084 0.25 0.6485084 0.25 0.8106356 0.25 0.8106356 0.2115384 0.8106356 0.2115384 0.6485084 0.25 0.6485084 0.2884615 0.6485084 0.2884615 0.8106356 0.2884615 0.8106356 0.25 0.8106356 0.25 0.6485084 0.2884615 0.6485084 0.326923 0.6485084 0.326923 0.8106356 0.326923 0.8106356 0.2884615 0.8106356 0.2884615 0.6485084 0.326923 0.6485084 0.3653845 0.6485084 0.3653845 0.8106356 0.3653845 0.8106356 0.326923 0.8106356 0.326923 0.6485084 0.3653845 0.6485084 0.4038461 0.6485084 0.4038461 0.8106356 0.4038461 0.8106356 0.3653845 0.8106356 0.3653845 0.6485084 0.4038461 0.6485084 0.4423076 0.6485084 0.4423076 0.8106356 0.4423076 0.8106356 0.4038461 0.8106356 0.4038461 0.6485084 0.4423076 0.6485084 0.4807692 0.6485084 0.4807692 0.8106356 0.4807692 0.8106356 0.4423076 0.8106356 0.4423076 0.6485084 0.4807692 0.6485084 0.5192307 0.6485084 0.5192307 0.8106356 0.5192307 0.8106356 0.4807692 0.8106356 0.4807692 0.6485084 0.5192307 0.6485084 0.5576923 0.6485084 0.5576923 0.8106356 0.5576923 0.8106356 0.5192307 0.8106356 0.5192307 0.6485084 0.5576923 0.6485084 0.5961539 0.6485084 0.5961539 0.8106356 0.5961539 0.8106356 0.5576923 0.8106356 0.5576923 0.6485084 0.5961539 0.6485084 0.6346154 0.6485084 0.6346154 0.8106356 0.6346154 0.8106356 0.5961539 0.8106356 0.5961539 0.6485084 0.6346154 0.6485084 0.6730771 0.6485084 0.6730771 0.8106356 0.6730771 0.8106356 0.6346154 0.8106356 0.6346154 0.6485084 0.6730771 0.6485084 0.7115387 0.6485084 0.7115387 0.8106356 0.7115387 0.8106356 0.6730771 0.8106356 0.6730771 0.6485084 0.7115387 0.6485084 0.75 0.6485084 0.75 0.8106356 0.75 0.8106356 0.7115387 0.8106356 0.7115387 0.6485084 0.75 0.8106356 0.7884616 0.8106356 0.7884616 0.9727626 0.7884616 0.9727626 0.75 0.9727626 0.75 0.8106356 0.7884616 0.8106356 0.8269231 0.8106356 0.8269231 0.9727626 0.8269231 0.9727626 0.7884616 0.9727626 0.7884616 0.8106356 0.8269231 0.8106356 0.8653847 0.8106356 0.8653847 0.9727626 0.8653847 0.9727626 0.8269231 0.9727626 0.8269231 0.8106356 0.8653847 0.8106356 0.9038463 0.8106356 0.9038463 0.9727626 0.9038463 0.9727626 0.8653847 0.9727626 0.8653847 0.8106356 0.9038463 0.8106356 0.9423078 0.8106356 0.9423078 0.9727626 0.9423078 0.9727626 0.9038463 0.9727626 0.9038463 0.8106356 0.9423078 0.8106356 0.9807693 0.8106356 0.9807693 0.9727626 0.9807693 0.9727626 0.9423078 0.9727626 0.9423078 0.8106356 0.9807693 0.8106356 1.019231 0.8106356 1.019231 0.9727626 1.019231 0.9727626 0.9807693 0.9727626 0.9807693 0.8106356 0.0192309 0.8106356 0.05769234 0.8106356 0.05769234 0.9727626 0.05769234 0.9727626 0.0192309 0.9727626 0.0192309 0.8106356 0.05769234 0.8106356 0.09615391 0.8106356 0.09615391 0.9727626 0.09615391 0.9727626 0.05769234 0.9727626 0.05769234 0.8106356 0.09615391 0.8106356 0.1346154 0.8106356 0.1346154 0.9727626 0.1346154 0.9727626 0.09615391 0.9727626 0.09615391 0.8106356 0.1346154 0.8106356 0.1730769 0.8106356 0.1730769 0.9727626 0.1730769 0.9727626 0.1346154 0.9727626 0.1346154 0.8106356 0.1730769 0.8106356 0.2115384 0.8106356 0.2115384 0.9727626 0.2115384 0.9727626 0.1730769 0.9727626 0.1730769 0.8106356 0.2115384 0.8106356 0.25 0.8106356 0.25 0.9727626 0.25 0.9727626 0.2115384 0.9727626 0.2115384 0.8106356 0.25 0.8106356 0.2884615 0.8106356 0.2884615 0.9727626 0.2884615 0.9727626 0.25 0.9727626 0.25 0.8106356 0.2884615 0.8106356 0.326923 0.8106356 0.326923 0.9727626 0.326923 0.9727626 0.2884615 0.9727626 0.2884615 0.8106356 0.326923 0.8106356 0.3653845 0.8106356 0.3653845 0.9727626 0.3653845 0.9727626 0.326923 0.9727626 0.326923 0.8106356 0.3653845 0.8106356 0.4038461 0.8106356 0.4038461 0.9727626 0.4038461 0.9727626 0.3653845 0.9727626 0.3653845 0.8106356 0.4038461 0.8106356 0.4423076 0.8106356 0.4423076 0.9727626 0.4423076 0.9727626 0.4038461 0.9727626 0.4038461 0.8106356 0.4423076 0.8106356 0.4807692 0.8106356 0.4807692 0.9727626 0.4807692 0.9727626 0.4423076 0.9727626 0.4423076 0.8106356 0.4807692 0.8106356 0.5192307 0.8106356 0.5192307 0.9727626 0.5192307 0.9727626 0.4807692 0.9727626 0.4807692 0.8106356 0.5192307 0.8106356 0.5576923 0.8106356 0.5576923 0.9727626 0.5576923 0.9727626 0.5192307 0.9727626 0.5192307 0.8106356 0.5576923 0.8106356 0.5961539 0.8106356 0.5961539 0.9727626 0.5961539 0.9727626 0.5576923 0.9727626 0.5576923 0.8106356 0.5961539 0.8106356 0.6346154 0.8106356 0.6346154 0.9727626 0.6346154 0.9727626 0.5961539 0.9727626 0.5961539 0.8106356 0.6346154 0.8106356 0.6730771 0.8106356 0.6730771 0.9727626 0.6730771 0.9727626 0.6346154 0.9727626 0.6346154 0.8106356 0.6730771 0.8106356 0.7115387 0.8106356 0.7115387 0.9727626 0.7115387 0.9727626 0.6730771 0.9727626 0.6730771 0.8106356 0.7115387 0.8106356 0.75 0.8106356 0.75 0.9727626 0.75 0.9727626 0.7115387 0.9727626 0.7115387 0.8106356 0.75 0 0.7884616 0 0.7884625 0 0.7884625 0 0.7499991 0 0.75 0 0.7884616 0 0.8269231 0 0.8269231 0 0.8269231 0 0.7884625 0 0.7884616 0 0.8269231 0 0.8653847 0 0.8653847 0 0.8653847 0 0.8269231 0 0.8269231 0 0.8653847 0 0.9038463 0 0.9038453 0 0.9038453 0 0.8653847 0 0.8653847 0 0.9038463 0 0.9423078 0 0.9423087 0 0.9423087 0 0.9038453 0 0.9038463 0 0.9423078 0 0.9807693 0 0.9807693 0 0.9807693 0 0.9423087 0 0.9423078 0 0.9807693 0 1.019231 0 1.019231 0 1.019231 0 0.9807693 0 0.9807693 0 0.0192309 0 0.05769234 0 0.05769228 0 0.05769228 0 0.01923084 0 0.0192309 0 0.05769234 0 0.09615391 0 0.09615385 0 0.09615385 0 0.05769228 0 0.05769234 0 0.09615391 0 0.1346154 0 0.1346154 0 0.1346154 0 0.09615385 0 0.09615391 0 0.1346154 0 0.1730769 0 0.173076 0 0.173076 0 0.1346154 0 0.1346154 0 0.1730769 0 0.2115384 0 0.2115394 0 0.2115394 0 0.173076 0 0.1730769 0 0.2115384 0 0.25 0 0.25 0 0.25 0 0.2115394 0 0.2115384 0 0.25 0 0.2884615 0 0.2884615 0 0.2884615 0 0.25 0 0.25 0 0.2884615 0 0.326923 0 0.3269231 0 0.3269231 0 0.2884615 0 0.2884615 0 0.326923 0 0.3653845 0 0.3653846 0 0.3653846 0 0.3269231 0 0.326923 0 0.3653845 0 0.4038461 0 0.4038462 0 0.4038462 0 0.3653846 0 0.3653845 0 0.4038461 0 0.4423076 0 0.4423068 0 0.4423068 0 0.4038462 0 0.4038461 0 0.4423076 0 0.4807692 0 0.4807702 0 0.4807702 0 0.4423068 0 0.4423076 0 0.4807692 0 0.5192307 0 0.5192308 0 0.5192308 0 0.4807702 0 0.4807692 0 0.5192307 0 0.5576923 0 0.5576924 0 0.5576924 0 0.5192308 0 0.5192307 0 0.5576923 0 0.5961539 0 0.5961539 0 0.5961539 0 0.5576924 0 0.5576923 0 0.5961539 0 0.6346154 0 0.6346155 0 0.6346155 0 0.5961539 0 0.5961539 0 0.6346154 0 0.6730771 0 0.6730771 0 0.6730771 0 0.6346155 0 0.6346154 0 0.6730771 0 0.7115387 0 0.7115386 0 0.7115386 0 0.6730771 0 0.6730771 0 0.7115387 0 0.75 0 0.7499991 0 0.7499991 0 0.7115386 0 0.7115387 0 0.7884616 0.135779 0.75 0.135779 0.7499991 0.135779 0.7499991 0.135779 0.7884624 0.135779 0.7884616 0.135779 0.75 0.135779 0.7115387 0.135779 0.7115386 0.135779 0.7115386 0.135779 0.7499991 0.135779 0.75 0.135779 0.7115387 0.135779 0.6730771 0.135779 0.6730771 0.135779 0.6730771 0.135779 0.7115386 0.135779 0.7115387 0.135779 0.6730771 0.135779 0.6346154 0.135779 0.6346155 0.135779 0.6346155 0.135779 0.6730771 0.135779 0.6730771 0.135779 0.6346154 0.135779 0.5961539 0.135779 0.5961539 0.135779 0.5961539 0.135779 0.6346155 0.135779 0.6346154 0.135779 0.5961539 0.135779 0.5576923 0.135779 0.5576924 0.135779 0.5576924 0.135779 0.5961539 0.135779 0.5961539 0.135779 0.5576923 0.135779 0.5192307 0.135779 0.5192308 0.135779 0.5192308 0.135779 0.5576924 0.135779 0.5576923 0.135779 0.5192307 0.135779 0.4807692 0.135779 0.4807702 0.135779 0.4807702 0.135779 0.5192308 0.135779 0.5192307 0.135779 0.4807692 0.135779 0.4423076 0.135779 0.4423068 0.135779 0.4423068 0.135779 0.4807702 0.135779 0.4807692 0.135779 0.4423076 0.135779 0.4038461 0.135779 0.4038462 0.135779 0.4038462 0.135779 0.4423068 0.135779 0.4423076 0.135779 0.4038461 0.135779 0.3653845 0.135779 0.3653846 0.135779 0.3653846 0.135779 0.4038462 0.135779 0.4038461 0.135779 0.3653845 0.135779 0.326923 0.135779 0.3269231 0.135779 0.3269231 0.135779 0.3653846 0.135779 0.3653845 0.135779 0.326923 0.135779 0.2884615 0.135779 0.2884615 0.135779 0.2884615 0.135779 0.3269231 0.135779 0.326923 0.135779 0.2884615 0.135779 0.25 0.135779 0.25 0.135779 0.25 0.135779 0.2884615 0.135779 0.2884615 0.135779 0.25 0.135779 0.2115384 0.135779 0.2115393 0.135779 0.2115393 0.135779 0.25 0.135779 0.25 0.135779 0.2115384 0.135779 0.1730769 0.135779 0.173076 0.135779 0.173076 0.135779 0.2115393 0.135779 0.2115384 0.135779 0.1730769 0.135779 0.1346154 0.135779 0.1346154 0.135779 0.1346154 0.135779 0.173076 0.135779 0.1730769 0.135779 0.1346154 0.135779 0.09615391 0.135779 0.09615385 0.135779 0.09615385 0.135779 0.1346154 0.135779 0.1346154 0.135779 0.09615391 0.135779 0.05769234 0.135779 0.05769228 0.135779 0.05769228 0.135779 0.09615385 0.135779 0.09615391 0.135779 0.05769234 0.135779 0.0192309 0.135779 0.01923084 0.135779 0.01923084 0.135779 0.05769228 0.135779 0.05769234 0.135779 0.0192309 0.135779 -0.01923066 0.135779 -0.01923072 0.135779 -0.01923072 0.135779 0.01923084 0.135779 0.0192309 0.135779 0.9807693 0.135779 0.9423078 0.135779 0.9423087 0.135779 0.9423087 0.135779 0.9807693 0.135779 0.9807693 0.135779 0.9423078 0.135779 0.9038463 0.135779 0.9038453 0.135779 0.9038453 0.135779 0.9423087 0.135779 0.9423078 0.135779 0.9038463 0.135779 0.8653847 0.135779 0.8653847 0.135779 0.8653847 0.135779 0.9038453 0.135779 0.9038463 0.135779 0.8653847 0.135779 0.8269231 0.135779 0.8269231 0.135779 0.8269231 0.135779 0.8653847 0.135779 0.8653847 0.135779 0.8269231 0.135779 0.7884616 0.135779 0.7884624 0.135779 0.7884624 0.135779 0.8269231 0.135779 0.8269231 0.135779 0.0192309 0.9727626 0.326923 0.9727626 0.6346154 0.9727626 0.7499988 0 0.7884618 0 0.7884625 0.01777827 0.7884625 0.01777827 0.7499994 0.01777827 0.7499988 0 0.7884618 0 0.8269231 0 0.8269231 0.01777827 0.8269231 0.01777827 0.7884625 0.01777827 0.7884618 0 0.8269231 0 0.8653845 0 0.8653845 0.01777827 0.8653845 0.01777827 0.8269231 0.01777827 0.8269231 0 0.8653845 0 0.9038454 0 0.9038454 0.01777827 0.9038454 0.01777827 0.8653845 0.01777827 0.8653845 0 0.9038454 0 0.9423091 0 0.9423084 0.01777827 0.9423084 0.01777827 0.9038454 0.01777827 0.9038454 0 0.9423091 0 0.9807687 0 0.9807694 0.01777827 0.9807694 0.01777827 0.9423084 0.01777827 0.9423091 0 0.9807687 0 1.019231 0 1.019231 0.01777827 1.019231 0.01777827 0.9807694 0.01777827 0.9807687 0 0.01923078 0 0.05769181 0 0.05769181 0.01777827 0.05769181 0.01777827 0.01923078 0.01777827 0.01923078 0 0.05769181 0 0.09615439 0 0.09615439 0.01777827 0.09615439 0.01777827 0.05769181 0.01777827 0.05769181 0 0.09615439 0 0.1346153 0 0.1346153 0.01777827 0.1346153 0.01777827 0.09615439 0.01777827 0.09615439 0 0.1346153 0 0.1730762 0 0.1730762 0.01777827 0.1730762 0.01777827 0.1346153 0.01777827 0.1346153 0 0.1730762 0 0.2115393 0 0.2115393 0.01777827 0.2115393 0.01777827 0.1730762 0.01777827 0.1730762 0 0.2115393 0 0.25 0 0.2500001 0.01777827 0.2500001 0.01777827 0.2115393 0.01777827 0.2115393 0 0.25 0 0.2884616 0 0.2884616 0.01777827 0.2884616 0.01777827 0.2500001 0.01777827 0.25 0 0.2884616 0 0.3269225 0 0.3269225 0.01777827 0.3269225 0.01777827 0.2884616 0.01777827 0.2884616 0 0.3269225 0 0.3653852 0 0.3653852 0.01777827 0.3653852 0.01777827 0.3269225 0.01777827 0.3269225 0 0.3653852 0 0.4038456 0 0.4038459 0.01777827 0.4038459 0.01777827 0.3653852 0.01777827 0.3653852 0 0.4038456 0 0.4423065 0 0.4423068 0.01777827 0.4423068 0.01777827 0.4038459 0.01777827 0.4038456 0 0.4423065 0 0.4807701 0 0.4807701 0.01777827 0.4807701 0.01777827 0.4423068 0.01777827 0.4423065 0 0.4807701 0 0.5192314 0 0.519231 0.01777827 0.519231 0.01777827 0.4807701 0.01777827 0.4807701 0 0.5192314 0 0.557693 0 0.5576927 0.01777827 0.5576927 0.01777827 0.519231 0.01777827 0.5192314 0 0.557693 0 0.5961534 0 0.5961534 0.01777827 0.5961534 0.01777827 0.5576927 0.01777827 0.557693 0 0.5961534 0 0.634616 0 0.634616 0.01777827 0.634616 0.01777827 0.5961534 0.01777827 0.5961534 0 0.634616 0 0.6730771 0 0.6730771 0.01777827 0.6730771 0.01777827 0.634616 0.01777827 0.634616 0 0.6730771 0 0.7115385 0 0.7115385 0.01777827 0.7115385 0.01777827 0.6730771 0.01777827 0.6730771 0 0.7115385 0 0.7499988 0 0.7499994 0.01777827 0.7499994 0.01777827 0.7115385 0.01777827 0.7115385 0 0.7884625 0.1347561 0.7499991 0.1347561 0.7499991 0.1326756 0.7499991 0.1326756 0.7884625 0.1326756 0.7884625 0.1347561 0.7499991 0.1347561 0.7115386 0.1347561 0.7115386 0.1326756 0.7115386 0.1326756 0.7499991 0.1326756 0.7499991 0.1347561 0.7115386 0.1347561 0.6730771 0.1347561 0.6730771 0.1326756 0.6730771 0.1326756 0.7115386 0.1326756 0.7115386 0.1347561 0.6730771 0.1347561 0.6346155 0.1347561 0.6346155 0.1326756 0.6346155 0.1326756 0.6730771 0.1326756 0.6730771 0.1347561 0.6346155 0.1347561 0.5961539 0.1347561 0.5961539 0.1326756 0.5961539 0.1326756 0.6346155 0.1326756 0.6346155 0.1347561 0.5961539 0.1347561 0.5576924 0.1347561 0.5576924 0.1326756 0.5576924 0.1326756 0.5961539 0.1326756 0.5961539 0.1347561 0.5576924 0.1347561 0.5192308 0.1347561 0.5192308 0.1326756 0.5192308 0.1326756 0.5576924 0.1326756 0.5576924 0.1347561 0.5192308 0.1347561 0.4807702 0.1347561 0.4807702 0.1326756 0.4807702 0.1326756 0.5192308 0.1326756 0.5192308 0.1347561 0.4807702 0.1347561 0.4423068 0.1347561 0.4423068 0.1326756 0.4423068 0.1326756 0.4807702 0.1326756 0.4807702 0.1347561 0.4423068 0.1347561 0.4038462 0.1347561 0.4038462 0.1326756 0.4038462 0.1326756 0.4423068 0.1326756 0.4423068 0.1347561 0.4038462 0.1347561 0.3653846 0.1347561 0.3653846 0.1326756 0.3653846 0.1326756 0.4038462 0.1326756 0.4038462 0.1347561 0.3653846 0.1347561 0.3269231 0.1347561 0.3269231 0.1326756 0.3269231 0.1326756 0.3653846 0.1326756 0.3653846 0.1347561 0.3269231 0.1347561 0.2884615 0.1347561 0.2884615 0.1326756 0.2884615 0.1326756 0.3269231 0.1326756 0.3269231 0.1347561 0.2884615 0.1347561 0.25 0.1347561 0.25 0.1326756 0.25 0.1326756 0.2884615 0.1326756 0.2884615 0.1347561 0.25 0.1347561 0.2115394 0.1347561 0.2115394 0.1326756 0.2115394 0.1326756 0.25 0.1326756 0.25 0.1347561 0.2115394 0.1347561 0.173076 0.1347561 0.173076 0.1326756 0.173076 0.1326756 0.2115394 0.1326756 0.2115394 0.1347561 0.173076 0.1347561 0.1346154 0.1347561 0.1346154 0.1326756 0.1346154 0.1326756 0.173076 0.1326756 0.173076 0.1347561 0.1346154 0.1347561 0.09615385 0.1347561 0.09615385 0.1326756 0.09615385 0.1326756 0.1346154 0.1326756 0.1346154 0.1347561 0.09615385 0.1347561 0.05769228 0.1347561 0.05769228 0.1326756 0.05769228 0.1326756 0.09615385 0.1326756 0.09615385 0.1347561 0.05769228 0.1347561 0.01923084 0.1347561 0.01923084 0.1326756 0.01923084 0.1326756 0.05769228 0.1326756 0.05769228 0.1347561 0.01923084 0.1347561 -0.01923072 0.1347561 -0.01923072 0.1326756 -0.01923072 0.1326756 0.01923084 0.1326756 0.01923084 0.1347561 0.9807693 0.1347561 0.9423087 0.1347561 0.9423087 0.1326756 0.9423087 0.1326756 0.9807693 0.1326756 0.9807693 0.1347561 0.9423087 0.1347561 0.9038453 0.1347561 0.9038453 0.1326756 0.9038453 0.1326756 0.9423087 0.1326756 0.9423087 0.1347561 0.9038453 0.1347561 0.8653847 0.1347561 0.8653847 0.1326756 0.8653847 0.1326756 0.9038453 0.1326756 0.9038453 0.1347561 0.8653847 0.1347561 0.8269231 0.1347561 0.8269231 0.1326756 0.8269231 0.1326756 0.8653847 0.1326756 0.8653847 0.1347561 0.8269231 0.1347561 0.7884625 0.1347561 0.7884625 0.1326756 0.7884625 0.1326756 0.8269231 0.1326756 0.8269231 0.1347561 0.7499991 0 0.7884625 0 0.7884618 0 0.7884618 0 0.7499988 0 0.7499991 0 0.7884625 0 0.8269231 0 0.8269231 0 0.8269231 0 0.7884618 0 0.7884625 0 0.8269231 0 0.8653847 0 0.8653845 0 0.8653845 0 0.8269231 0 0.8269231 0 0.8653847 0 0.9038453 0 0.9038454 0 0.9038454 0 0.8653845 0 0.8653847 0 0.9038453 0 0.9423087 0 0.9423091 0 0.9423091 0 0.9038454 0 0.9038453 0 0.9423087 0 0.9807693 0 0.9807687 0 0.9807687 0 0.9423091 0 0.9423087 0 0.9807693 0 1.019231 0 1.019231 0 1.019231 0 0.9807687 0 0.9807693 0 0.01923084 0 0.05769228 0 0.05769181 0 0.05769181 0 0.01923078 0 0.01923084 0 0.05769228 0 0.09615385 0 0.09615439 0 0.09615439 0 0.05769181 0 0.05769228 0 0.09615385 0 0.1346154 0 0.1346153 0 0.1346153 0 0.09615439 0 0.09615385 0 0.1346154 0 0.173076 0 0.1730762 0 0.1730762 0 0.1346153 0 0.1346154 0 0.173076 0 0.2115394 0 0.2115393 0 0.2115393 0 0.1730762 0 0.173076 0 0.2115394 0 0.25 0 0.25 0 0.25 0 0.2115393 0 0.2115394 0 0.25 0 0.2884615 0 0.2884616 0 0.2884616 0 0.25 0 0.25 0 0.2884615 0 0.3269231 0 0.3269225 0 0.3269225 0 0.2884616 0 0.2884615 0 0.3269231 0 0.3653846 0 0.3653852 0 0.3653852 0 0.3269225 0 0.3269231 0 0.3653846 0 0.4038462 0 0.4038456 0 0.4038456 0 0.3653852 0 0.3653846 0 0.4038462 0 0.4423068 0 0.4423065 0 0.4423065 0 0.4038456 0 0.4038462 0 0.4423068 0 0.4807702 0 0.4807701 0 0.4807701 0 0.4423065 0 0.4423068 0 0.4807702 0 0.5192308 0 0.5192314 0 0.5192314 0 0.4807701 0 0.4807702 0 0.5192308 0 0.5576924 0 0.557693 0 0.557693 0 0.5192314 0 0.5192308 0 0.5576924 0 0.5961539 0 0.5961534 0 0.5961534 0 0.557693 0 0.5576924 0 0.5961539 0 0.6346155 0 0.634616 0 0.634616 0 0.5961534 0 0.5961539 0 0.6346155 0 0.6730771 0 0.6730771 0 0.6730771 0 0.634616 0 0.6346155 0 0.6730771 0 0.7115386 0 0.7115385 0 0.7115385 0 0.6730771 0 0.6730771 0 0.7115386 0 0.7499991 0 0.7499988 0 0.7499988 0 0.7115385 0 0.7115386 0 0.7884625 0.02945142 0.7499991 0.02945142 0.7499991 0.02945142 0.7499991 0.02945142 0.7884625 0.02945142 0.7884625 0.02945142 0.7499991 0.02945142 0.7115386 0.02945142 0.7115386 0.02945142 0.7115386 0.02945142 0.7499991 0.02945142 0.7499991 0.02945142 0.7115386 0.02945142 0.6730771 0.02945142 0.6730771 0.02945142 0.6730771 0.02945142 0.7115386 0.02945142 0.7115386 0.02945142 0.6730771 0.02945142 0.6346155 0.02945142 0.6346156 0.02945142 0.6346156 0.02945142 0.6730771 0.02945142 0.6730771 0.02945142 0.6346155 0.02945142 0.5961539 0.02945142 0.5961539 0.02945142 0.5961539 0.02945142 0.6346156 0.02945142 0.6346155 0.02945142 0.5961539 0.02945142 0.5576924 0.02945142 0.5576924 0.02945142 0.5576924 0.02945142 0.5961539 0.02945142 0.5961539 0.02945142 0.5576924 0.02945142 0.5192308 0.02945142 0.5192308 0.02945142 0.5192308 0.02945142 0.5576924 0.02945142 0.5576924 0.02945142 0.5192308 0.02945142 0.4807702 0.02945142 0.4807702 0.02945142 0.4807702 0.02945142 0.5192308 0.02945142 0.5192308 0.02945142 0.4807702 0.02945142 0.4423068 0.02945142 0.4423068 0.02945142 0.4423068 0.02945142 0.4807702 0.02945142 0.4807702 0.02945142 0.4423068 0.02945142 0.4038462 0.02945142 0.4038462 0.02945142 0.4038462 0.02945142 0.4423068 0.02945142 0.4423068 0.02945142 0.4038462 0.02945142 0.3653846 0.02945142 0.3653846 0.02945142 0.3653846 0.02945142 0.4038462 0.02945142 0.4038462 0.02945142 0.3653846 0.02945142 0.3269231 0.02945142 0.3269231 0.02945142 0.3269231 0.02945142 0.3653846 0.02945142 0.3653846 0.02945142 0.3269231 0.02945142 0.2884615 0.02945142 0.2884615 0.02945142 0.2884615 0.02945142 0.3269231 0.02945142 0.3269231 0.02945142 0.2884615 0.02945142 0.25 0.02945142 0.25 0.02945142 0.25 0.02945142 0.2884615 0.02945142 0.2884615 0.02945142 0.25 0.02945142 0.2115394 0.02945142 0.2115394 0.02945142 0.2115394 0.02945142 0.25 0.02945142 0.25 0.02945142 0.2115394 0.02945142 0.173076 0.02945142 0.173076 0.02945142 0.173076 0.02945142 0.2115394 0.02945142 0.2115394 0.02945142 0.173076 0.02945142 0.1346154 0.02945142 0.1346154 0.02945142 0.1346154 0.02945142 0.173076 0.02945142 0.173076 0.02945142 0.1346154 0.02945142 0.09615385 0.02945142 0.09615385 0.02945142 0.09615385 0.02945142 0.1346154 0.02945142 0.1346154 0.02945142 0.09615385 0.02945142 0.05769228 0.02945142 0.05769228 0.02945142 0.05769228 0.02945142 0.09615385 0.02945142 0.09615385 0.02945142 0.05769228 0.02945142 0.01923084 0.02945142 0.01923084 0.02945142 0.01923084 0.02945142 0.05769228 0.02945142 0.05769228 0.02945142 0.01923084 0.02945142 -0.01923072 0.02945142 -0.01923072 0.02945142 -0.01923072 0.02945142 0.01923084 0.02945142 0.01923084 0.02945142 0.9807693 0.02945142 0.9423087 0.02945142 0.9423087 0.02945142 0.9423087 0.02945142 0.9807693 0.02945142 0.9807693 0.02945142 0.9423087 0.02945142 0.9038453 0.02945142 0.9038453 0.02945142 0.9038453 0.02945142 0.9423087 0.02945142 0.9423087 0.02945142 0.9038453 0.02945142 0.8653846 0.02945142 0.8653847 0.02945142 0.8653847 0.02945142 0.9038453 0.02945142 0.9038453 0.02945142 0.8653846 0.02945142 0.8269231 0.02945142 0.8269231 0.02945142 0.8269231 0.02945142 0.8653847 0.02945142 0.8653846 0.02945142 0.8269231 0.02945142 0.7884625 0.02945142 0.7884625 0.02945142 0.7884625 0.02945142 0.8269231 0.02945142 0.8269231 0.02945142 0.7884625 0.01777827 0.7884625 0.02945142 0.7499991 0.02945142 0.7499991 0.02945142 0.7499994 0.01777827 0.7884625 0.01777827 0.7499994 0.01777827 0.7499991 0.02945142 0.7115386 0.02945142 0.7115386 0.02945142 0.7115385 0.01777827 0.7499994 0.01777827 0.7115385 0.01777827 0.7115386 0.02945142 0.6730771 0.02945142 0.6730771 0.02945142 0.6730771 0.01777827 0.7115385 0.01777827 0.6730771 0.01777827 0.6730771 0.02945142 0.6346156 0.02945142 0.6346156 0.02945142 0.634616 0.01777827 0.6730771 0.01777827 0.634616 0.01777827 0.6346156 0.02945142 0.5961539 0.02945142 0.5961539 0.02945142 0.5961534 0.01777827 0.634616 0.01777827 0.5961534 0.01777827 0.5961539 0.02945142 0.5576924 0.02945142 0.5576924 0.02945142 0.5576927 0.01777827 0.5961534 0.01777827 0.5576927 0.01777827 0.5576924 0.02945142 0.5192308 0.02945142 0.5192308 0.02945142 0.519231 0.01777827 0.5576927 0.01777827 0.519231 0.01777827 0.5192308 0.02945142 0.4807702 0.02945142 0.4807702 0.02945142 0.4807701 0.01777827 0.519231 0.01777827 0.4807701 0.01777827 0.4807702 0.02945142 0.4423068 0.02945142 0.4423068 0.02945142 0.4423068 0.01777827 0.4807701 0.01777827 0.4423068 0.01777827 0.4423068 0.02945142 0.4038462 0.02945142 0.4038462 0.02945142 0.4038459 0.01777827 0.4423068 0.01777827 0.4038459 0.01777827 0.4038462 0.02945142 0.3653846 0.02945142 0.3653846 0.02945142 0.3653852 0.01777827 0.4038459 0.01777827 0.3653852 0.01777827 0.3653846 0.02945142 0.3269231 0.02945142 0.3269231 0.02945142 0.3269225 0.01777827 0.3653852 0.01777827 0.3269225 0.01777827 0.3269231 0.02945142 0.2884615 0.02945142 0.2884615 0.02945142 0.2884616 0.01777827 0.3269225 0.01777827 0.2884616 0.01777827 0.2884615 0.02945142 0.25 0.02945142 0.25 0.02945142 0.2500001 0.01777827 0.2884616 0.01777827 0.2500001 0.01777827 0.25 0.02945142 0.2115394 0.02945142 0.2115394 0.02945142 0.2115393 0.01777827 0.2500001 0.01777827 0.2115393 0.01777827 0.2115394 0.02945142 0.173076 0.02945142 0.173076 0.02945142 0.1730762 0.01777827 0.2115393 0.01777827 0.1730762 0.01777827 0.173076 0.02945142 0.1346154 0.02945142 0.1346154 0.02945142 0.1346153 0.01777827 0.1730762 0.01777827 0.1346153 0.01777827 0.1346154 0.02945142 0.09615385 0.02945142 0.09615385 0.02945142 0.09615439 0.01777827 0.1346153 0.01777827 0.09615439 0.01777827 0.09615385 0.02945142 0.05769228 0.02945142 0.05769228 0.02945142 0.05769181 0.01777827 0.09615439 0.01777827 0.05769181 0.01777827 0.05769228 0.02945142 0.01923084 0.02945142 0.01923084 0.02945142 0.01923078 0.01777827 0.05769181 0.01777827 0.01923078 0.01777827 0.01923084 0.02945142 -0.01923072 0.02945142 -0.01923072 0.02945142 -0.0192306 0.01777827 0.01923078 0.01777827 0.9807694 0.01777827 0.9807693 0.02945142 0.9423087 0.02945142 0.9423087 0.02945142 0.9423084 0.01777827 0.9807694 0.01777827 0.9423084 0.01777827 0.9423087 0.02945142 0.9038453 0.02945142 0.9038453 0.02945142 0.9038454 0.01777827 0.9423084 0.01777827 0.9038454 0.01777827 0.9038453 0.02945142 0.8653847 0.02945142 0.8653847 0.02945142 0.8653845 0.01777827 0.9038454 0.01777827 0.8653845 0.01777827 0.8653847 0.02945142 0.8269231 0.02945142 0.8269231 0.02945142 0.8269231 0.01777827 0.8653845 0.01777827 0.8269231 0.01777827 0.8269231 0.02945142 0.7884625 0.02945142 0.7884625 0.02945142 0.7884625 0.01777827 0.8269231 0.01777827 0.7884625 0.1347561 0.7884624 0.135779 0.7499991 0.135779 0.7499991 0.135779 0.7499991 0.1347561 0.7884625 0.1347561 0.7499991 0.1347561 0.7499991 0.135779 0.7115386 0.135779 0.7115386 0.135779 0.7115386 0.1347561 0.7499991 0.1347561 0.7115386 0.1347561 0.7115386 0.135779 0.6730771 0.135779 0.6730771 0.135779 0.6730771 0.1347561 0.7115386 0.1347561 0.6730771 0.1347561 0.6730771 0.135779 0.6346155 0.135779 0.6346155 0.135779 0.6346155 0.1347561 0.6730771 0.1347561 0.6346155 0.1347561 0.6346155 0.135779 0.5961539 0.135779 0.5961539 0.135779 0.5961539 0.1347561 0.6346155 0.1347561 0.5961539 0.1347561 0.5961539 0.135779 0.5576924 0.135779 0.5576924 0.135779 0.5576924 0.1347561 0.5961539 0.1347561 0.5576924 0.1347561 0.5576924 0.135779 0.5192308 0.135779 0.5192308 0.135779 0.5192308 0.1347561 0.5576924 0.1347561 0.5192308 0.1347561 0.5192308 0.135779 0.4807702 0.135779 0.4807702 0.135779 0.4807702 0.1347561 0.5192308 0.1347561 0.4807702 0.1347561 0.4807702 0.135779 0.4423068 0.135779 0.4423068 0.135779 0.4423068 0.1347561 0.4807702 0.1347561 0.4423068 0.1347561 0.4423068 0.135779 0.4038462 0.135779 0.4038462 0.135779 0.4038462 0.1347561 0.4423068 0.1347561 0.4038462 0.1347561 0.4038462 0.135779 0.3653846 0.135779 0.3653846 0.135779 0.3653846 0.1347561 0.4038462 0.1347561 0.3653846 0.1347561 0.3653846 0.135779 0.3269231 0.135779 0.3269231 0.135779 0.3269231 0.1347561 0.3653846 0.1347561 0.3269231 0.1347561 0.3269231 0.135779 0.2884615 0.135779 0.2884615 0.135779 0.2884615 0.1347561 0.3269231 0.1347561 0.2884615 0.1347561 0.2884615 0.135779 0.25 0.135779 0.25 0.135779 0.25 0.1347561 0.2884615 0.1347561 0.25 0.1347561 0.25 0.135779 0.2115393 0.135779 0.2115393 0.135779 0.2115394 0.1347561 0.25 0.1347561 0.2115394 0.1347561 0.2115393 0.135779 0.173076 0.135779 0.173076 0.135779 0.173076 0.1347561 0.2115394 0.1347561 0.173076 0.1347561 0.173076 0.135779 0.1346154 0.135779 0.1346154 0.135779 0.1346154 0.1347561 0.173076 0.1347561 0.1346154 0.1347561 0.1346154 0.135779 0.09615385 0.135779 0.09615385 0.135779 0.09615385 0.1347561 0.1346154 0.1347561 0.09615385 0.1347561 0.09615385 0.135779 0.05769228 0.135779 0.05769228 0.135779 0.05769228 0.1347561 0.09615385 0.1347561 0.05769228 0.1347561 0.05769228 0.135779 0.01923084 0.135779 0.01923084 0.135779 0.01923084 0.1347561 0.05769228 0.1347561 0.01923084 0.1347561 0.01923084 0.135779 -0.01923072 0.135779 -0.01923072 0.135779 -0.01923072 0.1347561 0.01923084 0.1347561 0.9807693 0.1347561 0.9807693 0.135779 0.9423087 0.135779 0.9423087 0.135779 0.9423087 0.1347561 0.9807693 0.1347561 0.9423087 0.1347561 0.9423087 0.135779 0.9038453 0.135779 0.9038453 0.135779 0.9038453 0.1347561 0.9423087 0.1347561 0.9038453 0.1347561 0.9038453 0.135779 0.8653847 0.135779 0.8653847 0.135779 0.8653847 0.1347561 0.9038453 0.1347561 0.8653847 0.1347561 0.8653847 0.135779 0.8269231 0.135779 0.8269231 0.135779 0.8269231 0.1347561 0.8653847 0.1347561 0.8269231 0.1347561 0.8269231 0.135779 0.7884624 0.135779 0.7884624 0.135779 0.7884625 0.1347561 0.8269231 0.1347561 0.8653847 0.9727626 0.9038463 0.9727626 0.9423078 0.9727626 0.9423078 0.9727626 0.9807693 0.9727626 0.0192309 0.9727626 0.0192309 0.9727626 0.05769234 0.9727626 0.1730769 0.9727626 0.05769234 0.9727626 0.09615391 0.9727626 0.1730769 0.9727626 0.09615391 0.9727626 0.1346154 0.9727626 0.1730769 0.9727626 0.1730769 0.9727626 0.2115384 0.9727626 0.25 0.9727626 0.25 0.9727626 0.2884615 0.9727626 0.326923 0.9727626 0.326923 0.9727626 0.3653845 0.9727626 0.4807692 0.9727626 0.3653845 0.9727626 0.4038461 0.9727626 0.4807692 0.9727626 0.4038461 0.9727626 0.4423076 0.9727626 0.4807692 0.9727626 0.4807692 0.9727626 0.5192307 0.9727626 0.5576923 0.9727626 0.5576923 0.9727626 0.5961539 0.9727626 0.6346154 0.9727626 0.6346154 0.9727626 0.6730771 0.9727626 0.7884616 0.9727626 0.6730771 0.9727626 0.7115387 0.9727626 0.7884616 0.9727626 0.7115387 0.9727626 0.75 0.9727626 0.7884616 0.9727626 0.7884616 0.9727626 0.8269231 0.9727626 0.8653847 0.9727626 0.8653847 0.9727626 0.9423078 0.9727626 0.7884616 0.9727626 0.9423078 0.9727626 0.0192309 0.9727626 0.7884616 0.9727626 0.1730769 0.9727626 0.25 0.9727626 0.326923 0.9727626 0.4807692 0.9727626 0.5576923 0.9727626 0.326923 0.9727626 0.5576923 0.9727626 0.6346154 0.9727626 0.326923 0.9727626 0.0192309 0.9727626 0.1730769 0.9727626 0.326923 0.9727626 0.6346154 0.9727626 0.7884616 0.9727626 0.0192309 0.9727626</float_array>
          <technique_common>
            <accessor source="#Örüntü_022-mesh-map-0-array" count="2328" stride="2">
              <param name="S" type="float"/>
              <param name="T" type="float"/>
            </accessor>
          </technique_common>
        </source>
        <vertices id="Örüntü_022-mesh-vertices">
          <input semantic="POSITION" source="#Örüntü_022-mesh-positions"/>
        </vertices>
        <triangles material="direk_012-material" count="776">
          <input semantic="VERTEX" source="#Örüntü_022-mesh-vertices" offset="0"/>
          <input semantic="NORMAL" source="#Örüntü_022-mesh-normals" offset="1"/>
          <input semantic="TEXCOORD" source="#Örüntü_022-mesh-map-0" offset="2" set="0"/>
          <p>24 0 0 23 0 1 22 0 2 22 0 3 21 0 4 20 0 5 20 0 6 19 0 7 18 0 8 22 0 9 20 0 10 18 0 11 18 0 12 17 0 13 16 0 14 16 0 15 15 0 16 14 0 17 18 0 18 16 0 19 14 0 20 22 0 21 18 0 22 14 0 23 14 0 24 13 0 25 12 0 26 12 0 27 11 0 28 10 0 29 14 0 30 12 0 31 10 0 32 10 0 33 9 0 34 8 0 35 8 0 36 7 0 37 6 0 38 10 0 39 8 0 40 6 0 41 14 0 42 10 0 43 6 0 44 22 0 45 14 0 46 6 0 47 6 0 48 5 0 49 4 0 50 4 0 51 3 0 52 2 0 53 6 0 54 4 0 55 2 0 56 22 0 57 6 0 58 2 0 59 2 0 60 1 0 61 0 0 62 22 0 63 2 0 64 0 0 65 24 0 66 22 0 67 0 0 68 25 0 69 24 0 70 0 0 71 234 1 72 235 2 73 260 3 74 260 3 75 261 4 76 234 1 77 235 2 78 236 5 79 285 6 80 285 6 81 260 3 82 235 2 83 236 5 84 237 7 85 284 8 86 284 8 87 285 6 88 236 5 89 237 7 90 238 9 91 283 10 92 283 10 93 284 8 94 237 7 95 238 9 96 239 11 97 282 12 98 282 12 99 283 10 100 238 9 101 239 11 102 240 13 103 281 14 104 281 14 105 282 12 106 239 11 107 240 13 108 241 15 109 280 16 110 280 16 111 281 14 112 240 13 113 241 15 114 242 17 115 279 18 116 279 18 117 280 16 118 241 15 119 242 17 120 243 19 121 278 20 122 278 20 123 279 18 124 242 17 125 243 19 126 244 21 127 277 22 128 277 22 129 278 20 130 243 19 131 244 21 132 245 23 133 276 24 134 276 24 135 277 22 136 244 21 137 245 23 138 246 25 139 275 26 140 275 26 141 276 24 142 245 23 143 246 25 144 247 27 145 274 28 146 274 28 147 275 26 148 246 25 149 247 27 150 248 29 151 273 30 152 273 30 153 274 28 154 247 27 155 248 29 156 249 31 157 272 32 158 272 32 159 273 30 160 248 29 161 249 31 162 250 33 163 271 34 164 271 34 165 272 32 166 249 31 167 250 33 168 251 35 169 270 36 170 270 36 171 271 34 172 250 33 173 251 35 174 252 37 175 269 38 176 269 38 177 270 36 178 251 35 179 252 37 180 253 39 181 268 40 182 268 40 183 269 38 184 252 37 185 253 39 186 254 41 187 267 42 188 267 42 189 268 40 190 253 39 191 254 41 192 255 43 193 266 44 194 266 44 195 267 42 196 254 41 197 255 43 198 256 45 199 265 46 200 265 46 201 266 44 202 255 43 203 256 45 204 257 47 205 264 48 206 264 48 207 265 46 208 256 45 209 257 47 210 258 49 211 263 50 212 263 50 213 264 48 214 257 47 215 258 49 216 259 51 217 262 52 218 262 52 219 263 50 220 258 49 221 259 51 222 234 1 223 261 4 224 261 4 225 262 52 226 259 51 227 26 1 228 27 2 229 53 3 230 53 3 231 52 4 232 26 1 233 27 2 234 28 5 235 54 6 236 54 6 237 53 3 238 27 2 239 28 5 240 29 7 241 55 8 242 55 8 243 54 6 244 28 5 245 29 7 246 30 9 247 56 10 248 56 10 249 55 8 250 29 7 251 30 9 252 31 11 253 57 12 254 57 12 255 56 10 256 30 9 257 31 11 258 32 13 259 58 14 260 58 14 261 57 12 262 31 11 263 32 13 264 33 15 265 59 16 266 59 16 267 58 14 268 32 13 269 33 15 270 34 17 271 60 18 272 60 18 273 59 16 274 33 15 275 34 17 276 35 19 277 61 20 278 61 20 279 60 18 280 34 17 281 35 19 282 36 21 283 62 22 284 62 22 285 61 20 286 35 19 287 36 21 288 37 23 289 63 24 290 63 24 291 62 22 292 36 21 293 37 23 294 38 25 295 64 26 296 64 26 297 63 24 298 37 23 299 38 25 300 39 27 301 65 28 302 65 28 303 64 26 304 38 25 305 39 27 306 40 29 307 66 30 308 66 30 309 65 28 310 39 27 311 40 29 312 41 31 313 67 32 314 67 32 315 66 30 316 40 29 317 41 31 318 42 53 319 68 34 320 68 34 321 67 32 322 41 31 323 42 53 324 43 54 325 69 36 326 69 36 327 68 34 328 42 53 329 43 54 330 44 37 331 70 38 332 70 38 333 69 36 334 43 54 335 44 37 336 45 39 337 71 40 338 71 40 339 70 38 340 44 37 341 45 39 342 46 55 343 72 42 344 72 42 345 71 40 346 45 39 347 46 55 348 47 43 349 73 44 350 73 44 351 72 42 352 46 55 353 47 43 354 48 45 355 74 46 356 74 46 357 73 44 358 47 43 359 48 45 360 49 47 361 75 48 362 75 48 363 74 46 364 48 45 365 49 47 366 50 56 367 76 50 368 76 50 369 75 48 370 49 47 371 50 56 372 51 51 373 77 52 374 77 52 375 76 50 376 50 56 377 51 51 378 26 1 379 52 4 380 52 4 381 77 52 382 51 51 383 52 4 384 53 3 385 79 3 386 79 3 387 78 4 388 52 4 389 53 3 390 54 6 391 80 6 392 80 6 393 79 3 394 53 3 395 54 6 396 55 8 397 81 8 398 81 8 399 80 6 400 54 6 401 55 8 402 56 10 403 82 10 404 82 10 405 81 8 406 55 8 407 56 10 408 57 12 409 83 12 410 83 12 411 82 10 412 56 10 413 57 12 414 58 14 415 84 14 416 84 14 417 83 12 418 57 12 419 58 14 420 59 16 421 85 16 422 85 16 423 84 14 424 58 14 425 59 16 426 60 18 427 86 18 428 86 18 429 85 16 430 59 16 431 60 18 432 61 20 433 87 20 434 87 20 435 86 18 436 60 18 437 61 20 438 62 22 439 88 22 440 88 22 441 87 20 442 61 20 443 62 22 444 63 24 445 89 24 446 89 24 447 88 22 448 62 22 449 63 24 450 64 26 451 90 26 452 90 26 453 89 24 454 63 24 455 64 26 456 65 28 457 91 28 458 91 28 459 90 26 460 64 26 461 65 28 462 66 30 463 92 30 464 92 30 465 91 28 466 65 28 467 66 30 468 67 32 469 93 32 470 93 32 471 92 30 472 66 30 473 67 32 474 68 34 475 94 34 476 94 34 477 93 32 478 67 32 479 68 34 480 69 36 481 95 36 482 95 36 483 94 34 484 68 34 485 69 36 486 70 38 487 96 38 488 96 38 489 95 36 490 69 36 491 70 38 492 71 40 493 97 40 494 97 40 495 96 38 496 70 38 497 71 40 498 72 42 499 98 42 500 98 42 501 97 40 502 71 40 503 72 42 504 73 44 505 99 44 506 99 44 507 98 42 508 72 42 509 73 44 510 74 46 511 100 46 512 100 46 513 99 44 514 73 44 515 74 46 516 75 48 517 101 48 518 101 48 519 100 46 520 74 46 521 75 48 522 76 50 523 102 50 524 102 50 525 101 48 526 75 48 527 76 50 528 77 52 529 103 52 530 103 52 531 102 50 532 76 50 533 77 52 534 52 4 535 78 4 536 78 4 537 103 52 538 77 52 539 78 4 540 79 3 541 105 3 542 105 3 543 104 4 544 78 4 545 79 3 546 80 6 547 106 6 548 106 6 549 105 3 550 79 3 551 80 6 552 81 8 553 107 8 554 107 8 555 106 6 556 80 6 557 81 8 558 82 10 559 108 10 560 108 10 561 107 8 562 81 8 563 82 10 564 83 12 565 109 12 566 109 12 567 108 10 568 82 10 569 83 12 570 84 14 571 110 14 572 110 14 573 109 12 574 83 12 575 84 14 576 85 16 577 111 16 578 111 16 579 110 14 580 84 14 581 85 16 582 86 18 583 112 18 584 112 18 585 111 16 586 85 16 587 86 18 588 87 20 589 113 20 590 113 20 591 112 18 592 86 18 593 87 20 594 88 22 595 114 22 596 114 22 597 113 20 598 87 20 599 88 22 600 89 24 601 115 24 602 115 24 603 114 22 604 88 22 605 89 24 606 90 26 607 116 26 608 116 26 609 115 24 610 89 24 611 90 26 612 91 28 613 117 28 614 117 28 615 116 26 616 90 26 617 91 28 618 92 30 619 118 30 620 118 30 621 117 28 622 91 28 623 92 30 624 93 32 625 119 32 626 119 32 627 118 30 628 92 30 629 93 32 630 94 34 631 120 34 632 120 34 633 119 32 634 93 32 635 94 34 636 95 36 637 121 36 638 121 36 639 120 34 640 94 34 641 95 36 642 96 38 643 122 38 644 122 38 645 121 36 646 95 36 647 96 38 648 97 40 649 123 40 650 123 40 651 122 38 652 96 38 653 97 40 654 98 42 655 124 42 656 124 42 657 123 40 658 97 40 659 98 42 660 99 44 661 125 44 662 125 44 663 124 42 664 98 42 665 99 44 666 100 46 667 126 46 668 126 46 669 125 44 670 99 44 671 100 46 672 101 48 673 127 48 674 127 48 675 126 46 676 100 46 677 101 48 678 102 50 679 128 50 680 128 50 681 127 48 682 101 48 683 102 50 684 103 52 685 129 52 686 129 52 687 128 50 688 102 50 689 103 52 690 78 4 691 104 4 692 104 4 693 129 52 694 103 52 695 104 4 696 105 3 697 131 3 698 131 3 699 130 4 700 104 4 701 105 3 702 106 6 703 132 6 704 132 6 705 131 3 706 105 3 707 106 6 708 107 8 709 133 8 710 133 8 711 132 6 712 106 6 713 107 8 714 108 10 715 134 10 716 134 10 717 133 8 718 107 8 719 108 10 720 109 12 721 135 12 722 135 12 723 134 10 724 108 10 725 109 12 726 110 14 727 136 14 728 136 14 729 135 12 730 109 12 731 110 14 732 111 16 733 137 16 734 137 16 735 136 14 736 110 14 737 111 16 738 112 18 739 138 18 740 138 18 741 137 16 742 111 16 743 112 18 744 113 20 745 139 20 746 139 20 747 138 18 748 112 18 749 113 20 750 114 22 751 140 22 752 140 22 753 139 20 754 113 20 755 114 22 756 115 24 757 141 24 758 141 24 759 140 22 760 114 22 761 115 24 762 116 26 763 142 26 764 142 26 765 141 24 766 115 24 767 116 26 768 117 28 769 143 28 770 143 28 771 142 26 772 116 26 773 117 28 774 118 30 775 144 30 776 144 30 777 143 28 778 117 28 779 118 30 780 119 32 781 145 32 782 145 32 783 144 30 784 118 30 785 119 32 786 120 34 787 146 34 788 146 34 789 145 32 790 119 32 791 120 34 792 121 36 793 147 36 794 147 36 795 146 34 796 120 34 797 121 36 798 122 38 799 148 38 800 148 38 801 147 36 802 121 36 803 122 38 804 123 40 805 149 40 806 149 40 807 148 38 808 122 38 809 123 40 810 124 42 811 150 42 812 150 42 813 149 40 814 123 40 815 124 42 816 125 44 817 151 44 818 151 44 819 150 42 820 124 42 821 125 44 822 126 46 823 152 46 824 152 46 825 151 44 826 125 44 827 126 46 828 127 48 829 153 48 830 153 48 831 152 46 832 126 46 833 127 48 834 128 50 835 154 50 836 154 50 837 153 48 838 127 48 839 128 50 840 129 52 841 155 52 842 155 52 843 154 50 844 128 50 845 129 52 846 104 4 847 130 4 848 130 4 849 155 52 850 129 52 851 130 4 852 131 3 853 157 57 854 157 57 855 156 58 856 130 4 857 131 3 858 132 6 859 158 59 860 158 59 861 157 57 862 131 3 863 132 6 864 133 8 865 159 60 866 159 60 867 158 59 868 132 6 869 133 8 870 134 10 871 160 61 872 160 61 873 159 60 874 133 8 875 134 10 876 135 12 877 161 62 878 161 62 879 160 61 880 134 10 881 135 12 882 136 14 883 162 63 884 162 63 885 161 62 886 135 12 887 136 14 888 137 16 889 163 64 890 163 64 891 162 63 892 136 14 893 137 16 894 138 18 895 164 65 896 164 65 897 163 64 898 137 16 899 138 18 900 139 20 901 165 66 902 165 66 903 164 65 904 138 18 905 139 20 906 140 22 907 166 67 908 166 67 909 165 66 910 139 20 911 140 22 912 141 24 913 167 68 914 167 68 915 166 67 916 140 22 917 141 24 918 142 26 919 168 69 920 168 69 921 167 68 922 141 24 923 142 26 924 143 28 925 169 70 926 169 70 927 168 69 928 142 26 929 143 28 930 144 30 931 170 71 932 170 71 933 169 70 934 143 28 935 144 30 936 145 32 937 171 72 938 171 72 939 170 71 940 144 30 941 145 32 942 146 34 943 172 73 944 172 73 945 171 72 946 145 32 947 146 34 948 147 36 949 173 74 950 173 74 951 172 73 952 146 34 953 147 36 954 148 38 955 174 75 956 174 75 957 173 74 958 147 36 959 148 38 960 149 40 961 175 76 962 175 76 963 174 75 964 148 38 965 149 40 966 150 42 967 176 77 968 176 77 969 175 76 970 149 40 971 150 42 972 151 44 973 177 78 974 177 78 975 176 77 976 150 42 977 151 44 978 152 46 979 178 79 980 178 79 981 177 78 982 151 44 983 152 46 984 153 48 985 179 80 986 179 80 987 178 79 988 152 46 989 153 48 990 154 50 991 180 81 992 180 81 993 179 80 994 153 48 995 154 50 996 155 52 997 181 82 998 181 82 999 180 81 1000 154 50 1001 155 52 1002 130 4 1003 156 58 1004 156 58 1005 181 82 1006 155 52 1007 0 0 1008 1 0 1009 183 0 1010 183 0 1011 182 0 1012 0 0 1013 1 0 1014 2 0 1015 184 0 1016 184 0 1017 183 0 1018 1 0 1019 2 0 1020 3 0 1021 185 0 1022 185 0 1023 184 0 1024 2 0 1025 3 0 1026 4 0 1027 186 0 1028 186 0 1029 185 0 1030 3 0 1031 4 0 1032 5 0 1033 187 0 1034 187 0 1035 186 0 1036 4 0 1037 5 0 1038 6 0 1039 188 0 1040 188 0 1041 187 0 1042 5 0 1043 6 0 1044 7 0 1045 189 0 1046 189 0 1047 188 0 1048 6 0 1049 7 0 1050 8 0 1051 190 0 1052 190 0 1053 189 0 1054 7 0 1055 8 0 1056 9 0 1057 191 0 1058 191 0 1059 190 0 1060 8 0 1061 9 0 1062 10 0 1063 192 0 1064 192 0 1065 191 0 1066 9 0 1067 10 0 1068 11 0 1069 193 0 1070 193 0 1071 192 0 1072 10 0 1073 11 0 1074 12 0 1075 194 0 1076 194 0 1077 193 0 1078 11 0 1079 12 0 1080 13 0 1081 195 0 1082 195 0 1083 194 0 1084 12 0 1085 13 0 1086 14 0 1087 196 0 1088 196 0 1089 195 0 1090 13 0 1091 14 0 1092 15 0 1093 197 0 1094 197 0 1095 196 0 1096 14 0 1097 15 0 1098 16 0 1099 198 0 1100 198 0 1101 197 0 1102 15 0 1103 16 0 1104 17 0 1105 199 0 1106 199 0 1107 198 0 1108 16 0 1109 17 0 1110 18 0 1111 200 0 1112 200 0 1113 199 0 1114 17 0 1115 18 0 1116 19 0 1117 201 0 1118 201 0 1119 200 0 1120 18 0 1121 19 0 1122 20 0 1123 202 0 1124 202 0 1125 201 0 1126 19 0 1127 20 0 1128 21 0 1129 203 0 1130 203 0 1131 202 0 1132 20 0 1133 21 0 1134 22 0 1135 204 0 1136 204 0 1137 203 0 1138 21 0 1139 22 0 1140 23 0 1141 205 0 1142 205 0 1143 204 0 1144 22 0 1145 23 0 1146 24 0 1147 206 0 1148 206 0 1149 205 0 1150 23 0 1151 24 0 1152 25 0 1153 207 0 1154 207 0 1155 206 0 1156 24 0 1157 25 0 1158 0 0 1159 182 0 1160 182 0 1161 207 0 1162 25 0 1163 27 83 1164 26 83 1165 209 83 1166 209 84 1167 208 84 1168 27 84 1169 26 85 1170 51 85 1171 210 85 1172 210 86 1173 209 86 1174 26 86 1175 51 87 1176 50 87 1177 211 87 1178 211 87 1179 210 87 1180 51 87 1181 50 87 1182 49 87 1183 212 87 1184 212 87 1185 211 87 1186 50 87 1187 49 87 1188 48 87 1189 213 87 1190 213 87 1191 212 87 1192 49 87 1193 48 88 1194 47 88 1195 214 88 1196 214 89 1197 213 89 1198 48 89 1199 47 90 1200 46 90 1201 215 90 1202 215 91 1203 214 91 1204 47 91 1205 46 87 1206 45 87 1207 216 87 1208 216 92 1209 215 92 1210 46 92 1211 45 87 1212 44 87 1213 217 87 1214 217 87 1215 216 87 1216 45 87 1217 44 87 1218 43 87 1219 218 87 1220 218 87 1221 217 87 1222 44 87 1223 43 87 1224 42 87 1225 219 87 1226 219 87 1227 218 87 1228 43 87 1229 42 93 1230 41 93 1231 220 93 1232 220 87 1233 219 87 1234 42 87 1235 41 94 1236 40 94 1237 221 94 1238 221 95 1239 220 95 1240 41 95 1241 40 96 1242 39 96 1243 222 96 1244 222 97 1245 221 97 1246 40 97 1247 39 98 1248 38 98 1249 223 98 1250 223 99 1251 222 99 1252 39 99 1253 38 100 1254 37 100 1255 224 100 1256 224 101 1257 223 101 1258 38 101 1259 37 87 1260 36 87 1261 225 87 1262 225 102 1263 224 102 1264 37 102 1265 36 87 1266 35 87 1267 226 87 1268 226 87 1269 225 87 1270 36 87 1271 35 87 1272 34 87 1273 227 87 1274 227 87 1275 226 87 1276 35 87 1277 34 87 1278 33 87 1279 228 87 1280 228 87 1281 227 87 1282 34 87 1283 33 87 1284 32 87 1285 229 87 1286 229 87 1287 228 87 1288 33 87 1289 32 87 1290 31 87 1291 230 87 1292 230 87 1293 229 87 1294 32 87 1295 31 87 1296 30 87 1297 231 87 1298 231 87 1299 230 87 1300 31 87 1301 30 87 1302 29 87 1303 232 87 1304 232 103 1305 231 103 1306 30 103 1307 29 87 1308 28 87 1309 233 87 1310 233 87 1311 232 87 1312 29 87 1313 28 87 1314 27 87 1315 208 87 1316 208 104 1317 233 104 1318 28 104 1319 163 64 1320 171 72 1321 179 80 1322 286 105 1323 287 106 1324 338 107 1325 338 107 1326 339 108 1327 286 105 1328 287 106 1329 288 109 1330 363 110 1331 363 110 1332 338 107 1333 287 106 1334 288 109 1335 289 111 1336 362 112 1337 362 112 1338 363 110 1339 288 109 1340 289 111 1341 290 113 1342 361 114 1343 361 114 1344 362 112 1345 289 111 1346 290 113 1347 291 115 1348 360 116 1349 360 116 1350 361 114 1351 290 113 1352 291 115 1353 292 117 1354 359 118 1355 359 118 1356 360 116 1357 291 115 1358 292 117 1359 293 119 1360 358 120 1361 358 120 1362 359 118 1363 292 117 1364 293 119 1365 294 121 1366 357 122 1367 357 122 1368 358 120 1369 293 119 1370 294 121 1371 295 123 1372 356 124 1373 356 124 1374 357 122 1375 294 121 1376 295 123 1377 296 125 1378 355 126 1379 355 126 1380 356 124 1381 295 123 1382 296 125 1383 297 127 1384 354 128 1385 354 128 1386 355 126 1387 296 125 1388 297 127 1389 298 129 1390 353 130 1391 353 130 1392 354 128 1393 297 127 1394 298 129 1395 299 131 1396 352 132 1397 352 132 1398 353 130 1399 298 129 1400 299 131 1401 300 133 1402 351 134 1403 351 134 1404 352 132 1405 299 131 1406 300 133 1407 301 135 1408 350 136 1409 350 136 1410 351 134 1411 300 133 1412 301 135 1413 302 137 1414 349 138 1415 349 138 1416 350 136 1417 301 135 1418 302 137 1419 303 139 1420 348 140 1421 348 140 1422 349 138 1423 302 137 1424 303 139 1425 304 141 1426 347 142 1427 347 142 1428 348 140 1429 303 139 1430 304 141 1431 305 143 1432 346 144 1433 346 144 1434 347 142 1435 304 141 1436 305 143 1437 306 145 1438 345 146 1439 345 146 1440 346 144 1441 305 143 1442 306 145 1443 307 147 1444 344 148 1445 344 148 1446 345 146 1447 306 145 1448 307 147 1449 308 149 1450 343 150 1451 343 150 1452 344 148 1453 307 147 1454 308 149 1455 309 151 1456 342 152 1457 342 152 1458 343 150 1459 308 149 1460 309 151 1461 310 153 1462 341 154 1463 341 154 1464 342 152 1465 309 151 1466 310 153 1467 311 155 1468 340 156 1469 340 156 1470 341 154 1471 310 153 1472 311 155 1473 286 105 1474 339 108 1475 339 108 1476 340 156 1477 311 155 1478 364 107 1479 365 108 1480 261 4 1481 261 4 1482 260 3 1483 364 107 1484 365 108 1485 366 156 1486 262 52 1487 262 52 1488 261 4 1489 365 108 1490 366 156 1491 367 154 1492 263 50 1493 263 50 1494 262 52 1495 366 156 1496 367 154 1497 368 152 1498 264 48 1499 264 48 1500 263 50 1501 367 154 1502 368 152 1503 369 150 1504 265 46 1505 265 46 1506 264 48 1507 368 152 1508 369 150 1509 370 148 1510 266 44 1511 266 44 1512 265 46 1513 369 150 1514 370 148 1515 371 146 1516 267 42 1517 267 42 1518 266 44 1519 370 148 1520 371 146 1521 372 157 1522 268 40 1523 268 40 1524 267 42 1525 371 146 1526 372 157 1527 373 142 1528 269 38 1529 269 38 1530 268 40 1531 372 157 1532 373 142 1533 374 140 1534 270 36 1535 270 36 1536 269 38 1537 373 142 1538 374 140 1539 375 138 1540 271 34 1541 271 34 1542 270 36 1543 374 140 1544 375 138 1545 376 136 1546 272 32 1547 272 32 1548 271 34 1549 375 138 1550 376 136 1551 377 134 1552 273 30 1553 273 30 1554 272 32 1555 376 136 1556 377 134 1557 378 132 1558 274 28 1559 274 28 1560 273 30 1561 377 134 1562 378 132 1563 379 158 1564 275 26 1565 275 26 1566 274 28 1567 378 132 1568 379 158 1569 380 128 1570 276 24 1571 276 24 1572 275 26 1573 379 158 1574 380 128 1575 381 126 1576 277 22 1577 277 22 1578 276 24 1579 380 128 1580 381 126 1581 382 124 1582 278 20 1583 278 20 1584 277 22 1585 381 126 1586 382 124 1587 383 122 1588 279 18 1589 279 18 1590 278 20 1591 382 124 1592 383 122 1593 384 120 1594 280 16 1595 280 16 1596 279 18 1597 383 122 1598 384 120 1599 385 118 1600 281 14 1601 281 14 1602 280 16 1603 384 120 1604 385 118 1605 386 116 1606 282 12 1607 282 12 1608 281 14 1609 385 118 1610 386 116 1611 387 159 1612 283 10 1613 283 10 1614 282 12 1615 386 116 1616 387 159 1617 388 112 1618 284 8 1619 284 8 1620 283 10 1621 387 159 1622 388 112 1623 389 110 1624 285 6 1625 285 6 1626 284 8 1627 388 112 1628 389 110 1629 364 107 1630 260 3 1631 260 3 1632 285 6 1633 389 110 1634 182 160 1635 183 160 1636 287 160 1637 287 161 1638 286 161 1639 182 161 1640 183 162 1641 184 162 1642 288 162 1643 288 163 1644 287 163 1645 183 163 1646 184 164 1647 185 164 1648 289 164 1649 289 165 1650 288 165 1651 184 165 1652 185 166 1653 186 166 1654 290 166 1655 290 167 1656 289 167 1657 185 167 1658 186 168 1659 187 168 1660 291 168 1661 291 169 1662 290 169 1663 186 169 1664 187 170 1665 188 170 1666 292 170 1667 292 171 1668 291 171 1669 187 171 1670 188 0 1671 189 0 1672 293 0 1673 293 172 1674 292 172 1675 188 172 1676 189 0 1677 190 0 1678 294 0 1679 294 0 1680 293 0 1681 189 0 1682 190 0 1683 191 0 1684 295 0 1685 295 0 1686 294 0 1687 190 0 1688 191 173 1689 192 173 1690 296 173 1691 296 174 1692 295 174 1693 191 174 1694 192 175 1695 193 175 1696 297 175 1697 297 176 1698 296 176 1699 192 176 1700 193 177 1701 194 177 1702 298 177 1703 298 178 1704 297 178 1705 193 178 1706 194 179 1707 195 179 1708 299 179 1709 299 180 1710 298 180 1711 194 180 1712 195 0 1713 196 0 1714 300 0 1715 300 181 1716 299 181 1717 195 181 1718 196 0 1719 197 0 1720 301 0 1721 301 0 1722 300 0 1723 196 0 1724 197 0 1725 198 0 1726 302 0 1727 302 0 1728 301 0 1729 197 0 1730 198 182 1731 199 182 1732 303 182 1733 303 183 1734 302 183 1735 198 183 1736 199 0 1737 200 0 1738 304 0 1739 304 184 1740 303 184 1741 199 184 1742 200 185 1743 201 185 1744 305 185 1745 305 186 1746 304 186 1747 200 186 1748 201 187 1749 202 187 1750 306 187 1751 306 188 1752 305 188 1753 201 188 1754 202 0 1755 203 0 1756 307 0 1757 307 189 1758 306 189 1759 202 189 1760 203 0 1761 204 0 1762 308 0 1763 308 0 1764 307 0 1765 203 0 1766 204 0 1767 205 0 1768 309 0 1769 309 0 1770 308 0 1771 204 0 1772 205 0 1773 206 0 1774 310 0 1775 310 0 1776 309 0 1777 205 0 1778 206 190 1779 207 190 1780 311 190 1781 311 191 1782 310 191 1783 206 191 1784 207 192 1785 182 192 1786 286 192 1787 286 193 1788 311 193 1789 207 193 1790 235 194 1791 234 194 1792 313 194 1793 313 195 1794 312 195 1795 235 195 1796 234 196 1797 259 196 1798 314 196 1799 314 197 1800 313 197 1801 234 197 1802 259 198 1803 258 198 1804 315 198 1805 315 199 1806 314 199 1807 259 199 1808 258 200 1809 257 200 1810 316 200 1811 316 201 1812 315 201 1813 258 201 1814 257 202 1815 256 202 1816 317 202 1817 317 203 1818 316 203 1819 257 203 1820 256 204 1821 255 204 1822 318 204 1823 318 205 1824 317 205 1825 256 205 1826 255 206 1827 254 206 1828 319 206 1829 319 207 1830 318 207 1831 255 207 1832 254 87 1833 253 87 1834 320 87 1835 320 87 1836 319 87 1837 254 87 1838 253 208 1839 252 208 1840 321 208 1841 321 209 1842 320 209 1843 253 209 1844 252 210 1845 251 210 1846 322 210 1847 322 211 1848 321 211 1849 252 211 1850 251 212 1851 250 212 1852 323 212 1853 323 213 1854 322 213 1855 251 213 1856 250 214 1857 249 214 1858 324 214 1859 324 215 1860 323 215 1861 250 215 1862 249 216 1863 248 216 1864 325 216 1865 325 217 1866 324 217 1867 249 217 1868 248 218 1869 247 218 1870 326 218 1871 326 219 1872 325 219 1873 248 219 1874 247 220 1875 246 220 1876 327 220 1877 327 221 1878 326 221 1879 247 221 1880 246 222 1881 245 222 1882 328 222 1883 328 223 1884 327 223 1885 246 223 1886 245 224 1887 244 224 1888 329 224 1889 329 225 1890 328 225 1891 245 225 1892 244 226 1893 243 226 1894 330 226 1895 330 227 1896 329 227 1897 244 227 1898 243 228 1899 242 228 1900 331 228 1901 331 229 1902 330 229 1903 243 229 1904 242 87 1905 241 87 1906 332 87 1907 332 230 1908 331 230 1909 242 230 1910 241 87 1911 240 87 1912 333 87 1913 333 87 1914 332 87 1915 241 87 1916 240 231 1917 239 231 1918 334 231 1919 334 232 1920 333 232 1921 240 232 1922 239 233 1923 238 233 1924 335 233 1925 335 234 1926 334 234 1927 239 234 1928 238 235 1929 237 235 1930 336 235 1931 336 236 1932 335 236 1933 238 236 1934 237 237 1935 236 237 1936 337 237 1937 337 238 1938 336 238 1939 237 238 1940 236 239 1941 235 239 1942 312 239 1943 312 240 1944 337 240 1945 236 240 1946 338 107 1947 312 241 1948 313 242 1949 313 242 1950 339 108 1951 338 107 1952 339 108 1953 313 242 1954 314 243 1955 314 243 1956 340 156 1957 339 108 1958 340 156 1959 314 243 1960 315 244 1961 315 244 1962 341 154 1963 340 156 1964 341 154 1965 315 244 1966 316 245 1967 316 245 1968 342 152 1969 341 154 1970 342 152 1971 316 245 1972 317 246 1973 317 246 1974 343 150 1975 342 152 1976 343 150 1977 317 246 1978 318 247 1979 318 247 1980 344 148 1981 343 150 1982 344 148 1983 318 247 1984 319 248 1985 319 248 1986 345 146 1987 344 148 1988 345 146 1989 319 248 1990 320 249 1991 320 249 1992 346 144 1993 345 146 1994 346 144 1995 320 249 1996 321 250 1997 321 250 1998 347 142 1999 346 144 2000 347 142 2001 321 250 2002 322 251 2003 322 251 2004 348 140 2005 347 142 2006 348 140 2007 322 251 2008 323 252 2009 323 252 2010 349 138 2011 348 140 2012 349 138 2013 323 252 2014 324 253 2015 324 253 2016 350 136 2017 349 138 2018 350 136 2019 324 253 2020 325 254 2021 325 254 2022 351 134 2023 350 136 2024 351 134 2025 325 254 2026 326 255 2027 326 255 2028 352 132 2029 351 134 2030 352 132 2031 326 255 2032 327 256 2033 327 256 2034 353 130 2035 352 132 2036 353 130 2037 327 256 2038 328 257 2039 328 257 2040 354 128 2041 353 130 2042 354 128 2043 328 257 2044 329 258 2045 329 258 2046 355 126 2047 354 128 2048 355 126 2049 329 258 2050 330 259 2051 330 259 2052 356 124 2053 355 126 2054 356 124 2055 330 259 2056 331 260 2057 331 260 2058 357 122 2059 356 124 2060 357 122 2061 331 260 2062 332 261 2063 332 261 2064 358 120 2065 357 122 2066 358 120 2067 332 261 2068 333 262 2069 333 262 2070 359 118 2071 358 120 2072 359 118 2073 333 262 2074 334 263 2075 334 263 2076 360 116 2077 359 118 2078 360 116 2079 334 263 2080 335 264 2081 335 264 2082 361 114 2083 360 116 2084 361 114 2085 335 264 2086 336 265 2087 336 265 2088 362 112 2089 361 114 2090 362 112 2091 336 265 2092 337 266 2093 337 266 2094 363 110 2095 362 112 2096 363 110 2097 337 266 2098 312 241 2099 312 241 2100 338 107 2101 363 110 2102 364 107 2103 208 241 2104 209 267 2105 209 267 2106 365 108 2107 364 107 2108 365 108 2109 209 267 2110 210 243 2111 210 243 2112 366 156 2113 365 108 2114 366 156 2115 210 243 2116 211 244 2117 211 244 2118 367 154 2119 366 156 2120 367 154 2121 211 244 2122 212 245 2123 212 245 2124 368 152 2125 367 154 2126 368 152 2127 212 245 2128 213 246 2129 213 246 2130 369 150 2131 368 152 2132 369 150 2133 213 246 2134 214 247 2135 214 247 2136 370 148 2137 369 150 2138 370 148 2139 214 247 2140 215 248 2141 215 248 2142 371 146 2143 370 148 2144 371 146 2145 215 248 2146 216 249 2147 216 249 2148 372 157 2149 371 146 2150 372 157 2151 216 249 2152 217 250 2153 217 250 2154 373 142 2155 372 157 2156 373 142 2157 217 250 2158 218 251 2159 218 251 2160 374 140 2161 373 142 2162 374 140 2163 218 251 2164 219 268 2165 219 268 2166 375 138 2167 374 140 2168 375 138 2169 219 268 2170 220 253 2171 220 253 2172 376 136 2173 375 138 2174 376 136 2175 220 253 2176 221 269 2177 221 269 2178 377 134 2179 376 136 2180 377 134 2181 221 269 2182 222 270 2183 222 270 2184 378 132 2185 377 134 2186 378 132 2187 222 270 2188 223 271 2189 223 271 2190 379 158 2191 378 132 2192 379 158 2193 223 271 2194 224 257 2195 224 257 2196 380 128 2197 379 158 2198 380 128 2199 224 257 2200 225 272 2201 225 272 2202 381 126 2203 380 128 2204 381 126 2205 225 272 2206 226 273 2207 226 273 2208 382 124 2209 381 126 2210 382 124 2211 226 273 2212 227 260 2213 227 260 2214 383 122 2215 382 124 2216 383 122 2217 227 260 2218 228 261 2219 228 261 2220 384 120 2221 383 122 2222 384 120 2223 228 261 2224 229 262 2225 229 262 2226 385 118 2227 384 120 2228 385 118 2229 229 262 2230 230 263 2231 230 263 2232 386 116 2233 385 118 2234 386 116 2235 230 263 2236 231 274 2237 231 274 2238 387 159 2239 386 116 2240 387 159 2241 231 274 2242 232 265 2243 232 265 2244 388 112 2245 387 159 2246 388 112 2247 232 265 2248 233 266 2249 233 266 2250 389 110 2251 388 112 2252 389 110 2253 233 266 2254 208 241 2255 208 241 2256 364 107 2257 389 110 2258 159 60 2259 160 61 2260 161 62 2261 161 62 2262 162 63 2263 163 64 2264 163 64 2265 164 65 2266 167 68 2267 164 65 2268 165 66 2269 167 68 2270 165 66 2271 166 67 2272 167 68 2273 167 68 2274 168 69 2275 169 70 2276 169 70 2277 170 71 2278 171 72 2279 171 72 2280 172 73 2281 175 76 2282 172 73 2283 173 74 2284 175 76 2285 173 74 2286 174 75 2287 175 76 2288 175 76 2289 176 77 2290 177 78 2291 177 78 2292 178 79 2293 179 80 2294 179 80 2295 180 81 2296 157 57 2297 180 81 2298 181 82 2299 157 57 2300 181 82 2301 156 58 2302 157 57 2303 157 57 2304 158 59 2305 159 60 2306 159 60 2307 161 62 2308 157 57 2309 161 62 2310 163 64 2311 157 57 2312 167 68 2313 169 70 2314 171 72 2315 175 76 2316 177 78 2317 171 72 2318 177 78 2319 179 80 2320 171 72 2321 163 64 2322 167 68 2323 171 72 2324 179 80 2325 157 57 2326 163 64 2327</p>
        </triangles>
      </mesh>
    </geometry>
  </library_geometries>
  <library_visual_scenes>
    <visual_scene id="Scene" name="Scene">
      <node id="NotPark_sing" name="NotPark_sing" type="NODE">
        <matrix sid="transform">-5.82356e-8 -5.82356e-8 -1 -0.02585542 -1.332276 2.54556e-15 4.37114e-8 0.001110628 0 1.332276 -4.37114e-8 2.62535 0 0 0 1</matrix>
        <instance_geometry url="#Circle_012-mesh" name="NotPark_sing">
          <bind_material>
            <technique_common>
              <instance_material symbol="uyarıbeyaz-material" target="#uyarıbeyaz-material">
                <bind_vertex_input semantic="UVMap" input_semantic="TEXCOORD" input_set="0"/>
              </instance_material>
              <instance_material symbol="Uyarıkırmızı-material" target="#Uyarıkırmızı-material">
                <bind_vertex_input semantic="UVMap" input_semantic="TEXCOORD" input_set="0"/>
              </instance_material>
              <instance_material symbol="uyarımavi-material" target="#uyarımavi-material">
                <bind_vertex_input semantic="UVMap" input_semantic="TEXCOORD" input_set="0"/>
              </instance_material>
            </technique_common>
          </bind_material>
        </instance_geometry>
      </node>
      <node id="NotPark_body" name="NotPark_body" type="NODE">
        <matrix sid="transform">-3.35997e-10 0.007686716 4.59046e-10 0.0122306 -0.007686716 -3.35997e-10 0 0.001110628 0 -3.35997e-10 0.01050175 1.19209e-7 0 0 0 1</matrix>
        <instance_geometry url="#Örüntü_022-mesh" name="NotPark_body">
          <bind_material>
            <technique_common>
              <instance_material symbol="direk_012-material" target="#direk_012-material">
                <bind_vertex_input semantic="Örüntü_013-mesh-map-0" input_semantic="TEXCOORD" input_set="0"/>
              </instance_material>
            </technique_common>
          </bind_material>
        </instance_geometry>
      </node>
    </visual_scene>
  </library_visual_scenes>
  <scene>
    <instance_visual_scene url="#Scene"/>
  </scene>
</COLLADA>