<?xml version="1.0" encoding="utf-8"?>
<COLLADA xmlns="http://www.collada.org/2005/11/COLLADASchema" version="1.4.1" xmlns:xsi="http://www.w3.org/2001/XMLSchema-instance">
  <asset>
    <contributor>
      <author>Blender User</author>
      <authoring_tool>Blender 3.0.1</authoring_tool>
    </contributor>
    <created>2024-07-21T23:56:58</created>
    <modified>2024-07-21T23:56:58</modified>
    <unit name="meter" meter="0.38"/>
    <up_axis>Z_UP</up_axis>
  </asset>
  <library_cameras>
    <camera id="Camera_001-camera" name="Camera.001">
      <optics>
        <technique_common>
          <perspective>
            <xfov sid="xfov">39.59775</xfov>
            <aspect_ratio>1.777778</aspect_ratio>
            <znear sid="znear">0.1</znear>
            <zfar sid="zfar">100</zfar>
          </perspective>
        </technique_common>
      </optics>
      <extra>
        <technique profile="blender">
          <shiftx sid="shiftx" type="float">0</shiftx>
          <shifty sid="shifty" type="float">0</shifty>
          <dof_distance sid="dof_distance" type="float">10</dof_distance>
        </technique>
      </extra>
    </camera>
    <camera id="Camera-camera" name="Camera">
      <optics>
        <technique_common>
          <perspective>
            <xfov sid="xfov">39.59775</xfov>
            <aspect_ratio>1.777778</aspect_ratio>
            <znear sid="znear">0.1</znear>
            <zfar sid="zfar">100</zfar>
          </perspective>
        </technique_common>
      </optics>
      <extra>
        <technique profile="blender">
          <shiftx sid="shiftx" type="float">0</shiftx>
          <shifty sid="shifty" type="float">0</shifty>
          <dof_distance sid="dof_distance" type="float">10</dof_distance>
        </technique>
      </extra>
    </camera>
  </library_cameras>
  <library_lights>
    <light id="Light_001-light" name="Light.001">
      <technique_common>
        <point>
          <color sid="color">1000 1000 1000</color>
          <constant_attenuation>1</constant_attenuation>
          <linear_attenuation>0</linear_attenuation>
          <quadratic_attenuation>0.001599967</quadratic_attenuation>
        </point>
      </technique_common>
      <extra>
        <technique profile="blender">
          <type sid="type" type="int">0</type>
          <flag sid="flag" type="int">0</flag>
          <mode sid="mode" type="int">1</mode>
          <gamma sid="blender_gamma" type="float">1</gamma>
          <red sid="red" type="float">1</red>
          <green sid="green" type="float">1</green>
          <blue sid="blue" type="float">1</blue>
          <shadow_r sid="blender_shadow_r" type="float">0</shadow_r>
          <shadow_g sid="blender_shadow_g" type="float">0</shadow_g>
          <shadow_b sid="blender_shadow_b" type="float">0</shadow_b>
          <energy sid="blender_energy" type="float">1000</energy>
          <dist sid="blender_dist" type="float">25</dist>
          <spotsize sid="spotsize" type="float">75</spotsize>
          <spotblend sid="spotblend" type="float">0.15</spotblend>
          <att1 sid="att1" type="float">0</att1>
          <att2 sid="att2" type="float">1</att2>
          <falloff_type sid="falloff_type" type="int">2</falloff_type>
          <clipsta sid="clipsta" type="float">0.04999995</clipsta>
          <clipend sid="clipend" type="float">30.002</clipend>
          <bias sid="bias" type="float">1</bias>
          <soft sid="soft" type="float">3</soft>
          <bufsize sid="bufsize" type="int">512</bufsize>
          <samp sid="samp" type="int">3</samp>
          <buffers sid="buffers" type="int">1</buffers>
          <area_shape sid="area_shape" type="int">1</area_shape>
          <area_size sid="area_size" type="float">0.1</area_size>
          <area_sizey sid="area_sizey" type="float">0.1</area_sizey>
          <area_sizez sid="area_sizez" type="float">1</area_sizez>
        </technique>
      </extra>
    </light>
    <light id="Light-light" name="Light">
      <technique_common>
        <point>
          <color sid="color">1000 1000 1000</color>
          <constant_attenuation>1</constant_attenuation>
          <linear_attenuation>0</linear_attenuation>
          <quadratic_attenuation>0.00111109</quadratic_attenuation>
        </point>
      </technique_common>
      <extra>
        <technique profile="blender">
          <type sid="type" type="int">0</type>
          <flag sid="flag" type="int">0</flag>
          <mode sid="mode" type="int">1</mode>
          <gamma sid="blender_gamma" type="float">1</gamma>
          <red sid="red" type="float">1</red>
          <green sid="green" type="float">1</green>
          <blue sid="blue" type="float">1</blue>
          <shadow_r sid="blender_shadow_r" type="float">0</shadow_r>
          <shadow_g sid="blender_shadow_g" type="float">0</shadow_g>
          <shadow_b sid="blender_shadow_b" type="float">0</shadow_b>
          <energy sid="blender_energy" type="float">1000</energy>
          <dist sid="blender_dist" type="float">29.99998</dist>
          <spotsize sid="spotsize" type="float">75</spotsize>
          <spotblend sid="spotblend" type="float">0.15</spotblend>
          <att1 sid="att1" type="float">0</att1>
          <att2 sid="att2" type="float">1</att2>
          <falloff_type sid="falloff_type" type="int">2</falloff_type>
          <clipsta sid="clipsta" type="float">0.04999995</clipsta>
          <clipend sid="clipend" type="float">30.002</clipend>
          <bias sid="bias" type="float">1</bias>
          <soft sid="soft" type="float">3</soft>
          <bufsize sid="bufsize" type="int">2880</bufsize>
          <samp sid="samp" type="int">3</samp>
          <buffers sid="buffers" type="int">1</buffers>
          <area_shape sid="area_shape" type="int">1</area_shape>
          <area_size sid="area_size" type="float">0.1</area_size>
          <area_sizey sid="area_sizey" type="float">0.1</area_sizey>
          <area_sizez sid="area_sizez" type="float">1</area_sizez>
        </technique>
      </extra>
    </light>
  </library_lights>
  <library_effects>
    <effect id="Material_001-effect">
      <profile_COMMON>
        <technique sid="common">
          <lambert>
            <emission>
              <color sid="emission">0 0 0 1</color>
            </emission>
            <diffuse>
              <color sid="diffuse">1 0 0.01226778 1</color>
            </diffuse>
            <index_of_refraction>
              <float sid="ior">1.45</float>
            </index_of_refraction>
          </lambert>
        </technique>
      </profile_COMMON>
    </effect>
    <effect id="siyah-effect">
      <profile_COMMON>
        <technique sid="common">
          <lambert>
            <emission>
              <color sid="emission">0 0 0 1</color>
            </emission>
            <diffuse>
              <color sid="diffuse">0 0 0 1</color>
            </diffuse>
            <index_of_refraction>
              <float sid="ior">1.45</float>
            </index_of_refraction>
          </lambert>
        </technique>
      </profile_COMMON>
    </effect>
    <effect id="Material_002-effect">
      <profile_COMMON>
        <technique sid="common">
          <lambert>
            <emission>
              <color sid="emission">0 0 0 1</color>
            </emission>
            <diffuse>
              <color sid="diffuse">0 0.2458284 0.8000001 1</color>
            </diffuse>
            <index_of_refraction>
              <float sid="ior">1.45</float>
            </index_of_refraction>
          </lambert>
        </technique>
      </profile_COMMON>
    </effect>
  </library_effects>
  <library_images/>
  <library_materials>
    <material id="Material_001-material" name="Material.001">
      <instance_effect url="#Material_001-effect"/>
    </material>
    <material id="siyah-material" name="siyah">
      <instance_effect url="#siyah-effect"/>
    </material>
    <material id="Material_002-material" name="Material.002">
      <instance_effect url="#Material_002-effect"/>
    </material>
  </library_materials>
  <library_geometries>
    <geometry id="Plane_001-mesh" name="Plane.001">
      <mesh>
        <source id="Plane_001-mesh-positions">
          <float_array id="Plane_001-mesh-positions-array" count="1596">-0.02535957 -0.03163224 1.34366e-5 -0.02397239 -0.07493197 -8.41916e-7 -0.02230107 -0.103052 -8.41916e-7 -0.02230107 0.0636025 -8.41916e-7 -0.0197671 -0.1214564 2.80598e-5 -0.01516622 -0.1214564 -4.98703e-7 -0.008224248 -0.1214564 -4.98238e-7 -0.007452785 -0.1214564 -4.98703e-7 -0.006810069 -0.1214564 -4.98711e-7 -0.002696335 -0.1214564 -4.98711e-7 0.002960026 -0.1214564 -4.98695e-7 0.003731489 -0.1214564 -4.98775e-7 0.02076506 -0.1135863 -8.41916e-7 -0.02396279 -0.07493126 -0.1214569 -0.02534997 -0.03160965 -0.08814275 -0.02535426 -0.01709568 -0.08730942 -0.02397239 0.03600889 -8.41916e-7 -0.02535957 -0.001750767 -8.41916e-7 -0.009376823 -0.1214564 -4.98238e-7 -0.005267441 -0.1214564 -4.98688e-7 -1.89499e-4 -0.1214564 -4.98701e-7 0.001224577 -0.1214564 -4.98712e-7 0.004567027 -0.1214564 -4.98839e-7 0.007223904 -0.1214564 -4.98731e-7 0.01520752 -0.1214564 -4.98804e-7 -0.02396279 0.03600955 -0.1214569 -0.02534997 -0.001750051 -0.08814275 -0.02229154 0.06360322 -0.1214569 -0.02229154 -0.1030513 -0.1214569 -0.01976376 -0.1214564 -0.1526217 -0.01515263 -0.1214564 -0.1522967 -0.009409189 -0.1214564 -0.1510599 -0.008214592 -0.1214564 -0.1335043 -0.007443249 -0.1214564 -0.1348442 -0.006800413 -0.1214564 -0.1370758 -0.005257785 -0.1214564 -0.1401991 -0.002686679 -0.1214564 -0.1433233 -1.79886e-4 -0.1214564 -0.1433233 0.001234233 -0.1214564 -0.1424311 0.002969682 -0.1214564 -0.1424311 0.003740966 -0.1214564 -0.1424311 0.004556775 -0.1214564 -0.1466974 0.007355213 -0.1214564 -0.1453713 0.01522797 -0.1214564 -0.1338458 0.02077472 -0.1135856 -0.1014065 -0.02395319 -0.07493126 -0.1890456 -0.02499914 -0.03160965 -0.1308715 -0.02499914 -0.0199607 -0.1308715 -0.02395319 -0.008235096 -0.1890456 -0.02395319 0.03600955 -0.1890456 -0.02499914 -0.001750051 -0.1308715 -0.022282 -0.002860188 -0.2291465 -0.022282 0.06360322 -0.2291465 -0.022282 -0.1030513 -0.2291465 -0.02059674 0.01276659 -0.2430253 -0.01951789 0.08637887 -0.2430253 -0.0199036 -0.1214563 -0.243025 -0.009362041 -0.1214563 -0.243025 -0.008205056 -0.1214563 -0.243025 0.00458616 -0.1214563 -0.243025 0.01522839 -0.1214563 -0.2353155 0.02078419 -0.1135856 -0.2229773 -0.01622676 0.09849625 -0.2430253 -0.0139901 0.1050956 -0.2430253 -0.0115475 0.1100147 -0.2430253 -0.009362041 0.1163267 -0.2430253 -0.008205056 0.1172721 -0.2430254 -0.006790876 0.1187942 -0.2430254 -0.005248188 0.1191909 -0.2430254 -0.002677083 0.1194599 -0.2430254 -1.70349e-4 0.1186168 -0.2430254 0.00124377 0.1174404 -0.2430254 0.002979218 0.115342 -0.2430254 0.007221519 0.1095474 -0.2430253 0.007992923 0.1083629 -0.2430253 0.0124281 0.09847146 -0.2391697 0.01589912 0.08642655 -0.2353159 0.02078396 0.06917268 -0.2229773 -0.02395319 -0.06110292 -0.1890456 -0.022282 -0.08227837 -0.2291465 -0.02037674 -0.09844982 -0.2430253 -0.0115475 0.02277642 -0.153319 -0.0139901 0.01939946 -0.153319 -0.01625609 0.01541113 -0.153319 -0.01932507 0.008400738 -0.153319 -0.009362041 -0.07264435 -0.2430253 -0.008205056 -0.07220757 -0.2430253 -0.006790876 -0.07157909 -0.2430253 -0.005248188 -0.07204926 -0.2430253 -0.002677083 -0.07053005 -0.2430253 -1.70349e-4 -0.0720359 -0.2430253 0.00124377 -0.07237255 -0.2430253 0.002979218 -0.07277405 -0.2430253 0.00458616 -0.0715276 -0.2430253 0.01589912 -0.07659351 -0.2353157 0.02078419 -0.0756942 -0.2229773 -0.02395319 -0.04789453 -0.1890456 -0.022282 -0.06243622 -0.2291465 -0.02064836 -0.07774555 -0.2430253 -0.0207408 -0.05619156 -0.153319 -0.009447574 -0.0263797 -0.153319 -0.0115475 -0.02716553 -0.153319 -0.0139901 -0.02966034 -0.153319 -0.009447574 -0.0263797 -0.2430253 -0.008205056 -0.02486711 -0.2430253 -0.006790876 -0.02401554 -0.2430253 -0.005248188 -0.02426922 -0.2430253 -0.002677083 -0.02306282 -0.2430253 -1.70349e-4 -0.02440267 -0.2430253 0.00124377 -0.02520668 -0.2430253 0.002979218 -0.02577412 -0.2430253 0.00458616 -0.02516281 -0.2430253 0.01589912 -0.03586393 -0.2353157 0.02078419 -0.03950029 -0.2229773 -0.02395319 -0.0334559 -0.1890456 -0.022282 -0.04074674 -0.2291465 -0.0207408 -0.05619156 -0.2430253 -0.01627278 -0.03215229 -0.153319 -0.01932507 -0.03654301 -0.153319 -0.02064836 -0.07774555 -0.153319 -0.02037674 -0.09844982 -0.153319 -0.00986576 0.006192028 -0.2430253 -0.008205056 0.02688008 -0.2430254 -0.006790876 0.02797579 -0.2430254 -0.005248188 0.02795964 -0.2430254 -0.002677083 0.02882456 -0.2430254 -1.70349e-4 0.02766489 -0.2430254 0.00124377 0.02634882 -0.2430254 0.002979218 0.02560025 -0.2430254 0.005555868 0.02551817 -0.2430253 0.01546108 0.003709614 -0.2353159 0.02078419 6.37346e-5 -0.2229773 -0.02395319 -0.02389913 -0.1890456 -0.022282 -0.02639108 -0.2291465 -0.02079766 -0.04158413 -0.2430253 -0.009362041 -0.07264435 -0.153319 -0.0115475 -0.07285511 -0.153319 -0.0139901 -0.07454216 -0.153319 -0.0115475 0.05583268 -0.2430253 -0.01071172 0.03589421 -0.2430253 -0.008205056 0.06113123 -0.2430254 -0.006790876 0.06238824 -0.2430254 -0.005248188 0.06252843 -0.2430254 -0.002677083 0.06316834 -0.2430254 -1.70349e-4 0.06212782 -0.2430254 0.00124377 0.06047326 -0.2430254 0.002979218 0.05960536 -0.2430254 0.006297171 0.04731249 -0.2430253 0.006884038 0.05609297 -0.2430253 0.01422929 0.04430937 -0.2353159 0.02078419 0.02625066 -0.2229773 -0.02395319 -0.01533132 -0.1890456 -0.022282 -0.0135203 -0.2291465 -0.0205425 -0.008945584 -0.2430253 -0.01962155 0.02931761 -0.2430253 -0.01778501 0.06691437 -0.2430253 -0.01493108 0.08190137 -0.2430253 -0.01252657 0.06699925 -0.2430253 -0.009362041 0.08915978 -0.2430253 -0.008205056 0.0918377 -0.2430254 -0.006790876 0.0932396 -0.2430254 -0.005248188 0.09351998 -0.2430254 -0.002677083 0.09395772 -0.2430254 -1.70349e-4 0.09302502 -0.2430254 0.00124377 0.09106618 -0.2430254 0.002979218 0.09009057 -0.2430254 0.00458616 0.08913689 -0.2430253 0.007185161 0.06151944 -0.2430253 0.007755339 0.06849938 -0.2430253 0.008704662 0.07596856 -0.2430253 0.01049822 0.07966977 -0.2391697 0.01251846 0.07165604 -0.2353159 0.02078419 0.04972624 -0.2229773 -0.01628804 -0.07566559 -0.153319 -0.01932507 -0.07765877 -0.153319 -0.02037674 -0.09844982 -0.1540552 -0.009362041 -0.07264435 -0.1540552 -0.02064836 -0.07774555 -0.1540552 -0.009447574 -0.0263797 -0.1540552 -0.0207408 -0.05619156 -0.1540552 -0.00986576 0.006192028 -0.1540552 -0.02079766 -0.04158413 -0.1540552 -0.0115475 0.05583268 -0.1540552 -0.01071172 0.03589421 -0.1540552 -0.0205425 -0.008945584 -0.1540552 -0.01962155 0.02931761 -0.1540552 -0.01778501 0.06691437 -0.1540552 -0.01493108 0.08190137 -0.1540552 -0.01252657 0.06699925 -0.1540552 -0.00986576 0.006192028 -0.153319 -0.02079766 -0.04158413 -0.153319 -0.01978623 0.00592494 -0.153319 -0.01624494 0.055763 -0.153319 -0.0139901 0.05187112 -0.153319 -0.0115475 0.05583268 -0.153319 -0.01071172 0.03589421 -0.153319 -0.0205425 -0.008945584 -0.153319 -0.01962155 0.02931761 -0.153319 -0.01778501 0.06691437 -0.153319 -0.01493108 0.08190137 -0.153319 -0.01252657 0.06699925 -0.153319 0.004516959 -0.07193386 -0.1491966 0.006445229 -0.07396519 -0.1491966 0.007152259 -0.07456219 -0.1491966 0.007923662 -0.07347595 -0.1491966 0.01235884 -0.07656013 -0.1453409 0.01582986 -0.07699978 -0.1414871 0.004516959 -0.02556908 -0.1491966 0.006445229 -0.02793419 -0.1491966 0.007152259 -0.02866566 -0.1491966 0.007923662 -0.02814584 -0.1491966 0.01235884 -0.03293138 -0.1453409 0.01582986 -0.03627026 -0.1414871 0.005486667 0.02511197 -0.1491966 0.006516098 0.02238249 -0.1491966 0.007152259 0.02150511 -0.1491966 0.007923662 0.02140402 -0.1491966 0.01235884 0.01475977 -0.145341 0.01539182 0.003303349 -0.1414873 0.00622791 0.04690629 -0.1491966 0.006814718 0.05568677 -0.1491966 0.007152259 0.05471205 -0.1491966 0.007923662 0.05420088 -0.1491966 0.01235884 0.0463255 -0.145341 0.01416003 0.04390317 -0.1414873 0.00711596 0.06111311 -0.1491966 0.007686018 0.06809312 -0.1491966 0.008635401 0.07556229 -0.1491966 0.01042902 0.0792635 -0.145341 0.01244926 0.07124978 -0.1414873 -0.02396291 -0.07493269 0.1214552 -0.02535009 -0.03161108 0.08814108 -0.02535802 -0.01813143 0.08661323 -0.02396291 0.03600811 0.1214552 -0.02535009 -0.001751542 0.08814108 -0.02229166 0.06360179 0.1214552 -0.02229166 -0.1030527 0.1214552 -0.01976388 -0.1214564 0.1540912 -0.01515275 -0.1214564 0.1527504 -0.009334862 -0.1214564 0.1518782 -0.008214771 -0.1214564 0.1335033 -0.007443428 -0.1214564 0.1348432 -0.006800591 -0.1214564 0.1370748 -0.005257964 -0.1214564 0.1401981 -0.002686858 -0.1214564 0.1433224 -1.80038e-4 -0.1214564 0.1433224 0.001233994 -0.1214564 0.1424302 0.002969563 -0.1214564 0.1424302 0.003740847 -0.1214564 0.1424302 0.004556596 -0.1214564 0.1436796 0.007355034 -0.1214564 0.1423535 0.01524388 -0.1214564 0.1312609 0.02077454 -0.113587 0.1014048 -0.02395331 -0.07493269 0.1890439 -0.02499926 -0.03161108 0.1308699 -0.02499926 -0.01996213 0.1308699 -0.02395331 -0.008236527 0.1890439 -0.02395331 0.03600811 0.1890439 -0.02499926 -0.001751542 0.1308699 -0.02228212 -0.002861559 0.2291449 -0.02228212 0.06360179 0.2291449 -0.02228212 -0.1030527 0.2291449 -0.02059686 0.01276516 0.2430236 -0.01951807 0.08637744 0.2430236 -0.01990377 -0.1214564 0.243024 -0.00936222 -0.1214564 0.243024 -0.008205235 -0.1214564 0.243024 0.004585981 -0.1214564 0.243024 0.01522827 -0.1214564 0.2353145 0.02078408 -0.113587 0.2229756 -0.01622688 0.09849482 0.2430236 -0.01399022 0.1050943 0.2430236 -0.01154768 0.1100133 0.2430236 -0.00936222 0.1163253 0.2430236 -0.008205235 0.1172708 0.2430238 -0.006791055 0.1187928 0.2430238 -1.70501e-4 0.1186155 0.2430238 0.001243591 0.117439 0.2430238 0.00297904 0.1153405 0.2430238 0.0072214 0.109546 0.2430236 0.007992744 0.1083616 0.2430236 0.01242786 0.09847003 0.2391681 0.01589894 0.08642512 0.2353143 0.02078396 0.06917095 0.2229756 -0.02395331 -0.06110435 0.1890439 -0.02228212 -0.0822798 0.2291449 -0.02037686 -0.09845125 0.2430236 -0.01154768 0.02277499 0.1541365 -0.01399022 0.01939803 0.1541365 -0.01625621 0.0154097 0.1541365 -0.01932525 0.008399307 0.1541365 -0.00936222 -0.07264578 0.2430236 -0.008205235 -0.072209 0.2430236 -0.006791055 -0.07158052 0.2430236 -1.70501e-4 -0.07203733 0.2430236 0.001243591 -0.07237398 0.2430236 0.00297904 -0.07277548 0.2430236 0.004585981 -0.07152903 0.2430236 0.01589894 -0.07659494 0.2353141 0.02078408 -0.07569563 0.2229756 -0.02395331 -0.04789596 0.1890439 -0.02228212 -0.06243765 0.2291449 -0.02064841 -0.07774698 0.2430236 -0.02074098 -0.05619299 0.1541365 -0.009447753 -0.02638113 0.1541365 -0.01154768 -0.02716696 0.1541365 -0.01399022 -0.02966177 0.1541365 -0.009447753 -0.02638113 0.2430236 -0.008205235 -0.02486854 0.2430236 -0.006791055 -0.02401697 0.2430236 -1.70501e-4 -0.0244041 0.2430236 0.001243591 -0.02520811 0.2430236 0.00297904 -0.02577555 0.2430236 0.004585981 -0.02516418 0.2430236 0.01589894 -0.03586536 0.2353141 0.02078408 -0.03950172 0.2229756 -0.02395331 -0.03345733 0.1890439 -0.02228212 -0.04074817 0.2291449 -0.02074098 -0.05619299 0.2430236 -0.0162729 -0.03215366 0.1541365 -0.01932525 -0.03654444 0.1541365 -0.02064841 -0.07774698 0.1541365 -0.02037686 -0.09845125 0.1541365 -0.009865939 0.006190598 0.2430236 -0.008205235 0.02687865 0.2430238 -0.006791055 0.02797436 0.2430238 -1.70501e-4 0.02766346 0.2430238 0.001243591 0.02634739 0.2430238 0.00297904 0.02559882 0.2430238 0.005555689 0.02551674 0.2430236 0.0154609 0.003708124 0.2353143 0.02078408 6.22989e-5 0.2229756 -0.02395331 -0.02390056 0.1890439 -0.02228212 -0.02639251 0.2291449 -0.02079778 -0.04158556 0.2430236 -0.00936222 -0.07264578 0.1541365 -0.01154768 -0.07285654 0.1541365 -0.01399022 -0.07454359 0.1541365 -0.01154768 0.05583125 0.2430236 -0.01071184 0.03589278 0.2430236 -0.008205235 0.0611298 0.2430238 -0.006791055 0.06238681 0.2430238 -1.70501e-4 0.06212639 0.2430238 0.001243591 0.06047183 0.2430238 0.00297904 0.05960392 0.2430238 0.006296992 0.04731106 0.2430236 0.0068838 0.05609154 0.2430236 0.01422911 0.04430794 0.2353143 0.02078408 0.02624917 0.2229756 -0.02395331 -0.01533275 0.1890439 -0.02228212 -0.01352179 0.2291449 -0.02054262 -0.008947014 0.2430236 -0.01962167 0.02931618 0.2430236 -0.01778513 0.06691294 0.2430236 -0.0149312 0.08189994 0.2430236 -0.01252669 0.06699782 0.2430236 -0.00936222 0.08915835 0.2430236 -0.008205235 0.09183627 0.2430238 -0.006791055 0.09323817 0.2430238 -1.70501e-4 0.09302359 0.2430238 0.001243591 0.09106475 0.2430238 0.00297904 0.09008914 0.2430238 0.004585981 0.08913546 0.2430236 0.007184982 0.06151801 0.2430236 0.00775516 0.06849795 0.2430236 0.008704483 0.07596713 0.2430236 0.01049804 0.07966834 0.2391681 0.01251828 0.07165461 0.2353143 0.02078408 0.04972481 0.2229756 -0.01628816 -0.07566702 0.1541365 -0.01932525 -0.0776602 0.1541365 -0.02037686 -0.09845125 0.1540536 -0.00936222 -0.07264578 0.1540536 -0.02064841 -0.07774698 0.1540536 -0.009447753 -0.02638113 0.1540536 -0.02074098 -0.05619299 0.1540536 -0.009865939 0.006190598 0.1540536 -0.02079778 -0.04158556 0.1540536 -0.01154768 0.05583125 0.1540536 -0.01071184 0.03589278 0.1540536 -0.02054262 -0.008947014 0.1540536 -0.01962167 0.02931618 0.1540536 -0.01778513 0.06691294 0.1540536 -0.0149312 0.08189994 0.1540536 -0.01252669 0.06699782 0.1540536 -0.009865939 0.006190598 0.1541365 -0.02079778 -0.04158556 0.1541365 -0.01978635 0.005923569 0.1541365 -0.01624506 0.05576157 0.1541365 -0.01399022 0.05186969 0.1541365 -0.01154768 0.05583125 0.1541365 -0.01071184 0.03589278 0.1541365 -0.02054262 -0.008947014 0.1541365 -0.01962167 0.02931618 0.1541365 -0.01778513 0.06691294 0.1541365 -0.0149312 0.08189994 0.1541365 -0.01252669 0.06699782 0.1541365 0.00451678 -0.07193529 0.1461781 0.00644505 -0.07396662 0.1461781 0.00715214 -0.07456362 0.1461781 0.007923483 -0.07347738 0.1461781 0.0123586 -0.07656157 0.1423224 0.01582968 -0.07700121 0.1384686 0.00451678 -0.02557051 0.1461781 0.00644505 -0.02793562 0.1461781 0.00715214 -0.02866709 0.1461781 0.007923483 -0.02814728 0.1461781 0.0123586 -0.03293281 0.1423224 0.01582968 -0.03627169 0.1384686 0.005486488 0.02511054 0.1461781 0.00651592 0.02238106 0.1461781 0.00715214 0.02150368 0.1461781 0.007923483 0.02140259 0.1461781 0.0123586 0.01475834 0.1423227 0.01539164 0.003301858 0.1384689 0.006227672 0.04690486 0.1461781 0.006814599 0.05568534 0.1461781 0.00715214 0.05471062 0.1461781 0.007923483 0.05419945 0.1461781 0.0123586 0.04632407 0.1423227 0.01415985 0.04390174 0.1384689 0.007115781 0.06111168 0.1461781 0.00768584 0.06809169 0.1461781 0.008635222 0.07556086 0.1461781 0.01042878 0.07926207 0.1423227 0.01244902 0.07124835 0.1384689 -0.01967269 0.0837118 -8.42137e-7 -0.01962411 0.08565104 0.1352308 -0.01962393 0.08565247 -0.1142764 -0.007372558 -0.1214564 0.243024 -0.007511258 -0.1214564 0.243024 -0.006791055 -0.1214564 0.2429426 -0.006791055 -0.1214564 0.243024 -0.005248427 -0.1214564 0.2429426 -0.005248427 -0.1214564 0.243024 -0.002677321 -0.1214564 0.2429426 -0.002677321 -0.1214564 0.243024 -1.70509e-4 -0.1214564 0.2429426 -1.70501e-4 -0.1214564 0.243024 0.001243591 -0.1214564 0.2429426 0.001243591 -0.1214564 0.243024 0.00297904 -0.1214564 0.2429426 0.00297904 -0.1214564 0.243024 0.003850102 -0.1214564 0.2429426 0.003669083 -0.1214564 0.243024 -0.007408857 0.1182343 0.2430238 -0.007504284 0.1182098 0.2430238 0.003831744 0.1145469 0.2430236 0.003729104 0.1140812 0.2429423 0.004585981 0.1140455 0.2429423 0.004585981 0.1139478 0.2430236 0.006475985 0.1107459 0.2429423 0.00656414 0.1105992 0.2430236 -0.007373332 -0.07073032 0.2430236 -0.007511138 -0.07078862 0.2430236 0.003831744 -0.07213079 0.2430236 0.003669083 -0.0722568 0.2430236 -0.007375836 -0.02349245 0.2430236 -0.007510662 -0.02356678 0.2430236 0.003831744 -0.02561533 0.2430236 0.003669083 -0.02567577 0.2430236 -0.007380247 0.02813559 0.2430238 -0.007509768 0.02805036 0.2430238 0.003831744 0.02521347 0.2430236 0.003669083 0.02524137 0.2430236 -0.007386744 0.06229496 0.2430238 -0.007508516 0.06221473 0.2430238 0.003831744 0.05886489 0.2430236 0.003669083 0.05894279 0.2430236 -0.007506728 0.09284138 0.2430238 -0.007396042 0.09290266 0.2430238 0.003669083 0.08915668 0.2430236 0.003831744 0.08905541 0.2430236 -0.007557213 -0.1214563 -0.2428953 -0.00733602 -0.1214563 -0.243025 -0.006790876 -0.1214563 -0.243025 -0.006790935 -0.1214563 -0.2428953 -0.005248188 -0.1214563 -0.243025 -0.005248308 -0.1214563 -0.2428953 -0.002677083 -0.1214563 -0.243025 -0.002677202 -0.1214563 -0.2428953 -1.70349e-4 -0.1214563 -0.243025 -1.70362e-4 -0.1214563 -0.2428953 0.00124377 -0.1214563 -0.243025 0.00124365 -0.1214563 -0.2428953 0.002979218 -0.1214563 -0.243025 0.002979159 -0.1214563 -0.2428953 0.003620862 -0.1214563 -0.243025 0.003880262 -0.1214563 -0.243025 -0.007546186 0.1182475 -0.2430254 -0.007393777 0.1182864 -0.2430254 0.003620862 0.1146453 -0.2430253 0.003880262 0.1144906 -0.2430253 0.00458616 0.1138911 -0.2430253 0.00458616 0.1140468 -0.2428956 0.006453454 0.110787 -0.2428956 0.006595551 0.1105504 -0.2430253 -0.007556974 -0.07077896 -0.2430253 -0.007337272 -0.07068604 -0.2430253 0.003620862 -0.07229173 -0.2430253 0.003880262 -0.07209074 -0.2430253 -0.0075562 -0.02354931 -0.2430253 -0.007341206 -0.02343088 -0.2430253 0.003620862 -0.02568125 -0.2430253 0.003880262 -0.02558499 -0.2430253 -0.007554948 0.02807599 -0.2430254 -0.00734812 0.02821195 -0.2430254 0.003620862 0.02526777 -0.2430253 0.003880262 0.02522349 -0.2430253 -0.007552862 0.06224548 -0.2430254 -0.00735861 0.06237328 -0.2430254 0.003620862 0.05899053 -0.2430253 0.003880262 0.05886632 -0.2430253 -0.007373452 0.09297394 -0.2430254 -0.007550001 0.09287637 -0.2430254 0.003880262 0.08906197 -0.2430253 0.003620862 0.08922344 -0.2430253 -0.009485721 0.2441208 -0.2439486 -0.00948584 0.2441194 0.2421004 -0.009640395 0.2414538 -9.24133e-4 -0.009591817 0.243393 0.1343076 -0.009591698 0.2433944 -0.1151996 -0.006064116 0.5024035 -0.241382 -0.006064355 0.5024021 0.2446669 -0.00621891 0.4997364 0.001642405 -0.006170332 0.5016757 0.1368741 -0.006170094 0.5016771 -0.112633 0.02100074 0.5016771 -0.1126332 0.02100056 0.5016757 0.136874 0.02095198 0.4997364 0.001642227 0.02078396 0.5015584 0.222451 0.02078396 0.5024035 -0.2241914</float_array>
          <technique_common>
            <accessor source="#Plane_001-mesh-positions-array" count="532" stride="3">
              <param name="X" type="float"/>
              <param name="Y" type="float"/>
              <param name="Z" type="float"/>
            </accessor>
          </technique_common>
        </source>
        <source id="Plane_001-mesh-normals">
          <float_array id="Plane_001-mesh-normals-array" count="2433">-0.9994874 -0.03202009 -1.17049e-4 0 -1 0 -1 -2.89207e-4 -1.08973e-4 0 -1 0 0 -1 -1.62009e-7 0 -1 1.67907e-7 0 -1 0 0 -1 0 -0.9993259 0.03671211 -1.08545e-4 0 -1 -1.87248e-7 -0.9982386 -0.05932837 -7.91651e-5 0.8168643 -0.5768298 7.38991e-5 -0.9981709 0.06045609 -7.85403e-5 -0.9906539 -0.1363994 -7.90148e-5 -0.9915642 0.1296048 0.001777887 -1 -1.78474e-7 -6.07969e-5 0 -1 0 -0.9996362 -0.02569717 -0.008207619 -0.9999668 1.73111e-4 -0.008163154 -3.49398e-6 0 -1 0 -6.03707e-6 -1 0 0 -1 0 -6.1218e-6 -1 1.72441e-4 0 -1 0 -6.07173e-6 -1 0.1963081 -5.9332e-6 -0.9805423 0 -6.03037e-6 -1 0 -6.032e-6 -1 -1.14618e-6 -1 -8.8189e-7 0 -5.87028e-6 -1 -2.42075e-5 -5.97514e-6 -1 1.29801e-5 -1 -8.59157e-7 -0.9998384 0 -0.01797568 -0.9991327 0 -0.04163986 -0.9907084 0 -0.1360036 -2.79683e-6 0 -1 6.69563e-6 0 -1 -2.12387e-6 0 -1 4.37189e-7 0 -1 -0.9872314 -0.1592934 0 0 -6.10553e-6 -1 -3.10079e-6 -1 -8.35031e-7 -1.5365e-6 -1 -8.61413e-7 -1.85345e-6 -1 -8.9157e-7 -1.45905e-5 -5.85205e-6 -1 0 -1 -9.32791e-7 6.08261e-7 -1 -8.56191e-7 0 -1 -1.00153e-6 0 -1 -9.38998e-7 -5.07241e-6 -1 -8.93133e-7 0.9998168 -0.01912999 6.55191e-4 0.9149732 -0.01368218 -0.4032825 -0.9927083 0 -0.1205425 -0.9991327 0 -0.0416398 -0.9998385 0 -0.01797568 -0.9995318 0.02947932 -0.008206725 -0.9982386 -0.05932796 -1.40906e-4 0.8172888 -0.5762283 6.41029e-5 -0.9981709 0.06045567 -1.40898e-4 -0.9907206 -0.1359149 -8.77507e-5 -0.9927574 0.1201362 -8.79254e-5 -0.9999663 -1.66292e-4 -0.008210301 -0.9998385 0 -0.01797568 0.9297778 0 -0.3681212 0.9984632 -0.05541753 4.97067e-4 -0.9694577 -0.2452525 -0.00177747 -0.9999998 0 -7.3816e-4 -0.9999386 -0.01106679 -7.86033e-4 6.75549e-6 0 -1 1.73374e-6 -2.01572e-6 -1 4.55099e-5 0 -1 -2.76525e-5 0 -1 1.56537e-5 0 -1 -9.00259e-6 0 -1 -5.69219e-6 0 -1 -3.72318e-5 0 -1 2.71669e-6 0 -1 -0.9995946 -0.02847182 0 0.070288 -0.01658344 -0.9973889 -0.9991227 -0.04188114 0 0.9999909 0.004291415 0 0.9997887 0.02055889 0 -0.9931436 0 -0.1169012 -0.9991327 0 -0.04163986 -0.9991328 0 -0.04163986 -0.9938912 0 -0.1103652 0.01077908 -0.02205121 -0.9996988 0.2104439 -0.02650964 -0.9772465 0.9999695 -0.007819294 0 -1 0 0 -0.9999176 -0.01283788 0 1.69935e-5 0 -1 0 -2.01991e-6 -1 1.13011e-4 -2.03035e-6 -1 0 -2.00626e-6 -1 3.46769e-6 -1.99714e-6 -1 -1.43202e-5 -2.01028e-6 -1 0 -2.00332e-6 -1 -2.08175e-5 -2.02322e-6 -1 -1.50109e-5 0 -1 0.9999998 0 7.38155e-4 0.9977737 -0.06668895 4.47767e-4 -0.9980483 -0.06243884 -0.00100702 0.9192382 0.01017254 -0.3935706 -0.9998385 0 -0.01797568 0.8987743 0.02726846 -0.4375628 0.999422 -0.03399115 5.90557e-4 0.9966809 -0.08140838 3.83242e-4 -0.9998881 0.01494896 -6.73349e-4 -3.82201e-5 0 -1 5.56666e-6 0 -1 3.51206e-6 0 -1 4.70534e-5 0 -1 -5.57436e-5 -1.32049e-6 -1 0.004456639 -0.04623603 -0.9989207 0.9999141 0.01311773 0 0.9997106 -0.02406179 0 0.3653031 -0.01847666 -0.9307053 0.9999925 0.003892362 0 -0.9943298 0 -0.1063402 -0.9991327 0 -0.0416398 -0.9998385 0 -0.01797568 -0.9922369 0 -0.1243628 0.9988091 -0.04879021 0 -0.9961788 -0.08733826 0 -0.9999983 -0.001848757 0 0.9823474 -0.1870655 0 9.14212e-5 0 1 -6.55475e-5 1.41555e-6 -1 4.26699e-6 0 -1 1.42836e-4 0 -1 -5.04489e-6 0 -1 5.11346e-6 0 -1 3.03119e-5 0 -1 0.9920195 -0.1260845 1.86332e-4 0.9999998 0 7.38155e-4 -0.9995397 -0.03032588 -8.69116e-4 0.9003981 -0.4350654 -0.001219093 0.8716842 0.05453348 -0.4870244 -0.9998385 0 -0.01797568 0.7993703 -0.1829552 -0.5723065 0.6321339 -0.06488275 -0.772138 0.6746237 0.0148223 -0.738013 -5.42039e-6 0 -1 -7.26032e-6 0 -1 -7.71662e-6 0 -1 1.14429e-5 0 -1 -9.86547e-7 0 -1 -1.25928e-4 0 -1 -8.13892e-6 0 -1 -8.43921e-5 0 -1 -0.9922369 0 -0.1243631 -0.9991328 0 -0.04163986 -0.9998385 0 -0.01797568 -0.9999984 -0.001848757 0 -0.9995946 -0.02847236 0 0.9997106 -0.02406185 0 0.9999908 0.004291355 0 0.9999695 -0.007819473 0 0.998809 -0.04879033 0 -0.9991226 -0.0418806 0 0.9823471 -0.1870679 0 0.9996454 0.02663016 0 -0.9999176 -0.01283776 0 -0.9872312 -0.1592943 0 -0.9999996 9.65932e-4 0 0.9999141 0.0131179 0 -0.9961786 -0.08733963 0 0.9999925 0.003892302 0 -2.88049e-5 0 -1 2.54582e-6 0 -1 4.8575e-6 0 -1 1.10882e-5 0 -1 -3.37097e-5 0 -1 1.46779e-6 0 -1 -2.54759e-6 0 -1 0 0 1 1.24792e-5 0 -1 6.07866e-6 0 -1 -1.60061e-5 0 -1 -0.05306333 -0.05037313 -0.9973198 -0.04289501 -0.05080211 -0.9977872 0.1130602 -0.08029532 -0.9903385 0.6266195 -0.06930941 -0.7762374 0.7300284 -0.1253578 -0.6718214 0.7430432 0 -0.6692435 0.6560849 0 -0.7546871 -2.46629e-6 0 -1 -1.04167e-5 0 -1 -3.3976e-5 0 -1 -1.57932e-5 0 -1 0.6560655 0 -0.754704 0.7858147 -2.51723e-6 -0.6184622 0.9059295 0 -0.4234287 0.6560652 0 -0.7547042 2.37969e-6 0 -1 1.36947e-5 0 -1 2.47243e-5 0 -1 0.9171635 -0.03055888 -0.3973378 0.9263437 0.0542739 -0.372749 -0.9994873 -0.03202027 1.15192e-4 -0.9999998 -5.76417e-4 1.07698e-4 0 -1 0 0 -1 0 0 -1 0 0 -1 0 0 -1 0 0 -1 0 0 -1 0 0 -1 0 -0.9993284 0.03664332 7.82254e-5 -0.9982385 -0.05932849 7.75713e-5 0.8177504 -0.5755732 -2.26534e-4 -0.9981709 0.06045621 7.81715e-5 -0.9906541 -0.136399 7.64671e-5 -0.9926571 0.120954 -0.00137788 -0.9999999 4.7397e-4 1.07546e-4 -0.9996361 -0.02569723 0.008207619 -0.999967 3.32118e-4 0.008119821 -4.94595e-5 8.05834e-6 1 -2.11905e-5 0 1 5.48693e-5 8.17753e-6 1 -7.11567e-6 0 1 -8.54157e-6 8.19706e-6 1 -5.29685e-5 7.94063e-6 1 -6.03873e-6 8.14122e-6 1 0 -1 0 -1.77366e-5 7.93163e-6 1 -0.9998385 0 0.01797568 -0.9991328 0 0.04163992 -0.9907084 0 0.1360037 8.34529e-6 0 1 -9.57957e-6 0 1 -0.9872313 -0.1592932 0 0 8.16961e-6 1 0 -1 0 0 -1 -1.83354e-7 0 -1 0 0 -1 2.06596e-7 0 -1 0 0 -1 0 0 -1 0 0.9998168 -0.01913005 -6.34781e-4 0.9297773 0 0.3681226 -0.9849104 0.01443308 0.1724627 -0.9991327 0 0.04163986 -0.9998385 0 0.01797568 -0.9996227 0.02747076 1.41072e-4 -0.9982386 -0.05932801 1.40884e-4 0.8170129 -0.5766196 1.23009e-4 -0.9981787 0.06032764 8.84317e-5 -0.99072 -0.1359183 8.77718e-5 -0.9927286 0.1203744 1.64859e-4 -0.9999664 0 0.008210361 -0.9998385 0 0.01797574 0.9297772 0 0.368123 0.9984632 -0.05541759 -4.8159e-4 -0.969464 -0.2452278 0.001721978 -0.9999998 0 7.15146e-4 -0.9999386 -0.01106673 7.61529e-4 -5.79538e-5 0 1 5.1893e-5 -3.75304e-6 1 3.66212e-5 0 1 -6.48118e-6 0 1 5.67955e-5 0 1 -0.9995946 -0.02846986 0 0.01953268 -0.02976769 0.999366 -0.9991226 -0.04188108 0 0.9999909 0.004291892 0 0.9996454 0.02663326 0 -0.9931435 0 0.1169021 -0.9991327 0 0.04163986 -0.9991327 0 0.04163986 -0.9938912 0 0.1103651 0.01461362 -0.0298922 0.9994464 0.031071 -0.04498308 0.9985044 0.9999695 -0.007819294 0 -0.9999998 -5.47141e-4 -3.00162e-4 -0.9999176 -0.01283782 0 -4.33492e-5 -3.74349e-6 1 4.40168e-5 -3.75221e-6 1 2.14292e-4 -3.77066e-6 1 5.53391e-6 -3.72045e-6 1 -1.65889e-5 -3.7574e-6 1 2.139e-5 0 1 -1.96658e-6 0 1 0.9999998 0 -7.1516e-4 0.9977738 -0.06668877 -4.3381e-4 -0.9980484 -0.06243884 9.75695e-4 0.9192392 0.01017147 0.3935681 -0.9998385 0 0.01797568 0.9999998 -5.70691e-4 -3.51049e-4 0.8987744 0.02726864 0.4375628 0.9994221 -0.03399109 -5.72165e-4 0.9966808 -0.08140832 -3.71301e-4 -0.9999129 0.01319921 -1.50587e-4 3.0018e-4 0 1 -4.35415e-5 0 1 2.40799e-5 0 1 -3.22488e-5 0 1 1.12263e-5 0 1 -8.67797e-5 0 1 0.004447519 -0.04621416 0.9989216 0.999914 0.01311743 0 0.9997105 -0.02406185 0 0.02550894 -0.001289308 0.9996738 0.9999924 0.00389254 0 -0.9943298 0 0.1063402 -0.9991327 0 0.04163986 -0.9998385 0 0.01797568 -0.9991327 0 0.04163986 -0.9922369 0 0.1243625 0.998809 -0.04879027 0 -0.9961788 -0.08733838 0 -0.9999983 -0.001848757 0 0.9823475 -0.1870655 0 -1.83502e-4 0 1 4.99025e-5 0 1 2.96098e-4 0 1 2.98737e-5 0 1 0.9920195 -0.1260843 -1.80515e-4 0.9999998 0 -7.15161e-4 -0.9995398 -0.03032582 8.42045e-4 0.9003825 -0.4350978 0.001181304 0.871685 0.05453366 0.4870229 1 0 -7.84766e-5 -0.9998385 0 0.01797568 0.7993649 -0.1829538 0.5723143 0.6321346 -0.06488281 0.7721374 0.6746156 0.014822 0.7380204 7.3754e-6 0 1 5.08667e-6 0 1 -1.44758e-5 0 1 0.1080397 0 0.9941466 -1.89889e-4 0 1 -1.56861e-5 0 1 2.03928e-5 0 1 -0.9923673 -0.002478897 0.1232922 -0.9991327 0 0.04163992 -0.9998384 0 0.01797568 0.9999983 0.001848995 0 0.9995946 0.02847212 0 -0.9997105 0.0240643 0 -0.9999909 -0.004292666 0 -0.9999694 0.007818281 0 -0.9988091 0.04879045 0 0.9991227 0.0418812 0 -0.9823423 0.187093 0 -0.9996454 -0.02663338 0 0.9999177 0.01283639 0 0.9872381 0.1592519 0 0.9999999 5.6058e-4 0 -0.999914 -0.01311856 0 0.9961781 0.08734649 0 -0.9999924 -0.003892123 0 -1.71183e-5 0 1 -1.46369e-5 0 1 6.38516e-6 0 1 -8.37754e-6 0 1 -5.54428e-6 0 1 1.19983e-5 0 1 6.11105e-5 0 1 -8.9117e-6 0 1 -0.05305516 -0.0503605 0.997321 -0.04287862 -0.05078947 0.9977886 0.1130389 -0.0802834 0.9903419 0.6266269 -0.06929975 0.7762321 0.7310369 -0.1185792 0.6719555 0.7430435 0 0.6692432 0.6560835 0 0.7546883 1.47552e-5 0 1 -8.46358e-6 0 1 -1.59262e-5 0 1 1.81492e-6 0 1 0.6560553 0 0.7547128 0.7858112 -3.88865e-6 0.6184664 0.90593 0 0.4234276 0.656057 0 0.7547113 7.38563e-6 0 1 -2.27125e-5 0 1 0.9171597 -0.03055888 0.3973467 0.9263436 0.0542739 0.3727492 -0.9979834 0.06347435 5.5346e-4 -0.9979838 0.06346803 -4.63389e-4 -0.9979838 0.06346791 -5.51628e-4 -0.9979833 0.06347453 6.52637e-4 -0.999912 0.01323699 8.93871e-4 -0.999912 0.0132535 -7.48271e-4 -0.9999123 0.01324421 1.69273e-4 -0.9999122 0.01324808 -2.01632e-4 0 0.9999991 0.001370549 0 0.9998972 -0.01433956 -0.003610491 0.9999777 0.005639255 1.26522e-7 0.9998559 0.01698046 5.22187e-6 0 1 -0.9994897 -0.03194332 -7.9191e-5 0 -1 0 0 -1 0 0 -1 0 0 -1 1.44292e-7 0 -1 0 0 -1 0 0 -1 0 0 -1 0 -0.9993285 0.0366429 -7.87739e-5 0 -1 0 -0.9982386 -0.0593279 -7.92548e-5 0.8171719 -0.5763943 1.24528e-4 -0.9981709 0.06045562 -7.84599e-5 -0.9907054 -0.1360257 -2.12976e-5 -0.9927578 0.1201336 -7.76927e-5 -1 2.73927e-4 -1.08914e-4 0 -1 -1.65387e-7 -0.9997133 -0.02394598 -1.41114e-4 -0.9999663 0 -0.008210301 0 -5.96898e-6 -1 -8.37912e-6 0 -1 5.90451e-5 -6.06175e-6 -1 1.76638e-4 0 -1 0 -6.1218e-6 -1 0.005671799 -0.002565145 -0.9999807 0 -6.07173e-6 -1 1.42255e-5 -5.85206e-6 -1 0 -1 -9.33438e-7 0 -5.97514e-6 -1 0 -6.032e-6 -1 0 -1 -1.09411e-6 -0.9998385 0 -0.01797568 -0.9895719 -0.02035081 -0.1425952 -9.57931e-6 0 -1 -0.9872314 -0.159293 0 0 -6.0514e-6 -1 0 -1 -9.50579e-7 1.79516e-7 -1 -8.83773e-7 0 -1 -1.12949e-6 0 -1 -1.07761e-6 0 -1 -1.2402e-6 0 -1 -1.02631e-6 -1.38625e-7 -1 -9.2333e-7 0 -1 -1.0432e-6 0.9998168 -0.01912999 6.55188e-4 0.929777 0 -0.3681234 -0.9849098 0.01443386 -0.1724656 -0.9996227 0.0274707 -1.41101e-4 -0.9982461 -0.05920237 -8.84168e-5 0.8169626 -0.5766907 2.73898e-6 -0.9981787 0.0603277 -8.84122e-5 -0.9916052 -0.1292945 0.001533567 -0.9927263 0.1203933 -1.37903e-4 -0.9999669 0 -0.008151769 -0.9998385 0 -0.01797574 0.9297766 0 -0.3681242 0.9984632 -0.05541813 4.9708e-4 -0.9694575 -0.245253 -0.00177747 -0.9999998 0 -7.3816e-4 -0.9999385 -0.01106673 -7.86033e-4 -6.22806e-5 0 -1 -5.55011e-5 -2.02058e-6 -1 2.85441e-6 0 -1 -4.36351e-6 0 -1 -5.8497e-6 0 -1 -2.76391e-6 0 -1 6.07885e-5 0 -1 -0.9995947 -0.02847194 0 0.01441287 -0.02196025 -0.999655 -0.9991226 -0.04188108 0 0.9999909 0.004291534 0 0.9996467 0.02653515 -0.001546144 -0.9925568 -0.01302146 -0.1210851 -0.9991328 0 -0.0416398 -0.9936699 -0.004264354 -0.1122596 0.03110951 -0.04504388 -0.9985005 0.9999695 -0.007819354 0 -0.9999995 9.34432e-4 -5.12664e-4 -0.9999177 -0.01283788 0 -2.16746e-5 -2.01572e-6 -1 -2.03435e-6 -2.00626e-6 -1 -2.52613e-5 0 -1 -7.22423e-6 -1.99714e-6 -1 1.3962e-5 -2.01028e-6 -1 -1.78383e-6 -2.00332e-6 -1 1.79639e-5 -2.02322e-6 -1 8.81335e-6 -2.03035e-6 -1 2.2007e-5 0 -1 -6.10879e-5 0 -1 0.9999997 8.19441e-4 3.05664e-4 0.9977737 -0.06668883 4.47768e-4 -0.9980484 -0.06243872 -0.00100702 0.9297771 0 -0.368123 0.9181956 0 -0.3961275 0.999422 -0.03399121 5.90554e-4 0.9966809 -0.08140826 3.8321e-4 -0.9999085 0.01353681 -4.12713e-6 3.03977e-4 0 -1 4.98081e-5 0 -1 -3.61868e-5 0 -1 1.81917e-5 0 -1 -9.6207e-6 0 -1 -4.33888e-5 0 -1 0.999914 0.01311808 0 0.9999925 0.00389254 0 -0.9943471 -0.003870427 -0.1061086 -0.9991327 0 -0.0416398 -0.9991327 0 -0.04163986 -0.9933651 0.007767677 -0.1147405 0.9988091 -0.04879027 0 -0.9999983 -0.001848757 0 0.9823476 -0.1870654 0 -7.86438e-5 0 -1 2.07041e-4 0 -1 1.94796e-5 0 -1 2.25457e-6 0 -1 -1.14529e-5 0 -1 0.9920195 -0.1260846 1.86364e-4 0.9999998 0 7.38155e-4 -0.9995397 -0.03032582 -8.69129e-4 0.9003976 -0.4350662 -0.001219153 0.8831157 0 -0.4691555 0.8308156 1.23952e-5 -0.5565478 0.6979727 -0.1597488 -0.6980791 0.9345482 -0.09592163 -0.3426643 -4.47948e-6 0 -1 7.40338e-5 0 -1 1.0617e-5 0 -1 -1.06257e-5 0 -1 -3.12137e-6 0 -1 2.26831e-6 0 -1 -6.04484e-5 0 -1 -6.32967e-5 0 -1 3.9456e-6 0 -1 1.09491e-5 0 -1 -3.45376e-5 0 -1 -0.9923674 -0.002478897 -0.1232926 -0.9991327 0 -0.0416398 -0.9995946 -0.02847123 0 0.9997106 -0.02406179 0 0.9999908 0.004291474 0 0.9999694 -0.007819116 0 0.998809 -0.04879021 0 -0.9991226 -0.04188185 0 0.9823485 -0.1870603 0 -0.9999176 -0.01283776 0 -0.9872312 -0.159294 0 0.999914 0.01311773 0 -0.9961789 -0.08733695 0 0.9999925 0.00389266 0 1.71181e-5 0 -1 -1.4637e-5 0 -1 -5.50497e-6 0 -1 1.15347e-5 0 -1 -1.27195e-5 0 -1 3.05551e-5 0 -1 -5.94114e-6 0 -1 3.73687e-6 0 -1 0.4271202 -0.07167702 -0.9013494 0.8223004 -0.09126293 -0.5616877 0.7430449 0 -0.6692417 0.6560823 0 -0.7546895 5.82969e-6 0 -1 7.86919e-6 0 -1 8.38426e-6 0 -1 0.6560789 -3.06332e-6 -0.7546924 0.7465659 0.008259356 -0.6652603 0.8201961 0.02488458 -0.571541 0.6560665 0 -0.7547032 -7.69367e-6 0 -1 1.10216e-5 0 -1 0.6957661 0.04076468 -0.7171107 0.917794 0.05741816 -0.3928836 -0.9994897 -0.03194427 7.78329e-5 0 -1 0 0 -1 -1.24151e-7 0 -1 0 0 -1 -1.34582e-7 0 -1 -1.55155e-7 0 -1 0 -0.9993259 0.03671222 1.07767e-4 0 -1 1.63162e-7 -0.9982386 -0.05932796 7.7494e-5 0.8168643 -0.5768299 -8.03878e-5 -0.998171 0.06045562 7.82822e-5 -0.9907039 -0.1360358 2.03182e-5 -0.9915658 0.1296051 7.80748e-5 -1 1.79937e-7 1.78939e-5 -0.9997133 -0.0239461 1.41085e-4 -0.9999663 0 0.008210361 -6.55318e-6 0 1 -0.109957 -0.001673102 0.9939349 0 8.26466e-6 1 1.68696e-5 0 1 0 8.26466e-6 1 0 8.16958e-6 1 0 8.19706e-6 1 0 8.06665e-6 1 0 -1 0 -0.9998385 0 0.01797568 -0.9991327 0 0.04163992 -0.9895724 -0.02034497 0.1425932 -4.66137e-7 0 1 -8.73344e-7 0 1 5.46502e-6 0 1 -0.9872313 -0.1592934 0 0 8.24269e-6 1 0 -1 2.27255e-7 0 -1 2.33083e-7 0 -1 0 0.9998168 -0.01912999 -6.34779e-4 0.9149815 -0.01367503 0.4032642 -0.9927083 0 0.1205424 -0.9991328 0 0.04163992 -0.9995317 0.02947926 0.008206784 -0.9982461 -0.05920237 8.84372e-5 0.8180403 -0.575161 -6.41696e-5 -0.998171 0.06045567 1.40868e-4 -0.9916018 -0.1293198 -0.001559734 -0.9927678 0.1200514 8.79482e-5 -0.9999673 -2.70986e-4 0.008094847 0 -1 0 0.9297767 0 0.3681242 0.9984632 -0.05541771 -4.81584e-4 -0.969464 -0.2452275 0.001722037 -0.9999385 -0.01106673 7.61538e-4 1.97441e-5 0 1 -4.04904e-5 -3.74348e-6 1 -2.28353e-5 0 1 -2.7927e-5 0 1 -8.85799e-6 0 1 3.7327e-5 0 1 2.85253e-5 0 1 0.2792044 -0.003789842 0.9602242 -0.9991227 -0.04188114 0 0.9999908 0.004291892 0 0.9997875 0.02055752 0.001572608 -0.9925567 -0.01302087 0.1210856 -0.9991328 0 0.0416398 -0.9936699 -0.004264891 0.1122593 0.148181 -0.03287601 0.9884137 0.9999694 -0.007819354 0 -0.9999177 -0.01283788 0 -3.96515e-5 0 1 0 -3.72591e-6 1 0 -3.75741e-6 1 2.08909e-5 -3.77066e-6 1 -2.20138e-5 0 1 0.9999997 8.1897e-4 -2.96385e-4 0.9977737 -0.06668919 -4.33827e-4 -0.9980483 -0.06243878 9.7569e-4 0.9297772 0 0.368123 0.9999969 3.07374e-6 0.002531051 1 -3.9024e-4 0 0.9999982 -5.44383e-6 -0.00194323 0.9999998 -6.07438e-4 4.16358e-4 0.9181967 0 0.3961247 0.9994221 -0.03399115 -5.72159e-4 0.9966809 -0.08140838 -3.71271e-4 -0.9998881 0.01494807 6.52361e-4 3.20408e-4 0 1 2.99311e-5 0 1 2.68817e-5 0 1 -8.36169e-5 -2.45221e-6 1 0.999914 0.01311743 0 0.9997105 -0.02406173 0 0.9999925 0.003892362 0 -0.9943471 -0.003870427 0.1061086 -0.9991328 0 0.04163986 -0.9933652 0.007767677 0.1147404 0.998809 -0.04879015 0 -0.9961788 -0.08733814 0 0.9823475 -0.1870656 0 -9.36408e-5 2.62881e-6 1 -4.88828e-5 0 1 2.2337e-4 0 1 -4.31122e-4 0 1 0.9920195 -0.1260846 -1.80568e-4 0.9999998 0 -7.15161e-4 -0.9995398 -0.03032582 8.42051e-4 0.9003827 -0.4350975 0.001181304 0.8831172 0 0.4691526 1 1.50349e-5 9.70023e-5 1 -1.03415e-4 0 1 6.22884e-6 -8.98582e-5 1 0 7.83848e-5 1 1.2569e-5 9.52579e-5 1 0 -7.84767e-5 1 1.11911e-5 -9.3476e-5 1 0 7.83846e-5 1 0 -7.84766e-5 1 0 7.83847e-5 1 0 -7.84767e-5 1 0 7.83848e-5 1 0 7.83847e-5 0.8308123 5.03871e-6 0.5565529 0.6979691 -0.1597493 0.6980826 0.9345449 -0.09592157 0.3426733 -2.16816e-5 0 1 -6.72552e-5 0 1 -2.16145e-5 0 1 0.004588067 0.003250539 0.9999843 1.99366e-5 0 1 -1.40743e-4 0 1 8.1391e-6 0 1 -6.97308e-6 0 1 -1.84599e-5 0 1 -0.9922369 0 0.1243627 0.9999983 0.001848578 0 0.9995949 0.02846139 0 -0.9997107 0.02405709 0 -0.9999908 -0.004291653 0 -0.9988091 0.04879027 0 0.9999177 0.01283633 0 0.9872286 0.1593104 0 -0.999914 -0.01311516 0 0.99618 0.08732444 0 2.88047e-5 0 1 -8.48607e-7 0 1 6.97222e-6 0 1 3.40025e-6 0 1 1.17423e-5 0 1 -7.64275e-6 0 1 -7.47373e-6 0 1 0.4271155 -0.071666 0.9013525 0.8116172 -0.09005552 0.5772067 0.7430444 0 0.6692422 0.6560822 0 0.7546895 2.46629e-6 0 1 -2.87e-5 0 1 9.58202e-6 0 1 -2.62549e-5 0 1 -1.16569e-5 0 1 0.6560801 -4.70975e-6 0.7546912 0.7465665 0.008257567 0.6652595 0.8201962 0.02488464 0.571541 0.6560537 0 0.7547144 1.66578e-5 0 1 -4.10842e-5 0 1 2.60979e-5 0 1 0.695757 0.04076409 0.7171196 0.9177938 0.05741816 0.3928838 -0.9979833 0.06347435 5.53419e-4 -0.9979838 0.06346803 -4.63385e-4 -0.9979838 0.06346791 -5.51623e-4 -0.9979832 0.06347495 6.5212e-4 -0.999912 0.01323699 8.93864e-4 -0.999912 0.0132535 -7.48288e-4 -0.9999123 0.01324421 1.6925e-4 -0.9999122 0.01324784 -2.01128e-4 0.02581846 0.9996439 -0.006762862 0 0.9998973 -0.01433861 0 0.9999789 0.006510436 0 0.9998559 0.01697927 1.75409e-5 0 -1 -1.33225e-6 0 1 -2.19262e-6 0 1 0 -1 5.03075e-5 0.002064287 0.003256916 0.9999926 0.7450463 0.4266377 0.5127243 0.1159408 0.1459811 -0.98247 0 7.94058e-6 1 0.4101055 7.45853e-6 0.9120381 2.45831e-4 0 1 -2.67649e-4 -3.75294e-6 1 -5.23555e-4 0 1 -2.37059e-5 0 1 0 -1 -2.50698e-5 8.9318e-5 0 -1 0.7451523 0.4268466 -0.5123964 0.506802 0.8491895 0.1484219 -0.505744 -0.002210557 -0.8626808 0 -6.06176e-6 -1 -2.66457e-5 0 -1 -1.15568e-4 0 -1 6.32607e-5 -2.02051e-6 -1 1.18117e-4 0 -1 1.82287e-4 0 -1 4.27887e-5 0 -1 0 8.14122e-6 1 -1.34547e-5 0 -1 -9.35156e-6 0 -1 0 -1 -2.85237e-4 0 -1 -1.02617e-4 -1.50477e-6 0 1 -0.6210136 0 0.7837998 0.8608736 0.5085917 -0.01520961 0.02666556 0.6394826 0.768343 7.39003e-5 7.9314e-6 1 0.001407921 -0.00164169 0.9999977 -2.34189e-4 0 1 -3.08684e-4 0 1 3.11578e-4 -3.75193e-6 1 -1.03953e-4 0 1 6.12133e-6 0 1 3.3978e-4 0 1 2.5593e-4 0 1 0 -1 -1.52981e-4 0 -1 -5.40535e-5 0 -1 5.48427e-5 0 -1 1.37809e-4 0 -1 -5.89679e-5 0 -1 -5.53793e-5 2.31757e-5 0 -1 0.8569346 0.5154241 -0.001093566 0.4774101 0.562322 -0.6751841 0 -5.86997e-6 -1 0 -6.03706e-6 -1 0 -2.01962e-6 -1 -2.80551e-4 0 -1 -2.82031e-4 0 -1 5.84631e-5 0 -1 0 8.06665e-6 1 0 8.14121e-6 1 5.65287e-6 8.0839e-6 1</float_array>
          <technique_common>
            <accessor source="#Plane_001-mesh-normals-array" count="811" stride="3">
              <param name="X" type="float"/>
              <param name="Y" type="float"/>
              <param name="Z" type="float"/>
            </accessor>
          </technique_common>
        </source>
        <source id="Plane_001-mesh-map-0">
          <float_array id="Plane_001-mesh-map-0-array" count="6036">0 0 0 0 0 0 0 0 0 0 0 0 0 0 0 0 0 0 0 0 0 0 0 0 0 0 0 0 0 0 0 0 0 0 0 0 0 0 0 0 0 0 0 0 0 0 0 0 0 0 0 0 0 0 0 0 0 0 0 0 0 0 0 0 0 0 0 0 0 0 0 0 0 0 0 0 0 0 0 0 0 0 0 0 0 0 0 0 0 0 0 0 0 0 0 0 0 0 0 0 0 0 0 0 0 0 0 0 0 0 0 0 0 0 0 0 0 0 0 0 0 0 0 0 0 0 0 0 0 0 0 0 0 0 0 0 0 0 0 0 0 0 0 0 0 0 0 0 0 0 1 0.6006687 0.9999998 0.536902 1 0.5364454 1 0.1247999 1 0 1 1.26583e-4 1 0.6014185 1 0.5369473 1 0.60059 1 0.1243005 1 3.84471e-4 1 3.76325e-4 1 0.6006123 1 0.5368624 1 0.6009351 1 0.1243005 1 3.73069e-4 1 0.1247114 1 0.1237819 1 0 1 0 1 0.1247114 1 3.67905e-4 1 0.1241207 1 0.1244509 1 3.73963e-4 1 3.69994e-4 0 0 0 0 0 0 1 0.1241635 1 3.7499e-4 1 0.1246491 1 0.1244509 1 3.70785e-4 1 0.1241635 0 0 0 0 0 0 0 1 1 0.6737893 0 0.5911743 1 0.125833 1 0 1 0.1396983 1 0.1252094 1 0 1 0.125833 1 0.1966544 1 0.1208907 1 0.08770918 0.9999998 0.2346568 1 0.1239174 1 0.1208907 1 0.2425116 1 0.1241475 1 0.1239174 1 0.2428846 1 0.123442 1 0.1241475 1 0.5368789 1 0.5369254 1 0.5368789 1 0.123442 1 0 1 0 0 0 0 0 0 0 0 0 0 0 0 0 0 0 0 0 0 0 1 0.1241207 1 3.7397e-4 1 0.1250385 0 0 0 0 0 0 0 0 0 0 0 0 0 0 0 0 0 0 0 0 0 0 0 0 0 0 0 0 0 0 1 0.3734581 1 0.2432913 1 0.3734581 1 0.1246458 1 0 1 0 1 1 1 0.6033238 1 0.6069124 1 1 1 0.6069124 1 0.6737893 0 0.5307081 1 0.6737893 1 0.6018218 0 0 0 0 0 0 0 0 0 0 0 0 0 0 0 0 0 0 0 0 0 0 0 0 0 0 0 0 0 0 0 0 0 0 0 0 0 0 0 0 0 0 0 0 1 0.1396983 1 0 1 0.2437062 1 0.1246458 1 0.2437082 1 0.5371664 1 0.4599024 1 0.5371664 1 0.5373021 1 0.5364611 1 0.5364611 1 0.1246458 1 0.2437082 1 0.2437082 1 0.2437082 1 0.3742206 1 0.3742206 1 0.2431805 1 0.1247847 1 0.1243005 1 0.3726211 1 0.2435491 1 0.2424214 1 0.2431805 1 0.1247114 1 0.2437515 1 0.2437515 1 0.1241207 1 0.2430022 1 0.2430022 1 0.1250385 1 0.2441784 1 0.2434605 1 0.1250385 1 0.1244509 1 0.2434605 1 0.1241635 1 0.2429744 1 0.2424214 1 0.1245825 1 0.1237819 1 0.2438655 1 0.1243493 1 0.1247999 1 0.2417919 1 0.1237819 1 0.123442 1 0.3718335 1 0.458043 1 0.3718335 1 0.08770918 1 0 1 0 1 0.458043 1 0.4593414 1 0.458043 1 0.3752007 1 0.2447105 1 0.3752007 1 0.1252094 1 0 1 0.1252094 1 0.2447105 1 0.125833 1 0.2460278 1 0.2460278 1 0.1396983 1 0.2731344 1 0.3774124 1 0.2731344 1 0.4189988 1 0.3752007 1 0.2460278 1 0.3774124 1 0.1208907 1 0.1239174 1 0 1 0.1239174 1 0 1 0 1 0.5390672 1 0.461609 1 0.461609 1 0 1 0.123442 1 0.123442 1 0.2417919 1 0.3718335 1 0.2417919 1 0.3718335 1 0.2424214 1 0.2417919 1 0.3730641 1 0.2436488 1 0.3736966 1 0.3739212 1 0.2431805 1 0.3733336 1 0.3737122 1 0.2429744 1 0.3730641 1 0.3737122 1 0.2441784 1 0.2434605 1 0.3732838 1 0.2441784 1 0.3742029 1 0.3738611 1 0.2430022 1 0.3732838 1 0.3733336 1 0.2437515 1 0.3738611 1 0.3739982 1 0.2432913 1 0.2438655 0.9999998 0.4592071 1 0.3736966 1 0.4597748 1 0.1243493 1 0 1 0.1243493 1 0.4599024 1 0.4596393 1 0.4599024 1 0.4603771 1 0.5373021 1 0.5373021 1 0.3738541 1 0.2437082 1 0.3742206 0 0.1225751 1 0.2731344 1 0.1396983 1 0.4599969 1 0.3742206 1 0.4603771 1 0.4596393 1 0.3734581 1 0.4596393 1 0.5372639 1 0.5371664 1 0.5372639 1 0 1 0.1246458 1 0.1246458 1 0.4600158 1 0.3733336 1 0.4595215 1 0.5364454 1 0.4597036 1 0.4589031 1 0.4595215 1 0.3738611 1 0.4599823 1 0.4599823 1 0.3732838 1 0.4595751 1 0.4595751 1 0.3742029 1 0.4602323 1 0.4599556 1 0.3742029 1 0.3737122 0.9999998 0.4592071 1 0.3737122 1 0.3730641 1 0.4589031 1 0.3736095 1 0.3726211 1 0.4596393 1 0.3739982 1 0.461633 1 0.458043 1 0.3726211 1 0.3718335 1 0.1241475 1 0.123442 1 0 1 0.2447105 1 0.1252094 1 0.2447105 1 0.5192254 1 0.5390672 1 0.5390672 1 0.1252094 1 0.08770918 1 0 1 0.461609 1 0.3752007 1 0.461609 1 0.461609 1 0.3774124 1 0.4646133 1 0.4646133 1 0.4189988 1 0.5155448 0 0.2396463 1 0.4189988 1 0.2731344 1 0.5424386 1 0.5155448 1 0.6018218 1 0.5390672 1 0.4646133 1 0.5424386 0.9999998 0.5288405 1 0.5192254 0.9999998 0.5288405 1 0.4593414 1 0.5368789 1 0.5368789 1 0.123442 1 0.2417919 1 0.2417919 1 0.5369254 0.9999998 0.5288405 1 0.5369254 1 0.5368789 1 0.458043 1 0.4593414 1 0.5355862 1 0.4589031 1 0.458043 0.9999998 0.5369374 0.9999998 0.4592071 1 0.4597748 1 0.537209 1 0.4595215 1 0.5368624 1 0.536496 1 0.4599556 0.9999998 0.4592071 1 0.5373391 1 0.4602323 1 0.4599556 1 0.5370343 1 0.4602323 1 0.5373289 1 0.5369473 1 0.4614378 1 0.5372276 1 0.5371664 1 0.4596393 1 0.5369473 1 0.5371035 1 0.5372639 1 0.5371035 1 0.2432913 1 0.1243493 1 0.2432913 1 0.3742206 1 0.4603771 1 0.4603771 1 0.5364611 1 0.5371035 1 0.5371035 1 0.5369455 1 0.4603771 1 0.5373021 0 0.3737828 1 0.5155448 1 0.4189988 1 0.6011906 1 0.5373021 1 0.6011913 1 0.6011913 1 0.5364611 1 0.6011894 1 0.6011894 1 0.5371035 1 0.6010879 1 0.6013749 1 0.5371035 1 0.5372639 1 0.2429744 1 0.1246491 1 0.2436488 1 0.6012127 1 0.5372639 1 0.5371664 1 0.60059 1 0.5372276 1 0.6007815 1 0.6009351 1 0.5372046 1 0.6011913 1 0.6011913 1 0.5370343 1 0.6011916 1 0.6011916 1 0.5373289 1 0.6011913 1 0.6014176 1 0.5373289 1 0.5373391 1 0.6005234 1 0.5373391 1 0.536496 1 0.600872 1 0.536496 0.9999998 0.5369374 1 0.5998712 1 0.5364454 1 0.5355862 1 0.6011903 1 0.5355862 1 0.5368789 1 0.6011903 1 0.5369254 1 0.6016014 1 0.595145 1 0.5369254 0.9999998 0.5288405 1 0.5915606 0.9999998 0.5288405 1 0.5192254 1 0.6033238 1 0.5192254 1 0.5390672 1 0.6069124 1 0.5390672 1 0.5424386 1 0.6737893 1 0.5424386 1 0.6018218 0 0.4583146 1 0.6018218 1 0.5155448 1 0.123442 1 0.2417919 1 0.2417919 1 0.3718335 1 0.458043 1 0.3718335 1 0.5192254 1 0.5390672 1 0.5192254 1 0.3752007 1 0.2447105 1 0.2447105 1 0.5390672 1 0.461609 1 0.5390672 0.9999998 0.5288405 1 0.5192254 1 0.5192254 1 0.458043 1 0.4593414 1 0.458043 1 0.5369254 0.9999998 0.5288405 0.9999998 0.5288405 1 0.1252094 1 0.1252094 1 0 1 0.2417919 1 0.3718335 1 0.3718335 1 0.5368789 1 0.5369254 1 0.5368789 1 0 1 0.123442 1 0.123442 1 0.2447105 1 0.1252094 1 0.2447105 1 0.4593414 1 0.5368789 1 0.4593414 1 0.461609 1 0.3752007 1 0.461609 1 0.2447105 1 0.08770918 1 0.1252094 1 0.3752007 1 0.1966544 1 0.2447105 1 0.3372822 0.9999998 0.2346568 1 0.1966544 1 0.3629437 1 0.2425116 0.9999998 0.2346568 1 0.372676 1 0.2428846 1 0.2425116 1 0.3718335 1 0.2428846 1 0.3730822 1 0.458043 1 0.3730822 1 0.4593414 1 0.4589493 1 0.3730822 1 0.372676 1 0.4490716 1 0.372676 1 0.3629437 1 0.4328455 1 0.3629437 1 0.3372822 1 0.461609 1 0.3372822 1 0.3752007 1 0.5390672 1 0.4328455 1 0.461609 1 0.5192254 1 0.4490716 1 0.4328455 0.9999998 0.5288405 1 0.4589493 1 0.4490716 1 0.5368789 1 0.4589493 1 0.5369254 1 0.1243493 1 0.1245862 1 0 1 0.1244214 1 0 1 0.1245862 1 0.1244214 1 0.125353 1 0 1 0.1246455 1 0 1 0.125353 1 0.1246455 1 0.1246458 1 0 1 0.2437082 1 0.1246455 1 0.2437061 1 0.2437061 1 0.125353 1 0.2445553 1 0.2433895 1 0.125353 1 0.1244214 1 0.2433895 1 0.1245862 1 0.243596 1 0.243596 1 0.1243493 1 0.2432913 1 0.3737452 1 0.2432913 1 0.3734581 1 0.3736291 1 0.243596 1 0.3737452 1 0.3736291 1 0.2445553 1 0.2433895 1 0.3724737 1 0.2445553 1 0.3744573 1 0.3742206 1 0.2437061 1 0.3724737 1 0.4603771 1 0.3724737 1 0.4585453 1 0.4585453 1 0.3744573 1 0.459863 1 0.459863 1 0.3736291 1 0.4598711 1 0.4598711 1 0.3737452 1 0.4599024 1 0.4596393 1 0.3737452 1 0.3734581 1 0.5371664 1 0.4598711 1 0.4599024 1 0.5372639 1 0.459863 1 0.4598711 1 0.5364611 1 0.459863 1 0.5371035 1 0.5373021 1 0.4585453 1 0.5364611 0 0 0 0 0 0 0 0 0 0 0 0 0 0 0 0 0 0 0 0 0 0 0 0 0 0 0 0 0 0 0 0 0 0 0 0 0 0 0 0 0 0 0 0 0 0 0 0 0 0 0 0 0 0 0 0 0 0 0 0 0 0 0 0 0 0 0 0 0 0 0 0 0 0 0 0 0 0 0 0 0 0 0 0 0 0 0 0 0 0 0 0 0 0 0 0 0 0 0 0 0 0 0 0 0 0 0 0 4.80716e-5 4.79866e-5 0.2276324 0.9999521 0.2276324 4.77036e-5 0 0 0 0 0 0 0 0 1 1 1 0 0 0 0 0 0 0 0 0 0 0 0 0 0 0 0 0 0 0 1 0.6006687 0.9999998 0.5369323 1 0.6008745 1 0.1248307 1 0 1 0.1243493 1 0.5372468 1 0.6007393 1 0.6009422 1 0.1243005 1 2.41127e-4 1 0.1248213 1 0.5369473 1 0.6013292 1 0.6007393 1 2.33958e-4 1 0.1243005 1 0.1247114 1 0.1237819 1 0 1 0.1246393 1 2.30712e-4 1 0.1247114 1 0.1241207 0 0 0 0 0 0 1 2.352e-4 1 0.1241635 1 0.1246811 0 0 0 0 0 0 1 0.6737893 0 1 0 0.5911743 1 0 1 0.125833 1 0.1396983 1 0 1 0.1252094 1 0.125833 1 0.1966544 1 0.1208907 0.9999998 0.2346568 0.9999998 0.2346568 1 0.1239174 1 0.2425116 1 0.2425116 1 0.1241475 1 0.2428846 1 0.2428846 1 0.123442 1 0.2417919 1 0.5369254 1 0.5368789 1 0.5368789 1 0.123442 1 0 1 0.1237819 0 0 0 0 0 0 0 0 0 0 0 0 0 0 0 0 0 0 0 0 0 0 0 0 0 0 0 0 0 0 0 0 0 0 0 0 0 0 0 0 0 0 0 0 0 0 0 0 1 0.2432913 1 0.3734581 1 0.3734581 1 0.1246458 1 0 1 0.1246452 1 1 1 0.6033238 1 1 1 1 1 0.6069124 1 1 0 0.5307081 1 0.6018218 1 0.6737893 0 0 0 0 0 0 0 0 0 0 0 0 0 0 0 0 0 0 0 0 0 0 0 0 0 0 0 0 0 0 0 0 0 0 0 0 0 0 0 0 0 0 0 0 0 0 0 0 0 0 1 0.1396983 0 0.1225751 1 0.1246458 1 0.2437062 1 0.2437082 1 0.4599024 1 0.5371664 1 0.5371664 1 0.5373021 1 0.5364611 1 0.5373021 1 0.1246458 1 0.2437082 1 0.1246458 1 0.2437082 1 0.3742206 1 0.2437082 1 0.2431805 1 0.1248213 1 0.2438876 1 0.3726211 1 0.2436286 1 0.3736783 1 0.1247114 1 0.2431805 1 0.2437515 1 0.1241207 1 0.2437515 1 0.2430022 1 0.2424214 1 0.1246393 1 0.2436286 1 0.2439048 1 0.1243493 1 0.2432913 1 0.2417919 1 0.1237819 1 0.2424214 1 0.458043 1 0.3718335 1 0.3718335 1 0.08770918 1 0 1 0.1208907 1 0.4593414 1 0.458043 1 0.458043 1 0.2447105 1 0.3752007 1 0.3752007 1 0.1252094 1 0 1 0.1252094 1 0.125833 1 0.2447105 1 0.2460278 1 0.1396983 1 0.2460278 1 0.2731344 1 0.2731344 1 0.3774124 1 0.4189988 1 0.2460278 1 0.3752007 1 0.3774124 1 0.1208907 1 0 1 0.1239174 1 0.1239174 1 0 1 0.1241475 1 0.461609 1 0.5390672 1 0.5390672 1 0 1 0.123442 1 0 1 0.3718335 1 0.2417919 1 0.2417919 1 0.3718335 1 0.2424214 1 0.3726211 1 0.243691 1 0.3730641 1 0.3737328 1 0.2431805 1 0.3739655 1 0.3733336 1 0.2430022 1 0.3738611 1 0.3732838 1 0.2437515 1 0.3733336 1 0.3738611 1 0.3740138 1 0.2432913 1 0.3734581 1 0.3737328 0.9999998 0.4592071 1 0.4598028 1 0 1 0.1243493 1 0.1243493 1 0.4596393 1 0.4599024 1 0.4599024 1 0.4603771 1 0.5373021 1 0.4603771 1 0.2437082 1 0.3738541 1 0.3742206 0 0.1225751 1 0.1396983 1 0.2731344 0 0 0 0 1 0.6011906 1 0.3742206 1 0.4599969 1 0.4603771 1 0.3734581 1 0.4596393 1 0.4596393 1 0.5371664 1 0.5372639 1 0.5372639 1 0 1 0.1246458 1 0 1 0.3733336 1 0.4600531 1 0.4595215 1 0.5364454 1 0.4597582 0.9999998 0.5369324 1 0.3738611 1 0.4595215 1 0.4599823 1 0.3732838 1 0.4599823 1 0.4595751 1 0.4589031 1 0.3736783 1 0.4597582 1 0.3740138 1 0.4596393 1 0.4610674 1 0.458043 1 0.3726211 1 0.4589031 1 0.1241475 1 0 1 0.123442 1 0.1252094 1 0.2447105 1 0.2447105 1 0.5390672 1 0.5192254 1 0.5192254 1 0.1252094 1 0 1 0.08770918 1 0.3752007 1 0.461609 1 0.461609 1 0.3774124 1 0.461609 1 0.4646133 1 0.4189988 1 0.4646133 1 0.5155448 0 0.2396463 1 0.2731344 1 0.4189988 1 0.5155448 1 0.5424386 1 0.6018218 1 0.4646133 1 0.5390672 1 0.5424386 1 0.5192254 0.9999998 0.5288405 0.9999998 0.5288405 1 0.5368789 1 0.4593414 1 0.4593414 1 0.2417919 1 0.123442 1 0.123442 0.9999998 0.5288405 1 0.5369254 1 0.5369254 1 0.5368789 1 0.458043 1 0.5355862 1 0.5355862 1 0.4589031 1 0.5364454 0.9999998 0.5369545 0.9999998 0.4592071 1 0.536496 1 0.4595215 1 0.5372352 1 0.5368624 1 0.460945 1 0.5369473 1 0.5372468 1 0.4596393 1 0.5371664 1 0.5369473 1 0.5372639 1 0.5371035 1 0.5371035 1 0.1243493 1 0.2432913 1 0.2432913 1 0.3742206 1 0.4603771 1 0.3742206 1 0.5364611 1 0.5371035 1 0.5364611 1 0.4603771 1 0.5369455 1 0.5373021 1 0.2437062 1 0.1246452 0 0 0 0.3737828 1 0.4189988 1 0.5155448 1 0.5373021 1 0.6011906 1 0.6011913 1 0.5364611 1 0.6011913 1 0.6011894 1 0.5371035 1 0.6011894 1 0.6010879 1 0.6013749 1 0.5371035 1 0.6010879 1 0.1246811 1 0.2429744 1 0.243691 1 0.6012046 1 0.5372639 1 0.6013749 1 0.5372046 1 0.6009351 1 0.6011913 1 0.5370343 1 0.6011913 1 0.6011916 1 0.5368624 1 0.6012046 1 0.6009351 1 0.6008806 1 0.536496 1 0.6005234 1 0.5998712 1 0.5364454 1 0.6006687 1 0.6011903 1 0.5355862 1 0.5998712 1 0.5369254 1 0.6011903 1 0.6016014 1 0.595145 1 0.5369254 1 0.6016014 1 0.5915606 0.9999998 0.5288405 1 0.595145 1 0.6033238 1 0.5192254 1 0.5915606 1 0.6069124 1 0.5390672 1 0.6033238 1 0.6737893 1 0.5424386 1 0.6069124 0 0.4583146 1 0.5155448 1 0.6018218 1 0.123442 1 0.2417919 1 0.123442 1 0.3718335 1 0.458043 1 0.3718335 1 0.5390672 1 0.5192254 1 0.5192254 1 0.2447105 1 0.3752007 1 0.3752007 1 0.461609 1 0.5390672 1 0.5390672 1 0.5192254 0.9999998 0.5288405 0.9999998 0.5288405 1 0.4593414 1 0.458043 1 0.458043 0.9999998 0.5288405 1 0.5369254 1 0.5369254 1 0.1252094 1 0 1 0.1252094 1 0.2417919 1 0.3718335 1 0.2417919 1 0.5369254 1 0.5368789 1 0.5368789 1 0 1 0.123442 1 0.123442 1 0.1252094 1 0.2447105 1 0.2447105 1 0.5368789 1 0.4593414 1 0.4593414 1 0.3752007 1 0.461609 1 0.461609 1 0.2447105 1 0.08770918 1 0.1966544 1 0.3752007 1 0.1966544 1 0.3372822 1 0.3372822 0.9999998 0.2346568 1 0.3629437 1 0.3629437 1 0.2425116 1 0.372676 1 0.372676 1 0.2428846 1 0.3730822 1 0.2428846 1 0.3718335 1 0.3730822 1 0.3730822 1 0.458043 1 0.4593414 1 0.4589493 1 0.3730822 1 0.4593414 1 0.4490716 1 0.372676 1 0.4589493 1 0.4328455 1 0.3629437 1 0.4490716 1 0.461609 1 0.3372822 1 0.4328455 1 0.5390672 1 0.4328455 1 0.5192254 1 0.5192254 1 0.4490716 0.9999998 0.5288405 0.9999998 0.5288405 1 0.4589493 1 0.5369254 1 0.4589493 1 0.5368789 1 0.5369254 1 0.1243493 1 0 1 0.1245862 1 0 1 0.1244214 1 0.1245862 1 0.1244214 1 0 1 0.125353 1 0 1 0.1246455 1 0.125353 1 0.1246455 1 0 1 0.1246458 1 0.1246455 1 0.2437082 1 0.2437061 1 0.125353 1 0.2437061 1 0.2445553 1 0.2433895 1 0.125353 1 0.2445553 1 0.1245862 1 0.2433895 1 0.243596 1 0.1243493 1 0.243596 1 0.2432913 1 0.2432913 1 0.3737452 1 0.3734581 1 0.243596 1 0.3736291 1 0.3737452 1 0.3736291 1 0.2445553 1 0.3744573 1 0.2445553 1 0.3724737 1 0.3744573 1 0.2437061 1 0.3742206 1 0.3724737 1 0.3724737 1 0.4603771 1 0.4585453 1 0.3744573 1 0.4585453 1 0.459863 1 0.3736291 1 0.459863 1 0.4598711 1 0.3737452 1 0.4598711 1 0.4599024 1 0.4596393 1 0.3737452 1 0.4599024 1 0.5371664 1 0.4598711 1 0.5372639 1 0.5372639 1 0.459863 1 0.5371035 1 0.459863 1 0.5364611 1 0.5371035 1 0.4585453 1 0.5373021 1 0.5364611 0 0 0 0 0 0 0 0 0 0 0 0 1 0 0 0 0 0 0 0 0 0 0 0 0 0 0 0 0 0 0 0 0 0 0 0 1 0 0 0 0 0 0 0 0 0 0 0 0 0 0 0 0 0 1 0 0 0 0 0 0 0 0 0 0 0 0 0 0 0 0 0 1 0.1241635 1 0.2430022 1 0.2429744 0 0 0 0 0 0 0 0 0 0 0 0 0 0 0 0 0 0 0 0 0 0 0 0 0 0 0 0 0 0 0 0 0 0 0 0 0 0 0 0 0 0 0 0 0 0 0 0 0 0 0 0 0 0 0 0 0 0 0 0 0 0 0 0 0 0 0 0 0 0 0 0 0 0 0 0 0 0 0 0 0 0 0 0 0 0 0 0 0 0 0 0 0 0 0 0 0 0 0 0 0 0 0 0 0 0 0 0 0 0 0 0 0 0 0 0 0 0 0 0 0 0 0 0 0 0 0 0 0 0 0 0 0 0 0 0 0 0 0 0 0 0 0 0 1 0.6006687 1 0.6008622 0.9999998 0.536902 1 0.1247999 1 0.1243493 1 0 1 0.6014185 1 0.5371664 1 0.5369473 1 0.1243005 1 0.1247847 1 3.84471e-4 1 0.6006123 1 0.537209 1 0.5368624 1 0.1243005 1 3.76327e-4 1 3.73069e-4 1 0.1237819 1 0.1245825 1 0 1 0.1247114 1 3.73074e-4 1 3.67905e-4 1 0.1244509 1 0.1250385 1 3.73963e-4 0 0 0 0 0 0 1 0.1241635 1 3.70784e-4 1 3.7499e-4 1 0.1244509 1 3.69988e-4 1 3.70785e-4 0 0 0 0 0 0 0 1 1 1 1 0.6737893 1 0.125833 1 0 1 0 1 0.1252094 1 0 1 0 1 0.1966544 0.9999998 0.2346568 1 0.1208907 0.9999998 0.2346568 1 0.2425116 1 0.1239174 1 0.2425116 1 0.2428846 1 0.1241475 1 0.2428846 1 0.2417919 1 0.123442 1 0.5368789 1 0.5369254 1 0.5369254 1 0.123442 1 0.1237819 1 0 0 0 0 0 0 0 0 0 0 0 0 0 0 0 0 0 0 0 1 0.1241207 1 3.67903e-4 1 3.7397e-4 0 0 0 0 0 0 0 0 0 0 0 0 0 0 0 0 0 0 0 0 0 0 0 0 0 0 0 0 0 0 1 0.3734581 1 0.2432913 1 0.2432913 1 0.1246458 1 0.1246452 1 0 1 1 1 1 1 0.6033238 1 1 1 1 1 0.6069124 0 0 0 0 0 0 0 0 0 0 0 0 0 0 0 0 0 0 0 0 0 0 0 0 0 0 0 0 0 0 0 0 0 0 0 0 0 0 0 0 0 0 0 0 0 0.1225751 1 0.1396983 1 0.2437062 1 0.1246452 1 0.1246458 1 0.5371664 1 0.4599024 1 0.4599024 1 0.5373021 1 0.5373021 1 0.5364611 1 0.1246458 1 0.1246458 1 0.2437082 1 0.2437082 1 0.2437082 1 0.3742206 1 0.2431805 1 0.243838 1 0.1247847 1 0.3726211 1 0.3736095 1 0.2435491 1 0.2431805 1 0.1243005 1 0.1247114 1 0.2437515 1 0.1247114 1 0.1241207 1 0.2430022 1 0.1241207 1 0.1250385 1 0.2434605 1 0.2441784 1 0.1250385 1 0.2434605 1 0.1244509 1 0.1241635 1 0.2424214 1 0.2435491 1 0.1245825 1 0.2438655 1 0.2432913 1 0.1243493 1 0.2417919 1 0.2424214 1 0.1237819 1 0.3718335 1 0.458043 1 0.458043 1 0.08770918 1 0.1208907 1 0 1 0.458043 1 0.4593414 1 0.4593414 1 0.3752007 1 0.2447105 1 0.2447105 1 0.1252094 1 0 1 0 1 0.2447105 1 0.1252094 1 0.125833 1 0.2460278 1 0.125833 1 0.1396983 1 0.3774124 1 0.2460278 1 0.2731344 1 0.3752007 1 0.2447105 1 0.2460278 1 0.1239174 1 0.1241475 1 0 1 0.5390672 1 0.5390672 1 0.461609 1 0 1 0 1 0.123442 1 0.2417919 1 0.3718335 1 0.3718335 1 0.3718335 1 0.3726211 1 0.2424214 1 0.3730641 1 0.2429744 1 0.2436488 1 0.3739212 1 0.243838 1 0.2431805 1 0.3737122 1 0.2434605 1 0.2429744 1 0.3737122 1 0.3742029 1 0.2441784 1 0.3732838 1 0.2430022 1 0.2441784 1 0.3738611 1 0.2437515 1 0.2430022 1 0.3733336 1 0.2431805 1 0.2437515 1 0.3739982 1 0.3734581 1 0.2432913 0.9999998 0.4592071 1 0.3730641 1 0.3736966 1 0.1243493 1 0 1 0 1 0.4599024 1 0.4596393 1 0.4596393 1 0.4603771 1 0.4603771 1 0.5373021 1 0.3738541 1 0.2437062 1 0.2437082 1 0.4599969 1 0.3738541 1 0.3742206 1 0.4596393 1 0.3734581 1 0.3734581 1 0.5372639 1 0.5371664 1 0.5371664 1 0 1 0 1 0.1246458 1 0.4600158 1 0.3739212 1 0.3733336 1 0.5364454 0.9999998 0.536902 1 0.4597036 1 0.4595215 1 0.3733336 1 0.3738611 1 0.4599823 1 0.3738611 1 0.3732838 1 0.4595751 1 0.3732838 1 0.3742029 1 0.4599556 1 0.4602323 1 0.3742029 0.9999998 0.4592071 1 0.4599556 1 0.3737122 1 0.4589031 1 0.4597036 1 0.3736095 1 0.4596393 1 0.3734581 1 0.3739982 1 0.458043 1 0.4589031 1 0.3726211 1 0.2447105 1 0.1252094 1 0.1252094 1 0.5192254 1 0.5192254 1 0.5390672 1 0.461609 1 0.3752007 1 0.3752007 1 0.461609 1 0.3752007 1 0.3774124 1 0.4646133 1 0.3774124 1 0.4189988 1 0.5424386 1 0.4646133 1 0.5155448 1 0.5390672 1 0.461609 1 0.4646133 0.9999998 0.5288405 1 0.5192254 1 0.5192254 1 0.4593414 1 0.4593414 1 0.5368789 1 0.123442 1 0.123442 1 0.2417919 1 0.5369254 0.9999998 0.5288405 0.9999998 0.5288405 1 0.5368789 1 0.5355862 1 0.458043 1 0.5355862 1 0.5364454 1 0.4589031 0.9999998 0.5369374 1 0.536496 0.9999998 0.4592071 1 0.537209 1 0.4600158 1 0.4595215 1 0.536496 1 0.5373391 1 0.4599556 1 0.5373391 1 0.5373289 1 0.4602323 1 0.5370343 1 0.4595751 1 0.4602323 1 0.5369473 1 0.4596393 1 0.4614378 1 0.5371664 1 0.4599024 1 0.4596393 1 0.5371035 1 0.5372639 1 0.5372639 1 0.2432913 1 0.1243493 1 0.1243493 1 0.3742206 1 0.3742206 1 0.4603771 1 0.5364611 1 0.5364611 1 0.5371035 1 0.5369455 1 0.4599969 1 0.4603771 1 0.6011906 1 0.5369455 1 0.5373021 1 0.6011913 1 0.5373021 1 0.5364611 1 0.6011894 1 0.5364611 1 0.5371035 1 0.6013749 1 0.6010879 1 0.5371035 1 0.2429744 1 0.1241635 1 0.1246491 1 0.6012127 1 0.6013749 1 0.5372639 1 0.60059 1 0.5369473 1 0.5372276 1 0.6009351 1 0.5368624 1 0.5372046 1 0.6011913 1 0.5372046 1 0.5370343 1 0.6011916 1 0.5370343 1 0.5373289 1 0.6014176 1 0.6011913 1 0.5373289 1 0.6005234 1 0.6014176 1 0.5373391 1 0.600872 1 0.6005234 1 0.536496 1 0.5998712 1 0.6006687 1 0.5364454 1 0.6011903 1 0.5998712 1 0.5355862 1 0.6011903 1 0.5368789 1 0.5369254 1 0.595145 1 0.6016014 1 0.5369254 1 0.5915606 1 0.595145 0.9999998 0.5288405 1 0.6033238 1 0.5915606 1 0.5192254 1 0.6069124 1 0.6033238 1 0.5390672 1 0.6737893 1 0.6069124 1 0.5424386 1 0.123442 1 0.123442 1 0.2417919 1 0.3718335 1 0.458043 1 0.458043 1 0.5192254 1 0.5390672 1 0.5390672 1 0.3752007 1 0.3752007 1 0.2447105 1 0.5390672 1 0.461609 1 0.461609 0.9999998 0.5288405 0.9999998 0.5288405 1 0.5192254 1 0.458043 1 0.4593414 1 0.4593414 1 0.5369254 1 0.5369254 0.9999998 0.5288405 1 0.2417919 1 0.2417919 1 0.3718335 1 0.5368789 1 0.5369254 1 0.5369254 1 0.2447105 1 0.1252094 1 0.1252094 1 0.4593414 1 0.5368789 1 0.5368789 1 0.461609 1 0.3752007 1 0.3752007 1 0.2447105 1 0.1966544 1 0.08770918 1 0.3752007 1 0.3372822 1 0.1966544 1 0.3372822 1 0.3629437 0.9999998 0.2346568 1 0.3629437 1 0.372676 1 0.2425116 1 0.372676 1 0.3730822 1 0.2428846 1 0.3718335 1 0.2417919 1 0.2428846 1 0.458043 1 0.3718335 1 0.3730822 1 0.4589493 1 0.4593414 1 0.3730822 1 0.4490716 1 0.4589493 1 0.372676 1 0.4328455 1 0.4490716 1 0.3629437 1 0.461609 1 0.4328455 1 0.3372822 1 0.5390672 1 0.5192254 1 0.4328455 1 0.5192254 0.9999998 0.5288405 1 0.4490716 0.9999998 0.5288405 1 0.5369254 1 0.4589493 1 0.5368789 1 0.4593414 1 0.4589493 1 0.1244214 1 0 1 0 1 0.1246455 1 0 1 0 1 0.2437082 1 0.1246458 1 0.1246455 1 0.2437061 1 0.1246455 1 0.125353 1 0.2433895 1 0.2445553 1 0.125353 1 0.2433895 1 0.1244214 1 0.1245862 1 0.243596 1 0.1245862 1 0.1243493 1 0.3737452 1 0.243596 1 0.2432913 1 0.3736291 1 0.2433895 1 0.243596 1 0.3736291 1 0.3744573 1 0.2445553 1 0.3724737 1 0.2437061 1 0.2445553 1 0.3742206 1 0.2437082 1 0.2437061 1 0.4603771 1 0.3742206 1 0.3724737 1 0.4585453 1 0.3724737 1 0.3744573 1 0.459863 1 0.3744573 1 0.3736291 1 0.4598711 1 0.3736291 1 0.3737452 1 0.4596393 1 0.4599024 1 0.3737452 1 0.5371664 1 0.5372639 1 0.4598711 1 0.5372639 1 0.5371035 1 0.459863 1 0.5364611 1 0.4585453 1 0.459863 1 0.5373021 1 0.4603771 1 0.4585453 0 0 0 0 0 0 0 0 0 0 0 0 0 0 0 0 0 0 0 0 0 0 0 0 0 0 0 0 0 0 0 0 0 0 0 0 0 0 0 0 0 0 0 0 0 0 0 0 0 0 0 0 0 0 0 0 0 0 0 0 0 0 0 0 0 0 0 0 0 0 0 0 0 0 0 0 0 0 0 0 0 0 0 0 0 0 0 0 0 0 0 0 0 0 0 0 0 0 0 0 0 0 4.80716e-5 4.79866e-5 4.77036e-5 0.9999523 0.2276324 0.9999521 0 0 0 0 0 0 0 0 0 1 1 1 0 0 0 0 0 0 0 0 0 0 0 0 0 0 0 0 0 0 1 0.6006687 1 0.5364454 0.9999998 0.5369323 1 0.1248307 1 -1.80553e-5 1 0 1 0.5372468 1 0.5369473 1 0.6007393 1 0.1243005 1 2.35988e-4 1 2.41127e-4 1 0.5369473 1 0.5371664 1 0.6013292 1 2.33958e-4 1 2.35989e-4 1 0.1243005 1 0.1237819 1 0 1 0 1 2.30712e-4 1 2.33947e-4 1 0.1247114 0 0 0 0 0 0 1 2.352e-4 1 2.32507e-4 1 0.1241635 0 0 0 0 0 0 1 0.6737893 1 1 0 1 1 0 1 0 1 0.125833 1 0 1 0 1 0.1252094 1 0.1966544 1 0.08770918 1 0.1208907 0.9999998 0.2346568 1 0.1208907 1 0.1239174 1 0.2425116 1 0.1239174 1 0.1241475 1 0.2428846 1 0.1241475 1 0.123442 1 0.5369254 1 0.5369254 1 0.5368789 1 0.123442 1 0 1 0 0 0 0 0 0 0 0 0 0 0 0 0 0 0 0 0 0 0 0 0 0 0 0 0 0 0 0 0 0 0 0 0 0 0 0 0 0 0 0 0 0 0 0 0 0 0 0 0 1 0.2432913 1 0.2432913 1 0.3734581 1 0.1246458 1 0 1 0 1 1 1 0.6069124 1 0.6033238 1 1 1 0.6737893 1 0.6069124 0 0 0 0 0 0 0 0 0 0 0 0 0 0 0 0 0 0 0 0 0 0 0 0 0 0 0 0 0 0 0 0 0 0 0 0 0 0 0 0 0 0 0 0 0 0 0 0 0 0 1 0 1 0.1396983 1 0.1246458 1 0.1246452 1 0.2437062 1 0.4599024 1 0.4599024 1 0.5371664 1 0.5373021 1 0.5364611 1 0.5364611 1 0.1246458 1 0.2437082 1 0.2437082 1 0.2437082 1 0.3742206 1 0.3742206 1 0.2431805 1 0.1243005 1 0.1248213 1 0.3726211 1 0.2424214 1 0.2436286 1 0.1247114 1 0.1243005 1 0.2431805 1 0.1241207 1 0.1247114 1 0.2437515 1 0.2424214 1 0.1237819 1 0.1246393 1 0.2439048 1 0.1248307 1 0.1243493 1 0.2417919 1 0.123442 1 0.1237819 1 0.458043 1 0.458043 1 0.3718335 1 0.08770918 1 0 1 0 1 0.4593414 1 0.4593414 1 0.458043 1 0.2447105 1 0.2447105 1 0.3752007 1 0.1252094 1 0 1 0 1 0.125833 1 0.1252094 1 0.2447105 1 0.1396983 1 0.125833 1 0.2460278 1 0.2731344 1 0.2460278 1 0.3774124 1 0.2460278 1 0.2447105 1 0.3752007 1 0.1239174 1 0 1 0 1 0.461609 1 0.461609 1 0.5390672 1 0 1 0.123442 1 0.123442 1 0.3718335 1 0.3718335 1 0.2417919 1 0.3718335 1 0.2417919 1 0.2424214 1 0.243691 1 0.2429744 1 0.3730641 1 0.2431805 1 0.2438876 1 0.3739655 1 0.2430022 1 0.2437515 1 0.3738611 1 0.2437515 1 0.2431805 1 0.3733336 1 0.3740138 1 0.2439048 1 0.2432913 1 0.3737328 1 0.3730641 0.9999998 0.4592071 1 0 1 0 1 0.1243493 1 0.4596393 1 0.4596393 1 0.4599024 1 0.4603771 1 0.5373021 1 0.5373021 1 0.2437082 1 0.2437062 1 0.3738541 0 0 0 0 1 0.6011906 1 0.6011906 1 0.6011906 0 0 1 0.6011906 0 0 0 0 0 0 1 0.6011906 0 0 1 0.3742206 1 0.3738541 1 0.4599969 1 0.3734581 1 0.3734581 1 0.4596393 1 0.5371664 1 0.5371664 1 0.5372639 1 0 1 0.1246458 1 0.1246458 1 0.3733336 1 0.3739655 1 0.4600531 1 0.5364454 1 0.4589031 1 0.4597582 1 0.3738611 1 0.3733336 1 0.4595215 1 0.3732838 1 0.3738611 1 0.4599823 1 0.4589031 1 0.3726211 1 0.3736783 1 0.3740138 1 0.3734581 1 0.4596393 1 0.458043 1 0.3718335 1 0.3726211 1 0.1252094 1 0.1252094 1 0.2447105 1 0.5390672 1 0.5390672 1 0.5192254 1 0.3752007 1 0.3752007 1 0.461609 1 0.3774124 1 0.3752007 1 0.461609 1 0.4189988 1 0.3774124 1 0.4646133 1 0.5155448 1 0.4646133 1 0.5424386 1 0.4646133 1 0.461609 1 0.5390672 1 0.5192254 1 0.5192254 0.9999998 0.5288405 1 0.5368789 1 0.5368789 1 0.4593414 1 0.2417919 1 0.2417919 1 0.123442 0.9999998 0.5288405 0.9999998 0.5288405 1 0.5369254 1 0.5368789 1 0.4593414 1 0.458043 1 0.5355862 1 0.458043 1 0.4589031 0.9999998 0.5369545 1 0.4598028 0.9999998 0.4592071 1 0.4595215 1 0.4600531 1 0.5372352 1 0.460945 1 0.4596393 1 0.5369473 1 0.4596393 1 0.4599024 1 0.5371664 1 0.5372639 1 0.5372639 1 0.5371035 1 0.1243493 1 0.1243493 1 0.2432913 1 0.3742206 1 0.4603771 1 0.4603771 1 0.5364611 1 0.5371035 1 0.5371035 1 0.4603771 1 0.4599969 1 0.5369455 1 0.5369455 1 0.6011906 0 0 1 0.6011906 1 0.6011906 0 0 1 0.6011906 1 0.5369455 0 0 1 0.4599969 1 0.5369455 0 0 1 0.5369455 0 0 0 0 1 0.5369455 1 0.4599969 0 0 0 0 1 0.5369455 0 0 1 0.3738541 1 0.4599969 0 0 1 0.4599969 1 0.3738541 0 0 1 0.2437062 1 0.3738541 0 0 1 0.3738541 1 0.2437062 0 0 0 0 0 0 1 0.1246452 1 0.1246452 1 0.2437062 0 0 1 0.1246452 1 0 0 0 1 0.5373021 1 0.5369455 1 0.6011906 1 0.5364611 1 0.5373021 1 0.6011913 1 0.5371035 1 0.5364611 1 0.6011894 1 0.6013749 1 0.5372639 1 0.5371035 1 0.1246811 1 0.1241635 1 0.2429744 1 0.6012046 1 0.5371664 1 0.5372639 1 0.5372046 1 0.5368624 1 0.6009351 1 0.5370343 1 0.5372046 1 0.6011913 1 0.5368624 1 0.5372352 1 0.6012046 1 0.6008806 0.9999998 0.5369545 1 0.536496 1 0.5998712 1 0.5355862 1 0.5364454 1 0.6011903 1 0.5368789 1 0.5355862 1 0.5369254 1 0.5368789 1 0.6011903 1 0.595145 0.9999998 0.5288405 1 0.5369254 1 0.5915606 1 0.5192254 0.9999998 0.5288405 1 0.6033238 1 0.5390672 1 0.5192254 1 0.6069124 1 0.5424386 1 0.5390672 1 0.6737893 1 0.6018218 1 0.5424386 1 0.123442 1 0.2417919 1 0.2417919 1 0.3718335 1 0.458043 1 0.458043 1 0.5390672 1 0.5390672 1 0.5192254 1 0.2447105 1 0.2447105 1 0.3752007 1 0.461609 1 0.461609 1 0.5390672 1 0.5192254 1 0.5192254 0.9999998 0.5288405 1 0.4593414 1 0.4593414 1 0.458043 0.9999998 0.5288405 0.9999998 0.5288405 1 0.5369254 1 0.2417919 1 0.3718335 1 0.3718335 1 0.5369254 1 0.5369254 1 0.5368789 1 0.1252094 1 0.1252094 1 0.2447105 1 0.5368789 1 0.5368789 1 0.4593414 1 0.3752007 1 0.3752007 1 0.461609 1 0.2447105 1 0.1252094 1 0.08770918 1 0.3752007 1 0.2447105 1 0.1966544 1 0.3372822 1 0.1966544 0.9999998 0.2346568 1 0.3629437 0.9999998 0.2346568 1 0.2425116 1 0.372676 1 0.2425116 1 0.2428846 1 0.2428846 1 0.2417919 1 0.3718335 1 0.3730822 1 0.3718335 1 0.458043 1 0.4589493 1 0.372676 1 0.3730822 1 0.4490716 1 0.3629437 1 0.372676 1 0.4328455 1 0.3372822 1 0.3629437 1 0.461609 1 0.3752007 1 0.3372822 1 0.5390672 1 0.461609 1 0.4328455 1 0.5192254 1 0.4328455 1 0.4490716 0.9999998 0.5288405 1 0.4490716 1 0.4589493 1 0.4589493 1 0.4593414 1 0.5368789 1 0 1 0 1 0.1244214 1 0 1 0 1 0.1246455 1 0.1246455 1 0.1246458 1 0.2437082 1 0.125353 1 0.1246455 1 0.2437061 1 0.2433895 1 0.1244214 1 0.125353 1 0.1245862 1 0.1244214 1 0.2433895 1 0.1243493 1 0.1245862 1 0.243596 1 0.2432913 1 0.243596 1 0.3737452 1 0.243596 1 0.2433895 1 0.3736291 1 0.3736291 1 0.2433895 1 0.2445553 1 0.2445553 1 0.2437061 1 0.3724737 1 0.2437061 1 0.2437082 1 0.3742206 1 0.3724737 1 0.3742206 1 0.4603771 1 0.3744573 1 0.3724737 1 0.4585453 1 0.3736291 1 0.3744573 1 0.459863 1 0.3737452 1 0.3736291 1 0.4598711 1 0.4596393 1 0.3734581 1 0.3737452 1 0.5371664 1 0.4599024 1 0.4598711 1 0.5372639 1 0.4598711 1 0.459863 1 0.459863 1 0.4585453 1 0.5364611 1 0.4585453 1 0.4603771 1 0.5373021 0 0 0 0 0 0 0 0 0 0 0 0 1 0 1 0 0 0 0 0 0 0 0 0 0 0 0 0 0 0 0 0 0 0 0 0 1 0 1 0 0 0 0 0 0 0 0 0 0 0 0 0 0 0 1 0 1 0 0 0 0 0 0 0 0 0 0 0 0 0 0 0 1 0.1241635 1 0.1241207 1 0.2430022 1 0.5372046 1 0.4595751 1 0.5370343 1 0.5368624 1 0.4599823 1 0.5372046 1 0.4595751 1 0.5372046 1 0.5370343 1 0.4599823 1 0.5368624 1 0.5372046 0 0 0 0 0 0 0 0 0 0 0 0 0 0 0 0 0 0 0 0 0 0 0 0 0 0 0 0 0 0 0 0 0 0 0 0 0 0 0 0 0 0 0.9999998 0.5369545 1 0.6008745 0.9999998 0.5369323 1 0.5372468 1 0.6012046 1 0.5372352 1 0.6007393 1 0.6011877 1 0.6009903 1 0.6007393 1 0.6012179 1 0.6009422 1 2.352e-4 1 0.1246393 1 0 1 -1.80553e-5 1 0.1248213 1 2.41127e-4 1 0.1246811 1 0.2436286 1 0.1246393 1 0.1248307 1 0.2438876 1 0.1248213 1 0.243691 1 0.3736783 1 0.2436286 1 0.2439048 1 0.3739655 1 0.2438876 1 0.3737328 1 0.4597582 1 0.3736783 1 0.4610674 1 0.3739655 1 0.3740138 1 0.4598028 0.9999998 0.5369324 1 0.4597582 1 0.5372468 1 0.4600531 1 0.460945 0 0 0 0 0 0 0 0 0 0 0 0 0 0 0 0 0 0 0 0 0 0 0 0 0 0 0 0 0 0 0 0 0 0 0 0 0 0 0 0 0 0 1 0.6008622 0.9999998 0.5369374 0.9999998 0.536902 1 0.537209 1 0.6007815 1 0.5372276 1 0.6011853 1 0.60059 1 0.6009903 1 0.6009903 1 0.6007815 1 0.6012467 1 0.1245825 1 3.7499e-4 1 0 1 0.1247847 1 1.26583e-4 1 3.84471e-4 1 0.2435491 1 0.1246491 1 0.1245825 1 0.243838 1 0.1247999 1 0.1247847 1 0.3736095 1 0.2436488 1 0.2435491 1 0.3739212 1 0.2438655 1 0.243838 1 0.4597036 1 0.3736966 1 0.3736095 1 0.3739212 1 0.461633 1 0.3739982 0.9999998 0.536902 1 0.4597748 1 0.4597036 1 0.4600158 1 0.5372276 1 0.4614378 0 0 0 0 1 0.1241207 1 0.5372046 1 0.4599823 1 0.4595751 1 0.5368624 1 0.4595215 1 0.4599823 1 0.4595751 1 0.4599823 1 0.5372046 1 0.4599823 1 0.4595215 1 0.5368624 0 0 0 0 0 0 0 0 0 0 0 0 0 0 0 0 0 0 0 0 0 0 0 0 0 0 0 0 0 0 0 0 0 0 0 0 0 0 0 0 0 0 0.9999998 0.5369545 1 0.6008806 1 0.6008745 1 0.5372468 1 0.6009422 1 0.6012046 1 0.6007393 1 0.6013292 1 0.6011877 1 0.6007393 1 0.6009903 1 0.6012179 1 2.352e-4 1 0.1246811 1 0.1246393 1 -1.80553e-5 1 0.1248307 1 0.1248213 1 0.1246811 1 0.243691 1 0.2436286 1 0.1248307 1 0.2439048 1 0.2438876 1 0.243691 1 0.3737328 1 0.3736783 1 0.2439048 1 0.3740138 1 0.3739655 1 0.3737328 1 0.4598028 1 0.4597582 1 0.4610674 1 0.4600531 1 0.3739655 1 0.4598028 0.9999998 0.5369545 0.9999998 0.5369324 1 0.5372468 1 0.5372352 1 0.4600531 0 0 0 0 0 0 0 0 0 0 0 0 0 0 0 0 0 0 0 0 0 0 0 0 0 0 0 0 0 0 0 0 0 0 0 0 0 0 0 0 0 0 1 0.6008622 1 0.600872 0.9999998 0.5369374 1 0.537209 1 0.6006123 1 0.6007815 1 0.6011853 1 0.6014185 1 0.60059 1 0.6009903 1 0.60059 1 0.6007815 1 0.1245825 1 0.1246491 1 3.7499e-4 1 0.1247847 1 0.1247999 1 1.26583e-4 1 0.2435491 1 0.2436488 1 0.1246491 1 0.243838 1 0.2438655 1 0.1247999 1 0.3736095 1 0.3736966 1 0.2436488 1 0.3739212 1 0.3739982 1 0.2438655 1 0.4597036 1 0.4597748 1 0.3736966 1 0.3739212 1 0.4600158 1 0.461633 0.9999998 0.536902 0.9999998 0.5369374 1 0.4597748 1 0.4600158 1 0.537209 1 0.5372276 1 0.1241635 1 2.32507e-4 0 0 0 0 1 2.30712e-4 1 0.1241207 1 0.1241635 0 0 1 0.1241207</float_array>
          <technique_common>
            <accessor source="#Plane_001-mesh-map-0-array" count="3018" stride="2">
              <param name="S" type="float"/>
              <param name="T" type="float"/>
            </accessor>
          </technique_common>
        </source>
        <vertices id="Plane_001-mesh-vertices">
          <input semantic="POSITION" source="#Plane_001-mesh-positions"/>
        </vertices>
        <triangles material="Material_001-material" count="910">
          <input semantic="VERTEX" source="#Plane_001-mesh-vertices" offset="0"/>
          <input semantic="NORMAL" source="#Plane_001-mesh-normals" offset="1"/>
          <input semantic="TEXCOORD" source="#Plane_001-mesh-map-0" offset="2" set="0"/>
          <p>14 0 0 1 0 1 0 0 2 22 1 3 42 1 4 23 1 5 0 2 6 15 2 7 14 2 8 40 1 9 22 1 10 11 1 11 39 1 12 11 1 13 10 1 14 38 1 15 10 1 16 21 1 17 20 3 18 38 3 19 21 3 20 36 4 21 20 4 22 9 4 23 35 1 24 9 1 25 19 1 26 34 1 27 19 1 28 8 1 29 33 5 30 8 5 31 7 5 32 32 1 33 7 1 34 6 1 35 18 6 36 32 6 37 6 6 38 5 7 39 31 7 40 18 7 41 16 8 42 26 8 43 17 8 44 23 9 45 43 9 46 24 9 47 1 10 48 28 10 49 2 10 50 24 11 51 44 11 52 12 11 53 3 12 54 25 12 55 16 12 56 28 13 57 4 13 58 2 13 59 428 14 60 3 14 61 426 14 62 17 15 63 15 15 64 0 15 65 4 16 66 30 16 67 5 16 68 46 17 69 13 17 70 14 17 71 47 18 72 14 18 73 15 18 74 66 19 75 514 19 76 159 19 77 500 20 78 59 20 79 488 20 80 496 21 81 166 21 82 493 21 83 92 22 84 487 22 85 485 22 86 491 23 87 165 23 88 72 23 89 92 24 90 483 24 91 91 24 92 86 25 93 473 25 94 58 25 95 91 26 96 481 26 97 90 26 98 88 27 99 479 27 100 477 27 101 478 28 102 36 28 103 35 28 104 87 29 105 474 29 106 498 29 107 88 30 108 475 30 109 87 30 110 31 31 111 58 31 112 32 31 113 50 32 114 48 32 115 47 32 116 79 33 117 45 33 118 78 33 119 80 34 120 53 34 121 79 34 122 118 35 123 173 35 124 174 35 125 117 36 126 137 36 127 173 36 128 102 37 129 136 37 130 137 37 131 101 38 132 135 38 133 136 38 134 188 39 135 156 39 136 157 39 137 85 40 138 58 40 139 57 40 140 473 41 141 34 41 142 33 41 143 58 42 144 33 42 145 32 42 146 476 43 147 35 43 148 34 43 149 90 44 150 479 44 151 89 44 152 480 45 153 37 45 154 36 45 155 37 46 156 484 46 157 38 46 158 484 47 159 39 47 160 38 47 161 486 48 162 40 48 163 39 48 164 488 49 165 41 49 166 40 49 167 213 50 168 111 50 169 129 50 170 94 51 171 61 51 172 60 51 173 52 52 174 54 52 175 51 52 176 49 53 177 51 53 178 48 53 179 47 54 180 48 54 181 151 54 182 25 55 183 50 55 184 26 55 185 45 56 186 28 56 187 13 56 188 43 57 189 61 57 190 44 57 191 27 58 192 49 58 193 25 58 194 53 59 195 29 59 196 28 59 197 428 60 198 52 60 199 27 60 200 50 61 201 15 61 202 26 61 203 46 62 204 78 62 205 45 62 206 113 63 207 94 63 208 112 63 209 225 64 210 148 64 211 167 64 212 171 65 213 228 65 214 170 65 215 94 66 216 212 66 217 112 66 218 112 67 219 218 67 220 130 67 221 110 68 222 499 68 223 92 68 224 122 69 225 501 69 226 104 69 227 110 70 228 91 70 229 109 70 230 109 71 231 90 71 232 108 71 233 108 72 234 89 72 235 107 72 236 106 73 237 89 73 238 88 73 239 106 21 240 87 21 241 105 21 242 104 74 243 497 74 244 86 74 245 504 75 246 93 75 247 500 75 248 103 76 249 86 76 250 85 76 251 180 77 252 139 77 253 121 77 254 174 78 255 30 78 256 29 78 257 183 79 258 138 79 259 139 79 260 179 80 261 98 80 262 116 80 263 175 81 264 56 81 265 80 81 266 98 82 267 79 82 268 97 82 269 97 83 270 78 83 271 96 83 272 115 84 273 96 84 274 114 84 275 116 85 276 97 85 277 115 85 278 173 86 279 137 86 280 30 86 281 137 87 282 31 87 283 30 87 284 153 88 285 181 88 286 134 88 287 57 89 288 176 89 289 85 89 290 178 90 291 121 90 292 103 90 293 121 91 294 104 91 295 103 91 296 123 92 297 502 92 298 506 92 299 507 93 300 110 93 301 128 93 302 124 94 303 105 94 304 123 94 305 124 95 306 107 95 307 106 95 308 126 96 309 107 96 310 125 96 311 127 97 312 108 97 313 126 97 314 128 98 315 109 98 316 127 98 317 508 99 318 111 99 319 504 99 320 141 21 321 506 21 322 510 21 323 201 100 324 59 100 325 93 100 326 220 101 327 147 101 328 148 101 329 149 102 330 229 102 331 171 102 332 131 103 333 112 103 334 130 103 335 47 104 336 96 104 337 78 104 338 150 105 339 130 105 340 149 105 341 219 106 342 129 106 343 147 106 344 226 107 345 167 107 346 168 107 347 60 108 348 206 108 349 94 108 350 511 21 351 128 21 352 146 21 353 159 21 354 509 21 355 140 21 356 146 21 357 127 21 358 145 21 359 145 109 360 126 109 361 144 109 362 144 21 363 125 21 364 143 21 365 142 110 366 125 110 367 124 110 368 141 111 369 124 111 370 123 111 371 140 112 372 505 112 373 122 112 374 147 21 375 508 21 376 512 21 377 139 113 378 122 113 379 121 113 380 136 114 381 135 114 382 31 114 383 177 115 384 80 115 385 98 115 386 154 116 387 184 116 388 153 116 389 120 117 390 174 117 391 29 117 392 181 118 393 116 118 394 134 118 395 134 119 396 115 119 397 133 119 398 133 120 399 114 120 400 132 120 401 47 121 402 114 121 403 96 121 404 152 83 405 132 83 406 151 83 407 153 122 408 133 122 409 152 122 410 186 123 411 154 123 412 155 123 413 138 124 414 188 124 415 157 124 416 85 125 417 178 125 418 103 125 419 187 126 420 155 126 421 156 126 422 157 127 423 139 127 424 138 127 425 158 128 426 140 128 427 139 128 428 513 129 429 141 129 430 510 129 431 516 130 432 146 130 433 165 130 434 160 131 435 142 131 436 141 131 437 161 132 438 143 132 439 142 132 440 163 21 441 143 21 442 162 21 443 166 21 444 512 21 445 515 21 446 167 133 447 147 133 448 166 133 449 227 134 450 168 134 451 169 134 452 207 135 453 93 135 454 111 135 455 130 136 456 224 136 457 149 136 458 170 137 459 227 137 460 169 137 461 172 138 462 149 138 463 171 138 464 47 139 465 132 139 466 114 139 467 77 140 468 171 140 469 76 140 470 76 141 471 170 141 472 75 141 473 75 142 474 169 142 475 74 142 476 73 143 477 169 143 478 168 143 479 105 21 480 498 21 481 502 21 482 496 144 483 168 144 484 167 144 485 493 21 486 515 21 487 492 21 488 72 21 489 164 21 490 71 21 491 71 21 492 163 21 493 70 21 494 70 21 495 162 21 496 69 21 497 68 145 498 162 145 499 161 145 500 67 146 501 161 146 502 160 146 503 490 147 504 160 147 505 513 147 506 65 148 507 159 148 508 158 148 509 64 149 510 158 149 511 157 149 512 64 21 513 156 21 514 63 21 515 62 21 516 156 21 517 155 21 518 55 21 519 155 21 520 154 21 521 54 150 522 154 150 523 153 150 524 51 151 525 153 151 526 152 151 527 48 152 528 152 152 529 151 152 530 47 153 531 151 153 532 132 153 533 176 154 534 100 154 535 178 154 536 189 155 537 183 155 538 180 155 539 197 156 540 184 156 541 185 156 542 179 157 543 119 157 544 177 157 545 196 158 546 181 158 547 184 158 548 186 159 549 197 159 550 185 159 551 195 160 552 182 160 553 183 160 554 187 161 555 198 161 556 186 161 557 175 162 558 120 162 559 29 162 560 178 163 561 189 163 562 180 163 563 200 164 564 187 164 565 188 164 566 31 165 567 135 165 568 176 165 569 119 166 570 175 166 571 177 166 572 194 167 573 188 167 574 182 167 575 190 168 576 179 168 577 181 168 578 119 21 579 174 21 580 120 21 581 99 169 582 118 169 583 119 169 584 84 170 585 117 170 586 118 170 587 83 21 588 102 21 589 117 21 590 82 171 591 101 171 592 102 171 593 189 172 594 101 172 595 81 172 596 195 173 597 81 173 598 194 173 599 193 174 600 81 174 601 82 174 602 192 175 603 82 175 604 83 175 605 191 176 606 83 176 607 84 176 608 190 21 609 84 21 610 99 21 611 196 21 612 191 21 613 190 21 614 197 177 615 192 177 616 191 177 617 198 178 618 193 178 619 192 178 620 200 179 621 193 179 622 199 179 623 201 180 624 202 180 625 41 180 626 203 181 627 41 181 628 202 181 629 203 182 630 204 182 631 42 182 632 205 183 633 42 183 634 204 183 635 205 184 636 206 184 637 43 184 638 212 185 639 205 185 640 211 185 641 211 186 642 204 186 643 210 186 644 209 187 645 204 187 646 203 187 647 209 21 648 202 21 649 208 21 650 208 188 651 201 188 652 207 188 653 214 189 654 207 189 655 213 189 656 215 21 657 208 21 658 214 21 659 215 190 660 210 190 661 209 190 662 217 191 663 210 191 664 216 191 665 218 192 666 211 192 667 217 192 668 224 193 669 217 193 670 223 193 671 223 194 672 216 194 673 222 194 674 222 21 675 215 21 676 221 21 677 221 21 678 214 21 679 220 21 680 219 195 681 214 195 682 213 195 683 225 196 684 221 196 685 220 196 686 226 197 687 222 197 688 221 197 689 228 198 690 222 198 691 227 198 692 229 199 693 223 199 694 228 199 695 1 200 696 231 200 697 0 200 698 22 1 699 250 1 700 249 1 701 0 201 702 231 201 703 232 201 704 22 202 705 248 202 706 11 202 707 11 203 708 247 203 709 10 203 710 10 204 711 246 204 712 21 204 713 20 1 714 246 1 715 245 1 716 20 205 717 244 205 718 9 205 719 9 206 720 243 206 721 19 206 722 19 207 723 242 207 724 8 207 725 8 208 726 241 208 727 7 208 728 7 209 729 240 209 730 6 209 731 18 1 732 240 1 733 239 1 734 5 1 735 239 1 736 238 1 737 16 210 738 234 210 739 233 210 740 23 1 741 251 1 742 250 1 743 2 211 744 230 211 745 1 211 746 24 212 747 252 212 748 251 212 749 16 213 750 235 213 751 3 213 752 4 214 753 236 214 754 2 214 755 426 215 756 235 215 757 427 215 758 17 216 759 232 216 760 234 216 761 230 217 762 254 217 763 231 217 764 231 218 765 255 218 766 232 218 767 274 176 768 469 176 769 446 176 770 455 219 771 267 219 772 297 219 773 472 220 774 450 220 775 447 220 776 296 221 777 444 221 778 456 221 779 362 222 780 452 222 781 450 222 782 440 223 783 296 223 784 295 223 785 292 224 786 430 224 787 454 224 788 438 225 789 295 225 790 294 225 791 241 226 792 266 226 793 240 226 794 429 227 795 293 227 796 453 227 797 239 1 798 266 1 799 265 1 800 256 228 801 258 228 802 255 228 803 253 229 804 285 229 805 284 229 806 261 230 807 286 230 808 285 230 809 320 176 810 369 176 811 319 176 812 319 176 813 337 176 814 306 176 815 306 231 816 336 231 817 305 231 818 305 232 819 335 232 820 304 232 821 354 233 822 384 233 823 355 233 824 291 234 825 266 234 826 292 234 827 242 1 828 430 1 829 241 1 830 243 235 831 431 235 832 242 235 833 244 236 834 433 236 835 243 236 836 245 237 837 435 237 838 244 237 839 245 238 840 439 238 841 437 238 842 247 239 843 439 239 844 246 239 845 248 240 846 441 240 847 247 240 848 249 241 849 443 241 850 248 241 851 313 242 852 409 242 853 329 242 854 298 243 855 269 243 856 299 243 857 260 244 858 262 244 859 263 244 860 257 245 861 259 245 862 260 245 863 255 246 864 349 246 865 256 246 866 233 247 867 258 247 868 257 247 869 236 248 870 253 248 871 230 248 872 251 249 873 269 249 874 268 249 875 235 250 876 257 250 877 260 250 878 237 251 879 261 251 880 236 251 881 427 252 882 260 252 883 263 252 884 234 253 885 255 253 886 258 253 887 4 1 888 238 1 889 237 1 890 254 254 891 284 254 892 255 254 893 298 255 894 315 255 895 314 255 896 346 256 897 421 256 898 363 256 899 367 257 900 424 257 901 425 257 902 298 258 903 408 258 904 402 258 905 314 259 906 414 259 907 408 259 908 312 260 909 456 260 910 460 260 911 324 261 912 458 261 913 462 261 914 295 262 915 312 262 916 311 262 917 294 263 918 311 263 919 310 263 920 308 264 921 454 264 922 458 264 923 459 176 924 297 176 925 313 176 926 307 176 927 292 176 928 308 176 929 339 265 930 376 265 931 323 265 932 370 266 933 238 266 934 369 266 935 338 267 936 379 267 937 339 267 938 302 268 939 375 268 940 318 268 941 286 269 942 237 269 943 371 269 944 285 270 945 302 270 946 301 270 947 284 271 948 301 271 949 300 271 950 300 272 951 317 272 952 316 272 953 301 273 954 318 273 955 317 273 956 369 274 957 238 274 958 337 274 959 337 275 960 239 275 961 336 275 962 334 276 963 380 276 964 351 276 965 265 277 966 372 277 967 239 277 968 323 278 969 374 278 970 307 278 971 323 279 972 308 279 973 324 279 974 457 280 975 325 280 976 461 280 977 312 281 978 464 281 979 328 281 980 310 282 981 327 282 982 326 282 983 311 283 984 328 283 985 327 283 986 463 284 987 313 284 988 329 284 989 461 285 990 341 285 991 465 285 992 267 286 993 397 286 994 297 286 995 345 287 996 416 287 997 346 287 998 347 288 999 425 288 1000 420 288 1001 314 289 1002 331 289 1003 330 289 1004 255 290 1005 284 290 1006 300 290 1007 529 291 1008 528 291 1009 283 291 1010 330 292 1011 348 292 1012 347 292 1013 329 293 1014 415 293 1015 345 293 1016 363 294 1017 422 294 1018 364 294 1019 268 295 1020 402 295 1021 251 295 1022 328 296 1023 468 296 1024 344 296 1025 357 297 1026 466 297 1027 469 297 1028 327 298 1029 344 298 1030 343 298 1031 326 299 1032 343 299 1033 342 299 1034 340 176 1035 462 176 1036 466 176 1037 463 300 1038 345 300 1039 467 300 1040 339 301 1041 324 301 1042 340 301 1043 336 302 1044 239 302 1045 335 302 1046 286 303 1047 373 303 1048 302 303 1049 351 304 1050 381 304 1051 352 304 1052 322 305 1053 237 305 1054 370 305 1055 318 306 1056 377 306 1057 334 306 1058 317 307 1059 334 307 1060 333 307 1061 316 308 1062 333 308 1063 332 308 1064 255 309 1065 300 309 1066 316 309 1067 332 310 1068 350 310 1069 349 310 1070 333 311 1071 351 311 1072 350 311 1073 352 312 1074 382 312 1075 353 312 1076 355 313 1077 378 313 1078 338 313 1079 307 314 1080 372 314 1081 291 314 1082 353 315 1083 383 315 1084 354 315 1085 355 176 1086 339 176 1087 356 176 1088 356 316 1089 340 316 1090 357 316 1091 470 317 1092 341 317 1093 358 317 1094 344 318 1095 471 318 1096 361 318 1097 467 319 1098 362 319 1099 472 319 1100 345 176 1101 363 176 1102 362 176 1103 364 320 1104 423 320 1105 365 320 1106 297 321 1107 403 321 1108 313 321 1109 330 322 1110 420 322 1111 414 322 1112 366 323 1113 423 323 1114 424 323 1115 347 324 1116 368 324 1117 367 324 1118 315 325 1119 299 325 1120 252 325 1121 255 326 1122 316 326 1123 332 326 1124 367 327 1125 283 327 1126 282 327 1127 366 328 1128 282 328 1129 281 328 1130 365 329 1131 281 329 1132 280 329 1133 279 176 1134 365 176 1135 280 176 1136 453 330 1137 309 330 1138 457 330 1139 452 176 1140 364 176 1141 279 176 1142 360 331 1143 278 331 1144 277 331 1145 359 332 1146 277 332 1147 276 332 1148 361 333 1149 448 333 1150 278 333 1151 445 176 1152 358 176 1153 275 176 1154 273 334 1155 357 334 1156 274 334 1157 272 335 1158 356 335 1159 273 335 1160 354 176 1161 272 176 1162 271 176 1163 270 336 1164 354 336 1165 271 336 1166 263 176 1167 353 176 1168 270 176 1169 262 176 1170 352 176 1171 263 176 1172 259 337 1173 351 337 1174 262 337 1175 256 338 1176 350 338 1177 259 338 1178 255 339 1179 332 339 1180 349 339 1181 372 340 1182 304 340 1183 335 340 1184 376 341 1185 391 341 1186 385 341 1187 380 342 1188 393 342 1189 381 342 1190 373 343 1191 303 343 1192 375 343 1193 377 344 1194 392 344 1195 380 344 1196 381 345 1197 394 345 1198 382 345 1199 378 346 1200 391 346 1201 379 346 1202 382 347 1203 395 347 1204 383 347 1205 371 348 1206 237 348 1207 322 348 1208 374 349 1209 385 349 1210 304 349 1211 383 350 1212 396 350 1213 384 350 1214 239 351 1215 372 351 1216 335 351 1217 371 352 1218 321 352 1219 373 352 1220 384 353 1221 390 353 1222 378 353 1223 375 354 1224 386 354 1225 377 354 1226 321 355 1227 370 355 1228 320 355 1229 303 356 1230 320 356 1231 290 356 1232 290 357 1233 319 357 1234 289 357 1235 289 358 1236 306 358 1237 288 358 1238 288 176 1239 305 176 1240 287 176 1241 305 359 1242 385 359 1243 287 359 1244 287 176 1245 391 176 1246 390 176 1247 389 176 1248 287 176 1249 390 176 1250 388 176 1251 288 176 1252 389 176 1253 387 176 1254 289 176 1255 388 176 1256 386 360 1257 290 360 1258 387 360 1259 392 361 1260 387 361 1261 393 361 1262 393 362 1263 388 362 1264 394 362 1265 394 176 1266 389 176 1267 395 176 1268 389 176 1269 396 176 1270 395 176 1271 397 363 1272 249 363 1273 398 363 1274 249 364 1275 399 364 1276 398 364 1277 399 365 1278 250 365 1279 400 365 1280 250 366 1281 401 366 1282 400 366 1283 401 367 1284 251 367 1285 402 367 1286 401 368 1287 408 368 1288 407 368 1289 400 369 1290 407 369 1291 406 369 1292 405 176 1293 400 176 1294 406 176 1295 398 370 1296 405 370 1297 404 370 1298 397 371 1299 404 371 1300 403 371 1301 403 372 1302 410 372 1303 409 372 1304 404 373 1305 411 373 1306 410 373 1307 411 176 1308 406 176 1309 412 176 1310 406 374 1311 413 374 1312 412 374 1313 407 375 1314 414 375 1315 413 375 1316 413 376 1317 420 376 1318 419 376 1319 412 377 1320 419 377 1321 418 377 1322 411 378 1323 418 378 1324 417 378 1325 410 379 1326 417 379 1327 416 379 1328 415 176 1329 410 176 1330 416 176 1331 421 176 1332 417 176 1333 422 176 1334 422 176 1335 418 176 1336 423 176 1337 418 380 1338 424 380 1339 423 380 1340 419 381 1341 425 381 1342 424 381 1343 263 382 1344 520 382 1345 427 382 1346 55 383 1347 521 383 1348 517 383 1349 427 384 1350 519 384 1351 426 384 1352 428 385 1353 519 385 1354 521 385 1355 518 386 1356 525 386 1357 520 386 1358 521 387 1359 522 387 1360 517 387 1361 520 388 1362 524 388 1363 519 388 1364 521 389 1365 524 389 1366 526 389 1367 525 390 1368 530 390 1369 528 390 1370 525 391 1371 529 391 1372 524 391 1373 526 392 1374 531 392 1375 522 392 1376 526 393 1377 529 393 1378 527 393 1379 293 394 1380 310 394 1381 309 394 1382 14 395 1383 13 395 1384 1 395 1385 22 1 1386 41 1 1387 42 1 1388 40 396 1389 41 396 1390 22 396 1391 39 397 1392 40 397 1393 11 397 1394 38 398 1395 39 398 1396 10 398 1397 20 1 1398 37 1 1399 38 1 1400 36 399 1401 37 399 1402 20 399 1403 35 400 1404 36 400 1405 9 400 1406 34 401 1407 35 401 1408 19 401 1409 33 402 1410 34 402 1411 8 402 1412 32 403 1413 33 403 1414 7 403 1415 18 1 1416 31 1 1417 32 1 1418 5 1 1419 30 1 1420 31 1 1421 16 404 1422 25 404 1423 26 404 1424 23 405 1425 42 405 1426 43 405 1427 1 406 1428 13 406 1429 28 406 1430 24 407 1431 43 407 1432 44 407 1433 3 408 1434 27 408 1435 25 408 1436 28 409 1437 29 409 1438 4 409 1439 428 410 1440 27 410 1441 3 410 1442 17 411 1443 26 411 1444 15 411 1445 4 412 1446 29 412 1447 30 412 1448 46 413 1449 45 413 1450 13 413 1451 47 414 1452 46 414 1453 14 414 1454 66 21 1455 489 21 1456 514 21 1457 500 415 1458 93 415 1459 59 415 1460 496 416 1461 167 416 1462 166 416 1463 92 417 1464 499 417 1465 487 417 1466 491 418 1467 516 418 1468 165 418 1469 92 419 1470 485 419 1471 483 419 1472 86 420 1473 497 420 1474 473 420 1475 91 421 1476 483 421 1477 481 421 1478 88 422 1479 89 422 1480 479 422 1481 478 423 1482 480 423 1483 36 423 1484 87 424 1485 475 424 1486 474 424 1487 88 425 1488 477 425 1489 475 425 1490 31 426 1491 57 426 1492 58 426 1493 50 427 1494 49 427 1495 48 427 1496 79 83 1497 53 83 1498 45 83 1499 80 428 1500 56 428 1501 53 428 1502 118 21 1503 117 21 1504 173 21 1505 117 21 1506 102 21 1507 137 21 1508 102 21 1509 101 21 1510 136 21 1511 101 429 1512 100 429 1513 135 429 1514 188 430 1515 187 430 1516 156 430 1517 85 431 1518 86 431 1519 58 431 1520 473 432 1521 476 432 1522 34 432 1523 58 433 1524 473 433 1525 33 433 1526 476 434 1527 478 434 1528 35 434 1529 90 26 1530 481 26 1531 479 26 1532 480 435 1533 482 435 1534 37 435 1535 37 436 1536 482 436 1537 484 436 1538 484 437 1539 486 437 1540 39 437 1541 486 438 1542 488 438 1543 40 438 1544 488 439 1545 59 439 1546 41 439 1547 213 440 1548 207 440 1549 111 440 1550 94 441 1551 95 441 1552 61 441 1553 52 442 1554 55 442 1555 54 442 1556 49 120 1557 52 120 1558 51 120 1559 25 443 1560 49 443 1561 50 443 1562 45 444 1563 53 444 1564 28 444 1565 43 445 1566 60 445 1567 61 445 1568 27 446 1569 52 446 1570 49 446 1571 53 447 1572 56 447 1573 29 447 1574 428 448 1575 55 448 1576 52 448 1577 50 449 1578 47 449 1579 15 449 1580 46 450 1581 47 450 1582 78 450 1583 113 451 1584 95 451 1585 94 451 1586 225 452 1587 220 452 1588 148 452 1589 171 453 1590 229 453 1591 228 453 1592 94 454 1593 206 454 1594 212 454 1595 112 455 1596 212 455 1597 218 455 1598 110 456 1599 503 456 1600 499 456 1601 122 457 1602 505 457 1603 501 457 1604 110 458 1605 92 458 1606 91 458 1607 109 459 1608 91 459 1609 90 459 1610 108 460 1611 90 460 1612 89 460 1613 106 21 1614 107 21 1615 89 21 1616 106 461 1617 88 461 1618 87 461 1619 104 462 1620 501 462 1621 497 462 1622 504 21 1623 111 21 1624 93 21 1625 103 21 1626 104 21 1627 86 21 1628 180 463 1629 183 463 1630 139 463 1631 174 464 1632 173 464 1633 30 464 1634 183 465 1635 182 465 1636 138 465 1637 179 466 1638 177 466 1639 98 466 1640 175 467 1641 29 467 1642 56 467 1643 98 468 1644 80 468 1645 79 468 1646 97 83 1647 79 83 1648 78 83 1649 115 469 1650 97 469 1651 96 469 1652 116 470 1653 98 470 1654 97 470 1655 137 471 1656 136 471 1657 31 471 1658 153 472 1659 184 472 1660 181 472 1661 57 473 1662 31 473 1663 176 473 1664 178 474 1665 180 474 1666 121 474 1667 121 475 1668 122 475 1669 104 475 1670 123 476 1671 105 476 1672 502 476 1673 507 477 1674 503 477 1675 110 477 1676 124 478 1677 106 478 1678 105 478 1679 124 479 1680 125 479 1681 107 479 1682 126 480 1683 108 480 1684 107 480 1685 127 481 1686 109 481 1687 108 481 1688 128 482 1689 110 482 1690 109 482 1691 508 483 1692 129 483 1693 111 483 1694 141 484 1695 123 484 1696 506 484 1697 201 485 1698 41 485 1699 59 485 1700 220 486 1701 219 486 1702 147 486 1703 149 487 1704 224 487 1705 229 487 1706 131 488 1707 113 488 1708 112 488 1709 150 489 1710 131 489 1711 130 489 1712 219 490 1713 213 490 1714 129 490 1715 226 491 1716 225 491 1717 167 491 1718 60 492 1719 43 492 1720 206 492 1721 511 493 1722 507 493 1723 128 493 1724 159 21 1725 514 21 1726 509 21 1727 146 494 1728 128 494 1729 127 494 1730 145 495 1731 127 495 1732 126 495 1733 144 496 1734 126 496 1735 125 496 1736 142 21 1737 143 21 1738 125 21 1739 141 21 1740 142 21 1741 124 21 1742 140 21 1743 509 21 1744 505 21 1745 147 497 1746 129 497 1747 508 497 1748 139 498 1749 140 498 1750 122 498 1751 177 499 1752 175 499 1753 80 499 1754 154 116 1755 185 116 1756 184 116 1757 181 500 1758 179 500 1759 116 500 1760 134 501 1761 116 501 1762 115 501 1763 133 502 1764 115 502 1765 114 502 1766 152 503 1767 133 503 1768 132 503 1769 153 504 1770 134 504 1771 133 504 1772 186 505 1773 185 505 1774 154 505 1775 138 124 1776 182 124 1777 188 124 1778 85 506 1779 176 506 1780 178 506 1781 187 507 1782 186 507 1783 155 507 1784 157 21 1785 158 21 1786 139 21 1787 158 508 1788 159 508 1789 140 508 1790 513 21 1791 160 21 1792 141 21 1793 516 509 1794 511 509 1795 146 509 1796 160 510 1797 161 510 1798 142 510 1799 161 21 1800 162 21 1801 143 21 1802 163 511 1803 144 511 1804 143 511 1805 166 512 1806 147 512 1807 512 512 1808 167 21 1809 148 21 1810 147 21 1811 227 513 1812 226 513 1813 168 513 1814 207 514 1815 201 514 1816 93 514 1817 130 515 1818 218 515 1819 224 515 1820 170 516 1821 228 516 1822 227 516 1823 172 517 1824 150 517 1825 149 517 1826 77 518 1827 172 518 1828 171 518 1829 76 519 1830 171 519 1831 170 519 1832 75 520 1833 170 520 1834 169 520 1835 73 21 1836 74 21 1837 169 21 1838 105 521 1839 87 521 1840 498 521 1841 496 522 1842 73 522 1843 168 522 1844 493 523 1845 166 523 1846 515 523 1847 72 524 1848 165 524 1849 164 524 1850 71 525 1851 164 525 1852 163 525 1853 70 526 1854 163 526 1855 162 526 1856 68 21 1857 69 21 1858 162 21 1859 67 21 1860 68 21 1861 161 21 1862 490 527 1863 67 527 1864 160 527 1865 65 528 1866 66 528 1867 159 528 1868 64 21 1869 65 21 1870 158 21 1871 64 529 1872 157 529 1873 156 529 1874 62 21 1875 63 21 1876 156 21 1877 55 530 1878 62 530 1879 155 530 1880 54 531 1881 55 531 1882 154 531 1883 51 532 1884 54 532 1885 153 532 1886 48 533 1887 51 533 1888 152 533 1889 176 154 1890 135 154 1891 100 154 1892 189 534 1893 195 534 1894 183 534 1895 197 535 1896 196 535 1897 184 535 1898 179 536 1899 99 536 1900 119 536 1901 196 537 1902 190 537 1903 181 537 1904 186 538 1905 198 538 1906 197 538 1907 195 539 1908 194 539 1909 182 539 1910 187 540 1911 199 540 1912 198 540 1913 178 541 1914 100 541 1915 189 541 1916 200 542 1917 199 542 1918 187 542 1919 119 543 1920 120 543 1921 175 543 1922 194 544 1923 200 544 1924 188 544 1925 190 545 1926 99 545 1927 179 545 1928 119 546 1929 118 546 1930 174 546 1931 99 547 1932 84 547 1933 118 547 1934 84 21 1935 83 21 1936 117 21 1937 83 21 1938 82 21 1939 102 21 1940 82 21 1941 81 21 1942 101 21 1943 189 548 1944 100 548 1945 101 548 1946 195 21 1947 189 21 1948 81 21 1949 193 549 1950 194 549 1951 81 549 1952 192 550 1953 193 550 1954 82 550 1955 191 21 1956 192 21 1957 83 21 1958 190 21 1959 191 21 1960 84 21 1961 196 551 1962 197 551 1963 191 551 1964 197 552 1965 198 552 1966 192 552 1967 198 21 1968 199 21 1969 193 21 1970 200 553 1971 194 553 1972 193 553 1973 203 554 1974 42 554 1975 41 554 1976 205 555 1977 43 555 1978 42 555 1979 212 556 1980 206 556 1981 205 556 1982 211 557 1983 205 557 1984 204 557 1985 209 21 1986 210 21 1987 204 21 1988 209 558 1989 203 558 1990 202 558 1991 208 559 1992 202 559 1993 201 559 1994 214 560 1995 208 560 1996 207 560 1997 215 21 1998 209 21 1999 208 21 2000 215 21 2001 216 21 2002 210 21 2003 217 561 2004 211 561 2005 210 561 2006 218 562 2007 212 562 2008 211 562 2009 224 563 2010 218 563 2011 217 563 2012 223 564 2013 217 564 2014 216 564 2015 222 565 2016 216 565 2017 215 565 2018 221 566 2019 215 566 2020 214 566 2021 219 21 2022 220 21 2023 214 21 2024 225 21 2025 226 21 2026 221 21 2027 226 21 2028 227 21 2029 222 21 2030 228 567 2031 223 567 2032 222 567 2033 229 568 2034 224 568 2035 223 568 2036 1 569 2037 230 569 2038 231 569 2039 22 570 2040 23 570 2041 250 570 2042 22 571 2043 249 571 2044 248 571 2045 11 1 2046 248 1 2047 247 1 2048 10 1 2049 247 1 2050 246 1 2051 20 572 2052 21 572 2053 246 572 2054 20 1 2055 245 1 2056 244 1 2057 9 1 2058 244 1 2059 243 1 2060 19 573 2061 243 573 2062 242 573 2063 8 1 2064 242 1 2065 241 1 2066 7 1 2067 241 1 2068 240 1 2069 18 574 2070 6 574 2071 240 574 2072 5 575 2073 18 575 2074 239 575 2075 16 576 2076 17 576 2077 234 576 2078 23 577 2079 24 577 2080 251 577 2081 2 578 2082 236 578 2083 230 578 2084 24 579 2085 12 579 2086 252 579 2087 16 580 2088 233 580 2089 235 580 2090 4 581 2091 237 581 2092 236 581 2093 426 582 2094 3 582 2095 235 582 2096 17 583 2097 0 583 2098 232 583 2099 230 584 2100 253 584 2101 254 584 2102 231 585 2103 254 585 2104 255 585 2105 274 586 2106 357 586 2107 469 586 2108 455 587 2109 443 587 2110 267 587 2111 472 176 2112 362 176 2113 450 176 2114 296 588 2115 442 588 2116 444 588 2117 362 589 2118 363 589 2119 452 589 2120 440 590 2121 442 590 2122 296 590 2123 292 591 2124 266 591 2125 430 591 2126 438 592 2127 440 592 2128 295 592 2129 241 1 2130 430 1 2131 266 1 2132 429 593 2133 432 593 2134 293 593 2135 239 594 2136 240 594 2137 266 594 2138 256 595 2139 257 595 2140 258 595 2141 253 596 2142 261 596 2143 285 596 2144 261 597 2145 264 597 2146 286 597 2147 320 598 2148 370 598 2149 369 598 2150 319 599 2151 369 599 2152 337 599 2153 306 176 2154 337 176 2155 336 176 2156 305 600 2157 336 600 2158 335 600 2159 354 601 2160 383 601 2161 384 601 2162 291 602 2163 265 602 2164 266 602 2165 242 1 2166 431 1 2167 430 1 2168 243 1 2169 433 1 2170 431 1 2171 244 603 2172 435 603 2173 433 603 2174 245 604 2175 437 604 2176 435 604 2177 245 605 2178 246 605 2179 439 605 2180 247 1 2181 441 1 2182 439 1 2183 248 1 2184 443 1 2185 441 1 2186 249 1 2187 267 1 2188 443 1 2189 313 606 2190 403 606 2191 409 606 2192 298 607 2193 268 607 2194 269 607 2195 260 608 2196 259 608 2197 262 608 2198 257 609 2199 256 609 2200 259 609 2201 233 610 2202 234 610 2203 258 610 2204 236 611 2205 261 611 2206 253 611 2207 251 612 2208 252 612 2209 269 612 2210 235 613 2211 233 613 2212 257 613 2213 237 614 2214 264 614 2215 261 614 2216 427 615 2217 235 615 2218 260 615 2219 234 616 2220 232 616 2221 255 616 2222 4 617 2223 5 617 2224 238 617 2225 254 309 2226 253 309 2227 284 309 2228 298 618 2229 299 618 2230 315 618 2231 346 619 2232 416 619 2233 421 619 2234 367 620 2235 366 620 2236 424 620 2237 298 258 2238 314 258 2239 408 258 2240 314 621 2241 330 621 2242 414 621 2243 312 622 2244 296 622 2245 456 622 2246 324 623 2247 308 623 2248 458 623 2249 295 624 2250 296 624 2251 312 624 2252 294 625 2253 295 625 2254 311 625 2255 308 626 2256 292 626 2257 454 626 2258 459 627 2259 455 627 2260 297 627 2261 307 628 2262 291 628 2263 292 628 2264 339 265 2265 379 265 2266 376 265 2267 370 629 2268 237 629 2269 238 629 2270 338 630 2271 378 630 2272 379 630 2273 302 631 2274 373 631 2275 375 631 2276 286 632 2277 264 632 2278 237 632 2279 285 633 2280 286 633 2281 302 633 2282 284 308 2283 285 308 2284 301 308 2285 300 634 2286 301 634 2287 317 634 2288 301 635 2289 302 635 2290 318 635 2291 337 636 2292 238 636 2293 239 636 2294 334 637 2295 377 637 2296 380 637 2297 265 89 2298 291 89 2299 372 89 2300 323 638 2301 376 638 2302 374 638 2303 323 639 2304 307 639 2305 308 639 2306 457 640 2307 309 640 2308 325 640 2309 312 176 2310 460 176 2311 464 176 2312 310 641 2313 311 641 2314 327 641 2315 311 642 2316 312 642 2317 328 642 2318 463 643 2319 459 643 2320 313 643 2321 461 176 2322 325 176 2323 341 176 2324 267 644 2325 249 644 2326 397 644 2327 345 645 2328 415 645 2329 416 645 2330 347 646 2331 367 646 2332 425 646 2333 314 647 2334 315 647 2335 331 647 2336 528 648 2337 530 648 2338 283 648 2339 283 649 2340 77 649 2341 529 649 2342 77 650 2343 531 650 2344 527 650 2345 529 651 2346 77 651 2347 527 651 2348 330 652 2349 331 652 2350 348 652 2351 329 653 2352 409 653 2353 415 653 2354 363 654 2355 421 654 2356 422 654 2357 268 655 2358 298 655 2359 402 655 2360 328 656 2361 464 656 2362 468 656 2363 357 657 2364 340 657 2365 466 657 2366 327 176 2367 328 176 2368 344 176 2369 326 176 2370 327 176 2371 343 176 2372 340 658 2373 324 658 2374 462 658 2375 463 176 2376 329 176 2377 345 176 2378 339 659 2379 323 659 2380 324 659 2381 286 660 2382 371 660 2383 373 660 2384 351 661 2385 380 661 2386 381 661 2387 318 662 2388 375 662 2389 377 662 2390 317 663 2391 318 663 2392 334 663 2393 316 664 2394 317 664 2395 333 664 2396 332 271 2397 333 271 2398 350 271 2399 333 665 2400 334 665 2401 351 665 2402 352 666 2403 381 666 2404 382 666 2405 355 667 2406 384 667 2407 378 667 2408 307 314 2409 374 314 2410 372 314 2411 353 668 2412 382 668 2413 383 668 2414 355 21 2415 338 21 2416 339 21 2417 356 669 2418 339 669 2419 340 669 2420 470 670 2421 465 670 2422 341 670 2423 344 671 2424 468 671 2425 471 671 2426 467 176 2427 345 176 2428 362 176 2429 345 672 2430 346 672 2431 363 672 2432 364 673 2433 422 673 2434 423 673 2435 297 674 2436 397 674 2437 403 674 2438 330 675 2439 347 675 2440 420 675 2441 366 676 2442 365 676 2443 423 676 2444 347 677 2445 348 677 2446 368 677 2447 172 678 2448 77 678 2449 12 678 2450 77 679 2451 283 679 2452 12 679 2453 283 680 2454 368 680 2455 12 680 2456 150 681 2457 172 681 2458 44 681 2459 172 682 2460 12 682 2461 44 682 2462 368 683 2463 348 683 2464 252 683 2465 12 684 2466 368 684 2467 252 684 2468 131 685 2469 150 685 2470 44 685 2471 348 686 2472 331 686 2473 252 686 2474 113 687 2475 131 687 2476 44 687 2477 331 688 2478 315 688 2479 252 688 2480 44 689 2481 61 689 2482 95 689 2483 95 690 2484 113 690 2485 44 690 2486 299 683 2487 269 683 2488 252 683 2489 367 691 2490 368 691 2491 283 691 2492 366 692 2493 367 692 2494 282 692 2495 365 693 2496 366 693 2497 281 693 2498 279 694 2499 364 694 2500 365 694 2501 453 695 2502 293 695 2503 309 695 2504 452 696 2505 363 696 2506 364 696 2507 360 176 2508 361 176 2509 278 176 2510 359 176 2511 360 176 2512 277 176 2513 361 697 2514 471 697 2515 448 697 2516 445 698 2517 470 698 2518 358 698 2519 273 699 2520 356 699 2521 357 699 2522 272 700 2523 355 700 2524 356 700 2525 354 176 2526 355 176 2527 272 176 2528 270 701 2529 353 701 2530 354 701 2531 263 702 2532 352 702 2533 353 702 2534 262 176 2535 351 176 2536 352 176 2537 259 703 2538 350 703 2539 351 703 2540 256 664 2541 349 664 2542 350 664 2543 372 704 2544 374 704 2545 304 704 2546 376 705 2547 379 705 2548 391 705 2549 380 706 2550 392 706 2551 393 706 2552 373 707 2553 321 707 2554 303 707 2555 377 344 2556 386 344 2557 392 344 2558 381 708 2559 393 708 2560 394 708 2561 378 346 2562 390 346 2563 391 346 2564 382 347 2565 394 347 2566 395 347 2567 374 709 2568 376 709 2569 385 709 2570 383 710 2571 395 710 2572 396 710 2573 371 711 2574 322 711 2575 321 711 2576 384 712 2577 396 712 2578 390 712 2579 375 354 2580 303 354 2581 386 354 2582 321 176 2583 322 176 2584 370 176 2585 303 713 2586 321 713 2587 320 713 2588 290 714 2589 320 714 2590 319 714 2591 289 715 2592 319 715 2593 306 715 2594 288 716 2595 306 716 2596 305 716 2597 305 176 2598 304 176 2599 385 176 2600 287 176 2601 385 176 2602 391 176 2603 389 717 2604 288 717 2605 287 717 2606 388 718 2607 289 718 2608 288 718 2609 387 21 2610 290 21 2611 289 21 2612 386 176 2613 303 176 2614 290 176 2615 392 176 2616 386 176 2617 387 176 2618 393 176 2619 387 176 2620 388 176 2621 394 176 2622 388 176 2623 389 176 2624 389 719 2625 390 719 2626 396 719 2627 249 720 2628 250 720 2629 399 720 2630 250 721 2631 251 721 2632 401 721 2633 401 722 2634 402 722 2635 408 722 2636 400 723 2637 401 723 2638 407 723 2639 405 724 2640 399 724 2641 400 724 2642 398 725 2643 399 725 2644 405 725 2645 397 176 2646 398 176 2647 404 176 2648 403 726 2649 404 726 2650 410 726 2651 404 727 2652 405 727 2653 411 727 2654 411 728 2655 405 728 2656 406 728 2657 406 729 2658 407 729 2659 413 729 2660 407 730 2661 408 730 2662 414 730 2663 413 731 2664 414 731 2665 420 731 2666 412 732 2667 413 732 2668 419 732 2669 411 176 2670 412 176 2671 418 176 2672 410 176 2673 411 176 2674 417 176 2675 415 733 2676 409 733 2677 410 733 2678 421 734 2679 416 734 2680 417 734 2681 422 735 2682 417 735 2683 418 735 2684 418 736 2685 419 736 2686 424 736 2687 419 737 2688 420 737 2689 425 737 2690 263 738 2691 518 738 2692 520 738 2693 55 739 2694 428 739 2695 521 739 2696 427 740 2697 520 740 2698 519 740 2699 428 741 2700 426 741 2701 519 741 2702 518 742 2703 523 742 2704 525 742 2705 521 743 2706 526 743 2707 522 743 2708 520 744 2709 525 744 2710 524 744 2711 521 745 2712 519 745 2713 524 745 2714 525 746 2715 523 746 2716 530 746 2717 525 747 2718 528 747 2719 529 747 2720 526 748 2721 527 748 2722 531 748 2723 526 749 2724 524 749 2725 529 749 2726 293 176 2727 294 176 2728 310 176 2729</p>
        </triangles>
        <triangles material="siyah-material" count="96">
          <input semantic="VERTEX" source="#Plane_001-mesh-vertices" offset="0"/>
          <input semantic="NORMAL" source="#Plane_001-mesh-normals" offset="1"/>
          <input semantic="TEXCOORD" source="#Plane_001-mesh-map-0" offset="2" set="0"/>
          <p>164 21 2730 144 21 2731 163 21 2732 165 750 2733 145 750 2734 164 750 2735 342 751 2736 360 751 2737 359 751 2738 343 752 2739 361 752 2740 360 752 2741 431 1 2742 429 1 2743 430 1 2744 433 1 2745 432 1 2746 431 1 2747 435 1 2748 434 1 2749 433 1 2750 437 1 2751 436 1 2752 435 1 2753 439 753 2754 438 753 2755 437 753 2756 441 1 2757 440 1 2758 439 1 2759 441 1 2760 444 1 2761 442 1 2762 470 176 2763 446 176 2764 469 176 2765 472 754 2766 448 754 2767 471 754 2768 450 755 2769 451 755 2770 449 755 2771 450 756 2772 448 756 2773 447 756 2774 429 757 2775 454 757 2776 430 757 2777 443 758 2778 456 758 2779 444 758 2780 453 176 2781 458 176 2782 454 176 2783 455 759 2784 460 759 2785 456 759 2786 457 760 2787 462 760 2788 458 760 2789 459 176 2790 464 176 2791 460 176 2792 461 176 2793 466 176 2794 462 176 2795 467 761 2796 464 761 2797 463 761 2798 465 176 2799 469 176 2800 466 176 2801 472 762 2802 468 762 2803 467 762 2804 474 1 2805 476 1 2806 473 1 2807 475 1 2808 478 1 2809 476 1 2810 477 1 2811 480 1 2812 478 1 2813 479 1 2814 482 1 2815 480 1 2816 481 1 2817 484 1 2818 482 1 2819 483 1 2820 486 1 2821 484 1 2822 487 763 2823 486 763 2824 485 763 2825 489 764 2826 513 764 2827 514 764 2828 516 21 2829 492 21 2830 515 21 2831 495 765 2832 493 765 2833 494 765 2834 494 766 2835 492 766 2836 491 766 2837 497 767 2838 474 767 2839 473 767 2840 499 768 2841 488 768 2842 487 768 2843 501 769 2844 498 769 2845 497 769 2846 503 770 2847 500 770 2848 499 770 2849 505 771 2850 502 771 2851 501 771 2852 507 772 2853 504 772 2854 503 772 2855 509 773 2856 506 773 2857 505 773 2858 507 21 2859 512 21 2860 508 21 2861 514 774 2862 510 774 2863 509 774 2864 511 21 2865 515 21 2866 512 21 2867 434 775 2868 436 775 2869 294 775 2870 164 776 2871 145 776 2872 144 776 2873 165 777 2874 146 777 2875 145 777 2876 342 176 2877 343 176 2878 360 176 2879 343 176 2880 344 176 2881 361 176 2882 431 1 2883 432 1 2884 429 1 2885 433 1 2886 434 1 2887 432 1 2888 435 1 2889 436 1 2890 434 1 2891 437 778 2892 438 778 2893 436 778 2894 439 1 2895 440 1 2896 438 1 2897 441 1 2898 442 1 2899 440 1 2900 441 779 2901 443 779 2902 444 779 2903 470 780 2904 445 780 2905 446 780 2906 472 781 2907 447 781 2908 448 781 2909 450 782 2910 452 782 2911 451 782 2912 450 783 2913 449 783 2914 448 783 2915 429 784 2916 453 784 2917 454 784 2918 443 785 2919 455 785 2920 456 785 2921 453 786 2922 457 786 2923 458 786 2924 455 787 2925 459 787 2926 460 787 2927 457 788 2928 461 788 2929 462 788 2930 459 789 2931 463 789 2932 464 789 2933 461 790 2934 465 790 2935 466 790 2936 467 791 2937 468 791 2938 464 791 2939 465 792 2940 470 792 2941 469 792 2942 472 176 2943 471 176 2944 468 176 2945 474 793 2946 475 793 2947 476 793 2948 475 794 2949 477 794 2950 478 794 2951 477 795 2952 479 795 2953 480 795 2954 479 796 2955 481 796 2956 482 796 2957 481 797 2958 483 797 2959 484 797 2960 483 798 2961 485 798 2962 486 798 2963 487 1 2964 488 1 2965 486 1 2966 489 21 2967 490 21 2968 513 21 2969 516 799 2970 491 799 2971 492 799 2972 495 800 2973 496 800 2974 493 800 2975 494 801 2976 493 801 2977 492 801 2978 497 802 2979 498 802 2980 474 802 2981 499 803 2982 500 803 2983 488 803 2984 501 21 2985 502 21 2986 498 21 2987 503 21 2988 504 21 2989 500 21 2990 505 804 2991 506 804 2992 502 804 2993 507 21 2994 508 21 2995 504 21 2996 509 805 2997 510 805 2998 506 805 2999 507 806 3000 511 806 3001 512 806 3002 514 21 3003 513 21 3004 510 21 3005 511 807 3006 516 807 3007 515 807 3008 293 808 3009 432 808 3010 434 808 3011 436 809 3012 438 809 3013 294 809 3014 293 810 3015 434 810 3016 294 810 3017</p>
        </triangles>
      </mesh>
    </geometry>
    <geometry id="Cylinder_001-mesh" name="Cylinder.001">
      <mesh>
        <source id="Cylinder_001-mesh-positions">
          <float_array id="Cylinder_001-mesh-positions-array" count="192">0 1 -1 0 1 1 0.1950903 0.9807853 -1 0.1950903 0.9807853 1 0.3826835 0.9238795 -1 0.3826835 0.9238795 1 0.5555703 0.8314696 -1 0.5555703 0.8314696 1 0.7071068 0.7071068 -1 0.7071068 0.7071068 1 0.8314696 0.5555703 -1 0.8314696 0.5555703 1 0.9238795 0.3826835 -1 0.9238795 0.3826835 1 0.9807853 0.1950903 -1 0.9807853 0.1950903 1 1 0 -1 1 0 1 0.9807853 -0.1950903 -1 0.9807853 -0.1950903 1 0.9238795 -0.3826835 -1 0.9238795 -0.3826835 1 0.8314696 -0.5555703 -1 0.8314696 -0.5555703 1 0.7071068 -0.7071068 -1 0.7071068 -0.7071068 1 0.5555703 -0.8314696 -1 0.5555703 -0.8314696 1 0.3826835 -0.9238795 -1 0.3826835 -0.9238795 1 0.1950903 -0.9807853 -1 0.1950903 -0.9807853 1 0 -1 -1 0 -1 1 -0.1950903 -0.9807853 -1 -0.1950903 -0.9807853 1 -0.3826835 -0.9238795 -1 -0.3826835 -0.9238795 1 -0.5555703 -0.8314696 -1 -0.5555703 -0.8314696 1 -0.7071068 -0.7071068 -1 -0.7071068 -0.7071068 1 -0.8314696 -0.5555703 -1 -0.8314696 -0.5555703 1 -0.9238795 -0.3826835 -1 -0.9238795 -0.3826835 1 -0.9807853 -0.1950903 -1 -0.9807853 -0.1950903 1 -1 0 -1 -1 0 1 -0.9807853 0.1950903 -1 -0.9807853 0.1950903 1 -0.9238795 0.3826835 -1 -0.9238795 0.3826835 1 -0.8314696 0.5555703 -1 -0.8314696 0.5555703 1 -0.7071068 0.7071068 -1 -0.7071068 0.7071068 1 -0.5555703 0.8314696 -1 -0.5555703 0.8314696 1 -0.3826835 0.9238795 -1 -0.3826835 0.9238795 1 -0.1950903 0.9807853 -1 -0.1950903 0.9807853 1</float_array>
          <technique_common>
            <accessor source="#Cylinder_001-mesh-positions-array" count="64" stride="3">
              <param name="X" type="float"/>
              <param name="Y" type="float"/>
              <param name="Z" type="float"/>
            </accessor>
          </technique_common>
        </source>
        <source id="Cylinder_001-mesh-normals">
          <float_array id="Cylinder_001-mesh-normals-array" count="192">0.09801697 0.9951848 0 0.2902848 0.9569403 0 0.4713967 0.8819213 0 0.634393 0.7730107 0 0.7730108 0.634393 0 0.8819212 0.471397 0 0.9569405 0.2902846 0 0.9951848 0.09801727 0 0.9951848 -0.09801667 0 0.9569403 -0.2902851 0 0.8819215 -0.4713965 0 0.7730105 -0.6343934 0 0.6343933 -0.7730104 0 0.4713967 -0.8819213 0 0.2902848 -0.9569404 0 0.09801697 -0.9951848 0 -0.09801697 -0.9951848 0 -0.2902848 -0.9569403 0 -0.4713967 -0.8819213 0 -0.634393 -0.7730107 0 -0.7730108 -0.634393 0 -0.8819212 -0.471397 0 -0.9569405 -0.2902846 0 -0.9951848 -0.09801727 0 -0.9951848 0.09801667 0 -0.9569403 0.2902851 0 -0.8819215 0.4713965 0 -0.7730105 0.6343934 0 -0.6343933 0.7730104 0 -0.4713967 0.8819213 0 0 0 1 -0.2902848 0.9569404 0 -0.09801697 0.9951848 0 0 0 -1 0.2902848 0.9569404 0 0.6343933 0.7730104 0 0.7730105 0.6343934 0 0.8819215 0.4713965 0 0.9569403 0.2902851 0 0.9951848 0.09801667 0 0.9951848 -0.09801727 0 0.9569405 -0.2902846 0 0.8819212 -0.471397 0 0.7730108 -0.634393 0 0.634393 -0.7730107 0 0.2902848 -0.9569403 0 -0.2902848 -0.9569404 0 -0.6343933 -0.7730104 0 -0.7730105 -0.6343934 0 -0.8819215 -0.4713965 0 -0.9569403 -0.2902851 0 -0.9951848 -0.09801667 0 -0.9951848 0.09801727 0 -0.9569405 0.2902846 0 -0.8819212 0.471397 0 -0.7730108 0.634393 0 -0.634393 0.7730107 0 -0.2902848 0.9569403 0 3.97512e-6 0 -1 3.97512e-6 0 -1 -3.97512e-6 0 -1 -3.97512e-6 0 -1 3.88857e-7 0 -1 -3.88857e-7 0 -1</float_array>
          <technique_common>
            <accessor source="#Cylinder_001-mesh-normals-array" count="64" stride="3">
              <param name="X" type="float"/>
              <param name="Y" type="float"/>
              <param name="Z" type="float"/>
            </accessor>
          </technique_common>
        </source>
        <source id="Cylinder_001-mesh-map-0">
          <float_array id="Cylinder_001-mesh-map-0-array" count="744">1 1 0.96875 0.5 1 0.5 0.96875 1 0.9375 0.5 0.96875 0.5 0.9375 1 0.90625 0.5 0.9375 0.5 0.90625 1 0.8750001 0.5 0.90625 0.5 0.8750001 1 0.84375 0.5 0.8750001 0.5 0.84375 1 0.8125 0.5 0.84375 0.5 0.8125 1 0.78125 0.5 0.8125 0.5 0.78125 1 0.75 0.5 0.78125 0.5 0.75 1 0.71875 0.5 0.75 0.5 0.71875 1 0.6875 0.5 0.71875 0.5 0.6875 1 0.65625 0.5 0.6875 0.5 0.65625 1 0.625 0.5 0.65625 0.5 0.625 1 0.59375 0.5 0.625 0.5 0.59375 1 0.5625 0.5 0.59375 0.5 0.5625 1 0.53125 0.5 0.5625 0.5 0.53125 1 0.5 0.5 0.53125 0.5 0.5 1 0.46875 0.5 0.5 0.5 0.46875 1 0.4375 0.5 0.46875 0.5 0.4375 1 0.40625 0.5 0.4375 0.5 0.40625 1 0.375 0.5 0.40625 0.5 0.375 1 0.34375 0.5 0.375 0.5 0.34375 1 0.3125 0.5 0.34375 0.5 0.3125 1 0.28125 0.5 0.3125 0.5 0.28125 1 0.25 0.5 0.28125 0.5 0.25 1 0.21875 0.5 0.25 0.5 0.21875 1 0.1875 0.5 0.21875 0.5 0.1875 1 0.15625 0.5 0.1875 0.5 0.15625 1 0.125 0.5 0.15625 0.5 0.125 1 0.09375 0.5 0.125 0.5 0.09375 1 0.0625 0.5 0.09375 0.5 0.1581559 0.02826887 0.4717311 0.1581559 0.341844 0.4717311 0.0625 1 0.03125 0.5 0.0625 0.5 0.03125 1 0 0.5 0.03125 0.5 0.7968217 0.01461154 0.5146116 0.2031783 0.7031784 0.4853885 1 1 0.96875 1 0.96875 0.5 0.96875 1 0.9375 1 0.9375 0.5 0.9375 1 0.90625 1 0.90625 0.5 0.90625 1 0.8750001 1 0.8750001 0.5 0.8750001 1 0.84375 1 0.84375 0.5 0.84375 1 0.8125 1 0.8125 0.5 0.8125 1 0.78125 1 0.78125 0.5 0.78125 1 0.75 1 0.75 0.5 0.75 1 0.71875 1 0.71875 0.5 0.71875 1 0.6875 1 0.6875 0.5 0.6875 1 0.65625 1 0.65625 0.5 0.65625 1 0.625 1 0.625 0.5 0.625 1 0.59375 1 0.59375 0.5 0.59375 1 0.5625 1 0.5625 0.5 0.5625 1 0.53125 1 0.53125 0.5 0.53125 1 0.5 1 0.5 0.5 0.5 1 0.46875 1 0.46875 0.5 0.46875 1 0.4375 1 0.4375 0.5 0.4375 1 0.40625 1 0.40625 0.5 0.40625 1 0.375 1 0.375 0.5 0.375 1 0.34375 1 0.34375 0.5 0.34375 1 0.3125 1 0.3125 0.5 0.3125 1 0.28125 1 0.28125 0.5 0.28125 1 0.25 1 0.25 0.5 0.25 1 0.21875 1 0.21875 0.5 0.21875 1 0.1875 1 0.1875 0.5 0.1875 1 0.15625 1 0.15625 0.5 0.15625 1 0.125 1 0.125 0.5 0.125 1 0.09375 1 0.09375 0.5 0.09375 1 0.0625 1 0.0625 0.5 0.341844 0.4717311 0.2968217 0.4853885 0.25 0.49 0.25 0.49 0.2031783 0.4853885 0.341844 0.4717311 0.2031783 0.4853885 0.1581559 0.4717311 0.341844 0.4717311 0.1581559 0.4717311 0.116663 0.4495527 0.08029437 0.4197056 0.08029437 0.4197056 0.05044728 0.3833369 0.02826887 0.341844 0.02826887 0.341844 0.01461154 0.2968217 0.00999999 0.25 0.00999999 0.25 0.01461154 0.2031783 0.02826887 0.341844 0.01461154 0.2031783 0.02826887 0.1581559 0.02826887 0.341844 0.02826887 0.1581559 0.05044728 0.116663 0.08029437 0.08029437 0.08029437 0.08029437 0.116663 0.05044728 0.1581559 0.02826887 0.1581559 0.02826887 0.2031783 0.01461154 0.341844 0.02826887 0.2031783 0.01461154 0.25 0.00999999 0.341844 0.02826887 0.25 0.00999999 0.2968217 0.01461154 0.341844 0.02826887 0.341844 0.02826887 0.3833369 0.05044728 0.4197056 0.08029437 0.4197056 0.08029437 0.4495527 0.116663 0.4717311 0.1581559 0.4717311 0.1581559 0.4853885 0.2031783 0.4717311 0.341844 0.4853885 0.2031783 0.49 0.25 0.4717311 0.341844 0.49 0.25 0.4853885 0.2968217 0.4717311 0.341844 0.4717311 0.341844 0.4495527 0.3833369 0.4197056 0.4197056 0.4197056 0.4197056 0.3833369 0.4495527 0.341844 0.4717311 0.1581559 0.4717311 0.08029437 0.4197056 0.341844 0.4717311 0.08029437 0.4197056 0.02826887 0.341844 0.341844 0.4717311 0.02826887 0.1581559 0.08029437 0.08029437 0.02826887 0.341844 0.08029437 0.08029437 0.1581559 0.02826887 0.02826887 0.341844 0.341844 0.02826887 0.4197056 0.08029437 0.1581559 0.02826887 0.4197056 0.08029437 0.4717311 0.1581559 0.1581559 0.02826887 0.4717311 0.341844 0.4197056 0.4197056 0.4717311 0.1581559 0.4197056 0.4197056 0.341844 0.4717311 0.4717311 0.1581559 0.341844 0.4717311 0.02826887 0.341844 0.1581559 0.02826887 0.0625 1 0.03125 1 0.03125 0.5 0.03125 1 0 1 0 0.5 0.7031784 0.4853885 0.75 0.49 0.7968217 0.4853885 0.7968217 0.4853885 0.841844 0.4717311 0.8833369 0.4495527 0.8833369 0.4495527 0.9197056 0.4197056 0.9495527 0.3833369 0.9495527 0.3833369 0.9717311 0.341844 0.9853885 0.2968217 0.9853885 0.2968217 0.99 0.25 0.9853885 0.2031783 0.9853885 0.2031783 0.9717311 0.1581559 0.9495527 0.116663 0.9495527 0.116663 0.9197056 0.08029437 0.8833369 0.05044728 0.8833369 0.05044728 0.841844 0.02826887 0.7968217 0.01461154 0.7968217 0.01461154 0.75 0.00999999 0.7031784 0.01461154 0.7031784 0.01461154 0.658156 0.02826887 0.6166632 0.05044728 0.6166632 0.05044728 0.5802944 0.08029437 0.5504473 0.116663 0.5504473 0.116663 0.5282689 0.1581559 0.5146116 0.2031783 0.5146116 0.2031783 0.51 0.25 0.5146116 0.2968217 0.5146116 0.2968217 0.5282689 0.341844 0.5504473 0.3833369 0.5504473 0.3833369 0.5802944 0.4197056 0.6166632 0.4495527 0.6166632 0.4495527 0.658156 0.4717311 0.7031784 0.4853885 0.7031784 0.4853885 0.7968217 0.4853885 0.9853885 0.2968217 0.7968217 0.4853885 0.8833369 0.4495527 0.9853885 0.2968217 0.8833369 0.4495527 0.9495527 0.3833369 0.9853885 0.2968217 0.9853885 0.2968217 0.9853885 0.2031783 0.7968217 0.01461154 0.9853885 0.2031783 0.9495527 0.116663 0.7968217 0.01461154 0.9495527 0.116663 0.8833369 0.05044728 0.7968217 0.01461154 0.7968217 0.01461154 0.7031784 0.01461154 0.5146116 0.2031783 0.7031784 0.01461154 0.6166632 0.05044728 0.5146116 0.2031783 0.6166632 0.05044728 0.5504473 0.116663 0.5146116 0.2031783 0.5146116 0.2031783 0.5146116 0.2968217 0.7031784 0.4853885 0.5146116 0.2968217 0.5504473 0.3833369 0.7031784 0.4853885 0.5504473 0.3833369 0.6166632 0.4495527 0.7031784 0.4853885 0.7031784 0.4853885 0.9853885 0.2968217 0.7968217 0.01461154</float_array>
          <technique_common>
            <accessor source="#Cylinder_001-mesh-map-0-array" count="372" stride="2">
              <param name="S" type="float"/>
              <param name="T" type="float"/>
            </accessor>
          </technique_common>
        </source>
        <vertices id="Cylinder_001-mesh-vertices">
          <input semantic="POSITION" source="#Cylinder_001-mesh-positions"/>
        </vertices>
        <triangles count="124">
          <input semantic="VERTEX" source="#Cylinder_001-mesh-vertices" offset="0"/>
          <input semantic="NORMAL" source="#Cylinder_001-mesh-normals" offset="1"/>
          <input semantic="TEXCOORD" source="#Cylinder_001-mesh-map-0" offset="2" set="0"/>
          <p>1 0 0 2 0 1 0 0 2 3 1 3 4 1 4 2 1 5 5 2 6 6 2 7 4 2 8 7 3 9 8 3 10 6 3 11 9 4 12 10 4 13 8 4 14 11 5 15 12 5 16 10 5 17 13 6 18 14 6 19 12 6 20 15 7 21 16 7 22 14 7 23 17 8 24 18 8 25 16 8 26 19 9 27 20 9 28 18 9 29 21 10 30 22 10 31 20 10 32 23 11 33 24 11 34 22 11 35 25 12 36 26 12 37 24 12 38 27 13 39 28 13 40 26 13 41 29 14 42 30 14 43 28 14 44 31 15 45 32 15 46 30 15 47 33 16 48 34 16 49 32 16 50 35 17 51 36 17 52 34 17 53 37 18 54 38 18 55 36 18 56 39 19 57 40 19 58 38 19 59 41 20 60 42 20 61 40 20 62 43 21 63 44 21 64 42 21 65 45 22 66 46 22 67 44 22 68 47 23 69 48 23 70 46 23 71 49 24 72 50 24 73 48 24 74 51 25 75 52 25 76 50 25 77 53 26 78 54 26 79 52 26 80 55 27 81 56 27 82 54 27 83 57 28 84 58 28 85 56 28 86 59 29 87 60 29 88 58 29 89 37 30 90 21 30 91 5 30 92 61 31 93 62 31 94 60 31 95 63 32 96 0 32 97 62 32 98 30 33 99 46 33 100 62 33 101 1 0 102 3 0 103 2 0 104 3 34 105 5 34 106 4 34 107 5 2 108 7 2 109 6 2 110 7 35 111 9 35 112 8 35 113 9 36 114 11 36 115 10 36 116 11 37 117 13 37 118 12 37 119 13 38 120 15 38 121 14 38 122 15 39 123 17 39 124 16 39 125 17 40 126 19 40 127 18 40 128 19 41 129 21 41 130 20 41 131 21 42 132 23 42 133 22 42 134 23 43 135 25 43 136 24 43 137 25 44 138 27 44 139 26 44 140 27 13 141 29 13 142 28 13 143 29 45 144 31 45 145 30 45 146 31 15 147 33 15 148 32 15 149 33 16 150 35 16 151 34 16 152 35 46 153 37 46 154 36 46 155 37 18 156 39 18 157 38 18 158 39 47 159 41 47 160 40 47 161 41 48 162 43 48 163 42 48 164 43 49 165 45 49 166 44 49 167 45 50 168 47 50 169 46 50 170 47 51 171 49 51 172 48 51 173 49 52 174 51 52 175 50 52 176 51 53 177 53 53 178 52 53 179 53 54 180 55 54 181 54 54 182 55 55 183 57 55 184 56 55 185 57 56 186 59 56 187 58 56 188 59 29 189 61 29 190 60 29 191 5 30 192 3 30 193 1 30 194 1 30 195 63 30 196 5 30 197 63 30 198 61 30 199 5 30 200 61 30 201 59 30 202 57 30 203 57 30 204 55 30 205 53 30 206 53 30 207 51 30 208 49 30 209 49 30 210 47 30 211 53 30 212 47 30 213 45 30 214 53 30 215 45 30 216 43 30 217 41 30 218 41 30 219 39 30 220 37 30 221 37 30 222 35 30 223 29 30 224 35 30 225 33 30 226 29 30 227 33 30 228 31 30 229 29 30 230 29 30 231 27 30 232 25 30 233 25 30 234 23 30 235 21 30 236 21 30 237 19 30 238 13 30 239 19 30 240 17 30 241 13 30 242 17 30 243 15 30 244 13 30 245 13 30 246 11 30 247 9 30 248 9 30 249 7 30 250 5 30 251 61 30 252 57 30 253 5 30 254 57 30 255 53 30 256 5 30 257 45 30 258 41 30 259 53 30 260 41 30 261 37 30 262 53 30 263 29 30 264 25 30 265 37 30 266 25 30 267 21 30 268 37 30 269 13 30 270 9 30 271 21 30 272 9 30 273 5 30 274 21 30 275 5 30 276 53 30 277 37 30 278 61 57 279 63 57 280 62 57 281 63 32 282 1 32 283 0 32 284 62 33 285 0 33 286 2 33 287 2 33 288 4 33 289 6 33 290 6 33 291 8 33 292 10 33 293 10 58 294 12 58 295 14 58 296 14 33 297 16 33 298 18 33 299 18 59 300 20 59 301 22 59 302 22 33 303 24 33 304 26 33 305 26 33 306 28 33 307 30 33 308 30 33 309 32 33 310 34 33 311 34 33 312 36 33 313 38 33 314 38 33 315 40 33 316 42 33 317 42 60 318 44 60 319 46 60 320 46 33 321 48 33 322 50 33 323 50 61 324 52 61 325 54 61 326 54 33 327 56 33 328 58 33 329 58 33 330 60 33 331 62 33 332 62 33 333 2 33 334 14 33 335 2 33 336 6 33 337 14 33 338 6 33 339 10 33 340 14 33 341 14 62 342 18 62 343 30 62 344 18 33 345 22 33 346 30 33 347 22 33 348 26 33 349 30 33 350 30 33 351 34 33 352 46 33 353 34 33 354 38 33 355 46 33 356 38 33 357 42 33 358 46 33 359 46 63 360 50 63 361 62 63 362 50 33 363 54 33 364 62 33 365 54 33 366 58 33 367 62 33 368 62 33 369 14 33 370 30 33 371</p>
        </triangles>
      </mesh>
    </geometry>
    <geometry id="Cube_001-mesh" name="Cube.001">
      <mesh>
        <source id="Cube_001-mesh-positions">
          <float_array id="Cube_001-mesh-positions-array" count="294">-0.8847419 -1 -1 -0.629363 -0.5342497 1 -0.8847419 1 -1 -0.629363 0.5342489 1 0.8847419 -1 -1 0.6293634 -0.5342497 1 0.8847419 1 -1 0.6293634 0.5342489 1 -1.271584 -1 -0.6622517 -1.271584 1 -0.6622517 1.271587 1 -0.6622517 1.271587 -1 -0.6622517 -1.253989 1 -0.8311259 1.253993 1 -0.8311259 1.253993 -1 -0.8311259 -1.253989 -1 -0.8311259 -1.024501 -0.5342497 0.7427104 -1.024501 0.5342489 0.7427105 1.024504 0.5342489 0.7427105 1.024504 -0.5342497 0.7427104 -0.8367534 0.5342489 0.4530276 0.8367565 0.5342489 0.4530276 0.8367565 -0.5342497 0.4530276 -0.8367534 -0.5342497 0.4530276 0.4895747 1 -1 0.3482604 0.5342489 1 0.4895747 -1 -1 0.3482604 -0.5342497 1 0.7036377 -1 -0.6622517 0.7036377 1 -0.6622517 0.6939017 1 -0.8311259 0.6939017 -1 -0.8311259 0.5669133 -0.5342497 0.7427104 0.5669133 0.5342489 0.7427105 0.4630225 0.5342489 0.4530276 0.4630225 -0.5342497 0.4530276 -0.4792692 1 -1 -0.340929 -0.5342497 1 -0.6888229 -1 -0.6622517 -0.6792917 -1 -0.8311259 -0.5549767 -0.5342497 0.7427104 -0.4532729 -0.5342497 0.4530276 -0.3409291 0.5342489 1 -0.4792692 -1 -1 -0.6888229 1 -0.6622517 -0.6792917 1 -0.8311259 -0.5549767 0.5342489 0.7427105 -0.4532729 0.5342489 0.4530276 -0.3409291 0.3404867 1 0.3482604 0.3404867 1 -0.6888229 0.8062378 -0.6622517 0.7036377 0.8062378 -0.6622517 -0.6792917 0.8062378 -0.8311259 0.6939017 0.8062378 -0.8311259 -0.5549767 0.3404867 0.7427105 0.5669133 0.3404867 0.7427105 -0.4532729 0.3404867 0.4530276 0.4630225 0.3404867 0.4530276 -0.6820055 1 -1 -0.4851461 -0.8691911 1 -0.9802035 -1.334941 -0.6622517 -0.9666406 -1.334941 -0.8311259 -0.7897388 -0.8691911 0.7427104 -0.6450131 -0.8691911 0.4530276 -0.4851461 0.5342489 1 -0.6820055 -1.334941 -1 -0.9802035 1 -0.6622517 -0.9666406 1 -0.8311259 -0.7897388 0.5342489 0.7427105 -0.6450131 0.5342489 0.4530276 0.4888119 0.5342489 1 0.6871583 -1.334941 -1 0.9876126 1 -0.6622517 0.9739472 1 -0.8311259 0.7957086 0.5342489 0.7427105 0.6498895 0.5342489 0.4530276 0.6871583 1 -1 0.4888119 -0.8691911 1 0.9876126 -1.334941 -0.6622517 0.9739472 -1.334941 -0.8311259 0.7957086 -0.8691911 0.7427104 0.6498895 -0.8691911 0.4530276 -0.5709249 0.7790391 0.9845418 -0.5709249 0.7790391 1.351199 -0.5709249 -0.7021927 0.9845418 -0.5709249 -0.7021927 1.351199 0.5123277 0.7790391 0.9845418 0.5123277 0.7790391 1.351199 0.5123277 -0.7021927 0.9845418 0.5123277 -0.7021927 1.351199 -1.333254 9.685745 -1.418742 -1.333254 9.685745 -0.856043 -0.9337322 -1.110876 -1.332538 -0.9337322 -1.110876 -0.9422461 1.274657 9.685745 -1.418742 1.274657 9.685745 -0.856043 0.8751351 -1.110876 -1.332538 0.8751351 -1.110876 -0.9422461</float_array>
          <technique_common>
            <accessor source="#Cube_001-mesh-positions-array" count="98" stride="3">
              <param name="X" type="float"/>
              <param name="Y" type="float"/>
              <param name="Z" type="float"/>
            </accessor>
          </technique_common>
        </source>
        <source id="Cube_001-mesh-normals">
          <float_array id="Cube_001-mesh-normals-array" count="360">-0.545659 0 0.8380074 0 1 -5.06268e-7 0.5456562 0 0.8380092 -0.5096563 -0.3572207 0.7827157 -5.16789e-7 0 -1 0 0 1 -0.7575635 -0.6499199 -0.06084263 0.9946167 0 -0.1036231 0 1 0 -0.994616 0 -0.1036294 -0.4159133 0 -0.9094044 0.4159095 0 -0.9094061 -0.4875298 -0.295097 -0.8217253 -0.7962354 -0.4558122 -0.3977994 0.8391662 0 -0.543875 -0.8391661 0 -0.5438752 -0.9316909 0 0.3632522 0 0.9227677 0.3853567 0.9316909 0 0.3632521 -0.6745849 -0.5868521 0.4478167 -0.7621715 -0.646196 0.03906005 -0.7620025 0 -0.6475742 -0.8333673 -0.4649432 0.2988759 -0.5963445 -0.351787 0.7215394 0 1 7.28607e-7 0.9435383 0 0.3312637 -0.7664253 -0.640812 0.04418605 0 0 -1 -0.5882963 -0.4018597 -0.7017239 0.7687504 0 -0.639549 -5.03654e-7 0 -1 0 -0.9227681 0.3853558 0 -1 0 0 -1 7.28607e-7 0 -1 5.14061e-7 0 -1 4.12988e-7 0 0.9227678 0.3853565 0 1 1.02812e-6 -0.9775093 0 -0.2108922 0.9784162 0 -0.2066441 -0.9412959 0 0.3375827 0.9984112 0 0.05634999 -0.9983423 0 0.0575568 0 0.9227678 0.3853568 0 1 2.68277e-7 0.7536194 -0.6556078 0.04729169 0.830177 -0.4752418 0.2914642 0.6009187 -0.3637299 0.7117565 0.7582737 -0.65053 0.04279637 0.5879534 -0.4120995 -0.6960495 0.5112941 -0.3492604 0.785236 0.7656999 -0.6402067 -0.06196081 0.4861008 -0.2867536 -0.8255171 0.7994505 -0.4460209 -0.4024233 0.6819452 -0.5781764 0.4479541 0 0.9227678 0.3853566 0 1 -5.06269e-7 1 0 0 -1 0 0 0 -1 0 0.999316 0.03697901 0 -0.9993161 0.03697901 0 0 0.007984042 0.9999682 0 0.007983982 -0.9999682 -0.5456588 0 0.8380075 0 1 4.12062e-7 0.5456566 0 0.8380089 -0.6217422 -0.2677057 0.7360506 -0.7521433 -0.6543237 -0.07836574 0.9946166 0 -0.103623 -0.994616 0 -0.1036293 -0.4159135 0 -0.9094042 0.4159097 0 -0.9094059 -0.3917241 -0.3360629 -0.8565127 -0.7233245 -0.5069822 -0.4687972 0.8391662 1.77435e-7 -0.5438752 0 1 2.24828e-7 -0.8391661 0 -0.5438753 -0.9316908 0 0.3632522 0 0.9227679 0.3853563 0.9316909 0 0.3632522 -0.7617655 -0.4360799 0.4791115 -0.873184 -0.4871581 0.01505678 -0.7620024 0 -0.6475743 -0.762493 -0.5208519 0.38382 -0.4671118 -0.3905537 0.7932682 0 1 -7.71093e-7 0.9435383 0 0.3312636 -0.761305 -0.6454608 0.06160515 -0.7258003 -0.3045677 -0.6168082 0.7687505 0 -0.6395488 0 0.9227679 0.3853561 0 -0.9227681 0.385356 0 -1 -3.66807e-7 0 -1 -1.02812e-6 0 -1 -1.6807e-7 0 1 0 0 1 -3.56448e-7 0 1 1.6807e-7 -0.9775094 0 -0.2108921 0.9784162 0 -0.2066442 -0.9412958 0 0.3375829 0.9984112 0 0.05634993 -0.9983423 0 0.05755686 0 0.9227679 0.385356 5.03654e-7 0 -1 0.8676039 -0.4966681 0.02417236 0.7579088 -0.5312225 0.3786516 0.467429 -0.4010111 0.7878454 0.7530822 -0.6551405 0.06048291 0.7298091 -0.3142367 -0.6071524 0.6203076 -0.2602998 0.7399072 0.7603576 -0.644656 -0.07921677 0.3928357 -0.3284515 -0.8589528 0.7280356 -0.4973144 -0.4718501 0.767138 -0.4279935 0.4778294 0 0.9227679 0.3853563 5.16789e-7 0 -1 0.999316 0.03697896 0 -0.999316 0.03697901 0</float_array>
          <technique_common>
            <accessor source="#Cube_001-mesh-normals-array" count="120" stride="3">
              <param name="X" type="float"/>
              <param name="Y" type="float"/>
              <param name="Z" type="float"/>
            </accessor>
          </technique_common>
        </source>
        <source id="Cube_001-mesh-map-0">
          <float_array id="Cube_001-mesh-map-0-array" count="1104">0.625 0 0.5928388 0.25 0.5928388 0 0.5928388 0.4720846 0.625 0.5 0.5928388 0.5 0.625 0.5 0.5928388 0.75 0.5928388 0.5 0.5928388 0.9713566 0.625 1 0.5928388 1 0.3470846 0.5 0.375 0.75 0.3470846 0.75 0.8463566 0.5 0.8750001 0.75 0.8463566 0.75 0.4172186 0.9713565 0.3961093 1 0.3961093 0.9713566 0.4172185 0.5 0.3961093 0.75 0.3961093 0.5 0.4172185 0.4720846 0.3961093 0.5 0.3961093 0.4720846 0.4172185 0 0.3961093 0.25 0.3961093 0 0.3961093 0 0.375 0.25 0.375 0 0.3961093 0.4720846 0.375 0.5 0.375 0.4720846 0.3961093 0.5 0.375 0.75 0.375 0.5 0.3961093 0.9713566 0.375 1 0.375 0.9713566 0.5928388 0.9713566 0.5566284 1 0.5566284 0.9713566 0.5566284 0.5 0.5928388 0.75 0.5566284 0.75 0.5928388 0.4720846 0.5566284 0.5 0.5566284 0.4720845 0.5928388 0 0.5566285 0.25 0.5566284 0 0.4172185 0 0.5566285 0.25 0.4172185 0.25 0.4172185 0.4720846 0.5566284 0.5 0.4172185 0.5 0.5566284 0.5 0.4172185 0.75 0.4172185 0.5 0.5566284 0.9713566 0.4172185 1 0.4172186 0.9713565 0.5566284 0.7779154 0.4172186 0.8058308 0.4172186 0.7779154 0.5928388 0.4441692 0.625 0.4441692 0.625 0.4441692 0.3961093 0.3072869 0.3961093 0.4441692 0.3961093 0.4441692 0.5566284 0.7779154 0.5928388 0.8058308 0.5566284 0.8058308 0.375 0.7779154 0.3961093 0.8058308 0.375 0.8058308 0.3961093 0.3072869 0.375 0.4441692 0.375 0.3072869 0.5928388 0.3072869 0.5566285 0.3072869 0.5566285 0.3072869 0.3961093 0.7779154 0.4172186 0.8058308 0.3961093 0.8058308 0.6529154 0.5 0.6808308 0.75 0.6529154 0.75 0.3191692 0.5 0.1822867 0.75 0.1822867 0.5 0.625 0.7779155 0.5928388 0.8058308 0.5928388 0.7779155 0.625 0.3072869 0.5928388 0.3072869 0.5928388 0.3072869 0.625 0.2786434 0.5928388 0.3072869 0.5928388 0.2786434 0.1536434 0.5 0.1822867 0.75 0.1536434 0.75 0.3961093 0.2786434 0.4172186 0.3072869 0.3961093 0.3072869 0.375 0.2786434 0.3961093 0.3072869 0.375 0.3072869 0.5566285 0.2786434 0.5928388 0.3072869 0.5566285 0.3072869 0.5566285 0.2786434 0.4172186 0.3072869 0.4172186 0.2786434 0.5566284 0.8058308 0.4172186 0.9427131 0.4172186 0.8058308 0.5566284 0.8058308 0.5928388 0.9427132 0.5566284 0.9427132 0.375 0.8058308 0.3961093 0.9427132 0.375 0.9427132 0.3961093 0.8058308 0.4172186 0.9427131 0.3961093 0.9427132 0.8177132 0.5 0.6808308 0.75 0.6808308 0.5 0.625 0.8058308 0.5928388 0.9427132 0.5928388 0.8058308 0.4172186 0.3072869 0.5566285 0.4441692 0.4172185 0.4441692 0.5928388 0.3072869 0.5566285 0.4441692 0.5566285 0.3072869 0.4172186 0.3072869 0.3961093 0.4441692 0.3961093 0.3072869 0.5928388 0.3072869 0.625 0.4441692 0.5928388 0.4441692 0.5566285 0.4441692 0.4172185 0.4441692 0.5566285 0.4441692 0.5566285 0.3072869 0.4172186 0.3072869 0.4172186 0.3072869 0.5566285 0.4441692 0.5928388 0.4441692 0.5928388 0.4441692 0.4172186 0.3072869 0.3961093 0.3072869 0.3961093 0.3072869 0.3961093 0.4441692 0.4172185 0.4441692 0.4172185 0.4441692 0.6808308 0.5 0.8177132 0.5 0.8177132 0.5 0.5566285 0.25 0.4172186 0.2786434 0.4172185 0.25 0.5566285 0.25 0.5928388 0.2786434 0.5566285 0.2786434 0.375 0.25 0.3961093 0.2786434 0.375 0.2786434 0.3961093 0.25 0.4172186 0.2786434 0.3961093 0.2786434 0.1536434 0.5 0.125 0.75 0.125 0.5 0.625 0.25 0.5928388 0.2786434 0.5928388 0.25 0.4172186 0.9427131 0.5566284 0.9713566 0.4172186 0.9713565 0.5928388 0.9427132 0.5566284 0.9713566 0.5566284 0.9427132 0.3961093 0.9427132 0.375 0.9713566 0.375 0.9427132 0.4172186 0.9427131 0.3961093 0.9713566 0.3961093 0.9427132 0.8463566 0.5 0.8177132 0.75 0.8177132 0.5 0.5928388 0.9427132 0.625 0.9713566 0.5928388 0.9713566 0.625 0.75 0.5928388 0.7779155 0.5928388 0.75 0.6529154 0.5 0.625 0.75 0.625 0.5 0.3961093 0.75 0.4172186 0.7779154 0.3961093 0.7779154 0.375 0.75 0.3961093 0.7779154 0.375 0.7779154 0.5566284 0.75 0.5928388 0.7779155 0.5566284 0.7779154 0.4172185 0.75 0.5566284 0.7779154 0.4172186 0.7779154 0.4172185 0.4441692 0.5566284 0.4720845 0.4172185 0.4720846 0.5928388 0.4441692 0.5566284 0.4720845 0.5566285 0.4441692 0.3961093 0.4441692 0.375 0.4720846 0.375 0.4441692 0.4172185 0.4441692 0.3961093 0.4720846 0.3961093 0.4441692 0.3470846 0.5 0.3191692 0.75 0.3191692 0.5 0.5928388 0.4441692 0.625 0.4720846 0.5928388 0.4720846 0.625 0 0.375 0.25 0.375 0 0.625 0.25 0.375 0.5 0.375 0.25 0.625 0.5 0.375 0.75 0.375 0.5 0.625 0.75 0.375 1 0.375 0.75 0.375 0.5 0.125 0.75 0.125 0.5 0.8750001 0.5 0.625 0.75 0.625 0.5 0.625 0 0.375 0.25 0.375 0 0.625 0.25 0.375 0.5 0.375 0.25 0.625 0.5 0.375 0.75 0.375 0.5 0.625 0.75 0.375 1 0.375 0.75 0.375 0.5 0.125 0.75 0.125 0.5 0.8750001 0.5 0.625 0.75 0.625 0.5 0.625 0 0.625 0.25 0.5928388 0.25 0.5928388 0.4720846 0.625 0.4720846 0.625 0.5 0.625 0.5 0.625 0.75 0.5928388 0.75 0.5928388 0.9713566 0.625 0.9713566 0.625 1 0.3470846 0.5 0.375 0.5 0.375 0.75 0.8463566 0.5 0.8750001 0.5 0.8750001 0.75 0.4172186 0.9713565 0.4172185 1 0.3961093 1 0.4172185 0.5 0.4172185 0.75 0.3961093 0.75 0.4172185 0.4720846 0.4172185 0.5 0.3961093 0.5 0.4172185 0 0.4172185 0.25 0.3961093 0.25 0.3961093 0 0.3961093 0.25 0.375 0.25 0.3961093 0.4720846 0.3961093 0.5 0.375 0.5 0.3961093 0.5 0.3961093 0.75 0.375 0.75 0.3961093 0.9713566 0.3961093 1 0.375 1 0.5928388 0.9713566 0.5928388 1 0.5566284 1 0.5566284 0.5 0.5928388 0.5 0.5928388 0.75 0.5928388 0.4720846 0.5928388 0.5 0.5566284 0.5 0.5928388 0 0.5928388 0.25 0.5566285 0.25 0.4172185 0 0.5566284 0 0.5566285 0.25 0.4172185 0.4720846 0.5566284 0.4720845 0.5566284 0.5 0.5566284 0.5 0.5566284 0.75 0.4172185 0.75 0.5566284 0.9713566 0.5566284 1 0.4172185 1 0.5566284 0.7779154 0.5566284 0.8058308 0.4172186 0.8058308 0.5928388 0.4441692 0.5928388 0.4441692 0.625 0.4441692 0.3961093 0.3072869 0.3961093 0.3072869 0.3961093 0.4441692 0.5566284 0.7779154 0.5928388 0.7779155 0.5928388 0.8058308 0.375 0.7779154 0.3961093 0.7779154 0.3961093 0.8058308 0.3961093 0.3072869 0.3961093 0.4441692 0.375 0.4441692 0.5928388 0.3072869 0.5928388 0.3072869 0.5566285 0.3072869 0.3961093 0.7779154 0.4172186 0.7779154 0.4172186 0.8058308 0.6529154 0.5 0.6808308 0.5 0.6808308 0.75 0.3191692 0.5 0.3191692 0.75 0.1822867 0.75 0.625 0.7779155 0.625 0.8058308 0.5928388 0.8058308 0.625 0.3072869 0.625 0.3072869 0.5928388 0.3072869 0.625 0.2786434 0.625 0.3072869 0.5928388 0.3072869 0.1536434 0.5 0.1822867 0.5 0.1822867 0.75 0.3961093 0.2786434 0.4172186 0.2786434 0.4172186 0.3072869 0.375 0.2786434 0.3961093 0.2786434 0.3961093 0.3072869 0.5566285 0.2786434 0.5928388 0.2786434 0.5928388 0.3072869 0.5566285 0.2786434 0.5566285 0.3072869 0.4172186 0.3072869 0.5566284 0.8058308 0.5566284 0.9427132 0.4172186 0.9427131 0.5566284 0.8058308 0.5928388 0.8058308 0.5928388 0.9427132 0.375 0.8058308 0.3961093 0.8058308 0.3961093 0.9427132 0.3961093 0.8058308 0.4172186 0.8058308 0.4172186 0.9427131 0.8177132 0.5 0.8177132 0.75 0.6808308 0.75 0.625 0.8058308 0.625 0.9427132 0.5928388 0.9427132 0.4172186 0.3072869 0.5566285 0.3072869 0.5566285 0.4441692 0.5928388 0.3072869 0.5928388 0.4441692 0.5566285 0.4441692 0.4172186 0.3072869 0.4172185 0.4441692 0.3961093 0.4441692 0.5928388 0.3072869 0.625 0.3072869 0.625 0.4441692 0.5566285 0.4441692 0.4172185 0.4441692 0.4172185 0.4441692 0.5566285 0.3072869 0.5566285 0.3072869 0.4172186 0.3072869 0.5566285 0.4441692 0.5566285 0.4441692 0.5928388 0.4441692 0.4172186 0.3072869 0.4172186 0.3072869 0.3961093 0.3072869 0.3961093 0.4441692 0.3961093 0.4441692 0.4172185 0.4441692 0.6808308 0.5 0.6808308 0.5 0.8177132 0.5 0.5566285 0.25 0.5566285 0.2786434 0.4172186 0.2786434 0.5566285 0.25 0.5928388 0.25 0.5928388 0.2786434 0.375 0.25 0.3961093 0.25 0.3961093 0.2786434 0.3961093 0.25 0.4172185 0.25 0.4172186 0.2786434 0.1536434 0.5 0.1536434 0.75 0.125 0.75 0.625 0.25 0.625 0.2786434 0.5928388 0.2786434 0.4172186 0.9427131 0.5566284 0.9427132 0.5566284 0.9713566 0.5928388 0.9427132 0.5928388 0.9713566 0.5566284 0.9713566 0.3961093 0.9427132 0.3961093 0.9713566 0.375 0.9713566 0.4172186 0.9427131 0.4172186 0.9713565 0.3961093 0.9713566 0.8463566 0.5 0.8463566 0.75 0.8177132 0.75 0.5928388 0.9427132 0.625 0.9427132 0.625 0.9713566 0.625 0.75 0.625 0.7779155 0.5928388 0.7779155 0.6529154 0.5 0.6529154 0.75 0.625 0.75 0.3961093 0.75 0.4172185 0.75 0.4172186 0.7779154 0.375 0.75 0.3961093 0.75 0.3961093 0.7779154 0.5566284 0.75 0.5928388 0.75 0.5928388 0.7779155 0.4172185 0.75 0.5566284 0.75 0.5566284 0.7779154 0.4172185 0.4441692 0.5566285 0.4441692 0.5566284 0.4720845 0.5928388 0.4441692 0.5928388 0.4720846 0.5566284 0.4720845 0.3961093 0.4441692 0.3961093 0.4720846 0.375 0.4720846 0.4172185 0.4441692 0.4172185 0.4720846 0.3961093 0.4720846 0.3470846 0.5 0.3470846 0.75 0.3191692 0.75 0.5928388 0.4441692 0.625 0.4441692 0.625 0.4720846 0.625 0 0.625 0.25 0.375 0.25 0.625 0.25 0.625 0.5 0.375 0.5 0.625 0.5 0.625 0.75 0.375 0.75 0.625 0.75 0.625 1 0.375 1 0.375 0.5 0.375 0.75 0.125 0.75 0.8750001 0.5 0.8750001 0.75 0.625 0.75 0.625 0 0.625 0.25 0.375 0.25 0.625 0.25 0.625 0.5 0.375 0.5 0.625 0.5 0.625 0.75 0.375 0.75 0.625 0.75 0.625 1 0.375 1 0.375 0.5 0.375 0.75 0.125 0.75 0.8750001 0.5 0.8750001 0.75 0.625 0.75</float_array>
          <technique_common>
            <accessor source="#Cube_001-mesh-map-0-array" count="552" stride="2">
              <param name="S" type="float"/>
              <param name="T" type="float"/>
            </accessor>
          </technique_common>
        </source>
        <vertices id="Cube_001-mesh-vertices">
          <input semantic="POSITION" source="#Cube_001-mesh-positions"/>
        </vertices>
        <triangles count="184">
          <input semantic="VERTEX" source="#Cube_001-mesh-vertices" offset="0"/>
          <input semantic="NORMAL" source="#Cube_001-mesh-normals" offset="1"/>
          <input semantic="TEXCOORD" source="#Cube_001-mesh-map-0" offset="2" set="0"/>
          <p>1 0 0 17 0 1 16 0 2 74 1 3 7 1 4 18 1 5 7 2 6 19 2 7 18 2 8 62 3 9 1 3 10 16 3 11 76 4 12 4 4 13 71 4 14 64 5 15 1 5 16 59 5 17 60 6 18 15 6 19 61 6 20 10 7 21 14 7 22 13 7 23 72 8 24 13 8 25 73 8 26 8 9 27 12 9 28 15 9 29 15 10 30 2 10 31 0 10 32 73 8 33 6 8 34 76 8 35 13 11 36 4 11 37 6 11 38 61 12 39 0 12 40 65 12 41 62 13 42 23 13 43 63 13 44 21 14 45 19 14 46 22 14 47 74 8 48 21 8 49 75 8 50 16 15 51 20 15 52 23 15 53 8 16 54 20 16 55 9 16 56 72 17 57 21 17 58 10 17 59 21 18 60 11 18 61 10 18 62 63 19 63 8 19 64 60 19 65 81 20 66 28 20 67 78 20 68 33 21 69 49 21 70 25 21 71 45 5 72 53 5 73 30 5 74 81 22 75 32 22 76 35 22 77 71 23 78 31 23 79 26 23 80 45 24 81 24 24 82 36 24 83 46 25 84 56 25 85 47 25 86 79 26 87 28 26 88 31 26 89 70 5 90 27 5 91 77 5 92 24 27 93 43 27 94 36 27 95 77 28 96 32 28 97 80 28 98 42 29 99 54 29 100 46 29 101 64 8 102 46 8 103 68 8 104 58 30 105 43 30 106 65 30 107 67 8 108 44 8 109 45 8 110 58 8 111 45 8 112 36 8 113 69 8 114 46 8 115 47 8 116 69 17 117 44 17 118 66 17 119 35 31 120 38 31 121 28 31 122 35 32 123 40 32 124 41 32 125 26 33 126 39 33 127 43 33 128 31 34 129 38 34 130 39 34 131 42 5 132 27 5 133 25 5 134 27 35 135 40 35 136 32 35 137 50 36 138 57 36 139 51 36 140 54 8 141 57 8 142 56 8 143 50 37 144 53 37 145 52 37 146 54 8 147 49 8 148 55 8 149 34 38 150 51 38 151 57 38 152 47 39 153 50 39 154 44 39 155 34 40 156 55 40 157 33 40 158 44 41 159 52 41 160 45 41 161 30 42 162 51 42 163 29 42 164 25 27 165 48 27 166 42 27 167 20 43 168 66 43 169 9 43 170 20 44 171 68 44 172 69 44 173 2 8 174 67 8 175 58 8 176 12 8 177 66 8 178 67 8 179 58 27 180 0 27 181 2 27 182 3 8 183 68 8 184 17 8 185 38 45 186 63 45 187 60 45 188 40 46 189 63 46 190 41 46 191 39 47 192 65 47 193 43 47 194 38 48 195 61 48 196 39 48 197 64 5 198 37 5 199 42 5 200 40 49 201 59 49 202 62 49 203 5 50 204 80 50 205 19 50 206 70 5 207 5 5 208 7 5 209 14 51 210 78 51 211 79 51 212 4 52 213 79 52 214 71 52 215 22 53 216 80 53 217 81 53 218 11 54 219 81 54 220 78 54 221 29 55 222 75 55 223 72 55 224 33 8 225 75 8 226 34 8 227 30 8 228 76 8 229 24 8 230 29 8 231 73 8 232 30 8 233 76 27 234 26 27 235 24 27 236 33 56 237 70 56 238 74 56 239 83 57 240 84 57 241 82 57 242 85 8 243 88 8 244 84 8 245 89 58 246 86 58 247 88 58 248 87 59 249 82 59 250 86 59 251 88 5 252 82 5 253 84 5 254 85 27 255 87 27 256 89 27 257 91 60 258 92 60 259 90 60 260 93 8 261 96 8 262 92 8 263 97 61 264 94 61 265 96 61 266 95 59 267 90 59 268 94 59 269 96 62 270 90 62 271 92 62 272 93 63 273 95 63 274 97 63 275 1 64 276 3 64 277 17 64 278 74 65 279 70 65 280 7 65 281 7 66 282 5 66 283 19 66 284 62 67 285 59 67 286 1 67 287 76 27 288 6 27 289 4 27 290 64 5 291 3 5 292 1 5 293 60 68 294 8 68 295 15 68 296 10 69 297 11 69 298 14 69 299 72 8 300 10 8 301 13 8 302 8 70 303 9 70 304 12 70 305 15 71 306 12 71 307 2 71 308 73 8 309 13 8 310 6 8 311 13 72 312 14 72 313 4 72 314 61 73 315 15 73 316 0 73 317 62 74 318 16 74 319 23 74 320 21 75 321 18 75 322 19 75 323 74 76 324 18 76 325 21 76 326 16 77 327 17 77 328 20 77 329 8 78 330 23 78 331 20 78 332 72 79 333 75 79 334 21 79 335 21 80 336 22 80 337 11 80 338 63 81 339 23 81 340 8 81 341 81 82 342 35 82 343 28 82 344 33 83 345 55 83 346 49 83 347 45 5 348 52 5 349 53 5 350 81 84 351 80 84 352 32 84 353 71 85 354 79 85 355 31 85 356 45 86 357 30 86 358 24 86 359 46 87 360 54 87 361 56 87 362 79 88 363 78 88 364 28 88 365 70 5 366 25 5 367 27 5 368 24 27 369 26 27 370 43 27 371 77 89 372 27 89 373 32 89 374 42 90 375 48 90 376 54 90 377 64 8 378 42 8 379 46 8 380 58 27 381 36 27 382 43 27 383 67 8 384 66 8 385 44 8 386 58 8 387 67 8 388 45 8 389 69 8 390 68 8 391 46 8 392 69 91 393 47 91 394 44 91 395 35 92 396 41 92 397 38 92 398 35 93 399 32 93 400 40 93 401 26 94 402 31 94 403 39 94 404 31 59 405 28 59 406 38 59 407 42 5 408 37 5 409 27 5 410 27 95 411 37 95 412 40 95 413 50 55 414 56 55 415 57 55 416 54 96 417 55 96 418 57 96 419 50 97 420 51 97 421 53 97 422 54 98 423 48 98 424 49 98 425 34 99 426 29 99 427 51 99 428 47 100 429 56 100 430 50 100 431 34 101 432 57 101 433 55 101 434 44 102 435 50 102 436 52 102 437 30 103 438 53 103 439 51 103 440 25 27 441 49 27 442 48 27 443 20 104 444 69 104 445 66 104 446 20 8 447 17 8 448 68 8 449 2 8 450 12 8 451 67 8 452 12 8 453 9 8 454 66 8 455 58 105 456 65 105 457 0 105 458 3 8 459 64 8 460 68 8 461 38 106 462 41 106 463 63 106 464 40 107 465 62 107 466 63 107 467 39 108 468 61 108 469 65 108 470 38 109 471 60 109 472 61 109 473 64 5 474 59 5 475 37 5 476 40 110 477 37 110 478 59 110 479 5 111 480 77 111 481 80 111 482 70 5 483 77 5 484 5 5 485 14 112 486 11 112 487 78 112 488 4 113 489 14 113 490 79 113 491 22 114 492 19 114 493 80 114 494 11 115 495 22 115 496 81 115 497 29 116 498 34 116 499 75 116 500 33 8 501 74 8 502 75 8 503 30 8 504 73 8 505 76 8 506 29 8 507 72 8 508 73 8 509 76 117 510 71 117 511 26 117 512 33 8 513 25 8 514 70 8 515 83 57 516 85 57 517 84 57 518 85 8 519 89 8 520 88 8 521 89 58 522 87 58 523 86 58 524 87 59 525 83 59 526 82 59 527 88 5 528 86 5 529 82 5 530 85 27 531 83 27 532 87 27 533 91 118 534 93 118 535 92 118 536 93 8 537 97 8 538 96 8 539 97 119 540 95 119 541 94 119 542 95 59 543 91 59 544 90 59 545 96 62 546 94 62 547 90 62 548 93 63 549 91 63 550 95 63 551</p>
        </triangles>
      </mesh>
    </geometry>
  </library_geometries>
  <library_visual_scenes>
    <visual_scene id="Scene" name="Scene">
      <node id="Light_001" name="Light.001" type="NODE">
        <matrix sid="transform">-0.2908646 -0.7711008 0.5663932 4.076245 0.9551712 -0.1998834 0.2183912 1.005454 -0.055189 0.6045247 0.7946723 5.903862 0 0 0 1</matrix>
        <instance_light url="#Light_001-light"/>
      </node>
      <node id="Camera_001" name="Camera.001" type="NODE">
        <matrix sid="transform">0.6859207 -0.3240135 0.6515582 7.358891 0.7276763 0.3054209 -0.6141704 -6.925791 -4.01133e-9 0.8953956 0.4452714 4.958309 0 0 0 1</matrix>
        <instance_camera url="#Camera_001-camera"/>
      </node>
      <node id="Plane_001" name="Plane.001" type="NODE">
        <matrix sid="transform">-45.00543 1.1757e-12 9.75765e-7 0 1.75258e-5 1.09528e-7 2.505725 0 2.03508e-11 2.50572 -1.09529e-7 0.5 0 0 0 1</matrix>
        <instance_geometry url="#Plane_001-mesh" name="Plane.001">
          <bind_material>
            <technique_common>
              <instance_material symbol="Material_001-material" target="#Material_001-material">
                <bind_vertex_input semantic="Plane_001-mesh-map-0" input_semantic="TEXCOORD" input_set="0"/>
              </instance_material>
              <instance_material symbol="siyah-material" target="#siyah-material">
                <bind_vertex_input semantic="Plane_001-mesh-map-0" input_semantic="TEXCOORD" input_set="0"/>
              </instance_material>
              <instance_material symbol="Material_002-material" target="#Material_002-material">
                <bind_vertex_input semantic="Plane_001-mesh-map-0" input_semantic="TEXCOORD" input_set="0"/>
              </instance_material>
            </technique_common>
          </bind_material>
        </instance_geometry>
      </node>
      <node id="Cylinder_002" name="Cylinder.002" type="NODE">
        <matrix sid="transform">0.02574837 -2.25099e-9 0 -0.2255874 2.25099e-9 0.02574837 0 0.003769323 0 0 -0.1683706 0.3644498 0 0 0 1</matrix>
        <instance_geometry url="#Cylinder_001-mesh" name="Cylinder.002"/>
      </node>
      <node id="Cube" name="Cube" type="NODE">
        <matrix sid="transform">-9.25708e-9 0.05271664 0 -0.4538104 -0.2117773 -2.30432e-9 0 0.03658533 0 0 0.3496107 1.01293 0 0 0 1</matrix>
        <instance_geometry url="#Cube_001-mesh" name="Cube"/>
      </node>
      <node id="Camera" name="Camera" type="NODE">
        <matrix sid="transform">0.6859207 -0.3240135 0.6515582 7.358891 0.7276763 0.3054208 -0.6141704 -6.925791 0 0.8953956 0.4452714 4.958309 0 0 0 1</matrix>
        <instance_camera url="#Camera-camera"/>
      </node>
      <node id="Light" name="Light" type="NODE">
        <matrix sid="transform">-0.2908646 -0.7711008 0.5663932 4.076245 0.9551712 -0.1998834 0.2183912 1.005454 -0.05518906 0.6045247 0.7946723 5.903862 0 0 0 1</matrix>
        <instance_light url="#Light-light"/>
      </node>
    </visual_scene>
  </library_visual_scenes>
  <scene>
    <instance_visual_scene url="#Scene"/>
  </scene>
</COLLADA>