<?xml version="1.0" encoding="utf-8"?>
<COLLADA xmlns="http://www.collada.org/2005/11/COLLADASchema" version="1.4.1" xmlns:xsi="http://www.w3.org/2001/XMLSchema-instance">
  <asset>
    <contributor>
      <author>Blender User</author>
      <authoring_tool>Blender 2.92.0 commit date:2021-02-24, commit time:16:25, hash:02948a2cab44</authoring_tool>
    </contributor>
    <created>2022-03-27T14:09:01</created>
    <modified>2022-03-27T14:09:01</modified>
    <unit name="meter" meter="1"/>
    <up_axis>Z_UP</up_axis>
  </asset>
  <library_lights>
    <light id="Sun-light" name="Sun">
      <technique_common>
        <directional>
          <color sid="color">1 1 1</color>
        </directional>
      </technique_common>
      <extra>
        <technique profile="blender">
          <type sid="type" type="int">1</type>
          <flag sid="flag" type="int">0</flag>
          <mode sid="mode" type="int">1</mode>
          <gamma sid="blender_gamma" type="float">1</gamma>
          <red sid="red" type="float">1</red>
          <green sid="green" type="float">1</green>
          <blue sid="blue" type="float">1</blue>
          <shadow_r sid="blender_shadow_r" type="float">0</shadow_r>
          <shadow_g sid="blender_shadow_g" type="float">0</shadow_g>
          <shadow_b sid="blender_shadow_b" type="float">0</shadow_b>
          <energy sid="blender_energy" type="float">1</energy>
          <dist sid="blender_dist" type="float">12.5</dist>
          <spotsize sid="spotsize" type="float">45</spotsize>
          <spotblend sid="spotblend" type="float">0.15</spotblend>
          <att1 sid="att1" type="float">0</att1>
          <att2 sid="att2" type="float">1</att2>
          <falloff_type sid="falloff_type" type="int">2</falloff_type>
          <clipsta sid="clipsta" type="float">0.04999995</clipsta>
          <clipend sid="clipend" type="float">40</clipend>
          <bias sid="bias" type="float">1</bias>
          <soft sid="soft" type="float">3</soft>
          <bufsize sid="bufsize" type="int">512</bufsize>
          <samp sid="samp" type="int">3</samp>
          <buffers sid="buffers" type="int">1</buffers>
          <area_shape sid="area_shape" type="int">0</area_shape>
          <area_size sid="area_size" type="float">0.125</area_size>
          <area_sizey sid="area_sizey" type="float">0.125</area_sizey>
          <area_sizez sid="area_sizez" type="float">0.125</area_sizez>
        </technique>
      </extra>
    </light>
  </library_lights>
  <library_effects>
    <effect id="mavi-effect">
      <profile_COMMON>
        <technique sid="common">
          <lambert>
            <emission>
              <color sid="emission">5.72647e-4 0 1 5</color>
            </emission>
            <diffuse>
              <color sid="diffuse">3.36038e-4 0 0.8000001 1</color>
            </diffuse>
            <index_of_refraction>
              <float sid="ior">1.45</float>
            </index_of_refraction>
          </lambert>
        </technique>
      </profile_COMMON>
    </effect>
    <effect id="beyaz-effect">
      <profile_COMMON>
        <technique sid="common">
          <lambert>
            <emission>
              <color sid="emission">1 1 1 5</color>
            </emission>
            <diffuse>
              <color sid="diffuse">1 1 1 1</color>
            </diffuse>
            <index_of_refraction>
              <float sid="ior">1.45</float>
            </index_of_refraction>
          </lambert>
        </technique>
      </profile_COMMON>
    </effect>
    <effect id="direk_013-effect">
      <profile_COMMON>
        <technique sid="common">
          <lambert>
            <emission>
              <color sid="emission">0 0 0 1</color>
            </emission>
            <diffuse>
              <color sid="diffuse">0.5882353 0.5882353 0.7019608 1</color>
            </diffuse>
            <reflectivity>
              <float sid="specular">1</float>
            </reflectivity>
            <index_of_refraction>
              <float sid="ior">1.45</float>
            </index_of_refraction>
          </lambert>
        </technique>
      </profile_COMMON>
    </effect>
  </library_effects>
  <library_images/>
  <library_materials>
    <material id="mavi-material" name="mavi">
      <instance_effect url="#mavi-effect"/>
    </material>
    <material id="beyaz-material" name="beyaz">
      <instance_effect url="#beyaz-effect"/>
    </material>
    <material id="direk_013-material" name="direk.013">
      <instance_effect url="#direk_013-effect"/>
    </material>
  </library_materials>
  <library_geometries>
    <geometry id="Plane_002-mesh" name="Plane.002">
      <mesh>
        <source id="Plane_002-mesh-positions">
          <float_array id="Plane_002-mesh-positions-array" count="2313">-0.2766165 -0.286681 -0.01449412 0.2237977 -0.286681 -0.01449412 -0.2766165 0.2137332 -0.01449412 0.2237977 0.2137332 -0.01449412 -0.2766165 -0.286681 0.01050585 0.2237977 -0.286681 0.01050585 -0.2766165 0.2137332 0.01050585 0.2237977 0.2137332 0.01050585 -0.02640938 -0.286681 -0.01449412 -0.02640938 0.2137332 -0.01449412 -0.02640938 -0.286681 0.01050585 -0.02640938 0.2137332 0.01050585 -0.1515129 0.2137332 -0.01449412 -0.1515129 0.2137332 0.01050585 -0.1515129 -0.286681 -0.01449412 -0.1515129 -0.286681 0.01050585 0.09869414 -0.286681 -0.01449412 0.09869414 -0.286681 0.01050585 0.09869414 0.2137332 -0.01449412 0.09869414 0.2137332 0.01050585 -0.2766165 -0.03647387 -0.01449412 0.2237977 -0.03647387 -0.01449412 -0.2766165 -0.03647387 0.01050585 0.2237977 -0.03647387 0.01050585 -0.01553177 -0.04950857 0.01050585 -0.02640938 -0.03647387 -0.01449412 -0.1515129 -0.03647387 -0.01449412 -0.1406353 -0.04950857 0.01050585 0.1095718 -0.04950857 0.01050585 0.09869414 -0.03647387 -0.01449412 0.2237977 0.08862966 -0.01449412 0.2237977 0.08862966 0.01050585 -0.01553177 0.0755949 0.01050585 -0.1406353 0.0755949 0.01050585 0.1095718 0.0755949 0.01050585 -0.2766165 0.08862966 -0.01449412 -0.2766165 0.08862966 0.01050585 -0.02640938 0.08862966 -0.01449412 -0.1515129 0.08862966 -0.01449412 0.09869414 0.08862966 -0.01449412 -0.08896112 -0.286681 -0.01449412 -0.08896112 -0.286681 0.01050585 -0.08896112 0.2137332 -0.01449412 -0.08896112 0.2137332 0.01050585 -0.08896112 -0.03647387 -0.01449412 -0.07808357 -0.04950857 0.01050585 -0.08896112 0.08862966 -0.01449412 -0.07808357 0.0755949 0.01050585 -0.2766165 -0.1615774 -0.01449412 -0.2766165 -0.1615774 0.01050585 -0.02640938 -0.1615774 -0.01449412 -0.1515129 -0.1615774 -0.01449412 0.09869414 -0.1615774 -0.01449412 0.2237977 -0.1615774 -0.01449412 0.2237977 -0.1615774 0.01050585 -0.01553177 -0.1746122 0.01050585 -0.1406353 -0.1746122 0.01050585 0.1095718 -0.1746122 0.01050585 -0.07808357 -0.1746122 0.01050585 -0.08896112 -0.1615774 -0.01449412 0.2237977 0.1511814 -0.01449412 0.2237977 0.1511814 0.01050585 -0.01553177 0.1381467 0.01050585 -0.1406353 0.1381467 0.01050585 0.1095718 0.1381467 0.01050585 -0.2766165 0.1511814 -0.01449412 -0.2766165 0.1511814 0.01050585 -0.02640938 0.1511814 -0.01449412 -0.1515129 0.1511814 -0.01449412 0.09869414 0.1511814 -0.01449412 -0.08896112 0.1511814 -0.01449412 -0.07808357 0.1381467 0.01050585 0.03614234 0.2137332 -0.01449412 0.03614234 0.2137332 0.01050585 0.03614234 -0.286681 -0.01449412 0.03614234 -0.286681 0.01050585 0.03614234 -0.03647387 -0.01449412 0.04701995 -0.04950857 0.01050585 0.03614234 0.08862966 -0.01449412 0.1095718 -0.0182327 0.01050585 0.04701995 -0.1746122 0.01050585 0.03614234 -0.1615774 -0.01449412 0.03614234 0.1511814 -0.01449412 0.12997 -0.005197942 0.01050585 0.161246 -0.286681 -0.01449412 0.161246 -0.286681 0.01050585 0.161246 0.2137332 -0.01449412 0.161246 0.2137332 0.01050585 0.161246 -0.03647387 0.01050585 0.161246 -0.03647387 -0.01449412 0.161246 0.08862966 0.01050585 0.161246 0.08862966 -0.01449412 0.161246 -0.1615774 -0.01449412 0.161246 -0.1615774 0.01050585 0.161246 0.1511814 0.01050585 0.161246 0.1511814 -0.01449412 -0.2766165 0.02607786 -0.01449412 -0.2766165 0.02607786 0.01050585 -0.02640938 0.02607786 -0.01449412 -0.1515129 0.02607786 -0.01449412 0.09869414 0.02607786 -0.01449412 0.2237977 0.02607786 -0.01449412 0.2237977 0.02607786 0.01050585 -0.01553177 0.01304316 0.01050585 -0.1406353 0.01304316 0.01050585 0.1095718 0.01304316 0.01050585 -0.07808357 0.01304316 0.01050585 -0.08896112 0.02607786 -0.01449412 0.2237977 -0.005197942 -0.01449412 0.03614234 0.02607786 -0.01449412 0.161246 0.02607786 -0.01449412 0.161246 0.02607786 0.01050585 0.2237977 -0.09902566 -0.01449412 0.2237977 -0.09902566 0.01050585 -0.01553177 -0.1120604 0.01050585 -0.1406353 -0.1120604 0.01050585 0.1095718 -0.1120604 0.01050585 -0.07808357 -0.1120604 0.01050585 -0.2766165 -0.09902566 -0.01449412 -0.2766165 -0.09902566 0.01050585 -0.02640938 -0.09902566 -0.01449412 -0.1515129 -0.09902566 -0.01449412 0.09869414 -0.09902566 -0.01449412 -0.08896112 -0.09902566 -0.01449412 0.04701995 -0.1120604 0.01050585 0.03614234 -0.09902566 -0.01449412 0.161246 -0.09902566 -0.01449412 0.161246 -0.09902566 0.01050585 -0.2766165 -0.2241292 -0.01449412 -0.2766165 -0.2241292 0.01050585 -0.02640938 -0.2241292 -0.01449412 -0.1515129 -0.2241292 -0.01449412 0.09869414 -0.2241292 -0.01449412 -0.08896112 -0.2241292 -0.01449412 0.2237977 -0.2241292 -0.01449412 0.2237977 -0.2241292 0.01050585 -0.01553177 -0.2371639 0.01050585 -0.1406353 -0.2371639 0.01050585 0.1095718 -0.2371639 0.01050585 -0.07808357 -0.2371639 0.01050585 0.03614234 -0.2241292 -0.01449412 0.04701995 -0.2371639 0.01050585 0.161246 -0.2241292 0.01050585 0.161246 -0.2241292 -0.01449412 -0.2766165 0.1199055 -0.01449412 -0.2766165 0.1199055 0.01050585 -0.02640938 0.1199055 -0.01449412 -0.1515129 0.1199055 -0.01449412 0.09869414 0.1199055 -0.01449412 -0.08896112 0.1199055 -0.01449412 0.2237977 0.1199055 -0.01449412 0.2237977 0.1199055 0.01050585 -0.01553177 0.1068708 0.01050585 -0.1406353 0.1068708 0.01050585 0.1095718 0.1068708 0.01050585 -0.07808357 0.1068708 0.01050585 0.12997 -0.005197942 -0.01449412 0.03614234 0.1199055 -0.01449412 0.161246 0.1199055 -0.01449412 0.161246 0.1199055 0.01050585 0.06741827 -0.286681 -0.01449412 0.06741827 -0.286681 0.01050585 0.06741827 -0.03647387 -0.01449412 0.06741827 0.08862966 -0.01449412 0.06741827 -0.1615774 -0.01449412 0.06741827 0.1511814 -0.01449412 0.06741827 0.2137332 -0.01449412 0.06741827 0.2137332 0.01050585 0.07829588 -0.04950857 0.01050585 -0.1406353 -0.0182327 0.01050585 0.07829588 -0.1746122 0.01050585 -0.01553177 -0.0182327 0.01050585 0.161246 -0.005197942 -0.01449412 0.06741827 0.02607786 -0.01449412 0.07829588 -0.1120604 0.01050585 0.06741827 -0.09902566 -0.01449412 0.06741827 -0.2241292 -0.01449412 0.07829588 -0.2371639 0.01050585 0.06741827 -0.005197942 -0.01449412 0.06741827 0.1199055 -0.01449412 0.12997 0.2137332 -0.01449412 0.12997 0.2137332 0.01050585 0.12997 -0.03647387 0.01050585 0.12997 0.08862966 0.01050585 0.12997 -0.1615774 0.01050585 0.12997 0.1511814 0.01050585 0.12997 -0.286681 -0.01449412 0.12997 -0.286681 0.01050585 0.12997 -0.03647387 -0.01449412 0.12997 0.08862966 -0.01449412 0.12997 -0.1615774 -0.01449412 0.12997 0.1511814 -0.01449412 0.12997 0.02607786 0.01050585 0.12997 0.02607786 -0.01449412 0.12997 -0.09902566 0.01050585 0.12997 -0.09902566 -0.01449412 0.12997 -0.2241292 -0.01449412 0.12997 -0.2241292 0.01050585 0.12997 0.1199055 0.01050585 0.12997 0.1199055 -0.01449412 -0.2140647 0.2137332 -0.01449412 -0.2140647 0.2137332 0.01050585 -0.2140647 -0.286681 -0.01449412 -0.2140647 -0.286681 0.01050585 -0.2140647 -0.03647387 0.01050585 -0.2140647 -0.03647387 -0.01449412 -0.2140647 0.08862966 0.01050585 -0.2140647 0.08862966 -0.01449412 -0.2140647 -0.1615774 -0.01449412 -0.2140647 -0.1615774 0.01050585 -0.2140647 0.1511814 0.01050585 -0.2140647 0.1511814 -0.01449412 -0.2140647 0.02607786 -0.01449412 -0.2140647 0.02607786 0.01050585 -0.2140647 -0.09902566 -0.01449412 -0.2140647 -0.09902566 0.01050585 -0.2140647 -0.2241292 0.01050585 -0.2140647 -0.2241292 -0.01449412 -0.2140647 0.1199055 -0.01449412 -0.2140647 0.1199055 0.01050585 -0.2453406 0.2137332 -0.01449412 -0.2453406 0.2137332 0.01050585 -0.2453406 -0.03647387 0.01050585 -0.2453406 0.08862966 0.01050585 -0.2453406 -0.1615774 0.01050585 -0.2453406 0.1511814 0.01050585 -0.2453406 0.02607786 0.01050585 -0.2453406 -0.09902566 0.01050585 -0.2453406 -0.2241292 0.01050585 -0.2453406 0.1199055 0.01050585 -0.2453406 -0.286681 -0.01449412 -0.2453406 -0.286681 0.01050585 -0.2453406 -0.03647387 -0.01449412 -0.2453406 0.08862966 -0.01449412 -0.2453406 -0.1615774 -0.01449412 -0.2453406 0.1511814 -0.01449412 -0.2453406 0.02607786 -0.01449412 -0.2453406 -0.09902566 -0.01449412 -0.2453406 -0.2241292 -0.01449412 -0.2453406 0.1199055 -0.01449412 0.2237977 0.1824573 -0.01449412 0.2237977 0.1824573 0.01050585 -0.01553177 0.1694226 0.01050585 -0.1406353 0.1694226 0.01050585 0.1095718 0.1694226 0.01050585 -0.07808357 0.1694226 0.01050585 -0.2766165 0.1824573 -0.01449412 -0.2766165 0.1824573 0.01050585 -0.02640938 0.1824573 -0.01449412 -0.1515129 0.1824573 -0.01449412 0.09869414 0.1824573 -0.01449412 -0.08896112 0.1824573 -0.01449412 0.03614234 0.1824573 -0.01449412 0.04701995 0.1694226 0.01050585 0.161246 0.1824573 0.01050585 0.161246 0.1824573 -0.01449412 0.06741827 0.1824573 -0.01449412 0.07829588 0.1694226 0.01050585 0.12997 0.1824573 -0.01449412 0.12997 0.1824573 0.01050585 -0.2140647 0.1824573 0.01050585 -0.2140647 0.1824573 -0.01449412 -0.2453406 0.1824573 -0.01449412 -0.2453406 0.1824573 0.01050585 0.1925218 -0.286681 -0.01449412 0.1925218 -0.286681 0.01050585 0.1925218 -0.03647387 -0.01449412 0.1925218 0.08862966 -0.01449412 0.1925218 -0.1615774 -0.01449412 0.1925218 0.1511814 -0.01449412 0.1925218 0.2137332 -0.01449412 0.1925218 0.2137332 0.01050585 0.1925218 -0.03647387 0.01050585 0.1925218 0.08862966 0.01050585 0.1925218 -0.1615774 0.01050585 0.1925218 0.1511814 0.01050585 0.1925218 0.02607786 -0.01449412 0.1925218 0.02607786 0.01050585 0.1925218 -0.09902566 -0.01449412 0.1925218 -0.09902566 0.01050585 0.1925218 -0.2241292 0.01050585 0.1925218 -0.2241292 -0.01449412 0.1925218 0.1199055 -0.01449412 0.1925218 0.1199055 0.01050585 0.1925218 0.1824573 0.01050585 0.1925218 0.1824573 -0.01449412 -0.2766165 -0.2554051 -0.01449412 -0.2766165 -0.2554051 0.01050585 -0.02640938 -0.2554051 -0.01449412 -0.1515129 -0.2554051 -0.01449412 0.09869414 -0.2554051 -0.01449412 -0.08896112 -0.2554051 -0.01449412 0.03614234 -0.2554051 -0.01449412 0.161246 -0.2554051 -0.01449412 0.2237977 -0.2554051 -0.01449412 0.2237977 -0.2554051 0.01050585 -0.02640938 -0.2554051 0.01050585 -0.1515129 -0.2554051 0.01050585 0.09869414 -0.2554051 0.01050585 -0.08896112 -0.2554051 0.01050585 0.03614234 -0.2554051 0.01050585 0.161246 -0.2554051 0.01050585 0.06741827 -0.2554051 0.01050585 0.06741827 -0.2554051 -0.01449412 0.12997 -0.2554051 0.01050585 0.12997 -0.2554051 -0.01449412 -0.2140647 -0.2554051 -0.01449412 -0.2140647 -0.2554051 0.01050585 -0.2453406 -0.2554051 0.01050585 -0.2453406 -0.2554051 -0.01449412 0.1925218 -0.2554051 -0.01449412 0.1925218 -0.2554051 0.01050585 0.2237977 0.1980953 -0.01449412 0.2237977 0.1980953 0.01050585 -0.2766165 0.1980953 -0.01449412 -0.2766165 0.1980953 0.01050585 -0.02640938 0.1980953 -0.01449412 -0.1515129 0.1980953 -0.01449412 0.09869414 0.1980953 -0.01449412 -0.08896112 0.1980953 -0.01449412 0.03614234 0.1980953 -0.01449412 0.161246 0.1980953 -0.01449412 0.06741827 0.1980953 -0.01449412 0.12997 0.1980953 -0.01449412 -0.2140647 0.1980953 -0.01449412 -0.2453406 0.1980953 -0.01449412 0.1925218 0.1980953 -0.01449412 0.2081598 -0.286681 -0.01449412 0.2081598 -0.286681 0.01050585 0.2081598 -0.03647387 -0.01449412 0.2081598 0.08862966 -0.01449412 0.2081598 -0.1615774 -0.01449412 0.2081598 0.1511814 -0.01449412 0.2081598 0.02607786 -0.01449412 0.2081598 -0.09902566 -0.01449412 0.2081598 -0.2241292 -0.01449412 0.2081598 0.1199055 -0.01449412 0.2081598 0.1824573 -0.01449412 0.2081598 0.2137332 -0.01449412 0.2081598 0.2137332 0.01050585 0.2081598 -0.2554051 -0.01449412 0.2081598 0.1980953 -0.01449412 -0.2766165 -0.2710431 -0.01449412 -0.2766165 -0.2710431 0.01050585 -0.02640938 -0.2710431 -0.01449412 -0.1515129 -0.2710431 -0.01449412 0.09869414 -0.2710431 -0.01449412 -0.08896112 -0.2710431 -0.01449412 0.03614234 -0.2710431 -0.01449412 0.161246 -0.2710431 -0.01449412 0.06741827 -0.2710431 -0.01449412 0.12997 -0.2710431 -0.01449412 -0.2140647 -0.2710431 -0.01449412 -0.2453406 -0.2710431 -0.01449412 0.1925218 -0.2710431 -0.01449412 0.2237977 -0.2710431 -0.01449412 0.2237977 -0.2710431 0.01050585 0.2081598 -0.2710431 -0.01449412 -0.2609785 0.2137332 -0.01449412 -0.2609785 0.2137332 0.01050585 -0.2609785 -0.286681 -0.01449412 -0.2609785 -0.286681 0.01050585 -0.2609785 -0.03647387 -0.01449412 -0.2609785 0.08862966 -0.01449412 -0.2609785 -0.1615774 -0.01449412 -0.2609785 0.1511814 -0.01449412 -0.2609785 0.02607786 -0.01449412 -0.2609785 -0.09902566 -0.01449412 -0.2609785 -0.2241292 -0.01449412 -0.2609785 0.1199055 -0.01449412 -0.2609785 0.1824573 -0.01449412 -0.2609785 -0.2554051 -0.01449412 -0.2609785 0.1980953 -0.01449412 -0.2609785 -0.2710431 -0.01449412 -0.02640938 0.2007724 0.01050585 -0.02640938 0.1954182 0.01050585 -0.1515129 0.2007724 0.01050585 -0.1515129 0.1954182 0.01050585 0.09869414 0.2007724 0.01050585 0.09869414 0.1954182 0.01050585 -0.08896112 0.1954182 0.01050585 -0.08896112 0.2007724 0.01050585 0.03614234 0.2007724 0.01050585 0.03614234 0.1954182 0.01050585 0.161246 0.2007724 0.01050585 0.161246 0.1954182 0.01050585 0.06741827 0.1954182 0.01050585 0.06741827 0.2007724 0.01050585 0.12997 0.1954182 0.01050585 0.12997 0.2007724 0.01050585 -0.2140647 0.1954182 0.01050585 -0.2140647 0.2007724 0.01050585 -0.2453406 0.2007724 0.01050585 -0.2453406 0.1954182 0.01050585 0.1925218 0.1954182 0.01050585 0.1925218 0.2007724 0.01050585 0.2054827 -0.03647387 0.01050585 0.2108368 -0.03647387 0.01050585 0.2054827 0.08862966 0.01050585 0.2108368 0.08862966 0.01050585 0.2054827 -0.1615774 0.01050585 0.2108368 -0.1615774 0.01050585 0.2054827 0.1511814 0.01050585 0.2108368 0.1511814 0.01050585 0.2108368 0.02607786 0.01050585 0.2054827 0.02607786 0.01050585 0.2108368 -0.09902566 0.01050585 0.2054827 -0.09902566 0.01050585 0.2108368 -0.2241292 0.01050585 0.2054827 -0.2241292 0.01050585 0.2108368 0.1199055 0.01050585 0.2054827 0.1199055 0.01050585 0.2054827 0.1824573 0.01050585 0.2108368 0.1824573 0.01050585 0.2108368 -0.2554051 0.01050585 0.2054827 -0.2554051 0.01050585 0.2054827 0.1954182 0.01050585 0.2108368 0.2007724 0.01050585 -0.02640938 -0.268366 0.01050585 -0.02640938 -0.2737202 0.01050585 -0.1515129 -0.2737202 0.01050585 -0.1515129 -0.268366 0.01050585 0.09869414 -0.2737202 0.01050585 0.09869414 -0.268366 0.01050585 -0.08896112 -0.268366 0.01050585 -0.08896112 -0.2737202 0.01050585 0.03614234 -0.2737202 0.01050585 0.03614234 -0.268366 0.01050585 0.161246 -0.2737202 0.01050585 0.161246 -0.268366 0.01050585 0.06741827 -0.268366 0.01050585 0.06741827 -0.2737202 0.01050585 0.12997 -0.268366 0.01050585 0.12997 -0.2737202 0.01050585 -0.2140647 -0.268366 0.01050585 -0.2140647 -0.2737202 0.01050585 -0.2453406 -0.268366 0.01050585 -0.2453406 -0.2737202 0.01050585 0.1925218 -0.268366 0.01050585 0.1925218 -0.2737202 0.01050585 0.2054827 -0.268366 0.01050585 0.2108368 -0.2737202 0.01050585 -0.2636556 -0.03647387 0.01050585 -0.2583015 -0.03647387 0.01050585 -0.2636556 0.08862966 0.01050585 -0.2583015 0.08862966 0.01050585 -0.2636556 -0.1615774 0.01050585 -0.2583015 -0.1615774 0.01050585 -0.2636556 0.1511814 0.01050585 -0.2583015 0.1511814 0.01050585 -0.2583015 0.02607786 0.01050585 -0.2636556 0.02607786 0.01050585 -0.2583015 -0.09902566 0.01050585 -0.2636556 -0.09902566 0.01050585 -0.2583015 -0.2241292 0.01050585 -0.2636556 -0.2241292 0.01050585 -0.2583015 0.1199055 0.01050585 -0.2636556 0.1199055 0.01050585 -0.2636556 0.1824573 0.01050585 -0.2583015 0.1824573 0.01050585 -0.2583015 -0.2554051 0.01050585 -0.2636556 -0.2554051 0.01050585 -0.2636556 0.2007724 0.01050585 -0.2583015 0.1954182 0.01050585 -0.2583015 -0.268366 0.01050585 -0.2636556 -0.2737202 0.01050585 0.00486648 0.2137332 -0.01449412 0.00486648 0.2137332 0.01050585 0.01574409 -0.04950857 0.01050585 0.01574409 -0.1746122 0.01050585 0.00486648 -0.286681 -0.01449412 0.00486648 -0.286681 0.01050585 0.00486648 -0.03647387 -0.01449412 0.00486648 0.08862966 -0.01449412 0.00486648 -0.1615774 -0.01449412 0.00486648 0.1511814 -0.01449412 0.00486648 0.02607786 -0.01449412 0.00486648 -0.09902566 -0.01449412 0.01574409 -0.1120604 0.01050585 0.01574409 -0.2371639 0.01050585 0.00486648 -0.2241292 -0.01449412 0.00486648 0.1199055 -0.01449412 0.01574409 0.1694226 0.01050585 0.00486648 0.1824573 -0.01449412 0.00486648 -0.2554051 -0.01449412 0.00486648 -0.2554051 0.01050585 0.00486648 0.1980953 -0.01449412 0.00486648 -0.2710431 -0.01449412 0.00486648 0.2007724 0.01050585 0.00486648 0.1954182 0.01050585 0.00486648 -0.268366 0.01050585 0.00486648 -0.2737202 0.01050585 0.2237977 0.05735373 -0.01449412 0.2237977 0.05735373 0.01050585 -0.01553177 0.04431903 0.01050585 -0.1406353 0.04431903 0.01050585 0.1095718 0.04431903 0.01050585 -0.07808357 0.04431903 0.01050585 0.03614234 -0.005197942 -0.01449412 0.161246 0.05735373 0.01050585 -0.2766165 0.05735373 -0.01449412 -0.2766165 0.05735373 0.01050585 -0.02640938 0.05735373 -0.01449412 -0.1515129 0.05735373 -0.01449412 0.09869414 0.05735373 -0.01449412 -0.08896112 0.05735373 -0.01449412 0.03614234 0.05735373 -0.01449412 0.161246 0.05735373 -0.01449412 -0.08896112 -0.005197942 -0.01449412 0.06741827 0.05735373 -0.01449412 0.12997 0.05735373 0.01050585 0.12997 0.05735373 -0.01449412 -0.2140647 0.05735373 -0.01449412 -0.2140647 0.05735373 0.01050585 -0.2453406 0.05735373 0.01050585 -0.2453406 0.05735373 -0.01449412 0.1925218 0.05735373 -0.01449412 0.1925218 0.05735373 0.01050585 0.2081598 0.05735373 -0.01449412 -0.2609785 0.05735373 -0.01449412 0.2108368 0.05735373 0.01050585 0.2054827 0.05735373 0.01050585 -0.2583015 0.05735373 0.01050585 -0.2636556 0.05735373 0.01050585 0.00486648 0.05735373 -0.01449412 0.2237977 0.07299172 -0.01449412 0.2237977 0.07299172 0.01050585 -0.01553177 0.05995696 0.01050585 -0.1406353 0.05995696 0.01050585 0.1095718 0.05995696 0.01050585 -0.07808357 0.05995696 0.01050585 0.09869414 -0.005197942 -0.01449412 0.161246 0.07299172 0.01050585 -0.1515129 -0.005197942 -0.01449412 0.12997 0.07299172 0.01050585 -0.2140647 0.07299172 0.01050585 -0.2453406 0.07299172 0.01050585 0.1925218 0.07299172 0.01050585 0.2108368 0.07299172 0.01050585 -0.2583015 0.07299172 0.01050585 -0.2766165 0.07299172 -0.01449412 -0.2766165 0.07299172 0.01050585 -0.02640938 0.07299172 -0.01449412 -0.1515129 0.07299172 -0.01449412 0.09869414 0.07299172 -0.01449412 -0.08896112 0.07299172 -0.01449412 0.03614234 0.07299172 -0.01449412 0.161246 0.07299172 -0.01449412 0.06741827 0.07299172 -0.01449412 0.12997 0.07299172 -0.01449412 -0.2140647 0.07299172 -0.01449412 -0.2453406 0.07299172 -0.01449412 0.1925218 0.07299172 -0.01449412 0.2081598 0.07299172 -0.01449412 -0.2609785 0.07299172 -0.01449412 0.2054827 0.07299172 0.01050585 -0.2636556 0.07299172 0.01050585 0.00486648 0.07299172 -0.01449412 0.08305621 -0.286681 -0.01449412 0.08305621 -0.286681 0.01050585 0.08305621 -0.03647387 -0.01449412 0.08305621 0.08862966 -0.01449412 0.08305621 -0.1615774 -0.01449412 0.08305621 0.1511814 -0.01449412 0.08305621 0.02607786 -0.01449412 0.08305621 -0.09902566 -0.01449412 0.08305621 -0.2241292 -0.01449412 0.08305621 0.1199055 -0.01449412 0.08305621 0.2137332 -0.01449412 0.08305621 0.2137332 0.01050585 0.09393382 -0.04950857 0.01050585 -0.07808357 -0.0182327 0.01050585 0.09393382 -0.1746122 0.01050585 0.2237977 -0.005197942 0.01050585 -0.02640938 -0.005197942 -0.01449412 0.09393382 -0.1120604 0.01050585 0.09393382 -0.2371639 0.01050585 0.161246 -0.005197942 0.01050585 0.08305621 0.1824573 -0.01449412 0.09393382 0.1694226 0.01050585 0.08305621 -0.2554051 0.01050585 0.08305621 -0.2554051 -0.01449412 0.08305621 0.1980953 -0.01449412 0.08305621 -0.2710431 -0.01449412 0.08305621 0.2007724 0.01050585 0.08305621 0.1954182 0.01050585 0.08305621 -0.268366 0.01050585 0.08305621 -0.2737202 0.01050585 -0.2766165 -0.005197942 0.01050585 0.08305621 0.05735373 -0.01449412 -0.2766165 -0.005197942 -0.01449412 0.08305621 0.07299172 -0.01449412 -0.2140647 -0.005197942 0.01050585 -0.2140647 -0.005197942 -0.01449412 -0.2453406 -0.005197942 -0.01449412 -0.2453406 -0.005197942 0.01050585 0.1925218 -0.005197942 0.01050585 0.1925218 -0.005197942 -0.01449412 0.2081598 -0.005197942 -0.01449412 -0.2609785 -0.005197942 -0.01449412 0.2108368 -0.005197942 0.01050585 0.2054827 -0.005197942 0.01050585 -0.2583015 -0.005197942 0.01050585 -0.2636556 -0.005197942 0.01050585 0.00486648 -0.005197942 -0.01449412 0.08305621 -0.005197942 -0.01449412 -0.01077139 0.2137332 -0.01449412 -0.01077139 0.2137332 0.01050585 1.0616e-4 -0.04950857 0.01050585 1.0616e-4 0.0755949 0.01050585 1.0616e-4 -0.1746122 0.01050585 1.0616e-4 0.1381467 0.01050585 1.0616e-4 0.01304316 0.01050585 1.0616e-4 -0.1120604 0.01050585 1.0616e-4 -0.2371639 0.01050585 1.0616e-4 0.1068708 0.01050585 -0.01077139 -0.005197942 -0.01449412 1.0616e-4 0.1694226 0.01050585 -0.01077139 -0.2554051 0.01050585 -0.01077139 0.2007724 0.01050585 -0.01077139 -0.268366 0.01050585 -0.01077139 -0.286681 -0.01449412 -0.01077139 -0.286681 0.01050585 -0.01077139 -0.03647387 -0.01449412 -0.01077139 0.08862966 -0.01449412 -0.01077139 -0.1615774 -0.01449412 -0.01077139 0.1511814 -0.01449412 -0.01077139 0.02607786 -0.01449412 -0.01077139 -0.09902566 -0.01449412 -0.01077139 -0.2241292 -0.01449412 -0.01077139 0.1199055 -0.01449412 -0.01077139 0.1824573 -0.01449412 -0.01077139 -0.2554051 -0.01449412 -0.01077139 0.1980953 -0.01449412 -0.01077139 -0.2710431 -0.01449412 -0.01077139 0.1954182 0.01050585 -0.01077139 -0.2737202 0.01050585 1.0616e-4 0.04431903 0.01050585 -0.01077139 0.05735373 -0.01449412 -0.01077139 0.07299172 -0.01449412 0.002147197 0.07546132 0.01050585 0.01031184 0.137478 0.01050585 0.006229519 0.1064696 0.01050585 0.01439416 0.1684863 0.01050585 0.00415337 0.07506245 0.01050585 0.020343 0.1354829 0.01050585 0.01224815 0.1052727 0.01050585 0.02843779 0.1656931 0.01050585 0.006090342 0.07440513 0.01050585 0.03002786 0.1321955 0.01050585 0.01805907 0.1033003 0.01050585 0.04199659 0.1610906 0.01050585 0.007924914 0.07350063 0.01050585 0.03920078 0.1276721 0.01050585 0.02356284 0.1005864 0.01050585 0.05483877 0.1547578 0.01050585 0.009625732 0.07236438 0.01050585 0.04770487 0.1219901 0.01050585 0.0286653 0.09717726 0.01050585 0.06674444 0.146803 0.01050585 0.01116371 0.07101589 0.01050585 0.05539453 0.1152467 0.01050585 0.03327912 0.09313136 0.01050585 0.07750988 0.1373621 0.01050585 0.0125125 0.06947821 0.01050585 0.06213819 0.1075573 0.01050585 0.03732538 0.08851778 0.01050585 0.08695101 0.1265969 0.01050585 0.01364904 0.06777757 0.01050585 0.06782048 0.0990535 0.01050585 0.04073476 0.08341556 0.01050585 0.09490621 0.1146914 0.01050585 0.0145539 0.06594318 0.01050585 0.07234424 0.0898807 0.01050585 0.0434491 0.07791197 0.01050585 0.1012394 0.1018495 0.01050585 0.01521158 0.06400632 0.01050585 0.07563197 0.0801959 0.01050585 0.04542177 0.07210117 0.01050585 0.1058422 0.08829075 0.01050585 0.01561081 0.06200021 0.01050585 0.07762748 0.07016485 0.01050585 0.04661917 0.06608259 0.01050585 0.1086358 0.07424724 0.01050585 0.01574474 0.05995917 0.01050585 0.07829654 0.05995917 0.01050585 0.04702067 0.05995923 0.01050585 0.01561117 0.05791813 0.01050585 0.07762783 0.04975342 0.01050585 0.04661953 0.0538358 0.01050585 0.1086362 0.04567116 0.01050585 0.01521229 0.05591195 0.01050585 0.07563275 0.03972232 0.01050585 0.04542255 0.04781717 0.01050585 0.1058429 0.03162753 0.01050585 0.01455503 0.05397498 0.01050585 0.07234537 0.0300374 0.01050585 0.04345023 0.04200625 0.01050585 0.1012405 0.01806873 0.01050585 0.01365053 0.05214041 0.01050585 0.06782197 0.02086448 0.01050585 0.04073625 0.03650248 0.01050585 0.0949077 0.005226552 0.01050585 0.01251429 0.05043959 0.01050585 0.06213992 0.01236039 0.01050585 0.03732717 0.03140002 0.01050585 0.0869528 -0.006679058 0.01050585 0.01116579 0.04890161 0.01050585 0.05539655 0.004670739 0.01050585 0.0332812 0.0267862 0.01050585 0.07751202 -0.01744455 0.01050585 0.009628057 0.04755282 0.01050585 0.04770714 -0.00207287 0.01050585 0.02866762 0.02273994 0.01050585 0.06674677 -0.02688562 0.01050585 0.007927417 0.04641628 0.01050585 0.03920334 -0.00775516 0.01050585 0.02356541 0.0193305 0.01050585 0.05484133 -0.03484088 0.01050585 0.006093025 0.04551142 0.01050585 0.03003054 -0.01227891 0.01050585 0.01806181 0.01661622 0.01050585 0.04199934 -0.04117405 0.01050585 0.004156172 0.04485374 0.01050585 0.02034574 -0.01556664 0.01050585 0.01225101 0.01464354 0.01050585 0.02844059 -0.04577678 0.01050585 0.002150058 0.04445451 0.01050585 0.0103147 -0.01756215 0.01050585 0.00623244 0.01344615 0.01050585 0.01439708 -0.04857045 0.01050585 1.09028e-4 -0.01823121 0.01050585 1.09077e-4 0.05995851 0.01050585 -0.2766165 0.1902763 -0.01449412 -0.2766165 0.1902763 0.01050585 -0.02640938 0.1902763 -0.01449412 -0.1515129 0.1902763 -0.01449412 0.09869414 0.1902763 -0.01449412 -0.08896112 0.1902763 -0.01449412 0.03614234 0.1902763 -0.01449412 0.161246 0.1902763 -0.01449412 0.06741827 0.1902763 -0.01449412 0.12997 0.1902763 -0.01449412 -0.2140647 0.1902763 -0.01449412 -0.2453406 0.1902763 -0.01449412 0.1925218 0.1902763 -0.01449412 0.2237977 0.1902763 -0.01449412 0.2237977 0.1902763 0.01050585 0.2081598 0.1902763 -0.01449412 -0.2609785 0.1902763 -0.01449412 0.2108368 0.1916148 0.01050585 0.2054827 0.1889377 0.01050585 -0.2583015 0.1889377 0.01050585 -0.2636556 0.1916148 0.01050585 -0.08896112 0.1889377 0.01050585 -0.02640938 0.1889377 0.01050585 0.03614234 0.1889377 0.01050585 -0.2140647 0.1889377 0.01050585 -0.1515129 0.1889377 0.01050585 0.06741827 0.1889377 0.01050585 0.09869414 0.1889377 0.01050585 0.12997 0.1889377 0.01050585 0.161246 0.1889377 0.01050585 0.1925218 0.1889377 0.01050585 -0.2453406 0.1889377 0.01050585 0.00486648 0.1902763 -0.01449412 0.00486648 0.1889377 0.01050585 0.08305621 0.1902763 -0.01449412 0.08305621 0.1889377 0.01050585 -0.01077139 0.1889377 0.01050585 -0.01077139 0.1902763 -0.01449412</float_array>
          <technique_common>
            <accessor source="#Plane_002-mesh-positions-array" count="771" stride="3">
              <param name="X" type="float"/>
              <param name="Y" type="float"/>
              <param name="Z" type="float"/>
            </accessor>
          </technique_common>
        </source>
        <source id="Plane_002-mesh-normals">
          <float_array id="Plane_002-mesh-normals-array" count="405">0 0 -1 0 0 1 0 1 0 0 -1 0 1 0 0 -1 0 0 0 0 1 0 0 1 0 0 1 0 0 1 0 0 1 -1.43594e-7 0 1 0 0 1 -1.48396e-7 0 1 2.96793e-7 0 1 0 0 1 -9.11925e-7 0 1 -1.30256e-7 0 1 3.03934e-7 0 1 -1.82359e-7 0 1 1.82359e-7 0 1 9.11948e-7 0 1 -9.11956e-7 0 1 -3.03934e-7 0 1 9.11963e-7 0 1 0 0 1 -1.51966e-7 0 1 -4.55985e-7 0 1 0 0 1 4.55988e-7 0 1 0 0 1 0 0 1 0 0 1 0 0 1 0 0 1 0 0 1 0 0 1 0 0 1 0 0 1 0 0 1 0 0 1 0 0 1 0 0 1 -1.51967e-7 0 1 0 0 1 4.55955e-7 0 1 -9.11883e-7 0 1 -3.03934e-7 0 1 9.11873e-7 0 1 3.03934e-7 0 1 -1.82367e-7 0 1 0 0 1 0 0 1 2.49505e-7 0 1 -1.98842e-6 0 1 1.11895e-6 0 1 0 0 1 0 0 1 0 0 1 0 0 1 0 0 1 1.43594e-7 0 1 0 0 1 0 0 1 0 0 1 0 0 1 0 0 1 0 0 1 0 0 1 0 0 1 0 0 1 -2.2795e-7 0 1 0 0 1 -1.85214e-7 0 1 0 0 1 -3.98923e-7 0 1 0 0 1 0 0 1 0 0 1 0 0 1 -5.41395e-7 0 1 0 0 1 5.98388e-7 0 1 0 0 1 0 0 1 2.56451e-7 0 1 0 0 1 0 0 1 3.98924e-7 0 1 0 0 1 0 0 1 0 0 1 -1.51967e-7 0 1 0 0 1 -1.70968e-7 0 1 0 0 1 0 0 1 0 0 1 0 0 1 0 0 1 0 0 1 0 0 1 0 0 1 1.70967e-7 0 1 0 0 1 0 0 1 3.41934e-7 0 1 0 0 1 0 0 1 -2.84945e-7 0 1 0 0 1 2.84945e-7 0 1 0 0 1 0 0 1 0 0 1 0 0 1 -7.69351e-7 0 1 0 0 1 0 0 1 3.27687e-7 0 1 0 0 1 0 0 1 -3.44975e-7 0 1 1.89862e-7 0 1 0 0 1 0 0 1 0 0 1 0 0 1 0 0 1 -4.30293e-7 0 1 -2.49556e-7 0 1 0 0 1 0 0 1 0 0 1 0 0 1</float_array>
          <technique_common>
            <accessor source="#Plane_002-mesh-normals-array" count="135" stride="3">
              <param name="X" type="float"/>
              <param name="Y" type="float"/>
              <param name="Z" type="float"/>
            </accessor>
          </technique_common>
        </source>
        <source id="Plane_002-mesh-map-0">
          <float_array id="Plane_002-mesh-map-0-array" count="9228">0.96875 1 1 0.96875 0.96875 0.96875 0.6170998 0.05202311 0.5575218 0.07671254 0.5575218 0.05202311 0 1 0.03125 1 0.03125 1 1 0 0.96875 0 0.96875 0 1 1 1 0.96875 1 0.96875 0 0 0 0.03125 0 0.03125 0.5 0 0.375 0 0.375 0 0.5 1 0.53125 1 0.53125 1 0.6170998 0.9231492 0.5575218 0.935494 0.5575218 0.9231492 0.375 1 0.5 0.96875 0.375 0.96875 0.125 1 0.25 0.96875 0.125 0.96875 0.3787878 0.9231492 0.2596318 0.935494 0.2596318 0.9231492 0.25 0 0.125 0 0.125 0 0.25 1 0.375 1 0.375 1 0.75 1 0.8125 1 0.8125 1 0.75 0 0.71875 0 0.71875 0 0.7958338 0.9231492 0.7362558 0.935494 0.7362558 0.9231492 0.71875 1 0.75 0.96875 0.71875 0.96875 0.71875 0.5 0.75 0.375 0.71875 0.375 0.7362558 0.3746026 0.7064668 0.4937586 0.7064668 0.3746026 0.1404758 0.3746026 0.2596318 0.4937586 0.1404758 0.4937586 0.125 0.5 0.25 0.375 0.125 0.375 0.375 0.5 0.5 0.375 0.375 0.375 0.4979438 0.3746026 0.3787878 0.4937586 0.3787878 0.3746026 0 0.5 0 0.5625 0 0.5625 1 0.5 1 0.375 1 0.375 0.9396792 0.7022816 0.9149898 0.7320706 0.9149898 0.7022816 0.96875 0.5 1 0.375 0.96875 0.375 0 0.75 0 0.8125 0 0.8125 0.71875 0.75 0.75 0.71875 0.71875 0.71875 0.75 0.5625 0.8125 0.5 0.75 0.5 0.1404758 0.7022816 0.2596318 0.7320706 0.1404758 0.7320706 0.125 0.75 0.25 0.71875 0.125 0.71875 0.375 0.75 0.5 0.71875 0.375 0.71875 0.4979438 0.7022816 0.3787878 0.7320706 0.3787878 0.7022816 1 0.75 1 0.71875 1 0.71875 0.9396792 0.1362906 0.9149898 0.2554466 0.9149898 0.1362906 0.96875 0.75 1 0.71875 0.96875 0.71875 0.3787878 0.7022816 0.2596318 0.7320706 0.2596318 0.7022816 0.25 0.75 0.375 0.71875 0.25 0.71875 0.3787878 0.3746026 0.2596318 0.4937586 0.2596318 0.3746026 0.25 0.5 0.375 0.375 0.25 0.375 0.375 1 0.5 1 0.5 1 0.25 1 0.375 0.96875 0.25 0.96875 0.2596318 0.9231492 0.1404758 0.935494 0.1404758 0.9231492 0.375 0 0.25 0 0.25 0 0.25 0.25 0.375 0.125 0.25 0.125 0.3787878 0.1362906 0.2596318 0.2554466 0.2596318 0.1362906 0.96875 0.25 1 0.125 0.96875 0.125 0.9396792 0.7916486 0.9149898 0.8512266 0.9149898 0.7916486 1 0.25 1 0.125 1 0.125 0.4979438 0.1362906 0.3787878 0.2554466 0.3787878 0.1362906 0.375 0.25 0.5 0.125 0.375 0.125 0.125 0.25 0.25 0.125 0.125 0.125 0.1404758 0.1362906 0.2596318 0.2554466 0.1404758 0.2554466 0.7362558 0.1362906 0.7064668 0.2554466 0.7064668 0.1362906 0.71875 0.25 0.75 0.125 0.71875 0.125 0 0.25 0 0.375 0 0.375 0.3787878 0.7916486 0.2596318 0.8512266 0.2596318 0.7916486 0.25 0.875 0.375 0.8125 0.25 0.8125 0 0.875 0 0.9375 0 0.9375 0.71875 0.875 0.75 0.8125 0.71875 0.8125 0.125 0.5625 0.25 0.5 0.125 0.5 0.1404758 0.7916486 0.2596318 0.8512266 0.1404758 0.8512266 0.125 0.875 0.25 0.8125 0.125 0.8125 0.375 0.875 0.5 0.8125 0.375 0.8125 0.4979438 0.7916486 0.3787878 0.8512266 0.3787878 0.7916486 1 0.875 1 0.8125 1 0.8125 0.9396792 0.07671254 0.9149898 0.1362906 0.9149898 0.07671254 0.96875 0.875 1 0.8125 0.96875 0.8125 0.96875 0.5625 1 0.5 0.96875 0.5 0.5625 0.875 0.625 0.8125 0.5625 0.8125 0.5625 0.25 0.625 0.125 0.5625 0.125 0.6170998 0.1362906 0.5575218 0.2554466 0.5575218 0.1362906 0.3787878 0.4937586 0.2596318 0.5533366 0.2596318 0.4937586 0.5625 0.75 0.625 0.71875 0.5625 0.71875 0.6170998 0.3746026 0.5575218 0.4937586 0.5575218 0.3746026 0.5625 0.5 0.625 0.375 0.5625 0.375 0.5625 1 0.625 0.96875 0.5625 0.96875 0.4979438 0.9231492 0.3787878 0.935494 0.3787878 0.9231492 0.625 0 0.5625 0 0.5625 0 0.625 1 0.6875 1 0.6875 1 0.8125 0.875 0.875 0.8125 0.8125 0.8125 0.8554118 0.7916486 0.7958338 0.8512266 0.7958338 0.7916486 0.8554118 0.1362906 0.7958338 0.2554466 0.7958338 0.1362906 0.8125 0.25 0.875 0.125 0.8125 0.125 0.8125 0.75 0.875 0.71875 0.8125 0.71875 0.8554118 0.7022816 0.7958338 0.7320706 0.7958338 0.7022816 0.8125 0.5 0.875 0.375 0.8125 0.375 0.8554118 0.3746026 0.7958338 0.4937586 0.7958338 0.3746026 0.875 1 0.9375 1 0.9375 1 0.875 0 0.8125 0 0.8125 0 0.9149898 0.9231492 0.8554118 0.935494 0.8554118 0.9231492 0.8125 1 0.875 0.96875 0.8125 0.96875 0.8554118 0.5533366 0.7958338 0.6129146 0.7958338 0.5533366 0.8125 0.625 0.875 0.5625 0.8125 0.5625 0.5625 0.625 0.625 0.5625 0.5625 0.5625 0.04600912 0.4937586 0.02131974 0.5533366 0.02131974 0.4937586 0.25 0.625 0.375 0.5625 0.25 0.5625 0.3787878 0.5533366 0.2596318 0.6129146 0.2596318 0.5533366 0.96875 0.625 1 0.5625 0.96875 0.5625 0.9396792 0.5533366 0.9149898 0.6129146 0.9149898 0.5533366 1 0.625 1 0.5625 1 0.5625 0.4979438 0.5533366 0.3787878 0.6129146 0.3787878 0.5533366 0.375 0.625 0.5 0.5625 0.375 0.5625 0.125 0.625 0.25 0.5625 0.125 0.5625 0.1404758 0.5533366 0.2596318 0.6129146 0.1404758 0.6129146 0.9149898 0.4937586 0.8554118 0.5533366 0.8554118 0.4937586 0.71875 0.625 0.75 0.5625 0.71875 0.5625 0 0.625 0 0.6875 0 0.6875 0.8554118 0.2554466 0.7958338 0.3746026 0.7958338 0.2554466 0.8125 0.375 0.875 0.25 0.8125 0.25 0.5625 0.375 0.625 0.25 0.5625 0.25 0.6170998 0.2554466 0.5575218 0.3746026 0.5575218 0.2554466 0 0.375 0 0.5 0 0.5 0.25 0.375 0.375 0.25 0.25 0.25 0.3787878 0.2554466 0.2596318 0.3746026 0.2596318 0.2554466 0.96875 0.375 1 0.25 0.96875 0.25 0.9396792 0.2554466 0.9149898 0.3746026 0.9149898 0.2554466 1 0.375 1 0.25 1 0.25 0.4979438 0.2554466 0.3787878 0.3746026 0.3787878 0.2554466 0.375 0.375 0.5 0.25 0.375 0.25 0.125 0.375 0.25 0.25 0.125 0.25 0.1404758 0.2554466 0.2596318 0.3746026 0.1404758 0.3746026 0.7362558 0.2554466 0.7064668 0.3746026 0.7064668 0.2554466 0.71875 0.375 0.75 0.25 0.71875 0.25 0.8125 0.125 0.875 0.0625 0.8125 0.0625 0.8554118 0.07671254 0.7958338 0.1362906 0.7958338 0.07671254 0.6170998 0.07671254 0.5575218 0.1362906 0.5575218 0.07671254 0.5625 0.125 0.625 0.0625 0.5625 0.0625 0.71875 0.125 0.75 0.0625 0.71875 0.0625 0.7362558 0.07671254 0.7064668 0.1362906 0.7064668 0.07671254 0.2596318 0.07671254 0.1404758 0.1362906 0.1404758 0.07671254 0.125 0.125 0.25 0.0625 0.125 0.0625 0.375 0.125 0.5 0.0625 0.375 0.0625 0.4979438 0.07671254 0.3787878 0.1362906 0.3787878 0.07671254 1 0.125 1 0.0625 1 0.0625 0.9498785 0.9282489 0.9745678 0.9405936 0.9498784 0.9456932 0.96875 0.125 1 0.0625 0.96875 0.0625 0.3787878 0.07671254 0.2596318 0.1362906 0.2596318 0.07671254 0.25 0.125 0.375 0.0625 0.25 0.0625 0 0.125 0 0.25 0 0.25 0.8554118 0.7320706 0.7958338 0.7916486 0.7958338 0.7320706 0.8125 0.8125 0.875 0.75 0.8125 0.75 0.5625 0.8125 0.625 0.75 0.5625 0.75 0.25 0.5625 0.375 0.5 0.25 0.5 0.96875 0.8125 1 0.75 0.96875 0.75 0.9396792 0.7320706 0.9149898 0.7916486 0.9149898 0.7320706 1 0.8125 1 0.75 1 0.75 0.4979438 0.7320706 0.3787878 0.7916486 0.3787878 0.7320706 0.375 0.8125 0.5 0.75 0.375 0.75 0.125 0.8125 0.25 0.75 0.125 0.75 0.1404758 0.7320706 0.2596318 0.7916486 0.1404758 0.7916486 0.625 0.5625 0.6875 0.5 0.625 0.5 0.71875 0.8125 0.75 0.75 0.71875 0.75 0.25 0.8125 0.375 0.75 0.25 0.75 0.3787878 0.7320706 0.2596318 0.7916486 0.2596318 0.7320706 0 0.8125 0 0.875 0 0.875 0.625 0.8125 0.6875 0.75 0.625 0.75 0.1404758 0.4937586 0.2596318 0.5533366 0.1404758 0.5533366 0.6766778 0.07671254 0.6170998 0.1362906 0.6170998 0.07671254 0.625 0.125 0.6875 0.0625 0.625 0.0625 0.625 0.375 0.6875 0.25 0.625 0.25 0.6766778 0.2554466 0.6170998 0.3746026 0.6170998 0.2554466 0.625 0.625 0.6875 0.5625 0.625 0.5625 0.875 0.5625 0.9375 0.5 0.875 0.5 0.6875 1 0.71875 1 0.71875 1 0.4979438 0.4937586 0.3787878 0.5533366 0.3787878 0.4937586 0.625 0.875 0.6875 0.8125 0.625 0.8125 0.625 0.25 0.6875 0.125 0.625 0.125 0.6766778 0.1362906 0.6170998 0.2554466 0.6170998 0.1362906 0.1404758 0.4937586 0.08089774 0.5533366 0.08089774 0.4937586 0.625 0.75 0.6875 0.71875 0.625 0.71875 0.6766778 0.3746026 0.6170998 0.4937586 0.6170998 0.3746026 0.625 0.5 0.6875 0.375 0.625 0.375 0.625 1 0.6875 0.96875 0.625 0.96875 0.6766778 0.9231492 0.6170998 0.935494 0.6170998 0.9231492 0.6875 0 0.625 0 0.625 0 0.75 0.8125 0.8125 0.75 0.75 0.75 0.7958338 0.7320706 0.7362558 0.7916486 0.7362558 0.7320706 0.7958338 0.07671254 0.7362558 0.1362906 0.7362558 0.07671254 0.75 0.125 0.8125 0.0625 0.75 0.0625 0.75 0.375 0.8125 0.25 0.75 0.25 0.7958338 0.2554466 0.7362558 0.3746026 0.7362558 0.2554466 0.75 0.625 0.8125 0.5625 0.75 0.5625 0.7958338 0.5533366 0.7362558 0.6129146 0.7362558 0.5533366 0.75 1 0.8125 0.96875 0.75 0.96875 0.7362558 0.9231492 0.7064668 0.935494 0.7064668 0.9231492 0.8125 0 0.75 0 0.75 0 0.7958338 0.3746026 0.7362558 0.4937586 0.7362558 0.3746026 0.75 0.5 0.8125 0.375 0.75 0.375 0.7958338 0.7022816 0.7362558 0.7320706 0.7362558 0.7022816 0.75 0.75 0.8125 0.71875 0.75 0.71875 0.75 0.25 0.8125 0.125 0.75 0.125 0.7958338 0.1362906 0.7362558 0.2554466 0.7362558 0.1362906 0.7958338 0.7916486 0.7362558 0.8512266 0.7362558 0.7916486 0.75 0.875 0.8125 0.8125 0.75 0.8125 0.8125 1 0.875 1 0.875 1 0.1404758 0.7320706 0.08089774 0.7916486 0.08089774 0.7320706 0.0625 0.8125 0.125 0.75 0.0625 0.75 0.0625 0.125 0.125 0.0625 0.0625 0.0625 0.1404758 0.07671254 0.08089774 0.1362906 0.08089774 0.07671254 0.1404758 0.2554466 0.08089774 0.3746026 0.08089774 0.2554466 0.0625 0.375 0.125 0.25 0.0625 0.25 0.1404758 0.5533366 0.08089774 0.6129146 0.08089774 0.5533366 0.0625 0.625 0.125 0.5625 0.0625 0.5625 0.0625 0.875 0.125 0.8125 0.0625 0.8125 0.1404758 0.7916486 0.08089774 0.8512266 0.08089774 0.7916486 0.1404758 0.1362906 0.08089774 0.2554466 0.08089774 0.1362906 0.0625 0.25 0.125 0.125 0.0625 0.125 0.0625 0.75 0.125 0.71875 0.0625 0.71875 0.1404758 0.7022816 0.08089774 0.7320706 0.08089774 0.7022816 0.0625 0.5 0.125 0.375 0.0625 0.375 0.1404758 0.3746026 0.08089774 0.4937586 0.08089774 0.3746026 0.125 0 0.0625 0 0.0625 0 0.1404758 0.9231492 0.08089774 0.935494 0.08089774 0.9231492 0.0625 1 0.125 0.96875 0.0625 0.96875 0.125 1 0.25 1 0.25 1 0.03125 1 0.0625 0.96875 0.03125 0.96875 0.08089774 0.9231492 0.05620831 0.935494 0.05620831 0.9231492 0.0625 0 0.03125 0 0.03125 0 0.04600912 0.7022816 0.02131974 0.7320706 0.02131974 0.7022816 0.03125 0.5 0.0625 0.375 0.03125 0.375 0.04600912 0.1362906 0.02131974 0.2554466 0.02131974 0.1362906 0.03125 0.75 0.0625 0.71875 0.03125 0.71875 0.03125 0.25 0.0625 0.125 0.03125 0.125 0.04600912 0.7916486 0.02131974 0.8512266 0.02131974 0.7916486 0.04600912 0.07671254 0.02131974 0.1362906 0.02131974 0.07671254 0.03125 0.875 0.0625 0.8125 0.03125 0.8125 0.03125 0.625 0.0625 0.5625 0.03125 0.5625 0.04600912 0.5533366 0.02131974 0.6129146 0.02131974 0.5533366 0.03125 0.375 0.0625 0.25 0.03125 0.25 0.04600912 0.2554466 0.02131974 0.3746026 0.02131974 0.2554466 0.04600912 0.9282489 0.02131974 0.9405936 0.02131974 0.9256991 0.03125 0.125 0.0625 0.0625 0.03125 0.0625 0.03125 0.8125 0.0625 0.75 0.03125 0.75 0.04600912 0.7320706 0.02131974 0.7916486 0.02131974 0.7320706 0.0625 1 0.125 1 0.125 1 0.04600912 0.8512266 0.02131974 0.9108046 0.02131974 0.8512266 0.03125 0.9375 0.0625 0.875 0.03125 0.875 0.0625 0.9375 0.125 0.875 0.0625 0.875 0.1404758 0.8512266 0.08089774 0.9108046 0.08089774 0.8512266 0.7958338 0.8512266 0.7362558 0.9108046 0.7362558 0.8512266 0.75 0.9375 0.8125 0.875 0.75 0.875 1 0.5625 1 0.5 1 0.5 0.625 0.9375 0.6875 0.875 0.625 0.875 0.8125 0.9375 0.875 0.875 0.8125 0.875 0.8554118 0.8512266 0.7958338 0.9108046 0.7958338 0.8512266 0.9396792 0.4937586 0.9149898 0.5533366 0.9149898 0.4937586 0.5625 0.9375 0.625 0.875 0.5625 0.875 0 0.9375 0 0.953125 0 0.953125 0.3787878 0.8512266 0.2596318 0.9108046 0.2596318 0.8512266 0.25 0.9375 0.375 0.875 0.25 0.875 0.71875 0.9375 0.75 0.875 0.71875 0.875 0.03125 0.5625 0.0625 0.5 0.03125 0.5 0.1404758 0.8512266 0.2596318 0.9108046 0.1404758 0.9108046 0.125 0.9375 0.25 0.875 0.125 0.875 0.375 0.9375 0.5 0.875 0.375 0.875 0.4979438 0.8512266 0.3787878 0.9108046 0.3787878 0.8512266 1 0.9375 1 0.875 1 0.875 0.9396792 0.8512266 0.9149898 0.9108046 0.9149898 0.8512266 0.96875 0.9375 1 0.875 0.96875 0.875 0.875 0.9375 0.9375 0.875 0.875 0.875 0.9149898 0.8512266 0.8554118 0.9108046 0.8554118 0.8512266 0.9149898 0.7320706 0.8554118 0.7916486 0.8554118 0.7320706 0.875 0.8125 0.9375 0.75 0.875 0.75 0.875 0.125 0.9375 0.0625 0.875 0.0625 0.9149898 0.07671254 0.8554118 0.1362906 0.8554118 0.07671254 0.9149898 0.2554466 0.8554118 0.3746026 0.8554118 0.2554466 0.875 0.375 0.9375 0.25 0.875 0.25 0.9149898 0.5533366 0.8554118 0.6129146 0.8554118 0.5533366 0.875 0.625 0.9375 0.5625 0.875 0.5625 0.9375 1 0.96875 1 0.96875 1 0.875 0.875 0.9375 0.8125 0.875 0.8125 0.9149898 0.7916486 0.8554118 0.8512266 0.8554118 0.7916486 0.9149898 0.1362906 0.8554118 0.2554466 0.8554118 0.1362906 0.875 0.25 0.9375 0.125 0.875 0.125 0.875 0.75 0.9375 0.71875 0.875 0.71875 0.9149898 0.7022816 0.8554118 0.7320706 0.8554118 0.7022816 0.875 0.5 0.9375 0.375 0.875 0.375 0.9149898 0.3746026 0.8554118 0.4937586 0.8554118 0.3746026 0.9375 0 0.875 0 0.875 0 0.8554118 0.9231492 0.7958338 0.935494 0.7958338 0.9231492 0.875 1 0.9375 0.96875 0.875 0.96875 0.1404758 0.05202311 0.08089774 0.07671254 0.08089774 0.05202317 0.875 0.0625 0.9375 0.03125 0.875 0.03125 0.03125 0.0625 0.0625 0.03125 0.03125 0.03125 0.05110871 0.01713454 0.08089774 0.04182398 0.04600912 0.04182398 0.1404758 0.01713454 0.08089774 0.04182398 0.08089774 0.01713454 0.0625 0.0625 0.125 0.03125 0.0625 0.03125 0.75 0.0625 0.8125 0.03125 0.75 0.03125 0.6766778 0.05202311 0.6170998 0.07671254 0.6170998 0.05202317 0.625 0.0625 0.6875 0.03125 0.625 0.03125 0.6766778 0.01713454 0.6170998 0.04182398 0.6170998 0.01713454 0.25 0.0625 0.375 0.03125 0.25 0.03125 0.7362558 0.05202311 0.7064668 0.07671254 0.7064668 0.05202311 0.96875 0.0625 1 0.03125 0.96875 0.03125 0.9498784 0.9456933 0.9745678 0.9703826 0.9447788 0.9703826 1 0.0625 1 0.03125 1 0.03125 0.6170998 0.01713454 0.5575218 0.04182398 0.5575218 0.01713454 0.375 0.0625 0.5 0.03125 0.375 0.03125 0.125 0.0625 0.25 0.03125 0.125 0.03125 0.3787878 0.01713454 0.2596318 0.04182398 0.2596318 0.01713454 0.7958338 0.01713454 0.7362558 0.04182398 0.7362558 0.01713454 0.71875 0.0625 0.75 0.03125 0.71875 0.03125 0.5625 0.0625 0.625 0.03125 0.5625 0.03125 0.4979438 0.01713454 0.3787878 0.04182398 0.3787878 0.01713454 0.9149898 0.01713454 0.8554118 0.04182398 0.8554118 0.01713454 0.8125 0.0625 0.875 0.03125 0.8125 0.03125 0 0.0625 0 0.125 0 0.125 0.875 0.96875 0.9375 0.953125 0.875 0.953125 0.1404758 0.9456931 0.08089774 0.9703826 0.08089774 0.9456932 0 0.96875 0 1 0 1 0.9149898 0.9456932 0.9447788 0.9703826 0.9149898 0.9703826 0.03125 0.96875 0.0625 0.953125 0.03125 0.953125 0.0625 0.96875 0.125 0.953125 0.0625 0.953125 0.08089774 0.9456931 0.05110871 0.9703826 0.04600912 0.9456931 0.6766778 0.9456931 0.6170998 0.9703826 0.6170998 0.9456932 0.75 0.96875 0.8125 0.953125 0.75 0.953125 0.9149898 0.9456931 0.8554118 0.9703826 0.8554118 0.9456932 0.625 0.96875 0.6875 0.953125 0.625 0.953125 0.8125 0.96875 0.875 0.953125 0.8125 0.953125 0.8554118 0.9456931 0.7958338 0.9703826 0.7958338 0.9456932 0.3787878 0.9456931 0.2596318 0.9703826 0.2596318 0.9456932 0.5625 0.96875 0.625 0.953125 0.5625 0.953125 0.7958338 0.9456931 0.7362558 0.9703826 0.7362558 0.9456932 0.25 0.96875 0.375 0.953125 0.25 0.953125 0.71875 0.96875 0.75 0.953125 0.71875 0.953125 0.7362558 0.9456931 0.7064668 0.9703826 0.7064668 0.9456931 0.2596318 0.9456931 0.1404758 0.9703826 0.1404758 0.9456932 0.125 0.96875 0.25 0.953125 0.125 0.953125 0.375 0.96875 0.5 0.953125 0.375 0.953125 0.4979437 0.9456931 0.3787878 0.9703826 0.3787878 0.9456932 1 0.96875 1 0.953125 1 0.953125 0.9396792 0.05202311 0.9149898 0.07671254 0.9149898 0.05202317 0.96875 0.96875 1 0.953125 0.96875 0.953125 0.9375 0.96875 0.96875 0.953125 0.9375 0.953125 0.9396792 0.3746026 0.9149898 0.4937586 0.9149898 0.3746026 0.9745678 0.04692357 0.9498784 0.07671254 0.9498783 0.04182398 0.9375 0.0625 0.96875 0.03125 0.9375 0.03125 0.96875 1 1 1 1 1 0.9375 0.9375 0.96875 0.875 0.9375 0.875 0.9745678 0.7916486 0.9498784 0.8512266 0.9498784 0.7916486 0.9745678 0.7022816 0.9498784 0.7320706 0.9498784 0.7022816 0.9375 0.8125 0.96875 0.75 0.9375 0.75 0.9375 0.125 0.96875 0.0625 0.9375 0.0625 0.9745678 0.07671254 0.9498784 0.1362906 0.9498784 0.07671254 0.9745678 0.1362906 0.9498784 0.2554466 0.9498784 0.1362906 0.9375 0.375 0.96875 0.25 0.9375 0.25 0.9745678 0.3746026 0.9498784 0.4937586 0.9498784 0.3746026 0.9375 0.625 0.96875 0.5625 0.9375 0.5625 0.9375 0.875 0.96875 0.8125 0.9375 0.8125 0.9745678 0.8512266 0.9498784 0.9108046 0.9498784 0.8512266 0.9745678 0.2554466 0.9498784 0.3746026 0.9498784 0.2554466 0.9375 0.25 0.96875 0.125 0.9375 0.125 0.9375 0.75 0.96875 0.71875 0.9375 0.71875 0.9745678 0.7320706 0.9498784 0.7916486 0.9498784 0.7320706 0.9375 0.5 0.96875 0.375 0.9375 0.375 0.9745678 0.5533366 0.9498784 0.6129146 0.9498784 0.5533366 0.96875 0 0.9375 0 0.9375 0 0.9396793 0.9231492 0.9149898 0.935494 0.9149898 0.9231492 0.9375 1 0.96875 0.96875 0.9375 0.96875 0.9375 0.03125 0.96875 0 0.9375 0 0.9745678 0.01713454 0.9498784 0.04182398 0.9447788 0.01713454 0.8125 0.03125 0.875 0 0.8125 0 0.9149898 0.05202311 0.8554118 0.07671254 0.8554118 0.05202317 0.2596318 0.05202311 0.1404758 0.07671254 0.1404758 0.05202317 0.5625 0.03125 0.625 0 0.5625 0 0.71875 0.03125 0.75 0 0.71875 0 0.7958338 0.05202311 0.7362558 0.07671254 0.7362558 0.05202317 0.3787878 0.05202311 0.2596318 0.07671254 0.2596318 0.05202317 0.125 0.03125 0.25 0 0.125 0 0.375 0.03125 0.5 0 0.375 0 0.4979437 0.05202311 0.3787878 0.07671254 0.3787878 0.05202317 1 0.03125 1 0 1 0 0.04600912 0.3746026 0.02131974 0.4937586 0.02131974 0.3746026 0.96875 0.03125 1 0 0.96875 0 0.2596318 0.01713454 0.1404758 0.04182398 0.1404758 0.01713454 0.25 0.03125 0.375 0 0.25 0 0.8554118 0.05202311 0.7958338 0.07671254 0.7958338 0.05202317 0.625 0.03125 0.6875 0 0.625 0 0.7362558 0.01713454 0.7064668 0.04182398 0.7064668 0.01713454 0.75 0.03125 0.8125 0 0.75 0 0.0625 0.03125 0.125 0 0.0625 0 0.08089774 0.05202311 0.05620831 0.07671254 0.05620837 0.05202317 0.9447788 0.01713454 0.9149898 0.04182398 0.9149898 0.01713454 0.03125 0.03125 0.0625 0 0.03125 0 0.875 0.03125 0.9375 0 0.875 0 0.8554118 0.01713454 0.7958338 0.04182398 0.7958338 0.01713454 0 0.03125 0 0.0625 0 0.0625 0 0.03125 0.03125 0 0 0 0 0.96875 0.03125 0.953125 0 0.953125 0.02131974 0.04692357 0.04600912 0.07671254 0.02131974 0.07671254 0.04600912 0.9456932 0.02131974 0.9703826 0.02131974 0.9405936 0 0.0625 0.03125 0.03125 0 0.03125 0 0.9375 0.03125 0.875 0 0.875 0.08089774 0.7916486 0.05620831 0.8512266 0.05620831 0.7916486 0.08089774 0.7022816 0.05620831 0.7320706 0.05620831 0.7022816 0 0.8125 0.03125 0.75 0 0.75 0 0.125 0.03125 0.0625 0 0.0625 0.08089774 0.07671254 0.05620831 0.1362906 0.05620831 0.07671254 0.08089774 0.1362906 0.05620831 0.2554466 0.05620831 0.1362906 0 0.375 0.03125 0.25 0 0.25 0.08089774 0.3746026 0.05620831 0.4937586 0.05620831 0.3746026 0 0.625 0.03125 0.5625 0 0.5625 0 0.875 0.03125 0.8125 0 0.8125 0.08089774 0.8512266 0.05620831 0.9108046 0.05620831 0.8512266 0.08089774 0.2554466 0.05620831 0.3746026 0.05620831 0.2554466 0 0.25 0.03125 0.125 0 0.125 0 0.75 0.03125 0.71875 0 0.71875 0.08089774 0.7320706 0.05620831 0.7916486 0.05620831 0.7320706 0 0.5 0.03125 0.375 0 0.375 0.08089774 0.5533366 0.05620831 0.6129146 0.05620831 0.5533366 0.03125 0 0 0 0 0 0.02131974 0.01713454 0.04600912 0.04182392 0.02131974 0.04692357 0 1 0.03125 0.96875 0 0.96875 0.03125 1 0.0625 1 0.0625 1 0.8554118 0.9456932 0.9149898 0.935494 0.9149898 0.9456931 0.08089774 0.9456932 0.1404758 0.935494 0.1404758 0.9456931 0.7362558 0.9456932 0.7958338 0.935494 0.7958338 0.9456931 0.6170998 0.9456932 0.6766778 0.935494 0.6766778 0.9456931 0.7958338 0.9456932 0.8554118 0.935494 0.8554118 0.9456931 0.4979438 0.9456932 0.5277327 0.935494 0.5277327 0.9456931 0.2596318 0.9456932 0.3787878 0.935494 0.3787878 0.9456931 0.6766778 0.9456932 0.7064668 0.935494 0.7064668 0.9456931 0.1404758 0.9456932 0.2596318 0.935494 0.2596318 0.9456931 0.3787878 0.9456932 0.4979438 0.935494 0.4979437 0.9456931 0.9149898 0.9456932 0.9396792 0.935494 0.9498783 0.9456931 0.9498785 0.9282489 0.9396792 0.935494 0.9396793 0.9231492 0.9498784 0.07671254 0.9396792 0.05202311 0.9498783 0.04182398 0.9498784 0.9108046 0.9396792 0.8512266 0.9498784 0.8512266 0.9498784 0.7916486 0.9396792 0.7320706 0.9498784 0.7320706 0.9498784 0.1362906 0.9396792 0.07671254 0.9498784 0.07671254 0.9498784 0.3746026 0.9396792 0.2554466 0.9498784 0.2554466 0.9498784 0.6129146 0.9396792 0.5533366 0.9498784 0.5533366 0.9498784 0.8512266 0.9396792 0.7916486 0.9498784 0.7916486 0.9498784 0.2554466 0.9396792 0.1362906 0.9498784 0.1362906 0.9498784 0.7320706 0.9396792 0.7022816 0.9498784 0.7022816 0.9498784 0.4937586 0.9396792 0.3746026 0.9498784 0.3746026 0.9396792 0.05202311 0.9149898 0.04182398 0.9498783 0.04182398 0.7958338 0.05202317 0.8554118 0.04182398 0.8554118 0.05202311 0.4979438 0.05202317 0.5277327 0.04182398 0.5277327 0.05202311 0.6766778 0.05202317 0.7064668 0.04182398 0.7064668 0.05202311 0.1404758 0.05202317 0.2596318 0.04182398 0.2596318 0.05202311 0.3787878 0.05202317 0.4979438 0.04182398 0.4979437 0.05202311 0.2596318 0.05202317 0.3787878 0.04182398 0.3787878 0.05202311 0.6170998 0.05202317 0.6766778 0.04182398 0.6766778 0.05202311 0.7362558 0.05202317 0.7958338 0.04182398 0.7958338 0.05202311 0.08089774 0.05202317 0.1404758 0.04182398 0.1404758 0.05202311 0.8554118 0.05202317 0.9149898 0.04182398 0.9149898 0.05202311 0.08089774 0.9456931 0.05620831 0.935494 0.08089774 0.935494 0.05620837 0.05202317 0.08089774 0.04182398 0.08089774 0.05202311 0.05620831 0.935494 0.04600912 0.9282489 0.05620831 0.9231492 0.05620837 0.05202317 0.04600912 0.07671254 0.04600912 0.04182398 0.05620831 0.9108046 0.04600912 0.8512266 0.05620831 0.8512266 0.05620831 0.7916486 0.04600912 0.7320706 0.05620831 0.7320706 0.05620831 0.1362906 0.04600912 0.07671254 0.05620831 0.07671254 0.05620831 0.3746026 0.04600912 0.2554466 0.05620831 0.2554466 0.05620831 0.6129146 0.04600912 0.5533366 0.05620831 0.5533366 0.05620831 0.8512266 0.04600912 0.7916486 0.05620831 0.7916486 0.05620831 0.2554466 0.04600912 0.1362906 0.05620831 0.1362906 0.05620831 0.7320706 0.04600912 0.7022816 0.05620831 0.7022816 0.05620831 0.4937586 0.04600912 0.3746026 0.05620831 0.3746026 0.6170998 0.9456931 0.5575218 0.9703826 0.5575218 0.9456931 0.5575218 0.9456931 0.5277327 0.9703826 0.5277327 0.9456931 0.5575218 0.05202311 0.6170998 0.04182398 0.6170998 0.05202311 0.5575218 0.9456931 0.6170998 0.935494 0.6170998 0.9456931 0.53125 0.03125 0.5625 0 0.53125 0 0.53125 0.96875 0.5625 0.953125 0.53125 0.953125 0.53125 0.0625 0.5625 0.03125 0.53125 0.03125 0.5575218 0.01713454 0.5277327 0.04182398 0.5277327 0.01713454 0.53125 0.9375 0.5625 0.875 0.53125 0.875 0.53125 0.8125 0.5625 0.75 0.53125 0.75 0.53125 0.125 0.5625 0.0625 0.53125 0.0625 0.5575218 0.07671254 0.5277327 0.1362906 0.5277327 0.07671254 0.5575218 0.2554466 0.5277327 0.3746026 0.5277327 0.2554466 0.53125 0.375 0.5625 0.25 0.53125 0.25 0.53125 0.625 0.5625 0.5625 0.53125 0.5625 0.5625 0 0.53125 0 0.53125 0 0.53125 1 0.5625 0.96875 0.53125 0.96875 0.53125 0.5 0.5625 0.375 0.53125 0.375 0.5575218 0.3746026 0.5277327 0.4937586 0.5277327 0.3746026 0.53125 0.75 0.5625 0.71875 0.53125 0.71875 0.5575218 0.1362906 0.5277327 0.2554466 0.5277327 0.1362906 0.53125 0.25 0.5625 0.125 0.53125 0.125 0.53125 0.875 0.5625 0.8125 0.53125 0.8125 0.5575218 0.9231492 0.5277327 0.935494 0.5277327 0.9231492 0.5625 1 0.625 1 0.625 1 0.5575218 0.05202311 0.5277327 0.07671254 0.5277327 0.05202311 0.53125 0.6875 0.5625 0.625 0.53125 0.625 0.05620831 0.6724926 0.04600912 0.6129146 0.05620831 0.6129146 0.9498784 0.6724926 0.9396792 0.6129146 0.9498784 0.6129146 0 0.6875 0.03125 0.625 0 0.625 0.08089774 0.6129146 0.05620831 0.6724926 0.05620831 0.6129146 0.9375 0.6875 0.96875 0.625 0.9375 0.625 0.9745678 0.6129146 0.9498784 0.6724926 0.9498784 0.6129146 0.9149898 0.6129146 0.8554118 0.6724926 0.8554118 0.6129146 0.875 0.6875 0.9375 0.625 0.875 0.625 0.03125 0.6875 0.0625 0.625 0.03125 0.625 0.04600912 0.6129146 0.02131974 0.6724926 0.02131974 0.6129146 0.1404758 0.6129146 0.08089774 0.6724926 0.08089774 0.6129146 0.0625 0.6875 0.125 0.625 0.0625 0.625 0.75 0.6875 0.8125 0.625 0.75 0.625 0.7958338 0.6129146 0.7362558 0.6724926 0.7362558 0.6129146 0.625 0.6875 0.6875 0.625 0.625 0.625 0.9375 0.5625 0.96875 0.5 0.9375 0.5 0 0.6875 0 0.71875 0 0.71875 0.8554118 0.6129146 0.7958338 0.6724926 0.7958338 0.6129146 0.8125 0.6875 0.875 0.625 0.8125 0.625 0.5625 0.6875 0.625 0.625 0.5625 0.625 0.9745678 0.4937586 0.9498784 0.5533366 0.9498784 0.4937586 0.25 0.6875 0.375 0.625 0.25 0.625 0.3787878 0.6129146 0.2596318 0.6724926 0.2596318 0.6129146 0.96875 0.6875 1 0.625 0.96875 0.625 1 0.6875 1 0.625 1 0.625 0.4979438 0.6129146 0.3787878 0.6724926 0.3787878 0.6129146 0.375 0.6875 0.5 0.625 0.375 0.625 0.125 0.6875 0.25 0.625 0.125 0.625 0.1404758 0.6129146 0.2596318 0.6724926 0.1404758 0.6724926 0 0.5625 0.03125 0.5 0 0.5 0.71875 0.6875 0.75 0.625 0.71875 0.625 0.9396792 0.6129146 0.9149898 0.6724926 0.9149898 0.6129146 0 0.71875 0 0.75 0 0.75 0.53125 0.71875 0.5625 0.6875 0.53125 0.6875 0.05620831 0.7022816 0.04600912 0.6724926 0.05620831 0.6724926 0.9498784 0.7022816 0.9396792 0.6724926 0.9498784 0.6724926 0 0.71875 0.03125 0.6875 0 0.6875 0.08089774 0.6724926 0.05620831 0.7022816 0.05620831 0.6724926 0.9375 0.71875 0.96875 0.6875 0.9375 0.6875 0.9745678 0.6724926 0.9498784 0.7022816 0.9498784 0.6724926 0.9149898 0.6724926 0.8554118 0.7022816 0.8554118 0.6724926 0.875 0.71875 0.9375 0.6875 0.875 0.6875 0.03125 0.71875 0.0625 0.6875 0.03125 0.6875 0.04600912 0.6724926 0.02131974 0.7022816 0.02131974 0.6724926 0.1404758 0.6724926 0.08089774 0.7022816 0.08089774 0.6724926 0.0625 0.71875 0.125 0.6875 0.0625 0.6875 0.75 0.71875 0.8125 0.6875 0.75 0.6875 0.7958338 0.6724926 0.7362558 0.7022816 0.7362558 0.6724926 0.625 0.71875 0.6875 0.6875 0.625 0.6875 0.08089774 0.4937586 0.05620831 0.5533366 0.05620831 0.4937586 0.8554118 0.6724926 0.7958338 0.7022816 0.7958338 0.6724926 0.8125 0.71875 0.875 0.6875 0.8125 0.6875 0.5625 0.71875 0.625 0.6875 0.5625 0.6875 0.9498784 0.5533366 0.9396792 0.4937586 0.9498784 0.4937586 0.25 0.71875 0.375 0.6875 0.25 0.6875 0.3787878 0.6724926 0.2596318 0.7022816 0.2596318 0.6724926 0.96875 0.71875 1 0.6875 0.96875 0.6875 1 0.71875 1 0.6875 1 0.6875 0.4979438 0.6724926 0.3787878 0.7022816 0.3787878 0.6724926 0.375 0.71875 0.5 0.6875 0.375 0.6875 0.125 0.71875 0.25 0.6875 0.125 0.6875 0.1404758 0.6724926 0.2596318 0.7022816 0.1404758 0.7022816 0.05620831 0.5533366 0.04600912 0.4937586 0.05620831 0.4937586 0.71875 0.71875 0.75 0.6875 0.71875 0.6875 0.9396792 0.6724926 0.9149898 0.7022816 0.9149898 0.6724926 0.6875 0.71875 0.71875 0.6875 0.6875 0.6875 0.6875 0.6875 0.71875 0.625 0.6875 0.625 0.53125 0.5625 0.5625 0.5 0.53125 0.5 0.7064668 0.05202311 0.7362558 0.04182398 0.7362558 0.05202311 0.7064668 0.9456931 0.7362558 0.935494 0.7362558 0.9456931 0.7064668 0.01713454 0.6766778 0.04182398 0.6766778 0.01713454 0.6875 0.03125 0.71875 0 0.6875 0 0.7064668 0.9456931 0.6766778 0.9703826 0.6766778 0.9456932 0.6875 0.96875 0.71875 0.953125 0.6875 0.953125 0.6875 0.0625 0.71875 0.03125 0.6875 0.03125 0.7064668 0.05202311 0.6766778 0.07671254 0.6766778 0.05202317 0.0625 0.5625 0.125 0.5 0.0625 0.5 0.6875 0.9375 0.71875 0.875 0.6875 0.875 0.7064668 0.9231492 0.6766778 0.935494 0.6766778 0.9231492 0.71875 1 0.75 1 0.75 1 0.6875 0.8125 0.71875 0.75 0.6875 0.75 0.71875 0.5625 0.75 0.5 0.71875 0.5 0.7064668 0.07671254 0.6766778 0.1362906 0.6766778 0.07671254 0.6875 0.125 0.71875 0.0625 0.6875 0.0625 0.6875 0.375 0.71875 0.25 0.6875 0.25 0.7064668 0.2554466 0.6766778 0.3746026 0.6766778 0.2554466 0.6875 0.625 0.71875 0.5625 0.6875 0.5625 0.6875 0.5625 0.71875 0.5 0.6875 0.5 0.375 0.5625 0.5 0.5 0.375 0.5 0.6875 0.875 0.71875 0.8125 0.6875 0.8125 0.6875 0.25 0.71875 0.125 0.6875 0.125 0.7064668 0.1362906 0.6766778 0.2554466 0.6766778 0.1362906 0.7958338 0.4937586 0.7362558 0.5533366 0.7362558 0.4937586 0.6875 0.75 0.71875 0.71875 0.6875 0.71875 0.7064668 0.3746026 0.6766778 0.4937586 0.6766778 0.3746026 0.6875 0.5 0.71875 0.375 0.6875 0.375 0.6875 1 0.71875 0.96875 0.6875 0.96875 0.71875 0 0.6875 0 0.6875 0 0.5625 0.5625 0.625 0.5 0.5625 0.5 0.8125 0.5625 0.875 0.5 0.8125 0.5 0.8554118 0.4937586 0.7958338 0.5533366 0.7958338 0.4937586 0 0.5625 0 0.625 0 0.625 0.5 0.5625 0.53125 0.5 0.5 0.5 0.5277327 0.4937586 0.4979438 0.5533366 0.4979438 0.4937586 0.5 0.71875 0.53125 0.6875 0.5 0.6875 0.5277327 0.6724926 0.4979438 0.7022816 0.4979438 0.6724926 0.5 0.6875 0.53125 0.625 0.5 0.625 0.5277327 0.6129146 0.4979438 0.6724926 0.4979438 0.6129146 0.5277327 0.05202311 0.4979438 0.07671254 0.4979438 0.05202317 0.5277327 0.9231492 0.4979437 0.935494 0.4979438 0.9231492 0.5277327 0.7916486 0.4979438 0.8512266 0.4979438 0.7916486 0.5 0.875 0.53125 0.8125 0.5 0.8125 0.5 0.25 0.53125 0.125 0.5 0.125 0.5277327 0.1362906 0.4979438 0.2554466 0.4979438 0.1362906 0.4979438 0.7022816 0.5277327 0.7320706 0.4979438 0.7320706 0.5 0.75 0.53125 0.71875 0.5 0.71875 0.5277327 0.3746026 0.4979438 0.4937586 0.4979438 0.3746026 0.5 0.5 0.53125 0.375 0.5 0.375 0.5 1 0.53125 0.96875 0.5 0.96875 0.53125 0 0.5 0 0.5 0 0.5 0.625 0.53125 0.5625 0.5 0.5625 0.5277327 0.5533366 0.4979438 0.6129146 0.4979438 0.5533366 0.5 0.375 0.53125 0.25 0.5 0.25 0.5277327 0.2554466 0.4979438 0.3746026 0.4979438 0.2554466 0.5277327 0.07671254 0.4979438 0.1362906 0.4979438 0.07671254 0.5 0.125 0.53125 0.0625 0.5 0.0625 0.5 0.8125 0.53125 0.75 0.5 0.75 0.5277327 0.7320706 0.4979438 0.7916486 0.4979438 0.7320706 0.5277327 0.8512266 0.4979438 0.9108046 0.4979438 0.8512266 0.5 0.9375 0.53125 0.875 0.5 0.875 0.5277327 0.01713454 0.4979437 0.04182398 0.4979438 0.01713454 0.5 0.0625 0.53125 0.03125 0.5 0.03125 0.5 0.96875 0.53125 0.953125 0.5 0.953125 0.5 0.03125 0.53125 0 0.5 0 0.5277327 0.9456931 0.4979438 0.9703826 0.4979438 0.9456932 0.5277327 0.05202311 0.5575218 0.04182398 0.5575218 0.05202311 0.5277327 0.9456931 0.5575218 0.935494 0.5575218 0.9456931 0.53125 1 0.5625 1 0.5625 1 0.5277327 0.7320706 0.5277327 0.7022816 0.5277327 0.7320706 0.5277327 0.8512266 0.5277327 0.7916486 0.5277327 0.8512266 0.5277327 0.9108046 0.5277327 0.8512266 0.5277327 0.9108046 0.5277327 0.7916486 0.5277327 0.7320706 0.5277327 0.7916486 0.5277327 0.9108046 0.5277327 0.8512266 0.5277327 0.9108046 0.5277327 0.7320706 0.5277327 0.7022816 0.5277327 0.7320706 0.5277327 0.7916486 0.5277327 0.7320706 0.5277327 0.7916486 0.5277327 0.8512266 0.5277327 0.7916486 0.5277327 0.8512266 0.5277327 0.8512266 0.5277327 0.7916486 0.5277327 0.8512266 0.5277327 0.9108046 0.5277327 0.8512266 0.5277327 0.9108046 0.5277327 0.7320706 0.5277327 0.7022816 0.5277327 0.7320706 0.5277327 0.7916486 0.5277327 0.7320706 0.5277327 0.7916486 0.5277327 0.7916486 0.5277327 0.7320706 0.5277327 0.7916486 0.5277327 0.8512266 0.5277327 0.7916486 0.5277327 0.8512266 0.5277327 0.9108046 0.5277327 0.8512266 0.5277327 0.9108046 0.5277327 0.7320706 0.5277327 0.7022816 0.5277327 0.7320706 0.5277327 0.7916486 0.5277327 0.7320706 0.5277327 0.7916486 0.5277327 0.8512266 0.5277327 0.7916486 0.5277327 0.8512266 0.5277327 0.9108046 0.5277327 0.8512266 0.5277327 0.9108046 0.5277327 0.7320706 0.5277327 0.7022816 0.5277327 0.7320706 0.5277327 0.7916486 0.5277327 0.7320706 0.5277327 0.7916486 0.5277327 0.8512266 0.5277327 0.7916486 0.5277327 0.8512266 0.5277327 0.9108046 0.5277327 0.8512266 0.5277327 0.9108046 0.5277327 0.7320706 0.5277327 0.7022816 0.5277327 0.7320706 0.5277327 0.7916486 0.5277327 0.7320706 0.5277327 0.7916486 0.5277327 0.8512266 0.5277327 0.7916486 0.5277327 0.8512266 0.5277327 0.9108046 0.5277327 0.8512266 0.5277327 0.9108046 0.5277327 0.7320706 0.5277327 0.7022816 0.5277327 0.7320706 0.5277327 0.7916486 0.5277327 0.7320706 0.5277327 0.7916486 0.5277327 0.8512266 0.5277327 0.7916486 0.5277327 0.8512266 0.5277327 0.9108046 0.5277327 0.8512266 0.5277327 0.9108046 0.5277327 0.7320706 0.5277327 0.7022816 0.5277327 0.7320706 0.5277327 0.7320706 0.5277327 0.7022816 0.5277327 0.7320706 0.5277327 0.7916486 0.5277327 0.7320706 0.5277327 0.7916486 0.5277327 0.8512266 0.5277327 0.7916486 0.5277327 0.8512266 0.5277327 0.9108046 0.5277327 0.8512266 0.5277327 0.9108046 0.5277327 0.9108046 0.5277327 0.8512266 0.5277327 0.9108046 0.5277327 0.7320706 0.5277327 0.7022816 0.5277327 0.7320706 0.5277327 0.7916486 0.5277327 0.7320706 0.5277327 0.7916486 0.5277327 0.8512266 0.5277327 0.7916486 0.5277327 0.8512266 0.5277327 0.9108046 0.5277327 0.8512266 0.5277327 0.9108046 0.5277327 0.7320706 0.5277327 0.7022816 0.5277327 0.7320706 0.5277327 0.7916486 0.5277327 0.7320706 0.5277327 0.7916486 0.5277327 0.8512266 0.5277327 0.7916486 0.5277327 0.8512266 0.5277327 0.9108046 0.5277327 0.8512266 0.5277327 0.9108046 0.5277327 0.7320706 0.5277327 0.7022816 0.5277327 0.7320706 0.5277327 0.7916486 0.5277327 0.7320706 0.5277327 0.7916486 0.5277327 0.8512266 0.5277327 0.7916486 0.5277327 0.8512266 0.5277327 0.9108046 0.5277327 0.8512266 0.5277327 0.9108046 0.5277327 0.7320706 0.5277327 0.7022816 0.5277327 0.7320706 0.5277327 0.7916486 0.5277327 0.7320706 0.5277327 0.7916486 0.5277327 0.8512266 0.5277327 0.7916486 0.5277327 0.8512266 0.5277327 0.8512266 0.5277327 0.7916486 0.5277327 0.8512266 0.5277327 0.9108046 0.5277327 0.8512266 0.5277327 0.9108046 0.5277327 0.7320706 0.5277327 0.7022816 0.5277327 0.7320706 0.5277327 0.7916486 0.5277327 0.7320706 0.5277327 0.7916486 0.5277327 0.7916486 0.5277327 0.7320706 0.5277327 0.7916486 0.5277327 0.8512266 0.5277327 0.7916486 0.5277327 0.8512266 0.5277327 0.9108046 0.5277327 0.8512266 0.5277327 0.9108046 0.5277327 0.7320706 0.5277327 0.7022816 0.5277327 0.7320706 0.5277327 0.7916486 0.5277327 0.7320706 0.5277327 0.7916486 0.5277327 0.8512266 0.5277327 0.7916486 0.5277327 0.8512266 0.5277327 0.9108046 0.5277327 0.8512266 0.5277327 0.9108046 0.5277327 0.7320706 0.5277327 0.7022816 0.5277327 0.7320706 0.5277327 0.7916486 0.5277327 0.7320706 0.5277327 0.7916486 0.5277327 0.8512266 0.5277327 0.7916486 0.5277327 0.8512266 0.5277327 0.9108046 0.5277327 0.8512266 0.5277327 0.9108046 0.5277327 0.7320706 0.5277327 0.7022816 0.5277327 0.7320706 0.5277327 0.7916486 0.5277327 0.7320706 0.5277327 0.7916486 0.5277327 0.8512266 0.5277327 0.7916486 0.5277327 0.8512266 0.5277327 0.9108046 0.5277327 0.8512266 0.5277327 0.9108046 0.5277327 0.7320706 0.5277327 0.7022816 0.5277327 0.7320706 0.5277327 0.7916486 0.5277327 0.7320706 0.5277327 0.7916486 0.5277327 0.8512266 0.5277327 0.7916486 0.5277327 0.8512266 0.5277327 0.9108046 0.5277327 0.8512266 0.5277327 0.9108046 0.5277327 0.7320706 0.5277327 0.7022816 0.5277327 0.7320706 0.5277327 0.7320706 0.5277327 0.7022816 0.5277327 0.7320706 0.5277327 0.7916486 0.5277327 0.7320706 0.5277327 0.7916486 0.5277327 0.8512266 0.5277327 0.7916486 0.5277327 0.8512266 0.5277327 0.9108046 0.5277327 0.8512266 0.5277327 0.9108046 0.5277327 0.9108046 0.5277327 0.8512266 0.5277327 0.9108046 0.5277327 0.7320706 0.5277327 0.7022816 0.5277327 0.7320706 0.5277327 0.7916486 0.5277327 0.7320706 0.5277327 0.7916486 0.5277327 0.8512266 0.5277327 0.7916486 0.5277327 0.8512266 0.5277327 0.9108046 0.5277327 0.8512266 0.5277327 0.9108046 0.5277327 0.7320706 0.5277327 0.7022816 0.5277327 0.7320706 0.5277327 0.7916486 0.5277327 0.7320706 0.5277327 0.7916486 0.5277327 0.8512266 0.5277327 0.7916486 0.5277327 0.8512266 0.5277327 0.9108046 0.5277327 0.8512266 0.5277327 0.9108046 0.5277327 0.7320706 0.5277327 0.7022816 0.5277327 0.7320706 0.5277327 0.7916486 0.5277327 0.7320706 0.5277327 0.7916486 0.5277327 0.8512266 0.5277327 0.7916486 0.5277327 0.8512266 0.5277327 0.9108046 0.5277327 0.8512266 0.5277327 0.9108046 0.5277327 0.7320706 0.5277327 0.7022816 0.5277327 0.7320706 0.5277327 0.7916486 0.5277327 0.7320706 0.5277327 0.7916486 0.5277327 0.8512266 0.5277327 0.7916486 0.5277327 0.8512266 0.5 0.953125 0.53125 0.9375 0.5 0.9375 0.4979438 0.9108046 0.5277327 0.9231492 0.4979438 0.9231492 0.6766778 0.9108046 0.7064668 0.9231492 0.6766778 0.9231492 0.6875 0.953125 0.71875 0.9375 0.6875 0.9375 0.5277327 0.9108046 0.5575218 0.9231492 0.5277327 0.9231492 0.53125 0.953125 0.5625 0.9375 0.53125 0.9375 0.05620831 0.9231492 0.04600912 0.9108046 0.05620831 0.9108045 0.9498784 0.9108045 0.9396793 0.9231492 0.9396792 0.9108046 0 0.953125 0.03125 0.9375 0 0.9375 0.9396792 0.9108046 0.9149898 0.9231492 0.9149898 0.9108046 0.9375 0.953125 0.96875 0.9375 0.9375 0.9375 0.96875 0.953125 1 0.9375 0.96875 0.9375 1 0.953125 1 0.9375 1 0.9375 0.375 0.953125 0.5 0.9375 0.375 0.9375 0.125 0.953125 0.25 0.9375 0.125 0.9375 0.71875 0.953125 0.75 0.9375 0.71875 0.9375 0.25 0.953125 0.375 0.9375 0.25 0.9375 0.5625 0.953125 0.625 0.9375 0.5625 0.9375 0.8125 0.953125 0.875 0.9375 0.8125 0.9375 0.625 0.953125 0.6875 0.9375 0.625 0.9375 0.75 0.953125 0.8125 0.9375 0.75 0.9375 0.0625 0.953125 0.125 0.9375 0.0625 0.9375 0.03125 0.953125 0.0625 0.9375 0.03125 0.9375 0.875 0.953125 0.9375 0.9375 0.875 0.9375 0.8554118 0.9108046 0.7958338 0.9231492 0.7958338 0.9108046 0 0.953125 0 0.96875 0 0.96875 0.04600912 0.9108046 0.02131974 0.9256991 0.02131974 0.9108046 0.08089774 0.9108046 0.05620831 0.9231492 0.05620831 0.9108045 0.1404758 0.9108046 0.08089774 0.9231492 0.08089774 0.9108046 0.7064668 0.9108046 0.7362558 0.9231492 0.7064668 0.9231492 0.6170998 0.9108046 0.6766778 0.9231492 0.6170998 0.9231492 0.9498784 0.9108045 0.9745678 0.9256991 0.9498785 0.9282489 0.9149898 0.9108046 0.8554118 0.9231492 0.8554118 0.9108046 0.3787878 0.9108046 0.4979438 0.9231492 0.3787878 0.9231492 0.1404758 0.9108046 0.2596318 0.9231492 0.1404758 0.9231492 0.7362558 0.9108046 0.7958338 0.9231492 0.7362558 0.9231492 0.2596318 0.9108046 0.3787878 0.9231492 0.2596318 0.9231492 0.5575218 0.9108046 0.6170998 0.9231492 0.5575218 0.9231492 0.5277327 0.9108046 0.5277327 0.9108046 0.5575218 0.9108046 0.5277327 0.9108046 0.5277327 0.9108046 0.6170998 0.9108046 0.5277327 0.9108046 0.5277327 0.9108046 0.6766778 0.9108046 0.5277327 0.9108046 0.7362558 0.9108046 0.7064668 0.9108046 0.5277327 0.9108046 0.7362558 0.8512266 0.7362558 0.9108046 0.5277327 0.9108046 0.5277327 0.9108046 0.7362558 0.7916486 0.7362558 0.7916486 0.5277327 0.9108046 0.7362558 0.7320706 0.7362558 0.7320706 0.5277327 0.9108046 0.5277327 0.9108046 0.5277327 0.9108046 0.5277327 0.9108046 0.7362558 0.6724926 0.5277327 0.9108046 0.5277327 0.9108046 0.7362558 0.6129146 0.5277327 0.9108046 0.5277327 0.9108046 0.7362558 0.5533366 0.7064668 0.4937586 0.7362558 0.5533366 0.5277327 0.9108046 0.5277327 0.9108046 0.5277327 0.9108046 0.6170998 0.4937586 0.6170998 0.4937586 0.5277327 0.9108046 0.5575218 0.4937586 0.5277327 0.9108046 0.5575218 0.4937586 0.5277327 0.9108046 0.96875 1 1 1 1 0.96875 0.6170998 0.05202311 0.6170998 0.07671254 0.5575218 0.07671254 0 1 0 1 0.03125 1 1 0 1 0 0.96875 0 1 1 1 1 1 0.96875 0 0 0 0 0 0.03125 0.5 0 0.5 0 0.375 0 0.5 1 0.5 1 0.53125 1 0.6170998 0.9231492 0.6170998 0.935494 0.5575218 0.935494 0.375 1 0.5 1 0.5 0.96875 0.125 1 0.25 1 0.25 0.96875 0.3787878 0.9231492 0.3787878 0.935494 0.2596318 0.935494 0.25 0 0.25 0 0.125 0 0.25 1 0.25 1 0.375 1 0.75 1 0.75 1 0.8125 1 0.75 0 0.75 0 0.71875 0 0.7958338 0.9231492 0.7958338 0.935494 0.7362558 0.935494 0.71875 1 0.75 1 0.75 0.96875 0.71875 0.5 0.75 0.5 0.75 0.375 0.7362558 0.3746026 0.7362558 0.4937586 0.7064668 0.4937586 0.1404758 0.3746026 0.2596318 0.3746026 0.2596318 0.4937586 0.125 0.5 0.25 0.5 0.25 0.375 0.375 0.5 0.5 0.5 0.5 0.375 0.4979438 0.3746026 0.4979438 0.4937586 0.3787878 0.4937586 0 0.5 0 0.5 0 0.5625 1 0.5 1 0.5 1 0.375 0.9396792 0.7022816 0.9396792 0.7320706 0.9149898 0.7320706 0.96875 0.5 1 0.5 1 0.375 0 0.75 0 0.75 0 0.8125 0.71875 0.75 0.75 0.75 0.75 0.71875 0.75 0.5625 0.8125 0.5625 0.8125 0.5 0.1404758 0.7022816 0.2596318 0.7022816 0.2596318 0.7320706 0.125 0.75 0.25 0.75 0.25 0.71875 0.375 0.75 0.5 0.75 0.5 0.71875 0.4979438 0.7022816 0.4979438 0.7320706 0.3787878 0.7320706 1 0.75 1 0.75 1 0.71875 0.9396792 0.1362906 0.9396792 0.2554466 0.9149898 0.2554466 0.96875 0.75 1 0.75 1 0.71875 0.3787878 0.7022816 0.3787878 0.7320706 0.2596318 0.7320706 0.25 0.75 0.375 0.75 0.375 0.71875 0.3787878 0.3746026 0.3787878 0.4937586 0.2596318 0.4937586 0.25 0.5 0.375 0.5 0.375 0.375 0.375 1 0.375 1 0.5 1 0.25 1 0.375 1 0.375 0.96875 0.2596318 0.9231492 0.2596318 0.935494 0.1404758 0.935494 0.375 0 0.375 0 0.25 0 0.25 0.25 0.375 0.25 0.375 0.125 0.3787878 0.1362906 0.3787878 0.2554466 0.2596318 0.2554466 0.96875 0.25 1 0.25 1 0.125 0.9396792 0.7916486 0.9396792 0.8512266 0.9149898 0.8512266 1 0.25 1 0.25 1 0.125 0.4979438 0.1362906 0.4979438 0.2554466 0.3787878 0.2554466 0.375 0.25 0.5 0.25 0.5 0.125 0.125 0.25 0.25 0.25 0.25 0.125 0.1404758 0.1362906 0.2596318 0.1362906 0.2596318 0.2554466 0.7362558 0.1362906 0.7362558 0.2554466 0.7064668 0.2554466 0.71875 0.25 0.75 0.25 0.75 0.125 0 0.25 0 0.25 0 0.375 0.3787878 0.7916486 0.3787878 0.8512266 0.2596318 0.8512266 0.25 0.875 0.375 0.875 0.375 0.8125 0 0.875 0 0.875 0 0.9375 0.71875 0.875 0.75 0.875 0.75 0.8125 0.125 0.5625 0.25 0.5625 0.25 0.5 0.1404758 0.7916486 0.2596318 0.7916486 0.2596318 0.8512266 0.125 0.875 0.25 0.875 0.25 0.8125 0.375 0.875 0.5 0.875 0.5 0.8125 0.4979438 0.7916486 0.4979438 0.8512266 0.3787878 0.8512266 1 0.875 1 0.875 1 0.8125 0.9396792 0.07671254 0.9396792 0.1362906 0.9149898 0.1362906 0.96875 0.875 1 0.875 1 0.8125 0.96875 0.5625 1 0.5625 1 0.5 0.5625 0.875 0.625 0.875 0.625 0.8125 0.5625 0.25 0.625 0.25 0.625 0.125 0.6170998 0.1362906 0.6170998 0.2554466 0.5575218 0.2554466 0.3787878 0.4937586 0.3787878 0.5533366 0.2596318 0.5533366 0.5625 0.75 0.625 0.75 0.625 0.71875 0.6170998 0.3746026 0.6170998 0.4937586 0.5575218 0.4937586 0.5625 0.5 0.625 0.5 0.625 0.375 0.5625 1 0.625 1 0.625 0.96875 0.4979438 0.9231492 0.4979438 0.935494 0.3787878 0.935494 0.625 0 0.625 0 0.5625 0 0.625 1 0.625 1 0.6875 1 0.8125 0.875 0.875 0.875 0.875 0.8125 0.8554118 0.7916486 0.8554118 0.8512266 0.7958338 0.8512266 0.8554118 0.1362906 0.8554118 0.2554466 0.7958338 0.2554466 0.8125 0.25 0.875 0.25 0.875 0.125 0.8125 0.75 0.875 0.75 0.875 0.71875 0.8554118 0.7022816 0.8554118 0.7320706 0.7958338 0.7320706 0.8125 0.5 0.875 0.5 0.875 0.375 0.8554118 0.3746026 0.8554118 0.4937586 0.7958338 0.4937586 0.875 1 0.875 1 0.9375 1 0.875 0 0.875 0 0.8125 0 0.9149898 0.9231492 0.9149898 0.935494 0.8554118 0.935494 0.8125 1 0.875 1 0.875 0.96875 0.8554118 0.5533366 0.8554118 0.6129146 0.7958338 0.6129146 0.8125 0.625 0.875 0.625 0.875 0.5625 0.5625 0.625 0.625 0.625 0.625 0.5625 0.04600912 0.4937586 0.04600912 0.5533366 0.02131974 0.5533366 0.25 0.625 0.375 0.625 0.375 0.5625 0.3787878 0.5533366 0.3787878 0.6129146 0.2596318 0.6129146 0.96875 0.625 1 0.625 1 0.5625 0.9396792 0.5533366 0.9396792 0.6129146 0.9149898 0.6129146 1 0.625 1 0.625 1 0.5625 0.4979438 0.5533366 0.4979438 0.6129146 0.3787878 0.6129146 0.375 0.625 0.5 0.625 0.5 0.5625 0.125 0.625 0.25 0.625 0.25 0.5625 0.1404758 0.5533366 0.2596318 0.5533366 0.2596318 0.6129146 0.9149898 0.4937586 0.9149898 0.5533366 0.8554118 0.5533366 0.71875 0.625 0.75 0.625 0.75 0.5625 0 0.625 0 0.625 0 0.6875 0.8554118 0.2554466 0.8554118 0.3746026 0.7958338 0.3746026 0.8125 0.375 0.875 0.375 0.875 0.25 0.5625 0.375 0.625 0.375 0.625 0.25 0.6170998 0.2554466 0.6170998 0.3746026 0.5575218 0.3746026 0 0.375 0 0.375 0 0.5 0.25 0.375 0.375 0.375 0.375 0.25 0.3787878 0.2554466 0.3787878 0.3746026 0.2596318 0.3746026 0.96875 0.375 1 0.375 1 0.25 0.9396792 0.2554466 0.9396792 0.3746026 0.9149898 0.3746026 1 0.375 1 0.375 1 0.25 0.4979438 0.2554466 0.4979438 0.3746026 0.3787878 0.3746026 0.375 0.375 0.5 0.375 0.5 0.25 0.125 0.375 0.25 0.375 0.25 0.25 0.1404758 0.2554466 0.2596318 0.2554466 0.2596318 0.3746026 0.7362558 0.2554466 0.7362558 0.3746026 0.7064668 0.3746026 0.71875 0.375 0.75 0.375 0.75 0.25 0.8125 0.125 0.875 0.125 0.875 0.0625 0.8554118 0.07671254 0.8554118 0.1362906 0.7958338 0.1362906 0.6170998 0.07671254 0.6170998 0.1362906 0.5575218 0.1362906 0.5625 0.125 0.625 0.125 0.625 0.0625 0.71875 0.125 0.75 0.125 0.75 0.0625 0.7362558 0.07671254 0.7362558 0.1362906 0.7064668 0.1362906 0.2596318 0.07671254 0.2596318 0.1362906 0.1404758 0.1362906 0.125 0.125 0.25 0.125 0.25 0.0625 0.375 0.125 0.5 0.125 0.5 0.0625 0.4979438 0.07671254 0.4979438 0.1362906 0.3787878 0.1362906 1 0.125 1 0.125 1 0.0625 0.9498785 0.9282489 0.9745678 0.9256991 0.9745678 0.9405936 0.96875 0.125 1 0.125 1 0.0625 0.3787878 0.07671254 0.3787878 0.1362906 0.2596318 0.1362906 0.25 0.125 0.375 0.125 0.375 0.0625 0 0.125 0 0.125 0 0.25 0.8554118 0.7320706 0.8554118 0.7916486 0.7958338 0.7916486 0.8125 0.8125 0.875 0.8125 0.875 0.75 0.5625 0.8125 0.625 0.8125 0.625 0.75 0.25 0.5625 0.375 0.5625 0.375 0.5 0.96875 0.8125 1 0.8125 1 0.75 0.9396792 0.7320706 0.9396792 0.7916486 0.9149898 0.7916486 1 0.8125 1 0.8125 1 0.75 0.4979438 0.7320706 0.4979438 0.7916486 0.3787878 0.7916486 0.375 0.8125 0.5 0.8125 0.5 0.75 0.125 0.8125 0.25 0.8125 0.25 0.75 0.1404758 0.7320706 0.2596318 0.7320706 0.2596318 0.7916486 0.625 0.5625 0.6875 0.5625 0.6875 0.5 0.71875 0.8125 0.75 0.8125 0.75 0.75 0.25 0.8125 0.375 0.8125 0.375 0.75 0.3787878 0.7320706 0.3787878 0.7916486 0.2596318 0.7916486 0 0.8125 0 0.8125 0 0.875 0.625 0.8125 0.6875 0.8125 0.6875 0.75 0.1404758 0.4937586 0.2596318 0.4937586 0.2596318 0.5533366 0.6766778 0.07671254 0.6766778 0.1362906 0.6170998 0.1362906 0.625 0.125 0.6875 0.125 0.6875 0.0625 0.625 0.375 0.6875 0.375 0.6875 0.25 0.6766778 0.2554466 0.6766778 0.3746026 0.6170998 0.3746026 0.625 0.625 0.6875 0.625 0.6875 0.5625 0.875 0.5625 0.9375 0.5625 0.9375 0.5 0.6875 1 0.6875 1 0.71875 1 0.4979438 0.4937586 0.4979438 0.5533366 0.3787878 0.5533366 0.625 0.875 0.6875 0.875 0.6875 0.8125 0.625 0.25 0.6875 0.25 0.6875 0.125 0.6766778 0.1362906 0.6766778 0.2554466 0.6170998 0.2554466 0.1404758 0.4937586 0.1404758 0.5533366 0.08089774 0.5533366 0.625 0.75 0.6875 0.75 0.6875 0.71875 0.6766778 0.3746026 0.6766778 0.4937586 0.6170998 0.4937586 0.625 0.5 0.6875 0.5 0.6875 0.375 0.625 1 0.6875 1 0.6875 0.96875 0.6766778 0.9231492 0.6766778 0.935494 0.6170998 0.935494 0.6875 0 0.6875 0 0.625 0 0.75 0.8125 0.8125 0.8125 0.8125 0.75 0.7958338 0.7320706 0.7958338 0.7916486 0.7362558 0.7916486 0.7958338 0.07671254 0.7958338 0.1362906 0.7362558 0.1362906 0.75 0.125 0.8125 0.125 0.8125 0.0625 0.75 0.375 0.8125 0.375 0.8125 0.25 0.7958338 0.2554466 0.7958338 0.3746026 0.7362558 0.3746026 0.75 0.625 0.8125 0.625 0.8125 0.5625 0.7958338 0.5533366 0.7958338 0.6129146 0.7362558 0.6129146 0.75 1 0.8125 1 0.8125 0.96875 0.7362558 0.9231492 0.7362558 0.935494 0.7064668 0.935494 0.8125 0 0.8125 0 0.75 0 0.7958338 0.3746026 0.7958338 0.4937586 0.7362558 0.4937586 0.75 0.5 0.8125 0.5 0.8125 0.375 0.7958338 0.7022816 0.7958338 0.7320706 0.7362558 0.7320706 0.75 0.75 0.8125 0.75 0.8125 0.71875 0.75 0.25 0.8125 0.25 0.8125 0.125 0.7958338 0.1362906 0.7958338 0.2554466 0.7362558 0.2554466 0.7958338 0.7916486 0.7958338 0.8512266 0.7362558 0.8512266 0.75 0.875 0.8125 0.875 0.8125 0.8125 0.8125 1 0.8125 1 0.875 1 0.1404758 0.7320706 0.1404758 0.7916486 0.08089774 0.7916486 0.0625 0.8125 0.125 0.8125 0.125 0.75 0.0625 0.125 0.125 0.125 0.125 0.0625 0.1404758 0.07671254 0.1404758 0.1362906 0.08089774 0.1362906 0.1404758 0.2554466 0.1404758 0.3746026 0.08089774 0.3746026 0.0625 0.375 0.125 0.375 0.125 0.25 0.1404758 0.5533366 0.1404758 0.6129146 0.08089774 0.6129146 0.0625 0.625 0.125 0.625 0.125 0.5625 0.0625 0.875 0.125 0.875 0.125 0.8125 0.1404758 0.7916486 0.1404758 0.8512266 0.08089774 0.8512266 0.1404758 0.1362906 0.1404758 0.2554466 0.08089774 0.2554466 0.0625 0.25 0.125 0.25 0.125 0.125 0.0625 0.75 0.125 0.75 0.125 0.71875 0.1404758 0.7022816 0.1404758 0.7320706 0.08089774 0.7320706 0.0625 0.5 0.125 0.5 0.125 0.375 0.1404758 0.3746026 0.1404758 0.4937586 0.08089774 0.4937586 0.125 0 0.125 0 0.0625 0 0.1404758 0.9231492 0.1404758 0.935494 0.08089774 0.935494 0.0625 1 0.125 1 0.125 0.96875 0.125 1 0.125 1 0.25 1 0.03125 1 0.0625 1 0.0625 0.96875 0.08089774 0.9231492 0.08089774 0.935494 0.05620831 0.935494 0.0625 0 0.0625 0 0.03125 0 0.04600912 0.7022816 0.04600912 0.7320706 0.02131974 0.7320706 0.03125 0.5 0.0625 0.5 0.0625 0.375 0.04600912 0.1362906 0.04600912 0.2554466 0.02131974 0.2554466 0.03125 0.75 0.0625 0.75 0.0625 0.71875 0.03125 0.25 0.0625 0.25 0.0625 0.125 0.04600912 0.7916486 0.04600912 0.8512266 0.02131974 0.8512266 0.04600912 0.07671254 0.04600912 0.1362906 0.02131974 0.1362906 0.03125 0.875 0.0625 0.875 0.0625 0.8125 0.03125 0.625 0.0625 0.625 0.0625 0.5625 0.04600912 0.5533366 0.04600912 0.6129146 0.02131974 0.6129146 0.03125 0.375 0.0625 0.375 0.0625 0.25 0.04600912 0.2554466 0.04600912 0.3746026 0.02131974 0.3746026 0.04600912 0.9282489 0.04600912 0.9456933 0.02131974 0.9405936 0.03125 0.125 0.0625 0.125 0.0625 0.0625 0.03125 0.8125 0.0625 0.8125 0.0625 0.75 0.04600912 0.7320706 0.04600912 0.7916486 0.02131974 0.7916486 0.0625 1 0.0625 1 0.125 1 0.04600912 0.8512266 0.04600912 0.9108045 0.02131974 0.9108046 0.03125 0.9375 0.0625 0.9375 0.0625 0.875 0.0625 0.9375 0.125 0.9375 0.125 0.875 0.1404758 0.8512266 0.1404758 0.9108046 0.08089774 0.9108046 0.7958338 0.8512266 0.7958338 0.9108046 0.7362558 0.9108046 0.75 0.9375 0.8125 0.9375 0.8125 0.875 1 0.5625 1 0.5625 1 0.5 0.625 0.9375 0.6875 0.9375 0.6875 0.875 0.8125 0.9375 0.875 0.9375 0.875 0.875 0.8554118 0.8512266 0.8554118 0.9108046 0.7958338 0.9108046 0.9396792 0.4937586 0.9396792 0.5533366 0.9149898 0.5533366 0.5625 0.9375 0.625 0.9375 0.625 0.875 0 0.9375 0 0.9375 0 0.953125 0.3787878 0.8512266 0.3787878 0.9108046 0.2596318 0.9108046 0.25 0.9375 0.375 0.9375 0.375 0.875 0.71875 0.9375 0.75 0.9375 0.75 0.875 0.03125 0.5625 0.0625 0.5625 0.0625 0.5 0.1404758 0.8512266 0.2596318 0.8512266 0.2596318 0.9108046 0.125 0.9375 0.25 0.9375 0.25 0.875 0.375 0.9375 0.5 0.9375 0.5 0.875 0.4979438 0.8512266 0.4979438 0.9108046 0.3787878 0.9108046 1 0.9375 1 0.9375 1 0.875 0.9396792 0.8512266 0.9396792 0.9108045 0.9149898 0.9108046 0.96875 0.9375 1 0.9375 1 0.875 0.875 0.9375 0.9375 0.9375 0.9375 0.875 0.9149898 0.8512266 0.9149898 0.9108046 0.8554118 0.9108046 0.9149898 0.7320706 0.9149898 0.7916486 0.8554118 0.7916486 0.875 0.8125 0.9375 0.8125 0.9375 0.75 0.875 0.125 0.9375 0.125 0.9375 0.0625 0.9149898 0.07671254 0.9149898 0.1362906 0.8554118 0.1362906 0.9149898 0.2554466 0.9149898 0.3746026 0.8554118 0.3746026 0.875 0.375 0.9375 0.375 0.9375 0.25 0.9149898 0.5533366 0.9149898 0.6129146 0.8554118 0.6129146 0.875 0.625 0.9375 0.625 0.9375 0.5625 0.9375 1 0.9375 1 0.96875 1 0.875 0.875 0.9375 0.875 0.9375 0.8125 0.9149898 0.7916486 0.9149898 0.8512266 0.8554118 0.8512266 0.9149898 0.1362906 0.9149898 0.2554466 0.8554118 0.2554466 0.875 0.25 0.9375 0.25 0.9375 0.125 0.875 0.75 0.9375 0.75 0.9375 0.71875 0.9149898 0.7022816 0.9149898 0.7320706 0.8554118 0.7320706 0.875 0.5 0.9375 0.5 0.9375 0.375 0.9149898 0.3746026 0.9149898 0.4937586 0.8554118 0.4937586 0.9375 0 0.9375 0 0.875 0 0.8554118 0.9231492 0.8554118 0.935494 0.7958338 0.935494 0.875 1 0.9375 1 0.9375 0.96875 0.1404758 0.05202311 0.1404758 0.07671254 0.08089774 0.07671254 0.875 0.0625 0.9375 0.0625 0.9375 0.03125 0.03125 0.0625 0.0625 0.0625 0.0625 0.03125 0.05110871 0.01713454 0.08089774 0.01713454 0.08089774 0.04182398 0.1404758 0.01713454 0.1404758 0.04182398 0.08089774 0.04182398 0.0625 0.0625 0.125 0.0625 0.125 0.03125 0.75 0.0625 0.8125 0.0625 0.8125 0.03125 0.6766778 0.05202311 0.6766778 0.07671254 0.6170998 0.07671254 0.625 0.0625 0.6875 0.0625 0.6875 0.03125 0.6766778 0.01713454 0.6766778 0.04182398 0.6170998 0.04182398 0.25 0.0625 0.375 0.0625 0.375 0.03125 0.7362558 0.05202311 0.7362558 0.07671254 0.7064668 0.07671254 0.96875 0.0625 1 0.0625 1 0.03125 0.9498784 0.9456933 0.9745678 0.9405936 0.9745678 0.9703826 1 0.0625 1 0.0625 1 0.03125 0.6170998 0.01713454 0.6170998 0.04182398 0.5575218 0.04182398 0.375 0.0625 0.5 0.0625 0.5 0.03125 0.125 0.0625 0.25 0.0625 0.25 0.03125 0.3787878 0.01713454 0.3787878 0.04182398 0.2596318 0.04182398 0.7958338 0.01713454 0.7958338 0.04182398 0.7362558 0.04182398 0.71875 0.0625 0.75 0.0625 0.75 0.03125 0.5625 0.0625 0.625 0.0625 0.625 0.03125 0.4979438 0.01713454 0.4979438 0.04182398 0.3787878 0.04182398 0.9149898 0.01713454 0.9149898 0.04182398 0.8554118 0.04182398 0.8125 0.0625 0.875 0.0625 0.875 0.03125 0 0.0625 0 0.0625 0 0.125 0.875 0.96875 0.9375 0.96875 0.9375 0.953125 0.1404758 0.9456931 0.1404758 0.9703826 0.08089774 0.9703826 0 0.96875 0 0.96875 0 1 0.9149898 0.9456932 0.9498783 0.9456931 0.9447788 0.9703826 0.03125 0.96875 0.0625 0.96875 0.0625 0.953125 0.0625 0.96875 0.125 0.96875 0.125 0.953125 0.08089774 0.9456931 0.08089774 0.9703826 0.05110871 0.9703826 0.6766778 0.9456931 0.6766778 0.9703826 0.6170998 0.9703826 0.75 0.96875 0.8125 0.96875 0.8125 0.953125 0.9149898 0.9456931 0.9149898 0.9703826 0.8554118 0.9703826 0.625 0.96875 0.6875 0.96875 0.6875 0.953125 0.8125 0.96875 0.875 0.96875 0.875 0.953125 0.8554118 0.9456931 0.8554118 0.9703826 0.7958338 0.9703826 0.3787878 0.9456931 0.3787878 0.9703826 0.2596318 0.9703826 0.5625 0.96875 0.625 0.96875 0.625 0.953125 0.7958338 0.9456931 0.7958338 0.9703826 0.7362558 0.9703826 0.25 0.96875 0.375 0.96875 0.375 0.953125 0.71875 0.96875 0.75 0.96875 0.75 0.953125 0.7362558 0.9456931 0.7362558 0.9703826 0.7064668 0.9703826 0.2596318 0.9456931 0.2596318 0.9703826 0.1404758 0.9703826 0.125 0.96875 0.25 0.96875 0.25 0.953125 0.375 0.96875 0.5 0.96875 0.5 0.953125 0.4979437 0.9456931 0.4979438 0.9703826 0.3787878 0.9703826 1 0.96875 1 0.96875 1 0.953125 0.9396792 0.05202311 0.9396792 0.07671254 0.9149898 0.07671254 0.96875 0.96875 1 0.96875 1 0.953125 0.9375 0.96875 0.96875 0.96875 0.96875 0.953125 0.9396792 0.3746026 0.9396792 0.4937586 0.9149898 0.4937586 0.9745678 0.04692357 0.9745678 0.07671254 0.9498784 0.07671254 0.9375 0.0625 0.96875 0.0625 0.96875 0.03125 0.96875 1 0.96875 1 1 1 0.9375 0.9375 0.96875 0.9375 0.96875 0.875 0.9745678 0.7916486 0.9745678 0.8512266 0.9498784 0.8512266 0.9745678 0.7022816 0.9745678 0.7320706 0.9498784 0.7320706 0.9375 0.8125 0.96875 0.8125 0.96875 0.75 0.9375 0.125 0.96875 0.125 0.96875 0.0625 0.9745678 0.07671254 0.9745678 0.1362906 0.9498784 0.1362906 0.9745678 0.1362906 0.9745678 0.2554466 0.9498784 0.2554466 0.9375 0.375 0.96875 0.375 0.96875 0.25 0.9745678 0.3746026 0.9745678 0.4937586 0.9498784 0.4937586 0.9375 0.625 0.96875 0.625 0.96875 0.5625 0.9375 0.875 0.96875 0.875 0.96875 0.8125 0.9745678 0.8512266 0.9745678 0.9108046 0.9498784 0.9108046 0.9745678 0.2554466 0.9745678 0.3746026 0.9498784 0.3746026 0.9375 0.25 0.96875 0.25 0.96875 0.125 0.9375 0.75 0.96875 0.75 0.96875 0.71875 0.9745678 0.7320706 0.9745678 0.7916486 0.9498784 0.7916486 0.9375 0.5 0.96875 0.5 0.96875 0.375 0.9745678 0.5533366 0.9745678 0.6129146 0.9498784 0.6129146 0.96875 0 0.96875 0 0.9375 0 0.9396793 0.9231492 0.9396792 0.935494 0.9149898 0.935494 0.9375 1 0.96875 1 0.96875 0.96875 0.9375 0.03125 0.96875 0.03125 0.96875 0 0.9745678 0.01713454 0.9745678 0.04692357 0.9498784 0.04182398 0.8125 0.03125 0.875 0.03125 0.875 0 0.9149898 0.05202311 0.9149898 0.07671254 0.8554118 0.07671254 0.2596318 0.05202311 0.2596318 0.07671254 0.1404758 0.07671254 0.5625 0.03125 0.625 0.03125 0.625 0 0.71875 0.03125 0.75 0.03125 0.75 0 0.7958338 0.05202311 0.7958338 0.07671254 0.7362558 0.07671254 0.3787878 0.05202311 0.3787878 0.07671254 0.2596318 0.07671254 0.125 0.03125 0.25 0.03125 0.25 0 0.375 0.03125 0.5 0.03125 0.5 0 0.4979437 0.05202311 0.4979438 0.07671254 0.3787878 0.07671254 1 0.03125 1 0.03125 1 0 0.04600912 0.3746026 0.04600912 0.4937586 0.02131974 0.4937586 0.96875 0.03125 1 0.03125 1 0 0.2596318 0.01713454 0.2596318 0.04182398 0.1404758 0.04182398 0.25 0.03125 0.375 0.03125 0.375 0 0.8554118 0.05202311 0.8554118 0.07671254 0.7958338 0.07671254 0.625 0.03125 0.6875 0.03125 0.6875 0 0.7362558 0.01713454 0.7362558 0.04182398 0.7064668 0.04182398 0.75 0.03125 0.8125 0.03125 0.8125 0 0.0625 0.03125 0.125 0.03125 0.125 0 0.08089774 0.05202311 0.08089774 0.07671254 0.05620831 0.07671254 0.9447788 0.01713454 0.9498783 0.04182398 0.9149898 0.04182398 0.03125 0.03125 0.0625 0.03125 0.0625 0 0.875 0.03125 0.9375 0.03125 0.9375 0 0.8554118 0.01713454 0.8554118 0.04182398 0.7958338 0.04182398 0 0.03125 0 0.03125 0 0.0625 0 0.03125 0.03125 0.03125 0.03125 0 0 0.96875 0.03125 0.96875 0.03125 0.953125 0.02131974 0.04692357 0.04600912 0.04182398 0.04600912 0.07671254 0.04600912 0.9456932 0.05110871 0.9703826 0.02131974 0.9703826 0 0.0625 0.03125 0.0625 0.03125 0.03125 0 0.9375 0.03125 0.9375 0.03125 0.875 0.08089774 0.7916486 0.08089774 0.8512266 0.05620831 0.8512266 0.08089774 0.7022816 0.08089774 0.7320706 0.05620831 0.7320706 0 0.8125 0.03125 0.8125 0.03125 0.75 0 0.125 0.03125 0.125 0.03125 0.0625 0.08089774 0.07671254 0.08089774 0.1362906 0.05620831 0.1362906 0.08089774 0.1362906 0.08089774 0.2554466 0.05620831 0.2554466 0 0.375 0.03125 0.375 0.03125 0.25 0.08089774 0.3746026 0.08089774 0.4937586 0.05620831 0.4937586 0 0.625 0.03125 0.625 0.03125 0.5625 0 0.875 0.03125 0.875 0.03125 0.8125 0.08089774 0.8512266 0.08089774 0.9108046 0.05620831 0.9108046 0.08089774 0.2554466 0.08089774 0.3746026 0.05620831 0.3746026 0 0.25 0.03125 0.25 0.03125 0.125 0 0.75 0.03125 0.75 0.03125 0.71875 0.08089774 0.7320706 0.08089774 0.7916486 0.05620831 0.7916486 0 0.5 0.03125 0.5 0.03125 0.375 0.08089774 0.5533366 0.08089774 0.6129146 0.05620831 0.6129146 0.03125 0 0.03125 0 0 0 0.02131974 0.01713454 0.05110871 0.01713454 0.04600912 0.04182392 0 1 0.03125 1 0.03125 0.96875 0.03125 1 0.03125 1 0.0625 1 0.8554118 0.9456932 0.8554118 0.935494 0.9149898 0.935494 0.08089774 0.9456932 0.08089774 0.935494 0.1404758 0.935494 0.7362558 0.9456932 0.7362558 0.935494 0.7958338 0.935494 0.6170998 0.9456932 0.6170998 0.935494 0.6766778 0.935494 0.7958338 0.9456932 0.7958338 0.935494 0.8554118 0.935494 0.4979438 0.9456932 0.4979437 0.935494 0.5277327 0.935494 0.2596318 0.9456932 0.2596318 0.935494 0.3787878 0.935494 0.6766778 0.9456932 0.6766778 0.935494 0.7064668 0.935494 0.1404758 0.9456932 0.1404758 0.935494 0.2596318 0.935494 0.3787878 0.9456932 0.3787878 0.935494 0.4979438 0.935494 0.9149898 0.9456932 0.9149898 0.935494 0.9396792 0.935494 0.9498785 0.9282489 0.9498784 0.9456932 0.9396792 0.935494 0.9498784 0.07671254 0.9396792 0.07671254 0.9396792 0.05202311 0.9498784 0.9108046 0.9396792 0.9108045 0.9396792 0.8512266 0.9498784 0.7916486 0.9396792 0.7916486 0.9396792 0.7320706 0.9498784 0.1362906 0.9396792 0.1362906 0.9396792 0.07671254 0.9498784 0.3746026 0.9396792 0.3746026 0.9396792 0.2554466 0.9498784 0.6129146 0.9396792 0.6129146 0.9396792 0.5533366 0.9498784 0.8512266 0.9396792 0.8512266 0.9396792 0.7916486 0.9498784 0.2554466 0.9396792 0.2554466 0.9396792 0.1362906 0.9498784 0.7320706 0.9396792 0.7320706 0.9396792 0.7022816 0.9498784 0.4937586 0.9396792 0.4937586 0.9396792 0.3746026 0.9396792 0.05202311 0.9149898 0.05202317 0.9149898 0.04182398 0.7958338 0.05202317 0.7958338 0.04182398 0.8554118 0.04182398 0.4979438 0.05202317 0.4979437 0.04182398 0.5277327 0.04182398 0.6766778 0.05202317 0.6766778 0.04182398 0.7064668 0.04182398 0.1404758 0.05202317 0.1404758 0.04182398 0.2596318 0.04182398 0.3787878 0.05202317 0.3787878 0.04182398 0.4979438 0.04182398 0.2596318 0.05202317 0.2596318 0.04182398 0.3787878 0.04182398 0.6170998 0.05202317 0.6170998 0.04182398 0.6766778 0.04182398 0.7362558 0.05202317 0.7362558 0.04182398 0.7958338 0.04182398 0.08089774 0.05202317 0.08089774 0.04182398 0.1404758 0.04182398 0.8554118 0.05202317 0.8554118 0.04182398 0.9149898 0.04182398 0.08089774 0.9456931 0.04600912 0.9456931 0.05620831 0.935494 0.05620837 0.05202317 0.04600912 0.04182398 0.08089774 0.04182398 0.05620831 0.935494 0.04600912 0.9456933 0.04600912 0.9282489 0.05620837 0.05202317 0.05620831 0.07671254 0.04600912 0.07671254 0.05620831 0.9108046 0.04600912 0.9108045 0.04600912 0.8512266 0.05620831 0.7916486 0.04600912 0.7916486 0.04600912 0.7320706 0.05620831 0.1362906 0.04600912 0.1362906 0.04600912 0.07671254 0.05620831 0.3746026 0.04600912 0.3746026 0.04600912 0.2554466 0.05620831 0.6129146 0.04600912 0.6129146 0.04600912 0.5533366 0.05620831 0.8512266 0.04600912 0.8512266 0.04600912 0.7916486 0.05620831 0.2554466 0.04600912 0.2554466 0.04600912 0.1362906 0.05620831 0.7320706 0.04600912 0.7320706 0.04600912 0.7022816 0.05620831 0.4937586 0.04600912 0.4937586 0.04600912 0.3746026 0.6170998 0.9456931 0.6170998 0.9703826 0.5575218 0.9703826 0.5575218 0.9456931 0.5575218 0.9703826 0.5277327 0.9703826 0.5575218 0.05202311 0.5575218 0.04182398 0.6170998 0.04182398 0.5575218 0.9456931 0.5575218 0.935494 0.6170998 0.935494 0.53125 0.03125 0.5625 0.03125 0.5625 0 0.53125 0.96875 0.5625 0.96875 0.5625 0.953125 0.53125 0.0625 0.5625 0.0625 0.5625 0.03125 0.5575218 0.01713454 0.5575218 0.04182398 0.5277327 0.04182398 0.53125 0.9375 0.5625 0.9375 0.5625 0.875 0.53125 0.8125 0.5625 0.8125 0.5625 0.75 0.53125 0.125 0.5625 0.125 0.5625 0.0625 0.5575218 0.07671254 0.5575218 0.1362906 0.5277327 0.1362906 0.5575218 0.2554466 0.5575218 0.3746026 0.5277327 0.3746026 0.53125 0.375 0.5625 0.375 0.5625 0.25 0.53125 0.625 0.5625 0.625 0.5625 0.5625 0.5625 0 0.5625 0 0.53125 0 0.53125 1 0.5625 1 0.5625 0.96875 0.53125 0.5 0.5625 0.5 0.5625 0.375 0.5575218 0.3746026 0.5575218 0.4937586 0.5277327 0.4937586 0.53125 0.75 0.5625 0.75 0.5625 0.71875 0.5575218 0.1362906 0.5575218 0.2554466 0.5277327 0.2554466 0.53125 0.25 0.5625 0.25 0.5625 0.125 0.53125 0.875 0.5625 0.875 0.5625 0.8125 0.5575218 0.9231492 0.5575218 0.935494 0.5277327 0.935494 0.5625 1 0.5625 1 0.625 1 0.5575218 0.05202311 0.5575218 0.07671254 0.5277327 0.07671254 0.53125 0.6875 0.5625 0.6875 0.5625 0.625 0.05620831 0.6724926 0.04600912 0.6724926 0.04600912 0.6129146 0.9498784 0.6724926 0.9396792 0.6724926 0.9396792 0.6129146 0 0.6875 0.03125 0.6875 0.03125 0.625 0.08089774 0.6129146 0.08089774 0.6724926 0.05620831 0.6724926 0.9375 0.6875 0.96875 0.6875 0.96875 0.625 0.9745678 0.6129146 0.9745678 0.6724926 0.9498784 0.6724926 0.9149898 0.6129146 0.9149898 0.6724926 0.8554118 0.6724926 0.875 0.6875 0.9375 0.6875 0.9375 0.625 0.03125 0.6875 0.0625 0.6875 0.0625 0.625 0.04600912 0.6129146 0.04600912 0.6724926 0.02131974 0.6724926 0.1404758 0.6129146 0.1404758 0.6724926 0.08089774 0.6724926 0.0625 0.6875 0.125 0.6875 0.125 0.625 0.75 0.6875 0.8125 0.6875 0.8125 0.625 0.7958338 0.6129146 0.7958338 0.6724926 0.7362558 0.6724926 0.625 0.6875 0.6875 0.6875 0.6875 0.625 0.9375 0.5625 0.96875 0.5625 0.96875 0.5 0 0.6875 0 0.6875 0 0.71875 0.8554118 0.6129146 0.8554118 0.6724926 0.7958338 0.6724926 0.8125 0.6875 0.875 0.6875 0.875 0.625 0.5625 0.6875 0.625 0.6875 0.625 0.625 0.9745678 0.4937586 0.9745678 0.5533366 0.9498784 0.5533366 0.25 0.6875 0.375 0.6875 0.375 0.625 0.3787878 0.6129146 0.3787878 0.6724926 0.2596318 0.6724926 0.96875 0.6875 1 0.6875 1 0.625 1 0.6875 1 0.6875 1 0.625 0.4979438 0.6129146 0.4979438 0.6724926 0.3787878 0.6724926 0.375 0.6875 0.5 0.6875 0.5 0.625 0.125 0.6875 0.25 0.6875 0.25 0.625 0.1404758 0.6129146 0.2596318 0.6129146 0.2596318 0.6724926 0 0.5625 0.03125 0.5625 0.03125 0.5 0.71875 0.6875 0.75 0.6875 0.75 0.625 0.9396792 0.6129146 0.9396792 0.6724926 0.9149898 0.6724926 0 0.71875 0 0.71875 0 0.75 0.53125 0.71875 0.5625 0.71875 0.5625 0.6875 0.05620831 0.7022816 0.04600912 0.7022816 0.04600912 0.6724926 0.9498784 0.7022816 0.9396792 0.7022816 0.9396792 0.6724926 0 0.71875 0.03125 0.71875 0.03125 0.6875 0.08089774 0.6724926 0.08089774 0.7022816 0.05620831 0.7022816 0.9375 0.71875 0.96875 0.71875 0.96875 0.6875 0.9745678 0.6724926 0.9745678 0.7022816 0.9498784 0.7022816 0.9149898 0.6724926 0.9149898 0.7022816 0.8554118 0.7022816 0.875 0.71875 0.9375 0.71875 0.9375 0.6875 0.03125 0.71875 0.0625 0.71875 0.0625 0.6875 0.04600912 0.6724926 0.04600912 0.7022816 0.02131974 0.7022816 0.1404758 0.6724926 0.1404758 0.7022816 0.08089774 0.7022816 0.0625 0.71875 0.125 0.71875 0.125 0.6875 0.75 0.71875 0.8125 0.71875 0.8125 0.6875 0.7958338 0.6724926 0.7958338 0.7022816 0.7362558 0.7022816 0.625 0.71875 0.6875 0.71875 0.6875 0.6875 0.08089774 0.4937586 0.08089774 0.5533366 0.05620831 0.5533366 0.8554118 0.6724926 0.8554118 0.7022816 0.7958338 0.7022816 0.8125 0.71875 0.875 0.71875 0.875 0.6875 0.5625 0.71875 0.625 0.71875 0.625 0.6875 0.9498784 0.5533366 0.9396792 0.5533366 0.9396792 0.4937586 0.25 0.71875 0.375 0.71875 0.375 0.6875 0.3787878 0.6724926 0.3787878 0.7022816 0.2596318 0.7022816 0.96875 0.71875 1 0.71875 1 0.6875 1 0.71875 1 0.71875 1 0.6875 0.4979438 0.6724926 0.4979438 0.7022816 0.3787878 0.7022816 0.375 0.71875 0.5 0.71875 0.5 0.6875 0.125 0.71875 0.25 0.71875 0.25 0.6875 0.1404758 0.6724926 0.2596318 0.6724926 0.2596318 0.7022816 0.05620831 0.5533366 0.04600912 0.5533366 0.04600912 0.4937586 0.71875 0.71875 0.75 0.71875 0.75 0.6875 0.9396792 0.6724926 0.9396792 0.7022816 0.9149898 0.7022816 0.6875 0.71875 0.71875 0.71875 0.71875 0.6875 0.6875 0.6875 0.71875 0.6875 0.71875 0.625 0.53125 0.5625 0.5625 0.5625 0.5625 0.5 0.7064668 0.05202311 0.7064668 0.04182398 0.7362558 0.04182398 0.7064668 0.9456931 0.7064668 0.935494 0.7362558 0.935494 0.7064668 0.01713454 0.7064668 0.04182398 0.6766778 0.04182398 0.6875 0.03125 0.71875 0.03125 0.71875 0 0.7064668 0.9456931 0.7064668 0.9703826 0.6766778 0.9703826 0.6875 0.96875 0.71875 0.96875 0.71875 0.953125 0.6875 0.0625 0.71875 0.0625 0.71875 0.03125 0.7064668 0.05202311 0.7064668 0.07671254 0.6766778 0.07671254 0.0625 0.5625 0.125 0.5625 0.125 0.5 0.6875 0.9375 0.71875 0.9375 0.71875 0.875 0.7064668 0.9231492 0.7064668 0.935494 0.6766778 0.935494 0.71875 1 0.71875 1 0.75 1 0.6875 0.8125 0.71875 0.8125 0.71875 0.75 0.71875 0.5625 0.75 0.5625 0.75 0.5 0.7064668 0.07671254 0.7064668 0.1362906 0.6766778 0.1362906 0.6875 0.125 0.71875 0.125 0.71875 0.0625 0.6875 0.375 0.71875 0.375 0.71875 0.25 0.7064668 0.2554466 0.7064668 0.3746026 0.6766778 0.3746026 0.6875 0.625 0.71875 0.625 0.71875 0.5625 0.6875 0.5625 0.71875 0.5625 0.71875 0.5 0.375 0.5625 0.5 0.5625 0.5 0.5 0.6875 0.875 0.71875 0.875 0.71875 0.8125 0.6875 0.25 0.71875 0.25 0.71875 0.125 0.7064668 0.1362906 0.7064668 0.2554466 0.6766778 0.2554466 0.7958338 0.4937586 0.7958338 0.5533366 0.7362558 0.5533366 0.6875 0.75 0.71875 0.75 0.71875 0.71875 0.7064668 0.3746026 0.7064668 0.4937586 0.6766778 0.4937586 0.6875 0.5 0.71875 0.5 0.71875 0.375 0.6875 1 0.71875 1 0.71875 0.96875 0.71875 0 0.71875 0 0.6875 0 0.5625 0.5625 0.625 0.5625 0.625 0.5 0.8125 0.5625 0.875 0.5625 0.875 0.5 0.8554118 0.4937586 0.8554118 0.5533366 0.7958338 0.5533366 0 0.5625 0 0.5625 0 0.625 0.5 0.5625 0.53125 0.5625 0.53125 0.5 0.5277327 0.4937586 0.5277327 0.5533366 0.4979438 0.5533366 0.5 0.71875 0.53125 0.71875 0.53125 0.6875 0.5277327 0.6724926 0.5277327 0.7022816 0.4979438 0.7022816 0.5 0.6875 0.53125 0.6875 0.53125 0.625 0.5277327 0.6129146 0.5277327 0.6724926 0.4979438 0.6724926 0.5277327 0.05202311 0.5277327 0.07671254 0.4979438 0.07671254 0.5277327 0.9231492 0.5277327 0.935494 0.4979437 0.935494 0.5277327 0.7916486 0.5277327 0.8512266 0.4979438 0.8512266 0.5 0.875 0.53125 0.875 0.53125 0.8125 0.5 0.25 0.53125 0.25 0.53125 0.125 0.5277327 0.1362906 0.5277327 0.2554466 0.4979438 0.2554466 0.4979438 0.7022816 0.5277327 0.7022816 0.5277327 0.7320706 0.5 0.75 0.53125 0.75 0.53125 0.71875 0.5277327 0.3746026 0.5277327 0.4937586 0.4979438 0.4937586 0.5 0.5 0.53125 0.5 0.53125 0.375 0.5 1 0.53125 1 0.53125 0.96875 0.53125 0 0.53125 0 0.5 0 0.5 0.625 0.53125 0.625 0.53125 0.5625 0.5277327 0.5533366 0.5277327 0.6129146 0.4979438 0.6129146 0.5 0.375 0.53125 0.375 0.53125 0.25 0.5277327 0.2554466 0.5277327 0.3746026 0.4979438 0.3746026 0.5277327 0.07671254 0.5277327 0.1362906 0.4979438 0.1362906 0.5 0.125 0.53125 0.125 0.53125 0.0625 0.5 0.8125 0.53125 0.8125 0.53125 0.75 0.5277327 0.7320706 0.5277327 0.7916486 0.4979438 0.7916486 0.5277327 0.8512266 0.5277327 0.9108046 0.4979438 0.9108046 0.5 0.9375 0.53125 0.9375 0.53125 0.875 0.5277327 0.01713454 0.5277327 0.04182398 0.4979437 0.04182398 0.5 0.0625 0.53125 0.0625 0.53125 0.03125 0.5 0.96875 0.53125 0.96875 0.53125 0.953125 0.5 0.03125 0.53125 0.03125 0.53125 0 0.5277327 0.9456931 0.5277327 0.9703826 0.4979438 0.9703826 0.5277327 0.05202311 0.5277327 0.04182398 0.5575218 0.04182398 0.5277327 0.9456931 0.5277327 0.935494 0.5575218 0.935494 0.53125 1 0.53125 1 0.5625 1 0.5277327 0.8512266 0.5277327 0.7916486 0.5277327 0.7916486 0.5277327 0.9108046 0.5277327 0.8512266 0.5277327 0.8512266 0.5277327 0.7916486 0.5277327 0.7320706 0.5277327 0.7320706 0.5277327 0.9108046 0.5277327 0.8512266 0.5277327 0.8512266 0.5277327 0.7916486 0.5277327 0.7320706 0.5277327 0.7320706 0.5277327 0.8512266 0.5277327 0.7916486 0.5277327 0.7916486 0.5277327 0.8512266 0.5277327 0.7916486 0.5277327 0.7916486 0.5277327 0.9108046 0.5277327 0.8512266 0.5277327 0.8512266 0.5277327 0.7916486 0.5277327 0.7320706 0.5277327 0.7320706 0.5277327 0.7916486 0.5277327 0.7320706 0.5277327 0.7320706 0.5277327 0.8512266 0.5277327 0.7916486 0.5277327 0.7916486 0.5277327 0.9108046 0.5277327 0.8512266 0.5277327 0.8512266 0.5277327 0.7916486 0.5277327 0.7320706 0.5277327 0.7320706 0.5277327 0.8512266 0.5277327 0.7916486 0.5277327 0.7916486 0.5277327 0.9108046 0.5277327 0.8512266 0.5277327 0.8512266 0.5277327 0.7916486 0.5277327 0.7320706 0.5277327 0.7320706 0.5277327 0.8512266 0.5277327 0.7916486 0.5277327 0.7916486 0.5277327 0.9108046 0.5277327 0.8512266 0.5277327 0.8512266 0.5277327 0.7916486 0.5277327 0.7320706 0.5277327 0.7320706 0.5277327 0.8512266 0.5277327 0.7916486 0.5277327 0.7916486 0.5277327 0.9108046 0.5277327 0.8512266 0.5277327 0.8512266 0.5277327 0.7916486 0.5277327 0.7320706 0.5277327 0.7320706 0.5277327 0.8512266 0.5277327 0.7916486 0.5277327 0.7916486 0.5277327 0.9108046 0.5277327 0.8512266 0.5277327 0.8512266 0.5277327 0.7916486 0.5277327 0.7320706 0.5277327 0.7320706 0.5277327 0.8512266 0.5277327 0.7916486 0.5277327 0.7916486 0.5277327 0.9108046 0.5277327 0.8512266 0.5277327 0.8512266 0.5277327 0.9108046 0.5277327 0.8512266 0.5277327 0.8512266 0.5277327 0.7916486 0.5277327 0.7320706 0.5277327 0.7320706 0.5277327 0.8512266 0.5277327 0.7916486 0.5277327 0.7916486 0.5277327 0.9108046 0.5277327 0.8512266 0.5277327 0.8512266 0.5277327 0.7916486 0.5277327 0.7320706 0.5277327 0.7320706 0.5277327 0.8512266 0.5277327 0.7916486 0.5277327 0.7916486 0.5277327 0.9108046 0.5277327 0.8512266 0.5277327 0.8512266 0.5277327 0.7916486 0.5277327 0.7320706 0.5277327 0.7320706 0.5277327 0.8512266 0.5277327 0.7916486 0.5277327 0.7916486 0.5277327 0.9108046 0.5277327 0.8512266 0.5277327 0.8512266 0.5277327 0.7916486 0.5277327 0.7320706 0.5277327 0.7320706 0.5277327 0.8512266 0.5277327 0.7916486 0.5277327 0.7916486 0.5277327 0.8512266 0.5277327 0.7916486 0.5277327 0.7916486 0.5277327 0.9108046 0.5277327 0.8512266 0.5277327 0.8512266 0.5277327 0.7916486 0.5277327 0.7320706 0.5277327 0.7320706 0.5277327 0.7916486 0.5277327 0.7320706 0.5277327 0.7320706 0.5277327 0.8512266 0.5277327 0.7916486 0.5277327 0.7916486 0.5277327 0.9108046 0.5277327 0.8512266 0.5277327 0.8512266 0.5277327 0.7916486 0.5277327 0.7320706 0.5277327 0.7320706 0.5277327 0.8512266 0.5277327 0.7916486 0.5277327 0.7916486 0.5277327 0.9108046 0.5277327 0.8512266 0.5277327 0.8512266 0.5277327 0.7916486 0.5277327 0.7320706 0.5277327 0.7320706 0.5277327 0.8512266 0.5277327 0.7916486 0.5277327 0.7916486 0.5277327 0.9108046 0.5277327 0.8512266 0.5277327 0.8512266 0.5277327 0.7916486 0.5277327 0.7320706 0.5277327 0.7320706 0.5277327 0.8512266 0.5277327 0.7916486 0.5277327 0.7916486 0.5277327 0.9108046 0.5277327 0.8512266 0.5277327 0.8512266 0.5277327 0.7916486 0.5277327 0.7320706 0.5277327 0.7320706 0.5277327 0.8512266 0.5277327 0.7916486 0.5277327 0.7916486 0.5277327 0.9108046 0.5277327 0.8512266 0.5277327 0.8512266 0.5277327 0.7916486 0.5277327 0.7320706 0.5277327 0.7320706 0.5277327 0.8512266 0.5277327 0.7916486 0.5277327 0.7916486 0.5277327 0.9108046 0.5277327 0.8512266 0.5277327 0.8512266 0.5277327 0.9108046 0.5277327 0.8512266 0.5277327 0.8512266 0.5277327 0.7916486 0.5277327 0.7320706 0.5277327 0.7320706 0.5277327 0.8512266 0.5277327 0.7916486 0.5277327 0.7916486 0.5277327 0.9108046 0.5277327 0.8512266 0.5277327 0.8512266 0.5277327 0.7916486 0.5277327 0.7320706 0.5277327 0.7320706 0.5277327 0.8512266 0.5277327 0.7916486 0.5277327 0.7916486 0.5277327 0.9108046 0.5277327 0.8512266 0.5277327 0.8512266 0.5277327 0.7916486 0.5277327 0.7320706 0.5277327 0.7320706 0.5277327 0.8512266 0.5277327 0.7916486 0.5277327 0.7916486 0.5277327 0.9108046 0.5277327 0.8512266 0.5277327 0.8512266 0.5277327 0.7916486 0.5277327 0.7320706 0.5277327 0.7320706 0.5277327 0.8512266 0.5277327 0.7916486 0.5277327 0.7916486 0.5 0.953125 0.53125 0.953125 0.53125 0.9375 0.4979438 0.9108046 0.5277327 0.9108046 0.5277327 0.9231492 0.6766778 0.9108046 0.7064668 0.9108046 0.7064668 0.9231492 0.6875 0.953125 0.71875 0.953125 0.71875 0.9375 0.5277327 0.9108046 0.5575218 0.9108046 0.5575218 0.9231492 0.53125 0.953125 0.5625 0.953125 0.5625 0.9375 0.05620831 0.9231492 0.04600912 0.9282489 0.04600912 0.9108046 0.9498784 0.9108045 0.9498785 0.9282489 0.9396793 0.9231492 0 0.953125 0.03125 0.953125 0.03125 0.9375 0.9396792 0.9108046 0.9396793 0.9231492 0.9149898 0.9231492 0.9375 0.953125 0.96875 0.953125 0.96875 0.9375 0.96875 0.953125 1 0.953125 1 0.9375 1 0.953125 1 0.953125 1 0.9375 0.375 0.953125 0.5 0.953125 0.5 0.9375 0.125 0.953125 0.25 0.953125 0.25 0.9375 0.71875 0.953125 0.75 0.953125 0.75 0.9375 0.25 0.953125 0.375 0.953125 0.375 0.9375 0.5625 0.953125 0.625 0.953125 0.625 0.9375 0.8125 0.953125 0.875 0.953125 0.875 0.9375 0.625 0.953125 0.6875 0.953125 0.6875 0.9375 0.75 0.953125 0.8125 0.953125 0.8125 0.9375 0.0625 0.953125 0.125 0.953125 0.125 0.9375 0.03125 0.953125 0.0625 0.953125 0.0625 0.9375 0.875 0.953125 0.9375 0.953125 0.9375 0.9375 0.8554118 0.9108046 0.8554118 0.9231492 0.7958338 0.9231492 0 0.953125 0 0.953125 0 0.96875 0.04600912 0.9108046 0.04600912 0.9282489 0.02131974 0.9256991 0.08089774 0.9108046 0.08089774 0.9231492 0.05620831 0.9231492 0.1404758 0.9108046 0.1404758 0.9231492 0.08089774 0.9231492 0.7064668 0.9108046 0.7362558 0.9108046 0.7362558 0.9231492 0.6170998 0.9108046 0.6766778 0.9108046 0.6766778 0.9231492 0.9498784 0.9108045 0.9745678 0.9108046 0.9745678 0.9256991 0.9149898 0.9108046 0.9149898 0.9231492 0.8554118 0.9231492 0.3787878 0.9108046 0.4979438 0.9108046 0.4979438 0.9231492 0.1404758 0.9108046 0.2596318 0.9108046 0.2596318 0.9231492 0.7362558 0.9108046 0.7958338 0.9108046 0.7958338 0.9231492 0.2596318 0.9108046 0.3787878 0.9108046 0.3787878 0.9231492 0.5575218 0.9108046 0.6170998 0.9108046 0.6170998 0.9231492 0.6170998 0.9108046 0.5575218 0.9108046 0.5277327 0.9108046 0.5575218 0.9108046 0.5277327 0.9108046 0.5277327 0.9108046 0.6766778 0.9108046 0.6170998 0.9108046 0.5277327 0.9108046 0.6170998 0.9108046 0.5277327 0.9108046 0.5277327 0.9108046 0.7064668 0.9108046 0.6766778 0.9108046 0.5277327 0.9108046 0.6766778 0.9108046 0.5277327 0.9108046 0.5277327 0.9108046 0.5277327 0.9108046 0.5277327 0.9108046 0.7362558 0.8512266 0.7362558 0.7916486 0.7362558 0.8512266 0.5277327 0.9108046 0.7362558 0.8512266 0.5277327 0.9108046 0.5277327 0.9108046 0.7362558 0.7916486 0.5277327 0.9108046 0.5277327 0.9108046 0.5277327 0.9108046 0.5277327 0.9108046 0.7362558 0.7320706 0.7362558 0.6129146 0.7362558 0.6724926 0.5277327 0.9108046 0.7362558 0.6724926 0.5277327 0.9108046 0.5277327 0.9108046 0.7362558 0.5533366 0.7362558 0.6129146 0.5277327 0.9108046 0.7362558 0.6129146 0.5277327 0.9108046 0.5277327 0.9108046 0.5277327 0.9108046 0.6766778 0.4937586 0.7064668 0.4937586 0.7064668 0.4937586 0.7362558 0.4937586 0.7362558 0.5533366 0.7362558 0.5533366 0.5277327 0.9108046 0.5277327 0.9108046 0.6170998 0.4937586 0.6766778 0.4937586 0.5277327 0.9108046 0.6766778 0.4937586 0.5277327 0.9108046 0.5277327 0.9108046 0.6766778 0.4937586 0.5277327 0.9108046 0.5277327 0.9108046 0.6170998 0.4937586 0.5277327 0.9108046 0.5277327 0.9108046 0.5277327 0.9108046 0.5277327 0.9108046 0.5575218 0.4937586</float_array>
          <technique_common>
            <accessor source="#Plane_002-mesh-map-0-array" count="4614" stride="2">
              <param name="S" type="float"/>
              <param name="T" type="float"/>
            </accessor>
          </technique_common>
        </source>
        <vertices id="Plane_002-mesh-vertices">
          <input semantic="POSITION" source="#Plane_002-mesh-positions"/>
        </vertices>
        <triangles material="mavi-material" count="1284">
          <input semantic="VERTEX" source="#Plane_002-mesh-vertices" offset="0"/>
          <input semantic="NORMAL" source="#Plane_002-mesh-normals" offset="1"/>
          <input semantic="TEXCOORD" source="#Plane_002-mesh-map-0" offset="2" set="0"/>
          <p>338 0 0 312 0 1 341 0 2 427 1 3 485 1 4 490 1 5 2 2 6 359 2 7 358 2 8 1 3 9 328 3 10 327 3 11 3 4 12 313 4 13 312 4 14 0 5 15 343 5 16 342 5 17 8 3 18 41 3 19 40 3 20 9 2 21 607 2 22 606 2 23 756 1 24 489 1 25 766 1 26 42 0 27 316 0 28 319 0 29 200 0 30 317 0 31 324 0 32 754 1 33 377 1 34 758 1 35 14 3 36 203 3 37 202 3 38 12 2 39 43 2 40 42 2 41 18 2 42 181 2 43 180 2 44 16 3 45 559 3 46 558 3 47 761 1 48 379 1 49 760 1 50 568 0 51 318 0 52 582 0 53 560 0 54 122 0 55 565 0 56 116 1 57 570 1 58 575 1 59 215 1 60 27 1 61 204 1 62 205 0 63 121 0 64 214 0 65 44 0 66 120 0 67 123 0 68 114 1 69 45 1 70 117 1 71 20 5 72 588 5 73 590 5 74 21 4 75 113 4 76 112 4 77 555 1 78 273 1 79 537 1 80 329 0 81 112 0 82 334 0 83 35 5 84 145 5 85 144 5 86 561 0 87 544 0 88 591 0 89 531 0 90 188 0 91 29 0 92 535 1 93 33 1 94 206 1 95 207 0 96 543 0 97 550 0 98 46 0 99 542 0 100 545 0 101 527 1 102 47 1 103 530 1 104 30 4 105 526 4 106 525 4 107 409 1 108 274 1 109 280 1 110 330 0 111 525 0 112 553 0 113 38 0 117 545 0 118 543 0 119 26 0 123 123 0 124 121 0 125 42 2 126 11 2 127 9 2 128 12 0 129 319 0 130 317 0 131 758 1 132 390 1 133 757 1 134 40 3 135 15 3 136 14 3 137 51 0 138 133 0 139 131 0 140 331 0 144 134 0 145 335 0 146 411 1 147 275 1 148 283 1 149 53 4 150 135 4 151 134 4 152 136 1 153 58 1 154 139 1 155 59 0 156 130 0 157 133 0 158 208 0 159 131 0 160 217 0 161 216 6 162 56 6 163 209 6 164 138 1 165 572 1 166 576 1 167 562 0 168 132 0 169 566 0 170 48 5 171 119 5 172 118 5 173 68 0 177 149 0 178 147 0 179 65 5 180 247 5 181 246 5 182 563 0 183 148 0 184 567 0 185 593 0 186 26 0 187 205 0 188 219 1 189 63 1 190 210 1 191 211 0 192 147 0 193 218 0 194 70 0 195 146 0 196 149 0 197 60 4 201 151 4 202 150 4 203 415 1 204 280 1 205 311 1 206 332 0 207 150 0 208 336 0 209 598 0 210 21 0 211 329 0 212 475 0 213 157 0 214 481 0 215 474 0 216 140 0 217 480 0 218 141 1 219 469 1 220 479 1 221 473 0 225 546 0 226 557 0 227 124 1 228 468 1 229 478 1 230 472 0 231 125 0 232 477 0 233 466 0 234 320 0 235 486 0 236 755 1 237 380 1 238 754 1 239 74 3 240 471 3 241 470 3 242 72 2 243 167 2 244 166 2 245 191 0 246 158 0 247 199 0 248 159 1 249 185 1 250 198 1 251 142 1 252 184 1 253 197 1 254 190 0 255 143 0 256 196 0 257 189 0 258 547 0 259 549 0 260 532 1 261 183 1 262 534 1 263 188 0 264 126 0 265 195 0 266 127 1 267 182 1 268 194 1 269 86 2 270 271 2 271 270 2 272 84 3 273 187 3 274 186 3 275 763 1 276 385 1 277 762 1 278 180 0 279 321 0 280 323 0 281 577 1 282 192 1 283 83 1 284 193 0 285 172 0 286 156 0 287 476 0 288 498 0 289 604 0 290 442 1 291 588 1 292 22 1 293 99 0 294 508 0 295 533 0 296 333 0 300 108 0 301 598 0 302 601 1 303 277 1 304 596 1 305 101 4 306 573 4 307 108 4 308 107 0 312 574 0 313 508 0 314 212 0 315 533 0 316 593 0 317 592 1 318 104 1 319 213 1 320 272 1 321 577 1 322 88 1 323 564 0 324 531 0 325 605 0 326 96 5 327 501 5 328 500 5 329 93 1 330 194 1 331 184 1 332 195 0 333 92 0 334 190 0 335 477 0 336 81 0 337 474 0 338 80 1 339 478 1 340 469 1 341 118 5 342 22 5 343 20 5 344 121 0 345 59 0 346 51 0 347 334 0 351 53 0 352 331 0 353 400 1 354 279 1 355 274 1 356 112 4 357 54 4 358 53 4 359 55 1 360 117 1 361 58 1 362 123 0 363 50 0 364 59 0 365 214 0 366 51 0 367 208 0 368 209 7 369 115 7 370 215 7 371 57 1 372 575 1 373 572 1 374 565 0 375 52 0 376 562 0 377 196 0 378 293 0 379 305 0 380 301 1 381 197 1 382 304 1 383 300 1 384 479 1 385 485 1 386 480 0 387 292 0 388 484 0 389 566 0 390 290 0 391 581 0 392 298 1 393 576 1 394 580 1 395 297 1 396 216 1 397 307 1 398 217 0 399 289 0 400 306 0 401 133 0 402 288 0 403 291 0 404 296 1 405 139 1 406 299 1 407 134 4 408 295 4 409 294 4 410 750 1 411 313 1 412 417 1 413 335 0 414 294 0 415 340 0 416 299 1 417 137 1 418 297 1 419 131 0 420 291 0 421 289 0 422 128 5 423 49 5 424 48 5 425 90 1 426 198 1 427 183 1 428 199 0 429 91 0 430 189 0 431 481 0 432 78 0 433 473 0 434 533 0 435 44 0 436 26 0 437 336 0 438 30 0 439 330 0 440 398 1 441 283 1 442 273 1 443 150 4 444 31 4 445 30 4 446 32 1 447 155 1 448 47 1 449 149 0 450 37 0 451 46 0 452 218 0 453 38 0 454 207 0 455 206 8 456 153 8 457 219 8 458 498 0 459 162 0 460 76 0 461 567 0 462 39 0 463 561 0 464 147 0 465 46 0 466 38 0 467 144 5 471 66 5 472 65 5 473 157 0 474 163 0 475 78 0 476 204 1 477 169 1 478 592 1 479 302 1 480 141 1 481 300 1 482 140 0 483 303 0 484 292 0 485 125 0 486 164 0 487 81 0 488 170 1 489 124 1 490 80 1 491 109 0 492 178 0 493 498 0 494 172 0 495 266 0 496 89 0 497 166 2 498 569 2 499 568 2 500 82 0 504 179 0 505 157 0 506 81 0 507 176 0 508 140 0 509 177 1 510 80 1 511 141 1 512 204 1 513 595 1 514 222 1 515 78 0 516 548 0 517 546 0 518 174 1 519 77 1 520 124 1 521 76 0 522 175 0 523 125 0 524 72 0 525 322 0 526 320 0 527 759 1 528 383 1 529 756 1 530 160 3 531 75 3 532 74 3 533 148 0 534 189 0 535 39 0 536 183 1 537 154 1 538 34 1 539 304 1 540 138 1 541 298 1 542 132 0 543 305 0 544 290 0 545 122 0 546 190 0 547 52 0 548 184 9 549 116 9 550 57 9 551 100 0 552 156 0 553 531 0 554 83 1 555 105 1 556 79 1 557 18 0 558 323 0 559 318 0 560 760 1 561 585 1 562 768 1 563 186 3 564 17 3 565 16 3 566 194 10 567 28 10 568 116 10 569 29 0 570 195 0 571 122 0 572 534 1 573 34 1 574 529 1 575 39 0 576 549 0 577 544 0 578 52 0 579 196 0 580 132 0 581 197 1 582 57 1 583 138 1 584 198 1 585 64 1 586 154 1 587 69 0 588 199 0 589 148 0 590 180 2 591 87 2 592 86 2 593 206 1 594 229 1 595 223 1 596 239 0 597 207 0 598 233 0 599 238 0 600 306 0 601 309 0 602 307 1 603 228 1 604 308 1 605 209 1 606 227 1 607 224 1 608 237 0 609 208 0 610 234 0 611 592 1 612 226 1 613 595 1 614 236 0 615 593 0 616 594 0 617 235 0 618 218 0 619 239 0 620 219 1 621 225 1 622 229 1 623 216 1 624 224 1 625 228 1 626 234 0 627 217 0 628 238 0 629 233 0 630 550 0 631 551 0 632 535 1 633 223 1 634 536 1 635 232 0 636 214 0 637 237 0 638 215 1 639 222 1 640 227 1 641 202 3 642 231 3 643 230 3 644 757 1 645 393 1 646 764 1 647 220 0 648 324 0 649 325 0 650 200 2 651 13 2 652 12 2 653 358 0 654 325 0 655 372 0 656 764 1 657 463 1 658 752 1 659 230 3 660 361 3 661 360 3 662 556 1 663 36 1 664 541 1 665 362 0 666 237 0 667 367 0 668 455 1 669 49 1 670 129 1 671 363 0 672 551 0 673 554 0 674 364 0 675 238 0 676 368 0 677 457 1 678 66 1 679 145 1 680 461 1 681 129 1 682 287 1 683 365 0 684 239 0 685 369 0 686 366 0 687 594 0 688 599 0 689 603 1 690 97 1 691 588 1 692 367 0 693 234 0 694 364 0 695 446 1 696 119 1 697 49 1 698 753 11 699 315 11 700 734 11 701 368 0 702 309 0 703 371 0 704 369 0 705 233 0 706 363 0 707 444 1 708 145 1 709 36 1 710 220 2 711 201 2 712 200 2 713 448 1 714 247 1 715 66 1 716 370 0 717 235 0 718 365 0 719 262 0 720 211 0 721 235 0 722 210 1 723 263 1 724 225 1 725 185 1 726 244 1 727 64 1 728 250 0 729 191 0 730 69 0 731 108 4 732 23 4 733 21 4 734 252 0 735 165 0 736 82 0 737 258 0 738 95 0 739 191 0 740 94 1 741 259 1 742 185 1 743 396 1 744 596 1 745 272 1 746 483 0 747 82 0 748 475 0 749 246 5 750 734 5 751 733 5 752 249 0 756 70 0 757 68 0 758 578 0 759 69 0 760 563 0 761 599 0 762 232 0 763 362 0 764 210 1 765 243 1 766 260 1 767 261 0 768 68 0 769 211 0 770 251 0 771 67 0 772 70 0 773 240 4 777 61 4 778 60 4 779 402 1 780 284 1 781 275 1 782 337 0 783 60 0 784 332 0 785 255 0 786 269 0 787 95 0 788 275 1 789 254 1 790 94 1 791 273 1 792 159 1 793 90 1 794 158 0 795 267 0 796 91 0 797 143 0 798 310 0 799 293 0 800 311 1 801 142 1 802 301 1 803 274 1 804 127 1 805 93 1 806 126 0 807 268 0 808 92 0 809 596 1 810 111 1 811 577 1 812 110 0 813 597 0 814 172 0 815 270 2 816 339 2 817 338 2 818 95 0 819 282 0 820 158 0 821 283 1 822 94 1 823 159 1 824 280 1 825 93 1 826 142 1 827 92 0 828 281 0 829 143 0 830 91 0 831 552 0 832 547 0 833 537 1 834 90 1 835 532 1 836 89 0 837 278 0 838 126 0 839 279 1 840 88 1 841 127 1 842 264 3 843 85 3 844 84 3 845 762 1 846 388 1 847 761 1 848 86 0 849 326 0 850 321 0 851 434 1 852 308 1 853 436 1 854 293 0 855 354 0 856 349 0 857 371 0 858 353 0 859 373 0 860 361 1 861 437 1 862 465 1 863 203 1 864 437 1 865 231 1 866 309 0 867 352 0 868 353 0 869 290 0 870 351 0 871 346 0 872 430 1 873 300 1 874 427 1 875 292 0 876 350 0 877 348 0 878 161 1 879 426 1 880 75 1 881 289 0 882 347 0 883 345 0 884 423 1 885 580 1 886 586 1 887 340 0 888 355 0 889 357 0 890 417 1 891 7 1 892 339 1 893 294 4 894 356 4 895 355 4 896 75 1 897 491 1 898 471 1 899 291 0 900 344 0 901 347 0 902 306 0 903 345 0 904 352 0 905 41 1 906 420 1 907 15 1 908 187 1 909 422 1 910 17 1 911 581 0 912 346 0 913 583 0 914 484 0 915 348 0 916 487 0 917 10 1 918 425 1 919 41 1 920 265 1 921 428 1 922 85 1 923 305 0 924 349 0 925 351 0 926 286 5 927 129 5 928 128 5 929 321 0 930 745 0 931 740 0 932 391 1 933 221 1 934 392 1 935 314 5 936 6 5 937 2 5 938 395 1 939 339 1 940 271 1 941 372 0 942 744 0 943 749 0 944 325 0 945 743 0 946 744 0 947 392 1 948 359 1 949 462 1 950 387 1 951 73 1 952 382 1 953 318 0 954 742 0 955 737 0 956 395 1 957 87 1 958 384 1 959 320 0 960 741 0 961 739 0 962 323 0 963 740 0 964 742 0 965 384 1 966 181 1 967 389 1 968 381 1 969 13 1 970 376 1 971 486 0 972 739 0 973 765 0 974 389 1 975 19 1 976 378 1 977 317 0 978 738 0 979 736 0 980 582 0 981 737 0 982 767 0 983 378 1 984 569 1 985 584 1 986 376 1 987 201 1 988 391 1 989 324 0 990 736 0 991 743 0 992 319 0 993 735 0 994 738 0 995 374 1 996 43 1 997 381 1 998 312 4 999 747 4 1000 746 4 1001 440 1 1002 311 1 1003 438 1 1004 341 0 1005 746 0 1006 748 0 1007 326 0 1008 748 0 1009 745 0 1010 407 1 1011 272 1 1012 279 1 1013 356 1 1014 414 1 1015 441 1 1016 310 0 1017 357 0 1018 354 0 1019 338 2 1020 7 2 1021 3 2 1022 285 0 1023 332 0 1024 269 0 1025 151 1 1026 403 1 1027 410 1 1028 526 1 1029 399 1 1030 538 1 1031 282 0 1032 330 0 1033 267 0 1034 281 0 1035 340 0 1036 310 0 1037 295 1 1038 408 1 1039 414 1 1040 135 1 1041 401 1 1042 408 1 1043 278 0 1044 331 0 1045 268 0 1046 113 1 1047 397 1 1048 406 1 1049 276 0 1050 598 0 1051 597 0 1052 269 0 1053 336 0 1054 282 0 1055 61 1 1056 413 1 1057 403 1 1058 54 1 1059 406 1 1060 401 1 1061 268 0 1062 335 0 1063 281 0 1064 267 0 1065 553 0 1066 552 0 1067 31 1 1068 410 1 1069 399 1 1070 266 0 1071 334 0 1072 278 0 1073 573 1 1074 404 1 1075 600 1 1076 327 3 1077 265 3 1078 264 3 1079 751 1 1080 394 1 1081 763 1 1082 270 0 1083 341 0 1084 326 0 1085 354 0 1086 327 0 1087 264 0 1088 5 1 1089 441 1 1090 328 1 1091 351 0 1092 84 0 1093 186 0 1094 438 1 1095 301 1 1096 429 1 1097 421 1 1098 307 1 1099 434 1 1100 487 0 1101 74 0 1102 470 0 1103 583 0 1104 16 0 1105 558 0 1106 432 1 1107 298 1 1108 423 1 1109 424 1 1110 297 1 1111 421 1 1112 352 0 1113 14 0 1114 202 0 1115 347 0 1116 8 0 1117 40 0 1118 418 1 1119 299 1 1120 424 1 1121 355 4 1122 5 4 1123 1 4 1124 453 1 1125 22 1 1126 119 1 1127 357 0 1128 1 0 1129 327 0 1130 15 1 1131 435 1 1132 203 1 1133 345 0 1134 40 0 1135 14 0 1136 429 1 1137 304 1 1138 432 1 1139 348 0 1140 160 0 1141 74 0 1142 17 1 1143 587 1 1144 559 1 1145 346 0 1146 186 0 1147 16 0 1148 353 0 1149 202 0 1150 230 0 1151 436 1 1152 460 1 1153 464 1 1154 328 1 1155 439 1 1156 265 1 1157 373 0 1158 230 0 1159 360 0 1160 349 0 1161 264 0 1162 84 0 1163 85 1 1164 433 1 1165 187 1 1166 342 5 1167 287 5 1168 286 5 1169 342 0 1170 360 0 1171 0 0 1172 314 0 1173 749 0 1174 733 0 1175 343 1 1176 461 1 1177 287 1 1178 462 1 1179 6 1 1180 315 1 1181 286 0 1182 373 0 1183 342 0 1184 246 0 1185 365 0 1186 65 0 1187 229 1 1188 449 1 1189 456 1 1190 536 1 1191 445 1 1192 539 1 1193 144 0 1194 363 0 1195 35 0 1196 128 0 1197 371 0 1198 286 0 1199 308 1 1200 454 1 1201 460 1 1202 228 1 1203 447 1 1204 454 1 1205 118 0 1206 364 0 1207 48 0 1208 227 1 1209 443 1 1210 452 1 1211 96 0 1212 599 0 1213 590 0 1214 65 0 1215 369 0 1216 144 0 1217 225 1 1218 459 1 1219 449 1 1220 224 1 1221 452 1 1222 447 1 1223 48 0 1224 368 0 1225 128 0 1226 35 0 1227 554 0 1228 540 0 1229 223 1 1230 456 1 1231 445 1 1232 20 0 1233 367 0 1234 118 0 1235 595 1 1236 450 1 1237 602 1 1238 360 3 1239 4 3 1240 0 3 1241 4 12 1242 465 12 1243 343 12 1244 2 0 1245 372 0 1246 314 0 1247 358 2 1248 221 2 1249 220 2 1250 382 1 1389 467 1 1390 488 1 1391 488 1 1392 607 1 1393 619 1 1394 634 0 1401 470 0 1402 621 0 1403 633 0 1404 765 0 1405 770 0 1406 632 0 1407 487 0 1408 634 0 1409 471 1 1410 636 1 1411 622 1 1412 631 0 1413 475 0 1414 626 0 1415 630 0 1416 473 0 1417 624 0 1418 629 0 1419 484 0 1420 632 0 1421 485 1 1422 614 1 1423 618 1 1424 469 1 1425 613 1 1426 610 1 1427 628 0 1428 474 0 1429 625 0 1430 627 0 1431 604 0 1432 616 0 1433 470 3 1434 622 3 1435 621 3 1436 606 0 1437 486 0 1438 633 0 1439 623 0 1440 477 0 1441 628 0 1442 478 1 1443 608 1 1444 613 1 1445 624 0 1446 557 0 1447 639 0 1448 479 1 1449 610 1 1450 614 1 1451 625 0 1452 480 0 1453 629 0 1454 626 0 1455 481 0 1456 630 0 1457 766 1 1458 635 1 1459 769 1 1460 466 2 1461 73 2 1462 72 2 1463 490 1 1464 618 1 1465 620 1 1466 638 0 1467 476 0 1468 627 0 1469 500 0 1476 366 0 1477 96 0 1478 226 1 1479 522 1 1480 450 1 1481 516 0 1482 333 0 1483 276 0 1484 102 1 1485 520 1 1486 404 1 1487 277 1 1488 499 1 1489 111 1 1490 507 0 1491 276 0 1492 110 0 1493 519 0 1494 236 0 1495 366 0 1496 451 1 1497 501 1 1498 97 1 1499 213 1 1500 514 1 1501 226 1 1502 515 0 1503 212 0 1504 236 0 1505 504 0 1506 193 0 1507 100 0 1508 192 1 1509 496 1 1510 105 1 1511 506 0 1512 173 0 1513 109 0 1514 597 0 1515 329 0 1516 266 0 1517 500 5 1518 541 5 1519 540 5 1520 111 1 1521 510 1 1522 192 1 1523 511 0 1524 110 0 1525 193 0 1526 524 0 1527 109 0 1528 476 0 1529 23 1 1530 600 1 1531 397 1 1532 503 0 1533 107 0 1534 99 0 1535 518 0 1539 101 0 1540 333 0 1541 492 4 1542 102 4 1543 101 4 1544 103 1 1545 497 1 1546 106 1 1547 505 0 1548 98 0 1549 107 0 1550 512 0 1551 99 0 1552 212 0 1553 213 1 1554 495 1 1555 513 1 1556 590 0 1557 362 0 1558 20 0 1559 589 0 1560 100 0 1561 564 0 1562 405 1 1563 517 1 1564 277 1 1565 540 5 1566 36 5 1567 35 5 1568 639 0 1569 524 0 1570 638 0 1571 540 0 1578 519 0 1579 500 0 1580 514 1 1581 539 1 1582 522 1 1583 552 0 1584 518 0 1585 516 0 1586 493 1 1587 538 1 1588 520 1 1589 517 1 1590 532 1 1591 499 1 1592 547 0 1593 516 0 1594 507 0 1595 554 0 1596 515 0 1597 519 0 1598 523 1 1599 541 1 1600 501 1 1601 513 1 1602 536 1 1603 514 1 1604 551 0 1605 512 0 1606 515 0 1607 544 0 1608 511 0 1609 504 0 1610 510 1 1611 529 1 1612 496 1 1613 546 0 1614 509 0 1615 506 0 1616 222 1 1617 602 1 1618 443 1 1619 499 1 1620 534 1 1621 510 1 1622 549 0 1623 507 0 1624 511 0 1625 557 0 1626 506 0 1627 524 0 1628 543 0 1632 505 0 1633 503 0 1634 553 0 1638 492 0 1639 518 0 1640 525 4 1641 493 4 1642 492 4 1643 494 1 1644 530 1 1645 497 1 1646 545 0 1647 502 0 1648 505 0 1649 550 0 1650 503 0 1651 512 0 1652 513 15 1653 528 15 1654 535 15 1655 591 0 1659 504 0 1660 589 0 1661 521 1 1662 537 1 1663 517 1 1664 548 0 1665 589 0 1666 509 0 1667 509 0 1668 564 0 1669 173 0 1670 616 0 1671 472 0 1672 623 0 1673 559 1 1680 431 1 1681 161 1 1682 350 0 1683 558 0 1684 160 0 1685 584 1 1686 167 1 1687 387 1 1688 322 0 1689 767 0 1690 741 0 1691 303 0 1692 583 0 1693 350 0 1694 586 1 1695 302 1 1696 430 1 1697 594 0 1698 205 0 1699 232 0 1700 256 0 1701 563 0 1702 165 0 1703 768 1 1704 386 1 1705 759 1 1706 568 2 1707 19 2 1708 18 2 1709 179 0 1710 561 0 1711 163 0 1712 605 0 1713 29 0 1714 560 0 1715 580 1 1716 177 1 1717 302 1 1718 176 0 1719 581 0 1720 303 0 1721 175 0 1722 562 0 1723 164 0 1724 572 1 1725 174 1 1726 170 1 1727 173 0 1728 605 0 1729 178 0 1730 178 0 1731 560 0 1732 162 0 1733 508 0 1734 25 0 1735 44 0 1736 165 0 1737 567 0 1738 179 0 1739 164 0 1740 566 0 1741 176 0 1742 576 1 1743 170 1 1744 177 1 1745 182 1 1746 79 1 1747 28 1 1748 163 0 1749 591 0 1750 548 0 1751 575 1 1752 168 1 1753 174 1 1754 162 0 1755 565 0 1756 175 0 1757 166 0 1758 582 0 1759 322 0 1760 558 3 1761 161 3 1762 160 3 1763 604 0 1764 76 0 1765 472 0 1766 156 0 1767 89 0 1768 188 0 1769 88 1 1770 83 1 1771 182 1 1772 590 5 1773 97 5 1774 96 5 1775 574 0 1776 623 0 1777 25 0 1778 542 0 1782 638 0 1783 502 0 1784 637 1 1785 527 1 1786 494 1 1787 502 0 1788 627 0 1789 98 0 1790 612 1 1791 494 1 1792 103 1 1793 620 1 1794 296 1 1795 418 1 1796 769 1 1797 375 1 1798 755 1 1799 67 0 1803 630 0 1804 146 0 1805 50 0 1806 629 0 1807 130 0 1808 614 1 1809 55 1 1810 136 1 1811 527 1 1812 609 1 1813 32 1 1814 37 0 1815 639 0 1816 542 0 1817 613 1 1818 24 1 1819 114 1 1820 25 0 1821 628 0 1822 120 0 1823 9 0 1824 633 0 1825 316 0 1826 621 3 1827 10 3 1828 8 3 1829 98 0 1830 616 0 1831 574 0 1832 120 0 1836 625 0 1837 50 0 1838 610 1 1839 114 1 1840 55 1 1841 618 1 1842 136 1 1843 296 1 1844 130 0 1845 632 0 1846 288 0 1847 146 0 1848 624 0 1849 37 0 1850 609 1 1851 152 1 1852 32 1 1853 248 0 1857 626 0 1858 67 0 1859 622 1 1860 419 1 1861 10 1 1862 288 0 1863 634 0 1864 344 0 1865 316 0 1866 770 0 1867 735 0 1868 344 0 1869 621 0 1870 8 0 1871 619 1 1872 11 1 1873 374 1 1874 606 2 1881 467 2 1882 466 2 1883 609 16 1884 732 16 1885 640 16 1886 615 1 1893 640 1 1894 642 1 1895 640 1 1899 732 1 1900 644 1 1901 642 18 1902 644 18 1903 646 18 1904 644 21 1914 732 21 1915 648 21 1916 646 1 1917 648 1 1918 650 1 1919 650 1 1920 652 1 1921 654 1 1922 648 22 1929 732 22 1930 652 22 1931 654 23 1932 656 23 1933 658 23 1934 652 24 1941 732 24 1942 656 24 1943 658 1 1944 660 1 1945 662 1 1946 656 1 1953 732 1 1954 660 1 1955 662 26 1956 664 26 1957 666 26 1958 660 27 1965 732 27 1966 664 27 1967 666 1 1968 668 1 1969 670 1 1970 664 1 1977 732 1 1978 668 1 1979 668 29 1980 732 29 1981 672 29 1982 670 1 1983 672 1 1984 674 1 1985 672 1 1995 732 1 1996 676 1 1997 674 1 1998 676 1 1999 678 1 2000 676 1 2007 732 1 2008 680 1 2009 678 34 2010 680 34 2011 682 34 2012 680 37 2019 732 37 2020 684 37 2021 682 38 2022 684 38 2023 686 38 2024 684 1 2031 732 1 2032 687 1 2033 686 1 2034 687 1 2035 689 1 2036 687 1 2046 732 1 2047 691 1 2048 689 41 2049 691 41 2050 693 41 2051 693 1 2052 695 1 2053 697 1 2054 691 1 2061 732 1 2062 695 1 2063 697 1 2064 699 1 2065 701 1 2066 695 1 2073 732 1 2074 699 1 2075 701 43 2076 703 43 2077 705 43 2078 699 1 2085 732 1 2086 703 1 2087 705 1 2088 707 1 2089 709 1 2090 703 45 2097 732 45 2098 707 45 2099 709 1 2100 711 1 2101 713 1 2102 707 1 2109 732 1 2110 711 1 2111 711 46 2112 732 46 2113 715 46 2114 713 47 2115 715 47 2116 717 47 2117 715 48 2127 732 48 2128 719 48 2129 717 49 2130 719 49 2131 721 49 2132 719 1 2139 732 1 2140 723 1 2141 721 1 2142 723 1 2143 725 1 2144 723 1 2151 732 1 2152 727 1 2153 725 1 2154 727 1 2155 729 1 2156 727 1 2163 732 1 2164 637 1 2165 729 1 2166 637 1 2167 612 1 2168 735 0 2172 631 0 2173 248 0 2174 242 1 2175 769 1 2176 755 1 2177 257 1 2178 768 1 2179 759 1 2180 741 0 2181 578 0 2182 256 0 2183 617 1 2184 766 1 2185 769 1 2186 770 0 2187 483 0 2188 631 0 2189 733 0 2196 370 0 2197 246 0 2198 412 1 2199 763 1 2200 284 1 2201 745 0 2202 337 0 2203 285 0 2204 748 0 2205 240 0 2206 337 0 2207 746 4 2208 241 4 2209 240 4 2210 738 0 2211 248 0 2212 251 0 2213 743 0 2214 249 0 2215 261 0 2216 767 0 2217 250 0 2218 578 0 2219 736 0 2220 251 0 2221 249 0 2222 765 0 2223 252 0 2224 483 0 2225 742 0 2226 255 0 2227 258 0 2228 739 0 2229 256 0 2230 252 0 2231 737 0 2232 258 0 2233 250 0 2234 744 0 2235 261 0 2236 262 0 2237 749 0 2238 262 0 2239 370 0 2240 740 0 2241 285 0 2242 255 0 2243 254 1 2244 761 1 2245 259 1 2246 733 5 2247 315 5 2248 314 5 2249 458 1 2250 734 1 2251 247 1 2252 263 1 2253 752 1 2254 459 1 2255 260 1 2256 764 1 2257 263 1 2258 579 1 2259 760 1 2260 768 1 2261 253 1 2262 759 1 2263 756 1 2264 413 51 2265 747 51 2266 750 51 2267 284 1 2268 762 1 2269 254 1 2270 245 1 2271 755 1 2272 754 1 2273 260 1 2274 758 1 2275 757 1 2276 244 1 2277 761 1 2278 760 1 2279 243 1 2280 754 1 2281 758 1 2282 482 1 2283 756 1 2284 766 1 2285 617 1 2286 643 1 2287 482 1 2288 647 1 2289 651 1 2290 253 1 2291 655 1 2292 659 1 2293 257 1 2294 663 1 2295 244 1 2296 579 1 2297 663 52 2298 64 52 2299 244 52 2300 671 1 2301 675 1 2302 154 1 2303 154 53 2304 679 53 2305 34 53 2306 34 54 2307 683 54 2308 529 54 2309 529 55 2310 690 55 2311 496 55 2312 694 1 2313 698 1 2314 105 1 2315 702 56 2316 706 56 2317 79 56 2318 570 57 2319 79 57 2320 710 57 2321 718 1 2322 722 1 2323 77 1 2324 77 1 2325 726 1 2326 468 1 2327 608 1 2328 468 1 2329 730 1 2330 338 0 2331 3 0 2332 312 0 2333 427 1 2334 300 1 2335 485 1 2336 2 2 2337 6 2 2338 359 2 2339 1 3 2340 5 3 2341 328 3 2342 3 4 2343 7 4 2344 313 4 2345 0 5 2346 4 5 2347 343 5 2348 8 3 2349 10 3 2350 41 3 2351 9 2 2352 11 2 2353 607 2 2354 756 1 2355 383 1 2356 489 1 2357 42 0 2358 9 0 2359 316 0 2360 200 0 2361 12 0 2362 317 0 2363 754 1 2364 380 1 2365 377 1 2366 14 3 2367 15 3 2368 203 3 2369 12 2 2370 13 2 2371 43 2 2372 18 2 2373 19 2 2374 181 2 2375 16 3 2376 17 3 2377 559 3 2378 761 1 2379 388 1 2380 379 1 2381 568 0 2382 18 0 2383 318 0 2384 560 0 2385 29 0 2386 122 0 2387 116 1 2388 28 1 2389 570 1 2390 215 58 2391 115 58 2392 27 58 2393 205 0 2394 26 0 2395 121 0 2396 44 0 2397 25 0 2398 120 0 2399 114 1 2400 24 1 2401 45 1 2402 20 5 2403 22 5 2404 588 5 2405 21 4 2406 23 4 2407 113 4 2408 555 1 2409 398 1 2410 273 1 2411 329 0 2412 21 0 2413 112 0 2414 35 5 2415 36 5 2416 145 5 2417 561 0 2418 39 0 2419 544 0 2420 531 0 2421 156 0 2422 188 0 2423 535 1 2424 528 1 2425 33 1 2426 207 0 2427 38 0 2428 543 0 2429 46 0 2430 37 0 2431 542 0 2432 527 1 2433 32 1 2434 47 1 2435 30 4 2436 31 4 2437 526 4 2438 409 1 2439 400 1 2440 274 1 2441 330 0 2442 30 0 2443 525 0 2444 38 0 2448 46 0 2449 545 0 2450 26 0 2454 44 0 2455 123 0 2456 42 2 2457 43 2 2458 11 2 2459 12 0 2460 42 0 2461 319 0 2462 758 1 2463 377 1 2464 390 1 2465 40 3 2466 41 3 2467 15 3 2468 51 0 2469 59 0 2470 133 0 2471 331 0 2475 53 0 2476 134 0 2477 411 1 2478 402 1 2479 275 1 2480 53 4 2481 54 4 2482 135 4 2483 136 1 2484 55 1 2485 58 1 2486 59 0 2487 50 0 2488 130 0 2489 208 0 2490 51 0 2491 131 0 2492 216 1 2493 137 1 2494 56 1 2495 138 1 2496 57 1 2497 572 1 2498 562 0 2499 52 0 2500 132 0 2501 48 5 2502 49 5 2503 119 5 2504 68 0 2508 70 0 2509 149 0 2510 65 5 2511 66 5 2512 247 5 2513 563 0 2514 69 0 2515 148 0 2516 593 0 2517 533 0 2518 26 0 2519 219 1 2520 153 1 2521 63 1 2522 211 0 2523 68 0 2524 147 0 2525 70 0 2526 67 0 2527 146 0 2528 60 4 2532 61 4 2533 151 4 2534 415 1 2535 409 1 2536 280 1 2537 332 0 2538 60 0 2539 150 0 2540 598 0 2541 108 0 2542 21 0 2543 475 0 2544 82 0 2545 157 0 2546 474 0 2547 81 0 2548 140 0 2549 141 1 2550 80 1 2551 469 1 2552 473 0 2556 78 0 2557 546 0 2558 124 1 2559 77 1 2560 468 1 2561 472 0 2562 76 0 2563 125 0 2564 466 0 2565 72 0 2566 320 0 2567 755 1 2568 375 1 2569 380 1 2570 74 3 2571 75 3 2572 471 3 2573 72 2 2574 73 2 2575 167 2 2576 191 0 2577 95 0 2578 158 0 2579 159 1 2580 94 1 2581 185 1 2582 142 1 2583 93 1 2584 184 1 2585 190 0 2586 92 0 2587 143 0 2588 189 0 2589 91 0 2590 547 0 2591 532 1 2592 90 1 2593 183 1 2594 188 0 2595 89 0 2596 126 0 2597 127 1 2598 88 1 2599 182 1 2600 86 2 2601 87 2 2602 271 2 2603 84 3 2604 85 3 2605 187 3 2606 763 1 2607 394 1 2608 385 1 2609 180 0 2610 86 0 2611 321 0 2612 577 1 2613 111 1 2614 192 1 2615 193 0 2616 110 0 2617 172 0 2618 476 0 2619 109 0 2620 498 0 2621 442 1 2622 603 1 2623 588 1 2624 99 0 2625 107 0 2626 508 0 2627 333 0 2631 101 0 2632 108 0 2633 601 1 2634 405 1 2635 277 1 2636 101 4 2637 102 4 2638 573 4 2639 107 0 2643 98 0 2644 574 0 2645 212 0 2646 99 0 2647 533 0 2648 592 1 2649 169 1 2650 104 1 2651 272 1 2652 596 1 2653 577 1 2654 564 0 2655 100 0 2656 531 0 2657 96 5 2658 97 5 2659 501 5 2660 93 1 2661 127 1 2662 194 1 2663 195 0 2664 126 0 2665 92 0 2666 477 0 2667 125 0 2668 81 0 2669 80 1 2670 124 1 2671 478 1 2672 118 5 2673 119 5 2674 22 5 2675 121 0 2676 123 0 2677 59 0 2678 334 0 2682 112 0 2683 53 0 2684 400 1 2685 407 1 2686 279 1 2687 112 4 2688 113 4 2689 54 4 2690 55 1 2691 114 1 2692 117 1 2693 123 0 2694 120 0 2695 50 0 2696 214 0 2697 121 0 2698 51 0 2699 209 59 2700 56 59 2701 115 59 2702 57 1 2703 116 1 2704 575 1 2705 565 0 2706 122 0 2707 52 0 2708 196 0 2709 143 0 2710 293 0 2711 301 1 2712 142 1 2713 197 1 2714 300 1 2715 141 1 2716 479 1 2717 480 0 2718 140 0 2719 292 0 2720 566 0 2721 132 0 2722 290 0 2723 298 1 2724 138 1 2725 576 1 2726 297 60 2727 137 60 2728 216 60 2729 217 0 2730 131 0 2731 289 0 2732 133 0 2733 130 0 2734 288 0 2735 296 1 2736 136 1 2737 139 1 2738 134 4 2739 135 4 2740 295 4 2741 750 61 2742 747 61 2743 313 61 2744 335 0 2745 134 0 2746 294 0 2747 299 1 2748 139 1 2749 137 1 2750 131 0 2751 133 0 2752 291 0 2753 128 5 2754 129 5 2755 49 5 2756 90 1 2757 159 1 2758 198 1 2759 199 0 2760 158 0 2761 91 0 2762 481 0 2763 157 0 2764 78 0 2765 533 0 2766 508 0 2767 44 0 2768 336 0 2769 150 0 2770 30 0 2771 398 1 2772 411 1 2773 283 1 2774 150 4 2775 151 4 2776 31 4 2777 32 1 2778 152 1 2779 155 1 2780 149 0 2781 146 0 2782 37 0 2783 218 0 2784 147 0 2785 38 0 2786 206 1 2787 33 1 2788 153 1 2789 498 0 2790 178 0 2791 162 0 2792 567 0 2793 148 0 2794 39 0 2795 147 0 2796 149 0 2797 46 0 2798 144 5 2802 145 5 2803 66 5 2804 157 0 2805 179 0 2806 163 0 2807 204 1 2808 27 1 2809 169 1 2810 302 1 2811 177 1 2812 141 1 2813 140 0 2814 176 0 2815 303 0 2816 125 0 2817 175 0 2818 164 0 2819 170 1 2820 174 1 2821 124 1 2822 109 0 2823 173 0 2824 178 0 2825 172 0 2826 597 0 2827 266 0 2828 166 2 2829 167 2 2830 569 2 2831 82 0 2835 165 0 2836 179 0 2837 81 0 2838 164 0 2839 176 0 2840 177 1 2841 170 1 2842 80 1 2843 204 1 2844 592 1 2845 595 1 2846 78 0 2847 163 0 2848 548 0 2849 174 1 2850 168 1 2851 77 1 2852 76 0 2853 162 0 2854 175 0 2855 72 0 2856 166 0 2857 322 0 2858 759 1 2859 386 1 2860 383 1 2861 160 3 2862 161 3 2863 75 3 2864 148 0 2865 199 0 2866 189 0 2867 183 62 2868 198 62 2869 154 62 2870 304 63 2871 197 63 2872 138 63 2873 132 0 2874 196 0 2875 305 0 2876 122 0 2877 195 0 2878 190 0 2879 184 64 2880 194 64 2881 116 64 2882 100 0 2883 193 0 2884 156 0 2885 83 1 2886 192 1 2887 105 1 2888 18 0 2889 180 0 2890 323 0 2891 760 1 2892 379 1 2893 585 1 2894 186 3 2895 187 3 2896 17 3 2897 194 1 2898 182 1 2899 28 1 2900 29 0 2901 188 0 2902 195 0 2903 534 1 2904 183 1 2905 34 1 2906 39 0 2907 189 0 2908 549 0 2909 52 0 2910 190 0 2911 196 0 2912 197 65 2913 184 65 2914 57 65 2915 198 1 2916 185 1 2917 64 1 2918 69 0 2919 191 0 2920 199 0 2921 180 2 2922 181 2 2923 87 2 2924 206 1 2925 219 1 2926 229 1 2927 239 0 2928 218 0 2929 207 0 2930 238 0 2931 217 0 2932 306 0 2933 307 1 2934 216 1 2935 228 1 2936 209 1 2937 215 1 2938 227 1 2939 237 0 2940 214 0 2941 208 0 2942 592 1 2943 213 1 2944 226 1 2945 236 0 2946 212 0 2947 593 0 2948 235 0 2949 211 0 2950 218 0 2951 219 1 2952 210 1 2953 225 1 2954 216 1 2955 209 1 2956 224 1 2957 234 0 2958 208 0 2959 217 0 2960 233 0 2961 207 0 2962 550 0 2963 535 1 2964 206 1 2965 223 1 2966 232 0 2967 205 0 2968 214 0 2969 215 1 2970 204 1 2971 222 1 2972 202 3 2973 203 3 2974 231 3 2975 757 1 2976 390 1 2977 393 1 2978 220 0 2979 200 0 2980 324 0 2981 200 2 2982 201 2 2983 13 2 2984 358 0 2985 220 0 2986 325 0 2987 764 1 2988 393 1 2989 463 1 2990 230 3 2991 231 3 2992 361 3 2993 556 1 2994 444 1 2995 36 1 2996 362 0 2997 232 0 2998 237 0 2999 455 1 3000 446 1 3001 49 1 3002 363 0 3003 233 0 3004 551 0 3005 364 0 3006 234 0 3007 238 0 3008 457 1 3009 448 1 3010 66 1 3011 461 1 3012 455 1 3013 129 1 3014 365 0 3015 235 0 3016 239 0 3017 366 0 3018 236 0 3019 594 0 3020 603 1 3021 451 1 3022 97 1 3023 367 0 3024 237 0 3025 234 0 3026 446 1 3027 453 1 3028 119 1 3029 753 1 3030 462 1 3031 315 1 3032 368 0 3033 238 0 3034 309 0 3035 369 0 3036 239 0 3037 233 0 3038 444 1 3039 457 1 3040 145 1 3041 220 2 3042 221 2 3043 201 2 3044 448 1 3045 458 1 3046 247 1 3047 370 0 3048 262 0 3049 235 0 3050 262 0 3051 261 0 3052 211 0 3053 210 1 3054 260 1 3055 263 1 3056 185 1 3057 259 1 3058 244 1 3059 250 0 3060 258 0 3061 191 0 3062 108 4 3063 573 4 3064 23 4 3065 252 0 3066 256 0 3067 165 0 3068 258 0 3069 255 0 3070 95 0 3071 94 1 3072 254 1 3073 259 1 3074 396 1 3075 601 1 3076 596 1 3077 483 0 3078 252 0 3079 82 0 3080 246 5 3081 247 5 3082 734 5 3083 249 0 3087 251 0 3088 70 0 3089 578 0 3090 250 0 3091 69 0 3092 599 0 3093 594 0 3094 232 0 3095 210 1 3096 63 1 3097 243 1 3098 261 0 3099 249 0 3100 68 0 3101 251 0 3102 248 0 3103 67 0 3104 240 4 3108 241 4 3109 61 4 3110 402 1 3111 412 1 3112 284 1 3113 337 0 3114 240 0 3115 60 0 3116 255 0 3117 285 0 3118 269 0 3119 275 1 3120 284 1 3121 254 1 3122 273 1 3123 283 1 3124 159 1 3125 158 0 3126 282 0 3127 267 0 3128 143 0 3129 281 0 3130 310 0 3131 311 1 3132 280 1 3133 142 1 3134 274 1 3135 279 1 3136 127 1 3137 126 0 3138 278 0 3139 268 0 3140 596 1 3141 277 1 3142 111 1 3143 110 0 3144 276 0 3145 597 0 3146 270 2 3147 271 2 3148 339 2 3149 95 0 3150 269 0 3151 282 0 3152 283 1 3153 275 1 3154 94 1 3155 280 1 3156 274 1 3157 93 1 3158 92 0 3159 268 0 3160 281 0 3161 91 0 3162 267 0 3163 552 0 3164 537 1 3165 273 1 3166 90 1 3167 89 0 3168 266 0 3169 278 0 3170 279 1 3171 272 1 3172 88 1 3173 264 3 3174 265 3 3175 85 3 3176 762 1 3177 385 1 3178 388 1 3179 86 0 3180 270 0 3181 326 0 3182 434 1 3183 307 1 3184 308 1 3185 293 0 3186 310 0 3187 354 0 3188 371 0 3189 309 0 3190 353 0 3191 361 1 3192 231 1 3193 437 1 3194 203 1 3195 435 1 3196 437 1 3197 309 0 3198 306 0 3199 352 0 3200 290 0 3201 305 0 3202 351 0 3203 430 1 3204 302 1 3205 300 1 3206 292 0 3207 303 0 3208 350 0 3209 161 1 3210 431 1 3211 426 1 3212 289 0 3213 291 0 3214 347 0 3215 423 1 3216 298 1 3217 580 1 3218 340 0 3219 294 0 3220 355 0 3221 417 1 3222 313 1 3223 7 1 3224 294 4 3225 295 4 3226 356 4 3227 75 1 3228 426 1 3229 491 1 3230 291 0 3231 288 0 3232 344 0 3233 306 0 3234 289 0 3235 345 0 3236 41 1 3237 425 1 3238 420 1 3239 187 1 3240 433 1 3241 422 1 3242 581 0 3243 290 0 3244 346 0 3245 484 0 3246 292 0 3247 348 0 3248 10 1 3249 419 1 3250 425 1 3251 265 1 3252 439 1 3253 428 1 3254 305 0 3255 293 0 3256 349 0 3257 286 5 3258 287 5 3259 129 5 3260 321 0 3261 326 0 3262 745 0 3263 391 1 3264 201 1 3265 221 1 3266 314 5 3267 315 5 3268 6 5 3269 395 1 3270 417 1 3271 339 1 3272 372 0 3273 325 0 3274 744 0 3275 325 0 3276 324 0 3277 743 0 3278 392 1 3279 221 1 3280 359 1 3281 387 1 3282 167 1 3283 73 1 3284 318 0 3285 323 0 3286 742 0 3287 395 1 3288 271 1 3289 87 1 3290 320 0 3291 322 0 3292 741 0 3293 323 0 3294 321 0 3295 740 0 3296 384 1 3297 87 1 3298 181 1 3299 381 1 3300 43 1 3301 13 1 3302 486 0 3303 320 0 3304 739 0 3305 389 1 3306 181 1 3307 19 1 3308 317 0 3309 319 0 3310 738 0 3311 582 0 3312 318 0 3313 737 0 3314 378 1 3315 19 1 3316 569 1 3317 376 1 3318 13 1 3319 201 1 3320 324 0 3321 317 0 3322 736 0 3323 319 0 3324 316 0 3325 735 0 3326 374 1 3327 11 1 3328 43 1 3329 312 4 3330 313 4 3331 747 4 3332 440 1 3333 415 1 3334 311 1 3335 341 0 3336 312 0 3337 746 0 3338 326 0 3339 341 0 3340 748 0 3341 407 1 3342 396 1 3343 272 1 3344 356 1 3345 295 1 3346 414 1 3347 310 0 3348 340 0 3349 357 0 3350 338 2 3351 339 2 3352 7 2 3353 285 0 3354 337 0 3355 332 0 3356 151 1 3357 61 1 3358 403 1 3359 526 1 3360 31 1 3361 399 1 3362 282 0 3363 336 0 3364 330 0 3365 281 0 3366 335 0 3367 340 0 3368 295 1 3369 135 1 3370 408 1 3371 135 1 3372 54 1 3373 401 1 3374 278 0 3375 334 0 3376 331 0 3377 113 1 3378 23 1 3379 397 1 3380 276 0 3381 333 0 3382 598 0 3383 269 0 3384 332 0 3385 336 0 3386 61 1 3387 241 1 3388 413 1 3389 54 1 3390 113 1 3391 406 1 3392 268 0 3393 331 0 3394 335 0 3395 267 0 3396 330 0 3397 553 0 3398 31 1 3399 151 1 3400 410 1 3401 266 0 3402 329 0 3403 334 0 3404 573 1 3405 102 1 3406 404 1 3407 327 3 3408 328 3 3409 265 3 3410 751 1 3411 416 1 3412 394 1 3413 270 0 3414 338 0 3415 341 0 3416 354 0 3417 357 0 3418 327 0 3419 5 66 3420 356 66 3421 441 66 3422 351 0 3423 349 0 3424 84 0 3425 438 1 3426 311 1 3427 301 1 3428 421 1 3429 297 1 3430 307 1 3431 487 0 3432 348 0 3433 74 0 3434 583 0 3435 346 0 3436 16 0 3437 432 1 3438 304 1 3439 298 1 3440 424 1 3441 299 1 3442 297 1 3443 352 0 3444 345 0 3445 14 0 3446 347 0 3447 344 0 3448 8 0 3449 418 1 3450 296 1 3451 299 1 3452 355 4 3453 356 4 3454 5 4 3455 453 1 3456 442 1 3457 22 1 3458 357 0 3459 355 0 3460 1 0 3461 15 1 3462 420 1 3463 435 1 3464 345 0 3465 347 0 3466 40 0 3467 429 1 3468 301 1 3469 304 1 3470 348 0 3471 350 0 3472 160 0 3473 17 1 3474 422 1 3475 587 1 3476 346 0 3477 351 0 3478 186 0 3479 353 0 3480 352 0 3481 202 0 3482 436 1 3483 308 1 3484 460 1 3485 328 1 3486 441 1 3487 439 1 3488 373 0 3489 353 0 3490 230 0 3491 349 0 3492 354 0 3493 264 0 3494 85 1 3495 428 1 3496 433 1 3497 342 5 3498 343 5 3499 287 5 3500 342 0 3501 373 0 3502 360 0 3503 314 0 3504 372 0 3505 749 0 3506 343 1 3507 465 1 3508 461 1 3509 462 1 3510 359 1 3511 6 1 3512 286 0 3513 371 0 3514 373 0 3515 246 0 3516 370 0 3517 365 0 3518 229 1 3519 225 1 3520 449 1 3521 536 1 3522 223 1 3523 445 1 3524 144 0 3525 369 0 3526 363 0 3527 128 0 3528 368 0 3529 371 0 3530 308 1 3531 228 1 3532 454 1 3533 228 1 3534 224 1 3535 447 1 3536 118 0 3537 367 0 3538 364 0 3539 227 1 3540 222 1 3541 443 1 3542 96 0 3543 366 0 3544 599 0 3545 65 0 3546 365 0 3547 369 0 3548 225 1 3549 263 1 3550 459 1 3551 224 1 3552 227 1 3553 452 1 3554 48 0 3555 364 0 3556 368 0 3557 35 0 3558 363 0 3559 554 0 3560 223 1 3561 229 1 3562 456 1 3563 20 0 3564 362 0 3565 367 0 3566 595 1 3567 226 1 3568 450 1 3569 360 3 3570 361 3 3571 4 3 3572 4 1 3573 361 1 3574 465 1 3575 2 0 3576 358 0 3577 372 0 3578 358 2 3579 359 2 3580 221 2 3581 382 1 3720 73 1 3721 467 1 3722 488 1 3723 467 1 3724 607 1 3725 634 0 3732 487 0 3733 470 0 3734 633 0 3735 486 0 3736 765 0 3737 632 0 3738 484 0 3739 487 0 3740 471 1 3741 491 1 3742 636 1 3743 631 0 3744 483 0 3745 475 0 3746 630 0 3747 481 0 3748 473 0 3749 629 0 3750 480 0 3751 484 0 3752 485 1 3753 479 1 3754 614 1 3755 469 1 3756 478 1 3757 613 1 3758 628 0 3759 477 0 3760 474 0 3761 627 0 3762 476 0 3763 604 0 3764 470 3 3765 471 3 3766 622 3 3767 606 0 3768 466 0 3769 486 0 3770 623 0 3771 472 0 3772 477 0 3773 478 1 3774 468 1 3775 608 1 3776 624 0 3777 473 0 3778 557 0 3779 479 1 3780 469 1 3781 610 1 3782 625 0 3783 474 0 3784 480 0 3785 626 0 3786 475 0 3787 481 0 3788 766 1 3789 489 1 3790 635 1 3791 466 2 3792 467 2 3793 73 2 3794 490 1 3795 485 1 3796 618 1 3797 638 0 3798 524 0 3799 476 0 3800 500 0 3807 519 0 3808 366 0 3809 226 1 3810 514 1 3811 522 1 3812 516 0 3813 518 0 3814 333 0 3815 102 1 3816 493 1 3817 520 1 3818 277 1 3819 517 1 3820 499 1 3821 507 0 3822 516 0 3823 276 0 3824 519 0 3825 515 0 3826 236 0 3827 451 1 3828 523 1 3829 501 1 3830 213 1 3831 513 1 3832 514 1 3833 515 0 3834 512 0 3835 212 0 3836 504 0 3837 511 0 3838 193 0 3839 192 1 3840 510 1 3841 496 1 3842 506 0 3843 509 0 3844 173 0 3845 597 0 3846 598 0 3847 329 0 3848 500 5 3849 501 5 3850 541 5 3851 111 1 3852 499 1 3853 510 1 3854 511 0 3855 507 0 3856 110 0 3857 524 0 3858 506 0 3859 109 0 3860 23 1 3861 573 1 3862 600 1 3863 503 0 3864 505 0 3865 107 0 3866 518 0 3870 492 0 3871 101 0 3872 492 4 3873 493 4 3874 102 4 3875 103 1 3876 494 1 3877 497 1 3878 505 0 3879 502 0 3880 98 0 3881 512 0 3882 503 0 3883 99 0 3884 213 1 3885 104 1 3886 495 1 3887 590 0 3888 599 0 3889 362 0 3890 589 0 3891 504 0 3892 100 0 3893 405 1 3894 521 1 3895 517 1 3896 540 5 3897 541 5 3898 36 5 3899 639 0 3900 557 0 3901 524 0 3902 540 0 3909 554 0 3910 519 0 3911 514 1 3912 536 1 3913 539 1 3914 552 0 3915 553 0 3916 518 0 3917 493 1 3918 526 1 3919 538 1 3920 517 1 3921 537 1 3922 532 1 3923 547 0 3924 552 0 3925 516 0 3926 554 0 3927 551 0 3928 515 0 3929 523 1 3930 556 1 3931 541 1 3932 513 1 3933 535 1 3934 536 1 3935 551 0 3936 550 0 3937 512 0 3938 544 0 3939 549 0 3940 511 0 3941 510 67 3942 534 67 3943 529 67 3944 546 0 3945 548 0 3946 509 0 3947 222 1 3948 595 1 3949 602 1 3950 499 1 3951 532 1 3952 534 1 3953 549 0 3954 547 0 3955 507 0 3956 557 0 3957 546 0 3958 506 0 3959 543 0 3963 545 0 3964 505 0 3965 553 0 3969 525 0 3970 492 0 3971 525 4 3972 526 4 3973 493 4 3974 494 1 3975 527 1 3976 530 1 3977 545 0 3978 542 0 3979 502 0 3980 550 0 3981 543 0 3982 503 0 3983 513 1 3984 495 1 3985 528 1 3986 591 0 3990 544 0 3991 504 0 3992 521 1 3993 555 1 3994 537 1 3995 548 0 3996 591 0 3997 589 0 3998 509 0 3999 589 0 4000 564 0 4001 616 0 4002 604 0 4003 472 0 4004 559 1 4011 587 1 4012 431 1 4013 350 0 4014 583 0 4015 558 0 4016 584 1 4017 569 1 4018 167 1 4019 322 0 4020 582 0 4021 767 0 4022 303 0 4023 581 0 4024 583 0 4025 586 1 4026 580 1 4027 302 1 4028 594 0 4029 593 0 4030 205 0 4031 256 0 4032 578 0 4033 563 0 4034 768 1 4035 585 1 4036 386 1 4037 568 2 4038 569 2 4039 19 2 4040 179 0 4041 567 0 4042 561 0 4043 605 0 4044 531 0 4045 29 0 4046 580 1 4047 576 1 4048 177 1 4049 176 0 4050 566 0 4051 581 0 4052 175 0 4053 565 0 4054 562 0 4055 572 1 4056 575 1 4057 174 1 4058 173 0 4059 564 0 4060 605 0 4061 178 0 4062 605 0 4063 560 0 4064 508 0 4065 574 0 4066 25 0 4067 165 0 4068 563 0 4069 567 0 4070 164 0 4071 562 0 4072 566 0 4073 576 1 4074 572 1 4075 170 1 4076 182 1 4077 83 1 4078 79 1 4079 163 0 4080 561 0 4081 591 0 4082 575 1 4083 570 1 4084 168 1 4085 162 0 4086 560 0 4087 565 0 4088 166 0 4089 568 0 4090 582 0 4091 558 3 4092 559 3 4093 161 3 4094 604 0 4095 498 0 4096 76 0 4097 156 0 4098 172 0 4099 89 0 4100 88 1 4101 577 1 4102 83 1 4103 590 5 4104 588 5 4105 97 5 4106 574 0 4107 616 0 4108 623 0 4109 542 0 4113 639 0 4114 638 0 4115 637 69 4116 732 69 4117 527 69 4118 502 0 4119 638 0 4120 627 0 4121 612 1 4122 637 1 4123 494 1 4124 620 1 4125 618 1 4126 296 1 4127 769 1 4128 635 1 4129 375 1 4130 67 0 4134 626 0 4135 630 0 4136 50 0 4137 625 0 4138 629 0 4139 614 1 4140 610 1 4141 55 1 4142 527 70 4143 732 70 4144 609 70 4145 37 0 4146 624 0 4147 639 0 4148 613 1 4149 608 1 4150 24 1 4151 25 0 4152 623 0 4153 628 0 4154 9 0 4155 606 0 4156 633 0 4157 621 3 4158 622 3 4159 10 3 4160 98 0 4161 627 0 4162 616 0 4163 120 0 4167 628 0 4168 625 0 4169 610 1 4170 613 1 4171 114 1 4172 618 1 4173 614 1 4174 136 1 4175 130 0 4176 629 0 4177 632 0 4178 146 0 4179 630 0 4180 624 0 4181 609 1 4182 615 1 4183 152 1 4184 248 0 4188 631 0 4189 626 0 4190 622 1 4191 636 1 4192 419 1 4193 288 0 4194 632 0 4195 634 0 4196 316 0 4197 633 0 4198 770 0 4199 344 0 4200 634 0 4201 621 0 4202 619 1 4203 607 1 4204 11 1 4205 606 2 4212 607 2 4213 467 2 4214 615 73 4221 609 73 4222 640 73 4223 642 75 4227 640 75 4228 644 75 4229 646 79 4239 644 79 4240 648 79 4241 650 80 4242 648 80 4243 652 80 4244 654 82 4251 652 82 4252 656 82 4253 658 85 4260 656 85 4261 660 85 4262 662 88 4269 660 88 4270 664 88 4271 666 91 4278 664 91 4279 668 91 4280 670 94 4287 668 94 4288 672 94 4289 674 97 4299 672 97 4300 676 97 4301 678 98 4308 676 98 4309 680 98 4310 682 101 4317 680 101 4318 684 101 4319 686 1 4326 684 1 4327 687 1 4328 689 1 4338 687 1 4339 691 1 4340 693 1 4341 691 1 4342 695 1 4343 697 103 4350 695 103 4351 699 103 4352 701 97 4359 699 97 4360 703 97 4361 705 106 4368 703 106 4369 707 106 4370 709 109 4377 707 109 4378 711 109 4379 713 111 4386 711 111 4387 715 111 4388 717 114 4398 715 114 4399 719 114 4400 721 116 4407 719 116 4408 723 116 4409 725 119 4416 723 119 4417 727 119 4418 729 122 4425 727 122 4426 637 122 4427 735 0 4431 770 0 4432 631 0 4433 242 1 4434 617 1 4435 769 1 4436 257 1 4437 579 1 4438 768 1 4439 741 0 4440 767 0 4441 578 0 4442 617 1 4443 482 1 4444 766 1 4445 770 0 4446 765 0 4447 483 0 4448 733 0 4455 749 0 4456 370 0 4457 412 1 4458 751 1 4459 763 1 4460 745 0 4461 748 0 4462 337 0 4463 748 0 4464 746 0 4465 240 0 4466 746 4 4467 747 4 4468 241 4 4469 738 0 4470 735 0 4471 248 0 4472 743 0 4473 736 0 4474 249 0 4475 767 0 4476 737 0 4477 250 0 4478 736 0 4479 738 0 4480 251 0 4481 765 0 4482 739 0 4483 252 0 4484 742 0 4485 740 0 4486 255 0 4487 739 0 4488 741 0 4489 256 0 4490 737 0 4491 742 0 4492 258 0 4493 744 0 4494 743 0 4495 261 0 4496 749 0 4497 744 0 4498 262 0 4499 740 0 4500 745 0 4501 285 0 4502 254 1 4503 762 1 4504 761 1 4505 733 5 4506 734 5 4507 315 5 4508 458 124 4509 753 124 4510 734 124 4511 263 1 4512 764 1 4513 752 1 4514 260 1 4515 757 1 4516 764 1 4517 579 1 4518 244 1 4519 760 1 4520 253 1 4521 257 1 4522 759 1 4523 413 1 4524 241 1 4525 747 1 4526 284 1 4527 763 1 4528 762 1 4529 245 1 4530 242 1 4531 755 1 4532 260 1 4533 243 1 4534 758 1 4535 244 125 4536 259 125 4537 761 125 4538 243 1 4539 245 1 4540 754 1 4541 482 1 4542 253 1 4543 756 1 4544 253 1 4545 482 1 4546 647 1 4547 482 1 4548 643 1 4549 647 1 4550 257 1 4551 253 1 4552 655 1 4553 253 126 4554 651 126 4555 655 126 4556 579 1 4557 257 1 4558 663 1 4559 257 127 4560 659 127 4561 663 127 4562 663 1 4563 667 1 4564 64 1 4565 154 1 4566 64 1 4567 671 1 4568 64 128 4569 667 128 4570 671 128 4571 154 1 4572 675 1 4573 679 1 4574 679 129 4575 683 129 4576 34 129 4577 105 130 4578 496 130 4579 694 130 4580 496 1 4581 690 1 4582 694 1 4583 79 131 4584 105 131 4585 702 131 4586 105 1 4587 698 1 4588 702 1 4589 710 1 4590 168 1 4591 570 1 4592 570 1 4593 28 1 4594 79 1 4595 79 1 4596 706 1 4597 710 1 4598 77 1 4599 168 1 4600 718 1 4601 168 1 4602 710 1 4603 714 1 4604 168 132 4605 714 132 4606 718 132 4607 77 133 4608 722 133 4609 726 133 4610 726 134 4611 730 134 4612 468 134 4613</p>
        </triangles>
        <triangles material="beyaz-material" count="254">
          <input semantic="VERTEX" source="#Plane_002-mesh-vertices" offset="0"/>
          <input semantic="NORMAL" source="#Plane_002-mesh-normals" offset="1"/>
          <input semantic="TEXCOORD" source="#Plane_002-mesh-map-0" offset="2" set="0"/>
          <p>530 1 114 33 1 115 528 1 116 117 1 120 27 1 121 115 1 122 139 1 141 56 1 142 137 1 143 155 1 174 63 1 175 153 1 176 152 1 198 71 1 199 155 1 200 45 1 222 169 1 223 27 1 224 571 1 297 104 1 298 169 1 299 171 1 309 106 1 310 571 1 311 58 1 348 115 1 349 56 1 350 47 1 468 153 1 469 33 1 470 24 1 501 571 1 502 45 1 503 71 1 753 243 1 754 63 1 755 62 1 774 245 1 775 71 1 776 384 1 1251 394 1 1252 395 1 1253 392 1 1254 390 1 1255 391 1 1256 378 1 1257 388 1 1258 389 1 1259 382 1 1260 386 1 1261 387 1 1262 389 1 1263 385 1 1264 384 1 1265 374 1 1266 635 1 1267 619 1 1268 376 1 1269 380 1 1270 381 1 1271 387 1 1272 585 1 1273 584 1 1274 391 1 1275 377 1 1276 376 1 1277 381 1 1278 375 1 1279 374 1 1280 395 1 1281 416 1 1282 417 1 1283 750 1 1284 416 1 1285 751 1 1286 414 13 1287 440 13 1288 441 13 1289 413 1 1290 402 1 1291 403 1 1292 410 1 1293 398 1 1294 399 1 1295 408 1 1296 415 1 1297 414 1 1298 406 1 1299 400 1 1300 401 1 1301 404 1 1302 601 1 1303 600 1 1304 403 1 1305 411 1 1306 410 1 1307 401 1 1308 409 1 1309 408 1 1310 399 1 1311 555 1 1312 538 1 1313 397 1 1314 407 1 1315 406 1 1316 440 1 1317 439 1 1318 441 1 1319 432 1 1320 428 1 1321 429 1 1322 418 1 1323 636 1 1324 620 1 1325 430 1 1326 587 1 1327 586 1 1328 434 1 1329 420 1 1330 421 1 1331 424 1 1332 419 1 1333 418 1 1334 421 1 1335 425 1 1336 424 1 1337 427 1 1338 431 1 1339 430 1 1340 423 1 1341 433 1 1342 432 1 1343 436 1 1344 435 1 1345 434 1 1346 429 1 1347 439 1 1348 438 1 1349 392 1 1350 463 1 1351 393 1 1352 464 1 1353 437 1 1354 436 1 1355 463 1 1356 753 1 1357 752 1 1358 464 14 1359 461 14 1360 465 14 1361 459 1 1362 448 1 1363 449 1 1364 456 1 1365 444 1 1366 445 1 1367 454 1 1368 461 1 1369 460 1 1370 452 1 1371 446 1 1372 447 1 1373 450 1 1374 603 1 1375 602 1 1376 449 1 1377 457 1 1378 456 1 1379 447 1 1380 455 1 1381 454 1 1382 445 1 1383 556 1 1384 539 1 1385 443 1 1386 453 1 1387 452 1 1388 490 1 1395 426 1 1396 427 1 1397 488 1 1398 383 1 1399 382 1 1400 522 1 1470 451 1 1471 450 1 1472 520 1 1473 405 1 1474 404 1 1475 106 1 1536 495 1 1537 104 1 1538 539 1 1572 523 1 1573 522 1 1574 538 1 1575 521 1 1576 520 1 1577 600 1 1629 396 1 1630 397 1 1631 497 1 1635 528 1 1636 495 1 1637 602 1 1656 442 1 1657 443 1 1658 586 1 1674 422 1 1675 423 1 1676 584 1 1677 379 1 1678 378 1 1679 608 1 1779 171 1 1780 24 1 1781 615 1 1800 62 1 1801 152 1 1802 731 1 1833 103 1 1834 171 1 1835 611 1 1854 242 1 1855 62 1 1856 620 1 1875 491 1 1876 490 1 1877 619 1 1878 489 1 1879 488 1 1880 611 1 1887 642 1 1888 641 1 1889 617 17 1890 641 17 1891 643 17 1892 643 17 1896 645 17 1897 647 17 1898 641 19 1905 646 19 1906 645 19 1907 645 20 1908 650 20 1909 649 20 1910 647 1 1911 649 1 1912 651 1 1913 649 1 1923 654 1 1924 653 1 1925 651 1 1926 653 1 1927 655 1 1928 653 1 1935 658 1 1936 657 1 1937 655 1 1938 657 1 1939 659 1 1940 657 25 1947 662 25 1948 661 25 1949 659 1 1950 661 1 1951 663 1 1952 661 1 1959 666 1 1960 665 1 1961 663 1 1962 665 1 1963 667 1 1964 665 1 1971 670 1 1972 669 1 1973 667 28 1974 669 28 1975 671 28 1976 669 1 1986 674 1 1987 673 1 1988 671 30 1989 673 30 1990 675 30 1991 675 31 1992 677 31 1993 679 31 1994 673 32 2001 678 32 2002 677 32 2003 679 33 2004 681 33 2005 683 33 2006 677 35 2013 682 35 2014 681 35 2015 683 36 2016 685 36 2017 529 36 2018 681 39 2025 686 39 2026 685 39 2027 529 40 2028 688 40 2029 690 40 2030 685 1 2037 689 1 2038 688 1 2039 688 1 2040 693 1 2041 692 1 2042 690 1 2043 692 1 2044 694 1 2045 692 1 2055 697 1 2056 696 1 2057 694 42 2058 696 42 2059 698 42 2060 696 1 2067 701 1 2068 700 1 2069 698 1 2070 700 1 2071 702 1 2072 700 1 2079 705 1 2080 704 1 2081 702 44 2082 704 44 2083 706 44 2084 704 1 2091 709 1 2092 708 1 2093 706 1 2094 708 1 2095 710 1 2096 708 1 2103 713 1 2104 712 1 2105 710 1 2106 712 1 2107 714 1 2108 712 1 2118 717 1 2119 716 1 2120 714 1 2121 716 1 2122 718 1 2123 718 1 2124 720 1 2125 722 1 2126 716 1 2133 721 1 2134 720 1 2135 722 1 2136 724 1 2137 726 1 2138 720 1 2145 725 1 2146 724 1 2147 726 1 2148 728 1 2149 730 1 2150 724 1 2157 729 1 2158 728 1 2159 730 1 2160 731 1 2161 608 1 2162 728 50 2169 612 50 2170 731 50 2171 752 1 2190 458 1 2191 459 1 2192 413 1 2193 751 1 2194 412 1 2195 530 1 2445 47 1 2446 33 1 2447 117 1 2451 45 1 2452 27 1 2453 139 1 2472 58 1 2473 56 1 2474 155 1 2505 71 1 2506 63 1 2507 152 1 2529 62 1 2530 71 1 2531 45 1 2553 571 1 2554 169 1 2555 571 1 2628 106 1 2629 104 1 2630 171 1 2640 103 1 2641 106 1 2642 58 1 2679 117 1 2680 115 1 2681 47 1 2799 155 1 2800 153 1 2801 24 1 2832 171 1 2833 571 1 2834 71 1 3084 245 1 3085 243 1 3086 62 1 3105 242 1 3106 245 1 3107 384 1 3582 385 1 3583 394 1 3584 392 1 3585 393 1 3586 390 1 3587 378 1 3588 379 1 3589 388 1 3590 382 1 3591 383 1 3592 386 1 3593 389 1 3594 388 1 3595 385 1 3596 374 1 3597 375 1 3598 635 1 3599 376 1 3600 377 1 3601 380 1 3602 387 1 3603 386 1 3604 585 1 3605 391 1 3606 390 1 3607 377 1 3608 381 1 3609 380 1 3610 375 1 3611 395 1 3612 394 1 3613 416 1 3614 750 1 3615 417 1 3616 416 1 3617 414 1 3618 415 1 3619 440 1 3620 413 1 3621 412 1 3622 402 1 3623 410 1 3624 411 1 3625 398 1 3626 408 1 3627 409 1 3628 415 1 3629 406 1 3630 407 1 3631 400 1 3632 404 1 3633 405 1 3634 601 1 3635 403 1 3636 402 1 3637 411 1 3638 401 1 3639 400 1 3640 409 1 3641 399 1 3642 398 1 3643 555 1 3644 397 1 3645 396 1 3646 407 1 3647 440 1 3648 438 1 3649 439 1 3650 432 1 3651 433 1 3652 428 1 3653 418 1 3654 419 1 3655 636 1 3656 430 1 3657 431 1 3658 587 1 3659 434 1 3660 435 1 3661 420 1 3662 424 1 3663 425 1 3664 419 1 3665 421 1 3666 420 1 3667 425 1 3668 427 1 3669 426 1 3670 431 1 3671 423 1 3672 422 1 3673 433 1 3674 436 1 3675 437 1 3676 435 1 3677 429 1 3678 428 1 3679 439 1 3680 392 1 3681 462 1 3682 463 1 3683 464 1 3684 465 1 3685 437 1 3686 463 1 3687 462 1 3688 753 1 3689 464 1 3690 460 1 3691 461 1 3692 459 1 3693 458 1 3694 448 1 3695 456 1 3696 457 1 3697 444 1 3698 454 1 3699 455 1 3700 461 1 3701 452 1 3702 453 1 3703 446 1 3704 450 1 3705 451 1 3706 603 1 3707 449 1 3708 448 1 3709 457 1 3710 447 1 3711 446 1 3712 455 1 3713 445 1 3714 444 1 3715 556 1 3716 443 1 3717 442 1 3718 453 1 3719 490 1 3726 491 1 3727 426 1 3728 488 1 3729 489 1 3730 383 1 3731 522 1 3801 523 1 3802 451 1 3803 520 1 3804 521 1 3805 405 1 3806 106 1 3867 497 1 3868 495 1 3869 539 1 3903 556 1 3904 523 1 3905 538 1 3906 555 1 3907 521 1 3908 600 1 3960 601 1 3961 396 1 3962 497 1 3966 530 1 3967 528 1 3968 602 1 3987 603 1 3988 442 1 3989 586 1 4005 587 1 4006 422 1 4007 584 1 4008 585 1 4009 379 1 4010 608 68 4110 731 68 4111 171 68 4112 615 1 4131 611 1 4132 62 1 4133 731 1 4164 612 1 4165 103 1 4166 611 1 4185 617 1 4186 242 1 4187 620 1 4206 636 1 4207 491 1 4208 619 1 4209 635 1 4210 489 1 4211 611 71 4215 615 71 4216 642 71 4217 617 72 4218 611 72 4219 641 72 4220 643 74 4224 641 74 4225 645 74 4226 641 76 4230 642 76 4231 646 76 4232 645 77 4233 646 77 4234 650 77 4235 647 78 4236 645 78 4237 649 78 4238 649 81 4245 650 81 4246 654 81 4247 651 1 4248 649 1 4249 653 1 4250 653 83 4254 654 83 4255 658 83 4256 655 84 4257 653 84 4258 657 84 4259 657 86 4263 658 86 4264 662 86 4265 659 87 4266 657 87 4267 661 87 4268 661 89 4272 662 89 4273 666 89 4274 663 90 4275 661 90 4276 665 90 4277 665 92 4281 666 92 4282 670 92 4283 667 93 4284 665 93 4285 669 93 4286 669 95 4290 670 95 4291 674 95 4292 671 96 4293 669 96 4294 673 96 4295 675 96 4296 673 96 4297 677 96 4298 673 1 4302 674 1 4303 678 1 4304 679 1 4305 677 1 4306 681 1 4307 677 99 4311 678 99 4312 682 99 4313 683 100 4314 681 100 4315 685 100 4316 681 102 4320 682 102 4321 686 102 4322 529 1 4323 685 1 4324 688 1 4325 685 1 4329 686 1 4330 689 1 4331 688 1 4332 689 1 4333 693 1 4334 690 87 4335 688 87 4336 692 87 4337 692 1 4344 693 1 4345 697 1 4346 694 1 4347 692 1 4348 696 1 4349 696 76 4353 697 76 4354 701 76 4355 698 104 4356 696 104 4357 700 104 4358 700 105 4362 701 105 4363 705 105 4364 702 1 4365 700 1 4366 704 1 4367 704 107 4371 705 107 4372 709 107 4373 706 108 4374 704 108 4375 708 108 4376 708 110 4380 709 110 4381 713 110 4382 710 1 4383 708 1 4384 712 1 4385 712 112 4389 713 112 4390 717 112 4391 714 1 4392 712 1 4393 716 1 4394 718 113 4395 716 113 4396 720 113 4397 716 76 4401 717 76 4402 721 76 4403 722 115 4404 720 115 4405 724 115 4406 720 117 4410 721 117 4411 725 117 4412 726 118 4413 724 118 4414 728 118 4415 724 120 4419 725 120 4420 729 120 4421 730 121 4422 728 121 4423 731 121 4424 728 123 4428 729 123 4429 612 123 4430 752 1 4449 753 1 4450 458 1 4451 413 1 4452 750 1 4453 751 1 4454</p>
        </triangles>
      </mesh>
    </geometry>
    <geometry id="Örüntü_023-mesh" name="Örüntü.023">
      <mesh>
        <source id="Örüntü_023-mesh-positions">
          <float_array id="Örüntü_023-mesh-positions-array" count="1170">5 0 0 4.854709 1.196578 0 4.42728 2.323616 0 3.742554 3.315613 0 2.840323 4.114919 0 1.773024 4.675081 0 0.6026834 4.963544 0 -0.6026833 4.963544 0 -1.773024 4.675081 0 -2.840323 4.11492 0 -3.742554 3.315613 0 -4.42728 2.323615 0 -4.85471 1.196577 0 -5 -1.62921e-6 0 -4.854709 -1.19658 0 -4.427279 -2.323618 0 -3.742552 -3.315616 0 -2.840321 -4.114922 0 -1.773021 -4.675083 0 -0.6026788 -4.963545 0 0.6026884 -4.963544 0 1.77303 -4.675079 0 2.840329 -4.114916 0 3.742558 -3.315608 0 4.427283 -2.32361 0 4.854711 -1.196571 0 5 0 34.89522 4.854709 1.196578 34.89522 4.42728 2.323616 34.89522 3.742554 3.315613 34.89522 2.840323 4.114919 34.89522 1.773024 4.675081 34.89522 0.6026834 4.963544 34.89522 -0.6026833 4.963544 34.89522 -1.773024 4.675081 34.89522 -2.840323 4.11492 34.89522 -3.742554 3.315613 34.89522 -4.42728 2.323615 34.89522 -4.85471 1.196577 34.89522 -5 -1.62921e-6 34.89522 -4.854709 -1.19658 34.89522 -4.427279 -2.323618 34.89522 -3.742552 -3.315616 34.89522 -2.840321 -4.114922 34.89522 -1.773021 -4.675083 34.89522 -0.6026788 -4.963545 34.89522 0.6026884 -4.963544 34.89522 1.77303 -4.675079 34.89522 2.840329 -4.114916 34.89522 3.742558 -3.315608 34.89522 4.427283 -2.32361 34.89522 4.854711 -1.196571 34.89522 5 0 83.33334 4.854709 1.196578 83.33334 4.42728 2.323616 83.33334 3.742554 3.315613 83.33334 2.840323 4.114919 83.33334 1.773024 4.675081 83.33334 0.6026834 4.963544 83.33334 -0.6026833 4.963544 83.33334 -1.773024 4.675081 83.33334 -2.840323 4.11492 83.33334 -3.742554 3.315613 83.33334 -4.42728 2.323615 83.33334 -4.85471 1.196577 83.33334 -5 -1.62921e-6 83.33334 -4.854709 -1.19658 83.33334 -4.427279 -2.323618 83.33334 -3.742552 -3.315616 83.33334 -2.840321 -4.114922 83.33334 -1.773021 -4.675083 83.33334 -0.6026788 -4.963545 83.33334 0.6026884 -4.963544 83.33334 1.77303 -4.675079 83.33334 2.840329 -4.114916 83.33334 3.742558 -3.315608 83.33334 4.427283 -2.32361 83.33334 4.854711 -1.196571 83.33334 5 0 125 4.854709 1.196578 125 4.42728 2.323616 125 3.742554 3.315613 125 2.840323 4.114919 125 1.773024 4.675081 125 0.6026834 4.963544 125 -0.6026833 4.963544 125 -1.773024 4.675081 125 -2.840323 4.11492 125 -3.742554 3.315613 125 -4.42728 2.323615 125 -4.85471 1.196577 125 -5 -1.62921e-6 125 -4.854709 -1.19658 125 -4.427279 -2.323618 125 -3.742552 -3.315616 125 -2.840321 -4.114922 125 -1.773021 -4.675083 125 -0.6026788 -4.963545 125 0.6026884 -4.963544 125 1.77303 -4.675079 125 2.840329 -4.114916 125 3.742558 -3.315608 125 4.427283 -2.32361 125 4.854711 -1.196571 125 5 0 166.6667 4.854709 1.196578 166.6667 4.42728 2.323616 166.6667 3.742554 3.315613 166.6667 2.840323 4.114919 166.6667 1.773024 4.675081 166.6667 0.6026834 4.963544 166.6667 -0.6026833 4.963544 166.6667 -1.773024 4.675081 166.6667 -2.840323 4.11492 166.6667 -3.742554 3.315613 166.6667 -4.42728 2.323615 166.6667 -4.85471 1.196577 166.6667 -5 -1.62921e-6 166.6667 -4.854709 -1.19658 166.6667 -4.427279 -2.323618 166.6667 -3.742552 -3.315616 166.6667 -2.840321 -4.114922 166.6667 -1.773021 -4.675083 166.6667 -0.6026788 -4.963545 166.6667 0.6026884 -4.963544 166.6667 1.77303 -4.675079 166.6667 2.840329 -4.114916 166.6667 3.742558 -3.315608 166.6667 4.427283 -2.32361 166.6667 4.854711 -1.196571 166.6667 5 0 208.3333 4.854709 1.196578 208.3333 4.42728 2.323616 208.3333 3.742554 3.315613 208.3333 2.840323 4.114919 208.3333 1.773024 4.675081 208.3333 0.6026834 4.963544 208.3333 -0.6026833 4.963544 208.3333 -1.773024 4.675081 208.3333 -2.840323 4.11492 208.3333 -3.742554 3.315613 208.3333 -4.42728 2.323615 208.3333 -4.85471 1.196577 208.3333 -5 -1.62921e-6 208.3333 -4.854709 -1.19658 208.3333 -4.427279 -2.323618 208.3333 -3.742552 -3.315616 208.3333 -2.840321 -4.114922 208.3333 -1.773021 -4.675083 208.3333 -0.6026788 -4.963545 208.3333 0.6026884 -4.963544 208.3333 1.77303 -4.675079 208.3333 2.840329 -4.114916 208.3333 3.742558 -3.315608 208.3333 4.427283 -2.32361 208.3333 4.854711 -1.196571 208.3333 5 0 250 4.854709 1.196578 250 4.42728 2.323616 250 3.742554 3.315613 250 2.840323 4.114919 250 1.773024 4.675081 250 0.6026834 4.963544 250 -0.6026833 4.963544 250 -1.773024 4.675081 250 -2.840323 4.11492 250 -3.742554 3.315613 250 -4.42728 2.323615 250 -4.85471 1.196577 250 -5 -1.62921e-6 250 -4.854709 -1.19658 250 -4.427279 -2.323618 250 -3.742552 -3.315616 250 -2.840321 -4.114922 250 -1.773021 -4.675083 250 -0.6026788 -4.963545 250 0.6026884 -4.963544 250 1.77303 -4.675079 250 2.840329 -4.114916 250 3.742558 -3.315608 250 4.427283 -2.32361 250 4.854711 -1.196571 250 9.029385 -5.20837e-5 0 8.766983 2.160923 0 7.995117 4.196161 0 6.758586 5.987586 0 5.129319 7.431008 0 3.201809 8.442629 0 1.088371 8.963545 0 -1.088371 8.963544 0 -3.201861 8.442616 0 -5.129271 7.431034 0 -6.758587 5.987585 0 -7.995099 4.196211 0 -8.767009 2.160816 0 -9.029379 -3.24641e-6 0 -8.767002 -2.160875 0 -7.995116 -4.196166 0 -6.758584 -5.98759 0 -5.129266 -7.431037 0 -3.201907 -8.442605 0 -1.088309 -8.963545 0 1.08838 -8.963544 0 3.201871 -8.442612 0 5.129281 -7.431026 0 6.758595 -5.987577 0 7.995124 -4.196151 0 8.767004 -2.16086 0 8.511731 2.098005 34.89522 8.766468 -4.86852e-5 34.89522 8.511738 -2.097943 34.89522 7.762332 -4.073973 34.89522 6.561806 -5.813238 34.89522 4.979933 -7.214659 34.89522 3.108643 -8.196792 34.89522 1.05669 -8.702555 34.89522 -1.056625 -8.702569 34.89522 -3.108672 -8.196774 34.89522 -4.979919 -7.214669 34.89522 -6.561796 -5.81325 34.89522 -7.762324 -4.073987 34.89522 -8.511734 -2.097958 34.89522 -8.766473 -3.1409e-6 34.89522 -8.511754 2.097905 34.89522 -7.762297 4.074024 34.89522 -6.561799 5.813246 34.89522 -4.979923 7.214666 34.89522 -3.108633 8.196795 34.89522 -1.056681 8.702556 34.89522 1.056681 8.702555 34.89522 3.10859 8.19682 34.89522 4.979961 7.214632 34.89522 6.561798 5.813247 34.89522 7.762326 4.073983 34.89522 9.029384 -5.20143e-5 7.569026 8.766983 2.160923 7.569026 7.995118 4.196161 7.569026 6.758585 5.987586 7.569026 5.129319 7.431007 7.569026 3.20181 8.44263 7.569026 1.088371 8.963546 7.569026 -1.088371 8.963544 7.569026 -3.201861 8.442616 7.569026 -5.129271 7.431034 7.569026 -6.758586 5.987585 7.569026 -7.995098 4.19621 7.569026 -8.76701 2.160816 7.569026 -9.02938 -3.17716e-6 7.569026 -8.767002 -2.160875 7.569026 -7.995116 -4.196166 7.569026 -6.758584 -5.98759 7.569026 -5.129265 -7.431036 7.569026 -3.201907 -8.442605 7.569026 -1.088309 -8.963546 7.569026 1.08838 -8.963545 7.569026 3.201871 -8.442612 7.569026 5.129281 -7.431026 7.569026 6.758595 -5.987577 7.569026 7.995124 -4.196151 7.569026 8.767004 -2.16086 7.569026 8.766994 2.160925 34.09764 9.029375 -5.2153e-5 34.09764 8.767005 -2.16086 34.09764 7.995124 -4.196151 34.09764 6.758594 -5.987576 34.09764 5.129281 -7.431026 34.09764 3.201871 -8.442613 34.09764 1.08838 -8.963543 34.09764 -1.088311 -8.963559 34.09764 -3.201903 -8.442594 34.09764 -5.129267 -7.431037 34.09764 -6.758584 -5.987589 34.09764 -7.995116 -4.196166 34.09764 -8.767002 -2.160875 34.09764 -9.029378 -3.31566e-6 34.09764 -8.767022 2.160819 34.09764 -7.995088 4.196206 34.09764 -6.758587 5.987586 34.09764 -5.129271 7.431034 34.09764 -3.201861 8.442616 34.09764 -1.088371 8.963545 34.09764 1.088371 8.963543 34.09764 3.201814 8.442642 34.09764 5.129312 7.430997 34.09764 6.758586 5.987586 34.09764 7.995117 4.196162 34.09764 12.05142 -9.12043e-5 3.80768e-7 11.70121 2.884113 -3.92484e-7 10.671 5.600571 -1.68576e-7 9.020617 7.991558 2.68752e-7 6.846032 9.918095 2.64833e-7 4.273389 11.26829 -3.89779e-7 1.452676 11.96354 -3.83727e-7 -1.452638 11.96354 0 -4.273453 11.26828 0 -6.846012 9.918092 0 -9.020606 7.99157 2.68752e-7 -10.67098 5.600621 2.57052e-7 -11.70123 2.884027 -3.69703e-7 -12.05141 -4.76255e-6 -3.80767e-7 -11.70122 -2.884097 0 -10.67102 -5.600542 0 -9.020579 -7.991597 0 -6.846017 -9.9181 2.64834e-7 -4.273573 -11.26825 0 -1.452564 -11.96354 -3.77991e-7 1.45269 -11.96354 -3.77991e-7 4.27354 -11.26824 0 6.845963 -9.918137 0 9.020647 -7.991521 0 10.671 -5.600556 0 11.70122 -2.884085 3.69702e-7 8.788381 2.166197 7.569026 9.051424 -5.1721e-5 7.569026 8.788395 -2.166133 7.569026 8.014636 -4.206391 7.569026 6.775092 -6.002192 7.569026 5.141794 -7.449156 7.569026 3.209685 -8.463214 7.569026 1.091036 -8.98542 7.569026 -1.090965 -8.98542 7.569026 -3.209721 -8.463211 7.569026 -5.141781 -7.449169 7.569026 -6.77508 -6.002204 7.569026 -8.014622 -4.206403 7.569026 -8.788393 -2.166148 7.569026 -9.051416 -3.19274e-6 7.569026 -8.788403 2.166089 7.569026 -8.014612 4.206451 7.569026 -6.775078 6.002195 7.569026 -5.14179 7.449172 7.569026 -3.209673 8.463213 7.569026 -1.091027 8.985419 7.569026 1.091027 8.985415 7.569026 3.209621 8.463227 7.569026 5.141837 7.449143 7.569026 6.775077 6.002196 7.569026 8.014629 4.206401 7.569026 11.7012 2.88416 4.569026 12.05142 -4.32664e-5 4.569027 11.70122 -2.884085 4.569027 10.67101 -5.600556 4.569026 9.02065 -7.991525 4.569026 6.84596 -9.918132 4.569026 4.273518 -11.26825 4.569026 1.452666 -11.96354 4.569026 -1.452564 -11.96355 4.569026 -4.27355 -11.26825 4.569026 -6.845995 -9.91811 4.569027 -9.020583 -7.991601 4.569026 -10.67101 -5.600539 4.569026 -11.70122 -2.884097 4.569026 -12.05141 -5.09554e-6 4.569026 -11.70123 2.884028 4.569026 -10.67098 5.600622 4.569027 -9.020606 7.99157 4.569027 -6.846015 9.918097 4.569026 -4.273451 11.26828 4.569026 -1.452638 11.96354 4.569026 1.452628 11.96354 4.569026 4.273436 11.26827 4.569026 6.846032 9.918094 4.569027 9.020616 7.991558 4.569027 10.67099 5.600571 4.569026 8.766996 2.160926 34.63232 9.029374 -5.21064e-5 34.63232 8.767004 -2.16086 34.63232 7.995124 -4.196151 34.63232 6.758594 -5.987576 34.63232 5.129281 -7.431026 34.63232 3.201871 -8.442613 34.63232 1.08838 -8.963544 34.63232 -1.088311 -8.96356 34.63232 -3.201903 -8.442594 34.63232 -5.129266 -7.431037 34.63232 -6.758584 -5.987589 34.63232 -7.995116 -4.196166 34.63232 -8.767002 -2.160875 34.63232 -9.029379 -3.26924e-6 34.63232 -8.767023 2.160819 34.63232 -7.995087 4.196205 34.63232 -6.758587 5.987585 34.63232 -5.129271 7.431034 34.63232 -3.201861 8.442616 34.63232 -1.088371 8.963545 34.63232 1.088371 8.963544 34.63232 3.201814 8.442643 34.63232 5.129312 7.430997 34.63232 6.758586 5.987586 34.63232 7.995118 4.196162 34.63232</float_array>
          <technique_common>
            <accessor source="#Örüntü_023-mesh-positions-array" count="390" stride="3">
              <param name="X" type="float"/>
              <param name="Y" type="float"/>
              <param name="Z" type="float"/>
            </accessor>
          </technique_common>
        </source>
        <source id="Örüntü_023-mesh-normals">
          <float_array id="Örüntü_023-mesh-normals-array" count="825">0 0 -1 0.6777729 0 0.7352713 0.6580861 0.1621791 0.7352692 0.970945 0.2393028 0 1 0 0 0.6001374 0.3149623 0.7352782 0.8854585 0.4647185 0 0.5073194 0.4494552 0.7352668 0.7485129 0.6631203 0 0.3850026 0.5578037 0.7352742 0.5680589 0.822988 0 0.240339 0.6337319 0.7352694 0.3546027 0.9350171 0 0.08166998 0.6728314 0.7352742 0.1205182 0.9927111 0 -0.08166998 0.6728314 0.7352742 -0.1205182 0.9927111 0 -0.240339 0.6337319 0.7352694 -0.3546027 0.9350171 0 -0.3850026 0.5578037 0.7352742 -0.5680589 0.822988 0 -0.5073194 0.4494552 0.7352668 -0.7485129 0.6631203 0 -0.6001374 0.3149623 0.7352782 -0.8854585 0.4647185 0 -0.6580861 0.1621791 0.7352692 -0.970945 0.2393028 0 -0.6777729 0 0.7352713 -1 0 0 -0.6580861 -0.1621791 0.7352692 -0.970945 -0.2393028 0 -0.6001374 -0.3149623 0.7352782 -0.8854585 -0.4647185 0 -0.5073264 -0.4494308 0.7352768 -0.7485129 -0.6631203 0 -0.3850286 -0.5577971 0.7352655 -0.5680589 -0.822988 0 -0.240339 -0.6337319 0.7352694 -0.3546027 -0.9350171 0 -0.08166998 -0.6728314 0.7352742 -0.1205182 -0.9927111 0 0.08166998 -0.6728314 0.7352742 0.1205182 -0.9927111 0 0.240339 -0.6337319 0.7352694 0.3546027 -0.9350171 0 0.3850026 -0.5578037 0.7352742 0.5680589 -0.822988 0 0.5073194 -0.4494552 0.7352668 0.7485129 -0.6631203 0 0.6001569 -0.3149565 0.7352647 0.8854585 -0.4647185 0 0.6580861 -0.1621791 0.7352692 0.970945 -0.2393028 0 -0.5073194 -0.4494552 0.7352668 -0.3850026 -0.5578037 0.7352742 0.08170032 -0.6728298 0.7352724 0.6001374 -0.3149623 0.7352782 0.7110479 0.175244 0.6809555 0.7322781 0 0.6810058 0.6484171 0.3403229 0.6809815 0.5481587 0.4856244 0.6809486 0.41601 0.6026973 0.680949 0.2596909 0.6847368 0.6809524 0.08826148 0.7269974 0.680944 -0.08826148 0.7269974 0.680944 -0.259657 0.684728 0.6809741 -0.4160353 0.6026897 0.6809405 -0.5481046 0.4856306 0.6809877 -0.6484483 0.3403232 0.6809516 -0.7110479 0.175244 0.6809555 -0.7323368 0 0.6809427 -0.7110479 -0.175244 0.6809555 -0.6484483 -0.3403232 0.6809516 -0.5481587 -0.4856244 0.6809486 -0.41601 -0.6026973 0.680949 -0.2596909 -0.6847368 0.6809524 -0.08826148 -0.7269974 0.680944 0.08826148 -0.7269974 0.680944 0.2596909 -0.6847368 0.6809524 0.41601 -0.6026973 0.680949 0.5481587 -0.4856244 0.6809486 0.6484659 -0.3403164 0.6809381 0.7110479 -0.175244 0.6809555 5.94829e-7 0 1 -4.82735e-7 0 1 -1.69284e-6 0 1 6.26271e-7 0 1 0 0 1 3.38566e-6 0 1 -1.93103e-6 0 1 6.77133e-6 0 1 -1.93103e-6 0 1 -3.86215e-6 0 1 -1.69283e-6 0 1 8.46416e-7 0 1 -9.65515e-7 0 1 1.40216e-6 0 1 -4.82758e-7 0 1 8.46414e-7 0 1 -1.76528e-6 0 1 -3.38567e-6 0 1 2.41367e-6 0 1 9.65539e-7 0 1 -1.93108e-6 0 1 9.65537e-7 0 1 0.7323368 0 -0.6809427 0.7110479 0.175244 -0.6809555 0.9010006 0.2220608 0.3726752 0.9279644 0 0.372669 0.6484483 0.3403232 -0.6809516 0.8216739 0.4312392 0.3726724 0.5481587 0.4856244 -0.6809486 0.6945867 0.6153588 0.3726701 0.41601 0.6026973 -0.680949 0.5271269 0.7637113 0.3726694 0.2596909 0.6847368 -0.6809524 0.3290585 0.867662 0.3726705 0.08826148 0.7269974 -0.680944 0.1118535 0.9211972 0.3726722 -0.08826148 0.7269974 -0.680944 -0.1118535 0.9211972 0.3726722 -0.2596909 0.6847368 -0.6809524 -0.3290585 0.867662 0.3726705 -0.41601 0.6026973 -0.680949 -0.5271269 0.7637113 0.3726694 -0.5481587 0.4856244 -0.6809486 -0.6945867 0.6153588 0.3726701 -0.6484483 0.3403232 -0.6809516 -0.8216739 0.4312392 0.3726724 -0.7110479 0.175244 -0.6809555 -0.9010064 0.2220547 0.3726651 -0.7323368 0 -0.6809427 -0.9279644 0 0.372669 -0.7110479 -0.175244 -0.6809555 -0.9010006 -0.2220608 0.3726752 -0.6484483 -0.3403232 -0.6809516 -0.8216739 -0.4312392 0.3726724 -0.5481587 -0.4856244 -0.6809486 -0.6945867 -0.6153588 0.3726701 -0.41601 -0.6026973 -0.680949 -0.5271269 -0.7637113 0.3726694 -0.2596909 -0.6847368 -0.6809524 -0.3290585 -0.867662 0.3726705 -0.08826148 -0.7269974 -0.680944 -0.1118234 -0.9212003 0.3726735 0.08826148 -0.7269974 -0.680944 0.1118535 -0.9211972 0.3726722 0.2596909 -0.6847368 -0.6809524 0.3290585 -0.867662 0.3726705 0.41601 -0.6026973 -0.680949 0.5271269 -0.7637113 0.3726694 0.5481587 -0.4856244 -0.6809486 0.6945867 -0.6153588 0.3726701 0.6484483 -0.3403232 -0.6809516 0.8216739 -0.4312392 0.3726724 0.7110479 -0.175244 -0.6809555 0.9010006 -0.2220608 0.3726752 -0.1118535 -0.9211972 0.3726722 -0.9010006 0.2220608 0.3726752 0.5271391 0.7636986 0.3726781 -1.29874e-7 0 -1 1.25994e-7 -2.528e-7 -1 0 0 -1 -1.40905e-7 0 -1 0 0 -1 0 0 -1 0 0 -1 0 0 -1 0 0 -1 2.2781e-7 0 -1 0 -1.24192e-7 -1 0 -1.25407e-7 -1 -1.32078e-7 0 -1 0 0 -1 0 0 -1 0 0 -1 0 0 -1 0 0 -1 0 2.22798e-7 -1 1.25997e-7 0 -1 1.23254e-7 0 -1 1.25997e-7 0 -1 0 0 -1 0 0 -1 0 0 -1 0 1.22336e-7 -1 -1.22537e-7 0 -1 0 1.25997e-7 -1 0 1.25997e-7 -1 0 1.38135e-7 -1 0 0 -1 0 0 -1 1.25997e-7 0 -1 1.23254e-7 0 -1 -1.31289e-5 0 1 2.41903e-5 0 1 4.58568e-5 0 1 1.30979e-5 0 1 1.65855e-5 0 1 -5.77651e-6 0 1 -2.72202e-5 0 1 2.34136e-5 0 1 -1.25213e-6 0 1 -1.27974e-5 0 1 6.88545e-6 0 1 1.24907e-6 0 1 -1.00144e-5 0 1 3.12238e-6 0 1 -5.00661e-6 0 1 2.49741e-6 0 1 -1.87785e-6 0 1 4.9948e-6 0 1 -9.69981e-6 0 1 -1.81091e-5 0 1 3.69385e-5 0 1 -3.02783e-5 0 1 5.79039e-6 0 1 -3.68485e-5 0 1 4.95321e-6 0 1 3.41893e-5 0 1 3.86538e-5 0 1 -4.94127e-6 0 1 6.25816e-7 0 1 1.40491e-6 0 1 1.2207e-5 0 1 -6.24324e-7 0 1 2.7535e-5 0 1 -1.21771e-5 0 1 -1.31476e-5 0 1 1.24856e-5 0 1 3.12276e-6 0 1 1.00175e-5 0 1 -6.87062e-6 0 1 -6.88393e-6 0 1 9.99332e-6 0 1 1.22069e-5 0 1 -3.309e-5 0 1 2.34716e-5 0 1 -1.21767e-5 0 1 1.58023e-5 0 1 -2.34159e-5 0 1 0.3954084 0.09744817 0.9133214 0.4072482 0 0.9133176 0.3954084 -0.09744817 0.9133214 0.360587 -0.1892509 0.9133242 0.3048002 -0.2700383 0.9133325 0.231338 -0.335135 0.9133276 0.1443883 -0.3807627 0.91333 0.0490753 -0.4042611 0.9133262 -0.0490753 -0.4042611 0.9133262 -0.1443883 -0.3807627 0.91333 -0.231338 -0.335135 0.9133276 -0.3048279 -0.2700358 0.9133241 -0.360587 -0.1892509 0.9133242 -0.3953827 -0.09744936 0.9133325 -0.4072482 0 0.9133176 -0.3953827 0.09744936 0.9133325 -0.360587 0.1892509 0.9133242 -0.3048279 0.2700358 0.9133241 -0.2313092 0.3351374 0.9133341 -0.1443883 0.3807627 0.91333 -0.0490753 0.4042611 0.9133262 0.0490753 0.4042611 0.9133262 0.1443883 0.3807627 0.91333 0.2313092 0.3351374 0.9133341 0.3048279 0.2700358 0.9133241 0.360587 0.1892509 0.9133242 0.4072228 0 0.913329 -0.3048002 -0.2700383 0.9133325 -0.3954084 -0.09744817 0.9133214 -0.4072114 0 0.913334 -0.3954084 0.09744817 0.9133214 -0.3048002 0.2700383 0.9133325 -0.231338 0.335135 0.9133276 0.231338 0.335135 0.9133276</float_array>
          <technique_common>
            <accessor source="#Örüntü_023-mesh-normals-array" count="275" stride="3">
              <param name="X" type="float"/>
              <param name="Y" type="float"/>
              <param name="Z" type="float"/>
            </accessor>
          </technique_common>
        </source>
        <source id="Örüntü_023-mesh-map-0">
          <float_array id="Örüntü_023-mesh-map-0-array" count="4656">0.6730771 0 0.6346154 0 0.5961539 0 0.5961539 0 0.5576923 0 0.5192307 0 0.5192307 0 0.4807692 0 0.4423076 0 0.5961539 0 0.5192307 0 0.4423076 0 0.4423076 0 0.4038461 0 0.3653845 0 0.3653845 0 0.326923 0 0.2884615 0 0.4423076 0 0.3653845 0 0.2884615 0 0.5961539 0 0.4423076 0 0.2884615 0 0.2884615 0 0.25 0 0.2115384 0 0.2115384 0 0.1730769 0 0.1346154 0 0.2884615 0 0.2115384 0 0.1346154 0 0.1346154 0 0.09615391 0 0.05769234 0 0.05769234 0 0.0192309 0 -0.01923066 0 0.1346154 0 0.05769234 0 -0.01923066 0 0.2884615 0 0.1346154 0 -0.01923066 0 0.5961539 0 0.2884615 0 -0.01923066 0 -0.01923066 0 -0.05769217 0 -0.09615373 0 -0.09615373 0 -0.1346153 0 -0.1730768 0 -0.01923066 0 -0.09615373 0 -0.1730768 0 0.5961539 0 -0.01923066 0 -0.1730768 0 -0.1730768 0 -0.2115384 0 -0.25 0 0.5961539 0 -0.1730768 0 -0.25 0 0.6730771 0 0.5961539 0 -0.25 0 -0.2884613 0 0.6730771 0 -0.25 0 0.7499991 0.02945142 0.7884625 0.02945142 0.7884625 0.1326756 0.7884625 0.1326756 0.7499991 0.1326756 0.7499991 0.02945142 0.7884625 0.02945142 0.8269231 0.02945142 0.8269231 0.1326756 0.8269231 0.1326756 0.7884625 0.1326756 0.7884625 0.02945142 0.8269231 0.02945142 0.8653846 0.02945142 0.8653847 0.1326756 0.8653847 0.1326756 0.8269231 0.1326756 0.8269231 0.02945142 0.8653846 0.02945142 0.9038453 0.02945142 0.9038453 0.1326756 0.9038453 0.1326756 0.8653847 0.1326756 0.8653846 0.02945142 0.9038453 0.02945142 0.9423087 0.02945142 0.9423087 0.1326756 0.9423087 0.1326756 0.9038453 0.1326756 0.9038453 0.02945142 0.9423087 0.02945142 0.9807693 0.02945142 0.9807693 0.1326756 0.9807693 0.1326756 0.9423087 0.1326756 0.9423087 0.02945142 0.9807693 0.02945142 1.019231 0.02945142 1.019231 0.1326756 1.019231 0.1326756 0.9807693 0.1326756 0.9807693 0.02945142 0.01923084 0.02945142 0.05769228 0.02945142 0.05769228 0.1326756 0.05769228 0.1326756 0.01923084 0.1326756 0.01923084 0.02945142 0.05769228 0.02945142 0.09615385 0.02945142 0.09615385 0.1326756 0.09615385 0.1326756 0.05769228 0.1326756 0.05769228 0.02945142 0.09615385 0.02945142 0.1346154 0.02945142 0.1346154 0.1326756 0.1346154 0.1326756 0.09615385 0.1326756 0.09615385 0.02945142 0.1346154 0.02945142 0.173076 0.02945142 0.173076 0.1326756 0.173076 0.1326756 0.1346154 0.1326756 0.1346154 0.02945142 0.173076 0.02945142 0.2115394 0.02945142 0.2115394 0.1326756 0.2115394 0.1326756 0.173076 0.1326756 0.173076 0.02945142 0.2115394 0.02945142 0.25 0.02945142 0.25 0.1326756 0.25 0.1326756 0.2115394 0.1326756 0.2115394 0.02945142 0.25 0.02945142 0.2884615 0.02945142 0.2884615 0.1326756 0.2884615 0.1326756 0.25 0.1326756 0.25 0.02945142 0.2884615 0.02945142 0.3269231 0.02945142 0.3269231 0.1326756 0.3269231 0.1326756 0.2884615 0.1326756 0.2884615 0.02945142 0.3269231 0.02945142 0.3653846 0.02945142 0.3653846 0.1326756 0.3653846 0.1326756 0.3269231 0.1326756 0.3269231 0.02945142 0.3653846 0.02945142 0.4038462 0.02945142 0.4038462 0.1326756 0.4038462 0.1326756 0.3653846 0.1326756 0.3653846 0.02945142 0.4038462 0.02945142 0.4423068 0.02945142 0.4423068 0.1326756 0.4423068 0.1326756 0.4038462 0.1326756 0.4038462 0.02945142 0.4423068 0.02945142 0.4807702 0.02945142 0.4807702 0.1326756 0.4807702 0.1326756 0.4423068 0.1326756 0.4423068 0.02945142 0.4807702 0.02945142 0.5192308 0.02945142 0.5192308 0.1326756 0.5192308 0.1326756 0.4807702 0.1326756 0.4807702 0.02945142 0.5192308 0.02945142 0.5576924 0.02945142 0.5576924 0.1326756 0.5576924 0.1326756 0.5192308 0.1326756 0.5192308 0.02945142 0.5576924 0.02945142 0.5961539 0.02945142 0.5961539 0.1326756 0.5961539 0.1326756 0.5576924 0.1326756 0.5576924 0.02945142 0.5961539 0.02945142 0.6346155 0.02945142 0.6346155 0.1326756 0.6346155 0.1326756 0.5961539 0.1326756 0.5961539 0.02945142 0.6346155 0.02945142 0.6730771 0.02945142 0.6730771 0.1326756 0.6730771 0.1326756 0.6346155 0.1326756 0.6346155 0.02945142 0.6730771 0.02945142 0.7115386 0.02945142 0.7115386 0.1326756 0.7115386 0.1326756 0.6730771 0.1326756 0.6730771 0.02945142 0.7115386 0.02945142 0.7499991 0.02945142 0.7499991 0.1326756 0.7499991 0.1326756 0.7115386 0.1326756 0.7115386 0.02945142 0.75 0.135779 0.7884616 0.135779 0.7884616 0.3242542 0.7884616 0.3242542 0.75 0.3242542 0.75 0.135779 0.7884616 0.135779 0.8269231 0.135779 0.8269231 0.3242542 0.8269231 0.3242542 0.7884616 0.3242542 0.7884616 0.135779 0.8269231 0.135779 0.8653847 0.135779 0.8653847 0.3242542 0.8653847 0.3242542 0.8269231 0.3242542 0.8269231 0.135779 0.8653847 0.135779 0.9038463 0.135779 0.9038463 0.3242542 0.9038463 0.3242542 0.8653847 0.3242542 0.8653847 0.135779 0.9038463 0.135779 0.9423078 0.135779 0.9423078 0.3242542 0.9423078 0.3242542 0.9038463 0.3242542 0.9038463 0.135779 0.9423078 0.135779 0.9807693 0.135779 0.9807693 0.3242542 0.9807693 0.3242542 0.9423078 0.3242542 0.9423078 0.135779 0.9807693 0.135779 1.019231 0.135779 1.019231 0.3242542 1.019231 0.3242542 0.9807693 0.3242542 0.9807693 0.135779 0.0192309 0.135779 0.05769234 0.135779 0.05769234 0.3242542 0.05769234 0.3242542 0.0192309 0.3242542 0.0192309 0.135779 0.05769234 0.135779 0.09615391 0.135779 0.09615391 0.3242542 0.09615391 0.3242542 0.05769234 0.3242542 0.05769234 0.135779 0.09615391 0.135779 0.1346154 0.135779 0.1346154 0.3242542 0.1346154 0.3242542 0.09615391 0.3242542 0.09615391 0.135779 0.1346154 0.135779 0.1730769 0.135779 0.1730769 0.3242542 0.1730769 0.3242542 0.1346154 0.3242542 0.1346154 0.135779 0.1730769 0.135779 0.2115384 0.135779 0.2115384 0.3242542 0.2115384 0.3242542 0.1730769 0.3242542 0.1730769 0.135779 0.2115384 0.135779 0.25 0.135779 0.25 0.3242542 0.25 0.3242542 0.2115384 0.3242542 0.2115384 0.135779 0.25 0.135779 0.2884615 0.135779 0.2884615 0.3242542 0.2884615 0.3242542 0.25 0.3242542 0.25 0.135779 0.2884615 0.135779 0.326923 0.135779 0.326923 0.3242542 0.326923 0.3242542 0.2884615 0.3242542 0.2884615 0.135779 0.326923 0.135779 0.3653845 0.135779 0.3653845 0.3242542 0.3653845 0.3242542 0.326923 0.3242542 0.326923 0.135779 0.3653845 0.135779 0.4038461 0.135779 0.4038461 0.3242542 0.4038461 0.3242542 0.3653845 0.3242542 0.3653845 0.135779 0.4038461 0.135779 0.4423076 0.135779 0.4423076 0.3242542 0.4423076 0.3242542 0.4038461 0.3242542 0.4038461 0.135779 0.4423076 0.135779 0.4807692 0.135779 0.4807692 0.3242542 0.4807692 0.3242542 0.4423076 0.3242542 0.4423076 0.135779 0.4807692 0.135779 0.5192307 0.135779 0.5192307 0.3242542 0.5192307 0.3242542 0.4807692 0.3242542 0.4807692 0.135779 0.5192307 0.135779 0.5576923 0.135779 0.5576923 0.3242542 0.5576923 0.3242542 0.5192307 0.3242542 0.5192307 0.135779 0.5576923 0.135779 0.5961539 0.135779 0.5961539 0.3242542 0.5961539 0.3242542 0.5576923 0.3242542 0.5576923 0.135779 0.5961539 0.135779 0.6346154 0.135779 0.6346154 0.3242542 0.6346154 0.3242542 0.5961539 0.3242542 0.5961539 0.135779 0.6346154 0.135779 0.6730771 0.135779 0.6730771 0.3242542 0.6730771 0.3242542 0.6346154 0.3242542 0.6346154 0.135779 0.6730771 0.135779 0.7115387 0.135779 0.7115387 0.3242542 0.7115387 0.3242542 0.6730771 0.3242542 0.6730771 0.135779 0.7115387 0.135779 0.75 0.135779 0.75 0.3242542 0.75 0.3242542 0.7115387 0.3242542 0.7115387 0.135779 0.75 0.3242542 0.7884616 0.3242542 0.7884616 0.4863813 0.7884616 0.4863813 0.75 0.4863813 0.75 0.3242542 0.7884616 0.3242542 0.8269231 0.3242542 0.8269231 0.4863813 0.8269231 0.4863813 0.7884616 0.4863813 0.7884616 0.3242542 0.8269231 0.3242542 0.8653847 0.3242542 0.8653847 0.4863813 0.8653847 0.4863813 0.8269231 0.4863813 0.8269231 0.3242542 0.8653847 0.3242542 0.9038463 0.3242542 0.9038463 0.4863813 0.9038463 0.4863813 0.8653847 0.4863813 0.8653847 0.3242542 0.9038463 0.3242542 0.9423078 0.3242542 0.9423078 0.4863813 0.9423078 0.4863813 0.9038463 0.4863813 0.9038463 0.3242542 0.9423078 0.3242542 0.9807693 0.3242542 0.9807693 0.4863813 0.9807693 0.4863813 0.9423078 0.4863813 0.9423078 0.3242542 0.9807693 0.3242542 1.019231 0.3242542 1.019231 0.4863813 1.019231 0.4863813 0.9807693 0.4863813 0.9807693 0.3242542 0.0192309 0.3242542 0.05769234 0.3242542 0.05769234 0.4863813 0.05769234 0.4863813 0.0192309 0.4863813 0.0192309 0.3242542 0.05769234 0.3242542 0.09615391 0.3242542 0.09615391 0.4863813 0.09615391 0.4863813 0.05769234 0.4863813 0.05769234 0.3242542 0.09615391 0.3242542 0.1346154 0.3242542 0.1346154 0.4863813 0.1346154 0.4863813 0.09615391 0.4863813 0.09615391 0.3242542 0.1346154 0.3242542 0.1730769 0.3242542 0.1730769 0.4863813 0.1730769 0.4863813 0.1346154 0.4863813 0.1346154 0.3242542 0.1730769 0.3242542 0.2115384 0.3242542 0.2115384 0.4863813 0.2115384 0.4863813 0.1730769 0.4863813 0.1730769 0.3242542 0.2115384 0.3242542 0.25 0.3242542 0.25 0.4863813 0.25 0.4863813 0.2115384 0.4863813 0.2115384 0.3242542 0.25 0.3242542 0.2884615 0.3242542 0.2884615 0.4863813 0.2884615 0.4863813 0.25 0.4863813 0.25 0.3242542 0.2884615 0.3242542 0.326923 0.3242542 0.326923 0.4863813 0.326923 0.4863813 0.2884615 0.4863813 0.2884615 0.3242542 0.326923 0.3242542 0.3653845 0.3242542 0.3653845 0.4863813 0.3653845 0.4863813 0.326923 0.4863813 0.326923 0.3242542 0.3653845 0.3242542 0.4038461 0.3242542 0.4038461 0.4863813 0.4038461 0.4863813 0.3653845 0.4863813 0.3653845 0.3242542 0.4038461 0.3242542 0.4423076 0.3242542 0.4423076 0.4863813 0.4423076 0.4863813 0.4038461 0.4863813 0.4038461 0.3242542 0.4423076 0.3242542 0.4807692 0.3242542 0.4807692 0.4863813 0.4807692 0.4863813 0.4423076 0.4863813 0.4423076 0.3242542 0.4807692 0.3242542 0.5192307 0.3242542 0.5192307 0.4863813 0.5192307 0.4863813 0.4807692 0.4863813 0.4807692 0.3242542 0.5192307 0.3242542 0.5576923 0.3242542 0.5576923 0.4863813 0.5576923 0.4863813 0.5192307 0.4863813 0.5192307 0.3242542 0.5576923 0.3242542 0.5961539 0.3242542 0.5961539 0.4863813 0.5961539 0.4863813 0.5576923 0.4863813 0.5576923 0.3242542 0.5961539 0.3242542 0.6346154 0.3242542 0.6346154 0.4863813 0.6346154 0.4863813 0.5961539 0.4863813 0.5961539 0.3242542 0.6346154 0.3242542 0.6730771 0.3242542 0.6730771 0.4863813 0.6730771 0.4863813 0.6346154 0.4863813 0.6346154 0.3242542 0.6730771 0.3242542 0.7115387 0.3242542 0.7115387 0.4863813 0.7115387 0.4863813 0.6730771 0.4863813 0.6730771 0.3242542 0.7115387 0.3242542 0.75 0.3242542 0.75 0.4863813 0.75 0.4863813 0.7115387 0.4863813 0.7115387 0.3242542 0.75 0.4863813 0.7884616 0.4863813 0.7884616 0.6485084 0.7884616 0.6485084 0.75 0.6485084 0.75 0.4863813 0.7884616 0.4863813 0.8269231 0.4863813 0.8269231 0.6485084 0.8269231 0.6485084 0.7884616 0.6485084 0.7884616 0.4863813 0.8269231 0.4863813 0.8653847 0.4863813 0.8653847 0.6485084 0.8653847 0.6485084 0.8269231 0.6485084 0.8269231 0.4863813 0.8653847 0.4863813 0.9038463 0.4863813 0.9038463 0.6485084 0.9038463 0.6485084 0.8653847 0.6485084 0.8653847 0.4863813 0.9038463 0.4863813 0.9423078 0.4863813 0.9423078 0.6485084 0.9423078 0.6485084 0.9038463 0.6485084 0.9038463 0.4863813 0.9423078 0.4863813 0.9807693 0.4863813 0.9807693 0.6485084 0.9807693 0.6485084 0.9423078 0.6485084 0.9423078 0.4863813 0.9807693 0.4863813 1.019231 0.4863813 1.019231 0.6485084 1.019231 0.6485084 0.9807693 0.6485084 0.9807693 0.4863813 0.0192309 0.4863813 0.05769234 0.4863813 0.05769234 0.6485084 0.05769234 0.6485084 0.0192309 0.6485084 0.0192309 0.4863813 0.05769234 0.4863813 0.09615391 0.4863813 0.09615391 0.6485084 0.09615391 0.6485084 0.05769234 0.6485084 0.05769234 0.4863813 0.09615391 0.4863813 0.1346154 0.4863813 0.1346154 0.6485084 0.1346154 0.6485084 0.09615391 0.6485084 0.09615391 0.4863813 0.1346154 0.4863813 0.1730769 0.4863813 0.1730769 0.6485084 0.1730769 0.6485084 0.1346154 0.6485084 0.1346154 0.4863813 0.1730769 0.4863813 0.2115384 0.4863813 0.2115384 0.6485084 0.2115384 0.6485084 0.1730769 0.6485084 0.1730769 0.4863813 0.2115384 0.4863813 0.25 0.4863813 0.25 0.6485084 0.25 0.6485084 0.2115384 0.6485084 0.2115384 0.4863813 0.25 0.4863813 0.2884615 0.4863813 0.2884615 0.6485084 0.2884615 0.6485084 0.25 0.6485084 0.25 0.4863813 0.2884615 0.4863813 0.326923 0.4863813 0.326923 0.6485084 0.326923 0.6485084 0.2884615 0.6485084 0.2884615 0.4863813 0.326923 0.4863813 0.3653845 0.4863813 0.3653845 0.6485084 0.3653845 0.6485084 0.326923 0.6485084 0.326923 0.4863813 0.3653845 0.4863813 0.4038461 0.4863813 0.4038461 0.6485084 0.4038461 0.6485084 0.3653845 0.6485084 0.3653845 0.4863813 0.4038461 0.4863813 0.4423076 0.4863813 0.4423076 0.6485084 0.4423076 0.6485084 0.4038461 0.6485084 0.4038461 0.4863813 0.4423076 0.4863813 0.4807692 0.4863813 0.4807692 0.6485084 0.4807692 0.6485084 0.4423076 0.6485084 0.4423076 0.4863813 0.4807692 0.4863813 0.5192307 0.4863813 0.5192307 0.6485084 0.5192307 0.6485084 0.4807692 0.6485084 0.4807692 0.4863813 0.5192307 0.4863813 0.5576923 0.4863813 0.5576923 0.6485084 0.5576923 0.6485084 0.5192307 0.6485084 0.5192307 0.4863813 0.5576923 0.4863813 0.5961539 0.4863813 0.5961539 0.6485084 0.5961539 0.6485084 0.5576923 0.6485084 0.5576923 0.4863813 0.5961539 0.4863813 0.6346154 0.4863813 0.6346154 0.6485084 0.6346154 0.6485084 0.5961539 0.6485084 0.5961539 0.4863813 0.6346154 0.4863813 0.6730771 0.4863813 0.6730771 0.6485084 0.6730771 0.6485084 0.6346154 0.6485084 0.6346154 0.4863813 0.6730771 0.4863813 0.7115387 0.4863813 0.7115387 0.6485084 0.7115387 0.6485084 0.6730771 0.6485084 0.6730771 0.4863813 0.7115387 0.4863813 0.75 0.4863813 0.75 0.6485084 0.75 0.6485084 0.7115387 0.6485084 0.7115387 0.4863813 0.75 0.6485084 0.7884616 0.6485084 0.7884616 0.8106356 0.7884616 0.8106356 0.75 0.8106356 0.75 0.6485084 0.7884616 0.6485084 0.8269231 0.6485084 0.8269231 0.8106356 0.8269231 0.8106356 0.7884616 0.8106356 0.7884616 0.6485084 0.8269231 0.6485084 0.8653847 0.6485084 0.8653847 0.8106356 0.8653847 0.8106356 0.8269231 0.8106356 0.8269231 0.6485084 0.8653847 0.6485084 0.9038463 0.6485084 0.9038463 0.8106356 0.9038463 0.8106356 0.8653847 0.8106356 0.8653847 0.6485084 0.9038463 0.6485084 0.9423078 0.6485084 0.9423078 0.8106356 0.9423078 0.8106356 0.9038463 0.8106356 0.9038463 0.6485084 0.9423078 0.6485084 0.9807693 0.6485084 0.9807693 0.8106356 0.9807693 0.8106356 0.9423078 0.8106356 0.9423078 0.6485084 0.9807693 0.6485084 1.019231 0.6485084 1.019231 0.8106356 1.019231 0.8106356 0.9807693 0.8106356 0.9807693 0.6485084 0.0192309 0.6485084 0.05769234 0.6485084 0.05769234 0.8106356 0.05769234 0.8106356 0.0192309 0.8106356 0.0192309 0.6485084 0.05769234 0.6485084 0.09615391 0.6485084 0.09615391 0.8106356 0.09615391 0.8106356 0.05769234 0.8106356 0.05769234 0.6485084 0.09615391 0.6485084 0.1346154 0.6485084 0.1346154 0.8106356 0.1346154 0.8106356 0.09615391 0.8106356 0.09615391 0.6485084 0.1346154 0.6485084 0.1730769 0.6485084 0.1730769 0.8106356 0.1730769 0.8106356 0.1346154 0.8106356 0.1346154 0.6485084 0.1730769 0.6485084 0.2115384 0.6485084 0.2115384 0.8106356 0.2115384 0.8106356 0.1730769 0.8106356 0.1730769 0.6485084 0.2115384 0.6485084 0.25 0.6485084 0.25 0.8106356 0.25 0.8106356 0.2115384 0.8106356 0.2115384 0.6485084 0.25 0.6485084 0.2884615 0.6485084 0.2884615 0.8106356 0.2884615 0.8106356 0.25 0.8106356 0.25 0.6485084 0.2884615 0.6485084 0.326923 0.6485084 0.326923 0.8106356 0.326923 0.8106356 0.2884615 0.8106356 0.2884615 0.6485084 0.326923 0.6485084 0.3653845 0.6485084 0.3653845 0.8106356 0.3653845 0.8106356 0.326923 0.8106356 0.326923 0.6485084 0.3653845 0.6485084 0.4038461 0.6485084 0.4038461 0.8106356 0.4038461 0.8106356 0.3653845 0.8106356 0.3653845 0.6485084 0.4038461 0.6485084 0.4423076 0.6485084 0.4423076 0.8106356 0.4423076 0.8106356 0.4038461 0.8106356 0.4038461 0.6485084 0.4423076 0.6485084 0.4807692 0.6485084 0.4807692 0.8106356 0.4807692 0.8106356 0.4423076 0.8106356 0.4423076 0.6485084 0.4807692 0.6485084 0.5192307 0.6485084 0.5192307 0.8106356 0.5192307 0.8106356 0.4807692 0.8106356 0.4807692 0.6485084 0.5192307 0.6485084 0.5576923 0.6485084 0.5576923 0.8106356 0.5576923 0.8106356 0.5192307 0.8106356 0.5192307 0.6485084 0.5576923 0.6485084 0.5961539 0.6485084 0.5961539 0.8106356 0.5961539 0.8106356 0.5576923 0.8106356 0.5576923 0.6485084 0.5961539 0.6485084 0.6346154 0.6485084 0.6346154 0.8106356 0.6346154 0.8106356 0.5961539 0.8106356 0.5961539 0.6485084 0.6346154 0.6485084 0.6730771 0.6485084 0.6730771 0.8106356 0.6730771 0.8106356 0.6346154 0.8106356 0.6346154 0.6485084 0.6730771 0.6485084 0.7115387 0.6485084 0.7115387 0.8106356 0.7115387 0.8106356 0.6730771 0.8106356 0.6730771 0.6485084 0.7115387 0.6485084 0.75 0.6485084 0.75 0.8106356 0.75 0.8106356 0.7115387 0.8106356 0.7115387 0.6485084 0.75 0.8106356 0.7884616 0.8106356 0.7884616 0.9727626 0.7884616 0.9727626 0.75 0.9727626 0.75 0.8106356 0.7884616 0.8106356 0.8269231 0.8106356 0.8269231 0.9727626 0.8269231 0.9727626 0.7884616 0.9727626 0.7884616 0.8106356 0.8269231 0.8106356 0.8653847 0.8106356 0.8653847 0.9727626 0.8653847 0.9727626 0.8269231 0.9727626 0.8269231 0.8106356 0.8653847 0.8106356 0.9038463 0.8106356 0.9038463 0.9727626 0.9038463 0.9727626 0.8653847 0.9727626 0.8653847 0.8106356 0.9038463 0.8106356 0.9423078 0.8106356 0.9423078 0.9727626 0.9423078 0.9727626 0.9038463 0.9727626 0.9038463 0.8106356 0.9423078 0.8106356 0.9807693 0.8106356 0.9807693 0.9727626 0.9807693 0.9727626 0.9423078 0.9727626 0.9423078 0.8106356 0.9807693 0.8106356 1.019231 0.8106356 1.019231 0.9727626 1.019231 0.9727626 0.9807693 0.9727626 0.9807693 0.8106356 0.0192309 0.8106356 0.05769234 0.8106356 0.05769234 0.9727626 0.05769234 0.9727626 0.0192309 0.9727626 0.0192309 0.8106356 0.05769234 0.8106356 0.09615391 0.8106356 0.09615391 0.9727626 0.09615391 0.9727626 0.05769234 0.9727626 0.05769234 0.8106356 0.09615391 0.8106356 0.1346154 0.8106356 0.1346154 0.9727626 0.1346154 0.9727626 0.09615391 0.9727626 0.09615391 0.8106356 0.1346154 0.8106356 0.1730769 0.8106356 0.1730769 0.9727626 0.1730769 0.9727626 0.1346154 0.9727626 0.1346154 0.8106356 0.1730769 0.8106356 0.2115384 0.8106356 0.2115384 0.9727626 0.2115384 0.9727626 0.1730769 0.9727626 0.1730769 0.8106356 0.2115384 0.8106356 0.25 0.8106356 0.25 0.9727626 0.25 0.9727626 0.2115384 0.9727626 0.2115384 0.8106356 0.25 0.8106356 0.2884615 0.8106356 0.2884615 0.9727626 0.2884615 0.9727626 0.25 0.9727626 0.25 0.8106356 0.2884615 0.8106356 0.326923 0.8106356 0.326923 0.9727626 0.326923 0.9727626 0.2884615 0.9727626 0.2884615 0.8106356 0.326923 0.8106356 0.3653845 0.8106356 0.3653845 0.9727626 0.3653845 0.9727626 0.326923 0.9727626 0.326923 0.8106356 0.3653845 0.8106356 0.4038461 0.8106356 0.4038461 0.9727626 0.4038461 0.9727626 0.3653845 0.9727626 0.3653845 0.8106356 0.4038461 0.8106356 0.4423076 0.8106356 0.4423076 0.9727626 0.4423076 0.9727626 0.4038461 0.9727626 0.4038461 0.8106356 0.4423076 0.8106356 0.4807692 0.8106356 0.4807692 0.9727626 0.4807692 0.9727626 0.4423076 0.9727626 0.4423076 0.8106356 0.4807692 0.8106356 0.5192307 0.8106356 0.5192307 0.9727626 0.5192307 0.9727626 0.4807692 0.9727626 0.4807692 0.8106356 0.5192307 0.8106356 0.5576923 0.8106356 0.5576923 0.9727626 0.5576923 0.9727626 0.5192307 0.9727626 0.5192307 0.8106356 0.5576923 0.8106356 0.5961539 0.8106356 0.5961539 0.9727626 0.5961539 0.9727626 0.5576923 0.9727626 0.5576923 0.8106356 0.5961539 0.8106356 0.6346154 0.8106356 0.6346154 0.9727626 0.6346154 0.9727626 0.5961539 0.9727626 0.5961539 0.8106356 0.6346154 0.8106356 0.6730771 0.8106356 0.6730771 0.9727626 0.6730771 0.9727626 0.6346154 0.9727626 0.6346154 0.8106356 0.6730771 0.8106356 0.7115387 0.8106356 0.7115387 0.9727626 0.7115387 0.9727626 0.6730771 0.9727626 0.6730771 0.8106356 0.7115387 0.8106356 0.75 0.8106356 0.75 0.9727626 0.75 0.9727626 0.7115387 0.9727626 0.7115387 0.8106356 0.75 0 0.7884616 0 0.7884625 0 0.7884625 0 0.7499991 0 0.75 0 0.7884616 0 0.8269231 0 0.8269231 0 0.8269231 0 0.7884625 0 0.7884616 0 0.8269231 0 0.8653847 0 0.8653847 0 0.8653847 0 0.8269231 0 0.8269231 0 0.8653847 0 0.9038463 0 0.9038453 0 0.9038453 0 0.8653847 0 0.8653847 0 0.9038463 0 0.9423078 0 0.9423087 0 0.9423087 0 0.9038453 0 0.9038463 0 0.9423078 0 0.9807693 0 0.9807693 0 0.9807693 0 0.9423087 0 0.9423078 0 0.9807693 0 1.019231 0 1.019231 0 1.019231 0 0.9807693 0 0.9807693 0 0.0192309 0 0.05769234 0 0.05769228 0 0.05769228 0 0.01923084 0 0.0192309 0 0.05769234 0 0.09615391 0 0.09615385 0 0.09615385 0 0.05769228 0 0.05769234 0 0.09615391 0 0.1346154 0 0.1346154 0 0.1346154 0 0.09615385 0 0.09615391 0 0.1346154 0 0.1730769 0 0.173076 0 0.173076 0 0.1346154 0 0.1346154 0 0.1730769 0 0.2115384 0 0.2115394 0 0.2115394 0 0.173076 0 0.1730769 0 0.2115384 0 0.25 0 0.25 0 0.25 0 0.2115394 0 0.2115384 0 0.25 0 0.2884615 0 0.2884615 0 0.2884615 0 0.25 0 0.25 0 0.2884615 0 0.326923 0 0.3269231 0 0.3269231 0 0.2884615 0 0.2884615 0 0.326923 0 0.3653845 0 0.3653846 0 0.3653846 0 0.3269231 0 0.326923 0 0.3653845 0 0.4038461 0 0.4038462 0 0.4038462 0 0.3653846 0 0.3653845 0 0.4038461 0 0.4423076 0 0.4423068 0 0.4423068 0 0.4038462 0 0.4038461 0 0.4423076 0 0.4807692 0 0.4807702 0 0.4807702 0 0.4423068 0 0.4423076 0 0.4807692 0 0.5192307 0 0.5192308 0 0.5192308 0 0.4807702 0 0.4807692 0 0.5192307 0 0.5576923 0 0.5576924 0 0.5576924 0 0.5192308 0 0.5192307 0 0.5576923 0 0.5961539 0 0.5961539 0 0.5961539 0 0.5576924 0 0.5576923 0 0.5961539 0 0.6346154 0 0.6346155 0 0.6346155 0 0.5961539 0 0.5961539 0 0.6346154 0 0.6730771 0 0.6730771 0 0.6730771 0 0.6346155 0 0.6346154 0 0.6730771 0 0.7115387 0 0.7115386 0 0.7115386 0 0.6730771 0 0.6730771 0 0.7115387 0 0.75 0 0.7499991 0 0.7499991 0 0.7115386 0 0.7115387 0 0.7884616 0.135779 0.75 0.135779 0.7499991 0.135779 0.7499991 0.135779 0.7884624 0.135779 0.7884616 0.135779 0.75 0.135779 0.7115387 0.135779 0.7115386 0.135779 0.7115386 0.135779 0.7499991 0.135779 0.75 0.135779 0.7115387 0.135779 0.6730771 0.135779 0.6730771 0.135779 0.6730771 0.135779 0.7115386 0.135779 0.7115387 0.135779 0.6730771 0.135779 0.6346154 0.135779 0.6346155 0.135779 0.6346155 0.135779 0.6730771 0.135779 0.6730771 0.135779 0.6346154 0.135779 0.5961539 0.135779 0.5961539 0.135779 0.5961539 0.135779 0.6346155 0.135779 0.6346154 0.135779 0.5961539 0.135779 0.5576923 0.135779 0.5576924 0.135779 0.5576924 0.135779 0.5961539 0.135779 0.5961539 0.135779 0.5576923 0.135779 0.5192307 0.135779 0.5192308 0.135779 0.5192308 0.135779 0.5576924 0.135779 0.5576923 0.135779 0.5192307 0.135779 0.4807692 0.135779 0.4807702 0.135779 0.4807702 0.135779 0.5192308 0.135779 0.5192307 0.135779 0.4807692 0.135779 0.4423076 0.135779 0.4423068 0.135779 0.4423068 0.135779 0.4807702 0.135779 0.4807692 0.135779 0.4423076 0.135779 0.4038461 0.135779 0.4038462 0.135779 0.4038462 0.135779 0.4423068 0.135779 0.4423076 0.135779 0.4038461 0.135779 0.3653845 0.135779 0.3653846 0.135779 0.3653846 0.135779 0.4038462 0.135779 0.4038461 0.135779 0.3653845 0.135779 0.326923 0.135779 0.3269231 0.135779 0.3269231 0.135779 0.3653846 0.135779 0.3653845 0.135779 0.326923 0.135779 0.2884615 0.135779 0.2884615 0.135779 0.2884615 0.135779 0.3269231 0.135779 0.326923 0.135779 0.2884615 0.135779 0.25 0.135779 0.25 0.135779 0.25 0.135779 0.2884615 0.135779 0.2884615 0.135779 0.25 0.135779 0.2115384 0.135779 0.2115393 0.135779 0.2115393 0.135779 0.25 0.135779 0.25 0.135779 0.2115384 0.135779 0.1730769 0.135779 0.173076 0.135779 0.173076 0.135779 0.2115393 0.135779 0.2115384 0.135779 0.1730769 0.135779 0.1346154 0.135779 0.1346154 0.135779 0.1346154 0.135779 0.173076 0.135779 0.1730769 0.135779 0.1346154 0.135779 0.09615391 0.135779 0.09615385 0.135779 0.09615385 0.135779 0.1346154 0.135779 0.1346154 0.135779 0.09615391 0.135779 0.05769234 0.135779 0.05769228 0.135779 0.05769228 0.135779 0.09615385 0.135779 0.09615391 0.135779 0.05769234 0.135779 0.0192309 0.135779 0.01923084 0.135779 0.01923084 0.135779 0.05769228 0.135779 0.05769234 0.135779 0.0192309 0.135779 -0.01923066 0.135779 -0.01923072 0.135779 -0.01923072 0.135779 0.01923084 0.135779 0.0192309 0.135779 0.9807693 0.135779 0.9423078 0.135779 0.9423087 0.135779 0.9423087 0.135779 0.9807693 0.135779 0.9807693 0.135779 0.9423078 0.135779 0.9038463 0.135779 0.9038453 0.135779 0.9038453 0.135779 0.9423087 0.135779 0.9423078 0.135779 0.9038463 0.135779 0.8653847 0.135779 0.8653847 0.135779 0.8653847 0.135779 0.9038453 0.135779 0.9038463 0.135779 0.8653847 0.135779 0.8269231 0.135779 0.8269231 0.135779 0.8269231 0.135779 0.8653847 0.135779 0.8653847 0.135779 0.8269231 0.135779 0.7884616 0.135779 0.7884624 0.135779 0.7884624 0.135779 0.8269231 0.135779 0.8269231 0.135779 0.0192309 0.9727626 0.326923 0.9727626 0.6346154 0.9727626 0.7499988 0 0.7884618 0 0.7884625 0.01777827 0.7884625 0.01777827 0.7499994 0.01777827 0.7499988 0 0.7884618 0 0.8269231 0 0.8269231 0.01777827 0.8269231 0.01777827 0.7884625 0.01777827 0.7884618 0 0.8269231 0 0.8653845 0 0.8653845 0.01777827 0.8653845 0.01777827 0.8269231 0.01777827 0.8269231 0 0.8653845 0 0.9038454 0 0.9038454 0.01777827 0.9038454 0.01777827 0.8653845 0.01777827 0.8653845 0 0.9038454 0 0.9423091 0 0.9423084 0.01777827 0.9423084 0.01777827 0.9038454 0.01777827 0.9038454 0 0.9423091 0 0.9807687 0 0.9807694 0.01777827 0.9807694 0.01777827 0.9423084 0.01777827 0.9423091 0 0.9807687 0 1.019231 0 1.019231 0.01777827 1.019231 0.01777827 0.9807694 0.01777827 0.9807687 0 0.01923078 0 0.05769181 0 0.05769181 0.01777827 0.05769181 0.01777827 0.01923078 0.01777827 0.01923078 0 0.05769181 0 0.09615439 0 0.09615439 0.01777827 0.09615439 0.01777827 0.05769181 0.01777827 0.05769181 0 0.09615439 0 0.1346153 0 0.1346153 0.01777827 0.1346153 0.01777827 0.09615439 0.01777827 0.09615439 0 0.1346153 0 0.1730762 0 0.1730762 0.01777827 0.1730762 0.01777827 0.1346153 0.01777827 0.1346153 0 0.1730762 0 0.2115393 0 0.2115393 0.01777827 0.2115393 0.01777827 0.1730762 0.01777827 0.1730762 0 0.2115393 0 0.25 0 0.2500001 0.01777827 0.2500001 0.01777827 0.2115393 0.01777827 0.2115393 0 0.25 0 0.2884616 0 0.2884616 0.01777827 0.2884616 0.01777827 0.2500001 0.01777827 0.25 0 0.2884616 0 0.3269225 0 0.3269225 0.01777827 0.3269225 0.01777827 0.2884616 0.01777827 0.2884616 0 0.3269225 0 0.3653852 0 0.3653852 0.01777827 0.3653852 0.01777827 0.3269225 0.01777827 0.3269225 0 0.3653852 0 0.4038456 0 0.4038459 0.01777827 0.4038459 0.01777827 0.3653852 0.01777827 0.3653852 0 0.4038456 0 0.4423065 0 0.4423068 0.01777827 0.4423068 0.01777827 0.4038459 0.01777827 0.4038456 0 0.4423065 0 0.4807701 0 0.4807701 0.01777827 0.4807701 0.01777827 0.4423068 0.01777827 0.4423065 0 0.4807701 0 0.5192314 0 0.519231 0.01777827 0.519231 0.01777827 0.4807701 0.01777827 0.4807701 0 0.5192314 0 0.557693 0 0.5576927 0.01777827 0.5576927 0.01777827 0.519231 0.01777827 0.5192314 0 0.557693 0 0.5961534 0 0.5961534 0.01777827 0.5961534 0.01777827 0.5576927 0.01777827 0.557693 0 0.5961534 0 0.634616 0 0.634616 0.01777827 0.634616 0.01777827 0.5961534 0.01777827 0.5961534 0 0.634616 0 0.6730771 0 0.6730771 0.01777827 0.6730771 0.01777827 0.634616 0.01777827 0.634616 0 0.6730771 0 0.7115385 0 0.7115385 0.01777827 0.7115385 0.01777827 0.6730771 0.01777827 0.6730771 0 0.7115385 0 0.7499988 0 0.7499994 0.01777827 0.7499994 0.01777827 0.7115385 0.01777827 0.7115385 0 0.7884625 0.1347561 0.7499991 0.1347561 0.7499991 0.1326756 0.7499991 0.1326756 0.7884625 0.1326756 0.7884625 0.1347561 0.7499991 0.1347561 0.7115386 0.1347561 0.7115386 0.1326756 0.7115386 0.1326756 0.7499991 0.1326756 0.7499991 0.1347561 0.7115386 0.1347561 0.6730771 0.1347561 0.6730771 0.1326756 0.6730771 0.1326756 0.7115386 0.1326756 0.7115386 0.1347561 0.6730771 0.1347561 0.6346155 0.1347561 0.6346155 0.1326756 0.6346155 0.1326756 0.6730771 0.1326756 0.6730771 0.1347561 0.6346155 0.1347561 0.5961539 0.1347561 0.5961539 0.1326756 0.5961539 0.1326756 0.6346155 0.1326756 0.6346155 0.1347561 0.5961539 0.1347561 0.5576924 0.1347561 0.5576924 0.1326756 0.5576924 0.1326756 0.5961539 0.1326756 0.5961539 0.1347561 0.5576924 0.1347561 0.5192308 0.1347561 0.5192308 0.1326756 0.5192308 0.1326756 0.5576924 0.1326756 0.5576924 0.1347561 0.5192308 0.1347561 0.4807702 0.1347561 0.4807702 0.1326756 0.4807702 0.1326756 0.5192308 0.1326756 0.5192308 0.1347561 0.4807702 0.1347561 0.4423068 0.1347561 0.4423068 0.1326756 0.4423068 0.1326756 0.4807702 0.1326756 0.4807702 0.1347561 0.4423068 0.1347561 0.4038462 0.1347561 0.4038462 0.1326756 0.4038462 0.1326756 0.4423068 0.1326756 0.4423068 0.1347561 0.4038462 0.1347561 0.3653846 0.1347561 0.3653846 0.1326756 0.3653846 0.1326756 0.4038462 0.1326756 0.4038462 0.1347561 0.3653846 0.1347561 0.3269231 0.1347561 0.3269231 0.1326756 0.3269231 0.1326756 0.3653846 0.1326756 0.3653846 0.1347561 0.3269231 0.1347561 0.2884615 0.1347561 0.2884615 0.1326756 0.2884615 0.1326756 0.3269231 0.1326756 0.3269231 0.1347561 0.2884615 0.1347561 0.25 0.1347561 0.25 0.1326756 0.25 0.1326756 0.2884615 0.1326756 0.2884615 0.1347561 0.25 0.1347561 0.2115394 0.1347561 0.2115394 0.1326756 0.2115394 0.1326756 0.25 0.1326756 0.25 0.1347561 0.2115394 0.1347561 0.173076 0.1347561 0.173076 0.1326756 0.173076 0.1326756 0.2115394 0.1326756 0.2115394 0.1347561 0.173076 0.1347561 0.1346154 0.1347561 0.1346154 0.1326756 0.1346154 0.1326756 0.173076 0.1326756 0.173076 0.1347561 0.1346154 0.1347561 0.09615385 0.1347561 0.09615385 0.1326756 0.09615385 0.1326756 0.1346154 0.1326756 0.1346154 0.1347561 0.09615385 0.1347561 0.05769228 0.1347561 0.05769228 0.1326756 0.05769228 0.1326756 0.09615385 0.1326756 0.09615385 0.1347561 0.05769228 0.1347561 0.01923084 0.1347561 0.01923084 0.1326756 0.01923084 0.1326756 0.05769228 0.1326756 0.05769228 0.1347561 0.01923084 0.1347561 -0.01923072 0.1347561 -0.01923072 0.1326756 -0.01923072 0.1326756 0.01923084 0.1326756 0.01923084 0.1347561 0.9807693 0.1347561 0.9423087 0.1347561 0.9423087 0.1326756 0.9423087 0.1326756 0.9807693 0.1326756 0.9807693 0.1347561 0.9423087 0.1347561 0.9038453 0.1347561 0.9038453 0.1326756 0.9038453 0.1326756 0.9423087 0.1326756 0.9423087 0.1347561 0.9038453 0.1347561 0.8653847 0.1347561 0.8653847 0.1326756 0.8653847 0.1326756 0.9038453 0.1326756 0.9038453 0.1347561 0.8653847 0.1347561 0.8269231 0.1347561 0.8269231 0.1326756 0.8269231 0.1326756 0.8653847 0.1326756 0.8653847 0.1347561 0.8269231 0.1347561 0.7884625 0.1347561 0.7884625 0.1326756 0.7884625 0.1326756 0.8269231 0.1326756 0.8269231 0.1347561 0.7499991 0 0.7884625 0 0.7884618 0 0.7884618 0 0.7499988 0 0.7499991 0 0.7884625 0 0.8269231 0 0.8269231 0 0.8269231 0 0.7884618 0 0.7884625 0 0.8269231 0 0.8653847 0 0.8653845 0 0.8653845 0 0.8269231 0 0.8269231 0 0.8653847 0 0.9038453 0 0.9038454 0 0.9038454 0 0.8653845 0 0.8653847 0 0.9038453 0 0.9423087 0 0.9423091 0 0.9423091 0 0.9038454 0 0.9038453 0 0.9423087 0 0.9807693 0 0.9807687 0 0.9807687 0 0.9423091 0 0.9423087 0 0.9807693 0 1.019231 0 1.019231 0 1.019231 0 0.9807687 0 0.9807693 0 0.01923084 0 0.05769228 0 0.05769181 0 0.05769181 0 0.01923078 0 0.01923084 0 0.05769228 0 0.09615385 0 0.09615439 0 0.09615439 0 0.05769181 0 0.05769228 0 0.09615385 0 0.1346154 0 0.1346153 0 0.1346153 0 0.09615439 0 0.09615385 0 0.1346154 0 0.173076 0 0.1730762 0 0.1730762 0 0.1346153 0 0.1346154 0 0.173076 0 0.2115394 0 0.2115393 0 0.2115393 0 0.1730762 0 0.173076 0 0.2115394 0 0.25 0 0.25 0 0.25 0 0.2115393 0 0.2115394 0 0.25 0 0.2884615 0 0.2884616 0 0.2884616 0 0.25 0 0.25 0 0.2884615 0 0.3269231 0 0.3269225 0 0.3269225 0 0.2884616 0 0.2884615 0 0.3269231 0 0.3653846 0 0.3653852 0 0.3653852 0 0.3269225 0 0.3269231 0 0.3653846 0 0.4038462 0 0.4038456 0 0.4038456 0 0.3653852 0 0.3653846 0 0.4038462 0 0.4423068 0 0.4423065 0 0.4423065 0 0.4038456 0 0.4038462 0 0.4423068 0 0.4807702 0 0.4807701 0 0.4807701 0 0.4423065 0 0.4423068 0 0.4807702 0 0.5192308 0 0.5192314 0 0.5192314 0 0.4807701 0 0.4807702 0 0.5192308 0 0.5576924 0 0.557693 0 0.557693 0 0.5192314 0 0.5192308 0 0.5576924 0 0.5961539 0 0.5961534 0 0.5961534 0 0.557693 0 0.5576924 0 0.5961539 0 0.6346155 0 0.634616 0 0.634616 0 0.5961534 0 0.5961539 0 0.6346155 0 0.6730771 0 0.6730771 0 0.6730771 0 0.634616 0 0.6346155 0 0.6730771 0 0.7115386 0 0.7115385 0 0.7115385 0 0.6730771 0 0.6730771 0 0.7115386 0 0.7499991 0 0.7499988 0 0.7499988 0 0.7115385 0 0.7115386 0 0.7884625 0.02945142 0.7499991 0.02945142 0.7499991 0.02945142 0.7499991 0.02945142 0.7884625 0.02945142 0.7884625 0.02945142 0.7499991 0.02945142 0.7115386 0.02945142 0.7115386 0.02945142 0.7115386 0.02945142 0.7499991 0.02945142 0.7499991 0.02945142 0.7115386 0.02945142 0.6730771 0.02945142 0.6730771 0.02945142 0.6730771 0.02945142 0.7115386 0.02945142 0.7115386 0.02945142 0.6730771 0.02945142 0.6346155 0.02945142 0.6346156 0.02945142 0.6346156 0.02945142 0.6730771 0.02945142 0.6730771 0.02945142 0.6346155 0.02945142 0.5961539 0.02945142 0.5961539 0.02945142 0.5961539 0.02945142 0.6346156 0.02945142 0.6346155 0.02945142 0.5961539 0.02945142 0.5576924 0.02945142 0.5576924 0.02945142 0.5576924 0.02945142 0.5961539 0.02945142 0.5961539 0.02945142 0.5576924 0.02945142 0.5192308 0.02945142 0.5192308 0.02945142 0.5192308 0.02945142 0.5576924 0.02945142 0.5576924 0.02945142 0.5192308 0.02945142 0.4807702 0.02945142 0.4807702 0.02945142 0.4807702 0.02945142 0.5192308 0.02945142 0.5192308 0.02945142 0.4807702 0.02945142 0.4423068 0.02945142 0.4423068 0.02945142 0.4423068 0.02945142 0.4807702 0.02945142 0.4807702 0.02945142 0.4423068 0.02945142 0.4038462 0.02945142 0.4038462 0.02945142 0.4038462 0.02945142 0.4423068 0.02945142 0.4423068 0.02945142 0.4038462 0.02945142 0.3653846 0.02945142 0.3653846 0.02945142 0.3653846 0.02945142 0.4038462 0.02945142 0.4038462 0.02945142 0.3653846 0.02945142 0.3269231 0.02945142 0.3269231 0.02945142 0.3269231 0.02945142 0.3653846 0.02945142 0.3653846 0.02945142 0.3269231 0.02945142 0.2884615 0.02945142 0.2884615 0.02945142 0.2884615 0.02945142 0.3269231 0.02945142 0.3269231 0.02945142 0.2884615 0.02945142 0.25 0.02945142 0.25 0.02945142 0.25 0.02945142 0.2884615 0.02945142 0.2884615 0.02945142 0.25 0.02945142 0.2115394 0.02945142 0.2115394 0.02945142 0.2115394 0.02945142 0.25 0.02945142 0.25 0.02945142 0.2115394 0.02945142 0.173076 0.02945142 0.173076 0.02945142 0.173076 0.02945142 0.2115394 0.02945142 0.2115394 0.02945142 0.173076 0.02945142 0.1346154 0.02945142 0.1346154 0.02945142 0.1346154 0.02945142 0.173076 0.02945142 0.173076 0.02945142 0.1346154 0.02945142 0.09615385 0.02945142 0.09615385 0.02945142 0.09615385 0.02945142 0.1346154 0.02945142 0.1346154 0.02945142 0.09615385 0.02945142 0.05769228 0.02945142 0.05769228 0.02945142 0.05769228 0.02945142 0.09615385 0.02945142 0.09615385 0.02945142 0.05769228 0.02945142 0.01923084 0.02945142 0.01923084 0.02945142 0.01923084 0.02945142 0.05769228 0.02945142 0.05769228 0.02945142 0.01923084 0.02945142 -0.01923072 0.02945142 -0.01923072 0.02945142 -0.01923072 0.02945142 0.01923084 0.02945142 0.01923084 0.02945142 0.9807693 0.02945142 0.9423087 0.02945142 0.9423087 0.02945142 0.9423087 0.02945142 0.9807693 0.02945142 0.9807693 0.02945142 0.9423087 0.02945142 0.9038453 0.02945142 0.9038453 0.02945142 0.9038453 0.02945142 0.9423087 0.02945142 0.9423087 0.02945142 0.9038453 0.02945142 0.8653846 0.02945142 0.8653847 0.02945142 0.8653847 0.02945142 0.9038453 0.02945142 0.9038453 0.02945142 0.8653846 0.02945142 0.8269231 0.02945142 0.8269231 0.02945142 0.8269231 0.02945142 0.8653847 0.02945142 0.8653846 0.02945142 0.8269231 0.02945142 0.7884625 0.02945142 0.7884625 0.02945142 0.7884625 0.02945142 0.8269231 0.02945142 0.8269231 0.02945142 0.7884625 0.01777827 0.7884625 0.02945142 0.7499991 0.02945142 0.7499991 0.02945142 0.7499994 0.01777827 0.7884625 0.01777827 0.7499994 0.01777827 0.7499991 0.02945142 0.7115386 0.02945142 0.7115386 0.02945142 0.7115385 0.01777827 0.7499994 0.01777827 0.7115385 0.01777827 0.7115386 0.02945142 0.6730771 0.02945142 0.6730771 0.02945142 0.6730771 0.01777827 0.7115385 0.01777827 0.6730771 0.01777827 0.6730771 0.02945142 0.6346156 0.02945142 0.6346156 0.02945142 0.634616 0.01777827 0.6730771 0.01777827 0.634616 0.01777827 0.6346156 0.02945142 0.5961539 0.02945142 0.5961539 0.02945142 0.5961534 0.01777827 0.634616 0.01777827 0.5961534 0.01777827 0.5961539 0.02945142 0.5576924 0.02945142 0.5576924 0.02945142 0.5576927 0.01777827 0.5961534 0.01777827 0.5576927 0.01777827 0.5576924 0.02945142 0.5192308 0.02945142 0.5192308 0.02945142 0.519231 0.01777827 0.5576927 0.01777827 0.519231 0.01777827 0.5192308 0.02945142 0.4807702 0.02945142 0.4807702 0.02945142 0.4807701 0.01777827 0.519231 0.01777827 0.4807701 0.01777827 0.4807702 0.02945142 0.4423068 0.02945142 0.4423068 0.02945142 0.4423068 0.01777827 0.4807701 0.01777827 0.4423068 0.01777827 0.4423068 0.02945142 0.4038462 0.02945142 0.4038462 0.02945142 0.4038459 0.01777827 0.4423068 0.01777827 0.4038459 0.01777827 0.4038462 0.02945142 0.3653846 0.02945142 0.3653846 0.02945142 0.3653852 0.01777827 0.4038459 0.01777827 0.3653852 0.01777827 0.3653846 0.02945142 0.3269231 0.02945142 0.3269231 0.02945142 0.3269225 0.01777827 0.3653852 0.01777827 0.3269225 0.01777827 0.3269231 0.02945142 0.2884615 0.02945142 0.2884615 0.02945142 0.2884616 0.01777827 0.3269225 0.01777827 0.2884616 0.01777827 0.2884615 0.02945142 0.25 0.02945142 0.25 0.02945142 0.2500001 0.01777827 0.2884616 0.01777827 0.2500001 0.01777827 0.25 0.02945142 0.2115394 0.02945142 0.2115394 0.02945142 0.2115393 0.01777827 0.2500001 0.01777827 0.2115393 0.01777827 0.2115394 0.02945142 0.173076 0.02945142 0.173076 0.02945142 0.1730762 0.01777827 0.2115393 0.01777827 0.1730762 0.01777827 0.173076 0.02945142 0.1346154 0.02945142 0.1346154 0.02945142 0.1346153 0.01777827 0.1730762 0.01777827 0.1346153 0.01777827 0.1346154 0.02945142 0.09615385 0.02945142 0.09615385 0.02945142 0.09615439 0.01777827 0.1346153 0.01777827 0.09615439 0.01777827 0.09615385 0.02945142 0.05769228 0.02945142 0.05769228 0.02945142 0.05769181 0.01777827 0.09615439 0.01777827 0.05769181 0.01777827 0.05769228 0.02945142 0.01923084 0.02945142 0.01923084 0.02945142 0.01923078 0.01777827 0.05769181 0.01777827 0.01923078 0.01777827 0.01923084 0.02945142 -0.01923072 0.02945142 -0.01923072 0.02945142 -0.0192306 0.01777827 0.01923078 0.01777827 0.9807694 0.01777827 0.9807693 0.02945142 0.9423087 0.02945142 0.9423087 0.02945142 0.9423084 0.01777827 0.9807694 0.01777827 0.9423084 0.01777827 0.9423087 0.02945142 0.9038453 0.02945142 0.9038453 0.02945142 0.9038454 0.01777827 0.9423084 0.01777827 0.9038454 0.01777827 0.9038453 0.02945142 0.8653847 0.02945142 0.8653847 0.02945142 0.8653845 0.01777827 0.9038454 0.01777827 0.8653845 0.01777827 0.8653847 0.02945142 0.8269231 0.02945142 0.8269231 0.02945142 0.8269231 0.01777827 0.8653845 0.01777827 0.8269231 0.01777827 0.8269231 0.02945142 0.7884625 0.02945142 0.7884625 0.02945142 0.7884625 0.01777827 0.8269231 0.01777827 0.7884625 0.1347561 0.7884624 0.135779 0.7499991 0.135779 0.7499991 0.135779 0.7499991 0.1347561 0.7884625 0.1347561 0.7499991 0.1347561 0.7499991 0.135779 0.7115386 0.135779 0.7115386 0.135779 0.7115386 0.1347561 0.7499991 0.1347561 0.7115386 0.1347561 0.7115386 0.135779 0.6730771 0.135779 0.6730771 0.135779 0.6730771 0.1347561 0.7115386 0.1347561 0.6730771 0.1347561 0.6730771 0.135779 0.6346155 0.135779 0.6346155 0.135779 0.6346155 0.1347561 0.6730771 0.1347561 0.6346155 0.1347561 0.6346155 0.135779 0.5961539 0.135779 0.5961539 0.135779 0.5961539 0.1347561 0.6346155 0.1347561 0.5961539 0.1347561 0.5961539 0.135779 0.5576924 0.135779 0.5576924 0.135779 0.5576924 0.1347561 0.5961539 0.1347561 0.5576924 0.1347561 0.5576924 0.135779 0.5192308 0.135779 0.5192308 0.135779 0.5192308 0.1347561 0.5576924 0.1347561 0.5192308 0.1347561 0.5192308 0.135779 0.4807702 0.135779 0.4807702 0.135779 0.4807702 0.1347561 0.5192308 0.1347561 0.4807702 0.1347561 0.4807702 0.135779 0.4423068 0.135779 0.4423068 0.135779 0.4423068 0.1347561 0.4807702 0.1347561 0.4423068 0.1347561 0.4423068 0.135779 0.4038462 0.135779 0.4038462 0.135779 0.4038462 0.1347561 0.4423068 0.1347561 0.4038462 0.1347561 0.4038462 0.135779 0.3653846 0.135779 0.3653846 0.135779 0.3653846 0.1347561 0.4038462 0.1347561 0.3653846 0.1347561 0.3653846 0.135779 0.3269231 0.135779 0.3269231 0.135779 0.3269231 0.1347561 0.3653846 0.1347561 0.3269231 0.1347561 0.3269231 0.135779 0.2884615 0.135779 0.2884615 0.135779 0.2884615 0.1347561 0.3269231 0.1347561 0.2884615 0.1347561 0.2884615 0.135779 0.25 0.135779 0.25 0.135779 0.25 0.1347561 0.2884615 0.1347561 0.25 0.1347561 0.25 0.135779 0.2115393 0.135779 0.2115393 0.135779 0.2115394 0.1347561 0.25 0.1347561 0.2115394 0.1347561 0.2115393 0.135779 0.173076 0.135779 0.173076 0.135779 0.173076 0.1347561 0.2115394 0.1347561 0.173076 0.1347561 0.173076 0.135779 0.1346154 0.135779 0.1346154 0.135779 0.1346154 0.1347561 0.173076 0.1347561 0.1346154 0.1347561 0.1346154 0.135779 0.09615385 0.135779 0.09615385 0.135779 0.09615385 0.1347561 0.1346154 0.1347561 0.09615385 0.1347561 0.09615385 0.135779 0.05769228 0.135779 0.05769228 0.135779 0.05769228 0.1347561 0.09615385 0.1347561 0.05769228 0.1347561 0.05769228 0.135779 0.01923084 0.135779 0.01923084 0.135779 0.01923084 0.1347561 0.05769228 0.1347561 0.01923084 0.1347561 0.01923084 0.135779 -0.01923072 0.135779 -0.01923072 0.135779 -0.01923072 0.1347561 0.01923084 0.1347561 0.9807693 0.1347561 0.9807693 0.135779 0.9423087 0.135779 0.9423087 0.135779 0.9423087 0.1347561 0.9807693 0.1347561 0.9423087 0.1347561 0.9423087 0.135779 0.9038453 0.135779 0.9038453 0.135779 0.9038453 0.1347561 0.9423087 0.1347561 0.9038453 0.1347561 0.9038453 0.135779 0.8653847 0.135779 0.8653847 0.135779 0.8653847 0.1347561 0.9038453 0.1347561 0.8653847 0.1347561 0.8653847 0.135779 0.8269231 0.135779 0.8269231 0.135779 0.8269231 0.1347561 0.8653847 0.1347561 0.8269231 0.1347561 0.8269231 0.135779 0.7884624 0.135779 0.7884624 0.135779 0.7884625 0.1347561 0.8269231 0.1347561 0.8653847 0.9727626 0.9038463 0.9727626 0.9423078 0.9727626 0.9423078 0.9727626 0.9807693 0.9727626 0.0192309 0.9727626 0.0192309 0.9727626 0.05769234 0.9727626 0.1730769 0.9727626 0.05769234 0.9727626 0.09615391 0.9727626 0.1730769 0.9727626 0.09615391 0.9727626 0.1346154 0.9727626 0.1730769 0.9727626 0.1730769 0.9727626 0.2115384 0.9727626 0.25 0.9727626 0.25 0.9727626 0.2884615 0.9727626 0.326923 0.9727626 0.326923 0.9727626 0.3653845 0.9727626 0.4807692 0.9727626 0.3653845 0.9727626 0.4038461 0.9727626 0.4807692 0.9727626 0.4038461 0.9727626 0.4423076 0.9727626 0.4807692 0.9727626 0.4807692 0.9727626 0.5192307 0.9727626 0.5576923 0.9727626 0.5576923 0.9727626 0.5961539 0.9727626 0.6346154 0.9727626 0.6346154 0.9727626 0.6730771 0.9727626 0.7884616 0.9727626 0.6730771 0.9727626 0.7115387 0.9727626 0.7884616 0.9727626 0.7115387 0.9727626 0.75 0.9727626 0.7884616 0.9727626 0.7884616 0.9727626 0.8269231 0.9727626 0.8653847 0.9727626 0.8653847 0.9727626 0.9423078 0.9727626 0.7884616 0.9727626 0.9423078 0.9727626 0.0192309 0.9727626 0.7884616 0.9727626 0.1730769 0.9727626 0.25 0.9727626 0.326923 0.9727626 0.4807692 0.9727626 0.5576923 0.9727626 0.326923 0.9727626 0.5576923 0.9727626 0.6346154 0.9727626 0.326923 0.9727626 0.0192309 0.9727626 0.1730769 0.9727626 0.326923 0.9727626 0.6346154 0.9727626 0.7884616 0.9727626 0.0192309 0.9727626</float_array>
          <technique_common>
            <accessor source="#Örüntü_023-mesh-map-0-array" count="2328" stride="2">
              <param name="S" type="float"/>
              <param name="T" type="float"/>
            </accessor>
          </technique_common>
        </source>
        <vertices id="Örüntü_023-mesh-vertices">
          <input semantic="POSITION" source="#Örüntü_023-mesh-positions"/>
        </vertices>
        <triangles material="direk_013-material" count="776">
          <input semantic="VERTEX" source="#Örüntü_023-mesh-vertices" offset="0"/>
          <input semantic="NORMAL" source="#Örüntü_023-mesh-normals" offset="1"/>
          <input semantic="TEXCOORD" source="#Örüntü_023-mesh-map-0" offset="2" set="0"/>
          <p>24 0 0 23 0 1 22 0 2 22 0 3 21 0 4 20 0 5 20 0 6 19 0 7 18 0 8 22 0 9 20 0 10 18 0 11 18 0 12 17 0 13 16 0 14 16 0 15 15 0 16 14 0 17 18 0 18 16 0 19 14 0 20 22 0 21 18 0 22 14 0 23 14 0 24 13 0 25 12 0 26 12 0 27 11 0 28 10 0 29 14 0 30 12 0 31 10 0 32 10 0 33 9 0 34 8 0 35 8 0 36 7 0 37 6 0 38 10 0 39 8 0 40 6 0 41 14 0 42 10 0 43 6 0 44 22 0 45 14 0 46 6 0 47 6 0 48 5 0 49 4 0 50 4 0 51 3 0 52 2 0 53 6 0 54 4 0 55 2 0 56 22 0 57 6 0 58 2 0 59 2 0 60 1 0 61 0 0 62 22 0 63 2 0 64 0 0 65 24 0 66 22 0 67 0 0 68 25 0 69 24 0 70 0 0 71 234 1 72 235 2 73 260 3 74 260 3 75 261 4 76 234 1 77 235 2 78 236 5 79 285 6 80 285 6 81 260 3 82 235 2 83 236 5 84 237 7 85 284 8 86 284 8 87 285 6 88 236 5 89 237 7 90 238 9 91 283 10 92 283 10 93 284 8 94 237 7 95 238 9 96 239 11 97 282 12 98 282 12 99 283 10 100 238 9 101 239 11 102 240 13 103 281 14 104 281 14 105 282 12 106 239 11 107 240 13 108 241 15 109 280 16 110 280 16 111 281 14 112 240 13 113 241 15 114 242 17 115 279 18 116 279 18 117 280 16 118 241 15 119 242 17 120 243 19 121 278 20 122 278 20 123 279 18 124 242 17 125 243 19 126 244 21 127 277 22 128 277 22 129 278 20 130 243 19 131 244 21 132 245 23 133 276 24 134 276 24 135 277 22 136 244 21 137 245 23 138 246 25 139 275 26 140 275 26 141 276 24 142 245 23 143 246 25 144 247 27 145 274 28 146 274 28 147 275 26 148 246 25 149 247 27 150 248 29 151 273 30 152 273 30 153 274 28 154 247 27 155 248 29 156 249 31 157 272 32 158 272 32 159 273 30 160 248 29 161 249 31 162 250 33 163 271 34 164 271 34 165 272 32 166 249 31 167 250 33 168 251 35 169 270 36 170 270 36 171 271 34 172 250 33 173 251 35 174 252 37 175 269 38 176 269 38 177 270 36 178 251 35 179 252 37 180 253 39 181 268 40 182 268 40 183 269 38 184 252 37 185 253 39 186 254 41 187 267 42 188 267 42 189 268 40 190 253 39 191 254 41 192 255 43 193 266 44 194 266 44 195 267 42 196 254 41 197 255 43 198 256 45 199 265 46 200 265 46 201 266 44 202 255 43 203 256 45 204 257 47 205 264 48 206 264 48 207 265 46 208 256 45 209 257 47 210 258 49 211 263 50 212 263 50 213 264 48 214 257 47 215 258 49 216 259 51 217 262 52 218 262 52 219 263 50 220 258 49 221 259 51 222 234 1 223 261 4 224 261 4 225 262 52 226 259 51 227 26 1 228 27 2 229 53 3 230 53 3 231 52 4 232 26 1 233 27 2 234 28 5 235 54 6 236 54 6 237 53 3 238 27 2 239 28 5 240 29 7 241 55 8 242 55 8 243 54 6 244 28 5 245 29 7 246 30 9 247 56 10 248 56 10 249 55 8 250 29 7 251 30 9 252 31 11 253 57 12 254 57 12 255 56 10 256 30 9 257 31 11 258 32 13 259 58 14 260 58 14 261 57 12 262 31 11 263 32 13 264 33 15 265 59 16 266 59 16 267 58 14 268 32 13 269 33 15 270 34 17 271 60 18 272 60 18 273 59 16 274 33 15 275 34 17 276 35 19 277 61 20 278 61 20 279 60 18 280 34 17 281 35 19 282 36 21 283 62 22 284 62 22 285 61 20 286 35 19 287 36 21 288 37 23 289 63 24 290 63 24 291 62 22 292 36 21 293 37 23 294 38 25 295 64 26 296 64 26 297 63 24 298 37 23 299 38 25 300 39 27 301 65 28 302 65 28 303 64 26 304 38 25 305 39 27 306 40 29 307 66 30 308 66 30 309 65 28 310 39 27 311 40 29 312 41 31 313 67 32 314 67 32 315 66 30 316 40 29 317 41 31 318 42 53 319 68 34 320 68 34 321 67 32 322 41 31 323 42 53 324 43 54 325 69 36 326 69 36 327 68 34 328 42 53 329 43 54 330 44 37 331 70 38 332 70 38 333 69 36 334 43 54 335 44 37 336 45 39 337 71 40 338 71 40 339 70 38 340 44 37 341 45 39 342 46 55 343 72 42 344 72 42 345 71 40 346 45 39 347 46 55 348 47 43 349 73 44 350 73 44 351 72 42 352 46 55 353 47 43 354 48 45 355 74 46 356 74 46 357 73 44 358 47 43 359 48 45 360 49 47 361 75 48 362 75 48 363 74 46 364 48 45 365 49 47 366 50 56 367 76 50 368 76 50 369 75 48 370 49 47 371 50 56 372 51 51 373 77 52 374 77 52 375 76 50 376 50 56 377 51 51 378 26 1 379 52 4 380 52 4 381 77 52 382 51 51 383 52 4 384 53 3 385 79 3 386 79 3 387 78 4 388 52 4 389 53 3 390 54 6 391 80 6 392 80 6 393 79 3 394 53 3 395 54 6 396 55 8 397 81 8 398 81 8 399 80 6 400 54 6 401 55 8 402 56 10 403 82 10 404 82 10 405 81 8 406 55 8 407 56 10 408 57 12 409 83 12 410 83 12 411 82 10 412 56 10 413 57 12 414 58 14 415 84 14 416 84 14 417 83 12 418 57 12 419 58 14 420 59 16 421 85 16 422 85 16 423 84 14 424 58 14 425 59 16 426 60 18 427 86 18 428 86 18 429 85 16 430 59 16 431 60 18 432 61 20 433 87 20 434 87 20 435 86 18 436 60 18 437 61 20 438 62 22 439 88 22 440 88 22 441 87 20 442 61 20 443 62 22 444 63 24 445 89 24 446 89 24 447 88 22 448 62 22 449 63 24 450 64 26 451 90 26 452 90 26 453 89 24 454 63 24 455 64 26 456 65 28 457 91 28 458 91 28 459 90 26 460 64 26 461 65 28 462 66 30 463 92 30 464 92 30 465 91 28 466 65 28 467 66 30 468 67 32 469 93 32 470 93 32 471 92 30 472 66 30 473 67 32 474 68 34 475 94 34 476 94 34 477 93 32 478 67 32 479 68 34 480 69 36 481 95 36 482 95 36 483 94 34 484 68 34 485 69 36 486 70 38 487 96 38 488 96 38 489 95 36 490 69 36 491 70 38 492 71 40 493 97 40 494 97 40 495 96 38 496 70 38 497 71 40 498 72 42 499 98 42 500 98 42 501 97 40 502 71 40 503 72 42 504 73 44 505 99 44 506 99 44 507 98 42 508 72 42 509 73 44 510 74 46 511 100 46 512 100 46 513 99 44 514 73 44 515 74 46 516 75 48 517 101 48 518 101 48 519 100 46 520 74 46 521 75 48 522 76 50 523 102 50 524 102 50 525 101 48 526 75 48 527 76 50 528 77 52 529 103 52 530 103 52 531 102 50 532 76 50 533 77 52 534 52 4 535 78 4 536 78 4 537 103 52 538 77 52 539 78 4 540 79 3 541 105 3 542 105 3 543 104 4 544 78 4 545 79 3 546 80 6 547 106 6 548 106 6 549 105 3 550 79 3 551 80 6 552 81 8 553 107 8 554 107 8 555 106 6 556 80 6 557 81 8 558 82 10 559 108 10 560 108 10 561 107 8 562 81 8 563 82 10 564 83 12 565 109 12 566 109 12 567 108 10 568 82 10 569 83 12 570 84 14 571 110 14 572 110 14 573 109 12 574 83 12 575 84 14 576 85 16 577 111 16 578 111 16 579 110 14 580 84 14 581 85 16 582 86 18 583 112 18 584 112 18 585 111 16 586 85 16 587 86 18 588 87 20 589 113 20 590 113 20 591 112 18 592 86 18 593 87 20 594 88 22 595 114 22 596 114 22 597 113 20 598 87 20 599 88 22 600 89 24 601 115 24 602 115 24 603 114 22 604 88 22 605 89 24 606 90 26 607 116 26 608 116 26 609 115 24 610 89 24 611 90 26 612 91 28 613 117 28 614 117 28 615 116 26 616 90 26 617 91 28 618 92 30 619 118 30 620 118 30 621 117 28 622 91 28 623 92 30 624 93 32 625 119 32 626 119 32 627 118 30 628 92 30 629 93 32 630 94 34 631 120 34 632 120 34 633 119 32 634 93 32 635 94 34 636 95 36 637 121 36 638 121 36 639 120 34 640 94 34 641 95 36 642 96 38 643 122 38 644 122 38 645 121 36 646 95 36 647 96 38 648 97 40 649 123 40 650 123 40 651 122 38 652 96 38 653 97 40 654 98 42 655 124 42 656 124 42 657 123 40 658 97 40 659 98 42 660 99 44 661 125 44 662 125 44 663 124 42 664 98 42 665 99 44 666 100 46 667 126 46 668 126 46 669 125 44 670 99 44 671 100 46 672 101 48 673 127 48 674 127 48 675 126 46 676 100 46 677 101 48 678 102 50 679 128 50 680 128 50 681 127 48 682 101 48 683 102 50 684 103 52 685 129 52 686 129 52 687 128 50 688 102 50 689 103 52 690 78 4 691 104 4 692 104 4 693 129 52 694 103 52 695 104 4 696 105 3 697 131 3 698 131 3 699 130 4 700 104 4 701 105 3 702 106 6 703 132 6 704 132 6 705 131 3 706 105 3 707 106 6 708 107 8 709 133 8 710 133 8 711 132 6 712 106 6 713 107 8 714 108 10 715 134 10 716 134 10 717 133 8 718 107 8 719 108 10 720 109 12 721 135 12 722 135 12 723 134 10 724 108 10 725 109 12 726 110 14 727 136 14 728 136 14 729 135 12 730 109 12 731 110 14 732 111 16 733 137 16 734 137 16 735 136 14 736 110 14 737 111 16 738 112 18 739 138 18 740 138 18 741 137 16 742 111 16 743 112 18 744 113 20 745 139 20 746 139 20 747 138 18 748 112 18 749 113 20 750 114 22 751 140 22 752 140 22 753 139 20 754 113 20 755 114 22 756 115 24 757 141 24 758 141 24 759 140 22 760 114 22 761 115 24 762 116 26 763 142 26 764 142 26 765 141 24 766 115 24 767 116 26 768 117 28 769 143 28 770 143 28 771 142 26 772 116 26 773 117 28 774 118 30 775 144 30 776 144 30 777 143 28 778 117 28 779 118 30 780 119 32 781 145 32 782 145 32 783 144 30 784 118 30 785 119 32 786 120 34 787 146 34 788 146 34 789 145 32 790 119 32 791 120 34 792 121 36 793 147 36 794 147 36 795 146 34 796 120 34 797 121 36 798 122 38 799 148 38 800 148 38 801 147 36 802 121 36 803 122 38 804 123 40 805 149 40 806 149 40 807 148 38 808 122 38 809 123 40 810 124 42 811 150 42 812 150 42 813 149 40 814 123 40 815 124 42 816 125 44 817 151 44 818 151 44 819 150 42 820 124 42 821 125 44 822 126 46 823 152 46 824 152 46 825 151 44 826 125 44 827 126 46 828 127 48 829 153 48 830 153 48 831 152 46 832 126 46 833 127 48 834 128 50 835 154 50 836 154 50 837 153 48 838 127 48 839 128 50 840 129 52 841 155 52 842 155 52 843 154 50 844 128 50 845 129 52 846 104 4 847 130 4 848 130 4 849 155 52 850 129 52 851 130 4 852 131 3 853 157 57 854 157 57 855 156 58 856 130 4 857 131 3 858 132 6 859 158 59 860 158 59 861 157 57 862 131 3 863 132 6 864 133 8 865 159 60 866 159 60 867 158 59 868 132 6 869 133 8 870 134 10 871 160 61 872 160 61 873 159 60 874 133 8 875 134 10 876 135 12 877 161 62 878 161 62 879 160 61 880 134 10 881 135 12 882 136 14 883 162 63 884 162 63 885 161 62 886 135 12 887 136 14 888 137 16 889 163 64 890 163 64 891 162 63 892 136 14 893 137 16 894 138 18 895 164 65 896 164 65 897 163 64 898 137 16 899 138 18 900 139 20 901 165 66 902 165 66 903 164 65 904 138 18 905 139 20 906 140 22 907 166 67 908 166 67 909 165 66 910 139 20 911 140 22 912 141 24 913 167 68 914 167 68 915 166 67 916 140 22 917 141 24 918 142 26 919 168 69 920 168 69 921 167 68 922 141 24 923 142 26 924 143 28 925 169 70 926 169 70 927 168 69 928 142 26 929 143 28 930 144 30 931 170 71 932 170 71 933 169 70 934 143 28 935 144 30 936 145 32 937 171 72 938 171 72 939 170 71 940 144 30 941 145 32 942 146 34 943 172 73 944 172 73 945 171 72 946 145 32 947 146 34 948 147 36 949 173 74 950 173 74 951 172 73 952 146 34 953 147 36 954 148 38 955 174 75 956 174 75 957 173 74 958 147 36 959 148 38 960 149 40 961 175 76 962 175 76 963 174 75 964 148 38 965 149 40 966 150 42 967 176 77 968 176 77 969 175 76 970 149 40 971 150 42 972 151 44 973 177 78 974 177 78 975 176 77 976 150 42 977 151 44 978 152 46 979 178 79 980 178 79 981 177 78 982 151 44 983 152 46 984 153 48 985 179 80 986 179 80 987 178 79 988 152 46 989 153 48 990 154 50 991 180 81 992 180 81 993 179 80 994 153 48 995 154 50 996 155 52 997 181 82 998 181 82 999 180 81 1000 154 50 1001 155 52 1002 130 4 1003 156 58 1004 156 58 1005 181 82 1006 155 52 1007 0 0 1008 1 0 1009 183 0 1010 183 0 1011 182 0 1012 0 0 1013 1 0 1014 2 0 1015 184 0 1016 184 0 1017 183 0 1018 1 0 1019 2 0 1020 3 0 1021 185 0 1022 185 0 1023 184 0 1024 2 0 1025 3 0 1026 4 0 1027 186 0 1028 186 0 1029 185 0 1030 3 0 1031 4 0 1032 5 0 1033 187 0 1034 187 0 1035 186 0 1036 4 0 1037 5 0 1038 6 0 1039 188 0 1040 188 0 1041 187 0 1042 5 0 1043 6 0 1044 7 0 1045 189 0 1046 189 0 1047 188 0 1048 6 0 1049 7 0 1050 8 0 1051 190 0 1052 190 0 1053 189 0 1054 7 0 1055 8 0 1056 9 0 1057 191 0 1058 191 0 1059 190 0 1060 8 0 1061 9 0 1062 10 0 1063 192 0 1064 192 0 1065 191 0 1066 9 0 1067 10 0 1068 11 0 1069 193 0 1070 193 0 1071 192 0 1072 10 0 1073 11 0 1074 12 0 1075 194 0 1076 194 0 1077 193 0 1078 11 0 1079 12 0 1080 13 0 1081 195 0 1082 195 0 1083 194 0 1084 12 0 1085 13 0 1086 14 0 1087 196 0 1088 196 0 1089 195 0 1090 13 0 1091 14 0 1092 15 0 1093 197 0 1094 197 0 1095 196 0 1096 14 0 1097 15 0 1098 16 0 1099 198 0 1100 198 0 1101 197 0 1102 15 0 1103 16 0 1104 17 0 1105 199 0 1106 199 0 1107 198 0 1108 16 0 1109 17 0 1110 18 0 1111 200 0 1112 200 0 1113 199 0 1114 17 0 1115 18 0 1116 19 0 1117 201 0 1118 201 0 1119 200 0 1120 18 0 1121 19 0 1122 20 0 1123 202 0 1124 202 0 1125 201 0 1126 19 0 1127 20 0 1128 21 0 1129 203 0 1130 203 0 1131 202 0 1132 20 0 1133 21 0 1134 22 0 1135 204 0 1136 204 0 1137 203 0 1138 21 0 1139 22 0 1140 23 0 1141 205 0 1142 205 0 1143 204 0 1144 22 0 1145 23 0 1146 24 0 1147 206 0 1148 206 0 1149 205 0 1150 23 0 1151 24 0 1152 25 0 1153 207 0 1154 207 0 1155 206 0 1156 24 0 1157 25 0 1158 0 0 1159 182 0 1160 182 0 1161 207 0 1162 25 0 1163 27 83 1164 26 83 1165 209 83 1166 209 84 1167 208 84 1168 27 84 1169 26 85 1170 51 85 1171 210 85 1172 210 86 1173 209 86 1174 26 86 1175 51 87 1176 50 87 1177 211 87 1178 211 87 1179 210 87 1180 51 87 1181 50 87 1182 49 87 1183 212 87 1184 212 87 1185 211 87 1186 50 87 1187 49 87 1188 48 87 1189 213 87 1190 213 87 1191 212 87 1192 49 87 1193 48 88 1194 47 88 1195 214 88 1196 214 89 1197 213 89 1198 48 89 1199 47 90 1200 46 90 1201 215 90 1202 215 91 1203 214 91 1204 47 91 1205 46 87 1206 45 87 1207 216 87 1208 216 92 1209 215 92 1210 46 92 1211 45 87 1212 44 87 1213 217 87 1214 217 87 1215 216 87 1216 45 87 1217 44 87 1218 43 87 1219 218 87 1220 218 87 1221 217 87 1222 44 87 1223 43 87 1224 42 87 1225 219 87 1226 219 87 1227 218 87 1228 43 87 1229 42 93 1230 41 93 1231 220 93 1232 220 87 1233 219 87 1234 42 87 1235 41 94 1236 40 94 1237 221 94 1238 221 95 1239 220 95 1240 41 95 1241 40 96 1242 39 96 1243 222 96 1244 222 97 1245 221 97 1246 40 97 1247 39 98 1248 38 98 1249 223 98 1250 223 99 1251 222 99 1252 39 99 1253 38 100 1254 37 100 1255 224 100 1256 224 101 1257 223 101 1258 38 101 1259 37 87 1260 36 87 1261 225 87 1262 225 102 1263 224 102 1264 37 102 1265 36 87 1266 35 87 1267 226 87 1268 226 87 1269 225 87 1270 36 87 1271 35 87 1272 34 87 1273 227 87 1274 227 87 1275 226 87 1276 35 87 1277 34 87 1278 33 87 1279 228 87 1280 228 87 1281 227 87 1282 34 87 1283 33 87 1284 32 87 1285 229 87 1286 229 87 1287 228 87 1288 33 87 1289 32 87 1290 31 87 1291 230 87 1292 230 87 1293 229 87 1294 32 87 1295 31 87 1296 30 87 1297 231 87 1298 231 87 1299 230 87 1300 31 87 1301 30 87 1302 29 87 1303 232 87 1304 232 103 1305 231 103 1306 30 103 1307 29 87 1308 28 87 1309 233 87 1310 233 87 1311 232 87 1312 29 87 1313 28 87 1314 27 87 1315 208 87 1316 208 104 1317 233 104 1318 28 104 1319 163 64 1320 171 72 1321 179 80 1322 286 105 1323 287 106 1324 338 107 1325 338 107 1326 339 108 1327 286 105 1328 287 106 1329 288 109 1330 363 110 1331 363 110 1332 338 107 1333 287 106 1334 288 109 1335 289 111 1336 362 112 1337 362 112 1338 363 110 1339 288 109 1340 289 111 1341 290 113 1342 361 114 1343 361 114 1344 362 112 1345 289 111 1346 290 113 1347 291 115 1348 360 116 1349 360 116 1350 361 114 1351 290 113 1352 291 115 1353 292 117 1354 359 118 1355 359 118 1356 360 116 1357 291 115 1358 292 117 1359 293 119 1360 358 120 1361 358 120 1362 359 118 1363 292 117 1364 293 119 1365 294 121 1366 357 122 1367 357 122 1368 358 120 1369 293 119 1370 294 121 1371 295 123 1372 356 124 1373 356 124 1374 357 122 1375 294 121 1376 295 123 1377 296 125 1378 355 126 1379 355 126 1380 356 124 1381 295 123 1382 296 125 1383 297 127 1384 354 128 1385 354 128 1386 355 126 1387 296 125 1388 297 127 1389 298 129 1390 353 130 1391 353 130 1392 354 128 1393 297 127 1394 298 129 1395 299 131 1396 352 132 1397 352 132 1398 353 130 1399 298 129 1400 299 131 1401 300 133 1402 351 134 1403 351 134 1404 352 132 1405 299 131 1406 300 133 1407 301 135 1408 350 136 1409 350 136 1410 351 134 1411 300 133 1412 301 135 1413 302 137 1414 349 138 1415 349 138 1416 350 136 1417 301 135 1418 302 137 1419 303 139 1420 348 140 1421 348 140 1422 349 138 1423 302 137 1424 303 139 1425 304 141 1426 347 142 1427 347 142 1428 348 140 1429 303 139 1430 304 141 1431 305 143 1432 346 144 1433 346 144 1434 347 142 1435 304 141 1436 305 143 1437 306 145 1438 345 146 1439 345 146 1440 346 144 1441 305 143 1442 306 145 1443 307 147 1444 344 148 1445 344 148 1446 345 146 1447 306 145 1448 307 147 1449 308 149 1450 343 150 1451 343 150 1452 344 148 1453 307 147 1454 308 149 1455 309 151 1456 342 152 1457 342 152 1458 343 150 1459 308 149 1460 309 151 1461 310 153 1462 341 154 1463 341 154 1464 342 152 1465 309 151 1466 310 153 1467 311 155 1468 340 156 1469 340 156 1470 341 154 1471 310 153 1472 311 155 1473 286 105 1474 339 108 1475 339 108 1476 340 156 1477 311 155 1478 364 107 1479 365 108 1480 261 4 1481 261 4 1482 260 3 1483 364 107 1484 365 108 1485 366 156 1486 262 52 1487 262 52 1488 261 4 1489 365 108 1490 366 156 1491 367 154 1492 263 50 1493 263 50 1494 262 52 1495 366 156 1496 367 154 1497 368 152 1498 264 48 1499 264 48 1500 263 50 1501 367 154 1502 368 152 1503 369 150 1504 265 46 1505 265 46 1506 264 48 1507 368 152 1508 369 150 1509 370 148 1510 266 44 1511 266 44 1512 265 46 1513 369 150 1514 370 148 1515 371 146 1516 267 42 1517 267 42 1518 266 44 1519 370 148 1520 371 146 1521 372 157 1522 268 40 1523 268 40 1524 267 42 1525 371 146 1526 372 157 1527 373 142 1528 269 38 1529 269 38 1530 268 40 1531 372 157 1532 373 142 1533 374 140 1534 270 36 1535 270 36 1536 269 38 1537 373 142 1538 374 140 1539 375 138 1540 271 34 1541 271 34 1542 270 36 1543 374 140 1544 375 138 1545 376 136 1546 272 32 1547 272 32 1548 271 34 1549 375 138 1550 376 136 1551 377 134 1552 273 30 1553 273 30 1554 272 32 1555 376 136 1556 377 134 1557 378 132 1558 274 28 1559 274 28 1560 273 30 1561 377 134 1562 378 132 1563 379 158 1564 275 26 1565 275 26 1566 274 28 1567 378 132 1568 379 158 1569 380 128 1570 276 24 1571 276 24 1572 275 26 1573 379 158 1574 380 128 1575 381 126 1576 277 22 1577 277 22 1578 276 24 1579 380 128 1580 381 126 1581 382 124 1582 278 20 1583 278 20 1584 277 22 1585 381 126 1586 382 124 1587 383 122 1588 279 18 1589 279 18 1590 278 20 1591 382 124 1592 383 122 1593 384 120 1594 280 16 1595 280 16 1596 279 18 1597 383 122 1598 384 120 1599 385 118 1600 281 14 1601 281 14 1602 280 16 1603 384 120 1604 385 118 1605 386 116 1606 282 12 1607 282 12 1608 281 14 1609 385 118 1610 386 116 1611 387 159 1612 283 10 1613 283 10 1614 282 12 1615 386 116 1616 387 159 1617 388 112 1618 284 8 1619 284 8 1620 283 10 1621 387 159 1622 388 112 1623 389 110 1624 285 6 1625 285 6 1626 284 8 1627 388 112 1628 389 110 1629 364 107 1630 260 3 1631 260 3 1632 285 6 1633 389 110 1634 182 160 1635 183 160 1636 287 160 1637 287 161 1638 286 161 1639 182 161 1640 183 162 1641 184 162 1642 288 162 1643 288 163 1644 287 163 1645 183 163 1646 184 164 1647 185 164 1648 289 164 1649 289 165 1650 288 165 1651 184 165 1652 185 166 1653 186 166 1654 290 166 1655 290 167 1656 289 167 1657 185 167 1658 186 168 1659 187 168 1660 291 168 1661 291 169 1662 290 169 1663 186 169 1664 187 170 1665 188 170 1666 292 170 1667 292 171 1668 291 171 1669 187 171 1670 188 0 1671 189 0 1672 293 0 1673 293 172 1674 292 172 1675 188 172 1676 189 0 1677 190 0 1678 294 0 1679 294 0 1680 293 0 1681 189 0 1682 190 0 1683 191 0 1684 295 0 1685 295 0 1686 294 0 1687 190 0 1688 191 173 1689 192 173 1690 296 173 1691 296 174 1692 295 174 1693 191 174 1694 192 175 1695 193 175 1696 297 175 1697 297 176 1698 296 176 1699 192 176 1700 193 177 1701 194 177 1702 298 177 1703 298 178 1704 297 178 1705 193 178 1706 194 179 1707 195 179 1708 299 179 1709 299 180 1710 298 180 1711 194 180 1712 195 0 1713 196 0 1714 300 0 1715 300 181 1716 299 181 1717 195 181 1718 196 0 1719 197 0 1720 301 0 1721 301 0 1722 300 0 1723 196 0 1724 197 0 1725 198 0 1726 302 0 1727 302 0 1728 301 0 1729 197 0 1730 198 182 1731 199 182 1732 303 182 1733 303 183 1734 302 183 1735 198 183 1736 199 0 1737 200 0 1738 304 0 1739 304 184 1740 303 184 1741 199 184 1742 200 185 1743 201 185 1744 305 185 1745 305 186 1746 304 186 1747 200 186 1748 201 187 1749 202 187 1750 306 187 1751 306 188 1752 305 188 1753 201 188 1754 202 0 1755 203 0 1756 307 0 1757 307 189 1758 306 189 1759 202 189 1760 203 0 1761 204 0 1762 308 0 1763 308 0 1764 307 0 1765 203 0 1766 204 0 1767 205 0 1768 309 0 1769 309 0 1770 308 0 1771 204 0 1772 205 0 1773 206 0 1774 310 0 1775 310 0 1776 309 0 1777 205 0 1778 206 190 1779 207 190 1780 311 190 1781 311 191 1782 310 191 1783 206 191 1784 207 192 1785 182 192 1786 286 192 1787 286 193 1788 311 193 1789 207 193 1790 235 194 1791 234 194 1792 313 194 1793 313 195 1794 312 195 1795 235 195 1796 234 196 1797 259 196 1798 314 196 1799 314 197 1800 313 197 1801 234 197 1802 259 198 1803 258 198 1804 315 198 1805 315 199 1806 314 199 1807 259 199 1808 258 200 1809 257 200 1810 316 200 1811 316 201 1812 315 201 1813 258 201 1814 257 202 1815 256 202 1816 317 202 1817 317 203 1818 316 203 1819 257 203 1820 256 204 1821 255 204 1822 318 204 1823 318 205 1824 317 205 1825 256 205 1826 255 206 1827 254 206 1828 319 206 1829 319 207 1830 318 207 1831 255 207 1832 254 87 1833 253 87 1834 320 87 1835 320 87 1836 319 87 1837 254 87 1838 253 208 1839 252 208 1840 321 208 1841 321 209 1842 320 209 1843 253 209 1844 252 210 1845 251 210 1846 322 210 1847 322 211 1848 321 211 1849 252 211 1850 251 212 1851 250 212 1852 323 212 1853 323 213 1854 322 213 1855 251 213 1856 250 214 1857 249 214 1858 324 214 1859 324 215 1860 323 215 1861 250 215 1862 249 216 1863 248 216 1864 325 216 1865 325 217 1866 324 217 1867 249 217 1868 248 218 1869 247 218 1870 326 218 1871 326 219 1872 325 219 1873 248 219 1874 247 220 1875 246 220 1876 327 220 1877 327 221 1878 326 221 1879 247 221 1880 246 222 1881 245 222 1882 328 222 1883 328 223 1884 327 223 1885 246 223 1886 245 224 1887 244 224 1888 329 224 1889 329 225 1890 328 225 1891 245 225 1892 244 226 1893 243 226 1894 330 226 1895 330 227 1896 329 227 1897 244 227 1898 243 228 1899 242 228 1900 331 228 1901 331 229 1902 330 229 1903 243 229 1904 242 87 1905 241 87 1906 332 87 1907 332 230 1908 331 230 1909 242 230 1910 241 87 1911 240 87 1912 333 87 1913 333 87 1914 332 87 1915 241 87 1916 240 231 1917 239 231 1918 334 231 1919 334 232 1920 333 232 1921 240 232 1922 239 233 1923 238 233 1924 335 233 1925 335 234 1926 334 234 1927 239 234 1928 238 235 1929 237 235 1930 336 235 1931 336 236 1932 335 236 1933 238 236 1934 237 237 1935 236 237 1936 337 237 1937 337 238 1938 336 238 1939 237 238 1940 236 239 1941 235 239 1942 312 239 1943 312 240 1944 337 240 1945 236 240 1946 338 107 1947 312 241 1948 313 242 1949 313 242 1950 339 108 1951 338 107 1952 339 108 1953 313 242 1954 314 243 1955 314 243 1956 340 156 1957 339 108 1958 340 156 1959 314 243 1960 315 244 1961 315 244 1962 341 154 1963 340 156 1964 341 154 1965 315 244 1966 316 245 1967 316 245 1968 342 152 1969 341 154 1970 342 152 1971 316 245 1972 317 246 1973 317 246 1974 343 150 1975 342 152 1976 343 150 1977 317 246 1978 318 247 1979 318 247 1980 344 148 1981 343 150 1982 344 148 1983 318 247 1984 319 248 1985 319 248 1986 345 146 1987 344 148 1988 345 146 1989 319 248 1990 320 249 1991 320 249 1992 346 144 1993 345 146 1994 346 144 1995 320 249 1996 321 250 1997 321 250 1998 347 142 1999 346 144 2000 347 142 2001 321 250 2002 322 251 2003 322 251 2004 348 140 2005 347 142 2006 348 140 2007 322 251 2008 323 252 2009 323 252 2010 349 138 2011 348 140 2012 349 138 2013 323 252 2014 324 253 2015 324 253 2016 350 136 2017 349 138 2018 350 136 2019 324 253 2020 325 254 2021 325 254 2022 351 134 2023 350 136 2024 351 134 2025 325 254 2026 326 255 2027 326 255 2028 352 132 2029 351 134 2030 352 132 2031 326 255 2032 327 256 2033 327 256 2034 353 130 2035 352 132 2036 353 130 2037 327 256 2038 328 257 2039 328 257 2040 354 128 2041 353 130 2042 354 128 2043 328 257 2044 329 258 2045 329 258 2046 355 126 2047 354 128 2048 355 126 2049 329 258 2050 330 259 2051 330 259 2052 356 124 2053 355 126 2054 356 124 2055 330 259 2056 331 260 2057 331 260 2058 357 122 2059 356 124 2060 357 122 2061 331 260 2062 332 261 2063 332 261 2064 358 120 2065 357 122 2066 358 120 2067 332 261 2068 333 262 2069 333 262 2070 359 118 2071 358 120 2072 359 118 2073 333 262 2074 334 263 2075 334 263 2076 360 116 2077 359 118 2078 360 116 2079 334 263 2080 335 264 2081 335 264 2082 361 114 2083 360 116 2084 361 114 2085 335 264 2086 336 265 2087 336 265 2088 362 112 2089 361 114 2090 362 112 2091 336 265 2092 337 266 2093 337 266 2094 363 110 2095 362 112 2096 363 110 2097 337 266 2098 312 241 2099 312 241 2100 338 107 2101 363 110 2102 364 107 2103 208 241 2104 209 267 2105 209 267 2106 365 108 2107 364 107 2108 365 108 2109 209 267 2110 210 243 2111 210 243 2112 366 156 2113 365 108 2114 366 156 2115 210 243 2116 211 244 2117 211 244 2118 367 154 2119 366 156 2120 367 154 2121 211 244 2122 212 245 2123 212 245 2124 368 152 2125 367 154 2126 368 152 2127 212 245 2128 213 246 2129 213 246 2130 369 150 2131 368 152 2132 369 150 2133 213 246 2134 214 247 2135 214 247 2136 370 148 2137 369 150 2138 370 148 2139 214 247 2140 215 248 2141 215 248 2142 371 146 2143 370 148 2144 371 146 2145 215 248 2146 216 249 2147 216 249 2148 372 157 2149 371 146 2150 372 157 2151 216 249 2152 217 250 2153 217 250 2154 373 142 2155 372 157 2156 373 142 2157 217 250 2158 218 251 2159 218 251 2160 374 140 2161 373 142 2162 374 140 2163 218 251 2164 219 268 2165 219 268 2166 375 138 2167 374 140 2168 375 138 2169 219 268 2170 220 253 2171 220 253 2172 376 136 2173 375 138 2174 376 136 2175 220 253 2176 221 269 2177 221 269 2178 377 134 2179 376 136 2180 377 134 2181 221 269 2182 222 270 2183 222 270 2184 378 132 2185 377 134 2186 378 132 2187 222 270 2188 223 271 2189 223 271 2190 379 158 2191 378 132 2192 379 158 2193 223 271 2194 224 257 2195 224 257 2196 380 128 2197 379 158 2198 380 128 2199 224 257 2200 225 272 2201 225 272 2202 381 126 2203 380 128 2204 381 126 2205 225 272 2206 226 273 2207 226 273 2208 382 124 2209 381 126 2210 382 124 2211 226 273 2212 227 260 2213 227 260 2214 383 122 2215 382 124 2216 383 122 2217 227 260 2218 228 261 2219 228 261 2220 384 120 2221 383 122 2222 384 120 2223 228 261 2224 229 262 2225 229 262 2226 385 118 2227 384 120 2228 385 118 2229 229 262 2230 230 263 2231 230 263 2232 386 116 2233 385 118 2234 386 116 2235 230 263 2236 231 274 2237 231 274 2238 387 159 2239 386 116 2240 387 159 2241 231 274 2242 232 265 2243 232 265 2244 388 112 2245 387 159 2246 388 112 2247 232 265 2248 233 266 2249 233 266 2250 389 110 2251 388 112 2252 389 110 2253 233 266 2254 208 241 2255 208 241 2256 364 107 2257 389 110 2258 159 60 2259 160 61 2260 161 62 2261 161 62 2262 162 63 2263 163 64 2264 163 64 2265 164 65 2266 167 68 2267 164 65 2268 165 66 2269 167 68 2270 165 66 2271 166 67 2272 167 68 2273 167 68 2274 168 69 2275 169 70 2276 169 70 2277 170 71 2278 171 72 2279 171 72 2280 172 73 2281 175 76 2282 172 73 2283 173 74 2284 175 76 2285 173 74 2286 174 75 2287 175 76 2288 175 76 2289 176 77 2290 177 78 2291 177 78 2292 178 79 2293 179 80 2294 179 80 2295 180 81 2296 157 57 2297 180 81 2298 181 82 2299 157 57 2300 181 82 2301 156 58 2302 157 57 2303 157 57 2304 158 59 2305 159 60 2306 159 60 2307 161 62 2308 157 57 2309 161 62 2310 163 64 2311 157 57 2312 167 68 2313 169 70 2314 171 72 2315 175 76 2316 177 78 2317 171 72 2318 177 78 2319 179 80 2320 171 72 2321 163 64 2322 167 68 2323 171 72 2324 179 80 2325 157 57 2326 163 64 2327</p>
        </triangles>
      </mesh>
    </geometry>
  </library_geometries>
  <library_visual_scenes>
    <visual_scene id="Scene" name="Scene">
      <node id="Sun" name="Sun" type="NODE">
        <matrix sid="transform">1 0 0 0 0 1 0 -1.904242 0 0 1 2.66908 0 0 0 1</matrix>
        <instance_light url="#Sun-light"/>
      </node>
      <node id="Park_sing" name="Park_sing" type="NODE">
        <matrix sid="transform">-5.24102e-8 -5.24102e-8 -1 -0.03 -1.199007 2.29092e-15 4.37114e-8 -0.03 0 1.199007 -4.37114e-8 2.66908 0 0 0 1</matrix>
        <instance_geometry url="#Plane_002-mesh" name="Park_sing">
          <bind_material>
            <technique_common>
              <instance_material symbol="mavi-material" target="#mavi-material">
                <bind_vertex_input semantic="UVMap" input_semantic="TEXCOORD" input_set="0"/>
              </instance_material>
              <instance_material symbol="beyaz-material" target="#beyaz-material">
                <bind_vertex_input semantic="UVMap" input_semantic="TEXCOORD" input_set="0"/>
              </instance_material>
            </technique_common>
          </bind_material>
        </instance_geometry>
      </node>
      <node id="Park_body" name="Park_body" type="NODE">
        <matrix sid="transform">-3.35997e-10 0.007686716 0 0.03 -0.007686716 -3.35997e-10 0 -0.03 0 0 0.01050175 1.19209e-7 0 0 0 1</matrix>
        <instance_geometry url="#Örüntü_023-mesh" name="Park_body">
          <bind_material>
            <technique_common>
              <instance_material symbol="direk_013-material" target="#direk_013-material">
                <bind_vertex_input semantic="Örüntü_013-mesh-map-0" input_semantic="TEXCOORD" input_set="0"/>
              </instance_material>
            </technique_common>
          </bind_material>
        </instance_geometry>
      </node>
    </visual_scene>
  </library_visual_scenes>
  <scene>
    <instance_visual_scene url="#Scene"/>
  </scene>
</COLLADA>