<?xml version="1.0" encoding="utf-8"?>
<COLLADA xmlns="http://www.collada.org/2005/11/COLLADASchema" version="1.4.1" xmlns:xsi="http://www.w3.org/2001/XMLSchema-instance">
  <asset>
    <contributor>
      <author>Blender User</author>
      <authoring_tool>Blender 2.92.0 commit date:2021-02-24, commit time:16:25, hash:02948a2cab44</authoring_tool>
    </contributor>
    <created>2022-03-27T14:11:00</created>
    <modified>2022-03-27T14:11:00</modified>
    <unit name="meter" meter="1"/>
    <up_axis>Z_UP</up_axis>
  </asset>
  <library_effects>
    <effect id="kırmızı-effect">
      <profile_COMMON>
        <technique sid="common">
          <lambert>
            <emission>
              <color sid="emission">1 0 0 5</color>
            </emission>
            <diffuse>
              <color sid="diffuse">1 0 0.004898108 1</color>
            </diffuse>
            <index_of_refraction>
              <float sid="ior">1.45</float>
            </index_of_refraction>
          </lambert>
        </technique>
      </profile_COMMON>
    </effect>
    <effect id="beyaz-effect">
      <profile_COMMON>
        <technique sid="common">
          <lambert>
            <emission>
              <color sid="emission">1 1 1 1</color>
            </emission>
            <diffuse>
              <color sid="diffuse">1 1 1 1</color>
            </diffuse>
            <index_of_refraction>
              <float sid="ior">1.45</float>
            </index_of_refraction>
          </lambert>
        </technique>
      </profile_COMMON>
    </effect>
    <effect id="siyah-effect">
      <profile_COMMON>
        <technique sid="common">
          <lambert>
            <emission>
              <color sid="emission">0 0 0 1</color>
            </emission>
            <diffuse>
              <color sid="diffuse">0 0 0 1</color>
            </diffuse>
            <index_of_refraction>
              <float sid="ior">1.45</float>
            </index_of_refraction>
          </lambert>
        </technique>
      </profile_COMMON>
    </effect>
    <effect id="direk_016-effect">
      <profile_COMMON>
        <technique sid="common">
          <lambert>
            <emission>
              <color sid="emission">0 0 0 1</color>
            </emission>
            <diffuse>
              <color sid="diffuse">0.5882353 0.5882353 0.7019608 1</color>
            </diffuse>
            <reflectivity>
              <float sid="specular">1</float>
            </reflectivity>
            <index_of_refraction>
              <float sid="ior">1.45</float>
            </index_of_refraction>
          </lambert>
        </technique>
      </profile_COMMON>
    </effect>
  </library_effects>
  <library_images/>
  <library_materials>
    <material id="kırmızı-material" name="kırmızı">
      <instance_effect url="#kırmızı-effect"/>
    </material>
    <material id="beyaz-material" name="beyaz">
      <instance_effect url="#beyaz-effect"/>
    </material>
    <material id="siyah-material" name="siyah">
      <instance_effect url="#siyah-effect"/>
    </material>
    <material id="direk_016-material" name="direk.016">
      <instance_effect url="#direk_016-effect"/>
    </material>
  </library_materials>
  <library_geometries>
    <geometry id="Circle_014-mesh" name="Circle.014">
      <mesh>
        <source id="Circle_014-mesh-positions">
          <float_array id="Circle_014-mesh-positions-array" count="996">-0.007227718 0.227046 -0.01999151 -0.03076529 0.2258125 -0.01999151 -0.05404502 0.2221254 -0.01999151 -0.07681179 0.2160251 -0.01999151 -0.09881615 0.2075784 -0.01999151 -0.119817 0.1968778 -0.01999151 -0.1395844 0.1840408 -0.01999151 -0.1579017 0.1692078 -0.01999151 -0.1745681 0.1525413 -0.01999151 -0.189401 0.1342241 -0.01999151 -0.2022382 0.1144567 -0.01999151 -0.2129386 0.09345585 -0.01999151 -0.2213853 0.07145148 -0.01999151 -0.2274857 0.04868471 -0.01999151 -0.2311728 0.02540504 -0.01999151 -0.2324063 0.001867473 -0.01999151 -0.2311728 -0.02167004 -0.01999151 -0.2274857 -0.04494976 -0.01999151 -0.2213853 -0.06771647 -0.01999151 -0.2129386 -0.0897209 -0.01999151 -0.2022382 -0.1107218 -0.01999151 -0.189401 -0.1304891 -0.01999151 -0.1745681 -0.1488063 -0.01999151 -0.1579017 -0.1654728 -0.01999151 -0.1395844 -0.1803058 -0.01999151 -0.119817 -0.1931428 -0.01999151 -0.09881609 -0.2038434 -0.01999151 -0.07681179 -0.2122901 -0.01999151 -0.05404502 -0.2183904 -0.01999151 -0.03076535 -0.2220775 -0.01999151 -0.007227718 -0.2233111 -0.01999151 0.01630973 -0.2220775 -0.01999151 0.03958946 -0.2183904 -0.01999151 0.06235623 -0.2122901 -0.01999151 0.08436059 -0.2038433 -0.01999151 0.1053615 -0.1931428 -0.01999151 0.1251289 -0.1803058 -0.01999151 0.1434461 -0.1654728 -0.01999151 0.1601125 -0.1488063 -0.01999151 0.1749455 -0.1304891 -0.01999151 0.1877826 -0.1107218 -0.01999151 0.1984831 -0.08972084 -0.01999151 0.2069298 -0.06771647 -0.01999151 0.2130301 -0.04494976 -0.01999151 0.2167172 -0.02166998 -0.01999151 0.2179508 0.001867473 -0.01999151 0.2167172 0.02540504 -0.01999151 0.2130301 0.04868471 -0.01999151 0.2069298 0.07145154 -0.01999151 0.1984831 0.09345585 -0.01999151 0.1877826 0.1144567 -0.01999151 0.1749455 0.1342241 -0.01999151 0.1601125 0.1525414 -0.01999151 0.1434461 0.1692078 -0.01999151 0.1251289 0.1840408 -0.01999151 0.1053615 0.1968778 -0.01999151 0.08436053 0.2075784 -0.01999151 0.06235617 0.2160251 -0.01999151 0.03958946 0.2221254 -0.01999151 0.01630979 0.2258125 -0.01999151 -0.007227718 0.1765989 0.005054473 -0.02549219 0.1756417 0.005054473 -0.04355645 0.1727806 0.005054473 -0.06122273 0.168047 0.005054473 -0.07829743 0.1614926 0.005054473 -0.09459346 0.1531894 0.005054473 -0.1099323 0.1432282 0.005054473 -0.1241459 0.1317182 0.005054473 -0.1370785 0.1187856 0.005054473 -0.1485884 0.1045721 0.005054473 -0.1585496 0.08923321 0.005054473 -0.1668529 0.07293713 0.005054473 -0.1734073 0.05586242 0.005054473 -0.1781409 0.0381962 0.005054473 -0.181002 0.02013188 0.005054473 -0.1819592 0.001867473 0.005054473 -0.181002 -0.01639688 0.005054473 -0.1781409 -0.0344612 0.005054473 -0.1734072 -0.05212748 0.005054473 -0.1668528 -0.06920218 0.005054473 -0.1585496 -0.08549821 0.005054473 -0.1485885 -0.100837 0.005054473 -0.1370785 -0.1150507 0.005054473 -0.1241459 -0.1279832 0.005054473 -0.1099323 -0.1394932 0.005054473 -0.09459346 -0.1494544 0.005054473 -0.07829737 -0.1577576 0.005054473 -0.06122279 -0.164312 0.005054473 -0.04355645 -0.1690456 0.005054473 -0.02549213 -0.1719067 0.005054473 -0.007227718 -0.172864 0.005054473 0.01103657 -0.1719067 0.005054473 0.02910095 -0.1690456 0.005054473 0.04676717 -0.164312 0.005054473 0.06384187 -0.1577576 0.005054473 0.08013796 -0.1494543 0.005054473 0.09547686 -0.1394932 0.005054473 0.1096903 -0.1279833 0.005054473 0.122623 -0.1150506 0.005054473 0.1341329 -0.100837 0.005054473 0.1440941 -0.08549815 0.005054473 0.1523973 -0.06920218 0.005054473 0.1589516 -0.05212748 0.005054473 0.1636853 -0.0344612 0.005054473 0.1665464 -0.01639688 0.005054473 0.1675037 0.001867473 0.005054473 0.1665464 0.02013188 0.005054473 0.1636853 0.03819614 0.005054473 0.1589516 0.05586248 0.005054473 0.1523973 0.07293719 0.005054473 0.1440941 0.08923316 0.005054473 0.1341329 0.104572 0.005054473 0.1226229 0.1187857 0.005054473 0.1096904 0.1317183 0.005054473 0.0954768 0.1432282 0.005054473 0.08013796 0.1531893 0.005054473 0.06384187 0.1614926 0.005054473 0.04676717 0.168047 0.005054473 0.02910089 0.1727806 0.005054473 0.01103663 0.1756417 0.005054473 -0.03076529 0.2258125 0.005054473 -0.007227718 0.227046 0.005054473 -0.05404502 0.2221254 0.005054473 -0.07681179 0.2160251 0.005054473 -0.09881615 0.2075784 0.005054473 -0.119817 0.1968778 0.005054473 -0.1395844 0.1840408 0.005054473 -0.1579017 0.1692078 0.005054473 -0.1745681 0.1525413 0.005054473 -0.189401 0.1342241 0.005054473 -0.2022382 0.1144567 0.005054473 -0.2129386 0.09345585 0.005054473 -0.2213853 0.07145148 0.005054473 -0.2274857 0.04868471 0.005054473 -0.2311728 0.02540504 0.005054473 -0.2324063 0.001867473 0.005054473 -0.2311728 -0.02167004 0.005054473 -0.2274857 -0.04494976 0.005054473 -0.2213853 -0.06771647 0.005054473 -0.2129386 -0.0897209 0.005054473 -0.2022382 -0.1107218 0.005054473 -0.189401 -0.1304891 0.005054473 -0.1745681 -0.1488063 0.005054473 -0.1579017 -0.1654728 0.005054473 -0.1395844 -0.1803058 0.005054473 -0.119817 -0.1931428 0.005054473 -0.09881609 -0.2038434 0.005054473 -0.07681179 -0.2122901 0.005054473 -0.05404502 -0.2183904 0.005054473 -0.03076535 -0.2220775 0.005054473 -0.007227718 -0.2233111 0.005054473 0.01630973 -0.2220775 0.005054473 0.03958946 -0.2183904 0.005054473 0.06235623 -0.2122901 0.005054473 0.08436059 -0.2038433 0.005054473 0.1053615 -0.1931428 0.005054473 0.1251289 -0.1803058 0.005054473 0.1434461 -0.1654728 0.005054473 0.1601125 -0.1488063 0.005054473 0.1749455 -0.1304891 0.005054473 0.1877826 -0.1107218 0.005054473 0.1984831 -0.08972084 0.005054473 0.2069298 -0.06771647 0.005054473 0.2130301 -0.04494976 0.005054473 0.2167172 -0.02166998 0.005054473 0.2179508 0.001867473 0.005054473 0.2167172 0.02540504 0.005054473 0.2130301 0.04868471 0.005054473 0.2069298 0.07145154 0.005054473 0.1984831 0.09345585 0.005054473 0.1877826 0.1144567 0.005054473 0.1749455 0.1342241 0.005054473 0.1601125 0.1525414 0.005054473 0.1434461 0.1692078 0.005054473 0.1251289 0.1840408 0.005054473 0.1053615 0.1968778 0.005054473 0.08436053 0.2075784 0.005054473 0.06235617 0.2160251 0.005054473 0.03958946 0.2221254 0.005054473 0.01630979 0.2258125 0.005054473 0.02910089 0.0773456 0.005054473 0.02910095 0.02863591 0.005054473 0.06384187 0.02863585 0.005054473 0.08013796 0.02863579 0.005054473 0.02910089 0.06200653 0.005054473 0.02910089 0.04571068 0.005054473 0.08013796 0.04571056 0.005054473 -0.2075884 0.1039563 -0.01999151 0.1931328 0.1039563 -0.01999151 -0.2075884 0.1039563 0.005054473 0.1931328 0.1039563 0.005054473 -0.1627013 0.08108514 0.005054473 0.1482457 0.0810852 0.005054473 0.02910089 0.05385863 0.005054473 0.04647141 0.02863591 0.005054473 0.07335841 -0.2080667 -0.01999151 0.07335841 -0.2080667 0.005054473 0.05530452 -0.1610348 0.005054473 0.05515664 0.02863591 0.005054473 0.06384187 -0.1142578 0.005054473 0.04670101 -0.1142578 0.005054473 0.02910095 -0.1142578 0.005054473 0.05527317 -0.1142578 0.005054473 0.08013796 -0.1422773 0.005054473 0.06384187 -0.08470523 0.005054473 0.04666131 -0.08470523 0.005054473 0.02910095 -0.08470523 0.005054473 0.05525302 -0.08470523 0.005054473 0.08013796 -0.1127247 0.005054473 0.04667431 -0.09439945 0.005054473 0.06384187 -0.09490507 0.005054473 -0.1241461 0.04571068 0.005054473 -0.1241461 -0.1127247 0.005054473 -0.1241461 0.02863597 0.005054473 -0.1241461 0.0773456 0.005054473 -0.1241461 0.06200671 0.005054473 -0.1241461 0.05385869 0.005054473 -0.09459364 -0.1127247 0.005054473 -0.09459364 0.04571068 0.005054473 -0.09459364 0.06200665 0.005054473 -0.09459364 0.0773456 0.005054473 -0.09459364 0.05385869 0.005054473 -0.09459364 0.02863597 0.005054473 -0.09459364 -0.1422772 0.005054473 -0.1138939 0.06200671 0.005054473 -0.1145996 0.04571068 0.005054473 0.0354588 0.07692903 0.005054473 0.02910089 0.02863603 0.005054473 0.03345662 0.0617212 0.005054473 0.03132957 0.04556477 0.005054473 0.03239309 0.05364298 0.005054473 0.04170787 0.07568615 0.005054473 0.02910089 0.02863615 0.005054473 0.03773784 0.06086969 0.005054473 0.03352016 0.04512912 0.005054473 0.03562897 0.05299943 0.005054473 0.04774123 0.0736382 0.005054473 0.02910089 0.02863627 0.005054473 0.04187124 0.05946671 0.005054473 0.03563511 0.0444113 0.005054473 0.03875315 0.05193901 0.005054473 0.05345571 0.07082027 0.005054473 0.02910089 0.02863639 0.005054473 0.0457862 0.05753624 0.005054473 0.03763824 0.04342359 0.005054473 0.04171222 0.05047994 0.005054473 0.05875349 0.06728053 0.005054473 0.02910095 0.02863651 0.005054473 0.04941564 0.05511122 0.005054473 0.03949534 0.04218286 0.005054473 0.04445552 0.04864704 0.005054473 0.06354391 0.06307959 0.005054473 0.02910095 0.02863663 0.005054473 0.05269753 0.05223321 0.005054473 0.04117465 0.04071033 0.005054473 0.04693609 0.04647177 0.005054473 0.06774502 0.05828934 0.005054473 0.02910101 0.02863675 0.005054473 0.05557572 0.0489515 0.005054473 0.04264736 0.0390312 0.005054473 0.04911154 0.04399138 0.005054473 0.07128494 0.05299168 0.005054473 0.02910113 0.02863687 0.005054473 0.05800092 0.04532217 0.005054473 0.04388827 0.03717422 0.005054473 0.05094462 0.0412482 0.005054473 0.07410311 0.04727733 0.005054473 0.02910119 0.02863693 0.005054473 0.05993163 0.04140728 0.005054473 0.04487621 0.03517115 0.005054473 0.05240392 0.03828924 0.005054473 0.07615125 0.04124402 0.005054473 0.02910131 0.02863699 0.005054473 0.06133484 0.03727394 0.005054473 0.04559421 0.03305625 0.005054473 0.05346453 0.03516513 0.005054473 0.07739442 0.03499495 0.005054473 0.02910137 0.02863705 0.005054473 0.06218653 0.03299278 0.005054473 0.0460301 0.03086578 0.005054473 0.05410832 0.03192931 0.005054473 0.02910149 0.02863711 0.005054473 0.06247216 0.02863711 0.005054473 0.04617625 0.02863711 0.005054473 0.0543242 0.02863711 0.005054473 0.04617619 0.02863591 0.005054473 0.05423414 0.02863591 0.005054473 0.0626378 0.02863585 0.005054473 0.07758259 0.02863579 0.005054473 0.07776618 -0.1142578 0.005054473 0.07776308 -0.1114374 0.005054473 0.07773435 -0.08470523 0.005054473 0.07776665 -0.1154732 0.005054473 0.07744926 -0.1142578 0.005054473 0.06384187 -0.09614056 0.005054473 0.05192172 0.07157671 0.005054473 -0.09459364 -0.07786625 0.005054473 0.00982207 0.02863591 0.005054473 -0.1241461 -0.108009 0.005054473 0.02910089 0.04829961 0.005054473 0.0320912 0.05134958 0.005054473 0.03402167 0.05331909 0.005054473 -0.146426 -0.1035075 0.005054473 0.0363512 0.05569469 0.005054473 -0.1287696 -0.08549821 0.005054473 0.04320412 0.06268459 0.005054473 0.04050391 0.05993086 0.005054473 0.02656245 0.04571068 0.005054473 0.07572722 0.04249304 0.005054473 0.08013796 0.04710781 0.005054473 0.04649388 0.0119065 0.005054473 -0.07262444 -0.1127247 0.005054473 -0.1297007 -0.1867243 -0.01999151 0.04623454 0.01163518 0.005054473 -0.1179926 -0.1329661 0.005054473 0.06728905 0.03366458 0.005054473 -0.09459364 -0.1357109 0.005054473 0.02910095 -0.00629127 0.005054473 0.05429589 0.02006971 0.005054473 -0.1297007 -0.1867243 0.005054473 0.07397633 0.04066127 0.005054473 0.05516183 0.02097576 0.005054473 -0.1022629 -0.1444737 0.005054473 -0.1662349 -0.1571395 -0.01999151 -0.1662349 -0.1571395 0.005054473 -0.1306122 -0.121517 0.005054473 -0.1704015 -0.1529729 -0.01999151 -0.1704015 -0.1529729 0.005054473 -0.1338453 -0.1182838 0.005054473 -0.1724848 -0.1508896 -0.01999151 -0.1724848 -0.1508896 0.005054473 -0.134648 -0.1176168 0.005054473</float_array>
          <technique_common>
            <accessor source="#Circle_014-mesh-positions-array" count="332" stride="3">
              <param name="X" type="float"/>
              <param name="Y" type="float"/>
              <param name="Z" type="float"/>
            </accessor>
          </technique_common>
        </source>
        <source id="Circle_014-mesh-normals">
          <float_array id="Circle_014-mesh-normals-array" count="1002">0.5446395 0.8386703 0 -0.1564354 -0.9876883 0 -0.2588201 0.9659256 0 0.4539899 0.8910068 0 -0.05233699 -0.9986296 0 -0.3583678 0.9335805 0 0.3583678 0.9335805 0 0.05233711 -0.9986295 0 -0.4539915 0.8910061 0 0.2588185 0.9659261 0 0.156435 -0.9876883 0 -0.5446391 0.8386706 0 0.1564354 0.9876882 0 0.2588172 -0.9659263 0 -0.6293193 0.7771468 0 0.05233502 0.9986296 0 0.35837 -0.9335796 0 -0.707106 0.7071076 0 0.4539908 -0.8910064 0 -0.7771471 0.629319 0 0.544638 -0.8386713 0 -0.8386704 0.5446393 0 0.6293209 -0.7771457 0 -0.8910067 0.4539901 0 0.7071071 -0.7071065 0 -0.9335802 0.3583686 0 0.7771471 -0.629319 0 -0.9659259 0.2588189 0 0.8386703 -0.5446397 0 -0.9876882 0.1564356 0 0.8910067 -0.4539902 0 -0.9986296 0.05233609 0 0.9335808 -0.3583673 0 -0.9986295 -0.05233609 0 0.9659255 -0.2588205 0 -0.9876887 -0.1564326 0 0.9876887 -0.156432 0 -0.9659256 -0.2588203 0 0.9986295 -0.0523377 0 -0.9335808 -0.3583669 0 0.9986295 0.05233615 0 -0.8910067 -0.4539901 0 0.9876884 0.1564342 0 -0.8386704 -0.5446395 0 0.9659257 0.2588196 0 -0.7771464 -0.62932 0 0.9335808 0.3583674 0 -0.7071081 -0.7071055 0 0.8910077 0.4539881 0 -0.6293197 -0.7771465 0 0.8386706 0.5446391 0 -0.5446387 -0.8386708 0 0.7771461 0.6293202 0 -0.4539909 -0.8910064 0 0.7071073 0.7071063 0 -0.358368 -0.9335804 0 -0.05233514 0.9986296 0 0.6293197 0.7771465 0 -0.258818 -0.9659261 0 -0.1564333 0.9876886 0 -3.8954e-7 0 1 0 0 1 0 0 1 0 0 1 0 0 1 0 0 1 0 0 1 0 0 1 0 0 1 0 0 1 0 0 1 0 0 1 0 0 1 0 0 1 0 0 1 0 0 1 0 0 1 0 0 1 0 0 1 0 0 1 0 0 1 0 0 1 0 0 1 0 0 1 0 0 1 0 0 1 0 0 1 0 0 1 0 0 1 0 0 1 0 0 1 0 0 1 0 0 1 0 0 1 0 0 1 0 0 1 2.65538e-7 0 -1 0.8910053 0.4539929 0 0.3583689 -0.9335801 0 -2.47903e-6 0 1 0 0 1 -2.56966e-7 0 1 0 0 1 0 0 1 0 0 1 0 0 1 0 0 1 0 0 1 0 0 1 0 0 1 0 0 1 0 0 1 0 0 1 0 0 1 0 0 1 0 0 1 0 0 1 0 0 -1 -4.80875e-7 0 1 0 0 1 0 0 1 1.35622e-7 0 1 0 0 1 -2.00339e-7 0 1 1.35621e-7 0 1 0 0 1 0 0 1 0 0 1 0.00390619 0 -0.9999924 8.5303e-7 0 1 0 0 1 6.33972e-7 0 1 2.32958e-7 0 1 0 0 1 0 0 1 -1.27094e-6 0 1 1.55317e-7 0 1 0 0 1 0 0 1 -3.06884e-7 0 1 -1.26965e-7 0 1 -0.5446403 -0.8386698 0 -5.57299e-7 0 1 -0.7071049 -0.7071087 0 0 0 1 0 0 1 0.5446399 0.83867 0 -0.1564353 -0.9876883 0 -0.05233693 -0.9986296 0 -0.3583674 0.9335806 0 0.3583679 0.9335805 0 0.05233705 -0.9986295 0 -0.4539912 0.8910062 0 0.2588185 0.9659261 0 -0.5446388 0.8386707 0 0.1564354 0.9876882 0 0.2588173 -0.9659264 0 -0.6293197 0.7771465 0 0.05233502 0.9986296 0 -0.7071076 0.707106 0 -0.7771456 0.6293208 0 0.5446377 -0.8386715 0 -0.8386712 0.5446382 0 0.7071076 -0.7071061 0 -0.9335798 0.35837 0 0.7771465 -0.6293199 0 -0.9659262 0.2588174 0 -0.9876887 0.1564325 0 0.8910061 -0.4539915 0 -0.9986296 0.05233609 0 -0.9986296 -0.05233609 0 -0.9876883 -0.1564356 0 0.9876885 -0.1564336 0 0.9986295 -0.05233615 0 0.9986295 0.0523377 0 0.9876887 0.1564327 0 -0.8386696 -0.5446407 0 -0.7771471 -0.629319 0 0.8910053 0.4539932 0 -0.6293186 -0.7771475 0 -0.5446386 -0.8386708 0 0.7771469 0.6293193 0 0.7071069 0.7071067 0 -0.3583683 -0.9335803 0 -0.05233514 0.9986296 0 0.6293206 0.7771459 0 -0.2588179 -0.9659261 0 -0.1564333 0.9876886 0 0 0 1 0 0 1 0 0 1 0 0 1 0 0 1 0 0 1 0 0 1 0 0 1 0 0 1 0 0 1 0 0 1 0 0 1 0 0 1 0 0 1 0 0 1 0 0 1 0 0 1 0 0 1 0 0 1 0 0 1 0 0 1 0 0 1 0 0 1 0 0 1 0 0 1 0 0 1 0 0 1 0 0 1 0 0 1 0 0 1 0 0 1 0 0 1 0 0 1 0 0 1 0 0 1 0 0 1 0 0 1 -2.13136e-7 0 -1 -3.27891e-7 0 -1 -1.00238e-6 0 -1 2.00478e-6 0 -1 -5.08116e-7 0 -1 0.8910066 0.4539903 0 0 0 1 0 0 1 0 0 1 0.3583686 -0.9335802 0 0 0 1 0 0 1 0 0 1 0 0 1 2.76905e-7 0 1 0 0 1 0 0 1 0 0 1 0 0 1 0 0 1 0 0 1 0 0 1 0 0 1 -4.16181e-7 0 1 0 0 1 0 0 1 0 0 1 0 0 1 0 0 1 0 0 1 0 0 1 0 0 1 0 0 1 0 0 1 0 0 1 0 0 1 0 0 1 1.28464e-7 0 1 0 0 1 0 0 1 0 0 1 0 0 1 1.49316e-7 0 1 1.22112e-7 0 1 0 0 1 0 0 1 -1.23261e-7 0 1 1.7917e-7 0 1 0 0 1 0 0 1 -1.22113e-7 0 1 -2.39003e-7 0 1 -1.199e-7 0 1 0 0 1 1.53761e-7 0 1 1.43402e-7 0 1 0 0 1 -2.39002e-7 0 1 0 0 1 0 0 1 0 0 1 0 0 1 0 0 1 0 0 1 0 0 1 0 0 1 0 0 1 -1.35622e-7 0 1 0 0 1 0 0 1 0 0 1 0 0 1 2.56935e-7 0 1 2.43379e-7 0 1 0 0 1 0 0 1 0 0 1 0 0 1 -1.32839e-7 0 1 -2.38824e-7 0 1 0 0 1 -1.73934e-7 0 1 0 0 1 -0.5446396 -0.8386703 0 0 0 1 -0.7071065 -0.7071071 0 0 0 1 -0.7071018 -0.7071118 0 -1.44483e-7 0 1 0 0 1 0 0 1 0 0 1 0 0 1 0 0 1 1.00239e-6 0 -1 0 0 -1 2.00471e-6 0 -1 4.60031e-7 0 -1 1.71027e-7 0 -1 4.48769e-7 0 -1 -5.01195e-7 0 -1 5.01171e-7 0 -1 0 0 -1 -5.08118e-7 0 -1 -8.01899e-6 0 -1 -2.68281e-6 0 -1 1.25641e-7 0 -1 -1.00237e-6 0 -1 -1.00236e-6 0 -1</float_array>
          <technique_common>
            <accessor source="#Circle_014-mesh-normals-array" count="334" stride="3">
              <param name="X" type="float"/>
              <param name="Y" type="float"/>
              <param name="Z" type="float"/>
            </accessor>
          </technique_common>
        </source>
        <source id="Circle_014-mesh-map-0">
          <float_array id="Circle_014-mesh-map-0-array" count="3840">0 0 0 0 0 0 0 0 0 0 0 0 0 0 0 0 0 0 0 0 0 0 0 0 0 0 0 0 0 0 0 0 0 0 0 0 0 0 0 0 0 0 0 0 0 0 0 0 0 0 0 0 0 0 0 0 0 0 0 0 0 0 0 0 0 0 0 0 0 0 0 0 0 0 0 0 0 0 0 0 0 0 0 0 0 0 0 0 0 0 0 0 0 0 0 0 0 0 0 0 0 0 0 0 0 0 0 0 0 0 0 0 0 0 0 0 0 0 0 0 0 0 0 0 0 0 0 0 0 0 0 0 0 0 0 0 0 0 0 0 0 0 0 0 0 0 0 0 0 0 0 0 0 0 0 0 0 0 0 0 0 0 0 0 0 0 0 0 0 0 0 0 0 0 0 0 0 0 0 0 0 0 0 0 0 0 0 0 0 0 0 0 0 0 0 0 0 0 0 0 0 0 0 0 0 0 0 0 0 0 0 0 0 0 0 0 0 0 0 0 0 0 0 0 0 0 0 0 0 0 0 0 0 0 0 0 0 0 0 0 0 0 0 0 0 0 0 0 0 0 0 0 0 0 0 0 0 0 0 0 0 0 0 0 0 0 0 0 0 0 0 0 0 0 0 0 0 0 0 0 0 0 0 0 0 0 0 0 0 0 0 0 0 0 0 0 0 0 0 0 0 0 0 0 0 0 0 0 0 0 0 0 0 0 0 0 0 0 0 0 0 0 0 0 0 0 0 0 0 0 0 0 0 0 0 0 0 0 0 0 0 0 0 0 0 0 0 0 0 0 0 0 0 0 0 0 0 0 0 0 0.4398649 0.6769038 0.3924544 0.6044574 0.3907542 0.6044598 0.4654923 0.8298537 0.4912825 0.8316193 0.43988 0.6960925 0.491358 0.9265922 0.5170698 0.8297811 0.4912825 0.8316193 0.5245906 0.9242231 0.5425717 0.8243588 0.5170698 0.8297811 0.5425717 0.8243588 0.5895915 0.9057054 0.5675088 0.8154119 0.5895915 0.9057054 0.5916079 0.8030385 0.5675088 0.8154119 0.5916079 0.8030385 0.650285 0.8695729 0.614605 0.7873743 0.614605 0.7873743 0.6781766 0.8453662 0.6362482 0.7685906 0.6781766 0.8453662 0.6563001 0.7468933 0.6362482 0.7685906 0.6563001 0.7468933 0.7275255 0.7859949 0.6745413 0.7225204 0.6745413 0.7225204 0.7484423 0.7514801 0.6907717 0.6957387 0.6907717 0.6957387 0.7665379 0.7142412 0.7048134 0.6668417 0.7740765 0.6944623 0.716513 0.636146 0.7106633 0.6514939 0.7816149 0.6746835 0.7257421 0.6039879 0.716513 0.636146 0.7257421 0.6039879 0.8020883 0.5903673 0.7323995 0.5707197 0.8020883 0.5903673 0.7364122 0.5367058 0.7323995 0.5707197 0.8072593 0.5465333 0.7377364 0.5023189 0.7364122 0.5367058 0.7377364 0.5023189 0.8071891 0.4579086 0.7363576 0.4679358 0.8071891 0.4579086 0.7322909 0.4339334 0.7363576 0.4679358 0.7322909 0.4339334 0.7933008 0.3712403 0.7255808 0.4006841 0.7933008 0.3712403 0.7163009 0.3685519 0.7255808 0.4006841 0.7163009 0.3685519 0.7662019 0.2903164 0.7045527 0.3378893 0.7045527 0.3378893 0.7480471 0.2531276 0.6904652 0.309032 0.7270755 0.2186719 0.6741921 0.2822961 0.6874078 0.3040089 0.7152973 0.2030007 0.6559125 0.2579747 0.6650523 0.2701354 0.6776331 0.1594405 0.6358263 0.2363341 0.6472168 0.248606 0.6636683 0.1473766 0.6141533 0.2176114 0.6249898 0.2269727 0.6497034 0.1353126 0.5911315 0.2020119 0.6141533 0.2176114 0.6200343 0.1152091 0.567013 0.1897065 0.5911315 0.2020119 0.567013 0.1897065 0.5567972 0.08791154 0.5420614 0.18083 0.5567972 0.08791154 0.516551 0.1754794 0.5420614 0.18083 0.5239214 0.0810163 0.4907609 0.1737136 0.516551 0.1754794 0.4907609 0.1737136 0.4574538 0.08110994 0.4649736 0.175552 0.4649736 0.175552 0.4245887 0.08809781 0.4394717 0.1809744 0.4245887 0.08809781 0.4145346 0.1899212 0.4394717 0.1809744 0.3769231 0.1076007 0.3904356 0.2022945 0.4024851 0.1961078 0.3904356 0.2022945 0.3317585 0.1357602 0.3674385 0.2179588 0.3317585 0.1357602 0.3457955 0.2367424 0.3674385 0.2179588 0.3457955 0.2367424 0.2780265 0.1879273 0.3257437 0.2584394 0.2780265 0.1879273 0.3075026 0.2828124 0.3257437 0.2584394 0.3075026 0.2828124 0.2336017 0.2538522 0.2912721 0.3095942 0.2336017 0.2538522 0.27723 0.3384912 0.2912721 0.3095942 0.2155056 0.2910922 0.2655305 0.3691868 0.27723 0.3384912 0.2655305 0.3691868 0.1885349 0.3720922 0.2563015 0.4013451 0.1885349 0.3720922 0.2496442 0.4346131 0.2563015 0.4013451 0.2496442 0.4346131 0.174784 0.4587996 0.2456313 0.4686272 0.174784 0.4587996 0.244307 0.5030142 0.2456313 0.4686272 0.244307 0.5030142 0.1748542 0.5474246 0.2456858 0.5373974 0.1748542 0.5474246 0.2497525 0.5713999 0.2456858 0.5373974 0.2497525 0.5713999 0.1887426 0.6340937 0.2564627 0.6046496 0.1887426 0.6340937 0.2657427 0.6367819 0.2564627 0.6046496 0.2082718 0.69526 0.2774909 0.6674441 0.2716168 0.6521129 0.2774909 0.6674441 0.233997 0.7522066 0.2915786 0.6963016 0.2549682 0.7866616 0.3261312 0.747359 0.3078516 0.7230377 0.3261312 0.747359 0.3044105 0.845893 0.3462174 0.7689995 0.3044105 0.845893 0.3678901 0.7877218 0.3462174 0.7689995 0.3678901 0.7877218 0.3620088 0.8901241 0.3909118 0.8033213 0.3620088 0.8901241 0.4150305 0.8156267 0.3909118 0.8033213 0.4150305 0.8156267 0.4252462 0.9174218 0.4399818 0.8245032 0.4252462 0.9174218 0.4654923 0.8298537 0.4399818 0.8245032 0.4654923 0.8298537 0.491358 0.9265922 0.4912825 0.8316193 0.4145346 0.1899212 0.4395523 0.2826262 0.4394717 0.1809744 0.3708375 0.2819277 0.3712862 0.2827223 0.3904993 0.2826953 0.3257437 0.2584394 0.3075026 0.2828124 0.3674898 0.2827277 0.7048134 0.6668417 0.6562598 0.6957873 0.6907717 0.6957387 0.7255808 0.4006841 0.6625043 0.3379485 0.6561869 0.6040859 0.716513 0.636146 0.6562247 0.6515706 0.7106633 0.6514939 0.7257421 0.6039879 0.6562125 0.636231 0.716513 0.636146 0.7106633 0.6514939 0.6562368 0.6669101 0.7048134 0.6668417 0.2657427 0.6367819 0.2082718 0.69526 0.2716168 0.6521129 0.7048134 0.6668417 0.7740765 0.6944623 0.7106633 0.6514939 0 0 0 0 0 0 0 0 0 0 0 0 0 0 0 0 0 0 0.4024851 0.1961078 0.4147016 0.2826612 0.4145346 0.1899212 0.3904356 0.2022945 0.402598 0.2826783 0.4024851 0.1961078 0.4145346 0.1899212 0.3769231 0.1076007 0.4024851 0.1961078 0 0 0 0 0 0 0.4147016 0.2826612 0.4147689 0.3200468 0.4395523 0.2826262 0.402598 0.2826783 0.4147689 0.3200468 0.4147016 0.2826612 0.3674898 0.2827277 0.3708472 0.2880325 0.3708388 0.282723 0.3905263 0.316803 0.402598 0.2826783 0.3904993 0.2826953 0.2912721 0.3095942 0.27723 0.3384912 0.3675339 0.3383638 0.4026705 0.3383144 0.4152241 0.5729302 0.4148017 0.3382973 0.7045527 0.3378893 0.6874078 0.3040089 0.6625043 0.3379485 0.3677449 0.604492 0.3709278 0.3383591 0.3675339 0.3383638 0.3905434 0.3383315 0.4029987 0.5900214 0.4026705 0.3383144 0.4148017 0.3382973 0.4397552 0.5386359 0.4395964 0.3382623 0.3677449 0.604492 0.3675339 0.3383638 0.2655305 0.3691868 0.4026705 0.3383144 0.4148017 0.3382973 0.4147689 0.3200468 0.3905282 0.319129 0.3709278 0.3383591 0.3905434 0.3383315 0.3905282 0.319129 0.3905434 0.3383315 0.4026705 0.3383144 0.4147689 0.3200468 0.4395964 0.3382623 0.4395523 0.2826262 0.6562125 0.636231 0.6427331 0.63625 0.6562247 0.6515706 0.6562247 0.6515706 0.6417612 0.6669305 0.6562368 0.6669101 0.6563001 0.7468933 0.6907717 0.6957387 0.6562598 0.6957873 0.6561869 0.6040859 0.6427331 0.63625 0.6562125 0.636231 0.6417612 0.6669305 0.6562598 0.6957873 0.6562368 0.6669101 0.6142491 0.3380165 0.6559831 0.3468354 0.6559761 0.3379577 0.4649736 0.175552 0.4394717 0.1809744 0.4395523 0.2826262 0.4395523 0.2826262 0.4395964 0.3382623 0.5832293 0.3380601 0.6563001 0.7468933 0.6562598 0.6957873 0.6145327 0.6958461 0.4434171 0.6365309 0.439845 0.6518754 0.6144977 0.6516293 0.614301 0.4036416 0.4397552 0.5386359 0.4670284 0.6043524 0.4670284 0.6043524 0.6144854 0.6362898 0.6144599 0.6041446 0.6144977 0.6516293 0.4398572 0.6672149 0.6145098 0.6669689 0.6145098 0.6669689 0.43988 0.6960925 0.6145327 0.6958461 0.6427331 0.63625 0.6144977 0.6516293 0.6562247 0.6515706 0.6144599 0.6041446 0.6144854 0.6362898 0.6427331 0.63625 0.6417612 0.6669305 0.6144977 0.6516293 0.6145098 0.6669689 0.6417612 0.6669305 0.6145098 0.6669689 0.6145327 0.6958461 0.4398074 0.6043907 0.4398329 0.636536 0.4398074 0.6043907 0.439845 0.6518754 0.4398572 0.6672149 0.439845 0.6518754 0.4398572 0.6672149 0.43988 0.6960925 0.4398572 0.6672149 0.4398329 0.636536 0.4398368 0.6414099 0.4398329 0.636536 0.4398572 0.6672149 0.43988 0.6960925 0.4398572 0.6672149 0.439845 0.6518754 0.439845 0.6518754 0.4398416 0.6475207 0.4398492 0.6571286 0.4398572 0.6672149 0.4398572 0.6672149 0.4398074 0.6043907 0.4398329 0.636536 0.4398074 0.6043907 0.4398074 0.6043907 0.4398329 0.636536 0.4398074 0.6043907 0.4398624 0.6737721 0.43988 0.6960925 0.43988 0.6960925 0.4398329 0.636536 0.439845 0.6518754 0.4398329 0.636536 0.4398572 0.6672149 0.4398572 0.6672149 0.4398492 0.6571286 0.4398074 0.6043907 0.4398329 0.636536 0.4398074 0.6043907 0.43988 0.6960925 0.43988 0.6960925 0.4398624 0.6737721 0.4398329 0.636536 0.439845 0.6518754 0.4398329 0.636536 0.439845 0.6518754 0.4398572 0.6672149 0.439845 0.6518754 0.4398074 0.6043907 0.4398329 0.636536 0.4398074 0.6043907 0.4398572 0.6672149 0.43988 0.6960925 0.4398572 0.6672149 0.4398329 0.636536 0.439845 0.6518754 0.4398329 0.636536 0.439845 0.6518754 0.4398572 0.6672149 0.439845 0.6518754 0.4398074 0.6043907 0.4398329 0.636536 0.4398074 0.6043907 0.4398572 0.6672149 0.43988 0.6960925 0.4398572 0.6672149 0.4398329 0.636536 0.439845 0.6518754 0.4398329 0.636536 0.439845 0.6518754 0.4398572 0.6672149 0.439845 0.6518754 0.4398074 0.6043907 0.4398329 0.636536 0.4398074 0.6043907 0.4398572 0.6672149 0.43988 0.6960925 0.4398572 0.6672149 0.4398329 0.636536 0.439845 0.6518754 0.4398329 0.636536 0.439845 0.6518754 0.4398572 0.6672149 0.439845 0.6518754 0.439845 0.6518754 0.4398572 0.6672149 0.439845 0.6518754 0.4398074 0.6043907 0.4398329 0.636536 0.4398074 0.6043907 0.4398572 0.6672149 0.43988 0.6960925 0.4398572 0.6672149 0.4398329 0.636536 0.439845 0.6518754 0.4398329 0.636536 0.4398329 0.636536 0.439845 0.6518754 0.4398329 0.636536 0.439845 0.6518754 0.4398572 0.6672149 0.439845 0.6518754 0.4398074 0.6043907 0.4398329 0.636536 0.4398074 0.6043907 0.4398572 0.6672149 0.43988 0.6960925 0.4398572 0.6672149 0.4398329 0.636536 0.439845 0.6518754 0.4398329 0.636536 0.439845 0.6518754 0.4398572 0.6672149 0.439845 0.6518754 0.4398074 0.6043907 0.4398329 0.636536 0.4398074 0.6043907 0.4398767 0.6918535 0.43988 0.6960925 0.43988 0.6960925 0.4398329 0.636536 0.439845 0.6518754 0.4398329 0.636536 0.439845 0.6518754 0.4398572 0.6672149 0.439845 0.6518754 0.4398074 0.6043907 0.4398329 0.636536 0.4398074 0.6043907 0.4398572 0.6672149 0.4398649 0.6769038 0.4398767 0.6918535 0.4398329 0.636536 0.439845 0.6518754 0.4398329 0.636536 0.439845 0.6518754 0.4398572 0.6672149 0.439845 0.6518754 0.4398074 0.6043907 0.4398329 0.636536 0.4398074 0.6043907 0.3924544 0.6044574 0.4398572 0.6672149 0.4398572 0.6672149 0.4156976 0.6044247 0.4152241 0.5729302 0.4152808 0.6044252 0.4043201 0.6044406 0.4029987 0.5900214 0.4030175 0.6044425 0.3924544 0.6044574 0.3905434 0.3383315 0.3907542 0.6044598 0.3708472 0.2880325 0.3675339 0.3383638 0.3709278 0.3383591 0.371353 0.6044869 0.3905434 0.3383315 0.3709278 0.3383591 0.3674898 0.2827277 0.3708388 0.282723 0.3708375 0.2819277 0.3712862 0.2827223 0.3708472 0.2880325 0.3905263 0.316803 0.3708375 0.2819277 0.3708388 0.282723 0.3712862 0.2827223 0.3905263 0.316803 0.3904993 0.2826953 0.3712862 0.2827223 0.3905263 0.316803 0.3905282 0.319129 0.4026705 0.3383144 0.614301 0.4036416 0.6561869 0.6040859 0.6559831 0.3468354 0.4434171 0.6365309 0.4398329 0.636536 0.4398368 0.6414099 0.4398074 0.6043907 0.4434171 0.6365309 0.4670284 0.6043524 0.4398416 0.6475207 0.439845 0.6518754 0.4398368 0.6414099 0.439845 0.6518754 0.439845 0.6518754 0.4398416 0.6475207 0.4398572 0.6672149 0.4398572 0.6672149 0.4398624 0.6737721 0.4398572 0.6672149 0.4398572 0.6672149 0.4398492 0.6571286 0.43988 0.6960925 0.43988 0.6960925 0.4398624 0.6737721 0.3078516 0.7230377 0.233997 0.7522066 0.2549682 0.7866616 0.4670284 0.6043524 0.6144599 0.6041446 0.614301 0.4036416 0.439845 0.6518754 0.439845 0.6518754 0.4398492 0.6571286 0.5832293 0.3380601 0.6142491 0.3380165 0.6142147 0.2947422 0.4042201 0.5883139 0.4152808 0.6044252 0.4152241 0.5729302 0.4155899 0.5724189 0.4398074 0.6043907 0.4397552 0.5386359 0.4042201 0.5883139 0.4026705 0.3383144 0.4029987 0.5900214 0.3677449 0.604492 0.3677703 0.6366372 0.43988 0.6960925 0.43988 0.6960925 0.43988 0.6960925 0.3078516 0.7230377 0.6358263 0.2363341 0.6636683 0.1473766 0.6249898 0.2269727 0.5832293 0.3380601 0.4395964 0.3382623 0.4397552 0.5386359 0.4398767 0.6918535 0.43988 0.6960925 0.43988 0.6960925 0.43988 0.6960925 0.4398767 0.6918535 0.4398649 0.6769038 0.3924544 0.6044574 0.4030175 0.6044425 0.4029987 0.5900214 0.4155899 0.5724189 0.4148017 0.3382973 0.4152241 0.5729302 0 0 0 0 0 0 0.6696222 0.2762157 0.7152973 0.2030007 0.6650523 0.2701354 0 0 0 0 0 0 0.6719072 0.2792559 0.7211864 0.2108364 0.6696222 0.2762157 0 0 0 0 0 0 0.6741921 0.2822961 0.724131 0.2147541 0.6719072 0.2792559 0 0 0 0 0 0 0.6559125 0.2579747 0.6472168 0.248606 0.6559761 0.3379577 0.6559831 0.3468354 0.6874078 0.3040089 0.6741921 0.2822961 0.6142049 0.2823805 0.6249898 0.2269727 0.6141533 0.2176114 0.43988 0.6960925 0.43988 0.6960925 0.3462174 0.7689995 0.3677703 0.6366372 0.3677449 0.604492 0.2564627 0.6046496 0 0 0 0 0 0 0 0 0 0 0 0 0 0 0 0 0 0 0 0 0 0 0 0 0 0 0 0 0 0 0 0 0 0 0 0 0 0 0 0 0 0 0 0 0 0 0 0 0 0 0 0 0 0 0 0 0 0 0 0 0 0 0 0 0 0 0 0 0 0 0 0 0 0 0 0 0 0 0 0 0 0 0 0 0 0 0 0 0 0 0 0 0 0 0 0 0 0 0 0 0 0 0 0 0 0 0 0 0 0 0 0 0 0 0 0 0 0 0 0 0 0 0 0 0 0 0 0 0 0 0 0 0 0 0 0 0 0 0 0 0 0 0 0 0 0 0 0 0 0 0 0 0 0 0 0 0 0 0 0 0 0 0 0 0 0 0 0 0 0 0 0 0 0 0 0 0 0 0 0 0 0 0 0 0 0 0 0 0 0 0 0 0 0 0 0 0 0 0 0 0 0 0 0 0 0 0 0 0 0 0 0 0 0 0 0 0 0 0 0 0 0 0 0 0 0 0 0 0 0 0 0 0 0 0 0 0 0 0 0 0 0 0 0 0 0 0 0 0 0 0 0 0 0 0 0 0 0 0 0 0 0 0 0 0 0 0 0 0 0 0 0 0 0 0 0 0 0 0 0 0 0 0 0 0 0 0 0 0 0 0 0 0 0 0 0 0 0 0 0 0 0 0 0 0 0 0 0 0 0 0 0 0 0 0 0 0 0 0 0 0 0 0 0 0 0 0 0 0 0 0 0 0 0 0 0 0 0 0 0 0 0 0 0 0 0 0 0 0 0 0 0 0 0 0 0 0 0 0 0 0 0 0 0 0 0 0.3907542 0.6044598 0.371353 0.6044869 0.4398649 0.6769038 0.371353 0.6044869 0.43988 0.6960925 0.4398649 0.6769038 0.4912825 0.8316193 0.5170698 0.8297811 0.43988 0.6960925 0.5170698 0.8297811 0.5425717 0.8243588 0.43988 0.6960925 0.5425717 0.8243588 0.5675088 0.8154119 0.6145327 0.6958461 0.5675088 0.8154119 0.5916079 0.8030385 0.6145327 0.6958461 0.5916079 0.8030385 0.614605 0.7873743 0.6145327 0.6958461 0.6145327 0.6958461 0.43988 0.6960925 0.5425717 0.8243588 0.43988 0.6960925 0.4399818 0.8245032 0.4654923 0.8298537 0.491358 0.9265922 0.5245906 0.9242231 0.5170698 0.8297811 0.5245906 0.9242231 0.5574547 0.9172355 0.5425717 0.8243588 0.5425717 0.8243588 0.5574547 0.9172355 0.5895915 0.9057054 0.5895915 0.9057054 0.6206483 0.8897598 0.5916079 0.8030385 0.5916079 0.8030385 0.6206483 0.8897598 0.650285 0.8695729 0.614605 0.7873743 0.650285 0.8695729 0.6781766 0.8453662 0.6781766 0.8453662 0.7040182 0.8174043 0.6563001 0.7468933 0.6563001 0.7468933 0.7040182 0.8174043 0.7275255 0.7859949 0.6745413 0.7225204 0.7275255 0.7859949 0.7484423 0.7514801 0.6907717 0.6957387 0.7484423 0.7514801 0.7665379 0.7142412 0.7740765 0.6944623 0.7816149 0.6746835 0.716513 0.636146 0.7816149 0.6746835 0.7935085 0.6332408 0.7257421 0.6039879 0.7257421 0.6039879 0.7935085 0.6332408 0.8020883 0.5903673 0.8020883 0.5903673 0.8072593 0.5465333 0.7364122 0.5367058 0.8072593 0.5465333 0.8089662 0.5022181 0.7377364 0.5023189 0.7377364 0.5023189 0.8089662 0.5022181 0.8071891 0.4579086 0.8071891 0.4579086 0.8019484 0.4140893 0.7322909 0.4339334 0.7322909 0.4339334 0.8019484 0.4140893 0.7933008 0.3712403 0.7933008 0.3712403 0.7813419 0.3298317 0.7163009 0.3685519 0.7163009 0.3685519 0.7813419 0.3298317 0.7662019 0.2903164 0.7045527 0.3378893 0.7662019 0.2903164 0.7480471 0.2531276 0.6874078 0.3040089 0.6904652 0.309032 0.7480471 0.2531276 0.7480471 0.2531276 0.7270755 0.2186719 0.6874078 0.3040089 0.7152973 0.2030007 0.7035191 0.1873296 0.6559125 0.2579747 0.6472168 0.248606 0.6559125 0.2579747 0.7035191 0.1873296 0.7035191 0.1873296 0.6776331 0.1594405 0.6472168 0.248606 0.6636683 0.1473766 0.6497034 0.1353126 0.6141533 0.2176114 0.6497034 0.1353126 0.6200343 0.1152091 0.5911315 0.2020119 0.6200343 0.1152091 0.5889527 0.09935098 0.567013 0.1897065 0.567013 0.1897065 0.5889527 0.09935098 0.5567972 0.08791154 0.5567972 0.08791154 0.5239214 0.0810163 0.516551 0.1754794 0.5239214 0.0810163 0.4906855 0.07874083 0.4907609 0.1737136 0.4907609 0.1737136 0.4906855 0.07874083 0.4574538 0.08110994 0.4649736 0.175552 0.4574538 0.08110994 0.4245887 0.08809781 0.4245887 0.08809781 0.3924512 0.09962797 0.4145346 0.1899212 0.3769231 0.1076007 0.361395 0.1155734 0.3904356 0.2022945 0.3904356 0.2022945 0.361395 0.1155734 0.3317585 0.1357602 0.3317585 0.1357602 0.3038671 0.1599666 0.3457955 0.2367424 0.3457955 0.2367424 0.3038671 0.1599666 0.2780265 0.1879273 0.2780265 0.1879273 0.2545182 0.2193379 0.3075026 0.2828124 0.3075026 0.2828124 0.2545182 0.2193379 0.2336017 0.2538522 0.2336017 0.2538522 0.2155056 0.2910922 0.27723 0.3384912 0.2155056 0.2910922 0.2004284 0.3306496 0.2655305 0.3691868 0.2655305 0.3691868 0.2004284 0.3306496 0.1885349 0.3720922 0.1885349 0.3720922 0.1799557 0.4149638 0.2496442 0.4346131 0.2496442 0.4346131 0.1799557 0.4149638 0.174784 0.4587996 0.174784 0.4587996 0.1730773 0.5031145 0.244307 0.5030142 0.244307 0.5030142 0.1730773 0.5031145 0.1748542 0.5474246 0.1748542 0.5474246 0.1800953 0.5912452 0.2497525 0.5713999 0.2497525 0.5713999 0.1800953 0.5912452 0.1887426 0.6340937 0.1887426 0.6340937 0.2007019 0.6755025 0.2657427 0.6367819 0.2082718 0.69526 0.2158418 0.7150175 0.2774909 0.6674441 0.2774909 0.6674441 0.2158418 0.7150175 0.233997 0.7522066 0.2549682 0.7866616 0.278526 0.8180056 0.3261312 0.747359 0.3261312 0.747359 0.278526 0.8180056 0.3044105 0.845893 0.3044105 0.845893 0.3323404 0.870021 0.3678901 0.7877218 0.3678901 0.7877218 0.3323404 0.870021 0.3620088 0.8901241 0.3620088 0.8901241 0.3930903 0.9059821 0.4150305 0.8156267 0.4150305 0.8156267 0.3930903 0.9059821 0.4252462 0.9174218 0.4252462 0.9174218 0.4581211 0.9243169 0.4654923 0.8298537 0.4654923 0.8298537 0.4581211 0.9243169 0.491358 0.9265922 0.4145346 0.1899212 0.4147016 0.2826612 0.4395523 0.2826262 0.3904993 0.2826953 0.3904356 0.2022945 0.3674898 0.2827277 0.3904356 0.2022945 0.3674385 0.2179588 0.3674898 0.2827277 0.3674898 0.2827277 0.3708375 0.2819277 0.3904993 0.2826953 0.3674898 0.2827277 0.3674385 0.2179588 0.3457955 0.2367424 0.3457955 0.2367424 0.3257437 0.2584394 0.3674898 0.2827277 0.7048134 0.6668417 0.6562368 0.6669101 0.6562598 0.6957873 0.6561869 0.6040859 0.7257421 0.6039879 0.7323995 0.5707197 0.7323995 0.5707197 0.7364122 0.5367058 0.6561869 0.6040859 0.7364122 0.5367058 0.7377364 0.5023189 0.6561869 0.6040859 0.7377364 0.5023189 0.7363576 0.4679358 0.6561869 0.6040859 0.7363576 0.4679358 0.7322909 0.4339334 0.6561869 0.6040859 0.7322909 0.4339334 0.7255808 0.4006841 0.6561869 0.6040859 0.7255808 0.4006841 0.7163009 0.3685519 0.6625043 0.3379485 0.7163009 0.3685519 0.7045527 0.3378893 0.6625043 0.3379485 0.6625043 0.3379485 0.6559831 0.3468354 0.6561869 0.6040859 0.716513 0.636146 0.6562125 0.636231 0.6562247 0.6515706 0.7257421 0.6039879 0.6561869 0.6040859 0.6562125 0.636231 0.7106633 0.6514939 0.6562247 0.6515706 0.6562368 0.6669101 0.2657427 0.6367819 0.2007019 0.6755025 0.2082718 0.69526 0.7048134 0.6668417 0.7665379 0.7142412 0.7740765 0.6944623 0 0 0 0 0 0 0 0 0 0 0 0 0 0 0 0 0 0 0 0 0 0 0 0 0 0 0 0 0 0 0 0 0 0 0 0 0 0 0 0 0 0 0 0 0 0 0 0 0 0 0 0 0 0 0 0 0 0 0 0 0 0 0 0 0 0 0 0 0 0 0 0 0 0 0 0 0 0 0 0 0 0 0 0 0 0 0 0 0 0 0 0 0 0 0 0 0 0 0 0 0 0 0 0 0 0 0 0 0 0 0 0 0 0 0 0 0 0 0 0 0 0 0 0 0 0 0 0 0 0 0 0 0.4024851 0.1961078 0.402598 0.2826783 0.4147016 0.2826612 0.3904356 0.2022945 0.3904993 0.2826953 0.402598 0.2826783 0.4145346 0.1899212 0.3924512 0.09962797 0.3769231 0.1076007 0 0 0 0 0 0 0.402598 0.2826783 0.4026705 0.3383144 0.4147689 0.3200468 0.3905263 0.316803 0.4026705 0.3383144 0.402598 0.2826783 0.3674898 0.2827277 0.3075026 0.2828124 0.3675339 0.3383638 0.3075026 0.2828124 0.2912721 0.3095942 0.3675339 0.3383638 0.4026705 0.3383144 0.4042201 0.5883139 0.4152241 0.5729302 0.7045527 0.3378893 0.6904652 0.309032 0.6874078 0.3040089 0.3677449 0.604492 0.371353 0.6044869 0.3709278 0.3383591 0.3905434 0.3383315 0.3924544 0.6044574 0.4029987 0.5900214 0.4148017 0.3382973 0.4155899 0.5724189 0.4397552 0.5386359 0.3675339 0.3383638 0.27723 0.3384912 0.2655305 0.3691868 0.2655305 0.3691868 0.2563015 0.4013451 0.3677449 0.604492 0.2563015 0.4013451 0.2496442 0.4346131 0.3677449 0.604492 0.2496442 0.4346131 0.2456313 0.4686272 0.3677449 0.604492 0.2456313 0.4686272 0.244307 0.5030142 0.3677449 0.604492 0.244307 0.5030142 0.2456858 0.5373974 0.3677449 0.604492 0.2456858 0.5373974 0.2497525 0.5713999 0.3677449 0.604492 0.2497525 0.5713999 0.2564627 0.6046496 0.3677449 0.604492 0.3905282 0.319129 0.3708472 0.2880325 0.3709278 0.3383591 0.4147689 0.3200468 0.4148017 0.3382973 0.4395964 0.3382623 0.6563001 0.7468933 0.6745413 0.7225204 0.6907717 0.6957387 0.6561869 0.6040859 0.6144599 0.6041446 0.6427331 0.63625 0.6417612 0.6669305 0.6145327 0.6958461 0.6562598 0.6957873 0.6142491 0.3380165 0.614301 0.4036416 0.6559831 0.3468354 0.6142049 0.2823805 0.6141533 0.2176114 0.5911315 0.2020119 0.5911315 0.2020119 0.567013 0.1897065 0.6142049 0.2823805 0.567013 0.1897065 0.5420614 0.18083 0.4395523 0.2826262 0.6142049 0.2823805 0.567013 0.1897065 0.4395523 0.2826262 0.5420614 0.18083 0.516551 0.1754794 0.4395523 0.2826262 0.516551 0.1754794 0.4907609 0.1737136 0.4395523 0.2826262 0.4907609 0.1737136 0.4649736 0.175552 0.4395523 0.2826262 0.6142147 0.2947422 0.6142049 0.2823805 0.5832293 0.3380601 0.6142049 0.2823805 0.4395523 0.2826262 0.5832293 0.3380601 0.6145327 0.6958461 0.614605 0.7873743 0.6362482 0.7685906 0.6362482 0.7685906 0.6563001 0.7468933 0.6145327 0.6958461 0.6144977 0.6516293 0.6144854 0.6362898 0.4434171 0.6365309 0.4434171 0.6365309 0.4398368 0.6414099 0.439845 0.6518754 0.614301 0.4036416 0.6142491 0.3380165 0.5832293 0.3380601 0.5832293 0.3380601 0.4397552 0.5386359 0.614301 0.4036416 0.4397552 0.5386359 0.4398074 0.6043907 0.4670284 0.6043524 0.4670284 0.6043524 0.4434171 0.6365309 0.6144854 0.6362898 0.6144977 0.6516293 0.439845 0.6518754 0.4398572 0.6672149 0.6145098 0.6669689 0.4398572 0.6672149 0.43988 0.6960925 0.6427331 0.63625 0.6144854 0.6362898 0.6144977 0.6516293 0.6417612 0.6669305 0.6562247 0.6515706 0.6144977 0.6516293 0.4398074 0.6043907 0.4398329 0.636536 0.4398329 0.636536 0.439845 0.6518754 0.4398572 0.6672149 0.4398572 0.6672149 0.4398572 0.6672149 0.43988 0.6960925 0.43988 0.6960925 0.4398329 0.636536 0.4398416 0.6475207 0.4398368 0.6414099 0.4398572 0.6672149 0.43988 0.6960925 0.43988 0.6960925 0.4398416 0.6475207 0.4398329 0.636536 0.4398329 0.636536 0.4398329 0.636536 0.439845 0.6518754 0.4398416 0.6475207 0.4398572 0.6672149 0.439845 0.6518754 0.4398492 0.6571286 0.439845 0.6518754 0.439845 0.6518754 0.4398492 0.6571286 0.4398074 0.6043907 0.4398329 0.636536 0.4398329 0.636536 0.4398074 0.6043907 0.4398329 0.636536 0.4398329 0.636536 0.43988 0.6960925 0.4398572 0.6672149 0.4398624 0.6737721 0.4398572 0.6672149 0.4398572 0.6672149 0.4398624 0.6737721 0.4398329 0.636536 0.439845 0.6518754 0.439845 0.6518754 0.4398492 0.6571286 0.439845 0.6518754 0.439845 0.6518754 0.439845 0.6518754 0.4398572 0.6672149 0.4398492 0.6571286 0.4398074 0.6043907 0.4398329 0.636536 0.4398329 0.636536 0.4398624 0.6737721 0.4398572 0.6672149 0.4398572 0.6672149 0.4398572 0.6672149 0.43988 0.6960925 0.4398624 0.6737721 0.4398329 0.636536 0.439845 0.6518754 0.439845 0.6518754 0.439845 0.6518754 0.4398572 0.6672149 0.4398572 0.6672149 0.4398074 0.6043907 0.4398329 0.636536 0.4398329 0.636536 0.4398572 0.6672149 0.43988 0.6960925 0.43988 0.6960925 0.4398329 0.636536 0.439845 0.6518754 0.439845 0.6518754 0.439845 0.6518754 0.4398572 0.6672149 0.4398572 0.6672149 0.4398074 0.6043907 0.4398329 0.636536 0.4398329 0.636536 0.4398572 0.6672149 0.43988 0.6960925 0.43988 0.6960925 0.4398329 0.636536 0.439845 0.6518754 0.439845 0.6518754 0.439845 0.6518754 0.4398572 0.6672149 0.4398572 0.6672149 0.4398074 0.6043907 0.4398329 0.636536 0.4398329 0.636536 0.4398572 0.6672149 0.43988 0.6960925 0.43988 0.6960925 0.4398329 0.636536 0.439845 0.6518754 0.439845 0.6518754 0.439845 0.6518754 0.4398572 0.6672149 0.4398572 0.6672149 0.439845 0.6518754 0.4398572 0.6672149 0.4398572 0.6672149 0.4398074 0.6043907 0.4398329 0.636536 0.4398329 0.636536 0.4398572 0.6672149 0.43988 0.6960925 0.43988 0.6960925 0.4398329 0.636536 0.439845 0.6518754 0.439845 0.6518754 0.4398329 0.636536 0.439845 0.6518754 0.439845 0.6518754 0.439845 0.6518754 0.4398572 0.6672149 0.4398572 0.6672149 0.4398074 0.6043907 0.4398329 0.636536 0.4398329 0.636536 0.4398572 0.6672149 0.43988 0.6960925 0.43988 0.6960925 0.4398329 0.636536 0.439845 0.6518754 0.439845 0.6518754 0.439845 0.6518754 0.4398572 0.6672149 0.4398572 0.6672149 0.4398074 0.6043907 0.4398329 0.636536 0.4398329 0.636536 0.43988 0.6960925 0.4398572 0.6672149 0.4398767 0.6918535 0.4398572 0.6672149 0.4398572 0.6672149 0.4398767 0.6918535 0.4398329 0.636536 0.439845 0.6518754 0.439845 0.6518754 0.439845 0.6518754 0.4398572 0.6672149 0.4398572 0.6672149 0.4398074 0.6043907 0.4398329 0.636536 0.4398329 0.636536 0.4398572 0.6672149 0.4398572 0.6672149 0.4398649 0.6769038 0.4398329 0.636536 0.439845 0.6518754 0.439845 0.6518754 0.439845 0.6518754 0.4398572 0.6672149 0.4398572 0.6672149 0.4398074 0.6043907 0.4398329 0.636536 0.4398329 0.636536 0.3924544 0.6044574 0.4398649 0.6769038 0.4398572 0.6672149 0.4156976 0.6044247 0.4155899 0.5724189 0.4152241 0.5729302 0.4043201 0.6044406 0.4042201 0.5883139 0.4029987 0.5900214 0.3708472 0.2880325 0.3674898 0.2827277 0.3675339 0.3383638 0.371353 0.6044869 0.3907542 0.6044598 0.3905434 0.3383315 0.3708388 0.282723 0.3708472 0.2880325 0.3712862 0.2827223 0.3708472 0.2880325 0.3905282 0.319129 0.3905263 0.316803 0.614301 0.4036416 0.6144599 0.6041446 0.6561869 0.6040859 0.4398074 0.6043907 0.4398329 0.636536 0.4434171 0.6365309 0.4398416 0.6475207 0.439845 0.6518754 0.439845 0.6518754 0.3078516 0.7230377 0.2915786 0.6963016 0.233997 0.7522066 0.4042201 0.5883139 0.4043201 0.6044406 0.4152808 0.6044252 0.4155899 0.5724189 0.4156976 0.6044247 0.4398074 0.6043907 0.3677724 0.6392676 0.43988 0.6960925 0.3677703 0.6366372 0.43988 0.6960925 0.43988 0.6960925 0.3677703 0.6366372 0.43988 0.6960925 0.371353 0.6044869 0.3677449 0.604492 0.43988 0.6960925 0.43988 0.6960925 0.3677703 0.6366372 0.2915786 0.6963016 0.3078516 0.7230377 0.43988 0.6960925 0.3078516 0.7230377 0.3261312 0.747359 0.43988 0.6960925 0.2915786 0.6963016 0.43988 0.6960925 0.43988 0.6960925 0.3261312 0.747359 0.43988 0.6960925 0.43988 0.6960925 0.3261312 0.747359 0.43988 0.6960925 0.43988 0.6960925 0.43988 0.6960925 0.2915786 0.6963016 0.43988 0.6960925 0.43988 0.6960925 0.2915786 0.6963016 0.43988 0.6960925 0.43988 0.6960925 0.43988 0.6960925 0.3078516 0.7230377 0.6358263 0.2363341 0.6776331 0.1594405 0.6636683 0.1473766 0.43988 0.6960925 0.43988 0.6960925 0.4398767 0.6918535 0 0 0 0 0 0 0.6696222 0.2762157 0.7211864 0.2108364 0.7152973 0.2030007 0 0 0 0 0 0 0.6719072 0.2792559 0.724131 0.2147541 0.7211864 0.2108364 0 0 0 0 0 0 0.6741921 0.2822961 0.7270755 0.2186719 0.724131 0.2147541 0 0 0 0 0 0 0.6358263 0.2363341 0.6249898 0.2269727 0.6142147 0.2947422 0.6142147 0.2947422 0.6142491 0.3380165 0.6472168 0.248606 0.6142491 0.3380165 0.6559761 0.3379577 0.6472168 0.248606 0.6142147 0.2947422 0.6472168 0.248606 0.6358263 0.2363341 0.6559761 0.3379577 0.6559831 0.3468354 0.6719072 0.2792559 0.6696222 0.2762157 0.6650523 0.2701354 0.6559761 0.3379577 0.6650523 0.2701354 0.6559125 0.2579747 0.6559761 0.3379577 0.6559761 0.3379577 0.6719072 0.2792559 0.6696222 0.2762157 0.6741921 0.2822961 0.6719072 0.2792559 0.6559831 0.3468354 0.6559831 0.3468354 0.6625043 0.3379485 0.6874078 0.3040089 0.6142049 0.2823805 0.6142147 0.2947422 0.6249898 0.2269727 0.3261312 0.747359 0.3462174 0.7689995 0.43988 0.6960925 0.3462174 0.7689995 0.3678901 0.7877218 0.43988 0.6960925 0.43988 0.6960925 0.3678901 0.7877218 0.43988 0.6960925 0.3678901 0.7877218 0.3909118 0.8033213 0.43988 0.6960925 0.3909118 0.8033213 0.4150305 0.8156267 0.43988 0.6960925 0.43988 0.6960925 0.3909118 0.8033213 0.43988 0.6960925 0.4150305 0.8156267 0.4399818 0.8245032 0.43988 0.6960925 0.4150305 0.8156267 0.43988 0.6960925 0.43988 0.6960925 0.2564627 0.6046496 0.2657427 0.6367819 0.3677724 0.6392676 0.2657427 0.6367819 0.2716168 0.6521129 0.3677724 0.6392676 0.2564627 0.6046496 0.3677724 0.6392676 0.3677703 0.6366372 0.2716168 0.6521129 0.2774909 0.6674441 0.3677724 0.6392676 0.2774909 0.6674441 0.2915786 0.6963016 0.3677724 0.6392676 0 0 0 0 0 0 0 0 0 0 0 0 0 0 0 0 0 0 0 0 0 0 0 0 0 0 0 0 0 0 0 0 0 0 0 0 0 0 0 0 0 0 0 0 0 0 0 0 0 0 0 0 0 0 0 0 0 0 0 0 0 0 0 0 0 0 0 0 0 0 0 0 0 0 0 0 0 0 0 0 0 0 0 0 0 0 0 0 0 0 0 0 0 0 0 0 0 0 0 0 0 0 0 0 0 0 0 0 0 0 0 0 0 0 0 0 0 0 0 0 0 0 0 0 0 0 0 0 0 0 0 0 0 0 0 0 0 0 0 0 0 0 0 0 0 0 0 0 0 0 0 0 0 0 0 0 0 0 0 0 0 0 0 0 0 0 0 0 0 0 0 0 0 0 0 0 0 0 0 0 0 0 0 0 0 0 0 0 0 0 0 0 0 0 0 0 0 0 0 0 0 0 0 0 0 0 0 0 0 0 0 0 0 0 0 0 0 0 0 0 0 0 0 0 0 0 0 0 0 0 0 0 0 0 0 0 0 0 0 0 0 0 0 0 0 0 0 0 0 0 0 0 0 0 0 0 0 0</float_array>
          <technique_common>
            <accessor source="#Circle_014-mesh-map-0-array" count="1920" stride="2">
              <param name="S" type="float"/>
              <param name="T" type="float"/>
            </accessor>
          </technique_common>
        </source>
        <vertices id="Circle_014-mesh-vertices">
          <input semantic="POSITION" source="#Circle_014-mesh-positions"/>
        </vertices>
        <triangles material="kırmızı-material" count="464">
          <input semantic="VERTEX" source="#Circle_014-mesh-vertices" offset="0"/>
          <input semantic="NORMAL" source="#Circle_014-mesh-normals" offset="1"/>
          <input semantic="TEXCOORD" source="#Circle_014-mesh-map-0" offset="2" set="0"/>
          <p>175 0 0 54 0 1 55 0 2 149 1 3 28 1 4 29 1 5 123 2 6 2 2 7 3 2 8 176 3 9 55 3 10 56 3 11 150 4 12 29 4 13 30 4 14 124 5 15 3 5 16 4 5 17 177 6 18 56 6 19 57 6 20 151 7 21 30 7 22 31 7 23 125 8 24 4 8 25 5 8 26 178 9 27 57 9 28 58 9 29 152 10 30 31 10 31 32 10 32 126 11 33 5 11 34 6 11 35 179 12 36 58 12 37 59 12 38 153 13 39 32 13 40 33 13 41 127 14 42 6 14 43 7 14 44 121 15 45 59 15 46 0 15 47 196 16 48 33 16 49 195 16 50 128 17 51 7 17 52 8 17 53 155 18 54 34 18 55 35 18 56 129 19 57 8 19 58 9 19 59 156 20 60 35 20 61 36 20 62 130 21 63 9 21 64 10 21 65 157 22 66 36 22 67 37 22 68 189 23 69 10 23 70 187 23 71 158 24 72 37 24 73 38 24 74 132 25 75 11 25 76 12 25 77 159 26 78 38 26 79 39 26 80 133 27 81 12 27 82 13 27 83 160 28 84 39 28 85 40 28 86 134 29 87 13 29 88 14 29 89 161 30 90 40 30 91 41 30 92 135 31 93 14 31 94 15 31 95 162 32 96 41 32 97 42 32 98 136 33 99 15 33 100 16 33 101 163 34 102 42 34 103 43 34 104 137 35 105 16 35 106 17 35 107 44 36 108 163 36 109 43 36 110 138 37 111 17 37 112 18 37 113 45 38 114 164 38 115 44 38 116 139 39 117 18 39 118 19 39 119 46 40 120 165 40 121 45 40 122 140 41 123 19 41 124 20 41 125 47 42 126 166 42 127 46 42 128 141 43 129 20 43 130 21 43 131 168 44 132 47 44 133 48 44 134 142 45 135 21 45 136 22 45 137 169 46 138 48 46 139 49 46 140 330 47 141 22 47 142 329 47 143 190 48 144 49 48 145 188 48 146 144 49 147 23 49 148 24 49 149 171 50 150 50 50 151 51 50 152 319 51 153 24 51 154 312 51 155 172 52 156 51 52 157 52 52 158 146 53 159 25 53 160 26 53 161 173 54 162 52 54 163 53 54 164 147 55 165 26 55 166 27 55 167 120 56 168 0 56 169 1 56 170 174 57 171 53 57 172 54 57 173 148 58 174 27 58 175 28 58 176 122 59 177 1 59 178 2 59 179 121 62 186 61 62 187 60 62 188 120 63 189 62 63 190 61 63 191 62 61 192 123 61 193 63 61 194 123 64 195 64 64 196 63 64 197 64 61 198 125 61 199 65 61 200 65 61 201 126 61 202 66 61 203 126 65 204 67 65 205 66 65 206 67 66 207 128 66 208 68 66 209 68 67 210 129 67 211 69 67 212 69 61 213 130 61 214 70 61 215 189 68 216 71 68 217 191 68 218 131 69 219 72 69 220 71 69 221 72 61 222 133 61 223 73 61 224 133 70 225 74 70 226 73 70 227 134 71 228 75 71 229 74 71 230 75 61 231 136 61 232 76 61 233 136 61 234 77 61 235 76 61 236 77 72 237 138 72 238 78 72 239 138 73 240 79 73 241 78 73 242 79 61 243 140 61 244 80 61 245 80 61 246 141 61 247 81 61 248 142 74 249 82 74 250 302 74 251 324 61 252 83 61 253 325 61 254 144 75 255 84 75 256 314 75 257 319 76 258 85 76 259 322 76 260 145 61 261 86 61 262 85 61 263 146 61 264 87 61 265 86 61 266 87 61 267 148 61 268 88 61 269 148 77 270 89 77 271 88 77 272 149 78 273 90 78 274 89 78 275 90 79 276 151 79 277 91 79 278 91 61 279 152 61 280 92 61 281 152 61 282 93 61 283 92 61 284 196 80 285 94 80 286 197 80 287 94 81 288 155 81 289 95 81 290 155 82 291 96 82 292 95 82 293 96 61 294 157 61 295 97 61 296 157 83 297 98 83 298 97 83 299 98 61 300 159 61 301 99 61 302 159 61 303 100 61 304 99 61 305 160 84 306 101 84 307 100 84 308 101 61 309 162 61 310 102 61 311 162 61 312 103 61 313 102 61 314 103 61 315 164 61 316 104 61 317 164 61 318 105 61 319 104 61 320 105 85 321 166 85 322 106 85 323 166 86 324 107 86 325 106 86 326 107 61 327 168 61 328 108 61 329 168 87 330 109 87 331 108 87 332 190 88 333 110 88 334 192 88 335 110 61 336 171 61 337 111 61 338 172 89 339 113 89 340 112 89 341 113 66 342 174 66 343 114 66 344 174 90 345 115 90 346 114 90 347 115 91 348 176 91 349 116 91 350 176 92 351 117 92 352 116 92 353 117 61 354 178 61 355 118 61 356 178 93 357 119 93 358 118 93 359 119 61 360 121 61 361 60 61 362 109 94 387 190 94 388 192 94 389 70 95 390 189 95 391 191 95 392 3 96 393 2 96 394 187 96 395 170 97 396 188 97 397 50 97 398 131 23 399 187 23 400 11 23 401 93 61 408 196 61 409 197 61 410 154 98 411 195 98 412 34 98 413 217 108 474 298 108 475 212 108 476 296 111 489 317 111 490 297 111 491 227 117 513 185 117 514 181 117 515 229 61 522 299 61 523 185 61 524 235 118 528 301 118 529 300 118 530 232 117 534 229 117 535 227 117 536 237 117 537 234 117 538 232 117 539 239 61 543 235 61 544 234 61 545 238 61 546 306 61 547 303 61 548 242 117 549 239 117 550 237 117 551 241 61 552 295 61 553 305 61 554 244 61 555 240 61 556 239 61 557 245 61 558 238 61 559 240 61 560 247 117 561 244 117 562 242 117 563 248 61 564 241 61 565 243 61 566 249 61 567 245 61 568 244 61 569 250 61 570 243 61 571 245 61 572 252 117 573 249 117 574 247 117 575 253 61 576 246 61 577 248 61 578 254 61 579 250 61 580 249 61 581 255 61 582 248 61 583 250 61 584 257 117 585 254 117 586 252 117 587 258 61 588 251 61 589 253 61 590 259 61 591 255 61 592 254 61 593 260 61 594 253 61 595 255 61 596 265 121 597 258 121 598 260 121 599 262 117 600 259 117 601 257 117 602 263 122 603 256 122 604 258 122 605 264 123 606 260 123 607 259 123 608 269 123 609 265 123 610 264 123 611 270 61 612 263 61 613 265 61 614 267 117 615 264 117 616 262 117 617 268 61 618 261 61 619 263 61 620 274 61 621 270 61 622 269 61 623 275 124 624 268 124 625 270 124 626 272 117 627 269 117 628 267 117 629 320 61 630 308 61 631 266 61 632 279 61 633 275 61 634 274 61 635 280 125 636 273 125 637 275 125 638 277 117 639 274 117 640 272 117 641 273 61 642 315 61 643 320 61 644 283 126 645 280 126 646 279 126 647 284 127 648 278 127 649 280 127 650 281 128 651 279 128 652 277 128 653 287 61 654 278 61 655 282 61 656 285 61 657 310 61 658 194 61 659 286 61 660 321 61 661 198 61 662 307 61 690 185 61 691 299 61 692 181 61 693 307 61 694 297 61 695 306 61 702 238 61 703 305 61 704 112 133 711 171 133 712 172 133 713 301 61 717 235 61 718 303 61 719 311 61 720 217 61 721 316 61 722 318 134 723 194 134 724 310 134 725 313 61 726 181 61 727 317 61 728 251 137 735 256 137 736 112 137 737 84 61 738 319 61 739 322 61 740 287 140 750 198 140 751 321 140 752 145 141 756 312 141 757 25 141 758 328 61 759 324 61 760 325 61 761 143 47 762 323 47 763 23 47 764 331 142 765 327 142 766 328 142 767 324 143 768 326 143 769 323 143 770 82 61 771 330 61 772 331 61 773 327 47 774 329 47 775 326 47 776 83 61 777 314 61 778 212 61 779 312 117 792 323 117 793 195 117 794 175 146 795 174 146 796 54 146 797 149 147 798 148 147 799 28 147 800 123 2 801 122 2 802 2 2 803 176 3 804 175 3 805 55 3 806 150 148 807 149 148 808 29 148 809 124 149 810 123 149 811 3 149 812 177 150 813 176 150 814 56 150 815 151 151 816 150 151 817 30 151 818 125 152 819 124 152 820 4 152 821 178 153 822 177 153 823 57 153 824 152 10 825 151 10 826 31 10 827 126 154 828 125 154 829 5 154 830 179 155 831 178 155 832 58 155 833 153 156 834 152 156 835 32 156 836 127 157 837 126 157 838 6 157 839 121 158 840 179 158 841 59 158 842 196 16 843 153 16 844 33 16 845 128 159 846 127 159 847 7 159 848 155 18 849 154 18 850 34 18 851 129 160 852 128 160 853 8 160 854 156 161 855 155 161 856 35 161 857 130 162 858 129 162 859 9 162 860 157 22 861 156 22 862 36 22 863 189 23 864 130 23 865 10 23 866 158 163 867 157 163 868 37 163 869 132 164 870 131 164 871 11 164 872 159 165 873 158 165 874 38 165 875 133 166 876 132 166 877 12 166 878 160 28 879 159 28 880 39 28 881 134 167 882 133 167 883 13 167 884 161 168 885 160 168 886 40 168 887 135 169 888 134 169 889 14 169 890 162 32 891 161 32 892 41 32 893 136 170 894 135 170 895 15 170 896 163 34 897 162 34 898 42 34 899 137 171 900 136 171 901 16 171 902 44 172 903 164 172 904 163 172 905 138 37 906 137 37 907 17 37 908 45 173 909 165 173 910 164 173 911 139 39 912 138 39 913 18 39 914 46 174 915 166 174 916 165 174 917 140 41 918 139 41 919 19 41 920 47 175 921 167 175 922 166 175 923 141 176 924 140 176 925 20 176 926 168 44 927 167 44 928 47 44 929 142 177 930 141 177 931 21 177 932 169 46 933 168 46 934 48 46 935 330 47 936 142 47 937 22 47 938 190 178 939 169 178 940 49 178 941 144 179 942 143 179 943 23 179 944 171 50 945 170 50 946 50 50 947 319 180 948 144 180 949 24 180 950 172 181 951 171 181 952 51 181 953 146 53 954 145 53 955 25 53 956 173 182 957 172 182 958 52 182 959 147 183 960 146 183 961 26 183 962 120 184 963 121 184 964 0 184 965 174 185 966 173 185 967 53 185 968 148 186 969 147 186 970 27 186 971 122 187 972 120 187 973 1 187 974 121 61 1002 120 61 1003 61 61 1004 120 61 1005 122 61 1006 62 61 1007 62 191 1008 122 191 1009 123 191 1010 123 61 1011 124 61 1012 64 61 1013 64 192 1014 124 192 1015 125 192 1016 65 193 1017 125 193 1018 126 193 1019 126 61 1020 127 61 1021 67 61 1022 67 194 1023 127 194 1024 128 194 1025 68 61 1026 128 61 1027 129 61 1028 69 195 1029 129 195 1030 130 195 1031 189 61 1032 131 61 1033 71 61 1034 131 196 1035 132 196 1036 72 196 1037 72 61 1038 132 61 1039 133 61 1040 133 197 1041 134 197 1042 74 197 1043 134 198 1044 135 198 1045 75 198 1046 75 61 1047 135 61 1048 136 61 1049 136 199 1050 137 199 1051 77 199 1052 77 61 1053 137 61 1054 138 61 1055 138 61 1056 139 61 1057 79 61 1058 79 61 1059 139 61 1060 140 61 1061 80 200 1062 140 200 1063 141 200 1064 302 61 1065 81 61 1066 141 61 1067 141 61 1068 142 61 1069 302 61 1070 324 61 1071 143 61 1072 83 61 1073 314 61 1074 83 61 1075 143 61 1076 143 201 1077 144 201 1078 314 201 1079 319 61 1080 145 61 1081 85 61 1082 145 61 1083 146 61 1084 86 61 1085 146 61 1086 147 61 1087 87 61 1088 87 202 1089 147 202 1090 148 202 1091 148 61 1092 149 61 1093 89 61 1094 149 61 1095 150 61 1096 90 61 1097 90 203 1098 150 203 1099 151 203 1100 91 204 1101 151 204 1102 152 204 1103 152 61 1104 153 61 1105 93 61 1106 196 205 1107 154 205 1108 94 205 1109 94 206 1110 154 206 1111 155 206 1112 155 61 1113 156 61 1114 96 61 1115 96 207 1116 156 207 1117 157 207 1118 157 205 1119 158 205 1120 98 205 1121 98 208 1122 158 208 1123 159 208 1124 159 61 1125 160 61 1126 100 61 1127 160 61 1128 161 61 1129 101 61 1130 101 61 1131 161 61 1132 162 61 1133 162 61 1134 163 61 1135 103 61 1136 103 61 1137 163 61 1138 164 61 1139 164 209 1140 165 209 1141 105 209 1142 105 61 1143 165 61 1144 166 61 1145 166 61 1146 167 61 1147 107 61 1148 107 61 1149 167 61 1150 168 61 1151 168 61 1152 169 61 1153 109 61 1154 190 61 1155 170 61 1156 110 61 1157 110 210 1158 170 210 1159 171 210 1160 172 61 1161 173 61 1162 113 61 1163 113 211 1164 173 211 1165 174 211 1166 174 61 1167 175 61 1168 115 61 1169 115 212 1170 175 212 1171 176 212 1172 176 61 1173 177 61 1174 117 61 1175 117 213 1176 177 213 1177 178 213 1178 178 61 1179 179 61 1180 119 61 1181 119 214 1182 179 214 1183 121 214 1184 109 210 1242 169 210 1243 190 210 1244 70 224 1245 130 224 1246 189 224 1247 2 225 1248 1 225 1249 187 225 1250 1 117 1251 0 117 1252 187 117 1253 0 117 1254 59 117 1255 188 117 1256 59 117 1257 58 117 1258 188 117 1259 58 117 1260 57 117 1261 188 117 1262 57 117 1263 56 117 1264 188 117 1265 56 117 1266 55 117 1267 188 117 1268 55 226 1269 54 226 1270 188 226 1271 54 117 1272 53 117 1273 188 117 1274 53 117 1275 52 117 1276 188 117 1277 52 117 1278 51 117 1279 188 117 1280 51 227 1281 50 227 1282 188 227 1283 188 117 1284 187 117 1285 0 117 1286 187 228 1287 10 228 1288 9 228 1289 9 117 1290 8 117 1291 187 117 1292 8 117 1293 7 117 1294 187 117 1295 7 229 1296 6 229 1297 187 229 1298 6 117 1299 5 117 1300 187 117 1301 5 117 1302 4 117 1303 187 117 1304 4 117 1305 3 117 1306 187 117 1307 170 230 1308 190 230 1309 188 230 1310 131 23 1311 189 23 1312 187 23 1313 93 233 1320 153 233 1321 196 233 1322 154 234 1323 196 234 1324 195 234 1325 217 61 1392 296 61 1393 298 61 1394 296 255 1434 217 255 1435 311 255 1436 311 256 1437 317 256 1438 296 256 1439 317 257 1440 181 257 1441 297 257 1442 227 262 1458 229 262 1459 185 262 1460 229 61 1467 300 61 1468 299 61 1469 300 266 1473 229 266 1474 234 266 1475 234 267 1476 235 267 1477 300 267 1478 232 269 1485 234 269 1486 229 269 1487 237 270 1488 239 270 1489 234 270 1490 239 273 1497 240 273 1498 235 273 1499 303 274 1500 235 274 1501 240 274 1502 240 275 1503 238 275 1504 303 275 1505 242 276 1506 244 276 1507 239 276 1508 305 277 1509 238 277 1510 243 277 1511 243 61 1512 241 61 1513 305 61 1514 244 278 1515 245 278 1516 240 278 1517 245 279 1518 243 279 1519 238 279 1520 247 280 1521 249 280 1522 244 280 1523 248 61 1524 246 61 1525 241 61 1526 249 61 1527 250 61 1528 245 61 1529 250 281 1530 248 281 1531 243 281 1532 252 282 1533 254 282 1534 249 282 1535 253 283 1536 251 283 1537 246 283 1538 254 284 1539 255 284 1540 250 284 1541 255 285 1542 253 285 1543 248 285 1544 257 61 1545 259 61 1546 254 61 1547 258 61 1548 256 61 1549 251 61 1550 259 286 1551 260 286 1552 255 286 1553 260 61 1554 258 61 1555 253 61 1556 265 287 1557 263 287 1558 258 287 1559 262 288 1560 264 288 1561 259 288 1562 263 289 1563 261 289 1564 256 289 1565 264 61 1566 265 61 1567 260 61 1568 269 286 1569 270 286 1570 265 286 1571 270 61 1572 268 61 1573 263 61 1574 267 290 1575 269 290 1576 264 290 1577 268 291 1578 266 291 1579 261 291 1580 274 292 1581 275 292 1582 270 292 1583 275 61 1584 273 61 1585 268 61 1586 272 293 1587 274 293 1588 269 293 1589 266 294 1590 268 294 1591 320 294 1592 268 295 1593 273 295 1594 320 295 1595 279 61 1596 280 61 1597 275 61 1598 280 61 1599 278 61 1600 273 61 1601 277 296 1602 279 296 1603 274 296 1604 273 61 1605 278 61 1606 315 61 1607 283 61 1608 284 61 1609 280 61 1610 284 61 1611 282 61 1612 278 61 1613 281 61 1614 283 61 1615 279 61 1616 287 61 1617 315 61 1618 278 61 1619 285 297 1620 313 297 1621 310 297 1622 286 298 1623 318 298 1624 321 298 1625 181 61 1641 185 61 1642 307 61 1643 112 61 1647 111 61 1648 171 61 1649 318 301 1650 286 301 1651 194 301 1652 313 302 1653 285 302 1654 181 302 1655 111 61 1668 112 61 1669 256 61 1670 112 61 1671 113 61 1672 246 61 1673 111 305 1674 266 305 1675 308 305 1676 113 306 1677 295 306 1678 241 306 1679 113 61 1680 241 61 1681 246 61 1682 266 61 1683 111 61 1684 261 61 1685 261 61 1686 111 61 1687 256 61 1688 246 61 1689 251 61 1690 112 61 1691 84 307 1692 144 307 1693 319 307 1694 145 308 1698 319 308 1699 312 308 1700 328 309 1701 327 309 1702 324 309 1703 143 310 1704 324 310 1705 323 310 1706 331 311 1707 330 311 1708 327 311 1709 324 47 1710 327 47 1711 326 47 1712 82 309 1713 142 309 1714 330 309 1715 327 312 1716 330 312 1717 329 312 1718 84 61 1719 322 61 1720 316 61 1721 316 61 1722 217 61 1723 314 61 1724 217 61 1725 212 61 1726 314 61 1727 316 61 1728 314 61 1729 84 61 1730 212 61 1731 298 61 1732 331 61 1733 328 61 1734 325 61 1735 212 61 1736 325 61 1737 83 61 1738 212 61 1739 212 61 1740 331 61 1741 328 61 1742 13 117 1791 12 117 1792 187 117 1793 12 319 1794 11 319 1795 187 319 1796 187 320 1797 188 320 1798 323 320 1799 188 321 1800 49 321 1801 48 321 1802 48 117 1803 47 117 1804 188 117 1805 47 117 1806 46 117 1807 188 117 1808 46 117 1809 45 117 1810 188 117 1811 45 117 1812 44 117 1813 188 117 1814 44 322 1815 43 322 1816 188 322 1817 43 117 1818 42 117 1819 188 117 1820 42 117 1821 41 117 1822 195 117 1823 41 323 1824 40 323 1825 195 323 1826 40 117 1827 39 117 1828 195 117 1829 39 117 1830 38 117 1831 195 117 1832 38 117 1833 37 117 1834 195 117 1835 37 324 1836 36 324 1837 195 324 1838 36 117 1839 35 117 1840 195 117 1841 35 325 1842 34 325 1843 195 325 1844 195 326 1845 33 326 1846 32 326 1847 187 327 1848 323 327 1849 16 327 1850 14 117 1851 13 117 1852 187 117 1853 16 117 1854 15 117 1855 187 117 1856 15 328 1857 14 328 1858 187 328 1859 18 117 1860 17 117 1861 323 117 1862 17 117 1863 16 117 1864 323 117 1865 20 117 1866 19 117 1867 323 117 1868 19 117 1869 18 117 1870 323 117 1871 22 329 1872 21 329 1873 329 329 1874 21 117 1875 20 117 1876 326 117 1877 329 117 1878 21 117 1879 326 117 1880 323 330 1881 326 330 1882 20 330 1883 323 117 1884 188 117 1885 195 117 1886 42 117 1887 195 117 1888 188 117 1889 195 331 1890 32 331 1891 31 331 1892 31 117 1893 30 117 1894 195 117 1895 30 117 1896 29 117 1897 195 117 1898 29 117 1899 28 117 1900 312 117 1901 195 117 1902 29 117 1903 312 117 1904 28 117 1905 27 117 1906 312 117 1907 27 117 1908 26 117 1909 312 117 1910 26 332 1911 25 332 1912 312 332 1913 312 117 1914 24 117 1915 323 117 1916 24 333 1917 23 333 1918 323 333 1919</p>
        </triangles>
        <triangles material="beyaz-material" count="117">
          <input semantic="VERTEX" source="#Circle_014-mesh-vertices" offset="0"/>
          <input semantic="NORMAL" source="#Circle_014-mesh-normals" offset="1"/>
          <input semantic="TEXCOORD" source="#Circle_014-mesh-map-0" offset="2" set="0"/>
          <p>119 61 183 60 61 184 180 61 185 93 61 363 201 61 364 92 61 365 292 61 366 293 61 367 199 61 368 97 61 369 98 61 370 203 61 371 70 61 372 214 61 373 69 61 374 78 61 375 304 61 376 213 61 377 71 61 378 216 61 379 191 61 380 72 61 381 211 61 382 71 61 383 191 61 384 215 61 385 70 61 386 197 61 402 200 61 403 93 61 404 94 61 405 202 61 406 197 61 407 200 61 414 209 61 415 201 61 416 202 61 417 209 61 418 200 61 419 203 99 420 290 99 421 289 99 422 294 100 423 202 100 424 199 100 425 99 61 426 100 61 427 208 61 428 80 61 432 302 61 433 304 61 434 183 101 435 291 101 436 208 101 437 183 102 444 208 102 445 101 102 446 211 61 459 225 61 460 216 61 461 216 106 462 224 106 463 215 106 464 67 107 465 69 107 466 214 107 467 213 61 468 225 61 469 211 61 470 224 61 471 214 61 472 215 61 473 91 61 477 92 61 478 201 61 479 201 61 480 206 61 481 311 61 482 67 109 483 214 109 484 220 109 485 290 61 666 208 61 667 291 61 668 203 131 672 289 131 673 292 131 674 292 61 678 289 61 679 293 61 680 294 61 681 199 61 682 293 61 683 296 61 687 213 61 688 298 61 689 297 61 714 222 61 715 296 61 716 183 136 732 186 136 733 276 136 734 311 138 741 206 138 742 317 138 743 298 144 780 302 144 781 82 144 782 223 145 783 322 145 784 85 145 785 236 61 786 295 61 787 114 61 788 186 61 789 183 61 790 108 61 791 60 61 981 61 61 982 180 61 983 61 61 984 62 61 985 180 61 986 62 61 987 63 61 988 220 61 989 63 189 990 64 189 991 220 189 992 64 61 993 65 61 994 220 61 995 220 61 996 180 61 997 62 61 998 180 190 999 118 190 1000 119 190 1001 93 61 1185 200 61 1186 201 61 1187 199 215 1188 94 215 1189 203 215 1190 94 216 1191 95 216 1192 203 216 1193 203 217 1194 292 217 1195 199 217 1196 203 61 1197 95 61 1198 96 61 1199 96 218 1200 97 218 1201 203 218 1202 70 61 1203 215 61 1204 214 61 1205 213 61 1206 72 61 1207 73 61 1208 73 61 1209 74 61 1210 213 61 1211 74 61 1212 75 61 1213 213 61 1214 75 219 1215 76 219 1216 213 219 1217 76 61 1218 77 61 1219 213 61 1220 77 220 1221 78 220 1222 213 220 1223 78 61 1224 79 61 1225 304 61 1226 79 221 1227 80 221 1228 304 221 1229 304 61 1230 298 61 1231 213 61 1232 71 222 1233 211 222 1234 216 222 1235 72 61 1236 213 61 1237 211 61 1238 191 223 1239 216 223 1240 215 223 1241 197 231 1314 202 231 1315 200 231 1316 94 232 1317 199 232 1318 202 232 1319 202 235 1326 207 235 1327 209 235 1328 294 61 1329 207 61 1330 202 61 1331 203 236 1332 98 236 1333 208 236 1334 98 237 1335 99 237 1336 208 237 1337 80 239 1341 81 239 1342 302 239 1343 183 61 1344 288 61 1345 291 61 1346 208 242 1353 100 242 1354 101 242 1355 101 61 1356 102 61 1357 183 61 1358 102 243 1359 103 243 1360 183 243 1361 103 244 1362 104 244 1363 183 244 1364 104 245 1365 105 245 1366 183 245 1367 105 246 1368 106 246 1369 183 246 1370 106 247 1371 107 247 1372 183 247 1373 107 61 1374 108 61 1375 183 61 1376 67 248 1383 68 248 1384 69 248 1385 213 249 1386 222 249 1387 225 249 1388 224 250 1389 220 250 1390 214 250 1391 223 251 1395 85 251 1396 86 251 1397 86 61 1398 87 61 1399 223 61 1400 87 61 1401 88 61 1402 201 61 1403 223 61 1404 87 61 1405 201 61 1406 88 61 1407 89 61 1408 201 61 1409 89 61 1410 90 61 1411 201 61 1412 90 61 1413 91 61 1414 201 61 1415 316 61 1416 223 61 1417 311 61 1418 223 252 1419 201 252 1420 311 252 1421 220 253 1422 65 253 1423 66 253 1424 66 61 1425 67 61 1426 220 61 1427 290 61 1626 203 61 1627 208 61 1628 296 299 1638 222 299 1639 213 299 1640 309 61 1656 308 61 1657 186 61 1658 308 61 1659 271 61 1660 186 61 1661 276 303 1662 288 303 1663 183 303 1664 271 304 1665 276 304 1666 186 304 1667 82 61 1743 331 61 1744 298 61 1745 298 61 1746 304 61 1747 302 61 1748 223 313 1749 316 313 1750 322 313 1751 113 61 1752 114 61 1753 295 61 1754 114 61 1755 115 61 1756 236 61 1757 236 61 1758 115 61 1759 231 61 1760 115 314 1761 116 314 1762 231 314 1763 116 61 1764 117 61 1765 226 61 1766 231 315 1767 116 315 1768 226 315 1769 117 316 1770 118 316 1771 180 316 1772 117 317 1773 180 317 1774 226 317 1775 108 61 1776 109 61 1777 309 61 1778 109 61 1779 192 61 1780 309 61 1781 108 318 1782 309 318 1783 186 318 1784 192 61 1785 110 61 1786 309 61 1787 110 61 1788 111 61 1789 309 61 1790</p>
        </triangles>
        <triangles material="siyah-material" count="59">
          <input semantic="VERTEX" source="#Circle_014-mesh-vertices" offset="0"/>
          <input semantic="NORMAL" source="#Circle_014-mesh-normals" offset="1"/>
          <input semantic="TEXCOORD" source="#Circle_014-mesh-map-0" offset="2" set="0"/>
          <p>315 60 180 287 60 181 182 60 182 207 61 429 310 61 430 205 61 431 204 61 438 321 61 439 207 61 440 205 61 441 317 61 442 206 61 443 207 103 447 205 103 448 209 103 449 210 104 450 291 104 451 204 104 452 210 105 453 204 105 454 207 105 455 209 61 456 206 61 457 201 61 458 307 110 486 193 110 487 221 110 488 297 61 492 218 61 493 222 61 494 221 112 495 184 112 496 219 112 497 219 113 498 180 113 499 220 113 500 225 114 501 221 114 502 216 114 503 222 115 504 218 115 505 225 115 506 224 61 507 221 61 508 219 61 509 224 116 510 219 116 511 220 116 512 230 61 516 184 61 517 193 61 518 228 61 519 180 61 520 184 61 521 233 61 525 226 61 526 228 61 527 303 119 531 233 119 532 228 119 533 305 120 540 236 120 541 231 120 542 287 129 663 204 129 664 182 129 665 288 130 669 204 130 670 291 130 671 293 61 675 290 61 676 294 61 677 294 61 684 210 61 685 207 61 686 300 61 696 193 61 697 299 61 698 301 61 699 230 61 700 300 61 701 306 132 705 233 132 706 303 132 707 295 61 708 236 61 709 305 61 710 318 135 729 207 135 730 321 135 731 320 139 744 271 139 745 308 139 746 276 61 747 320 61 748 315 61 749 313 61 753 205 61 754 310 61 755 182 61 975 288 61 976 315 61 977 288 188 978 276 188 979 315 188 980 207 238 1338 318 238 1339 310 238 1340 204 240 1347 287 240 1348 321 240 1349 205 241 1350 313 241 1351 317 241 1352 210 61 1377 290 61 1378 291 61 1379 209 61 1380 205 61 1381 206 61 1382 221 254 1428 218 254 1429 307 254 1430 307 61 1431 299 61 1432 193 61 1433 297 258 1443 307 258 1444 218 258 1445 221 61 1446 193 61 1447 184 61 1448 219 259 1449 184 259 1450 180 259 1451 225 260 1452 218 260 1453 221 260 1454 224 261 1455 216 261 1456 221 261 1457 230 263 1461 228 263 1462 184 263 1463 228 264 1464 226 264 1465 180 264 1466 233 265 1470 231 265 1471 226 265 1472 228 268 1479 230 268 1480 303 268 1481 230 61 1482 301 61 1483 303 61 1484 231 271 1491 233 271 1492 305 271 1493 233 272 1494 306 272 1495 305 272 1496 288 61 1629 182 61 1630 204 61 1631 289 61 1632 290 61 1633 293 61 1634 290 61 1635 210 61 1636 294 61 1637 300 300 1644 230 300 1645 193 300 1646 276 61 1695 271 61 1696 320 61 1697</p>
        </triangles>
      </mesh>
    </geometry>
    <geometry id="Örüntü_026-mesh" name="Örüntü.026">
      <mesh>
        <source id="Örüntü_026-mesh-positions">
          <float_array id="Örüntü_026-mesh-positions-array" count="1170">5 0 0 4.854709 1.196578 0 4.42728 2.323616 0 3.742554 3.315613 0 2.840323 4.114919 0 1.773024 4.675081 0 0.6026834 4.963544 0 -0.6026833 4.963544 0 -1.773024 4.675081 0 -2.840323 4.11492 0 -3.742554 3.315613 0 -4.42728 2.323615 0 -4.85471 1.196577 0 -5 -1.62921e-6 0 -4.854709 -1.19658 0 -4.427279 -2.323618 0 -3.742552 -3.315616 0 -2.840321 -4.114922 0 -1.773021 -4.675083 0 -0.6026788 -4.963545 0 0.6026884 -4.963544 0 1.77303 -4.675079 0 2.840329 -4.114916 0 3.742558 -3.315608 0 4.427283 -2.32361 0 4.854711 -1.196571 0 5 0 34.89522 4.854709 1.196578 34.89522 4.42728 2.323616 34.89522 3.742554 3.315613 34.89522 2.840323 4.114919 34.89522 1.773024 4.675081 34.89522 0.6026834 4.963544 34.89522 -0.6026833 4.963544 34.89522 -1.773024 4.675081 34.89522 -2.840323 4.11492 34.89522 -3.742554 3.315613 34.89522 -4.42728 2.323615 34.89522 -4.85471 1.196577 34.89522 -5 -1.62921e-6 34.89522 -4.854709 -1.19658 34.89522 -4.427279 -2.323618 34.89522 -3.742552 -3.315616 34.89522 -2.840321 -4.114922 34.89522 -1.773021 -4.675083 34.89522 -0.6026788 -4.963545 34.89522 0.6026884 -4.963544 34.89522 1.77303 -4.675079 34.89522 2.840329 -4.114916 34.89522 3.742558 -3.315608 34.89522 4.427283 -2.32361 34.89522 4.854711 -1.196571 34.89522 5 0 83.33334 4.854709 1.196578 83.33334 4.42728 2.323616 83.33334 3.742554 3.315613 83.33334 2.840323 4.114919 83.33334 1.773024 4.675081 83.33334 0.6026834 4.963544 83.33334 -0.6026833 4.963544 83.33334 -1.773024 4.675081 83.33334 -2.840323 4.11492 83.33334 -3.742554 3.315613 83.33334 -4.42728 2.323615 83.33334 -4.85471 1.196577 83.33334 -5 -1.62921e-6 83.33334 -4.854709 -1.19658 83.33334 -4.427279 -2.323618 83.33334 -3.742552 -3.315616 83.33334 -2.840321 -4.114922 83.33334 -1.773021 -4.675083 83.33334 -0.6026788 -4.963545 83.33334 0.6026884 -4.963544 83.33334 1.77303 -4.675079 83.33334 2.840329 -4.114916 83.33334 3.742558 -3.315608 83.33334 4.427283 -2.32361 83.33334 4.854711 -1.196571 83.33334 5 0 125 4.854709 1.196578 125 4.42728 2.323616 125 3.742554 3.315613 125 2.840323 4.114919 125 1.773024 4.675081 125 0.6026834 4.963544 125 -0.6026833 4.963544 125 -1.773024 4.675081 125 -2.840323 4.11492 125 -3.742554 3.315613 125 -4.42728 2.323615 125 -4.85471 1.196577 125 -5 -1.62921e-6 125 -4.854709 -1.19658 125 -4.427279 -2.323618 125 -3.742552 -3.315616 125 -2.840321 -4.114922 125 -1.773021 -4.675083 125 -0.6026788 -4.963545 125 0.6026884 -4.963544 125 1.77303 -4.675079 125 2.840329 -4.114916 125 3.742558 -3.315608 125 4.427283 -2.32361 125 4.854711 -1.196571 125 5 0 166.6667 4.854709 1.196578 166.6667 4.42728 2.323616 166.6667 3.742554 3.315613 166.6667 2.840323 4.114919 166.6667 1.773024 4.675081 166.6667 0.6026834 4.963544 166.6667 -0.6026833 4.963544 166.6667 -1.773024 4.675081 166.6667 -2.840323 4.11492 166.6667 -3.742554 3.315613 166.6667 -4.42728 2.323615 166.6667 -4.85471 1.196577 166.6667 -5 -1.62921e-6 166.6667 -4.854709 -1.19658 166.6667 -4.427279 -2.323618 166.6667 -3.742552 -3.315616 166.6667 -2.840321 -4.114922 166.6667 -1.773021 -4.675083 166.6667 -0.6026788 -4.963545 166.6667 0.6026884 -4.963544 166.6667 1.77303 -4.675079 166.6667 2.840329 -4.114916 166.6667 3.742558 -3.315608 166.6667 4.427283 -2.32361 166.6667 4.854711 -1.196571 166.6667 5 0 208.3333 4.854709 1.196578 208.3333 4.42728 2.323616 208.3333 3.742554 3.315613 208.3333 2.840323 4.114919 208.3333 1.773024 4.675081 208.3333 0.6026834 4.963544 208.3333 -0.6026833 4.963544 208.3333 -1.773024 4.675081 208.3333 -2.840323 4.11492 208.3333 -3.742554 3.315613 208.3333 -4.42728 2.323615 208.3333 -4.85471 1.196577 208.3333 -5 -1.62921e-6 208.3333 -4.854709 -1.19658 208.3333 -4.427279 -2.323618 208.3333 -3.742552 -3.315616 208.3333 -2.840321 -4.114922 208.3333 -1.773021 -4.675083 208.3333 -0.6026788 -4.963545 208.3333 0.6026884 -4.963544 208.3333 1.77303 -4.675079 208.3333 2.840329 -4.114916 208.3333 3.742558 -3.315608 208.3333 4.427283 -2.32361 208.3333 4.854711 -1.196571 208.3333 5 0 250 4.854709 1.196578 250 4.42728 2.323616 250 3.742554 3.315613 250 2.840323 4.114919 250 1.773024 4.675081 250 0.6026834 4.963544 250 -0.6026833 4.963544 250 -1.773024 4.675081 250 -2.840323 4.11492 250 -3.742554 3.315613 250 -4.42728 2.323615 250 -4.85471 1.196577 250 -5 -1.62921e-6 250 -4.854709 -1.19658 250 -4.427279 -2.323618 250 -3.742552 -3.315616 250 -2.840321 -4.114922 250 -1.773021 -4.675083 250 -0.6026788 -4.963545 250 0.6026884 -4.963544 250 1.77303 -4.675079 250 2.840329 -4.114916 250 3.742558 -3.315608 250 4.427283 -2.32361 250 4.854711 -1.196571 250 9.029385 -5.20837e-5 0 8.766983 2.160923 0 7.995117 4.196161 0 6.758586 5.987586 0 5.129319 7.431008 0 3.201809 8.442629 0 1.088371 8.963545 0 -1.088371 8.963544 0 -3.201861 8.442616 0 -5.129271 7.431034 0 -6.758587 5.987585 0 -7.995099 4.196211 0 -8.767009 2.160816 0 -9.029379 -3.24641e-6 0 -8.767002 -2.160875 0 -7.995116 -4.196166 0 -6.758584 -5.98759 0 -5.129266 -7.431037 0 -3.201907 -8.442605 0 -1.088309 -8.963545 0 1.08838 -8.963544 0 3.201871 -8.442612 0 5.129281 -7.431026 0 6.758595 -5.987577 0 7.995124 -4.196151 0 8.767004 -2.16086 0 8.511731 2.098005 34.89522 8.766468 -4.86852e-5 34.89522 8.511738 -2.097943 34.89522 7.762332 -4.073973 34.89522 6.561806 -5.813238 34.89522 4.979933 -7.214659 34.89522 3.108643 -8.196792 34.89522 1.05669 -8.702555 34.89522 -1.056625 -8.702569 34.89522 -3.108672 -8.196774 34.89522 -4.979919 -7.214669 34.89522 -6.561796 -5.81325 34.89522 -7.762324 -4.073987 34.89522 -8.511734 -2.097958 34.89522 -8.766473 -3.1409e-6 34.89522 -8.511754 2.097905 34.89522 -7.762297 4.074024 34.89522 -6.561799 5.813246 34.89522 -4.979923 7.214666 34.89522 -3.108633 8.196795 34.89522 -1.056681 8.702556 34.89522 1.056681 8.702555 34.89522 3.10859 8.19682 34.89522 4.979961 7.214632 34.89522 6.561798 5.813247 34.89522 7.762326 4.073983 34.89522 9.029384 -5.20143e-5 7.569026 8.766983 2.160923 7.569026 7.995118 4.196161 7.569026 6.758585 5.987586 7.569026 5.129319 7.431007 7.569026 3.20181 8.44263 7.569026 1.088371 8.963546 7.569026 -1.088371 8.963544 7.569026 -3.201861 8.442616 7.569026 -5.129271 7.431034 7.569026 -6.758586 5.987585 7.569026 -7.995098 4.19621 7.569026 -8.76701 2.160816 7.569026 -9.02938 -3.17716e-6 7.569026 -8.767002 -2.160875 7.569026 -7.995116 -4.196166 7.569026 -6.758584 -5.98759 7.569026 -5.129265 -7.431036 7.569026 -3.201907 -8.442605 7.569026 -1.088309 -8.963546 7.569026 1.08838 -8.963545 7.569026 3.201871 -8.442612 7.569026 5.129281 -7.431026 7.569026 6.758595 -5.987577 7.569026 7.995124 -4.196151 7.569026 8.767004 -2.16086 7.569026 8.766994 2.160925 34.09764 9.029375 -5.2153e-5 34.09764 8.767005 -2.16086 34.09764 7.995124 -4.196151 34.09764 6.758594 -5.987576 34.09764 5.129281 -7.431026 34.09764 3.201871 -8.442613 34.09764 1.08838 -8.963543 34.09764 -1.088311 -8.963559 34.09764 -3.201903 -8.442594 34.09764 -5.129267 -7.431037 34.09764 -6.758584 -5.987589 34.09764 -7.995116 -4.196166 34.09764 -8.767002 -2.160875 34.09764 -9.029378 -3.31566e-6 34.09764 -8.767022 2.160819 34.09764 -7.995088 4.196206 34.09764 -6.758587 5.987586 34.09764 -5.129271 7.431034 34.09764 -3.201861 8.442616 34.09764 -1.088371 8.963545 34.09764 1.088371 8.963543 34.09764 3.201814 8.442642 34.09764 5.129312 7.430997 34.09764 6.758586 5.987586 34.09764 7.995117 4.196162 34.09764 12.05142 -9.12043e-5 3.80768e-7 11.70121 2.884113 -3.92484e-7 10.671 5.600571 -1.68576e-7 9.020617 7.991558 2.68752e-7 6.846032 9.918095 2.64833e-7 4.273389 11.26829 -3.89779e-7 1.452676 11.96354 -3.83727e-7 -1.452638 11.96354 0 -4.273453 11.26828 0 -6.846012 9.918092 0 -9.020606 7.99157 2.68752e-7 -10.67098 5.600621 2.57052e-7 -11.70123 2.884027 -3.69703e-7 -12.05141 -4.76255e-6 -3.80767e-7 -11.70122 -2.884097 0 -10.67102 -5.600542 0 -9.020579 -7.991597 0 -6.846017 -9.9181 2.64834e-7 -4.273573 -11.26825 0 -1.452564 -11.96354 -3.77991e-7 1.45269 -11.96354 -3.77991e-7 4.27354 -11.26824 0 6.845963 -9.918137 0 9.020647 -7.991521 0 10.671 -5.600556 0 11.70122 -2.884085 3.69702e-7 8.788381 2.166197 7.569026 9.051424 -5.1721e-5 7.569026 8.788395 -2.166133 7.569026 8.014636 -4.206391 7.569026 6.775092 -6.002192 7.569026 5.141794 -7.449156 7.569026 3.209685 -8.463214 7.569026 1.091036 -8.98542 7.569026 -1.090965 -8.98542 7.569026 -3.209721 -8.463211 7.569026 -5.141781 -7.449169 7.569026 -6.77508 -6.002204 7.569026 -8.014622 -4.206403 7.569026 -8.788393 -2.166148 7.569026 -9.051416 -3.19274e-6 7.569026 -8.788403 2.166089 7.569026 -8.014612 4.206451 7.569026 -6.775078 6.002195 7.569026 -5.14179 7.449172 7.569026 -3.209673 8.463213 7.569026 -1.091027 8.985419 7.569026 1.091027 8.985415 7.569026 3.209621 8.463227 7.569026 5.141837 7.449143 7.569026 6.775077 6.002196 7.569026 8.014629 4.206401 7.569026 11.7012 2.88416 4.569026 12.05142 -4.32664e-5 4.569027 11.70122 -2.884085 4.569027 10.67101 -5.600556 4.569026 9.02065 -7.991525 4.569026 6.84596 -9.918132 4.569026 4.273518 -11.26825 4.569026 1.452666 -11.96354 4.569026 -1.452564 -11.96355 4.569026 -4.27355 -11.26825 4.569026 -6.845995 -9.91811 4.569027 -9.020583 -7.991601 4.569026 -10.67101 -5.600539 4.569026 -11.70122 -2.884097 4.569026 -12.05141 -5.09554e-6 4.569026 -11.70123 2.884028 4.569026 -10.67098 5.600622 4.569027 -9.020606 7.99157 4.569027 -6.846015 9.918097 4.569026 -4.273451 11.26828 4.569026 -1.452638 11.96354 4.569026 1.452628 11.96354 4.569026 4.273436 11.26827 4.569026 6.846032 9.918094 4.569027 9.020616 7.991558 4.569027 10.67099 5.600571 4.569026 8.766996 2.160926 34.63232 9.029374 -5.21064e-5 34.63232 8.767004 -2.16086 34.63232 7.995124 -4.196151 34.63232 6.758594 -5.987576 34.63232 5.129281 -7.431026 34.63232 3.201871 -8.442613 34.63232 1.08838 -8.963544 34.63232 -1.088311 -8.96356 34.63232 -3.201903 -8.442594 34.63232 -5.129266 -7.431037 34.63232 -6.758584 -5.987589 34.63232 -7.995116 -4.196166 34.63232 -8.767002 -2.160875 34.63232 -9.029379 -3.26924e-6 34.63232 -8.767023 2.160819 34.63232 -7.995087 4.196205 34.63232 -6.758587 5.987585 34.63232 -5.129271 7.431034 34.63232 -3.201861 8.442616 34.63232 -1.088371 8.963545 34.63232 1.088371 8.963544 34.63232 3.201814 8.442643 34.63232 5.129312 7.430997 34.63232 6.758586 5.987586 34.63232 7.995118 4.196162 34.63232</float_array>
          <technique_common>
            <accessor source="#Örüntü_026-mesh-positions-array" count="390" stride="3">
              <param name="X" type="float"/>
              <param name="Y" type="float"/>
              <param name="Z" type="float"/>
            </accessor>
          </technique_common>
        </source>
        <source id="Örüntü_026-mesh-normals">
          <float_array id="Örüntü_026-mesh-normals-array" count="825">0 0 -1 0.6777729 0 0.7352713 0.6580861 0.1621791 0.7352692 0.970945 0.2393028 0 1 0 0 0.6001374 0.3149623 0.7352782 0.8854585 0.4647185 0 0.5073194 0.4494552 0.7352668 0.7485129 0.6631203 0 0.3850026 0.5578037 0.7352742 0.5680589 0.822988 0 0.240339 0.6337319 0.7352694 0.3546027 0.9350171 0 0.08166998 0.6728314 0.7352742 0.1205182 0.9927111 0 -0.08166998 0.6728314 0.7352742 -0.1205182 0.9927111 0 -0.240339 0.6337319 0.7352694 -0.3546027 0.9350171 0 -0.3850026 0.5578037 0.7352742 -0.5680589 0.822988 0 -0.5073194 0.4494552 0.7352668 -0.7485129 0.6631203 0 -0.6001374 0.3149623 0.7352782 -0.8854585 0.4647185 0 -0.6580861 0.1621791 0.7352692 -0.970945 0.2393028 0 -0.6777729 0 0.7352713 -1 0 0 -0.6580861 -0.1621791 0.7352692 -0.970945 -0.2393028 0 -0.6001374 -0.3149623 0.7352782 -0.8854585 -0.4647185 0 -0.5073264 -0.4494308 0.7352768 -0.7485129 -0.6631203 0 -0.3850286 -0.5577971 0.7352655 -0.5680589 -0.822988 0 -0.240339 -0.6337319 0.7352694 -0.3546027 -0.9350171 0 -0.08166998 -0.6728314 0.7352742 -0.1205182 -0.9927111 0 0.08166998 -0.6728314 0.7352742 0.1205182 -0.9927111 0 0.240339 -0.6337319 0.7352694 0.3546027 -0.9350171 0 0.3850026 -0.5578037 0.7352742 0.5680589 -0.822988 0 0.5073194 -0.4494552 0.7352668 0.7485129 -0.6631203 0 0.6001569 -0.3149565 0.7352647 0.8854585 -0.4647185 0 0.6580861 -0.1621791 0.7352692 0.970945 -0.2393028 0 -0.5073194 -0.4494552 0.7352668 -0.3850026 -0.5578037 0.7352742 0.08170032 -0.6728298 0.7352724 0.6001374 -0.3149623 0.7352782 0.7110479 0.175244 0.6809555 0.7322781 0 0.6810058 0.6484171 0.3403229 0.6809815 0.5481587 0.4856244 0.6809486 0.41601 0.6026973 0.680949 0.2596909 0.6847368 0.6809524 0.08826148 0.7269974 0.680944 -0.08826148 0.7269974 0.680944 -0.259657 0.684728 0.6809741 -0.4160353 0.6026897 0.6809405 -0.5481046 0.4856306 0.6809877 -0.6484483 0.3403232 0.6809516 -0.7110479 0.175244 0.6809555 -0.7323368 0 0.6809427 -0.7110479 -0.175244 0.6809555 -0.6484483 -0.3403232 0.6809516 -0.5481587 -0.4856244 0.6809486 -0.41601 -0.6026973 0.680949 -0.2596909 -0.6847368 0.6809524 -0.08826148 -0.7269974 0.680944 0.08826148 -0.7269974 0.680944 0.2596909 -0.6847368 0.6809524 0.41601 -0.6026973 0.680949 0.5481587 -0.4856244 0.6809486 0.6484659 -0.3403164 0.6809381 0.7110479 -0.175244 0.6809555 5.94829e-7 0 1 -4.82735e-7 0 1 -1.69284e-6 0 1 6.26271e-7 0 1 0 0 1 3.38566e-6 0 1 -1.93103e-6 0 1 6.77133e-6 0 1 -1.93103e-6 0 1 -3.86215e-6 0 1 -1.69283e-6 0 1 8.46416e-7 0 1 -9.65515e-7 0 1 1.40216e-6 0 1 -4.82758e-7 0 1 8.46414e-7 0 1 -1.76528e-6 0 1 -3.38567e-6 0 1 2.41367e-6 0 1 9.65539e-7 0 1 -1.93108e-6 0 1 9.65537e-7 0 1 0.7323368 0 -0.6809427 0.7110479 0.175244 -0.6809555 0.9010006 0.2220608 0.3726752 0.9279644 0 0.372669 0.6484483 0.3403232 -0.6809516 0.8216739 0.4312392 0.3726724 0.5481587 0.4856244 -0.6809486 0.6945867 0.6153588 0.3726701 0.41601 0.6026973 -0.680949 0.5271269 0.7637113 0.3726694 0.2596909 0.6847368 -0.6809524 0.3290585 0.867662 0.3726705 0.08826148 0.7269974 -0.680944 0.1118535 0.9211972 0.3726722 -0.08826148 0.7269974 -0.680944 -0.1118535 0.9211972 0.3726722 -0.2596909 0.6847368 -0.6809524 -0.3290585 0.867662 0.3726705 -0.41601 0.6026973 -0.680949 -0.5271269 0.7637113 0.3726694 -0.5481587 0.4856244 -0.6809486 -0.6945867 0.6153588 0.3726701 -0.6484483 0.3403232 -0.6809516 -0.8216739 0.4312392 0.3726724 -0.7110479 0.175244 -0.6809555 -0.9010064 0.2220547 0.3726651 -0.7323368 0 -0.6809427 -0.9279644 0 0.372669 -0.7110479 -0.175244 -0.6809555 -0.9010006 -0.2220608 0.3726752 -0.6484483 -0.3403232 -0.6809516 -0.8216739 -0.4312392 0.3726724 -0.5481587 -0.4856244 -0.6809486 -0.6945867 -0.6153588 0.3726701 -0.41601 -0.6026973 -0.680949 -0.5271269 -0.7637113 0.3726694 -0.2596909 -0.6847368 -0.6809524 -0.3290585 -0.867662 0.3726705 -0.08826148 -0.7269974 -0.680944 -0.1118234 -0.9212003 0.3726735 0.08826148 -0.7269974 -0.680944 0.1118535 -0.9211972 0.3726722 0.2596909 -0.6847368 -0.6809524 0.3290585 -0.867662 0.3726705 0.41601 -0.6026973 -0.680949 0.5271269 -0.7637113 0.3726694 0.5481587 -0.4856244 -0.6809486 0.6945867 -0.6153588 0.3726701 0.6484483 -0.3403232 -0.6809516 0.8216739 -0.4312392 0.3726724 0.7110479 -0.175244 -0.6809555 0.9010006 -0.2220608 0.3726752 -0.1118535 -0.9211972 0.3726722 -0.9010006 0.2220608 0.3726752 0.5271391 0.7636986 0.3726781 -1.29874e-7 0 -1 1.25994e-7 -2.528e-7 -1 0 0 -1 -1.40905e-7 0 -1 0 0 -1 0 0 -1 0 0 -1 0 0 -1 0 0 -1 2.2781e-7 0 -1 0 -1.24192e-7 -1 0 -1.25407e-7 -1 -1.32078e-7 0 -1 0 0 -1 0 0 -1 0 0 -1 0 0 -1 0 0 -1 0 2.22798e-7 -1 1.25997e-7 0 -1 1.23254e-7 0 -1 1.25997e-7 0 -1 0 0 -1 0 0 -1 0 0 -1 0 1.22336e-7 -1 -1.22537e-7 0 -1 0 1.25997e-7 -1 0 1.25997e-7 -1 0 1.38135e-7 -1 0 0 -1 0 0 -1 1.25997e-7 0 -1 1.23254e-7 0 -1 -1.31289e-5 0 1 2.41903e-5 0 1 4.58568e-5 0 1 1.30979e-5 0 1 1.65855e-5 0 1 -5.77651e-6 0 1 -2.72202e-5 0 1 2.34136e-5 0 1 -1.25213e-6 0 1 -1.27974e-5 0 1 6.88545e-6 0 1 1.24907e-6 0 1 -1.00144e-5 0 1 3.12238e-6 0 1 -5.00661e-6 0 1 2.49741e-6 0 1 -1.87785e-6 0 1 4.9948e-6 0 1 -9.69981e-6 0 1 -1.81091e-5 0 1 3.69385e-5 0 1 -3.02783e-5 0 1 5.79039e-6 0 1 -3.68485e-5 0 1 4.95321e-6 0 1 3.41893e-5 0 1 3.86538e-5 0 1 -4.94127e-6 0 1 6.25816e-7 0 1 1.40491e-6 0 1 1.2207e-5 0 1 -6.24324e-7 0 1 2.7535e-5 0 1 -1.21771e-5 0 1 -1.31476e-5 0 1 1.24856e-5 0 1 3.12276e-6 0 1 1.00175e-5 0 1 -6.87062e-6 0 1 -6.88393e-6 0 1 9.99332e-6 0 1 1.22069e-5 0 1 -3.309e-5 0 1 2.34716e-5 0 1 -1.21767e-5 0 1 1.58023e-5 0 1 -2.34159e-5 0 1 0.3954084 0.09744817 0.9133214 0.4072482 0 0.9133176 0.3954084 -0.09744817 0.9133214 0.360587 -0.1892509 0.9133242 0.3048002 -0.2700383 0.9133325 0.231338 -0.335135 0.9133276 0.1443883 -0.3807627 0.91333 0.0490753 -0.4042611 0.9133262 -0.0490753 -0.4042611 0.9133262 -0.1443883 -0.3807627 0.91333 -0.231338 -0.335135 0.9133276 -0.3048279 -0.2700358 0.9133241 -0.360587 -0.1892509 0.9133242 -0.3953827 -0.09744936 0.9133325 -0.4072482 0 0.9133176 -0.3953827 0.09744936 0.9133325 -0.360587 0.1892509 0.9133242 -0.3048279 0.2700358 0.9133241 -0.2313092 0.3351374 0.9133341 -0.1443883 0.3807627 0.91333 -0.0490753 0.4042611 0.9133262 0.0490753 0.4042611 0.9133262 0.1443883 0.3807627 0.91333 0.2313092 0.3351374 0.9133341 0.3048279 0.2700358 0.9133241 0.360587 0.1892509 0.9133242 0.4072228 0 0.913329 -0.3048002 -0.2700383 0.9133325 -0.3954084 -0.09744817 0.9133214 -0.4072114 0 0.913334 -0.3954084 0.09744817 0.9133214 -0.3048002 0.2700383 0.9133325 -0.231338 0.335135 0.9133276 0.231338 0.335135 0.9133276</float_array>
          <technique_common>
            <accessor source="#Örüntü_026-mesh-normals-array" count="275" stride="3">
              <param name="X" type="float"/>
              <param name="Y" type="float"/>
              <param name="Z" type="float"/>
            </accessor>
          </technique_common>
        </source>
        <source id="Örüntü_026-mesh-map-0">
          <float_array id="Örüntü_026-mesh-map-0-array" count="4656">0.6730771 0 0.6346154 0 0.5961539 0 0.5961539 0 0.5576923 0 0.5192307 0 0.5192307 0 0.4807692 0 0.4423076 0 0.5961539 0 0.5192307 0 0.4423076 0 0.4423076 0 0.4038461 0 0.3653845 0 0.3653845 0 0.326923 0 0.2884615 0 0.4423076 0 0.3653845 0 0.2884615 0 0.5961539 0 0.4423076 0 0.2884615 0 0.2884615 0 0.25 0 0.2115384 0 0.2115384 0 0.1730769 0 0.1346154 0 0.2884615 0 0.2115384 0 0.1346154 0 0.1346154 0 0.09615391 0 0.05769234 0 0.05769234 0 0.0192309 0 -0.01923066 0 0.1346154 0 0.05769234 0 -0.01923066 0 0.2884615 0 0.1346154 0 -0.01923066 0 0.5961539 0 0.2884615 0 -0.01923066 0 -0.01923066 0 -0.05769217 0 -0.09615373 0 -0.09615373 0 -0.1346153 0 -0.1730768 0 -0.01923066 0 -0.09615373 0 -0.1730768 0 0.5961539 0 -0.01923066 0 -0.1730768 0 -0.1730768 0 -0.2115384 0 -0.25 0 0.5961539 0 -0.1730768 0 -0.25 0 0.6730771 0 0.5961539 0 -0.25 0 -0.2884613 0 0.6730771 0 -0.25 0 0.7499991 0.02945142 0.7884625 0.02945142 0.7884625 0.1326756 0.7884625 0.1326756 0.7499991 0.1326756 0.7499991 0.02945142 0.7884625 0.02945142 0.8269231 0.02945142 0.8269231 0.1326756 0.8269231 0.1326756 0.7884625 0.1326756 0.7884625 0.02945142 0.8269231 0.02945142 0.8653846 0.02945142 0.8653847 0.1326756 0.8653847 0.1326756 0.8269231 0.1326756 0.8269231 0.02945142 0.8653846 0.02945142 0.9038453 0.02945142 0.9038453 0.1326756 0.9038453 0.1326756 0.8653847 0.1326756 0.8653846 0.02945142 0.9038453 0.02945142 0.9423087 0.02945142 0.9423087 0.1326756 0.9423087 0.1326756 0.9038453 0.1326756 0.9038453 0.02945142 0.9423087 0.02945142 0.9807693 0.02945142 0.9807693 0.1326756 0.9807693 0.1326756 0.9423087 0.1326756 0.9423087 0.02945142 0.9807693 0.02945142 1.019231 0.02945142 1.019231 0.1326756 1.019231 0.1326756 0.9807693 0.1326756 0.9807693 0.02945142 0.01923084 0.02945142 0.05769228 0.02945142 0.05769228 0.1326756 0.05769228 0.1326756 0.01923084 0.1326756 0.01923084 0.02945142 0.05769228 0.02945142 0.09615385 0.02945142 0.09615385 0.1326756 0.09615385 0.1326756 0.05769228 0.1326756 0.05769228 0.02945142 0.09615385 0.02945142 0.1346154 0.02945142 0.1346154 0.1326756 0.1346154 0.1326756 0.09615385 0.1326756 0.09615385 0.02945142 0.1346154 0.02945142 0.173076 0.02945142 0.173076 0.1326756 0.173076 0.1326756 0.1346154 0.1326756 0.1346154 0.02945142 0.173076 0.02945142 0.2115394 0.02945142 0.2115394 0.1326756 0.2115394 0.1326756 0.173076 0.1326756 0.173076 0.02945142 0.2115394 0.02945142 0.25 0.02945142 0.25 0.1326756 0.25 0.1326756 0.2115394 0.1326756 0.2115394 0.02945142 0.25 0.02945142 0.2884615 0.02945142 0.2884615 0.1326756 0.2884615 0.1326756 0.25 0.1326756 0.25 0.02945142 0.2884615 0.02945142 0.3269231 0.02945142 0.3269231 0.1326756 0.3269231 0.1326756 0.2884615 0.1326756 0.2884615 0.02945142 0.3269231 0.02945142 0.3653846 0.02945142 0.3653846 0.1326756 0.3653846 0.1326756 0.3269231 0.1326756 0.3269231 0.02945142 0.3653846 0.02945142 0.4038462 0.02945142 0.4038462 0.1326756 0.4038462 0.1326756 0.3653846 0.1326756 0.3653846 0.02945142 0.4038462 0.02945142 0.4423068 0.02945142 0.4423068 0.1326756 0.4423068 0.1326756 0.4038462 0.1326756 0.4038462 0.02945142 0.4423068 0.02945142 0.4807702 0.02945142 0.4807702 0.1326756 0.4807702 0.1326756 0.4423068 0.1326756 0.4423068 0.02945142 0.4807702 0.02945142 0.5192308 0.02945142 0.5192308 0.1326756 0.5192308 0.1326756 0.4807702 0.1326756 0.4807702 0.02945142 0.5192308 0.02945142 0.5576924 0.02945142 0.5576924 0.1326756 0.5576924 0.1326756 0.5192308 0.1326756 0.5192308 0.02945142 0.5576924 0.02945142 0.5961539 0.02945142 0.5961539 0.1326756 0.5961539 0.1326756 0.5576924 0.1326756 0.5576924 0.02945142 0.5961539 0.02945142 0.6346155 0.02945142 0.6346155 0.1326756 0.6346155 0.1326756 0.5961539 0.1326756 0.5961539 0.02945142 0.6346155 0.02945142 0.6730771 0.02945142 0.6730771 0.1326756 0.6730771 0.1326756 0.6346155 0.1326756 0.6346155 0.02945142 0.6730771 0.02945142 0.7115386 0.02945142 0.7115386 0.1326756 0.7115386 0.1326756 0.6730771 0.1326756 0.6730771 0.02945142 0.7115386 0.02945142 0.7499991 0.02945142 0.7499991 0.1326756 0.7499991 0.1326756 0.7115386 0.1326756 0.7115386 0.02945142 0.75 0.135779 0.7884616 0.135779 0.7884616 0.3242542 0.7884616 0.3242542 0.75 0.3242542 0.75 0.135779 0.7884616 0.135779 0.8269231 0.135779 0.8269231 0.3242542 0.8269231 0.3242542 0.7884616 0.3242542 0.7884616 0.135779 0.8269231 0.135779 0.8653847 0.135779 0.8653847 0.3242542 0.8653847 0.3242542 0.8269231 0.3242542 0.8269231 0.135779 0.8653847 0.135779 0.9038463 0.135779 0.9038463 0.3242542 0.9038463 0.3242542 0.8653847 0.3242542 0.8653847 0.135779 0.9038463 0.135779 0.9423078 0.135779 0.9423078 0.3242542 0.9423078 0.3242542 0.9038463 0.3242542 0.9038463 0.135779 0.9423078 0.135779 0.9807693 0.135779 0.9807693 0.3242542 0.9807693 0.3242542 0.9423078 0.3242542 0.9423078 0.135779 0.9807693 0.135779 1.019231 0.135779 1.019231 0.3242542 1.019231 0.3242542 0.9807693 0.3242542 0.9807693 0.135779 0.0192309 0.135779 0.05769234 0.135779 0.05769234 0.3242542 0.05769234 0.3242542 0.0192309 0.3242542 0.0192309 0.135779 0.05769234 0.135779 0.09615391 0.135779 0.09615391 0.3242542 0.09615391 0.3242542 0.05769234 0.3242542 0.05769234 0.135779 0.09615391 0.135779 0.1346154 0.135779 0.1346154 0.3242542 0.1346154 0.3242542 0.09615391 0.3242542 0.09615391 0.135779 0.1346154 0.135779 0.1730769 0.135779 0.1730769 0.3242542 0.1730769 0.3242542 0.1346154 0.3242542 0.1346154 0.135779 0.1730769 0.135779 0.2115384 0.135779 0.2115384 0.3242542 0.2115384 0.3242542 0.1730769 0.3242542 0.1730769 0.135779 0.2115384 0.135779 0.25 0.135779 0.25 0.3242542 0.25 0.3242542 0.2115384 0.3242542 0.2115384 0.135779 0.25 0.135779 0.2884615 0.135779 0.2884615 0.3242542 0.2884615 0.3242542 0.25 0.3242542 0.25 0.135779 0.2884615 0.135779 0.326923 0.135779 0.326923 0.3242542 0.326923 0.3242542 0.2884615 0.3242542 0.2884615 0.135779 0.326923 0.135779 0.3653845 0.135779 0.3653845 0.3242542 0.3653845 0.3242542 0.326923 0.3242542 0.326923 0.135779 0.3653845 0.135779 0.4038461 0.135779 0.4038461 0.3242542 0.4038461 0.3242542 0.3653845 0.3242542 0.3653845 0.135779 0.4038461 0.135779 0.4423076 0.135779 0.4423076 0.3242542 0.4423076 0.3242542 0.4038461 0.3242542 0.4038461 0.135779 0.4423076 0.135779 0.4807692 0.135779 0.4807692 0.3242542 0.4807692 0.3242542 0.4423076 0.3242542 0.4423076 0.135779 0.4807692 0.135779 0.5192307 0.135779 0.5192307 0.3242542 0.5192307 0.3242542 0.4807692 0.3242542 0.4807692 0.135779 0.5192307 0.135779 0.5576923 0.135779 0.5576923 0.3242542 0.5576923 0.3242542 0.5192307 0.3242542 0.5192307 0.135779 0.5576923 0.135779 0.5961539 0.135779 0.5961539 0.3242542 0.5961539 0.3242542 0.5576923 0.3242542 0.5576923 0.135779 0.5961539 0.135779 0.6346154 0.135779 0.6346154 0.3242542 0.6346154 0.3242542 0.5961539 0.3242542 0.5961539 0.135779 0.6346154 0.135779 0.6730771 0.135779 0.6730771 0.3242542 0.6730771 0.3242542 0.6346154 0.3242542 0.6346154 0.135779 0.6730771 0.135779 0.7115387 0.135779 0.7115387 0.3242542 0.7115387 0.3242542 0.6730771 0.3242542 0.6730771 0.135779 0.7115387 0.135779 0.75 0.135779 0.75 0.3242542 0.75 0.3242542 0.7115387 0.3242542 0.7115387 0.135779 0.75 0.3242542 0.7884616 0.3242542 0.7884616 0.4863813 0.7884616 0.4863813 0.75 0.4863813 0.75 0.3242542 0.7884616 0.3242542 0.8269231 0.3242542 0.8269231 0.4863813 0.8269231 0.4863813 0.7884616 0.4863813 0.7884616 0.3242542 0.8269231 0.3242542 0.8653847 0.3242542 0.8653847 0.4863813 0.8653847 0.4863813 0.8269231 0.4863813 0.8269231 0.3242542 0.8653847 0.3242542 0.9038463 0.3242542 0.9038463 0.4863813 0.9038463 0.4863813 0.8653847 0.4863813 0.8653847 0.3242542 0.9038463 0.3242542 0.9423078 0.3242542 0.9423078 0.4863813 0.9423078 0.4863813 0.9038463 0.4863813 0.9038463 0.3242542 0.9423078 0.3242542 0.9807693 0.3242542 0.9807693 0.4863813 0.9807693 0.4863813 0.9423078 0.4863813 0.9423078 0.3242542 0.9807693 0.3242542 1.019231 0.3242542 1.019231 0.4863813 1.019231 0.4863813 0.9807693 0.4863813 0.9807693 0.3242542 0.0192309 0.3242542 0.05769234 0.3242542 0.05769234 0.4863813 0.05769234 0.4863813 0.0192309 0.4863813 0.0192309 0.3242542 0.05769234 0.3242542 0.09615391 0.3242542 0.09615391 0.4863813 0.09615391 0.4863813 0.05769234 0.4863813 0.05769234 0.3242542 0.09615391 0.3242542 0.1346154 0.3242542 0.1346154 0.4863813 0.1346154 0.4863813 0.09615391 0.4863813 0.09615391 0.3242542 0.1346154 0.3242542 0.1730769 0.3242542 0.1730769 0.4863813 0.1730769 0.4863813 0.1346154 0.4863813 0.1346154 0.3242542 0.1730769 0.3242542 0.2115384 0.3242542 0.2115384 0.4863813 0.2115384 0.4863813 0.1730769 0.4863813 0.1730769 0.3242542 0.2115384 0.3242542 0.25 0.3242542 0.25 0.4863813 0.25 0.4863813 0.2115384 0.4863813 0.2115384 0.3242542 0.25 0.3242542 0.2884615 0.3242542 0.2884615 0.4863813 0.2884615 0.4863813 0.25 0.4863813 0.25 0.3242542 0.2884615 0.3242542 0.326923 0.3242542 0.326923 0.4863813 0.326923 0.4863813 0.2884615 0.4863813 0.2884615 0.3242542 0.326923 0.3242542 0.3653845 0.3242542 0.3653845 0.4863813 0.3653845 0.4863813 0.326923 0.4863813 0.326923 0.3242542 0.3653845 0.3242542 0.4038461 0.3242542 0.4038461 0.4863813 0.4038461 0.4863813 0.3653845 0.4863813 0.3653845 0.3242542 0.4038461 0.3242542 0.4423076 0.3242542 0.4423076 0.4863813 0.4423076 0.4863813 0.4038461 0.4863813 0.4038461 0.3242542 0.4423076 0.3242542 0.4807692 0.3242542 0.4807692 0.4863813 0.4807692 0.4863813 0.4423076 0.4863813 0.4423076 0.3242542 0.4807692 0.3242542 0.5192307 0.3242542 0.5192307 0.4863813 0.5192307 0.4863813 0.4807692 0.4863813 0.4807692 0.3242542 0.5192307 0.3242542 0.5576923 0.3242542 0.5576923 0.4863813 0.5576923 0.4863813 0.5192307 0.4863813 0.5192307 0.3242542 0.5576923 0.3242542 0.5961539 0.3242542 0.5961539 0.4863813 0.5961539 0.4863813 0.5576923 0.4863813 0.5576923 0.3242542 0.5961539 0.3242542 0.6346154 0.3242542 0.6346154 0.4863813 0.6346154 0.4863813 0.5961539 0.4863813 0.5961539 0.3242542 0.6346154 0.3242542 0.6730771 0.3242542 0.6730771 0.4863813 0.6730771 0.4863813 0.6346154 0.4863813 0.6346154 0.3242542 0.6730771 0.3242542 0.7115387 0.3242542 0.7115387 0.4863813 0.7115387 0.4863813 0.6730771 0.4863813 0.6730771 0.3242542 0.7115387 0.3242542 0.75 0.3242542 0.75 0.4863813 0.75 0.4863813 0.7115387 0.4863813 0.7115387 0.3242542 0.75 0.4863813 0.7884616 0.4863813 0.7884616 0.6485084 0.7884616 0.6485084 0.75 0.6485084 0.75 0.4863813 0.7884616 0.4863813 0.8269231 0.4863813 0.8269231 0.6485084 0.8269231 0.6485084 0.7884616 0.6485084 0.7884616 0.4863813 0.8269231 0.4863813 0.8653847 0.4863813 0.8653847 0.6485084 0.8653847 0.6485084 0.8269231 0.6485084 0.8269231 0.4863813 0.8653847 0.4863813 0.9038463 0.4863813 0.9038463 0.6485084 0.9038463 0.6485084 0.8653847 0.6485084 0.8653847 0.4863813 0.9038463 0.4863813 0.9423078 0.4863813 0.9423078 0.6485084 0.9423078 0.6485084 0.9038463 0.6485084 0.9038463 0.4863813 0.9423078 0.4863813 0.9807693 0.4863813 0.9807693 0.6485084 0.9807693 0.6485084 0.9423078 0.6485084 0.9423078 0.4863813 0.9807693 0.4863813 1.019231 0.4863813 1.019231 0.6485084 1.019231 0.6485084 0.9807693 0.6485084 0.9807693 0.4863813 0.0192309 0.4863813 0.05769234 0.4863813 0.05769234 0.6485084 0.05769234 0.6485084 0.0192309 0.6485084 0.0192309 0.4863813 0.05769234 0.4863813 0.09615391 0.4863813 0.09615391 0.6485084 0.09615391 0.6485084 0.05769234 0.6485084 0.05769234 0.4863813 0.09615391 0.4863813 0.1346154 0.4863813 0.1346154 0.6485084 0.1346154 0.6485084 0.09615391 0.6485084 0.09615391 0.4863813 0.1346154 0.4863813 0.1730769 0.4863813 0.1730769 0.6485084 0.1730769 0.6485084 0.1346154 0.6485084 0.1346154 0.4863813 0.1730769 0.4863813 0.2115384 0.4863813 0.2115384 0.6485084 0.2115384 0.6485084 0.1730769 0.6485084 0.1730769 0.4863813 0.2115384 0.4863813 0.25 0.4863813 0.25 0.6485084 0.25 0.6485084 0.2115384 0.6485084 0.2115384 0.4863813 0.25 0.4863813 0.2884615 0.4863813 0.2884615 0.6485084 0.2884615 0.6485084 0.25 0.6485084 0.25 0.4863813 0.2884615 0.4863813 0.326923 0.4863813 0.326923 0.6485084 0.326923 0.6485084 0.2884615 0.6485084 0.2884615 0.4863813 0.326923 0.4863813 0.3653845 0.4863813 0.3653845 0.6485084 0.3653845 0.6485084 0.326923 0.6485084 0.326923 0.4863813 0.3653845 0.4863813 0.4038461 0.4863813 0.4038461 0.6485084 0.4038461 0.6485084 0.3653845 0.6485084 0.3653845 0.4863813 0.4038461 0.4863813 0.4423076 0.4863813 0.4423076 0.6485084 0.4423076 0.6485084 0.4038461 0.6485084 0.4038461 0.4863813 0.4423076 0.4863813 0.4807692 0.4863813 0.4807692 0.6485084 0.4807692 0.6485084 0.4423076 0.6485084 0.4423076 0.4863813 0.4807692 0.4863813 0.5192307 0.4863813 0.5192307 0.6485084 0.5192307 0.6485084 0.4807692 0.6485084 0.4807692 0.4863813 0.5192307 0.4863813 0.5576923 0.4863813 0.5576923 0.6485084 0.5576923 0.6485084 0.5192307 0.6485084 0.5192307 0.4863813 0.5576923 0.4863813 0.5961539 0.4863813 0.5961539 0.6485084 0.5961539 0.6485084 0.5576923 0.6485084 0.5576923 0.4863813 0.5961539 0.4863813 0.6346154 0.4863813 0.6346154 0.6485084 0.6346154 0.6485084 0.5961539 0.6485084 0.5961539 0.4863813 0.6346154 0.4863813 0.6730771 0.4863813 0.6730771 0.6485084 0.6730771 0.6485084 0.6346154 0.6485084 0.6346154 0.4863813 0.6730771 0.4863813 0.7115387 0.4863813 0.7115387 0.6485084 0.7115387 0.6485084 0.6730771 0.6485084 0.6730771 0.4863813 0.7115387 0.4863813 0.75 0.4863813 0.75 0.6485084 0.75 0.6485084 0.7115387 0.6485084 0.7115387 0.4863813 0.75 0.6485084 0.7884616 0.6485084 0.7884616 0.8106356 0.7884616 0.8106356 0.75 0.8106356 0.75 0.6485084 0.7884616 0.6485084 0.8269231 0.6485084 0.8269231 0.8106356 0.8269231 0.8106356 0.7884616 0.8106356 0.7884616 0.6485084 0.8269231 0.6485084 0.8653847 0.6485084 0.8653847 0.8106356 0.8653847 0.8106356 0.8269231 0.8106356 0.8269231 0.6485084 0.8653847 0.6485084 0.9038463 0.6485084 0.9038463 0.8106356 0.9038463 0.8106356 0.8653847 0.8106356 0.8653847 0.6485084 0.9038463 0.6485084 0.9423078 0.6485084 0.9423078 0.8106356 0.9423078 0.8106356 0.9038463 0.8106356 0.9038463 0.6485084 0.9423078 0.6485084 0.9807693 0.6485084 0.9807693 0.8106356 0.9807693 0.8106356 0.9423078 0.8106356 0.9423078 0.6485084 0.9807693 0.6485084 1.019231 0.6485084 1.019231 0.8106356 1.019231 0.8106356 0.9807693 0.8106356 0.9807693 0.6485084 0.0192309 0.6485084 0.05769234 0.6485084 0.05769234 0.8106356 0.05769234 0.8106356 0.0192309 0.8106356 0.0192309 0.6485084 0.05769234 0.6485084 0.09615391 0.6485084 0.09615391 0.8106356 0.09615391 0.8106356 0.05769234 0.8106356 0.05769234 0.6485084 0.09615391 0.6485084 0.1346154 0.6485084 0.1346154 0.8106356 0.1346154 0.8106356 0.09615391 0.8106356 0.09615391 0.6485084 0.1346154 0.6485084 0.1730769 0.6485084 0.1730769 0.8106356 0.1730769 0.8106356 0.1346154 0.8106356 0.1346154 0.6485084 0.1730769 0.6485084 0.2115384 0.6485084 0.2115384 0.8106356 0.2115384 0.8106356 0.1730769 0.8106356 0.1730769 0.6485084 0.2115384 0.6485084 0.25 0.6485084 0.25 0.8106356 0.25 0.8106356 0.2115384 0.8106356 0.2115384 0.6485084 0.25 0.6485084 0.2884615 0.6485084 0.2884615 0.8106356 0.2884615 0.8106356 0.25 0.8106356 0.25 0.6485084 0.2884615 0.6485084 0.326923 0.6485084 0.326923 0.8106356 0.326923 0.8106356 0.2884615 0.8106356 0.2884615 0.6485084 0.326923 0.6485084 0.3653845 0.6485084 0.3653845 0.8106356 0.3653845 0.8106356 0.326923 0.8106356 0.326923 0.6485084 0.3653845 0.6485084 0.4038461 0.6485084 0.4038461 0.8106356 0.4038461 0.8106356 0.3653845 0.8106356 0.3653845 0.6485084 0.4038461 0.6485084 0.4423076 0.6485084 0.4423076 0.8106356 0.4423076 0.8106356 0.4038461 0.8106356 0.4038461 0.6485084 0.4423076 0.6485084 0.4807692 0.6485084 0.4807692 0.8106356 0.4807692 0.8106356 0.4423076 0.8106356 0.4423076 0.6485084 0.4807692 0.6485084 0.5192307 0.6485084 0.5192307 0.8106356 0.5192307 0.8106356 0.4807692 0.8106356 0.4807692 0.6485084 0.5192307 0.6485084 0.5576923 0.6485084 0.5576923 0.8106356 0.5576923 0.8106356 0.5192307 0.8106356 0.5192307 0.6485084 0.5576923 0.6485084 0.5961539 0.6485084 0.5961539 0.8106356 0.5961539 0.8106356 0.5576923 0.8106356 0.5576923 0.6485084 0.5961539 0.6485084 0.6346154 0.6485084 0.6346154 0.8106356 0.6346154 0.8106356 0.5961539 0.8106356 0.5961539 0.6485084 0.6346154 0.6485084 0.6730771 0.6485084 0.6730771 0.8106356 0.6730771 0.8106356 0.6346154 0.8106356 0.6346154 0.6485084 0.6730771 0.6485084 0.7115387 0.6485084 0.7115387 0.8106356 0.7115387 0.8106356 0.6730771 0.8106356 0.6730771 0.6485084 0.7115387 0.6485084 0.75 0.6485084 0.75 0.8106356 0.75 0.8106356 0.7115387 0.8106356 0.7115387 0.6485084 0.75 0.8106356 0.7884616 0.8106356 0.7884616 0.9727626 0.7884616 0.9727626 0.75 0.9727626 0.75 0.8106356 0.7884616 0.8106356 0.8269231 0.8106356 0.8269231 0.9727626 0.8269231 0.9727626 0.7884616 0.9727626 0.7884616 0.8106356 0.8269231 0.8106356 0.8653847 0.8106356 0.8653847 0.9727626 0.8653847 0.9727626 0.8269231 0.9727626 0.8269231 0.8106356 0.8653847 0.8106356 0.9038463 0.8106356 0.9038463 0.9727626 0.9038463 0.9727626 0.8653847 0.9727626 0.8653847 0.8106356 0.9038463 0.8106356 0.9423078 0.8106356 0.9423078 0.9727626 0.9423078 0.9727626 0.9038463 0.9727626 0.9038463 0.8106356 0.9423078 0.8106356 0.9807693 0.8106356 0.9807693 0.9727626 0.9807693 0.9727626 0.9423078 0.9727626 0.9423078 0.8106356 0.9807693 0.8106356 1.019231 0.8106356 1.019231 0.9727626 1.019231 0.9727626 0.9807693 0.9727626 0.9807693 0.8106356 0.0192309 0.8106356 0.05769234 0.8106356 0.05769234 0.9727626 0.05769234 0.9727626 0.0192309 0.9727626 0.0192309 0.8106356 0.05769234 0.8106356 0.09615391 0.8106356 0.09615391 0.9727626 0.09615391 0.9727626 0.05769234 0.9727626 0.05769234 0.8106356 0.09615391 0.8106356 0.1346154 0.8106356 0.1346154 0.9727626 0.1346154 0.9727626 0.09615391 0.9727626 0.09615391 0.8106356 0.1346154 0.8106356 0.1730769 0.8106356 0.1730769 0.9727626 0.1730769 0.9727626 0.1346154 0.9727626 0.1346154 0.8106356 0.1730769 0.8106356 0.2115384 0.8106356 0.2115384 0.9727626 0.2115384 0.9727626 0.1730769 0.9727626 0.1730769 0.8106356 0.2115384 0.8106356 0.25 0.8106356 0.25 0.9727626 0.25 0.9727626 0.2115384 0.9727626 0.2115384 0.8106356 0.25 0.8106356 0.2884615 0.8106356 0.2884615 0.9727626 0.2884615 0.9727626 0.25 0.9727626 0.25 0.8106356 0.2884615 0.8106356 0.326923 0.8106356 0.326923 0.9727626 0.326923 0.9727626 0.2884615 0.9727626 0.2884615 0.8106356 0.326923 0.8106356 0.3653845 0.8106356 0.3653845 0.9727626 0.3653845 0.9727626 0.326923 0.9727626 0.326923 0.8106356 0.3653845 0.8106356 0.4038461 0.8106356 0.4038461 0.9727626 0.4038461 0.9727626 0.3653845 0.9727626 0.3653845 0.8106356 0.4038461 0.8106356 0.4423076 0.8106356 0.4423076 0.9727626 0.4423076 0.9727626 0.4038461 0.9727626 0.4038461 0.8106356 0.4423076 0.8106356 0.4807692 0.8106356 0.4807692 0.9727626 0.4807692 0.9727626 0.4423076 0.9727626 0.4423076 0.8106356 0.4807692 0.8106356 0.5192307 0.8106356 0.5192307 0.9727626 0.5192307 0.9727626 0.4807692 0.9727626 0.4807692 0.8106356 0.5192307 0.8106356 0.5576923 0.8106356 0.5576923 0.9727626 0.5576923 0.9727626 0.5192307 0.9727626 0.5192307 0.8106356 0.5576923 0.8106356 0.5961539 0.8106356 0.5961539 0.9727626 0.5961539 0.9727626 0.5576923 0.9727626 0.5576923 0.8106356 0.5961539 0.8106356 0.6346154 0.8106356 0.6346154 0.9727626 0.6346154 0.9727626 0.5961539 0.9727626 0.5961539 0.8106356 0.6346154 0.8106356 0.6730771 0.8106356 0.6730771 0.9727626 0.6730771 0.9727626 0.6346154 0.9727626 0.6346154 0.8106356 0.6730771 0.8106356 0.7115387 0.8106356 0.7115387 0.9727626 0.7115387 0.9727626 0.6730771 0.9727626 0.6730771 0.8106356 0.7115387 0.8106356 0.75 0.8106356 0.75 0.9727626 0.75 0.9727626 0.7115387 0.9727626 0.7115387 0.8106356 0.75 0 0.7884616 0 0.7884625 0 0.7884625 0 0.7499991 0 0.75 0 0.7884616 0 0.8269231 0 0.8269231 0 0.8269231 0 0.7884625 0 0.7884616 0 0.8269231 0 0.8653847 0 0.8653847 0 0.8653847 0 0.8269231 0 0.8269231 0 0.8653847 0 0.9038463 0 0.9038453 0 0.9038453 0 0.8653847 0 0.8653847 0 0.9038463 0 0.9423078 0 0.9423087 0 0.9423087 0 0.9038453 0 0.9038463 0 0.9423078 0 0.9807693 0 0.9807693 0 0.9807693 0 0.9423087 0 0.9423078 0 0.9807693 0 1.019231 0 1.019231 0 1.019231 0 0.9807693 0 0.9807693 0 0.0192309 0 0.05769234 0 0.05769228 0 0.05769228 0 0.01923084 0 0.0192309 0 0.05769234 0 0.09615391 0 0.09615385 0 0.09615385 0 0.05769228 0 0.05769234 0 0.09615391 0 0.1346154 0 0.1346154 0 0.1346154 0 0.09615385 0 0.09615391 0 0.1346154 0 0.1730769 0 0.173076 0 0.173076 0 0.1346154 0 0.1346154 0 0.1730769 0 0.2115384 0 0.2115394 0 0.2115394 0 0.173076 0 0.1730769 0 0.2115384 0 0.25 0 0.25 0 0.25 0 0.2115394 0 0.2115384 0 0.25 0 0.2884615 0 0.2884615 0 0.2884615 0 0.25 0 0.25 0 0.2884615 0 0.326923 0 0.3269231 0 0.3269231 0 0.2884615 0 0.2884615 0 0.326923 0 0.3653845 0 0.3653846 0 0.3653846 0 0.3269231 0 0.326923 0 0.3653845 0 0.4038461 0 0.4038462 0 0.4038462 0 0.3653846 0 0.3653845 0 0.4038461 0 0.4423076 0 0.4423068 0 0.4423068 0 0.4038462 0 0.4038461 0 0.4423076 0 0.4807692 0 0.4807702 0 0.4807702 0 0.4423068 0 0.4423076 0 0.4807692 0 0.5192307 0 0.5192308 0 0.5192308 0 0.4807702 0 0.4807692 0 0.5192307 0 0.5576923 0 0.5576924 0 0.5576924 0 0.5192308 0 0.5192307 0 0.5576923 0 0.5961539 0 0.5961539 0 0.5961539 0 0.5576924 0 0.5576923 0 0.5961539 0 0.6346154 0 0.6346155 0 0.6346155 0 0.5961539 0 0.5961539 0 0.6346154 0 0.6730771 0 0.6730771 0 0.6730771 0 0.6346155 0 0.6346154 0 0.6730771 0 0.7115387 0 0.7115386 0 0.7115386 0 0.6730771 0 0.6730771 0 0.7115387 0 0.75 0 0.7499991 0 0.7499991 0 0.7115386 0 0.7115387 0 0.7884616 0.135779 0.75 0.135779 0.7499991 0.135779 0.7499991 0.135779 0.7884624 0.135779 0.7884616 0.135779 0.75 0.135779 0.7115387 0.135779 0.7115386 0.135779 0.7115386 0.135779 0.7499991 0.135779 0.75 0.135779 0.7115387 0.135779 0.6730771 0.135779 0.6730771 0.135779 0.6730771 0.135779 0.7115386 0.135779 0.7115387 0.135779 0.6730771 0.135779 0.6346154 0.135779 0.6346155 0.135779 0.6346155 0.135779 0.6730771 0.135779 0.6730771 0.135779 0.6346154 0.135779 0.5961539 0.135779 0.5961539 0.135779 0.5961539 0.135779 0.6346155 0.135779 0.6346154 0.135779 0.5961539 0.135779 0.5576923 0.135779 0.5576924 0.135779 0.5576924 0.135779 0.5961539 0.135779 0.5961539 0.135779 0.5576923 0.135779 0.5192307 0.135779 0.5192308 0.135779 0.5192308 0.135779 0.5576924 0.135779 0.5576923 0.135779 0.5192307 0.135779 0.4807692 0.135779 0.4807702 0.135779 0.4807702 0.135779 0.5192308 0.135779 0.5192307 0.135779 0.4807692 0.135779 0.4423076 0.135779 0.4423068 0.135779 0.4423068 0.135779 0.4807702 0.135779 0.4807692 0.135779 0.4423076 0.135779 0.4038461 0.135779 0.4038462 0.135779 0.4038462 0.135779 0.4423068 0.135779 0.4423076 0.135779 0.4038461 0.135779 0.3653845 0.135779 0.3653846 0.135779 0.3653846 0.135779 0.4038462 0.135779 0.4038461 0.135779 0.3653845 0.135779 0.326923 0.135779 0.3269231 0.135779 0.3269231 0.135779 0.3653846 0.135779 0.3653845 0.135779 0.326923 0.135779 0.2884615 0.135779 0.2884615 0.135779 0.2884615 0.135779 0.3269231 0.135779 0.326923 0.135779 0.2884615 0.135779 0.25 0.135779 0.25 0.135779 0.25 0.135779 0.2884615 0.135779 0.2884615 0.135779 0.25 0.135779 0.2115384 0.135779 0.2115393 0.135779 0.2115393 0.135779 0.25 0.135779 0.25 0.135779 0.2115384 0.135779 0.1730769 0.135779 0.173076 0.135779 0.173076 0.135779 0.2115393 0.135779 0.2115384 0.135779 0.1730769 0.135779 0.1346154 0.135779 0.1346154 0.135779 0.1346154 0.135779 0.173076 0.135779 0.1730769 0.135779 0.1346154 0.135779 0.09615391 0.135779 0.09615385 0.135779 0.09615385 0.135779 0.1346154 0.135779 0.1346154 0.135779 0.09615391 0.135779 0.05769234 0.135779 0.05769228 0.135779 0.05769228 0.135779 0.09615385 0.135779 0.09615391 0.135779 0.05769234 0.135779 0.0192309 0.135779 0.01923084 0.135779 0.01923084 0.135779 0.05769228 0.135779 0.05769234 0.135779 0.0192309 0.135779 -0.01923066 0.135779 -0.01923072 0.135779 -0.01923072 0.135779 0.01923084 0.135779 0.0192309 0.135779 0.9807693 0.135779 0.9423078 0.135779 0.9423087 0.135779 0.9423087 0.135779 0.9807693 0.135779 0.9807693 0.135779 0.9423078 0.135779 0.9038463 0.135779 0.9038453 0.135779 0.9038453 0.135779 0.9423087 0.135779 0.9423078 0.135779 0.9038463 0.135779 0.8653847 0.135779 0.8653847 0.135779 0.8653847 0.135779 0.9038453 0.135779 0.9038463 0.135779 0.8653847 0.135779 0.8269231 0.135779 0.8269231 0.135779 0.8269231 0.135779 0.8653847 0.135779 0.8653847 0.135779 0.8269231 0.135779 0.7884616 0.135779 0.7884624 0.135779 0.7884624 0.135779 0.8269231 0.135779 0.8269231 0.135779 0.0192309 0.9727626 0.326923 0.9727626 0.6346154 0.9727626 0.7499988 0 0.7884618 0 0.7884625 0.01777827 0.7884625 0.01777827 0.7499994 0.01777827 0.7499988 0 0.7884618 0 0.8269231 0 0.8269231 0.01777827 0.8269231 0.01777827 0.7884625 0.01777827 0.7884618 0 0.8269231 0 0.8653845 0 0.8653845 0.01777827 0.8653845 0.01777827 0.8269231 0.01777827 0.8269231 0 0.8653845 0 0.9038454 0 0.9038454 0.01777827 0.9038454 0.01777827 0.8653845 0.01777827 0.8653845 0 0.9038454 0 0.9423091 0 0.9423084 0.01777827 0.9423084 0.01777827 0.9038454 0.01777827 0.9038454 0 0.9423091 0 0.9807687 0 0.9807694 0.01777827 0.9807694 0.01777827 0.9423084 0.01777827 0.9423091 0 0.9807687 0 1.019231 0 1.019231 0.01777827 1.019231 0.01777827 0.9807694 0.01777827 0.9807687 0 0.01923078 0 0.05769181 0 0.05769181 0.01777827 0.05769181 0.01777827 0.01923078 0.01777827 0.01923078 0 0.05769181 0 0.09615439 0 0.09615439 0.01777827 0.09615439 0.01777827 0.05769181 0.01777827 0.05769181 0 0.09615439 0 0.1346153 0 0.1346153 0.01777827 0.1346153 0.01777827 0.09615439 0.01777827 0.09615439 0 0.1346153 0 0.1730762 0 0.1730762 0.01777827 0.1730762 0.01777827 0.1346153 0.01777827 0.1346153 0 0.1730762 0 0.2115393 0 0.2115393 0.01777827 0.2115393 0.01777827 0.1730762 0.01777827 0.1730762 0 0.2115393 0 0.25 0 0.2500001 0.01777827 0.2500001 0.01777827 0.2115393 0.01777827 0.2115393 0 0.25 0 0.2884616 0 0.2884616 0.01777827 0.2884616 0.01777827 0.2500001 0.01777827 0.25 0 0.2884616 0 0.3269225 0 0.3269225 0.01777827 0.3269225 0.01777827 0.2884616 0.01777827 0.2884616 0 0.3269225 0 0.3653852 0 0.3653852 0.01777827 0.3653852 0.01777827 0.3269225 0.01777827 0.3269225 0 0.3653852 0 0.4038456 0 0.4038459 0.01777827 0.4038459 0.01777827 0.3653852 0.01777827 0.3653852 0 0.4038456 0 0.4423065 0 0.4423068 0.01777827 0.4423068 0.01777827 0.4038459 0.01777827 0.4038456 0 0.4423065 0 0.4807701 0 0.4807701 0.01777827 0.4807701 0.01777827 0.4423068 0.01777827 0.4423065 0 0.4807701 0 0.5192314 0 0.519231 0.01777827 0.519231 0.01777827 0.4807701 0.01777827 0.4807701 0 0.5192314 0 0.557693 0 0.5576927 0.01777827 0.5576927 0.01777827 0.519231 0.01777827 0.5192314 0 0.557693 0 0.5961534 0 0.5961534 0.01777827 0.5961534 0.01777827 0.5576927 0.01777827 0.557693 0 0.5961534 0 0.634616 0 0.634616 0.01777827 0.634616 0.01777827 0.5961534 0.01777827 0.5961534 0 0.634616 0 0.6730771 0 0.6730771 0.01777827 0.6730771 0.01777827 0.634616 0.01777827 0.634616 0 0.6730771 0 0.7115385 0 0.7115385 0.01777827 0.7115385 0.01777827 0.6730771 0.01777827 0.6730771 0 0.7115385 0 0.7499988 0 0.7499994 0.01777827 0.7499994 0.01777827 0.7115385 0.01777827 0.7115385 0 0.7884625 0.1347561 0.7499991 0.1347561 0.7499991 0.1326756 0.7499991 0.1326756 0.7884625 0.1326756 0.7884625 0.1347561 0.7499991 0.1347561 0.7115386 0.1347561 0.7115386 0.1326756 0.7115386 0.1326756 0.7499991 0.1326756 0.7499991 0.1347561 0.7115386 0.1347561 0.6730771 0.1347561 0.6730771 0.1326756 0.6730771 0.1326756 0.7115386 0.1326756 0.7115386 0.1347561 0.6730771 0.1347561 0.6346155 0.1347561 0.6346155 0.1326756 0.6346155 0.1326756 0.6730771 0.1326756 0.6730771 0.1347561 0.6346155 0.1347561 0.5961539 0.1347561 0.5961539 0.1326756 0.5961539 0.1326756 0.6346155 0.1326756 0.6346155 0.1347561 0.5961539 0.1347561 0.5576924 0.1347561 0.5576924 0.1326756 0.5576924 0.1326756 0.5961539 0.1326756 0.5961539 0.1347561 0.5576924 0.1347561 0.5192308 0.1347561 0.5192308 0.1326756 0.5192308 0.1326756 0.5576924 0.1326756 0.5576924 0.1347561 0.5192308 0.1347561 0.4807702 0.1347561 0.4807702 0.1326756 0.4807702 0.1326756 0.5192308 0.1326756 0.5192308 0.1347561 0.4807702 0.1347561 0.4423068 0.1347561 0.4423068 0.1326756 0.4423068 0.1326756 0.4807702 0.1326756 0.4807702 0.1347561 0.4423068 0.1347561 0.4038462 0.1347561 0.4038462 0.1326756 0.4038462 0.1326756 0.4423068 0.1326756 0.4423068 0.1347561 0.4038462 0.1347561 0.3653846 0.1347561 0.3653846 0.1326756 0.3653846 0.1326756 0.4038462 0.1326756 0.4038462 0.1347561 0.3653846 0.1347561 0.3269231 0.1347561 0.3269231 0.1326756 0.3269231 0.1326756 0.3653846 0.1326756 0.3653846 0.1347561 0.3269231 0.1347561 0.2884615 0.1347561 0.2884615 0.1326756 0.2884615 0.1326756 0.3269231 0.1326756 0.3269231 0.1347561 0.2884615 0.1347561 0.25 0.1347561 0.25 0.1326756 0.25 0.1326756 0.2884615 0.1326756 0.2884615 0.1347561 0.25 0.1347561 0.2115394 0.1347561 0.2115394 0.1326756 0.2115394 0.1326756 0.25 0.1326756 0.25 0.1347561 0.2115394 0.1347561 0.173076 0.1347561 0.173076 0.1326756 0.173076 0.1326756 0.2115394 0.1326756 0.2115394 0.1347561 0.173076 0.1347561 0.1346154 0.1347561 0.1346154 0.1326756 0.1346154 0.1326756 0.173076 0.1326756 0.173076 0.1347561 0.1346154 0.1347561 0.09615385 0.1347561 0.09615385 0.1326756 0.09615385 0.1326756 0.1346154 0.1326756 0.1346154 0.1347561 0.09615385 0.1347561 0.05769228 0.1347561 0.05769228 0.1326756 0.05769228 0.1326756 0.09615385 0.1326756 0.09615385 0.1347561 0.05769228 0.1347561 0.01923084 0.1347561 0.01923084 0.1326756 0.01923084 0.1326756 0.05769228 0.1326756 0.05769228 0.1347561 0.01923084 0.1347561 -0.01923072 0.1347561 -0.01923072 0.1326756 -0.01923072 0.1326756 0.01923084 0.1326756 0.01923084 0.1347561 0.9807693 0.1347561 0.9423087 0.1347561 0.9423087 0.1326756 0.9423087 0.1326756 0.9807693 0.1326756 0.9807693 0.1347561 0.9423087 0.1347561 0.9038453 0.1347561 0.9038453 0.1326756 0.9038453 0.1326756 0.9423087 0.1326756 0.9423087 0.1347561 0.9038453 0.1347561 0.8653847 0.1347561 0.8653847 0.1326756 0.8653847 0.1326756 0.9038453 0.1326756 0.9038453 0.1347561 0.8653847 0.1347561 0.8269231 0.1347561 0.8269231 0.1326756 0.8269231 0.1326756 0.8653847 0.1326756 0.8653847 0.1347561 0.8269231 0.1347561 0.7884625 0.1347561 0.7884625 0.1326756 0.7884625 0.1326756 0.8269231 0.1326756 0.8269231 0.1347561 0.7499991 0 0.7884625 0 0.7884618 0 0.7884618 0 0.7499988 0 0.7499991 0 0.7884625 0 0.8269231 0 0.8269231 0 0.8269231 0 0.7884618 0 0.7884625 0 0.8269231 0 0.8653847 0 0.8653845 0 0.8653845 0 0.8269231 0 0.8269231 0 0.8653847 0 0.9038453 0 0.9038454 0 0.9038454 0 0.8653845 0 0.8653847 0 0.9038453 0 0.9423087 0 0.9423091 0 0.9423091 0 0.9038454 0 0.9038453 0 0.9423087 0 0.9807693 0 0.9807687 0 0.9807687 0 0.9423091 0 0.9423087 0 0.9807693 0 1.019231 0 1.019231 0 1.019231 0 0.9807687 0 0.9807693 0 0.01923084 0 0.05769228 0 0.05769181 0 0.05769181 0 0.01923078 0 0.01923084 0 0.05769228 0 0.09615385 0 0.09615439 0 0.09615439 0 0.05769181 0 0.05769228 0 0.09615385 0 0.1346154 0 0.1346153 0 0.1346153 0 0.09615439 0 0.09615385 0 0.1346154 0 0.173076 0 0.1730762 0 0.1730762 0 0.1346153 0 0.1346154 0 0.173076 0 0.2115394 0 0.2115393 0 0.2115393 0 0.1730762 0 0.173076 0 0.2115394 0 0.25 0 0.25 0 0.25 0 0.2115393 0 0.2115394 0 0.25 0 0.2884615 0 0.2884616 0 0.2884616 0 0.25 0 0.25 0 0.2884615 0 0.3269231 0 0.3269225 0 0.3269225 0 0.2884616 0 0.2884615 0 0.3269231 0 0.3653846 0 0.3653852 0 0.3653852 0 0.3269225 0 0.3269231 0 0.3653846 0 0.4038462 0 0.4038456 0 0.4038456 0 0.3653852 0 0.3653846 0 0.4038462 0 0.4423068 0 0.4423065 0 0.4423065 0 0.4038456 0 0.4038462 0 0.4423068 0 0.4807702 0 0.4807701 0 0.4807701 0 0.4423065 0 0.4423068 0 0.4807702 0 0.5192308 0 0.5192314 0 0.5192314 0 0.4807701 0 0.4807702 0 0.5192308 0 0.5576924 0 0.557693 0 0.557693 0 0.5192314 0 0.5192308 0 0.5576924 0 0.5961539 0 0.5961534 0 0.5961534 0 0.557693 0 0.5576924 0 0.5961539 0 0.6346155 0 0.634616 0 0.634616 0 0.5961534 0 0.5961539 0 0.6346155 0 0.6730771 0 0.6730771 0 0.6730771 0 0.634616 0 0.6346155 0 0.6730771 0 0.7115386 0 0.7115385 0 0.7115385 0 0.6730771 0 0.6730771 0 0.7115386 0 0.7499991 0 0.7499988 0 0.7499988 0 0.7115385 0 0.7115386 0 0.7884625 0.02945142 0.7499991 0.02945142 0.7499991 0.02945142 0.7499991 0.02945142 0.7884625 0.02945142 0.7884625 0.02945142 0.7499991 0.02945142 0.7115386 0.02945142 0.7115386 0.02945142 0.7115386 0.02945142 0.7499991 0.02945142 0.7499991 0.02945142 0.7115386 0.02945142 0.6730771 0.02945142 0.6730771 0.02945142 0.6730771 0.02945142 0.7115386 0.02945142 0.7115386 0.02945142 0.6730771 0.02945142 0.6346155 0.02945142 0.6346156 0.02945142 0.6346156 0.02945142 0.6730771 0.02945142 0.6730771 0.02945142 0.6346155 0.02945142 0.5961539 0.02945142 0.5961539 0.02945142 0.5961539 0.02945142 0.6346156 0.02945142 0.6346155 0.02945142 0.5961539 0.02945142 0.5576924 0.02945142 0.5576924 0.02945142 0.5576924 0.02945142 0.5961539 0.02945142 0.5961539 0.02945142 0.5576924 0.02945142 0.5192308 0.02945142 0.5192308 0.02945142 0.5192308 0.02945142 0.5576924 0.02945142 0.5576924 0.02945142 0.5192308 0.02945142 0.4807702 0.02945142 0.4807702 0.02945142 0.4807702 0.02945142 0.5192308 0.02945142 0.5192308 0.02945142 0.4807702 0.02945142 0.4423068 0.02945142 0.4423068 0.02945142 0.4423068 0.02945142 0.4807702 0.02945142 0.4807702 0.02945142 0.4423068 0.02945142 0.4038462 0.02945142 0.4038462 0.02945142 0.4038462 0.02945142 0.4423068 0.02945142 0.4423068 0.02945142 0.4038462 0.02945142 0.3653846 0.02945142 0.3653846 0.02945142 0.3653846 0.02945142 0.4038462 0.02945142 0.4038462 0.02945142 0.3653846 0.02945142 0.3269231 0.02945142 0.3269231 0.02945142 0.3269231 0.02945142 0.3653846 0.02945142 0.3653846 0.02945142 0.3269231 0.02945142 0.2884615 0.02945142 0.2884615 0.02945142 0.2884615 0.02945142 0.3269231 0.02945142 0.3269231 0.02945142 0.2884615 0.02945142 0.25 0.02945142 0.25 0.02945142 0.25 0.02945142 0.2884615 0.02945142 0.2884615 0.02945142 0.25 0.02945142 0.2115394 0.02945142 0.2115394 0.02945142 0.2115394 0.02945142 0.25 0.02945142 0.25 0.02945142 0.2115394 0.02945142 0.173076 0.02945142 0.173076 0.02945142 0.173076 0.02945142 0.2115394 0.02945142 0.2115394 0.02945142 0.173076 0.02945142 0.1346154 0.02945142 0.1346154 0.02945142 0.1346154 0.02945142 0.173076 0.02945142 0.173076 0.02945142 0.1346154 0.02945142 0.09615385 0.02945142 0.09615385 0.02945142 0.09615385 0.02945142 0.1346154 0.02945142 0.1346154 0.02945142 0.09615385 0.02945142 0.05769228 0.02945142 0.05769228 0.02945142 0.05769228 0.02945142 0.09615385 0.02945142 0.09615385 0.02945142 0.05769228 0.02945142 0.01923084 0.02945142 0.01923084 0.02945142 0.01923084 0.02945142 0.05769228 0.02945142 0.05769228 0.02945142 0.01923084 0.02945142 -0.01923072 0.02945142 -0.01923072 0.02945142 -0.01923072 0.02945142 0.01923084 0.02945142 0.01923084 0.02945142 0.9807693 0.02945142 0.9423087 0.02945142 0.9423087 0.02945142 0.9423087 0.02945142 0.9807693 0.02945142 0.9807693 0.02945142 0.9423087 0.02945142 0.9038453 0.02945142 0.9038453 0.02945142 0.9038453 0.02945142 0.9423087 0.02945142 0.9423087 0.02945142 0.9038453 0.02945142 0.8653846 0.02945142 0.8653847 0.02945142 0.8653847 0.02945142 0.9038453 0.02945142 0.9038453 0.02945142 0.8653846 0.02945142 0.8269231 0.02945142 0.8269231 0.02945142 0.8269231 0.02945142 0.8653847 0.02945142 0.8653846 0.02945142 0.8269231 0.02945142 0.7884625 0.02945142 0.7884625 0.02945142 0.7884625 0.02945142 0.8269231 0.02945142 0.8269231 0.02945142 0.7884625 0.01777827 0.7884625 0.02945142 0.7499991 0.02945142 0.7499991 0.02945142 0.7499994 0.01777827 0.7884625 0.01777827 0.7499994 0.01777827 0.7499991 0.02945142 0.7115386 0.02945142 0.7115386 0.02945142 0.7115385 0.01777827 0.7499994 0.01777827 0.7115385 0.01777827 0.7115386 0.02945142 0.6730771 0.02945142 0.6730771 0.02945142 0.6730771 0.01777827 0.7115385 0.01777827 0.6730771 0.01777827 0.6730771 0.02945142 0.6346156 0.02945142 0.6346156 0.02945142 0.634616 0.01777827 0.6730771 0.01777827 0.634616 0.01777827 0.6346156 0.02945142 0.5961539 0.02945142 0.5961539 0.02945142 0.5961534 0.01777827 0.634616 0.01777827 0.5961534 0.01777827 0.5961539 0.02945142 0.5576924 0.02945142 0.5576924 0.02945142 0.5576927 0.01777827 0.5961534 0.01777827 0.5576927 0.01777827 0.5576924 0.02945142 0.5192308 0.02945142 0.5192308 0.02945142 0.519231 0.01777827 0.5576927 0.01777827 0.519231 0.01777827 0.5192308 0.02945142 0.4807702 0.02945142 0.4807702 0.02945142 0.4807701 0.01777827 0.519231 0.01777827 0.4807701 0.01777827 0.4807702 0.02945142 0.4423068 0.02945142 0.4423068 0.02945142 0.4423068 0.01777827 0.4807701 0.01777827 0.4423068 0.01777827 0.4423068 0.02945142 0.4038462 0.02945142 0.4038462 0.02945142 0.4038459 0.01777827 0.4423068 0.01777827 0.4038459 0.01777827 0.4038462 0.02945142 0.3653846 0.02945142 0.3653846 0.02945142 0.3653852 0.01777827 0.4038459 0.01777827 0.3653852 0.01777827 0.3653846 0.02945142 0.3269231 0.02945142 0.3269231 0.02945142 0.3269225 0.01777827 0.3653852 0.01777827 0.3269225 0.01777827 0.3269231 0.02945142 0.2884615 0.02945142 0.2884615 0.02945142 0.2884616 0.01777827 0.3269225 0.01777827 0.2884616 0.01777827 0.2884615 0.02945142 0.25 0.02945142 0.25 0.02945142 0.2500001 0.01777827 0.2884616 0.01777827 0.2500001 0.01777827 0.25 0.02945142 0.2115394 0.02945142 0.2115394 0.02945142 0.2115393 0.01777827 0.2500001 0.01777827 0.2115393 0.01777827 0.2115394 0.02945142 0.173076 0.02945142 0.173076 0.02945142 0.1730762 0.01777827 0.2115393 0.01777827 0.1730762 0.01777827 0.173076 0.02945142 0.1346154 0.02945142 0.1346154 0.02945142 0.1346153 0.01777827 0.1730762 0.01777827 0.1346153 0.01777827 0.1346154 0.02945142 0.09615385 0.02945142 0.09615385 0.02945142 0.09615439 0.01777827 0.1346153 0.01777827 0.09615439 0.01777827 0.09615385 0.02945142 0.05769228 0.02945142 0.05769228 0.02945142 0.05769181 0.01777827 0.09615439 0.01777827 0.05769181 0.01777827 0.05769228 0.02945142 0.01923084 0.02945142 0.01923084 0.02945142 0.01923078 0.01777827 0.05769181 0.01777827 0.01923078 0.01777827 0.01923084 0.02945142 -0.01923072 0.02945142 -0.01923072 0.02945142 -0.0192306 0.01777827 0.01923078 0.01777827 0.9807694 0.01777827 0.9807693 0.02945142 0.9423087 0.02945142 0.9423087 0.02945142 0.9423084 0.01777827 0.9807694 0.01777827 0.9423084 0.01777827 0.9423087 0.02945142 0.9038453 0.02945142 0.9038453 0.02945142 0.9038454 0.01777827 0.9423084 0.01777827 0.9038454 0.01777827 0.9038453 0.02945142 0.8653847 0.02945142 0.8653847 0.02945142 0.8653845 0.01777827 0.9038454 0.01777827 0.8653845 0.01777827 0.8653847 0.02945142 0.8269231 0.02945142 0.8269231 0.02945142 0.8269231 0.01777827 0.8653845 0.01777827 0.8269231 0.01777827 0.8269231 0.02945142 0.7884625 0.02945142 0.7884625 0.02945142 0.7884625 0.01777827 0.8269231 0.01777827 0.7884625 0.1347561 0.7884624 0.135779 0.7499991 0.135779 0.7499991 0.135779 0.7499991 0.1347561 0.7884625 0.1347561 0.7499991 0.1347561 0.7499991 0.135779 0.7115386 0.135779 0.7115386 0.135779 0.7115386 0.1347561 0.7499991 0.1347561 0.7115386 0.1347561 0.7115386 0.135779 0.6730771 0.135779 0.6730771 0.135779 0.6730771 0.1347561 0.7115386 0.1347561 0.6730771 0.1347561 0.6730771 0.135779 0.6346155 0.135779 0.6346155 0.135779 0.6346155 0.1347561 0.6730771 0.1347561 0.6346155 0.1347561 0.6346155 0.135779 0.5961539 0.135779 0.5961539 0.135779 0.5961539 0.1347561 0.6346155 0.1347561 0.5961539 0.1347561 0.5961539 0.135779 0.5576924 0.135779 0.5576924 0.135779 0.5576924 0.1347561 0.5961539 0.1347561 0.5576924 0.1347561 0.5576924 0.135779 0.5192308 0.135779 0.5192308 0.135779 0.5192308 0.1347561 0.5576924 0.1347561 0.5192308 0.1347561 0.5192308 0.135779 0.4807702 0.135779 0.4807702 0.135779 0.4807702 0.1347561 0.5192308 0.1347561 0.4807702 0.1347561 0.4807702 0.135779 0.4423068 0.135779 0.4423068 0.135779 0.4423068 0.1347561 0.4807702 0.1347561 0.4423068 0.1347561 0.4423068 0.135779 0.4038462 0.135779 0.4038462 0.135779 0.4038462 0.1347561 0.4423068 0.1347561 0.4038462 0.1347561 0.4038462 0.135779 0.3653846 0.135779 0.3653846 0.135779 0.3653846 0.1347561 0.4038462 0.1347561 0.3653846 0.1347561 0.3653846 0.135779 0.3269231 0.135779 0.3269231 0.135779 0.3269231 0.1347561 0.3653846 0.1347561 0.3269231 0.1347561 0.3269231 0.135779 0.2884615 0.135779 0.2884615 0.135779 0.2884615 0.1347561 0.3269231 0.1347561 0.2884615 0.1347561 0.2884615 0.135779 0.25 0.135779 0.25 0.135779 0.25 0.1347561 0.2884615 0.1347561 0.25 0.1347561 0.25 0.135779 0.2115393 0.135779 0.2115393 0.135779 0.2115394 0.1347561 0.25 0.1347561 0.2115394 0.1347561 0.2115393 0.135779 0.173076 0.135779 0.173076 0.135779 0.173076 0.1347561 0.2115394 0.1347561 0.173076 0.1347561 0.173076 0.135779 0.1346154 0.135779 0.1346154 0.135779 0.1346154 0.1347561 0.173076 0.1347561 0.1346154 0.1347561 0.1346154 0.135779 0.09615385 0.135779 0.09615385 0.135779 0.09615385 0.1347561 0.1346154 0.1347561 0.09615385 0.1347561 0.09615385 0.135779 0.05769228 0.135779 0.05769228 0.135779 0.05769228 0.1347561 0.09615385 0.1347561 0.05769228 0.1347561 0.05769228 0.135779 0.01923084 0.135779 0.01923084 0.135779 0.01923084 0.1347561 0.05769228 0.1347561 0.01923084 0.1347561 0.01923084 0.135779 -0.01923072 0.135779 -0.01923072 0.135779 -0.01923072 0.1347561 0.01923084 0.1347561 0.9807693 0.1347561 0.9807693 0.135779 0.9423087 0.135779 0.9423087 0.135779 0.9423087 0.1347561 0.9807693 0.1347561 0.9423087 0.1347561 0.9423087 0.135779 0.9038453 0.135779 0.9038453 0.135779 0.9038453 0.1347561 0.9423087 0.1347561 0.9038453 0.1347561 0.9038453 0.135779 0.8653847 0.135779 0.8653847 0.135779 0.8653847 0.1347561 0.9038453 0.1347561 0.8653847 0.1347561 0.8653847 0.135779 0.8269231 0.135779 0.8269231 0.135779 0.8269231 0.1347561 0.8653847 0.1347561 0.8269231 0.1347561 0.8269231 0.135779 0.7884624 0.135779 0.7884624 0.135779 0.7884625 0.1347561 0.8269231 0.1347561 0.8653847 0.9727626 0.9038463 0.9727626 0.9423078 0.9727626 0.9423078 0.9727626 0.9807693 0.9727626 0.0192309 0.9727626 0.0192309 0.9727626 0.05769234 0.9727626 0.1730769 0.9727626 0.05769234 0.9727626 0.09615391 0.9727626 0.1730769 0.9727626 0.09615391 0.9727626 0.1346154 0.9727626 0.1730769 0.9727626 0.1730769 0.9727626 0.2115384 0.9727626 0.25 0.9727626 0.25 0.9727626 0.2884615 0.9727626 0.326923 0.9727626 0.326923 0.9727626 0.3653845 0.9727626 0.4807692 0.9727626 0.3653845 0.9727626 0.4038461 0.9727626 0.4807692 0.9727626 0.4038461 0.9727626 0.4423076 0.9727626 0.4807692 0.9727626 0.4807692 0.9727626 0.5192307 0.9727626 0.5576923 0.9727626 0.5576923 0.9727626 0.5961539 0.9727626 0.6346154 0.9727626 0.6346154 0.9727626 0.6730771 0.9727626 0.7884616 0.9727626 0.6730771 0.9727626 0.7115387 0.9727626 0.7884616 0.9727626 0.7115387 0.9727626 0.75 0.9727626 0.7884616 0.9727626 0.7884616 0.9727626 0.8269231 0.9727626 0.8653847 0.9727626 0.8653847 0.9727626 0.9423078 0.9727626 0.7884616 0.9727626 0.9423078 0.9727626 0.0192309 0.9727626 0.7884616 0.9727626 0.1730769 0.9727626 0.25 0.9727626 0.326923 0.9727626 0.4807692 0.9727626 0.5576923 0.9727626 0.326923 0.9727626 0.5576923 0.9727626 0.6346154 0.9727626 0.326923 0.9727626 0.0192309 0.9727626 0.1730769 0.9727626 0.326923 0.9727626 0.6346154 0.9727626 0.7884616 0.9727626 0.0192309 0.9727626</float_array>
          <technique_common>
            <accessor source="#Örüntü_026-mesh-map-0-array" count="2328" stride="2">
              <param name="S" type="float"/>
              <param name="T" type="float"/>
            </accessor>
          </technique_common>
        </source>
        <vertices id="Örüntü_026-mesh-vertices">
          <input semantic="POSITION" source="#Örüntü_026-mesh-positions"/>
        </vertices>
        <triangles material="direk_016-material" count="776">
          <input semantic="VERTEX" source="#Örüntü_026-mesh-vertices" offset="0"/>
          <input semantic="NORMAL" source="#Örüntü_026-mesh-normals" offset="1"/>
          <input semantic="TEXCOORD" source="#Örüntü_026-mesh-map-0" offset="2" set="0"/>
          <p>24 0 0 23 0 1 22 0 2 22 0 3 21 0 4 20 0 5 20 0 6 19 0 7 18 0 8 22 0 9 20 0 10 18 0 11 18 0 12 17 0 13 16 0 14 16 0 15 15 0 16 14 0 17 18 0 18 16 0 19 14 0 20 22 0 21 18 0 22 14 0 23 14 0 24 13 0 25 12 0 26 12 0 27 11 0 28 10 0 29 14 0 30 12 0 31 10 0 32 10 0 33 9 0 34 8 0 35 8 0 36 7 0 37 6 0 38 10 0 39 8 0 40 6 0 41 14 0 42 10 0 43 6 0 44 22 0 45 14 0 46 6 0 47 6 0 48 5 0 49 4 0 50 4 0 51 3 0 52 2 0 53 6 0 54 4 0 55 2 0 56 22 0 57 6 0 58 2 0 59 2 0 60 1 0 61 0 0 62 22 0 63 2 0 64 0 0 65 24 0 66 22 0 67 0 0 68 25 0 69 24 0 70 0 0 71 234 1 72 235 2 73 260 3 74 260 3 75 261 4 76 234 1 77 235 2 78 236 5 79 285 6 80 285 6 81 260 3 82 235 2 83 236 5 84 237 7 85 284 8 86 284 8 87 285 6 88 236 5 89 237 7 90 238 9 91 283 10 92 283 10 93 284 8 94 237 7 95 238 9 96 239 11 97 282 12 98 282 12 99 283 10 100 238 9 101 239 11 102 240 13 103 281 14 104 281 14 105 282 12 106 239 11 107 240 13 108 241 15 109 280 16 110 280 16 111 281 14 112 240 13 113 241 15 114 242 17 115 279 18 116 279 18 117 280 16 118 241 15 119 242 17 120 243 19 121 278 20 122 278 20 123 279 18 124 242 17 125 243 19 126 244 21 127 277 22 128 277 22 129 278 20 130 243 19 131 244 21 132 245 23 133 276 24 134 276 24 135 277 22 136 244 21 137 245 23 138 246 25 139 275 26 140 275 26 141 276 24 142 245 23 143 246 25 144 247 27 145 274 28 146 274 28 147 275 26 148 246 25 149 247 27 150 248 29 151 273 30 152 273 30 153 274 28 154 247 27 155 248 29 156 249 31 157 272 32 158 272 32 159 273 30 160 248 29 161 249 31 162 250 33 163 271 34 164 271 34 165 272 32 166 249 31 167 250 33 168 251 35 169 270 36 170 270 36 171 271 34 172 250 33 173 251 35 174 252 37 175 269 38 176 269 38 177 270 36 178 251 35 179 252 37 180 253 39 181 268 40 182 268 40 183 269 38 184 252 37 185 253 39 186 254 41 187 267 42 188 267 42 189 268 40 190 253 39 191 254 41 192 255 43 193 266 44 194 266 44 195 267 42 196 254 41 197 255 43 198 256 45 199 265 46 200 265 46 201 266 44 202 255 43 203 256 45 204 257 47 205 264 48 206 264 48 207 265 46 208 256 45 209 257 47 210 258 49 211 263 50 212 263 50 213 264 48 214 257 47 215 258 49 216 259 51 217 262 52 218 262 52 219 263 50 220 258 49 221 259 51 222 234 1 223 261 4 224 261 4 225 262 52 226 259 51 227 26 1 228 27 2 229 53 3 230 53 3 231 52 4 232 26 1 233 27 2 234 28 5 235 54 6 236 54 6 237 53 3 238 27 2 239 28 5 240 29 7 241 55 8 242 55 8 243 54 6 244 28 5 245 29 7 246 30 9 247 56 10 248 56 10 249 55 8 250 29 7 251 30 9 252 31 11 253 57 12 254 57 12 255 56 10 256 30 9 257 31 11 258 32 13 259 58 14 260 58 14 261 57 12 262 31 11 263 32 13 264 33 15 265 59 16 266 59 16 267 58 14 268 32 13 269 33 15 270 34 17 271 60 18 272 60 18 273 59 16 274 33 15 275 34 17 276 35 19 277 61 20 278 61 20 279 60 18 280 34 17 281 35 19 282 36 21 283 62 22 284 62 22 285 61 20 286 35 19 287 36 21 288 37 23 289 63 24 290 63 24 291 62 22 292 36 21 293 37 23 294 38 25 295 64 26 296 64 26 297 63 24 298 37 23 299 38 25 300 39 27 301 65 28 302 65 28 303 64 26 304 38 25 305 39 27 306 40 29 307 66 30 308 66 30 309 65 28 310 39 27 311 40 29 312 41 31 313 67 32 314 67 32 315 66 30 316 40 29 317 41 31 318 42 53 319 68 34 320 68 34 321 67 32 322 41 31 323 42 53 324 43 54 325 69 36 326 69 36 327 68 34 328 42 53 329 43 54 330 44 37 331 70 38 332 70 38 333 69 36 334 43 54 335 44 37 336 45 39 337 71 40 338 71 40 339 70 38 340 44 37 341 45 39 342 46 55 343 72 42 344 72 42 345 71 40 346 45 39 347 46 55 348 47 43 349 73 44 350 73 44 351 72 42 352 46 55 353 47 43 354 48 45 355 74 46 356 74 46 357 73 44 358 47 43 359 48 45 360 49 47 361 75 48 362 75 48 363 74 46 364 48 45 365 49 47 366 50 56 367 76 50 368 76 50 369 75 48 370 49 47 371 50 56 372 51 51 373 77 52 374 77 52 375 76 50 376 50 56 377 51 51 378 26 1 379 52 4 380 52 4 381 77 52 382 51 51 383 52 4 384 53 3 385 79 3 386 79 3 387 78 4 388 52 4 389 53 3 390 54 6 391 80 6 392 80 6 393 79 3 394 53 3 395 54 6 396 55 8 397 81 8 398 81 8 399 80 6 400 54 6 401 55 8 402 56 10 403 82 10 404 82 10 405 81 8 406 55 8 407 56 10 408 57 12 409 83 12 410 83 12 411 82 10 412 56 10 413 57 12 414 58 14 415 84 14 416 84 14 417 83 12 418 57 12 419 58 14 420 59 16 421 85 16 422 85 16 423 84 14 424 58 14 425 59 16 426 60 18 427 86 18 428 86 18 429 85 16 430 59 16 431 60 18 432 61 20 433 87 20 434 87 20 435 86 18 436 60 18 437 61 20 438 62 22 439 88 22 440 88 22 441 87 20 442 61 20 443 62 22 444 63 24 445 89 24 446 89 24 447 88 22 448 62 22 449 63 24 450 64 26 451 90 26 452 90 26 453 89 24 454 63 24 455 64 26 456 65 28 457 91 28 458 91 28 459 90 26 460 64 26 461 65 28 462 66 30 463 92 30 464 92 30 465 91 28 466 65 28 467 66 30 468 67 32 469 93 32 470 93 32 471 92 30 472 66 30 473 67 32 474 68 34 475 94 34 476 94 34 477 93 32 478 67 32 479 68 34 480 69 36 481 95 36 482 95 36 483 94 34 484 68 34 485 69 36 486 70 38 487 96 38 488 96 38 489 95 36 490 69 36 491 70 38 492 71 40 493 97 40 494 97 40 495 96 38 496 70 38 497 71 40 498 72 42 499 98 42 500 98 42 501 97 40 502 71 40 503 72 42 504 73 44 505 99 44 506 99 44 507 98 42 508 72 42 509 73 44 510 74 46 511 100 46 512 100 46 513 99 44 514 73 44 515 74 46 516 75 48 517 101 48 518 101 48 519 100 46 520 74 46 521 75 48 522 76 50 523 102 50 524 102 50 525 101 48 526 75 48 527 76 50 528 77 52 529 103 52 530 103 52 531 102 50 532 76 50 533 77 52 534 52 4 535 78 4 536 78 4 537 103 52 538 77 52 539 78 4 540 79 3 541 105 3 542 105 3 543 104 4 544 78 4 545 79 3 546 80 6 547 106 6 548 106 6 549 105 3 550 79 3 551 80 6 552 81 8 553 107 8 554 107 8 555 106 6 556 80 6 557 81 8 558 82 10 559 108 10 560 108 10 561 107 8 562 81 8 563 82 10 564 83 12 565 109 12 566 109 12 567 108 10 568 82 10 569 83 12 570 84 14 571 110 14 572 110 14 573 109 12 574 83 12 575 84 14 576 85 16 577 111 16 578 111 16 579 110 14 580 84 14 581 85 16 582 86 18 583 112 18 584 112 18 585 111 16 586 85 16 587 86 18 588 87 20 589 113 20 590 113 20 591 112 18 592 86 18 593 87 20 594 88 22 595 114 22 596 114 22 597 113 20 598 87 20 599 88 22 600 89 24 601 115 24 602 115 24 603 114 22 604 88 22 605 89 24 606 90 26 607 116 26 608 116 26 609 115 24 610 89 24 611 90 26 612 91 28 613 117 28 614 117 28 615 116 26 616 90 26 617 91 28 618 92 30 619 118 30 620 118 30 621 117 28 622 91 28 623 92 30 624 93 32 625 119 32 626 119 32 627 118 30 628 92 30 629 93 32 630 94 34 631 120 34 632 120 34 633 119 32 634 93 32 635 94 34 636 95 36 637 121 36 638 121 36 639 120 34 640 94 34 641 95 36 642 96 38 643 122 38 644 122 38 645 121 36 646 95 36 647 96 38 648 97 40 649 123 40 650 123 40 651 122 38 652 96 38 653 97 40 654 98 42 655 124 42 656 124 42 657 123 40 658 97 40 659 98 42 660 99 44 661 125 44 662 125 44 663 124 42 664 98 42 665 99 44 666 100 46 667 126 46 668 126 46 669 125 44 670 99 44 671 100 46 672 101 48 673 127 48 674 127 48 675 126 46 676 100 46 677 101 48 678 102 50 679 128 50 680 128 50 681 127 48 682 101 48 683 102 50 684 103 52 685 129 52 686 129 52 687 128 50 688 102 50 689 103 52 690 78 4 691 104 4 692 104 4 693 129 52 694 103 52 695 104 4 696 105 3 697 131 3 698 131 3 699 130 4 700 104 4 701 105 3 702 106 6 703 132 6 704 132 6 705 131 3 706 105 3 707 106 6 708 107 8 709 133 8 710 133 8 711 132 6 712 106 6 713 107 8 714 108 10 715 134 10 716 134 10 717 133 8 718 107 8 719 108 10 720 109 12 721 135 12 722 135 12 723 134 10 724 108 10 725 109 12 726 110 14 727 136 14 728 136 14 729 135 12 730 109 12 731 110 14 732 111 16 733 137 16 734 137 16 735 136 14 736 110 14 737 111 16 738 112 18 739 138 18 740 138 18 741 137 16 742 111 16 743 112 18 744 113 20 745 139 20 746 139 20 747 138 18 748 112 18 749 113 20 750 114 22 751 140 22 752 140 22 753 139 20 754 113 20 755 114 22 756 115 24 757 141 24 758 141 24 759 140 22 760 114 22 761 115 24 762 116 26 763 142 26 764 142 26 765 141 24 766 115 24 767 116 26 768 117 28 769 143 28 770 143 28 771 142 26 772 116 26 773 117 28 774 118 30 775 144 30 776 144 30 777 143 28 778 117 28 779 118 30 780 119 32 781 145 32 782 145 32 783 144 30 784 118 30 785 119 32 786 120 34 787 146 34 788 146 34 789 145 32 790 119 32 791 120 34 792 121 36 793 147 36 794 147 36 795 146 34 796 120 34 797 121 36 798 122 38 799 148 38 800 148 38 801 147 36 802 121 36 803 122 38 804 123 40 805 149 40 806 149 40 807 148 38 808 122 38 809 123 40 810 124 42 811 150 42 812 150 42 813 149 40 814 123 40 815 124 42 816 125 44 817 151 44 818 151 44 819 150 42 820 124 42 821 125 44 822 126 46 823 152 46 824 152 46 825 151 44 826 125 44 827 126 46 828 127 48 829 153 48 830 153 48 831 152 46 832 126 46 833 127 48 834 128 50 835 154 50 836 154 50 837 153 48 838 127 48 839 128 50 840 129 52 841 155 52 842 155 52 843 154 50 844 128 50 845 129 52 846 104 4 847 130 4 848 130 4 849 155 52 850 129 52 851 130 4 852 131 3 853 157 57 854 157 57 855 156 58 856 130 4 857 131 3 858 132 6 859 158 59 860 158 59 861 157 57 862 131 3 863 132 6 864 133 8 865 159 60 866 159 60 867 158 59 868 132 6 869 133 8 870 134 10 871 160 61 872 160 61 873 159 60 874 133 8 875 134 10 876 135 12 877 161 62 878 161 62 879 160 61 880 134 10 881 135 12 882 136 14 883 162 63 884 162 63 885 161 62 886 135 12 887 136 14 888 137 16 889 163 64 890 163 64 891 162 63 892 136 14 893 137 16 894 138 18 895 164 65 896 164 65 897 163 64 898 137 16 899 138 18 900 139 20 901 165 66 902 165 66 903 164 65 904 138 18 905 139 20 906 140 22 907 166 67 908 166 67 909 165 66 910 139 20 911 140 22 912 141 24 913 167 68 914 167 68 915 166 67 916 140 22 917 141 24 918 142 26 919 168 69 920 168 69 921 167 68 922 141 24 923 142 26 924 143 28 925 169 70 926 169 70 927 168 69 928 142 26 929 143 28 930 144 30 931 170 71 932 170 71 933 169 70 934 143 28 935 144 30 936 145 32 937 171 72 938 171 72 939 170 71 940 144 30 941 145 32 942 146 34 943 172 73 944 172 73 945 171 72 946 145 32 947 146 34 948 147 36 949 173 74 950 173 74 951 172 73 952 146 34 953 147 36 954 148 38 955 174 75 956 174 75 957 173 74 958 147 36 959 148 38 960 149 40 961 175 76 962 175 76 963 174 75 964 148 38 965 149 40 966 150 42 967 176 77 968 176 77 969 175 76 970 149 40 971 150 42 972 151 44 973 177 78 974 177 78 975 176 77 976 150 42 977 151 44 978 152 46 979 178 79 980 178 79 981 177 78 982 151 44 983 152 46 984 153 48 985 179 80 986 179 80 987 178 79 988 152 46 989 153 48 990 154 50 991 180 81 992 180 81 993 179 80 994 153 48 995 154 50 996 155 52 997 181 82 998 181 82 999 180 81 1000 154 50 1001 155 52 1002 130 4 1003 156 58 1004 156 58 1005 181 82 1006 155 52 1007 0 0 1008 1 0 1009 183 0 1010 183 0 1011 182 0 1012 0 0 1013 1 0 1014 2 0 1015 184 0 1016 184 0 1017 183 0 1018 1 0 1019 2 0 1020 3 0 1021 185 0 1022 185 0 1023 184 0 1024 2 0 1025 3 0 1026 4 0 1027 186 0 1028 186 0 1029 185 0 1030 3 0 1031 4 0 1032 5 0 1033 187 0 1034 187 0 1035 186 0 1036 4 0 1037 5 0 1038 6 0 1039 188 0 1040 188 0 1041 187 0 1042 5 0 1043 6 0 1044 7 0 1045 189 0 1046 189 0 1047 188 0 1048 6 0 1049 7 0 1050 8 0 1051 190 0 1052 190 0 1053 189 0 1054 7 0 1055 8 0 1056 9 0 1057 191 0 1058 191 0 1059 190 0 1060 8 0 1061 9 0 1062 10 0 1063 192 0 1064 192 0 1065 191 0 1066 9 0 1067 10 0 1068 11 0 1069 193 0 1070 193 0 1071 192 0 1072 10 0 1073 11 0 1074 12 0 1075 194 0 1076 194 0 1077 193 0 1078 11 0 1079 12 0 1080 13 0 1081 195 0 1082 195 0 1083 194 0 1084 12 0 1085 13 0 1086 14 0 1087 196 0 1088 196 0 1089 195 0 1090 13 0 1091 14 0 1092 15 0 1093 197 0 1094 197 0 1095 196 0 1096 14 0 1097 15 0 1098 16 0 1099 198 0 1100 198 0 1101 197 0 1102 15 0 1103 16 0 1104 17 0 1105 199 0 1106 199 0 1107 198 0 1108 16 0 1109 17 0 1110 18 0 1111 200 0 1112 200 0 1113 199 0 1114 17 0 1115 18 0 1116 19 0 1117 201 0 1118 201 0 1119 200 0 1120 18 0 1121 19 0 1122 20 0 1123 202 0 1124 202 0 1125 201 0 1126 19 0 1127 20 0 1128 21 0 1129 203 0 1130 203 0 1131 202 0 1132 20 0 1133 21 0 1134 22 0 1135 204 0 1136 204 0 1137 203 0 1138 21 0 1139 22 0 1140 23 0 1141 205 0 1142 205 0 1143 204 0 1144 22 0 1145 23 0 1146 24 0 1147 206 0 1148 206 0 1149 205 0 1150 23 0 1151 24 0 1152 25 0 1153 207 0 1154 207 0 1155 206 0 1156 24 0 1157 25 0 1158 0 0 1159 182 0 1160 182 0 1161 207 0 1162 25 0 1163 27 83 1164 26 83 1165 209 83 1166 209 84 1167 208 84 1168 27 84 1169 26 85 1170 51 85 1171 210 85 1172 210 86 1173 209 86 1174 26 86 1175 51 87 1176 50 87 1177 211 87 1178 211 87 1179 210 87 1180 51 87 1181 50 87 1182 49 87 1183 212 87 1184 212 87 1185 211 87 1186 50 87 1187 49 87 1188 48 87 1189 213 87 1190 213 87 1191 212 87 1192 49 87 1193 48 88 1194 47 88 1195 214 88 1196 214 89 1197 213 89 1198 48 89 1199 47 90 1200 46 90 1201 215 90 1202 215 91 1203 214 91 1204 47 91 1205 46 87 1206 45 87 1207 216 87 1208 216 92 1209 215 92 1210 46 92 1211 45 87 1212 44 87 1213 217 87 1214 217 87 1215 216 87 1216 45 87 1217 44 87 1218 43 87 1219 218 87 1220 218 87 1221 217 87 1222 44 87 1223 43 87 1224 42 87 1225 219 87 1226 219 87 1227 218 87 1228 43 87 1229 42 93 1230 41 93 1231 220 93 1232 220 87 1233 219 87 1234 42 87 1235 41 94 1236 40 94 1237 221 94 1238 221 95 1239 220 95 1240 41 95 1241 40 96 1242 39 96 1243 222 96 1244 222 97 1245 221 97 1246 40 97 1247 39 98 1248 38 98 1249 223 98 1250 223 99 1251 222 99 1252 39 99 1253 38 100 1254 37 100 1255 224 100 1256 224 101 1257 223 101 1258 38 101 1259 37 87 1260 36 87 1261 225 87 1262 225 102 1263 224 102 1264 37 102 1265 36 87 1266 35 87 1267 226 87 1268 226 87 1269 225 87 1270 36 87 1271 35 87 1272 34 87 1273 227 87 1274 227 87 1275 226 87 1276 35 87 1277 34 87 1278 33 87 1279 228 87 1280 228 87 1281 227 87 1282 34 87 1283 33 87 1284 32 87 1285 229 87 1286 229 87 1287 228 87 1288 33 87 1289 32 87 1290 31 87 1291 230 87 1292 230 87 1293 229 87 1294 32 87 1295 31 87 1296 30 87 1297 231 87 1298 231 87 1299 230 87 1300 31 87 1301 30 87 1302 29 87 1303 232 87 1304 232 103 1305 231 103 1306 30 103 1307 29 87 1308 28 87 1309 233 87 1310 233 87 1311 232 87 1312 29 87 1313 28 87 1314 27 87 1315 208 87 1316 208 104 1317 233 104 1318 28 104 1319 163 64 1320 171 72 1321 179 80 1322 286 105 1323 287 106 1324 338 107 1325 338 107 1326 339 108 1327 286 105 1328 287 106 1329 288 109 1330 363 110 1331 363 110 1332 338 107 1333 287 106 1334 288 109 1335 289 111 1336 362 112 1337 362 112 1338 363 110 1339 288 109 1340 289 111 1341 290 113 1342 361 114 1343 361 114 1344 362 112 1345 289 111 1346 290 113 1347 291 115 1348 360 116 1349 360 116 1350 361 114 1351 290 113 1352 291 115 1353 292 117 1354 359 118 1355 359 118 1356 360 116 1357 291 115 1358 292 117 1359 293 119 1360 358 120 1361 358 120 1362 359 118 1363 292 117 1364 293 119 1365 294 121 1366 357 122 1367 357 122 1368 358 120 1369 293 119 1370 294 121 1371 295 123 1372 356 124 1373 356 124 1374 357 122 1375 294 121 1376 295 123 1377 296 125 1378 355 126 1379 355 126 1380 356 124 1381 295 123 1382 296 125 1383 297 127 1384 354 128 1385 354 128 1386 355 126 1387 296 125 1388 297 127 1389 298 129 1390 353 130 1391 353 130 1392 354 128 1393 297 127 1394 298 129 1395 299 131 1396 352 132 1397 352 132 1398 353 130 1399 298 129 1400 299 131 1401 300 133 1402 351 134 1403 351 134 1404 352 132 1405 299 131 1406 300 133 1407 301 135 1408 350 136 1409 350 136 1410 351 134 1411 300 133 1412 301 135 1413 302 137 1414 349 138 1415 349 138 1416 350 136 1417 301 135 1418 302 137 1419 303 139 1420 348 140 1421 348 140 1422 349 138 1423 302 137 1424 303 139 1425 304 141 1426 347 142 1427 347 142 1428 348 140 1429 303 139 1430 304 141 1431 305 143 1432 346 144 1433 346 144 1434 347 142 1435 304 141 1436 305 143 1437 306 145 1438 345 146 1439 345 146 1440 346 144 1441 305 143 1442 306 145 1443 307 147 1444 344 148 1445 344 148 1446 345 146 1447 306 145 1448 307 147 1449 308 149 1450 343 150 1451 343 150 1452 344 148 1453 307 147 1454 308 149 1455 309 151 1456 342 152 1457 342 152 1458 343 150 1459 308 149 1460 309 151 1461 310 153 1462 341 154 1463 341 154 1464 342 152 1465 309 151 1466 310 153 1467 311 155 1468 340 156 1469 340 156 1470 341 154 1471 310 153 1472 311 155 1473 286 105 1474 339 108 1475 339 108 1476 340 156 1477 311 155 1478 364 107 1479 365 108 1480 261 4 1481 261 4 1482 260 3 1483 364 107 1484 365 108 1485 366 156 1486 262 52 1487 262 52 1488 261 4 1489 365 108 1490 366 156 1491 367 154 1492 263 50 1493 263 50 1494 262 52 1495 366 156 1496 367 154 1497 368 152 1498 264 48 1499 264 48 1500 263 50 1501 367 154 1502 368 152 1503 369 150 1504 265 46 1505 265 46 1506 264 48 1507 368 152 1508 369 150 1509 370 148 1510 266 44 1511 266 44 1512 265 46 1513 369 150 1514 370 148 1515 371 146 1516 267 42 1517 267 42 1518 266 44 1519 370 148 1520 371 146 1521 372 157 1522 268 40 1523 268 40 1524 267 42 1525 371 146 1526 372 157 1527 373 142 1528 269 38 1529 269 38 1530 268 40 1531 372 157 1532 373 142 1533 374 140 1534 270 36 1535 270 36 1536 269 38 1537 373 142 1538 374 140 1539 375 138 1540 271 34 1541 271 34 1542 270 36 1543 374 140 1544 375 138 1545 376 136 1546 272 32 1547 272 32 1548 271 34 1549 375 138 1550 376 136 1551 377 134 1552 273 30 1553 273 30 1554 272 32 1555 376 136 1556 377 134 1557 378 132 1558 274 28 1559 274 28 1560 273 30 1561 377 134 1562 378 132 1563 379 158 1564 275 26 1565 275 26 1566 274 28 1567 378 132 1568 379 158 1569 380 128 1570 276 24 1571 276 24 1572 275 26 1573 379 158 1574 380 128 1575 381 126 1576 277 22 1577 277 22 1578 276 24 1579 380 128 1580 381 126 1581 382 124 1582 278 20 1583 278 20 1584 277 22 1585 381 126 1586 382 124 1587 383 122 1588 279 18 1589 279 18 1590 278 20 1591 382 124 1592 383 122 1593 384 120 1594 280 16 1595 280 16 1596 279 18 1597 383 122 1598 384 120 1599 385 118 1600 281 14 1601 281 14 1602 280 16 1603 384 120 1604 385 118 1605 386 116 1606 282 12 1607 282 12 1608 281 14 1609 385 118 1610 386 116 1611 387 159 1612 283 10 1613 283 10 1614 282 12 1615 386 116 1616 387 159 1617 388 112 1618 284 8 1619 284 8 1620 283 10 1621 387 159 1622 388 112 1623 389 110 1624 285 6 1625 285 6 1626 284 8 1627 388 112 1628 389 110 1629 364 107 1630 260 3 1631 260 3 1632 285 6 1633 389 110 1634 182 160 1635 183 160 1636 287 160 1637 287 161 1638 286 161 1639 182 161 1640 183 162 1641 184 162 1642 288 162 1643 288 163 1644 287 163 1645 183 163 1646 184 164 1647 185 164 1648 289 164 1649 289 165 1650 288 165 1651 184 165 1652 185 166 1653 186 166 1654 290 166 1655 290 167 1656 289 167 1657 185 167 1658 186 168 1659 187 168 1660 291 168 1661 291 169 1662 290 169 1663 186 169 1664 187 170 1665 188 170 1666 292 170 1667 292 171 1668 291 171 1669 187 171 1670 188 0 1671 189 0 1672 293 0 1673 293 172 1674 292 172 1675 188 172 1676 189 0 1677 190 0 1678 294 0 1679 294 0 1680 293 0 1681 189 0 1682 190 0 1683 191 0 1684 295 0 1685 295 0 1686 294 0 1687 190 0 1688 191 173 1689 192 173 1690 296 173 1691 296 174 1692 295 174 1693 191 174 1694 192 175 1695 193 175 1696 297 175 1697 297 176 1698 296 176 1699 192 176 1700 193 177 1701 194 177 1702 298 177 1703 298 178 1704 297 178 1705 193 178 1706 194 179 1707 195 179 1708 299 179 1709 299 180 1710 298 180 1711 194 180 1712 195 0 1713 196 0 1714 300 0 1715 300 181 1716 299 181 1717 195 181 1718 196 0 1719 197 0 1720 301 0 1721 301 0 1722 300 0 1723 196 0 1724 197 0 1725 198 0 1726 302 0 1727 302 0 1728 301 0 1729 197 0 1730 198 182 1731 199 182 1732 303 182 1733 303 183 1734 302 183 1735 198 183 1736 199 0 1737 200 0 1738 304 0 1739 304 184 1740 303 184 1741 199 184 1742 200 185 1743 201 185 1744 305 185 1745 305 186 1746 304 186 1747 200 186 1748 201 187 1749 202 187 1750 306 187 1751 306 188 1752 305 188 1753 201 188 1754 202 0 1755 203 0 1756 307 0 1757 307 189 1758 306 189 1759 202 189 1760 203 0 1761 204 0 1762 308 0 1763 308 0 1764 307 0 1765 203 0 1766 204 0 1767 205 0 1768 309 0 1769 309 0 1770 308 0 1771 204 0 1772 205 0 1773 206 0 1774 310 0 1775 310 0 1776 309 0 1777 205 0 1778 206 190 1779 207 190 1780 311 190 1781 311 191 1782 310 191 1783 206 191 1784 207 192 1785 182 192 1786 286 192 1787 286 193 1788 311 193 1789 207 193 1790 235 194 1791 234 194 1792 313 194 1793 313 195 1794 312 195 1795 235 195 1796 234 196 1797 259 196 1798 314 196 1799 314 197 1800 313 197 1801 234 197 1802 259 198 1803 258 198 1804 315 198 1805 315 199 1806 314 199 1807 259 199 1808 258 200 1809 257 200 1810 316 200 1811 316 201 1812 315 201 1813 258 201 1814 257 202 1815 256 202 1816 317 202 1817 317 203 1818 316 203 1819 257 203 1820 256 204 1821 255 204 1822 318 204 1823 318 205 1824 317 205 1825 256 205 1826 255 206 1827 254 206 1828 319 206 1829 319 207 1830 318 207 1831 255 207 1832 254 87 1833 253 87 1834 320 87 1835 320 87 1836 319 87 1837 254 87 1838 253 208 1839 252 208 1840 321 208 1841 321 209 1842 320 209 1843 253 209 1844 252 210 1845 251 210 1846 322 210 1847 322 211 1848 321 211 1849 252 211 1850 251 212 1851 250 212 1852 323 212 1853 323 213 1854 322 213 1855 251 213 1856 250 214 1857 249 214 1858 324 214 1859 324 215 1860 323 215 1861 250 215 1862 249 216 1863 248 216 1864 325 216 1865 325 217 1866 324 217 1867 249 217 1868 248 218 1869 247 218 1870 326 218 1871 326 219 1872 325 219 1873 248 219 1874 247 220 1875 246 220 1876 327 220 1877 327 221 1878 326 221 1879 247 221 1880 246 222 1881 245 222 1882 328 222 1883 328 223 1884 327 223 1885 246 223 1886 245 224 1887 244 224 1888 329 224 1889 329 225 1890 328 225 1891 245 225 1892 244 226 1893 243 226 1894 330 226 1895 330 227 1896 329 227 1897 244 227 1898 243 228 1899 242 228 1900 331 228 1901 331 229 1902 330 229 1903 243 229 1904 242 87 1905 241 87 1906 332 87 1907 332 230 1908 331 230 1909 242 230 1910 241 87 1911 240 87 1912 333 87 1913 333 87 1914 332 87 1915 241 87 1916 240 231 1917 239 231 1918 334 231 1919 334 232 1920 333 232 1921 240 232 1922 239 233 1923 238 233 1924 335 233 1925 335 234 1926 334 234 1927 239 234 1928 238 235 1929 237 235 1930 336 235 1931 336 236 1932 335 236 1933 238 236 1934 237 237 1935 236 237 1936 337 237 1937 337 238 1938 336 238 1939 237 238 1940 236 239 1941 235 239 1942 312 239 1943 312 240 1944 337 240 1945 236 240 1946 338 107 1947 312 241 1948 313 242 1949 313 242 1950 339 108 1951 338 107 1952 339 108 1953 313 242 1954 314 243 1955 314 243 1956 340 156 1957 339 108 1958 340 156 1959 314 243 1960 315 244 1961 315 244 1962 341 154 1963 340 156 1964 341 154 1965 315 244 1966 316 245 1967 316 245 1968 342 152 1969 341 154 1970 342 152 1971 316 245 1972 317 246 1973 317 246 1974 343 150 1975 342 152 1976 343 150 1977 317 246 1978 318 247 1979 318 247 1980 344 148 1981 343 150 1982 344 148 1983 318 247 1984 319 248 1985 319 248 1986 345 146 1987 344 148 1988 345 146 1989 319 248 1990 320 249 1991 320 249 1992 346 144 1993 345 146 1994 346 144 1995 320 249 1996 321 250 1997 321 250 1998 347 142 1999 346 144 2000 347 142 2001 321 250 2002 322 251 2003 322 251 2004 348 140 2005 347 142 2006 348 140 2007 322 251 2008 323 252 2009 323 252 2010 349 138 2011 348 140 2012 349 138 2013 323 252 2014 324 253 2015 324 253 2016 350 136 2017 349 138 2018 350 136 2019 324 253 2020 325 254 2021 325 254 2022 351 134 2023 350 136 2024 351 134 2025 325 254 2026 326 255 2027 326 255 2028 352 132 2029 351 134 2030 352 132 2031 326 255 2032 327 256 2033 327 256 2034 353 130 2035 352 132 2036 353 130 2037 327 256 2038 328 257 2039 328 257 2040 354 128 2041 353 130 2042 354 128 2043 328 257 2044 329 258 2045 329 258 2046 355 126 2047 354 128 2048 355 126 2049 329 258 2050 330 259 2051 330 259 2052 356 124 2053 355 126 2054 356 124 2055 330 259 2056 331 260 2057 331 260 2058 357 122 2059 356 124 2060 357 122 2061 331 260 2062 332 261 2063 332 261 2064 358 120 2065 357 122 2066 358 120 2067 332 261 2068 333 262 2069 333 262 2070 359 118 2071 358 120 2072 359 118 2073 333 262 2074 334 263 2075 334 263 2076 360 116 2077 359 118 2078 360 116 2079 334 263 2080 335 264 2081 335 264 2082 361 114 2083 360 116 2084 361 114 2085 335 264 2086 336 265 2087 336 265 2088 362 112 2089 361 114 2090 362 112 2091 336 265 2092 337 266 2093 337 266 2094 363 110 2095 362 112 2096 363 110 2097 337 266 2098 312 241 2099 312 241 2100 338 107 2101 363 110 2102 364 107 2103 208 241 2104 209 267 2105 209 267 2106 365 108 2107 364 107 2108 365 108 2109 209 267 2110 210 243 2111 210 243 2112 366 156 2113 365 108 2114 366 156 2115 210 243 2116 211 244 2117 211 244 2118 367 154 2119 366 156 2120 367 154 2121 211 244 2122 212 245 2123 212 245 2124 368 152 2125 367 154 2126 368 152 2127 212 245 2128 213 246 2129 213 246 2130 369 150 2131 368 152 2132 369 150 2133 213 246 2134 214 247 2135 214 247 2136 370 148 2137 369 150 2138 370 148 2139 214 247 2140 215 248 2141 215 248 2142 371 146 2143 370 148 2144 371 146 2145 215 248 2146 216 249 2147 216 249 2148 372 157 2149 371 146 2150 372 157 2151 216 249 2152 217 250 2153 217 250 2154 373 142 2155 372 157 2156 373 142 2157 217 250 2158 218 251 2159 218 251 2160 374 140 2161 373 142 2162 374 140 2163 218 251 2164 219 268 2165 219 268 2166 375 138 2167 374 140 2168 375 138 2169 219 268 2170 220 253 2171 220 253 2172 376 136 2173 375 138 2174 376 136 2175 220 253 2176 221 269 2177 221 269 2178 377 134 2179 376 136 2180 377 134 2181 221 269 2182 222 270 2183 222 270 2184 378 132 2185 377 134 2186 378 132 2187 222 270 2188 223 271 2189 223 271 2190 379 158 2191 378 132 2192 379 158 2193 223 271 2194 224 257 2195 224 257 2196 380 128 2197 379 158 2198 380 128 2199 224 257 2200 225 272 2201 225 272 2202 381 126 2203 380 128 2204 381 126 2205 225 272 2206 226 273 2207 226 273 2208 382 124 2209 381 126 2210 382 124 2211 226 273 2212 227 260 2213 227 260 2214 383 122 2215 382 124 2216 383 122 2217 227 260 2218 228 261 2219 228 261 2220 384 120 2221 383 122 2222 384 120 2223 228 261 2224 229 262 2225 229 262 2226 385 118 2227 384 120 2228 385 118 2229 229 262 2230 230 263 2231 230 263 2232 386 116 2233 385 118 2234 386 116 2235 230 263 2236 231 274 2237 231 274 2238 387 159 2239 386 116 2240 387 159 2241 231 274 2242 232 265 2243 232 265 2244 388 112 2245 387 159 2246 388 112 2247 232 265 2248 233 266 2249 233 266 2250 389 110 2251 388 112 2252 389 110 2253 233 266 2254 208 241 2255 208 241 2256 364 107 2257 389 110 2258 159 60 2259 160 61 2260 161 62 2261 161 62 2262 162 63 2263 163 64 2264 163 64 2265 164 65 2266 167 68 2267 164 65 2268 165 66 2269 167 68 2270 165 66 2271 166 67 2272 167 68 2273 167 68 2274 168 69 2275 169 70 2276 169 70 2277 170 71 2278 171 72 2279 171 72 2280 172 73 2281 175 76 2282 172 73 2283 173 74 2284 175 76 2285 173 74 2286 174 75 2287 175 76 2288 175 76 2289 176 77 2290 177 78 2291 177 78 2292 178 79 2293 179 80 2294 179 80 2295 180 81 2296 157 57 2297 180 81 2298 181 82 2299 157 57 2300 181 82 2301 156 58 2302 157 57 2303 157 57 2304 158 59 2305 159 60 2306 159 60 2307 161 62 2308 157 57 2309 161 62 2310 163 64 2311 157 57 2312 167 68 2313 169 70 2314 171 72 2315 175 76 2316 177 78 2317 171 72 2318 177 78 2319 179 80 2320 171 72 2321 163 64 2322 167 68 2323 171 72 2324 179 80 2325 157 57 2326 163 64 2327</p>
        </triangles>
      </mesh>
    </geometry>
  </library_geometries>
  <library_visual_scenes>
    <visual_scene id="Scene" name="Scene">
      <node id="Base_circle_001" name="Base_circle.001" type="NODE">
        <matrix sid="transform">-5.82356e-8 -5.82356e-8 -1 -0.02199104 -1.332276 2.54556e-15 4.37114e-8 -0.008707372 0 1.332276 -4.37114e-8 2.622862 0 0 0 1</matrix>
        <instance_geometry url="#Circle_014-mesh" name="Base_circle.001">
          <bind_material>
            <technique_common>
              <instance_material symbol="kırmızı-material" target="#kırmızı-material">
                <bind_vertex_input semantic="UVMap" input_semantic="TEXCOORD" input_set="0"/>
              </instance_material>
              <instance_material symbol="beyaz-material" target="#beyaz-material">
                <bind_vertex_input semantic="UVMap" input_semantic="TEXCOORD" input_set="0"/>
              </instance_material>
              <instance_material symbol="siyah-material" target="#siyah-material">
                <bind_vertex_input semantic="UVMap" input_semantic="TEXCOORD" input_set="0"/>
              </instance_material>
            </technique_common>
          </bind_material>
        </instance_geometry>
      </node>
      <node id="Base_body_001" name="Base_body.001" type="NODE">
        <matrix sid="transform">-3.35997e-10 0.007686716 4.59046e-10 0.03608647 -0.007686716 -3.35997e-10 0 9.21993e-4 0 -3.35997e-10 0.01050175 1.19209e-7 0 0 0 1</matrix>
        <instance_geometry url="#Örüntü_026-mesh" name="Base_body.001">
          <bind_material>
            <technique_common>
              <instance_material symbol="direk_016-material" target="#direk_016-material">
                <bind_vertex_input semantic="Örüntü_013-mesh-map-0" input_semantic="TEXCOORD" input_set="0"/>
              </instance_material>
            </technique_common>
          </bind_material>
        </instance_geometry>
      </node>
    </visual_scene>
  </library_visual_scenes>
  <scene>
    <instance_visual_scene url="#Scene"/>
  </scene>
</COLLADA>