<?xml version="1.0" encoding="utf-8"?>
<COLLADA xmlns="http://www.collada.org/2005/11/COLLADASchema" version="1.4.1" xmlns:xsi="http://www.w3.org/2001/XMLSchema-instance">
  <asset>
    <contributor>
      <author>Blender User</author>
      <authoring_tool>Blender 2.92.0 commit date:2021-02-24, commit time:16:25, hash:02948a2cab44</authoring_tool>
    </contributor>
    <created>2022-03-27T14:55:22</created>
    <modified>2022-03-27T14:55:22</modified>
    <unit name="meter" meter="1"/>
    <up_axis>Z_UP</up_axis>
  </asset>
  <library_effects>
    <effect id="beyaz-effect">
      <profile_COMMON>
        <technique sid="common">
          <lambert>
            <emission>
              <color sid="emission">1 1 1 1</color>
            </emission>
            <diffuse>
              <color sid="diffuse">1 1 1 1</color>
            </diffuse>
            <index_of_refraction>
              <float sid="ior">1.45</float>
            </index_of_refraction>
          </lambert>
        </technique>
      </profile_COMMON>
    </effect>
    <effect id="mavi-effect">
      <profile_COMMON>
        <technique sid="common">
          <lambert>
            <emission>
              <color sid="emission">0.001999855 0 1 1</color>
            </emission>
            <diffuse>
              <color sid="diffuse">0 3.026e-4 1 1</color>
            </diffuse>
            <index_of_refraction>
              <float sid="ior">1.45</float>
            </index_of_refraction>
          </lambert>
        </technique>
      </profile_COMMON>
    </effect>
    <effect id="direk_009-effect">
      <profile_COMMON>
        <technique sid="common">
          <lambert>
            <emission>
              <color sid="emission">0 0 0 1</color>
            </emission>
            <diffuse>
              <color sid="diffuse">0.5882353 0.5882353 0.7019608 1</color>
            </diffuse>
            <reflectivity>
              <float sid="specular">1</float>
            </reflectivity>
            <index_of_refraction>
              <float sid="ior">1.45</float>
            </index_of_refraction>
          </lambert>
        </technique>
      </profile_COMMON>
    </effect>
  </library_effects>
  <library_images/>
  <library_materials>
    <material id="beyaz-material" name="beyaz">
      <instance_effect url="#beyaz-effect"/>
    </material>
    <material id="mavi-material" name="mavi">
      <instance_effect url="#mavi-effect"/>
    </material>
    <material id="direk_009-material" name="direk.009">
      <instance_effect url="#direk_009-effect"/>
    </material>
  </library_materials>
  <library_geometries>
    <geometry id="Circle_009-mesh" name="Circle.009">
      <mesh>
        <source id="Circle_009-mesh-positions">
          <float_array id="Circle_009-mesh-positions-array" count="810">0 0.2251785 0.02504605 -0.02353751 0.223945 0.02504605 -0.04681724 0.2202579 0.02504605 -0.06958401 0.2141575 0.02504605 -0.09158837 0.2057109 0.02504605 -0.1125892 0.1950104 0.02504605 -0.1323566 0.1821733 0.02504605 -0.1506739 0.1673403 0.02504605 -0.1673403 0.1506739 0.02504605 -0.1821733 0.1323567 0.02504605 -0.1950104 0.1125892 0.02504605 -0.2057108 0.09158837 0.02504605 -0.2141575 0.06958401 0.02504605 -0.2202579 0.04681724 0.02504605 -0.223945 0.02353757 0.02504605 -0.2251785 0 0.02504605 -0.223945 -0.02353751 0.02504605 -0.2202579 -0.04681724 0.02504605 -0.2141575 -0.06958401 0.02504605 -0.2057108 -0.09158837 0.02504605 -0.1950104 -0.1125892 0.02504605 -0.1821733 -0.1323566 0.02504605 -0.1673403 -0.1506739 0.02504605 -0.1506739 -0.1673403 0.02504605 -0.1323566 -0.1821733 0.02504605 -0.1125892 -0.1950103 0.02504605 -0.09158831 -0.2057108 0.02504605 -0.06958401 -0.2141575 0.02504605 -0.04681724 -0.2202578 0.02504605 -0.02353757 -0.223945 0.02504605 0 -0.2251785 0.02504605 0.02353757 -0.223945 0.02504605 0.04681724 -0.2202578 0.02504605 0.06958401 -0.2141575 0.02504605 0.09158837 -0.2057108 0.02504605 0.1125892 -0.1950103 0.02504605 0.1323567 -0.1821733 0.02504605 0.1506739 -0.1673403 0.02504605 0.1673403 -0.1506738 0.02504605 0.1821733 -0.1323565 0.02504605 0.1950104 -0.1125892 0.02504605 0.2057108 -0.09158837 0.02504605 0.2141575 -0.06958401 0.02504605 0.2202579 -0.04681724 0.02504605 0.223945 -0.02353751 0.02504605 0.2251785 0 0.02504605 0.223945 0.02353751 0.02504605 0.2202579 0.04681718 0.02504605 0.2141575 0.06958401 0.02504605 0.2057108 0.09158837 0.02504605 0.1950104 0.1125892 0.02504605 0.1821733 0.1323566 0.02504605 0.1673402 0.1506739 0.02504605 0.1506739 0.1673403 0.02504605 0.1323567 0.1821733 0.02504605 0.1125893 0.1950104 0.02504605 0.09158831 0.2057109 0.02504605 0.06958401 0.2141575 0.02504605 0.04681724 0.2202579 0.02504605 0.02353757 0.223945 0.02504605 0.1323567 -0.09158855 0.02504605 0.09028404 -0.09158855 0.02504605 0.1323567 -0.1323567 0.02504605 0.09028404 -0.1323567 0.02504605 0.04727876 -0.09158855 0.02504605 0.04727876 -0.1323567 0.02504605 -0.04530322 -0.09158849 0.02504605 -0.04523348 -0.1323567 0.02504605 0.09028404 -0.07055437 0.02504605 0.1673403 -0.07071703 0.02504605 -0.02064573 -0.1323567 0.02504605 -0.02083492 -0.09158849 0.02504605 0.001232326 -0.09158849 0.02504605 0.001232326 -0.1323567 0.02504605 0.02451205 -0.1323567 0.02504605 0.02451205 -0.09158855 0.02504605 0.06928318 -0.1323567 0.02504605 0.06928312 -0.09158855 0.02504605 0.1506739 -0.1323567 0.02504605 0.1506739 -0.09158849 0.02504605 0.1673403 -0.1323566 0.02504605 0.1673403 -0.09158843 0.02504605 0.1821733 -0.09158843 0.02504605 0.1950103 -0.09158837 0.02504605 -0.0209341 -0.07022416 0.02504605 -0.04533988 -0.07015168 0.02504605 0.04727876 -0.07042664 0.02504605 0.1506739 -0.07066756 0.02504605 0.1950103 -0.07079917 0.02504605 0.2057108 -0.07083088 0.02504605 0.02451205 -0.07035905 0.02504605 0.06928312 -0.07049202 0.02504605 0.001232326 -0.0702899 0.02504605 0.1821733 -0.07076102 0.02504605 0.2136698 -0.07085448 0.02504605 0.1323567 -0.07061308 0.02504605 -0.02104085 -0.04722237 0.02504605 0.06928312 -0.04738736 0.02504605 0.001232326 -0.04726308 0.02504605 0.04727876 -0.04734718 0.02504605 0.1821733 -0.047553 0.02504605 0.1506739 -0.04749542 0.02504605 0.09028404 -0.0474258 0.02504605 0.1950103 -0.04757648 0.02504605 0.2141575 -0.04761147 0.02504605 0.1323567 -0.04746192 0.02504605 0.2057108 -0.04759603 0.02504605 0.02451205 -0.04730546 0.02504605 0.1673403 -0.04752594 0.02504605 -0.04537916 -0.04717785 0.02504605 -0.02073746 -0.1125894 0.02504605 0.1673403 -0.02353769 0.02504605 0.09028404 -0.02353769 0.02504605 -0.02115082 -0.02353763 0.02504605 -0.04541957 -0.02353763 0.02504605 0.1950103 -0.02353769 0.02504605 0.04727876 -0.02353769 0.02504605 0.06928312 -0.02353769 0.02504605 0.2141575 -0.02353769 0.02504605 -0.008448719 -0.01892763 0.02504605 0.1323567 -0.02353769 0.02504605 0.2057108 -0.02353769 0.02504605 0.1821733 -0.02353769 0.02504605 0.2202579 -0.02353769 0.02504605 0.02451205 -0.02353769 0.02504605 0.1506739 -0.02353769 0.02504605 0.02451205 -2.08616e-7 0.02504605 0.2141575 -1.78814e-7 0.02504605 0.09028404 -1.93715e-7 0.02504605 0.1506739 -1.63913e-7 0.02504605 -0.008448719 0.004609763 0.02504605 -0.03094112 0.004609823 0.02504605 0.04727876 -1.78814e-7 0.02504605 0.1323567 -1.63913e-7 0.02504605 -0.0454598 -2.08616e-7 0.02504605 0.2057108 -1.86265e-7 0.02504605 0.1950103 -1.78814e-7 0.02504605 0.1821733 -1.93715e-7 0.02504605 0.2202579 -1.82539e-7 0.02504605 0.06928312 -1.49012e-7 0.02504605 0.1673403 -1.93715e-7 0.02504605 -0.04526728 -0.1125894 0.02504605 0.001232326 -0.1125894 0.02504605 0.06928318 -0.1125894 0.02504605 0.02451205 -0.1125894 0.02504605 0.1506739 -0.1125894 0.02504605 0.04727876 -0.1125894 0.02504605 0.09028404 -0.1125894 0.02504605 0.1821733 -0.1125894 0.02504605 0.1323567 -0.1125894 0.02504605 0.1673403 -0.1125894 0.02504605 0.02451205 -2.07685e-7 0.02504605 0.08989316 0.007160186 0.02504605 0.04714345 0.002478361 0.02504605 0.06901705 0.004873931 0.02504605 0.02451205 -2.06754e-7 0.02504605 0.08872503 0.01423543 0.02504605 0.0467391 0.004927396 0.02504605 0.06822186 0.009690046 0.02504605 0.02451205 -2.05822e-7 0.02504605 0.08679354 0.02114152 0.02504605 0.04607051 0.0073179 0.02504605 0.0669071 0.014391 0.02504605 0.02451205 -2.04891e-7 0.02504605 0.08412176 0.02779626 0.02504605 0.04514569 0.009621441 0.02504605 0.06508845 0.01892089 0.02504605 0.02451205 -2.0396e-7 0.02504605 0.08074134 0.03412055 0.02504605 0.04397559 0.0118106 0.02504605 0.06278735 0.0232259 0.02504605 0.02451205 -2.03028e-7 0.02504605 0.07669252 0.0400393 0.02504605 0.04257404 0.01385933 0.02504605 0.06003129 0.02725476 0.02504605 0.02451205 -2.02097e-7 0.02504605 0.07202339 0.04548203 0.02504605 0.04095786 0.01574331 0.02504605 0.05685305 0.03095966 0.02504605 0.02451205 -2.01166e-7 0.02504605 0.0667895 0.0503841 0.02504605 0.03914618 0.01744014 0.02504605 0.0532903 0.03429651 0.02504605 0.02451205 -2.00234e-7 0.02504605 0.06105303 0.05468726 0.02504605 0.03716051 0.01892966 0.02504605 0.04938548 0.03722566 0.02504605 0.02451205 -1.99303e-7 0.02504605 0.05488216 0.05834031 0.02504605 0.03502452 0.02019411 0.02504605 0.04518502 0.0397123 0.02504605 0.02451205 -1.98372e-7 0.02504605 0.04835033 0.06129992 0.02504605 0.03276354 0.02121859 0.02504605 0.04073876 0.04172688 0.02504605 0.02451205 -1.9744e-7 0.02504605 0.03185397 0.0681408 0.02504605 0.0207234 0.02660083 0.02504605 0.02641856 0.04785543 0.02504605 -0.06563353 0.1166611 0.02504605 -0.05522602 0.05437773 0.02504605 0.04271829 0.04681724 0.02504605 0.1323567 0.04681724 0.02504605 -0.04715859 0.05142724 0.02504605 0.02737563 0.05142724 0.02504605 -0.05522096 0.0514273 0.02504605 0.1673403 0.04681724 0.02504605 0.2057108 0.04681724 0.02504605 0.2141575 0.04681718 0.02504605 0.1950103 0.04681724 0.02504605 0.09028404 0.04681718 0.02504605 0.06379652 0.04681724 0.02504605 0.1821733 0.04681724 0.02504605 0.1506739 0.04681718 0.02504605 0.05579441 0.04681724 0.02504605 0.07059782 0.04681724 0.02504605 0.04888361 0.04681724 0.02504605 0.1673403 0.03443682 0.02504605 0.1323567 0.03446614 0.02504605 0.05300045 0.03451395 0.02504605 -0.05520009 0.03920656 0.02504605 0.222226 0.0343908 0.02504605 0.06947374 0.03450018 0.02504605 0.2057108 0.03440469 0.02504605 0.2141575 0.0343976 0.02504605 0.04757666 0.03451853 0.02504605 0.06055933 0.03450763 0.02504605 0.08048796 0.03449094 0.02504605 0.1950103 0.03441363 0.02504605 0.09028404 0.03448271 0.02504605 -0.0136488 0.03917175 0.02504605 0.05347245 0.03451359 0.02504605 0.0424835 0.03452277 0.02504605 0.1821733 0.03442442 0.02504605 0.1506739 0.03445082 0.02504605 0.03793871 0.03452658 0.02504605 0.02408325 0.0391401 0.02504605 0.2202579 0.03439247 0.02504605 -0.222167 0.03476327 0.02504605 -0.01055538 0.004609763 0.02504605 -0.00321418 0.08135968 0.02504605 0.02585804 0.123344 0.02504605 -0.05526661 0.078112 0.02504605 0.01677554 0.05142724 0.02504605 -0.05529218 0.09307116 0.02504605 -0.07081717 0.03921967 0.02504605 -0.05517518 0.02463626 0.02504605 -0.03092914 0.002031326 0.02504605 -0.08391106 0.0514273 0.02504605 -0.07540065 0.08556973 0.02504605 -0.0447331 0.09701019 0.02504605 -0.03369486 0.004609823 0.02504605 -0.1076344 0.07354503 0.02504605 -0.008835196 -0.01460921 0.02504605 -0.01160085 -0.01598882 0.02504605 -0.009626686 -0.01708263 0.02504605 -0.00908178 -0.01675558 0.02504605 -0.07866311 0.08675229 0.02504605 0.0102654 0.1175272 0.02504605 -0.04846483 0.1005188 0.02504605 -0.05687612 0.09668433 0.02504605 0.01464986 0.1292912 0.02504605 -0.1035699 0.07205849 0.02504605 -0.1003481 0.06675183 0.02504605 -0.09503561 0.07928848 0.02504605 -0.1010426 0.07600408 0.02504605 0.01183611 0.1280085 0.02504605 0.01360321 0.1264829 0.02504605 0.01335835 0.1284499 0.02504605 0.01377391 0.128159 0.02504605</float_array>
          <technique_common>
            <accessor source="#Circle_009-mesh-positions-array" count="270" stride="3">
              <param name="X" type="float"/>
              <param name="Y" type="float"/>
              <param name="Z" type="float"/>
            </accessor>
          </technique_common>
        </source>
        <source id="Circle_009-mesh-normals">
          <float_array id="Circle_009-mesh-normals-array" count="705">2.07535e-7 0 -1 -1.44808e-7 0 -1 0 0 -1 0 0 -1 0 0 -1 2.22698e-7 0 -1 2.1565e-7 0 -1 2.39521e-7 0 -1 -2.13285e-7 0 -1 1.38912e-7 0 -1 0 0 -1 0 0 -1 -9.92577e-7 0 -1 -2.45827e-7 0 -1 0 0 -1 3.33878e-7 0 -1 -5.2332e-7 0 -1 -1.31548e-7 0 -1 -3.38422e-7 0 -1 0 0 -1 -2.1717e-7 0 -1 -1.19636e-7 0 -1 3.8631e-7 0 -1 -3.77621e-7 0 -1 1.56702e-7 0 -1 0 0 -1 -1.43764e-6 0 -1 0 0 -1 -6.10333e-7 0 -1 4.64989e-7 0 -1 -2.3551e-7 0 -1 2.2663e-7 0 -1 0 0 -1 -3.21916e-7 0 -1 0 0 -1 0 0 -1 0 0 -1 -1.93542e-7 0 -1 2.66818e-7 0 -1 -0.8944273 0 -0.4472137 0 0 -1 3.86824e-7 0 -1 -3.99794e-7 0 -1 -1 0 0 -5.05883e-6 0 -1 0 0 -1 0.9701426 0 -0.2425356 -2.05719e-7 0 -1 0 0 -1 0 0 1 3.78453e-7 0 -1 0.992278 0 -0.1240347 -3.09476e-7 0 -1 3.85977e-7 0 -1 0 0 -1 0 0 -1 1.59887e-6 0 -1 2.87768e-7 0 -1 -2.79452e-7 0 -1 -2.34551e-7 0 -1 2.57286e-7 0 -1 -2.8242e-7 0 -1 1.63064e-7 0 -1 0 0 -1 5.55181e-7 0 -1 6.11741e-7 0 -1 -1.22998e-7 0 -1 6.18039e-7 0 -1 4.94344e-7 0 -1 3.35838e-7 0 -1 0 0 -1 4.00594e-7 0 -1 -7.53209e-7 0 -1 0 0 -1 2.55807e-7 0 -1 -1.30801e-6 0 -1 0 0 -1 0 0 -1 0 0 -1 2.11552e-6 0 -1 -1.21289e-7 0 -1 -2.04939e-6 0 -1 3.66088e-7 0 -1 -2.39766e-7 0 -1 2.62076e-7 0 -1 0 0 -1 4.37804e-7 0 -1 0 0 -1 9.74996e-6 0 -1 2.50777e-6 0 -1 0 0 -1 2.16803e-7 0 -1 -2.13732e-7 0 -1 0 0 -1 0 0 -1 0 0 -1 0 0 -1 0 0 -1 0 0 -1 0 0 -1 0 0 -1 0 0 -1 1.31684e-7 0 -1 0 0 -1 0 0 -1 0 0 -1 0 0 -1 0 0 -1 1.45694e-7 0 -1 0 0 -1 0 0 -1 0 0 -1 0 0 -1 0 0 -1 0 0 -1 1.55017e-7 0 -1 -2.55901e-7 0 -1 3.59261e-7 0 -1 4.31652e-7 0 -1 0 0 -1 0 0 -1 1.37647e-7 0 -1 1.19866e-7 0 -1 2.75429e-7 0 -1 0 0 -1 0 0 -1 -3.03211e-7 0 -1 0 0 -1 -1.19356e-7 0 -1 1.3589e-7 0 -1 0 0 -1 0 0 -1 0 0 -1 0 0 -1 0 0 -1 0 0 -1 0 0 -1 0 0 -1 0 0 -1 0 0 -1 0 0 -1 1.34376e-7 0 -1 1.9081e-7 0 -1 0 0 -1 1.91659e-7 0 -1 1.63575e-7 0 -1 0 0 -1 0 0 -1 3.1991e-6 0 -1 -2.17245e-7 0 -1 0 0 -1 0 0 -1 1.22203e-7 0 -1 -4.62216e-7 0 -1 0 0 -1 0 0 -1 0 0 -1 0 0 -1 -1.4776e-7 0 -1 -1.48183e-7 0 -1 -1.42163e-7 0 -1 -1.35681e-7 0 -1 2.84327e-7 0 -1 -3.86825e-7 0 -1 1.28941e-7 0 -1 1.28941e-7 0 -1 1.3568e-7 0 -1 -4.49231e-7 0 -1 -3.86824e-7 0 -1 1.3568e-7 0 -1 5.81892e-7 0 -1 1.3568e-7 0 -1 6.585e-7 0 -1 9.02591e-7 0 -1 -2.71361e-7 0 -1 -5.15766e-7 0 -1 -1.22494e-6 0 -1 1.53794e-7 0 -1 0 0 -1 1.51414e-7 0 -1 0 0 -1 -6.87433e-7 0 -1 -1.61356e-6 0 -1 2.07988e-7 0 -1 0 0 -1 0 0 -1 0 0 -1 -2.76205e-7 0 -1 2.91649e-7 0 -1 0 0 -1 -2.76811e-7 0 -1 -2.8156e-7 0 -1 0 0 -1 -2.44158e-7 0 -1 3.94479e-7 0 -1 0 0 -1 -1.56069e-7 0 -1 0 0 -1 1.36918e-7 0 -1 -4.36461e-7 0 -1 6.25751e-7 0 -1 -3.38663e-7 0 -1 0 0 -1 0 0 -1 0 0 -1 -6.67094e-7 0 -1 -9.1699e-7 0 -1 -2.09204e-7 0 -1 -1.48938e-7 0 -1 -1.47704e-7 0 -1 -5.83552e-7 0 -1 0 0 -1 0 0 -1 -3.1818e-7 0 -1 -3.94799e-7 0 -1 0 0 -1 -1.55005e-7 0 -1 2.20312e-7 0 -1 -3.09135e-6 0 -1 0 0 -1 1.22317e-6 0 -1 0 0 -1 2.43769e-7 0 -1 0 0 -1 0 0 -1 4.77734e-7 0 -1 0 0 -1 0 0 -1 2.68787e-7 0 -1 -3.44269e-7 0 -1 0 0 -1 -1.9916e-7 0 -1 0 0 -1 0 0 -1 0 0 -1</float_array>
          <technique_common>
            <accessor source="#Circle_009-mesh-normals-array" count="235" stride="3">
              <param name="X" type="float"/>
              <param name="Y" type="float"/>
              <param name="Z" type="float"/>
            </accessor>
          </technique_common>
        </source>
        <source id="Circle_009-mesh-map-0">
          <float_array id="Circle_009-mesh-map-0-array" count="2778">0.5923348 0.9328047 0.5579972 0.9450246 0.5227483 0.6959401 0.2878883 0.8681076 0.3178925 0.59602 0.3176754 0.8939543 0.2602916 0.838252 0.2880868 0.5959814 0.2878883 0.8681076 0.2883204 0.2755028 0.3180953 0.3177626 0.2882897 0.3177239 0.1776834 0.3175809 0.1938485 0.2753813 0.193818 0.3176018 0.3180953 0.3177626 0.349792 0.2755826 0.3497613 0.3178037 0.2884224 0.1356081 0.3181551 0.2358005 0.2883495 0.2357617 0.2132337 0.235665 0.2356264 0.1988679 0.2355996 0.2356938 0.3181551 0.2358005 0.3499283 0.08836692 0.3498209 0.2358416 0.4174573 0.05920833 0.383 0.2358846 0.3831189 0.07142853 0.4173285 0.2359291 0.3829711 0.2756257 0.383 0.2358846 0.762609 0.2363772 0.5225154 0.2758067 0.5224936 0.2360656 0.7402695 0.1995216 0.762609 0.2363772 0.5224936 0.2360656 0.5225387 0.3180279 0.4857628 0.360932 0.4856445 0.31798 0.522391 0.05185073 0.4854191 0.2360175 0.4849058 0.04962313 0.5224936 0.2360656 0.4855284 0.2757587 0.4854191 0.2360175 0.4849058 0.04962313 0.4524306 0.2359747 0.452565 0.05184096 0.4854191 0.2360175 0.4524015 0.2757157 0.4524306 0.2359747 0.452565 0.05184096 0.4173285 0.2359291 0.4174573 0.05920833 0.4524306 0.2359747 0.4172995 0.2756702 0.4173285 0.2359291 0.3831189 0.07142853 0.3498209 0.2358416 0.3499283 0.08836692 0.383 0.2358846 0.349792 0.2755826 0.3498209 0.2358416 0.26073 0.2357262 0.2883204 0.2755028 0.260701 0.2754671 0.2351853 0.8047118 0.2604678 0.5959462 0.2602916 0.838252 0.2607818 0.1653925 0.2883495 0.2357617 0.26073 0.2357262 0.2355996 0.2356938 0.260701 0.2754671 0.2355707 0.2754346 0.2128462 0.7678568 0.2353373 0.5959133 0.2351853 0.8047118 0.2356264 0.1988679 0.26073 0.2357262 0.2355996 0.2356938 0.2132337 0.235665 0.2355707 0.2754346 0.2132049 0.2754057 0.1935186 0.7280902 0.2129715 0.5958843 0.2128462 0.7678568 0.1938485 0.2753813 0.2131742 0.3176268 0.193818 0.3176018 0.1774151 0.6858487 0.1936151 0.5958591 0.1935186 0.7280902 0.1647111 0.6415938 0.1774807 0.5958385 0.1774151 0.6858487 0.1647111 0.6415938 0.1555462 0.5958111 0.1647444 0.5958222 0.1555462 0.5958111 0.1525967 0.570824 0.1555644 0.5708314 0.3497303 0.3602171 0.3829402 0.3178467 0.3829092 0.3603916 0.4523394 0.3607565 0.4856445 0.31798 0.4857628 0.360932 0.3829092 0.3603916 0.4172687 0.3178912 0.4172376 0.3605719 0.2131437 0.3594992 0.23554 0.3176558 0.2355095 0.3596166 0.5225626 0.3611255 0.7980396 0.3183854 0.8107436 0.3626401 0.2606397 0.3597487 0.2882897 0.3177239 0.2882589 0.359894 0.1656522 0.3592496 0.1776834 0.3175809 0.177653 0.3593128 0.5225626 0.3611255 0.48589 0.407176 0.4857628 0.360932 0.4172376 0.3605719 0.4523707 0.3179368 0.4523394 0.3607565 0.3180645 0.3600506 0.3497613 0.3178037 0.3497303 0.3602171 0.2355095 0.3596166 0.2606703 0.3176882 0.2606397 0.3597487 0.1937875 0.3593974 0.2131742 0.3176268 0.2131437 0.3594992 0.177653 0.3593128 0.193818 0.3176018 0.1937875 0.3593974 0.2882589 0.359894 0.3180953 0.3177626 0.3180645 0.3600506 0.3496965 0.4066678 0.3829092 0.3603916 0.3828753 0.4067915 0.4523056 0.4070507 0.4857628 0.360932 0.48589 0.407176 0.3828753 0.4067915 0.4172376 0.3605719 0.4172039 0.4069198 0.2131097 0.4061577 0.2355095 0.3596166 0.2354755 0.4062411 0.5225882 0.4073132 0.8107436 0.3626401 0.8199085 0.4084234 0.2606058 0.4063352 0.2882589 0.359894 0.2882249 0.4064381 0.164915 0.3618029 0.177653 0.3593128 0.177619 0.4060253 0.4172039 0.4069198 0.4523394 0.3607565 0.4523056 0.4070507 0.5225882 0.4073132 0.4860212 0.4547931 0.48589 0.407176 0.2354755 0.4062411 0.2606397 0.3597487 0.2606058 0.4063352 0.3180306 0.4065495 0.3497303 0.3602171 0.3496965 0.4066678 0.1937535 0.4060854 0.2131437 0.3594992 0.2131097 0.4061577 0.177619 0.4060253 0.1937875 0.3593974 0.1937535 0.4060854 0.15601 0.4059427 0.164915 0.3618029 0.1648828 0.4059776 0.2882249 0.4064381 0.3180645 0.3600506 0.3180306 0.4065495 0.3496615 0.4546163 0.3828753 0.4067915 0.3828403 0.4546593 0.4522708 0.4547493 0.48589 0.407176 0.4860212 0.4547931 0.3828403 0.4546593 0.4172039 0.4069198 0.417169 0.4547038 0.2130745 0.4544394 0.2354755 0.4062411 0.2354404 0.4544683 0.5226145 0.4548407 0.8199085 0.4084234 0.8254339 0.4552327 0.1500896 0.4543577 0.1556836 0.4075605 0.1556494 0.4543638 0.1648475 0.4543769 0.177619 0.4060253 0.1775838 0.4543934 0.2605707 0.454501 0.2882249 0.4064381 0.2881899 0.4545365 0.417169 0.4547038 0.4523056 0.4070507 0.4522708 0.4547493 0.3179956 0.4545752 0.3496965 0.4066678 0.3496615 0.4546163 0.5226408 0.5021615 0.4903036 0.5021196 0.4861372 0.4969301 0.2354404 0.4544683 0.2606058 0.4063352 0.2605707 0.454501 0.1937183 0.4544141 0.2131097 0.4061577 0.2130745 0.4544394 0.1775838 0.4543934 0.1937535 0.4060854 0.1937183 0.4544141 0.1556836 0.4075605 0.1648475 0.4543769 0.1556494 0.4543638 0.2881899 0.4545365 0.3180306 0.4065495 0.3179956 0.4545752 0.3496615 0.4546163 0.3828058 0.5019802 0.349627 0.5019372 0.4522362 0.5020701 0.4528473 0.463432 0.4554128 0.5020743 0.3828403 0.4546593 0.4171346 0.5020246 0.3828058 0.5019802 0.2130745 0.4544394 0.2354059 0.5017893 0.2130401 0.5017603 0.5226408 0.5021615 0.8254339 0.4552327 0.8272596 0.502556 0.1500896 0.4543577 0.1556149 0.5016855 0.148195 0.5016764 0.2605707 0.454501 0.2881554 0.5018575 0.2605363 0.5018221 0.4171346 0.5020246 0.4522708 0.4547493 0.4522362 0.5020701 0.1648475 0.4543769 0.1775493 0.5017144 0.164813 0.501698 0.3179611 0.5018961 0.3496615 0.4546163 0.349627 0.5019372 0.2354059 0.5017893 0.2605707 0.454501 0.2605363 0.5018221 0.1937183 0.4544141 0.2130401 0.5017603 0.1936838 0.5017351 0.1775838 0.4543934 0.1936838 0.5017351 0.1775493 0.5017144 0.1556494 0.4543638 0.164813 0.501698 0.1556149 0.5016855 0.2881899 0.4545365 0.3179611 0.5018961 0.2881554 0.5018575 0.4524015 0.2757157 0.4172687 0.3178912 0.4172995 0.2756702 0.2882897 0.3177239 0.260701 0.2754671 0.2883204 0.2755028 0.23554 0.3176558 0.2132049 0.2754057 0.2355707 0.2754346 0.2132049 0.2754057 0.1938485 0.2753813 0.2132337 0.235665 0.4172995 0.2756702 0.3829402 0.3178467 0.3829711 0.2756257 0.781936 0.2761434 0.5225387 0.3180279 0.5225154 0.2758067 0.5225154 0.2758067 0.4856445 0.31798 0.4855284 0.2757587 0.4855284 0.2757587 0.4523707 0.3179368 0.4524015 0.2757157 0.3829711 0.2756257 0.3497613 0.3178037 0.349792 0.2755826 0.2606703 0.3176882 0.2355707 0.2754346 0.260701 0.2754671 0.2883495 0.2357617 0.3181261 0.2755416 0.2883204 0.2755028 0.3181261 0.2755416 0.3498209 0.2358416 0.349792 0.2755826 0.349627 0.5019372 0.3179611 0.5018961 0.3179611 0.5018961 0.4171346 0.5020246 0.3828058 0.5019802 0.4171346 0.5020246 0.3828058 0.5019802 0.349627 0.5019372 0.3828058 0.5019802 0.349627 0.5019372 0.3179611 0.5018961 0.3179611 0.5018961 0.4171346 0.5020246 0.3828058 0.5019802 0.4171346 0.5020246 0.3828058 0.5019802 0.349627 0.5019372 0.3828058 0.5019802 0.349627 0.5019372 0.3179611 0.5018961 0.3179611 0.5018961 0.4171346 0.5020246 0.3828058 0.5019802 0.4171346 0.5020246 0.3828058 0.5019802 0.349627 0.5019372 0.3828058 0.5019802 0.349627 0.5019372 0.3179611 0.5018961 0.3179611 0.5018961 0.4171346 0.5020246 0.3828058 0.5019802 0.4171346 0.5020246 0.3828058 0.5019802 0.349627 0.5019372 0.3828058 0.5019802 0.349627 0.5019372 0.3179611 0.5018961 0.3179611 0.5018961 0.4171346 0.5020246 0.3828058 0.5019802 0.4171346 0.5020246 0.3828058 0.5019802 0.349627 0.5019372 0.3828058 0.5019802 0.3316809 0.5019139 0.3179611 0.5018961 0.3179611 0.5018961 0.4171346 0.5020246 0.3828058 0.5019802 0.4171346 0.5020246 0.3828058 0.5019802 0.349627 0.5019372 0.3828058 0.5019802 0.349627 0.5019372 0.3418906 0.5019271 0.3316809 0.5019139 0.4171346 0.5020246 0.3828058 0.5019802 0.3828058 0.5019802 0.3828058 0.5019802 0.349627 0.5019372 0.3828058 0.5019802 0.349627 0.5019372 0.3491997 0.5019367 0.3418906 0.5019271 0.4171346 0.5020246 0.3828058 0.5019802 0.4171346 0.5020246 0.3828058 0.5019802 0.349627 0.5019372 0.3828058 0.5019802 0.349627 0.5019372 0.349627 0.5019372 0.3491997 0.5019367 0.4171346 0.5020246 0.3828058 0.5019802 0.4171346 0.5020246 0.3545362 0.5019436 0.349627 0.5019372 0.349627 0.5019372 0.349627 0.5019372 0.3375493 0.5019215 0.3322331 0.5019146 0.4171346 0.5020246 0.3828058 0.5019802 0.4171346 0.5020246 0.3828058 0.5019802 0.3584486 0.5019486 0.3545362 0.5019436 0.349627 0.5019372 0.3413916 0.5019266 0.3375493 0.5019215 0.4171346 0.5020246 0.3828058 0.5019802 0.4171346 0.5020246 0.3828058 0.5019802 0.3612757 0.5019523 0.3584486 0.5019486 0.349627 0.5019372 0.3413916 0.5019266 0.349627 0.5019372 0.4171346 0.5020246 0.3828058 0.5019802 0.4171346 0.5020246 0.3828058 0.5019802 0.3612757 0.5019523 0.3828058 0.5019802 0.3179611 0.5018961 0.2059673 0.3251159 0.3179611 0.5018961 0.2059673 0.3251159 0.2433388 0.3692303 0.2348363 0.3590087 0.5583571 0.667585 0.7622213 0.7685667 0.7398285 0.8053649 0.4979072 0.6724022 0.400356 0.5799686 0.5227228 0.6499339 0.5907148 0.6271829 0.5226964 0.6022174 0.565953 0.5963416 0.4522362 0.5020701 0.4554128 0.5020743 0.4461156 0.5473443 0.3179611 0.5018961 0.3179611 0.5018961 0.3178925 0.59602 0.3249819 0.5019052 0.3179611 0.5018961 0.3179611 0.5018961 0.3179611 0.5018961 0.3322331 0.5019146 0.3375493 0.5019215 0.1936151 0.5958591 0.2129896 0.5709692 0.2129715 0.5958843 0.1774807 0.5958385 0.1936333 0.5709223 0.1936151 0.5958591 0.1555462 0.5958111 0.1647626 0.5708531 0.1647444 0.5958222 0.3440513 0.50193 0.3179611 0.5018961 0.3413916 0.5019266 0.5226931 0.5962857 0.5462274 0.5717734 0.565953 0.5963416 0.2604678 0.5959462 0.2881049 0.5711503 0.2880868 0.5959814 0.2353373 0.5959133 0.260486 0.5710842 0.2604678 0.5959462 0.3179611 0.5018961 0.3249819 0.5019052 0.3322331 0.5019146 0.3179611 0.5018961 0.3375493 0.5019215 0.3413916 0.5019266 0.1647444 0.5958222 0.1774989 0.5708837 0.1774807 0.5958385 0.3440513 0.50193 0.349627 0.5019372 0.3673445 0.5146784 0.2880868 0.5959814 0.3179106 0.5712222 0.3178925 0.59602 0.5226931 0.5962857 0.5226964 0.6022174 0.5078371 0.5915702 0.2129715 0.5958843 0.2353555 0.5710232 0.2353373 0.5959133 0.3316809 0.5019139 0.3179611 0.5018961 0.3179611 0.5018961 0.3632317 0.5019548 0.3828058 0.5019802 0.4461156 0.5473443 0.2353555 0.5710232 0.2605363 0.5018221 0.260486 0.5710842 0.3249819 0.5019052 0.3179611 0.5018961 0.3418906 0.5019271 0.349627 0.5019372 0.3545362 0.5019436 0.3584486 0.5019486 0.3632317 0.5019548 0.349627 0.5019372 0.3612757 0.5019523 0.3179106 0.5712222 0.3179611 0.5018961 0.3179611 0.5018961 0.1774989 0.5708837 0.1936838 0.5017351 0.1936333 0.5709223 0.260486 0.5710842 0.2881554 0.5018575 0.2881049 0.5711503 0.3179611 0.5018961 0.3316809 0.5019139 0.3418906 0.5019271 0.2881049 0.5711503 0.3179611 0.5018961 0.3179106 0.5712222 0.2129896 0.5709692 0.2354059 0.5017893 0.2353555 0.5710232 0.1647626 0.5708531 0.1775493 0.5017144 0.1774989 0.5708837 0.3545362 0.5019436 0.349627 0.5019372 0.349627 0.5019372 0.3322331 0.5019146 0.3249819 0.5019052 0.3491997 0.5019367 0.349627 0.5019372 0.3584486 0.5019486 0.3612757 0.5019523 0.1500206 0.5490002 0.1556149 0.5016855 0.1555644 0.5708314 0.5226795 0.5717166 0.5078371 0.5915702 0.4461156 0.5473443 0.1936333 0.5709223 0.2130401 0.5017603 0.2129896 0.5709692 0.1555644 0.5708314 0.164813 0.501698 0.1647626 0.5708531 0.5226795 0.5717166 0.5226632 0.5424237 0.5462274 0.5717734 0.4522708 0.4547493 0.4540443 0.4584608 0.4532222 0.4591173 0.5226632 0.5424237 0.5226795 0.5717166 0.4461156 0.5473443 0.2059673 0.3251159 0.3179611 0.5018961 0.400356 0.5799686 0.4461156 0.5473443 0.5078371 0.5915702 0.3673445 0.5146784 0.5226964 0.6022174 0.5917486 0.6457853 0.5530707 0.6649664 0.5078371 0.5915702 0.5227228 0.6499339 0.3673445 0.5146784 0.6016915 0.6408545 0.5828466 0.6524788 0.5917486 0.6457853 0.6016915 0.6408545 0.5907148 0.6271829 0.8197712 0.5966702 0.4903036 0.5021196 0.5226408 0.5021615 0.5226632 0.5424237 0.4903036 0.5021196 0.4861514 0.5021141 0.4861372 0.4969301 0.5227395 0.6800085 0.5227228 0.6499339 0.5530707 0.6649664 0.8253649 0.5498749 0.8226676 0.57244 0.5462274 0.5717734 0.8226676 0.57244 0.565953 0.5963416 0.5462274 0.5717734 0.5227395 0.6800085 0.5023426 0.6766049 0.4979072 0.6724022 0.4570194 0.4606637 0.4860212 0.4547931 0.4861372 0.4969301 0.2059673 0.3251159 0.400356 0.5799686 0.2704528 0.4018266 0.4554128 0.5020743 0.4528473 0.463432 0.4570194 0.4606637 0.400356 0.5799686 0.4979072 0.6724022 0.2704528 0.4018266 0.5227409 0.6824488 0.5530707 0.6649664 0.5583571 0.667585 0.6016915 0.6408545 0.7816059 0.7288519 0.7622213 0.7685667 0.5227409 0.6824488 0.5227483 0.6959401 0.5023426 0.6766049 0.2407522 0.3660466 0.2398293 0.3649771 0.2433388 0.3692303 0.595565 0.637858 0.6016915 0.6408545 0.5917486 0.6457853 0.5907148 0.6271829 0.6016915 0.6408545 0.595565 0.637858 0.5828466 0.6524788 0.5530707 0.6649664 0.5917486 0.6457853 0.2348363 0.3590087 0.2398293 0.3649771 0.2407522 0.3660466 0.5579972 0.9450246 0.5228906 0.9523921 0.5227483 0.6959401 0.5227483 0.6959401 0.7398285 0.8053649 0.7146741 0.8388388 0.7146741 0.8388388 0.6870325 0.8686248 0.5227483 0.6959401 0.6870325 0.8686248 0.6572079 0.8943943 0.5227483 0.6959401 0.6572079 0.8943943 0.625526 0.9158661 0.5227483 0.6959401 0.625526 0.9158661 0.5923348 0.9328047 0.5227483 0.6959401 0.2878883 0.8681076 0.2880868 0.5959814 0.3178925 0.59602 0.2602916 0.838252 0.2604678 0.5959462 0.2880868 0.5959814 0.2883204 0.2755028 0.3181261 0.2755416 0.3180953 0.3177626 0.3180953 0.3177626 0.3181261 0.2755416 0.349792 0.2755826 0.2884224 0.1356081 0.3182469 0.1098387 0.3181551 0.2358005 0.3181551 0.2358005 0.3182469 0.1098387 0.3499283 0.08836692 0.4174573 0.05920833 0.4173285 0.2359291 0.383 0.2358846 0.4173285 0.2359291 0.4172995 0.2756702 0.3829711 0.2756257 0.762609 0.2363772 0.781936 0.2761434 0.5225154 0.2758067 0.5224936 0.2360656 0.522391 0.05185073 0.5586425 0.05939126 0.5586425 0.05939126 0.5929626 0.07170027 0.5224936 0.2360656 0.5929626 0.07170027 0.6261289 0.08872485 0.5224936 0.2360656 0.6261289 0.08872485 0.6577796 0.110279 0.5224936 0.2360656 0.6577796 0.110279 0.6875665 0.1361259 0.5224936 0.2360656 0.6875665 0.1361259 0.7151646 0.1659832 0.5224936 0.2360656 0.7151646 0.1659832 0.7402695 0.1995216 0.5224936 0.2360656 0.5225387 0.3180279 0.5225626 0.3611255 0.4857628 0.360932 0.522391 0.05185073 0.5224936 0.2360656 0.4854191 0.2360175 0.5224936 0.2360656 0.5225154 0.2758067 0.4855284 0.2757587 0.4849058 0.04962313 0.4854191 0.2360175 0.4524306 0.2359747 0.4854191 0.2360175 0.4855284 0.2757587 0.4524015 0.2757157 0.452565 0.05184096 0.4524306 0.2359747 0.4173285 0.2359291 0.4524306 0.2359747 0.4524015 0.2757157 0.4172995 0.2756702 0.3831189 0.07142853 0.383 0.2358846 0.3498209 0.2358416 0.383 0.2358846 0.3829711 0.2756257 0.349792 0.2755826 0.26073 0.2357262 0.2883495 0.2357617 0.2883204 0.2755028 0.2351853 0.8047118 0.2353373 0.5959133 0.2604678 0.5959462 0.2607818 0.1653925 0.2884224 0.1356081 0.2883495 0.2357617 0.2355996 0.2356938 0.26073 0.2357262 0.260701 0.2754671 0.2128462 0.7678568 0.2129715 0.5958843 0.2353373 0.5959133 0.2356264 0.1988679 0.2607818 0.1653925 0.26073 0.2357262 0.2132337 0.235665 0.2355996 0.2356938 0.2355707 0.2754346 0.1935186 0.7280902 0.1936151 0.5958591 0.2129715 0.5958843 0.1938485 0.2753813 0.2132049 0.2754057 0.2131742 0.3176268 0.1774151 0.6858487 0.1774807 0.5958385 0.1936151 0.5958591 0.1647111 0.6415938 0.1647444 0.5958222 0.1774807 0.5958385 0.3497303 0.3602171 0.3497613 0.3178037 0.3829402 0.3178467 0.4523394 0.3607565 0.4523707 0.3179368 0.4856445 0.31798 0.3829092 0.3603916 0.3829402 0.3178467 0.4172687 0.3178912 0.2131437 0.3594992 0.2131742 0.3176268 0.23554 0.3176558 0.5225626 0.3611255 0.5225387 0.3180279 0.7980396 0.3183854 0.2606397 0.3597487 0.2606703 0.3176882 0.2882897 0.3177239 0.5225626 0.3611255 0.5225882 0.4073132 0.48589 0.407176 0.4172376 0.3605719 0.4172687 0.3178912 0.4523707 0.3179368 0.3180645 0.3600506 0.3180953 0.3177626 0.3497613 0.3178037 0.2355095 0.3596166 0.23554 0.3176558 0.2606703 0.3176882 0.1937875 0.3593974 0.193818 0.3176018 0.2131742 0.3176268 0.177653 0.3593128 0.1776834 0.3175809 0.193818 0.3176018 0.2882589 0.359894 0.2882897 0.3177239 0.3180953 0.3177626 0.3496965 0.4066678 0.3497303 0.3602171 0.3829092 0.3603916 0.4523056 0.4070507 0.4523394 0.3607565 0.4857628 0.360932 0.3828753 0.4067915 0.3829092 0.3603916 0.4172376 0.3605719 0.2131097 0.4061577 0.2131437 0.3594992 0.2355095 0.3596166 0.5225882 0.4073132 0.5225626 0.3611255 0.8107436 0.3626401 0.2606058 0.4063352 0.2606397 0.3597487 0.2882589 0.359894 0.177619 0.4060253 0.1648828 0.4059776 0.164915 0.3618029 0.164915 0.3618029 0.1656522 0.3592496 0.177653 0.3593128 0.4172039 0.4069198 0.4172376 0.3605719 0.4523394 0.3607565 0.5225882 0.4073132 0.5226145 0.4548407 0.4860212 0.4547931 0.2354755 0.4062411 0.2355095 0.3596166 0.2606397 0.3597487 0.3180306 0.4065495 0.3180645 0.3600506 0.3497303 0.3602171 0.1937535 0.4060854 0.1937875 0.3593974 0.2131437 0.3594992 0.177619 0.4060253 0.177653 0.3593128 0.1937875 0.3593974 0.2882249 0.4064381 0.2882589 0.359894 0.3180645 0.3600506 0.3496615 0.4546163 0.3496965 0.4066678 0.3828753 0.4067915 0.4522708 0.4547493 0.4523056 0.4070507 0.48589 0.407176 0.3828403 0.4546593 0.3828753 0.4067915 0.4172039 0.4069198 0.2130745 0.4544394 0.2131097 0.4061577 0.2354755 0.4062411 0.5226145 0.4548407 0.5225882 0.4073132 0.8199085 0.4084234 0.1648475 0.4543769 0.1648828 0.4059776 0.177619 0.4060253 0.2605707 0.454501 0.2606058 0.4063352 0.2882249 0.4064381 0.417169 0.4547038 0.4172039 0.4069198 0.4523056 0.4070507 0.3179956 0.4545752 0.3180306 0.4065495 0.3496965 0.4066678 0.4860212 0.4547931 0.5226145 0.4548407 0.4861372 0.4969301 0.5226145 0.4548407 0.5226408 0.5021615 0.4861372 0.4969301 0.2354404 0.4544683 0.2354755 0.4062411 0.2606058 0.4063352 0.1937183 0.4544141 0.1937535 0.4060854 0.2131097 0.4061577 0.1775838 0.4543934 0.177619 0.4060253 0.1937535 0.4060854 0.1556836 0.4075605 0.1648828 0.4059776 0.1648475 0.4543769 0.2881899 0.4545365 0.2882249 0.4064381 0.3180306 0.4065495 0.3496615 0.4546163 0.3828403 0.4546593 0.3828058 0.5019802 0.4522362 0.5020701 0.4522708 0.4547493 0.4528473 0.463432 0.3828403 0.4546593 0.417169 0.4547038 0.4171346 0.5020246 0.2130745 0.4544394 0.2354404 0.4544683 0.2354059 0.5017893 0.5226408 0.5021615 0.5226145 0.4548407 0.8254339 0.4552327 0.1500896 0.4543577 0.1556494 0.4543638 0.1556149 0.5016855 0.2605707 0.454501 0.2881899 0.4545365 0.2881554 0.5018575 0.4171346 0.5020246 0.417169 0.4547038 0.4522708 0.4547493 0.1648475 0.4543769 0.1775838 0.4543934 0.1775493 0.5017144 0.3179611 0.5018961 0.3179956 0.4545752 0.3496615 0.4546163 0.2354059 0.5017893 0.2354404 0.4544683 0.2605707 0.454501 0.1937183 0.4544141 0.2130745 0.4544394 0.2130401 0.5017603 0.1775838 0.4543934 0.1937183 0.4544141 0.1936838 0.5017351 0.1556494 0.4543638 0.1648475 0.4543769 0.164813 0.501698 0.2881899 0.4545365 0.3179956 0.4545752 0.3179611 0.5018961 0.4524015 0.2757157 0.4523707 0.3179368 0.4172687 0.3178912 0.2882897 0.3177239 0.2606703 0.3176882 0.260701 0.2754671 0.23554 0.3176558 0.2131742 0.3176268 0.2132049 0.2754057 0.4172995 0.2756702 0.4172687 0.3178912 0.3829402 0.3178467 0.781936 0.2761434 0.7980396 0.3183854 0.5225387 0.3180279 0.5225154 0.2758067 0.5225387 0.3180279 0.4856445 0.31798 0.4855284 0.2757587 0.4856445 0.31798 0.4523707 0.3179368 0.3829711 0.2756257 0.3829402 0.3178467 0.3497613 0.3178037 0.2606703 0.3176882 0.23554 0.3176558 0.2355707 0.2754346 0.2883495 0.2357617 0.3181551 0.2358005 0.3181261 0.2755416 0.3181261 0.2755416 0.3181551 0.2358005 0.3498209 0.2358416 0.349627 0.5019372 0.349627 0.5019372 0.3179611 0.5018961 0.4171346 0.5020246 0.3828058 0.5019802 0.3828058 0.5019802 0.3828058 0.5019802 0.349627 0.5019372 0.349627 0.5019372 0.349627 0.5019372 0.349627 0.5019372 0.3179611 0.5018961 0.4171346 0.5020246 0.3828058 0.5019802 0.3828058 0.5019802 0.3828058 0.5019802 0.349627 0.5019372 0.349627 0.5019372 0.349627 0.5019372 0.349627 0.5019372 0.3179611 0.5018961 0.4171346 0.5020246 0.3828058 0.5019802 0.3828058 0.5019802 0.3828058 0.5019802 0.349627 0.5019372 0.349627 0.5019372 0.349627 0.5019372 0.349627 0.5019372 0.3179611 0.5018961 0.4171346 0.5020246 0.3828058 0.5019802 0.3828058 0.5019802 0.3828058 0.5019802 0.349627 0.5019372 0.349627 0.5019372 0.349627 0.5019372 0.349627 0.5019372 0.3179611 0.5018961 0.4171346 0.5020246 0.3828058 0.5019802 0.3828058 0.5019802 0.3828058 0.5019802 0.349627 0.5019372 0.349627 0.5019372 0.3179611 0.5018961 0.349627 0.5019372 0.3316809 0.5019139 0.349627 0.5019372 0.349627 0.5019372 0.3316809 0.5019139 0.4171346 0.5020246 0.3828058 0.5019802 0.3828058 0.5019802 0.3828058 0.5019802 0.349627 0.5019372 0.349627 0.5019372 0.349627 0.5019372 0.349627 0.5019372 0.3418906 0.5019271 0.4171346 0.5020246 0.4171346 0.5020246 0.3828058 0.5019802 0.3828058 0.5019802 0.349627 0.5019372 0.349627 0.5019372 0.349627 0.5019372 0.349627 0.5019372 0.3491997 0.5019367 0.4171346 0.5020246 0.3828058 0.5019802 0.3828058 0.5019802 0.3828058 0.5019802 0.349627 0.5019372 0.349627 0.5019372 0.4171346 0.5020246 0.3828058 0.5019802 0.3828058 0.5019802 0.349627 0.5019372 0.3828058 0.5019802 0.3545362 0.5019436 0.3828058 0.5019802 0.3828058 0.5019802 0.3545362 0.5019436 0.349627 0.5019372 0.349627 0.5019372 0.3375493 0.5019215 0.4171346 0.5020246 0.3828058 0.5019802 0.3828058 0.5019802 0.3828058 0.5019802 0.3828058 0.5019802 0.3584486 0.5019486 0.349627 0.5019372 0.349627 0.5019372 0.3413916 0.5019266 0.4171346 0.5020246 0.3828058 0.5019802 0.3828058 0.5019802 0.3828058 0.5019802 0.3828058 0.5019802 0.3612757 0.5019523 0.349627 0.5019372 0.3440513 0.50193 0.3413916 0.5019266 0.4171346 0.5020246 0.3828058 0.5019802 0.3828058 0.5019802 0.3828058 0.5019802 0.3632317 0.5019548 0.3612757 0.5019523 0 0 0 0 0.2059673 0.3251159 0 0 0.3176754 0.8939543 0.2059673 0.3251159 0.2059673 0.3251159 0.3178925 0.59602 0.3179611 0.5018961 0.3176754 0.8939543 0.3178925 0.59602 0.2059673 0.3251159 0.3178925 0.59602 0.3179611 0.5018961 0.3179611 0.5018961 0.3178925 0.59602 0.3179611 0.5018961 0.3179611 0.5018961 0 0 0 0 0.2059673 0.3251159 0.3179611 0.5018961 0.2059673 0.3251159 0.3179611 0.5018961 0.3179611 0.5018961 0.2059673 0.3251159 0.3179611 0.5018961 0.5227483 0.6959401 0.5228906 0.9523921 0.246762 0.3731675 0.5228906 0.9523921 0 0 0.246762 0.3731675 0.246762 0.3731675 0 0 0.2348363 0.3590087 0 0 0 0 0.2348363 0.3590087 0 0 0 0 0.2348363 0.3590087 0.2348363 0.3590087 0 0 0.2059673 0.3251159 0.2059673 0.3251159 0.2704528 0.4018266 0.2433388 0.3692303 0.246762 0.3731675 0.5023426 0.6766049 0.5227483 0.6959401 0.7398285 0.8053649 0.5227483 0.6959401 0.5583571 0.667585 0.5227483 0.6959401 0.5227409 0.6824488 0.5583571 0.667585 0.400356 0.5799686 0.3179611 0.5018961 0.3673445 0.5146784 0.3179611 0.5018961 0.3440513 0.50193 0.3673445 0.5146784 0.3673445 0.5146784 0.5227228 0.6499339 0.400356 0.5799686 0.5227228 0.6499339 0.5227395 0.6800085 0.4979072 0.6724022 0.595565 0.637858 0.5226964 0.6022174 0.5907148 0.6271829 0.5226964 0.6022174 0.5226931 0.5962857 0.565953 0.5963416 0.4461156 0.5473443 0.3828058 0.5019802 0.4522362 0.5020701 0.3828058 0.5019802 0.4171346 0.5020246 0.4522362 0.5020701 0.3179611 0.5018961 0.3178925 0.59602 0.3179611 0.5018961 0.3178925 0.59602 0.3179106 0.5712222 0.3179611 0.5018961 0.3179611 0.5018961 0.3178925 0.59602 0.3179611 0.5018961 0.3179611 0.5018961 0.3179611 0.5018961 0.3322331 0.5019146 0.1936151 0.5958591 0.1936333 0.5709223 0.2129896 0.5709692 0.1774807 0.5958385 0.1774989 0.5708837 0.1936333 0.5709223 0.1555462 0.5958111 0.1555644 0.5708314 0.1647626 0.5708531 0.3440513 0.50193 0.3179611 0.5018961 0.3179611 0.5018961 0.5226931 0.5962857 0.5226795 0.5717166 0.5462274 0.5717734 0.2604678 0.5959462 0.260486 0.5710842 0.2881049 0.5711503 0.2353373 0.5959133 0.2353555 0.5710232 0.260486 0.5710842 0.3179611 0.5018961 0.3179611 0.5018961 0.3249819 0.5019052 0.3179611 0.5018961 0.3179611 0.5018961 0.3375493 0.5019215 0.1647444 0.5958222 0.1647626 0.5708531 0.1774989 0.5708837 0.2880868 0.5959814 0.2881049 0.5711503 0.3179106 0.5712222 0.2129715 0.5958843 0.2129896 0.5709692 0.2353555 0.5710232 0.2353555 0.5710232 0.2354059 0.5017893 0.2605363 0.5018221 0.3418906 0.5019271 0.3491997 0.5019367 0.3249819 0.5019052 0.3249819 0.5019052 0.3179611 0.5018961 0.3179611 0.5018961 0.349627 0.5019372 0.349627 0.5019372 0.3545362 0.5019436 0.3632317 0.5019548 0.349627 0.5019372 0.349627 0.5019372 0.3179106 0.5712222 0.3179611 0.5018961 0.3179611 0.5018961 0.3179106 0.5712222 0.3179611 0.5018961 0.3179611 0.5018961 0.3179611 0.5018961 0.3179611 0.5018961 0.3179106 0.5712222 0.3179611 0.5018961 0.3179611 0.5018961 0.3179106 0.5712222 0.3179106 0.5712222 0.3179611 0.5018961 0.3179611 0.5018961 0.1774989 0.5708837 0.1775493 0.5017144 0.1936838 0.5017351 0.260486 0.5710842 0.2605363 0.5018221 0.2881554 0.5018575 0.3179611 0.5018961 0.3179611 0.5018961 0.3316809 0.5019139 0.2881049 0.5711503 0.2881554 0.5018575 0.3179611 0.5018961 0.2129896 0.5709692 0.2130401 0.5017603 0.2354059 0.5017893 0.1647626 0.5708531 0.164813 0.501698 0.1775493 0.5017144 0.3491997 0.5019367 0.349627 0.5019372 0.349627 0.5019372 0.349627 0.5019372 0.3322331 0.5019146 0.3491997 0.5019367 0.349627 0.5019372 0.349627 0.5019372 0.3584486 0.5019486 0.1555644 0.5708314 0.1525967 0.570824 0.1500206 0.5490002 0.1500206 0.5490002 0.148195 0.5016764 0.1556149 0.5016855 0.5226795 0.5717166 0.5226931 0.5962857 0.5078371 0.5915702 0.1936333 0.5709223 0.1936838 0.5017351 0.2130401 0.5017603 0.1555644 0.5708314 0.1556149 0.5016855 0.164813 0.501698 0.4522708 0.4547493 0.4570194 0.4606637 0.4540443 0.4584608 0.4532222 0.4591173 0.4528473 0.463432 0.4522708 0.4547493 0.4461156 0.5473443 0.4554128 0.5020743 0.4861514 0.5021141 0.4861514 0.5021141 0.4903036 0.5021196 0.4461156 0.5473443 0.4903036 0.5021196 0.5226632 0.5424237 0.4461156 0.5473443 0.3673445 0.5146784 0.349627 0.5019372 0.3632317 0.5019548 0.3632317 0.5019548 0.4461156 0.5473443 0.3673445 0.5146784 0.5530707 0.6649664 0.5227228 0.6499339 0.5226964 0.6022174 0.5226964 0.6022174 0.595565 0.637858 0.5917486 0.6457853 0.5078371 0.5915702 0.5226964 0.6022174 0.5227228 0.6499339 0.5907148 0.6271829 0.565953 0.5963416 0.8197712 0.5966702 0.8197712 0.5966702 0.8105394 0.6424298 0.6016915 0.6408545 0.8105394 0.6424298 0.797771 0.6866518 0.6016915 0.6408545 0.797771 0.6866518 0.7816059 0.7288519 0.6016915 0.6408545 0.5462274 0.5717734 0.5226632 0.5424237 0.5226408 0.5021615 0.5226408 0.5021615 0.8272596 0.502556 0.5462274 0.5717734 0.8272596 0.502556 0.8253649 0.5498749 0.5462274 0.5717734 0.8226676 0.57244 0.8197712 0.5966702 0.565953 0.5963416 0.5227395 0.6800085 0.5227409 0.6824488 0.5023426 0.6766049 0.4570194 0.4606637 0.4522708 0.4547493 0.4860212 0.4547931 0.4540443 0.4584608 0.4570194 0.4606637 0.4532222 0.4591173 0.4570194 0.4606637 0.4861372 0.4969301 0.4554128 0.5020743 0.4532222 0.4591173 0.4570194 0.4606637 0.4528473 0.463432 0.4861372 0.4969301 0.4861514 0.5021141 0.4554128 0.5020743 0.5227409 0.6824488 0.5227395 0.6800085 0.5530707 0.6649664 0.7622213 0.7685667 0.5583571 0.667585 0.5828466 0.6524788 0.5828466 0.6524788 0.6016915 0.6408545 0.7622213 0.7685667 0.2433388 0.3692303 0.2704528 0.4018266 0.246762 0.3731675 0.2704528 0.4018266 0.4979072 0.6724022 0.5023426 0.6766049 0.246762 0.3731675 0.2704528 0.4018266 0.5023426 0.6766049 0.246762 0.3731675 0.2407522 0.3660466 0.2433388 0.3692303 0.5828466 0.6524788 0.5583571 0.667585 0.5530707 0.6649664 0.2407522 0.3660466 0.246762 0.3731675 0.2348363 0.3590087 0.2348363 0.3590087 0.2433388 0.3692303 0.2398293 0.3649771</float_array>
          <technique_common>
            <accessor source="#Circle_009-mesh-map-0-array" count="1389" stride="2">
              <param name="S" type="float"/>
              <param name="T" type="float"/>
            </accessor>
          </technique_common>
        </source>
        <vertices id="Circle_009-mesh-vertices">
          <input semantic="POSITION" source="#Circle_009-mesh-positions"/>
        </vertices>
        <triangles material="beyaz-material" count="141">
          <input semantic="VERTEX" source="#Circle_009-mesh-vertices" offset="0"/>
          <input semantic="NORMAL" source="#Circle_009-mesh-normals" offset="1"/>
          <input semantic="TEXCOORD" source="#Circle_009-mesh-map-0" offset="2" set="0"/>
          <p>61 2 15 143 2 16 77 2 17 91 2 105 64 2 106 86 2 107 68 2 132 77 2 133 91 2 134 97 2 147 86 2 148 99 2 149 102 2 177 91 2 178 97 2 179 117 2 192 99 2 193 116 2 194 112 2 219 97 2 220 117 2 221 117 25 240 132 25 241 139 25 242 128 30 267 117 30 268 139 30 269 146 2 309 77 2 310 143 2 311 139 2 321 152 2 322 128 2 323 153 36 327 139 36 328 132 36 329 154 2 330 156 2 331 152 2 332 157 2 336 154 2 337 153 2 338 158 37 339 160 37 340 156 37 341 161 38 345 158 38 346 157 38 347 162 2 348 164 2 349 160 2 350 165 2 354 162 2 355 161 2 356 166 2 357 168 2 358 164 2 359 169 2 363 166 2 364 165 2 365 222 2 366 227 2 367 168 2 368 173 2 372 170 2 373 169 2 374 174 40 375 226 40 376 222 40 377 177 2 381 174 2 382 173 2 383 178 42 384 231 42 385 226 42 386 181 2 390 178 2 391 177 2 392 182 44 393 219 44 394 231 44 395 225 2 399 219 2 400 182 2 401 186 45 402 216 45 403 214 45 404 185 47 408 232 47 409 225 47 410 190 48 411 201 48 412 216 48 413 189 50 417 235 50 418 232 50 419 198 2 420 201 2 421 194 2 422 197 52 426 235 52 427 193 52 428 250 55 438 240 55 439 242 55 440 263 2 441 200 2 442 248 2 443 211 2 450 180 2 451 215 2 452 188 58 453 214 58 454 216 58 455 204 59 465 192 59 466 201 59 467 205 2 468 245 2 469 248 2 470 184 62 477 211 62 478 214 62 479 192 63 480 216 63 481 201 63 482 204 2 486 198 2 487 243 2 488 205 65 492 200 65 493 203 65 494 222 2 498 172 2 499 227 2 500 236 66 501 197 66 502 230 66 503 211 2 507 176 2 508 226 2 509 190 67 510 225 67 511 232 67 512 236 2 513 194 2 514 235 2 515 176 69 525 222 69 526 226 69 527 225 2 537 186 2 538 219 2 539 214 2 540 211 2 541 231 2 542 194 72 543 232 72 544 235 72 545 220 73 549 203 73 550 230 73 551 220 74 558 246 74 559 245 74 560 246 76 564 220 76 565 230 76 566 230 2 570 203 2 571 243 2 572 200 78 573 265 78 574 249 78 575 203 2 576 242 2 577 243 2 578 251 81 588 131 81 589 247 81 590 244 2 591 242 2 592 249 2 593 244 2 600 259 2 601 250 2 602 239 84 609 253 84 610 254 84 611 240 85 612 250 85 613 258 85 614 260 86 615 249 86 616 257 86 617 268 88 624 269 88 625 267 88 626 264 2 633 249 2 634 265 2 635 61 2 666 147 2 667 143 2 668 91 107 765 77 107 766 64 107 767 68 115 789 61 115 790 77 115 791 97 120 804 91 120 805 86 120 806 102 130 837 68 130 838 91 130 839 117 134 849 97 134 850 99 134 851 112 142 873 102 142 874 97 142 875 117 2 897 116 2 898 132 2 899 128 2 924 112 2 925 117 2 926 146 159 963 64 159 964 77 159 965 139 2 975 154 2 976 152 2 977 153 2 981 154 2 982 139 2 983 154 160 984 158 160 985 156 160 986 157 161 990 158 161 991 154 161 992 158 162 993 162 162 994 160 162 995 161 2 999 162 2 1000 158 2 1001 162 2 1002 166 2 1003 164 2 1004 165 2 1008 166 2 1009 162 2 1010 166 2 1011 170 2 1012 168 2 1013 169 166 1017 170 166 1018 166 166 1019 168 167 1020 170 167 1021 222 167 1022 170 2 1023 174 2 1024 222 2 1025 173 169 1029 174 169 1030 170 169 1031 174 170 1032 178 170 1033 226 170 1034 177 171 1038 178 171 1039 174 171 1040 178 172 1041 182 172 1042 231 172 1043 181 174 1047 182 174 1048 178 174 1049 182 2 1053 181 2 1054 225 2 1055 181 2 1056 185 2 1057 225 2 1058 186 2 1059 190 2 1060 216 2 1061 185 2 1065 189 2 1066 232 2 1067 190 2 1068 194 2 1069 201 2 1070 189 2 1074 193 2 1075 235 2 1076 198 2 1077 204 2 1078 201 2 1079 197 177 1083 236 177 1084 235 177 1085 240 185 1143 196 185 1144 243 185 1145 196 2 1146 204 2 1147 243 2 1148 243 186 1149 242 186 1150 240 186 1151 242 187 1152 244 187 1153 250 187 1154 262 188 1155 200 188 1156 263 188 1157 200 2 1158 205 2 1159 248 2 1160 188 2 1176 184 2 1177 214 2 1178 204 195 1188 196 195 1189 192 195 1190 205 196 1191 220 196 1192 245 196 1193 184 199 1200 180 199 1201 211 199 1202 192 200 1203 188 200 1204 216 200 1205 226 205 1218 231 205 1219 211 205 1220 211 2 1221 215 2 1222 176 2 1223 190 206 1224 186 206 1225 225 206 1226 236 207 1227 198 207 1228 194 207 1229 176 2 1251 172 2 1252 222 2 1253 231 2 1263 219 2 1264 186 2 1265 186 2 1266 214 2 1267 231 2 1268 194 2 1269 190 2 1270 232 2 1271 220 215 1278 205 215 1279 203 215 1280 230 219 1293 239 219 1294 131 219 1295 131 220 1296 251 220 1297 230 220 1298 251 221 1299 246 221 1300 230 221 1301 243 2 1302 198 2 1303 236 2 1304 236 2 1305 230 2 1306 243 2 1307 249 222 1308 242 222 1309 200 222 1310 200 2 1311 262 2 1312 265 2 1313 203 2 1314 200 2 1315 242 2 1316 244 2 1341 260 2 1342 259 2 1343 255 2 1347 254 2 1348 256 2 1349 254 227 1350 247 227 1351 239 227 1352 256 2 1353 254 2 1354 253 2 1355 247 228 1356 131 228 1357 239 228 1358 260 229 1359 244 229 1360 249 229 1361 267 2 1368 258 2 1369 266 2 1370 258 232 1371 250 232 1372 259 232 1373 266 233 1374 258 233 1375 259 233 1376 266 2 1377 268 2 1378 267 2 1379 264 234 1380 257 234 1381 249 234 1382</p>
        </triangles>
        <triangles material="mavi-material" count="322">
          <input semantic="VERTEX" source="#Circle_009-mesh-vertices" offset="0"/>
          <input semantic="NORMAL" source="#Circle_009-mesh-normals" offset="1"/>
          <input semantic="TEXCOORD" source="#Circle_009-mesh-map-0" offset="2" set="0"/>
          <p>3 0 0 2 0 1 199 0 2 54 1 3 210 1 4 55 1 5 53 2 6 202 2 7 54 2 8 149 3 9 61 3 10 60 3 11 41 2 12 40 2 13 83 2 14 36 2 18 63 2 19 62 2 20 39 2 21 38 2 22 80 2 23 63 2 24 34 2 25 76 2 26 32 2 27 65 2 28 33 2 29 74 2 30 146 2 31 65 2 32 21 2 33 141 2 34 67 2 35 22 4 36 21 4 37 67 4 38 66 5 39 84 5 40 71 5 41 29 6 42 70 6 43 30 6 44 67 7 45 110 7 46 70 7 47 30 8 48 73 8 49 31 8 50 70 2 51 142 2 52 73 2 53 31 2 54 74 2 55 32 2 56 73 2 57 144 2 58 74 2 59 33 2 60 76 2 61 34 2 62 65 2 63 143 2 64 76 2 65 78 2 66 149 2 67 145 2 68 52 2 69 213 2 70 53 2 71 37 9 72 62 9 73 78 9 74 80 2 75 145 2 76 150 2 77 51 2 78 206 2 79 52 2 80 38 10 81 78 10 82 80 10 83 39 2 84 150 2 85 148 2 86 50 2 87 212 2 88 51 2 89 40 11 90 82 11 91 83 11 92 49 2 93 209 2 94 50 2 95 48 2 96 207 2 97 49 2 98 48 2 99 47 2 100 208 2 101 47 12 102 221 12 103 237 12 104 92 13 108 71 13 109 84 13 110 86 2 111 75 2 112 90 2 113 93 2 114 81 2 115 69 2 116 85 14 117 19 14 118 18 14 119 87 2 120 60 2 121 95 2 122 94 2 123 41 2 124 89 2 125 85 2 126 96 2 127 84 2 128 90 2 129 72 2 130 92 2 131 69 15 135 79 15 136 87 15 137 88 2 138 82 2 139 93 2 140 89 16 141 83 16 142 88 16 143 95 17 144 61 17 145 68 17 146 98 2 150 84 2 151 96 2 152 99 2 153 90 2 154 107 2 155 100 18 156 69 18 157 108 18 158 109 19 159 18 19 160 17 19 161 101 2 162 95 2 163 105 2 164 42 2 165 89 2 166 106 2 167 107 20 168 92 20 169 98 20 170 109 2 171 113 2 172 96 2 173 108 2 174 87 2 175 101 2 176 103 2 180 93 2 181 100 2 182 106 2 183 88 2 184 103 2 185 43 2 186 42 2 187 104 2 188 105 21 189 68 21 190 102 21 191 119 22 195 96 22 196 113 22 197 116 2 198 107 2 199 124 2 200 122 2 201 108 2 202 111 2 203 114 2 204 17 2 205 16 2 206 44 2 207 43 2 208 123 2 209 118 2 210 106 2 211 121 2 212 125 2 213 105 2 214 120 2 215 124 2 216 98 2 217 119 2 218 134 2 222 251 2 223 247 2 224 111 2 225 101 2 226 125 2 227 115 23 228 100 23 229 122 23 230 121 2 231 103 2 232 115 2 233 43 24 234 118 24 235 123 24 236 120 2 237 102 2 238 112 2 239 130 26 243 253 26 244 239 26 245 116 27 246 126 27 247 132 27 248 122 2 249 140 2 250 137 2 251 134 2 252 16 2 253 15 2 254 44 28 255 138 28 256 45 28 257 125 2 258 133 2 259 129 2 260 126 2 261 119 2 262 130 2 263 118 29 264 135 29 265 127 29 266 140 2 270 125 2 271 129 2 272 115 31 273 137 31 274 136 31 275 121 32 276 136 32 277 135 32 278 123 33 279 127 33 280 138 33 281 120 34 282 128 34 283 133 34 284 142 2 285 75 2 286 144 2 287 60 2 288 145 2 289 149 2 290 81 2 291 148 2 292 150 2 293 148 2 294 40 2 295 39 2 296 144 2 297 64 2 298 146 2 299 20 35 300 66 35 301 141 35 302 141 2 303 71 2 304 110 2 305 110 2 306 72 2 307 142 2 308 79 2 312 150 2 313 145 2 314 62 2 315 147 2 316 149 2 317 147 2 318 76 2 319 143 2 320 151 2 324 132 2 325 126 2 326 155 2 333 153 2 334 151 2 335 159 2 342 157 2 343 155 2 344 163 2 351 161 2 352 159 2 353 167 39 360 165 39 361 163 39 362 171 2 369 169 2 370 167 2 371 171 41 378 177 41 379 173 41 380 179 43 387 177 43 388 175 43 389 183 43 396 181 43 397 179 43 398 187 46 405 185 46 406 183 46 407 191 49 414 189 49 415 187 49 416 195 51 423 193 51 424 191 51 425 188 2 429 241 2 430 184 2 431 241 53 432 267 53 433 261 53 434 257 54 435 9 54 436 8 54 437 130 56 444 239 56 445 230 56 446 227 57 447 172 57 448 210 57 449 209 2 456 233 2 457 212 2 458 207 2 459 228 2 460 209 2 461 47 2 462 224 2 463 208 2 464 213 60 471 218 60 472 202 60 473 206 61 474 234 61 475 213 61 476 208 64 483 223 64 484 207 64 485 202 2 489 229 2 490 210 2 491 212 2 495 217 2 496 206 2 497 217 2 504 129 2 505 234 2 506 229 68 516 160 68 517 164 68 518 223 2 519 136 2 520 228 2 521 234 2 522 133 2 523 218 2 524 218 70 528 128 70 529 229 70 530 233 2 531 140 2 532 217 2 533 224 71 534 135 71 535 223 71 536 46 2 546 138 2 547 237 2 548 228 2 552 137 2 553 233 2 554 237 2 555 127 2 556 224 2 557 119 75 561 255 75 562 256 75 563 241 77 567 196 77 568 240 77 569 252 79 579 264 79 580 265 79 581 252 80 582 263 80 583 13 80 584 251 2 585 134 2 586 246 2 587 14 2 594 238 2 595 245 2 596 238 2 597 248 2 598 245 2 599 254 82 603 113 82 604 247 82 605 241 83 606 240 83 607 258 83 608 252 87 618 10 87 619 9 87 620 260 2 621 199 2 622 259 2 623 262 2 627 252 2 628 265 2 629 263 2 630 252 2 631 262 2 632 261 89 636 269 89 637 268 89 638 2 2 639 1 2 640 199 2 641 199 90 642 8 90 643 7 90 644 7 2 645 6 2 646 199 2 647 6 2 648 5 2 649 199 2 650 5 91 651 4 91 652 199 91 653 4 92 654 3 92 655 199 92 656 54 93 657 202 93 658 210 93 659 53 94 660 213 94 661 202 94 662 149 2 663 147 2 664 61 2 665 36 2 669 35 2 670 63 2 671 63 2 672 35 2 673 34 2 674 32 2 675 74 2 676 65 2 677 74 95 678 144 95 679 146 95 680 21 96 681 20 96 682 141 96 683 67 97 684 29 97 685 28 97 686 28 2 687 27 2 688 67 2 689 27 98 690 26 98 691 67 98 692 26 2 693 25 2 694 67 2 695 25 2 696 24 2 697 67 2 698 24 2 699 23 2 700 67 2 701 23 99 702 22 99 703 67 99 704 66 100 705 85 100 706 84 100 707 29 101 708 67 101 709 70 101 710 67 2 711 141 2 712 110 2 713 30 2 714 70 2 715 73 2 716 70 2 717 110 2 718 142 2 719 31 102 720 73 102 721 74 102 722 73 2 723 142 2 724 144 2 725 33 103 726 65 103 727 76 103 728 65 104 729 146 104 730 143 104 731 78 2 732 62 2 733 149 2 734 52 105 735 206 105 736 213 105 737 37 2 738 36 2 739 62 2 740 80 2 741 78 2 742 145 2 743 51 2 744 212 2 745 206 2 746 38 2 747 37 2 748 78 2 749 39 2 750 80 2 751 150 2 752 50 2 753 209 2 754 212 2 755 40 2 756 148 2 757 82 2 758 49 2 759 207 2 760 209 2 761 48 106 762 208 106 763 207 106 764 92 108 768 72 108 769 71 108 770 86 109 771 64 109 772 75 109 773 93 110 774 82 110 775 81 110 776 85 111 777 66 111 778 19 111 779 87 112 780 79 112 781 60 112 782 85 113 783 109 113 784 96 113 785 90 114 786 75 114 787 72 114 788 69 116 792 81 116 793 79 116 794 88 117 795 83 117 796 82 117 797 89 118 798 41 118 799 83 118 800 95 119 801 60 119 802 61 119 803 98 121 807 92 121 808 84 121 809 99 122 810 86 122 811 90 122 812 100 123 813 93 123 814 69 123 815 109 124 816 85 124 817 18 124 818 101 125 819 87 125 820 95 125 821 106 2 822 104 2 823 42 2 824 42 126 825 94 126 826 89 126 827 107 127 828 90 127 829 92 127 830 109 128 831 114 128 832 113 128 833 108 129 834 69 129 835 87 129 836 103 131 840 88 131 841 93 131 842 106 132 843 89 132 844 88 132 845 105 133 846 95 133 847 68 133 848 119 135 852 98 135 853 96 135 854 116 136 855 99 136 856 107 136 857 122 137 858 100 137 859 108 137 860 114 138 861 109 138 862 17 138 863 118 139 864 104 139 865 106 139 866 125 140 867 101 140 868 105 140 869 124 141 870 107 141 871 98 141 872 113 2 876 114 2 877 247 2 878 114 143 879 134 143 880 247 143 881 111 144 882 108 144 883 101 144 884 115 145 885 103 145 886 100 145 887 121 146 888 106 146 889 103 146 890 43 2 891 104 2 892 118 2 893 120 147 894 105 147 895 102 147 896 130 148 900 119 148 901 253 148 902 116 149 903 124 149 904 126 149 905 122 2 906 111 2 907 140 2 908 134 150 909 114 150 910 16 150 911 44 2 912 123 2 913 138 2 914 125 2 915 120 2 916 133 2 917 126 151 918 124 151 919 119 151 920 118 2 921 121 2 922 135 2 923 140 152 927 111 152 928 125 152 929 115 2 930 122 2 931 137 2 932 121 153 933 115 153 934 136 153 935 123 2 936 118 2 937 127 2 938 120 2 939 112 2 940 128 2 941 142 154 942 72 154 943 75 154 944 60 2 945 79 2 946 145 2 947 81 2 948 82 2 949 148 2 950 144 155 951 75 155 952 64 155 953 20 156 954 19 156 955 66 156 956 141 157 957 66 157 958 71 157 959 110 158 960 71 158 961 72 158 962 79 2 966 81 2 967 150 2 968 62 2 969 63 2 970 147 2 971 147 2 972 63 2 973 76 2 974 151 2 978 153 2 979 132 2 980 155 2 987 157 2 988 153 2 989 159 163 996 161 163 997 157 163 998 163 164 1005 165 164 1006 161 164 1007 167 165 1014 169 165 1015 165 165 1016 171 168 1026 173 168 1027 169 168 1028 171 2 1035 175 2 1036 177 2 1037 179 173 1044 181 173 1045 177 173 1046 183 175 1050 185 175 1051 181 175 1052 187 2 1062 189 2 1063 185 2 1064 191 176 1071 193 176 1072 189 176 1073 195 2 1080 197 2 1081 193 2 1082 57 2 1086 56 2 1087 241 2 1088 56 178 1089 55 178 1090 241 178 1091 241 179 1092 210 179 1093 184 179 1094 55 180 1095 210 180 1096 241 180 1097 210 2 1098 215 2 1099 180 2 1100 210 2 1101 180 2 1102 184 2 1103 58 2 1104 57 2 1105 241 2 1106 196 2 1107 241 2 1108 192 2 1109 192 181 1110 241 181 1111 188 181 1112 199 2 1113 1 2 1114 266 2 1115 1 2 1116 0 2 1117 266 2 1118 266 182 1119 0 182 1120 261 182 1121 0 183 1122 59 183 1123 261 183 1124 59 2 1125 58 2 1126 261 2 1127 261 2 1128 58 2 1129 241 2 1130 241 2 1131 258 2 1132 267 2 1133 266 2 1134 259 2 1135 199 2 1136 8 184 1137 199 184 1138 257 184 1139 199 2 1140 260 2 1141 257 2 1142 230 2 1161 197 2 1162 130 2 1163 197 189 1164 195 189 1165 130 189 1166 215 190 1167 210 190 1168 176 190 1169 210 191 1170 229 191 1171 227 191 1172 176 2 1173 210 2 1174 172 2 1175 209 192 1179 228 192 1180 233 192 1181 207 193 1182 223 193 1183 228 193 1184 47 194 1185 237 194 1186 224 194 1187 213 197 1194 234 197 1195 218 197 1196 206 198 1197 217 198 1198 234 198 1199 208 201 1206 224 201 1207 223 201 1208 202 202 1209 218 202 1210 229 202 1211 212 203 1212 233 203 1213 217 203 1214 217 204 1215 140 204 1216 129 204 1217 229 2 1230 128 2 1231 152 2 1232 229 2 1233 152 2 1234 156 2 1235 168 208 1236 227 208 1237 229 208 1238 164 209 1239 168 209 1240 229 209 1241 229 210 1242 156 210 1243 160 210 1244 223 211 1245 135 211 1246 136 211 1247 234 2 1248 129 2 1249 133 2 1250 218 212 1254 133 212 1255 128 212 1256 233 2 1257 137 2 1258 140 2 1259 224 213 1260 127 213 1261 135 213 1262 237 2 1272 221 2 1273 46 2 1274 46 214 1275 45 214 1276 138 214 1277 228 216 1281 136 216 1282 137 216 1283 237 217 1284 138 217 1285 127 217 1286 119 218 1287 254 218 1288 255 218 1289 256 2 1290 253 2 1291 119 2 1292 263 2 1317 248 2 1318 13 2 1319 13 223 1320 12 223 1321 252 223 1322 12 224 1323 11 224 1324 252 224 1325 11 2 1326 10 2 1327 252 2 1328 245 225 1329 246 225 1330 134 225 1331 134 2 1332 15 2 1333 245 2 1334 15 226 1335 14 226 1336 245 226 1337 238 2 1338 13 2 1339 248 2 1340 254 2 1344 119 2 1345 113 2 1346 9 230 1362 257 230 1363 264 230 1364 264 231 1365 252 231 1366 9 231 1367 268 2 1383 266 2 1384 261 2 1385 261 2 1386 267 2 1387 269 2 1388</p>
        </triangles>
      </mesh>
    </geometry>
    <geometry id="Örüntü_019-mesh" name="Örüntü.019">
      <mesh>
        <source id="Örüntü_019-mesh-positions">
          <float_array id="Örüntü_019-mesh-positions-array" count="1170">5 0 0 4.854709 1.196578 0 4.42728 2.323616 0 3.742554 3.315613 0 2.840323 4.114919 0 1.773024 4.675081 0 0.6026834 4.963544 0 -0.6026833 4.963544 0 -1.773024 4.675081 0 -2.840323 4.11492 0 -3.742554 3.315613 0 -4.42728 2.323615 0 -4.85471 1.196577 0 -5 -1.62921e-6 0 -4.854709 -1.19658 0 -4.427279 -2.323618 0 -3.742552 -3.315616 0 -2.840321 -4.114922 0 -1.773021 -4.675083 0 -0.6026788 -4.963545 0 0.6026884 -4.963544 0 1.77303 -4.675079 0 2.840329 -4.114916 0 3.742558 -3.315608 0 4.427283 -2.32361 0 4.854711 -1.196571 0 5 0 34.89522 4.854709 1.196578 34.89522 4.42728 2.323616 34.89522 3.742554 3.315613 34.89522 2.840323 4.114919 34.89522 1.773024 4.675081 34.89522 0.6026834 4.963544 34.89522 -0.6026833 4.963544 34.89522 -1.773024 4.675081 34.89522 -2.840323 4.11492 34.89522 -3.742554 3.315613 34.89522 -4.42728 2.323615 34.89522 -4.85471 1.196577 34.89522 -5 -1.62921e-6 34.89522 -4.854709 -1.19658 34.89522 -4.427279 -2.323618 34.89522 -3.742552 -3.315616 34.89522 -2.840321 -4.114922 34.89522 -1.773021 -4.675083 34.89522 -0.6026788 -4.963545 34.89522 0.6026884 -4.963544 34.89522 1.77303 -4.675079 34.89522 2.840329 -4.114916 34.89522 3.742558 -3.315608 34.89522 4.427283 -2.32361 34.89522 4.854711 -1.196571 34.89522 5 0 83.33334 4.854709 1.196578 83.33334 4.42728 2.323616 83.33334 3.742554 3.315613 83.33334 2.840323 4.114919 83.33334 1.773024 4.675081 83.33334 0.6026834 4.963544 83.33334 -0.6026833 4.963544 83.33334 -1.773024 4.675081 83.33334 -2.840323 4.11492 83.33334 -3.742554 3.315613 83.33334 -4.42728 2.323615 83.33334 -4.85471 1.196577 83.33334 -5 -1.62921e-6 83.33334 -4.854709 -1.19658 83.33334 -4.427279 -2.323618 83.33334 -3.742552 -3.315616 83.33334 -2.840321 -4.114922 83.33334 -1.773021 -4.675083 83.33334 -0.6026788 -4.963545 83.33334 0.6026884 -4.963544 83.33334 1.77303 -4.675079 83.33334 2.840329 -4.114916 83.33334 3.742558 -3.315608 83.33334 4.427283 -2.32361 83.33334 4.854711 -1.196571 83.33334 5 0 125 4.854709 1.196578 125 4.42728 2.323616 125 3.742554 3.315613 125 2.840323 4.114919 125 1.773024 4.675081 125 0.6026834 4.963544 125 -0.6026833 4.963544 125 -1.773024 4.675081 125 -2.840323 4.11492 125 -3.742554 3.315613 125 -4.42728 2.323615 125 -4.85471 1.196577 125 -5 -1.62921e-6 125 -4.854709 -1.19658 125 -4.427279 -2.323618 125 -3.742552 -3.315616 125 -2.840321 -4.114922 125 -1.773021 -4.675083 125 -0.6026788 -4.963545 125 0.6026884 -4.963544 125 1.77303 -4.675079 125 2.840329 -4.114916 125 3.742558 -3.315608 125 4.427283 -2.32361 125 4.854711 -1.196571 125 5 0 166.6667 4.854709 1.196578 166.6667 4.42728 2.323616 166.6667 3.742554 3.315613 166.6667 2.840323 4.114919 166.6667 1.773024 4.675081 166.6667 0.6026834 4.963544 166.6667 -0.6026833 4.963544 166.6667 -1.773024 4.675081 166.6667 -2.840323 4.11492 166.6667 -3.742554 3.315613 166.6667 -4.42728 2.323615 166.6667 -4.85471 1.196577 166.6667 -5 -1.62921e-6 166.6667 -4.854709 -1.19658 166.6667 -4.427279 -2.323618 166.6667 -3.742552 -3.315616 166.6667 -2.840321 -4.114922 166.6667 -1.773021 -4.675083 166.6667 -0.6026788 -4.963545 166.6667 0.6026884 -4.963544 166.6667 1.77303 -4.675079 166.6667 2.840329 -4.114916 166.6667 3.742558 -3.315608 166.6667 4.427283 -2.32361 166.6667 4.854711 -1.196571 166.6667 5 0 208.3333 4.854709 1.196578 208.3333 4.42728 2.323616 208.3333 3.742554 3.315613 208.3333 2.840323 4.114919 208.3333 1.773024 4.675081 208.3333 0.6026834 4.963544 208.3333 -0.6026833 4.963544 208.3333 -1.773024 4.675081 208.3333 -2.840323 4.11492 208.3333 -3.742554 3.315613 208.3333 -4.42728 2.323615 208.3333 -4.85471 1.196577 208.3333 -5 -1.62921e-6 208.3333 -4.854709 -1.19658 208.3333 -4.427279 -2.323618 208.3333 -3.742552 -3.315616 208.3333 -2.840321 -4.114922 208.3333 -1.773021 -4.675083 208.3333 -0.6026788 -4.963545 208.3333 0.6026884 -4.963544 208.3333 1.77303 -4.675079 208.3333 2.840329 -4.114916 208.3333 3.742558 -3.315608 208.3333 4.427283 -2.32361 208.3333 4.854711 -1.196571 208.3333 5 0 250 4.854709 1.196578 250 4.42728 2.323616 250 3.742554 3.315613 250 2.840323 4.114919 250 1.773024 4.675081 250 0.6026834 4.963544 250 -0.6026833 4.963544 250 -1.773024 4.675081 250 -2.840323 4.11492 250 -3.742554 3.315613 250 -4.42728 2.323615 250 -4.85471 1.196577 250 -5 -1.62921e-6 250 -4.854709 -1.19658 250 -4.427279 -2.323618 250 -3.742552 -3.315616 250 -2.840321 -4.114922 250 -1.773021 -4.675083 250 -0.6026788 -4.963545 250 0.6026884 -4.963544 250 1.77303 -4.675079 250 2.840329 -4.114916 250 3.742558 -3.315608 250 4.427283 -2.32361 250 4.854711 -1.196571 250 9.029385 -5.20837e-5 0 8.766983 2.160923 0 7.995117 4.196161 0 6.758586 5.987586 0 5.129319 7.431008 0 3.201809 8.442629 0 1.088371 8.963545 0 -1.088371 8.963544 0 -3.201861 8.442616 0 -5.129271 7.431034 0 -6.758587 5.987585 0 -7.995099 4.196211 0 -8.767009 2.160816 0 -9.029379 -3.24641e-6 0 -8.767002 -2.160875 0 -7.995116 -4.196166 0 -6.758584 -5.98759 0 -5.129266 -7.431037 0 -3.201907 -8.442605 0 -1.088309 -8.963545 0 1.08838 -8.963544 0 3.201871 -8.442612 0 5.129281 -7.431026 0 6.758595 -5.987577 0 7.995124 -4.196151 0 8.767004 -2.16086 0 8.511731 2.098005 34.89522 8.766468 -4.86852e-5 34.89522 8.511738 -2.097943 34.89522 7.762332 -4.073973 34.89522 6.561806 -5.813238 34.89522 4.979933 -7.214659 34.89522 3.108643 -8.196792 34.89522 1.05669 -8.702555 34.89522 -1.056625 -8.702569 34.89522 -3.108672 -8.196774 34.89522 -4.979919 -7.214669 34.89522 -6.561796 -5.81325 34.89522 -7.762324 -4.073987 34.89522 -8.511734 -2.097958 34.89522 -8.766473 -3.1409e-6 34.89522 -8.511754 2.097905 34.89522 -7.762297 4.074024 34.89522 -6.561799 5.813246 34.89522 -4.979923 7.214666 34.89522 -3.108633 8.196795 34.89522 -1.056681 8.702556 34.89522 1.056681 8.702555 34.89522 3.10859 8.19682 34.89522 4.979961 7.214632 34.89522 6.561798 5.813247 34.89522 7.762326 4.073983 34.89522 9.029384 -5.20143e-5 7.569026 8.766983 2.160923 7.569026 7.995118 4.196161 7.569026 6.758585 5.987586 7.569026 5.129319 7.431007 7.569026 3.20181 8.44263 7.569026 1.088371 8.963546 7.569026 -1.088371 8.963544 7.569026 -3.201861 8.442616 7.569026 -5.129271 7.431034 7.569026 -6.758586 5.987585 7.569026 -7.995098 4.19621 7.569026 -8.76701 2.160816 7.569026 -9.02938 -3.17716e-6 7.569026 -8.767002 -2.160875 7.569026 -7.995116 -4.196166 7.569026 -6.758584 -5.98759 7.569026 -5.129265 -7.431036 7.569026 -3.201907 -8.442605 7.569026 -1.088309 -8.963546 7.569026 1.08838 -8.963545 7.569026 3.201871 -8.442612 7.569026 5.129281 -7.431026 7.569026 6.758595 -5.987577 7.569026 7.995124 -4.196151 7.569026 8.767004 -2.16086 7.569026 8.766994 2.160925 34.09764 9.029375 -5.2153e-5 34.09764 8.767005 -2.16086 34.09764 7.995124 -4.196151 34.09764 6.758594 -5.987576 34.09764 5.129281 -7.431026 34.09764 3.201871 -8.442613 34.09764 1.08838 -8.963543 34.09764 -1.088311 -8.963559 34.09764 -3.201903 -8.442594 34.09764 -5.129267 -7.431037 34.09764 -6.758584 -5.987589 34.09764 -7.995116 -4.196166 34.09764 -8.767002 -2.160875 34.09764 -9.029378 -3.31566e-6 34.09764 -8.767022 2.160819 34.09764 -7.995088 4.196206 34.09764 -6.758587 5.987586 34.09764 -5.129271 7.431034 34.09764 -3.201861 8.442616 34.09764 -1.088371 8.963545 34.09764 1.088371 8.963543 34.09764 3.201814 8.442642 34.09764 5.129312 7.430997 34.09764 6.758586 5.987586 34.09764 7.995117 4.196162 34.09764 12.05142 -9.12043e-5 3.80768e-7 11.70121 2.884113 -3.92484e-7 10.671 5.600571 -1.68576e-7 9.020617 7.991558 2.68752e-7 6.846032 9.918095 2.64833e-7 4.273389 11.26829 -3.89779e-7 1.452676 11.96354 -3.83727e-7 -1.452638 11.96354 0 -4.273453 11.26828 0 -6.846012 9.918092 0 -9.020606 7.99157 2.68752e-7 -10.67098 5.600621 2.57052e-7 -11.70123 2.884027 -3.69703e-7 -12.05141 -4.76255e-6 -3.80767e-7 -11.70122 -2.884097 0 -10.67102 -5.600542 0 -9.020579 -7.991597 0 -6.846017 -9.9181 2.64834e-7 -4.273573 -11.26825 0 -1.452564 -11.96354 -3.77991e-7 1.45269 -11.96354 -3.77991e-7 4.27354 -11.26824 0 6.845963 -9.918137 0 9.020647 -7.991521 0 10.671 -5.600556 0 11.70122 -2.884085 3.69702e-7 8.788381 2.166197 7.569026 9.051424 -5.1721e-5 7.569026 8.788395 -2.166133 7.569026 8.014636 -4.206391 7.569026 6.775092 -6.002192 7.569026 5.141794 -7.449156 7.569026 3.209685 -8.463214 7.569026 1.091036 -8.98542 7.569026 -1.090965 -8.98542 7.569026 -3.209721 -8.463211 7.569026 -5.141781 -7.449169 7.569026 -6.77508 -6.002204 7.569026 -8.014622 -4.206403 7.569026 -8.788393 -2.166148 7.569026 -9.051416 -3.19274e-6 7.569026 -8.788403 2.166089 7.569026 -8.014612 4.206451 7.569026 -6.775078 6.002195 7.569026 -5.14179 7.449172 7.569026 -3.209673 8.463213 7.569026 -1.091027 8.985419 7.569026 1.091027 8.985415 7.569026 3.209621 8.463227 7.569026 5.141837 7.449143 7.569026 6.775077 6.002196 7.569026 8.014629 4.206401 7.569026 11.7012 2.88416 4.569026 12.05142 -4.32664e-5 4.569027 11.70122 -2.884085 4.569027 10.67101 -5.600556 4.569026 9.02065 -7.991525 4.569026 6.84596 -9.918132 4.569026 4.273518 -11.26825 4.569026 1.452666 -11.96354 4.569026 -1.452564 -11.96355 4.569026 -4.27355 -11.26825 4.569026 -6.845995 -9.91811 4.569027 -9.020583 -7.991601 4.569026 -10.67101 -5.600539 4.569026 -11.70122 -2.884097 4.569026 -12.05141 -5.09554e-6 4.569026 -11.70123 2.884028 4.569026 -10.67098 5.600622 4.569027 -9.020606 7.99157 4.569027 -6.846015 9.918097 4.569026 -4.273451 11.26828 4.569026 -1.452638 11.96354 4.569026 1.452628 11.96354 4.569026 4.273436 11.26827 4.569026 6.846032 9.918094 4.569027 9.020616 7.991558 4.569027 10.67099 5.600571 4.569026 8.766996 2.160926 34.63232 9.029374 -5.21064e-5 34.63232 8.767004 -2.16086 34.63232 7.995124 -4.196151 34.63232 6.758594 -5.987576 34.63232 5.129281 -7.431026 34.63232 3.201871 -8.442613 34.63232 1.08838 -8.963544 34.63232 -1.088311 -8.96356 34.63232 -3.201903 -8.442594 34.63232 -5.129266 -7.431037 34.63232 -6.758584 -5.987589 34.63232 -7.995116 -4.196166 34.63232 -8.767002 -2.160875 34.63232 -9.029379 -3.26924e-6 34.63232 -8.767023 2.160819 34.63232 -7.995087 4.196205 34.63232 -6.758587 5.987585 34.63232 -5.129271 7.431034 34.63232 -3.201861 8.442616 34.63232 -1.088371 8.963545 34.63232 1.088371 8.963544 34.63232 3.201814 8.442643 34.63232 5.129312 7.430997 34.63232 6.758586 5.987586 34.63232 7.995118 4.196162 34.63232</float_array>
          <technique_common>
            <accessor source="#Örüntü_019-mesh-positions-array" count="390" stride="3">
              <param name="X" type="float"/>
              <param name="Y" type="float"/>
              <param name="Z" type="float"/>
            </accessor>
          </technique_common>
        </source>
        <source id="Örüntü_019-mesh-normals">
          <float_array id="Örüntü_019-mesh-normals-array" count="825">0 0 -1 0.6777729 0 0.7352713 0.6580861 0.1621791 0.7352692 0.970945 0.2393028 0 1 0 0 0.6001374 0.3149623 0.7352782 0.8854585 0.4647185 0 0.5073194 0.4494552 0.7352668 0.7485129 0.6631203 0 0.3850026 0.5578037 0.7352742 0.5680589 0.822988 0 0.240339 0.6337319 0.7352694 0.3546027 0.9350171 0 0.08166998 0.6728314 0.7352742 0.1205182 0.9927111 0 -0.08166998 0.6728314 0.7352742 -0.1205182 0.9927111 0 -0.240339 0.6337319 0.7352694 -0.3546027 0.9350171 0 -0.3850026 0.5578037 0.7352742 -0.5680589 0.822988 0 -0.5073194 0.4494552 0.7352668 -0.7485129 0.6631203 0 -0.6001374 0.3149623 0.7352782 -0.8854585 0.4647185 0 -0.6580861 0.1621791 0.7352692 -0.970945 0.2393028 0 -0.6777729 0 0.7352713 -1 0 0 -0.6580861 -0.1621791 0.7352692 -0.970945 -0.2393028 0 -0.6001374 -0.3149623 0.7352782 -0.8854585 -0.4647185 0 -0.5073264 -0.4494308 0.7352768 -0.7485129 -0.6631203 0 -0.3850286 -0.5577971 0.7352655 -0.5680589 -0.822988 0 -0.240339 -0.6337319 0.7352694 -0.3546027 -0.9350171 0 -0.08166998 -0.6728314 0.7352742 -0.1205182 -0.9927111 0 0.08166998 -0.6728314 0.7352742 0.1205182 -0.9927111 0 0.240339 -0.6337319 0.7352694 0.3546027 -0.9350171 0 0.3850026 -0.5578037 0.7352742 0.5680589 -0.822988 0 0.5073194 -0.4494552 0.7352668 0.7485129 -0.6631203 0 0.6001569 -0.3149565 0.7352647 0.8854585 -0.4647185 0 0.6580861 -0.1621791 0.7352692 0.970945 -0.2393028 0 -0.5073194 -0.4494552 0.7352668 -0.3850026 -0.5578037 0.7352742 0.08170032 -0.6728298 0.7352724 0.6001374 -0.3149623 0.7352782 0.7110479 0.175244 0.6809555 0.7322781 0 0.6810058 0.6484171 0.3403229 0.6809815 0.5481587 0.4856244 0.6809486 0.41601 0.6026973 0.680949 0.2596909 0.6847368 0.6809524 0.08826148 0.7269974 0.680944 -0.08826148 0.7269974 0.680944 -0.259657 0.684728 0.6809741 -0.4160353 0.6026897 0.6809405 -0.5481046 0.4856306 0.6809877 -0.6484483 0.3403232 0.6809516 -0.7110479 0.175244 0.6809555 -0.7323368 0 0.6809427 -0.7110479 -0.175244 0.6809555 -0.6484483 -0.3403232 0.6809516 -0.5481587 -0.4856244 0.6809486 -0.41601 -0.6026973 0.680949 -0.2596909 -0.6847368 0.6809524 -0.08826148 -0.7269974 0.680944 0.08826148 -0.7269974 0.680944 0.2596909 -0.6847368 0.6809524 0.41601 -0.6026973 0.680949 0.5481587 -0.4856244 0.6809486 0.6484659 -0.3403164 0.6809381 0.7110479 -0.175244 0.6809555 5.94829e-7 0 1 -4.82735e-7 0 1 -1.69284e-6 0 1 6.26271e-7 0 1 0 0 1 3.38566e-6 0 1 -1.93103e-6 0 1 6.77133e-6 0 1 -1.93103e-6 0 1 -3.86215e-6 0 1 -1.69283e-6 0 1 8.46416e-7 0 1 -9.65515e-7 0 1 1.40216e-6 0 1 -4.82758e-7 0 1 8.46414e-7 0 1 -1.76528e-6 0 1 -3.38567e-6 0 1 2.41367e-6 0 1 9.65539e-7 0 1 -1.93108e-6 0 1 9.65537e-7 0 1 0.7323368 0 -0.6809427 0.7110479 0.175244 -0.6809555 0.9010006 0.2220608 0.3726752 0.9279644 0 0.372669 0.6484483 0.3403232 -0.6809516 0.8216739 0.4312392 0.3726724 0.5481587 0.4856244 -0.6809486 0.6945867 0.6153588 0.3726701 0.41601 0.6026973 -0.680949 0.5271269 0.7637113 0.3726694 0.2596909 0.6847368 -0.6809524 0.3290585 0.867662 0.3726705 0.08826148 0.7269974 -0.680944 0.1118535 0.9211972 0.3726722 -0.08826148 0.7269974 -0.680944 -0.1118535 0.9211972 0.3726722 -0.2596909 0.6847368 -0.6809524 -0.3290585 0.867662 0.3726705 -0.41601 0.6026973 -0.680949 -0.5271269 0.7637113 0.3726694 -0.5481587 0.4856244 -0.6809486 -0.6945867 0.6153588 0.3726701 -0.6484483 0.3403232 -0.6809516 -0.8216739 0.4312392 0.3726724 -0.7110479 0.175244 -0.6809555 -0.9010064 0.2220547 0.3726651 -0.7323368 0 -0.6809427 -0.9279644 0 0.372669 -0.7110479 -0.175244 -0.6809555 -0.9010006 -0.2220608 0.3726752 -0.6484483 -0.3403232 -0.6809516 -0.8216739 -0.4312392 0.3726724 -0.5481587 -0.4856244 -0.6809486 -0.6945867 -0.6153588 0.3726701 -0.41601 -0.6026973 -0.680949 -0.5271269 -0.7637113 0.3726694 -0.2596909 -0.6847368 -0.6809524 -0.3290585 -0.867662 0.3726705 -0.08826148 -0.7269974 -0.680944 -0.1118234 -0.9212003 0.3726735 0.08826148 -0.7269974 -0.680944 0.1118535 -0.9211972 0.3726722 0.2596909 -0.6847368 -0.6809524 0.3290585 -0.867662 0.3726705 0.41601 -0.6026973 -0.680949 0.5271269 -0.7637113 0.3726694 0.5481587 -0.4856244 -0.6809486 0.6945867 -0.6153588 0.3726701 0.6484483 -0.3403232 -0.6809516 0.8216739 -0.4312392 0.3726724 0.7110479 -0.175244 -0.6809555 0.9010006 -0.2220608 0.3726752 -0.1118535 -0.9211972 0.3726722 -0.9010006 0.2220608 0.3726752 0.5271391 0.7636986 0.3726781 -1.29874e-7 0 -1 1.25994e-7 -2.528e-7 -1 0 0 -1 -1.40905e-7 0 -1 0 0 -1 0 0 -1 0 0 -1 0 0 -1 0 0 -1 2.2781e-7 0 -1 0 -1.24192e-7 -1 0 -1.25407e-7 -1 -1.32078e-7 0 -1 0 0 -1 0 0 -1 0 0 -1 0 0 -1 0 0 -1 0 2.22798e-7 -1 1.25997e-7 0 -1 1.23254e-7 0 -1 1.25997e-7 0 -1 0 0 -1 0 0 -1 0 0 -1 0 1.22336e-7 -1 -1.22537e-7 0 -1 0 1.25997e-7 -1 0 1.25997e-7 -1 0 1.38135e-7 -1 0 0 -1 0 0 -1 1.25997e-7 0 -1 1.23254e-7 0 -1 -1.31289e-5 0 1 2.41903e-5 0 1 4.58568e-5 0 1 1.30979e-5 0 1 1.65855e-5 0 1 -5.77651e-6 0 1 -2.72202e-5 0 1 2.34136e-5 0 1 -1.25213e-6 0 1 -1.27974e-5 0 1 6.88545e-6 0 1 1.24907e-6 0 1 -1.00144e-5 0 1 3.12238e-6 0 1 -5.00661e-6 0 1 2.49741e-6 0 1 -1.87785e-6 0 1 4.9948e-6 0 1 -9.69981e-6 0 1 -1.81091e-5 0 1 3.69385e-5 0 1 -3.02783e-5 0 1 5.79039e-6 0 1 -3.68485e-5 0 1 4.95321e-6 0 1 3.41893e-5 0 1 3.86538e-5 0 1 -4.94127e-6 0 1 6.25816e-7 0 1 1.40491e-6 0 1 1.2207e-5 0 1 -6.24324e-7 0 1 2.7535e-5 0 1 -1.21771e-5 0 1 -1.31476e-5 0 1 1.24856e-5 0 1 3.12276e-6 0 1 1.00175e-5 0 1 -6.87062e-6 0 1 -6.88393e-6 0 1 9.99332e-6 0 1 1.22069e-5 0 1 -3.309e-5 0 1 2.34716e-5 0 1 -1.21767e-5 0 1 1.58023e-5 0 1 -2.34159e-5 0 1 0.3954084 0.09744817 0.9133214 0.4072482 0 0.9133176 0.3954084 -0.09744817 0.9133214 0.360587 -0.1892509 0.9133242 0.3048002 -0.2700383 0.9133325 0.231338 -0.335135 0.9133276 0.1443883 -0.3807627 0.91333 0.0490753 -0.4042611 0.9133262 -0.0490753 -0.4042611 0.9133262 -0.1443883 -0.3807627 0.91333 -0.231338 -0.335135 0.9133276 -0.3048279 -0.2700358 0.9133241 -0.360587 -0.1892509 0.9133242 -0.3953827 -0.09744936 0.9133325 -0.4072482 0 0.9133176 -0.3953827 0.09744936 0.9133325 -0.360587 0.1892509 0.9133242 -0.3048279 0.2700358 0.9133241 -0.2313092 0.3351374 0.9133341 -0.1443883 0.3807627 0.91333 -0.0490753 0.4042611 0.9133262 0.0490753 0.4042611 0.9133262 0.1443883 0.3807627 0.91333 0.2313092 0.3351374 0.9133341 0.3048279 0.2700358 0.9133241 0.360587 0.1892509 0.9133242 0.4072228 0 0.913329 -0.3048002 -0.2700383 0.9133325 -0.3954084 -0.09744817 0.9133214 -0.4072114 0 0.913334 -0.3954084 0.09744817 0.9133214 -0.3048002 0.2700383 0.9133325 -0.231338 0.335135 0.9133276 0.231338 0.335135 0.9133276</float_array>
          <technique_common>
            <accessor source="#Örüntü_019-mesh-normals-array" count="275" stride="3">
              <param name="X" type="float"/>
              <param name="Y" type="float"/>
              <param name="Z" type="float"/>
            </accessor>
          </technique_common>
        </source>
        <source id="Örüntü_019-mesh-map-0">
          <float_array id="Örüntü_019-mesh-map-0-array" count="4656">0.6730771 0 0.6346154 0 0.5961539 0 0.5961539 0 0.5576923 0 0.5192307 0 0.5192307 0 0.4807692 0 0.4423076 0 0.5961539 0 0.5192307 0 0.4423076 0 0.4423076 0 0.4038461 0 0.3653845 0 0.3653845 0 0.326923 0 0.2884615 0 0.4423076 0 0.3653845 0 0.2884615 0 0.5961539 0 0.4423076 0 0.2884615 0 0.2884615 0 0.25 0 0.2115384 0 0.2115384 0 0.1730769 0 0.1346154 0 0.2884615 0 0.2115384 0 0.1346154 0 0.1346154 0 0.09615391 0 0.05769234 0 0.05769234 0 0.0192309 0 -0.01923066 0 0.1346154 0 0.05769234 0 -0.01923066 0 0.2884615 0 0.1346154 0 -0.01923066 0 0.5961539 0 0.2884615 0 -0.01923066 0 -0.01923066 0 -0.05769217 0 -0.09615373 0 -0.09615373 0 -0.1346153 0 -0.1730768 0 -0.01923066 0 -0.09615373 0 -0.1730768 0 0.5961539 0 -0.01923066 0 -0.1730768 0 -0.1730768 0 -0.2115384 0 -0.25 0 0.5961539 0 -0.1730768 0 -0.25 0 0.6730771 0 0.5961539 0 -0.25 0 -0.2884613 0 0.6730771 0 -0.25 0 0.7499991 0.02945142 0.7884625 0.02945142 0.7884625 0.1326756 0.7884625 0.1326756 0.7499991 0.1326756 0.7499991 0.02945142 0.7884625 0.02945142 0.8269231 0.02945142 0.8269231 0.1326756 0.8269231 0.1326756 0.7884625 0.1326756 0.7884625 0.02945142 0.8269231 0.02945142 0.8653846 0.02945142 0.8653847 0.1326756 0.8653847 0.1326756 0.8269231 0.1326756 0.8269231 0.02945142 0.8653846 0.02945142 0.9038453 0.02945142 0.9038453 0.1326756 0.9038453 0.1326756 0.8653847 0.1326756 0.8653846 0.02945142 0.9038453 0.02945142 0.9423087 0.02945142 0.9423087 0.1326756 0.9423087 0.1326756 0.9038453 0.1326756 0.9038453 0.02945142 0.9423087 0.02945142 0.9807693 0.02945142 0.9807693 0.1326756 0.9807693 0.1326756 0.9423087 0.1326756 0.9423087 0.02945142 0.9807693 0.02945142 1.019231 0.02945142 1.019231 0.1326756 1.019231 0.1326756 0.9807693 0.1326756 0.9807693 0.02945142 0.01923084 0.02945142 0.05769228 0.02945142 0.05769228 0.1326756 0.05769228 0.1326756 0.01923084 0.1326756 0.01923084 0.02945142 0.05769228 0.02945142 0.09615385 0.02945142 0.09615385 0.1326756 0.09615385 0.1326756 0.05769228 0.1326756 0.05769228 0.02945142 0.09615385 0.02945142 0.1346154 0.02945142 0.1346154 0.1326756 0.1346154 0.1326756 0.09615385 0.1326756 0.09615385 0.02945142 0.1346154 0.02945142 0.173076 0.02945142 0.173076 0.1326756 0.173076 0.1326756 0.1346154 0.1326756 0.1346154 0.02945142 0.173076 0.02945142 0.2115394 0.02945142 0.2115394 0.1326756 0.2115394 0.1326756 0.173076 0.1326756 0.173076 0.02945142 0.2115394 0.02945142 0.25 0.02945142 0.25 0.1326756 0.25 0.1326756 0.2115394 0.1326756 0.2115394 0.02945142 0.25 0.02945142 0.2884615 0.02945142 0.2884615 0.1326756 0.2884615 0.1326756 0.25 0.1326756 0.25 0.02945142 0.2884615 0.02945142 0.3269231 0.02945142 0.3269231 0.1326756 0.3269231 0.1326756 0.2884615 0.1326756 0.2884615 0.02945142 0.3269231 0.02945142 0.3653846 0.02945142 0.3653846 0.1326756 0.3653846 0.1326756 0.3269231 0.1326756 0.3269231 0.02945142 0.3653846 0.02945142 0.4038462 0.02945142 0.4038462 0.1326756 0.4038462 0.1326756 0.3653846 0.1326756 0.3653846 0.02945142 0.4038462 0.02945142 0.4423068 0.02945142 0.4423068 0.1326756 0.4423068 0.1326756 0.4038462 0.1326756 0.4038462 0.02945142 0.4423068 0.02945142 0.4807702 0.02945142 0.4807702 0.1326756 0.4807702 0.1326756 0.4423068 0.1326756 0.4423068 0.02945142 0.4807702 0.02945142 0.5192308 0.02945142 0.5192308 0.1326756 0.5192308 0.1326756 0.4807702 0.1326756 0.4807702 0.02945142 0.5192308 0.02945142 0.5576924 0.02945142 0.5576924 0.1326756 0.5576924 0.1326756 0.5192308 0.1326756 0.5192308 0.02945142 0.5576924 0.02945142 0.5961539 0.02945142 0.5961539 0.1326756 0.5961539 0.1326756 0.5576924 0.1326756 0.5576924 0.02945142 0.5961539 0.02945142 0.6346155 0.02945142 0.6346155 0.1326756 0.6346155 0.1326756 0.5961539 0.1326756 0.5961539 0.02945142 0.6346155 0.02945142 0.6730771 0.02945142 0.6730771 0.1326756 0.6730771 0.1326756 0.6346155 0.1326756 0.6346155 0.02945142 0.6730771 0.02945142 0.7115386 0.02945142 0.7115386 0.1326756 0.7115386 0.1326756 0.6730771 0.1326756 0.6730771 0.02945142 0.7115386 0.02945142 0.7499991 0.02945142 0.7499991 0.1326756 0.7499991 0.1326756 0.7115386 0.1326756 0.7115386 0.02945142 0.75 0.135779 0.7884616 0.135779 0.7884616 0.3242542 0.7884616 0.3242542 0.75 0.3242542 0.75 0.135779 0.7884616 0.135779 0.8269231 0.135779 0.8269231 0.3242542 0.8269231 0.3242542 0.7884616 0.3242542 0.7884616 0.135779 0.8269231 0.135779 0.8653847 0.135779 0.8653847 0.3242542 0.8653847 0.3242542 0.8269231 0.3242542 0.8269231 0.135779 0.8653847 0.135779 0.9038463 0.135779 0.9038463 0.3242542 0.9038463 0.3242542 0.8653847 0.3242542 0.8653847 0.135779 0.9038463 0.135779 0.9423078 0.135779 0.9423078 0.3242542 0.9423078 0.3242542 0.9038463 0.3242542 0.9038463 0.135779 0.9423078 0.135779 0.9807693 0.135779 0.9807693 0.3242542 0.9807693 0.3242542 0.9423078 0.3242542 0.9423078 0.135779 0.9807693 0.135779 1.019231 0.135779 1.019231 0.3242542 1.019231 0.3242542 0.9807693 0.3242542 0.9807693 0.135779 0.0192309 0.135779 0.05769234 0.135779 0.05769234 0.3242542 0.05769234 0.3242542 0.0192309 0.3242542 0.0192309 0.135779 0.05769234 0.135779 0.09615391 0.135779 0.09615391 0.3242542 0.09615391 0.3242542 0.05769234 0.3242542 0.05769234 0.135779 0.09615391 0.135779 0.1346154 0.135779 0.1346154 0.3242542 0.1346154 0.3242542 0.09615391 0.3242542 0.09615391 0.135779 0.1346154 0.135779 0.1730769 0.135779 0.1730769 0.3242542 0.1730769 0.3242542 0.1346154 0.3242542 0.1346154 0.135779 0.1730769 0.135779 0.2115384 0.135779 0.2115384 0.3242542 0.2115384 0.3242542 0.1730769 0.3242542 0.1730769 0.135779 0.2115384 0.135779 0.25 0.135779 0.25 0.3242542 0.25 0.3242542 0.2115384 0.3242542 0.2115384 0.135779 0.25 0.135779 0.2884615 0.135779 0.2884615 0.3242542 0.2884615 0.3242542 0.25 0.3242542 0.25 0.135779 0.2884615 0.135779 0.326923 0.135779 0.326923 0.3242542 0.326923 0.3242542 0.2884615 0.3242542 0.2884615 0.135779 0.326923 0.135779 0.3653845 0.135779 0.3653845 0.3242542 0.3653845 0.3242542 0.326923 0.3242542 0.326923 0.135779 0.3653845 0.135779 0.4038461 0.135779 0.4038461 0.3242542 0.4038461 0.3242542 0.3653845 0.3242542 0.3653845 0.135779 0.4038461 0.135779 0.4423076 0.135779 0.4423076 0.3242542 0.4423076 0.3242542 0.4038461 0.3242542 0.4038461 0.135779 0.4423076 0.135779 0.4807692 0.135779 0.4807692 0.3242542 0.4807692 0.3242542 0.4423076 0.3242542 0.4423076 0.135779 0.4807692 0.135779 0.5192307 0.135779 0.5192307 0.3242542 0.5192307 0.3242542 0.4807692 0.3242542 0.4807692 0.135779 0.5192307 0.135779 0.5576923 0.135779 0.5576923 0.3242542 0.5576923 0.3242542 0.5192307 0.3242542 0.5192307 0.135779 0.5576923 0.135779 0.5961539 0.135779 0.5961539 0.3242542 0.5961539 0.3242542 0.5576923 0.3242542 0.5576923 0.135779 0.5961539 0.135779 0.6346154 0.135779 0.6346154 0.3242542 0.6346154 0.3242542 0.5961539 0.3242542 0.5961539 0.135779 0.6346154 0.135779 0.6730771 0.135779 0.6730771 0.3242542 0.6730771 0.3242542 0.6346154 0.3242542 0.6346154 0.135779 0.6730771 0.135779 0.7115387 0.135779 0.7115387 0.3242542 0.7115387 0.3242542 0.6730771 0.3242542 0.6730771 0.135779 0.7115387 0.135779 0.75 0.135779 0.75 0.3242542 0.75 0.3242542 0.7115387 0.3242542 0.7115387 0.135779 0.75 0.3242542 0.7884616 0.3242542 0.7884616 0.4863813 0.7884616 0.4863813 0.75 0.4863813 0.75 0.3242542 0.7884616 0.3242542 0.8269231 0.3242542 0.8269231 0.4863813 0.8269231 0.4863813 0.7884616 0.4863813 0.7884616 0.3242542 0.8269231 0.3242542 0.8653847 0.3242542 0.8653847 0.4863813 0.8653847 0.4863813 0.8269231 0.4863813 0.8269231 0.3242542 0.8653847 0.3242542 0.9038463 0.3242542 0.9038463 0.4863813 0.9038463 0.4863813 0.8653847 0.4863813 0.8653847 0.3242542 0.9038463 0.3242542 0.9423078 0.3242542 0.9423078 0.4863813 0.9423078 0.4863813 0.9038463 0.4863813 0.9038463 0.3242542 0.9423078 0.3242542 0.9807693 0.3242542 0.9807693 0.4863813 0.9807693 0.4863813 0.9423078 0.4863813 0.9423078 0.3242542 0.9807693 0.3242542 1.019231 0.3242542 1.019231 0.4863813 1.019231 0.4863813 0.9807693 0.4863813 0.9807693 0.3242542 0.0192309 0.3242542 0.05769234 0.3242542 0.05769234 0.4863813 0.05769234 0.4863813 0.0192309 0.4863813 0.0192309 0.3242542 0.05769234 0.3242542 0.09615391 0.3242542 0.09615391 0.4863813 0.09615391 0.4863813 0.05769234 0.4863813 0.05769234 0.3242542 0.09615391 0.3242542 0.1346154 0.3242542 0.1346154 0.4863813 0.1346154 0.4863813 0.09615391 0.4863813 0.09615391 0.3242542 0.1346154 0.3242542 0.1730769 0.3242542 0.1730769 0.4863813 0.1730769 0.4863813 0.1346154 0.4863813 0.1346154 0.3242542 0.1730769 0.3242542 0.2115384 0.3242542 0.2115384 0.4863813 0.2115384 0.4863813 0.1730769 0.4863813 0.1730769 0.3242542 0.2115384 0.3242542 0.25 0.3242542 0.25 0.4863813 0.25 0.4863813 0.2115384 0.4863813 0.2115384 0.3242542 0.25 0.3242542 0.2884615 0.3242542 0.2884615 0.4863813 0.2884615 0.4863813 0.25 0.4863813 0.25 0.3242542 0.2884615 0.3242542 0.326923 0.3242542 0.326923 0.4863813 0.326923 0.4863813 0.2884615 0.4863813 0.2884615 0.3242542 0.326923 0.3242542 0.3653845 0.3242542 0.3653845 0.4863813 0.3653845 0.4863813 0.326923 0.4863813 0.326923 0.3242542 0.3653845 0.3242542 0.4038461 0.3242542 0.4038461 0.4863813 0.4038461 0.4863813 0.3653845 0.4863813 0.3653845 0.3242542 0.4038461 0.3242542 0.4423076 0.3242542 0.4423076 0.4863813 0.4423076 0.4863813 0.4038461 0.4863813 0.4038461 0.3242542 0.4423076 0.3242542 0.4807692 0.3242542 0.4807692 0.4863813 0.4807692 0.4863813 0.4423076 0.4863813 0.4423076 0.3242542 0.4807692 0.3242542 0.5192307 0.3242542 0.5192307 0.4863813 0.5192307 0.4863813 0.4807692 0.4863813 0.4807692 0.3242542 0.5192307 0.3242542 0.5576923 0.3242542 0.5576923 0.4863813 0.5576923 0.4863813 0.5192307 0.4863813 0.5192307 0.3242542 0.5576923 0.3242542 0.5961539 0.3242542 0.5961539 0.4863813 0.5961539 0.4863813 0.5576923 0.4863813 0.5576923 0.3242542 0.5961539 0.3242542 0.6346154 0.3242542 0.6346154 0.4863813 0.6346154 0.4863813 0.5961539 0.4863813 0.5961539 0.3242542 0.6346154 0.3242542 0.6730771 0.3242542 0.6730771 0.4863813 0.6730771 0.4863813 0.6346154 0.4863813 0.6346154 0.3242542 0.6730771 0.3242542 0.7115387 0.3242542 0.7115387 0.4863813 0.7115387 0.4863813 0.6730771 0.4863813 0.6730771 0.3242542 0.7115387 0.3242542 0.75 0.3242542 0.75 0.4863813 0.75 0.4863813 0.7115387 0.4863813 0.7115387 0.3242542 0.75 0.4863813 0.7884616 0.4863813 0.7884616 0.6485084 0.7884616 0.6485084 0.75 0.6485084 0.75 0.4863813 0.7884616 0.4863813 0.8269231 0.4863813 0.8269231 0.6485084 0.8269231 0.6485084 0.7884616 0.6485084 0.7884616 0.4863813 0.8269231 0.4863813 0.8653847 0.4863813 0.8653847 0.6485084 0.8653847 0.6485084 0.8269231 0.6485084 0.8269231 0.4863813 0.8653847 0.4863813 0.9038463 0.4863813 0.9038463 0.6485084 0.9038463 0.6485084 0.8653847 0.6485084 0.8653847 0.4863813 0.9038463 0.4863813 0.9423078 0.4863813 0.9423078 0.6485084 0.9423078 0.6485084 0.9038463 0.6485084 0.9038463 0.4863813 0.9423078 0.4863813 0.9807693 0.4863813 0.9807693 0.6485084 0.9807693 0.6485084 0.9423078 0.6485084 0.9423078 0.4863813 0.9807693 0.4863813 1.019231 0.4863813 1.019231 0.6485084 1.019231 0.6485084 0.9807693 0.6485084 0.9807693 0.4863813 0.0192309 0.4863813 0.05769234 0.4863813 0.05769234 0.6485084 0.05769234 0.6485084 0.0192309 0.6485084 0.0192309 0.4863813 0.05769234 0.4863813 0.09615391 0.4863813 0.09615391 0.6485084 0.09615391 0.6485084 0.05769234 0.6485084 0.05769234 0.4863813 0.09615391 0.4863813 0.1346154 0.4863813 0.1346154 0.6485084 0.1346154 0.6485084 0.09615391 0.6485084 0.09615391 0.4863813 0.1346154 0.4863813 0.1730769 0.4863813 0.1730769 0.6485084 0.1730769 0.6485084 0.1346154 0.6485084 0.1346154 0.4863813 0.1730769 0.4863813 0.2115384 0.4863813 0.2115384 0.6485084 0.2115384 0.6485084 0.1730769 0.6485084 0.1730769 0.4863813 0.2115384 0.4863813 0.25 0.4863813 0.25 0.6485084 0.25 0.6485084 0.2115384 0.6485084 0.2115384 0.4863813 0.25 0.4863813 0.2884615 0.4863813 0.2884615 0.6485084 0.2884615 0.6485084 0.25 0.6485084 0.25 0.4863813 0.2884615 0.4863813 0.326923 0.4863813 0.326923 0.6485084 0.326923 0.6485084 0.2884615 0.6485084 0.2884615 0.4863813 0.326923 0.4863813 0.3653845 0.4863813 0.3653845 0.6485084 0.3653845 0.6485084 0.326923 0.6485084 0.326923 0.4863813 0.3653845 0.4863813 0.4038461 0.4863813 0.4038461 0.6485084 0.4038461 0.6485084 0.3653845 0.6485084 0.3653845 0.4863813 0.4038461 0.4863813 0.4423076 0.4863813 0.4423076 0.6485084 0.4423076 0.6485084 0.4038461 0.6485084 0.4038461 0.4863813 0.4423076 0.4863813 0.4807692 0.4863813 0.4807692 0.6485084 0.4807692 0.6485084 0.4423076 0.6485084 0.4423076 0.4863813 0.4807692 0.4863813 0.5192307 0.4863813 0.5192307 0.6485084 0.5192307 0.6485084 0.4807692 0.6485084 0.4807692 0.4863813 0.5192307 0.4863813 0.5576923 0.4863813 0.5576923 0.6485084 0.5576923 0.6485084 0.5192307 0.6485084 0.5192307 0.4863813 0.5576923 0.4863813 0.5961539 0.4863813 0.5961539 0.6485084 0.5961539 0.6485084 0.5576923 0.6485084 0.5576923 0.4863813 0.5961539 0.4863813 0.6346154 0.4863813 0.6346154 0.6485084 0.6346154 0.6485084 0.5961539 0.6485084 0.5961539 0.4863813 0.6346154 0.4863813 0.6730771 0.4863813 0.6730771 0.6485084 0.6730771 0.6485084 0.6346154 0.6485084 0.6346154 0.4863813 0.6730771 0.4863813 0.7115387 0.4863813 0.7115387 0.6485084 0.7115387 0.6485084 0.6730771 0.6485084 0.6730771 0.4863813 0.7115387 0.4863813 0.75 0.4863813 0.75 0.6485084 0.75 0.6485084 0.7115387 0.6485084 0.7115387 0.4863813 0.75 0.6485084 0.7884616 0.6485084 0.7884616 0.8106356 0.7884616 0.8106356 0.75 0.8106356 0.75 0.6485084 0.7884616 0.6485084 0.8269231 0.6485084 0.8269231 0.8106356 0.8269231 0.8106356 0.7884616 0.8106356 0.7884616 0.6485084 0.8269231 0.6485084 0.8653847 0.6485084 0.8653847 0.8106356 0.8653847 0.8106356 0.8269231 0.8106356 0.8269231 0.6485084 0.8653847 0.6485084 0.9038463 0.6485084 0.9038463 0.8106356 0.9038463 0.8106356 0.8653847 0.8106356 0.8653847 0.6485084 0.9038463 0.6485084 0.9423078 0.6485084 0.9423078 0.8106356 0.9423078 0.8106356 0.9038463 0.8106356 0.9038463 0.6485084 0.9423078 0.6485084 0.9807693 0.6485084 0.9807693 0.8106356 0.9807693 0.8106356 0.9423078 0.8106356 0.9423078 0.6485084 0.9807693 0.6485084 1.019231 0.6485084 1.019231 0.8106356 1.019231 0.8106356 0.9807693 0.8106356 0.9807693 0.6485084 0.0192309 0.6485084 0.05769234 0.6485084 0.05769234 0.8106356 0.05769234 0.8106356 0.0192309 0.8106356 0.0192309 0.6485084 0.05769234 0.6485084 0.09615391 0.6485084 0.09615391 0.8106356 0.09615391 0.8106356 0.05769234 0.8106356 0.05769234 0.6485084 0.09615391 0.6485084 0.1346154 0.6485084 0.1346154 0.8106356 0.1346154 0.8106356 0.09615391 0.8106356 0.09615391 0.6485084 0.1346154 0.6485084 0.1730769 0.6485084 0.1730769 0.8106356 0.1730769 0.8106356 0.1346154 0.8106356 0.1346154 0.6485084 0.1730769 0.6485084 0.2115384 0.6485084 0.2115384 0.8106356 0.2115384 0.8106356 0.1730769 0.8106356 0.1730769 0.6485084 0.2115384 0.6485084 0.25 0.6485084 0.25 0.8106356 0.25 0.8106356 0.2115384 0.8106356 0.2115384 0.6485084 0.25 0.6485084 0.2884615 0.6485084 0.2884615 0.8106356 0.2884615 0.8106356 0.25 0.8106356 0.25 0.6485084 0.2884615 0.6485084 0.326923 0.6485084 0.326923 0.8106356 0.326923 0.8106356 0.2884615 0.8106356 0.2884615 0.6485084 0.326923 0.6485084 0.3653845 0.6485084 0.3653845 0.8106356 0.3653845 0.8106356 0.326923 0.8106356 0.326923 0.6485084 0.3653845 0.6485084 0.4038461 0.6485084 0.4038461 0.8106356 0.4038461 0.8106356 0.3653845 0.8106356 0.3653845 0.6485084 0.4038461 0.6485084 0.4423076 0.6485084 0.4423076 0.8106356 0.4423076 0.8106356 0.4038461 0.8106356 0.4038461 0.6485084 0.4423076 0.6485084 0.4807692 0.6485084 0.4807692 0.8106356 0.4807692 0.8106356 0.4423076 0.8106356 0.4423076 0.6485084 0.4807692 0.6485084 0.5192307 0.6485084 0.5192307 0.8106356 0.5192307 0.8106356 0.4807692 0.8106356 0.4807692 0.6485084 0.5192307 0.6485084 0.5576923 0.6485084 0.5576923 0.8106356 0.5576923 0.8106356 0.5192307 0.8106356 0.5192307 0.6485084 0.5576923 0.6485084 0.5961539 0.6485084 0.5961539 0.8106356 0.5961539 0.8106356 0.5576923 0.8106356 0.5576923 0.6485084 0.5961539 0.6485084 0.6346154 0.6485084 0.6346154 0.8106356 0.6346154 0.8106356 0.5961539 0.8106356 0.5961539 0.6485084 0.6346154 0.6485084 0.6730771 0.6485084 0.6730771 0.8106356 0.6730771 0.8106356 0.6346154 0.8106356 0.6346154 0.6485084 0.6730771 0.6485084 0.7115387 0.6485084 0.7115387 0.8106356 0.7115387 0.8106356 0.6730771 0.8106356 0.6730771 0.6485084 0.7115387 0.6485084 0.75 0.6485084 0.75 0.8106356 0.75 0.8106356 0.7115387 0.8106356 0.7115387 0.6485084 0.75 0.8106356 0.7884616 0.8106356 0.7884616 0.9727626 0.7884616 0.9727626 0.75 0.9727626 0.75 0.8106356 0.7884616 0.8106356 0.8269231 0.8106356 0.8269231 0.9727626 0.8269231 0.9727626 0.7884616 0.9727626 0.7884616 0.8106356 0.8269231 0.8106356 0.8653847 0.8106356 0.8653847 0.9727626 0.8653847 0.9727626 0.8269231 0.9727626 0.8269231 0.8106356 0.8653847 0.8106356 0.9038463 0.8106356 0.9038463 0.9727626 0.9038463 0.9727626 0.8653847 0.9727626 0.8653847 0.8106356 0.9038463 0.8106356 0.9423078 0.8106356 0.9423078 0.9727626 0.9423078 0.9727626 0.9038463 0.9727626 0.9038463 0.8106356 0.9423078 0.8106356 0.9807693 0.8106356 0.9807693 0.9727626 0.9807693 0.9727626 0.9423078 0.9727626 0.9423078 0.8106356 0.9807693 0.8106356 1.019231 0.8106356 1.019231 0.9727626 1.019231 0.9727626 0.9807693 0.9727626 0.9807693 0.8106356 0.0192309 0.8106356 0.05769234 0.8106356 0.05769234 0.9727626 0.05769234 0.9727626 0.0192309 0.9727626 0.0192309 0.8106356 0.05769234 0.8106356 0.09615391 0.8106356 0.09615391 0.9727626 0.09615391 0.9727626 0.05769234 0.9727626 0.05769234 0.8106356 0.09615391 0.8106356 0.1346154 0.8106356 0.1346154 0.9727626 0.1346154 0.9727626 0.09615391 0.9727626 0.09615391 0.8106356 0.1346154 0.8106356 0.1730769 0.8106356 0.1730769 0.9727626 0.1730769 0.9727626 0.1346154 0.9727626 0.1346154 0.8106356 0.1730769 0.8106356 0.2115384 0.8106356 0.2115384 0.9727626 0.2115384 0.9727626 0.1730769 0.9727626 0.1730769 0.8106356 0.2115384 0.8106356 0.25 0.8106356 0.25 0.9727626 0.25 0.9727626 0.2115384 0.9727626 0.2115384 0.8106356 0.25 0.8106356 0.2884615 0.8106356 0.2884615 0.9727626 0.2884615 0.9727626 0.25 0.9727626 0.25 0.8106356 0.2884615 0.8106356 0.326923 0.8106356 0.326923 0.9727626 0.326923 0.9727626 0.2884615 0.9727626 0.2884615 0.8106356 0.326923 0.8106356 0.3653845 0.8106356 0.3653845 0.9727626 0.3653845 0.9727626 0.326923 0.9727626 0.326923 0.8106356 0.3653845 0.8106356 0.4038461 0.8106356 0.4038461 0.9727626 0.4038461 0.9727626 0.3653845 0.9727626 0.3653845 0.8106356 0.4038461 0.8106356 0.4423076 0.8106356 0.4423076 0.9727626 0.4423076 0.9727626 0.4038461 0.9727626 0.4038461 0.8106356 0.4423076 0.8106356 0.4807692 0.8106356 0.4807692 0.9727626 0.4807692 0.9727626 0.4423076 0.9727626 0.4423076 0.8106356 0.4807692 0.8106356 0.5192307 0.8106356 0.5192307 0.9727626 0.5192307 0.9727626 0.4807692 0.9727626 0.4807692 0.8106356 0.5192307 0.8106356 0.5576923 0.8106356 0.5576923 0.9727626 0.5576923 0.9727626 0.5192307 0.9727626 0.5192307 0.8106356 0.5576923 0.8106356 0.5961539 0.8106356 0.5961539 0.9727626 0.5961539 0.9727626 0.5576923 0.9727626 0.5576923 0.8106356 0.5961539 0.8106356 0.6346154 0.8106356 0.6346154 0.9727626 0.6346154 0.9727626 0.5961539 0.9727626 0.5961539 0.8106356 0.6346154 0.8106356 0.6730771 0.8106356 0.6730771 0.9727626 0.6730771 0.9727626 0.6346154 0.9727626 0.6346154 0.8106356 0.6730771 0.8106356 0.7115387 0.8106356 0.7115387 0.9727626 0.7115387 0.9727626 0.6730771 0.9727626 0.6730771 0.8106356 0.7115387 0.8106356 0.75 0.8106356 0.75 0.9727626 0.75 0.9727626 0.7115387 0.9727626 0.7115387 0.8106356 0.75 0 0.7884616 0 0.7884625 0 0.7884625 0 0.7499991 0 0.75 0 0.7884616 0 0.8269231 0 0.8269231 0 0.8269231 0 0.7884625 0 0.7884616 0 0.8269231 0 0.8653847 0 0.8653847 0 0.8653847 0 0.8269231 0 0.8269231 0 0.8653847 0 0.9038463 0 0.9038453 0 0.9038453 0 0.8653847 0 0.8653847 0 0.9038463 0 0.9423078 0 0.9423087 0 0.9423087 0 0.9038453 0 0.9038463 0 0.9423078 0 0.9807693 0 0.9807693 0 0.9807693 0 0.9423087 0 0.9423078 0 0.9807693 0 1.019231 0 1.019231 0 1.019231 0 0.9807693 0 0.9807693 0 0.0192309 0 0.05769234 0 0.05769228 0 0.05769228 0 0.01923084 0 0.0192309 0 0.05769234 0 0.09615391 0 0.09615385 0 0.09615385 0 0.05769228 0 0.05769234 0 0.09615391 0 0.1346154 0 0.1346154 0 0.1346154 0 0.09615385 0 0.09615391 0 0.1346154 0 0.1730769 0 0.173076 0 0.173076 0 0.1346154 0 0.1346154 0 0.1730769 0 0.2115384 0 0.2115394 0 0.2115394 0 0.173076 0 0.1730769 0 0.2115384 0 0.25 0 0.25 0 0.25 0 0.2115394 0 0.2115384 0 0.25 0 0.2884615 0 0.2884615 0 0.2884615 0 0.25 0 0.25 0 0.2884615 0 0.326923 0 0.3269231 0 0.3269231 0 0.2884615 0 0.2884615 0 0.326923 0 0.3653845 0 0.3653846 0 0.3653846 0 0.3269231 0 0.326923 0 0.3653845 0 0.4038461 0 0.4038462 0 0.4038462 0 0.3653846 0 0.3653845 0 0.4038461 0 0.4423076 0 0.4423068 0 0.4423068 0 0.4038462 0 0.4038461 0 0.4423076 0 0.4807692 0 0.4807702 0 0.4807702 0 0.4423068 0 0.4423076 0 0.4807692 0 0.5192307 0 0.5192308 0 0.5192308 0 0.4807702 0 0.4807692 0 0.5192307 0 0.5576923 0 0.5576924 0 0.5576924 0 0.5192308 0 0.5192307 0 0.5576923 0 0.5961539 0 0.5961539 0 0.5961539 0 0.5576924 0 0.5576923 0 0.5961539 0 0.6346154 0 0.6346155 0 0.6346155 0 0.5961539 0 0.5961539 0 0.6346154 0 0.6730771 0 0.6730771 0 0.6730771 0 0.6346155 0 0.6346154 0 0.6730771 0 0.7115387 0 0.7115386 0 0.7115386 0 0.6730771 0 0.6730771 0 0.7115387 0 0.75 0 0.7499991 0 0.7499991 0 0.7115386 0 0.7115387 0 0.7884616 0.135779 0.75 0.135779 0.7499991 0.135779 0.7499991 0.135779 0.7884624 0.135779 0.7884616 0.135779 0.75 0.135779 0.7115387 0.135779 0.7115386 0.135779 0.7115386 0.135779 0.7499991 0.135779 0.75 0.135779 0.7115387 0.135779 0.6730771 0.135779 0.6730771 0.135779 0.6730771 0.135779 0.7115386 0.135779 0.7115387 0.135779 0.6730771 0.135779 0.6346154 0.135779 0.6346155 0.135779 0.6346155 0.135779 0.6730771 0.135779 0.6730771 0.135779 0.6346154 0.135779 0.5961539 0.135779 0.5961539 0.135779 0.5961539 0.135779 0.6346155 0.135779 0.6346154 0.135779 0.5961539 0.135779 0.5576923 0.135779 0.5576924 0.135779 0.5576924 0.135779 0.5961539 0.135779 0.5961539 0.135779 0.5576923 0.135779 0.5192307 0.135779 0.5192308 0.135779 0.5192308 0.135779 0.5576924 0.135779 0.5576923 0.135779 0.5192307 0.135779 0.4807692 0.135779 0.4807702 0.135779 0.4807702 0.135779 0.5192308 0.135779 0.5192307 0.135779 0.4807692 0.135779 0.4423076 0.135779 0.4423068 0.135779 0.4423068 0.135779 0.4807702 0.135779 0.4807692 0.135779 0.4423076 0.135779 0.4038461 0.135779 0.4038462 0.135779 0.4038462 0.135779 0.4423068 0.135779 0.4423076 0.135779 0.4038461 0.135779 0.3653845 0.135779 0.3653846 0.135779 0.3653846 0.135779 0.4038462 0.135779 0.4038461 0.135779 0.3653845 0.135779 0.326923 0.135779 0.3269231 0.135779 0.3269231 0.135779 0.3653846 0.135779 0.3653845 0.135779 0.326923 0.135779 0.2884615 0.135779 0.2884615 0.135779 0.2884615 0.135779 0.3269231 0.135779 0.326923 0.135779 0.2884615 0.135779 0.25 0.135779 0.25 0.135779 0.25 0.135779 0.2884615 0.135779 0.2884615 0.135779 0.25 0.135779 0.2115384 0.135779 0.2115393 0.135779 0.2115393 0.135779 0.25 0.135779 0.25 0.135779 0.2115384 0.135779 0.1730769 0.135779 0.173076 0.135779 0.173076 0.135779 0.2115393 0.135779 0.2115384 0.135779 0.1730769 0.135779 0.1346154 0.135779 0.1346154 0.135779 0.1346154 0.135779 0.173076 0.135779 0.1730769 0.135779 0.1346154 0.135779 0.09615391 0.135779 0.09615385 0.135779 0.09615385 0.135779 0.1346154 0.135779 0.1346154 0.135779 0.09615391 0.135779 0.05769234 0.135779 0.05769228 0.135779 0.05769228 0.135779 0.09615385 0.135779 0.09615391 0.135779 0.05769234 0.135779 0.0192309 0.135779 0.01923084 0.135779 0.01923084 0.135779 0.05769228 0.135779 0.05769234 0.135779 0.0192309 0.135779 -0.01923066 0.135779 -0.01923072 0.135779 -0.01923072 0.135779 0.01923084 0.135779 0.0192309 0.135779 0.9807693 0.135779 0.9423078 0.135779 0.9423087 0.135779 0.9423087 0.135779 0.9807693 0.135779 0.9807693 0.135779 0.9423078 0.135779 0.9038463 0.135779 0.9038453 0.135779 0.9038453 0.135779 0.9423087 0.135779 0.9423078 0.135779 0.9038463 0.135779 0.8653847 0.135779 0.8653847 0.135779 0.8653847 0.135779 0.9038453 0.135779 0.9038463 0.135779 0.8653847 0.135779 0.8269231 0.135779 0.8269231 0.135779 0.8269231 0.135779 0.8653847 0.135779 0.8653847 0.135779 0.8269231 0.135779 0.7884616 0.135779 0.7884624 0.135779 0.7884624 0.135779 0.8269231 0.135779 0.8269231 0.135779 0.0192309 0.9727626 0.326923 0.9727626 0.6346154 0.9727626 0.7499988 0 0.7884618 0 0.7884625 0.01777827 0.7884625 0.01777827 0.7499994 0.01777827 0.7499988 0 0.7884618 0 0.8269231 0 0.8269231 0.01777827 0.8269231 0.01777827 0.7884625 0.01777827 0.7884618 0 0.8269231 0 0.8653845 0 0.8653845 0.01777827 0.8653845 0.01777827 0.8269231 0.01777827 0.8269231 0 0.8653845 0 0.9038454 0 0.9038454 0.01777827 0.9038454 0.01777827 0.8653845 0.01777827 0.8653845 0 0.9038454 0 0.9423091 0 0.9423084 0.01777827 0.9423084 0.01777827 0.9038454 0.01777827 0.9038454 0 0.9423091 0 0.9807687 0 0.9807694 0.01777827 0.9807694 0.01777827 0.9423084 0.01777827 0.9423091 0 0.9807687 0 1.019231 0 1.019231 0.01777827 1.019231 0.01777827 0.9807694 0.01777827 0.9807687 0 0.01923078 0 0.05769181 0 0.05769181 0.01777827 0.05769181 0.01777827 0.01923078 0.01777827 0.01923078 0 0.05769181 0 0.09615439 0 0.09615439 0.01777827 0.09615439 0.01777827 0.05769181 0.01777827 0.05769181 0 0.09615439 0 0.1346153 0 0.1346153 0.01777827 0.1346153 0.01777827 0.09615439 0.01777827 0.09615439 0 0.1346153 0 0.1730762 0 0.1730762 0.01777827 0.1730762 0.01777827 0.1346153 0.01777827 0.1346153 0 0.1730762 0 0.2115393 0 0.2115393 0.01777827 0.2115393 0.01777827 0.1730762 0.01777827 0.1730762 0 0.2115393 0 0.25 0 0.2500001 0.01777827 0.2500001 0.01777827 0.2115393 0.01777827 0.2115393 0 0.25 0 0.2884616 0 0.2884616 0.01777827 0.2884616 0.01777827 0.2500001 0.01777827 0.25 0 0.2884616 0 0.3269225 0 0.3269225 0.01777827 0.3269225 0.01777827 0.2884616 0.01777827 0.2884616 0 0.3269225 0 0.3653852 0 0.3653852 0.01777827 0.3653852 0.01777827 0.3269225 0.01777827 0.3269225 0 0.3653852 0 0.4038456 0 0.4038459 0.01777827 0.4038459 0.01777827 0.3653852 0.01777827 0.3653852 0 0.4038456 0 0.4423065 0 0.4423068 0.01777827 0.4423068 0.01777827 0.4038459 0.01777827 0.4038456 0 0.4423065 0 0.4807701 0 0.4807701 0.01777827 0.4807701 0.01777827 0.4423068 0.01777827 0.4423065 0 0.4807701 0 0.5192314 0 0.519231 0.01777827 0.519231 0.01777827 0.4807701 0.01777827 0.4807701 0 0.5192314 0 0.557693 0 0.5576927 0.01777827 0.5576927 0.01777827 0.519231 0.01777827 0.5192314 0 0.557693 0 0.5961534 0 0.5961534 0.01777827 0.5961534 0.01777827 0.5576927 0.01777827 0.557693 0 0.5961534 0 0.634616 0 0.634616 0.01777827 0.634616 0.01777827 0.5961534 0.01777827 0.5961534 0 0.634616 0 0.6730771 0 0.6730771 0.01777827 0.6730771 0.01777827 0.634616 0.01777827 0.634616 0 0.6730771 0 0.7115385 0 0.7115385 0.01777827 0.7115385 0.01777827 0.6730771 0.01777827 0.6730771 0 0.7115385 0 0.7499988 0 0.7499994 0.01777827 0.7499994 0.01777827 0.7115385 0.01777827 0.7115385 0 0.7884625 0.1347561 0.7499991 0.1347561 0.7499991 0.1326756 0.7499991 0.1326756 0.7884625 0.1326756 0.7884625 0.1347561 0.7499991 0.1347561 0.7115386 0.1347561 0.7115386 0.1326756 0.7115386 0.1326756 0.7499991 0.1326756 0.7499991 0.1347561 0.7115386 0.1347561 0.6730771 0.1347561 0.6730771 0.1326756 0.6730771 0.1326756 0.7115386 0.1326756 0.7115386 0.1347561 0.6730771 0.1347561 0.6346155 0.1347561 0.6346155 0.1326756 0.6346155 0.1326756 0.6730771 0.1326756 0.6730771 0.1347561 0.6346155 0.1347561 0.5961539 0.1347561 0.5961539 0.1326756 0.5961539 0.1326756 0.6346155 0.1326756 0.6346155 0.1347561 0.5961539 0.1347561 0.5576924 0.1347561 0.5576924 0.1326756 0.5576924 0.1326756 0.5961539 0.1326756 0.5961539 0.1347561 0.5576924 0.1347561 0.5192308 0.1347561 0.5192308 0.1326756 0.5192308 0.1326756 0.5576924 0.1326756 0.5576924 0.1347561 0.5192308 0.1347561 0.4807702 0.1347561 0.4807702 0.1326756 0.4807702 0.1326756 0.5192308 0.1326756 0.5192308 0.1347561 0.4807702 0.1347561 0.4423068 0.1347561 0.4423068 0.1326756 0.4423068 0.1326756 0.4807702 0.1326756 0.4807702 0.1347561 0.4423068 0.1347561 0.4038462 0.1347561 0.4038462 0.1326756 0.4038462 0.1326756 0.4423068 0.1326756 0.4423068 0.1347561 0.4038462 0.1347561 0.3653846 0.1347561 0.3653846 0.1326756 0.3653846 0.1326756 0.4038462 0.1326756 0.4038462 0.1347561 0.3653846 0.1347561 0.3269231 0.1347561 0.3269231 0.1326756 0.3269231 0.1326756 0.3653846 0.1326756 0.3653846 0.1347561 0.3269231 0.1347561 0.2884615 0.1347561 0.2884615 0.1326756 0.2884615 0.1326756 0.3269231 0.1326756 0.3269231 0.1347561 0.2884615 0.1347561 0.25 0.1347561 0.25 0.1326756 0.25 0.1326756 0.2884615 0.1326756 0.2884615 0.1347561 0.25 0.1347561 0.2115394 0.1347561 0.2115394 0.1326756 0.2115394 0.1326756 0.25 0.1326756 0.25 0.1347561 0.2115394 0.1347561 0.173076 0.1347561 0.173076 0.1326756 0.173076 0.1326756 0.2115394 0.1326756 0.2115394 0.1347561 0.173076 0.1347561 0.1346154 0.1347561 0.1346154 0.1326756 0.1346154 0.1326756 0.173076 0.1326756 0.173076 0.1347561 0.1346154 0.1347561 0.09615385 0.1347561 0.09615385 0.1326756 0.09615385 0.1326756 0.1346154 0.1326756 0.1346154 0.1347561 0.09615385 0.1347561 0.05769228 0.1347561 0.05769228 0.1326756 0.05769228 0.1326756 0.09615385 0.1326756 0.09615385 0.1347561 0.05769228 0.1347561 0.01923084 0.1347561 0.01923084 0.1326756 0.01923084 0.1326756 0.05769228 0.1326756 0.05769228 0.1347561 0.01923084 0.1347561 -0.01923072 0.1347561 -0.01923072 0.1326756 -0.01923072 0.1326756 0.01923084 0.1326756 0.01923084 0.1347561 0.9807693 0.1347561 0.9423087 0.1347561 0.9423087 0.1326756 0.9423087 0.1326756 0.9807693 0.1326756 0.9807693 0.1347561 0.9423087 0.1347561 0.9038453 0.1347561 0.9038453 0.1326756 0.9038453 0.1326756 0.9423087 0.1326756 0.9423087 0.1347561 0.9038453 0.1347561 0.8653847 0.1347561 0.8653847 0.1326756 0.8653847 0.1326756 0.9038453 0.1326756 0.9038453 0.1347561 0.8653847 0.1347561 0.8269231 0.1347561 0.8269231 0.1326756 0.8269231 0.1326756 0.8653847 0.1326756 0.8653847 0.1347561 0.8269231 0.1347561 0.7884625 0.1347561 0.7884625 0.1326756 0.7884625 0.1326756 0.8269231 0.1326756 0.8269231 0.1347561 0.7499991 0 0.7884625 0 0.7884618 0 0.7884618 0 0.7499988 0 0.7499991 0 0.7884625 0 0.8269231 0 0.8269231 0 0.8269231 0 0.7884618 0 0.7884625 0 0.8269231 0 0.8653847 0 0.8653845 0 0.8653845 0 0.8269231 0 0.8269231 0 0.8653847 0 0.9038453 0 0.9038454 0 0.9038454 0 0.8653845 0 0.8653847 0 0.9038453 0 0.9423087 0 0.9423091 0 0.9423091 0 0.9038454 0 0.9038453 0 0.9423087 0 0.9807693 0 0.9807687 0 0.9807687 0 0.9423091 0 0.9423087 0 0.9807693 0 1.019231 0 1.019231 0 1.019231 0 0.9807687 0 0.9807693 0 0.01923084 0 0.05769228 0 0.05769181 0 0.05769181 0 0.01923078 0 0.01923084 0 0.05769228 0 0.09615385 0 0.09615439 0 0.09615439 0 0.05769181 0 0.05769228 0 0.09615385 0 0.1346154 0 0.1346153 0 0.1346153 0 0.09615439 0 0.09615385 0 0.1346154 0 0.173076 0 0.1730762 0 0.1730762 0 0.1346153 0 0.1346154 0 0.173076 0 0.2115394 0 0.2115393 0 0.2115393 0 0.1730762 0 0.173076 0 0.2115394 0 0.25 0 0.25 0 0.25 0 0.2115393 0 0.2115394 0 0.25 0 0.2884615 0 0.2884616 0 0.2884616 0 0.25 0 0.25 0 0.2884615 0 0.3269231 0 0.3269225 0 0.3269225 0 0.2884616 0 0.2884615 0 0.3269231 0 0.3653846 0 0.3653852 0 0.3653852 0 0.3269225 0 0.3269231 0 0.3653846 0 0.4038462 0 0.4038456 0 0.4038456 0 0.3653852 0 0.3653846 0 0.4038462 0 0.4423068 0 0.4423065 0 0.4423065 0 0.4038456 0 0.4038462 0 0.4423068 0 0.4807702 0 0.4807701 0 0.4807701 0 0.4423065 0 0.4423068 0 0.4807702 0 0.5192308 0 0.5192314 0 0.5192314 0 0.4807701 0 0.4807702 0 0.5192308 0 0.5576924 0 0.557693 0 0.557693 0 0.5192314 0 0.5192308 0 0.5576924 0 0.5961539 0 0.5961534 0 0.5961534 0 0.557693 0 0.5576924 0 0.5961539 0 0.6346155 0 0.634616 0 0.634616 0 0.5961534 0 0.5961539 0 0.6346155 0 0.6730771 0 0.6730771 0 0.6730771 0 0.634616 0 0.6346155 0 0.6730771 0 0.7115386 0 0.7115385 0 0.7115385 0 0.6730771 0 0.6730771 0 0.7115386 0 0.7499991 0 0.7499988 0 0.7499988 0 0.7115385 0 0.7115386 0 0.7884625 0.02945142 0.7499991 0.02945142 0.7499991 0.02945142 0.7499991 0.02945142 0.7884625 0.02945142 0.7884625 0.02945142 0.7499991 0.02945142 0.7115386 0.02945142 0.7115386 0.02945142 0.7115386 0.02945142 0.7499991 0.02945142 0.7499991 0.02945142 0.7115386 0.02945142 0.6730771 0.02945142 0.6730771 0.02945142 0.6730771 0.02945142 0.7115386 0.02945142 0.7115386 0.02945142 0.6730771 0.02945142 0.6346155 0.02945142 0.6346156 0.02945142 0.6346156 0.02945142 0.6730771 0.02945142 0.6730771 0.02945142 0.6346155 0.02945142 0.5961539 0.02945142 0.5961539 0.02945142 0.5961539 0.02945142 0.6346156 0.02945142 0.6346155 0.02945142 0.5961539 0.02945142 0.5576924 0.02945142 0.5576924 0.02945142 0.5576924 0.02945142 0.5961539 0.02945142 0.5961539 0.02945142 0.5576924 0.02945142 0.5192308 0.02945142 0.5192308 0.02945142 0.5192308 0.02945142 0.5576924 0.02945142 0.5576924 0.02945142 0.5192308 0.02945142 0.4807702 0.02945142 0.4807702 0.02945142 0.4807702 0.02945142 0.5192308 0.02945142 0.5192308 0.02945142 0.4807702 0.02945142 0.4423068 0.02945142 0.4423068 0.02945142 0.4423068 0.02945142 0.4807702 0.02945142 0.4807702 0.02945142 0.4423068 0.02945142 0.4038462 0.02945142 0.4038462 0.02945142 0.4038462 0.02945142 0.4423068 0.02945142 0.4423068 0.02945142 0.4038462 0.02945142 0.3653846 0.02945142 0.3653846 0.02945142 0.3653846 0.02945142 0.4038462 0.02945142 0.4038462 0.02945142 0.3653846 0.02945142 0.3269231 0.02945142 0.3269231 0.02945142 0.3269231 0.02945142 0.3653846 0.02945142 0.3653846 0.02945142 0.3269231 0.02945142 0.2884615 0.02945142 0.2884615 0.02945142 0.2884615 0.02945142 0.3269231 0.02945142 0.3269231 0.02945142 0.2884615 0.02945142 0.25 0.02945142 0.25 0.02945142 0.25 0.02945142 0.2884615 0.02945142 0.2884615 0.02945142 0.25 0.02945142 0.2115394 0.02945142 0.2115394 0.02945142 0.2115394 0.02945142 0.25 0.02945142 0.25 0.02945142 0.2115394 0.02945142 0.173076 0.02945142 0.173076 0.02945142 0.173076 0.02945142 0.2115394 0.02945142 0.2115394 0.02945142 0.173076 0.02945142 0.1346154 0.02945142 0.1346154 0.02945142 0.1346154 0.02945142 0.173076 0.02945142 0.173076 0.02945142 0.1346154 0.02945142 0.09615385 0.02945142 0.09615385 0.02945142 0.09615385 0.02945142 0.1346154 0.02945142 0.1346154 0.02945142 0.09615385 0.02945142 0.05769228 0.02945142 0.05769228 0.02945142 0.05769228 0.02945142 0.09615385 0.02945142 0.09615385 0.02945142 0.05769228 0.02945142 0.01923084 0.02945142 0.01923084 0.02945142 0.01923084 0.02945142 0.05769228 0.02945142 0.05769228 0.02945142 0.01923084 0.02945142 -0.01923072 0.02945142 -0.01923072 0.02945142 -0.01923072 0.02945142 0.01923084 0.02945142 0.01923084 0.02945142 0.9807693 0.02945142 0.9423087 0.02945142 0.9423087 0.02945142 0.9423087 0.02945142 0.9807693 0.02945142 0.9807693 0.02945142 0.9423087 0.02945142 0.9038453 0.02945142 0.9038453 0.02945142 0.9038453 0.02945142 0.9423087 0.02945142 0.9423087 0.02945142 0.9038453 0.02945142 0.8653846 0.02945142 0.8653847 0.02945142 0.8653847 0.02945142 0.9038453 0.02945142 0.9038453 0.02945142 0.8653846 0.02945142 0.8269231 0.02945142 0.8269231 0.02945142 0.8269231 0.02945142 0.8653847 0.02945142 0.8653846 0.02945142 0.8269231 0.02945142 0.7884625 0.02945142 0.7884625 0.02945142 0.7884625 0.02945142 0.8269231 0.02945142 0.8269231 0.02945142 0.7884625 0.01777827 0.7884625 0.02945142 0.7499991 0.02945142 0.7499991 0.02945142 0.7499994 0.01777827 0.7884625 0.01777827 0.7499994 0.01777827 0.7499991 0.02945142 0.7115386 0.02945142 0.7115386 0.02945142 0.7115385 0.01777827 0.7499994 0.01777827 0.7115385 0.01777827 0.7115386 0.02945142 0.6730771 0.02945142 0.6730771 0.02945142 0.6730771 0.01777827 0.7115385 0.01777827 0.6730771 0.01777827 0.6730771 0.02945142 0.6346156 0.02945142 0.6346156 0.02945142 0.634616 0.01777827 0.6730771 0.01777827 0.634616 0.01777827 0.6346156 0.02945142 0.5961539 0.02945142 0.5961539 0.02945142 0.5961534 0.01777827 0.634616 0.01777827 0.5961534 0.01777827 0.5961539 0.02945142 0.5576924 0.02945142 0.5576924 0.02945142 0.5576927 0.01777827 0.5961534 0.01777827 0.5576927 0.01777827 0.5576924 0.02945142 0.5192308 0.02945142 0.5192308 0.02945142 0.519231 0.01777827 0.5576927 0.01777827 0.519231 0.01777827 0.5192308 0.02945142 0.4807702 0.02945142 0.4807702 0.02945142 0.4807701 0.01777827 0.519231 0.01777827 0.4807701 0.01777827 0.4807702 0.02945142 0.4423068 0.02945142 0.4423068 0.02945142 0.4423068 0.01777827 0.4807701 0.01777827 0.4423068 0.01777827 0.4423068 0.02945142 0.4038462 0.02945142 0.4038462 0.02945142 0.4038459 0.01777827 0.4423068 0.01777827 0.4038459 0.01777827 0.4038462 0.02945142 0.3653846 0.02945142 0.3653846 0.02945142 0.3653852 0.01777827 0.4038459 0.01777827 0.3653852 0.01777827 0.3653846 0.02945142 0.3269231 0.02945142 0.3269231 0.02945142 0.3269225 0.01777827 0.3653852 0.01777827 0.3269225 0.01777827 0.3269231 0.02945142 0.2884615 0.02945142 0.2884615 0.02945142 0.2884616 0.01777827 0.3269225 0.01777827 0.2884616 0.01777827 0.2884615 0.02945142 0.25 0.02945142 0.25 0.02945142 0.2500001 0.01777827 0.2884616 0.01777827 0.2500001 0.01777827 0.25 0.02945142 0.2115394 0.02945142 0.2115394 0.02945142 0.2115393 0.01777827 0.2500001 0.01777827 0.2115393 0.01777827 0.2115394 0.02945142 0.173076 0.02945142 0.173076 0.02945142 0.1730762 0.01777827 0.2115393 0.01777827 0.1730762 0.01777827 0.173076 0.02945142 0.1346154 0.02945142 0.1346154 0.02945142 0.1346153 0.01777827 0.1730762 0.01777827 0.1346153 0.01777827 0.1346154 0.02945142 0.09615385 0.02945142 0.09615385 0.02945142 0.09615439 0.01777827 0.1346153 0.01777827 0.09615439 0.01777827 0.09615385 0.02945142 0.05769228 0.02945142 0.05769228 0.02945142 0.05769181 0.01777827 0.09615439 0.01777827 0.05769181 0.01777827 0.05769228 0.02945142 0.01923084 0.02945142 0.01923084 0.02945142 0.01923078 0.01777827 0.05769181 0.01777827 0.01923078 0.01777827 0.01923084 0.02945142 -0.01923072 0.02945142 -0.01923072 0.02945142 -0.0192306 0.01777827 0.01923078 0.01777827 0.9807694 0.01777827 0.9807693 0.02945142 0.9423087 0.02945142 0.9423087 0.02945142 0.9423084 0.01777827 0.9807694 0.01777827 0.9423084 0.01777827 0.9423087 0.02945142 0.9038453 0.02945142 0.9038453 0.02945142 0.9038454 0.01777827 0.9423084 0.01777827 0.9038454 0.01777827 0.9038453 0.02945142 0.8653847 0.02945142 0.8653847 0.02945142 0.8653845 0.01777827 0.9038454 0.01777827 0.8653845 0.01777827 0.8653847 0.02945142 0.8269231 0.02945142 0.8269231 0.02945142 0.8269231 0.01777827 0.8653845 0.01777827 0.8269231 0.01777827 0.8269231 0.02945142 0.7884625 0.02945142 0.7884625 0.02945142 0.7884625 0.01777827 0.8269231 0.01777827 0.7884625 0.1347561 0.7884624 0.135779 0.7499991 0.135779 0.7499991 0.135779 0.7499991 0.1347561 0.7884625 0.1347561 0.7499991 0.1347561 0.7499991 0.135779 0.7115386 0.135779 0.7115386 0.135779 0.7115386 0.1347561 0.7499991 0.1347561 0.7115386 0.1347561 0.7115386 0.135779 0.6730771 0.135779 0.6730771 0.135779 0.6730771 0.1347561 0.7115386 0.1347561 0.6730771 0.1347561 0.6730771 0.135779 0.6346155 0.135779 0.6346155 0.135779 0.6346155 0.1347561 0.6730771 0.1347561 0.6346155 0.1347561 0.6346155 0.135779 0.5961539 0.135779 0.5961539 0.135779 0.5961539 0.1347561 0.6346155 0.1347561 0.5961539 0.1347561 0.5961539 0.135779 0.5576924 0.135779 0.5576924 0.135779 0.5576924 0.1347561 0.5961539 0.1347561 0.5576924 0.1347561 0.5576924 0.135779 0.5192308 0.135779 0.5192308 0.135779 0.5192308 0.1347561 0.5576924 0.1347561 0.5192308 0.1347561 0.5192308 0.135779 0.4807702 0.135779 0.4807702 0.135779 0.4807702 0.1347561 0.5192308 0.1347561 0.4807702 0.1347561 0.4807702 0.135779 0.4423068 0.135779 0.4423068 0.135779 0.4423068 0.1347561 0.4807702 0.1347561 0.4423068 0.1347561 0.4423068 0.135779 0.4038462 0.135779 0.4038462 0.135779 0.4038462 0.1347561 0.4423068 0.1347561 0.4038462 0.1347561 0.4038462 0.135779 0.3653846 0.135779 0.3653846 0.135779 0.3653846 0.1347561 0.4038462 0.1347561 0.3653846 0.1347561 0.3653846 0.135779 0.3269231 0.135779 0.3269231 0.135779 0.3269231 0.1347561 0.3653846 0.1347561 0.3269231 0.1347561 0.3269231 0.135779 0.2884615 0.135779 0.2884615 0.135779 0.2884615 0.1347561 0.3269231 0.1347561 0.2884615 0.1347561 0.2884615 0.135779 0.25 0.135779 0.25 0.135779 0.25 0.1347561 0.2884615 0.1347561 0.25 0.1347561 0.25 0.135779 0.2115393 0.135779 0.2115393 0.135779 0.2115394 0.1347561 0.25 0.1347561 0.2115394 0.1347561 0.2115393 0.135779 0.173076 0.135779 0.173076 0.135779 0.173076 0.1347561 0.2115394 0.1347561 0.173076 0.1347561 0.173076 0.135779 0.1346154 0.135779 0.1346154 0.135779 0.1346154 0.1347561 0.173076 0.1347561 0.1346154 0.1347561 0.1346154 0.135779 0.09615385 0.135779 0.09615385 0.135779 0.09615385 0.1347561 0.1346154 0.1347561 0.09615385 0.1347561 0.09615385 0.135779 0.05769228 0.135779 0.05769228 0.135779 0.05769228 0.1347561 0.09615385 0.1347561 0.05769228 0.1347561 0.05769228 0.135779 0.01923084 0.135779 0.01923084 0.135779 0.01923084 0.1347561 0.05769228 0.1347561 0.01923084 0.1347561 0.01923084 0.135779 -0.01923072 0.135779 -0.01923072 0.135779 -0.01923072 0.1347561 0.01923084 0.1347561 0.9807693 0.1347561 0.9807693 0.135779 0.9423087 0.135779 0.9423087 0.135779 0.9423087 0.1347561 0.9807693 0.1347561 0.9423087 0.1347561 0.9423087 0.135779 0.9038453 0.135779 0.9038453 0.135779 0.9038453 0.1347561 0.9423087 0.1347561 0.9038453 0.1347561 0.9038453 0.135779 0.8653847 0.135779 0.8653847 0.135779 0.8653847 0.1347561 0.9038453 0.1347561 0.8653847 0.1347561 0.8653847 0.135779 0.8269231 0.135779 0.8269231 0.135779 0.8269231 0.1347561 0.8653847 0.1347561 0.8269231 0.1347561 0.8269231 0.135779 0.7884624 0.135779 0.7884624 0.135779 0.7884625 0.1347561 0.8269231 0.1347561 0.8653847 0.9727626 0.9038463 0.9727626 0.9423078 0.9727626 0.9423078 0.9727626 0.9807693 0.9727626 0.0192309 0.9727626 0.0192309 0.9727626 0.05769234 0.9727626 0.1730769 0.9727626 0.05769234 0.9727626 0.09615391 0.9727626 0.1730769 0.9727626 0.09615391 0.9727626 0.1346154 0.9727626 0.1730769 0.9727626 0.1730769 0.9727626 0.2115384 0.9727626 0.25 0.9727626 0.25 0.9727626 0.2884615 0.9727626 0.326923 0.9727626 0.326923 0.9727626 0.3653845 0.9727626 0.4807692 0.9727626 0.3653845 0.9727626 0.4038461 0.9727626 0.4807692 0.9727626 0.4038461 0.9727626 0.4423076 0.9727626 0.4807692 0.9727626 0.4807692 0.9727626 0.5192307 0.9727626 0.5576923 0.9727626 0.5576923 0.9727626 0.5961539 0.9727626 0.6346154 0.9727626 0.6346154 0.9727626 0.6730771 0.9727626 0.7884616 0.9727626 0.6730771 0.9727626 0.7115387 0.9727626 0.7884616 0.9727626 0.7115387 0.9727626 0.75 0.9727626 0.7884616 0.9727626 0.7884616 0.9727626 0.8269231 0.9727626 0.8653847 0.9727626 0.8653847 0.9727626 0.9423078 0.9727626 0.7884616 0.9727626 0.9423078 0.9727626 0.0192309 0.9727626 0.7884616 0.9727626 0.1730769 0.9727626 0.25 0.9727626 0.326923 0.9727626 0.4807692 0.9727626 0.5576923 0.9727626 0.326923 0.9727626 0.5576923 0.9727626 0.6346154 0.9727626 0.326923 0.9727626 0.0192309 0.9727626 0.1730769 0.9727626 0.326923 0.9727626 0.6346154 0.9727626 0.7884616 0.9727626 0.0192309 0.9727626</float_array>
          <technique_common>
            <accessor source="#Örüntü_019-mesh-map-0-array" count="2328" stride="2">
              <param name="S" type="float"/>
              <param name="T" type="float"/>
            </accessor>
          </technique_common>
        </source>
        <vertices id="Örüntü_019-mesh-vertices">
          <input semantic="POSITION" source="#Örüntü_019-mesh-positions"/>
        </vertices>
        <triangles material="direk_009-material" count="776">
          <input semantic="VERTEX" source="#Örüntü_019-mesh-vertices" offset="0"/>
          <input semantic="NORMAL" source="#Örüntü_019-mesh-normals" offset="1"/>
          <input semantic="TEXCOORD" source="#Örüntü_019-mesh-map-0" offset="2" set="0"/>
          <p>24 0 0 23 0 1 22 0 2 22 0 3 21 0 4 20 0 5 20 0 6 19 0 7 18 0 8 22 0 9 20 0 10 18 0 11 18 0 12 17 0 13 16 0 14 16 0 15 15 0 16 14 0 17 18 0 18 16 0 19 14 0 20 22 0 21 18 0 22 14 0 23 14 0 24 13 0 25 12 0 26 12 0 27 11 0 28 10 0 29 14 0 30 12 0 31 10 0 32 10 0 33 9 0 34 8 0 35 8 0 36 7 0 37 6 0 38 10 0 39 8 0 40 6 0 41 14 0 42 10 0 43 6 0 44 22 0 45 14 0 46 6 0 47 6 0 48 5 0 49 4 0 50 4 0 51 3 0 52 2 0 53 6 0 54 4 0 55 2 0 56 22 0 57 6 0 58 2 0 59 2 0 60 1 0 61 0 0 62 22 0 63 2 0 64 0 0 65 24 0 66 22 0 67 0 0 68 25 0 69 24 0 70 0 0 71 234 1 72 235 2 73 260 3 74 260 3 75 261 4 76 234 1 77 235 2 78 236 5 79 285 6 80 285 6 81 260 3 82 235 2 83 236 5 84 237 7 85 284 8 86 284 8 87 285 6 88 236 5 89 237 7 90 238 9 91 283 10 92 283 10 93 284 8 94 237 7 95 238 9 96 239 11 97 282 12 98 282 12 99 283 10 100 238 9 101 239 11 102 240 13 103 281 14 104 281 14 105 282 12 106 239 11 107 240 13 108 241 15 109 280 16 110 280 16 111 281 14 112 240 13 113 241 15 114 242 17 115 279 18 116 279 18 117 280 16 118 241 15 119 242 17 120 243 19 121 278 20 122 278 20 123 279 18 124 242 17 125 243 19 126 244 21 127 277 22 128 277 22 129 278 20 130 243 19 131 244 21 132 245 23 133 276 24 134 276 24 135 277 22 136 244 21 137 245 23 138 246 25 139 275 26 140 275 26 141 276 24 142 245 23 143 246 25 144 247 27 145 274 28 146 274 28 147 275 26 148 246 25 149 247 27 150 248 29 151 273 30 152 273 30 153 274 28 154 247 27 155 248 29 156 249 31 157 272 32 158 272 32 159 273 30 160 248 29 161 249 31 162 250 33 163 271 34 164 271 34 165 272 32 166 249 31 167 250 33 168 251 35 169 270 36 170 270 36 171 271 34 172 250 33 173 251 35 174 252 37 175 269 38 176 269 38 177 270 36 178 251 35 179 252 37 180 253 39 181 268 40 182 268 40 183 269 38 184 252 37 185 253 39 186 254 41 187 267 42 188 267 42 189 268 40 190 253 39 191 254 41 192 255 43 193 266 44 194 266 44 195 267 42 196 254 41 197 255 43 198 256 45 199 265 46 200 265 46 201 266 44 202 255 43 203 256 45 204 257 47 205 264 48 206 264 48 207 265 46 208 256 45 209 257 47 210 258 49 211 263 50 212 263 50 213 264 48 214 257 47 215 258 49 216 259 51 217 262 52 218 262 52 219 263 50 220 258 49 221 259 51 222 234 1 223 261 4 224 261 4 225 262 52 226 259 51 227 26 1 228 27 2 229 53 3 230 53 3 231 52 4 232 26 1 233 27 2 234 28 5 235 54 6 236 54 6 237 53 3 238 27 2 239 28 5 240 29 7 241 55 8 242 55 8 243 54 6 244 28 5 245 29 7 246 30 9 247 56 10 248 56 10 249 55 8 250 29 7 251 30 9 252 31 11 253 57 12 254 57 12 255 56 10 256 30 9 257 31 11 258 32 13 259 58 14 260 58 14 261 57 12 262 31 11 263 32 13 264 33 15 265 59 16 266 59 16 267 58 14 268 32 13 269 33 15 270 34 17 271 60 18 272 60 18 273 59 16 274 33 15 275 34 17 276 35 19 277 61 20 278 61 20 279 60 18 280 34 17 281 35 19 282 36 21 283 62 22 284 62 22 285 61 20 286 35 19 287 36 21 288 37 23 289 63 24 290 63 24 291 62 22 292 36 21 293 37 23 294 38 25 295 64 26 296 64 26 297 63 24 298 37 23 299 38 25 300 39 27 301 65 28 302 65 28 303 64 26 304 38 25 305 39 27 306 40 29 307 66 30 308 66 30 309 65 28 310 39 27 311 40 29 312 41 31 313 67 32 314 67 32 315 66 30 316 40 29 317 41 31 318 42 53 319 68 34 320 68 34 321 67 32 322 41 31 323 42 53 324 43 54 325 69 36 326 69 36 327 68 34 328 42 53 329 43 54 330 44 37 331 70 38 332 70 38 333 69 36 334 43 54 335 44 37 336 45 39 337 71 40 338 71 40 339 70 38 340 44 37 341 45 39 342 46 55 343 72 42 344 72 42 345 71 40 346 45 39 347 46 55 348 47 43 349 73 44 350 73 44 351 72 42 352 46 55 353 47 43 354 48 45 355 74 46 356 74 46 357 73 44 358 47 43 359 48 45 360 49 47 361 75 48 362 75 48 363 74 46 364 48 45 365 49 47 366 50 56 367 76 50 368 76 50 369 75 48 370 49 47 371 50 56 372 51 51 373 77 52 374 77 52 375 76 50 376 50 56 377 51 51 378 26 1 379 52 4 380 52 4 381 77 52 382 51 51 383 52 4 384 53 3 385 79 3 386 79 3 387 78 4 388 52 4 389 53 3 390 54 6 391 80 6 392 80 6 393 79 3 394 53 3 395 54 6 396 55 8 397 81 8 398 81 8 399 80 6 400 54 6 401 55 8 402 56 10 403 82 10 404 82 10 405 81 8 406 55 8 407 56 10 408 57 12 409 83 12 410 83 12 411 82 10 412 56 10 413 57 12 414 58 14 415 84 14 416 84 14 417 83 12 418 57 12 419 58 14 420 59 16 421 85 16 422 85 16 423 84 14 424 58 14 425 59 16 426 60 18 427 86 18 428 86 18 429 85 16 430 59 16 431 60 18 432 61 20 433 87 20 434 87 20 435 86 18 436 60 18 437 61 20 438 62 22 439 88 22 440 88 22 441 87 20 442 61 20 443 62 22 444 63 24 445 89 24 446 89 24 447 88 22 448 62 22 449 63 24 450 64 26 451 90 26 452 90 26 453 89 24 454 63 24 455 64 26 456 65 28 457 91 28 458 91 28 459 90 26 460 64 26 461 65 28 462 66 30 463 92 30 464 92 30 465 91 28 466 65 28 467 66 30 468 67 32 469 93 32 470 93 32 471 92 30 472 66 30 473 67 32 474 68 34 475 94 34 476 94 34 477 93 32 478 67 32 479 68 34 480 69 36 481 95 36 482 95 36 483 94 34 484 68 34 485 69 36 486 70 38 487 96 38 488 96 38 489 95 36 490 69 36 491 70 38 492 71 40 493 97 40 494 97 40 495 96 38 496 70 38 497 71 40 498 72 42 499 98 42 500 98 42 501 97 40 502 71 40 503 72 42 504 73 44 505 99 44 506 99 44 507 98 42 508 72 42 509 73 44 510 74 46 511 100 46 512 100 46 513 99 44 514 73 44 515 74 46 516 75 48 517 101 48 518 101 48 519 100 46 520 74 46 521 75 48 522 76 50 523 102 50 524 102 50 525 101 48 526 75 48 527 76 50 528 77 52 529 103 52 530 103 52 531 102 50 532 76 50 533 77 52 534 52 4 535 78 4 536 78 4 537 103 52 538 77 52 539 78 4 540 79 3 541 105 3 542 105 3 543 104 4 544 78 4 545 79 3 546 80 6 547 106 6 548 106 6 549 105 3 550 79 3 551 80 6 552 81 8 553 107 8 554 107 8 555 106 6 556 80 6 557 81 8 558 82 10 559 108 10 560 108 10 561 107 8 562 81 8 563 82 10 564 83 12 565 109 12 566 109 12 567 108 10 568 82 10 569 83 12 570 84 14 571 110 14 572 110 14 573 109 12 574 83 12 575 84 14 576 85 16 577 111 16 578 111 16 579 110 14 580 84 14 581 85 16 582 86 18 583 112 18 584 112 18 585 111 16 586 85 16 587 86 18 588 87 20 589 113 20 590 113 20 591 112 18 592 86 18 593 87 20 594 88 22 595 114 22 596 114 22 597 113 20 598 87 20 599 88 22 600 89 24 601 115 24 602 115 24 603 114 22 604 88 22 605 89 24 606 90 26 607 116 26 608 116 26 609 115 24 610 89 24 611 90 26 612 91 28 613 117 28 614 117 28 615 116 26 616 90 26 617 91 28 618 92 30 619 118 30 620 118 30 621 117 28 622 91 28 623 92 30 624 93 32 625 119 32 626 119 32 627 118 30 628 92 30 629 93 32 630 94 34 631 120 34 632 120 34 633 119 32 634 93 32 635 94 34 636 95 36 637 121 36 638 121 36 639 120 34 640 94 34 641 95 36 642 96 38 643 122 38 644 122 38 645 121 36 646 95 36 647 96 38 648 97 40 649 123 40 650 123 40 651 122 38 652 96 38 653 97 40 654 98 42 655 124 42 656 124 42 657 123 40 658 97 40 659 98 42 660 99 44 661 125 44 662 125 44 663 124 42 664 98 42 665 99 44 666 100 46 667 126 46 668 126 46 669 125 44 670 99 44 671 100 46 672 101 48 673 127 48 674 127 48 675 126 46 676 100 46 677 101 48 678 102 50 679 128 50 680 128 50 681 127 48 682 101 48 683 102 50 684 103 52 685 129 52 686 129 52 687 128 50 688 102 50 689 103 52 690 78 4 691 104 4 692 104 4 693 129 52 694 103 52 695 104 4 696 105 3 697 131 3 698 131 3 699 130 4 700 104 4 701 105 3 702 106 6 703 132 6 704 132 6 705 131 3 706 105 3 707 106 6 708 107 8 709 133 8 710 133 8 711 132 6 712 106 6 713 107 8 714 108 10 715 134 10 716 134 10 717 133 8 718 107 8 719 108 10 720 109 12 721 135 12 722 135 12 723 134 10 724 108 10 725 109 12 726 110 14 727 136 14 728 136 14 729 135 12 730 109 12 731 110 14 732 111 16 733 137 16 734 137 16 735 136 14 736 110 14 737 111 16 738 112 18 739 138 18 740 138 18 741 137 16 742 111 16 743 112 18 744 113 20 745 139 20 746 139 20 747 138 18 748 112 18 749 113 20 750 114 22 751 140 22 752 140 22 753 139 20 754 113 20 755 114 22 756 115 24 757 141 24 758 141 24 759 140 22 760 114 22 761 115 24 762 116 26 763 142 26 764 142 26 765 141 24 766 115 24 767 116 26 768 117 28 769 143 28 770 143 28 771 142 26 772 116 26 773 117 28 774 118 30 775 144 30 776 144 30 777 143 28 778 117 28 779 118 30 780 119 32 781 145 32 782 145 32 783 144 30 784 118 30 785 119 32 786 120 34 787 146 34 788 146 34 789 145 32 790 119 32 791 120 34 792 121 36 793 147 36 794 147 36 795 146 34 796 120 34 797 121 36 798 122 38 799 148 38 800 148 38 801 147 36 802 121 36 803 122 38 804 123 40 805 149 40 806 149 40 807 148 38 808 122 38 809 123 40 810 124 42 811 150 42 812 150 42 813 149 40 814 123 40 815 124 42 816 125 44 817 151 44 818 151 44 819 150 42 820 124 42 821 125 44 822 126 46 823 152 46 824 152 46 825 151 44 826 125 44 827 126 46 828 127 48 829 153 48 830 153 48 831 152 46 832 126 46 833 127 48 834 128 50 835 154 50 836 154 50 837 153 48 838 127 48 839 128 50 840 129 52 841 155 52 842 155 52 843 154 50 844 128 50 845 129 52 846 104 4 847 130 4 848 130 4 849 155 52 850 129 52 851 130 4 852 131 3 853 157 57 854 157 57 855 156 58 856 130 4 857 131 3 858 132 6 859 158 59 860 158 59 861 157 57 862 131 3 863 132 6 864 133 8 865 159 60 866 159 60 867 158 59 868 132 6 869 133 8 870 134 10 871 160 61 872 160 61 873 159 60 874 133 8 875 134 10 876 135 12 877 161 62 878 161 62 879 160 61 880 134 10 881 135 12 882 136 14 883 162 63 884 162 63 885 161 62 886 135 12 887 136 14 888 137 16 889 163 64 890 163 64 891 162 63 892 136 14 893 137 16 894 138 18 895 164 65 896 164 65 897 163 64 898 137 16 899 138 18 900 139 20 901 165 66 902 165 66 903 164 65 904 138 18 905 139 20 906 140 22 907 166 67 908 166 67 909 165 66 910 139 20 911 140 22 912 141 24 913 167 68 914 167 68 915 166 67 916 140 22 917 141 24 918 142 26 919 168 69 920 168 69 921 167 68 922 141 24 923 142 26 924 143 28 925 169 70 926 169 70 927 168 69 928 142 26 929 143 28 930 144 30 931 170 71 932 170 71 933 169 70 934 143 28 935 144 30 936 145 32 937 171 72 938 171 72 939 170 71 940 144 30 941 145 32 942 146 34 943 172 73 944 172 73 945 171 72 946 145 32 947 146 34 948 147 36 949 173 74 950 173 74 951 172 73 952 146 34 953 147 36 954 148 38 955 174 75 956 174 75 957 173 74 958 147 36 959 148 38 960 149 40 961 175 76 962 175 76 963 174 75 964 148 38 965 149 40 966 150 42 967 176 77 968 176 77 969 175 76 970 149 40 971 150 42 972 151 44 973 177 78 974 177 78 975 176 77 976 150 42 977 151 44 978 152 46 979 178 79 980 178 79 981 177 78 982 151 44 983 152 46 984 153 48 985 179 80 986 179 80 987 178 79 988 152 46 989 153 48 990 154 50 991 180 81 992 180 81 993 179 80 994 153 48 995 154 50 996 155 52 997 181 82 998 181 82 999 180 81 1000 154 50 1001 155 52 1002 130 4 1003 156 58 1004 156 58 1005 181 82 1006 155 52 1007 0 0 1008 1 0 1009 183 0 1010 183 0 1011 182 0 1012 0 0 1013 1 0 1014 2 0 1015 184 0 1016 184 0 1017 183 0 1018 1 0 1019 2 0 1020 3 0 1021 185 0 1022 185 0 1023 184 0 1024 2 0 1025 3 0 1026 4 0 1027 186 0 1028 186 0 1029 185 0 1030 3 0 1031 4 0 1032 5 0 1033 187 0 1034 187 0 1035 186 0 1036 4 0 1037 5 0 1038 6 0 1039 188 0 1040 188 0 1041 187 0 1042 5 0 1043 6 0 1044 7 0 1045 189 0 1046 189 0 1047 188 0 1048 6 0 1049 7 0 1050 8 0 1051 190 0 1052 190 0 1053 189 0 1054 7 0 1055 8 0 1056 9 0 1057 191 0 1058 191 0 1059 190 0 1060 8 0 1061 9 0 1062 10 0 1063 192 0 1064 192 0 1065 191 0 1066 9 0 1067 10 0 1068 11 0 1069 193 0 1070 193 0 1071 192 0 1072 10 0 1073 11 0 1074 12 0 1075 194 0 1076 194 0 1077 193 0 1078 11 0 1079 12 0 1080 13 0 1081 195 0 1082 195 0 1083 194 0 1084 12 0 1085 13 0 1086 14 0 1087 196 0 1088 196 0 1089 195 0 1090 13 0 1091 14 0 1092 15 0 1093 197 0 1094 197 0 1095 196 0 1096 14 0 1097 15 0 1098 16 0 1099 198 0 1100 198 0 1101 197 0 1102 15 0 1103 16 0 1104 17 0 1105 199 0 1106 199 0 1107 198 0 1108 16 0 1109 17 0 1110 18 0 1111 200 0 1112 200 0 1113 199 0 1114 17 0 1115 18 0 1116 19 0 1117 201 0 1118 201 0 1119 200 0 1120 18 0 1121 19 0 1122 20 0 1123 202 0 1124 202 0 1125 201 0 1126 19 0 1127 20 0 1128 21 0 1129 203 0 1130 203 0 1131 202 0 1132 20 0 1133 21 0 1134 22 0 1135 204 0 1136 204 0 1137 203 0 1138 21 0 1139 22 0 1140 23 0 1141 205 0 1142 205 0 1143 204 0 1144 22 0 1145 23 0 1146 24 0 1147 206 0 1148 206 0 1149 205 0 1150 23 0 1151 24 0 1152 25 0 1153 207 0 1154 207 0 1155 206 0 1156 24 0 1157 25 0 1158 0 0 1159 182 0 1160 182 0 1161 207 0 1162 25 0 1163 27 83 1164 26 83 1165 209 83 1166 209 84 1167 208 84 1168 27 84 1169 26 85 1170 51 85 1171 210 85 1172 210 86 1173 209 86 1174 26 86 1175 51 87 1176 50 87 1177 211 87 1178 211 87 1179 210 87 1180 51 87 1181 50 87 1182 49 87 1183 212 87 1184 212 87 1185 211 87 1186 50 87 1187 49 87 1188 48 87 1189 213 87 1190 213 87 1191 212 87 1192 49 87 1193 48 88 1194 47 88 1195 214 88 1196 214 89 1197 213 89 1198 48 89 1199 47 90 1200 46 90 1201 215 90 1202 215 91 1203 214 91 1204 47 91 1205 46 87 1206 45 87 1207 216 87 1208 216 92 1209 215 92 1210 46 92 1211 45 87 1212 44 87 1213 217 87 1214 217 87 1215 216 87 1216 45 87 1217 44 87 1218 43 87 1219 218 87 1220 218 87 1221 217 87 1222 44 87 1223 43 87 1224 42 87 1225 219 87 1226 219 87 1227 218 87 1228 43 87 1229 42 93 1230 41 93 1231 220 93 1232 220 87 1233 219 87 1234 42 87 1235 41 94 1236 40 94 1237 221 94 1238 221 95 1239 220 95 1240 41 95 1241 40 96 1242 39 96 1243 222 96 1244 222 97 1245 221 97 1246 40 97 1247 39 98 1248 38 98 1249 223 98 1250 223 99 1251 222 99 1252 39 99 1253 38 100 1254 37 100 1255 224 100 1256 224 101 1257 223 101 1258 38 101 1259 37 87 1260 36 87 1261 225 87 1262 225 102 1263 224 102 1264 37 102 1265 36 87 1266 35 87 1267 226 87 1268 226 87 1269 225 87 1270 36 87 1271 35 87 1272 34 87 1273 227 87 1274 227 87 1275 226 87 1276 35 87 1277 34 87 1278 33 87 1279 228 87 1280 228 87 1281 227 87 1282 34 87 1283 33 87 1284 32 87 1285 229 87 1286 229 87 1287 228 87 1288 33 87 1289 32 87 1290 31 87 1291 230 87 1292 230 87 1293 229 87 1294 32 87 1295 31 87 1296 30 87 1297 231 87 1298 231 87 1299 230 87 1300 31 87 1301 30 87 1302 29 87 1303 232 87 1304 232 103 1305 231 103 1306 30 103 1307 29 87 1308 28 87 1309 233 87 1310 233 87 1311 232 87 1312 29 87 1313 28 87 1314 27 87 1315 208 87 1316 208 104 1317 233 104 1318 28 104 1319 163 64 1320 171 72 1321 179 80 1322 286 105 1323 287 106 1324 338 107 1325 338 107 1326 339 108 1327 286 105 1328 287 106 1329 288 109 1330 363 110 1331 363 110 1332 338 107 1333 287 106 1334 288 109 1335 289 111 1336 362 112 1337 362 112 1338 363 110 1339 288 109 1340 289 111 1341 290 113 1342 361 114 1343 361 114 1344 362 112 1345 289 111 1346 290 113 1347 291 115 1348 360 116 1349 360 116 1350 361 114 1351 290 113 1352 291 115 1353 292 117 1354 359 118 1355 359 118 1356 360 116 1357 291 115 1358 292 117 1359 293 119 1360 358 120 1361 358 120 1362 359 118 1363 292 117 1364 293 119 1365 294 121 1366 357 122 1367 357 122 1368 358 120 1369 293 119 1370 294 121 1371 295 123 1372 356 124 1373 356 124 1374 357 122 1375 294 121 1376 295 123 1377 296 125 1378 355 126 1379 355 126 1380 356 124 1381 295 123 1382 296 125 1383 297 127 1384 354 128 1385 354 128 1386 355 126 1387 296 125 1388 297 127 1389 298 129 1390 353 130 1391 353 130 1392 354 128 1393 297 127 1394 298 129 1395 299 131 1396 352 132 1397 352 132 1398 353 130 1399 298 129 1400 299 131 1401 300 133 1402 351 134 1403 351 134 1404 352 132 1405 299 131 1406 300 133 1407 301 135 1408 350 136 1409 350 136 1410 351 134 1411 300 133 1412 301 135 1413 302 137 1414 349 138 1415 349 138 1416 350 136 1417 301 135 1418 302 137 1419 303 139 1420 348 140 1421 348 140 1422 349 138 1423 302 137 1424 303 139 1425 304 141 1426 347 142 1427 347 142 1428 348 140 1429 303 139 1430 304 141 1431 305 143 1432 346 144 1433 346 144 1434 347 142 1435 304 141 1436 305 143 1437 306 145 1438 345 146 1439 345 146 1440 346 144 1441 305 143 1442 306 145 1443 307 147 1444 344 148 1445 344 148 1446 345 146 1447 306 145 1448 307 147 1449 308 149 1450 343 150 1451 343 150 1452 344 148 1453 307 147 1454 308 149 1455 309 151 1456 342 152 1457 342 152 1458 343 150 1459 308 149 1460 309 151 1461 310 153 1462 341 154 1463 341 154 1464 342 152 1465 309 151 1466 310 153 1467 311 155 1468 340 156 1469 340 156 1470 341 154 1471 310 153 1472 311 155 1473 286 105 1474 339 108 1475 339 108 1476 340 156 1477 311 155 1478 364 107 1479 365 108 1480 261 4 1481 261 4 1482 260 3 1483 364 107 1484 365 108 1485 366 156 1486 262 52 1487 262 52 1488 261 4 1489 365 108 1490 366 156 1491 367 154 1492 263 50 1493 263 50 1494 262 52 1495 366 156 1496 367 154 1497 368 152 1498 264 48 1499 264 48 1500 263 50 1501 367 154 1502 368 152 1503 369 150 1504 265 46 1505 265 46 1506 264 48 1507 368 152 1508 369 150 1509 370 148 1510 266 44 1511 266 44 1512 265 46 1513 369 150 1514 370 148 1515 371 146 1516 267 42 1517 267 42 1518 266 44 1519 370 148 1520 371 146 1521 372 157 1522 268 40 1523 268 40 1524 267 42 1525 371 146 1526 372 157 1527 373 142 1528 269 38 1529 269 38 1530 268 40 1531 372 157 1532 373 142 1533 374 140 1534 270 36 1535 270 36 1536 269 38 1537 373 142 1538 374 140 1539 375 138 1540 271 34 1541 271 34 1542 270 36 1543 374 140 1544 375 138 1545 376 136 1546 272 32 1547 272 32 1548 271 34 1549 375 138 1550 376 136 1551 377 134 1552 273 30 1553 273 30 1554 272 32 1555 376 136 1556 377 134 1557 378 132 1558 274 28 1559 274 28 1560 273 30 1561 377 134 1562 378 132 1563 379 158 1564 275 26 1565 275 26 1566 274 28 1567 378 132 1568 379 158 1569 380 128 1570 276 24 1571 276 24 1572 275 26 1573 379 158 1574 380 128 1575 381 126 1576 277 22 1577 277 22 1578 276 24 1579 380 128 1580 381 126 1581 382 124 1582 278 20 1583 278 20 1584 277 22 1585 381 126 1586 382 124 1587 383 122 1588 279 18 1589 279 18 1590 278 20 1591 382 124 1592 383 122 1593 384 120 1594 280 16 1595 280 16 1596 279 18 1597 383 122 1598 384 120 1599 385 118 1600 281 14 1601 281 14 1602 280 16 1603 384 120 1604 385 118 1605 386 116 1606 282 12 1607 282 12 1608 281 14 1609 385 118 1610 386 116 1611 387 159 1612 283 10 1613 283 10 1614 282 12 1615 386 116 1616 387 159 1617 388 112 1618 284 8 1619 284 8 1620 283 10 1621 387 159 1622 388 112 1623 389 110 1624 285 6 1625 285 6 1626 284 8 1627 388 112 1628 389 110 1629 364 107 1630 260 3 1631 260 3 1632 285 6 1633 389 110 1634 182 160 1635 183 160 1636 287 160 1637 287 161 1638 286 161 1639 182 161 1640 183 162 1641 184 162 1642 288 162 1643 288 163 1644 287 163 1645 183 163 1646 184 164 1647 185 164 1648 289 164 1649 289 165 1650 288 165 1651 184 165 1652 185 166 1653 186 166 1654 290 166 1655 290 167 1656 289 167 1657 185 167 1658 186 168 1659 187 168 1660 291 168 1661 291 169 1662 290 169 1663 186 169 1664 187 170 1665 188 170 1666 292 170 1667 292 171 1668 291 171 1669 187 171 1670 188 0 1671 189 0 1672 293 0 1673 293 172 1674 292 172 1675 188 172 1676 189 0 1677 190 0 1678 294 0 1679 294 0 1680 293 0 1681 189 0 1682 190 0 1683 191 0 1684 295 0 1685 295 0 1686 294 0 1687 190 0 1688 191 173 1689 192 173 1690 296 173 1691 296 174 1692 295 174 1693 191 174 1694 192 175 1695 193 175 1696 297 175 1697 297 176 1698 296 176 1699 192 176 1700 193 177 1701 194 177 1702 298 177 1703 298 178 1704 297 178 1705 193 178 1706 194 179 1707 195 179 1708 299 179 1709 299 180 1710 298 180 1711 194 180 1712 195 0 1713 196 0 1714 300 0 1715 300 181 1716 299 181 1717 195 181 1718 196 0 1719 197 0 1720 301 0 1721 301 0 1722 300 0 1723 196 0 1724 197 0 1725 198 0 1726 302 0 1727 302 0 1728 301 0 1729 197 0 1730 198 182 1731 199 182 1732 303 182 1733 303 183 1734 302 183 1735 198 183 1736 199 0 1737 200 0 1738 304 0 1739 304 184 1740 303 184 1741 199 184 1742 200 185 1743 201 185 1744 305 185 1745 305 186 1746 304 186 1747 200 186 1748 201 187 1749 202 187 1750 306 187 1751 306 188 1752 305 188 1753 201 188 1754 202 0 1755 203 0 1756 307 0 1757 307 189 1758 306 189 1759 202 189 1760 203 0 1761 204 0 1762 308 0 1763 308 0 1764 307 0 1765 203 0 1766 204 0 1767 205 0 1768 309 0 1769 309 0 1770 308 0 1771 204 0 1772 205 0 1773 206 0 1774 310 0 1775 310 0 1776 309 0 1777 205 0 1778 206 190 1779 207 190 1780 311 190 1781 311 191 1782 310 191 1783 206 191 1784 207 192 1785 182 192 1786 286 192 1787 286 193 1788 311 193 1789 207 193 1790 235 194 1791 234 194 1792 313 194 1793 313 195 1794 312 195 1795 235 195 1796 234 196 1797 259 196 1798 314 196 1799 314 197 1800 313 197 1801 234 197 1802 259 198 1803 258 198 1804 315 198 1805 315 199 1806 314 199 1807 259 199 1808 258 200 1809 257 200 1810 316 200 1811 316 201 1812 315 201 1813 258 201 1814 257 202 1815 256 202 1816 317 202 1817 317 203 1818 316 203 1819 257 203 1820 256 204 1821 255 204 1822 318 204 1823 318 205 1824 317 205 1825 256 205 1826 255 206 1827 254 206 1828 319 206 1829 319 207 1830 318 207 1831 255 207 1832 254 87 1833 253 87 1834 320 87 1835 320 87 1836 319 87 1837 254 87 1838 253 208 1839 252 208 1840 321 208 1841 321 209 1842 320 209 1843 253 209 1844 252 210 1845 251 210 1846 322 210 1847 322 211 1848 321 211 1849 252 211 1850 251 212 1851 250 212 1852 323 212 1853 323 213 1854 322 213 1855 251 213 1856 250 214 1857 249 214 1858 324 214 1859 324 215 1860 323 215 1861 250 215 1862 249 216 1863 248 216 1864 325 216 1865 325 217 1866 324 217 1867 249 217 1868 248 218 1869 247 218 1870 326 218 1871 326 219 1872 325 219 1873 248 219 1874 247 220 1875 246 220 1876 327 220 1877 327 221 1878 326 221 1879 247 221 1880 246 222 1881 245 222 1882 328 222 1883 328 223 1884 327 223 1885 246 223 1886 245 224 1887 244 224 1888 329 224 1889 329 225 1890 328 225 1891 245 225 1892 244 226 1893 243 226 1894 330 226 1895 330 227 1896 329 227 1897 244 227 1898 243 228 1899 242 228 1900 331 228 1901 331 229 1902 330 229 1903 243 229 1904 242 87 1905 241 87 1906 332 87 1907 332 230 1908 331 230 1909 242 230 1910 241 87 1911 240 87 1912 333 87 1913 333 87 1914 332 87 1915 241 87 1916 240 231 1917 239 231 1918 334 231 1919 334 232 1920 333 232 1921 240 232 1922 239 233 1923 238 233 1924 335 233 1925 335 234 1926 334 234 1927 239 234 1928 238 235 1929 237 235 1930 336 235 1931 336 236 1932 335 236 1933 238 236 1934 237 237 1935 236 237 1936 337 237 1937 337 238 1938 336 238 1939 237 238 1940 236 239 1941 235 239 1942 312 239 1943 312 240 1944 337 240 1945 236 240 1946 338 107 1947 312 241 1948 313 242 1949 313 242 1950 339 108 1951 338 107 1952 339 108 1953 313 242 1954 314 243 1955 314 243 1956 340 156 1957 339 108 1958 340 156 1959 314 243 1960 315 244 1961 315 244 1962 341 154 1963 340 156 1964 341 154 1965 315 244 1966 316 245 1967 316 245 1968 342 152 1969 341 154 1970 342 152 1971 316 245 1972 317 246 1973 317 246 1974 343 150 1975 342 152 1976 343 150 1977 317 246 1978 318 247 1979 318 247 1980 344 148 1981 343 150 1982 344 148 1983 318 247 1984 319 248 1985 319 248 1986 345 146 1987 344 148 1988 345 146 1989 319 248 1990 320 249 1991 320 249 1992 346 144 1993 345 146 1994 346 144 1995 320 249 1996 321 250 1997 321 250 1998 347 142 1999 346 144 2000 347 142 2001 321 250 2002 322 251 2003 322 251 2004 348 140 2005 347 142 2006 348 140 2007 322 251 2008 323 252 2009 323 252 2010 349 138 2011 348 140 2012 349 138 2013 323 252 2014 324 253 2015 324 253 2016 350 136 2017 349 138 2018 350 136 2019 324 253 2020 325 254 2021 325 254 2022 351 134 2023 350 136 2024 351 134 2025 325 254 2026 326 255 2027 326 255 2028 352 132 2029 351 134 2030 352 132 2031 326 255 2032 327 256 2033 327 256 2034 353 130 2035 352 132 2036 353 130 2037 327 256 2038 328 257 2039 328 257 2040 354 128 2041 353 130 2042 354 128 2043 328 257 2044 329 258 2045 329 258 2046 355 126 2047 354 128 2048 355 126 2049 329 258 2050 330 259 2051 330 259 2052 356 124 2053 355 126 2054 356 124 2055 330 259 2056 331 260 2057 331 260 2058 357 122 2059 356 124 2060 357 122 2061 331 260 2062 332 261 2063 332 261 2064 358 120 2065 357 122 2066 358 120 2067 332 261 2068 333 262 2069 333 262 2070 359 118 2071 358 120 2072 359 118 2073 333 262 2074 334 263 2075 334 263 2076 360 116 2077 359 118 2078 360 116 2079 334 263 2080 335 264 2081 335 264 2082 361 114 2083 360 116 2084 361 114 2085 335 264 2086 336 265 2087 336 265 2088 362 112 2089 361 114 2090 362 112 2091 336 265 2092 337 266 2093 337 266 2094 363 110 2095 362 112 2096 363 110 2097 337 266 2098 312 241 2099 312 241 2100 338 107 2101 363 110 2102 364 107 2103 208 241 2104 209 267 2105 209 267 2106 365 108 2107 364 107 2108 365 108 2109 209 267 2110 210 243 2111 210 243 2112 366 156 2113 365 108 2114 366 156 2115 210 243 2116 211 244 2117 211 244 2118 367 154 2119 366 156 2120 367 154 2121 211 244 2122 212 245 2123 212 245 2124 368 152 2125 367 154 2126 368 152 2127 212 245 2128 213 246 2129 213 246 2130 369 150 2131 368 152 2132 369 150 2133 213 246 2134 214 247 2135 214 247 2136 370 148 2137 369 150 2138 370 148 2139 214 247 2140 215 248 2141 215 248 2142 371 146 2143 370 148 2144 371 146 2145 215 248 2146 216 249 2147 216 249 2148 372 157 2149 371 146 2150 372 157 2151 216 249 2152 217 250 2153 217 250 2154 373 142 2155 372 157 2156 373 142 2157 217 250 2158 218 251 2159 218 251 2160 374 140 2161 373 142 2162 374 140 2163 218 251 2164 219 268 2165 219 268 2166 375 138 2167 374 140 2168 375 138 2169 219 268 2170 220 253 2171 220 253 2172 376 136 2173 375 138 2174 376 136 2175 220 253 2176 221 269 2177 221 269 2178 377 134 2179 376 136 2180 377 134 2181 221 269 2182 222 270 2183 222 270 2184 378 132 2185 377 134 2186 378 132 2187 222 270 2188 223 271 2189 223 271 2190 379 158 2191 378 132 2192 379 158 2193 223 271 2194 224 257 2195 224 257 2196 380 128 2197 379 158 2198 380 128 2199 224 257 2200 225 272 2201 225 272 2202 381 126 2203 380 128 2204 381 126 2205 225 272 2206 226 273 2207 226 273 2208 382 124 2209 381 126 2210 382 124 2211 226 273 2212 227 260 2213 227 260 2214 383 122 2215 382 124 2216 383 122 2217 227 260 2218 228 261 2219 228 261 2220 384 120 2221 383 122 2222 384 120 2223 228 261 2224 229 262 2225 229 262 2226 385 118 2227 384 120 2228 385 118 2229 229 262 2230 230 263 2231 230 263 2232 386 116 2233 385 118 2234 386 116 2235 230 263 2236 231 274 2237 231 274 2238 387 159 2239 386 116 2240 387 159 2241 231 274 2242 232 265 2243 232 265 2244 388 112 2245 387 159 2246 388 112 2247 232 265 2248 233 266 2249 233 266 2250 389 110 2251 388 112 2252 389 110 2253 233 266 2254 208 241 2255 208 241 2256 364 107 2257 389 110 2258 159 60 2259 160 61 2260 161 62 2261 161 62 2262 162 63 2263 163 64 2264 163 64 2265 164 65 2266 167 68 2267 164 65 2268 165 66 2269 167 68 2270 165 66 2271 166 67 2272 167 68 2273 167 68 2274 168 69 2275 169 70 2276 169 70 2277 170 71 2278 171 72 2279 171 72 2280 172 73 2281 175 76 2282 172 73 2283 173 74 2284 175 76 2285 173 74 2286 174 75 2287 175 76 2288 175 76 2289 176 77 2290 177 78 2291 177 78 2292 178 79 2293 179 80 2294 179 80 2295 180 81 2296 157 57 2297 180 81 2298 181 82 2299 157 57 2300 181 82 2301 156 58 2302 157 57 2303 157 57 2304 158 59 2305 159 60 2306 159 60 2307 161 62 2308 157 57 2309 161 62 2310 163 64 2311 157 57 2312 167 68 2313 169 70 2314 171 72 2315 175 76 2316 177 78 2317 171 72 2318 177 78 2319 179 80 2320 171 72 2321 163 64 2322 167 68 2323 171 72 2324 179 80 2325 157 57 2326 163 64 2327</p>
        </triangles>
      </mesh>
    </geometry>
  </library_geometries>
  <library_visual_scenes>
    <visual_scene id="Scene" name="Scene">
      <node id="turnRightSing" name="turnRightSing" type="NODE">
        <matrix sid="transform">-5.82356e-8 5.82356e-8 1 -0.02885593 1.332276 2.54556e-15 4.37114e-8 -0.02084062 0 1.332276 -4.37114e-8 2.62535 0 0 0 1</matrix>
        <instance_geometry url="#Circle_009-mesh" name="turnRightSing">
          <bind_material>
            <technique_common>
              <instance_material symbol="beyaz-material" target="#beyaz-material">
                <bind_vertex_input semantic="UVMap" input_semantic="TEXCOORD" input_set="0"/>
              </instance_material>
              <instance_material symbol="mavi-material" target="#mavi-material">
                <bind_vertex_input semantic="UVMap" input_semantic="TEXCOORD" input_set="0"/>
              </instance_material>
            </technique_common>
          </bind_material>
        </instance_geometry>
      </node>
      <node id="turnRightBody" name="turnRightBody" type="NODE">
        <matrix sid="transform">-3.35997e-10 0.007686716 4.59046e-10 0.04149788 -0.007686716 -3.35997e-10 0 -0.02084062 0 -3.35997e-10 0.01050175 1.19209e-7 0 0 0 1</matrix>
        <instance_geometry url="#Örüntü_019-mesh" name="turnRightBody">
          <bind_material>
            <technique_common>
              <instance_material symbol="direk_009-material" target="#direk_009-material">
                <bind_vertex_input semantic="Örüntü_013-mesh-map-0" input_semantic="TEXCOORD" input_set="0"/>
              </instance_material>
            </technique_common>
          </bind_material>
        </instance_geometry>
      </node>
    </visual_scene>
  </library_visual_scenes>
  <scene>
    <instance_visual_scene url="#Scene"/>
  </scene>
</COLLADA>