<?xml version="1.0" encoding="utf-8"?>
<COLLADA xmlns="http://www.collada.org/2005/11/COLLADASchema" version="1.4.1" xmlns:xsi="http://www.w3.org/2001/XMLSchema-instance">
  <asset>
    <contributor>
      <author>Blender User</author>
      <authoring_tool>Blender 3.0.1</authoring_tool>
    </contributor>
    <created>2024-07-21T19:47:06</created>
    <modified>2024-07-21T19:47:06</modified>
    <unit name="meter" meter="1"/>
    <up_axis>Z_UP</up_axis>
  </asset>
  <library_cameras>
    <camera id="Camera_004-camera" name="Camera.004">
      <optics>
        <technique_common>
          <perspective>
            <xfov sid="xfov">39.59775</xfov>
            <aspect_ratio>1.777778</aspect_ratio>
            <znear sid="znear">0.1</znear>
            <zfar sid="zfar">100</zfar>
          </perspective>
        </technique_common>
      </optics>
      <extra>
        <technique profile="blender">
          <shiftx sid="shiftx" type="float">0</shiftx>
          <shifty sid="shifty" type="float">0</shifty>
          <dof_distance sid="dof_distance" type="float">10</dof_distance>
        </technique>
      </extra>
    </camera>
    <camera id="Camera_002-camera" name="Camera.002">
      <optics>
        <technique_common>
          <perspective>
            <xfov sid="xfov">39.59775</xfov>
            <aspect_ratio>1.777778</aspect_ratio>
            <znear sid="znear">0.1</znear>
            <zfar sid="zfar">100</zfar>
          </perspective>
        </technique_common>
      </optics>
      <extra>
        <technique profile="blender">
          <shiftx sid="shiftx" type="float">0</shiftx>
          <shifty sid="shifty" type="float">0</shifty>
          <dof_distance sid="dof_distance" type="float">10</dof_distance>
        </technique>
      </extra>
    </camera>
    <camera id="Camera_001-camera" name="Camera.001">
      <optics>
        <technique_common>
          <perspective>
            <xfov sid="xfov">39.59775</xfov>
            <aspect_ratio>1.777778</aspect_ratio>
            <znear sid="znear">0.1</znear>
            <zfar sid="zfar">100</zfar>
          </perspective>
        </technique_common>
      </optics>
      <extra>
        <technique profile="blender">
          <shiftx sid="shiftx" type="float">0</shiftx>
          <shifty sid="shifty" type="float">0</shifty>
          <dof_distance sid="dof_distance" type="float">10</dof_distance>
        </technique>
      </extra>
    </camera>
    <camera id="Camera_003-camera" name="Camera.003">
      <optics>
        <technique_common>
          <perspective>
            <xfov sid="xfov">39.59775</xfov>
            <aspect_ratio>1.777778</aspect_ratio>
            <znear sid="znear">0.1</znear>
            <zfar sid="zfar">100</zfar>
          </perspective>
        </technique_common>
      </optics>
      <extra>
        <technique profile="blender">
          <shiftx sid="shiftx" type="float">0</shiftx>
          <shifty sid="shifty" type="float">0</shifty>
          <dof_distance sid="dof_distance" type="float">10</dof_distance>
        </technique>
      </extra>
    </camera>
    <camera id="Camera-camera" name="Camera">
      <optics>
        <technique_common>
          <perspective>
            <xfov sid="xfov">39.59775</xfov>
            <aspect_ratio>1.777778</aspect_ratio>
            <znear sid="znear">0.1</znear>
            <zfar sid="zfar">100</zfar>
          </perspective>
        </technique_common>
      </optics>
      <extra>
        <technique profile="blender">
          <shiftx sid="shiftx" type="float">0</shiftx>
          <shifty sid="shifty" type="float">0</shifty>
          <dof_distance sid="dof_distance" type="float">10</dof_distance>
        </technique>
      </extra>
    </camera>
  </library_cameras>
  <library_lights>
    <light id="Light_004-light" name="Light.004">
      <technique_common>
        <point>
          <color sid="color">1000 1000 1000</color>
          <constant_attenuation>1</constant_attenuation>
          <linear_attenuation>0</linear_attenuation>
          <quadratic_attenuation>0.00111109</quadratic_attenuation>
        </point>
      </technique_common>
      <extra>
        <technique profile="blender">
          <type sid="type" type="int">0</type>
          <flag sid="flag" type="int">0</flag>
          <mode sid="mode" type="int">1</mode>
          <gamma sid="blender_gamma" type="float">1</gamma>
          <red sid="red" type="float">1</red>
          <green sid="green" type="float">1</green>
          <blue sid="blue" type="float">1</blue>
          <shadow_r sid="blender_shadow_r" type="float">0</shadow_r>
          <shadow_g sid="blender_shadow_g" type="float">0</shadow_g>
          <shadow_b sid="blender_shadow_b" type="float">0</shadow_b>
          <energy sid="blender_energy" type="float">1000</energy>
          <dist sid="blender_dist" type="float">29.99998</dist>
          <spotsize sid="spotsize" type="float">75</spotsize>
          <spotblend sid="spotblend" type="float">0.15</spotblend>
          <att1 sid="att1" type="float">0</att1>
          <att2 sid="att2" type="float">1</att2>
          <falloff_type sid="falloff_type" type="int">2</falloff_type>
          <clipsta sid="clipsta" type="float">0.04999995</clipsta>
          <clipend sid="clipend" type="float">30.002</clipend>
          <bias sid="bias" type="float">1</bias>
          <soft sid="soft" type="float">3</soft>
          <bufsize sid="bufsize" type="int">2880</bufsize>
          <samp sid="samp" type="int">3</samp>
          <buffers sid="buffers" type="int">1</buffers>
          <area_shape sid="area_shape" type="int">1</area_shape>
          <area_size sid="area_size" type="float">0.1</area_size>
          <area_sizey sid="area_sizey" type="float">0.1</area_sizey>
          <area_sizez sid="area_sizez" type="float">1</area_sizez>
        </technique>
      </extra>
    </light>
    <light id="Light_002-light" name="Light.002">
      <technique_common>
        <point>
          <color sid="color">1000 1000 1000</color>
          <constant_attenuation>1</constant_attenuation>
          <linear_attenuation>0</linear_attenuation>
          <quadratic_attenuation>0.00111109</quadratic_attenuation>
        </point>
      </technique_common>
      <extra>
        <technique profile="blender">
          <type sid="type" type="int">0</type>
          <flag sid="flag" type="int">0</flag>
          <mode sid="mode" type="int">1</mode>
          <gamma sid="blender_gamma" type="float">1</gamma>
          <red sid="red" type="float">1</red>
          <green sid="green" type="float">1</green>
          <blue sid="blue" type="float">1</blue>
          <shadow_r sid="blender_shadow_r" type="float">0</shadow_r>
          <shadow_g sid="blender_shadow_g" type="float">0</shadow_g>
          <shadow_b sid="blender_shadow_b" type="float">0</shadow_b>
          <energy sid="blender_energy" type="float">1000</energy>
          <dist sid="blender_dist" type="float">29.99998</dist>
          <spotsize sid="spotsize" type="float">75</spotsize>
          <spotblend sid="spotblend" type="float">0.15</spotblend>
          <att1 sid="att1" type="float">0</att1>
          <att2 sid="att2" type="float">1</att2>
          <falloff_type sid="falloff_type" type="int">2</falloff_type>
          <clipsta sid="clipsta" type="float">0.04999995</clipsta>
          <clipend sid="clipend" type="float">30.002</clipend>
          <bias sid="bias" type="float">1</bias>
          <soft sid="soft" type="float">3</soft>
          <bufsize sid="bufsize" type="int">2880</bufsize>
          <samp sid="samp" type="int">3</samp>
          <buffers sid="buffers" type="int">1</buffers>
          <area_shape sid="area_shape" type="int">1</area_shape>
          <area_size sid="area_size" type="float">0.1</area_size>
          <area_sizey sid="area_sizey" type="float">0.1</area_sizey>
          <area_sizez sid="area_sizez" type="float">1</area_sizez>
        </technique>
      </extra>
    </light>
    <light id="Light_001-light" name="Light.001">
      <technique_common>
        <point>
          <color sid="color">1000 1000 1000</color>
          <constant_attenuation>1</constant_attenuation>
          <linear_attenuation>0</linear_attenuation>
          <quadratic_attenuation>0.00111109</quadratic_attenuation>
        </point>
      </technique_common>
      <extra>
        <technique profile="blender">
          <type sid="type" type="int">0</type>
          <flag sid="flag" type="int">0</flag>
          <mode sid="mode" type="int">1</mode>
          <gamma sid="blender_gamma" type="float">1</gamma>
          <red sid="red" type="float">1</red>
          <green sid="green" type="float">1</green>
          <blue sid="blue" type="float">1</blue>
          <shadow_r sid="blender_shadow_r" type="float">0</shadow_r>
          <shadow_g sid="blender_shadow_g" type="float">0</shadow_g>
          <shadow_b sid="blender_shadow_b" type="float">0</shadow_b>
          <energy sid="blender_energy" type="float">1000</energy>
          <dist sid="blender_dist" type="float">29.99998</dist>
          <spotsize sid="spotsize" type="float">75</spotsize>
          <spotblend sid="spotblend" type="float">0.15</spotblend>
          <att1 sid="att1" type="float">0</att1>
          <att2 sid="att2" type="float">1</att2>
          <falloff_type sid="falloff_type" type="int">2</falloff_type>
          <clipsta sid="clipsta" type="float">0.04999995</clipsta>
          <clipend sid="clipend" type="float">30.002</clipend>
          <bias sid="bias" type="float">1</bias>
          <soft sid="soft" type="float">3</soft>
          <bufsize sid="bufsize" type="int">2880</bufsize>
          <samp sid="samp" type="int">3</samp>
          <buffers sid="buffers" type="int">1</buffers>
          <area_shape sid="area_shape" type="int">1</area_shape>
          <area_size sid="area_size" type="float">0.1</area_size>
          <area_sizey sid="area_sizey" type="float">0.1</area_sizey>
          <area_sizez sid="area_sizez" type="float">1</area_sizez>
        </technique>
      </extra>
    </light>
    <light id="Light_003-light" name="Light.003">
      <technique_common>
        <point>
          <color sid="color">1000 1000 1000</color>
          <constant_attenuation>1</constant_attenuation>
          <linear_attenuation>0</linear_attenuation>
          <quadratic_attenuation>0.00111109</quadratic_attenuation>
        </point>
      </technique_common>
      <extra>
        <technique profile="blender">
          <type sid="type" type="int">0</type>
          <flag sid="flag" type="int">0</flag>
          <mode sid="mode" type="int">1</mode>
          <gamma sid="blender_gamma" type="float">1</gamma>
          <red sid="red" type="float">1</red>
          <green sid="green" type="float">1</green>
          <blue sid="blue" type="float">1</blue>
          <shadow_r sid="blender_shadow_r" type="float">0</shadow_r>
          <shadow_g sid="blender_shadow_g" type="float">0</shadow_g>
          <shadow_b sid="blender_shadow_b" type="float">0</shadow_b>
          <energy sid="blender_energy" type="float">1000</energy>
          <dist sid="blender_dist" type="float">29.99998</dist>
          <spotsize sid="spotsize" type="float">75</spotsize>
          <spotblend sid="spotblend" type="float">0.15</spotblend>
          <att1 sid="att1" type="float">0</att1>
          <att2 sid="att2" type="float">1</att2>
          <falloff_type sid="falloff_type" type="int">2</falloff_type>
          <clipsta sid="clipsta" type="float">0.04999995</clipsta>
          <clipend sid="clipend" type="float">30.002</clipend>
          <bias sid="bias" type="float">1</bias>
          <soft sid="soft" type="float">3</soft>
          <bufsize sid="bufsize" type="int">2880</bufsize>
          <samp sid="samp" type="int">3</samp>
          <buffers sid="buffers" type="int">1</buffers>
          <area_shape sid="area_shape" type="int">1</area_shape>
          <area_size sid="area_size" type="float">0.1</area_size>
          <area_sizey sid="area_sizey" type="float">0.1</area_sizey>
          <area_sizez sid="area_sizez" type="float">1</area_sizez>
        </technique>
      </extra>
    </light>
    <light id="Light-light" name="Light">
      <technique_common>
        <point>
          <color sid="color">1000 1000 1000</color>
          <constant_attenuation>1</constant_attenuation>
          <linear_attenuation>0</linear_attenuation>
          <quadratic_attenuation>0.00111109</quadratic_attenuation>
        </point>
      </technique_common>
      <extra>
        <technique profile="blender">
          <type sid="type" type="int">0</type>
          <flag sid="flag" type="int">0</flag>
          <mode sid="mode" type="int">1</mode>
          <gamma sid="blender_gamma" type="float">1</gamma>
          <red sid="red" type="float">1</red>
          <green sid="green" type="float">1</green>
          <blue sid="blue" type="float">1</blue>
          <shadow_r sid="blender_shadow_r" type="float">0</shadow_r>
          <shadow_g sid="blender_shadow_g" type="float">0</shadow_g>
          <shadow_b sid="blender_shadow_b" type="float">0</shadow_b>
          <energy sid="blender_energy" type="float">1000</energy>
          <dist sid="blender_dist" type="float">29.99998</dist>
          <spotsize sid="spotsize" type="float">75</spotsize>
          <spotblend sid="spotblend" type="float">0.15</spotblend>
          <att1 sid="att1" type="float">0</att1>
          <att2 sid="att2" type="float">1</att2>
          <falloff_type sid="falloff_type" type="int">2</falloff_type>
          <clipsta sid="clipsta" type="float">0.04999995</clipsta>
          <clipend sid="clipend" type="float">30.002</clipend>
          <bias sid="bias" type="float">1</bias>
          <soft sid="soft" type="float">3</soft>
          <bufsize sid="bufsize" type="int">2880</bufsize>
          <samp sid="samp" type="int">3</samp>
          <buffers sid="buffers" type="int">1</buffers>
          <area_shape sid="area_shape" type="int">1</area_shape>
          <area_size sid="area_size" type="float">0.1</area_size>
          <area_sizey sid="area_sizey" type="float">0.1</area_sizey>
          <area_sizez sid="area_sizez" type="float">1</area_sizez>
        </technique>
      </extra>
    </light>
  </library_lights>
  <library_effects>
    <effect id="black-light-body_001-effect">
      <profile_COMMON>
        <technique sid="common">
          <lambert>
            <emission>
              <color sid="emission">0 0 0 1</color>
            </emission>
            <diffuse>
              <color sid="diffuse">0.1 0.1 0.1 1</color>
            </diffuse>
            <reflectivity>
              <float sid="specular">1</float>
            </reflectivity>
            <index_of_refraction>
              <float sid="ior">1.45</float>
            </index_of_refraction>
          </lambert>
        </technique>
      </profile_COMMON>
    </effect>
    <effect id="light-yellow_001-effect">
      <profile_COMMON>
        <technique sid="common">
          <lambert>
            <emission>
              <color sid="emission">0 0 0 1</color>
            </emission>
            <diffuse>
              <color sid="diffuse">0.2 0.1603448 0 1</color>
            </diffuse>
            <reflectivity>
              <float sid="specular">1</float>
            </reflectivity>
            <index_of_refraction>
              <float sid="ior">1.45</float>
            </index_of_refraction>
          </lambert>
        </technique>
      </profile_COMMON>
    </effect>
    <effect id="Material_001-effect">
      <profile_COMMON>
        <technique sid="common">
          <lambert>
            <emission>
              <color sid="emission">0 0 0 1</color>
            </emission>
            <diffuse>
              <color sid="diffuse">0 0 0 1</color>
            </diffuse>
            <reflectivity>
              <float sid="specular">0.5</float>
            </reflectivity>
            <index_of_refraction>
              <float sid="ior">1.45</float>
            </index_of_refraction>
          </lambert>
        </technique>
      </profile_COMMON>
    </effect>
    <effect id="light-red_001-effect">
      <profile_COMMON>
        <technique sid="common">
          <lambert>
            <emission>
              <color sid="emission">0 0 0 1</color>
            </emission>
            <diffuse>
              <color sid="diffuse">1 0 0 1</color>
            </diffuse>
            <reflectivity>
              <float sid="specular">1</float>
            </reflectivity>
            <index_of_refraction>
              <float sid="ior">1.45</float>
            </index_of_refraction>
          </lambert>
        </technique>
      </profile_COMMON>
    </effect>
    <effect id="color-green_001-effect">
      <profile_COMMON>
        <technique sid="common">
          <lambert>
            <emission>
              <color sid="emission">0 0 0 1</color>
            </emission>
            <diffuse>
              <color sid="diffuse">0 0.2 0.008823538 1</color>
            </diffuse>
            <reflectivity>
              <float sid="specular">1</float>
            </reflectivity>
            <index_of_refraction>
              <float sid="ior">1.45</float>
            </index_of_refraction>
          </lambert>
        </technique>
      </profile_COMMON>
    </effect>
    <effect id="direk_001-effect">
      <profile_COMMON>
        <technique sid="common">
          <lambert>
            <emission>
              <color sid="emission">0 0 0 1</color>
            </emission>
            <diffuse>
              <color sid="diffuse">0.5882353 0.5882353 0.7019608 1</color>
            </diffuse>
            <reflectivity>
              <float sid="specular">1</float>
            </reflectivity>
            <index_of_refraction>
              <float sid="ior">1.45</float>
            </index_of_refraction>
          </lambert>
        </technique>
      </profile_COMMON>
    </effect>
  </library_effects>
  <library_images/>
  <library_materials>
    <material id="black-light-body_001-material" name="black-light-body.001">
      <instance_effect url="#black-light-body_001-effect"/>
    </material>
    <material id="light-yellow_001-material" name="light-yellow.001">
      <instance_effect url="#light-yellow_001-effect"/>
    </material>
    <material id="Material_001-material" name="Material.001">
      <instance_effect url="#Material_001-effect"/>
    </material>
    <material id="light-red_001-material" name="light-red.001">
      <instance_effect url="#light-red_001-effect"/>
    </material>
    <material id="color-green_001-material" name="color-green.001">
      <instance_effect url="#color-green_001-effect"/>
    </material>
    <material id="direk_001-material" name="direk.001">
      <instance_effect url="#direk_001-effect"/>
    </material>
  </library_materials>
  <library_geometries>
    <geometry id="Örüntü_021-mesh" name="Örüntü.021">
      <mesh>
        <source id="Örüntü_021-mesh-positions">
          <float_array id="Örüntü_021-mesh-positions-array" count="2364">0 0 0 1.428571 0 0 1.38706 0.3418796 0 1.264937 0.6638903 0 1.069301 0.9473182 0 0.811521 1.175691 0 0.5065784 1.335738 0 0.1721953 1.418156 0 -0.1721951 1.418156 0 -0.5065784 1.335738 0 -0.811521 1.175691 0 -1.069301 0.9473181 0 -1.264937 0.6638901 0 -1.38706 0.3418793 0 -1.428571 -4.65488e-7 0 -1.38706 -0.3418802 0 -1.264937 -0.663891 0 -1.069301 -0.9473188 0 -0.8115203 -1.175692 0 -0.5065774 -1.335738 0 -0.172194 -1.418156 0 0.1721967 -1.418155 0 0.5065799 -1.335737 0 0.8115226 -1.17569 0 1.069302 -0.9473168 0 1.264938 -0.6638885 0 1.38706 -0.3418774 0 2.857143 0 0 2.77412 0.6837591 0 2.529874 1.327781 0 2.138602 1.894636 0 1.623042 2.351382 0 1.013157 2.671475 0 0.3443905 2.836311 0 -0.3443905 2.836311 0 -1.013157 2.671475 0 -1.623042 2.351383 0 -2.138602 1.894636 0 -2.529875 1.32778 0 -2.77412 0.6837585 0 -2.857143 -9.30975e-7 0 -2.774119 -0.6837603 0 -2.529874 -1.327782 0 -2.138601 -1.894638 0 -1.623041 -2.351384 0 -1.013155 -2.671476 0 -0.3443879 -2.836312 0 0.3443934 -2.836311 0 1.01316 -2.671474 0 1.623045 -2.351381 0 2.138605 -1.894634 0 2.529876 -1.327777 0 2.774121 -0.6837549 0 4.285715 0 0 4.16118 1.025639 0 3.794812 1.991671 0 3.207903 2.841955 0 2.434563 3.527074 0 1.519735 4.007213 0 0.5165858 4.254467 0 -0.5165857 4.254467 0 -1.519735 4.007213 0 -2.434563 3.527074 0 -3.207904 2.841954 0 -3.794812 1.99167 0 -4.16118 1.025638 0 -4.285715 -1.39646e-6 0 -4.161179 -1.02564 0 -3.794811 -1.991673 0 -3.207902 -2.841957 0 -2.434561 -3.527076 0 -1.519732 -4.007214 0 -0.5165819 -4.254467 0 0.5165901 -4.254467 0 1.51974 -4.007211 0 2.434568 -3.527071 0 3.207907 -2.84195 0 3.794815 -1.991665 0 4.161181 -1.025632 0 5.714286 0 0 5.548239 1.367518 0 5.059749 2.655561 0 4.277204 3.789273 0 3.246084 4.702765 0 2.026314 5.34295 0 0.6887811 5.672622 0 -0.688781 5.672622 0 -2.026314 5.34295 0 -3.246084 4.702765 0 -4.277204 3.789273 0 -5.059749 2.65556 0 -5.54824 1.367517 0 -5.714286 -1.86195e-6 0 -5.548239 -1.367521 0 -5.059748 -2.655564 0 -4.277202 -3.789275 0 -3.246081 -4.702768 0 -2.026309 -5.342952 0 -0.6887758 -5.672623 0 0.6887868 -5.672622 0 2.026319 -5.342948 0 3.24609 -4.702761 0 4.277209 -3.789267 0 5.059752 -2.655554 0 5.548242 -1.36751 0 7.142858 0 0 6.935299 1.709398 0 6.324686 3.319452 0 5.346506 4.736591 0 4.057605 5.878456 0 2.532892 6.678688 0 0.8609763 7.090778 0 -0.8609762 7.090778 0 -2.532892 6.678688 0 -4.057605 5.878457 0 -5.346506 4.73659 0 -6.324687 3.319451 0 -6.935299 1.709396 0 -7.142858 -2.32744e-6 0 -6.935298 -1.709401 0 -6.324685 -3.319455 0 -5.346503 -4.736594 0 -4.057601 -5.878459 0 -2.532887 -6.678689 0 -0.8609698 -7.090778 0 0.8609835 -7.090777 0 2.532899 -6.678685 0 4.057612 -5.878451 0 5.346511 -4.736584 0 6.32469 -3.319442 0 6.935302 -1.709387 0 8.571434 0 0 8.32236 2.051277 0 7.589623 3.983342 0 6.415807 5.683909 0 4.869126 7.054148 0 3.03947 8.01443 0 1.033172 8.508934 0 -1.033171 8.508934 0 -3.03947 8.01443 0 -4.869126 7.054149 0 -6.415807 5.683909 0 -7.589624 3.983341 0 -8.32236 2.051275 0 -8.571434 -2.79293e-6 0 -8.32236 -2.051281 0 -7.589622 -3.983346 0 -6.415803 -5.683913 0 -4.869122 -7.054152 0 -3.039464 -8.01443 0 -1.033164 -8.508935 0 1.03318 -8.508934 0 3.039479 -8.014428 0 4.869135 -7.054142 0 6.415814 -5.683901 0 7.589629 -3.983331 0 8.322363 -2.051265 0 10 0 0 9.709424 2.393157 0 8.85456 4.647232 0 7.485107 6.631227 0 5.680647 8.22984 0 3.546049 9.350163 0 1.205367 9.927089 0 -1.205367 9.927089 0 -3.546048 9.350163 0 -5.680647 8.22984 0 -7.485108 6.631227 0 -8.854561 4.647231 0 -9.709424 2.393155 0 -10 -3.25841e-6 0 -9.709423 -2.393161 0 -8.854558 -4.647236 0 -7.485104 -6.631231 0 -5.680642 -8.229846 0 -3.546041 -9.350171 0 -1.205358 -9.92709 0 1.205377 -9.927088 0 3.546059 -9.350159 0 5.680657 -8.229832 0 7.485116 -6.631217 0 8.854567 -4.647219 0 9.709424 -2.393142 0 10 0 1 9.709424 2.393157 1 8.85456 4.647232 1 7.485107 6.631227 1 5.680647 8.22984 1 3.546049 9.350163 1 1.205367 9.927089 1 -1.205367 9.927089 1 -3.546048 9.350163 1 -5.680647 8.22984 1 -7.485108 6.631227 1 -8.854561 4.647231 1 -9.709424 2.393155 1 -10 -3.25841e-6 1 -9.709423 -2.393161 1 -8.854558 -4.647236 1 -7.485104 -6.631231 1 -5.680642 -8.229846 1 -3.546041 -9.350171 1 -1.205358 -9.92709 1 1.205377 -9.927088 1 3.546059 -9.350159 1 5.680657 -8.229832 1 7.485116 -6.631217 1 8.854567 -4.647219 1 9.709424 -2.393142 1 8.571434 0 1 8.32236 2.051277 1 7.589623 3.983342 1 6.415806 5.683909 1 4.869126 7.054147 1 3.03947 8.01443 1 1.033172 8.508934 1 -1.033171 8.508934 1 -3.03947 8.01443 1 -4.869126 7.054148 1 -6.415807 5.683908 1 -7.589623 3.98334 1 -8.32236 2.051275 1 -8.571434 -2.79293e-6 1 -8.32236 -2.051281 1 -7.589621 -3.983345 1 -6.415803 -5.683913 1 -4.869122 -7.054152 1 -3.039464 -8.01443 1 -1.033164 -8.508934 1 1.03318 -8.508934 1 3.039479 -8.014427 1 4.869135 -7.054141 1 6.415814 -5.6839 1 7.589629 -3.983331 1 8.322362 -2.051265 1 7.142858 0 1.6 6.935299 1.709398 1.6 6.324686 3.319452 1.6 5.346506 4.736591 1.6 4.057605 5.878456 1.6 2.532892 6.678688 1.6 0.8609763 7.090778 1.6 -0.8609762 7.090778 1.6 -2.532892 6.678688 1.6 -4.057605 5.878457 1.6 -5.346506 4.73659 1.6 -6.324687 3.319451 1.6 -6.935299 1.709396 1.6 -7.142858 -2.32744e-6 1.6 -6.935298 -1.709401 1.6 -6.324685 -3.319455 1.6 -5.346503 -4.736594 1.6 -4.057601 -5.878459 1.6 -2.532887 -6.678689 1.6 -0.8609698 -7.090778 1.6 0.8609835 -7.090777 1.6 2.532899 -6.678685 1.6 4.057612 -5.878451 1.6 5.346511 -4.736584 1.6 6.32469 -3.319442 1.6 6.935302 -1.709387 1.6 5.714285 0 1.6 5.548239 1.367518 1.6 5.059748 2.655561 1.6 4.277204 3.789272 1.6 3.246084 4.702764 1.6 2.026313 5.34295 1.6 0.688781 5.672622 1.6 -0.6887809 5.672622 1.6 -2.026313 5.34295 1.6 -3.246084 4.702765 1.6 -4.277204 3.789272 1.6 -5.059749 2.65556 1.6 -5.548239 1.367517 1.6 -5.714285 -1.86195e-6 1.6 -5.548238 -1.36752 1.6 -5.059747 -2.655563 1.6 -4.277202 -3.789275 1.6 -3.246081 -4.702767 1.6 -2.026309 -5.342951 1.6 -0.6887758 -5.672622 1.6 0.6887868 -5.672621 1.6 2.026319 -5.342947 1.6 3.24609 -4.702761 1.6 4.277209 -3.789267 1.6 5.059752 -2.655554 1.6 5.548241 -1.36751 1.6 4.285714 0 1.6 4.161179 1.025639 1.6 3.794811 1.991671 1.6 3.207903 2.841954 1.6 2.434563 3.527073 1.6 1.519735 4.007212 1.6 0.5165858 4.254467 1.6 -0.5165857 4.254467 1.6 -1.519735 4.007212 1.6 -2.434563 3.527074 1.6 -3.207903 2.841954 1.6 -3.794811 1.99167 1.6 -4.16118 1.025638 1.6 -4.285714 -1.39646e-6 1.6 -4.161179 -1.02564 1.6 -3.79481 -1.991673 1.6 -3.207901 -2.841956 1.6 -2.434561 -3.527076 1.6 -1.519732 -4.007214 1.6 -0.5165818 -4.254467 1.6 0.5165901 -4.254466 1.6 1.519739 -4.007211 1.6 2.434567 -3.52707 1.6 3.207907 -2.84195 1.6 3.794814 -1.991665 1.6 4.16118 -1.025632 1.6 2.857143 0 1.6 2.774119 0.683759 1.6 2.529874 1.32778 1.6 2.138602 1.894636 1.6 1.623042 2.351382 1.6 1.013157 2.671475 1.6 0.3443905 2.836311 1.6 -0.3443905 2.836311 1.6 -1.013157 2.671475 1.6 -1.623042 2.351382 1.6 -2.138602 1.894636 1.6 -2.529874 1.32778 1.6 -2.77412 0.6837584 1.6 -2.857143 -9.30975e-7 1.6 -2.774119 -0.6837602 1.6 -2.529874 -1.327782 1.6 -2.138601 -1.894637 1.6 -1.62304 -2.351384 1.6 -1.013155 -2.671476 1.6 -0.3443879 -2.836311 1.6 0.3443934 -2.836311 1.6 1.01316 -2.671474 1.6 1.623045 -2.35138 1.6 2.138604 -1.894633 1.6 2.529876 -1.327777 1.6 2.77412 -0.6837548 1.6 1.428571 0 1.6 1.387059 0.3418794 1.6 1.264937 0.66389 1.6 1.069301 0.9473177 1.6 0.8115206 1.175691 1.6 0.5065782 1.335737 1.6 0.1721951 1.418155 1.6 -0.1721951 1.418155 1.6 -0.5065781 1.335737 1.6 -0.8115206 1.175691 1.6 -1.069301 0.9473176 1.6 -1.264937 0.6638898 1.6 -1.387059 0.3418791 1.6 -1.428571 -4.65487e-7 1.6 -1.387059 -0.34188 1.6 -1.264936 -0.6638906 1.6 -1.0693 -0.9473183 1.6 -0.8115199 -1.175691 1.6 -0.5065771 -1.335737 1.6 -0.1721938 -1.418155 1.6 0.1721966 -1.418155 1.6 0.5065796 -1.335736 1.6 0.8115221 -1.17569 1.6 1.069302 -0.9473163 1.6 1.264937 -0.6638882 1.6 1.38706 -0.3418772 1.6 0 0 1.6 7.485107 7.631227 0 -5.680647 10.22984 0 -7.485108 7.631227 0 -7.485108 7.631227 1 -5.680647 10.22984 1 7.485107 7.631227 1 -7.485103 -7.631231 0 -5.68064 -10.22984 0 5.680659 -10.22983 0 7.485117 -7.631217 0 7.485117 -7.631217 1 -7.485103 -7.631231 1 9.546695 -1.90523e-7 1 9.269289 2.284674 1 8.45318 4.436571 1 7.145804 6.33063 1 5.423141 7.856776 1 3.385304 8.926321 1 1.150727 9.477089 1 -1.150727 9.477089 1 -3.385304 8.926321 1 -5.021759 8.06744 1 -4.725251 7.637872 1 -3.200214 8.438278 1 -1.087811 8.958933 1 1.087811 8.958933 1 3.200214 8.438278 1 5.126633 7.42721 1 6.75511 5.984506 1 7.991004 4.194003 1 8.762495 2.15976 1 9.024734 1.44593e-7 1 8.762495 -2.159747 1 7.991011 -4.193992 1 6.755118 -5.984497 1 5.126642 -7.427204 1 3.200224 -8.438269 1 1.087821 -8.958932 1 -1.087803 -8.958934 1 -3.200208 -8.438281 1 -4.725246 -7.637876 1 -5.021753 -8.067441 1 -3.385298 -8.926321 1 -1.150718 -9.47709 1 1.150737 -9.477088 1 3.385314 -8.926317 1 5.42315 -7.856769 1 7.145812 -6.330621 1 8.453186 -4.436558 1 9.269289 -2.284659 1 9.418128 -2.46491e-7 2.808117 9.144454 2.253904 2.808117 8.339334 4.376821 2.808117 7.049566 6.245372 2.808117 5.350102 7.750963 2.808117 3.339712 8.806098 2.808117 1.135229 9.349454 2.808117 -1.135229 9.349454 2.808117 -3.339712 8.806098 2.808117 -4.834876 8.021376 2.808117 -4.684443 7.803437 2.808117 -3.245807 8.55849 2.808117 -1.103309 9.086568 2.808117 1.103309 9.086568 2.808117 3.245807 8.55849 2.808117 5.19967 7.533023 2.808117 6.851347 6.069766 2.808117 8.10485 4.253755 2.808117 8.887331 2.19053 2.808117 9.153306 1.83192e-7 2.808117 8.887331 -2.190516 2.808117 8.104856 -4.253741 2.808117 6.851356 -6.069755 2.808117 5.19968 -7.533017 2.808117 3.245816 -8.558486 2.808117 1.103318 -9.086567 2.808117 -1.103301 -9.086569 2.808117 -3.2458 -8.558493 2.808117 -4.684438 -7.803438 2.808117 -4.83487 -8.021379 2.808117 -3.339705 -8.8061 2.808117 -1.135221 -9.349455 2.808117 1.135239 -9.349453 2.808117 3.339722 -8.806097 2.808117 5.350113 -7.750956 2.808117 7.049574 -6.245361 2.808117 8.339344 -4.376807 2.808117 9.144454 -2.25389 2.808117 9.418128 0 8 9.144454 2.253905 8 8.339334 4.37682 8 7.049566 6.245371 8 5.350102 7.750963 8 3.339712 8.806098 8 1.135229 9.349454 8 -1.135229 9.349454 8 -3.339712 8.806098 8 -4.834876 8.021376 2.808117 -4.684443 7.803437 2.808117 -3.245807 8.55849 8 -1.103309 9.086568 8 1.103309 9.086568 8 3.245806 8.55849 8 5.19967 7.533023 8 6.851347 6.069765 8 8.10485 4.253754 8 8.887331 2.19053 8 9.153306 3.30306e-7 8 8.887331 -2.190516 8 8.104856 -4.253742 8 6.851356 -6.069756 8 5.199679 -7.533017 8 3.245816 -8.558486 8 1.103318 -9.086567 8 -1.103301 -9.086569 8 -3.2458 -8.558493 8 -4.684438 -7.803438 2.808117 -4.83487 -8.021379 2.808117 -3.339706 -8.8061 8 -1.135221 -9.349455 8 1.135238 -9.349453 8 3.339721 -8.806097 8 5.350112 -7.750956 8 7.049573 -6.245362 8 8.339344 -4.376808 8 9.144454 -2.25389 8 -3.339712 8.806098 8 -3.245807 8.55849 8 -3.2458 -8.558493 8 -3.339706 -8.8061 8 -4.83228 8.02274 3.23176 -4.824493 8.026825 3.637376 -4.811514 8.033638 4.024964 -4.793344 8.043174 4.394526 -4.769982 8.055438 4.746059 -4.741428 8.070425 5.079566 -4.707684 8.088132 5.395045 -4.668747 8.108572 5.692496 -4.624619 8.131731 5.971921 -4.575299 8.157612 6.233318 -4.520788 8.186223 6.476687 -4.461085 8.217556 6.702029 -4.396191 8.251616 6.909344 -4.326105 8.2884 7.098631 -4.250828 8.327908 7.269891 -4.170359 8.370141 7.423124 -4.084699 8.415102 7.55833 -3.993847 8.462782 7.675508 -3.897803 8.51319 7.774658 -3.796568 8.566327 7.855781 -3.690141 8.622179 7.918877 -3.578523 8.680766 7.963945 -3.461714 8.742072 7.990986 -3.363196 8.49688 7.990986 -3.475589 8.437891 7.963945 -3.582988 8.381525 7.918877 -3.68539 8.327779 7.855781 -3.782798 8.276659 7.774658 -3.875211 8.228157 7.675508 -3.962628 8.182274 7.55833 -4.04505 8.139019 7.423124 -4.122476 8.098381 7.269891 -4.194907 8.060364 7.098631 -4.262343 8.024971 6.909344 -4.324784 7.992199 6.702029 -4.38223 7.96205 6.476687 -4.43468 7.934522 6.233318 -4.482135 7.909615 5.971921 -4.524595 7.887331 5.692496 -4.562059 7.867668 5.395045 -4.594529 7.850627 5.079566 -4.622003 7.836208 4.746059 -4.644481 7.82441 4.394526 -4.661964 7.815234 4.024964 -4.674453 7.80868 3.637376 -4.681945 7.804748 3.23176 -4.681941 -7.804749 3.23176 -4.674448 -7.808682 3.637376 -4.66196 -7.815236 4.024964 -4.644476 -7.824412 4.394526 -4.621997 -7.83621 4.746059 -4.594523 -7.850629 5.079566 -4.562054 -7.867671 5.395045 -4.52459 -7.887333 5.692496 -4.48213 -7.909618 5.971921 -4.434675 -7.934525 6.233318 -4.382225 -7.962052 6.476687 -4.324779 -7.992202 6.702029 -4.262338 -8.024974 6.909344 -4.194902 -8.060367 7.098631 -4.122471 -8.098382 7.269891 -4.045044 -8.139019 7.423124 -3.962622 -8.182277 7.55833 -3.875205 -8.228157 7.675508 -3.782792 -8.276659 7.774658 -3.685384 -8.327782 7.855781 -3.582981 -8.381527 7.918877 -3.475583 -8.437894 7.963945 -3.363189 -8.496888 7.990986 -3.461707 -8.742074 7.990986 -3.578517 -8.680768 7.963945 -3.690135 -8.622181 7.918877 -3.796562 -8.566329 7.855781 -3.897797 -8.513195 7.774658 -3.99384 -8.462784 7.675508 -4.084692 -8.415102 7.55833 -4.170353 -8.370144 7.423124 -4.250822 -8.327916 7.269891 -4.326099 -8.288402 7.098631 -4.396185 -8.25162 6.909344 -4.46108 -8.217559 6.702029 -4.520782 -8.186225 6.476687 -4.575294 -8.157615 6.233318 -4.624613 -8.131731 5.971921 -4.668741 -8.108572 5.692496 -4.707678 -8.088135 5.395045 -4.741423 -8.070425 5.079566 -4.769976 -8.055438 4.746059 -4.793338 -8.043177 4.394526 -4.811509 -8.03364 4.024964 -4.824487 -8.026828 3.637376 -4.832274 -8.022747 3.23176 8.118124 -1.46294e-7 1.3 7.882226 1.942794 1.3 7.188241 3.77268 1.3 6.076503 5.383312 1.3 4.611619 6.681085 1.3 2.878726 7.590578 1.3 0.9785318 8.058938 1.3 -0.9785315 8.058938 1.3 -2.878726 7.590578 1.3 -4.611619 6.681086 1.3 -6.076503 5.383312 1.3 -7.188242 3.772679 1.3 -7.882226 1.942793 1.3 -8.118124 -2.68065e-6 1.3 -7.882225 -1.942798 1.3 -7.18824 -3.772684 1.3 -6.076499 -5.383316 1.3 -4.611615 -6.681088 1.3 -2.87872 -7.590579 1.3 -0.9785243 -8.058938 1.3 0.9785399 -8.058938 1.3 2.878735 -7.590574 1.3 4.611628 -6.681079 1.3 6.07651 -5.383304 1.3 7.188247 -3.77267 1.3 7.882229 -1.942782 1.3 7.375432 1.817881 1.3 7.596163 2.04132e-7 1.3 7.375435 -1.81787 1.3 6.726072 -3.530103 1.3 5.685815 -5.03718 1.3 4.31512 -6.251514 1.3 2.693644 -7.102532 1.3 0.9156239 -7.540777 1.3 -0.9156093 -7.540778 1.3 -2.69363 -7.102537 1.3 -4.315108 -6.251523 1.3 -5.685806 -5.037191 1.3 -6.726066 -3.530116 1.3 -7.375431 -1.817884 1.3 -7.596163 -2.45842e-6 1.3 -7.375432 1.817879 1.3 -6.726068 3.530112 1.3 -5.685809 5.037187 1.3 -4.315111 6.251519 1.3 -2.693636 7.102535 1.3 -0.9156161 7.540778 1.3 0.9156162 7.540778 1.3 2.693636 7.102535 1.3 4.315111 6.251519 1.3 5.685809 5.037188 1.3 6.726067 3.530113 1.3 8.571434 0 1.3 8.32236 2.051277 1.3 7.589623 3.983342 1.3 6.415806 5.683909 1.3 4.869126 7.054147 1.3 3.03947 8.01443 1.3 1.033172 8.508934 1.3 -1.033171 8.508934 1.3 -3.03947 8.01443 1.3 -4.869126 7.054148 1.3 -6.415807 5.683908 1.3 -7.589623 3.98334 1.3 -8.32236 2.051275 1.3 -8.571434 -2.79293e-6 1.3 -8.32236 -2.051281 1.3 -7.589621 -3.983345 1.3 -6.415803 -5.683913 1.3 -4.869122 -7.054152 1.3 -3.039464 -8.01443 1.3 -1.033164 -8.508934 1.3 1.03318 -8.508934 1.3 3.039479 -8.014427 1.3 4.869135 -7.054141 1.3 6.415814 -5.6839 1.3 7.589629 -3.983331 1.3 8.322362 -2.051265 1.3 7.283408 0 1.6 7.071765 1.743034 1.6 6.449137 3.384769 1.6 5.451709 4.829793 1.6 4.137446 5.994127 1.6 2.582732 6.810105 1.6 0.8779178 7.230304 1.6 -0.8779177 7.230304 1.6 -2.582732 6.810105 1.6 -4.137446 5.994127 1.6 -5.451709 4.829792 1.6 -6.449138 3.384768 1.6 -7.071766 1.743032 1.6 -7.283408 -2.33284e-6 1.6 -7.071765 -1.743037 1.6 -6.449136 -3.384772 1.6 -5.451706 -4.829796 1.6 -4.137443 -5.994131 1.6 -2.582726 -6.810107 1.6 -0.8779112 -7.230304 1.6 0.8779252 -7.230303 1.6 2.58274 -6.810102 1.6 4.137454 -5.994122 1.6 5.451715 -4.829786 1.6 6.449142 -3.384759 1.6 7.071768 -1.743023 1.6 6.736596 9.29435 0 -6.736597 9.294349 0 -6.736597 9.294349 1 6.736596 9.29435 1 -6.73659 -9.294359 0 6.736608 -9.294342 0 6.736608 -9.294342 1 -6.73659 -9.294359 1 6.85615 9.18149 0 6.965308 9.063957 0 7.06407 8.941739 0 7.152436 8.81484 0 7.230406 8.683262 0 7.29798 8.547009 0 7.355157 8.406081 0 7.401939 8.260464 0 7.438325 8.110177 0 7.464315 7.955203 0 7.479909 7.795555 0 -7.47991 7.795554 0 -7.464316 7.955202 0 -7.438326 8.110177 0 -7.40194 8.260463 0 -7.355158 8.406075 0 -7.29798 8.547008 0 -7.230406 8.683261 0 -7.152436 8.814837 0 -7.064071 8.941739 0 -6.965309 9.063951 0 -6.856151 9.181489 0 -6.856151 9.181489 1 -6.965309 9.063951 1 -7.064071 8.941739 1 -7.152436 8.814837 1 -7.230406 8.683261 1 -7.29798 8.547008 1 -7.355158 8.406075 1 -7.40194 8.260463 1 -7.438326 8.110177 1 -7.464316 7.955202 1 -7.47991 7.795554 1 7.479909 7.795555 1 7.464315 7.955203 1 7.438325 8.110177 1 7.401939 8.260464 1 7.355157 8.406081 1 7.29798 8.547009 1 7.230406 8.683262 1 7.152436 8.81484 1 7.06407 8.941739 1 6.965308 9.063957 1 6.85615 9.18149 1 -6.856144 -9.181494 0 -6.965302 -9.063961 0 -7.064064 -8.94174 0 -7.15243 -8.814846 0 -7.2304 -8.683266 0 -7.297974 -8.547018 0 -7.355152 -8.406085 0 -7.401934 -8.260468 0 -7.43832 -8.110177 0 -7.46431 -7.955207 0 -7.479905 -7.795558 0 7.479919 -7.795544 0 7.464325 -7.955193 0 7.438335 -8.110163 0 7.40195 -8.260457 0 7.355168 -8.406065 0 7.29799 -8.546998 0 7.230416 -8.683258 0 7.152447 -8.814828 0 7.064081 -8.941724 0 6.965319 -9.063942 0 6.856162 -9.181486 0 6.856162 -9.181486 1 6.965319 -9.063942 1 7.064081 -8.941724 1 7.152447 -8.814828 1 7.230416 -8.683258 1 7.29799 -8.546998 1 7.355168 -8.406065 1 7.40195 -8.260457 1 7.438335 -8.110163 1 7.464325 -7.955193 1 7.479919 -7.795544 1 -7.479905 -7.795558 1 -7.46431 -7.955207 1 -7.43832 -8.110177 1 -7.401934 -8.260468 1 -7.355152 -8.406085 1 -7.297974 -8.547018 1 -7.2304 -8.683266 1 -7.15243 -8.814846 1 -7.064064 -8.94174 1 -6.965302 -9.063961 1 -6.856144 -9.181494 1</float_array>
          <technique_common>
            <accessor source="#Örüntü_021-mesh-positions-array" count="788" stride="3">
              <param name="X" type="float"/>
              <param name="Y" type="float"/>
              <param name="Z" type="float"/>
            </accessor>
          </technique_common>
        </source>
        <source id="Örüntü_021-mesh-normals">
          <float_array id="Örüntü_021-mesh-normals-array" count="1854">0 0 -1 0.7323368 0 -0.6809427 0.7110479 0.175244 -0.6809555 0.7110479 0.175244 0.6809555 0.7323368 0 0.6809427 0.6484483 0.3403232 -0.6809516 0.6484483 0.3403232 0.6809516 0.686367 0.2138755 -0.6950955 0.596742 0.1859535 0.7805897 -0.4063317 0.458672 -0.7902624 -0.4795868 0.5243897 -0.703571 -0.4795868 0.5243897 0.703571 -0.5838617 0.6590303 0.4741148 -0.596742 0.1859535 -0.7805897 -0.6484483 0.3403232 -0.6809516 -0.6484483 0.3403232 0.6809516 -0.596742 0.1859535 0.7805897 -0.7110479 0.175244 -0.6809555 -0.7110479 0.175244 0.6809555 -0.7323368 0 -0.6809427 -0.7323368 0 0.6809427 -0.7110479 -0.175244 -0.6809555 -0.7110479 -0.175244 0.6809555 -0.6484483 -0.3403232 -0.6809516 -0.6484483 -0.3403232 0.6809516 -0.596742 -0.1859535 -0.7805897 -0.596742 -0.1859535 0.7805897 0.1930965 -0.2179698 -0.9566624 0.4795791 -0.5244119 -0.7035597 0.6777095 -0.7353298 0 0.596742 -0.1859535 -0.7805897 0.6484483 -0.3403232 -0.6809516 0.6484483 -0.3403232 0.6809516 0.686367 -0.2138755 0.6950955 0.7110479 -0.175244 -0.6809555 0.7110479 -0.175244 0.6809555 0 0 1 2.5344e-6 0 1 -0.07745671 0.3142521 0.9461745 -0.1632756 0.268474 0.9493487 -0.02233999 -0.008453786 0.9997147 0.187936 -0.4996572 0.8455902 0 0 1 0 0 1 -0.01941031 0.007355153 0.9997846 -0.1950168 -0.5182749 0.8326823 0.07394796 0.3000951 0.9510388 0.1171621 0.2715269 0.9552729 -2.46315e-6 0 1 0 0 1 0 0 1 3.52668e-7 0 1 -4.71127e-7 0 1 2.35112e-7 0 1 1.25634e-7 0 1 0 0 1 0 0 1 -1.25634e-7 0 1 0 0 1 -1.25633e-7 0 1 0 0 1 1.25633e-7 0 1 0 0 1 -1.25633e-7 0 1 0 0 1 -3.76901e-7 0 1 3.82057e-7 0 1 0 0 1 0 0 1 0 0 1 -3.82057e-7 0 1 6.08937e-7 0 1 3.52668e-7 0 1 0 0 1 0 0 1 -1.25633e-7 0 1 0 0 1 1.25633e-7 0 1 0 0 1 0 0 1 0 0 1 -1.76334e-7 0 1 0 0 1 1.88452e-7 0 1 -0.7105481 0.01123106 0.7035591 -0.7105481 0.01123106 -0.7035591 0.9998751 0.01580899 0 0.7105481 0.01123106 0.7035591 0.9998751 -0.01580899 0 0.7105481 -0.01123106 -0.7035591 -0.7105481 -0.01123106 -0.7035591 -0.7105481 -0.01123106 0.7035591 0 0 1 2.01809e-7 0 1 -1.91674e-7 0 1 0 0 1 0.6514648 0 0.758679 0.6325408 0.155892 0.7586765 0.9703317 0.2391495 0.035555 0.9993678 0 0.03555434 0.5768445 0.302751 0.7586781 0.8849056 0.4644114 0.03555488 0.487612 0.4320052 0.7586872 0.7480369 0.6627039 0.03555536 0.3700791 0.5361354 0.7586834 0.5676942 0.8224713 0.03555524 0.2310005 0.6091346 0.758679 0.354357 0.934433 0.03558522 0.07849633 0.6467099 0.7586862 0.1204585 0.9920815 0.03555464 -0.07852667 0.6467083 0.7586844 -0.1204585 0.9920815 0.03555464 -0.2310005 0.6091346 0.758679 -0.354357 0.934433 0.03558522 -0.3537496 0.08719372 0.9312672 -0.5919215 0.3965981 0.7016688 -0.1015973 -0.4122181 0.9054028 0.001098692 -0.7192238 0.6947777 0.2509572 -0.6617421 0.7064828 0.3543863 -0.93443 0.03537148 0.08530008 -0.7025737 0.7064802 0.1204593 -0.9920879 0.03537172 -0.08530008 -0.7025737 0.7064802 -0.1204593 -0.9920879 0.03537172 -0.2509572 -0.6617421 0.7064828 -0.3543863 -0.93443 0.03537148 -0.4020269 -0.5824553 0.7064846 -0.5677186 -0.8224625 0.03537178 -0.5297521 -0.4692936 0.7064887 -0.7480552 -0.6626932 0.03537166 -0.6266518 -0.3289059 0.7064902 -0.8848989 -0.4644384 0.03537154 -0.6871671 -0.1693502 0.7064856 -0.9703379 -0.239151 0.03537213 -0.7077322 0 0.7064809 -0.9993743 0 0.03537148 -0.6871671 0.1693502 0.7064856 -0.9703379 0.239151 0.03537213 -0.6266518 0.3289059 0.7064902 -0.8848989 0.4644384 0.03537154 -0.5297521 0.4692936 0.7064887 -0.7480552 0.6626932 0.03537166 -0.4020269 0.5824553 0.7064846 -0.5677186 0.8224625 0.03537178 -0.2509572 0.6617421 0.7064828 -0.3543863 0.93443 0.03537148 -0.08530008 0.7025737 0.7064802 -0.1204593 0.9920879 0.03537172 0.08530008 0.7025737 0.7064802 0.1204593 0.9920879 0.03537172 0.2509572 0.6617421 0.7064828 0.3543863 0.93443 0.03537148 -0.1015973 0.4122181 0.9054028 0.02838259 0.7435939 0.668029 -0.3537496 -0.08719372 0.9312672 -0.5848681 -0.3536859 0.7299559 -0.2310005 -0.6091346 0.758679 -0.354357 -0.934433 0.03558522 -0.07849633 -0.6467099 0.7586862 -0.1204585 -0.9920815 0.03555464 0.07852667 -0.6467083 0.7586844 0.1204585 -0.9920815 0.03555464 0.2310005 -0.6091346 0.758679 0.354384 -0.9344238 0.03555434 0.3700791 -0.5361354 0.7586834 0.5677149 -0.8224571 0.03555464 0.487612 -0.4320052 0.7586872 0.7480369 -0.6627039 0.03555536 0.5768445 -0.302751 0.7586781 0.8849056 -0.4644114 0.03555488 0.6325408 -0.155892 0.7586765 0.9703317 -0.2391495 0.035555 0.5481587 0.4856244 0.6809486 0.41601 0.6026973 0.680949 0.2596909 0.6847368 0.6809524 0.08826148 0.7269974 0.680944 -0.08826148 0.7269974 0.680944 -0.3668771 -0.2532218 0.8951424 -0.9713284 0.2374989 0.01074266 -0.9711078 0.2376192 0.02206504 -0.9704809 0.2386909 0.03454774 -0.9695662 0.2400339 0.04822039 -0.9681775 0.2421359 0.06326538 -0.9662766 0.244827 0.07980835 -0.9637974 0.2479382 0.0980888 -0.9604601 0.252025 0.1183217 -0.9561259 0.2568774 0.1408446 -0.9505352 0.2625607 0.165966 -0.9432535 0.2694835 0.1940403 -0.9338334 0.2776963 0.2254775 -0.9215927 0.2875838 0.2606962 -0.9056573 0.2995154 0.3001258 -0.884944 0.3139238 0.3439855 -0.8580139 0.3314679 0.3923535 -0.8232117 0.3529314 0.4447046 -0.7788212 0.3788967 0.4998751 -0.7234563 0.4099026 0.5555095 -0.6565201 0.4461236 0.6082394 -0.5791432 0.4866072 0.6540693 -0.4942533 0.5297773 0.6892385 -0.4062663 0.5732042 0.711607 -0.3254905 -0.325338 0.8878126 0.2269697 -0.65567 0.7201261 0.1347419 -0.6997118 0.701604 0.0469079 -0.7442398 0.6662634 -0.03076344 -0.7863305 0.6170398 -0.09503638 -0.8235877 0.5591704 -0.1450576 -0.8549339 0.4980425 -0.1821087 -0.8803908 0.4378911 -0.2084136 -0.9005215 0.3816084 -0.2263928 -0.9162531 0.3304945 -0.2381678 -0.9285003 0.2848919 -0.2454688 -0.9380187 0.2446753 -0.2496191 -0.9454335 0.2093943 -0.2515968 -0.9512398 0.1784433 -0.2520911 -0.9558098 0.1512546 -0.2516036 -0.9594142 0.1273583 -0.2505586 -0.962255 0.1062356 -0.2491596 -0.9645016 0.08749884 -0.2476316 -0.9662637 0.07080417 -0.2461041 -0.9676313 0.05588001 -0.2446716 -0.9686763 0.04245203 -0.2434508 -0.9694388 0.03033596 -0.2424471 -0.9699717 0.01934933 -0.2417423 -0.9702959 0.009308338 0.08166998 -0.6728314 0.7352742 -0.08166998 -0.6728314 0.7352742 -0.240339 -0.6337319 0.7352694 -0.3850026 -0.5578037 0.7352742 -0.5073194 -0.4494552 0.7352668 -0.6001374 -0.3149623 0.7352782 -0.6580861 -0.1621791 0.7352692 -0.6777729 0 0.7352713 -0.6580861 0.1621791 0.7352692 -0.6001374 0.3149623 0.7352782 -0.5073194 0.4494552 0.7352668 -0.3850026 0.5578037 0.7352742 -0.240339 0.6337319 0.7352694 -0.08166998 0.6728314 0.7352742 0.08166998 0.6728314 0.7352742 -0.3672051 0.2534607 0.8949403 -0.2416201 0.970326 0.009338855 -0.2421678 0.9700445 0.01919639 -0.2429924 0.9695586 0.03018325 -0.2440344 0.9688437 0.0423001 -0.2452815 0.9678506 0.05569726 -0.2465667 0.9665515 0.0705915 -0.2479397 0.9648409 0.08722448 -0.2490994 0.9626737 0.1058718 -0.2499193 0.9599112 0.1269281 -0.2501627 0.9563987 0.1507324 -0.2494345 0.9519284 0.1778056 -0.2472386 0.9462273 0.2086315 -0.2428723 0.9389253 0.2437879 -0.2353611 0.9295422 0.283825 -0.2234649 0.9174206 0.3292459 -0.2053932 0.9018075 0.3802064 -0.1790878 0.8817664 0.4363663 -0.1421595 0.8563755 0.4963987 -0.09237998 0.825011 0.5575149 -0.02844387 0.787639 0.6154803 0.04883068 0.74537 0.6648604 0.1361761 0.7004435 0.7005961 0.2279456 0.6560038 0.7195136 -0.4078837 0.1760019 0.8959097 -0.4060581 -0.5740969 0.7110061 -0.4942305 -0.5312505 0.68812 -0.5790418 -0.4885827 0.6526848 -0.6563798 -0.4486345 0.6065416 -0.7231523 -0.4128636 0.5537097 -0.778383 -0.3820043 0.4981895 -0.8226689 -0.3561562 0.4431352 -0.8573904 -0.3346792 0.3909881 -0.8842882 -0.3170314 0.3428199 -0.905025 -0.3023871 0.299152 -0.9209676 -0.2902954 0.2598986 -0.9332562 -0.2801691 0.2248067 -0.9427357 -0.2716812 0.1934912 -0.9500661 -0.2645414 0.1655062 -0.955735 -0.258527 0.1404792 -0.9601106 -0.2534943 0.1180186 -0.9634872 -0.2492492 0.0978136 -0.9660497 -0.2458003 0.07956314 -0.9679837 -0.2429649 0.06305307 -0.9693917 -0.2407685 0.04806822 -0.9703816 -0.2391162 0.03439486 -0.9710206 -0.2379865 0.02194309 -0.9713468 -0.2374349 0.0104984 -0.08826148 -0.7269974 0.680944 0.08826148 -0.7269974 0.680944 0.2596909 -0.6847368 0.6809524 0.41601 -0.6026973 0.680949 0.5481587 -0.4856244 0.6809486 3.52555e-7 0 1 -4.31896e-7 0 1 1.92303e-7 0 1 -3.72241e-7 0 1 0 0 1 -2.03041e-7 0 1 1.28202e-7 0 1 -2.03041e-7 0 1 -1.28201e-7 0 1 1.35361e-7 0 1 0 0 1 1.35359e-7 0 1 1.28202e-7 0 1 -2.03041e-7 0 1 3.20506e-7 0 1 1.35361e-7 0 1 -2.56404e-7 0 1 2.03042e-7 0 1 7.1166e-7 0 1 -2.70721e-7 0 1 -3.52554e-7 0 1 3.31478e-7 0 1 0 0 1 -1.692e-7 0 1 1.28202e-7 0 1 2.03041e-7 0 1 1.28202e-7 0 1 -1.35361e-7 0 1 -1.28201e-7 0 1 -1.3536e-7 0 1 1.35362e-7 0 1 -1.35362e-7 0 1 0 0 1 0 0 1 4.48707e-7 0 1 -4.73763e-7 0 1 -3.52556e-7 0 1 6.09123e-7 0 1 0 0 1 3.72244e-7 0 1 3.95363e-7 0 1 8.0628e-7 0 1 -7.44261e-7 0 1 1.15567e-6 0 1 -9.92344e-7 0 1 7.29902e-7 0 1 -6.20219e-7 0 1 -1.24044e-7 0 1 1.2165e-7 0 1 -2.48085e-7 0 1 1.2165e-7 0 1 -1.24042e-7 0 1 -2.433e-7 0 1 2.48088e-7 0 1 -8.51544e-7 0 1 7.29901e-7 0 1 4.0314e-7 0 1 0 0 1 -3.9536e-7 0 1 -4.0314e-7 0 1 0 0 1 -8.06285e-7 0 1 3.9536e-7 0 1 3.72133e-7 0 1 -1.15568e-6 0 1 -8.68315e-7 0 1 6.08249e-7 0 1 -3.72131e-7 0 1 -1.21652e-7 0 1 1.24044e-7 0 1 -1.21649e-7 0 1 -1.24044e-7 0 1 1.21649e-7 0 1 -6.20219e-7 0 1 3.64951e-7 0 1 -6.20221e-7 0 1 6.08254e-7 0 1 1.17842e-6 0 1 -3.64953e-7 0 1 -4.03143e-7 0 1 7.90726e-7 0 1 0.6777729 0 0.7352713 0.6580861 0.1621791 0.7352692 0.6001374 0.3149623 0.7352782 0.5073194 0.4494552 0.7352668 0.3850026 0.5578037 0.7352742 0.240339 0.6337319 0.7352694 -0.2596909 0.6847368 0.6809524 -0.41601 0.6026973 0.680949 -0.5481587 0.4856244 0.6809486 -0.5481587 -0.4856244 0.6809486 -0.41601 -0.6026973 0.680949 -0.2596909 -0.6847368 0.6809524 0.240339 -0.6337319 0.7352694 0.3850026 -0.5578037 0.7352742 0.5073194 -0.4494552 0.7352668 0.6001374 -0.3149623 0.7352782 0.6580861 -0.1621791 0.7352692 0.3478302 0 0.9375576 0.337728 0.0832265 0.937557 0.3856661 0.09503555 0.9177309 0.3972023 0 0.9177311 0.3080016 0.1616306 0.9375557 0.3517003 0.1845785 0.9177351 0.2603603 0.2306649 0.9375533 0.2973152 0.2633782 0.917734 0.1975824 0.2862718 0.9375552 0.2256264 0.3268882 0.9177347 0.1233285 0.3252443 0.9375533 0.1408448 0.3713846 0.9177343 0.04190319 0.3452971 0.9375576 0.04785358 0.394304 0.9177334 -0.04190319 0.3452971 0.9375576 -0.04785358 0.394304 0.9177334 -0.1233285 0.3252443 0.9375533 -0.1408448 0.3713846 0.9177343 -0.1975824 0.2862718 0.9375552 -0.2256264 0.3268882 0.9177347 -0.2603603 0.2306649 0.9375533 -0.2973152 0.2633782 0.917734 -0.3080016 0.1616306 0.9375557 -0.3517003 0.1845785 0.9177351 -0.337728 0.0832265 0.937557 -0.3856661 0.09503555 0.9177309 -0.3478302 0 0.9375576 -0.3972023 0 0.9177311 -0.337728 -0.0832265 0.937557 -0.3856661 -0.09503555 0.9177309 -0.3080016 -0.1616306 0.9375557 -0.3517003 -0.1845785 0.9177351 -0.2603603 -0.2306649 0.9375533 -0.2973152 -0.2633782 0.917734 -0.1975824 -0.2862718 0.9375552 -0.2256264 -0.3268882 0.9177347 -0.1233285 -0.3252443 0.9375533 -0.1408448 -0.3713846 0.9177343 -0.04190319 -0.3452971 0.9375576 -0.04785358 -0.394304 0.9177334 0.04190319 -0.3452971 0.9375576 0.04785358 -0.394304 0.9177334 0.1233285 -0.3252443 0.9375533 0.1408448 -0.3713846 0.9177343 0.1975824 -0.2862718 0.9375552 0.2256264 -0.3268882 0.9177347 0.2603603 -0.2306649 0.9375533 0.2973152 -0.2633782 0.917734 0.3080016 -0.1616306 0.9375557 0.3517003 -0.1845785 0.9177351 0.337728 -0.0832265 0.937557 0.3856661 -0.09503555 0.9177309 -0.5071779 0.5030577 0.6997883 -0.5071779 0.5030577 -0.6997883 0.7099698 0.7042322 0 0.6864577 0.7271697 0 0.4815867 0.5101523 0.7126141 0.5071779 0.5030577 0.6997883 0.7100002 -0.7042015 0 0.5071779 -0.5030577 -0.6997883 -0.5071779 -0.5030577 -0.6997883 -0.3094967 -0.3278388 -0.8925994 -0.4815942 -0.5101298 0.7126252 -0.5071779 -0.5030577 0.6997883 -0.5401024 0.468046 0.6994444 -0.5401024 0.468046 -0.6994444 -0.5717722 0.4292488 0.6991582 -0.5717722 0.4292488 -0.6991582 -0.6014765 0.3868945 0.6989555 -0.6014765 0.3868945 -0.6989555 -0.6285317 0.3414732 0.6988162 -0.6285317 0.3414732 -0.6988162 -0.6523259 0.293568 0.6987767 -0.65232 0.2935959 -0.6987704 -0.6723929 0.2439988 0.6988223 -0.6723878 0.2440274 -0.698817 -0.6884533 0.1936447 0.698952 -0.6884533 0.1936447 -0.698952 -0.7004477 0.1433184 0.6991659 -0.7004477 0.1433184 -0.6991659 -0.7085016 0.09387683 0.6994374 -0.7085016 0.09387683 -0.6994374 -0.7128736 0.0460233 0.6997808 -0.7128736 0.0460233 -0.6997808 0.7557103 0.6549061 0 0.5401024 0.468046 0.6994444 0.7997216 0.6003711 0 0.5717797 0.4292239 0.6991674 0.8410376 0.5409766 0 0.6014765 0.3868945 0.6989555 0.8786991 0.4773761 0 0.6285317 0.3414732 0.6988162 0.9118987 0.4104154 0 0.65232 0.2935959 0.6987704 0.9400125 0.3411402 0 0.6724072 0.244004 0.6988067 0.9626446 0.2707686 0 0.6884533 0.1936447 0.698952 0.9796977 0.2004808 0 0.7004477 0.1433184 0.6991659 0.9913353 0.131356 0 0.7085016 0.09387683 0.6994374 0.9979225 0.06442636 0 0.7128736 0.0460233 0.6997808 0.7557254 -0.6548888 0 0.5401024 -0.468046 -0.6994444 0.7997216 -0.6003711 0 0.5717797 -0.4292239 -0.6991674 0.8410288 -0.5409905 0 0.6014765 -0.3868945 -0.6989555 0.8786991 -0.4773761 0 0.6285451 -0.3414805 -0.6988006 0.9119101 -0.4103901 0 0.6523259 -0.293568 -0.6987767 0.9400125 -0.3411402 0 0.6723878 -0.2440274 -0.698817 0.9626446 -0.2707686 0 0.6884533 -0.1936447 -0.698952 0.9797037 -0.2004514 0 0.7004477 -0.1433184 -0.6991659 0.9913313 -0.131386 0 0.7085016 -0.09387683 -0.6994374 0.9979225 -0.06442636 0 0.7128736 -0.0460233 -0.6997808 -0.5401024 -0.468046 -0.6994444 -0.5401024 -0.468046 0.6994444 -0.5717797 -0.4292239 -0.6991674 -0.5717797 -0.4292239 0.6991674 -0.6014765 -0.3868945 -0.6989555 -0.6014765 -0.3868945 0.6989555 -0.6285383 -0.3414462 -0.6988234 -0.6285383 -0.3414462 0.6988234 -0.65232 -0.2935959 -0.6987704 -0.65232 -0.2935959 0.6987704 -0.6724072 -0.244004 -0.6988067 -0.6724072 -0.244004 0.6988067 -0.6884533 -0.1936447 -0.698952 -0.6884533 -0.1936447 0.698952 -0.7004477 -0.1433184 -0.6991659 -0.7004477 -0.1433184 0.6991659 -0.7085016 -0.09387683 -0.6994374 -0.7085016 -0.09387683 0.6994374 -0.7128736 -0.0460233 -0.6997808 -0.7128736 -0.0460233 0.6997808 0 0 1 0 0 1 1.22041e-7 0 1 1.22041e-7 0 1 -2.44082e-7 0 1 0 0 1 0 0 1 -1.22041e-7 0 1 0 0 1 -1.22041e-7 0 1 0 0 1 -1.22041e-7 0 1 1.71081e-7 0 1 0 0 1 0 0 1 -2.13852e-7 0 1 1.95265e-7 0 1 2.44082e-7 0 1 -2.44081e-7 0 1 1.22041e-7 0 1 0 0 1 0 0 1 0 0 1 -1.22041e-7 0 1 0 0 1 -1.22041e-7 0 1 1.62721e-7 0 1 1.22041e-7 0 1 -1.62721e-7 0 1 0 0 1 0 0 1 0 0 1 0 0 1 0 0 1 1.22041e-7 0 1 0 0 1 -1.62721e-7 0 1 2.44082e-7 0 1 -3.25442e-7 0 1 -3.25442e-7 0 1 2.44082e-7 0 1 -1.62721e-7 0 1 0 0 1 0 0 1 1.22041e-7 0 1 -1.62721e-7 0 1 0 0 1 -1.62721e-7 0 1 3.25442e-7 0 1 1.62721e-7 0 1 -2.44082e-7 0 1 1.62721e-7 0 1 -2.44082e-7 0 1 1.22042e-7 0 1 2.44082e-7 0 1 -2.44082e-7 0 1 4.88163e-7 0 1 4.88163e-7 0 1 0 0 1 1.20905e-7 0 1 2.44081e-7 0 1 2.44081e-7 0 1 -4.88163e-7 0 1 -9.76324e-7 0 1 2.44081e-7 0 1 -2.44082e-7 0 1 -1.22041e-7 0 1 4.88162e-7 0 1 -2.44083e-7 0 1 -2.44082e-7 0 1 2.44081e-7 0 1 -3.66123e-7 0 1 3.66123e-7 0 1 -3.66123e-7 0 1 3.66123e-7 0 1 1.22041e-7 0 1 2.44082e-7 0 1 2.44082e-7 0 1 -2.44082e-7 0 1 3.66123e-7 0 1 -3.66122e-7 0 1 2.44082e-7 0 1 -1.22041e-7 0 1</float_array>
          <technique_common>
            <accessor source="#Örüntü_021-mesh-normals-array" count="618" stride="3">
              <param name="X" type="float"/>
              <param name="Y" type="float"/>
              <param name="Z" type="float"/>
            </accessor>
          </technique_common>
        </source>
        <source id="Örüntü_021-mesh-map-0">
          <float_array id="Örüntü_021-mesh-map-0-array" count="9114">0.5 0 0.7884616 0 0.75 0 0.5 0 0.8269231 0 0.7884616 0 0.5 0 0.8653846 0 0.8269231 0 0.5 0 0.9038462 0 0.8653846 0 0.5 0 0.9423077 0 0.9038462 0 0.5 0 0.9807692 0 0.9423077 0 0.5 0 0.01923078 0 -0.01923078 0 0.5 0 0.05769217 0 0.01923078 0 0.5 0 0.09615385 0 0.05769217 0 0.5 0 0.1346154 0 0.09615385 0 0.5 0 0.1730769 0 0.1346154 0 0.5 0 0.2115384 0 0.1730769 0 0.5 0 0.2500001 0 0.2115384 0 0.5 0 0.2884616 0 0.2500001 0 0.5 0 0.3269232 0 0.2884616 0 0.5 0 0.3653847 0 0.3269232 0 0.5 0 0.4038463 0 0.3653847 0 0.5 0 0.4423078 0 0.4038463 0 0.5 0 0.4807694 0 0.4423078 0 0.5 0 0.519231 0 0.4807694 0 0.5 0 0.5576925 0 0.519231 0 0.5 0 0.596154 0 0.5576925 0 0.5 0 0.6346156 0 0.596154 0 0.5 0 0.6730772 0 0.6346156 0 0.5 0 0.7115387 0 0.6730772 0 0.5 0 0.75 0 0.7115387 0 0.75 0 0.7884616 0 0.7884616 0 0.7884616 0 0.75 0 0.75 0 0.7884616 0 0.8269231 0 0.8269231 0 0.8269231 0 0.7884616 0 0.7884616 0 0.8269231 0 0.8653846 0 0.8653846 0 0.8653846 0 0.8269231 0 0.8269231 0 0.8653846 0 0.9038462 0 0.9038462 0 0.9038462 0 0.8653846 0 0.8653846 0 0.9038462 0 0.9423077 0 0.9423077 0 0.9423077 0 0.9038462 0 0.9038462 0 0.9423077 0 0.9807692 0 0.9807692 0 0.9807692 0 0.9423077 0 0.9423077 0 -0.01923078 0 0.01923078 0 0.01923078 0 0.01923078 0 -0.01923078 0 -0.01923078 0 0.01923078 0 0.05769217 0 0.05769217 0 0.05769217 0 0.01923078 0 0.01923078 0 0.05769217 0 0.09615385 0 0.09615385 0 0.09615385 0 0.05769217 0 0.05769217 0 0.09615385 0 0.1346154 0 0.1346154 0 0.1346154 0 0.09615385 0 0.09615385 0 0.1346154 0 0.1730769 0 0.1730769 0 0.1730769 0 0.1346154 0 0.1346154 0 0.1730769 0 0.2115384 0 0.2115384 0 0.2115384 0 0.1730769 0 0.1730769 0 0.2115384 0 0.2500001 0 0.2500001 0 0.2500001 0 0.2115384 0 0.2115384 0 0.2500001 0 0.2884616 0 0.2884616 0 0.2884616 0 0.2500001 0 0.2500001 0 0.2884616 0 0.3269232 0 0.3269232 0 0.3269232 0 0.2884616 0 0.2884616 0 0.3269232 0 0.3653847 0 0.3653847 0 0.3653847 0 0.3269232 0 0.3269232 0 0.3653847 0 0.4038463 0 0.4038463 0 0.4038463 0 0.3653847 0 0.3653847 0 0.4038463 0 0.4423078 0 0.4423078 0 0.4423078 0 0.4038463 0 0.4038463 0 0.4423078 0 0.4807694 0 0.4807694 0 0.4807694 0 0.4423078 0 0.4423078 0 0.4807694 0 0.519231 0 0.519231 0 0.519231 0 0.4807694 0 0.4807694 0 0.519231 0 0.5576925 0 0.5576925 0 0.5576925 0 0.519231 0 0.519231 0 0.5576925 0 0.596154 0 0.596154 0 0.596154 0 0.5576925 0 0.5576925 0 0.596154 0 0.6346156 0 0.6346156 0 0.6346156 0 0.596154 0 0.596154 0 0.6346156 0 0.6730772 0 0.6730772 0 0.6730772 0 0.6346156 0 0.6346156 0 0.6730772 0 0.7115387 0 0.7115387 0 0.7115387 0 0.6730772 0 0.6730772 0 0.7115387 0 0.75 0 0.75 0 0.75 0 0.7115387 0 0.7115387 0 0.75 0 0.7884616 0 0.7884616 0 0.7884616 0 0.75 0 0.75 0 0.7884616 0 0.8269231 0 0.8269231 0 0.8269231 0 0.7884616 0 0.7884616 0 0.8269231 0 0.8653846 0 0.8653846 0 0.8653846 0 0.8269231 0 0.8269231 0 0.8653846 0 0.9038462 0 0.9038462 0 0.9038462 0 0.8653846 0 0.8653846 0 0.9038462 0 0.9423077 0 0.9423077 0 0.9423077 0 0.9038462 0 0.9038462 0 0.9423077 0 0.9807692 0 0.9807692 0 0.9807692 0 0.9423077 0 0.9423077 0 -0.01923078 0 0.01923078 0 0.01923078 0 0.01923078 0 -0.01923078 0 -0.01923078 0 0.01923078 0 0.05769217 0 0.05769217 0 0.05769217 0 0.01923078 0 0.01923078 0 0.05769217 0 0.09615385 0 0.09615385 0 0.09615385 0 0.05769217 0 0.05769217 0 0.09615385 0 0.1346154 0 0.1346154 0 0.1346154 0 0.09615385 0 0.09615385 0 0.1346154 0 0.1730769 0 0.1730769 0 0.1730769 0 0.1346154 0 0.1346154 0 0.1730769 0 0.2115384 0 0.2115384 0 0.2115384 0 0.1730769 0 0.1730769 0 0.2115384 0 0.2500001 0 0.2500001 0 0.2500001 0 0.2115384 0 0.2115384 0 0.2500001 0 0.2884616 0 0.2884616 0 0.2884616 0 0.2500001 0 0.2500001 0 0.2884616 0 0.3269232 0 0.3269232 0 0.3269232 0 0.2884616 0 0.2884616 0 0.3269232 0 0.3653847 0 0.3653847 0 0.3653847 0 0.3269232 0 0.3269232 0 0.3653847 0 0.4038463 0 0.4038463 0 0.4038463 0 0.3653847 0 0.3653847 0 0.4038463 0 0.4423078 0 0.4423078 0 0.4423078 0 0.4038463 0 0.4038463 0 0.4423078 0 0.4807694 0 0.4807694 0 0.4807694 0 0.4423078 0 0.4423078 0 0.4807694 0 0.519231 0 0.519231 0 0.519231 0 0.4807694 0 0.4807694 0 0.519231 0 0.5576925 0 0.5576925 0 0.5576925 0 0.519231 0 0.519231 0 0.5576925 0 0.596154 0 0.596154 0 0.596154 0 0.5576925 0 0.5576925 0 0.596154 0 0.6346156 0 0.6346156 0 0.6346156 0 0.596154 0 0.596154 0 0.6346156 0 0.6730772 0 0.6730772 0 0.6730772 0 0.6346156 0 0.6346156 0 0.6730772 0 0.7115387 0 0.7115387 0 0.7115387 0 0.6730772 0 0.6730772 0 0.7115387 0 0.75 0 0.75 0 0.75 0 0.7115387 0 0.7115387 0 0.75 0 0.7884616 0 0.7884616 0 0.7884616 0 0.75 0 0.75 0 0.7884616 0 0.8269231 0 0.8269231 0 0.8269231 0 0.7884616 0 0.7884616 0 0.8269231 0 0.8653846 0 0.8653846 0 0.8653846 0 0.8269231 0 0.8269231 0 0.8653846 0 0.9038462 0 0.9038462 0 0.9038462 0 0.8653846 0 0.8653846 0 0.9038462 0 0.9423077 0 0.9423077 0 0.9423077 0 0.9038462 0 0.9038462 0 0.9423077 0 0.9807692 0 0.9807692 0 0.9807692 0 0.9423077 0 0.9423077 0 -0.01923078 0 0.01923078 0 0.01923078 0 0.01923078 0 -0.01923078 0 -0.01923078 0 0.01923078 0 0.05769217 0 0.05769217 0 0.05769217 0 0.01923078 0 0.01923078 0 0.05769217 0 0.09615385 0 0.09615385 0 0.09615385 0 0.05769217 0 0.05769217 0 0.09615385 0 0.1346154 0 0.1346154 0 0.1346154 0 0.09615385 0 0.09615385 0 0.1346154 0 0.1730769 0 0.1730769 0 0.1730769 0 0.1346154 0 0.1346154 0 0.1730769 0 0.2115384 0 0.2115384 0 0.2115384 0 0.1730769 0 0.1730769 0 0.2115384 0 0.2500001 0 0.2500001 0 0.2500001 0 0.2115384 0 0.2115384 0 0.2500001 0 0.2884616 0 0.2884616 0 0.2884616 0 0.2500001 0 0.2500001 0 0.2884616 0 0.3269232 0 0.3269232 0 0.3269232 0 0.2884616 0 0.2884616 0 0.3269232 0 0.3653847 0 0.3653847 0 0.3653847 0 0.3269232 0 0.3269232 0 0.3653847 0 0.4038463 0 0.4038463 0 0.4038463 0 0.3653847 0 0.3653847 0 0.4038463 0 0.4423078 0 0.4423078 0 0.4423078 0 0.4038463 0 0.4038463 0 0.4423078 0 0.4807694 0 0.4807694 0 0.4807694 0 0.4423078 0 0.4423078 0 0.4807694 0 0.519231 0 0.519231 0 0.519231 0 0.4807694 0 0.4807694 0 0.519231 0 0.5576925 0 0.5576925 0 0.5576925 0 0.519231 0 0.519231 0 0.5576925 0 0.596154 0 0.596154 0 0.596154 0 0.5576925 0 0.5576925 0 0.596154 0 0.6346156 0 0.6346156 0 0.6346156 0 0.596154 0 0.596154 0 0.6346156 0 0.6730772 0 0.6730772 0 0.6730772 0 0.6346156 0 0.6346156 0 0.6730772 0 0.7115387 0 0.7115387 0 0.7115387 0 0.6730772 0 0.6730772 0 0.7115387 0 0.75 0 0.75 0 0.75 0 0.7115387 0 0.7115387 0 0.75 0 0.7884616 0 0.7884616 0 0.7884616 0 0.75 0 0.75 0 0.7884616 0 0.8269231 0 0.8269231 0 0.8269231 0 0.7884616 0 0.7884616 0 0.8269231 0 0.8653846 0 0.8653846 0 0.8653846 0 0.8269231 0 0.8269231 0 0.8653846 0 0.9038462 0 0.9038462 0 0.9038462 0 0.8653846 0 0.8653846 0 0.9038462 0 0.9423077 0 0.9423077 0 0.9423077 0 0.9038462 0 0.9038462 0 0.9423077 0 0.9807692 0 0.9807692 0 0.9807692 0 0.9423077 0 0.9423077 0 -0.01923078 0 0.01923078 0 0.01923078 0 0.01923078 0 -0.01923078 0 -0.01923078 0 0.01923078 0 0.05769217 0 0.05769217 0 0.05769217 0 0.01923078 0 0.01923078 0 0.05769217 0 0.09615385 0 0.09615385 0 0.09615385 0 0.05769217 0 0.05769217 0 0.09615385 0 0.1346154 0 0.1346154 0 0.1346154 0 0.09615385 0 0.09615385 0 0.1346154 0 0.1730769 0 0.1730769 0 0.1730769 0 0.1346154 0 0.1346154 0 0.1730769 0 0.2115384 0 0.2115384 0 0.2115384 0 0.1730769 0 0.1730769 0 0.2115384 0 0.2500001 0 0.2500001 0 0.2500001 0 0.2115384 0 0.2115384 0 0.2500001 0 0.2884616 0 0.2884616 0 0.2884616 0 0.2500001 0 0.2500001 0 0.2884616 0 0.3269232 0 0.3269232 0 0.3269232 0 0.2884616 0 0.2884616 0 0.3269232 0 0.3653847 0 0.3653847 0 0.3653847 0 0.3269232 0 0.3269232 0 0.3653847 0 0.4038463 0 0.4038463 0 0.4038463 0 0.3653847 0 0.3653847 0 0.4038463 0 0.4423078 0 0.4423078 0 0.4423078 0 0.4038463 0 0.4038463 0 0.4423078 0 0.4807694 0 0.4807694 0 0.4807694 0 0.4423078 0 0.4423078 0 0.4807694 0 0.519231 0 0.519231 0 0.519231 0 0.4807694 0 0.4807694 0 0.519231 0 0.5576925 0 0.5576925 0 0.5576925 0 0.519231 0 0.519231 0 0.5576925 0 0.596154 0 0.596154 0 0.596154 0 0.5576925 0 0.5576925 0 0.596154 0 0.6346156 0 0.6346156 0 0.6346156 0 0.596154 0 0.596154 0 0.6346156 0 0.6730772 0 0.6730772 0 0.6730772 0 0.6346156 0 0.6346156 0 0.6730772 0 0.7115387 0 0.7115387 0 0.7115387 0 0.6730772 0 0.6730772 0 0.7115387 0 0.75 0 0.75 0 0.75 0 0.7115387 0 0.7115387 0 0.75 0 0.7884616 0 0.7884616 0 0.7884616 0 0.75 0 0.75 0 0.7884616 0 0.8269231 0 0.8269231 0 0.8269231 0 0.7884616 0 0.7884616 0 0.8269231 0 0.8653846 0 0.8653846 0 0.8653846 0 0.8269231 0 0.8269231 0 0.8653846 0 0.9038462 0 0.9038462 0 0.9038462 0 0.8653846 0 0.8653846 0 0.9038462 0 0.9423077 0 0.9423077 0 0.9423077 0 0.9038462 0 0.9038462 0 0.9423077 0 0.9807692 0 0.9807692 0 0.9807692 0 0.9423077 0 0.9423077 0 -0.01923078 0 0.01923078 0 0.01923078 0 0.01923078 0 -0.01923078 0 -0.01923078 0 0.01923078 0 0.05769217 0 0.05769217 0 0.05769217 0 0.01923078 0 0.01923078 0 0.05769217 0 0.09615385 0 0.09615385 0 0.09615385 0 0.05769217 0 0.05769217 0 0.09615385 0 0.1346154 0 0.1346154 0 0.1346154 0 0.09615385 0 0.09615385 0 0.1346154 0 0.1730769 0 0.1730769 0 0.1730769 0 0.1346154 0 0.1346154 0 0.1730769 0 0.2115384 0 0.2115384 0 0.2115384 0 0.1730769 0 0.1730769 0 0.2115384 0 0.2500001 0 0.2500001 0 0.2500001 0 0.2115384 0 0.2115384 0 0.2500001 0 0.2884616 0 0.2884616 0 0.2884616 0 0.2500001 0 0.2500001 0 0.2884616 0 0.3269232 0 0.3269232 0 0.3269232 0 0.2884616 0 0.2884616 0 0.3269232 0 0.3653847 0 0.3653847 0 0.3653847 0 0.3269232 0 0.3269232 0 0.3653847 0 0.4038463 0 0.4038463 0 0.4038463 0 0.3653847 0 0.3653847 0 0.4038463 0 0.4423078 0 0.4423078 0 0.4423078 0 0.4038463 0 0.4038463 0 0.4423078 0 0.4807694 0 0.4807694 0 0.4807694 0 0.4423078 0 0.4423078 0 0.4807694 0 0.519231 0 0.519231 0 0.519231 0 0.4807694 0 0.4807694 0 0.519231 0 0.5576925 0 0.5576925 0 0.5576925 0 0.519231 0 0.519231 0 0.5576925 0 0.596154 0 0.596154 0 0.596154 0 0.5576925 0 0.5576925 0 0.596154 0 0.6346156 0 0.6346156 0 0.6346156 0 0.596154 0 0.596154 0 0.6346156 0 0.6730772 0 0.6730772 0 0.6730772 0 0.6346156 0 0.6346156 0 0.6730772 0 0.7115387 0 0.7115387 0 0.7115387 0 0.6730772 0 0.6730772 0 0.7115387 0 0.75 0 0.75 0 0.75 0 0.7115387 0 0.7115387 0 0.75 0 0.7884616 0 0.7884616 0 0.7884616 0 0.75 0 0.75 0 0.7884616 0 0.8269231 0 0.8269231 0 0.8269231 0 0.7884616 0 0.7884616 0 0.8269231 0 0.8653846 0 0.8653846 0 0.8653846 0 0.8269231 0 0.8269231 0 0.8653846 0 0.9038462 0 0.9038462 0 0.9038462 0 0.8653846 0 0.8653846 0 0.9038462 0 0.9423077 0 0.9423077 0 0.9423077 0 0.9038462 0 0.9038462 0 0.9423077 0 0.9807692 0 0.9807692 0 0.9807692 0 0.9423077 0 0.9423077 0 -0.01923078 0 0.01923078 0 0.01923078 0 0.01923078 0 -0.01923078 0 -0.01923078 0 0.01923078 0 0.05769217 0 0.05769217 0 0.05769217 0 0.01923078 0 0.01923078 0 0.05769217 0 0.09615385 0 0.09615385 0 0.09615385 0 0.05769217 0 0.05769217 0 0.09615385 0 0.1346154 0 0.1346154 0 0.1346154 0 0.09615385 0 0.09615385 0 0.1346154 0 0.1730769 0 0.1730769 0 0.1730769 0 0.1346154 0 0.1346154 0 0.1730769 0 0.2115384 0 0.2115384 0 0.2115384 0 0.1730769 0 0.1730769 0 0.2115384 0 0.2500001 0 0.2500001 0 0.2500001 0 0.2115384 0 0.2115384 0 0.2500001 0 0.2884616 0 0.2884616 0 0.2884616 0 0.2500001 0 0.2500001 0 0.2884616 0 0.3269232 0 0.3269231 0 0.3269231 0 0.2884616 0 0.2884616 0 0.3269232 0 0.3653847 0 0.3653847 0 0.3653847 0 0.3269231 0 0.3269232 0 0.3653847 0 0.4038463 0 0.4038463 0 0.4038463 0 0.3653847 0 0.3653847 0 0.4038463 0 0.4423078 0 0.4423078 0 0.4423078 0 0.4038463 0 0.4038463 0 0.4423078 0 0.4807694 0 0.4807694 0 0.4807694 0 0.4423078 0 0.4423078 0 0.4807694 0 0.519231 0 0.519231 0 0.519231 0 0.4807694 0 0.4807694 0 0.519231 0 0.5576925 0 0.5576925 0 0.5576925 0 0.519231 0 0.519231 0 0.5576925 0 0.596154 0 0.596154 0 0.596154 0 0.5576925 0 0.5576925 0 0.596154 0 0.6346156 0 0.6346156 0 0.6346156 0 0.596154 0 0.596154 0 0.6346156 0 0.6730772 0 0.6730771 0 0.6730771 0 0.6346156 0 0.6346156 0 0.6730772 0 0.7115387 0 0.7115387 0 0.7115387 0 0.6730771 0 0.6730772 0 0.7115387 0 0.75 0 0.75 0 0.75 0 0.7115387 0 0.7115387 0 0.75 0 0.7884616 0 0.7884616 1 0.7884616 1 0.75 1 0.75 0 0.7884616 0 0.8269231 0 0.8269231 1 0.8269231 1 0.7884616 1 0.7884616 0 0.8269231 0 0.8653846 0 0.8653846 1 0.8653846 1 0.8269231 1 0.8269231 0 0.09615385 0 0.1186611 0 0.1186611 1 0.1186611 1 0.09615385 1 0.09615385 0 0.1346154 0 0.1730769 0 0.1730769 1 0.1730769 1 0.1346154 1 0.1346154 0 0.1730769 0 0.2115384 0 0.2115384 1 0.2115384 1 0.1730769 1 0.1730769 0 0.2115384 0 0.2500001 0 0.2500001 1 0.2500001 1 0.2115384 1 0.2115384 0 0.2500001 0 0.2884616 0 0.2884616 1 0.2884616 1 0.2500001 1 0.2500001 0 0.2884616 0 0.3269231 0 0.3269231 1 0.3269231 1 0.2884616 1 0.2884616 0 0.3269231 0 0.3653847 0 0.3653847 1 0.3653847 1 0.3269231 1 0.3269231 0 0.596154 0 0.6186613 0 0.6186613 1 0.6346156 0 0.6730771 0 0.6730771 1 0.6730771 1 0.6346156 1 0.6346156 0 0.6730771 0 0.7115387 0 0.7115387 1 0.7115387 1 0.6730771 1 0.6730771 0 0.7115387 0 0.75 0 0.75 1 0.75 1 0.7115387 1 0.7115387 0 0.75 1 0.7884616 1 0.7884616 1 0.7884616 1 0.75 1 0.75 1 0.7884616 1 0.8269231 1 0.8269231 1 0.8269231 1 0.7884616 1 0.7884616 1 0.8269231 1 0.8653846 1 0.8653846 1 0.8653846 1 0.8269231 1 0.8269231 1 0.8653846 1 0.9038462 1 0.9038462 1 0.9038462 1 0.8653846 1 0.8653846 1 0.9038462 1 0.9423077 1 0.9423077 1 0.9423077 1 0.9038462 1 0.9038462 1 0.9423077 1 0.9807692 1 0.9807692 1 0.9807692 1 0.9423077 1 0.9423077 1 -0.01923078 1 0.01923078 1 0.01923078 1 0.01923078 1 -0.01923078 1 -0.01923078 1 0.01923078 1 0.05769217 1 0.05769217 1 0.05769217 1 0.01923078 1 0.01923078 1 0.05769217 1 0.05769217 1 0.05769217 1 0.05769217 1 0.05769217 1 0.05769217 1 0.09615385 1 0.1346154 1 0.1346154 1 0.1346154 1 0.09615385 1 0.09615385 1 0.1346154 1 0.1730769 1 0.1730769 1 0.1730769 1 0.1346154 1 0.1346154 1 0.1730769 1 0.2115384 1 0.2115384 1 0.2115384 1 0.1730769 1 0.1730769 1 0.2115384 1 0.2500001 1 0.2500001 1 0.2500001 1 0.2115384 1 0.2115384 1 0.2500001 1 0.2884616 1 0.2884616 1 0.2884616 1 0.2500001 1 0.2500001 1 0.2884616 1 0.3269231 1 0.3269232 1 0.3269232 1 0.2884616 1 0.2884616 1 0.3269231 1 0.3653847 1 0.3653847 1 0.3653847 1 0.3269232 1 0.3269231 1 0.3653847 1 0.4038463 1 0.4038463 1 0.4038463 1 0.3653847 1 0.3653847 1 0.4423078 1 0.4423078 1 0.4423078 1 0.4423078 1 0.4423078 1 0.4423078 1 0.4423078 1 0.4807694 1 0.4807694 1 0.4807694 1 0.4423078 1 0.4423078 1 0.4807694 1 0.519231 1 0.519231 1 0.519231 1 0.4807694 1 0.4807694 1 0.519231 1 0.5576925 1 0.5576925 1 0.5576925 1 0.519231 1 0.519231 1 0.5576925 1 0.596154 1 0.596154 1 0.596154 1 0.5576925 1 0.5576925 1 0.596154 1 0.6346156 1 0.6346156 1 0.6346156 1 0.596154 1 0.596154 1 0.6346156 1 0.6730771 1 0.6730771 1 0.6730771 1 0.6346156 1 0.6346156 1 0.6730771 1 0.7115387 1 0.7115387 1 0.7115387 1 0.6730771 1 0.6730771 1 0.7115387 1 0.75 1 0.75 1 0.75 1 0.7115387 1 0.7115387 1 0.75 1 0.7884616 1 0.7884616 1 0.7884616 1 0.75 1 0.75 1 0.7884616 1 0.8269231 1 0.8269231 1 0.8269231 1 0.7884616 1 0.7884616 1 0.8269231 1 0.8653846 1 0.8653846 1 0.8653846 1 0.8269231 1 0.8269231 1 0.8653846 1 0.9038462 1 0.9038462 1 0.9038462 1 0.8653846 1 0.8653846 1 0.9038462 1 0.9423077 1 0.9423077 1 0.9423077 1 0.9038462 1 0.9038462 1 0.9423077 1 0.9807692 1 0.9807692 1 0.9807692 1 0.9423077 1 0.9423077 1 -0.01923078 1 0.01923078 1 0.01923078 1 0.01923078 1 -0.01923078 1 -0.01923078 1 0.01923078 1 0.05769217 1 0.05769217 1 0.05769217 1 0.01923078 1 0.01923078 1 0.05769217 1 0.09615385 1 0.09615385 1 0.09615385 1 0.05769217 1 0.05769217 1 0.09615385 1 0.1346154 1 0.1346154 1 0.1346154 1 0.09615385 1 0.09615385 1 0.1346154 1 0.1730769 1 0.1730769 1 0.1730769 1 0.1346154 1 0.1346154 1 0.1730769 1 0.2115384 1 0.2115384 1 0.2115384 1 0.1730769 1 0.1730769 1 0.2115384 1 0.2500001 1 0.2500001 1 0.2500001 1 0.2115384 1 0.2115384 1 0.2500001 1 0.2884616 1 0.2884616 1 0.2884616 1 0.2500001 1 0.2500001 1 0.2884616 1 0.3269232 1 0.3269232 1 0.3269232 1 0.2884616 1 0.2884616 1 0.3269232 1 0.3653847 1 0.3653847 1 0.3653847 1 0.3269232 1 0.3269232 1 0.3653847 1 0.4038463 1 0.4038463 1 0.4038463 1 0.3653847 1 0.3653847 1 0.4038463 1 0.4423078 1 0.4423078 1 0.4423078 1 0.4038463 1 0.4038463 1 0.4423078 1 0.4807694 1 0.4807694 1 0.4807694 1 0.4423078 1 0.4423078 1 0.4807694 1 0.519231 1 0.519231 1 0.519231 1 0.4807694 1 0.4807694 1 0.519231 1 0.5576925 1 0.5576925 1 0.5576925 1 0.519231 1 0.519231 1 0.5576925 1 0.596154 1 0.596154 1 0.596154 1 0.5576925 1 0.5576925 1 0.596154 1 0.6346156 1 0.6346156 1 0.6346156 1 0.596154 1 0.596154 1 0.6346156 1 0.6730771 1 0.6730772 1 0.6730772 1 0.6346156 1 0.6346156 1 0.6730771 1 0.7115387 1 0.7115387 1 0.7115387 1 0.6730772 1 0.6730771 1 0.7115387 1 0.75 1 0.75 1 0.75 1 0.7115387 1 0.7115387 1 0.05769217 0 0.09615385 0 0.09615385 0 0.1346154 0 0.1346154 0 0.1345046 0 0.1346154 0 0.1345046 0 0.1341722 0 0.1346154 0 0.1341722 0 0.1336182 0 0.1346154 0 0.1336182 0 0.1328427 0 0.1346154 0 0.1328427 0 0.1318455 0 0.1346154 0 0.1318455 0 0.1306267 0 0.1346154 0 0.1306267 0 0.1291865 0 0.1346154 0 0.1291865 0 0.1275246 0 0.1346154 0 0.1275246 0 0.1256411 0 0.1346154 0 0.1256411 0 0.123536 0 0.1346154 0 0.123536 0 0.1212093 0 0.1346154 0 0.1212093 0 0.1186611 0 0.09615385 0 0.1346154 0 0.1186611 0 0.09615385 0 0.1186611 0 0.09615385 0 0.1346154 0 0.1346154 1 0.1346154 1 0.1346154 1 0.1346154 0 0.1346154 0 0.1346154 1 0.09615385 1 0.09615385 1 0.09615385 1 0.1186611 1 0.1212093 1 0.09615385 1 0.1212093 1 0.123536 1 0.09615385 1 0.123536 1 0.1256411 1 0.09615385 1 0.1256411 1 0.1275246 1 0.09615385 1 0.1275246 1 0.1291865 1 0.09615385 1 0.1291865 1 0.1306267 1 0.09615385 1 0.1306267 1 0.1318455 1 0.09615385 1 0.1318455 1 0.1328427 1 0.09615385 1 0.1328427 1 0.1336182 1 0.09615385 1 0.1336182 1 0.1341722 1 0.09615385 1 0.1341722 1 0.1345046 1 0.09615385 1 0.1345046 1 0.1346154 1 0.1346154 1 0.09615385 1 0.1346154 1 0.8653846 1 0.8653846 1 0.8654954 1 0.8653846 1 0.8654954 1 0.8658277 1 0.8653846 1 0.8658277 1 0.8663817 1 0.8653846 1 0.8663817 1 0.8671573 1 0.8653846 1 0.8671573 1 0.8681544 1 0.8653846 1 0.8681544 1 0.8693732 1 0.8653846 1 0.8693732 1 0.8708135 1 0.8653846 1 0.8708135 1 0.8724754 1 0.8653846 1 0.8724754 1 0.8743589 1 0.8653846 1 0.8743589 1 0.876464 1 0.8653846 1 0.876464 1 0.8787906 1 0.8653846 1 0.8787906 1 0.8813389 1 0.9038462 1 0.8653846 1 0.8813389 1 0.8653846 1 0.8653846 0 0.8653846 0 0.8653846 0 0.8653846 1 0.8653846 1 0.3653847 0 0.4038463 0 0.4038463 0 0.4038463 0 0.381339 0 0.3787907 0 0.4038463 0 0.3787907 0 0.3764641 0 0.4038463 0 0.3764641 0 0.374359 0 0.4038463 0 0.374359 0 0.3724755 0 0.4038463 0 0.3724755 0 0.3708136 0 0.4038463 0 0.3708136 0 0.3693733 0 0.4038463 0 0.3693733 0 0.3681545 0 0.4038463 0 0.3681545 0 0.3671574 0 0.4038463 0 0.3671574 0 0.3663819 0 0.4038463 0 0.3663819 0 0.3658279 0 0.4038463 0 0.3658279 0 0.3654955 0 0.4038463 0 0.3654955 0 0.3653847 0 0.3653847 0 0.4038463 0 0.3653847 0 0.5576925 0 0.596154 0 0.596154 0 0.6346156 0 0.6346156 0 0.6345048 0 0.6346156 0 0.6345048 0 0.6341724 0 0.6346156 0 0.6341724 0 0.6336185 0 0.6346156 0 0.6336185 0 0.6328429 0 0.6346156 0 0.6328429 0 0.6318458 0 0.6346156 0 0.6318458 0 0.630627 0 0.6346156 0 0.630627 0 0.6291867 0 0.6346156 0 0.6291867 0 0.6275248 0 0.6346156 0 0.6275248 0 0.6256413 0 0.6346156 0 0.6256413 0 0.6235362 0 0.6346156 0 0.6235362 0 0.6212096 0 0.6346156 0 0.6212096 0 0.6186613 0 0.596154 0 0.6346156 0 0.6186613 0 0.596154 0 0.6186613 0 0.596154 0 0.6346156 0 0.6346156 1 0.6346156 1 0.6346156 1 0.6346156 0 0.6346156 0 0.3653847 1 0.3653847 1 0.3654955 1 0.3653847 1 0.3654955 1 0.3658279 1 0.3653847 1 0.3658279 1 0.3663819 1 0.3653847 1 0.3663819 1 0.3671574 1 0.3653847 1 0.3671574 1 0.3681545 1 0.3653847 1 0.3681545 1 0.3693733 1 0.3653847 1 0.3693733 1 0.3708136 1 0.3653847 1 0.3708136 1 0.3724755 1 0.3653847 1 0.3724755 1 0.374359 1 0.3653847 1 0.374359 1 0.3764641 1 0.3653847 1 0.3764641 1 0.3787907 1 0.3653847 1 0.3787907 1 0.381339 1 0.4038463 1 0.3653847 1 0.381339 1 0.3653847 1 0.3653847 0 0.3653847 0 0.3653847 0 0.3653847 1 0.3653847 1 0.75 1 0.7884616 1 0.7884616 1 0.7884616 1 0.75 1 0.75 1 0.7884616 1 0.8269231 1 0.8269231 1 0.8269231 1 0.7884616 1 0.7884616 1 0.8269231 1 0.8653846 1 0.8653846 1 0.8653846 1 0.8269231 1 0.8269231 1 0.8653846 1 0.9038462 1 0.9038462 1 0.9038462 1 0.8653846 1 0.8653846 1 0.9038462 1 0.9423077 1 0.9423077 1 0.9423077 1 0.9038462 1 0.9038462 1 0.9423077 1 0.9807692 1 0.9807692 1 0.9807692 1 0.9423077 1 0.9423077 1 -0.01923078 1 0.01923078 1 0.01923078 1 0.01923078 1 -0.01923078 1 -0.01923078 1 0.01923078 1 0.05769217 1 0.05769217 1 0.05769217 1 0.01923078 1 0.01923078 1 0.05769217 1 0.09615385 1 0.09615385 1 0.09615385 1 0.05769217 1 0.05769217 1 0.09615385 1 0.09615385 1 0.09615385 1 0.09615385 1 0.09615385 1 0.09615385 1 0.09615385 1 0.05769217 1 0.05769217 1 0.05769217 1 0.09615385 1 0.09615385 1 0.05769217 1 0.01923078 1 0.01923078 1 0.01923078 1 0.05769217 1 0.05769217 1 0.01923078 1 -0.01923078 1 -0.01923078 1 -0.01923078 1 0.01923078 1 0.01923078 1 0.9807692 1 0.9423077 1 0.9423077 1 0.9423077 1 0.9807692 1 0.9807692 1 0.9423077 1 0.9038462 1 0.9038462 1 0.9038462 1 0.9423077 1 0.9423077 1 0.9038462 1 0.8653846 1 0.8653846 1 0.8653846 1 0.9038462 1 0.9038462 1 0.8653846 1 0.8269231 1 0.8269231 1 0.8269231 1 0.8653846 1 0.8653846 1 0.8269231 1 0.7884616 1 0.7884616 1 0.7884616 1 0.8269231 1 0.8269231 1 0.7884616 1 0.75 1 0.75 1 0.75 1 0.7884616 1 0.7884616 1 0.75 1 0.7115387 1 0.7115387 1 0.7115387 1 0.75 1 0.75 1 0.7115387 1 0.6730771 1 0.6730771 1 0.6730771 1 0.7115387 1 0.7115387 1 0.6730771 1 0.6346156 1 0.6346156 1 0.6346156 1 0.6730771 1 0.6730771 1 0.6346156 1 0.596154 1 0.596154 1 0.596154 1 0.6346156 1 0.6346156 1 0.596154 1 0.5576925 1 0.5576925 1 0.5576925 1 0.596154 1 0.596154 1 0.5576925 1 0.519231 1 0.519231 1 0.519231 1 0.5576925 1 0.5576925 1 0.519231 1 0.4807694 1 0.4807694 1 0.4807694 1 0.519231 1 0.519231 1 0.4807694 1 0.4423078 1 0.4423078 1 0.4423078 1 0.4807694 1 0.4807694 1 0.4423078 1 0.4038463 1 0.4038463 1 0.4038463 1 0.4423078 1 0.4423078 1 0.4038463 1 0.4038463 1 0.4038463 1 0.4038463 1 0.4038463 1 0.4038463 1 0.4038463 1 0.4423078 1 0.4423078 1 0.4423078 1 0.4038463 1 0.4038463 1 0.4423078 1 0.4807694 1 0.4807694 1 0.4807694 1 0.4423078 1 0.4423078 1 0.4807694 1 0.519231 1 0.519231 1 0.519231 1 0.4807694 1 0.4807694 1 0.519231 1 0.5576925 1 0.5576925 1 0.5576925 1 0.519231 1 0.519231 1 0.5576925 1 0.596154 1 0.596154 1 0.596154 1 0.5576925 1 0.5576925 1 0.596154 1 0.6346156 1 0.6346156 1 0.6346156 1 0.596154 1 0.596154 1 0.6346156 1 0.6730771 1 0.6730771 1 0.6730771 1 0.6346156 1 0.6346156 1 0.6730771 1 0.7115387 1 0.7115387 1 0.7115387 1 0.6730771 1 0.6730771 1 0.7115387 1 0.75 1 0.75 1 0.75 1 0.7115387 1 0.7115387 1 0.75 1 0.7884616 1 0.7884616 1 0.7884616 1 0.75 1 0.75 1 0.7884616 1 0.8269231 1 0.8269231 1 0.8269231 1 0.7884616 1 0.7884616 1 0.8269231 1 0.8653846 1 0.8653846 1 0.8653846 1 0.8269231 1 0.8269231 1 0.8653846 1 0.9038462 1 0.9038462 1 0.9038462 1 0.8653846 1 0.8653846 1 0.9038462 1 0.9423077 1 0.9423077 1 0.9423077 1 0.9038462 1 0.9038462 1 0.9423077 1 0.9807692 1 0.9807692 1 0.9807692 1 0.9423077 1 0.9423077 1 -0.01923078 1 0.01923078 1 0.01923078 1 0.01923078 1 -0.01923078 1 -0.01923078 1 0.01923078 1 0.05769217 1 0.05769217 1 0.05769217 1 0.01923078 1 0.01923078 1 0.05769217 1 0.09615385 1 0.09615385 1 0.09615385 1 0.05769217 1 0.05769217 1 0.09615385 1 0.09615385 1 0.09615385 1 0.09615385 1 0.09615385 1 0.09615385 1 0.09615385 1 0.05769217 1 0.05769217 1 0.05769217 1 0.09615385 1 0.09615385 1 0.05769217 1 0.01923078 1 0.01923078 1 0.01923078 1 0.05769217 1 0.05769217 1 0.01923078 1 -0.01923078 1 -0.01923078 1 -0.01923078 1 0.01923078 1 0.01923078 1 0.9807692 1 0.9423077 1 0.9423077 1 0.9423077 1 0.9807692 1 0.9807692 1 0.9423077 1 0.9038462 1 0.9038462 1 0.9038462 1 0.9423077 1 0.9423077 1 0.9038462 1 0.8653846 1 0.8653846 1 0.8653846 1 0.9038462 1 0.9038462 1 0.8653846 1 0.8269231 1 0.8269231 1 0.8269231 1 0.8653846 1 0.8653846 1 0.8269231 1 0.7884616 1 0.7884616 1 0.7884616 1 0.8269231 1 0.8269231 1 0.7884616 1 0.75 1 0.75 1 0.75 1 0.7884616 1 0.7884616 1 0.75 1 0.7115387 1 0.7115387 1 0.7115387 1 0.75 1 0.75 1 0.7115387 1 0.6730771 1 0.6730771 1 0.6730771 1 0.7115387 1 0.7115387 1 0.6730771 1 0.6346156 1 0.6346156 1 0.6346156 1 0.6730771 1 0.6730771 1 0.6346156 1 0.596154 1 0.596154 1 0.596154 1 0.6346156 1 0.6346156 1 0.596154 1 0.5576925 1 0.5576925 1 0.5576925 1 0.596154 1 0.596154 1 0.5576925 1 0.519231 1 0.519231 1 0.519231 1 0.5576925 1 0.5576925 1 0.519231 1 0.4807694 1 0.4807694 1 0.4807694 1 0.519231 1 0.519231 1 0.4807694 1 0.4423078 1 0.4423078 1 0.4423078 1 0.4807694 1 0.4807694 1 0.4423078 1 0.4038463 1 0.4038463 1 0.4038463 1 0.4423078 1 0.4423078 1 0.4038463 1 0.4038463 1 0.4038463 1 0.4038463 1 0.4038463 1 0.4038463 1 0.4038463 1 0.4423078 1 0.4423078 1 0.4423078 1 0.4038463 1 0.4038463 1 0.4423078 1 0.4807694 1 0.4807694 1 0.4807694 1 0.4423078 1 0.4423078 1 0.4807694 1 0.519231 1 0.519231 1 0.519231 1 0.4807694 1 0.4807694 1 0.519231 1 0.5576925 1 0.5576925 1 0.5576925 1 0.519231 1 0.519231 1 0.5576925 1 0.596154 1 0.596154 1 0.596154 1 0.5576925 1 0.5576925 1 0.596154 1 0.6346156 1 0.6346156 1 0.6346156 1 0.596154 1 0.596154 1 0.6346156 1 0.6730771 1 0.6730771 1 0.6730771 1 0.6346156 1 0.6346156 1 0.6730771 1 0.7115387 1 0.7115387 1 0.7115387 1 0.6730771 1 0.6730771 1 0.7115387 1 0.75 1 0.75 1 0.75 1 0.7115387 1 0.7115387 1 0.75 1 0.7884616 1 0.7884616 1 0.7884616 1 0.75 1 0.75 1 0.7884616 1 0.8269231 1 0.8269231 1 0.8269231 1 0.7884616 1 0.7884616 1 0.8269231 1 0.8653846 1 0.8653846 1 0.8653846 1 0.8269231 1 0.8269231 1 0.8653846 1 0.9038462 1 0.9038462 1 0.9038462 1 0.8653846 1 0.8653846 1 0.9038462 1 0.9423077 1 0.9423077 1 0.9423077 1 0.9038462 1 0.9038462 1 0.9423077 1 0.9807692 1 0.9807692 1 0.9807692 1 0.9423077 1 0.9423077 1 -0.01923078 1 0.01923078 1 0.01923078 1 0.01923078 1 -0.01923078 1 -0.01923078 1 0.01923078 1 0.05769217 1 0.05769217 1 0.05769217 1 0.01923078 1 0.01923078 1 0.09615385 1 0.09615385 1 0.09608703 1 0.09615385 1 0.09608703 1 0.09588676 1 0.09615385 1 0.09588676 1 0.09555286 1 0.09615385 1 0.09555286 1 0.09508544 1 0.09615385 1 0.09508544 1 0.0944845 1 0.09615385 1 0.0944845 1 0.09375 1 0.09615385 1 0.09375 1 0.09288191 1 0.09615385 1 0.09288191 1 0.09188032 1 0.09615385 1 0.09188032 1 0.09074521 1 0.09615385 1 0.09074521 1 0.08947646 1 0.09615385 1 0.08947646 1 0.08807426 1 0.09615385 1 0.08807426 1 0.08653843 1 0.09615385 1 0.08653843 1 0.08486914 1 0.09615385 1 0.08486914 1 0.08306622 1 0.09615385 1 0.08306622 1 0.08112978 1 0.09615385 1 0.08112978 1 0.07905983 1 0.09615385 1 0.07905983 1 0.07685631 1 0.09615385 1 0.07685631 1 0.07451921 1 0.09615385 1 0.07451921 1 0.0720486 1 0.09615385 1 0.0720486 1 0.06944447 1 0.09615385 1 0.06944447 1 0.06670671 1 0.09615385 1 0.06670671 1 0.0638355 1 0.09615385 1 0.0638355 1 0.06083065 1 0.09615385 1 0.06083065 1 0.05769217 1 0.05769217 1 0.09615385 1 0.05769217 1 0.05769217 1 0.05769217 1 0.05769217 1 0.09615385 1 0.09615385 1 0.09615385 1 0.09615385 1 0.09615385 1 0.09615385 1 0.09615385 1 0.05769217 1 0.05769217 1 0.05769217 1 0.05769217 1 0.06083065 1 0.05769217 1 0.06083065 1 0.0638355 1 0.05769217 1 0.0638355 1 0.06670677 1 0.05769217 1 0.06670677 1 0.06944447 1 0.05769217 1 0.06944447 1 0.0720486 1 0.05769217 1 0.0720486 1 0.07451921 1 0.05769217 1 0.07451921 1 0.07685631 1 0.05769217 1 0.07685631 1 0.07905983 1 0.05769217 1 0.07905983 1 0.08112978 1 0.05769217 1 0.08112978 1 0.08306622 1 0.05769217 1 0.08306622 1 0.08486914 1 0.05769217 1 0.08486914 1 0.08653843 1 0.05769217 1 0.08653843 1 0.08807426 1 0.05769217 1 0.08807426 1 0.08947646 1 0.05769217 1 0.08947646 1 0.09074521 1 0.05769217 1 0.09074521 1 0.09188032 1 0.05769217 1 0.09188032 1 0.09288191 1 0.05769217 1 0.09288191 1 0.09375 1 0.05769217 1 0.09375 1 0.0944845 1 0.05769217 1 0.0944845 1 0.09508544 1 0.05769217 1 0.09508544 1 0.09555286 1 0.05769217 1 0.09555286 1 0.09588676 1 0.05769217 1 0.09588676 1 0.09608703 1 0.05769217 1 0.09608703 1 0.09615385 1 0.09615385 1 0.05769217 1 0.09615385 1 0.05769217 1 0.01923078 1 0.01923078 1 0.01923078 1 0.05769217 1 0.05769217 1 0.01923078 1 -0.01923078 1 -0.01923078 1 -0.01923078 1 0.01923078 1 0.01923078 1 0.9807692 1 0.9423077 1 0.9423077 1 0.9423077 1 0.9807692 1 0.9807692 1 0.9423077 1 0.9038462 1 0.9038462 1 0.9038462 1 0.9423077 1 0.9423077 1 0.9038462 1 0.8653846 1 0.8653846 1 0.8653846 1 0.9038462 1 0.9038462 1 0.8653846 1 0.8269231 1 0.8269231 1 0.8269231 1 0.8653846 1 0.8653846 1 0.8269231 1 0.7884616 1 0.7884616 1 0.7884616 1 0.8269231 1 0.8269231 1 0.7884616 1 0.75 1 0.75 1 0.75 1 0.7884616 1 0.7884616 1 0.75 1 0.7115387 1 0.7115387 1 0.7115387 1 0.75 1 0.75 1 0.7115387 1 0.6730771 1 0.6730771 1 0.6730771 1 0.7115387 1 0.7115387 1 0.6730771 1 0.6346156 1 0.6346156 1 0.6346156 1 0.6730771 1 0.6730771 1 0.6346156 1 0.596154 1 0.596154 1 0.596154 1 0.6346156 1 0.6346156 1 0.596154 1 0.5576925 1 0.5576925 1 0.5576925 1 0.596154 1 0.596154 1 0.5576925 1 0.519231 1 0.519231 1 0.519231 1 0.5576925 1 0.5576925 1 0.519231 1 0.4807694 1 0.4807694 1 0.4807694 1 0.519231 1 0.519231 1 0.4807694 1 0.4423078 1 0.4423078 1 0.4423078 1 0.4807694 1 0.4807694 1 0.4038463 1 0.4038463 1 0.403913 1 0.4038463 1 0.403913 1 0.4041134 1 0.4038463 1 0.4041134 1 0.4044472 1 0.4038463 1 0.4044472 1 0.4049146 1 0.4038463 1 0.4049146 1 0.4055156 1 0.4038463 1 0.4055156 1 0.4062501 1 0.4038463 1 0.4062501 1 0.4071182 1 0.4038463 1 0.4071182 1 0.4081197 1 0.4038463 1 0.4081197 1 0.4092549 1 0.4038463 1 0.4092549 1 0.4105236 1 0.4038463 1 0.4105236 1 0.4119259 1 0.4038463 1 0.4119259 1 0.4134616 1 0.4038463 1 0.4134616 1 0.415131 1 0.4038463 1 0.415131 1 0.4169339 1 0.4038463 1 0.4169339 1 0.4188703 1 0.4038463 1 0.4188703 1 0.4209403 1 0.4038463 1 0.4209403 1 0.4231438 1 0.4038463 1 0.4231438 1 0.4254809 1 0.4038463 1 0.4254809 1 0.4279515 1 0.4038463 1 0.4279515 1 0.4305557 1 0.4038463 1 0.4305557 1 0.4332934 1 0.4038463 1 0.4332934 1 0.4361647 1 0.4038463 1 0.4361647 1 0.4391695 1 0.4038463 1 0.4391695 1 0.4423078 1 0.4423078 1 0.4038463 1 0.4423078 1 0.4423078 1 0.4423078 1 0.4423078 1 0.4038463 1 0.4038463 1 0.4038463 1 0.4038463 1 0.4038463 1 0.4038463 1 0.4038463 1 0.4423078 1 0.4423078 1 0.4423078 1 0.4423078 1 0.4391695 1 0.4423078 1 0.4391695 1 0.4361647 1 0.4423078 1 0.4361647 1 0.4332934 1 0.4423078 1 0.4332934 1 0.4305557 1 0.4423078 1 0.4305557 1 0.4279515 1 0.4423078 1 0.4279515 1 0.4254809 1 0.4423078 1 0.4254809 1 0.4231438 1 0.4423078 1 0.4231438 1 0.4209403 1 0.4423078 1 0.4209403 1 0.4188703 1 0.4423078 1 0.4188703 1 0.4169339 1 0.4423078 1 0.4169339 1 0.415131 1 0.4423078 1 0.415131 1 0.4134617 1 0.4423078 1 0.4134617 1 0.4119259 1 0.4423078 1 0.4119259 1 0.4105237 1 0.4423078 1 0.4105237 1 0.4092549 1 0.4423078 1 0.4092549 1 0.4081198 1 0.4423078 1 0.4081198 1 0.4071182 1 0.4423078 1 0.4071182 1 0.4062501 1 0.4423078 1 0.4062501 1 0.4055156 1 0.4423078 1 0.4055156 1 0.4049147 1 0.4423078 1 0.4049147 1 0.4044473 1 0.4423078 1 0.4044473 1 0.4041134 1 0.4423078 1 0.4041134 1 0.4039131 1 0.4423078 1 0.4039131 1 0.4038463 1 0.4038463 1 0.4423078 1 0.4038463 1 0.4423078 1 0.4807694 1 0.4807694 1 0.4807694 1 0.4423078 1 0.4423078 1 0.4807694 1 0.519231 1 0.519231 1 0.519231 1 0.4807694 1 0.4807694 1 0.519231 1 0.5576925 1 0.5576925 1 0.5576925 1 0.519231 1 0.519231 1 0.5576925 1 0.596154 1 0.596154 1 0.596154 1 0.5576925 1 0.5576925 1 0.596154 1 0.6346156 1 0.6346156 1 0.6346156 1 0.596154 1 0.596154 1 0.6346156 1 0.6730771 1 0.6730771 1 0.6730771 1 0.6346156 1 0.6346156 1 0.6730771 1 0.7115387 1 0.7115387 1 0.7115387 1 0.6730771 1 0.6730771 1 0.7115387 1 0.75 1 0.75 1 0.75 1 0.7115387 1 0.7115387 1 0.06083065 1 0.05769217 1 0.05769217 1 0.05769217 1 0.06083065 1 0.06083065 1 0.4391695 1 0.4423078 1 0.4423078 1 0.4423078 1 0.4391695 1 0.4391695 1 0.0638355 1 0.06083065 1 0.06083065 1 0.06083065 1 0.0638355 1 0.0638355 1 0.06670677 1 0.0638355 1 0.0638355 1 0.0638355 1 0.06670671 1 0.06670677 1 0.06944447 1 0.06670677 1 0.06670671 1 0.06670671 1 0.06944447 1 0.06944447 1 0.0720486 1 0.06944447 1 0.06944447 1 0.06944447 1 0.0720486 1 0.0720486 1 0.07451921 1 0.0720486 1 0.0720486 1 0.0720486 1 0.07451921 1 0.07451921 1 0.07685631 1 0.07451921 1 0.07451921 1 0.07451921 1 0.07685631 1 0.07685631 1 0.07905983 1 0.07685631 1 0.07685631 1 0.07685631 1 0.07905983 1 0.07905983 1 0.08112978 1 0.07905983 1 0.07905983 1 0.07905983 1 0.08112978 1 0.08112978 1 0.08306622 1 0.08112978 1 0.08112978 1 0.08112978 1 0.08306622 1 0.08306622 1 0.08486914 1 0.08306622 1 0.08306622 1 0.08306622 1 0.08486914 1 0.08486914 1 0.08653843 1 0.08486914 1 0.08486914 1 0.08486914 1 0.08653843 1 0.08653843 1 0.08807426 1 0.08653843 1 0.08653843 1 0.08653843 1 0.08807426 1 0.08807426 1 0.08947646 1 0.08807426 1 0.08807426 1 0.08807426 1 0.08947646 1 0.08947646 1 0.09074521 1 0.08947646 1 0.08947646 1 0.08947646 1 0.09074521 1 0.09074521 1 0.09188032 1 0.09074521 1 0.09074521 1 0.09074521 1 0.09188032 1 0.09188032 1 0.09288191 1 0.09188032 1 0.09188032 1 0.09188032 1 0.09288191 1 0.09288191 1 0.09375 1 0.09288191 1 0.09288191 1 0.09288191 1 0.09375 1 0.09375 1 0.0944845 1 0.09375 1 0.09375 1 0.09375 1 0.0944845 1 0.0944845 1 0.09508544 1 0.0944845 1 0.0944845 1 0.0944845 1 0.09508544 1 0.09508544 1 0.09555286 1 0.09508544 1 0.09508544 1 0.09508544 1 0.09555286 1 0.09555286 1 0.09588676 1 0.09555286 1 0.09555286 1 0.09555286 1 0.09588676 1 0.09588676 1 0.09608703 1 0.09588676 1 0.09588676 1 0.09588676 1 0.09608703 1 0.09608703 1 0.09615385 1 0.09608703 1 0.09608703 1 0.09608703 1 0.09615385 1 0.09615385 1 0.4361647 1 0.4391695 1 0.4391695 1 0.4391695 1 0.4361647 1 0.4361647 1 0.4332934 1 0.4361647 1 0.4361647 1 0.4361647 1 0.4332934 1 0.4332934 1 0.4305557 1 0.4332934 1 0.4332934 1 0.4332934 1 0.4305557 1 0.4305557 1 0.4279515 1 0.4305557 1 0.4305557 1 0.4305557 1 0.4279515 1 0.4279515 1 0.4254809 1 0.4279515 1 0.4279515 1 0.4279515 1 0.4254809 1 0.4254809 1 0.4231438 1 0.4254809 1 0.4254809 1 0.4254809 1 0.4231438 1 0.4231438 1 0.4209403 1 0.4231438 1 0.4231438 1 0.4231438 1 0.4209403 1 0.4209403 1 0.4188703 1 0.4209403 1 0.4209403 1 0.4209403 1 0.4188703 1 0.4188703 1 0.4169339 1 0.4188703 1 0.4188703 1 0.4188703 1 0.4169339 1 0.4169339 1 0.415131 1 0.4169339 1 0.4169339 1 0.4169339 1 0.415131 1 0.415131 1 0.4134617 1 0.415131 1 0.415131 1 0.415131 1 0.4134616 1 0.4134617 1 0.4119259 1 0.4134617 1 0.4134616 1 0.4134616 1 0.4119259 1 0.4119259 1 0.4105237 1 0.4119259 1 0.4119259 1 0.4119259 1 0.4105236 1 0.4105237 1 0.4092549 1 0.4105237 1 0.4105236 1 0.4105236 1 0.4092549 1 0.4092549 1 0.4081198 1 0.4092549 1 0.4092549 1 0.4092549 1 0.4081197 1 0.4081198 1 0.4071182 1 0.4081198 1 0.4081197 1 0.4081197 1 0.4071182 1 0.4071182 1 0.4062501 1 0.4071182 1 0.4071182 1 0.4071182 1 0.4062501 1 0.4062501 1 0.4055156 1 0.4062501 1 0.4062501 1 0.4062501 1 0.4055156 1 0.4055156 1 0.4049147 1 0.4055156 1 0.4055156 1 0.4055156 1 0.4049146 1 0.4049147 1 0.4044473 1 0.4049147 1 0.4049146 1 0.4049146 1 0.4044472 1 0.4044473 1 0.4041134 1 0.4044473 1 0.4044472 1 0.4044472 1 0.4041134 1 0.4041134 1 0.4039131 1 0.4041134 1 0.4041134 1 0.4041134 1 0.403913 1 0.4039131 1 0.4038463 1 0.4039131 1 0.403913 1 0.403913 1 0.4038463 1 0.4038463 1 0.75 1 0.7884616 1 0.7884616 1 0.7884616 1 0.75 1 0.75 1 0.7884616 1 0.8269231 1 0.8269231 1 0.8269231 1 0.7884616 1 0.7884616 1 0.8269231 1 0.8653846 1 0.8653846 1 0.8653846 1 0.8269231 1 0.8269231 1 0.8653846 1 0.9038462 1 0.9038462 1 0.9038462 1 0.8653846 1 0.8653846 1 0.9038462 1 0.9423077 1 0.9423077 1 0.9423077 1 0.9038462 1 0.9038462 1 0.9423077 1 0.9807692 1 0.9807692 1 0.9807692 1 0.9423077 1 0.9423077 1 -0.01923078 1 0.01923078 1 0.01923078 1 0.01923078 1 -0.01923078 1 -0.01923078 1 0.01923078 1 0.05769217 1 0.05769217 1 0.05769217 1 0.01923078 1 0.01923078 1 0.05769217 1 0.09615385 1 0.09615385 1 0.09615385 1 0.05769217 1 0.05769217 1 0.09615385 1 0.1346154 1 0.1346154 1 0.1346154 1 0.09615385 1 0.09615385 1 0.1346154 1 0.1730769 1 0.1730769 1 0.1730769 1 0.1346154 1 0.1346154 1 0.1730769 1 0.2115384 1 0.2115384 1 0.2115384 1 0.1730769 1 0.1730769 1 0.2115384 1 0.2500001 1 0.2500001 1 0.2500001 1 0.2115384 1 0.2115384 1 0.2500001 1 0.2884616 1 0.2884616 1 0.2884616 1 0.2500001 1 0.2500001 1 0.2884616 1 0.3269232 1 0.3269232 1 0.3269232 1 0.2884616 1 0.2884616 1 0.3269232 1 0.3653847 1 0.3653847 1 0.3653847 1 0.3269232 1 0.3269232 1 0.3653847 1 0.4038463 1 0.4038463 1 0.4038463 1 0.3653847 1 0.3653847 1 0.4038463 1 0.4423078 1 0.4423078 1 0.4423078 1 0.4038463 1 0.4038463 1 0.4423078 1 0.4807694 1 0.4807694 1 0.4807694 1 0.4423078 1 0.4423078 1 0.4807694 1 0.519231 1 0.519231 1 0.519231 1 0.4807694 1 0.4807694 1 0.519231 1 0.5576925 1 0.5576925 1 0.5576925 1 0.519231 1 0.519231 1 0.5576925 1 0.596154 1 0.596154 1 0.596154 1 0.5576925 1 0.5576925 1 0.596154 1 0.6346156 1 0.6346156 1 0.6346156 1 0.596154 1 0.596154 1 0.6346156 1 0.6730771 1 0.6730771 1 0.6730771 1 0.6346156 1 0.6346156 1 0.6730771 1 0.7115387 1 0.7115387 1 0.7115387 1 0.6730771 1 0.6730771 1 0.7115387 1 0.75 1 0.75 1 0.75 1 0.7115387 1 0.7115387 1 0.7884616 1 0.75 1 0.75 1 0.75 1 0.7884616 1 0.7884616 1 0.75 1 0.7115387 1 0.7115387 1 0.7115387 1 0.75 1 0.75 1 0.7115387 1 0.6730772 1 0.6730772 1 0.6730772 1 0.7115387 1 0.7115387 1 0.6730772 1 0.6346156 1 0.6346156 1 0.6346156 1 0.6730772 1 0.6730772 1 0.6346156 1 0.596154 1 0.596154 1 0.596154 1 0.6346156 1 0.6346156 1 0.596154 1 0.5576925 1 0.5576925 1 0.5576925 1 0.596154 1 0.596154 1 0.5576925 1 0.519231 1 0.519231 1 0.519231 1 0.5576925 1 0.5576925 1 0.519231 1 0.4807694 1 0.4807694 1 0.4807694 1 0.519231 1 0.519231 1 0.4807694 1 0.4423078 1 0.4423078 1 0.4423078 1 0.4807694 1 0.4807694 1 0.4423078 1 0.4038463 1 0.4038463 1 0.4038463 1 0.4423078 1 0.4423078 1 0.4038463 1 0.3653847 1 0.3653847 1 0.3653847 1 0.4038463 1 0.4038463 1 0.3653847 1 0.3269232 1 0.3269232 1 0.3269232 1 0.3653847 1 0.3653847 1 0.3269232 1 0.2884616 1 0.2884616 1 0.2884616 1 0.3269232 1 0.3269232 1 0.2884616 1 0.2500001 1 0.2500001 1 0.2500001 1 0.2884616 1 0.2884616 1 0.2500001 1 0.2115384 1 0.2115384 1 0.2115384 1 0.2500001 1 0.2500001 1 0.2115384 1 0.1730769 1 0.1730769 1 0.1730769 1 0.2115384 1 0.2115384 1 0.1730769 1 0.1346154 1 0.1346154 1 0.1346154 1 0.1730769 1 0.1730769 1 0.1346154 1 0.09615385 1 0.09615385 1 0.09615385 1 0.1346154 1 0.1346154 1 0.09615385 1 0.05769217 1 0.05769217 1 0.05769217 1 0.09615385 1 0.09615385 1 0.05769217 1 0.01923078 1 0.01923078 1 0.01923078 1 0.05769217 1 0.05769217 1 0.01923078 1 -0.01923078 1 -0.01923078 1 -0.01923078 1 0.01923078 1 0.01923078 1 0.9807692 1 0.9423077 1 0.9423077 1 0.9423077 1 0.9807692 1 0.9807692 1 0.9423077 1 0.9038462 1 0.9038462 1 0.9038462 1 0.9423077 1 0.9423077 1 0.9038462 1 0.8653846 1 0.8653846 1 0.8653846 1 0.9038462 1 0.9038462 1 0.8653846 1 0.8269231 1 0.8269231 1 0.8269231 1 0.8653846 1 0.8653846 1 0.8269231 1 0.7884616 1 0.7884616 1 0.7884616 1 0.8269231 1 0.8269231 1 0.75 1 0.7884616 1 0.7884616 1 0.7884616 1 0.75 1 0.75 1 0.7884616 1 0.8269231 1 0.8269231 1 0.8269231 1 0.7884616 1 0.7884616 1 0.8269231 1 0.8653846 1 0.8653846 1 0.8653846 1 0.8269231 1 0.8269231 1 0.8653846 1 0.9038462 1 0.9038462 1 0.9038462 1 0.8653846 1 0.8653846 1 0.9038462 1 0.9423077 1 0.9423077 1 0.9423077 1 0.9038462 1 0.9038462 1 0.9423077 1 0.9807692 1 0.9807692 1 0.9807692 1 0.9423077 1 0.9423077 1 -0.01923078 1 0.01923078 1 0.01923078 1 0.01923078 1 -0.01923078 1 -0.01923078 1 0.01923078 1 0.05769217 1 0.05769217 1 0.05769217 1 0.01923078 1 0.01923078 1 0.05769217 1 0.09615385 1 0.09615385 1 0.09615385 1 0.05769217 1 0.05769217 1 0.09615385 1 0.1346154 1 0.1346154 1 0.1346154 1 0.09615385 1 0.09615385 1 0.1346154 1 0.1730769 1 0.1730769 1 0.1730769 1 0.1346154 1 0.1346154 1 0.1730769 1 0.2115384 1 0.2115384 1 0.2115384 1 0.1730769 1 0.1730769 1 0.2115384 1 0.2500001 1 0.2500001 1 0.2500001 1 0.2115384 1 0.2115384 1 0.2500001 1 0.2884616 1 0.2884616 1 0.2884616 1 0.2500001 1 0.2500001 1 0.2884616 1 0.3269232 1 0.3269232 1 0.3269232 1 0.2884616 1 0.2884616 1 0.3269232 1 0.3653847 1 0.3653847 1 0.3653847 1 0.3269232 1 0.3269232 1 0.3653847 1 0.4038463 1 0.4038463 1 0.4038463 1 0.3653847 1 0.3653847 1 0.4038463 1 0.4423078 1 0.4423078 1 0.4423078 1 0.4038463 1 0.4038463 1 0.4423078 1 0.4807694 1 0.4807694 1 0.4807694 1 0.4423078 1 0.4423078 1 0.4807694 1 0.519231 1 0.519231 1 0.519231 1 0.4807694 1 0.4807694 1 0.519231 1 0.5576925 1 0.5576925 1 0.5576925 1 0.519231 1 0.519231 1 0.5576925 1 0.596154 1 0.596154 1 0.596154 1 0.5576925 1 0.5576925 1 0.596154 1 0.6346156 1 0.6346156 1 0.6346156 1 0.596154 1 0.596154 1 0.6346156 1 0.6730771 1 0.6730771 1 0.6730771 1 0.6346156 1 0.6346156 1 0.6730771 1 0.7115387 1 0.7115387 1 0.7115387 1 0.6730771 1 0.6730771 1 0.7115387 1 0.75 1 0.75 1 0.75 1 0.7115387 1 0.7115387 1 0.75 1 0.7884616 1 0.7884616 1 0.7884616 1 0.75 1 0.75 1 0.7884616 1 0.8269231 1 0.8269231 1 0.8269231 1 0.7884616 1 0.7884616 1 0.8269231 1 0.8653846 1 0.8653846 1 0.8653846 1 0.8269231 1 0.8269231 1 0.8653846 1 0.9038462 1 0.9038462 1 0.9038462 1 0.8653846 1 0.8653846 1 0.9038462 1 0.9423077 1 0.9423077 1 0.9423077 1 0.9038462 1 0.9038462 1 0.9423077 1 0.9807692 1 0.9807692 1 0.9807692 1 0.9423077 1 0.9423077 1 -0.01923078 1 0.01923078 1 0.01923078 1 0.01923078 1 -0.01923078 1 -0.01923078 1 0.01923078 1 0.05769217 1 0.05769217 1 0.05769217 1 0.01923078 1 0.01923078 1 0.05769217 1 0.09615385 1 0.09615385 1 0.09615385 1 0.05769217 1 0.05769217 1 0.09615385 1 0.1346154 1 0.1346154 1 0.1346154 1 0.09615385 1 0.09615385 1 0.1346154 1 0.1730769 1 0.1730769 1 0.1730769 1 0.1346154 1 0.1346154 1 0.1730769 1 0.2115384 1 0.2115384 1 0.2115384 1 0.1730769 1 0.1730769 1 0.2115384 1 0.2500001 1 0.2500001 1 0.2500001 1 0.2115384 1 0.2115384 1 0.2500001 1 0.2884616 1 0.2884616 1 0.2884616 1 0.2500001 1 0.2500001 1 0.2884616 1 0.3269232 1 0.3269232 1 0.3269232 1 0.2884616 1 0.2884616 1 0.3269232 1 0.3653847 1 0.3653847 1 0.3653847 1 0.3269232 1 0.3269232 1 0.3653847 1 0.4038463 1 0.4038463 1 0.4038463 1 0.3653847 1 0.3653847 1 0.4038463 1 0.4423078 1 0.4423078 1 0.4423078 1 0.4038463 1 0.4038463 1 0.4423078 1 0.4807694 1 0.4807694 1 0.4807694 1 0.4423078 1 0.4423078 1 0.4807694 1 0.519231 1 0.519231 1 0.519231 1 0.4807694 1 0.4807694 1 0.519231 1 0.5576925 1 0.5576925 1 0.5576925 1 0.519231 1 0.519231 1 0.5576925 1 0.596154 1 0.596154 1 0.596154 1 0.5576925 1 0.5576925 1 0.596154 1 0.6346156 1 0.6346156 1 0.6346156 1 0.596154 1 0.596154 1 0.6346156 1 0.6730772 1 0.6730772 1 0.6730772 1 0.6346156 1 0.6346156 1 0.6730772 1 0.7115387 1 0.7115387 1 0.7115387 1 0.6730772 1 0.6730772 1 0.7115387 1 0.75 1 0.75 1 0.75 1 0.7115387 1 0.7115387 1 0.1212093 1 0.1186611 1 0.1186611 0 0.1186611 0 0.1212093 0 0.1212093 1 0.8787906 0 0.8813389 0 0.8813389 1 0.8813389 1 0.8787906 1 0.8787906 0 0.6212096 1 0.6186613 1 0.6186613 0 0.6186613 0 0.6212096 0 0.6212096 1 0.3787907 0 0.381339 0 0.381339 1 0.381339 1 0.3787907 1 0.3787907 0 0.123536 1 0.1212093 1 0.1212093 0 0.1212093 0 0.123536 0 0.123536 1 0.1256411 1 0.123536 1 0.123536 0 0.123536 0 0.1256411 0 0.1256411 1 0.1275246 1 0.1256411 1 0.1256411 0 0.1256411 0 0.1275246 0 0.1275246 1 0.1291865 1 0.1275246 1 0.1275246 0 0.1275246 0 0.1291865 0 0.1291865 1 0.1306267 1 0.1291865 1 0.1291865 0 0.1291865 0 0.1306267 0 0.1306267 1 0.1318455 1 0.1306267 1 0.1306267 0 0.1306267 0 0.1318455 0 0.1318455 1 0.1328427 1 0.1318455 1 0.1318455 0 0.1318455 0 0.1328427 0 0.1328427 1 0.1336182 1 0.1328427 1 0.1328427 0 0.1328427 0 0.1336182 0 0.1336182 1 0.1341722 1 0.1336182 1 0.1336182 0 0.1336182 0 0.1341722 0 0.1341722 1 0.1345046 1 0.1341722 1 0.1341722 0 0.1341722 0 0.1345046 0 0.1345046 1 0.1346154 1 0.1345046 1 0.1345046 0 0.1345046 0 0.1346154 0 0.1346154 1 0.876464 0 0.8787906 0 0.8787906 1 0.8787906 1 0.876464 1 0.876464 0 0.8743589 0 0.876464 0 0.876464 1 0.876464 1 0.8743589 1 0.8743589 0 0.8724754 0 0.8743589 0 0.8743589 1 0.8743589 1 0.8724754 1 0.8724754 0 0.8708135 0 0.8724754 0 0.8724754 1 0.8724754 1 0.8708135 1 0.8708135 0 0.8693732 0 0.8708135 0 0.8708135 1 0.8708135 1 0.8693732 1 0.8693732 0 0.8681544 0 0.8693732 0 0.8693732 1 0.8693732 1 0.8681544 1 0.8681544 0 0.8671573 0 0.8681544 0 0.8681544 1 0.8681544 1 0.8671573 1 0.8671573 0 0.8663817 0 0.8671573 0 0.8671573 1 0.8671573 1 0.8663817 1 0.8663817 0 0.8658277 0 0.8663817 0 0.8663817 1 0.8663817 1 0.8658277 1 0.8658277 0 0.8654954 0 0.8658277 0 0.8658277 1 0.8658277 1 0.8654954 1 0.8654954 0 0.8653846 0 0.8654954 0 0.8654954 1 0.8654954 1 0.8653846 1 0.8653846 0 0.6235362 1 0.6212096 1 0.6212096 0 0.6212096 0 0.6235362 0 0.6235362 1 0.6256413 1 0.6235362 1 0.6235362 0 0.6235362 0 0.6256413 0 0.6256413 1 0.6275248 1 0.6256413 1 0.6256413 0 0.6256413 0 0.6275248 0 0.6275248 1 0.6291867 1 0.6275248 1 0.6275248 0 0.6275248 0 0.6291867 0 0.6291867 1 0.630627 1 0.6291867 1 0.6291867 0 0.6291867 0 0.630627 0 0.630627 1 0.6318458 1 0.630627 1 0.630627 0 0.630627 0 0.6318458 0 0.6318458 1 0.6328429 1 0.6318458 1 0.6318458 0 0.6318458 0 0.6328429 0 0.6328429 1 0.6336185 1 0.6328429 1 0.6328429 0 0.6328429 0 0.6336185 0 0.6336185 1 0.6341724 1 0.6336185 1 0.6336185 0 0.6336185 0 0.6341724 0 0.6341724 1 0.6345048 1 0.6341724 1 0.6341724 0 0.6341724 0 0.6345048 0 0.6345048 1 0.6346156 1 0.6345048 1 0.6345048 0 0.6345048 0 0.6346156 0 0.6346156 1 0.3764641 0 0.3787907 0 0.3787907 1 0.3787907 1 0.3764641 1 0.3764641 0 0.374359 0 0.3764641 0 0.3764641 1 0.3764641 1 0.374359 1 0.374359 0 0.3724755 0 0.374359 0 0.374359 1 0.374359 1 0.3724755 1 0.3724755 0 0.3708136 0 0.3724755 0 0.3724755 1 0.3724755 1 0.3708136 1 0.3708136 0 0.3693733 0 0.3708136 0 0.3708136 1 0.3708136 1 0.3693733 1 0.3693733 0 0.3681545 0 0.3693733 0 0.3693733 1 0.3693733 1 0.3681545 1 0.3681545 0 0.3671574 0 0.3681545 0 0.3681545 1 0.3681545 1 0.3671574 1 0.3671574 0 0.3663819 0 0.3671574 0 0.3671574 1 0.3671574 1 0.3663819 1 0.3663819 0 0.3658279 0 0.3663819 0 0.3663819 1 0.3663819 1 0.3658279 1 0.3658279 0 0.3654955 0 0.3658279 0 0.3658279 1 0.3658279 1 0.3654955 1 0.3654955 0 0.3653847 0 0.3654955 0 0.3654955 1 0.3654955 1 0.3653847 1 0.3653847 0 0.75 1 0.7884616 1 0.7884616 1 0.7884616 1 0.75 1 0.75 1 0.7884616 1 0.8269231 1 0.8269231 1 0.8269231 1 0.7884616 1 0.7884616 1 0.8269231 1 0.8653846 1 0.8653846 1 0.8653846 1 0.8269231 1 0.8269231 1 0.8653846 1 0.9038462 1 0.9038462 1 0.9038462 1 0.8653846 1 0.8653846 1 0.9038462 1 0.9423077 1 0.9423077 1 0.9423077 1 0.9038462 1 0.9038462 1 0.9423077 1 0.9807692 1 0.9807692 1 0.9807692 1 0.9423077 1 0.9423077 1 -0.01923078 1 0.01923078 1 0.01923078 1 0.01923078 1 -0.01923078 1 -0.01923078 1 0.01923078 1 0.05769217 1 0.05769217 1 0.05769217 1 0.01923078 1 0.01923078 1 0.05769217 1 0.09615385 1 0.09615385 1 0.09615385 1 0.05769217 1 0.05769217 1 0.09615385 1 0.1346154 1 0.1346154 1 0.1346154 1 0.09615385 1 0.09615385 1 0.1346154 1 0.1730769 1 0.1730769 1 0.1730769 1 0.1346154 1 0.1346154 1 0.1730769 1 0.2115384 1 0.2115384 1 0.2115384 1 0.1730769 1 0.1730769 1 0.2115384 1 0.2500001 1 0.2500001 1 0.2500001 1 0.2115384 1 0.2115384 1 0.2500001 1 0.2884616 1 0.2884616 1 0.2884616 1 0.2500001 1 0.2500001 1 0.2884616 1 0.3269232 1 0.3269231 1 0.3269231 1 0.2884616 1 0.2884616 1 0.3269232 1 0.3653847 1 0.3653847 1 0.3653847 1 0.3269231 1 0.3269232 1 0.3653847 1 0.4038463 1 0.4038463 1 0.4038463 1 0.3653847 1 0.3653847 1 0.4038463 1 0.4423078 1 0.4423078 1 0.4423078 1 0.4038463 1 0.4038463 1 0.4423078 1 0.4807694 1 0.4807694 1 0.4807694 1 0.4423078 1 0.4423078 1 0.4807694 1 0.519231 1 0.519231 1 0.519231 1 0.4807694 1 0.4807694 1 0.519231 1 0.5576925 1 0.5576925 1 0.5576925 1 0.519231 1 0.519231 1 0.5576925 1 0.596154 1 0.596154 1 0.596154 1 0.5576925 1 0.5576925 1 0.596154 1 0.6346156 1 0.6346156 1 0.6346156 1 0.596154 1 0.596154 1 0.6346156 1 0.6730772 1 0.6730771 1 0.6730771 1 0.6346156 1 0.6346156 1 0.6730772 1 0.7115387 1 0.7115387 1 0.7115387 1 0.6730771 1 0.6730772 1 0.7115387 1 0.75 1 0.75 1 0.75 1 0.7115387 1 0.7115387 1 0.75 1 0.7884616 1 0.7884616 1 0.7884616 1 0.75 1 0.75 1 0.7884616 1 0.8269231 1 0.8269231 1 0.8269231 1 0.7884616 1 0.7884616 1 0.8269231 1 0.8653846 1 0.8653846 1 0.8653846 1 0.8269231 1 0.8269231 1 0.8653846 1 0.9038462 1 0.9038462 1 0.9038462 1 0.8653846 1 0.8653846 1 0.9038462 1 0.9423077 1 0.9423077 1 0.9423077 1 0.9038462 1 0.9038462 1 0.9423077 1 0.9807692 1 0.9807692 1 0.9807692 1 0.9423077 1 0.9423077 1 -0.01923078 1 0.01923078 1 0.01923078 1 0.01923078 1 -0.01923078 1 -0.01923078 1 0.01923078 1 0.05769217 1 0.05769217 1 0.05769217 1 0.01923078 1 0.01923078 1 0.05769217 1 0.09615385 1 0.09615385 1 0.09615385 1 0.05769217 1 0.05769217 1 0.09615385 1 0.1346154 1 0.1346154 1 0.1346154 1 0.09615385 1 0.09615385 1 0.1346154 1 0.1730769 1 0.1730769 1 0.1730769 1 0.1346154 1 0.1346154 1 0.1730769 1 0.2115384 1 0.2115384 1 0.2115384 1 0.1730769 1 0.1730769 1 0.2115384 1 0.2500001 1 0.2500001 1 0.2500001 1 0.2115384 1 0.2115384 1 0.2500001 1 0.2884616 1 0.2884616 1 0.2884616 1 0.2500001 1 0.2500001 1 0.2884616 1 0.3269231 1 0.3269231 1 0.3269231 1 0.2884616 1 0.2884616 1 0.3269231 1 0.3653847 1 0.3653847 1 0.3653847 1 0.3269231 1 0.3269231 1 0.3653847 1 0.4038463 1 0.4038463 1 0.4038463 1 0.3653847 1 0.3653847 1 0.4038463 1 0.4423078 1 0.4423078 1 0.4423078 1 0.4038463 1 0.4038463 1 0.4423078 1 0.4807694 1 0.4807694 1 0.4807694 1 0.4423078 1 0.4423078 1 0.4807694 1 0.519231 1 0.519231 1 0.519231 1 0.4807694 1 0.4807694 1 0.519231 1 0.5576925 1 0.5576925 1 0.5576925 1 0.519231 1 0.519231 1 0.5576925 1 0.596154 1 0.596154 1 0.596154 1 0.5576925 1 0.5576925 1 0.596154 1 0.6346156 1 0.6346156 1 0.6346156 1 0.596154 1 0.596154 1 0.6346156 1 0.6730771 1 0.6730771 1 0.6730771 1 0.6346156 1 0.6346156 1 0.6730771 1 0.7115387 1 0.7115387 1 0.7115387 1 0.6730771 1 0.6730771 1 0.7115387 1 0.75 1 0.75 1 0.75 1 0.7115387 1 0.7115387 1 0.75 1 0.7884616 1 0.7884616 1 0.7884616 1 0.75 1 0.75 1 0.7884616 1 0.8269231 1 0.8269231 1 0.8269231 1 0.7884616 1 0.7884616 1 0.8269231 1 0.8653846 1 0.8653846 1 0.8653846 1 0.8269231 1 0.8269231 1 0.8653846 1 0.9038462 1 0.9038462 1 0.9038462 1 0.8653846 1 0.8653846 1 0.9038462 1 0.9423077 1 0.9423077 1 0.9423077 1 0.9038462 1 0.9038462 1 0.9423077 1 0.9807692 1 0.9807692 1 0.9807692 1 0.9423077 1 0.9423077 1 -0.01923078 1 0.01923078 1 0.01923078 1 0.01923078 1 -0.01923078 1 -0.01923078 1 0.01923078 1 0.05769217 1 0.05769217 1 0.05769217 1 0.01923078 1 0.01923078 1 0.05769217 1 0.09615385 1 0.09615385 1 0.09615385 1 0.05769217 1 0.05769217 1 0.09615385 1 0.1346154 1 0.1346154 1 0.1346154 1 0.09615385 1 0.09615385 1 0.1346154 1 0.1730769 1 0.1730769 1 0.1730769 1 0.1346154 1 0.1346154 1 0.1730769 1 0.2115384 1 0.2115384 1 0.2115384 1 0.1730769 1 0.1730769 1 0.2115384 1 0.2500001 1 0.2500001 1 0.2500001 1 0.2115384 1 0.2115384 1 0.2500001 1 0.2884616 1 0.2884616 1 0.2884616 1 0.2500001 1 0.2500001 1 0.2884616 1 0.3269231 1 0.3269231 1 0.3269231 1 0.2884616 1 0.2884616 1 0.3269231 1 0.3653847 1 0.3653847 1 0.3653847 1 0.3269231 1 0.3269231 1 0.3653847 1 0.4038463 1 0.4038463 1 0.4038463 1 0.3653847 1 0.3653847 1 0.4038463 1 0.4423078 1 0.4423078 1 0.4423078 1 0.4038463 1 0.4038463 1 0.4423078 1 0.4807694 1 0.4807694 1 0.4807694 1 0.4423078 1 0.4423078 1 0.4807694 1 0.519231 1 0.519231 1 0.519231 1 0.4807694 1 0.4807694 1 0.519231 1 0.5576925 1 0.5576925 1 0.5576925 1 0.519231 1 0.519231 1 0.5576925 1 0.596154 1 0.596154 1 0.596154 1 0.5576925 1 0.5576925 1 0.596154 1 0.6346156 1 0.6346156 1 0.6346156 1 0.596154 1 0.596154 1 0.6346156 1 0.6730771 1 0.6730771 1 0.6730771 1 0.6346156 1 0.6346156 1 0.6730771 1 0.7115387 1 0.7115387 1 0.7115387 1 0.6730771 1 0.6730771 1 0.7115387 1 0.75 1 0.75 1 0.75 1 0.7115387 1 0.7115387 1 0.75 1 0.7884616 1 0.7884616 1 0.7884616 1 0.75 1 0.75 1 0.7884616 1 0.8269231 1 0.8269231 1 0.8269231 1 0.7884616 1 0.7884616 1 0.8269231 1 0.8653846 1 0.8653846 1 0.8653846 1 0.8269231 1 0.8269231 1 0.8653846 1 0.9038462 1 0.9038462 1 0.9038462 1 0.8653846 1 0.8653846 1 0.9038462 1 0.9423077 1 0.9423077 1 0.9423077 1 0.9038462 1 0.9038462 1 0.9423077 1 0.9807692 1 0.9807692 1 0.9807692 1 0.9423077 1 0.9423077 1 -0.01923078 1 0.01923078 1 0.01923078 1 0.01923078 1 -0.01923078 1 -0.01923078 1 0.01923078 1 0.05769217 1 0.05769217 1 0.05769217 1 0.01923078 1 0.01923078 1 0.05769217 1 0.09615385 1 0.09615385 1 0.09615385 1 0.05769217 1 0.05769217 1 0.09615385 1 0.1346154 1 0.1346154 1 0.1346154 1 0.09615385 1 0.09615385 1 0.1346154 1 0.1730769 1 0.1730769 1 0.1730769 1 0.1346154 1 0.1346154 1 0.1730769 1 0.2115384 1 0.2115384 1 0.2115384 1 0.1730769 1 0.1730769 1 0.2115384 1 0.2500001 1 0.2500001 1 0.2500001 1 0.2115384 1 0.2115384 1 0.2500001 1 0.2884616 1 0.2884616 1 0.2884616 1 0.2500001 1 0.2500001 1 0.2884616 1 0.3269231 1 0.3269232 1 0.3269232 1 0.2884616 1 0.2884616 1 0.3269231 1 0.3653847 1 0.3653847 1 0.3653847 1 0.3269232 1 0.3269231 1 0.3653847 1 0.4038463 1 0.4038463 1 0.4038463 1 0.3653847 1 0.3653847 1 0.4038463 1 0.4423078 1 0.4423078 1 0.4423078 1 0.4038463 1 0.4038463 1 0.4423078 1 0.4807694 1 0.4807694 1 0.4807694 1 0.4423078 1 0.4423078 1 0.4807694 1 0.519231 1 0.519231 1 0.519231 1 0.4807694 1 0.4807694 1 0.519231 1 0.5576925 1 0.5576925 1 0.5576925 1 0.519231 1 0.519231 1 0.5576925 1 0.596154 1 0.596154 1 0.596154 1 0.5576925 1 0.5576925 1 0.596154 1 0.6346156 1 0.6346156 1 0.6346156 1 0.596154 1 0.596154 1 0.6346156 1 0.6730771 1 0.6730771 1 0.6730771 1 0.6346156 1 0.6346156 1 0.6730771 1 0.7115387 1 0.7115387 1 0.7115387 1 0.6730771 1 0.6730771 1 0.7115387 1 0.75 1 0.75 1 0.75 1 0.7115387 1 0.7115387 1 0.5 1 0.75 1 0.7884616 1 0.5 1 0.7884616 1 0.8269231 1 0.5 1 0.8269231 1 0.8653846 1 0.5 1 0.8653846 1 0.9038462 1 0.5 1 0.9038462 1 0.9423077 1 0.5 1 0.9423077 1 0.9807692 1 0.5 1 -0.01923078 1 0.01923078 1 0.5 1 0.01923078 1 0.05769217 1 0.5 1 0.05769217 1 0.09615385 1 0.5 1 0.09615385 1 0.1346154 1 0.5 1 0.1346154 1 0.1730769 1 0.5 1 0.1730769 1 0.2115384 1 0.5 1 0.2115384 1 0.2500001 1 0.5 1 0.2500001 1 0.2884616 1 0.5 1 0.2884616 1 0.3269232 1 0.5 1 0.3269232 1 0.3653847 1 0.5 1 0.3653847 1 0.4038463 1 0.5 1 0.4038463 1 0.4423078 1 0.5 1 0.4423078 1 0.4807694 1 0.5 1 0.4807694 1 0.519231 1 0.5 1 0.519231 1 0.5576925 1 0.5 1 0.5576925 1 0.596154 1 0.5 1 0.596154 1 0.6346156 1 0.5 1 0.6346156 1 0.6730771 1 0.5 1 0.6730771 1 0.7115387 1 0.5 1 0.7115387 1 0.75 1</float_array>
          <technique_common>
            <accessor source="#Örüntü_021-mesh-map-0-array" count="4557" stride="2">
              <param name="S" type="float"/>
              <param name="T" type="float"/>
            </accessor>
          </technique_common>
        </source>
        <vertices id="Örüntü_021-mesh-vertices">
          <input semantic="POSITION" source="#Örüntü_021-mesh-positions"/>
        </vertices>
        <triangles material="black-light-body_001-material" count="1285">
          <input semantic="VERTEX" source="#Örüntü_021-mesh-vertices" offset="0"/>
          <input semantic="NORMAL" source="#Örüntü_021-mesh-normals" offset="1"/>
          <input semantic="TEXCOORD" source="#Örüntü_021-mesh-map-0" offset="2" set="0"/>
          <p>0 0 0 2 0 1 1 0 2 0 0 3 3 0 4 2 0 5 0 0 6 4 0 7 3 0 8 0 0 9 5 0 10 4 0 11 0 0 12 6 0 13 5 0 14 0 0 15 7 0 16 6 0 17 0 0 18 8 0 19 7 0 20 0 0 21 9 0 22 8 0 23 0 0 24 10 0 25 9 0 26 0 0 27 11 0 28 10 0 29 0 0 30 12 0 31 11 0 32 0 0 33 13 0 34 12 0 35 0 0 36 14 0 37 13 0 38 0 0 39 15 0 40 14 0 41 0 0 42 16 0 43 15 0 44 0 0 45 17 0 46 16 0 47 0 0 48 18 0 49 17 0 50 0 0 51 19 0 52 18 0 53 0 0 54 20 0 55 19 0 56 0 0 57 21 0 58 20 0 59 0 0 60 22 0 61 21 0 62 0 0 63 23 0 64 22 0 65 0 0 66 24 0 67 23 0 68 0 0 69 25 0 70 24 0 71 0 0 72 26 0 73 25 0 74 0 0 75 1 0 76 26 0 77 1 0 78 2 0 79 28 0 80 28 0 81 27 0 82 1 0 83 2 0 84 3 0 85 29 0 86 29 0 87 28 0 88 2 0 89 3 0 90 4 0 91 30 0 92 30 0 93 29 0 94 3 0 95 4 0 96 5 0 97 31 0 98 31 0 99 30 0 100 4 0 101 5 0 102 6 0 103 32 0 104 32 0 105 31 0 106 5 0 107 6 0 108 7 0 109 33 0 110 33 0 111 32 0 112 6 0 113 7 0 114 8 0 115 34 0 116 34 0 117 33 0 118 7 0 119 8 0 120 9 0 121 35 0 122 35 0 123 34 0 124 8 0 125 9 0 126 10 0 127 36 0 128 36 0 129 35 0 130 9 0 131 10 0 132 11 0 133 37 0 134 37 0 135 36 0 136 10 0 137 11 0 138 12 0 139 38 0 140 38 0 141 37 0 142 11 0 143 12 0 144 13 0 145 39 0 146 39 0 147 38 0 148 12 0 149 13 0 150 14 0 151 40 0 152 40 0 153 39 0 154 13 0 155 14 0 156 15 0 157 41 0 158 41 0 159 40 0 160 14 0 161 15 0 162 16 0 163 42 0 164 42 0 165 41 0 166 15 0 167 16 0 168 17 0 169 43 0 170 43 0 171 42 0 172 16 0 173 17 0 174 18 0 175 44 0 176 44 0 177 43 0 178 17 0 179 18 0 180 19 0 181 45 0 182 45 0 183 44 0 184 18 0 185 19 0 186 20 0 187 46 0 188 46 0 189 45 0 190 19 0 191 20 0 192 21 0 193 47 0 194 47 0 195 46 0 196 20 0 197 21 0 198 22 0 199 48 0 200 48 0 201 47 0 202 21 0 203 22 0 204 23 0 205 49 0 206 49 0 207 48 0 208 22 0 209 23 0 210 24 0 211 50 0 212 50 0 213 49 0 214 23 0 215 24 0 216 25 0 217 51 0 218 51 0 219 50 0 220 24 0 221 25 0 222 26 0 223 52 0 224 52 0 225 51 0 226 25 0 227 26 0 228 1 0 229 27 0 230 27 0 231 52 0 232 26 0 233 27 0 234 28 0 235 54 0 236 54 0 237 53 0 238 27 0 239 28 0 240 29 0 241 55 0 242 55 0 243 54 0 244 28 0 245 29 0 246 30 0 247 56 0 248 56 0 249 55 0 250 29 0 251 30 0 252 31 0 253 57 0 254 57 0 255 56 0 256 30 0 257 31 0 258 32 0 259 58 0 260 58 0 261 57 0 262 31 0 263 32 0 264 33 0 265 59 0 266 59 0 267 58 0 268 32 0 269 33 0 270 34 0 271 60 0 272 60 0 273 59 0 274 33 0 275 34 0 276 35 0 277 61 0 278 61 0 279 60 0 280 34 0 281 35 0 282 36 0 283 62 0 284 62 0 285 61 0 286 35 0 287 36 0 288 37 0 289 63 0 290 63 0 291 62 0 292 36 0 293 37 0 294 38 0 295 64 0 296 64 0 297 63 0 298 37 0 299 38 0 300 39 0 301 65 0 302 65 0 303 64 0 304 38 0 305 39 0 306 40 0 307 66 0 308 66 0 309 65 0 310 39 0 311 40 0 312 41 0 313 67 0 314 67 0 315 66 0 316 40 0 317 41 0 318 42 0 319 68 0 320 68 0 321 67 0 322 41 0 323 42 0 324 43 0 325 69 0 326 69 0 327 68 0 328 42 0 329 43 0 330 44 0 331 70 0 332 70 0 333 69 0 334 43 0 335 44 0 336 45 0 337 71 0 338 71 0 339 70 0 340 44 0 341 45 0 342 46 0 343 72 0 344 72 0 345 71 0 346 45 0 347 46 0 348 47 0 349 73 0 350 73 0 351 72 0 352 46 0 353 47 0 354 48 0 355 74 0 356 74 0 357 73 0 358 47 0 359 48 0 360 49 0 361 75 0 362 75 0 363 74 0 364 48 0 365 49 0 366 50 0 367 76 0 368 76 0 369 75 0 370 49 0 371 50 0 372 51 0 373 77 0 374 77 0 375 76 0 376 50 0 377 51 0 378 52 0 379 78 0 380 78 0 381 77 0 382 51 0 383 52 0 384 27 0 385 53 0 386 53 0 387 78 0 388 52 0 389 53 0 390 54 0 391 80 0 392 80 0 393 79 0 394 53 0 395 54 0 396 55 0 397 81 0 398 81 0 399 80 0 400 54 0 401 55 0 402 56 0 403 82 0 404 82 0 405 81 0 406 55 0 407 56 0 408 57 0 409 83 0 410 83 0 411 82 0 412 56 0 413 57 0 414 58 0 415 84 0 416 84 0 417 83 0 418 57 0 419 58 0 420 59 0 421 85 0 422 85 0 423 84 0 424 58 0 425 59 0 426 60 0 427 86 0 428 86 0 429 85 0 430 59 0 431 60 0 432 61 0 433 87 0 434 87 0 435 86 0 436 60 0 437 61 0 438 62 0 439 88 0 440 88 0 441 87 0 442 61 0 443 62 0 444 63 0 445 89 0 446 89 0 447 88 0 448 62 0 449 63 0 450 64 0 451 90 0 452 90 0 453 89 0 454 63 0 455 64 0 456 65 0 457 91 0 458 91 0 459 90 0 460 64 0 461 65 0 462 66 0 463 92 0 464 92 0 465 91 0 466 65 0 467 66 0 468 67 0 469 93 0 470 93 0 471 92 0 472 66 0 473 67 0 474 68 0 475 94 0 476 94 0 477 93 0 478 67 0 479 68 0 480 69 0 481 95 0 482 95 0 483 94 0 484 68 0 485 69 0 486 70 0 487 96 0 488 96 0 489 95 0 490 69 0 491 70 0 492 71 0 493 97 0 494 97 0 495 96 0 496 70 0 497 71 0 498 72 0 499 98 0 500 98 0 501 97 0 502 71 0 503 72 0 504 73 0 505 99 0 506 99 0 507 98 0 508 72 0 509 73 0 510 74 0 511 100 0 512 100 0 513 99 0 514 73 0 515 74 0 516 75 0 517 101 0 518 101 0 519 100 0 520 74 0 521 75 0 522 76 0 523 102 0 524 102 0 525 101 0 526 75 0 527 76 0 528 77 0 529 103 0 530 103 0 531 102 0 532 76 0 533 77 0 534 78 0 535 104 0 536 104 0 537 103 0 538 77 0 539 78 0 540 53 0 541 79 0 542 79 0 543 104 0 544 78 0 545 79 0 546 80 0 547 106 0 548 106 0 549 105 0 550 79 0 551 80 0 552 81 0 553 107 0 554 107 0 555 106 0 556 80 0 557 81 0 558 82 0 559 108 0 560 108 0 561 107 0 562 81 0 563 82 0 564 83 0 565 109 0 566 109 0 567 108 0 568 82 0 569 83 0 570 84 0 571 110 0 572 110 0 573 109 0 574 83 0 575 84 0 576 85 0 577 111 0 578 111 0 579 110 0 580 84 0 581 85 0 582 86 0 583 112 0 584 112 0 585 111 0 586 85 0 587 86 0 588 87 0 589 113 0 590 113 0 591 112 0 592 86 0 593 87 0 594 88 0 595 114 0 596 114 0 597 113 0 598 87 0 599 88 0 600 89 0 601 115 0 602 115 0 603 114 0 604 88 0 605 89 0 606 90 0 607 116 0 608 116 0 609 115 0 610 89 0 611 90 0 612 91 0 613 117 0 614 117 0 615 116 0 616 90 0 617 91 0 618 92 0 619 118 0 620 118 0 621 117 0 622 91 0 623 92 0 624 93 0 625 119 0 626 119 0 627 118 0 628 92 0 629 93 0 630 94 0 631 120 0 632 120 0 633 119 0 634 93 0 635 94 0 636 95 0 637 121 0 638 121 0 639 120 0 640 94 0 641 95 0 642 96 0 643 122 0 644 122 0 645 121 0 646 95 0 647 96 0 648 97 0 649 123 0 650 123 0 651 122 0 652 96 0 653 97 0 654 98 0 655 124 0 656 124 0 657 123 0 658 97 0 659 98 0 660 99 0 661 125 0 662 125 0 663 124 0 664 98 0 665 99 0 666 100 0 667 126 0 668 126 0 669 125 0 670 99 0 671 100 0 672 101 0 673 127 0 674 127 0 675 126 0 676 100 0 677 101 0 678 102 0 679 128 0 680 128 0 681 127 0 682 101 0 683 102 0 684 103 0 685 129 0 686 129 0 687 128 0 688 102 0 689 103 0 690 104 0 691 130 0 692 130 0 693 129 0 694 103 0 695 104 0 696 79 0 697 105 0 698 105 0 699 130 0 700 104 0 701 105 0 702 106 0 703 132 0 704 132 0 705 131 0 706 105 0 707 106 0 708 107 0 709 133 0 710 133 0 711 132 0 712 106 0 713 107 0 714 108 0 715 134 0 716 134 0 717 133 0 718 107 0 719 108 0 720 109 0 721 135 0 722 135 0 723 134 0 724 108 0 725 109 0 726 110 0 727 136 0 728 136 0 729 135 0 730 109 0 731 110 0 732 111 0 733 137 0 734 137 0 735 136 0 736 110 0 737 111 0 738 112 0 739 138 0 740 138 0 741 137 0 742 111 0 743 112 0 744 113 0 745 139 0 746 139 0 747 138 0 748 112 0 749 113 0 750 114 0 751 140 0 752 140 0 753 139 0 754 113 0 755 114 0 756 115 0 757 141 0 758 141 0 759 140 0 760 114 0 761 115 0 762 116 0 763 142 0 764 142 0 765 141 0 766 115 0 767 116 0 768 117 0 769 143 0 770 143 0 771 142 0 772 116 0 773 117 0 774 118 0 775 144 0 776 144 0 777 143 0 778 117 0 779 118 0 780 119 0 781 145 0 782 145 0 783 144 0 784 118 0 785 119 0 786 120 0 787 146 0 788 146 0 789 145 0 790 119 0 791 120 0 792 121 0 793 147 0 794 147 0 795 146 0 796 120 0 797 121 0 798 122 0 799 148 0 800 148 0 801 147 0 802 121 0 803 122 0 804 123 0 805 149 0 806 149 0 807 148 0 808 122 0 809 123 0 810 124 0 811 150 0 812 150 0 813 149 0 814 123 0 815 124 0 816 125 0 817 151 0 818 151 0 819 150 0 820 124 0 821 125 0 822 126 0 823 152 0 824 152 0 825 151 0 826 125 0 827 126 0 828 127 0 829 153 0 830 153 0 831 152 0 832 126 0 833 127 0 834 128 0 835 154 0 836 154 0 837 153 0 838 127 0 839 128 0 840 129 0 841 155 0 842 155 0 843 154 0 844 128 0 845 129 0 846 130 0 847 156 0 848 156 0 849 155 0 850 129 0 851 130 0 852 105 0 853 131 0 854 131 0 855 156 0 856 130 0 857 131 0 858 132 0 859 158 0 860 158 0 861 157 0 862 131 0 863 132 0 864 133 0 865 159 0 866 159 0 867 158 0 868 132 0 869 133 0 870 134 0 871 160 0 872 160 0 873 159 0 874 133 0 875 134 0 876 135 0 877 161 0 878 161 0 879 160 0 880 134 0 881 135 0 882 136 0 883 162 0 884 162 0 885 161 0 886 135 0 887 136 0 888 137 0 889 163 0 890 163 0 891 162 0 892 136 0 893 137 0 894 138 0 895 164 0 896 164 0 897 163 0 898 137 0 899 138 0 900 139 0 901 165 0 902 165 0 903 164 0 904 138 0 905 139 0 906 140 0 907 166 0 908 166 0 909 165 0 910 139 0 911 140 0 912 141 0 913 167 0 914 167 0 915 166 0 916 140 0 917 141 0 918 142 0 919 168 0 920 168 0 921 167 0 922 141 0 923 142 0 924 143 0 925 169 0 926 169 0 927 168 0 928 142 0 929 143 0 930 144 0 931 170 0 932 170 0 933 169 0 934 143 0 935 144 0 936 145 0 937 171 0 938 171 0 939 170 0 940 144 0 941 145 0 942 146 0 943 172 0 944 172 0 945 171 0 946 145 0 947 146 0 948 147 0 949 173 0 950 173 0 951 172 0 952 146 0 953 147 0 954 148 0 955 174 0 956 174 0 957 173 0 958 147 0 959 148 0 960 149 0 961 175 0 962 175 0 963 174 0 964 148 0 965 149 0 966 150 0 967 176 0 968 176 0 969 175 0 970 149 0 971 150 0 972 151 0 973 177 0 974 177 0 975 176 0 976 150 0 977 151 0 978 152 0 979 178 0 980 178 0 981 177 0 982 151 0 983 152 0 984 153 0 985 179 0 986 179 0 987 178 0 988 152 0 989 153 0 990 154 0 991 180 0 992 180 0 993 179 0 994 153 0 995 154 0 996 155 0 997 181 0 998 181 0 999 180 0 1000 154 0 1001 155 0 1002 156 0 1003 182 0 1004 182 0 1005 181 0 1006 155 0 1007 156 0 1008 131 0 1009 157 0 1010 157 0 1011 182 0 1012 156 0 1013 157 1 1014 158 2 1015 184 3 1016 184 3 1017 183 4 1018 157 1 1019 158 2 1020 159 5 1021 185 6 1022 185 6 1023 184 3 1024 158 2 1025 159 5 1026 160 7 1027 186 8 1028 186 8 1029 185 6 1030 159 5 1031 367 9 1032 693 10 1033 694 11 1034 694 11 1035 370 12 1036 367 9 1037 167 13 1038 168 14 1039 194 15 1040 194 15 1041 193 16 1042 167 13 1043 168 14 1044 169 17 1045 195 18 1046 195 18 1047 194 15 1048 168 14 1049 169 17 1050 170 19 1051 196 20 1052 196 20 1053 195 18 1054 169 17 1055 170 19 1056 171 21 1057 197 22 1058 197 22 1059 196 20 1060 170 19 1061 171 21 1062 172 23 1063 198 24 1064 198 24 1065 197 22 1066 171 21 1067 172 23 1068 173 25 1069 199 26 1070 199 26 1071 198 24 1072 172 23 1073 374 27 1074 697 28 1075 698 29 1076 180 30 1077 181 31 1078 207 32 1079 207 32 1080 206 33 1081 180 30 1082 181 31 1083 182 34 1084 208 35 1085 208 35 1086 207 32 1087 181 31 1088 182 34 1089 157 1 1090 183 4 1091 183 4 1092 208 35 1093 182 34 1094 454 36 1095 455 36 1096 472 36 1097 472 37 1098 473 37 1099 454 37 1100 455 36 1101 456 36 1102 471 36 1103 471 36 1104 472 36 1105 455 36 1106 456 36 1107 457 36 1108 470 36 1109 470 36 1110 471 36 1111 456 36 1112 457 36 1113 458 36 1114 469 36 1115 469 36 1116 470 36 1117 457 36 1118 458 36 1119 459 36 1120 468 36 1121 468 36 1122 469 36 1123 458 36 1124 459 36 1125 460 36 1126 467 36 1127 467 36 1128 468 36 1129 459 36 1130 460 36 1131 461 36 1132 466 36 1133 466 36 1134 467 36 1135 460 36 1136 461 36 1137 462 36 1138 465 36 1139 465 36 1140 466 36 1141 461 36 1142 462 38 1143 492 39 1144 493 40 1145 493 40 1146 465 41 1147 462 38 1148 192 36 1149 193 36 1150 219 36 1151 219 36 1152 218 36 1153 192 36 1154 193 36 1155 194 36 1156 220 36 1157 220 36 1158 219 36 1159 193 36 1160 194 36 1161 195 36 1162 221 36 1163 221 36 1164 220 36 1165 194 36 1166 195 42 1167 196 42 1168 222 42 1169 222 36 1170 221 36 1171 195 36 1172 196 36 1173 197 36 1174 223 36 1175 223 43 1176 222 43 1177 196 43 1178 197 36 1179 198 36 1180 224 36 1181 224 36 1182 223 36 1183 197 36 1184 198 36 1185 199 36 1186 225 36 1187 225 36 1188 224 36 1189 198 36 1190 199 36 1191 200 36 1192 226 36 1193 226 36 1194 225 36 1195 199 36 1196 495 44 1197 484 45 1198 481 46 1199 481 46 1200 494 47 1201 495 44 1202 484 36 1203 485 36 1204 480 36 1205 480 36 1206 481 36 1207 484 36 1208 485 36 1209 486 36 1210 479 36 1211 479 36 1212 480 36 1213 485 36 1214 486 36 1215 487 36 1216 478 36 1217 478 36 1218 479 36 1219 486 36 1220 487 36 1221 488 36 1222 477 36 1223 477 36 1224 478 36 1225 487 36 1226 488 36 1227 489 36 1228 476 36 1229 476 36 1230 477 36 1231 488 36 1232 489 36 1233 490 36 1234 475 36 1235 475 36 1236 476 36 1237 489 36 1238 490 36 1239 491 36 1240 474 36 1241 474 36 1242 475 36 1243 490 36 1244 491 48 1245 454 48 1246 473 48 1247 473 36 1248 474 36 1249 491 36 1250 588 49 1251 589 49 1252 614 49 1253 614 50 1254 615 50 1255 588 50 1256 589 51 1257 590 51 1258 639 51 1259 639 52 1260 614 52 1261 589 52 1262 590 53 1263 591 53 1264 638 53 1265 638 54 1266 639 54 1267 590 54 1268 591 55 1269 592 55 1270 637 55 1271 637 36 1272 638 36 1273 591 36 1274 592 56 1275 593 56 1276 636 56 1277 636 57 1278 637 57 1279 592 57 1280 593 58 1281 594 58 1282 635 58 1283 635 36 1284 636 36 1285 593 36 1286 594 36 1287 595 36 1288 634 36 1289 634 36 1290 635 36 1291 594 36 1292 595 36 1293 596 36 1294 633 36 1295 633 59 1296 634 59 1297 595 59 1298 596 60 1299 597 60 1300 632 60 1301 632 61 1302 633 61 1303 596 61 1304 597 62 1305 598 62 1306 631 62 1307 631 63 1308 632 63 1309 597 63 1310 598 64 1311 599 64 1312 630 64 1313 630 65 1314 631 65 1315 598 65 1316 599 66 1317 600 66 1318 629 66 1319 629 67 1320 630 67 1321 599 67 1322 600 68 1323 601 68 1324 628 68 1325 628 69 1326 629 69 1327 600 69 1328 601 70 1329 602 70 1330 627 70 1331 627 71 1332 628 71 1333 601 71 1334 602 72 1335 603 72 1336 626 72 1337 626 73 1338 627 73 1339 602 73 1340 603 74 1341 604 74 1342 625 74 1343 625 75 1344 626 75 1345 603 75 1346 604 36 1347 605 36 1348 624 36 1349 624 75 1350 625 75 1351 604 75 1352 605 36 1353 606 36 1354 623 36 1355 623 36 1356 624 36 1357 605 36 1358 606 36 1359 607 36 1360 622 36 1361 622 36 1362 623 36 1363 606 36 1364 607 76 1365 608 76 1366 621 76 1367 621 77 1368 622 77 1369 607 77 1370 608 36 1371 609 36 1372 620 36 1373 620 36 1374 621 36 1375 608 36 1376 609 36 1377 610 36 1378 619 36 1379 619 36 1380 620 36 1381 609 36 1382 610 78 1383 611 78 1384 618 78 1385 618 36 1386 619 36 1387 610 36 1388 611 79 1389 612 79 1390 617 79 1391 617 80 1392 618 80 1393 611 80 1394 612 81 1395 613 81 1396 616 81 1397 616 75 1398 617 75 1399 612 75 1400 613 82 1401 588 82 1402 615 82 1403 615 83 1404 616 83 1405 613 83 1406 165 0 1407 166 0 1408 367 0 1409 167 0 1410 368 0 1411 711 0 1412 167 0 1413 711 0 1414 712 0 1415 167 0 1416 712 0 1417 713 0 1418 167 0 1419 713 0 1420 714 0 1421 167 0 1422 714 0 1423 715 0 1424 167 0 1425 715 0 1426 716 0 1427 167 0 1428 716 0 1429 717 0 1430 167 0 1431 717 0 1432 718 0 1433 167 0 1434 718 0 1435 719 0 1436 167 0 1437 719 0 1438 720 0 1439 167 0 1440 720 0 1441 721 0 1442 167 0 1443 721 0 1444 693 0 1445 166 0 1446 167 0 1447 693 0 1448 166 0 1449 693 0 1450 367 0 1451 167 13 1452 193 16 1453 369 84 1454 369 84 1455 368 85 1456 167 13 1457 193 36 1458 192 36 1459 370 36 1460 370 36 1461 694 36 1462 722 36 1463 370 36 1464 722 36 1465 723 36 1466 370 36 1467 723 36 1468 724 36 1469 370 36 1470 724 36 1471 725 36 1472 370 36 1473 725 36 1474 726 36 1475 370 36 1476 726 36 1477 727 36 1478 370 36 1479 727 36 1480 728 36 1481 370 36 1482 728 36 1483 729 36 1484 370 36 1485 729 36 1486 730 36 1487 370 36 1488 730 36 1489 731 36 1490 370 36 1491 731 36 1492 732 36 1493 370 36 1494 732 36 1495 369 36 1496 193 36 1497 370 36 1498 369 36 1499 186 36 1500 371 36 1501 733 36 1502 186 36 1503 733 36 1504 734 36 1505 186 36 1506 734 36 1507 735 36 1508 186 36 1509 735 36 1510 736 36 1511 186 36 1512 736 36 1513 737 36 1514 186 36 1515 737 36 1516 738 36 1517 186 36 1518 738 36 1519 739 36 1520 186 36 1521 739 36 1522 740 36 1523 186 36 1524 740 36 1525 741 36 1526 186 36 1527 741 36 1528 742 36 1529 186 36 1530 742 36 1531 743 36 1532 186 36 1533 743 36 1534 695 36 1535 187 36 1536 186 36 1537 695 36 1538 186 8 1539 160 7 1540 366 86 1541 366 86 1542 371 87 1543 186 8 1544 173 0 1545 174 0 1546 373 0 1547 373 0 1548 696 0 1549 744 0 1550 373 0 1551 744 0 1552 745 0 1553 373 0 1554 745 0 1555 746 0 1556 373 0 1557 746 0 1558 747 0 1559 373 0 1560 747 0 1561 748 0 1562 373 0 1563 748 0 1564 749 0 1565 373 0 1566 749 0 1567 750 0 1568 373 0 1569 750 0 1570 751 0 1571 373 0 1572 751 0 1573 752 0 1574 373 0 1575 752 0 1576 753 0 1577 373 0 1578 753 0 1579 754 0 1580 373 0 1581 754 0 1582 372 0 1583 173 0 1584 373 0 1585 372 0 1586 178 0 1587 179 0 1588 374 0 1589 180 0 1590 375 0 1591 755 0 1592 180 0 1593 755 0 1594 756 0 1595 180 0 1596 756 0 1597 757 0 1598 180 0 1599 757 0 1600 758 0 1601 180 0 1602 758 0 1603 759 0 1604 180 0 1605 759 0 1606 760 0 1607 180 0 1608 760 0 1609 761 0 1610 180 0 1611 761 0 1612 762 0 1613 180 0 1614 762 0 1615 763 0 1616 180 0 1617 763 0 1618 764 0 1619 180 0 1620 764 0 1621 765 0 1622 180 0 1623 765 0 1624 697 0 1625 179 0 1626 180 0 1627 697 0 1628 179 0 1629 697 0 1630 374 0 1631 180 30 1632 206 33 1633 376 88 1634 376 88 1635 375 89 1636 180 30 1637 199 36 1638 377 36 1639 777 36 1640 199 36 1641 777 36 1642 778 36 1643 199 36 1644 778 36 1645 779 36 1646 199 36 1647 779 36 1648 780 36 1649 199 36 1650 780 36 1651 781 36 1652 199 36 1653 781 36 1654 782 36 1655 199 36 1656 782 36 1657 783 36 1658 199 36 1659 783 36 1660 784 36 1661 199 36 1662 784 36 1663 785 36 1664 199 36 1665 785 36 1666 786 36 1667 199 36 1668 786 36 1669 787 36 1670 199 36 1671 787 36 1672 699 36 1673 200 36 1674 199 36 1675 699 36 1676 199 26 1677 173 25 1678 372 90 1679 372 90 1680 377 91 1681 199 26 1682 183 36 1683 184 36 1684 379 36 1685 379 92 1686 378 92 1687 183 92 1688 184 36 1689 185 36 1690 380 36 1691 380 36 1692 379 36 1693 184 36 1694 185 36 1695 186 36 1696 381 36 1697 381 36 1698 380 36 1699 185 36 1700 186 36 1701 187 36 1702 382 36 1703 382 36 1704 381 36 1705 186 36 1706 187 36 1707 188 36 1708 383 36 1709 383 36 1710 382 36 1711 187 36 1712 188 36 1713 189 36 1714 384 36 1715 384 36 1716 383 36 1717 188 36 1718 189 36 1719 190 36 1720 385 36 1721 385 36 1722 384 36 1723 189 36 1724 190 36 1725 191 36 1726 386 36 1727 386 36 1728 385 36 1729 190 36 1730 191 36 1731 192 36 1732 387 36 1733 387 36 1734 386 36 1735 191 36 1736 192 36 1737 218 36 1738 388 36 1739 388 36 1740 387 36 1741 192 36 1742 218 36 1743 217 36 1744 389 36 1745 389 36 1746 388 36 1747 218 36 1748 217 36 1749 216 36 1750 390 36 1751 390 36 1752 389 36 1753 217 36 1754 216 36 1755 215 36 1756 391 36 1757 391 36 1758 390 36 1759 216 36 1760 215 36 1761 214 36 1762 392 36 1763 392 36 1764 391 36 1765 215 36 1766 214 36 1767 213 36 1768 393 36 1769 393 36 1770 392 36 1771 214 36 1772 213 36 1773 212 36 1774 394 36 1775 394 36 1776 393 36 1777 213 36 1778 212 36 1779 211 36 1780 395 36 1781 395 36 1782 394 36 1783 212 36 1784 211 36 1785 210 36 1786 396 36 1787 396 36 1788 395 36 1789 211 36 1790 210 93 1791 209 93 1792 397 93 1793 397 36 1794 396 36 1795 210 36 1796 209 36 1797 234 36 1798 398 36 1799 398 94 1800 397 94 1801 209 94 1802 234 36 1803 233 36 1804 399 36 1805 399 36 1806 398 36 1807 234 36 1808 233 36 1809 232 36 1810 400 36 1811 400 36 1812 399 36 1813 233 36 1814 232 36 1815 231 36 1816 401 36 1817 401 36 1818 400 36 1819 232 36 1820 231 36 1821 230 36 1822 402 36 1823 402 36 1824 401 36 1825 231 36 1826 230 36 1827 229 36 1828 403 36 1829 403 36 1830 402 36 1831 230 36 1832 229 36 1833 228 36 1834 404 36 1835 404 36 1836 403 36 1837 229 36 1838 228 36 1839 227 36 1840 405 36 1841 405 36 1842 404 36 1843 228 36 1844 227 36 1845 226 36 1846 406 36 1847 406 36 1848 405 36 1849 227 36 1850 226 36 1851 200 36 1852 407 36 1853 407 36 1854 406 36 1855 226 36 1856 200 36 1857 201 36 1858 408 36 1859 408 36 1860 407 36 1861 200 36 1862 201 36 1863 202 36 1864 409 36 1865 409 36 1866 408 36 1867 201 36 1868 202 36 1869 203 36 1870 410 36 1871 410 36 1872 409 36 1873 202 36 1874 203 36 1875 204 36 1876 411 36 1877 411 36 1878 410 36 1879 203 36 1880 204 36 1881 205 36 1882 412 36 1883 412 36 1884 411 36 1885 204 36 1886 205 36 1887 206 36 1888 413 36 1889 413 36 1890 412 36 1891 205 36 1892 206 36 1893 207 36 1894 414 36 1895 414 36 1896 413 36 1897 206 36 1898 207 36 1899 208 36 1900 415 36 1901 415 36 1902 414 36 1903 207 36 1904 208 95 1905 183 95 1906 378 95 1907 378 36 1908 415 36 1909 208 36 1910 378 96 1911 379 97 1912 417 98 1913 417 98 1914 416 99 1915 378 96 1916 379 97 1917 380 100 1918 418 101 1919 418 101 1920 417 98 1921 379 97 1922 380 100 1923 381 102 1924 419 103 1925 419 103 1926 418 101 1927 380 100 1928 381 102 1929 382 104 1930 420 105 1931 420 105 1932 419 103 1933 381 102 1934 382 104 1935 383 106 1936 421 107 1937 421 107 1938 420 105 1939 382 104 1940 383 106 1941 384 108 1942 422 109 1943 422 109 1944 421 107 1945 383 106 1946 384 108 1947 385 110 1948 423 111 1949 423 111 1950 422 109 1951 384 108 1952 385 110 1953 386 112 1954 424 113 1955 424 113 1956 423 111 1957 385 110 1958 386 112 1959 387 114 1960 425 115 1961 425 115 1962 424 113 1963 386 112 1964 387 114 1965 388 116 1966 426 117 1967 426 117 1968 425 115 1969 387 114 1970 388 116 1971 389 118 1972 427 119 1973 427 119 1974 426 117 1975 388 116 1976 389 118 1977 390 120 1978 428 121 1979 428 121 1980 427 119 1981 389 118 1982 390 120 1983 391 122 1984 429 123 1985 429 123 1986 428 121 1987 390 120 1988 391 122 1989 392 124 1990 430 125 1991 430 125 1992 429 123 1993 391 122 1994 392 124 1995 393 126 1996 431 127 1997 431 127 1998 430 125 1999 392 124 2000 393 126 2001 394 128 2002 432 129 2003 432 129 2004 431 127 2005 393 126 2006 394 128 2007 395 130 2008 433 131 2009 433 131 2010 432 129 2011 394 128 2012 395 130 2013 396 132 2014 434 133 2015 434 133 2016 433 131 2017 395 130 2018 396 132 2019 397 134 2020 435 135 2021 435 135 2022 434 133 2023 396 132 2024 397 134 2025 398 136 2026 436 137 2027 436 137 2028 435 135 2029 397 134 2030 398 136 2031 399 138 2032 437 139 2033 437 139 2034 436 137 2035 398 136 2036 399 138 2037 400 140 2038 438 141 2039 438 141 2040 437 139 2041 399 138 2042 400 140 2043 401 142 2044 439 143 2045 439 143 2046 438 141 2047 400 140 2048 401 142 2049 402 144 2050 440 145 2051 440 145 2052 439 143 2053 401 142 2054 402 144 2055 403 146 2056 441 147 2057 441 147 2058 440 145 2059 402 144 2060 403 146 2061 404 148 2062 442 149 2063 442 149 2064 441 147 2065 403 146 2066 404 148 2067 405 150 2068 443 151 2069 443 151 2070 442 149 2071 404 148 2072 405 150 2073 406 152 2074 444 153 2075 444 153 2076 443 151 2077 405 150 2078 406 152 2079 407 154 2080 445 155 2081 445 155 2082 444 153 2083 406 152 2084 407 154 2085 408 156 2086 446 157 2087 446 157 2088 445 155 2089 407 154 2090 408 156 2091 409 158 2092 447 159 2093 447 159 2094 446 157 2095 408 156 2096 409 158 2097 410 160 2098 448 161 2099 448 161 2100 447 159 2101 409 158 2102 410 160 2103 411 162 2104 449 163 2105 449 163 2106 448 161 2107 410 160 2108 411 162 2109 412 164 2110 450 165 2111 450 165 2112 449 163 2113 411 162 2114 412 164 2115 413 166 2116 451 167 2117 451 167 2118 450 165 2119 412 164 2120 413 166 2121 414 168 2122 452 169 2123 452 169 2124 451 167 2125 413 166 2126 414 168 2127 415 170 2128 453 171 2129 453 171 2130 452 169 2131 414 168 2132 415 170 2133 378 96 2134 416 99 2135 416 99 2136 453 171 2137 415 170 2138 416 99 2139 417 98 2140 455 3 2141 455 3 2142 454 4 2143 416 99 2144 417 98 2145 418 101 2146 456 6 2147 456 6 2148 455 3 2149 417 98 2150 418 101 2151 419 103 2152 457 172 2153 457 172 2154 456 6 2155 418 101 2156 419 103 2157 420 105 2158 458 173 2159 458 173 2160 457 172 2161 419 103 2162 420 105 2163 421 107 2164 459 174 2165 459 174 2166 458 173 2167 420 105 2168 421 107 2169 422 109 2170 460 175 2171 460 175 2172 459 174 2173 421 107 2174 422 109 2175 423 111 2176 461 176 2177 461 176 2178 460 175 2179 422 109 2180 423 111 2181 424 113 2182 462 38 2183 462 38 2184 461 176 2185 423 111 2186 425 115 2187 463 177 2188 496 178 2189 425 115 2190 496 178 2191 497 179 2192 425 115 2193 497 179 2194 498 180 2195 425 115 2196 498 180 2197 499 181 2198 425 115 2199 499 181 2200 500 182 2201 425 115 2202 500 182 2203 501 183 2204 425 115 2205 501 183 2206 502 184 2207 425 115 2208 502 184 2209 503 185 2210 425 115 2211 503 185 2212 504 186 2213 425 115 2214 504 186 2215 505 187 2216 425 115 2217 505 187 2218 506 188 2219 425 115 2220 506 188 2221 507 189 2222 425 115 2223 507 189 2224 508 190 2225 425 115 2226 508 190 2227 509 191 2228 425 115 2229 509 191 2230 510 192 2231 425 115 2232 510 192 2233 511 193 2234 425 115 2235 511 193 2236 512 194 2237 425 115 2238 512 194 2239 513 195 2240 425 115 2241 513 195 2242 514 196 2243 425 115 2244 514 196 2245 515 197 2246 425 115 2247 515 197 2248 516 198 2249 425 115 2250 516 198 2251 517 199 2252 425 115 2253 517 199 2254 518 200 2255 425 115 2256 518 200 2257 492 39 2258 424 113 2259 425 115 2260 492 39 2261 424 113 2262 492 39 2263 462 38 2264 425 115 2265 426 117 2266 464 201 2267 464 201 2268 463 177 2269 425 115 2270 426 117 2271 427 119 2272 465 41 2273 465 41 2274 493 40 2275 519 202 2276 465 41 2277 519 202 2278 520 203 2279 465 41 2280 520 203 2281 521 204 2282 465 41 2283 521 204 2284 522 205 2285 465 41 2286 522 205 2287 523 206 2288 465 41 2289 523 206 2290 524 207 2291 465 41 2292 524 207 2293 525 208 2294 465 41 2295 525 208 2296 526 209 2297 465 41 2298 526 209 2299 527 210 2300 465 41 2301 527 210 2302 528 211 2303 465 41 2304 528 211 2305 529 212 2306 465 41 2307 529 212 2308 530 213 2309 465 41 2310 530 213 2311 531 214 2312 465 41 2313 531 214 2314 532 215 2315 465 41 2316 532 215 2317 533 216 2318 465 41 2319 533 216 2320 534 217 2321 465 41 2322 534 217 2323 535 218 2324 465 41 2325 535 218 2326 536 219 2327 465 41 2328 536 219 2329 537 220 2330 465 41 2331 537 220 2332 538 221 2333 465 41 2334 538 221 2335 539 222 2336 465 41 2337 539 222 2338 540 223 2339 465 41 2340 540 223 2341 541 224 2342 465 41 2343 541 224 2344 464 201 2345 426 117 2346 465 41 2347 464 201 2348 427 119 2349 428 121 2350 466 225 2351 466 225 2352 465 41 2353 427 119 2354 428 121 2355 429 123 2356 467 226 2357 467 226 2358 466 225 2359 428 121 2360 429 123 2361 430 125 2362 468 227 2363 468 227 2364 467 226 2365 429 123 2366 430 125 2367 431 127 2368 469 228 2369 469 228 2370 468 227 2371 430 125 2372 431 127 2373 432 129 2374 470 229 2375 470 229 2376 469 228 2377 431 127 2378 432 129 2379 433 131 2380 471 230 2381 471 230 2382 470 229 2383 432 129 2384 433 131 2385 434 133 2386 472 231 2387 472 231 2388 471 230 2389 433 131 2390 434 133 2391 435 135 2392 473 232 2393 473 232 2394 472 231 2395 434 133 2396 435 135 2397 436 137 2398 474 233 2399 474 233 2400 473 232 2401 435 135 2402 436 137 2403 437 139 2404 475 234 2405 475 234 2406 474 233 2407 436 137 2408 437 139 2409 438 141 2410 476 235 2411 476 235 2412 475 234 2413 437 139 2414 438 141 2415 439 143 2416 477 236 2417 477 236 2418 476 235 2419 438 141 2420 439 143 2421 440 145 2422 478 237 2423 478 237 2424 477 236 2425 439 143 2426 440 145 2427 441 147 2428 479 238 2429 479 238 2430 478 237 2431 440 145 2432 441 147 2433 442 149 2434 480 239 2435 480 239 2436 479 238 2437 441 147 2438 442 149 2439 443 151 2440 481 46 2441 481 46 2442 480 239 2443 442 149 2444 444 153 2445 482 240 2446 542 241 2447 444 153 2448 542 241 2449 543 242 2450 444 153 2451 543 242 2452 544 243 2453 444 153 2454 544 243 2455 545 244 2456 444 153 2457 545 244 2458 546 245 2459 444 153 2460 546 245 2461 547 246 2462 444 153 2463 547 246 2464 548 247 2465 444 153 2466 548 247 2467 549 248 2468 444 153 2469 549 248 2470 550 249 2471 444 153 2472 550 249 2473 551 250 2474 444 153 2475 551 250 2476 552 251 2477 444 153 2478 552 251 2479 553 252 2480 444 153 2481 553 252 2482 554 253 2483 444 153 2484 554 253 2485 555 254 2486 444 153 2487 555 254 2488 556 255 2489 444 153 2490 556 255 2491 557 256 2492 444 153 2493 557 256 2494 558 257 2495 444 153 2496 558 257 2497 559 258 2498 444 153 2499 559 258 2500 560 259 2501 444 153 2502 560 259 2503 561 260 2504 444 153 2505 561 260 2506 562 261 2507 444 153 2508 562 261 2509 563 262 2510 444 153 2511 563 262 2512 564 263 2513 444 153 2514 564 263 2515 494 47 2516 443 151 2517 444 153 2518 494 47 2519 443 151 2520 494 47 2521 481 46 2522 444 153 2523 445 155 2524 483 264 2525 483 264 2526 482 240 2527 444 153 2528 445 155 2529 446 157 2530 484 45 2531 484 45 2532 495 44 2533 565 265 2534 484 45 2535 565 265 2536 566 266 2537 484 45 2538 566 266 2539 567 267 2540 484 45 2541 567 267 2542 568 268 2543 484 45 2544 568 268 2545 569 269 2546 484 45 2547 569 269 2548 570 270 2549 484 45 2550 570 270 2551 571 271 2552 484 45 2553 571 271 2554 572 272 2555 484 45 2556 572 272 2557 573 273 2558 484 45 2559 573 273 2560 574 274 2561 484 45 2562 574 274 2563 575 275 2564 484 45 2565 575 275 2566 576 276 2567 484 45 2568 576 276 2569 577 277 2570 484 45 2571 577 277 2572 578 278 2573 484 45 2574 578 278 2575 579 279 2576 484 45 2577 579 279 2578 580 280 2579 484 45 2580 580 280 2581 581 281 2582 484 45 2583 581 281 2584 582 282 2585 484 45 2586 582 282 2587 583 283 2588 484 45 2589 583 283 2590 584 284 2591 484 45 2592 584 284 2593 585 285 2594 484 45 2595 585 285 2596 586 286 2597 484 45 2598 586 286 2599 587 287 2600 484 45 2601 587 287 2602 483 264 2603 445 155 2604 484 45 2605 483 264 2606 446 157 2607 447 159 2608 485 288 2609 485 288 2610 484 45 2611 446 157 2612 447 159 2613 448 161 2614 486 289 2615 486 289 2616 485 288 2617 447 159 2618 448 161 2619 449 163 2620 487 290 2621 487 290 2622 486 289 2623 448 161 2624 449 163 2625 450 165 2626 488 291 2627 488 291 2628 487 290 2629 449 163 2630 450 165 2631 451 167 2632 489 292 2633 489 292 2634 488 291 2635 450 165 2636 451 167 2637 452 169 2638 490 32 2639 490 32 2640 489 292 2641 451 167 2642 452 169 2643 453 171 2644 491 35 2645 491 35 2646 490 32 2647 452 169 2648 453 171 2649 416 99 2650 454 4 2651 454 4 2652 491 35 2653 453 171 2654 519 202 2655 493 40 2656 492 39 2657 492 39 2658 518 200 2659 519 202 2660 565 265 2661 495 44 2662 494 47 2663 494 47 2664 564 263 2665 565 265 2666 520 203 2667 519 202 2668 518 200 2669 518 200 2670 517 199 2671 520 203 2672 521 204 2673 520 203 2674 517 199 2675 517 199 2676 516 198 2677 521 204 2678 522 205 2679 521 204 2680 516 198 2681 516 198 2682 515 197 2683 522 205 2684 523 206 2685 522 205 2686 515 197 2687 515 197 2688 514 196 2689 523 206 2690 524 207 2691 523 206 2692 514 196 2693 514 196 2694 513 195 2695 524 207 2696 525 208 2697 524 207 2698 513 195 2699 513 195 2700 512 194 2701 525 208 2702 526 209 2703 525 208 2704 512 194 2705 512 194 2706 511 193 2707 526 209 2708 527 210 2709 526 209 2710 511 193 2711 511 193 2712 510 192 2713 527 210 2714 528 211 2715 527 210 2716 510 192 2717 510 192 2718 509 191 2719 528 211 2720 529 212 2721 528 211 2722 509 191 2723 509 191 2724 508 190 2725 529 212 2726 530 213 2727 529 212 2728 508 190 2729 508 190 2730 507 189 2731 530 213 2732 531 214 2733 530 213 2734 507 189 2735 507 189 2736 506 188 2737 531 214 2738 532 215 2739 531 214 2740 506 188 2741 506 188 2742 505 187 2743 532 215 2744 533 216 2745 532 215 2746 505 187 2747 505 187 2748 504 186 2749 533 216 2750 534 217 2751 533 216 2752 504 186 2753 504 186 2754 503 185 2755 534 217 2756 535 218 2757 534 217 2758 503 185 2759 503 185 2760 502 184 2761 535 218 2762 536 219 2763 535 218 2764 502 184 2765 502 184 2766 501 183 2767 536 219 2768 537 220 2769 536 219 2770 501 183 2771 501 183 2772 500 182 2773 537 220 2774 538 221 2775 537 220 2776 500 182 2777 500 182 2778 499 181 2779 538 221 2780 539 222 2781 538 221 2782 499 181 2783 499 181 2784 498 180 2785 539 222 2786 540 223 2787 539 222 2788 498 180 2789 498 180 2790 497 179 2791 540 223 2792 541 224 2793 540 223 2794 497 179 2795 497 179 2796 496 178 2797 541 224 2798 464 201 2799 541 224 2800 496 178 2801 496 178 2802 463 177 2803 464 201 2804 566 266 2805 565 265 2806 564 263 2807 564 263 2808 563 262 2809 566 266 2810 567 267 2811 566 266 2812 563 262 2813 563 262 2814 562 261 2815 567 267 2816 568 268 2817 567 267 2818 562 261 2819 562 261 2820 561 260 2821 568 268 2822 569 269 2823 568 268 2824 561 260 2825 561 260 2826 560 259 2827 569 269 2828 570 270 2829 569 269 2830 560 259 2831 560 259 2832 559 258 2833 570 270 2834 571 271 2835 570 270 2836 559 258 2837 559 258 2838 558 257 2839 571 271 2840 572 272 2841 571 271 2842 558 257 2843 558 257 2844 557 256 2845 572 272 2846 573 273 2847 572 272 2848 557 256 2849 557 256 2850 556 255 2851 573 273 2852 574 274 2853 573 273 2854 556 255 2855 556 255 2856 555 254 2857 574 274 2858 575 275 2859 574 274 2860 555 254 2861 555 254 2862 554 253 2863 575 275 2864 576 276 2865 575 275 2866 554 253 2867 554 253 2868 553 252 2869 576 276 2870 577 277 2871 576 276 2872 553 252 2873 553 252 2874 552 251 2875 577 277 2876 578 278 2877 577 277 2878 552 251 2879 552 251 2880 551 250 2881 578 278 2882 579 279 2883 578 278 2884 551 250 2885 551 250 2886 550 249 2887 579 279 2888 580 280 2889 579 279 2890 550 249 2891 550 249 2892 549 248 2893 580 280 2894 581 281 2895 580 280 2896 549 248 2897 549 248 2898 548 247 2899 581 281 2900 582 282 2901 581 281 2902 548 247 2903 548 247 2904 547 246 2905 582 282 2906 583 283 2907 582 282 2908 547 246 2909 547 246 2910 546 245 2911 583 283 2912 584 284 2913 583 283 2914 546 245 2915 546 245 2916 545 244 2917 584 284 2918 585 285 2919 584 284 2920 545 244 2921 545 244 2922 544 243 2923 585 285 2924 586 286 2925 585 285 2926 544 243 2927 544 243 2928 543 242 2929 586 286 2930 587 287 2931 586 286 2932 543 242 2933 543 242 2934 542 241 2935 587 287 2936 483 264 2937 587 287 2938 542 241 2939 542 241 2940 482 240 2941 483 264 2942 640 293 2943 641 293 2944 589 293 2945 589 294 2946 588 294 2947 640 294 2948 641 295 2949 642 295 2950 590 295 2951 590 296 2952 589 296 2953 641 296 2954 642 297 2955 643 297 2956 591 297 2957 591 298 2958 590 298 2959 642 298 2960 643 299 2961 644 299 2962 592 299 2963 592 300 2964 591 300 2965 643 300 2966 644 301 2967 645 301 2968 593 301 2969 593 302 2970 592 302 2971 644 302 2972 645 36 2973 646 36 2974 594 36 2975 594 36 2976 593 36 2977 645 36 2978 646 36 2979 647 36 2980 595 36 2981 595 36 2982 594 36 2983 646 36 2984 647 36 2985 648 36 2986 596 36 2987 596 36 2988 595 36 2989 647 36 2990 648 303 2991 649 303 2992 597 303 2993 597 304 2994 596 304 2995 648 304 2996 649 305 2997 650 305 2998 598 305 2999 598 306 3000 597 306 3001 649 306 3002 650 307 3003 651 307 3004 599 307 3005 599 308 3006 598 308 3007 650 308 3008 651 309 3009 652 309 3010 600 309 3011 600 310 3012 599 310 3013 651 310 3014 652 311 3015 653 311 3016 601 311 3017 601 312 3018 600 312 3019 652 312 3020 653 313 3021 654 313 3022 602 313 3023 602 314 3024 601 314 3025 653 314 3026 654 315 3027 655 315 3028 603 315 3029 603 316 3030 602 316 3031 654 316 3032 655 317 3033 656 317 3034 604 317 3035 604 318 3036 603 318 3037 655 318 3038 656 319 3039 657 319 3040 605 319 3041 605 320 3042 604 320 3043 656 320 3044 657 321 3045 658 321 3046 606 321 3047 606 322 3048 605 322 3049 657 322 3050 658 36 3051 659 36 3052 607 36 3053 607 36 3054 606 36 3055 658 36 3056 659 36 3057 660 36 3058 608 36 3059 608 323 3060 607 323 3061 659 323 3062 660 36 3063 661 36 3064 609 36 3065 609 324 3066 608 324 3067 660 324 3068 661 325 3069 662 325 3070 610 325 3071 610 36 3072 609 36 3073 661 36 3074 662 297 3075 663 297 3076 611 297 3077 611 326 3078 610 326 3079 662 326 3080 663 327 3081 664 327 3082 612 327 3083 612 328 3084 611 328 3085 663 328 3086 664 329 3087 665 329 3088 613 329 3089 613 330 3090 612 330 3091 664 330 3092 665 331 3093 640 331 3094 588 331 3095 588 332 3096 613 332 3097 665 332 3098 236 36 3099 235 36 3100 666 36 3101 666 333 3102 667 333 3103 236 333 3104 235 36 3105 260 36 3106 691 36 3107 691 36 3108 666 36 3109 235 36 3110 260 334 3111 259 334 3112 690 334 3113 690 36 3114 691 36 3115 260 36 3116 259 335 3117 258 335 3118 689 335 3119 689 336 3120 690 336 3121 259 336 3122 258 337 3123 257 337 3124 688 337 3125 688 338 3126 689 338 3127 258 338 3128 257 339 3129 256 339 3130 687 339 3131 687 36 3132 688 36 3133 257 36 3134 256 340 3135 255 340 3136 686 340 3137 686 341 3138 687 341 3139 256 341 3140 255 36 3141 254 36 3142 685 36 3143 685 36 3144 686 36 3145 255 36 3146 254 342 3147 253 342 3148 684 342 3149 684 343 3150 685 343 3151 254 343 3152 253 344 3153 252 344 3154 683 344 3155 683 345 3156 684 345 3157 253 345 3158 252 346 3159 251 346 3160 682 346 3161 682 347 3162 683 347 3163 252 347 3164 251 36 3165 250 36 3166 681 36 3167 681 348 3168 682 348 3169 251 348 3170 250 349 3171 249 349 3172 680 349 3173 680 36 3174 681 36 3175 250 36 3176 249 350 3177 248 350 3178 679 350 3179 679 351 3180 680 351 3181 249 351 3182 248 352 3183 247 352 3184 678 352 3185 678 353 3186 679 353 3187 248 353 3188 247 354 3189 246 354 3190 677 354 3191 677 355 3192 678 355 3193 247 355 3194 246 356 3195 245 356 3196 676 356 3197 676 357 3198 677 357 3199 246 357 3200 245 358 3201 244 358 3202 675 358 3203 675 359 3204 676 359 3205 245 359 3206 244 360 3207 243 360 3208 674 360 3209 674 361 3210 675 361 3211 244 361 3212 243 362 3213 242 362 3214 673 362 3215 673 363 3216 674 363 3217 243 363 3218 242 36 3219 241 36 3220 672 36 3221 672 36 3222 673 36 3223 242 36 3224 241 364 3225 240 364 3226 671 364 3227 671 365 3228 672 365 3229 241 365 3230 240 366 3231 239 366 3232 670 366 3233 670 367 3234 671 367 3235 240 367 3236 239 368 3237 238 368 3238 669 368 3239 669 369 3240 670 369 3241 239 369 3242 238 370 3243 237 370 3244 668 370 3245 668 371 3246 669 371 3247 238 371 3248 237 372 3249 236 372 3250 667 372 3251 667 373 3252 668 373 3253 237 373 3254 209 374 3255 210 375 3256 641 3 3257 641 3 3258 640 4 3259 209 374 3260 210 375 3261 211 376 3262 642 6 3263 642 6 3264 641 3 3265 210 375 3266 211 376 3267 212 377 3268 643 172 3269 643 172 3270 642 6 3271 211 376 3272 212 377 3273 213 378 3274 644 173 3275 644 173 3276 643 172 3277 212 377 3278 213 378 3279 214 379 3280 645 174 3281 645 174 3282 644 173 3283 213 378 3284 214 379 3285 215 239 3286 646 175 3287 646 175 3288 645 174 3289 214 379 3290 215 239 3291 216 238 3292 647 176 3293 647 176 3294 646 175 3295 215 239 3296 216 238 3297 217 237 3298 648 380 3299 648 380 3300 647 176 3301 216 238 3302 217 237 3303 218 236 3304 649 381 3305 649 381 3306 648 380 3307 217 237 3308 218 236 3309 219 235 3310 650 382 3311 650 382 3312 649 381 3313 218 236 3314 219 235 3315 220 234 3316 651 15 3317 651 15 3318 650 382 3319 219 235 3320 220 234 3321 221 233 3322 652 18 3323 652 18 3324 651 15 3325 220 234 3326 221 233 3327 222 232 3328 653 20 3329 653 20 3330 652 18 3331 221 233 3332 222 232 3333 223 231 3334 654 22 3335 654 22 3336 653 20 3337 222 232 3338 223 231 3339 224 230 3340 655 24 3341 655 24 3342 654 22 3343 223 231 3344 224 230 3345 225 229 3346 656 383 3347 656 383 3348 655 24 3349 224 230 3350 225 229 3351 226 228 3352 657 384 3353 657 384 3354 656 383 3355 225 229 3356 226 228 3357 227 227 3358 658 385 3359 658 385 3360 657 384 3361 226 228 3362 227 227 3363 228 226 3364 659 288 3365 659 288 3366 658 385 3367 227 227 3368 228 226 3369 229 225 3370 660 289 3371 660 289 3372 659 288 3373 228 226 3374 229 225 3375 230 386 3376 661 290 3377 661 290 3378 660 289 3379 229 225 3380 230 386 3381 231 387 3382 662 291 3383 662 291 3384 661 290 3385 230 386 3386 231 387 3387 232 388 3388 663 292 3389 663 292 3390 662 291 3391 231 387 3392 232 388 3393 233 389 3394 664 32 3395 664 32 3396 663 292 3397 232 388 3398 233 389 3399 234 390 3400 665 35 3401 665 35 3402 664 32 3403 233 389 3404 234 390 3405 209 374 3406 640 4 3407 640 4 3408 665 35 3409 234 390 3410 615 391 3411 614 392 3412 667 393 3413 667 393 3414 666 394 3415 615 391 3416 614 392 3417 639 395 3418 668 396 3419 668 396 3420 667 393 3421 614 392 3422 639 395 3423 638 397 3424 669 398 3425 669 398 3426 668 396 3427 639 395 3428 638 397 3429 637 399 3430 670 400 3431 670 400 3432 669 398 3433 638 397 3434 637 399 3435 636 401 3436 671 402 3437 671 402 3438 670 400 3439 637 399 3440 636 401 3441 635 403 3442 672 404 3443 672 404 3444 671 402 3445 636 401 3446 635 403 3447 634 405 3448 673 406 3449 673 406 3450 672 404 3451 635 403 3452 634 405 3453 633 407 3454 674 408 3455 674 408 3456 673 406 3457 634 405 3458 633 407 3459 632 409 3460 675 410 3461 675 410 3462 674 408 3463 633 407 3464 632 409 3465 631 411 3466 676 412 3467 676 412 3468 675 410 3469 632 409 3470 631 411 3471 630 413 3472 677 414 3473 677 414 3474 676 412 3475 631 411 3476 630 413 3477 629 415 3478 678 416 3479 678 416 3480 677 414 3481 630 413 3482 629 415 3483 628 417 3484 679 418 3485 679 418 3486 678 416 3487 629 415 3488 628 417 3489 627 419 3490 680 420 3491 680 420 3492 679 418 3493 628 417 3494 627 419 3495 626 421 3496 681 422 3497 681 422 3498 680 420 3499 627 419 3500 626 421 3501 625 423 3502 682 424 3503 682 424 3504 681 422 3505 626 421 3506 625 423 3507 624 425 3508 683 426 3509 683 426 3510 682 424 3511 625 423 3512 624 425 3513 623 427 3514 684 428 3515 684 428 3516 683 426 3517 624 425 3518 623 427 3519 622 429 3520 685 430 3521 685 430 3522 684 428 3523 623 427 3524 622 429 3525 621 431 3526 686 432 3527 686 432 3528 685 430 3529 622 429 3530 621 431 3531 620 433 3532 687 434 3533 687 434 3534 686 432 3535 621 431 3536 620 433 3537 619 435 3538 688 436 3539 688 436 3540 687 434 3541 620 433 3542 619 435 3543 618 437 3544 689 438 3545 689 438 3546 688 436 3547 619 435 3548 618 437 3549 617 439 3550 690 440 3551 690 440 3552 689 438 3553 618 437 3554 617 439 3555 616 441 3556 691 442 3557 691 442 3558 690 440 3559 617 439 3560 616 441 3561 615 391 3562 666 394 3563 666 394 3564 691 442 3565 616 441 3566 722 443 3567 694 11 3568 693 10 3569 693 10 3570 721 444 3571 722 443 3572 700 445 3573 692 446 3574 695 447 3575 695 447 3576 743 448 3577 700 445 3578 766 449 3579 698 29 3580 697 28 3581 697 28 3582 765 450 3583 766 449 3584 744 451 3585 696 452 3586 699 453 3587 699 453 3588 787 454 3589 744 451 3590 723 455 3591 722 443 3592 721 444 3593 721 444 3594 720 456 3595 723 455 3596 724 457 3597 723 455 3598 720 456 3599 720 456 3600 719 458 3601 724 457 3602 725 459 3603 724 457 3604 719 458 3605 719 458 3606 718 460 3607 725 459 3608 726 461 3609 725 459 3610 718 460 3611 718 460 3612 717 462 3613 726 461 3614 727 463 3615 726 461 3616 717 462 3617 717 462 3618 716 464 3619 727 463 3620 728 465 3621 727 463 3622 716 464 3623 716 464 3624 715 466 3625 728 465 3626 729 467 3627 728 465 3628 715 466 3629 715 466 3630 714 468 3631 729 467 3632 730 469 3633 729 467 3634 714 468 3635 714 468 3636 713 470 3637 730 469 3638 731 471 3639 730 469 3640 713 470 3641 713 470 3642 712 472 3643 731 471 3644 732 473 3645 731 471 3646 712 472 3647 712 472 3648 711 474 3649 732 473 3650 369 84 3651 732 473 3652 711 474 3653 711 474 3654 368 85 3655 369 84 3656 701 475 3657 700 445 3658 743 448 3659 743 448 3660 742 476 3661 701 475 3662 702 477 3663 701 475 3664 742 476 3665 742 476 3666 741 478 3667 702 477 3668 703 479 3669 702 477 3670 741 478 3671 741 478 3672 740 480 3673 703 479 3674 704 481 3675 703 479 3676 740 480 3677 740 480 3678 739 482 3679 704 481 3680 705 483 3681 704 481 3682 739 482 3683 739 482 3684 738 484 3685 705 483 3686 706 485 3687 705 483 3688 738 484 3689 738 484 3690 737 486 3691 706 485 3692 707 487 3693 706 485 3694 737 486 3695 737 486 3696 736 488 3697 707 487 3698 708 489 3699 707 487 3700 736 488 3701 736 488 3702 735 490 3703 708 489 3704 709 491 3705 708 489 3706 735 490 3707 735 490 3708 734 492 3709 709 491 3710 710 493 3711 709 491 3712 734 492 3713 734 492 3714 733 494 3715 710 493 3716 366 86 3717 710 493 3718 733 494 3719 733 494 3720 371 87 3721 366 86 3722 767 495 3723 766 449 3724 765 450 3725 765 450 3726 764 496 3727 767 495 3728 768 497 3729 767 495 3730 764 496 3731 764 496 3732 763 498 3733 768 497 3734 769 499 3735 768 497 3736 763 498 3737 763 498 3738 762 500 3739 769 499 3740 770 501 3741 769 499 3742 762 500 3743 762 500 3744 761 502 3745 770 501 3746 771 503 3747 770 501 3748 761 502 3749 761 502 3750 760 504 3751 771 503 3752 772 505 3753 771 503 3754 760 504 3755 760 504 3756 759 506 3757 772 505 3758 773 507 3759 772 505 3760 759 506 3761 759 506 3762 758 508 3763 773 507 3764 774 509 3765 773 507 3766 758 508 3767 758 508 3768 757 510 3769 774 509 3770 775 511 3771 774 509 3772 757 510 3773 757 510 3774 756 512 3775 775 511 3776 776 513 3777 775 511 3778 756 512 3779 756 512 3780 755 514 3781 776 513 3782 376 88 3783 776 513 3784 755 514 3785 755 514 3786 375 89 3787 376 88 3788 745 515 3789 744 451 3790 787 454 3791 787 454 3792 786 516 3793 745 515 3794 746 517 3795 745 515 3796 786 516 3797 786 516 3798 785 518 3799 746 517 3800 747 519 3801 746 517 3802 785 518 3803 785 518 3804 784 520 3805 747 519 3806 748 521 3807 747 519 3808 784 520 3809 784 520 3810 783 522 3811 748 521 3812 749 523 3813 748 521 3814 783 522 3815 783 522 3816 782 524 3817 749 523 3818 750 525 3819 749 523 3820 782 524 3821 782 524 3822 781 526 3823 750 525 3824 751 527 3825 750 525 3826 781 526 3827 781 526 3828 780 528 3829 751 527 3830 752 529 3831 751 527 3832 780 528 3833 780 528 3834 779 530 3835 752 529 3836 753 531 3837 752 529 3838 779 530 3839 779 530 3840 778 532 3841 753 531 3842 754 533 3843 753 531 3844 778 532 3845 778 532 3846 777 534 3847 754 533 3848 372 90 3849 754 533 3850 777 534 3851 777 534 3852 377 91 3853 372 90 3854</p>
        </triangles>
        <triangles material="light-yellow_001-material" count="234">
          <input semantic="VERTEX" source="#Örüntü_021-mesh-vertices" offset="0"/>
          <input semantic="NORMAL" source="#Örüntü_021-mesh-normals" offset="1"/>
          <input semantic="TEXCOORD" source="#Örüntü_021-mesh-map-0" offset="2" set="0"/>
          <p>235 535 3855 236 535 3856 262 535 3857 262 36 3858 261 36 3859 235 36 3860 236 536 3861 237 536 3862 263 536 3863 263 537 3864 262 537 3865 236 537 3866 237 36 3867 238 36 3868 264 36 3869 264 538 3870 263 538 3871 237 538 3872 238 36 3873 239 36 3874 265 36 3875 265 36 3876 264 36 3877 238 36 3878 239 36 3879 240 36 3880 266 36 3881 266 36 3882 265 36 3883 239 36 3884 240 36 3885 241 36 3886 267 36 3887 267 36 3888 266 36 3889 240 36 3890 241 36 3891 242 36 3892 268 36 3893 268 36 3894 267 36 3895 241 36 3896 242 36 3897 243 36 3898 269 36 3899 269 539 3900 268 539 3901 242 539 3902 243 540 3903 244 540 3904 270 540 3905 270 36 3906 269 36 3907 243 36 3908 244 541 3909 245 541 3910 271 541 3911 271 542 3912 270 542 3913 244 542 3914 245 543 3915 246 543 3916 272 543 3917 272 544 3918 271 544 3919 245 544 3920 246 545 3921 247 545 3922 273 545 3923 273 546 3924 272 546 3925 246 546 3926 247 547 3927 248 547 3928 274 547 3929 274 548 3930 273 548 3931 247 548 3932 248 549 3933 249 549 3934 275 549 3935 275 550 3936 274 550 3937 248 550 3938 249 36 3939 250 36 3940 276 36 3941 276 548 3942 275 548 3943 249 548 3944 250 36 3945 251 36 3946 277 36 3947 277 36 3948 276 36 3949 250 36 3950 251 36 3951 252 36 3952 278 36 3953 278 36 3954 277 36 3955 251 36 3956 252 551 3957 253 551 3958 279 551 3959 279 36 3960 278 36 3961 252 36 3962 253 36 3963 254 36 3964 280 36 3965 280 36 3966 279 36 3967 253 36 3968 254 36 3969 255 36 3970 281 36 3971 281 552 3972 280 552 3973 254 552 3974 255 36 3975 256 36 3976 282 36 3977 282 36 3978 281 36 3979 255 36 3980 256 543 3981 257 543 3982 283 543 3983 283 553 3984 282 553 3985 256 553 3986 257 36 3987 258 36 3988 284 36 3989 284 554 3990 283 554 3991 257 554 3992 258 36 3993 259 36 3994 285 36 3995 285 36 3996 284 36 3997 258 36 3998 259 555 3999 260 555 4000 286 555 4001 286 36 4002 285 36 4003 259 36 4004 260 36 4005 235 36 4006 261 36 4007 261 556 4008 286 556 4009 260 556 4010 261 557 4011 262 557 4012 288 557 4013 288 36 4014 287 36 4015 261 36 4016 262 558 4017 263 558 4018 289 558 4019 289 559 4020 288 559 4021 262 559 4022 263 36 4023 264 36 4024 290 36 4025 290 36 4026 289 36 4027 263 36 4028 264 560 4029 265 560 4030 291 560 4031 291 561 4032 290 561 4033 264 561 4034 265 36 4035 266 36 4036 292 36 4037 292 36 4038 291 36 4039 265 36 4040 266 36 4041 267 36 4042 293 36 4043 293 36 4044 292 36 4045 266 36 4046 267 36 4047 268 36 4048 294 36 4049 294 36 4050 293 36 4051 267 36 4052 268 36 4053 269 36 4054 295 36 4055 295 36 4056 294 36 4057 268 36 4058 269 36 4059 270 36 4060 296 36 4061 296 36 4062 295 36 4063 269 36 4064 270 562 4065 271 562 4066 297 562 4067 297 563 4068 296 563 4069 270 563 4070 271 538 4071 272 538 4072 298 538 4073 298 36 4074 297 36 4075 271 36 4076 272 564 4077 273 564 4078 299 564 4079 299 36 4080 298 36 4081 272 36 4082 273 565 4083 274 565 4084 300 565 4085 300 566 4086 299 566 4087 273 566 4088 274 567 4089 275 567 4090 301 567 4091 301 568 4092 300 568 4093 274 568 4094 275 569 4095 276 569 4096 302 569 4097 302 570 4098 301 570 4099 275 570 4100 276 36 4101 277 36 4102 303 36 4103 303 36 4104 302 36 4105 276 36 4106 277 36 4107 278 36 4108 304 36 4109 304 571 4110 303 571 4111 277 571 4112 278 36 4113 279 36 4114 305 36 4115 305 36 4116 304 36 4117 278 36 4118 279 36 4119 280 36 4120 306 36 4121 306 36 4122 305 36 4123 279 36 4124 280 36 4125 281 36 4126 307 36 4127 307 36 4128 306 36 4129 280 36 4130 281 572 4131 282 572 4132 308 572 4133 308 573 4134 307 573 4135 281 573 4136 282 36 4137 283 36 4138 309 36 4139 309 574 4140 308 574 4141 282 574 4142 283 36 4143 284 36 4144 310 36 4145 310 36 4146 309 36 4147 283 36 4148 284 542 4149 285 542 4150 311 542 4151 311 36 4152 310 36 4153 284 36 4154 285 36 4155 286 36 4156 312 36 4157 312 563 4158 311 563 4159 285 563 4160 286 36 4161 261 36 4162 287 36 4163 287 36 4164 312 36 4165 286 36 4166 287 570 4167 288 570 4168 314 570 4169 314 36 4170 313 36 4171 287 36 4172 288 36 4173 289 36 4174 315 36 4175 315 560 4176 314 560 4177 288 560 4178 289 36 4179 290 36 4180 316 36 4181 316 36 4182 315 36 4183 289 36 4184 290 36 4185 291 36 4186 317 36 4187 317 539 4188 316 539 4189 290 539 4190 291 36 4191 292 36 4192 318 36 4193 318 36 4194 317 36 4195 291 36 4196 292 36 4197 293 36 4198 319 36 4199 319 36 4200 318 36 4201 292 36 4202 293 36 4203 294 36 4204 320 36 4205 320 36 4206 319 36 4207 293 36 4208 294 36 4209 295 36 4210 321 36 4211 321 36 4212 320 36 4213 294 36 4214 295 36 4215 296 36 4216 322 36 4217 322 36 4218 321 36 4219 295 36 4220 296 36 4221 297 36 4222 323 36 4223 323 575 4224 322 575 4225 296 575 4226 297 576 4227 298 576 4228 324 576 4229 324 36 4230 323 36 4231 297 36 4232 298 577 4233 299 577 4234 325 577 4235 325 36 4236 324 36 4237 298 36 4238 299 578 4239 300 578 4240 326 578 4241 326 579 4242 325 579 4243 299 579 4244 300 580 4245 301 580 4246 327 580 4247 327 581 4248 326 581 4249 300 581 4250 301 582 4251 302 582 4252 328 582 4253 328 36 4254 327 36 4255 301 36 4256 302 36 4257 303 36 4258 329 36 4259 329 36 4260 328 36 4261 302 36 4262 303 36 4263 304 36 4264 330 36 4265 330 36 4266 329 36 4267 303 36 4268 304 583 4269 305 583 4270 331 583 4271 331 36 4272 330 36 4273 304 36 4274 305 36 4275 306 36 4276 332 36 4277 332 36 4278 331 36 4279 305 36 4280 306 36 4281 307 36 4282 333 36 4283 333 36 4284 332 36 4285 306 36 4286 307 36 4287 308 36 4288 334 36 4289 334 36 4290 333 36 4291 307 36 4292 308 36 4293 309 36 4294 335 36 4295 335 36 4296 334 36 4297 308 36 4298 309 584 4299 310 584 4300 336 584 4301 336 585 4302 335 585 4303 309 585 4304 310 586 4305 311 586 4306 337 586 4307 337 587 4308 336 587 4309 310 587 4310 311 559 4311 312 559 4312 338 559 4313 338 36 4314 337 36 4315 311 36 4316 312 36 4317 287 36 4318 313 36 4319 313 588 4320 338 588 4321 312 588 4322 313 558 4323 314 558 4324 340 558 4325 340 36 4326 339 36 4327 313 36 4328 314 36 4329 315 36 4330 341 36 4331 341 589 4332 340 589 4333 314 589 4334 315 590 4335 316 590 4336 342 590 4337 342 36 4338 341 36 4339 315 36 4340 316 36 4341 317 36 4342 343 36 4343 343 591 4344 342 591 4345 316 591 4346 317 36 4347 318 36 4348 344 36 4349 344 36 4350 343 36 4351 317 36 4352 318 36 4353 319 36 4354 345 36 4355 345 36 4356 344 36 4357 318 36 4358 319 36 4359 320 36 4360 346 36 4361 346 36 4362 345 36 4363 319 36 4364 320 36 4365 321 36 4366 347 36 4367 347 36 4368 346 36 4369 320 36 4370 321 36 4371 322 36 4372 348 36 4373 348 36 4374 347 36 4375 321 36 4376 322 36 4377 323 36 4378 349 36 4379 349 36 4380 348 36 4381 322 36 4382 323 590 4383 324 590 4384 350 590 4385 350 592 4386 349 592 4387 323 592 4388 324 36 4389 325 36 4390 351 36 4391 351 36 4392 350 36 4393 324 36 4394 325 593 4395 326 593 4396 352 593 4397 352 36 4398 351 36 4399 325 36 4400 326 542 4401 327 542 4402 353 542 4403 353 594 4404 352 594 4405 326 594 4406 327 595 4407 328 595 4408 354 595 4409 354 36 4410 353 36 4411 327 36 4412 328 36 4413 329 36 4414 355 36 4415 355 36 4416 354 36 4417 328 36 4418 329 596 4419 330 596 4420 356 596 4421 356 36 4422 355 36 4423 329 36 4424 330 36 4425 331 36 4426 357 36 4427 357 597 4428 356 597 4429 330 597 4430 331 36 4431 332 36 4432 358 36 4433 358 598 4434 357 598 4435 331 598 4436 332 36 4437 333 36 4438 359 36 4439 359 36 4440 358 36 4441 332 36 4442 333 36 4443 334 36 4444 360 36 4445 360 36 4446 359 36 4447 333 36 4448 334 599 4449 335 599 4450 361 599 4451 361 36 4452 360 36 4453 334 36 4454 335 600 4455 336 600 4456 362 600 4457 362 36 4458 361 36 4459 335 36 4460 336 36 4461 337 36 4462 363 36 4463 363 36 4464 362 36 4465 336 36 4466 337 601 4467 338 601 4468 364 601 4469 364 602 4470 363 602 4471 337 602 4472 338 36 4473 313 36 4474 339 36 4475 339 603 4476 364 603 4477 338 603 4478 365 36 4479 339 36 4480 340 36 4481 365 36 4482 340 36 4483 341 36 4484 365 604 4485 341 604 4486 342 604 4487 365 605 4488 342 605 4489 343 605 4490 365 606 4491 343 606 4492 344 606 4493 365 607 4494 344 607 4495 345 607 4496 365 36 4497 345 36 4498 346 36 4499 365 608 4500 346 608 4501 347 608 4502 365 609 4503 347 609 4504 348 609 4505 365 36 4506 348 36 4507 349 36 4508 365 610 4509 349 610 4510 350 610 4511 365 585 4512 350 585 4513 351 585 4514 365 611 4515 351 611 4516 352 611 4517 365 36 4518 352 36 4519 353 36 4520 365 36 4521 353 36 4522 354 36 4523 365 612 4524 354 612 4525 355 612 4526 365 613 4527 355 613 4528 356 613 4529 365 614 4530 356 614 4531 357 614 4532 365 615 4533 357 615 4534 358 615 4535 365 36 4536 358 36 4537 359 36 4538 365 36 4539 359 36 4540 360 36 4541 365 616 4542 360 616 4543 361 616 4544 365 546 4545 361 546 4546 362 546 4547 365 617 4548 362 617 4549 363 617 4550 365 36 4551 363 36 4552 364 36 4553 365 36 4554 364 36 4555 339 36 4556</p>
        </triangles>
      </mesh>
    </geometry>
    <geometry id="Örüntü_020-mesh" name="Örüntü.020">
      <mesh>
        <source id="Örüntü_020-mesh-positions">
          <float_array id="Örüntü_020-mesh-positions-array" count="384">-15.5 -12.5 -0.08728975 15.5 -12.5 -0.08728975 -15.5 12.5 -0.08728975 15.5 12.5 -0.08728975 -15.5 -12.5 -1 15.5 -12.5 -1 -15.5 12.5 -1 15.5 12.5 -1 -15.3 25 0 15.3 25 0 15.5 25 -1 -15.5 25 -1 -15.3 37.3 0 15.5 37.3 -0.1999999 15.5 37.3 -1 -15.5 37.3 -1 15.3 -25 0 -15.3 -25 0 -15.5 -25 -1 15.5 -25 -1 15.3 -37.3 0 -15.5 -37.3 -0.1999999 -15.5 -37.3 -1 15.5 -37.3 -1 15.5 12.39204 -0.05587559 -15.5 12.39204 -0.05587559 15.5 12.5 -0.3 -15.5 12.5 -0.3 -15.5 12.60796 -0.05587559 15.5 12.60796 -0.05587559 15.5 -12.39204 -0.05587559 -15.5 -12.39204 -0.05587559 -15.5 -12.5 -0.3 15.5 -12.5 -0.3 15.5 -12.60796 -0.05587559 -15.5 -12.60796 -0.05587559 -15.5 -12.5 -2 -15.5 12.5 -2 -15.5 25 -2 -15.3 37.5 -2 15.5 37.3 -2 15.5 25 -2 15.5 12.5 -2 15.5 -12.5 -2 15.5 -25 -2 15.3 -37.5 -2 -15.5 -37.3 -2 -15.5 -25 -2 -15.5 -12.5 -3 -15.5 12.5 -3 -15.5 25 -3 -15.3 37.5 -3 15.5 37.3 -3 15.5 25 -3 15.5 12.5 -3 15.5 -12.5 -3 15.5 -25 -3 15.3 -37.5 -3 -15.5 -37.3 -3 -15.5 -25 -3 -15.5 -12.5 -4.8 -15.5 12.5 -4.8 -15.5 25 -4.8 -15.3 37.5 -4.8 15.5 37.3 -4.8 15.5 25 -4.8 15.5 12.5 -4.8 15.5 -12.5 -4.8 15.5 -25 -4.8 15.3 -37.5 -4.8 -15.5 -37.3 -4.8 -15.5 -25 -4.8 -15.5 25 -0.2 15.5 25 -0.2 -15.3 37.5 -0.1999999 -15.5 37.3 -0.1999999 15.3 37.5 -0.1999999 15.3 37.3 0 15.3 37.5 -1 -15.3 37.5 -1 15.5 -25 -0.2 -15.5 -25 -0.2 15.3 -37.5 -0.1999999 15.5 -37.3 -0.1999999 -15.3 -37.5 -0.1999999 -15.3 -37.3 0 -15.3 -37.5 -1 15.3 -37.5 -1 15.3 12.2 0 15.5 12.34142 -0.1414213 -15.5 12.34142 -0.1414213 -15.3 12.2 0 -15.3 12.8 0 -15.5 12.65858 -0.1414213 15.5 12.65858 -0.1414213 15.3 12.8 0 15.5 -12.34142 -0.1414213 15.3 -12.2 0 -15.3 -12.2 0 -15.5 -12.34142 -0.1414213 15.3 -12.8 0 15.5 -12.65858 -0.1414213 -15.5 -12.65858 -0.1414213 -15.3 -12.8 0 -15.5 37.3 -2 15.3 37.5 -2 15.5 -37.3 -2 -15.3 -37.5 -2 -15.5 37.3 -3 15.3 37.5 -3 15.5 -37.3 -3 -15.3 -37.5 -3 -15.3 -12.5 -5 -15.3 12.5 -5 -15.3 25 -5 -15.3 37.3 -5 -15.5 37.3 -4.8 15.3 37.3 -5 15.3 37.5 -4.8 15.3 25 -5 15.3 12.5 -5 15.3 -12.5 -5 15.3 -25 -5 15.3 -37.3 -5 15.5 -37.3 -4.8 -15.3 -37.3 -5 -15.3 -37.5 -4.8 -15.3 -25 -5</float_array>
          <technique_common>
            <accessor source="#Örüntü_020-mesh-positions-array" count="128" stride="3">
              <param name="X" type="float"/>
              <param name="Y" type="float"/>
              <param name="Z" type="float"/>
            </accessor>
          </technique_common>
        </source>
        <source id="Örüntü_020-mesh-normals">
          <float_array id="Örüntü_020-mesh-normals-array" count="366">0.2477527 0.07489341 0.9659242 -0.2477527 0.07489341 0.9659242 -0.2477527 -0.07489341 0.9659242 0.2477527 -0.07489341 0.9659242 0 0 -1 0 -1 0 1 0 0 1 3.51005e-7 0 1 0 0 0 1 0 -1 -1.28867e-5 0 -1 0 0 -1 1.71823e-5 0 0.3826816 0 0.9238803 -0.382189 8.8505e-4 0.9240838 0.2490954 -0.07358109 0.9656798 1 -2.17983e-7 0 1 -1.21248e-7 0 -1 -1.21248e-7 0 -1 -2.17983e-7 0 0 0 1 1 1.34777e-7 0 -1 1.34777e-7 0 -0.3826816 0 0.9238803 0.382189 -8.8505e-4 0.9240838 -0.2490954 0.07358109 0.9656798 -1 2.17983e-7 0 -1 1.21248e-7 0 1 1.21248e-7 0 1 2.17983e-7 0 -1 -1.34777e-7 0 1 -1.34777e-7 0 0 0.279393 0.9601769 -0.7757274 0 0.6310682 -0.7086464 -0.05163776 0.7036718 0.7086464 -0.05163776 0.7036718 1 2.20233e-5 0 0 -0.279393 0.9601769 0.7757274 0 0.6310682 0.7086312 0.0516389 0.703687 -0.7086464 0.05163776 0.7036718 -1 -2.20234e-5 0 0.7086464 0.05163776 0.7036718 -1 -2.20233e-5 0 -0.7086312 -0.0516389 0.703687 1 2.20234e-5 0 -0.5773497 0.5773403 0.5773609 0.5773497 0.5773403 0.5773609 0.5773497 -0.5773403 0.5773609 -0.5773497 -0.5773403 0.5773609 0.6957441 -0.6181833 0.3657725 -0.6957441 -0.6181833 0.3657725 -0.6957413 0.6181781 0.3657867 0.6957413 0.6181781 0.3657867 0.6957441 0.6181833 0.3657725 -0.6957441 0.6181833 0.3657725 0.6957413 -0.6181781 0.3657867 -0.6957413 -0.6181781 0.3657867 -0.5773479 0.5773445 -0.5773583 0.5773479 0.5773445 -0.5773583 0.5773479 -0.5773445 -0.5773583 -0.5773479 -0.5773445 -0.5773583 0.5773504 0 0.8164964 0.5773505 0 0.8164964 -0.5773504 0 0.8164964 -0.5773505 0 0.8164964 -0.9628157 0.1442331 0.2284352 -0.9240838 8.8505e-4 0.382189 0.9626666 0.1449356 0.2286192 0.9238803 0 0.3826816 0 0.7070999 0.7071138 0 0.707114 0.7070997 0.7071043 0.7071093 0 0.7071127 0.7071009 0 -0.7071043 0.7071093 0 -0.7071127 0.7071008 0 -0.7071072 0 0.7071064 -0.7071069 0 0.7071067 0.7071072 0 0.7071064 0.7071068 0 0.7071067 0.9628157 -0.1442331 0.2284352 0.9240838 -8.8505e-4 0.382189 -0.9626666 -0.1449356 0.2286192 -0.9238803 0 0.3826816 0 -0.7070999 0.7071138 0 -0.707114 0.7070997 -0.7071043 -0.7071093 0 -0.7071127 -0.7071009 0 0.7071043 -0.7071093 0 0.7071127 -0.7071008 0 0.7071072 0 0.7071064 0.7071069 0 0.7071067 -0.7071072 0 0.7071064 -0.7071068 0 0.7071067 -0.7071102 0.7071034 0 -0.7071068 0.7071068 0 0.7071068 0.7071068 0 0.7071102 0.7071034 0 0.7071102 -0.7071034 0 0.7071068 -0.7071068 0 -0.7071068 -0.7071068 0 -0.7071102 -0.7071034 0 -0.7071061 0 -0.7071076 -0.7071072 0 -0.7071065 -0.7071071 0 -0.7071065 -0.7071069 0 -0.7071067 0 0.7071138 -0.7070998 0 0.7070997 -0.7071139 0.7071069 0 -0.7071067 0.7071071 0 -0.7071065 0.7071061 0 -0.7071076 0.7071072 0 -0.7071065 0 -0.7071138 -0.7070998 0 -0.7070997 -0.7071139 -0.7071077 0.707106 0 -0.7071075 0.7071061 0 0.7071077 0.707106 0 0.7071075 0.7071061 0 0.7071077 -0.707106 0 0.7071075 -0.7071061 0 -0.7071077 -0.707106 0 -0.7071075 -0.7071061 0</float_array>
          <technique_common>
            <accessor source="#Örüntü_020-mesh-normals-array" count="122" stride="3">
              <param name="X" type="float"/>
              <param name="Y" type="float"/>
              <param name="Z" type="float"/>
            </accessor>
          </technique_common>
        </source>
        <source id="Örüntü_020-mesh-map-0">
          <float_array id="Örüntü_020-mesh-map-0-array" count="1512">0.006451547 0.988 0.9935484 0.988 0.9935484 0.01199996 0.9935484 0.01199996 0.006451547 0.01199996 0.006451547 0.988 0.006451547 0 0.006451547 1 0.9935484 1 0.9935484 1 0.9935484 0 0.006451547 0 0.006451547 0.1999999 0.006451547 1 0.9935484 1 0.9935484 1 0.9935484 0.1999999 0.006451547 0.1999999 0 1 1 1 1 0.3 0 1 1 0.3 0.9936568 0.1414213 0 0.3 0 1 0.9936568 0.1414213 0 0.3 0.9936568 0.1414213 0.006343126 0.1414213 0.006451547 0.1999999 0.006451547 1 0.9935484 1 0.9935484 1 0.9935484 0.1999999 0.006451547 0.1999999 1 1 1 0.3 0.9936568 0.1414213 1 1 0.9936568 0.1414213 0.006343126 0.1414213 0 1 1 1 0.006343126 0.1414213 0 0.3 0 1 0.006343126 0.1414213 0.006451547 0 0.9935484 0 0.9935484 0 0.9935484 0 0.006451547 0 0.006451547 0 0 1 0 1 0 0.2 0 0.3 0 1 0 0.2 0 0.3 0 0.2 0 0.1414213 0.006451547 1 0.9935484 1 0.9935484 1 0.9935484 1 0.006451547 1 0.006451547 1 1 0.3 1 0.1414213 1 0.2 1 1 1 0.3 1 0.2 1 1 1 0.2 1 1 0.9935484 0 0.006451547 0 0.006451547 0 0.006451547 0 0.9935484 0 0.9935484 0 0 0.2 0 1 0 1 0 1 0 0.1999999 0 0.2 1 1 1 0.2 1 0.1999999 1 0.1999999 1 1 1 1 0.006451547 0 0.9935484 0 0.9935484 0 0.9935484 0 0.006451547 0 0.006451547 0 0 1 0 1 0 0.2 0 0.3 0 1 0 0.2 0 0.3 0 0.2 0 0.1414213 0.006451547 1 0.9935484 1 0.9935484 1 0.9935484 1 0.006451547 1 0.006451547 1 1 0.3 1 0.1414213 1 0.2 1 1 1 0.3 1 0.2 1 1 1 0.2 1 1 0.9935484 0 0.006451547 0 0.006451547 0 0.006451547 0 0.9935484 0 0.9935484 0 0 0.2 0 1 0 1 0 1 0 0.1999999 0 0.2 1 1 1 0.2 1 0.1999999 1 0.1999999 1 1 1 1 0 0.9956814 0 1 1 1 1 1 1 0.9956814 0.9935484 0.988 0 0.9956814 1 1 0.9935484 0.988 0.006451547 0.988 0 0.9956814 0.9935484 0.988 1 0 0.9956814 0 0.9936568 0.1414213 0.9936568 0.1414213 1 0.3 1 0 0 0.3 0.006343126 0.1414213 0.004318535 0 0.004318535 0 0 0 0 0.3 1 0 1 0 0 0 0 0 0 0 0.006451547 0 1 0 0 0 0.006451547 0 0.9935484 0 1 0 0.006451547 0 0 0.3 0 0.1414213 0 0 0 0 0 0 0 0.3 1 0 1 0 1 0.1414213 1 0.1414213 1 0.3 1 0 1 0.004318535 1 0 0 0 0 0 0 0.004318535 0.006451547 0.01199996 1 0.004318535 0 0 0.006451547 0.01199996 0.9935484 0.01199996 1 0.004318535 0.006451547 0.01199996 0 0.3 0.006343126 0.1414213 0.004318535 0 0.004318535 0 0 0 0 0.3 1 0 0.9956814 0 0.9936568 0.1414213 0.9936568 0.1414213 1 0.3 1 0 1 0 1 0 0 0 0 0 0 0 0.006451547 0 1 0 0 0 0.006451547 0 0.9935484 0 1 0 0.006451547 0 0 0.3 0 0.1414213 0 0 0 0 0 0 0 0.3 1 0 1 0 1 0.1414213 1 0.1414213 1 0.3 1 0 0.9935484 1 0.9935484 1 0.006451547 1 0.006451547 1 0.006451547 1 0.9935484 1 0.006451547 1 0.006451547 1 0.9935484 1 0.9935484 1 0.9935484 1 0.006451547 1 0 0 0 1 0 1 0 1 0 0 0 0 1 1 1 1 1 1 1 1 1 1 1 1 1 1 1 1 1 1 1 1 1 1 1 1 0.9935484 1 0.006451547 1 0.006451547 1 0.006451547 1 0.9935484 1 0.9935484 1 0 1 0 1 0 1 0 1 0 1 0 1 0 1 0 1 0 1 0 1 0 1 0 1 1 1 1 0 1 0 1 0 1 1 1 1 1 1 1 1 1 1 1 1 1 1 1 1 1 1 1 1 1 1 1 1 1 1 1 1 0.9935484 1 0.006451547 1 0.006451547 1 0.006451547 1 0.9935484 1 0.9935484 1 0 1 0 1 0 1 0 1 0 1 0 1 0 1 0 1 0 1 0 1 0 1 0 1 0 0 0 1 0 1 0 1 0 0 0 0 1 1 1 1 1 1 1 1 1 1 1 1 1 1 1 1 1 1 1 1 1 1 1 1 0.9935484 1 0.006451547 1 0.006451547 1 0.006451547 1 0.9935484 1 0.9935484 1 0 1 0 1 0 1 0 1 0 1 0 1 0 1 0 1 0 1 0 1 0 1 0 1 1 1 1 0 1 0 1 0 1 1 1 1 1 1 1 1 1 1 1 1 1 1 1 1 1 1 1 1 1 1 1 1 1 1 1 1 0.9935484 1 0.006451547 1 0.006451547 1 0.006451547 1 0.9935484 1 0.9935484 1 0 1 0 1 0 1 0 1 0 1 0 1 0 1 0 1 0 1 0 1 0 1 0 1 0 0 0 1 0 1 0 1 0 0 0 0 1 1 1 1 1 1 1 1 1 1 1 1 1 1 1 1 1 1 1 1 1 1 1 1 0.9935484 1 0.006451547 1 0.006451547 1 0.006451547 1 0.9935484 1 0.9935484 1 0 1 0 1 0 1 0 1 0 1 0 1 0 1 0 1 0 1 0 1 0 1 0 1 1 1 1 0 1 0 1 0 1 1 1 1 1 1 1 1 1 1 1 1 1 1 1 1 1 1 1 1 1 1 1 1 1 1 1 1 0.9935484 1 0.006451547 1 0.006451547 1 0.006451547 1 0.9935484 1 0.9935484 1 0 1 0 1 0 1 0 1 0 1 0 1 0 1 0 1 0 1 0 1 0 1 0 1 0.9935484 0 0.9935484 0.1999999 1 0.1999999 0 0.1999999 0.006451547 0.1999999 0.006451547 0 0.9935484 0 0.9935484 0.1999999 1 0.1999999 0 0.1999999 0.006451547 0.1999999 0.006451547 0 0 0.9956814 0.006451547 0.988 2.97838e-5 0.9968942 0.004318535 0 0.006343126 0.1414213 -0.2701644 -7.95558e-4 1 0 0.9935484 0 1 0.1414213 0 0 0 0.1414213 0.006451547 0 0.004318535 0 0.006343126 0.1414213 -0.2701644 -7.95558e-4 1 0.004318535 0.9935484 0.01199996 0.9999702 0.00310564 1 0 0.9935484 0 1 0.1414213 0 0 0 0.1414213 0.006451547 0 0.9935484 1 0.9935484 1 1 1 0 1 0.006451547 1 0.006451547 1 0.9935484 1 0.9935484 1 1 1 0 1 0.006451547 1 0.006451547 1 0.01199996 0.009935855 0.006343126 0.1414213 0.9936568 0.1414213 0.9936568 0.1414213 0.988 0.009935855 0.01199996 0.009935855 0.01199996 0.009935855 0.006343126 0.1414213 0.9936568 0.1414213 0.9936568 0.1414213 0.988 0.009935855 0.01199996 0.009935855 1 0.1414213 0.9935484 0 0.9935484 0 0.9935484 0 1 0.2 1 0.1414213 0.006451547 0 0 0.1414213 0 0.2 0 0.2 0.006451547 0 0.006451547 0 0.9935484 0.1999999 0.9935484 0 0.006451547 0 0.006451547 0 0.006451547 0.1999999 0.9935484 0.1999999 0.006451547 0.1999999 0 0.1999999 0 1 0 1 0.006451547 1 0.006451547 0.1999999 0.9935484 1 1 1 1 0.1999999 1 0.1999999 0.9935484 0.1999999 0.9935484 1 1 0.2 0.9935484 0 0.9935484 0 0.9935484 0 1 0.1999999 1 0.2 0.006451547 0 0 0.2 0 0.1999999 0 0.1999999 0.006451547 0 0.006451547 0 1 0.1414213 0.9935484 0 0.9935484 0 0.9935484 0 1 0.2 1 0.1414213 0.006451547 0 0 0.1414213 0 0.2 0 0.2 0.006451547 0 0.006451547 0 0.9935484 0.1999999 0.9935484 0 0.006451547 0 0.006451547 0 0.006451547 0.1999999 0.9935484 0.1999999 0.006451547 0.1999999 0 0.1999999 0 1 0 1 0.006451547 1 0.006451547 0.1999999 0.9935484 1 1 1 1 0.1999999 1 0.1999999 0.9935484 0.1999999 0.9935484 1 1 0.2 0.9935484 0 0.9935484 0 0.9935484 0 1 0.1999999 1 0.2 0.006451547 0 0 0.2 0 0.1999999 0 0.1999999 0.006451547 0 0.006451547 0 1 1 0.9935484 1 0.9935484 1 0.9935484 1 1 1 1 1 0.006451547 1 0 1 0 1 0 1 0.006451547 1 0.006451547 1 1 1 0.9935484 1 0.9935484 1 0.9935484 1 1 1 1 1 0.006451547 1 0 1 0 1 0 1 0.006451547 1 0.006451547 1 1 1 0.9935484 1 0.9935484 1 0.9935484 1 1 1 1 1 0.006451547 1 0 1 0 1 0 1 0.006451547 1 0.006451547 1 1 1 0.9935484 1 0.9935484 1 0.9935484 1 1 1 1 1 0.006451547 1 0 1 0 1 0 1 0.006451547 1 0.006451547 1 0.006451547 0 0 0 0 1 0 1 0.006451547 1 0.006451547 0 0.9935484 1 1 1 1 1 1 1 0.9935484 1 0.9935484 1 0.9935484 1 1 1 1 1 1 1 0.9935484 1 0.9935484 1 0.9935484 1 0.9935484 1 0.006451547 1 0.006451547 1 0.006451547 1 0.9935484 1 0.006451547 1 0 1 0 1 0 1 0.006451547 1 0.006451547 1 0.006451547 1 0 1 0 1 0 1 0.006451547 1 0.006451547 1 0.9935484 1 1 1 1 0 1 0 0.9935484 0 0.9935484 1 0.9935484 1 1 1 1 1 1 1 0.9935484 1 0.9935484 1 0.9935484 1 1 1 1 1 1 1 0.9935484 1 0.9935484 1 0.9935484 1 0.9935484 1 0.006451547 1 0.006451547 1 0.006451547 1 0.9935484 1 0.006451547 1 0 1 0 1 0 1 0.006451547 1 0.006451547 1 0.006451547 1 0 1 0 1 0 1 0.006451547 1 0.006451547 1 1 1 0.9935484 1 0.9935484 1 0.9935484 1 1 1 1 1 0.006451547 1 0 1 0 1 0 1 0.006451547 1 0.006451547 1 1 1 0.9935484 1 0.9935484 1 0.9935484 1 1 1 1 1 0.006451547 1 0 1 0 1 0 1 0.006451547 1 0.006451547 1</float_array>
          <technique_common>
            <accessor source="#Örüntü_020-mesh-map-0-array" count="756" stride="2">
              <param name="S" type="float"/>
              <param name="T" type="float"/>
            </accessor>
          </technique_common>
        </source>
        <vertices id="Örüntü_020-mesh-vertices">
          <input semantic="POSITION" source="#Örüntü_020-mesh-positions"/>
        </vertices>
        <triangles material="black-light-body_001-material" count="252">
          <input semantic="VERTEX" source="#Örüntü_020-mesh-vertices" offset="0"/>
          <input semantic="NORMAL" source="#Örüntü_020-mesh-normals" offset="1"/>
          <input semantic="TEXCOORD" source="#Örüntü_020-mesh-map-0" offset="2" set="0"/>
          <p>88 0 0 91 1 1 98 2 2 98 2 3 97 3 4 88 0 5 112 4 6 113 4 7 120 4 8 120 4 9 121 4 10 112 4 11 84 5 12 86 5 13 87 5 14 87 5 15 82 5 16 84 5 17 5 6 18 7 6 19 26 6 20 5 7 21 26 7 22 89 7 23 33 8 24 5 8 25 89 8 26 33 6 27 89 6 28 96 6 29 76 9 30 78 9 31 79 9 32 79 9 33 74 9 34 76 9 35 4 10 36 32 10 37 99 10 38 4 11 39 99 11 40 90 11 41 6 11 42 4 11 43 90 11 44 27 12 45 6 12 46 90 12 47 9 13 48 8 14 49 92 2 50 92 2 51 95 15 52 9 13 53 7 6 54 10 6 55 73 6 56 26 16 57 7 16 58 73 16 59 26 17 60 73 17 61 94 17 62 120 4 63 113 4 64 114 4 65 114 4 66 119 4 67 120 4 68 27 18 69 93 18 70 72 18 71 6 19 72 27 19 73 72 19 74 6 11 75 72 11 76 11 11 77 8 20 78 9 20 79 77 20 80 77 20 81 12 20 82 8 20 83 73 6 84 10 6 85 14 6 86 14 21 87 13 21 88 73 21 89 11 22 90 72 22 91 75 22 92 75 11 93 15 11 94 11 11 95 17 23 96 16 24 97 100 0 98 100 0 99 103 25 100 17 23 101 4 11 102 18 11 103 81 11 104 32 26 105 4 26 106 81 26 107 32 27 108 81 27 109 102 27 110 112 4 111 121 4 112 122 4 113 122 4 114 127 4 115 112 4 116 33 28 117 101 28 118 80 28 119 5 29 120 33 29 121 80 29 122 5 6 123 80 6 124 19 6 125 16 20 126 17 20 127 85 20 128 85 20 129 20 20 130 16 20 131 81 11 132 18 11 133 22 11 134 22 30 135 21 30 136 81 30 137 19 31 138 80 31 139 83 31 140 83 6 141 23 6 142 19 6 143 24 32 144 3 32 145 2 32 146 2 33 147 25 34 148 91 1 149 24 35 150 2 33 151 91 1 152 88 0 153 24 35 154 91 1 155 3 36 156 24 36 157 89 36 158 89 6 159 26 6 160 3 6 161 27 11 162 90 11 163 25 11 164 25 11 165 2 11 166 27 11 167 28 37 168 2 37 169 3 37 170 3 38 171 29 39 172 95 15 173 28 40 174 3 38 175 95 15 176 92 2 177 28 40 178 95 15 179 26 6 180 94 6 181 29 6 182 29 6 183 3 6 184 26 6 185 2 41 186 28 41 187 93 41 188 93 11 189 27 11 190 2 11 191 31 37 192 0 37 193 1 37 194 1 38 195 30 42 196 97 3 197 31 40 198 1 38 199 97 3 200 98 2 201 31 40 202 97 3 203 33 6 204 96 6 205 30 6 206 30 6 207 1 6 208 33 6 209 0 43 210 31 43 211 99 43 212 99 11 213 32 11 214 0 11 215 34 32 216 1 32 217 0 32 218 0 33 219 35 44 220 103 25 221 34 35 222 0 33 223 103 25 224 100 0 225 34 35 226 103 25 227 32 11 228 102 11 229 35 11 230 35 11 231 0 11 232 32 11 233 1 45 234 34 45 235 101 45 236 101 6 237 33 6 238 1 6 239 114 4 240 115 4 241 117 4 242 117 4 243 119 4 244 114 4 245 125 4 246 127 4 247 122 4 248 122 4 249 123 4 250 125 4 251 4 11 252 6 11 253 37 11 254 37 11 255 36 11 256 4 11 257 6 11 258 11 11 259 38 11 260 38 11 261 37 11 262 6 11 263 11 11 264 15 11 265 104 11 266 104 11 267 38 11 268 11 11 269 79 9 270 78 9 271 105 9 272 105 9 273 39 9 274 79 9 275 14 6 276 10 6 277 41 6 278 41 6 279 40 6 280 14 6 281 10 6 282 7 6 283 42 6 284 42 6 285 41 6 286 10 6 287 7 6 288 5 6 289 43 6 290 43 6 291 42 6 292 7 6 293 5 6 294 19 6 295 44 6 296 44 6 297 43 6 298 5 6 299 19 6 300 23 6 301 106 6 302 106 6 303 44 6 304 19 6 305 87 5 306 86 5 307 107 5 308 107 5 309 45 5 310 87 5 311 22 11 312 18 11 313 47 11 314 47 11 315 46 11 316 22 11 317 18 11 318 4 11 319 36 11 320 36 11 321 47 11 322 18 11 323 36 11 324 37 11 325 49 11 326 49 11 327 48 11 328 36 11 329 37 11 330 38 11 331 50 11 332 50 11 333 49 11 334 37 11 335 38 11 336 104 11 337 108 11 338 108 11 339 50 11 340 38 11 341 39 9 342 105 9 343 109 9 344 109 9 345 51 9 346 39 9 347 40 6 348 41 6 349 53 6 350 53 6 351 52 6 352 40 6 353 41 6 354 42 6 355 54 6 356 54 6 357 53 6 358 41 6 359 42 6 360 43 6 361 55 6 362 55 6 363 54 6 364 42 6 365 43 6 366 44 6 367 56 6 368 56 6 369 55 6 370 43 6 371 44 6 372 106 6 373 110 6 374 110 6 375 56 6 376 44 6 377 45 5 378 107 5 379 111 5 380 111 5 381 57 5 382 45 5 383 46 11 384 47 11 385 59 11 386 59 11 387 58 11 388 46 11 389 47 11 390 36 11 391 48 11 392 48 11 393 59 11 394 47 11 395 48 11 396 49 11 397 61 11 398 61 11 399 60 11 400 48 11 401 49 11 402 50 11 403 62 11 404 62 11 405 61 11 406 49 11 407 50 11 408 108 11 409 116 11 410 116 11 411 62 11 412 50 11 413 51 9 414 109 9 415 118 9 416 118 9 417 63 9 418 51 9 419 52 6 420 53 6 421 65 6 422 65 6 423 64 6 424 52 6 425 53 6 426 54 6 427 66 6 428 66 6 429 65 6 430 53 6 431 54 6 432 55 6 433 67 6 434 67 6 435 66 6 436 54 6 437 55 6 438 56 6 439 68 6 440 68 6 441 67 6 442 55 6 443 56 6 444 110 6 445 124 6 446 124 6 447 68 6 448 56 6 449 57 5 450 111 5 451 126 5 452 126 5 453 69 5 454 57 5 455 58 11 456 59 11 457 71 11 458 71 11 459 70 11 460 58 11 461 59 11 462 48 11 463 60 11 464 60 11 465 71 11 466 59 11 467 12 46 468 74 46 469 75 46 470 13 47 471 76 47 472 77 47 473 20 48 474 82 48 475 83 48 476 21 49 477 84 49 478 85 49 479 24 50 480 88 50 481 89 50 482 25 51 483 90 51 484 91 51 485 28 52 486 92 52 487 93 52 488 29 53 489 94 53 490 95 53 491 30 54 492 96 54 493 97 54 494 31 55 495 98 55 496 99 55 497 34 56 498 100 56 499 101 56 500 35 57 501 102 57 502 103 57 503 63 58 504 115 58 505 116 58 506 64 59 507 117 59 508 118 59 509 69 60 510 123 60 511 124 60 512 70 61 513 125 61 514 126 61 515 97 62 516 96 62 517 89 62 518 89 63 519 88 63 520 97 63 521 91 64 522 90 64 523 99 64 524 99 65 525 98 65 526 91 65 527 93 66 528 92 2 529 8 14 530 8 14 531 72 67 532 93 66 533 95 15 534 94 68 535 73 69 536 73 69 537 9 13 538 95 15 539 74 70 540 12 70 541 77 70 542 77 71 543 76 71 544 74 71 545 76 72 546 13 72 547 14 72 548 14 73 549 78 73 550 76 73 551 79 74 552 15 74 553 75 74 554 75 75 555 74 75 556 79 75 557 72 76 558 8 76 559 12 76 560 12 77 561 75 77 562 72 77 563 9 78 564 73 78 565 13 78 566 13 79 567 77 79 568 9 79 569 101 80 570 100 0 571 16 24 572 16 24 573 80 81 574 101 80 575 103 25 576 102 82 577 81 83 578 81 83 579 17 23 580 103 25 581 82 84 582 20 84 583 85 84 584 85 85 585 84 85 586 82 85 587 84 86 588 21 86 589 22 86 590 22 87 591 86 87 592 84 87 593 87 88 594 23 88 595 83 88 596 83 89 597 82 89 598 87 89 599 80 90 600 16 90 601 20 90 602 20 91 603 83 91 604 80 91 605 17 92 606 81 92 607 21 92 608 21 93 609 85 93 610 17 93 611 15 94 612 79 94 613 39 94 614 39 95 615 104 95 616 15 95 617 78 96 618 14 96 619 40 96 620 40 97 621 105 97 622 78 97 623 23 98 624 87 98 625 45 98 626 45 99 627 106 99 628 23 99 629 86 100 630 22 100 631 46 100 632 46 101 633 107 101 634 86 101 635 104 94 636 39 94 637 51 94 638 51 95 639 108 95 640 104 95 641 105 96 642 40 96 643 52 96 644 52 97 645 109 97 646 105 97 647 106 98 648 45 98 649 57 98 650 57 99 651 110 99 652 106 99 653 107 100 654 46 100 655 58 100 656 58 101 657 111 101 658 107 101 659 112 102 660 60 102 661 61 102 662 61 103 663 113 103 664 112 103 665 113 102 666 61 102 667 62 102 668 62 103 669 114 103 670 113 103 671 114 104 672 62 104 673 116 104 674 116 105 675 115 105 676 114 105 677 115 106 678 63 106 679 118 106 680 118 107 681 117 107 682 115 107 683 117 108 684 64 108 685 65 108 686 65 109 687 119 109 688 117 109 689 119 110 690 65 110 691 66 110 692 66 111 693 120 111 694 119 111 695 120 110 696 66 110 697 67 110 698 67 111 699 121 111 700 120 111 701 121 110 702 67 110 703 68 110 704 68 111 705 122 111 706 121 111 707 122 109 708 68 109 709 124 109 710 124 108 711 123 108 712 122 108 713 123 112 714 69 112 715 126 112 716 126 113 717 125 113 718 123 113 719 125 105 720 70 105 721 71 105 722 71 104 723 127 104 724 125 104 725 127 102 726 71 102 727 60 102 728 60 103 729 112 103 730 127 103 731 108 114 732 51 114 733 63 114 734 63 115 735 116 115 736 108 115 737 109 116 738 52 116 739 64 116 740 64 117 741 118 117 742 109 117 743 110 118 744 57 118 745 69 118 746 69 119 747 124 119 748 110 119 749 111 120 750 58 120 751 70 120 752 70 121 753 126 121 754 111 121 755</p>
        </triangles>
      </mesh>
    </geometry>
    <geometry id="Örüntü_019-mesh" name="Örüntü.019">
      <mesh>
        <source id="Örüntü_019-mesh-positions">
          <float_array id="Örüntü_019-mesh-positions-array" count="1098">0 0 0 0.1714286 0 0 0.1664472 0.0410254 0 0.1517925 0.07966679 0 0.1283161 0.1136782 0 0.09738248 0.141083 0 0.0607891 0.1602885 0 0.02066338 0.1701787 0 -0.02066338 0.1701787 0 -0.0607891 0.1602885 0 -0.09738248 0.141083 0 -0.1283161 0.1136782 0 -0.1517925 0.07966679 0 -0.1664472 0.0410254 0 -0.1714286 0 0 -0.1664471 -0.0410254 0 -0.1517924 -0.07966691 0 -0.1283161 -0.1136782 0 -0.09738242 -0.141083 0 -0.06078898 -0.1602885 0 -0.02066326 -0.1701787 0 0.02066344 -0.1701787 0 0.06078958 -0.1602884 0 0.09738266 -0.1410828 0 0.1283162 -0.113678 0 0.1517925 -0.07966661 0 0.1664472 -0.04102528 0 0.3428572 0 0 0.3328944 0.08205109 0 0.3035849 0.1593337 0 0.2566323 0.2273563 0 0.194765 0.2821659 0 0.1215788 0.320577 0 0.04132682 0.3403574 0 -0.04132682 0.3403574 0 -0.1215788 0.320577 0 -0.194765 0.282166 0 -0.2566323 0.2273563 0 -0.3035849 0.1593336 0 -0.3328944 0.08205097 0 -0.3428572 0 0 -0.3328943 -0.08205121 0 -0.3035849 -0.1593338 0 -0.2566322 -0.2273565 0 -0.1947649 -0.2821661 0 -0.1215785 -0.3205771 0 -0.04132652 -0.3403574 0 0.04132694 -0.3403573 0 0.1215792 -0.3205769 0 0.1947654 -0.2821657 0 0.2566326 -0.227356 0 0.3035852 -0.1593332 0 0.3328945 -0.08205056 0 0.5142858 0 0 0.4993416 0.1230766 0 0.4553775 0.2390004 0 0.3849484 0.3410345 0 0.2921476 0.4232489 0 0.1823682 0.4808655 0 0.06199026 0.5105361 0 -0.06199026 0.5105361 0 -0.1823682 0.4808655 0 -0.2921476 0.4232489 0 -0.3849484 0.3410345 0 -0.4553775 0.2390004 0 -0.4993416 0.1230764 0 -0.5142858 -1.67576e-7 0 -0.4993415 -0.1230768 0 -0.4553773 -0.2390007 0 -0.3849483 -0.3410348 0 -0.2921473 -0.4232491 0 -0.1823678 -0.4808657 0 -0.06198978 -0.5105361 0 0.06199049 -0.510536 0 0.1823688 -0.4808654 0 0.2921481 -0.4232485 0 0.3849489 -0.3410341 0 0.4553778 -0.2389999 0 0.4993418 -0.1230759 0 0.6857144 0 0 0.6657888 0.1641021 0 0.6071699 0.3186674 0 0.5132645 0.4547128 0 0.3895301 0.5643318 0 0.2431576 0.6411541 0 0.0826537 0.6807147 0 -0.0826537 0.6807147 0 -0.2431576 0.6411541 0 -0.3895301 0.5643319 0 -0.5132646 0.4547127 0 -0.6071699 0.3186672 0 -0.6657888 0.164102 0 -0.6857144 -2.23434e-7 0 -0.6657887 -0.1641024 0 -0.6071698 -0.3186677 0 -0.5132643 -0.4547131 0 -0.3895297 -0.5643321 0 -0.2431571 -0.6411542 0 -0.0826531 -0.6807148 0 0.08265441 -0.6807147 0 0.2431584 -0.6411538 0 0.3895308 -0.5643314 0 0.5132651 -0.454712 0 0.6071704 -0.3186665 0 0.665789 -0.1641011 0 0.8571429 0 0 0.8322359 0.2051277 0 0.7589624 0.3983342 0 0.6415807 0.5683909 0 0.4869126 0.7054148 0 0.303947 0.8014426 0 0.1033172 0.8508934 0 -0.1033171 0.8508934 0 -0.303947 0.8014426 0 -0.4869126 0.7054148 0 -0.6415807 0.5683909 0 -0.7589624 0.398334 0 -0.832236 0.2051275 0 -0.8571429 -2.79293e-7 0 -0.8322358 -0.205128 0 -0.7589622 -0.3983346 0 -0.6415804 -0.5683913 0 -0.4869121 -0.7054151 0 -0.3039464 -0.8014428 0 -0.1033164 -0.8508934 0 0.103318 -0.8508933 0 0.3039479 -0.8014422 0 0.4869136 -0.7054142 0 0.6415814 -0.5683901 0 0.7589629 -0.3983331 0 0.8322362 -0.2051265 0 1.028572 0 0 0.9986832 0.2461532 0 0.9107549 0.4780011 0 0.7698969 0.6820691 0 0.5842952 0.8464978 0 0.3647365 0.9617311 0 0.1239806 1.021072 0 -0.1239805 1.021072 0 -0.3647364 0.9617311 0 -0.5842952 0.8464978 0 -0.7698969 0.6820691 0 -0.9107549 0.4780009 0 -0.9986833 0.2461529 0 -1.028572 -3.35151e-7 0 -0.998683 -0.2461537 0 -0.9107546 -0.4780015 0 -0.7698965 -0.6820696 0 -0.5842946 -0.8464983 0 -0.3647357 -0.9617314 0 -0.1239796 -1.021072 0 0.1239816 -1.021072 0 0.3647376 -0.9617307 0 0.5842963 -0.8464971 0 0.7698978 -0.6820681 0 0.9107555 -0.4779997 0 0.9986836 -0.2461518 0 1.2 0 0 1.16513 0.2871788 0 1.062547 0.5576679 0 0.8982129 0.7957473 0 0.6816776 0.9875807 0 0.4255259 1.12202 0 0.144644 1.191251 0 -0.144644 1.191251 0 -0.4255258 1.12202 0 -0.6816776 0.9875807 0 -0.898213 0.7957472 0 -1.062547 0.5576677 0 -1.16513 0.2871785 0 -1.2 -3.9101e-7 0 -1.16513 -0.2871793 0 -1.062547 -0.5576684 0 -0.8982125 -0.7957478 0 -0.681677 -0.9875812 0 -0.425525 -1.12202 0 -0.1446429 -1.191251 0 0.1446452 -1.191251 0 0.4255271 -1.122019 0 0.681679 -0.9875799 0 0.898214 -0.7957461 0 1.062548 -0.5576663 0 1.165131 -0.287177 0 1.2 0 0.2 1.16513 0.2871788 0.2 1.062547 0.5576679 0.2 0.8982129 0.7957473 0.2 0.6816776 0.9875807 0.2 0.4255259 1.12202 0.2 0.144644 1.191251 0.2 -0.144644 1.191251 0.2 -0.4255258 1.12202 0.2 -0.6816776 0.9875807 0.2 -0.898213 0.7957472 0.2 -1.062547 0.5576677 0.2 -1.16513 0.2871785 0.2 -1.2 -3.9101e-7 0.2 -1.16513 -0.2871793 0.2 -1.062547 -0.5576684 0.2 -0.8982125 -0.7957478 0.2 -0.681677 -0.9875812 0.2 -0.425525 -1.12202 0.2 -0.1446429 -1.191251 0.2 0.1446452 -1.191251 0.2 0.4255271 -1.122019 0.2 0.681679 -0.9875799 0.2 0.898214 -0.7957461 0.2 1.062548 -0.5576663 0.2 1.165131 -0.287177 0.2 1.028571 0 0.2 0.9986831 0.2461532 0.2 0.9107549 0.478001 0.2 0.7698968 0.6820691 0.2 0.5842952 0.8464977 0.2 0.3647364 0.961731 0.2 0.1239806 1.021072 0.2 -0.1239805 1.021072 0.2 -0.3647364 0.961731 0.2 -0.5842952 0.8464978 0.2 -0.7698969 0.6820691 0.2 -0.9107549 0.4780009 0.2 -0.9986832 0.2461529 0.2 -1.028571 -3.35151e-7 0.2 -0.998683 -0.2461537 0.2 -0.9107546 -0.4780015 0.2 -0.7698965 -0.6820695 0.2 -0.5842946 -0.8464982 0.2 -0.3647357 -0.9617313 0.2 -0.1239796 -1.021072 0.2 0.1239816 -1.021072 0.2 0.3647375 -0.9617306 0.2 0.5842962 -0.8464971 0.2 0.7698977 -0.6820681 0.2 0.9107555 -0.4779997 0.2 0.9986835 -0.2461518 0.2 0.8571429 0 0.2 0.8322359 0.2051277 0.2 0.7589624 0.3983342 0.2 0.6415807 0.5683909 0.2 0.4869126 0.7054148 0.2 0.303947 0.8014426 0.2 0.1033172 0.8508934 0.2 -0.1033171 0.8508934 0.2 -0.303947 0.8014426 0.2 -0.4869126 0.7054148 0.2 -0.6415807 0.5683909 0.2 -0.7589624 0.398334 0.2 -0.832236 0.2051275 0.2 -0.8571429 -2.79293e-7 0.2 -0.8322358 -0.205128 0.2 -0.7589622 -0.3983346 0.2 -0.6415804 -0.5683913 0.2 -0.4869121 -0.7054151 0.2 -0.3039464 -0.8014428 0.2 -0.1033164 -0.8508934 0.2 0.103318 -0.8508933 0.2 0.3039479 -0.8014422 0.2 0.4869136 -0.7054142 0.2 0.6415814 -0.5683901 0.2 0.7589629 -0.3983331 0.2 0.8322362 -0.2051265 0.2 0.6857143 0 0.2 0.6657887 0.1641021 0.2 0.6071699 0.3186673 0.2 0.5132645 0.4547127 0.2 0.3895301 0.5643318 0.2 0.2431576 0.641154 0.2 0.0826537 0.6807146 0.2 -0.0826537 0.6807146 0.2 -0.2431576 0.641154 0.2 -0.3895301 0.5643318 0.2 -0.5132645 0.4547126 0.2 -0.6071699 0.3186672 0.2 -0.6657888 0.164102 0.2 -0.6857143 -2.23434e-7 0.2 -0.6657886 -0.1641024 0.2 -0.6071697 -0.3186676 0.2 -0.5132642 -0.454713 0.2 -0.3895297 -0.5643321 0.2 -0.2431571 -0.6411542 0.2 -0.0826531 -0.6807147 0.2 0.08265441 -0.6807146 0.2 0.2431583 -0.6411537 0.2 0.3895308 -0.5643314 0.2 0.5132651 -0.454712 0.2 0.6071703 -0.3186664 0.2 0.665789 -0.1641011 0.2 0.5142857 0 0.2 0.4993415 0.1230766 0.2 0.4553774 0.2390004 0.2 0.3849484 0.3410345 0.2 0.2921475 0.4232488 0.2 0.1823682 0.4808655 0.2 0.06199026 0.510536 0.2 -0.06199026 0.510536 0.2 -0.1823682 0.4808655 0.2 -0.2921475 0.4232488 0.2 -0.3849484 0.3410345 0.2 -0.4553774 0.2390004 0.2 -0.4993416 0.1230764 0.2 -0.5142857 -1.67576e-7 0.2 -0.4993414 -0.1230768 0.2 -0.4553772 -0.2390007 0.2 -0.3849482 -0.3410348 0.2 -0.2921472 -0.4232491 0.2 -0.1823678 -0.4808656 0.2 -0.06198978 -0.510536 0.2 0.06199049 -0.5105359 0.2 0.1823686 -0.4808652 0.2 0.2921481 -0.4232485 0.2 0.3849488 -0.341034 0.2 0.4553777 -0.2389998 0.2 0.4993417 -0.1230759 0.2 0.3428571 0 0.2 0.3328943 0.08205103 0.2 0.3035849 0.1593337 0.2 0.2566322 0.2273563 0.2 0.194765 0.2821659 0.2 0.1215788 0.320577 0.2 0.04132682 0.3403573 0.2 -0.04132682 0.3403573 0.2 -0.1215788 0.320577 0.2 -0.194765 0.2821659 0.2 -0.2566323 0.2273563 0.2 -0.3035849 0.1593336 0.2 -0.3328944 0.08205097 0.2 -0.3428571 0 0.2 -0.3328943 -0.08205121 0.2 -0.3035848 -0.1593338 0.2 -0.2566321 -0.2273565 0.2 -0.1947648 -0.282166 0.2 -0.1215785 -0.3205771 0.2 -0.04132652 -0.3403574 0.2 0.04132694 -0.3403573 0.2 0.1215791 -0.3205769 0.2 0.1947654 -0.2821657 0.2 0.2566325 -0.227356 0.2 0.3035851 -0.1593332 0.2 0.3328945 -0.08205056 0.2 0.1714285 0 0.2 0.1664471 0.0410254 0.2 0.1517924 0.07966679 0.2 0.1283161 0.113678 0.2 0.09738242 0.1410828 0.2 0.06078904 0.1602884 0.2 0.02066338 0.1701785 0.2 -0.02066338 0.1701785 0.2 -0.06078904 0.1602884 0.2 -0.09738242 0.1410829 0.2 -0.1283161 0.113678 0.2 -0.1517924 0.07966673 0.2 -0.1664471 0.0410254 0.2 -0.1714285 0 0.2 -0.1664471 -0.0410254 0.2 -0.1517923 -0.07966685 0.2 -0.128316 -0.1136782 0.2 -0.09738236 -0.141083 0.2 -0.06078892 -0.1602885 0.2 -0.02066326 -0.1701786 0.2 0.02066344 -0.1701785 0.2 0.06078922 -0.1602883 0.2 0.09738266 -0.1410828 0.2 0.1283162 -0.1136779 0.2 0.1517925 -0.07966655 0.2 0.1664471 -0.04102522 0.2 0 0 0.2</float_array>
          <technique_common>
            <accessor source="#Örüntü_019-mesh-positions-array" count="366" stride="3">
              <param name="X" type="float"/>
              <param name="Y" type="float"/>
              <param name="Z" type="float"/>
            </accessor>
          </technique_common>
        </source>
        <source id="Örüntü_019-mesh-normals">
          <float_array id="Örüntü_019-mesh-normals-array" count="612">0 0 -1 0.7110479 0.175244 -0.6809555 0.7323368 0 0.6809427 0.7323368 0 -0.6809427 0.6484483 0.3403232 -0.6809516 0.7110479 0.175244 0.6809555 0.5481587 0.4856244 -0.6809486 0.6484483 0.3403232 0.6809516 0.41601 0.6026973 -0.680949 0.5481587 0.4856244 0.6809486 0.2596909 0.6847368 -0.6809524 0.41601 0.6026973 0.680949 0.08826148 0.7269974 -0.680944 0.2596909 0.6847368 0.6809524 -0.08826148 0.7269974 -0.680944 0.08826148 0.7269974 0.680944 -0.2596909 0.6847368 -0.6809524 -0.08826148 0.7269974 0.680944 -0.41601 0.6026973 -0.680949 -0.2596909 0.6847368 0.6809524 -0.5481587 0.4856244 -0.6809486 -0.41601 0.6026973 0.680949 -0.6484483 0.3403232 -0.6809516 -0.5481587 0.4856244 0.6809486 -0.7110479 0.175244 -0.6809555 -0.6484483 0.3403232 0.6809516 -0.7323368 0 -0.6809427 -0.7110479 0.175244 0.6809555 -0.7110479 -0.175244 -0.6809555 -0.7323368 0 0.6809427 -0.6484483 -0.3403232 -0.6809516 -0.7110479 -0.175244 0.6809555 -0.5481587 -0.4856244 -0.6809486 -0.6484483 -0.3403232 0.6809516 -0.41601 -0.6026973 -0.680949 -0.5481587 -0.4856244 0.6809486 -0.2596909 -0.6847368 -0.6809524 -0.41601 -0.6026973 0.680949 -0.08826148 -0.7269974 -0.680944 -0.2596909 -0.6847368 0.6809524 0.08826148 -0.7269974 -0.680944 -0.08826148 -0.7269974 0.680944 0.2596909 -0.6847368 -0.6809524 0.08826148 -0.7269974 0.680944 0.41601 -0.6026973 -0.680949 0.2596909 -0.6847368 0.6809524 0.5481587 -0.4856244 -0.6809486 0.41601 -0.6026973 0.680949 0.6484483 -0.3403232 -0.6809516 0.5481587 -0.4856244 0.6809486 0.7110479 -0.175244 -0.6809555 0.6484483 -0.3403232 0.6809516 0.7110479 -0.175244 0.6809555 0 0 1 0 0 1 0 0 1 1.76564e-7 0 1 0 0 1 0 0 1 -1.76563e-7 0 1 0 0 1 0 0 1 0 0 1 -1.76564e-7 0 1 0 0 1 -2.11876e-7 0 1 0 0 1 -2.11876e-7 0 1 0 0 1 1.76361e-7 0 1 0 0 1 2.11876e-7 0 1 0 0 1 0 0 1 0 0 1 0 0 1 0 0 1 -2.11876e-7 0 1 0 0 1 1.32423e-7 0 1 0 0 1 0 0 1 -2.11876e-7 0 1 -1.32423e-7 0 1 -1.32423e-7 0 1 0 0 1 1.32423e-7 0 1 0 0 1 -1.32423e-7 0 1 0 0 1 -1.32423e-7 0 1 0 0 1 -1.32423e-7 0 1 0 0 1 -2.64845e-7 0 1 0 0 1 -2.64846e-7 0 1 -1.32423e-7 0 1 -1.76563e-7 0 1 0 0 1 -1.76564e-7 0 1 0 0 1 1.76564e-7 0 1 1.32423e-7 0 1 2.64845e-7 0 1 -1.32423e-7 0 1 1.32424e-7 0 1 1.32423e-7 0 1 -1.32423e-7 0 1 3.97268e-7 0 1 0 0 1 1.76563e-7 0 1 0 0 1 -1.98634e-7 0 1 0 0 1 1.32422e-7 0 1 2.64846e-7 0 1 -2.64845e-7 0 1 3.31055e-7 0 1 -4.63482e-7 0 1 -2.64844e-7 0 1 -2.64845e-7 0 1 1.32423e-7 0 1 -1.32423e-7 0 1 1.32423e-7 0 1 -1.98633e-7 0 1 5.2969e-7 0 1 -4.23754e-7 0 1 1.98633e-7 0 1 -2.64845e-7 0 1 -1.32423e-7 0 1 -1.32423e-7 0 1 2.64846e-7 0 1 -3.97268e-7 0 1 7.28322e-7 0 1 -4.63483e-7 0 1 4.63483e-7 0 1 -5.29689e-7 0 1 2.64845e-7 0 1 -1.32423e-7 0 1 2.64845e-7 0 1 1.98633e-7 0 1 -8.60754e-7 0 1 4.23755e-7 0 1 3.31056e-7 0 1 -1.32423e-7 0 1 -3.97269e-7 0 1 3.97269e-7 0 1 0 0 1 0 0 1 0 0 1 1.76563e-7 0 1 0 0 1 -1.76564e-7 0 1 0 0 1 0 0 1 0 0 1 0 0 1 0 0 1 0 0 1 0 0 1 -2.11877e-7 0 1 2.11876e-7 0 1 2.20704e-7 0 1 0 0 1 1.32423e-7 0 1 2.11876e-7 0 1 2.64845e-7 0 1 0 0 1 1.32423e-7 0 1 0 0 1 0 0 1 2.64845e-7 0 1 1.76564e-7 0 1 0 0 1 0 0 1 -1.76564e-7 0 1 2.20704e-7 0 1 1.41251e-7 0 1 -2.20704e-7 0 1 -1.32423e-7 0 1 0 0 1 1.32423e-7 0 1 -3.97268e-7 0 1 1.32423e-7 0 1 1.76564e-7 0 1 1.32423e-7 0 1 -3.53127e-7 0 1 1.98634e-7 0 1 0 0 1 0 0 1 -2.64846e-7 0 1 2.64845e-7 0 1 -2.64846e-7 0 1 -1.32422e-7 0 1 4.63482e-7 0 1 2.64845e-7 0 1 1.32423e-7 0 1 -2.64844e-7 0 1 2.64845e-7 0 1 -1.98635e-7 0 1 1.32423e-7 0 1 -1.32423e-7 0 1 1.32423e-7 0 1</float_array>
          <technique_common>
            <accessor source="#Örüntü_019-mesh-normals-array" count="204" stride="3">
              <param name="X" type="float"/>
              <param name="Y" type="float"/>
              <param name="Z" type="float"/>
            </accessor>
          </technique_common>
        </source>
        <source id="Örüntü_019-mesh-map-0">
          <float_array id="Örüntü_019-mesh-map-0-array" count="4368">0.5 0 0.7884616 0 0.75 0 0.5 0 0.8269231 0 0.7884616 0 0.5 0 0.8653846 0 0.8269231 0 0.5 0 0.9038462 0 0.8653846 0 0.5 0 0.9423077 0 0.9038462 0 0.5 0 0.9807692 0 0.9423077 0 0.5 0 0.01923078 0 -0.01923078 0 0.5 0 0.05769217 0 0.01923078 0 0.5 0 0.09615385 0 0.05769217 0 0.5 0 0.1346154 0 0.09615385 0 0.5 0 0.1730769 0 0.1346154 0 0.5 0 0.2115384 0 0.1730769 0 0.5 0 0.2500001 0 0.2115384 0 0.5 0 0.2884616 0 0.2500001 0 0.5 0 0.3269231 0 0.2884616 0 0.5 0 0.3653847 0 0.3269231 0 0.5 0 0.4038463 0 0.3653847 0 0.5 0 0.4423078 0 0.4038463 0 0.5 0 0.4807694 0 0.4423078 0 0.5 0 0.519231 0 0.4807694 0 0.5 0 0.5576925 0 0.519231 0 0.5 0 0.596154 0 0.5576925 0 0.5 0 0.6346156 0 0.596154 0 0.5 0 0.6730772 0 0.6346156 0 0.5 0 0.7115387 0 0.6730772 0 0.5 0 0.75 0 0.7115387 0 0.7884616 0 0.75 0 0.75 0 0.7884616 0 0.8269231 0 0.7884616 0 0.8269231 0 0.8653846 0 0.8269231 0 0.8653846 0 0.9038462 0 0.8653846 0 0.9423077 0 0.9038462 0 0.9038462 0 0.9807692 0 0.9423077 0 0.9423077 0 0.01923078 0 -0.01923078 0 -0.01923078 0 0.01923078 0 0.05769217 0 0.01923078 0 0.09615385 0 0.05769217 0 0.05769217 0 0.1346154 0 0.09615385 0 0.09615385 0 0.1346154 0 0.1730769 0 0.1346154 0 0.2115384 0 0.1730769 0 0.1730769 0 0.2115384 0 0.2500001 0 0.2115384 0 0.2500001 0 0.2884616 0 0.2500001 0 0.3269231 0 0.2884616 0 0.2884616 0 0.3653847 0 0.3269231 0 0.3269231 0 0.3653847 0 0.4038463 0 0.3653847 0 0.4038463 0 0.4423078 0 0.4038463 0 0.4807694 0 0.4423078 0 0.4423078 0 0.519231 0 0.4807694 0 0.4807694 0 0.519231 0 0.5576925 0 0.519231 0 0.596154 0 0.5576925 0 0.5576925 0 0.596154 0 0.6346156 0 0.596154 0 0.6346156 0 0.6730772 0 0.6346156 0 0.7115387 0 0.6730772 0 0.6730772 0 0.75 0 0.7115387 0 0.7115387 0 0.75 0 0.7884616 0 0.75 0 0.8269231 0 0.7884616 0 0.7884616 0 0.8269231 0 0.8653846 0 0.8269231 0 0.8653846 0 0.9038462 0 0.8653846 0 0.9423077 0 0.9038462 0 0.9038462 0 0.9807692 0 0.9423077 0 0.9423077 0 0.01923078 0 -0.01923078 0 -0.01923078 0 0.01923078 0 0.05769217 0 0.01923078 0 0.09615385 0 0.05769217 0 0.05769217 0 0.1346154 0 0.09615385 0 0.09615385 0 0.1346154 0 0.1730769 0 0.1346154 0 0.2115384 0 0.1730769 0 0.1730769 0 0.2115384 0 0.2500001 0 0.2115385 0 0.2500001 0 0.2884616 0 0.2500001 0 0.3269231 0 0.2884616 0 0.2884616 0 0.3653847 0 0.3269232 0 0.3269231 0 0.3653847 0 0.4038463 0 0.3653847 0 0.4423078 0 0.4038463 0 0.4038463 0 0.4423078 0 0.4807694 0 0.4423078 0 0.519231 0 0.4807694 0 0.4807694 0 0.519231 0 0.5576925 0 0.519231 0 0.596154 0 0.5576925 0 0.5576925 0 0.596154 0 0.6346156 0 0.596154 0 0.6346156 0 0.6730772 0 0.6346156 0 0.7115387 0 0.6730772 0 0.6730772 0 0.7115387 0 0.75 0 0.7115387 0 0.75 0 0.7884616 0 0.75 0 0.8269231 0 0.7884616 0 0.7884616 0 0.8269231 0 0.8653846 0 0.8269231 0 0.8653846 0 0.9038462 0 0.8653846 0 0.9423077 0 0.9038462 0 0.9038462 0 0.9807692 0 0.9423077 0 0.9423077 0 0.01923078 0 -0.01923078 0 -0.01923078 0 0.01923078 0 0.05769217 0 0.01923078 0 0.09615385 0 0.05769217 0 0.05769217 0 0.1346154 0 0.09615385 0 0.09615385 0 0.1346154 0 0.1730769 0 0.1346154 0 0.2115385 0 0.1730769 0 0.1730769 0 0.2115385 0 0.2500001 0 0.2115384 0 0.2500001 0 0.2884616 0 0.2500001 0 0.3269232 0 0.2884616 0 0.2884616 0 0.3653847 0 0.3269231 0 0.3269232 0 0.3653847 0 0.4038463 0 0.3653847 0 0.4038463 0 0.4423078 0 0.4038463 0 0.4423078 0 0.4807694 0 0.4423078 0 0.519231 0 0.4807694 0 0.4807694 0 0.519231 0 0.5576925 0 0.519231 0 0.596154 0 0.5576925 0 0.5576925 0 0.596154 0 0.6346156 0 0.596154 0 0.6346156 0 0.6730772 0 0.6346156 0 0.7115387 0 0.6730772 0 0.6730772 0 0.7115387 0 0.75 0 0.7115387 0 0.7884616 0 0.75 0 0.75 0 0.8269231 0 0.7884616 0 0.7884616 0 0.8269231 0 0.8653846 0 0.8269231 0 0.8653846 0 0.9038462 0 0.8653846 0 0.9423077 0 0.9038462 0 0.9038462 0 0.9423077 0 0.9807692 0 0.9423077 0 0.01923078 0 -0.01923078 0 -0.01923078 0 0.05769217 0 0.01923078 0 0.01923078 0 0.09615385 0 0.05769217 0 0.05769217 0 0.1346154 0 0.09615385 0 0.09615385 0 0.1346154 0 0.1730769 0 0.1346154 0 0.2115384 0 0.1730769 0 0.1730769 0 0.2115384 0 0.2500001 0 0.2115385 0 0.2500001 0 0.2884616 0 0.2500001 0 0.3269231 0 0.2884616 0 0.2884616 0 0.3653847 0 0.3269231 0 0.3269231 0 0.3653847 0 0.4038463 0 0.3653847 0 0.4423078 0 0.4038463 0 0.4038463 0 0.4423078 0 0.4807694 0 0.4423078 0 0.519231 0 0.4807694 0 0.4807694 0 0.519231 0 0.5576925 0 0.519231 0 0.596154 0 0.5576925 0 0.5576925 0 0.596154 0 0.6346156 0 0.596154 0 0.6346156 0 0.6730772 0 0.6346156 0 0.7115387 0 0.6730772 0 0.6730772 0 0.7115387 0 0.75 0 0.7115387 0 0.75 0 0.7884616 0 0.75 0 0.8269231 0 0.7884616 0 0.7884616 0 0.8269231 0 0.8653846 0 0.8269231 0 0.8653846 0 0.9038462 0 0.8653846 0 0.9423077 0 0.9038462 0 0.9038462 0 0.9807692 0 0.9423077 0 0.9423077 0 0.01923078 0 -0.01923078 0 -0.01923078 0 0.01923078 0 0.05769217 0 0.01923078 0 0.09615385 0 0.05769217 0 0.05769217 0 0.1346154 0 0.09615385 0 0.09615385 0 0.1346154 0 0.1730769 0 0.1346154 0 0.2115385 0 0.1730769 0 0.1730769 0 0.2115385 0 0.2500001 0 0.2115385 0 0.2500001 0 0.2884616 0 0.2500001 0 0.3269231 0 0.2884616 0 0.2884616 0 0.3653847 0 0.3269232 0 0.3269231 0 0.3653847 0 0.4038463 0 0.3653847 0 0.4423078 0 0.4038463 0 0.4038463 0 0.4423078 0 0.4807694 0 0.4423078 0 0.519231 0 0.4807694 0 0.4807694 0 0.519231 0 0.5576925 0 0.519231 0 0.596154 0 0.5576925 0 0.5576925 0 0.596154 0 0.6346156 0 0.596154 0 0.6346156 0 0.6730772 0 0.6346156 0 0.7115387 0 0.6730772 0 0.6730772 0 0.75 0 0.7115387 0 0.7115387 0 0.7884616 0 0.75 0 0.75 0 0.8269231 0 0.7884616 0 0.7884616 0 0.8653846 0 0.8269231 0 0.8269231 0 0.8653846 0 0.9038462 0 0.8653846 0 0.9423077 0 0.9038462 0 0.9038462 0 0.9807692 0 0.9423077 0 0.9423077 0 0.01923078 0 -0.01923078 0 -0.01923078 0 0.01923078 0 0.05769217 0 0.01923078 0 0.09615385 0 0.05769217 0 0.05769217 0 0.1346154 0 0.09615385 0 0.09615385 0 0.1346154 0 0.1730769 0 0.1346154 0 0.2115385 0 0.1730769 0 0.1730769 0 0.2115385 0 0.2500001 0 0.2115385 0 0.2884616 0 0.2500001 0 0.2500001 0 0.2884616 0 0.3269231 0 0.2884616 0 0.3653847 0 0.3269231 0 0.3269232 0 0.3653847 0 0.4038463 0 0.3653847 0 0.4038463 0 0.4423078 0 0.4038463 0 0.4423078 0 0.4807694 0 0.4423078 0 0.519231 0 0.4807694 0 0.4807694 0 0.519231 0 0.5576925 0 0.519231 0 0.596154 0 0.5576925 0 0.5576925 0 0.596154 0 0.6346156 0 0.596154 0 0.6346156 0 0.6730771 0 0.6346156 0 0.7115387 0 0.6730771 0 0.6730772 0 0.7115387 0 0.75 0 0.7115387 0 0.7884616 0 0.75 1 0.75 0 0.8269231 0 0.7884616 1 0.7884616 0 0.8653846 0 0.8269231 1 0.8269231 0 0.9038462 0 0.8653846 1 0.8653846 0 0.9423077 0 0.9038462 1 0.9038462 0 0.9807692 0 0.9423077 1 0.9423077 0 0.01923078 0 -0.01923078 1 -0.01923078 0 0.05769217 0 0.01923078 1 0.01923078 0 0.09615385 0 0.05769217 1 0.05769217 0 0.1346154 0 0.09615385 1 0.09615385 0 0.1730769 0 0.1346154 1 0.1346154 0 0.2115385 0 0.1730769 1 0.1730769 0 0.2500001 0 0.2115385 1 0.2115385 0 0.2884616 0 0.2500001 1 0.2500001 0 0.3269231 0 0.2884616 1 0.2884616 0 0.3653847 0 0.3269231 1 0.3269231 0 0.4038463 0 0.3653847 1 0.3653847 0 0.4423078 0 0.4038463 1 0.4038463 0 0.4807694 0 0.4423078 1 0.4423078 0 0.519231 0 0.4807694 1 0.4807694 0 0.5576925 0 0.519231 1 0.519231 0 0.596154 0 0.5576925 1 0.5576925 0 0.6346156 0 0.596154 1 0.596154 0 0.6730771 0 0.6346156 1 0.6346156 0 0.7115387 0 0.6730771 1 0.6730771 0 0.75 0 0.7115387 1 0.7115387 0 0.75 1 0.7884616 1 0.75 1 0.7884616 1 0.826923 1 0.7884616 1 0.8653846 1 0.826923 1 0.8269231 1 0.9038462 1 0.8653846 1 0.8653846 1 0.9038462 1 0.9423077 1 0.9038462 1 0.9423077 1 0.9807692 1 0.9423077 1 0.01923078 1 -0.01923078 1 -0.01923078 1 0.05769217 1 0.01923078 1 0.01923078 1 0.05769217 1 0.09615385 1 0.05769217 1 0.09615385 1 0.1346154 1 0.09615385 1 0.1730769 1 0.1346154 1 0.1346154 1 0.1730769 1 0.2115384 1 0.1730769 1 0.2500001 1 0.2115384 1 0.2115385 1 0.2500001 1 0.2884616 1 0.2500001 1 0.3269231 1 0.2884616 1 0.2884616 1 0.3269231 1 0.3653847 1 0.3269232 1 0.4038463 1 0.3653847 1 0.3653847 1 0.4423078 1 0.4038463 1 0.4038463 1 0.4807694 1 0.4423078 1 0.4423078 1 0.4807694 1 0.519231 1 0.4807694 1 0.5576925 1 0.519231 1 0.519231 1 0.5576925 1 0.596154 1 0.5576925 1 0.596154 1 0.6346156 1 0.596154 1 0.6730771 1 0.6346156 1 0.6346156 1 0.6730771 1 0.7115387 1 0.6730771 1 0.75 1 0.7115387 1 0.7115387 1 0.75 1 0.7884616 1 0.75 1 0.7884616 1 0.8269231 1 0.7884616 1 0.8653846 1 0.8269231 1 0.826923 1 0.9038462 1 0.8653846 1 0.8653846 1 0.9038462 1 0.9423077 1 0.9038462 1 0.9423077 1 0.9807692 1 0.9423077 1 0.01923078 1 -0.01923078 1 -0.01923078 1 0.05769217 1 0.01923078 1 0.01923078 1 0.05769217 1 0.09615385 1 0.05769217 1 0.09615385 1 0.1346154 1 0.09615385 1 0.1730769 1 0.1346154 1 0.1346154 1 0.1730769 1 0.2115385 1 0.1730769 1 0.2500001 1 0.2115385 1 0.2115384 1 0.2884616 1 0.2500001 1 0.2500001 1 0.3269232 1 0.2884616 1 0.2884616 1 0.3269232 1 0.3653847 1 0.3269231 1 0.4038463 1 0.3653847 1 0.3653847 1 0.4038463 1 0.4423078 1 0.4038463 1 0.4423078 1 0.4807694 1 0.4423078 1 0.4807694 1 0.519231 1 0.4807694 1 0.5576925 1 0.519231 1 0.519231 1 0.5576925 1 0.596154 1 0.5576925 1 0.6346156 1 0.596154 1 0.596154 1 0.6730771 1 0.6346156 1 0.6346156 1 0.6730771 1 0.7115387 1 0.6730772 1 0.75 1 0.7115387 1 0.7115387 1 0.75 1 0.7884616 1 0.75 1 0.7884616 1 0.8269231 1 0.7884616 1 0.8653846 1 0.8269231 1 0.8269231 1 0.9038462 1 0.8653846 1 0.8653846 1 0.9038462 1 0.9423077 1 0.9038462 1 0.9807692 1 0.9423077 1 0.9423077 1 0.01923078 1 -0.01923078 1 -0.01923078 1 0.01923078 1 0.05769217 1 0.01923078 1 0.05769217 1 0.09615385 1 0.05769217 1 0.1346154 1 0.09615385 1 0.09615385 1 0.1730769 1 0.1346154 1 0.1346154 1 0.1730769 1 0.2115385 1 0.1730769 1 0.2500001 1 0.2115385 1 0.2115385 1 0.2884616 1 0.2500001 1 0.2500001 1 0.2884616 1 0.3269231 1 0.2884616 1 0.3269231 1 0.3653848 1 0.3269231 1 0.4038463 1 0.3653848 1 0.3653847 1 0.4038463 1 0.4423078 1 0.4038463 1 0.4807694 1 0.4423078 1 0.4423078 1 0.519231 1 0.4807694 1 0.4807694 1 0.5576925 1 0.519231 1 0.519231 1 0.5576925 1 0.596154 1 0.5576925 1 0.6346156 1 0.596154 1 0.596154 1 0.6730772 1 0.6346156 1 0.6346156 1 0.6730772 1 0.7115387 1 0.6730772 1 0.75 1 0.7115387 1 0.7115387 1 0.75 1 0.7884616 1 0.75 1 0.7884616 1 0.8269231 1 0.7884616 1 0.8653846 1 0.8269231 1 0.8269231 1 0.9038462 1 0.8653846 1 0.8653846 1 0.9038462 1 0.9423077 1 0.9038462 1 0.9807692 1 0.9423077 1 0.9423077 1 0.01923078 1 -0.01923078 1 -0.01923078 1 0.01923078 1 0.05769217 1 0.01923078 1 0.05769217 1 0.09615385 1 0.05769217 1 0.09615385 1 0.1346154 1 0.09615385 1 0.1730769 1 0.1346154 1 0.1346154 1 0.1730769 1 0.2115384 1 0.1730769 1 0.2500001 1 0.2115384 1 0.2115385 1 0.2500001 1 0.2884616 1 0.2500001 1 0.3269231 1 0.2884616 1 0.2884616 1 0.3269231 1 0.3653847 1 0.3269231 1 0.4038463 1 0.3653847 1 0.3653848 1 0.4423078 1 0.4038463 1 0.4038463 1 0.4807694 1 0.4423078 1 0.4423078 1 0.519231 1 0.4807694 1 0.4807694 1 0.5576925 1 0.519231 1 0.519231 1 0.5576925 1 0.596154 1 0.5576925 1 0.6346156 1 0.596154 1 0.596154 1 0.6730772 1 0.6346156 1 0.6346156 1 0.6730772 1 0.7115387 1 0.6730771 1 0.75 1 0.7115387 1 0.7115387 1 0.75 1 0.7884616 1 0.75 1 0.7884616 1 0.8269231 1 0.7884616 1 0.8653846 1 0.8269231 1 0.8269231 1 0.9038462 1 0.8653846 1 0.8653846 1 0.9038462 1 0.9423077 1 0.9038462 1 0.9807692 1 0.9423077 1 0.9423077 1 0.01923078 1 -0.01923078 1 -0.01923078 1 0.01923078 1 0.05769217 1 0.01923078 1 0.05769217 1 0.09615385 1 0.05769217 1 0.09615385 1 0.1346154 1 0.09615385 1 0.1730769 1 0.1346154 1 0.1346154 1 0.1730769 1 0.2115385 1 0.1730769 1 0.2500001 1 0.2115385 1 0.2115384 1 0.2500001 1 0.2884616 1 0.2500001 1 0.3269231 1 0.2884616 1 0.2884616 1 0.3269231 1 0.3653848 1 0.3269231 1 0.4038463 1 0.3653848 1 0.3653847 1 0.4038463 1 0.4423078 1 0.4038463 1 0.4807694 1 0.4423078 1 0.4423078 1 0.519231 1 0.4807694 1 0.4807694 1 0.519231 1 0.5576925 1 0.519231 1 0.5576925 1 0.596154 1 0.5576925 1 0.6346156 1 0.596154 1 0.596154 1 0.6730771 1 0.6346156 1 0.6346156 1 0.6730771 1 0.7115387 1 0.6730772 1 0.75 1 0.7115387 1 0.7115387 1 0.7884616 1 0.75 1 0.75 1 0.7884616 1 0.8269231 1 0.7884616 1 0.8653846 1 0.8269231 1 0.8269231 1 0.9038462 1 0.8653846 1 0.8653846 1 0.9038462 1 0.9423077 1 0.9038462 1 0.9807692 1 0.9423077 1 0.9423077 1 0.01923078 1 -0.01923078 1 -0.01923078 1 0.01923078 1 0.05769217 1 0.01923078 1 0.05769217 1 0.09615385 1 0.05769217 1 0.09615385 1 0.1346154 1 0.09615385 1 0.1730769 1 0.1346154 1 0.1346154 1 0.1730769 1 0.2115385 1 0.1730769 1 0.2500001 1 0.2115385 1 0.2115385 1 0.2500001 1 0.2884616 1 0.2500001 1 0.3269231 1 0.2884616 1 0.2884616 1 0.3269231 1 0.3653847 1 0.3269232 1 0.4038463 1 0.3653847 1 0.3653848 1 0.4038463 1 0.4423078 1 0.4038463 1 0.4807694 1 0.4423078 1 0.4423078 1 0.4807694 1 0.519231 1 0.4807694 1 0.5576925 1 0.519231 1 0.519231 1 0.5576925 1 0.596154 1 0.5576925 1 0.6346156 1 0.596154 1 0.596154 1 0.6730772 1 0.6346156 1 0.6346156 1 0.6730772 1 0.7115387 1 0.6730771 1 0.75 1 0.7115387 1 0.7115387 1 0.5 1 0.75 1 0.7884616 1 0.5 1 0.7884616 1 0.8269231 1 0.5 1 0.8269231 1 0.8653846 1 0.5 1 0.8653846 1 0.9038462 1 0.5 1 0.9038462 1 0.9423077 1 0.5 1 0.9423077 1 0.9807692 1 0.5 1 -0.01923078 1 0.01923078 1 0.5 1 0.01923078 1 0.05769217 1 0.5 1 0.05769217 1 0.09615385 1 0.5 1 0.09615385 1 0.1346154 1 0.5 1 0.1346154 1 0.1730769 1 0.5 1 0.1730769 1 0.2115385 1 0.5 1 0.2115385 1 0.2500001 1 0.5 1 0.2500001 1 0.2884616 1 0.5 1 0.2884616 1 0.3269232 1 0.5 1 0.3269232 1 0.3653847 1 0.5 1 0.3653847 1 0.4038463 1 0.5 1 0.4038463 1 0.4423078 1 0.5 1 0.4423078 1 0.4807694 1 0.5 1 0.4807694 1 0.519231 1 0.5 1 0.519231 1 0.5576925 1 0.5 1 0.5576925 1 0.596154 1 0.5 1 0.596154 1 0.6346156 1 0.5 1 0.6346156 1 0.6730771 1 0.5 1 0.6730771 1 0.7115387 1 0.5 1 0.7115387 1 0.75 1 0.7884616 0 0.7884616 0 0.75 0 0.7884616 0 0.8269231 0 0.8269231 0 0.8269231 0 0.8653846 0 0.8653846 0 0.8653846 0 0.9038462 0 0.9038462 0 0.9423077 0 0.9423077 0 0.9038462 0 0.9807692 0 0.9807692 0 0.9423077 0 0.01923078 0 0.01923078 0 -0.01923078 0 0.01923078 0 0.05769217 0 0.05769217 0 0.09615385 0 0.09615385 0 0.05769217 0 0.1346154 0 0.1346154 0 0.09615385 0 0.1346154 0 0.1730769 0 0.1730769 0 0.2115384 0 0.2115384 0 0.1730769 0 0.2115384 0 0.2500001 0 0.2500001 0 0.2500001 0 0.2884616 0 0.2884616 0 0.3269231 0 0.3269231 0 0.2884616 0 0.3653847 0 0.3653847 0 0.3269231 0 0.3653847 0 0.4038463 0 0.4038463 0 0.4038463 0 0.4423078 0 0.4423078 0 0.4807694 0 0.4807694 0 0.4423078 0 0.519231 0 0.519231 0 0.4807694 0 0.519231 0 0.5576925 0 0.5576925 0 0.596154 0 0.596154 0 0.5576925 0 0.596154 0 0.6346156 0 0.6346156 0 0.6346156 0 0.6730772 0 0.6730772 0 0.7115387 0 0.7115387 0 0.6730772 0 0.75 0 0.75 0 0.7115387 0 0.75 0 0.7884616 0 0.7884616 0 0.8269231 0 0.8269231 0 0.7884616 0 0.8269231 0 0.8653846 0 0.8653846 0 0.8653846 0 0.9038462 0 0.9038462 0 0.9423077 0 0.9423077 0 0.9038462 0 0.9807692 0 0.9807692 0 0.9423077 0 0.01923078 0 0.01923078 0 -0.01923078 0 0.01923078 0 0.05769217 0 0.05769217 0 0.09615385 0 0.09615385 0 0.05769217 0 0.1346154 0 0.1346154 0 0.09615385 0 0.1346154 0 0.1730769 0 0.1730769 0 0.2115384 0 0.2115385 0 0.1730769 0 0.2115384 0 0.2500001 0 0.2500001 0 0.2500001 0 0.2884616 0 0.2884616 0 0.3269231 0 0.3269232 0 0.2884616 0 0.3653847 0 0.3653847 0 0.3269232 0 0.3653847 0 0.4038463 0 0.4038463 0 0.4423078 0 0.4423078 0 0.4038463 0 0.4423078 0 0.4807694 0 0.4807694 0 0.519231 0 0.519231 0 0.4807694 0 0.519231 0 0.5576925 0 0.5576925 0 0.596154 0 0.596154 0 0.5576925 0 0.596154 0 0.6346156 0 0.6346156 0 0.6346156 0 0.6730772 0 0.6730772 0 0.7115387 0 0.7115387 0 0.6730772 0 0.7115387 0 0.75 0 0.75 0 0.75 0 0.7884616 0 0.7884616 0 0.8269231 0 0.8269231 0 0.7884616 0 0.8269231 0 0.8653846 0 0.8653846 0 0.8653846 0 0.9038462 0 0.9038462 0 0.9423077 0 0.9423077 0 0.9038462 0 0.9807692 0 0.9807692 0 0.9423077 0 0.01923078 0 0.01923078 0 -0.01923078 0 0.01923078 0 0.05769217 0 0.05769217 0 0.09615385 0 0.09615385 0 0.05769217 0 0.1346154 0 0.1346154 0 0.09615385 0 0.1346154 0 0.1730769 0 0.1730769 0 0.2115385 0 0.2115384 0 0.1730769 0 0.2115385 0 0.2500001 0 0.2500001 0 0.2500001 0 0.2884616 0 0.2884616 0 0.3269232 0 0.3269231 0 0.2884616 0 0.3653847 0 0.3653847 0 0.3269231 0 0.3653847 0 0.4038463 0 0.4038463 0 0.4038463 0 0.4423078 0 0.4423078 0 0.4423078 0 0.4807694 0 0.4807694 0 0.519231 0 0.519231 0 0.4807694 0 0.519231 0 0.5576925 0 0.5576925 0 0.596154 0 0.596154 0 0.5576925 0 0.596154 0 0.6346156 0 0.6346156 0 0.6346156 0 0.6730772 0 0.6730772 0 0.7115387 0 0.7115387 0 0.6730772 0 0.7115387 0 0.75 0 0.75 0 0.7884616 0 0.7884616 0 0.75 0 0.8269231 0 0.8269231 0 0.7884616 0 0.8269231 0 0.8653846 0 0.8653846 0 0.8653846 0 0.9038462 0 0.9038462 0 0.9423077 0 0.9423077 0 0.9038462 0 0.9423077 0 0.9807692 0 0.9807692 0 0.01923078 0 0.01923078 0 -0.01923078 0 0.05769217 0 0.05769217 0 0.01923078 0 0.09615385 0 0.09615385 0 0.05769217 0 0.1346154 0 0.1346154 0 0.09615385 0 0.1346154 0 0.1730769 0 0.1730769 0 0.2115384 0 0.2115385 0 0.1730769 0 0.2115384 0 0.2500001 0 0.2500001 0 0.2500001 0 0.2884616 0 0.2884616 0 0.3269231 0 0.3269231 0 0.2884616 0 0.3653847 0 0.3653847 0 0.3269231 0 0.3653847 0 0.4038463 0 0.4038463 0 0.4423078 0 0.4423078 0 0.4038463 0 0.4423078 0 0.4807694 0 0.4807694 0 0.519231 0 0.519231 0 0.4807694 0 0.519231 0 0.5576925 0 0.5576925 0 0.596154 0 0.596154 0 0.5576925 0 0.596154 0 0.6346156 0 0.6346156 0 0.6346156 0 0.6730772 0 0.6730772 0 0.7115387 0 0.7115387 0 0.6730772 0 0.7115387 0 0.75 0 0.75 0 0.75 0 0.7884616 0 0.7884616 0 0.8269231 0 0.8269231 0 0.7884616 0 0.8269231 0 0.8653846 0 0.8653846 0 0.8653846 0 0.9038462 0 0.9038462 0 0.9423077 0 0.9423077 0 0.9038462 0 0.9807692 0 0.9807692 0 0.9423077 0 0.01923078 0 0.01923078 0 -0.01923078 0 0.01923078 0 0.05769217 0 0.05769217 0 0.09615385 0 0.09615385 0 0.05769217 0 0.1346154 0 0.1346154 0 0.09615385 0 0.1346154 0 0.1730769 0 0.1730769 0 0.2115385 0 0.2115385 0 0.1730769 0 0.2115385 0 0.2500001 0 0.2500001 0 0.2500001 0 0.2884616 0 0.2884616 0 0.3269231 0 0.3269232 0 0.2884616 0 0.3653847 0 0.3653847 0 0.3269232 0 0.3653847 0 0.4038463 0 0.4038463 0 0.4423078 0 0.4423078 0 0.4038463 0 0.4423078 0 0.4807694 0 0.4807694 0 0.519231 0 0.519231 0 0.4807694 0 0.519231 0 0.5576925 0 0.5576925 0 0.596154 0 0.596154 0 0.5576925 0 0.596154 0 0.6346156 0 0.6346156 0 0.6346156 0 0.6730772 0 0.6730772 0 0.7115387 0 0.7115387 0 0.6730772 0 0.75 0 0.75 0 0.7115387 0 0.7884616 0 0.7884616 0 0.75 0 0.8269231 0 0.8269231 0 0.7884616 0 0.8653846 0 0.8653846 0 0.8269231 0 0.8653846 0 0.9038462 0 0.9038462 0 0.9423077 0 0.9423077 0 0.9038462 0 0.9807692 0 0.9807692 0 0.9423077 0 0.01923078 0 0.01923078 0 -0.01923078 0 0.01923078 0 0.05769217 0 0.05769217 0 0.09615385 0 0.09615385 0 0.05769217 0 0.1346154 0 0.1346154 0 0.09615385 0 0.1346154 0 0.1730769 0 0.1730769 0 0.2115385 0 0.2115385 0 0.1730769 0 0.2115385 0 0.2500001 0 0.2500001 0 0.2884616 0 0.2884616 0 0.2500001 0 0.2884616 0 0.3269232 0 0.3269231 0 0.3653847 0 0.3653847 0 0.3269231 0 0.3653847 0 0.4038463 0 0.4038463 0 0.4038463 0 0.4423078 0 0.4423078 0 0.4423078 0 0.4807694 0 0.4807694 0 0.519231 0 0.519231 0 0.4807694 0 0.519231 0 0.5576925 0 0.5576925 0 0.596154 0 0.596154 0 0.5576925 0 0.596154 0 0.6346156 0 0.6346156 0 0.6346156 0 0.6730772 0 0.6730771 0 0.7115387 0 0.7115387 0 0.6730771 0 0.7115387 0 0.75 0 0.75 0 0.7884616 0 0.7884616 1 0.75 1 0.8269231 0 0.8269231 1 0.7884616 1 0.8653846 0 0.8653846 1 0.8269231 1 0.9038462 0 0.9038462 1 0.8653846 1 0.9423077 0 0.9423077 1 0.9038462 1 0.9807692 0 0.9807692 1 0.9423077 1 0.01923078 0 0.01923078 1 -0.01923078 1 0.05769217 0 0.05769217 1 0.01923078 1 0.09615385 0 0.09615385 1 0.05769217 1 0.1346154 0 0.1346154 1 0.09615385 1 0.1730769 0 0.1730769 1 0.1346154 1 0.2115385 0 0.2115385 1 0.1730769 1 0.2500001 0 0.2500001 1 0.2115385 1 0.2884616 0 0.2884616 1 0.2500001 1 0.3269231 0 0.3269231 1 0.2884616 1 0.3653847 0 0.3653847 1 0.3269231 1 0.4038463 0 0.4038463 1 0.3653847 1 0.4423078 0 0.4423078 1 0.4038463 1 0.4807694 0 0.4807694 1 0.4423078 1 0.519231 0 0.519231 1 0.4807694 1 0.5576925 0 0.5576925 1 0.519231 1 0.596154 0 0.596154 1 0.5576925 1 0.6346156 0 0.6346156 1 0.596154 1 0.6730771 0 0.6730771 1 0.6346156 1 0.7115387 0 0.7115387 1 0.6730771 1 0.75 0 0.75 1 0.7115387 1 0.75 1 0.7884616 1 0.7884616 1 0.7884616 1 0.8269231 1 0.826923 1 0.8653846 1 0.8653846 1 0.826923 1 0.9038462 1 0.9038462 1 0.8653846 1 0.9038462 1 0.9423077 1 0.9423077 1 0.9423077 1 0.9807692 1 0.9807692 1 0.01923078 1 0.01923078 1 -0.01923078 1 0.05769217 1 0.05769217 1 0.01923078 1 0.05769217 1 0.09615385 1 0.09615385 1 0.09615385 1 0.1346154 1 0.1346154 1 0.1730769 1 0.1730769 1 0.1346154 1 0.1730769 1 0.2115385 1 0.2115384 1 0.2500001 1 0.2500001 1 0.2115384 1 0.2500001 1 0.2884616 1 0.2884616 1 0.3269231 1 0.3269232 1 0.2884616 1 0.3269231 1 0.3653847 1 0.3653847 1 0.4038463 1 0.4038463 1 0.3653847 1 0.4423078 1 0.4423078 1 0.4038463 1 0.4807694 1 0.4807694 1 0.4423078 1 0.4807694 1 0.519231 1 0.519231 1 0.5576925 1 0.5576925 1 0.519231 1 0.5576925 1 0.596154 1 0.596154 1 0.596154 1 0.6346156 1 0.6346156 1 0.6730771 1 0.6730771 1 0.6346156 1 0.6730771 1 0.7115387 1 0.7115387 1 0.75 1 0.75 1 0.7115387 1 0.75 1 0.7884616 1 0.7884616 1 0.7884616 1 0.826923 1 0.8269231 1 0.8653846 1 0.8653846 1 0.8269231 1 0.9038462 1 0.9038462 1 0.8653846 1 0.9038462 1 0.9423077 1 0.9423077 1 0.9423077 1 0.9807692 1 0.9807692 1 0.01923078 1 0.01923078 1 -0.01923078 1 0.05769217 1 0.05769217 1 0.01923078 1 0.05769217 1 0.09615385 1 0.09615385 1 0.09615385 1 0.1346154 1 0.1346154 1 0.1730769 1 0.1730769 1 0.1346154 1 0.1730769 1 0.2115384 1 0.2115385 1 0.2500001 1 0.2500001 1 0.2115385 1 0.2884616 1 0.2884616 1 0.2500001 1 0.3269232 1 0.3269231 1 0.2884616 1 0.3269232 1 0.3653847 1 0.3653847 1 0.4038463 1 0.4038463 1 0.3653847 1 0.4038463 1 0.4423078 1 0.4423078 1 0.4423078 1 0.4807694 1 0.4807694 1 0.4807694 1 0.519231 1 0.519231 1 0.5576925 1 0.5576925 1 0.519231 1 0.5576925 1 0.596154 1 0.596154 1 0.6346156 1 0.6346156 1 0.596154 1 0.6730771 1 0.6730772 1 0.6346156 1 0.6730771 1 0.7115387 1 0.7115387 1 0.75 1 0.75 1 0.7115387 1 0.75 1 0.7884616 1 0.7884616 1 0.7884616 1 0.8269231 1 0.8269231 1 0.8653846 1 0.8653846 1 0.8269231 1 0.9038462 1 0.9038462 1 0.8653846 1 0.9038462 1 0.9423077 1 0.9423077 1 0.9807692 1 0.9807692 1 0.9423077 1 0.01923078 1 0.01923078 1 -0.01923078 1 0.01923078 1 0.05769217 1 0.05769217 1 0.05769217 1 0.09615385 1 0.09615385 1 0.1346154 1 0.1346154 1 0.09615385 1 0.1730769 1 0.1730769 1 0.1346154 1 0.1730769 1 0.2115385 1 0.2115385 1 0.2500001 1 0.2500001 1 0.2115385 1 0.2884616 1 0.2884616 1 0.2500001 1 0.2884616 1 0.3269231 1 0.3269231 1 0.3269231 1 0.3653847 1 0.3653848 1 0.4038463 1 0.4038463 1 0.3653848 1 0.4038463 1 0.4423078 1 0.4423078 1 0.4807694 1 0.4807694 1 0.4423078 1 0.519231 1 0.519231 1 0.4807694 1 0.5576925 1 0.5576925 1 0.519231 1 0.5576925 1 0.596154 1 0.596154 1 0.6346156 1 0.6346156 1 0.596154 1 0.6730772 1 0.6730772 1 0.6346156 1 0.6730772 1 0.7115387 1 0.7115387 1 0.75 1 0.75 1 0.7115387 1 0.75 1 0.7884616 1 0.7884616 1 0.7884616 1 0.8269231 1 0.8269231 1 0.8653846 1 0.8653846 1 0.8269231 1 0.9038462 1 0.9038462 1 0.8653846 1 0.9038462 1 0.9423077 1 0.9423077 1 0.9807692 1 0.9807692 1 0.9423077 1 0.01923078 1 0.01923078 1 -0.01923078 1 0.01923078 1 0.05769217 1 0.05769217 1 0.05769217 1 0.09615385 1 0.09615385 1 0.09615385 1 0.1346154 1 0.1346154 1 0.1730769 1 0.1730769 1 0.1346154 1 0.1730769 1 0.2115385 1 0.2115384 1 0.2500001 1 0.2500001 1 0.2115384 1 0.2500001 1 0.2884616 1 0.2884616 1 0.3269231 1 0.3269231 1 0.2884616 1 0.3269231 1 0.3653848 1 0.3653847 1 0.4038463 1 0.4038463 1 0.3653847 1 0.4423078 1 0.4423078 1 0.4038463 1 0.4807694 1 0.4807694 1 0.4423078 1 0.519231 1 0.519231 1 0.4807694 1 0.5576925 1 0.5576925 1 0.519231 1 0.5576925 1 0.596154 1 0.596154 1 0.6346156 1 0.6346156 1 0.596154 1 0.6730772 1 0.6730771 1 0.6346156 1 0.6730772 1 0.7115387 1 0.7115387 1 0.75 1 0.75 1 0.7115387 1 0.75 1 0.7884616 1 0.7884616 1 0.7884616 1 0.8269231 1 0.8269231 1 0.8653846 1 0.8653846 1 0.8269231 1 0.9038462 1 0.9038462 1 0.8653846 1 0.9038462 1 0.9423077 1 0.9423077 1 0.9807692 1 0.9807692 1 0.9423077 1 0.01923078 1 0.01923078 1 -0.01923078 1 0.01923078 1 0.05769217 1 0.05769217 1 0.05769217 1 0.09615385 1 0.09615385 1 0.09615385 1 0.1346154 1 0.1346154 1 0.1730769 1 0.1730769 1 0.1346154 1 0.1730769 1 0.2115384 1 0.2115385 1 0.2500001 1 0.2500001 1 0.2115385 1 0.2500001 1 0.2884616 1 0.2884616 1 0.3269231 1 0.3269231 1 0.2884616 1 0.3269231 1 0.3653847 1 0.3653848 1 0.4038463 1 0.4038463 1 0.3653848 1 0.4038463 1 0.4423078 1 0.4423078 1 0.4807694 1 0.4807694 1 0.4423078 1 0.519231 1 0.519231 1 0.4807694 1 0.519231 1 0.5576925 1 0.5576925 1 0.5576925 1 0.596154 1 0.596154 1 0.6346156 1 0.6346156 1 0.596154 1 0.6730771 1 0.6730772 1 0.6346156 1 0.6730771 1 0.7115387 1 0.7115387 1 0.75 1 0.75 1 0.7115387 1 0.7884616 1 0.7884616 1 0.75 1 0.7884616 1 0.8269231 1 0.8269231 1 0.8653846 1 0.8653846 1 0.8269231 1 0.9038462 1 0.9038462 1 0.8653846 1 0.9038462 1 0.9423077 1 0.9423077 1 0.9807692 1 0.9807692 1 0.9423077 1 0.01923078 1 0.01923078 1 -0.01923078 1 0.01923078 1 0.05769217 1 0.05769217 1 0.05769217 1 0.09615385 1 0.09615385 1 0.09615385 1 0.1346154 1 0.1346154 1 0.1730769 1 0.1730769 1 0.1346154 1 0.1730769 1 0.2115385 1 0.2115385 1 0.2500001 1 0.2500001 1 0.2115385 1 0.2500001 1 0.2884616 1 0.2884616 1 0.3269231 1 0.3269232 1 0.2884616 1 0.3269231 1 0.3653848 1 0.3653847 1 0.4038463 1 0.4038463 1 0.3653847 1 0.4038463 1 0.4423078 1 0.4423078 1 0.4807694 1 0.4807694 1 0.4423078 1 0.4807694 1 0.519231 1 0.519231 1 0.5576925 1 0.5576925 1 0.519231 1 0.5576925 1 0.596154 1 0.596154 1 0.6346156 1 0.6346156 1 0.596154 1 0.6730772 1 0.6730771 1 0.6346156 1 0.6730772 1 0.7115387 1 0.7115387 1 0.75 1 0.75 1 0.7115387 1</float_array>
          <technique_common>
            <accessor source="#Örüntü_019-mesh-map-0-array" count="2184" stride="2">
              <param name="S" type="float"/>
              <param name="T" type="float"/>
            </accessor>
          </technique_common>
        </source>
        <vertices id="Örüntü_019-mesh-vertices">
          <input semantic="POSITION" source="#Örüntü_019-mesh-positions"/>
        </vertices>
        <triangles material="Material_001-material" count="728">
          <input semantic="VERTEX" source="#Örüntü_019-mesh-vertices" offset="0"/>
          <input semantic="NORMAL" source="#Örüntü_019-mesh-normals" offset="1"/>
          <input semantic="TEXCOORD" source="#Örüntü_019-mesh-map-0" offset="2" set="0"/>
          <p>0 0 0 2 0 1 1 0 2 0 0 3 3 0 4 2 0 5 0 0 6 4 0 7 3 0 8 0 0 9 5 0 10 4 0 11 0 0 12 6 0 13 5 0 14 0 0 15 7 0 16 6 0 17 0 0 18 8 0 19 7 0 20 0 0 21 9 0 22 8 0 23 0 0 24 10 0 25 9 0 26 0 0 27 11 0 28 10 0 29 0 0 30 12 0 31 11 0 32 0 0 33 13 0 34 12 0 35 0 0 36 14 0 37 13 0 38 0 0 39 15 0 40 14 0 41 0 0 42 16 0 43 15 0 44 0 0 45 17 0 46 16 0 47 0 0 48 18 0 49 17 0 50 0 0 51 19 0 52 18 0 53 0 0 54 20 0 55 19 0 56 0 0 57 21 0 58 20 0 59 0 0 60 22 0 61 21 0 62 0 0 63 23 0 64 22 0 65 0 0 66 24 0 67 23 0 68 0 0 69 25 0 70 24 0 71 0 0 72 26 0 73 25 0 74 0 0 75 1 0 76 26 0 77 2 0 78 27 0 79 1 0 80 2 0 81 29 0 82 28 0 83 3 0 84 30 0 85 29 0 86 4 0 87 31 0 88 30 0 89 6 0 90 31 0 91 5 0 92 7 0 93 32 0 94 6 0 95 8 0 96 33 0 97 7 0 98 8 0 99 35 0 100 34 0 101 10 0 102 35 0 103 9 0 104 11 0 105 36 0 106 10 0 107 11 0 108 38 0 109 37 0 110 13 0 111 38 0 112 12 0 113 13 0 114 40 0 115 39 0 116 14 0 117 41 0 118 40 0 119 16 0 120 41 0 121 15 0 122 17 0 123 42 0 124 16 0 125 17 0 126 44 0 127 43 0 128 18 0 129 45 0 130 44 0 131 20 0 132 45 0 133 19 0 134 21 0 135 46 0 136 20 0 137 21 0 138 48 0 139 47 0 140 23 0 141 48 0 142 22 0 143 23 0 144 50 0 145 49 0 146 24 0 147 51 0 148 50 0 149 26 0 150 51 0 151 25 0 152 1 0 153 52 0 154 26 0 155 27 0 156 54 0 157 53 0 158 29 0 159 54 0 160 28 0 161 29 0 162 56 0 163 55 0 164 30 0 165 57 0 166 56 0 167 32 0 168 57 0 169 31 0 170 33 0 171 58 0 172 32 0 173 34 0 174 59 0 175 33 0 176 34 0 177 61 0 178 60 0 179 36 0 180 61 0 181 35 0 182 37 0 183 62 0 184 36 0 185 37 0 186 64 0 187 63 0 188 39 0 189 64 0 190 38 0 191 39 0 192 66 0 193 65 0 194 40 0 195 67 0 196 66 0 197 42 0 198 67 0 199 41 0 200 43 0 201 68 0 202 42 0 203 43 0 204 70 0 205 69 0 206 45 0 207 70 0 208 44 0 209 45 0 210 72 0 211 71 0 212 47 0 213 72 0 214 46 0 215 47 0 216 74 0 217 73 0 218 49 0 219 74 0 220 48 0 221 49 0 222 76 0 223 75 0 224 50 0 225 77 0 226 76 0 227 52 0 228 77 0 229 51 0 230 52 0 231 53 0 232 78 0 233 53 0 234 80 0 235 79 0 236 55 0 237 80 0 238 54 0 239 55 0 240 82 0 241 81 0 242 56 0 243 83 0 244 82 0 245 58 0 246 83 0 247 57 0 248 59 0 249 84 0 250 58 0 251 60 0 252 85 0 253 59 0 254 60 0 255 87 0 256 86 0 257 62 0 258 87 0 259 61 0 260 63 0 261 88 0 262 62 0 263 63 0 264 90 0 265 89 0 266 65 0 267 90 0 268 64 0 269 65 0 270 92 0 271 91 0 272 66 0 273 93 0 274 92 0 275 68 0 276 93 0 277 67 0 278 69 0 279 94 0 280 68 0 281 69 0 282 96 0 283 95 0 284 70 0 285 97 0 286 96 0 287 71 0 288 98 0 289 97 0 290 73 0 291 98 0 292 72 0 293 73 0 294 100 0 295 99 0 296 75 0 297 100 0 298 74 0 299 75 0 300 102 0 301 101 0 302 76 0 303 103 0 304 102 0 305 78 0 306 103 0 307 77 0 308 78 0 309 79 0 310 104 0 311 80 0 312 105 0 313 79 0 314 81 0 315 106 0 316 80 0 317 81 0 318 108 0 319 107 0 320 82 0 321 109 0 322 108 0 323 84 0 324 109 0 325 83 0 326 84 0 327 111 0 328 110 0 329 86 0 330 111 0 331 85 0 332 87 0 333 112 0 334 86 0 335 88 0 336 113 0 337 87 0 338 89 0 339 114 0 340 88 0 341 89 0 342 116 0 343 115 0 344 91 0 345 116 0 346 90 0 347 91 0 348 118 0 349 117 0 350 92 0 351 119 0 352 118 0 353 94 0 354 119 0 355 93 0 356 95 0 357 120 0 358 94 0 359 95 0 360 122 0 361 121 0 362 97 0 363 122 0 364 96 0 365 97 0 366 124 0 367 123 0 368 99 0 369 124 0 370 98 0 371 99 0 372 126 0 373 125 0 374 101 0 375 126 0 376 100 0 377 101 0 378 128 0 379 127 0 380 102 0 381 129 0 382 128 0 383 104 0 384 129 0 385 103 0 386 104 0 387 105 0 388 130 0 389 105 0 390 132 0 391 131 0 392 107 0 393 132 0 394 106 0 395 107 0 396 134 0 397 133 0 398 108 0 399 135 0 400 134 0 401 110 0 402 135 0 403 109 0 404 111 0 405 136 0 406 110 0 407 112 0 408 137 0 409 111 0 410 112 0 411 139 0 412 138 0 413 114 0 414 139 0 415 113 0 416 115 0 417 140 0 418 114 0 419 115 0 420 142 0 421 141 0 422 117 0 423 142 0 424 116 0 425 117 0 426 144 0 427 143 0 428 118 0 429 145 0 430 144 0 431 120 0 432 145 0 433 119 0 434 121 0 435 146 0 436 120 0 437 121 0 438 148 0 439 147 0 440 123 0 441 148 0 442 122 0 443 123 0 444 150 0 445 149 0 446 125 0 447 150 0 448 124 0 449 125 0 450 152 0 451 151 0 452 127 0 453 152 0 454 126 0 455 127 0 456 154 0 457 153 0 458 128 0 459 155 0 460 154 0 461 130 0 462 155 0 463 129 0 464 105 0 465 156 0 466 130 0 467 132 0 468 157 0 469 131 0 470 133 0 471 158 0 472 132 0 473 134 0 474 159 0 475 133 0 476 134 0 477 161 0 478 160 0 479 136 0 480 161 0 481 135 0 482 137 0 483 162 0 484 136 0 485 138 0 486 163 0 487 137 0 488 138 0 489 165 0 490 164 0 491 140 0 492 165 0 493 139 0 494 141 0 495 166 0 496 140 0 497 141 0 498 168 0 499 167 0 500 143 0 501 168 0 502 142 0 503 143 0 504 170 0 505 169 0 506 145 0 507 170 0 508 144 0 509 145 0 510 172 0 511 171 0 512 147 0 513 172 0 514 146 0 515 147 0 516 174 0 517 173 0 518 148 0 519 175 0 520 174 0 521 149 0 522 176 0 523 175 0 524 151 0 525 176 0 526 150 0 527 151 0 528 178 0 529 177 0 530 153 0 531 178 0 532 152 0 533 153 0 534 180 0 535 179 0 536 154 0 537 181 0 538 180 0 539 156 0 540 181 0 541 155 0 542 156 0 543 157 0 544 182 0 545 158 1 546 183 2 547 157 3 548 159 4 549 184 5 550 158 1 551 160 6 552 185 7 553 159 4 554 161 8 555 186 9 556 160 6 557 162 10 558 187 11 559 161 8 560 163 12 561 188 13 562 162 10 563 164 14 564 189 15 565 163 12 566 165 16 567 190 17 568 164 14 569 166 18 570 191 19 571 165 16 572 167 20 573 192 21 574 166 18 575 168 22 576 193 23 577 167 20 578 169 24 579 194 25 580 168 22 581 170 26 582 195 27 583 169 24 584 171 28 585 196 29 586 170 26 587 172 30 588 197 31 589 171 28 590 173 32 591 198 33 592 172 30 593 174 34 594 199 35 595 173 32 596 175 36 597 200 37 598 174 34 599 176 38 600 201 39 601 175 36 602 177 40 603 202 41 604 176 38 605 178 42 606 203 43 607 177 40 608 179 44 609 204 45 610 178 42 611 180 46 612 205 47 613 179 44 614 181 48 615 206 49 616 180 46 617 182 50 618 207 51 619 181 48 620 157 3 621 208 52 622 182 50 623 183 53 624 210 53 625 209 53 626 184 53 627 211 53 628 210 53 629 186 53 630 211 53 631 185 53 632 187 54 633 212 54 634 186 54 635 187 53 636 214 53 637 213 53 638 188 53 639 215 53 640 214 53 641 190 53 642 215 53 643 189 53 644 191 53 645 216 53 646 190 53 647 191 55 648 218 55 649 217 55 650 192 56 651 219 56 652 218 56 653 194 57 654 219 57 655 193 57 656 194 53 657 221 53 658 220 53 659 196 58 660 221 58 661 195 58 662 196 59 663 223 59 664 222 59 665 198 60 666 223 60 667 197 60 668 198 53 669 225 53 670 224 53 671 200 61 672 225 61 673 199 61 674 201 53 675 226 53 676 200 53 677 202 53 678 227 53 679 201 53 680 202 53 681 229 53 682 228 53 683 204 53 684 229 53 685 203 53 686 204 62 687 231 62 688 230 62 689 205 63 690 232 63 691 231 63 692 207 61 693 232 61 694 206 61 695 207 53 696 234 53 697 233 53 698 183 64 699 234 64 700 208 64 701 209 53 702 236 53 703 235 53 704 210 65 705 237 65 706 236 65 707 212 66 708 237 66 709 211 66 710 213 53 711 238 53 712 212 53 713 213 53 714 240 53 715 239 53 716 214 53 717 241 53 718 240 53 719 216 53 720 241 53 721 215 53 722 217 53 723 242 53 724 216 53 725 217 53 726 244 53 727 243 53 728 218 53 729 245 53 730 244 53 731 220 53 732 245 53 733 219 53 734 220 67 735 247 67 736 246 67 737 222 68 738 247 68 739 221 68 740 223 69 741 248 69 742 222 69 743 224 70 744 249 70 745 223 70 746 224 71 747 251 71 748 250 71 749 226 72 750 251 72 751 225 72 752 226 73 753 253 73 754 252 73 755 227 74 756 254 74 757 253 74 758 228 75 759 255 75 760 254 75 761 230 53 762 255 53 763 229 53 764 230 73 765 257 73 766 256 73 767 232 53 768 257 53 769 231 53 770 233 76 771 258 76 772 232 76 773 233 77 774 260 77 775 259 77 776 209 78 777 260 78 778 234 78 779 235 53 780 262 53 781 261 53 782 236 79 783 263 79 784 262 79 785 238 53 786 263 53 787 237 53 788 239 80 789 264 80 790 238 80 791 239 81 792 266 81 793 265 81 794 241 82 795 266 82 796 240 82 797 242 53 798 267 53 799 241 53 800 242 83 801 269 83 802 268 83 803 243 84 804 270 84 805 269 84 806 245 53 807 270 53 808 244 53 809 246 85 810 271 85 811 245 85 812 246 86 813 273 86 814 272 86 815 248 53 816 273 53 817 247 53 818 249 87 819 274 87 820 248 87 821 249 88 822 276 88 823 275 88 824 250 53 825 277 53 826 276 53 827 252 53 828 277 53 829 251 53 830 252 53 831 279 53 832 278 53 833 254 53 834 279 53 835 253 53 836 255 53 837 280 53 838 254 53 839 256 53 840 281 53 841 255 53 842 256 89 843 283 89 844 282 89 845 258 53 846 283 53 847 257 53 848 259 53 849 284 53 850 258 53 851 259 90 852 286 90 853 285 90 854 235 91 855 286 91 856 260 91 857 261 53 858 288 53 859 287 53 860 262 53 861 289 53 862 288 53 863 264 53 864 289 53 865 263 53 866 265 92 867 290 92 868 264 92 869 265 93 870 292 93 871 291 93 872 267 94 873 292 94 874 266 94 875 268 53 876 293 53 877 267 53 878 268 95 879 295 95 880 294 95 881 269 96 882 296 96 883 295 96 884 270 53 885 297 53 886 296 53 887 272 97 888 297 97 889 271 97 890 272 98 891 299 98 892 298 98 893 274 99 894 299 99 895 273 99 896 274 100 897 301 100 898 300 100 899 276 101 900 301 101 901 275 101 902 276 102 903 303 102 904 302 102 905 278 103 906 303 103 907 277 103 908 279 97 909 304 97 910 278 97 911 280 53 912 305 53 913 279 53 914 281 53 915 306 53 916 280 53 917 282 53 918 307 53 919 281 53 920 282 104 921 309 104 922 308 104 923 284 53 924 309 53 925 283 53 926 285 105 927 310 105 928 284 105 929 285 53 930 312 53 931 311 53 932 261 106 933 312 106 934 286 106 935 287 53 936 314 53 937 313 53 938 288 53 939 315 53 940 314 53 941 290 53 942 315 53 943 289 53 944 291 102 945 316 102 946 290 102 947 291 107 948 318 107 949 317 107 950 293 53 951 318 53 952 292 53 953 294 53 954 319 53 955 293 53 956 294 83 957 321 83 958 320 83 959 295 108 960 322 108 961 321 108 962 296 109 963 323 109 964 322 109 965 298 53 966 323 53 967 297 53 968 298 90 969 325 90 970 324 90 971 300 53 972 325 53 973 299 53 974 300 53 975 327 53 976 326 53 977 302 110 978 327 110 979 301 110 980 302 53 981 329 53 982 328 53 983 304 111 984 329 111 985 303 111 986 304 112 987 331 112 988 330 112 989 306 53 990 331 53 991 305 53 992 307 53 993 332 53 994 306 53 995 307 53 996 334 53 997 333 53 998 308 113 999 335 113 1000 334 113 1001 310 53 1002 335 53 1003 309 53 1004 311 53 1005 336 53 1006 310 53 1007 311 53 1008 338 53 1009 337 53 1010 287 114 1011 338 114 1012 312 114 1013 314 53 1014 339 53 1015 313 53 1016 314 115 1017 341 115 1018 340 115 1019 316 116 1020 341 116 1021 315 116 1022 317 117 1023 342 117 1024 316 117 1025 317 118 1026 344 118 1027 343 118 1028 319 53 1029 344 53 1030 318 53 1031 320 53 1032 345 53 1033 319 53 1034 320 119 1035 347 119 1036 346 119 1037 321 53 1038 348 53 1039 347 53 1040 322 120 1041 349 120 1042 348 120 1043 324 121 1044 349 121 1045 323 121 1046 324 122 1047 351 122 1048 350 122 1049 326 123 1050 351 123 1051 325 123 1052 326 53 1053 353 53 1054 352 53 1055 328 79 1056 353 79 1057 327 79 1058 328 124 1059 355 124 1060 354 124 1061 330 53 1062 355 53 1063 329 53 1064 330 125 1065 357 125 1066 356 125 1067 332 126 1068 357 126 1069 331 126 1070 332 127 1071 359 127 1072 358 127 1073 334 53 1074 359 53 1075 333 53 1076 334 128 1077 361 128 1078 360 128 1079 336 129 1080 361 129 1081 335 129 1082 337 53 1083 362 53 1084 336 53 1085 337 130 1086 364 130 1087 363 130 1088 313 53 1089 364 53 1090 338 53 1091 365 53 1092 339 53 1093 340 53 1094 365 131 1095 340 131 1096 341 131 1097 365 132 1098 341 132 1099 342 132 1100 365 133 1101 342 133 1102 343 133 1103 365 134 1104 343 134 1105 344 134 1106 365 135 1107 344 135 1108 345 135 1109 365 53 1110 345 53 1111 346 53 1112 365 136 1113 346 136 1114 347 136 1115 365 137 1116 347 137 1117 348 137 1118 365 138 1119 348 138 1120 349 138 1121 365 139 1122 349 139 1123 350 139 1124 365 130 1125 350 130 1126 351 130 1127 365 53 1128 351 53 1129 352 53 1130 365 53 1131 352 53 1132 353 53 1133 365 140 1134 353 140 1135 354 140 1136 365 123 1137 354 123 1138 355 123 1139 365 53 1140 355 53 1141 356 53 1142 365 141 1143 356 141 1144 357 141 1145 365 142 1146 357 142 1147 358 142 1148 365 143 1149 358 143 1150 359 143 1151 365 53 1152 359 53 1153 360 53 1154 365 144 1155 360 144 1156 361 144 1157 365 145 1158 361 145 1159 362 145 1160 365 146 1161 362 146 1162 363 146 1163 365 147 1164 363 147 1165 364 147 1166 365 53 1167 364 53 1168 339 53 1169 2 0 1170 28 0 1171 27 0 1172 2 0 1173 3 0 1174 29 0 1175 3 0 1176 4 0 1177 30 0 1178 4 0 1179 5 0 1180 31 0 1181 6 0 1182 32 0 1183 31 0 1184 7 0 1185 33 0 1186 32 0 1187 8 0 1188 34 0 1189 33 0 1190 8 0 1191 9 0 1192 35 0 1193 10 0 1194 36 0 1195 35 0 1196 11 0 1197 37 0 1198 36 0 1199 11 0 1200 12 0 1201 38 0 1202 13 0 1203 39 0 1204 38 0 1205 13 0 1206 14 0 1207 40 0 1208 14 0 1209 15 0 1210 41 0 1211 16 0 1212 42 0 1213 41 0 1214 17 0 1215 43 0 1216 42 0 1217 17 0 1218 18 0 1219 44 0 1220 18 0 1221 19 0 1222 45 0 1223 20 0 1224 46 0 1225 45 0 1226 21 0 1227 47 0 1228 46 0 1229 21 0 1230 22 0 1231 48 0 1232 23 0 1233 49 0 1234 48 0 1235 23 0 1236 24 0 1237 50 0 1238 24 0 1239 25 0 1240 51 0 1241 26 0 1242 52 0 1243 51 0 1244 1 0 1245 27 0 1246 52 0 1247 27 0 1248 28 0 1249 54 0 1250 29 0 1251 55 0 1252 54 0 1253 29 0 1254 30 0 1255 56 0 1256 30 0 1257 31 0 1258 57 0 1259 32 0 1260 58 0 1261 57 0 1262 33 0 1263 59 0 1264 58 0 1265 34 0 1266 60 0 1267 59 0 1268 34 0 1269 35 0 1270 61 0 1271 36 0 1272 62 0 1273 61 0 1274 37 0 1275 63 0 1276 62 0 1277 37 0 1278 38 0 1279 64 0 1280 39 0 1281 65 0 1282 64 0 1283 39 0 1284 40 0 1285 66 0 1286 40 0 1287 41 0 1288 67 0 1289 42 0 1290 68 0 1291 67 0 1292 43 0 1293 69 0 1294 68 0 1295 43 0 1296 44 0 1297 70 0 1298 45 0 1299 71 0 1300 70 0 1301 45 0 1302 46 0 1303 72 0 1304 47 0 1305 73 0 1306 72 0 1307 47 0 1308 48 0 1309 74 0 1310 49 0 1311 75 0 1312 74 0 1313 49 0 1314 50 0 1315 76 0 1316 50 0 1317 51 0 1318 77 0 1319 52 0 1320 78 0 1321 77 0 1322 52 0 1323 27 0 1324 53 0 1325 53 0 1326 54 0 1327 80 0 1328 55 0 1329 81 0 1330 80 0 1331 55 0 1332 56 0 1333 82 0 1334 56 0 1335 57 0 1336 83 0 1337 58 0 1338 84 0 1339 83 0 1340 59 0 1341 85 0 1342 84 0 1343 60 0 1344 86 0 1345 85 0 1346 60 0 1347 61 0 1348 87 0 1349 62 0 1350 88 0 1351 87 0 1352 63 0 1353 89 0 1354 88 0 1355 63 0 1356 64 0 1357 90 0 1358 65 0 1359 91 0 1360 90 0 1361 65 0 1362 66 0 1363 92 0 1364 66 0 1365 67 0 1366 93 0 1367 68 0 1368 94 0 1369 93 0 1370 69 0 1371 95 0 1372 94 0 1373 69 0 1374 70 0 1375 96 0 1376 70 0 1377 71 0 1378 97 0 1379 71 0 1380 72 0 1381 98 0 1382 73 0 1383 99 0 1384 98 0 1385 73 0 1386 74 0 1387 100 0 1388 75 0 1389 101 0 1390 100 0 1391 75 0 1392 76 0 1393 102 0 1394 76 0 1395 77 0 1396 103 0 1397 78 0 1398 104 0 1399 103 0 1400 78 0 1401 53 0 1402 79 0 1403 80 0 1404 106 0 1405 105 0 1406 81 0 1407 107 0 1408 106 0 1409 81 0 1410 82 0 1411 108 0 1412 82 0 1413 83 0 1414 109 0 1415 84 0 1416 110 0 1417 109 0 1418 84 0 1419 85 0 1420 111 0 1421 86 0 1422 112 0 1423 111 0 1424 87 0 1425 113 0 1426 112 0 1427 88 0 1428 114 0 1429 113 0 1430 89 0 1431 115 0 1432 114 0 1433 89 0 1434 90 0 1435 116 0 1436 91 0 1437 117 0 1438 116 0 1439 91 0 1440 92 0 1441 118 0 1442 92 0 1443 93 0 1444 119 0 1445 94 0 1446 120 0 1447 119 0 1448 95 0 1449 121 0 1450 120 0 1451 95 0 1452 96 0 1453 122 0 1454 97 0 1455 123 0 1456 122 0 1457 97 0 1458 98 0 1459 124 0 1460 99 0 1461 125 0 1462 124 0 1463 99 0 1464 100 0 1465 126 0 1466 101 0 1467 127 0 1468 126 0 1469 101 0 1470 102 0 1471 128 0 1472 102 0 1473 103 0 1474 129 0 1475 104 0 1476 130 0 1477 129 0 1478 104 0 1479 79 0 1480 105 0 1481 105 0 1482 106 0 1483 132 0 1484 107 0 1485 133 0 1486 132 0 1487 107 0 1488 108 0 1489 134 0 1490 108 0 1491 109 0 1492 135 0 1493 110 0 1494 136 0 1495 135 0 1496 111 0 1497 137 0 1498 136 0 1499 112 0 1500 138 0 1501 137 0 1502 112 0 1503 113 0 1504 139 0 1505 114 0 1506 140 0 1507 139 0 1508 115 0 1509 141 0 1510 140 0 1511 115 0 1512 116 0 1513 142 0 1514 117 0 1515 143 0 1516 142 0 1517 117 0 1518 118 0 1519 144 0 1520 118 0 1521 119 0 1522 145 0 1523 120 0 1524 146 0 1525 145 0 1526 121 0 1527 147 0 1528 146 0 1529 121 0 1530 122 0 1531 148 0 1532 123 0 1533 149 0 1534 148 0 1535 123 0 1536 124 0 1537 150 0 1538 125 0 1539 151 0 1540 150 0 1541 125 0 1542 126 0 1543 152 0 1544 127 0 1545 153 0 1546 152 0 1547 127 0 1548 128 0 1549 154 0 1550 128 0 1551 129 0 1552 155 0 1553 130 0 1554 156 0 1555 155 0 1556 105 0 1557 131 0 1558 156 0 1559 132 0 1560 158 0 1561 157 0 1562 133 0 1563 159 0 1564 158 0 1565 134 0 1566 160 0 1567 159 0 1568 134 0 1569 135 0 1570 161 0 1571 136 0 1572 162 0 1573 161 0 1574 137 0 1575 163 0 1576 162 0 1577 138 0 1578 164 0 1579 163 0 1580 138 0 1581 139 0 1582 165 0 1583 140 0 1584 166 0 1585 165 0 1586 141 0 1587 167 0 1588 166 0 1589 141 0 1590 142 0 1591 168 0 1592 143 0 1593 169 0 1594 168 0 1595 143 0 1596 144 0 1597 170 0 1598 145 0 1599 171 0 1600 170 0 1601 145 0 1602 146 0 1603 172 0 1604 147 0 1605 173 0 1606 172 0 1607 147 0 1608 148 0 1609 174 0 1610 148 0 1611 149 0 1612 175 0 1613 149 0 1614 150 0 1615 176 0 1616 151 0 1617 177 0 1618 176 0 1619 151 0 1620 152 0 1621 178 0 1622 153 0 1623 179 0 1624 178 0 1625 153 0 1626 154 0 1627 180 0 1628 154 0 1629 155 0 1630 181 0 1631 156 0 1632 182 0 1633 181 0 1634 156 0 1635 131 0 1636 157 0 1637 158 1 1638 184 5 1639 183 2 1640 159 4 1641 185 7 1642 184 5 1643 160 6 1644 186 9 1645 185 7 1646 161 8 1647 187 11 1648 186 9 1649 162 10 1650 188 13 1651 187 11 1652 163 12 1653 189 15 1654 188 13 1655 164 14 1656 190 17 1657 189 15 1658 165 16 1659 191 19 1660 190 17 1661 166 18 1662 192 21 1663 191 19 1664 167 20 1665 193 23 1666 192 21 1667 168 22 1668 194 25 1669 193 23 1670 169 24 1671 195 27 1672 194 25 1673 170 26 1674 196 29 1675 195 27 1676 171 28 1677 197 31 1678 196 29 1679 172 30 1680 198 33 1681 197 31 1682 173 32 1683 199 35 1684 198 33 1685 174 34 1686 200 37 1687 199 35 1688 175 36 1689 201 39 1690 200 37 1691 176 38 1692 202 41 1693 201 39 1694 177 40 1695 203 43 1696 202 41 1697 178 42 1698 204 45 1699 203 43 1700 179 44 1701 205 47 1702 204 45 1703 180 46 1704 206 49 1705 205 47 1706 181 48 1707 207 51 1708 206 49 1709 182 50 1710 208 52 1711 207 51 1712 157 3 1713 183 2 1714 208 52 1715 183 148 1716 184 148 1717 210 148 1718 184 53 1719 185 53 1720 211 53 1721 186 53 1722 212 53 1723 211 53 1724 187 53 1725 213 53 1726 212 53 1727 187 53 1728 188 53 1729 214 53 1730 188 53 1731 189 53 1732 215 53 1733 190 53 1734 216 53 1735 215 53 1736 191 53 1737 217 53 1738 216 53 1739 191 53 1740 192 53 1741 218 53 1742 192 149 1743 193 149 1744 219 149 1745 194 53 1746 220 53 1747 219 53 1748 194 150 1749 195 150 1750 221 150 1751 196 151 1752 222 151 1753 221 151 1754 196 152 1755 197 152 1756 223 152 1757 198 153 1758 224 153 1759 223 153 1760 198 154 1761 199 154 1762 225 154 1763 200 53 1764 226 53 1765 225 53 1766 201 76 1767 227 76 1768 226 76 1769 202 155 1770 228 155 1771 227 155 1772 202 53 1773 203 53 1774 229 53 1775 204 156 1776 230 156 1777 229 156 1778 204 157 1779 205 157 1780 231 157 1781 205 53 1782 206 53 1783 232 53 1784 207 53 1785 233 53 1786 232 53 1787 207 158 1788 208 158 1789 234 158 1790 183 53 1791 209 53 1792 234 53 1793 209 53 1794 210 53 1795 236 53 1796 210 53 1797 211 53 1798 237 53 1799 212 53 1800 238 53 1801 237 53 1802 213 159 1803 239 159 1804 238 159 1805 213 53 1806 214 53 1807 240 53 1808 214 53 1809 215 53 1810 241 53 1811 216 53 1812 242 53 1813 241 53 1814 217 53 1815 243 53 1816 242 53 1817 217 160 1818 218 160 1819 244 160 1820 218 53 1821 219 53 1822 245 53 1823 220 53 1824 246 53 1825 245 53 1826 220 66 1827 221 66 1828 247 66 1829 222 161 1830 248 161 1831 247 161 1832 223 65 1833 249 65 1834 248 65 1835 224 162 1836 250 162 1837 249 162 1838 224 53 1839 225 53 1840 251 53 1841 226 53 1842 252 53 1843 251 53 1844 226 53 1845 227 53 1846 253 53 1847 227 53 1848 228 53 1849 254 53 1850 228 53 1851 229 53 1852 255 53 1853 230 53 1854 256 53 1855 255 53 1856 230 53 1857 231 53 1858 257 53 1859 232 53 1860 258 53 1861 257 53 1862 233 67 1863 259 67 1864 258 67 1865 233 163 1866 234 163 1867 260 163 1868 209 53 1869 235 53 1870 260 53 1871 235 164 1872 236 164 1873 262 164 1874 236 73 1875 237 73 1876 263 73 1877 238 53 1878 264 53 1879 263 53 1880 239 165 1881 265 165 1882 264 165 1883 239 53 1884 240 53 1885 266 53 1886 241 165 1887 267 165 1888 266 165 1889 242 53 1890 268 53 1891 267 53 1892 242 166 1893 243 166 1894 269 166 1895 243 53 1896 244 53 1897 270 53 1898 245 53 1899 271 53 1900 270 53 1901 246 165 1902 272 165 1903 271 165 1904 246 53 1905 247 53 1906 273 53 1907 248 167 1908 274 167 1909 273 167 1910 249 53 1911 275 53 1912 274 53 1913 249 53 1914 250 53 1915 276 53 1916 250 168 1917 251 168 1918 277 168 1919 252 53 1920 278 53 1921 277 53 1922 252 53 1923 253 53 1924 279 53 1925 254 53 1926 280 53 1927 279 53 1928 255 73 1929 281 73 1930 280 73 1931 256 53 1932 282 53 1933 281 53 1934 256 53 1935 257 53 1936 283 53 1937 258 169 1938 284 169 1939 283 169 1940 259 53 1941 285 53 1942 284 53 1943 259 170 1944 260 170 1945 286 170 1946 235 53 1947 261 53 1948 286 53 1949 261 53 1950 262 53 1951 288 53 1952 262 53 1953 263 53 1954 289 53 1955 264 100 1956 290 100 1957 289 100 1958 265 53 1959 291 53 1960 290 53 1961 265 116 1962 266 116 1963 292 116 1964 267 171 1965 293 171 1966 292 171 1967 268 53 1968 294 53 1969 293 53 1970 268 172 1971 269 172 1972 295 172 1973 269 53 1974 270 53 1975 296 53 1976 270 53 1977 271 53 1978 297 53 1979 272 173 1980 298 173 1981 297 173 1982 272 174 1983 273 174 1984 299 174 1985 274 53 1986 300 53 1987 299 53 1988 274 175 1989 275 175 1990 301 175 1991 276 53 1992 302 53 1993 301 53 1994 276 97 1995 277 97 1996 303 97 1997 278 53 1998 304 53 1999 303 53 2000 279 176 2001 305 176 2002 304 176 2003 280 177 2004 306 177 2005 305 177 2006 281 178 2007 307 178 2008 306 178 2009 282 179 2010 308 179 2011 307 179 2012 282 180 2013 283 180 2014 309 180 2015 284 53 2016 310 53 2017 309 53 2018 285 102 2019 311 102 2020 310 102 2021 285 53 2022 286 53 2023 312 53 2024 261 53 2025 287 53 2026 312 53 2027 287 181 2028 288 181 2029 314 181 2030 288 53 2031 289 53 2032 315 53 2033 290 182 2034 316 182 2035 315 182 2036 291 183 2037 317 183 2038 316 183 2039 291 53 2040 292 53 2041 318 53 2042 293 184 2043 319 184 2044 318 184 2045 294 53 2046 320 53 2047 319 53 2048 294 53 2049 295 53 2050 321 53 2051 295 185 2052 296 185 2053 322 185 2054 296 100 2055 297 100 2056 323 100 2057 298 186 2058 324 186 2059 323 186 2060 298 53 2061 299 53 2062 325 53 2063 300 53 2064 326 53 2065 325 53 2066 300 181 2067 301 181 2068 327 181 2069 302 83 2070 328 83 2071 327 83 2072 302 63 2073 303 63 2074 329 63 2075 304 129 2076 330 129 2077 329 129 2078 304 187 2079 305 187 2080 331 187 2081 306 188 2082 332 188 2083 331 188 2084 307 189 2085 333 189 2086 332 189 2087 307 53 2088 308 53 2089 334 53 2090 308 53 2091 309 53 2092 335 53 2093 310 53 2094 336 53 2095 335 53 2096 311 53 2097 337 53 2098 336 53 2099 311 190 2100 312 190 2101 338 190 2102 287 53 2103 313 53 2104 338 53 2105 314 191 2106 340 191 2107 339 191 2108 314 192 2109 315 192 2110 341 192 2111 316 193 2112 342 193 2113 341 193 2114 317 194 2115 343 194 2116 342 194 2117 317 53 2118 318 53 2119 344 53 2120 319 195 2121 345 195 2122 344 195 2123 320 53 2124 346 53 2125 345 53 2126 320 53 2127 321 53 2128 347 53 2129 321 53 2130 322 53 2131 348 53 2132 322 196 2133 323 196 2134 349 196 2135 324 197 2136 350 197 2137 349 197 2138 324 53 2139 325 53 2140 351 53 2141 326 53 2142 352 53 2143 351 53 2144 326 53 2145 327 53 2146 353 53 2147 328 198 2148 354 198 2149 353 198 2150 328 199 2151 329 199 2152 355 199 2153 330 53 2154 356 53 2155 355 53 2156 330 53 2157 331 53 2158 357 53 2159 332 200 2160 358 200 2161 357 200 2162 332 53 2163 333 53 2164 359 53 2165 334 53 2166 360 53 2167 359 53 2168 334 53 2169 335 53 2170 361 53 2171 336 201 2172 362 201 2173 361 201 2174 337 202 2175 363 202 2176 362 202 2177 337 203 2178 338 203 2179 364 203 2180 313 53 2181 339 53 2182 364 53 2183</p>
        </triangles>
      </mesh>
    </geometry>
    <geometry id="Örüntü_018-mesh" name="Örüntü.018">
      <mesh>
        <source id="Örüntü_018-mesh-positions">
          <float_array id="Örüntü_018-mesh-positions-array" count="1098">0 0 0 0.1714286 0 0 0.1664472 0.0410254 0 0.1517925 0.07966679 0 0.1283161 0.1136782 0 0.09738248 0.141083 0 0.0607891 0.1602885 0 0.02066338 0.1701787 0 -0.02066338 0.1701787 0 -0.0607891 0.1602885 0 -0.09738248 0.141083 0 -0.1283161 0.1136782 0 -0.1517925 0.07966679 0 -0.1664472 0.0410254 0 -0.1714286 0 0 -0.1664471 -0.0410254 0 -0.1517924 -0.07966691 0 -0.1283161 -0.1136782 0 -0.09738242 -0.141083 0 -0.06078898 -0.1602885 0 -0.02066326 -0.1701787 0 0.02066344 -0.1701787 0 0.06078958 -0.1602884 0 0.09738266 -0.1410828 0 0.1283162 -0.113678 0 0.1517925 -0.07966661 0 0.1664472 -0.04102528 0 0.3428572 0 0 0.3328944 0.08205109 0 0.3035849 0.1593337 0 0.2566323 0.2273563 0 0.194765 0.2821659 0 0.1215788 0.320577 0 0.04132682 0.3403574 0 -0.04132682 0.3403574 0 -0.1215788 0.320577 0 -0.194765 0.282166 0 -0.2566323 0.2273563 0 -0.3035849 0.1593336 0 -0.3328944 0.08205097 0 -0.3428572 0 0 -0.3328943 -0.08205121 0 -0.3035849 -0.1593338 0 -0.2566322 -0.2273565 0 -0.1947649 -0.2821661 0 -0.1215785 -0.3205771 0 -0.04132652 -0.3403574 0 0.04132694 -0.3403573 0 0.1215792 -0.3205769 0 0.1947654 -0.2821657 0 0.2566326 -0.227356 0 0.3035852 -0.1593332 0 0.3328945 -0.08205056 0 0.5142858 0 0 0.4993416 0.1230766 0 0.4553775 0.2390004 0 0.3849484 0.3410345 0 0.2921476 0.4232489 0 0.1823682 0.4808655 0 0.06199026 0.5105361 0 -0.06199026 0.5105361 0 -0.1823682 0.4808655 0 -0.2921476 0.4232489 0 -0.3849484 0.3410345 0 -0.4553775 0.2390004 0 -0.4993416 0.1230764 0 -0.5142858 -1.67576e-7 0 -0.4993415 -0.1230768 0 -0.4553773 -0.2390007 0 -0.3849483 -0.3410348 0 -0.2921473 -0.4232491 0 -0.1823678 -0.4808657 0 -0.06198978 -0.5105361 0 0.06199049 -0.510536 0 0.1823688 -0.4808654 0 0.2921481 -0.4232485 0 0.3849489 -0.3410341 0 0.4553778 -0.2389999 0 0.4993418 -0.1230759 0 0.6857144 0 0 0.6657888 0.1641021 0 0.6071699 0.3186674 0 0.5132645 0.4547128 0 0.3895301 0.5643318 0 0.2431576 0.6411541 0 0.0826537 0.6807147 0 -0.0826537 0.6807147 0 -0.2431576 0.6411541 0 -0.3895301 0.5643319 0 -0.5132646 0.4547127 0 -0.6071699 0.3186672 0 -0.6657888 0.164102 0 -0.6857144 -2.23434e-7 0 -0.6657887 -0.1641024 0 -0.6071698 -0.3186677 0 -0.5132643 -0.4547131 0 -0.3895297 -0.5643321 0 -0.2431571 -0.6411542 0 -0.0826531 -0.6807148 0 0.08265441 -0.6807147 0 0.2431584 -0.6411538 0 0.3895308 -0.5643314 0 0.5132651 -0.454712 0 0.6071704 -0.3186665 0 0.665789 -0.1641011 0 0.8571429 0 0 0.8322359 0.2051277 0 0.7589624 0.3983342 0 0.6415807 0.5683909 0 0.4869126 0.7054148 0 0.303947 0.8014426 0 0.1033172 0.8508934 0 -0.1033171 0.8508934 0 -0.303947 0.8014426 0 -0.4869126 0.7054148 0 -0.6415807 0.5683909 0 -0.7589624 0.398334 0 -0.832236 0.2051275 0 -0.8571429 -2.79293e-7 0 -0.8322358 -0.205128 0 -0.7589622 -0.3983346 0 -0.6415804 -0.5683913 0 -0.4869121 -0.7054151 0 -0.3039464 -0.8014428 0 -0.1033164 -0.8508934 0 0.103318 -0.8508933 0 0.3039479 -0.8014422 0 0.4869136 -0.7054142 0 0.6415814 -0.5683901 0 0.7589629 -0.3983331 0 0.8322362 -0.2051265 0 1.028572 0 0 0.9986832 0.2461532 0 0.9107549 0.4780011 0 0.7698969 0.6820691 0 0.5842952 0.8464978 0 0.3647365 0.9617311 0 0.1239806 1.021072 0 -0.1239805 1.021072 0 -0.3647364 0.9617311 0 -0.5842952 0.8464978 0 -0.7698969 0.6820691 0 -0.9107549 0.4780009 0 -0.9986833 0.2461529 0 -1.028572 -3.35151e-7 0 -0.998683 -0.2461537 0 -0.9107546 -0.4780015 0 -0.7698965 -0.6820696 0 -0.5842946 -0.8464983 0 -0.3647357 -0.9617314 0 -0.1239796 -1.021072 0 0.1239816 -1.021072 0 0.3647376 -0.9617307 0 0.5842963 -0.8464971 0 0.7698978 -0.6820681 0 0.9107555 -0.4779997 0 0.9986836 -0.2461518 0 1.2 0 0 1.16513 0.2871788 0 1.062547 0.5576679 0 0.8982129 0.7957473 0 0.6816776 0.9875807 0 0.4255259 1.12202 0 0.144644 1.191251 0 -0.144644 1.191251 0 -0.4255258 1.12202 0 -0.6816776 0.9875807 0 -0.898213 0.7957472 0 -1.062547 0.5576677 0 -1.16513 0.2871785 0 -1.2 -3.9101e-7 0 -1.16513 -0.2871793 0 -1.062547 -0.5576684 0 -0.8982125 -0.7957478 0 -0.681677 -0.9875812 0 -0.425525 -1.12202 0 -0.1446429 -1.191251 0 0.1446452 -1.191251 0 0.4255271 -1.122019 0 0.681679 -0.9875799 0 0.898214 -0.7957461 0 1.062548 -0.5576663 0 1.165131 -0.287177 0 1.2 0 0.2 1.16513 0.2871788 0.2 1.062547 0.5576679 0.2 0.8982129 0.7957473 0.2 0.6816776 0.9875807 0.2 0.4255259 1.12202 0.2 0.144644 1.191251 0.2 -0.144644 1.191251 0.2 -0.4255258 1.12202 0.2 -0.6816776 0.9875807 0.2 -0.898213 0.7957472 0.2 -1.062547 0.5576677 0.2 -1.16513 0.2871785 0.2 -1.2 -3.9101e-7 0.2 -1.16513 -0.2871793 0.2 -1.062547 -0.5576684 0.2 -0.8982125 -0.7957478 0.2 -0.681677 -0.9875812 0.2 -0.425525 -1.12202 0.2 -0.1446429 -1.191251 0.2 0.1446452 -1.191251 0.2 0.4255271 -1.122019 0.2 0.681679 -0.9875799 0.2 0.898214 -0.7957461 0.2 1.062548 -0.5576663 0.2 1.165131 -0.287177 0.2 1.028571 0 0.2 0.9986831 0.2461532 0.2 0.9107549 0.478001 0.2 0.7698968 0.6820691 0.2 0.5842952 0.8464977 0.2 0.3647364 0.961731 0.2 0.1239806 1.021072 0.2 -0.1239805 1.021072 0.2 -0.3647364 0.961731 0.2 -0.5842952 0.8464978 0.2 -0.7698969 0.6820691 0.2 -0.9107549 0.4780009 0.2 -0.9986832 0.2461529 0.2 -1.028571 -3.35151e-7 0.2 -0.998683 -0.2461537 0.2 -0.9107546 -0.4780015 0.2 -0.7698965 -0.6820695 0.2 -0.5842946 -0.8464982 0.2 -0.3647357 -0.9617313 0.2 -0.1239796 -1.021072 0.2 0.1239816 -1.021072 0.2 0.3647375 -0.9617306 0.2 0.5842962 -0.8464971 0.2 0.7698977 -0.6820681 0.2 0.9107555 -0.4779997 0.2 0.9986835 -0.2461518 0.2 0.8571429 0 0.2 0.8322359 0.2051277 0.2 0.7589624 0.3983342 0.2 0.6415807 0.5683909 0.2 0.4869126 0.7054148 0.2 0.303947 0.8014426 0.2 0.1033172 0.8508934 0.2 -0.1033171 0.8508934 0.2 -0.303947 0.8014426 0.2 -0.4869126 0.7054148 0.2 -0.6415807 0.5683909 0.2 -0.7589624 0.398334 0.2 -0.832236 0.2051275 0.2 -0.8571429 -2.79293e-7 0.2 -0.8322358 -0.205128 0.2 -0.7589622 -0.3983346 0.2 -0.6415804 -0.5683913 0.2 -0.4869121 -0.7054151 0.2 -0.3039464 -0.8014428 0.2 -0.1033164 -0.8508934 0.2 0.103318 -0.8508933 0.2 0.3039479 -0.8014422 0.2 0.4869136 -0.7054142 0.2 0.6415814 -0.5683901 0.2 0.7589629 -0.3983331 0.2 0.8322362 -0.2051265 0.2 0.6857143 0 0.2 0.6657887 0.1641021 0.2 0.6071699 0.3186673 0.2 0.5132645 0.4547127 0.2 0.3895301 0.5643318 0.2 0.2431576 0.641154 0.2 0.0826537 0.6807146 0.2 -0.0826537 0.6807146 0.2 -0.2431576 0.641154 0.2 -0.3895301 0.5643318 0.2 -0.5132645 0.4547126 0.2 -0.6071699 0.3186672 0.2 -0.6657888 0.164102 0.2 -0.6857143 -2.23434e-7 0.2 -0.6657886 -0.1641024 0.2 -0.6071697 -0.3186676 0.2 -0.5132642 -0.454713 0.2 -0.3895297 -0.5643321 0.2 -0.2431571 -0.6411542 0.2 -0.0826531 -0.6807147 0.2 0.08265441 -0.6807146 0.2 0.2431583 -0.6411537 0.2 0.3895308 -0.5643314 0.2 0.5132651 -0.454712 0.2 0.6071703 -0.3186664 0.2 0.665789 -0.1641011 0.2 0.5142857 0 0.2 0.4993415 0.1230766 0.2 0.4553774 0.2390004 0.2 0.3849484 0.3410345 0.2 0.2921475 0.4232488 0.2 0.1823682 0.4808655 0.2 0.06199026 0.510536 0.2 -0.06199026 0.510536 0.2 -0.1823682 0.4808655 0.2 -0.2921475 0.4232488 0.2 -0.3849484 0.3410345 0.2 -0.4553774 0.2390004 0.2 -0.4993416 0.1230764 0.2 -0.5142857 -1.67576e-7 0.2 -0.4993414 -0.1230768 0.2 -0.4553772 -0.2390007 0.2 -0.3849482 -0.3410348 0.2 -0.2921472 -0.4232491 0.2 -0.1823678 -0.4808656 0.2 -0.06198978 -0.510536 0.2 0.06199049 -0.5105359 0.2 0.1823686 -0.4808652 0.2 0.2921481 -0.4232485 0.2 0.3849488 -0.341034 0.2 0.4553777 -0.2389998 0.2 0.4993417 -0.1230759 0.2 0.3428571 0 0.2 0.3328943 0.08205103 0.2 0.3035849 0.1593337 0.2 0.2566322 0.2273563 0.2 0.194765 0.2821659 0.2 0.1215788 0.320577 0.2 0.04132682 0.3403573 0.2 -0.04132682 0.3403573 0.2 -0.1215788 0.320577 0.2 -0.194765 0.2821659 0.2 -0.2566323 0.2273563 0.2 -0.3035849 0.1593336 0.2 -0.3328944 0.08205097 0.2 -0.3428571 0 0.2 -0.3328943 -0.08205121 0.2 -0.3035848 -0.1593338 0.2 -0.2566321 -0.2273565 0.2 -0.1947648 -0.282166 0.2 -0.1215785 -0.3205771 0.2 -0.04132652 -0.3403574 0.2 0.04132694 -0.3403573 0.2 0.1215791 -0.3205769 0.2 0.1947654 -0.2821657 0.2 0.2566325 -0.227356 0.2 0.3035851 -0.1593332 0.2 0.3328945 -0.08205056 0.2 0.1714285 0 0.2 0.1664471 0.0410254 0.2 0.1517924 0.07966679 0.2 0.1283161 0.113678 0.2 0.09738242 0.1410828 0.2 0.06078904 0.1602884 0.2 0.02066338 0.1701785 0.2 -0.02066338 0.1701785 0.2 -0.06078904 0.1602884 0.2 -0.09738242 0.1410829 0.2 -0.1283161 0.113678 0.2 -0.1517924 0.07966673 0.2 -0.1664471 0.0410254 0.2 -0.1714285 0 0.2 -0.1664471 -0.0410254 0.2 -0.1517923 -0.07966685 0.2 -0.128316 -0.1136782 0.2 -0.09738236 -0.141083 0.2 -0.06078892 -0.1602885 0.2 -0.02066326 -0.1701786 0.2 0.02066344 -0.1701785 0.2 0.06078922 -0.1602883 0.2 0.09738266 -0.1410828 0.2 0.1283162 -0.1136779 0.2 0.1517925 -0.07966655 0.2 0.1664471 -0.04102522 0.2 0 0 0.2</float_array>
          <technique_common>
            <accessor source="#Örüntü_018-mesh-positions-array" count="366" stride="3">
              <param name="X" type="float"/>
              <param name="Y" type="float"/>
              <param name="Z" type="float"/>
            </accessor>
          </technique_common>
        </source>
        <source id="Örüntü_018-mesh-normals">
          <float_array id="Örüntü_018-mesh-normals-array" count="612">0 0 -1 0.7110479 0.175244 -0.6809555 0.7323368 0 0.6809427 0.7323368 0 -0.6809427 0.6484483 0.3403232 -0.6809516 0.7110479 0.175244 0.6809555 0.5481587 0.4856244 -0.6809486 0.6484483 0.3403232 0.6809516 0.41601 0.6026973 -0.680949 0.5481587 0.4856244 0.6809486 0.2596909 0.6847368 -0.6809524 0.41601 0.6026973 0.680949 0.08826148 0.7269974 -0.680944 0.2596909 0.6847368 0.6809524 -0.08826148 0.7269974 -0.680944 0.08826148 0.7269974 0.680944 -0.2596909 0.6847368 -0.6809524 -0.08826148 0.7269974 0.680944 -0.41601 0.6026973 -0.680949 -0.2596909 0.6847368 0.6809524 -0.5481587 0.4856244 -0.6809486 -0.41601 0.6026973 0.680949 -0.6484483 0.3403232 -0.6809516 -0.5481587 0.4856244 0.6809486 -0.7110479 0.175244 -0.6809555 -0.6484483 0.3403232 0.6809516 -0.7323368 0 -0.6809427 -0.7110479 0.175244 0.6809555 -0.7110479 -0.175244 -0.6809555 -0.7323368 0 0.6809427 -0.6484483 -0.3403232 -0.6809516 -0.7110479 -0.175244 0.6809555 -0.5481587 -0.4856244 -0.6809486 -0.6484483 -0.3403232 0.6809516 -0.41601 -0.6026973 -0.680949 -0.5481587 -0.4856244 0.6809486 -0.2596909 -0.6847368 -0.6809524 -0.41601 -0.6026973 0.680949 -0.08826148 -0.7269974 -0.680944 -0.2596909 -0.6847368 0.6809524 0.08826148 -0.7269974 -0.680944 -0.08826148 -0.7269974 0.680944 0.2596909 -0.6847368 -0.6809524 0.08826148 -0.7269974 0.680944 0.41601 -0.6026973 -0.680949 0.2596909 -0.6847368 0.6809524 0.5481587 -0.4856244 -0.6809486 0.41601 -0.6026973 0.680949 0.6484483 -0.3403232 -0.6809516 0.5481587 -0.4856244 0.6809486 0.7110479 -0.175244 -0.6809555 0.6484483 -0.3403232 0.6809516 0.7110479 -0.175244 0.6809555 0 0 1 0 0 1 0 0 1 1.76564e-7 0 1 0 0 1 0 0 1 -1.76563e-7 0 1 0 0 1 0 0 1 0 0 1 -1.76564e-7 0 1 0 0 1 -2.11876e-7 0 1 0 0 1 -2.11876e-7 0 1 0 0 1 1.76361e-7 0 1 0 0 1 2.11876e-7 0 1 0 0 1 0 0 1 0 0 1 0 0 1 0 0 1 -2.11876e-7 0 1 0 0 1 1.32423e-7 0 1 0 0 1 0 0 1 -2.11876e-7 0 1 -1.32423e-7 0 1 -1.32423e-7 0 1 0 0 1 1.32423e-7 0 1 0 0 1 -1.32423e-7 0 1 0 0 1 -1.32423e-7 0 1 0 0 1 -1.32423e-7 0 1 0 0 1 -2.64845e-7 0 1 0 0 1 -2.64846e-7 0 1 -1.32423e-7 0 1 -1.76563e-7 0 1 0 0 1 -1.76564e-7 0 1 0 0 1 1.76564e-7 0 1 1.32423e-7 0 1 2.64845e-7 0 1 -1.32423e-7 0 1 1.32424e-7 0 1 1.32423e-7 0 1 -1.32423e-7 0 1 3.97268e-7 0 1 0 0 1 1.76563e-7 0 1 0 0 1 -1.98634e-7 0 1 0 0 1 1.32422e-7 0 1 2.64846e-7 0 1 -2.64845e-7 0 1 3.31055e-7 0 1 -4.63482e-7 0 1 -2.64844e-7 0 1 -2.64845e-7 0 1 1.32423e-7 0 1 -1.32423e-7 0 1 1.32423e-7 0 1 -1.98633e-7 0 1 5.2969e-7 0 1 -4.23754e-7 0 1 1.98633e-7 0 1 -2.64845e-7 0 1 -1.32423e-7 0 1 -1.32423e-7 0 1 2.64846e-7 0 1 -3.97268e-7 0 1 7.28322e-7 0 1 -4.63483e-7 0 1 4.63483e-7 0 1 -5.29689e-7 0 1 2.64845e-7 0 1 -1.32423e-7 0 1 2.64845e-7 0 1 1.98633e-7 0 1 -8.60754e-7 0 1 4.23755e-7 0 1 3.31056e-7 0 1 -1.32423e-7 0 1 -3.97269e-7 0 1 3.97269e-7 0 1 0 0 1 0 0 1 0 0 1 1.76563e-7 0 1 0 0 1 -1.76564e-7 0 1 0 0 1 0 0 1 0 0 1 0 0 1 0 0 1 0 0 1 0 0 1 -2.11877e-7 0 1 2.11876e-7 0 1 2.20704e-7 0 1 0 0 1 1.32423e-7 0 1 2.11876e-7 0 1 2.64845e-7 0 1 0 0 1 1.32423e-7 0 1 0 0 1 0 0 1 2.64845e-7 0 1 1.76564e-7 0 1 0 0 1 0 0 1 -1.76564e-7 0 1 2.20704e-7 0 1 1.41251e-7 0 1 -2.20704e-7 0 1 -1.32423e-7 0 1 0 0 1 1.32423e-7 0 1 -3.97268e-7 0 1 1.32423e-7 0 1 1.76564e-7 0 1 1.32423e-7 0 1 -3.53127e-7 0 1 1.98634e-7 0 1 0 0 1 0 0 1 -2.64846e-7 0 1 2.64845e-7 0 1 -2.64846e-7 0 1 -1.32422e-7 0 1 4.63482e-7 0 1 2.64845e-7 0 1 1.32423e-7 0 1 -2.64844e-7 0 1 2.64845e-7 0 1 -1.98635e-7 0 1 1.32423e-7 0 1 -1.32423e-7 0 1 1.32423e-7 0 1</float_array>
          <technique_common>
            <accessor source="#Örüntü_018-mesh-normals-array" count="204" stride="3">
              <param name="X" type="float"/>
              <param name="Y" type="float"/>
              <param name="Z" type="float"/>
            </accessor>
          </technique_common>
        </source>
        <source id="Örüntü_018-mesh-map-0">
          <float_array id="Örüntü_018-mesh-map-0-array" count="4368">0.5 0 0.7884616 0 0.75 0 0.5 0 0.8269231 0 0.7884616 0 0.5 0 0.8653846 0 0.8269231 0 0.5 0 0.9038462 0 0.8653846 0 0.5 0 0.9423077 0 0.9038462 0 0.5 0 0.9807692 0 0.9423077 0 0.5 0 0.01923078 0 -0.01923078 0 0.5 0 0.05769217 0 0.01923078 0 0.5 0 0.09615385 0 0.05769217 0 0.5 0 0.1346154 0 0.09615385 0 0.5 0 0.1730769 0 0.1346154 0 0.5 0 0.2115384 0 0.1730769 0 0.5 0 0.2500001 0 0.2115384 0 0.5 0 0.2884616 0 0.2500001 0 0.5 0 0.3269231 0 0.2884616 0 0.5 0 0.3653847 0 0.3269231 0 0.5 0 0.4038463 0 0.3653847 0 0.5 0 0.4423078 0 0.4038463 0 0.5 0 0.4807694 0 0.4423078 0 0.5 0 0.519231 0 0.4807694 0 0.5 0 0.5576925 0 0.519231 0 0.5 0 0.596154 0 0.5576925 0 0.5 0 0.6346156 0 0.596154 0 0.5 0 0.6730772 0 0.6346156 0 0.5 0 0.7115387 0 0.6730772 0 0.5 0 0.75 0 0.7115387 0 0.7884616 0 0.75 0 0.75 0 0.7884616 0 0.8269231 0 0.7884616 0 0.8269231 0 0.8653846 0 0.8269231 0 0.8653846 0 0.9038462 0 0.8653846 0 0.9423077 0 0.9038462 0 0.9038462 0 0.9807692 0 0.9423077 0 0.9423077 0 0.01923078 0 -0.01923078 0 -0.01923078 0 0.01923078 0 0.05769217 0 0.01923078 0 0.09615385 0 0.05769217 0 0.05769217 0 0.1346154 0 0.09615385 0 0.09615385 0 0.1346154 0 0.1730769 0 0.1346154 0 0.2115384 0 0.1730769 0 0.1730769 0 0.2115384 0 0.2500001 0 0.2115384 0 0.2500001 0 0.2884616 0 0.2500001 0 0.3269231 0 0.2884616 0 0.2884616 0 0.3653847 0 0.3269231 0 0.3269231 0 0.3653847 0 0.4038463 0 0.3653847 0 0.4038463 0 0.4423078 0 0.4038463 0 0.4807694 0 0.4423078 0 0.4423078 0 0.519231 0 0.4807694 0 0.4807694 0 0.519231 0 0.5576925 0 0.519231 0 0.596154 0 0.5576925 0 0.5576925 0 0.596154 0 0.6346156 0 0.596154 0 0.6346156 0 0.6730772 0 0.6346156 0 0.7115387 0 0.6730772 0 0.6730772 0 0.75 0 0.7115387 0 0.7115387 0 0.75 0 0.7884616 0 0.75 0 0.8269231 0 0.7884616 0 0.7884616 0 0.8269231 0 0.8653846 0 0.8269231 0 0.8653846 0 0.9038462 0 0.8653846 0 0.9423077 0 0.9038462 0 0.9038462 0 0.9807692 0 0.9423077 0 0.9423077 0 0.01923078 0 -0.01923078 0 -0.01923078 0 0.01923078 0 0.05769217 0 0.01923078 0 0.09615385 0 0.05769217 0 0.05769217 0 0.1346154 0 0.09615385 0 0.09615385 0 0.1346154 0 0.1730769 0 0.1346154 0 0.2115384 0 0.1730769 0 0.1730769 0 0.2115384 0 0.2500001 0 0.2115385 0 0.2500001 0 0.2884616 0 0.2500001 0 0.3269231 0 0.2884616 0 0.2884616 0 0.3653847 0 0.3269232 0 0.3269231 0 0.3653847 0 0.4038463 0 0.3653847 0 0.4423078 0 0.4038463 0 0.4038463 0 0.4423078 0 0.4807694 0 0.4423078 0 0.519231 0 0.4807694 0 0.4807694 0 0.519231 0 0.5576925 0 0.519231 0 0.596154 0 0.5576925 0 0.5576925 0 0.596154 0 0.6346156 0 0.596154 0 0.6346156 0 0.6730772 0 0.6346156 0 0.7115387 0 0.6730772 0 0.6730772 0 0.7115387 0 0.75 0 0.7115387 0 0.75 0 0.7884616 0 0.75 0 0.8269231 0 0.7884616 0 0.7884616 0 0.8269231 0 0.8653846 0 0.8269231 0 0.8653846 0 0.9038462 0 0.8653846 0 0.9423077 0 0.9038462 0 0.9038462 0 0.9807692 0 0.9423077 0 0.9423077 0 0.01923078 0 -0.01923078 0 -0.01923078 0 0.01923078 0 0.05769217 0 0.01923078 0 0.09615385 0 0.05769217 0 0.05769217 0 0.1346154 0 0.09615385 0 0.09615385 0 0.1346154 0 0.1730769 0 0.1346154 0 0.2115385 0 0.1730769 0 0.1730769 0 0.2115385 0 0.2500001 0 0.2115384 0 0.2500001 0 0.2884616 0 0.2500001 0 0.3269232 0 0.2884616 0 0.2884616 0 0.3653847 0 0.3269231 0 0.3269232 0 0.3653847 0 0.4038463 0 0.3653847 0 0.4038463 0 0.4423078 0 0.4038463 0 0.4423078 0 0.4807694 0 0.4423078 0 0.519231 0 0.4807694 0 0.4807694 0 0.519231 0 0.5576925 0 0.519231 0 0.596154 0 0.5576925 0 0.5576925 0 0.596154 0 0.6346156 0 0.596154 0 0.6346156 0 0.6730772 0 0.6346156 0 0.7115387 0 0.6730772 0 0.6730772 0 0.7115387 0 0.75 0 0.7115387 0 0.7884616 0 0.75 0 0.75 0 0.8269231 0 0.7884616 0 0.7884616 0 0.8269231 0 0.8653846 0 0.8269231 0 0.8653846 0 0.9038462 0 0.8653846 0 0.9423077 0 0.9038462 0 0.9038462 0 0.9423077 0 0.9807692 0 0.9423077 0 0.01923078 0 -0.01923078 0 -0.01923078 0 0.05769217 0 0.01923078 0 0.01923078 0 0.09615385 0 0.05769217 0 0.05769217 0 0.1346154 0 0.09615385 0 0.09615385 0 0.1346154 0 0.1730769 0 0.1346154 0 0.2115384 0 0.1730769 0 0.1730769 0 0.2115384 0 0.2500001 0 0.2115385 0 0.2500001 0 0.2884616 0 0.2500001 0 0.3269231 0 0.2884616 0 0.2884616 0 0.3653847 0 0.3269231 0 0.3269231 0 0.3653847 0 0.4038463 0 0.3653847 0 0.4423078 0 0.4038463 0 0.4038463 0 0.4423078 0 0.4807694 0 0.4423078 0 0.519231 0 0.4807694 0 0.4807694 0 0.519231 0 0.5576925 0 0.519231 0 0.596154 0 0.5576925 0 0.5576925 0 0.596154 0 0.6346156 0 0.596154 0 0.6346156 0 0.6730772 0 0.6346156 0 0.7115387 0 0.6730772 0 0.6730772 0 0.7115387 0 0.75 0 0.7115387 0 0.75 0 0.7884616 0 0.75 0 0.8269231 0 0.7884616 0 0.7884616 0 0.8269231 0 0.8653846 0 0.8269231 0 0.8653846 0 0.9038462 0 0.8653846 0 0.9423077 0 0.9038462 0 0.9038462 0 0.9807692 0 0.9423077 0 0.9423077 0 0.01923078 0 -0.01923078 0 -0.01923078 0 0.01923078 0 0.05769217 0 0.01923078 0 0.09615385 0 0.05769217 0 0.05769217 0 0.1346154 0 0.09615385 0 0.09615385 0 0.1346154 0 0.1730769 0 0.1346154 0 0.2115385 0 0.1730769 0 0.1730769 0 0.2115385 0 0.2500001 0 0.2115385 0 0.2500001 0 0.2884616 0 0.2500001 0 0.3269231 0 0.2884616 0 0.2884616 0 0.3653847 0 0.3269232 0 0.3269231 0 0.3653847 0 0.4038463 0 0.3653847 0 0.4423078 0 0.4038463 0 0.4038463 0 0.4423078 0 0.4807694 0 0.4423078 0 0.519231 0 0.4807694 0 0.4807694 0 0.519231 0 0.5576925 0 0.519231 0 0.596154 0 0.5576925 0 0.5576925 0 0.596154 0 0.6346156 0 0.596154 0 0.6346156 0 0.6730772 0 0.6346156 0 0.7115387 0 0.6730772 0 0.6730772 0 0.75 0 0.7115387 0 0.7115387 0 0.7884616 0 0.75 0 0.75 0 0.8269231 0 0.7884616 0 0.7884616 0 0.8653846 0 0.8269231 0 0.8269231 0 0.8653846 0 0.9038462 0 0.8653846 0 0.9423077 0 0.9038462 0 0.9038462 0 0.9807692 0 0.9423077 0 0.9423077 0 0.01923078 0 -0.01923078 0 -0.01923078 0 0.01923078 0 0.05769217 0 0.01923078 0 0.09615385 0 0.05769217 0 0.05769217 0 0.1346154 0 0.09615385 0 0.09615385 0 0.1346154 0 0.1730769 0 0.1346154 0 0.2115385 0 0.1730769 0 0.1730769 0 0.2115385 0 0.2500001 0 0.2115385 0 0.2884616 0 0.2500001 0 0.2500001 0 0.2884616 0 0.3269231 0 0.2884616 0 0.3653847 0 0.3269231 0 0.3269232 0 0.3653847 0 0.4038463 0 0.3653847 0 0.4038463 0 0.4423078 0 0.4038463 0 0.4423078 0 0.4807694 0 0.4423078 0 0.519231 0 0.4807694 0 0.4807694 0 0.519231 0 0.5576925 0 0.519231 0 0.596154 0 0.5576925 0 0.5576925 0 0.596154 0 0.6346156 0 0.596154 0 0.6346156 0 0.6730771 0 0.6346156 0 0.7115387 0 0.6730771 0 0.6730772 0 0.7115387 0 0.75 0 0.7115387 0 0.7884616 0 0.75 1 0.75 0 0.8269231 0 0.7884616 1 0.7884616 0 0.8653846 0 0.8269231 1 0.8269231 0 0.9038462 0 0.8653846 1 0.8653846 0 0.9423077 0 0.9038462 1 0.9038462 0 0.9807692 0 0.9423077 1 0.9423077 0 0.01923078 0 -0.01923078 1 -0.01923078 0 0.05769217 0 0.01923078 1 0.01923078 0 0.09615385 0 0.05769217 1 0.05769217 0 0.1346154 0 0.09615385 1 0.09615385 0 0.1730769 0 0.1346154 1 0.1346154 0 0.2115385 0 0.1730769 1 0.1730769 0 0.2500001 0 0.2115385 1 0.2115385 0 0.2884616 0 0.2500001 1 0.2500001 0 0.3269231 0 0.2884616 1 0.2884616 0 0.3653847 0 0.3269231 1 0.3269231 0 0.4038463 0 0.3653847 1 0.3653847 0 0.4423078 0 0.4038463 1 0.4038463 0 0.4807694 0 0.4423078 1 0.4423078 0 0.519231 0 0.4807694 1 0.4807694 0 0.5576925 0 0.519231 1 0.519231 0 0.596154 0 0.5576925 1 0.5576925 0 0.6346156 0 0.596154 1 0.596154 0 0.6730771 0 0.6346156 1 0.6346156 0 0.7115387 0 0.6730771 1 0.6730771 0 0.75 0 0.7115387 1 0.7115387 0 0.75 1 0.7884616 1 0.75 1 0.7884616 1 0.826923 1 0.7884616 1 0.8653846 1 0.826923 1 0.8269231 1 0.9038462 1 0.8653846 1 0.8653846 1 0.9038462 1 0.9423077 1 0.9038462 1 0.9423077 1 0.9807692 1 0.9423077 1 0.01923078 1 -0.01923078 1 -0.01923078 1 0.05769217 1 0.01923078 1 0.01923078 1 0.05769217 1 0.09615385 1 0.05769217 1 0.09615385 1 0.1346154 1 0.09615385 1 0.1730769 1 0.1346154 1 0.1346154 1 0.1730769 1 0.2115384 1 0.1730769 1 0.2500001 1 0.2115384 1 0.2115385 1 0.2500001 1 0.2884616 1 0.2500001 1 0.3269231 1 0.2884616 1 0.2884616 1 0.3269231 1 0.3653847 1 0.3269232 1 0.4038463 1 0.3653847 1 0.3653847 1 0.4423078 1 0.4038463 1 0.4038463 1 0.4807694 1 0.4423078 1 0.4423078 1 0.4807694 1 0.519231 1 0.4807694 1 0.5576925 1 0.519231 1 0.519231 1 0.5576925 1 0.596154 1 0.5576925 1 0.596154 1 0.6346156 1 0.596154 1 0.6730771 1 0.6346156 1 0.6346156 1 0.6730771 1 0.7115387 1 0.6730771 1 0.75 1 0.7115387 1 0.7115387 1 0.75 1 0.7884616 1 0.75 1 0.7884616 1 0.8269231 1 0.7884616 1 0.8653846 1 0.8269231 1 0.826923 1 0.9038462 1 0.8653846 1 0.8653846 1 0.9038462 1 0.9423077 1 0.9038462 1 0.9423077 1 0.9807692 1 0.9423077 1 0.01923078 1 -0.01923078 1 -0.01923078 1 0.05769217 1 0.01923078 1 0.01923078 1 0.05769217 1 0.09615385 1 0.05769217 1 0.09615385 1 0.1346154 1 0.09615385 1 0.1730769 1 0.1346154 1 0.1346154 1 0.1730769 1 0.2115385 1 0.1730769 1 0.2500001 1 0.2115385 1 0.2115384 1 0.2884616 1 0.2500001 1 0.2500001 1 0.3269232 1 0.2884616 1 0.2884616 1 0.3269232 1 0.3653847 1 0.3269231 1 0.4038463 1 0.3653847 1 0.3653847 1 0.4038463 1 0.4423078 1 0.4038463 1 0.4423078 1 0.4807694 1 0.4423078 1 0.4807694 1 0.519231 1 0.4807694 1 0.5576925 1 0.519231 1 0.519231 1 0.5576925 1 0.596154 1 0.5576925 1 0.6346156 1 0.596154 1 0.596154 1 0.6730771 1 0.6346156 1 0.6346156 1 0.6730771 1 0.7115387 1 0.6730772 1 0.75 1 0.7115387 1 0.7115387 1 0.75 1 0.7884616 1 0.75 1 0.7884616 1 0.8269231 1 0.7884616 1 0.8653846 1 0.8269231 1 0.8269231 1 0.9038462 1 0.8653846 1 0.8653846 1 0.9038462 1 0.9423077 1 0.9038462 1 0.9807692 1 0.9423077 1 0.9423077 1 0.01923078 1 -0.01923078 1 -0.01923078 1 0.01923078 1 0.05769217 1 0.01923078 1 0.05769217 1 0.09615385 1 0.05769217 1 0.1346154 1 0.09615385 1 0.09615385 1 0.1730769 1 0.1346154 1 0.1346154 1 0.1730769 1 0.2115385 1 0.1730769 1 0.2500001 1 0.2115385 1 0.2115385 1 0.2884616 1 0.2500001 1 0.2500001 1 0.2884616 1 0.3269231 1 0.2884616 1 0.3269231 1 0.3653848 1 0.3269231 1 0.4038463 1 0.3653848 1 0.3653847 1 0.4038463 1 0.4423078 1 0.4038463 1 0.4807694 1 0.4423078 1 0.4423078 1 0.519231 1 0.4807694 1 0.4807694 1 0.5576925 1 0.519231 1 0.519231 1 0.5576925 1 0.596154 1 0.5576925 1 0.6346156 1 0.596154 1 0.596154 1 0.6730772 1 0.6346156 1 0.6346156 1 0.6730772 1 0.7115387 1 0.6730772 1 0.75 1 0.7115387 1 0.7115387 1 0.75 1 0.7884616 1 0.75 1 0.7884616 1 0.8269231 1 0.7884616 1 0.8653846 1 0.8269231 1 0.8269231 1 0.9038462 1 0.8653846 1 0.8653846 1 0.9038462 1 0.9423077 1 0.9038462 1 0.9807692 1 0.9423077 1 0.9423077 1 0.01923078 1 -0.01923078 1 -0.01923078 1 0.01923078 1 0.05769217 1 0.01923078 1 0.05769217 1 0.09615385 1 0.05769217 1 0.09615385 1 0.1346154 1 0.09615385 1 0.1730769 1 0.1346154 1 0.1346154 1 0.1730769 1 0.2115384 1 0.1730769 1 0.2500001 1 0.2115384 1 0.2115385 1 0.2500001 1 0.2884616 1 0.2500001 1 0.3269231 1 0.2884616 1 0.2884616 1 0.3269231 1 0.3653847 1 0.3269231 1 0.4038463 1 0.3653847 1 0.3653848 1 0.4423078 1 0.4038463 1 0.4038463 1 0.4807694 1 0.4423078 1 0.4423078 1 0.519231 1 0.4807694 1 0.4807694 1 0.5576925 1 0.519231 1 0.519231 1 0.5576925 1 0.596154 1 0.5576925 1 0.6346156 1 0.596154 1 0.596154 1 0.6730772 1 0.6346156 1 0.6346156 1 0.6730772 1 0.7115387 1 0.6730771 1 0.75 1 0.7115387 1 0.7115387 1 0.75 1 0.7884616 1 0.75 1 0.7884616 1 0.8269231 1 0.7884616 1 0.8653846 1 0.8269231 1 0.8269231 1 0.9038462 1 0.8653846 1 0.8653846 1 0.9038462 1 0.9423077 1 0.9038462 1 0.9807692 1 0.9423077 1 0.9423077 1 0.01923078 1 -0.01923078 1 -0.01923078 1 0.01923078 1 0.05769217 1 0.01923078 1 0.05769217 1 0.09615385 1 0.05769217 1 0.09615385 1 0.1346154 1 0.09615385 1 0.1730769 1 0.1346154 1 0.1346154 1 0.1730769 1 0.2115385 1 0.1730769 1 0.2500001 1 0.2115385 1 0.2115384 1 0.2500001 1 0.2884616 1 0.2500001 1 0.3269231 1 0.2884616 1 0.2884616 1 0.3269231 1 0.3653848 1 0.3269231 1 0.4038463 1 0.3653848 1 0.3653847 1 0.4038463 1 0.4423078 1 0.4038463 1 0.4807694 1 0.4423078 1 0.4423078 1 0.519231 1 0.4807694 1 0.4807694 1 0.519231 1 0.5576925 1 0.519231 1 0.5576925 1 0.596154 1 0.5576925 1 0.6346156 1 0.596154 1 0.596154 1 0.6730771 1 0.6346156 1 0.6346156 1 0.6730771 1 0.7115387 1 0.6730772 1 0.75 1 0.7115387 1 0.7115387 1 0.7884616 1 0.75 1 0.75 1 0.7884616 1 0.8269231 1 0.7884616 1 0.8653846 1 0.8269231 1 0.8269231 1 0.9038462 1 0.8653846 1 0.8653846 1 0.9038462 1 0.9423077 1 0.9038462 1 0.9807692 1 0.9423077 1 0.9423077 1 0.01923078 1 -0.01923078 1 -0.01923078 1 0.01923078 1 0.05769217 1 0.01923078 1 0.05769217 1 0.09615385 1 0.05769217 1 0.09615385 1 0.1346154 1 0.09615385 1 0.1730769 1 0.1346154 1 0.1346154 1 0.1730769 1 0.2115385 1 0.1730769 1 0.2500001 1 0.2115385 1 0.2115385 1 0.2500001 1 0.2884616 1 0.2500001 1 0.3269231 1 0.2884616 1 0.2884616 1 0.3269231 1 0.3653847 1 0.3269232 1 0.4038463 1 0.3653847 1 0.3653848 1 0.4038463 1 0.4423078 1 0.4038463 1 0.4807694 1 0.4423078 1 0.4423078 1 0.4807694 1 0.519231 1 0.4807694 1 0.5576925 1 0.519231 1 0.519231 1 0.5576925 1 0.596154 1 0.5576925 1 0.6346156 1 0.596154 1 0.596154 1 0.6730772 1 0.6346156 1 0.6346156 1 0.6730772 1 0.7115387 1 0.6730771 1 0.75 1 0.7115387 1 0.7115387 1 0.5 1 0.75 1 0.7884616 1 0.5 1 0.7884616 1 0.8269231 1 0.5 1 0.8269231 1 0.8653846 1 0.5 1 0.8653846 1 0.9038462 1 0.5 1 0.9038462 1 0.9423077 1 0.5 1 0.9423077 1 0.9807692 1 0.5 1 -0.01923078 1 0.01923078 1 0.5 1 0.01923078 1 0.05769217 1 0.5 1 0.05769217 1 0.09615385 1 0.5 1 0.09615385 1 0.1346154 1 0.5 1 0.1346154 1 0.1730769 1 0.5 1 0.1730769 1 0.2115385 1 0.5 1 0.2115385 1 0.2500001 1 0.5 1 0.2500001 1 0.2884616 1 0.5 1 0.2884616 1 0.3269232 1 0.5 1 0.3269232 1 0.3653847 1 0.5 1 0.3653847 1 0.4038463 1 0.5 1 0.4038463 1 0.4423078 1 0.5 1 0.4423078 1 0.4807694 1 0.5 1 0.4807694 1 0.519231 1 0.5 1 0.519231 1 0.5576925 1 0.5 1 0.5576925 1 0.596154 1 0.5 1 0.596154 1 0.6346156 1 0.5 1 0.6346156 1 0.6730771 1 0.5 1 0.6730771 1 0.7115387 1 0.5 1 0.7115387 1 0.75 1 0.7884616 0 0.7884616 0 0.75 0 0.7884616 0 0.8269231 0 0.8269231 0 0.8269231 0 0.8653846 0 0.8653846 0 0.8653846 0 0.9038462 0 0.9038462 0 0.9423077 0 0.9423077 0 0.9038462 0 0.9807692 0 0.9807692 0 0.9423077 0 0.01923078 0 0.01923078 0 -0.01923078 0 0.01923078 0 0.05769217 0 0.05769217 0 0.09615385 0 0.09615385 0 0.05769217 0 0.1346154 0 0.1346154 0 0.09615385 0 0.1346154 0 0.1730769 0 0.1730769 0 0.2115384 0 0.2115384 0 0.1730769 0 0.2115384 0 0.2500001 0 0.2500001 0 0.2500001 0 0.2884616 0 0.2884616 0 0.3269231 0 0.3269231 0 0.2884616 0 0.3653847 0 0.3653847 0 0.3269231 0 0.3653847 0 0.4038463 0 0.4038463 0 0.4038463 0 0.4423078 0 0.4423078 0 0.4807694 0 0.4807694 0 0.4423078 0 0.519231 0 0.519231 0 0.4807694 0 0.519231 0 0.5576925 0 0.5576925 0 0.596154 0 0.596154 0 0.5576925 0 0.596154 0 0.6346156 0 0.6346156 0 0.6346156 0 0.6730772 0 0.6730772 0 0.7115387 0 0.7115387 0 0.6730772 0 0.75 0 0.75 0 0.7115387 0 0.75 0 0.7884616 0 0.7884616 0 0.8269231 0 0.8269231 0 0.7884616 0 0.8269231 0 0.8653846 0 0.8653846 0 0.8653846 0 0.9038462 0 0.9038462 0 0.9423077 0 0.9423077 0 0.9038462 0 0.9807692 0 0.9807692 0 0.9423077 0 0.01923078 0 0.01923078 0 -0.01923078 0 0.01923078 0 0.05769217 0 0.05769217 0 0.09615385 0 0.09615385 0 0.05769217 0 0.1346154 0 0.1346154 0 0.09615385 0 0.1346154 0 0.1730769 0 0.1730769 0 0.2115384 0 0.2115385 0 0.1730769 0 0.2115384 0 0.2500001 0 0.2500001 0 0.2500001 0 0.2884616 0 0.2884616 0 0.3269231 0 0.3269232 0 0.2884616 0 0.3653847 0 0.3653847 0 0.3269232 0 0.3653847 0 0.4038463 0 0.4038463 0 0.4423078 0 0.4423078 0 0.4038463 0 0.4423078 0 0.4807694 0 0.4807694 0 0.519231 0 0.519231 0 0.4807694 0 0.519231 0 0.5576925 0 0.5576925 0 0.596154 0 0.596154 0 0.5576925 0 0.596154 0 0.6346156 0 0.6346156 0 0.6346156 0 0.6730772 0 0.6730772 0 0.7115387 0 0.7115387 0 0.6730772 0 0.7115387 0 0.75 0 0.75 0 0.75 0 0.7884616 0 0.7884616 0 0.8269231 0 0.8269231 0 0.7884616 0 0.8269231 0 0.8653846 0 0.8653846 0 0.8653846 0 0.9038462 0 0.9038462 0 0.9423077 0 0.9423077 0 0.9038462 0 0.9807692 0 0.9807692 0 0.9423077 0 0.01923078 0 0.01923078 0 -0.01923078 0 0.01923078 0 0.05769217 0 0.05769217 0 0.09615385 0 0.09615385 0 0.05769217 0 0.1346154 0 0.1346154 0 0.09615385 0 0.1346154 0 0.1730769 0 0.1730769 0 0.2115385 0 0.2115384 0 0.1730769 0 0.2115385 0 0.2500001 0 0.2500001 0 0.2500001 0 0.2884616 0 0.2884616 0 0.3269232 0 0.3269231 0 0.2884616 0 0.3653847 0 0.3653847 0 0.3269231 0 0.3653847 0 0.4038463 0 0.4038463 0 0.4038463 0 0.4423078 0 0.4423078 0 0.4423078 0 0.4807694 0 0.4807694 0 0.519231 0 0.519231 0 0.4807694 0 0.519231 0 0.5576925 0 0.5576925 0 0.596154 0 0.596154 0 0.5576925 0 0.596154 0 0.6346156 0 0.6346156 0 0.6346156 0 0.6730772 0 0.6730772 0 0.7115387 0 0.7115387 0 0.6730772 0 0.7115387 0 0.75 0 0.75 0 0.7884616 0 0.7884616 0 0.75 0 0.8269231 0 0.8269231 0 0.7884616 0 0.8269231 0 0.8653846 0 0.8653846 0 0.8653846 0 0.9038462 0 0.9038462 0 0.9423077 0 0.9423077 0 0.9038462 0 0.9423077 0 0.9807692 0 0.9807692 0 0.01923078 0 0.01923078 0 -0.01923078 0 0.05769217 0 0.05769217 0 0.01923078 0 0.09615385 0 0.09615385 0 0.05769217 0 0.1346154 0 0.1346154 0 0.09615385 0 0.1346154 0 0.1730769 0 0.1730769 0 0.2115384 0 0.2115385 0 0.1730769 0 0.2115384 0 0.2500001 0 0.2500001 0 0.2500001 0 0.2884616 0 0.2884616 0 0.3269231 0 0.3269231 0 0.2884616 0 0.3653847 0 0.3653847 0 0.3269231 0 0.3653847 0 0.4038463 0 0.4038463 0 0.4423078 0 0.4423078 0 0.4038463 0 0.4423078 0 0.4807694 0 0.4807694 0 0.519231 0 0.519231 0 0.4807694 0 0.519231 0 0.5576925 0 0.5576925 0 0.596154 0 0.596154 0 0.5576925 0 0.596154 0 0.6346156 0 0.6346156 0 0.6346156 0 0.6730772 0 0.6730772 0 0.7115387 0 0.7115387 0 0.6730772 0 0.7115387 0 0.75 0 0.75 0 0.75 0 0.7884616 0 0.7884616 0 0.8269231 0 0.8269231 0 0.7884616 0 0.8269231 0 0.8653846 0 0.8653846 0 0.8653846 0 0.9038462 0 0.9038462 0 0.9423077 0 0.9423077 0 0.9038462 0 0.9807692 0 0.9807692 0 0.9423077 0 0.01923078 0 0.01923078 0 -0.01923078 0 0.01923078 0 0.05769217 0 0.05769217 0 0.09615385 0 0.09615385 0 0.05769217 0 0.1346154 0 0.1346154 0 0.09615385 0 0.1346154 0 0.1730769 0 0.1730769 0 0.2115385 0 0.2115385 0 0.1730769 0 0.2115385 0 0.2500001 0 0.2500001 0 0.2500001 0 0.2884616 0 0.2884616 0 0.3269231 0 0.3269232 0 0.2884616 0 0.3653847 0 0.3653847 0 0.3269232 0 0.3653847 0 0.4038463 0 0.4038463 0 0.4423078 0 0.4423078 0 0.4038463 0 0.4423078 0 0.4807694 0 0.4807694 0 0.519231 0 0.519231 0 0.4807694 0 0.519231 0 0.5576925 0 0.5576925 0 0.596154 0 0.596154 0 0.5576925 0 0.596154 0 0.6346156 0 0.6346156 0 0.6346156 0 0.6730772 0 0.6730772 0 0.7115387 0 0.7115387 0 0.6730772 0 0.75 0 0.75 0 0.7115387 0 0.7884616 0 0.7884616 0 0.75 0 0.8269231 0 0.8269231 0 0.7884616 0 0.8653846 0 0.8653846 0 0.8269231 0 0.8653846 0 0.9038462 0 0.9038462 0 0.9423077 0 0.9423077 0 0.9038462 0 0.9807692 0 0.9807692 0 0.9423077 0 0.01923078 0 0.01923078 0 -0.01923078 0 0.01923078 0 0.05769217 0 0.05769217 0 0.09615385 0 0.09615385 0 0.05769217 0 0.1346154 0 0.1346154 0 0.09615385 0 0.1346154 0 0.1730769 0 0.1730769 0 0.2115385 0 0.2115385 0 0.1730769 0 0.2115385 0 0.2500001 0 0.2500001 0 0.2884616 0 0.2884616 0 0.2500001 0 0.2884616 0 0.3269232 0 0.3269231 0 0.3653847 0 0.3653847 0 0.3269231 0 0.3653847 0 0.4038463 0 0.4038463 0 0.4038463 0 0.4423078 0 0.4423078 0 0.4423078 0 0.4807694 0 0.4807694 0 0.519231 0 0.519231 0 0.4807694 0 0.519231 0 0.5576925 0 0.5576925 0 0.596154 0 0.596154 0 0.5576925 0 0.596154 0 0.6346156 0 0.6346156 0 0.6346156 0 0.6730772 0 0.6730771 0 0.7115387 0 0.7115387 0 0.6730771 0 0.7115387 0 0.75 0 0.75 0 0.7884616 0 0.7884616 1 0.75 1 0.8269231 0 0.8269231 1 0.7884616 1 0.8653846 0 0.8653846 1 0.8269231 1 0.9038462 0 0.9038462 1 0.8653846 1 0.9423077 0 0.9423077 1 0.9038462 1 0.9807692 0 0.9807692 1 0.9423077 1 0.01923078 0 0.01923078 1 -0.01923078 1 0.05769217 0 0.05769217 1 0.01923078 1 0.09615385 0 0.09615385 1 0.05769217 1 0.1346154 0 0.1346154 1 0.09615385 1 0.1730769 0 0.1730769 1 0.1346154 1 0.2115385 0 0.2115385 1 0.1730769 1 0.2500001 0 0.2500001 1 0.2115385 1 0.2884616 0 0.2884616 1 0.2500001 1 0.3269231 0 0.3269231 1 0.2884616 1 0.3653847 0 0.3653847 1 0.3269231 1 0.4038463 0 0.4038463 1 0.3653847 1 0.4423078 0 0.4423078 1 0.4038463 1 0.4807694 0 0.4807694 1 0.4423078 1 0.519231 0 0.519231 1 0.4807694 1 0.5576925 0 0.5576925 1 0.519231 1 0.596154 0 0.596154 1 0.5576925 1 0.6346156 0 0.6346156 1 0.596154 1 0.6730771 0 0.6730771 1 0.6346156 1 0.7115387 0 0.7115387 1 0.6730771 1 0.75 0 0.75 1 0.7115387 1 0.75 1 0.7884616 1 0.7884616 1 0.7884616 1 0.8269231 1 0.826923 1 0.8653846 1 0.8653846 1 0.826923 1 0.9038462 1 0.9038462 1 0.8653846 1 0.9038462 1 0.9423077 1 0.9423077 1 0.9423077 1 0.9807692 1 0.9807692 1 0.01923078 1 0.01923078 1 -0.01923078 1 0.05769217 1 0.05769217 1 0.01923078 1 0.05769217 1 0.09615385 1 0.09615385 1 0.09615385 1 0.1346154 1 0.1346154 1 0.1730769 1 0.1730769 1 0.1346154 1 0.1730769 1 0.2115385 1 0.2115384 1 0.2500001 1 0.2500001 1 0.2115384 1 0.2500001 1 0.2884616 1 0.2884616 1 0.3269231 1 0.3269232 1 0.2884616 1 0.3269231 1 0.3653847 1 0.3653847 1 0.4038463 1 0.4038463 1 0.3653847 1 0.4423078 1 0.4423078 1 0.4038463 1 0.4807694 1 0.4807694 1 0.4423078 1 0.4807694 1 0.519231 1 0.519231 1 0.5576925 1 0.5576925 1 0.519231 1 0.5576925 1 0.596154 1 0.596154 1 0.596154 1 0.6346156 1 0.6346156 1 0.6730771 1 0.6730771 1 0.6346156 1 0.6730771 1 0.7115387 1 0.7115387 1 0.75 1 0.75 1 0.7115387 1 0.75 1 0.7884616 1 0.7884616 1 0.7884616 1 0.826923 1 0.8269231 1 0.8653846 1 0.8653846 1 0.8269231 1 0.9038462 1 0.9038462 1 0.8653846 1 0.9038462 1 0.9423077 1 0.9423077 1 0.9423077 1 0.9807692 1 0.9807692 1 0.01923078 1 0.01923078 1 -0.01923078 1 0.05769217 1 0.05769217 1 0.01923078 1 0.05769217 1 0.09615385 1 0.09615385 1 0.09615385 1 0.1346154 1 0.1346154 1 0.1730769 1 0.1730769 1 0.1346154 1 0.1730769 1 0.2115384 1 0.2115385 1 0.2500001 1 0.2500001 1 0.2115385 1 0.2884616 1 0.2884616 1 0.2500001 1 0.3269232 1 0.3269231 1 0.2884616 1 0.3269232 1 0.3653847 1 0.3653847 1 0.4038463 1 0.4038463 1 0.3653847 1 0.4038463 1 0.4423078 1 0.4423078 1 0.4423078 1 0.4807694 1 0.4807694 1 0.4807694 1 0.519231 1 0.519231 1 0.5576925 1 0.5576925 1 0.519231 1 0.5576925 1 0.596154 1 0.596154 1 0.6346156 1 0.6346156 1 0.596154 1 0.6730771 1 0.6730772 1 0.6346156 1 0.6730771 1 0.7115387 1 0.7115387 1 0.75 1 0.75 1 0.7115387 1 0.75 1 0.7884616 1 0.7884616 1 0.7884616 1 0.8269231 1 0.8269231 1 0.8653846 1 0.8653846 1 0.8269231 1 0.9038462 1 0.9038462 1 0.8653846 1 0.9038462 1 0.9423077 1 0.9423077 1 0.9807692 1 0.9807692 1 0.9423077 1 0.01923078 1 0.01923078 1 -0.01923078 1 0.01923078 1 0.05769217 1 0.05769217 1 0.05769217 1 0.09615385 1 0.09615385 1 0.1346154 1 0.1346154 1 0.09615385 1 0.1730769 1 0.1730769 1 0.1346154 1 0.1730769 1 0.2115385 1 0.2115385 1 0.2500001 1 0.2500001 1 0.2115385 1 0.2884616 1 0.2884616 1 0.2500001 1 0.2884616 1 0.3269231 1 0.3269231 1 0.3269231 1 0.3653847 1 0.3653848 1 0.4038463 1 0.4038463 1 0.3653848 1 0.4038463 1 0.4423078 1 0.4423078 1 0.4807694 1 0.4807694 1 0.4423078 1 0.519231 1 0.519231 1 0.4807694 1 0.5576925 1 0.5576925 1 0.519231 1 0.5576925 1 0.596154 1 0.596154 1 0.6346156 1 0.6346156 1 0.596154 1 0.6730772 1 0.6730772 1 0.6346156 1 0.6730772 1 0.7115387 1 0.7115387 1 0.75 1 0.75 1 0.7115387 1 0.75 1 0.7884616 1 0.7884616 1 0.7884616 1 0.8269231 1 0.8269231 1 0.8653846 1 0.8653846 1 0.8269231 1 0.9038462 1 0.9038462 1 0.8653846 1 0.9038462 1 0.9423077 1 0.9423077 1 0.9807692 1 0.9807692 1 0.9423077 1 0.01923078 1 0.01923078 1 -0.01923078 1 0.01923078 1 0.05769217 1 0.05769217 1 0.05769217 1 0.09615385 1 0.09615385 1 0.09615385 1 0.1346154 1 0.1346154 1 0.1730769 1 0.1730769 1 0.1346154 1 0.1730769 1 0.2115385 1 0.2115384 1 0.2500001 1 0.2500001 1 0.2115384 1 0.2500001 1 0.2884616 1 0.2884616 1 0.3269231 1 0.3269231 1 0.2884616 1 0.3269231 1 0.3653848 1 0.3653847 1 0.4038463 1 0.4038463 1 0.3653847 1 0.4423078 1 0.4423078 1 0.4038463 1 0.4807694 1 0.4807694 1 0.4423078 1 0.519231 1 0.519231 1 0.4807694 1 0.5576925 1 0.5576925 1 0.519231 1 0.5576925 1 0.596154 1 0.596154 1 0.6346156 1 0.6346156 1 0.596154 1 0.6730772 1 0.6730771 1 0.6346156 1 0.6730772 1 0.7115387 1 0.7115387 1 0.75 1 0.75 1 0.7115387 1 0.75 1 0.7884616 1 0.7884616 1 0.7884616 1 0.8269231 1 0.8269231 1 0.8653846 1 0.8653846 1 0.8269231 1 0.9038462 1 0.9038462 1 0.8653846 1 0.9038462 1 0.9423077 1 0.9423077 1 0.9807692 1 0.9807692 1 0.9423077 1 0.01923078 1 0.01923078 1 -0.01923078 1 0.01923078 1 0.05769217 1 0.05769217 1 0.05769217 1 0.09615385 1 0.09615385 1 0.09615385 1 0.1346154 1 0.1346154 1 0.1730769 1 0.1730769 1 0.1346154 1 0.1730769 1 0.2115384 1 0.2115385 1 0.2500001 1 0.2500001 1 0.2115385 1 0.2500001 1 0.2884616 1 0.2884616 1 0.3269231 1 0.3269231 1 0.2884616 1 0.3269231 1 0.3653847 1 0.3653848 1 0.4038463 1 0.4038463 1 0.3653848 1 0.4038463 1 0.4423078 1 0.4423078 1 0.4807694 1 0.4807694 1 0.4423078 1 0.519231 1 0.519231 1 0.4807694 1 0.519231 1 0.5576925 1 0.5576925 1 0.5576925 1 0.596154 1 0.596154 1 0.6346156 1 0.6346156 1 0.596154 1 0.6730771 1 0.6730772 1 0.6346156 1 0.6730771 1 0.7115387 1 0.7115387 1 0.75 1 0.75 1 0.7115387 1 0.7884616 1 0.7884616 1 0.75 1 0.7884616 1 0.8269231 1 0.8269231 1 0.8653846 1 0.8653846 1 0.8269231 1 0.9038462 1 0.9038462 1 0.8653846 1 0.9038462 1 0.9423077 1 0.9423077 1 0.9807692 1 0.9807692 1 0.9423077 1 0.01923078 1 0.01923078 1 -0.01923078 1 0.01923078 1 0.05769217 1 0.05769217 1 0.05769217 1 0.09615385 1 0.09615385 1 0.09615385 1 0.1346154 1 0.1346154 1 0.1730769 1 0.1730769 1 0.1346154 1 0.1730769 1 0.2115385 1 0.2115385 1 0.2500001 1 0.2500001 1 0.2115385 1 0.2500001 1 0.2884616 1 0.2884616 1 0.3269231 1 0.3269232 1 0.2884616 1 0.3269231 1 0.3653848 1 0.3653847 1 0.4038463 1 0.4038463 1 0.3653847 1 0.4038463 1 0.4423078 1 0.4423078 1 0.4807694 1 0.4807694 1 0.4423078 1 0.4807694 1 0.519231 1 0.519231 1 0.5576925 1 0.5576925 1 0.519231 1 0.5576925 1 0.596154 1 0.596154 1 0.6346156 1 0.6346156 1 0.596154 1 0.6730772 1 0.6730771 1 0.6346156 1 0.6730772 1 0.7115387 1 0.7115387 1 0.75 1 0.75 1 0.7115387 1</float_array>
          <technique_common>
            <accessor source="#Örüntü_018-mesh-map-0-array" count="2184" stride="2">
              <param name="S" type="float"/>
              <param name="T" type="float"/>
            </accessor>
          </technique_common>
        </source>
        <vertices id="Örüntü_018-mesh-vertices">
          <input semantic="POSITION" source="#Örüntü_018-mesh-positions"/>
        </vertices>
        <triangles material="Material_001-material" count="728">
          <input semantic="VERTEX" source="#Örüntü_018-mesh-vertices" offset="0"/>
          <input semantic="NORMAL" source="#Örüntü_018-mesh-normals" offset="1"/>
          <input semantic="TEXCOORD" source="#Örüntü_018-mesh-map-0" offset="2" set="0"/>
          <p>0 0 0 2 0 1 1 0 2 0 0 3 3 0 4 2 0 5 0 0 6 4 0 7 3 0 8 0 0 9 5 0 10 4 0 11 0 0 12 6 0 13 5 0 14 0 0 15 7 0 16 6 0 17 0 0 18 8 0 19 7 0 20 0 0 21 9 0 22 8 0 23 0 0 24 10 0 25 9 0 26 0 0 27 11 0 28 10 0 29 0 0 30 12 0 31 11 0 32 0 0 33 13 0 34 12 0 35 0 0 36 14 0 37 13 0 38 0 0 39 15 0 40 14 0 41 0 0 42 16 0 43 15 0 44 0 0 45 17 0 46 16 0 47 0 0 48 18 0 49 17 0 50 0 0 51 19 0 52 18 0 53 0 0 54 20 0 55 19 0 56 0 0 57 21 0 58 20 0 59 0 0 60 22 0 61 21 0 62 0 0 63 23 0 64 22 0 65 0 0 66 24 0 67 23 0 68 0 0 69 25 0 70 24 0 71 0 0 72 26 0 73 25 0 74 0 0 75 1 0 76 26 0 77 2 0 78 27 0 79 1 0 80 2 0 81 29 0 82 28 0 83 3 0 84 30 0 85 29 0 86 4 0 87 31 0 88 30 0 89 6 0 90 31 0 91 5 0 92 7 0 93 32 0 94 6 0 95 8 0 96 33 0 97 7 0 98 8 0 99 35 0 100 34 0 101 10 0 102 35 0 103 9 0 104 11 0 105 36 0 106 10 0 107 11 0 108 38 0 109 37 0 110 13 0 111 38 0 112 12 0 113 13 0 114 40 0 115 39 0 116 14 0 117 41 0 118 40 0 119 16 0 120 41 0 121 15 0 122 17 0 123 42 0 124 16 0 125 17 0 126 44 0 127 43 0 128 18 0 129 45 0 130 44 0 131 20 0 132 45 0 133 19 0 134 21 0 135 46 0 136 20 0 137 21 0 138 48 0 139 47 0 140 23 0 141 48 0 142 22 0 143 23 0 144 50 0 145 49 0 146 24 0 147 51 0 148 50 0 149 26 0 150 51 0 151 25 0 152 1 0 153 52 0 154 26 0 155 27 0 156 54 0 157 53 0 158 29 0 159 54 0 160 28 0 161 29 0 162 56 0 163 55 0 164 30 0 165 57 0 166 56 0 167 32 0 168 57 0 169 31 0 170 33 0 171 58 0 172 32 0 173 34 0 174 59 0 175 33 0 176 34 0 177 61 0 178 60 0 179 36 0 180 61 0 181 35 0 182 37 0 183 62 0 184 36 0 185 37 0 186 64 0 187 63 0 188 39 0 189 64 0 190 38 0 191 39 0 192 66 0 193 65 0 194 40 0 195 67 0 196 66 0 197 42 0 198 67 0 199 41 0 200 43 0 201 68 0 202 42 0 203 43 0 204 70 0 205 69 0 206 45 0 207 70 0 208 44 0 209 45 0 210 72 0 211 71 0 212 47 0 213 72 0 214 46 0 215 47 0 216 74 0 217 73 0 218 49 0 219 74 0 220 48 0 221 49 0 222 76 0 223 75 0 224 50 0 225 77 0 226 76 0 227 52 0 228 77 0 229 51 0 230 52 0 231 53 0 232 78 0 233 53 0 234 80 0 235 79 0 236 55 0 237 80 0 238 54 0 239 55 0 240 82 0 241 81 0 242 56 0 243 83 0 244 82 0 245 58 0 246 83 0 247 57 0 248 59 0 249 84 0 250 58 0 251 60 0 252 85 0 253 59 0 254 60 0 255 87 0 256 86 0 257 62 0 258 87 0 259 61 0 260 63 0 261 88 0 262 62 0 263 63 0 264 90 0 265 89 0 266 65 0 267 90 0 268 64 0 269 65 0 270 92 0 271 91 0 272 66 0 273 93 0 274 92 0 275 68 0 276 93 0 277 67 0 278 69 0 279 94 0 280 68 0 281 69 0 282 96 0 283 95 0 284 70 0 285 97 0 286 96 0 287 71 0 288 98 0 289 97 0 290 73 0 291 98 0 292 72 0 293 73 0 294 100 0 295 99 0 296 75 0 297 100 0 298 74 0 299 75 0 300 102 0 301 101 0 302 76 0 303 103 0 304 102 0 305 78 0 306 103 0 307 77 0 308 78 0 309 79 0 310 104 0 311 80 0 312 105 0 313 79 0 314 81 0 315 106 0 316 80 0 317 81 0 318 108 0 319 107 0 320 82 0 321 109 0 322 108 0 323 84 0 324 109 0 325 83 0 326 84 0 327 111 0 328 110 0 329 86 0 330 111 0 331 85 0 332 87 0 333 112 0 334 86 0 335 88 0 336 113 0 337 87 0 338 89 0 339 114 0 340 88 0 341 89 0 342 116 0 343 115 0 344 91 0 345 116 0 346 90 0 347 91 0 348 118 0 349 117 0 350 92 0 351 119 0 352 118 0 353 94 0 354 119 0 355 93 0 356 95 0 357 120 0 358 94 0 359 95 0 360 122 0 361 121 0 362 97 0 363 122 0 364 96 0 365 97 0 366 124 0 367 123 0 368 99 0 369 124 0 370 98 0 371 99 0 372 126 0 373 125 0 374 101 0 375 126 0 376 100 0 377 101 0 378 128 0 379 127 0 380 102 0 381 129 0 382 128 0 383 104 0 384 129 0 385 103 0 386 104 0 387 105 0 388 130 0 389 105 0 390 132 0 391 131 0 392 107 0 393 132 0 394 106 0 395 107 0 396 134 0 397 133 0 398 108 0 399 135 0 400 134 0 401 110 0 402 135 0 403 109 0 404 111 0 405 136 0 406 110 0 407 112 0 408 137 0 409 111 0 410 112 0 411 139 0 412 138 0 413 114 0 414 139 0 415 113 0 416 115 0 417 140 0 418 114 0 419 115 0 420 142 0 421 141 0 422 117 0 423 142 0 424 116 0 425 117 0 426 144 0 427 143 0 428 118 0 429 145 0 430 144 0 431 120 0 432 145 0 433 119 0 434 121 0 435 146 0 436 120 0 437 121 0 438 148 0 439 147 0 440 123 0 441 148 0 442 122 0 443 123 0 444 150 0 445 149 0 446 125 0 447 150 0 448 124 0 449 125 0 450 152 0 451 151 0 452 127 0 453 152 0 454 126 0 455 127 0 456 154 0 457 153 0 458 128 0 459 155 0 460 154 0 461 130 0 462 155 0 463 129 0 464 105 0 465 156 0 466 130 0 467 132 0 468 157 0 469 131 0 470 133 0 471 158 0 472 132 0 473 134 0 474 159 0 475 133 0 476 134 0 477 161 0 478 160 0 479 136 0 480 161 0 481 135 0 482 137 0 483 162 0 484 136 0 485 138 0 486 163 0 487 137 0 488 138 0 489 165 0 490 164 0 491 140 0 492 165 0 493 139 0 494 141 0 495 166 0 496 140 0 497 141 0 498 168 0 499 167 0 500 143 0 501 168 0 502 142 0 503 143 0 504 170 0 505 169 0 506 145 0 507 170 0 508 144 0 509 145 0 510 172 0 511 171 0 512 147 0 513 172 0 514 146 0 515 147 0 516 174 0 517 173 0 518 148 0 519 175 0 520 174 0 521 149 0 522 176 0 523 175 0 524 151 0 525 176 0 526 150 0 527 151 0 528 178 0 529 177 0 530 153 0 531 178 0 532 152 0 533 153 0 534 180 0 535 179 0 536 154 0 537 181 0 538 180 0 539 156 0 540 181 0 541 155 0 542 156 0 543 157 0 544 182 0 545 158 1 546 183 2 547 157 3 548 159 4 549 184 5 550 158 1 551 160 6 552 185 7 553 159 4 554 161 8 555 186 9 556 160 6 557 162 10 558 187 11 559 161 8 560 163 12 561 188 13 562 162 10 563 164 14 564 189 15 565 163 12 566 165 16 567 190 17 568 164 14 569 166 18 570 191 19 571 165 16 572 167 20 573 192 21 574 166 18 575 168 22 576 193 23 577 167 20 578 169 24 579 194 25 580 168 22 581 170 26 582 195 27 583 169 24 584 171 28 585 196 29 586 170 26 587 172 30 588 197 31 589 171 28 590 173 32 591 198 33 592 172 30 593 174 34 594 199 35 595 173 32 596 175 36 597 200 37 598 174 34 599 176 38 600 201 39 601 175 36 602 177 40 603 202 41 604 176 38 605 178 42 606 203 43 607 177 40 608 179 44 609 204 45 610 178 42 611 180 46 612 205 47 613 179 44 614 181 48 615 206 49 616 180 46 617 182 50 618 207 51 619 181 48 620 157 3 621 208 52 622 182 50 623 183 53 624 210 53 625 209 53 626 184 53 627 211 53 628 210 53 629 186 53 630 211 53 631 185 53 632 187 54 633 212 54 634 186 54 635 187 53 636 214 53 637 213 53 638 188 53 639 215 53 640 214 53 641 190 53 642 215 53 643 189 53 644 191 53 645 216 53 646 190 53 647 191 55 648 218 55 649 217 55 650 192 56 651 219 56 652 218 56 653 194 57 654 219 57 655 193 57 656 194 53 657 221 53 658 220 53 659 196 58 660 221 58 661 195 58 662 196 59 663 223 59 664 222 59 665 198 60 666 223 60 667 197 60 668 198 53 669 225 53 670 224 53 671 200 61 672 225 61 673 199 61 674 201 53 675 226 53 676 200 53 677 202 53 678 227 53 679 201 53 680 202 53 681 229 53 682 228 53 683 204 53 684 229 53 685 203 53 686 204 62 687 231 62 688 230 62 689 205 63 690 232 63 691 231 63 692 207 61 693 232 61 694 206 61 695 207 53 696 234 53 697 233 53 698 183 64 699 234 64 700 208 64 701 209 53 702 236 53 703 235 53 704 210 65 705 237 65 706 236 65 707 212 66 708 237 66 709 211 66 710 213 53 711 238 53 712 212 53 713 213 53 714 240 53 715 239 53 716 214 53 717 241 53 718 240 53 719 216 53 720 241 53 721 215 53 722 217 53 723 242 53 724 216 53 725 217 53 726 244 53 727 243 53 728 218 53 729 245 53 730 244 53 731 220 53 732 245 53 733 219 53 734 220 67 735 247 67 736 246 67 737 222 68 738 247 68 739 221 68 740 223 69 741 248 69 742 222 69 743 224 70 744 249 70 745 223 70 746 224 71 747 251 71 748 250 71 749 226 72 750 251 72 751 225 72 752 226 73 753 253 73 754 252 73 755 227 74 756 254 74 757 253 74 758 228 75 759 255 75 760 254 75 761 230 53 762 255 53 763 229 53 764 230 73 765 257 73 766 256 73 767 232 53 768 257 53 769 231 53 770 233 76 771 258 76 772 232 76 773 233 77 774 260 77 775 259 77 776 209 78 777 260 78 778 234 78 779 235 53 780 262 53 781 261 53 782 236 79 783 263 79 784 262 79 785 238 53 786 263 53 787 237 53 788 239 80 789 264 80 790 238 80 791 239 81 792 266 81 793 265 81 794 241 82 795 266 82 796 240 82 797 242 53 798 267 53 799 241 53 800 242 83 801 269 83 802 268 83 803 243 84 804 270 84 805 269 84 806 245 53 807 270 53 808 244 53 809 246 85 810 271 85 811 245 85 812 246 86 813 273 86 814 272 86 815 248 53 816 273 53 817 247 53 818 249 87 819 274 87 820 248 87 821 249 88 822 276 88 823 275 88 824 250 53 825 277 53 826 276 53 827 252 53 828 277 53 829 251 53 830 252 53 831 279 53 832 278 53 833 254 53 834 279 53 835 253 53 836 255 53 837 280 53 838 254 53 839 256 53 840 281 53 841 255 53 842 256 89 843 283 89 844 282 89 845 258 53 846 283 53 847 257 53 848 259 53 849 284 53 850 258 53 851 259 90 852 286 90 853 285 90 854 235 91 855 286 91 856 260 91 857 261 53 858 288 53 859 287 53 860 262 53 861 289 53 862 288 53 863 264 53 864 289 53 865 263 53 866 265 92 867 290 92 868 264 92 869 265 93 870 292 93 871 291 93 872 267 94 873 292 94 874 266 94 875 268 53 876 293 53 877 267 53 878 268 95 879 295 95 880 294 95 881 269 96 882 296 96 883 295 96 884 270 53 885 297 53 886 296 53 887 272 97 888 297 97 889 271 97 890 272 98 891 299 98 892 298 98 893 274 99 894 299 99 895 273 99 896 274 100 897 301 100 898 300 100 899 276 101 900 301 101 901 275 101 902 276 102 903 303 102 904 302 102 905 278 103 906 303 103 907 277 103 908 279 97 909 304 97 910 278 97 911 280 53 912 305 53 913 279 53 914 281 53 915 306 53 916 280 53 917 282 53 918 307 53 919 281 53 920 282 104 921 309 104 922 308 104 923 284 53 924 309 53 925 283 53 926 285 105 927 310 105 928 284 105 929 285 53 930 312 53 931 311 53 932 261 106 933 312 106 934 286 106 935 287 53 936 314 53 937 313 53 938 288 53 939 315 53 940 314 53 941 290 53 942 315 53 943 289 53 944 291 102 945 316 102 946 290 102 947 291 107 948 318 107 949 317 107 950 293 53 951 318 53 952 292 53 953 294 53 954 319 53 955 293 53 956 294 83 957 321 83 958 320 83 959 295 108 960 322 108 961 321 108 962 296 109 963 323 109 964 322 109 965 298 53 966 323 53 967 297 53 968 298 90 969 325 90 970 324 90 971 300 53 972 325 53 973 299 53 974 300 53 975 327 53 976 326 53 977 302 110 978 327 110 979 301 110 980 302 53 981 329 53 982 328 53 983 304 111 984 329 111 985 303 111 986 304 112 987 331 112 988 330 112 989 306 53 990 331 53 991 305 53 992 307 53 993 332 53 994 306 53 995 307 53 996 334 53 997 333 53 998 308 113 999 335 113 1000 334 113 1001 310 53 1002 335 53 1003 309 53 1004 311 53 1005 336 53 1006 310 53 1007 311 53 1008 338 53 1009 337 53 1010 287 114 1011 338 114 1012 312 114 1013 314 53 1014 339 53 1015 313 53 1016 314 115 1017 341 115 1018 340 115 1019 316 116 1020 341 116 1021 315 116 1022 317 117 1023 342 117 1024 316 117 1025 317 118 1026 344 118 1027 343 118 1028 319 53 1029 344 53 1030 318 53 1031 320 53 1032 345 53 1033 319 53 1034 320 119 1035 347 119 1036 346 119 1037 321 53 1038 348 53 1039 347 53 1040 322 120 1041 349 120 1042 348 120 1043 324 121 1044 349 121 1045 323 121 1046 324 122 1047 351 122 1048 350 122 1049 326 123 1050 351 123 1051 325 123 1052 326 53 1053 353 53 1054 352 53 1055 328 79 1056 353 79 1057 327 79 1058 328 124 1059 355 124 1060 354 124 1061 330 53 1062 355 53 1063 329 53 1064 330 125 1065 357 125 1066 356 125 1067 332 126 1068 357 126 1069 331 126 1070 332 127 1071 359 127 1072 358 127 1073 334 53 1074 359 53 1075 333 53 1076 334 128 1077 361 128 1078 360 128 1079 336 129 1080 361 129 1081 335 129 1082 337 53 1083 362 53 1084 336 53 1085 337 130 1086 364 130 1087 363 130 1088 313 53 1089 364 53 1090 338 53 1091 365 53 1092 339 53 1093 340 53 1094 365 131 1095 340 131 1096 341 131 1097 365 132 1098 341 132 1099 342 132 1100 365 133 1101 342 133 1102 343 133 1103 365 134 1104 343 134 1105 344 134 1106 365 135 1107 344 135 1108 345 135 1109 365 53 1110 345 53 1111 346 53 1112 365 136 1113 346 136 1114 347 136 1115 365 137 1116 347 137 1117 348 137 1118 365 138 1119 348 138 1120 349 138 1121 365 139 1122 349 139 1123 350 139 1124 365 130 1125 350 130 1126 351 130 1127 365 53 1128 351 53 1129 352 53 1130 365 53 1131 352 53 1132 353 53 1133 365 140 1134 353 140 1135 354 140 1136 365 123 1137 354 123 1138 355 123 1139 365 53 1140 355 53 1141 356 53 1142 365 141 1143 356 141 1144 357 141 1145 365 142 1146 357 142 1147 358 142 1148 365 143 1149 358 143 1150 359 143 1151 365 53 1152 359 53 1153 360 53 1154 365 144 1155 360 144 1156 361 144 1157 365 145 1158 361 145 1159 362 145 1160 365 146 1161 362 146 1162 363 146 1163 365 147 1164 363 147 1165 364 147 1166 365 53 1167 364 53 1168 339 53 1169 2 0 1170 28 0 1171 27 0 1172 2 0 1173 3 0 1174 29 0 1175 3 0 1176 4 0 1177 30 0 1178 4 0 1179 5 0 1180 31 0 1181 6 0 1182 32 0 1183 31 0 1184 7 0 1185 33 0 1186 32 0 1187 8 0 1188 34 0 1189 33 0 1190 8 0 1191 9 0 1192 35 0 1193 10 0 1194 36 0 1195 35 0 1196 11 0 1197 37 0 1198 36 0 1199 11 0 1200 12 0 1201 38 0 1202 13 0 1203 39 0 1204 38 0 1205 13 0 1206 14 0 1207 40 0 1208 14 0 1209 15 0 1210 41 0 1211 16 0 1212 42 0 1213 41 0 1214 17 0 1215 43 0 1216 42 0 1217 17 0 1218 18 0 1219 44 0 1220 18 0 1221 19 0 1222 45 0 1223 20 0 1224 46 0 1225 45 0 1226 21 0 1227 47 0 1228 46 0 1229 21 0 1230 22 0 1231 48 0 1232 23 0 1233 49 0 1234 48 0 1235 23 0 1236 24 0 1237 50 0 1238 24 0 1239 25 0 1240 51 0 1241 26 0 1242 52 0 1243 51 0 1244 1 0 1245 27 0 1246 52 0 1247 27 0 1248 28 0 1249 54 0 1250 29 0 1251 55 0 1252 54 0 1253 29 0 1254 30 0 1255 56 0 1256 30 0 1257 31 0 1258 57 0 1259 32 0 1260 58 0 1261 57 0 1262 33 0 1263 59 0 1264 58 0 1265 34 0 1266 60 0 1267 59 0 1268 34 0 1269 35 0 1270 61 0 1271 36 0 1272 62 0 1273 61 0 1274 37 0 1275 63 0 1276 62 0 1277 37 0 1278 38 0 1279 64 0 1280 39 0 1281 65 0 1282 64 0 1283 39 0 1284 40 0 1285 66 0 1286 40 0 1287 41 0 1288 67 0 1289 42 0 1290 68 0 1291 67 0 1292 43 0 1293 69 0 1294 68 0 1295 43 0 1296 44 0 1297 70 0 1298 45 0 1299 71 0 1300 70 0 1301 45 0 1302 46 0 1303 72 0 1304 47 0 1305 73 0 1306 72 0 1307 47 0 1308 48 0 1309 74 0 1310 49 0 1311 75 0 1312 74 0 1313 49 0 1314 50 0 1315 76 0 1316 50 0 1317 51 0 1318 77 0 1319 52 0 1320 78 0 1321 77 0 1322 52 0 1323 27 0 1324 53 0 1325 53 0 1326 54 0 1327 80 0 1328 55 0 1329 81 0 1330 80 0 1331 55 0 1332 56 0 1333 82 0 1334 56 0 1335 57 0 1336 83 0 1337 58 0 1338 84 0 1339 83 0 1340 59 0 1341 85 0 1342 84 0 1343 60 0 1344 86 0 1345 85 0 1346 60 0 1347 61 0 1348 87 0 1349 62 0 1350 88 0 1351 87 0 1352 63 0 1353 89 0 1354 88 0 1355 63 0 1356 64 0 1357 90 0 1358 65 0 1359 91 0 1360 90 0 1361 65 0 1362 66 0 1363 92 0 1364 66 0 1365 67 0 1366 93 0 1367 68 0 1368 94 0 1369 93 0 1370 69 0 1371 95 0 1372 94 0 1373 69 0 1374 70 0 1375 96 0 1376 70 0 1377 71 0 1378 97 0 1379 71 0 1380 72 0 1381 98 0 1382 73 0 1383 99 0 1384 98 0 1385 73 0 1386 74 0 1387 100 0 1388 75 0 1389 101 0 1390 100 0 1391 75 0 1392 76 0 1393 102 0 1394 76 0 1395 77 0 1396 103 0 1397 78 0 1398 104 0 1399 103 0 1400 78 0 1401 53 0 1402 79 0 1403 80 0 1404 106 0 1405 105 0 1406 81 0 1407 107 0 1408 106 0 1409 81 0 1410 82 0 1411 108 0 1412 82 0 1413 83 0 1414 109 0 1415 84 0 1416 110 0 1417 109 0 1418 84 0 1419 85 0 1420 111 0 1421 86 0 1422 112 0 1423 111 0 1424 87 0 1425 113 0 1426 112 0 1427 88 0 1428 114 0 1429 113 0 1430 89 0 1431 115 0 1432 114 0 1433 89 0 1434 90 0 1435 116 0 1436 91 0 1437 117 0 1438 116 0 1439 91 0 1440 92 0 1441 118 0 1442 92 0 1443 93 0 1444 119 0 1445 94 0 1446 120 0 1447 119 0 1448 95 0 1449 121 0 1450 120 0 1451 95 0 1452 96 0 1453 122 0 1454 97 0 1455 123 0 1456 122 0 1457 97 0 1458 98 0 1459 124 0 1460 99 0 1461 125 0 1462 124 0 1463 99 0 1464 100 0 1465 126 0 1466 101 0 1467 127 0 1468 126 0 1469 101 0 1470 102 0 1471 128 0 1472 102 0 1473 103 0 1474 129 0 1475 104 0 1476 130 0 1477 129 0 1478 104 0 1479 79 0 1480 105 0 1481 105 0 1482 106 0 1483 132 0 1484 107 0 1485 133 0 1486 132 0 1487 107 0 1488 108 0 1489 134 0 1490 108 0 1491 109 0 1492 135 0 1493 110 0 1494 136 0 1495 135 0 1496 111 0 1497 137 0 1498 136 0 1499 112 0 1500 138 0 1501 137 0 1502 112 0 1503 113 0 1504 139 0 1505 114 0 1506 140 0 1507 139 0 1508 115 0 1509 141 0 1510 140 0 1511 115 0 1512 116 0 1513 142 0 1514 117 0 1515 143 0 1516 142 0 1517 117 0 1518 118 0 1519 144 0 1520 118 0 1521 119 0 1522 145 0 1523 120 0 1524 146 0 1525 145 0 1526 121 0 1527 147 0 1528 146 0 1529 121 0 1530 122 0 1531 148 0 1532 123 0 1533 149 0 1534 148 0 1535 123 0 1536 124 0 1537 150 0 1538 125 0 1539 151 0 1540 150 0 1541 125 0 1542 126 0 1543 152 0 1544 127 0 1545 153 0 1546 152 0 1547 127 0 1548 128 0 1549 154 0 1550 128 0 1551 129 0 1552 155 0 1553 130 0 1554 156 0 1555 155 0 1556 105 0 1557 131 0 1558 156 0 1559 132 0 1560 158 0 1561 157 0 1562 133 0 1563 159 0 1564 158 0 1565 134 0 1566 160 0 1567 159 0 1568 134 0 1569 135 0 1570 161 0 1571 136 0 1572 162 0 1573 161 0 1574 137 0 1575 163 0 1576 162 0 1577 138 0 1578 164 0 1579 163 0 1580 138 0 1581 139 0 1582 165 0 1583 140 0 1584 166 0 1585 165 0 1586 141 0 1587 167 0 1588 166 0 1589 141 0 1590 142 0 1591 168 0 1592 143 0 1593 169 0 1594 168 0 1595 143 0 1596 144 0 1597 170 0 1598 145 0 1599 171 0 1600 170 0 1601 145 0 1602 146 0 1603 172 0 1604 147 0 1605 173 0 1606 172 0 1607 147 0 1608 148 0 1609 174 0 1610 148 0 1611 149 0 1612 175 0 1613 149 0 1614 150 0 1615 176 0 1616 151 0 1617 177 0 1618 176 0 1619 151 0 1620 152 0 1621 178 0 1622 153 0 1623 179 0 1624 178 0 1625 153 0 1626 154 0 1627 180 0 1628 154 0 1629 155 0 1630 181 0 1631 156 0 1632 182 0 1633 181 0 1634 156 0 1635 131 0 1636 157 0 1637 158 1 1638 184 5 1639 183 2 1640 159 4 1641 185 7 1642 184 5 1643 160 6 1644 186 9 1645 185 7 1646 161 8 1647 187 11 1648 186 9 1649 162 10 1650 188 13 1651 187 11 1652 163 12 1653 189 15 1654 188 13 1655 164 14 1656 190 17 1657 189 15 1658 165 16 1659 191 19 1660 190 17 1661 166 18 1662 192 21 1663 191 19 1664 167 20 1665 193 23 1666 192 21 1667 168 22 1668 194 25 1669 193 23 1670 169 24 1671 195 27 1672 194 25 1673 170 26 1674 196 29 1675 195 27 1676 171 28 1677 197 31 1678 196 29 1679 172 30 1680 198 33 1681 197 31 1682 173 32 1683 199 35 1684 198 33 1685 174 34 1686 200 37 1687 199 35 1688 175 36 1689 201 39 1690 200 37 1691 176 38 1692 202 41 1693 201 39 1694 177 40 1695 203 43 1696 202 41 1697 178 42 1698 204 45 1699 203 43 1700 179 44 1701 205 47 1702 204 45 1703 180 46 1704 206 49 1705 205 47 1706 181 48 1707 207 51 1708 206 49 1709 182 50 1710 208 52 1711 207 51 1712 157 3 1713 183 2 1714 208 52 1715 183 148 1716 184 148 1717 210 148 1718 184 53 1719 185 53 1720 211 53 1721 186 53 1722 212 53 1723 211 53 1724 187 53 1725 213 53 1726 212 53 1727 187 53 1728 188 53 1729 214 53 1730 188 53 1731 189 53 1732 215 53 1733 190 53 1734 216 53 1735 215 53 1736 191 53 1737 217 53 1738 216 53 1739 191 53 1740 192 53 1741 218 53 1742 192 149 1743 193 149 1744 219 149 1745 194 53 1746 220 53 1747 219 53 1748 194 150 1749 195 150 1750 221 150 1751 196 151 1752 222 151 1753 221 151 1754 196 152 1755 197 152 1756 223 152 1757 198 153 1758 224 153 1759 223 153 1760 198 154 1761 199 154 1762 225 154 1763 200 53 1764 226 53 1765 225 53 1766 201 76 1767 227 76 1768 226 76 1769 202 155 1770 228 155 1771 227 155 1772 202 53 1773 203 53 1774 229 53 1775 204 156 1776 230 156 1777 229 156 1778 204 157 1779 205 157 1780 231 157 1781 205 53 1782 206 53 1783 232 53 1784 207 53 1785 233 53 1786 232 53 1787 207 158 1788 208 158 1789 234 158 1790 183 53 1791 209 53 1792 234 53 1793 209 53 1794 210 53 1795 236 53 1796 210 53 1797 211 53 1798 237 53 1799 212 53 1800 238 53 1801 237 53 1802 213 159 1803 239 159 1804 238 159 1805 213 53 1806 214 53 1807 240 53 1808 214 53 1809 215 53 1810 241 53 1811 216 53 1812 242 53 1813 241 53 1814 217 53 1815 243 53 1816 242 53 1817 217 160 1818 218 160 1819 244 160 1820 218 53 1821 219 53 1822 245 53 1823 220 53 1824 246 53 1825 245 53 1826 220 66 1827 221 66 1828 247 66 1829 222 161 1830 248 161 1831 247 161 1832 223 65 1833 249 65 1834 248 65 1835 224 162 1836 250 162 1837 249 162 1838 224 53 1839 225 53 1840 251 53 1841 226 53 1842 252 53 1843 251 53 1844 226 53 1845 227 53 1846 253 53 1847 227 53 1848 228 53 1849 254 53 1850 228 53 1851 229 53 1852 255 53 1853 230 53 1854 256 53 1855 255 53 1856 230 53 1857 231 53 1858 257 53 1859 232 53 1860 258 53 1861 257 53 1862 233 67 1863 259 67 1864 258 67 1865 233 163 1866 234 163 1867 260 163 1868 209 53 1869 235 53 1870 260 53 1871 235 164 1872 236 164 1873 262 164 1874 236 73 1875 237 73 1876 263 73 1877 238 53 1878 264 53 1879 263 53 1880 239 165 1881 265 165 1882 264 165 1883 239 53 1884 240 53 1885 266 53 1886 241 165 1887 267 165 1888 266 165 1889 242 53 1890 268 53 1891 267 53 1892 242 166 1893 243 166 1894 269 166 1895 243 53 1896 244 53 1897 270 53 1898 245 53 1899 271 53 1900 270 53 1901 246 165 1902 272 165 1903 271 165 1904 246 53 1905 247 53 1906 273 53 1907 248 167 1908 274 167 1909 273 167 1910 249 53 1911 275 53 1912 274 53 1913 249 53 1914 250 53 1915 276 53 1916 250 168 1917 251 168 1918 277 168 1919 252 53 1920 278 53 1921 277 53 1922 252 53 1923 253 53 1924 279 53 1925 254 53 1926 280 53 1927 279 53 1928 255 73 1929 281 73 1930 280 73 1931 256 53 1932 282 53 1933 281 53 1934 256 53 1935 257 53 1936 283 53 1937 258 169 1938 284 169 1939 283 169 1940 259 53 1941 285 53 1942 284 53 1943 259 170 1944 260 170 1945 286 170 1946 235 53 1947 261 53 1948 286 53 1949 261 53 1950 262 53 1951 288 53 1952 262 53 1953 263 53 1954 289 53 1955 264 100 1956 290 100 1957 289 100 1958 265 53 1959 291 53 1960 290 53 1961 265 116 1962 266 116 1963 292 116 1964 267 171 1965 293 171 1966 292 171 1967 268 53 1968 294 53 1969 293 53 1970 268 172 1971 269 172 1972 295 172 1973 269 53 1974 270 53 1975 296 53 1976 270 53 1977 271 53 1978 297 53 1979 272 173 1980 298 173 1981 297 173 1982 272 174 1983 273 174 1984 299 174 1985 274 53 1986 300 53 1987 299 53 1988 274 175 1989 275 175 1990 301 175 1991 276 53 1992 302 53 1993 301 53 1994 276 97 1995 277 97 1996 303 97 1997 278 53 1998 304 53 1999 303 53 2000 279 176 2001 305 176 2002 304 176 2003 280 177 2004 306 177 2005 305 177 2006 281 178 2007 307 178 2008 306 178 2009 282 179 2010 308 179 2011 307 179 2012 282 180 2013 283 180 2014 309 180 2015 284 53 2016 310 53 2017 309 53 2018 285 102 2019 311 102 2020 310 102 2021 285 53 2022 286 53 2023 312 53 2024 261 53 2025 287 53 2026 312 53 2027 287 181 2028 288 181 2029 314 181 2030 288 53 2031 289 53 2032 315 53 2033 290 182 2034 316 182 2035 315 182 2036 291 183 2037 317 183 2038 316 183 2039 291 53 2040 292 53 2041 318 53 2042 293 184 2043 319 184 2044 318 184 2045 294 53 2046 320 53 2047 319 53 2048 294 53 2049 295 53 2050 321 53 2051 295 185 2052 296 185 2053 322 185 2054 296 100 2055 297 100 2056 323 100 2057 298 186 2058 324 186 2059 323 186 2060 298 53 2061 299 53 2062 325 53 2063 300 53 2064 326 53 2065 325 53 2066 300 181 2067 301 181 2068 327 181 2069 302 83 2070 328 83 2071 327 83 2072 302 63 2073 303 63 2074 329 63 2075 304 129 2076 330 129 2077 329 129 2078 304 187 2079 305 187 2080 331 187 2081 306 188 2082 332 188 2083 331 188 2084 307 189 2085 333 189 2086 332 189 2087 307 53 2088 308 53 2089 334 53 2090 308 53 2091 309 53 2092 335 53 2093 310 53 2094 336 53 2095 335 53 2096 311 53 2097 337 53 2098 336 53 2099 311 190 2100 312 190 2101 338 190 2102 287 53 2103 313 53 2104 338 53 2105 314 191 2106 340 191 2107 339 191 2108 314 192 2109 315 192 2110 341 192 2111 316 193 2112 342 193 2113 341 193 2114 317 194 2115 343 194 2116 342 194 2117 317 53 2118 318 53 2119 344 53 2120 319 195 2121 345 195 2122 344 195 2123 320 53 2124 346 53 2125 345 53 2126 320 53 2127 321 53 2128 347 53 2129 321 53 2130 322 53 2131 348 53 2132 322 196 2133 323 196 2134 349 196 2135 324 197 2136 350 197 2137 349 197 2138 324 53 2139 325 53 2140 351 53 2141 326 53 2142 352 53 2143 351 53 2144 326 53 2145 327 53 2146 353 53 2147 328 198 2148 354 198 2149 353 198 2150 328 199 2151 329 199 2152 355 199 2153 330 53 2154 356 53 2155 355 53 2156 330 53 2157 331 53 2158 357 53 2159 332 200 2160 358 200 2161 357 200 2162 332 53 2163 333 53 2164 359 53 2165 334 53 2166 360 53 2167 359 53 2168 334 53 2169 335 53 2170 361 53 2171 336 201 2172 362 201 2173 361 201 2174 337 202 2175 363 202 2176 362 202 2177 337 203 2178 338 203 2179 364 203 2180 313 53 2181 339 53 2182 364 53 2183</p>
        </triangles>
      </mesh>
    </geometry>
    <geometry id="Örüntü_017-mesh" name="Örüntü.017">
      <mesh>
        <source id="Örüntü_017-mesh-positions">
          <float_array id="Örüntü_017-mesh-positions-array" count="1098">0 0 0 0.1714286 0 0 0.1664472 0.0410254 0 0.1517925 0.07966679 0 0.1283161 0.1136782 0 0.09738248 0.141083 0 0.0607891 0.1602885 0 0.02066338 0.1701787 0 -0.02066338 0.1701787 0 -0.0607891 0.1602885 0 -0.09738248 0.141083 0 -0.1283161 0.1136782 0 -0.1517925 0.07966679 0 -0.1664472 0.0410254 0 -0.1714286 0 0 -0.1664471 -0.0410254 0 -0.1517924 -0.07966691 0 -0.1283161 -0.1136782 0 -0.09738242 -0.141083 0 -0.06078898 -0.1602885 0 -0.02066326 -0.1701787 0 0.02066344 -0.1701787 0 0.06078958 -0.1602884 0 0.09738266 -0.1410828 0 0.1283162 -0.113678 0 0.1517925 -0.07966661 0 0.1664472 -0.04102528 0 0.3428572 0 0 0.3328944 0.08205109 0 0.3035849 0.1593337 0 0.2566323 0.2273563 0 0.194765 0.2821659 0 0.1215788 0.320577 0 0.04132682 0.3403574 0 -0.04132682 0.3403574 0 -0.1215788 0.320577 0 -0.194765 0.282166 0 -0.2566323 0.2273563 0 -0.3035849 0.1593336 0 -0.3328944 0.08205097 0 -0.3428572 0 0 -0.3328943 -0.08205121 0 -0.3035849 -0.1593338 0 -0.2566322 -0.2273565 0 -0.1947649 -0.2821661 0 -0.1215785 -0.3205771 0 -0.04132652 -0.3403574 0 0.04132694 -0.3403573 0 0.1215792 -0.3205769 0 0.1947654 -0.2821657 0 0.2566326 -0.227356 0 0.3035852 -0.1593332 0 0.3328945 -0.08205056 0 0.5142858 0 0 0.4993416 0.1230766 0 0.4553775 0.2390004 0 0.3849484 0.3410345 0 0.2921476 0.4232489 0 0.1823682 0.4808655 0 0.06199026 0.5105361 0 -0.06199026 0.5105361 0 -0.1823682 0.4808655 0 -0.2921476 0.4232489 0 -0.3849484 0.3410345 0 -0.4553775 0.2390004 0 -0.4993416 0.1230764 0 -0.5142858 -1.67576e-7 0 -0.4993415 -0.1230768 0 -0.4553773 -0.2390007 0 -0.3849483 -0.3410348 0 -0.2921473 -0.4232491 0 -0.1823678 -0.4808657 0 -0.06198978 -0.5105361 0 0.06199049 -0.510536 0 0.1823688 -0.4808654 0 0.2921481 -0.4232485 0 0.3849489 -0.3410341 0 0.4553778 -0.2389999 0 0.4993418 -0.1230759 0 0.6857144 0 0 0.6657888 0.1641021 0 0.6071699 0.3186674 0 0.5132645 0.4547128 0 0.3895301 0.5643318 0 0.2431576 0.6411541 0 0.0826537 0.6807147 0 -0.0826537 0.6807147 0 -0.2431576 0.6411541 0 -0.3895301 0.5643319 0 -0.5132646 0.4547127 0 -0.6071699 0.3186672 0 -0.6657888 0.164102 0 -0.6857144 -2.23434e-7 0 -0.6657887 -0.1641024 0 -0.6071698 -0.3186677 0 -0.5132643 -0.4547131 0 -0.3895297 -0.5643321 0 -0.2431571 -0.6411542 0 -0.0826531 -0.6807148 0 0.08265441 -0.6807147 0 0.2431584 -0.6411538 0 0.3895308 -0.5643314 0 0.5132651 -0.454712 0 0.6071704 -0.3186665 0 0.665789 -0.1641011 0 0.8571429 0 0 0.8322359 0.2051277 0 0.7589624 0.3983342 0 0.6415807 0.5683909 0 0.4869126 0.7054148 0 0.303947 0.8014426 0 0.1033172 0.8508934 0 -0.1033171 0.8508934 0 -0.303947 0.8014426 0 -0.4869126 0.7054148 0 -0.6415807 0.5683909 0 -0.7589624 0.398334 0 -0.832236 0.2051275 0 -0.8571429 -2.79293e-7 0 -0.8322358 -0.205128 0 -0.7589622 -0.3983346 0 -0.6415804 -0.5683913 0 -0.4869121 -0.7054151 0 -0.3039464 -0.8014428 0 -0.1033164 -0.8508934 0 0.103318 -0.8508933 0 0.3039479 -0.8014422 0 0.4869136 -0.7054142 0 0.6415814 -0.5683901 0 0.7589629 -0.3983331 0 0.8322362 -0.2051265 0 1.028572 0 0 0.9986832 0.2461532 0 0.9107549 0.4780011 0 0.7698969 0.6820691 0 0.5842952 0.8464978 0 0.3647365 0.9617311 0 0.1239806 1.021072 0 -0.1239805 1.021072 0 -0.3647364 0.9617311 0 -0.5842952 0.8464978 0 -0.7698969 0.6820691 0 -0.9107549 0.4780009 0 -0.9986833 0.2461529 0 -1.028572 -3.35151e-7 0 -0.998683 -0.2461537 0 -0.9107546 -0.4780015 0 -0.7698965 -0.6820696 0 -0.5842946 -0.8464983 0 -0.3647357 -0.9617314 0 -0.1239796 -1.021072 0 0.1239816 -1.021072 0 0.3647376 -0.9617307 0 0.5842963 -0.8464971 0 0.7698978 -0.6820681 0 0.9107555 -0.4779997 0 0.9986836 -0.2461518 0 1.2 0 0 1.16513 0.2871788 0 1.062547 0.5576679 0 0.8982129 0.7957473 0 0.6816776 0.9875807 0 0.4255259 1.12202 0 0.144644 1.191251 0 -0.144644 1.191251 0 -0.4255258 1.12202 0 -0.6816776 0.9875807 0 -0.898213 0.7957472 0 -1.062547 0.5576677 0 -1.16513 0.2871785 0 -1.2 -3.9101e-7 0 -1.16513 -0.2871793 0 -1.062547 -0.5576684 0 -0.8982125 -0.7957478 0 -0.681677 -0.9875812 0 -0.425525 -1.12202 0 -0.1446429 -1.191251 0 0.1446452 -1.191251 0 0.4255271 -1.122019 0 0.681679 -0.9875799 0 0.898214 -0.7957461 0 1.062548 -0.5576663 0 1.165131 -0.287177 0 1.2 0 0.2 1.16513 0.2871788 0.2 1.062547 0.5576679 0.2 0.8982129 0.7957473 0.2 0.6816776 0.9875807 0.2 0.4255259 1.12202 0.2 0.144644 1.191251 0.2 -0.144644 1.191251 0.2 -0.4255258 1.12202 0.2 -0.6816776 0.9875807 0.2 -0.898213 0.7957472 0.2 -1.062547 0.5576677 0.2 -1.16513 0.2871785 0.2 -1.2 -3.9101e-7 0.2 -1.16513 -0.2871793 0.2 -1.062547 -0.5576684 0.2 -0.8982125 -0.7957478 0.2 -0.681677 -0.9875812 0.2 -0.425525 -1.12202 0.2 -0.1446429 -1.191251 0.2 0.1446452 -1.191251 0.2 0.4255271 -1.122019 0.2 0.681679 -0.9875799 0.2 0.898214 -0.7957461 0.2 1.062548 -0.5576663 0.2 1.165131 -0.287177 0.2 1.028571 0 0.2 0.9986831 0.2461532 0.2 0.9107549 0.478001 0.2 0.7698968 0.6820691 0.2 0.5842952 0.8464977 0.2 0.3647364 0.961731 0.2 0.1239806 1.021072 0.2 -0.1239805 1.021072 0.2 -0.3647364 0.961731 0.2 -0.5842952 0.8464978 0.2 -0.7698969 0.6820691 0.2 -0.9107549 0.4780009 0.2 -0.9986832 0.2461529 0.2 -1.028571 -3.35151e-7 0.2 -0.998683 -0.2461537 0.2 -0.9107546 -0.4780015 0.2 -0.7698965 -0.6820695 0.2 -0.5842946 -0.8464982 0.2 -0.3647357 -0.9617313 0.2 -0.1239796 -1.021072 0.2 0.1239816 -1.021072 0.2 0.3647375 -0.9617306 0.2 0.5842962 -0.8464971 0.2 0.7698977 -0.6820681 0.2 0.9107555 -0.4779997 0.2 0.9986835 -0.2461518 0.2 0.8571429 0 0.2 0.8322359 0.2051277 0.2 0.7589624 0.3983342 0.2 0.6415807 0.5683909 0.2 0.4869126 0.7054148 0.2 0.303947 0.8014426 0.2 0.1033172 0.8508934 0.2 -0.1033171 0.8508934 0.2 -0.303947 0.8014426 0.2 -0.4869126 0.7054148 0.2 -0.6415807 0.5683909 0.2 -0.7589624 0.398334 0.2 -0.832236 0.2051275 0.2 -0.8571429 -2.79293e-7 0.2 -0.8322358 -0.205128 0.2 -0.7589622 -0.3983346 0.2 -0.6415804 -0.5683913 0.2 -0.4869121 -0.7054151 0.2 -0.3039464 -0.8014428 0.2 -0.1033164 -0.8508934 0.2 0.103318 -0.8508933 0.2 0.3039479 -0.8014422 0.2 0.4869136 -0.7054142 0.2 0.6415814 -0.5683901 0.2 0.7589629 -0.3983331 0.2 0.8322362 -0.2051265 0.2 0.6857143 0 0.2 0.6657887 0.1641021 0.2 0.6071699 0.3186673 0.2 0.5132645 0.4547127 0.2 0.3895301 0.5643318 0.2 0.2431576 0.641154 0.2 0.0826537 0.6807146 0.2 -0.0826537 0.6807146 0.2 -0.2431576 0.641154 0.2 -0.3895301 0.5643318 0.2 -0.5132645 0.4547126 0.2 -0.6071699 0.3186672 0.2 -0.6657888 0.164102 0.2 -0.6857143 -2.23434e-7 0.2 -0.6657886 -0.1641024 0.2 -0.6071697 -0.3186676 0.2 -0.5132642 -0.454713 0.2 -0.3895297 -0.5643321 0.2 -0.2431571 -0.6411542 0.2 -0.0826531 -0.6807147 0.2 0.08265441 -0.6807146 0.2 0.2431583 -0.6411537 0.2 0.3895308 -0.5643314 0.2 0.5132651 -0.454712 0.2 0.6071703 -0.3186664 0.2 0.665789 -0.1641011 0.2 0.5142857 0 0.2 0.4993415 0.1230766 0.2 0.4553774 0.2390004 0.2 0.3849484 0.3410345 0.2 0.2921475 0.4232488 0.2 0.1823682 0.4808655 0.2 0.06199026 0.510536 0.2 -0.06199026 0.510536 0.2 -0.1823682 0.4808655 0.2 -0.2921475 0.4232488 0.2 -0.3849484 0.3410345 0.2 -0.4553774 0.2390004 0.2 -0.4993416 0.1230764 0.2 -0.5142857 -1.67576e-7 0.2 -0.4993414 -0.1230768 0.2 -0.4553772 -0.2390007 0.2 -0.3849482 -0.3410348 0.2 -0.2921472 -0.4232491 0.2 -0.1823678 -0.4808656 0.2 -0.06198978 -0.510536 0.2 0.06199049 -0.5105359 0.2 0.1823686 -0.4808652 0.2 0.2921481 -0.4232485 0.2 0.3849488 -0.341034 0.2 0.4553777 -0.2389998 0.2 0.4993417 -0.1230759 0.2 0.3428571 0 0.2 0.3328943 0.08205103 0.2 0.3035849 0.1593337 0.2 0.2566322 0.2273563 0.2 0.194765 0.2821659 0.2 0.1215788 0.320577 0.2 0.04132682 0.3403573 0.2 -0.04132682 0.3403573 0.2 -0.1215788 0.320577 0.2 -0.194765 0.2821659 0.2 -0.2566323 0.2273563 0.2 -0.3035849 0.1593336 0.2 -0.3328944 0.08205097 0.2 -0.3428571 0 0.2 -0.3328943 -0.08205121 0.2 -0.3035848 -0.1593338 0.2 -0.2566321 -0.2273565 0.2 -0.1947648 -0.282166 0.2 -0.1215785 -0.3205771 0.2 -0.04132652 -0.3403574 0.2 0.04132694 -0.3403573 0.2 0.1215791 -0.3205769 0.2 0.1947654 -0.2821657 0.2 0.2566325 -0.227356 0.2 0.3035851 -0.1593332 0.2 0.3328945 -0.08205056 0.2 0.1714285 0 0.2 0.1664471 0.0410254 0.2 0.1517924 0.07966679 0.2 0.1283161 0.113678 0.2 0.09738242 0.1410828 0.2 0.06078904 0.1602884 0.2 0.02066338 0.1701785 0.2 -0.02066338 0.1701785 0.2 -0.06078904 0.1602884 0.2 -0.09738242 0.1410829 0.2 -0.1283161 0.113678 0.2 -0.1517924 0.07966673 0.2 -0.1664471 0.0410254 0.2 -0.1714285 0 0.2 -0.1664471 -0.0410254 0.2 -0.1517923 -0.07966685 0.2 -0.128316 -0.1136782 0.2 -0.09738236 -0.141083 0.2 -0.06078892 -0.1602885 0.2 -0.02066326 -0.1701786 0.2 0.02066344 -0.1701785 0.2 0.06078922 -0.1602883 0.2 0.09738266 -0.1410828 0.2 0.1283162 -0.1136779 0.2 0.1517925 -0.07966655 0.2 0.1664471 -0.04102522 0.2 0 0 0.2</float_array>
          <technique_common>
            <accessor source="#Örüntü_017-mesh-positions-array" count="366" stride="3">
              <param name="X" type="float"/>
              <param name="Y" type="float"/>
              <param name="Z" type="float"/>
            </accessor>
          </technique_common>
        </source>
        <source id="Örüntü_017-mesh-normals">
          <float_array id="Örüntü_017-mesh-normals-array" count="612">0 0 -1 0.7110479 0.175244 -0.6809555 0.7323368 0 0.6809427 0.7323368 0 -0.6809427 0.6484483 0.3403232 -0.6809516 0.7110479 0.175244 0.6809555 0.5481587 0.4856244 -0.6809486 0.6484483 0.3403232 0.6809516 0.41601 0.6026973 -0.680949 0.5481587 0.4856244 0.6809486 0.2596909 0.6847368 -0.6809524 0.41601 0.6026973 0.680949 0.08826148 0.7269974 -0.680944 0.2596909 0.6847368 0.6809524 -0.08826148 0.7269974 -0.680944 0.08826148 0.7269974 0.680944 -0.2596909 0.6847368 -0.6809524 -0.08826148 0.7269974 0.680944 -0.41601 0.6026973 -0.680949 -0.2596909 0.6847368 0.6809524 -0.5481587 0.4856244 -0.6809486 -0.41601 0.6026973 0.680949 -0.6484483 0.3403232 -0.6809516 -0.5481587 0.4856244 0.6809486 -0.7110479 0.175244 -0.6809555 -0.6484483 0.3403232 0.6809516 -0.7323368 0 -0.6809427 -0.7110479 0.175244 0.6809555 -0.7110479 -0.175244 -0.6809555 -0.7323368 0 0.6809427 -0.6484483 -0.3403232 -0.6809516 -0.7110479 -0.175244 0.6809555 -0.5481587 -0.4856244 -0.6809486 -0.6484483 -0.3403232 0.6809516 -0.41601 -0.6026973 -0.680949 -0.5481587 -0.4856244 0.6809486 -0.2596909 -0.6847368 -0.6809524 -0.41601 -0.6026973 0.680949 -0.08826148 -0.7269974 -0.680944 -0.2596909 -0.6847368 0.6809524 0.08826148 -0.7269974 -0.680944 -0.08826148 -0.7269974 0.680944 0.2596909 -0.6847368 -0.6809524 0.08826148 -0.7269974 0.680944 0.41601 -0.6026973 -0.680949 0.2596909 -0.6847368 0.6809524 0.5481587 -0.4856244 -0.6809486 0.41601 -0.6026973 0.680949 0.6484483 -0.3403232 -0.6809516 0.5481587 -0.4856244 0.6809486 0.7110479 -0.175244 -0.6809555 0.6484483 -0.3403232 0.6809516 0.7110479 -0.175244 0.6809555 0 0 1 0 0 1 0 0 1 1.76564e-7 0 1 0 0 1 0 0 1 -1.76563e-7 0 1 0 0 1 0 0 1 0 0 1 -1.76564e-7 0 1 0 0 1 -2.11876e-7 0 1 0 0 1 -2.11876e-7 0 1 0 0 1 1.76361e-7 0 1 0 0 1 2.11876e-7 0 1 0 0 1 0 0 1 0 0 1 0 0 1 0 0 1 -2.11876e-7 0 1 0 0 1 1.32423e-7 0 1 0 0 1 0 0 1 -2.11876e-7 0 1 -1.32423e-7 0 1 -1.32423e-7 0 1 0 0 1 1.32423e-7 0 1 0 0 1 -1.32423e-7 0 1 0 0 1 -1.32423e-7 0 1 0 0 1 -1.32423e-7 0 1 0 0 1 -2.64845e-7 0 1 0 0 1 -2.64846e-7 0 1 -1.32423e-7 0 1 -1.76563e-7 0 1 0 0 1 -1.76564e-7 0 1 0 0 1 1.76564e-7 0 1 1.32423e-7 0 1 2.64845e-7 0 1 -1.32423e-7 0 1 1.32424e-7 0 1 1.32423e-7 0 1 -1.32423e-7 0 1 3.97268e-7 0 1 0 0 1 1.76563e-7 0 1 0 0 1 -1.98634e-7 0 1 0 0 1 1.32422e-7 0 1 2.64846e-7 0 1 -2.64845e-7 0 1 3.31055e-7 0 1 -4.63482e-7 0 1 -2.64844e-7 0 1 -2.64845e-7 0 1 1.32423e-7 0 1 -1.32423e-7 0 1 1.32423e-7 0 1 -1.98633e-7 0 1 5.2969e-7 0 1 -4.23754e-7 0 1 1.98633e-7 0 1 -2.64845e-7 0 1 -1.32423e-7 0 1 -1.32423e-7 0 1 2.64846e-7 0 1 -3.97268e-7 0 1 7.28322e-7 0 1 -4.63483e-7 0 1 4.63483e-7 0 1 -5.29689e-7 0 1 2.64845e-7 0 1 -1.32423e-7 0 1 2.64845e-7 0 1 1.98633e-7 0 1 -8.60754e-7 0 1 4.23755e-7 0 1 3.31056e-7 0 1 -1.32423e-7 0 1 -3.97269e-7 0 1 3.97269e-7 0 1 0 0 1 0 0 1 0 0 1 1.76563e-7 0 1 0 0 1 -1.76564e-7 0 1 0 0 1 0 0 1 0 0 1 0 0 1 0 0 1 0 0 1 0 0 1 -2.11877e-7 0 1 2.11876e-7 0 1 2.20704e-7 0 1 0 0 1 1.32423e-7 0 1 2.11876e-7 0 1 2.64845e-7 0 1 0 0 1 1.32423e-7 0 1 0 0 1 0 0 1 2.64845e-7 0 1 1.76564e-7 0 1 0 0 1 0 0 1 -1.76564e-7 0 1 2.20704e-7 0 1 1.41251e-7 0 1 -2.20704e-7 0 1 -1.32423e-7 0 1 0 0 1 1.32423e-7 0 1 -3.97268e-7 0 1 1.32423e-7 0 1 1.76564e-7 0 1 1.32423e-7 0 1 -3.53127e-7 0 1 1.98634e-7 0 1 0 0 1 0 0 1 -2.64846e-7 0 1 2.64845e-7 0 1 -2.64846e-7 0 1 -1.32422e-7 0 1 4.63482e-7 0 1 2.64845e-7 0 1 1.32423e-7 0 1 -2.64844e-7 0 1 2.64845e-7 0 1 -1.98635e-7 0 1 1.32423e-7 0 1 -1.32423e-7 0 1 1.32423e-7 0 1</float_array>
          <technique_common>
            <accessor source="#Örüntü_017-mesh-normals-array" count="204" stride="3">
              <param name="X" type="float"/>
              <param name="Y" type="float"/>
              <param name="Z" type="float"/>
            </accessor>
          </technique_common>
        </source>
        <source id="Örüntü_017-mesh-map-0">
          <float_array id="Örüntü_017-mesh-map-0-array" count="4368">0.5 0 0.7884616 0 0.75 0 0.5 0 0.8269231 0 0.7884616 0 0.5 0 0.8653846 0 0.8269231 0 0.5 0 0.9038462 0 0.8653846 0 0.5 0 0.9423077 0 0.9038462 0 0.5 0 0.9807692 0 0.9423077 0 0.5 0 0.01923078 0 -0.01923078 0 0.5 0 0.05769217 0 0.01923078 0 0.5 0 0.09615385 0 0.05769217 0 0.5 0 0.1346154 0 0.09615385 0 0.5 0 0.1730769 0 0.1346154 0 0.5 0 0.2115384 0 0.1730769 0 0.5 0 0.2500001 0 0.2115384 0 0.5 0 0.2884616 0 0.2500001 0 0.5 0 0.3269231 0 0.2884616 0 0.5 0 0.3653847 0 0.3269231 0 0.5 0 0.4038463 0 0.3653847 0 0.5 0 0.4423078 0 0.4038463 0 0.5 0 0.4807694 0 0.4423078 0 0.5 0 0.519231 0 0.4807694 0 0.5 0 0.5576925 0 0.519231 0 0.5 0 0.596154 0 0.5576925 0 0.5 0 0.6346156 0 0.596154 0 0.5 0 0.6730772 0 0.6346156 0 0.5 0 0.7115387 0 0.6730772 0 0.5 0 0.75 0 0.7115387 0 0.7884616 0 0.75 0 0.75 0 0.7884616 0 0.8269231 0 0.7884616 0 0.8269231 0 0.8653846 0 0.8269231 0 0.8653846 0 0.9038462 0 0.8653846 0 0.9423077 0 0.9038462 0 0.9038462 0 0.9807692 0 0.9423077 0 0.9423077 0 0.01923078 0 -0.01923078 0 -0.01923078 0 0.01923078 0 0.05769217 0 0.01923078 0 0.09615385 0 0.05769217 0 0.05769217 0 0.1346154 0 0.09615385 0 0.09615385 0 0.1346154 0 0.1730769 0 0.1346154 0 0.2115384 0 0.1730769 0 0.1730769 0 0.2115384 0 0.2500001 0 0.2115384 0 0.2500001 0 0.2884616 0 0.2500001 0 0.3269231 0 0.2884616 0 0.2884616 0 0.3653847 0 0.3269231 0 0.3269231 0 0.3653847 0 0.4038463 0 0.3653847 0 0.4038463 0 0.4423078 0 0.4038463 0 0.4807694 0 0.4423078 0 0.4423078 0 0.519231 0 0.4807694 0 0.4807694 0 0.519231 0 0.5576925 0 0.519231 0 0.596154 0 0.5576925 0 0.5576925 0 0.596154 0 0.6346156 0 0.596154 0 0.6346156 0 0.6730772 0 0.6346156 0 0.7115387 0 0.6730772 0 0.6730772 0 0.75 0 0.7115387 0 0.7115387 0 0.75 0 0.7884616 0 0.75 0 0.8269231 0 0.7884616 0 0.7884616 0 0.8269231 0 0.8653846 0 0.8269231 0 0.8653846 0 0.9038462 0 0.8653846 0 0.9423077 0 0.9038462 0 0.9038462 0 0.9807692 0 0.9423077 0 0.9423077 0 0.01923078 0 -0.01923078 0 -0.01923078 0 0.01923078 0 0.05769217 0 0.01923078 0 0.09615385 0 0.05769217 0 0.05769217 0 0.1346154 0 0.09615385 0 0.09615385 0 0.1346154 0 0.1730769 0 0.1346154 0 0.2115384 0 0.1730769 0 0.1730769 0 0.2115384 0 0.2500001 0 0.2115385 0 0.2500001 0 0.2884616 0 0.2500001 0 0.3269231 0 0.2884616 0 0.2884616 0 0.3653847 0 0.3269232 0 0.3269231 0 0.3653847 0 0.4038463 0 0.3653847 0 0.4423078 0 0.4038463 0 0.4038463 0 0.4423078 0 0.4807694 0 0.4423078 0 0.519231 0 0.4807694 0 0.4807694 0 0.519231 0 0.5576925 0 0.519231 0 0.596154 0 0.5576925 0 0.5576925 0 0.596154 0 0.6346156 0 0.596154 0 0.6346156 0 0.6730772 0 0.6346156 0 0.7115387 0 0.6730772 0 0.6730772 0 0.7115387 0 0.75 0 0.7115387 0 0.75 0 0.7884616 0 0.75 0 0.8269231 0 0.7884616 0 0.7884616 0 0.8269231 0 0.8653846 0 0.8269231 0 0.8653846 0 0.9038462 0 0.8653846 0 0.9423077 0 0.9038462 0 0.9038462 0 0.9807692 0 0.9423077 0 0.9423077 0 0.01923078 0 -0.01923078 0 -0.01923078 0 0.01923078 0 0.05769217 0 0.01923078 0 0.09615385 0 0.05769217 0 0.05769217 0 0.1346154 0 0.09615385 0 0.09615385 0 0.1346154 0 0.1730769 0 0.1346154 0 0.2115385 0 0.1730769 0 0.1730769 0 0.2115385 0 0.2500001 0 0.2115384 0 0.2500001 0 0.2884616 0 0.2500001 0 0.3269232 0 0.2884616 0 0.2884616 0 0.3653847 0 0.3269231 0 0.3269232 0 0.3653847 0 0.4038463 0 0.3653847 0 0.4038463 0 0.4423078 0 0.4038463 0 0.4423078 0 0.4807694 0 0.4423078 0 0.519231 0 0.4807694 0 0.4807694 0 0.519231 0 0.5576925 0 0.519231 0 0.596154 0 0.5576925 0 0.5576925 0 0.596154 0 0.6346156 0 0.596154 0 0.6346156 0 0.6730772 0 0.6346156 0 0.7115387 0 0.6730772 0 0.6730772 0 0.7115387 0 0.75 0 0.7115387 0 0.7884616 0 0.75 0 0.75 0 0.8269231 0 0.7884616 0 0.7884616 0 0.8269231 0 0.8653846 0 0.8269231 0 0.8653846 0 0.9038462 0 0.8653846 0 0.9423077 0 0.9038462 0 0.9038462 0 0.9423077 0 0.9807692 0 0.9423077 0 0.01923078 0 -0.01923078 0 -0.01923078 0 0.05769217 0 0.01923078 0 0.01923078 0 0.09615385 0 0.05769217 0 0.05769217 0 0.1346154 0 0.09615385 0 0.09615385 0 0.1346154 0 0.1730769 0 0.1346154 0 0.2115384 0 0.1730769 0 0.1730769 0 0.2115384 0 0.2500001 0 0.2115385 0 0.2500001 0 0.2884616 0 0.2500001 0 0.3269231 0 0.2884616 0 0.2884616 0 0.3653847 0 0.3269231 0 0.3269231 0 0.3653847 0 0.4038463 0 0.3653847 0 0.4423078 0 0.4038463 0 0.4038463 0 0.4423078 0 0.4807694 0 0.4423078 0 0.519231 0 0.4807694 0 0.4807694 0 0.519231 0 0.5576925 0 0.519231 0 0.596154 0 0.5576925 0 0.5576925 0 0.596154 0 0.6346156 0 0.596154 0 0.6346156 0 0.6730772 0 0.6346156 0 0.7115387 0 0.6730772 0 0.6730772 0 0.7115387 0 0.75 0 0.7115387 0 0.75 0 0.7884616 0 0.75 0 0.8269231 0 0.7884616 0 0.7884616 0 0.8269231 0 0.8653846 0 0.8269231 0 0.8653846 0 0.9038462 0 0.8653846 0 0.9423077 0 0.9038462 0 0.9038462 0 0.9807692 0 0.9423077 0 0.9423077 0 0.01923078 0 -0.01923078 0 -0.01923078 0 0.01923078 0 0.05769217 0 0.01923078 0 0.09615385 0 0.05769217 0 0.05769217 0 0.1346154 0 0.09615385 0 0.09615385 0 0.1346154 0 0.1730769 0 0.1346154 0 0.2115385 0 0.1730769 0 0.1730769 0 0.2115385 0 0.2500001 0 0.2115385 0 0.2500001 0 0.2884616 0 0.2500001 0 0.3269231 0 0.2884616 0 0.2884616 0 0.3653847 0 0.3269232 0 0.3269231 0 0.3653847 0 0.4038463 0 0.3653847 0 0.4423078 0 0.4038463 0 0.4038463 0 0.4423078 0 0.4807694 0 0.4423078 0 0.519231 0 0.4807694 0 0.4807694 0 0.519231 0 0.5576925 0 0.519231 0 0.596154 0 0.5576925 0 0.5576925 0 0.596154 0 0.6346156 0 0.596154 0 0.6346156 0 0.6730772 0 0.6346156 0 0.7115387 0 0.6730772 0 0.6730772 0 0.75 0 0.7115387 0 0.7115387 0 0.7884616 0 0.75 0 0.75 0 0.8269231 0 0.7884616 0 0.7884616 0 0.8653846 0 0.8269231 0 0.8269231 0 0.8653846 0 0.9038462 0 0.8653846 0 0.9423077 0 0.9038462 0 0.9038462 0 0.9807692 0 0.9423077 0 0.9423077 0 0.01923078 0 -0.01923078 0 -0.01923078 0 0.01923078 0 0.05769217 0 0.01923078 0 0.09615385 0 0.05769217 0 0.05769217 0 0.1346154 0 0.09615385 0 0.09615385 0 0.1346154 0 0.1730769 0 0.1346154 0 0.2115385 0 0.1730769 0 0.1730769 0 0.2115385 0 0.2500001 0 0.2115385 0 0.2884616 0 0.2500001 0 0.2500001 0 0.2884616 0 0.3269231 0 0.2884616 0 0.3653847 0 0.3269231 0 0.3269232 0 0.3653847 0 0.4038463 0 0.3653847 0 0.4038463 0 0.4423078 0 0.4038463 0 0.4423078 0 0.4807694 0 0.4423078 0 0.519231 0 0.4807694 0 0.4807694 0 0.519231 0 0.5576925 0 0.519231 0 0.596154 0 0.5576925 0 0.5576925 0 0.596154 0 0.6346156 0 0.596154 0 0.6346156 0 0.6730771 0 0.6346156 0 0.7115387 0 0.6730771 0 0.6730772 0 0.7115387 0 0.75 0 0.7115387 0 0.7884616 0 0.75 1 0.75 0 0.8269231 0 0.7884616 1 0.7884616 0 0.8653846 0 0.8269231 1 0.8269231 0 0.9038462 0 0.8653846 1 0.8653846 0 0.9423077 0 0.9038462 1 0.9038462 0 0.9807692 0 0.9423077 1 0.9423077 0 0.01923078 0 -0.01923078 1 -0.01923078 0 0.05769217 0 0.01923078 1 0.01923078 0 0.09615385 0 0.05769217 1 0.05769217 0 0.1346154 0 0.09615385 1 0.09615385 0 0.1730769 0 0.1346154 1 0.1346154 0 0.2115385 0 0.1730769 1 0.1730769 0 0.2500001 0 0.2115385 1 0.2115385 0 0.2884616 0 0.2500001 1 0.2500001 0 0.3269231 0 0.2884616 1 0.2884616 0 0.3653847 0 0.3269231 1 0.3269231 0 0.4038463 0 0.3653847 1 0.3653847 0 0.4423078 0 0.4038463 1 0.4038463 0 0.4807694 0 0.4423078 1 0.4423078 0 0.519231 0 0.4807694 1 0.4807694 0 0.5576925 0 0.519231 1 0.519231 0 0.596154 0 0.5576925 1 0.5576925 0 0.6346156 0 0.596154 1 0.596154 0 0.6730771 0 0.6346156 1 0.6346156 0 0.7115387 0 0.6730771 1 0.6730771 0 0.75 0 0.7115387 1 0.7115387 0 0.75 1 0.7884616 1 0.75 1 0.7884616 1 0.826923 1 0.7884616 1 0.8653846 1 0.826923 1 0.8269231 1 0.9038462 1 0.8653846 1 0.8653846 1 0.9038462 1 0.9423077 1 0.9038462 1 0.9423077 1 0.9807692 1 0.9423077 1 0.01923078 1 -0.01923078 1 -0.01923078 1 0.05769217 1 0.01923078 1 0.01923078 1 0.05769217 1 0.09615385 1 0.05769217 1 0.09615385 1 0.1346154 1 0.09615385 1 0.1730769 1 0.1346154 1 0.1346154 1 0.1730769 1 0.2115384 1 0.1730769 1 0.2500001 1 0.2115384 1 0.2115385 1 0.2500001 1 0.2884616 1 0.2500001 1 0.3269231 1 0.2884616 1 0.2884616 1 0.3269231 1 0.3653847 1 0.3269232 1 0.4038463 1 0.3653847 1 0.3653847 1 0.4423078 1 0.4038463 1 0.4038463 1 0.4807694 1 0.4423078 1 0.4423078 1 0.4807694 1 0.519231 1 0.4807694 1 0.5576925 1 0.519231 1 0.519231 1 0.5576925 1 0.596154 1 0.5576925 1 0.596154 1 0.6346156 1 0.596154 1 0.6730771 1 0.6346156 1 0.6346156 1 0.6730771 1 0.7115387 1 0.6730771 1 0.75 1 0.7115387 1 0.7115387 1 0.75 1 0.7884616 1 0.75 1 0.7884616 1 0.8269231 1 0.7884616 1 0.8653846 1 0.8269231 1 0.826923 1 0.9038462 1 0.8653846 1 0.8653846 1 0.9038462 1 0.9423077 1 0.9038462 1 0.9423077 1 0.9807692 1 0.9423077 1 0.01923078 1 -0.01923078 1 -0.01923078 1 0.05769217 1 0.01923078 1 0.01923078 1 0.05769217 1 0.09615385 1 0.05769217 1 0.09615385 1 0.1346154 1 0.09615385 1 0.1730769 1 0.1346154 1 0.1346154 1 0.1730769 1 0.2115385 1 0.1730769 1 0.2500001 1 0.2115385 1 0.2115384 1 0.2884616 1 0.2500001 1 0.2500001 1 0.3269232 1 0.2884616 1 0.2884616 1 0.3269232 1 0.3653847 1 0.3269231 1 0.4038463 1 0.3653847 1 0.3653847 1 0.4038463 1 0.4423078 1 0.4038463 1 0.4423078 1 0.4807694 1 0.4423078 1 0.4807694 1 0.519231 1 0.4807694 1 0.5576925 1 0.519231 1 0.519231 1 0.5576925 1 0.596154 1 0.5576925 1 0.6346156 1 0.596154 1 0.596154 1 0.6730771 1 0.6346156 1 0.6346156 1 0.6730771 1 0.7115387 1 0.6730772 1 0.75 1 0.7115387 1 0.7115387 1 0.75 1 0.7884616 1 0.75 1 0.7884616 1 0.8269231 1 0.7884616 1 0.8653846 1 0.8269231 1 0.8269231 1 0.9038462 1 0.8653846 1 0.8653846 1 0.9038462 1 0.9423077 1 0.9038462 1 0.9807692 1 0.9423077 1 0.9423077 1 0.01923078 1 -0.01923078 1 -0.01923078 1 0.01923078 1 0.05769217 1 0.01923078 1 0.05769217 1 0.09615385 1 0.05769217 1 0.1346154 1 0.09615385 1 0.09615385 1 0.1730769 1 0.1346154 1 0.1346154 1 0.1730769 1 0.2115385 1 0.1730769 1 0.2500001 1 0.2115385 1 0.2115385 1 0.2884616 1 0.2500001 1 0.2500001 1 0.2884616 1 0.3269231 1 0.2884616 1 0.3269231 1 0.3653848 1 0.3269231 1 0.4038463 1 0.3653848 1 0.3653847 1 0.4038463 1 0.4423078 1 0.4038463 1 0.4807694 1 0.4423078 1 0.4423078 1 0.519231 1 0.4807694 1 0.4807694 1 0.5576925 1 0.519231 1 0.519231 1 0.5576925 1 0.596154 1 0.5576925 1 0.6346156 1 0.596154 1 0.596154 1 0.6730772 1 0.6346156 1 0.6346156 1 0.6730772 1 0.7115387 1 0.6730772 1 0.75 1 0.7115387 1 0.7115387 1 0.75 1 0.7884616 1 0.75 1 0.7884616 1 0.8269231 1 0.7884616 1 0.8653846 1 0.8269231 1 0.8269231 1 0.9038462 1 0.8653846 1 0.8653846 1 0.9038462 1 0.9423077 1 0.9038462 1 0.9807692 1 0.9423077 1 0.9423077 1 0.01923078 1 -0.01923078 1 -0.01923078 1 0.01923078 1 0.05769217 1 0.01923078 1 0.05769217 1 0.09615385 1 0.05769217 1 0.09615385 1 0.1346154 1 0.09615385 1 0.1730769 1 0.1346154 1 0.1346154 1 0.1730769 1 0.2115384 1 0.1730769 1 0.2500001 1 0.2115384 1 0.2115385 1 0.2500001 1 0.2884616 1 0.2500001 1 0.3269231 1 0.2884616 1 0.2884616 1 0.3269231 1 0.3653847 1 0.3269231 1 0.4038463 1 0.3653847 1 0.3653848 1 0.4423078 1 0.4038463 1 0.4038463 1 0.4807694 1 0.4423078 1 0.4423078 1 0.519231 1 0.4807694 1 0.4807694 1 0.5576925 1 0.519231 1 0.519231 1 0.5576925 1 0.596154 1 0.5576925 1 0.6346156 1 0.596154 1 0.596154 1 0.6730772 1 0.6346156 1 0.6346156 1 0.6730772 1 0.7115387 1 0.6730771 1 0.75 1 0.7115387 1 0.7115387 1 0.75 1 0.7884616 1 0.75 1 0.7884616 1 0.8269231 1 0.7884616 1 0.8653846 1 0.8269231 1 0.8269231 1 0.9038462 1 0.8653846 1 0.8653846 1 0.9038462 1 0.9423077 1 0.9038462 1 0.9807692 1 0.9423077 1 0.9423077 1 0.01923078 1 -0.01923078 1 -0.01923078 1 0.01923078 1 0.05769217 1 0.01923078 1 0.05769217 1 0.09615385 1 0.05769217 1 0.09615385 1 0.1346154 1 0.09615385 1 0.1730769 1 0.1346154 1 0.1346154 1 0.1730769 1 0.2115385 1 0.1730769 1 0.2500001 1 0.2115385 1 0.2115384 1 0.2500001 1 0.2884616 1 0.2500001 1 0.3269231 1 0.2884616 1 0.2884616 1 0.3269231 1 0.3653848 1 0.3269231 1 0.4038463 1 0.3653848 1 0.3653847 1 0.4038463 1 0.4423078 1 0.4038463 1 0.4807694 1 0.4423078 1 0.4423078 1 0.519231 1 0.4807694 1 0.4807694 1 0.519231 1 0.5576925 1 0.519231 1 0.5576925 1 0.596154 1 0.5576925 1 0.6346156 1 0.596154 1 0.596154 1 0.6730771 1 0.6346156 1 0.6346156 1 0.6730771 1 0.7115387 1 0.6730772 1 0.75 1 0.7115387 1 0.7115387 1 0.7884616 1 0.75 1 0.75 1 0.7884616 1 0.8269231 1 0.7884616 1 0.8653846 1 0.8269231 1 0.8269231 1 0.9038462 1 0.8653846 1 0.8653846 1 0.9038462 1 0.9423077 1 0.9038462 1 0.9807692 1 0.9423077 1 0.9423077 1 0.01923078 1 -0.01923078 1 -0.01923078 1 0.01923078 1 0.05769217 1 0.01923078 1 0.05769217 1 0.09615385 1 0.05769217 1 0.09615385 1 0.1346154 1 0.09615385 1 0.1730769 1 0.1346154 1 0.1346154 1 0.1730769 1 0.2115385 1 0.1730769 1 0.2500001 1 0.2115385 1 0.2115385 1 0.2500001 1 0.2884616 1 0.2500001 1 0.3269231 1 0.2884616 1 0.2884616 1 0.3269231 1 0.3653847 1 0.3269232 1 0.4038463 1 0.3653847 1 0.3653848 1 0.4038463 1 0.4423078 1 0.4038463 1 0.4807694 1 0.4423078 1 0.4423078 1 0.4807694 1 0.519231 1 0.4807694 1 0.5576925 1 0.519231 1 0.519231 1 0.5576925 1 0.596154 1 0.5576925 1 0.6346156 1 0.596154 1 0.596154 1 0.6730772 1 0.6346156 1 0.6346156 1 0.6730772 1 0.7115387 1 0.6730771 1 0.75 1 0.7115387 1 0.7115387 1 0.5 1 0.75 1 0.7884616 1 0.5 1 0.7884616 1 0.8269231 1 0.5 1 0.8269231 1 0.8653846 1 0.5 1 0.8653846 1 0.9038462 1 0.5 1 0.9038462 1 0.9423077 1 0.5 1 0.9423077 1 0.9807692 1 0.5 1 -0.01923078 1 0.01923078 1 0.5 1 0.01923078 1 0.05769217 1 0.5 1 0.05769217 1 0.09615385 1 0.5 1 0.09615385 1 0.1346154 1 0.5 1 0.1346154 1 0.1730769 1 0.5 1 0.1730769 1 0.2115385 1 0.5 1 0.2115385 1 0.2500001 1 0.5 1 0.2500001 1 0.2884616 1 0.5 1 0.2884616 1 0.3269232 1 0.5 1 0.3269232 1 0.3653847 1 0.5 1 0.3653847 1 0.4038463 1 0.5 1 0.4038463 1 0.4423078 1 0.5 1 0.4423078 1 0.4807694 1 0.5 1 0.4807694 1 0.519231 1 0.5 1 0.519231 1 0.5576925 1 0.5 1 0.5576925 1 0.596154 1 0.5 1 0.596154 1 0.6346156 1 0.5 1 0.6346156 1 0.6730771 1 0.5 1 0.6730771 1 0.7115387 1 0.5 1 0.7115387 1 0.75 1 0.7884616 0 0.7884616 0 0.75 0 0.7884616 0 0.8269231 0 0.8269231 0 0.8269231 0 0.8653846 0 0.8653846 0 0.8653846 0 0.9038462 0 0.9038462 0 0.9423077 0 0.9423077 0 0.9038462 0 0.9807692 0 0.9807692 0 0.9423077 0 0.01923078 0 0.01923078 0 -0.01923078 0 0.01923078 0 0.05769217 0 0.05769217 0 0.09615385 0 0.09615385 0 0.05769217 0 0.1346154 0 0.1346154 0 0.09615385 0 0.1346154 0 0.1730769 0 0.1730769 0 0.2115384 0 0.2115384 0 0.1730769 0 0.2115384 0 0.2500001 0 0.2500001 0 0.2500001 0 0.2884616 0 0.2884616 0 0.3269231 0 0.3269231 0 0.2884616 0 0.3653847 0 0.3653847 0 0.3269231 0 0.3653847 0 0.4038463 0 0.4038463 0 0.4038463 0 0.4423078 0 0.4423078 0 0.4807694 0 0.4807694 0 0.4423078 0 0.519231 0 0.519231 0 0.4807694 0 0.519231 0 0.5576925 0 0.5576925 0 0.596154 0 0.596154 0 0.5576925 0 0.596154 0 0.6346156 0 0.6346156 0 0.6346156 0 0.6730772 0 0.6730772 0 0.7115387 0 0.7115387 0 0.6730772 0 0.75 0 0.75 0 0.7115387 0 0.75 0 0.7884616 0 0.7884616 0 0.8269231 0 0.8269231 0 0.7884616 0 0.8269231 0 0.8653846 0 0.8653846 0 0.8653846 0 0.9038462 0 0.9038462 0 0.9423077 0 0.9423077 0 0.9038462 0 0.9807692 0 0.9807692 0 0.9423077 0 0.01923078 0 0.01923078 0 -0.01923078 0 0.01923078 0 0.05769217 0 0.05769217 0 0.09615385 0 0.09615385 0 0.05769217 0 0.1346154 0 0.1346154 0 0.09615385 0 0.1346154 0 0.1730769 0 0.1730769 0 0.2115384 0 0.2115385 0 0.1730769 0 0.2115384 0 0.2500001 0 0.2500001 0 0.2500001 0 0.2884616 0 0.2884616 0 0.3269231 0 0.3269232 0 0.2884616 0 0.3653847 0 0.3653847 0 0.3269232 0 0.3653847 0 0.4038463 0 0.4038463 0 0.4423078 0 0.4423078 0 0.4038463 0 0.4423078 0 0.4807694 0 0.4807694 0 0.519231 0 0.519231 0 0.4807694 0 0.519231 0 0.5576925 0 0.5576925 0 0.596154 0 0.596154 0 0.5576925 0 0.596154 0 0.6346156 0 0.6346156 0 0.6346156 0 0.6730772 0 0.6730772 0 0.7115387 0 0.7115387 0 0.6730772 0 0.7115387 0 0.75 0 0.75 0 0.75 0 0.7884616 0 0.7884616 0 0.8269231 0 0.8269231 0 0.7884616 0 0.8269231 0 0.8653846 0 0.8653846 0 0.8653846 0 0.9038462 0 0.9038462 0 0.9423077 0 0.9423077 0 0.9038462 0 0.9807692 0 0.9807692 0 0.9423077 0 0.01923078 0 0.01923078 0 -0.01923078 0 0.01923078 0 0.05769217 0 0.05769217 0 0.09615385 0 0.09615385 0 0.05769217 0 0.1346154 0 0.1346154 0 0.09615385 0 0.1346154 0 0.1730769 0 0.1730769 0 0.2115385 0 0.2115384 0 0.1730769 0 0.2115385 0 0.2500001 0 0.2500001 0 0.2500001 0 0.2884616 0 0.2884616 0 0.3269232 0 0.3269231 0 0.2884616 0 0.3653847 0 0.3653847 0 0.3269231 0 0.3653847 0 0.4038463 0 0.4038463 0 0.4038463 0 0.4423078 0 0.4423078 0 0.4423078 0 0.4807694 0 0.4807694 0 0.519231 0 0.519231 0 0.4807694 0 0.519231 0 0.5576925 0 0.5576925 0 0.596154 0 0.596154 0 0.5576925 0 0.596154 0 0.6346156 0 0.6346156 0 0.6346156 0 0.6730772 0 0.6730772 0 0.7115387 0 0.7115387 0 0.6730772 0 0.7115387 0 0.75 0 0.75 0 0.7884616 0 0.7884616 0 0.75 0 0.8269231 0 0.8269231 0 0.7884616 0 0.8269231 0 0.8653846 0 0.8653846 0 0.8653846 0 0.9038462 0 0.9038462 0 0.9423077 0 0.9423077 0 0.9038462 0 0.9423077 0 0.9807692 0 0.9807692 0 0.01923078 0 0.01923078 0 -0.01923078 0 0.05769217 0 0.05769217 0 0.01923078 0 0.09615385 0 0.09615385 0 0.05769217 0 0.1346154 0 0.1346154 0 0.09615385 0 0.1346154 0 0.1730769 0 0.1730769 0 0.2115384 0 0.2115385 0 0.1730769 0 0.2115384 0 0.2500001 0 0.2500001 0 0.2500001 0 0.2884616 0 0.2884616 0 0.3269231 0 0.3269231 0 0.2884616 0 0.3653847 0 0.3653847 0 0.3269231 0 0.3653847 0 0.4038463 0 0.4038463 0 0.4423078 0 0.4423078 0 0.4038463 0 0.4423078 0 0.4807694 0 0.4807694 0 0.519231 0 0.519231 0 0.4807694 0 0.519231 0 0.5576925 0 0.5576925 0 0.596154 0 0.596154 0 0.5576925 0 0.596154 0 0.6346156 0 0.6346156 0 0.6346156 0 0.6730772 0 0.6730772 0 0.7115387 0 0.7115387 0 0.6730772 0 0.7115387 0 0.75 0 0.75 0 0.75 0 0.7884616 0 0.7884616 0 0.8269231 0 0.8269231 0 0.7884616 0 0.8269231 0 0.8653846 0 0.8653846 0 0.8653846 0 0.9038462 0 0.9038462 0 0.9423077 0 0.9423077 0 0.9038462 0 0.9807692 0 0.9807692 0 0.9423077 0 0.01923078 0 0.01923078 0 -0.01923078 0 0.01923078 0 0.05769217 0 0.05769217 0 0.09615385 0 0.09615385 0 0.05769217 0 0.1346154 0 0.1346154 0 0.09615385 0 0.1346154 0 0.1730769 0 0.1730769 0 0.2115385 0 0.2115385 0 0.1730769 0 0.2115385 0 0.2500001 0 0.2500001 0 0.2500001 0 0.2884616 0 0.2884616 0 0.3269231 0 0.3269232 0 0.2884616 0 0.3653847 0 0.3653847 0 0.3269232 0 0.3653847 0 0.4038463 0 0.4038463 0 0.4423078 0 0.4423078 0 0.4038463 0 0.4423078 0 0.4807694 0 0.4807694 0 0.519231 0 0.519231 0 0.4807694 0 0.519231 0 0.5576925 0 0.5576925 0 0.596154 0 0.596154 0 0.5576925 0 0.596154 0 0.6346156 0 0.6346156 0 0.6346156 0 0.6730772 0 0.6730772 0 0.7115387 0 0.7115387 0 0.6730772 0 0.75 0 0.75 0 0.7115387 0 0.7884616 0 0.7884616 0 0.75 0 0.8269231 0 0.8269231 0 0.7884616 0 0.8653846 0 0.8653846 0 0.8269231 0 0.8653846 0 0.9038462 0 0.9038462 0 0.9423077 0 0.9423077 0 0.9038462 0 0.9807692 0 0.9807692 0 0.9423077 0 0.01923078 0 0.01923078 0 -0.01923078 0 0.01923078 0 0.05769217 0 0.05769217 0 0.09615385 0 0.09615385 0 0.05769217 0 0.1346154 0 0.1346154 0 0.09615385 0 0.1346154 0 0.1730769 0 0.1730769 0 0.2115385 0 0.2115385 0 0.1730769 0 0.2115385 0 0.2500001 0 0.2500001 0 0.2884616 0 0.2884616 0 0.2500001 0 0.2884616 0 0.3269232 0 0.3269231 0 0.3653847 0 0.3653847 0 0.3269231 0 0.3653847 0 0.4038463 0 0.4038463 0 0.4038463 0 0.4423078 0 0.4423078 0 0.4423078 0 0.4807694 0 0.4807694 0 0.519231 0 0.519231 0 0.4807694 0 0.519231 0 0.5576925 0 0.5576925 0 0.596154 0 0.596154 0 0.5576925 0 0.596154 0 0.6346156 0 0.6346156 0 0.6346156 0 0.6730772 0 0.6730771 0 0.7115387 0 0.7115387 0 0.6730771 0 0.7115387 0 0.75 0 0.75 0 0.7884616 0 0.7884616 1 0.75 1 0.8269231 0 0.8269231 1 0.7884616 1 0.8653846 0 0.8653846 1 0.8269231 1 0.9038462 0 0.9038462 1 0.8653846 1 0.9423077 0 0.9423077 1 0.9038462 1 0.9807692 0 0.9807692 1 0.9423077 1 0.01923078 0 0.01923078 1 -0.01923078 1 0.05769217 0 0.05769217 1 0.01923078 1 0.09615385 0 0.09615385 1 0.05769217 1 0.1346154 0 0.1346154 1 0.09615385 1 0.1730769 0 0.1730769 1 0.1346154 1 0.2115385 0 0.2115385 1 0.1730769 1 0.2500001 0 0.2500001 1 0.2115385 1 0.2884616 0 0.2884616 1 0.2500001 1 0.3269231 0 0.3269231 1 0.2884616 1 0.3653847 0 0.3653847 1 0.3269231 1 0.4038463 0 0.4038463 1 0.3653847 1 0.4423078 0 0.4423078 1 0.4038463 1 0.4807694 0 0.4807694 1 0.4423078 1 0.519231 0 0.519231 1 0.4807694 1 0.5576925 0 0.5576925 1 0.519231 1 0.596154 0 0.596154 1 0.5576925 1 0.6346156 0 0.6346156 1 0.596154 1 0.6730771 0 0.6730771 1 0.6346156 1 0.7115387 0 0.7115387 1 0.6730771 1 0.75 0 0.75 1 0.7115387 1 0.75 1 0.7884616 1 0.7884616 1 0.7884616 1 0.8269231 1 0.826923 1 0.8653846 1 0.8653846 1 0.826923 1 0.9038462 1 0.9038462 1 0.8653846 1 0.9038462 1 0.9423077 1 0.9423077 1 0.9423077 1 0.9807692 1 0.9807692 1 0.01923078 1 0.01923078 1 -0.01923078 1 0.05769217 1 0.05769217 1 0.01923078 1 0.05769217 1 0.09615385 1 0.09615385 1 0.09615385 1 0.1346154 1 0.1346154 1 0.1730769 1 0.1730769 1 0.1346154 1 0.1730769 1 0.2115385 1 0.2115384 1 0.2500001 1 0.2500001 1 0.2115384 1 0.2500001 1 0.2884616 1 0.2884616 1 0.3269231 1 0.3269232 1 0.2884616 1 0.3269231 1 0.3653847 1 0.3653847 1 0.4038463 1 0.4038463 1 0.3653847 1 0.4423078 1 0.4423078 1 0.4038463 1 0.4807694 1 0.4807694 1 0.4423078 1 0.4807694 1 0.519231 1 0.519231 1 0.5576925 1 0.5576925 1 0.519231 1 0.5576925 1 0.596154 1 0.596154 1 0.596154 1 0.6346156 1 0.6346156 1 0.6730771 1 0.6730771 1 0.6346156 1 0.6730771 1 0.7115387 1 0.7115387 1 0.75 1 0.75 1 0.7115387 1 0.75 1 0.7884616 1 0.7884616 1 0.7884616 1 0.826923 1 0.8269231 1 0.8653846 1 0.8653846 1 0.8269231 1 0.9038462 1 0.9038462 1 0.8653846 1 0.9038462 1 0.9423077 1 0.9423077 1 0.9423077 1 0.9807692 1 0.9807692 1 0.01923078 1 0.01923078 1 -0.01923078 1 0.05769217 1 0.05769217 1 0.01923078 1 0.05769217 1 0.09615385 1 0.09615385 1 0.09615385 1 0.1346154 1 0.1346154 1 0.1730769 1 0.1730769 1 0.1346154 1 0.1730769 1 0.2115384 1 0.2115385 1 0.2500001 1 0.2500001 1 0.2115385 1 0.2884616 1 0.2884616 1 0.2500001 1 0.3269232 1 0.3269231 1 0.2884616 1 0.3269232 1 0.3653847 1 0.3653847 1 0.4038463 1 0.4038463 1 0.3653847 1 0.4038463 1 0.4423078 1 0.4423078 1 0.4423078 1 0.4807694 1 0.4807694 1 0.4807694 1 0.519231 1 0.519231 1 0.5576925 1 0.5576925 1 0.519231 1 0.5576925 1 0.596154 1 0.596154 1 0.6346156 1 0.6346156 1 0.596154 1 0.6730771 1 0.6730772 1 0.6346156 1 0.6730771 1 0.7115387 1 0.7115387 1 0.75 1 0.75 1 0.7115387 1 0.75 1 0.7884616 1 0.7884616 1 0.7884616 1 0.8269231 1 0.8269231 1 0.8653846 1 0.8653846 1 0.8269231 1 0.9038462 1 0.9038462 1 0.8653846 1 0.9038462 1 0.9423077 1 0.9423077 1 0.9807692 1 0.9807692 1 0.9423077 1 0.01923078 1 0.01923078 1 -0.01923078 1 0.01923078 1 0.05769217 1 0.05769217 1 0.05769217 1 0.09615385 1 0.09615385 1 0.1346154 1 0.1346154 1 0.09615385 1 0.1730769 1 0.1730769 1 0.1346154 1 0.1730769 1 0.2115385 1 0.2115385 1 0.2500001 1 0.2500001 1 0.2115385 1 0.2884616 1 0.2884616 1 0.2500001 1 0.2884616 1 0.3269231 1 0.3269231 1 0.3269231 1 0.3653847 1 0.3653848 1 0.4038463 1 0.4038463 1 0.3653848 1 0.4038463 1 0.4423078 1 0.4423078 1 0.4807694 1 0.4807694 1 0.4423078 1 0.519231 1 0.519231 1 0.4807694 1 0.5576925 1 0.5576925 1 0.519231 1 0.5576925 1 0.596154 1 0.596154 1 0.6346156 1 0.6346156 1 0.596154 1 0.6730772 1 0.6730772 1 0.6346156 1 0.6730772 1 0.7115387 1 0.7115387 1 0.75 1 0.75 1 0.7115387 1 0.75 1 0.7884616 1 0.7884616 1 0.7884616 1 0.8269231 1 0.8269231 1 0.8653846 1 0.8653846 1 0.8269231 1 0.9038462 1 0.9038462 1 0.8653846 1 0.9038462 1 0.9423077 1 0.9423077 1 0.9807692 1 0.9807692 1 0.9423077 1 0.01923078 1 0.01923078 1 -0.01923078 1 0.01923078 1 0.05769217 1 0.05769217 1 0.05769217 1 0.09615385 1 0.09615385 1 0.09615385 1 0.1346154 1 0.1346154 1 0.1730769 1 0.1730769 1 0.1346154 1 0.1730769 1 0.2115385 1 0.2115384 1 0.2500001 1 0.2500001 1 0.2115384 1 0.2500001 1 0.2884616 1 0.2884616 1 0.3269231 1 0.3269231 1 0.2884616 1 0.3269231 1 0.3653848 1 0.3653847 1 0.4038463 1 0.4038463 1 0.3653847 1 0.4423078 1 0.4423078 1 0.4038463 1 0.4807694 1 0.4807694 1 0.4423078 1 0.519231 1 0.519231 1 0.4807694 1 0.5576925 1 0.5576925 1 0.519231 1 0.5576925 1 0.596154 1 0.596154 1 0.6346156 1 0.6346156 1 0.596154 1 0.6730772 1 0.6730771 1 0.6346156 1 0.6730772 1 0.7115387 1 0.7115387 1 0.75 1 0.75 1 0.7115387 1 0.75 1 0.7884616 1 0.7884616 1 0.7884616 1 0.8269231 1 0.8269231 1 0.8653846 1 0.8653846 1 0.8269231 1 0.9038462 1 0.9038462 1 0.8653846 1 0.9038462 1 0.9423077 1 0.9423077 1 0.9807692 1 0.9807692 1 0.9423077 1 0.01923078 1 0.01923078 1 -0.01923078 1 0.01923078 1 0.05769217 1 0.05769217 1 0.05769217 1 0.09615385 1 0.09615385 1 0.09615385 1 0.1346154 1 0.1346154 1 0.1730769 1 0.1730769 1 0.1346154 1 0.1730769 1 0.2115384 1 0.2115385 1 0.2500001 1 0.2500001 1 0.2115385 1 0.2500001 1 0.2884616 1 0.2884616 1 0.3269231 1 0.3269231 1 0.2884616 1 0.3269231 1 0.3653847 1 0.3653848 1 0.4038463 1 0.4038463 1 0.3653848 1 0.4038463 1 0.4423078 1 0.4423078 1 0.4807694 1 0.4807694 1 0.4423078 1 0.519231 1 0.519231 1 0.4807694 1 0.519231 1 0.5576925 1 0.5576925 1 0.5576925 1 0.596154 1 0.596154 1 0.6346156 1 0.6346156 1 0.596154 1 0.6730771 1 0.6730772 1 0.6346156 1 0.6730771 1 0.7115387 1 0.7115387 1 0.75 1 0.75 1 0.7115387 1 0.7884616 1 0.7884616 1 0.75 1 0.7884616 1 0.8269231 1 0.8269231 1 0.8653846 1 0.8653846 1 0.8269231 1 0.9038462 1 0.9038462 1 0.8653846 1 0.9038462 1 0.9423077 1 0.9423077 1 0.9807692 1 0.9807692 1 0.9423077 1 0.01923078 1 0.01923078 1 -0.01923078 1 0.01923078 1 0.05769217 1 0.05769217 1 0.05769217 1 0.09615385 1 0.09615385 1 0.09615385 1 0.1346154 1 0.1346154 1 0.1730769 1 0.1730769 1 0.1346154 1 0.1730769 1 0.2115385 1 0.2115385 1 0.2500001 1 0.2500001 1 0.2115385 1 0.2500001 1 0.2884616 1 0.2884616 1 0.3269231 1 0.3269232 1 0.2884616 1 0.3269231 1 0.3653848 1 0.3653847 1 0.4038463 1 0.4038463 1 0.3653847 1 0.4038463 1 0.4423078 1 0.4423078 1 0.4807694 1 0.4807694 1 0.4423078 1 0.4807694 1 0.519231 1 0.519231 1 0.5576925 1 0.5576925 1 0.519231 1 0.5576925 1 0.596154 1 0.596154 1 0.6346156 1 0.6346156 1 0.596154 1 0.6730772 1 0.6730771 1 0.6346156 1 0.6730772 1 0.7115387 1 0.7115387 1 0.75 1 0.75 1 0.7115387 1</float_array>
          <technique_common>
            <accessor source="#Örüntü_017-mesh-map-0-array" count="2184" stride="2">
              <param name="S" type="float"/>
              <param name="T" type="float"/>
            </accessor>
          </technique_common>
        </source>
        <vertices id="Örüntü_017-mesh-vertices">
          <input semantic="POSITION" source="#Örüntü_017-mesh-positions"/>
        </vertices>
        <triangles material="Material_001-material" count="728">
          <input semantic="VERTEX" source="#Örüntü_017-mesh-vertices" offset="0"/>
          <input semantic="NORMAL" source="#Örüntü_017-mesh-normals" offset="1"/>
          <input semantic="TEXCOORD" source="#Örüntü_017-mesh-map-0" offset="2" set="0"/>
          <p>0 0 0 2 0 1 1 0 2 0 0 3 3 0 4 2 0 5 0 0 6 4 0 7 3 0 8 0 0 9 5 0 10 4 0 11 0 0 12 6 0 13 5 0 14 0 0 15 7 0 16 6 0 17 0 0 18 8 0 19 7 0 20 0 0 21 9 0 22 8 0 23 0 0 24 10 0 25 9 0 26 0 0 27 11 0 28 10 0 29 0 0 30 12 0 31 11 0 32 0 0 33 13 0 34 12 0 35 0 0 36 14 0 37 13 0 38 0 0 39 15 0 40 14 0 41 0 0 42 16 0 43 15 0 44 0 0 45 17 0 46 16 0 47 0 0 48 18 0 49 17 0 50 0 0 51 19 0 52 18 0 53 0 0 54 20 0 55 19 0 56 0 0 57 21 0 58 20 0 59 0 0 60 22 0 61 21 0 62 0 0 63 23 0 64 22 0 65 0 0 66 24 0 67 23 0 68 0 0 69 25 0 70 24 0 71 0 0 72 26 0 73 25 0 74 0 0 75 1 0 76 26 0 77 2 0 78 27 0 79 1 0 80 2 0 81 29 0 82 28 0 83 3 0 84 30 0 85 29 0 86 4 0 87 31 0 88 30 0 89 6 0 90 31 0 91 5 0 92 7 0 93 32 0 94 6 0 95 8 0 96 33 0 97 7 0 98 8 0 99 35 0 100 34 0 101 10 0 102 35 0 103 9 0 104 11 0 105 36 0 106 10 0 107 11 0 108 38 0 109 37 0 110 13 0 111 38 0 112 12 0 113 13 0 114 40 0 115 39 0 116 14 0 117 41 0 118 40 0 119 16 0 120 41 0 121 15 0 122 17 0 123 42 0 124 16 0 125 17 0 126 44 0 127 43 0 128 18 0 129 45 0 130 44 0 131 20 0 132 45 0 133 19 0 134 21 0 135 46 0 136 20 0 137 21 0 138 48 0 139 47 0 140 23 0 141 48 0 142 22 0 143 23 0 144 50 0 145 49 0 146 24 0 147 51 0 148 50 0 149 26 0 150 51 0 151 25 0 152 1 0 153 52 0 154 26 0 155 27 0 156 54 0 157 53 0 158 29 0 159 54 0 160 28 0 161 29 0 162 56 0 163 55 0 164 30 0 165 57 0 166 56 0 167 32 0 168 57 0 169 31 0 170 33 0 171 58 0 172 32 0 173 34 0 174 59 0 175 33 0 176 34 0 177 61 0 178 60 0 179 36 0 180 61 0 181 35 0 182 37 0 183 62 0 184 36 0 185 37 0 186 64 0 187 63 0 188 39 0 189 64 0 190 38 0 191 39 0 192 66 0 193 65 0 194 40 0 195 67 0 196 66 0 197 42 0 198 67 0 199 41 0 200 43 0 201 68 0 202 42 0 203 43 0 204 70 0 205 69 0 206 45 0 207 70 0 208 44 0 209 45 0 210 72 0 211 71 0 212 47 0 213 72 0 214 46 0 215 47 0 216 74 0 217 73 0 218 49 0 219 74 0 220 48 0 221 49 0 222 76 0 223 75 0 224 50 0 225 77 0 226 76 0 227 52 0 228 77 0 229 51 0 230 52 0 231 53 0 232 78 0 233 53 0 234 80 0 235 79 0 236 55 0 237 80 0 238 54 0 239 55 0 240 82 0 241 81 0 242 56 0 243 83 0 244 82 0 245 58 0 246 83 0 247 57 0 248 59 0 249 84 0 250 58 0 251 60 0 252 85 0 253 59 0 254 60 0 255 87 0 256 86 0 257 62 0 258 87 0 259 61 0 260 63 0 261 88 0 262 62 0 263 63 0 264 90 0 265 89 0 266 65 0 267 90 0 268 64 0 269 65 0 270 92 0 271 91 0 272 66 0 273 93 0 274 92 0 275 68 0 276 93 0 277 67 0 278 69 0 279 94 0 280 68 0 281 69 0 282 96 0 283 95 0 284 70 0 285 97 0 286 96 0 287 71 0 288 98 0 289 97 0 290 73 0 291 98 0 292 72 0 293 73 0 294 100 0 295 99 0 296 75 0 297 100 0 298 74 0 299 75 0 300 102 0 301 101 0 302 76 0 303 103 0 304 102 0 305 78 0 306 103 0 307 77 0 308 78 0 309 79 0 310 104 0 311 80 0 312 105 0 313 79 0 314 81 0 315 106 0 316 80 0 317 81 0 318 108 0 319 107 0 320 82 0 321 109 0 322 108 0 323 84 0 324 109 0 325 83 0 326 84 0 327 111 0 328 110 0 329 86 0 330 111 0 331 85 0 332 87 0 333 112 0 334 86 0 335 88 0 336 113 0 337 87 0 338 89 0 339 114 0 340 88 0 341 89 0 342 116 0 343 115 0 344 91 0 345 116 0 346 90 0 347 91 0 348 118 0 349 117 0 350 92 0 351 119 0 352 118 0 353 94 0 354 119 0 355 93 0 356 95 0 357 120 0 358 94 0 359 95 0 360 122 0 361 121 0 362 97 0 363 122 0 364 96 0 365 97 0 366 124 0 367 123 0 368 99 0 369 124 0 370 98 0 371 99 0 372 126 0 373 125 0 374 101 0 375 126 0 376 100 0 377 101 0 378 128 0 379 127 0 380 102 0 381 129 0 382 128 0 383 104 0 384 129 0 385 103 0 386 104 0 387 105 0 388 130 0 389 105 0 390 132 0 391 131 0 392 107 0 393 132 0 394 106 0 395 107 0 396 134 0 397 133 0 398 108 0 399 135 0 400 134 0 401 110 0 402 135 0 403 109 0 404 111 0 405 136 0 406 110 0 407 112 0 408 137 0 409 111 0 410 112 0 411 139 0 412 138 0 413 114 0 414 139 0 415 113 0 416 115 0 417 140 0 418 114 0 419 115 0 420 142 0 421 141 0 422 117 0 423 142 0 424 116 0 425 117 0 426 144 0 427 143 0 428 118 0 429 145 0 430 144 0 431 120 0 432 145 0 433 119 0 434 121 0 435 146 0 436 120 0 437 121 0 438 148 0 439 147 0 440 123 0 441 148 0 442 122 0 443 123 0 444 150 0 445 149 0 446 125 0 447 150 0 448 124 0 449 125 0 450 152 0 451 151 0 452 127 0 453 152 0 454 126 0 455 127 0 456 154 0 457 153 0 458 128 0 459 155 0 460 154 0 461 130 0 462 155 0 463 129 0 464 105 0 465 156 0 466 130 0 467 132 0 468 157 0 469 131 0 470 133 0 471 158 0 472 132 0 473 134 0 474 159 0 475 133 0 476 134 0 477 161 0 478 160 0 479 136 0 480 161 0 481 135 0 482 137 0 483 162 0 484 136 0 485 138 0 486 163 0 487 137 0 488 138 0 489 165 0 490 164 0 491 140 0 492 165 0 493 139 0 494 141 0 495 166 0 496 140 0 497 141 0 498 168 0 499 167 0 500 143 0 501 168 0 502 142 0 503 143 0 504 170 0 505 169 0 506 145 0 507 170 0 508 144 0 509 145 0 510 172 0 511 171 0 512 147 0 513 172 0 514 146 0 515 147 0 516 174 0 517 173 0 518 148 0 519 175 0 520 174 0 521 149 0 522 176 0 523 175 0 524 151 0 525 176 0 526 150 0 527 151 0 528 178 0 529 177 0 530 153 0 531 178 0 532 152 0 533 153 0 534 180 0 535 179 0 536 154 0 537 181 0 538 180 0 539 156 0 540 181 0 541 155 0 542 156 0 543 157 0 544 182 0 545 158 1 546 183 2 547 157 3 548 159 4 549 184 5 550 158 1 551 160 6 552 185 7 553 159 4 554 161 8 555 186 9 556 160 6 557 162 10 558 187 11 559 161 8 560 163 12 561 188 13 562 162 10 563 164 14 564 189 15 565 163 12 566 165 16 567 190 17 568 164 14 569 166 18 570 191 19 571 165 16 572 167 20 573 192 21 574 166 18 575 168 22 576 193 23 577 167 20 578 169 24 579 194 25 580 168 22 581 170 26 582 195 27 583 169 24 584 171 28 585 196 29 586 170 26 587 172 30 588 197 31 589 171 28 590 173 32 591 198 33 592 172 30 593 174 34 594 199 35 595 173 32 596 175 36 597 200 37 598 174 34 599 176 38 600 201 39 601 175 36 602 177 40 603 202 41 604 176 38 605 178 42 606 203 43 607 177 40 608 179 44 609 204 45 610 178 42 611 180 46 612 205 47 613 179 44 614 181 48 615 206 49 616 180 46 617 182 50 618 207 51 619 181 48 620 157 3 621 208 52 622 182 50 623 183 53 624 210 53 625 209 53 626 184 53 627 211 53 628 210 53 629 186 53 630 211 53 631 185 53 632 187 54 633 212 54 634 186 54 635 187 53 636 214 53 637 213 53 638 188 53 639 215 53 640 214 53 641 190 53 642 215 53 643 189 53 644 191 53 645 216 53 646 190 53 647 191 55 648 218 55 649 217 55 650 192 56 651 219 56 652 218 56 653 194 57 654 219 57 655 193 57 656 194 53 657 221 53 658 220 53 659 196 58 660 221 58 661 195 58 662 196 59 663 223 59 664 222 59 665 198 60 666 223 60 667 197 60 668 198 53 669 225 53 670 224 53 671 200 61 672 225 61 673 199 61 674 201 53 675 226 53 676 200 53 677 202 53 678 227 53 679 201 53 680 202 53 681 229 53 682 228 53 683 204 53 684 229 53 685 203 53 686 204 62 687 231 62 688 230 62 689 205 63 690 232 63 691 231 63 692 207 61 693 232 61 694 206 61 695 207 53 696 234 53 697 233 53 698 183 64 699 234 64 700 208 64 701 209 53 702 236 53 703 235 53 704 210 65 705 237 65 706 236 65 707 212 66 708 237 66 709 211 66 710 213 53 711 238 53 712 212 53 713 213 53 714 240 53 715 239 53 716 214 53 717 241 53 718 240 53 719 216 53 720 241 53 721 215 53 722 217 53 723 242 53 724 216 53 725 217 53 726 244 53 727 243 53 728 218 53 729 245 53 730 244 53 731 220 53 732 245 53 733 219 53 734 220 67 735 247 67 736 246 67 737 222 68 738 247 68 739 221 68 740 223 69 741 248 69 742 222 69 743 224 70 744 249 70 745 223 70 746 224 71 747 251 71 748 250 71 749 226 72 750 251 72 751 225 72 752 226 73 753 253 73 754 252 73 755 227 74 756 254 74 757 253 74 758 228 75 759 255 75 760 254 75 761 230 53 762 255 53 763 229 53 764 230 73 765 257 73 766 256 73 767 232 53 768 257 53 769 231 53 770 233 76 771 258 76 772 232 76 773 233 77 774 260 77 775 259 77 776 209 78 777 260 78 778 234 78 779 235 53 780 262 53 781 261 53 782 236 79 783 263 79 784 262 79 785 238 53 786 263 53 787 237 53 788 239 80 789 264 80 790 238 80 791 239 81 792 266 81 793 265 81 794 241 82 795 266 82 796 240 82 797 242 53 798 267 53 799 241 53 800 242 83 801 269 83 802 268 83 803 243 84 804 270 84 805 269 84 806 245 53 807 270 53 808 244 53 809 246 85 810 271 85 811 245 85 812 246 86 813 273 86 814 272 86 815 248 53 816 273 53 817 247 53 818 249 87 819 274 87 820 248 87 821 249 88 822 276 88 823 275 88 824 250 53 825 277 53 826 276 53 827 252 53 828 277 53 829 251 53 830 252 53 831 279 53 832 278 53 833 254 53 834 279 53 835 253 53 836 255 53 837 280 53 838 254 53 839 256 53 840 281 53 841 255 53 842 256 89 843 283 89 844 282 89 845 258 53 846 283 53 847 257 53 848 259 53 849 284 53 850 258 53 851 259 90 852 286 90 853 285 90 854 235 91 855 286 91 856 260 91 857 261 53 858 288 53 859 287 53 860 262 53 861 289 53 862 288 53 863 264 53 864 289 53 865 263 53 866 265 92 867 290 92 868 264 92 869 265 93 870 292 93 871 291 93 872 267 94 873 292 94 874 266 94 875 268 53 876 293 53 877 267 53 878 268 95 879 295 95 880 294 95 881 269 96 882 296 96 883 295 96 884 270 53 885 297 53 886 296 53 887 272 97 888 297 97 889 271 97 890 272 98 891 299 98 892 298 98 893 274 99 894 299 99 895 273 99 896 274 100 897 301 100 898 300 100 899 276 101 900 301 101 901 275 101 902 276 102 903 303 102 904 302 102 905 278 103 906 303 103 907 277 103 908 279 97 909 304 97 910 278 97 911 280 53 912 305 53 913 279 53 914 281 53 915 306 53 916 280 53 917 282 53 918 307 53 919 281 53 920 282 104 921 309 104 922 308 104 923 284 53 924 309 53 925 283 53 926 285 105 927 310 105 928 284 105 929 285 53 930 312 53 931 311 53 932 261 106 933 312 106 934 286 106 935 287 53 936 314 53 937 313 53 938 288 53 939 315 53 940 314 53 941 290 53 942 315 53 943 289 53 944 291 102 945 316 102 946 290 102 947 291 107 948 318 107 949 317 107 950 293 53 951 318 53 952 292 53 953 294 53 954 319 53 955 293 53 956 294 83 957 321 83 958 320 83 959 295 108 960 322 108 961 321 108 962 296 109 963 323 109 964 322 109 965 298 53 966 323 53 967 297 53 968 298 90 969 325 90 970 324 90 971 300 53 972 325 53 973 299 53 974 300 53 975 327 53 976 326 53 977 302 110 978 327 110 979 301 110 980 302 53 981 329 53 982 328 53 983 304 111 984 329 111 985 303 111 986 304 112 987 331 112 988 330 112 989 306 53 990 331 53 991 305 53 992 307 53 993 332 53 994 306 53 995 307 53 996 334 53 997 333 53 998 308 113 999 335 113 1000 334 113 1001 310 53 1002 335 53 1003 309 53 1004 311 53 1005 336 53 1006 310 53 1007 311 53 1008 338 53 1009 337 53 1010 287 114 1011 338 114 1012 312 114 1013 314 53 1014 339 53 1015 313 53 1016 314 115 1017 341 115 1018 340 115 1019 316 116 1020 341 116 1021 315 116 1022 317 117 1023 342 117 1024 316 117 1025 317 118 1026 344 118 1027 343 118 1028 319 53 1029 344 53 1030 318 53 1031 320 53 1032 345 53 1033 319 53 1034 320 119 1035 347 119 1036 346 119 1037 321 53 1038 348 53 1039 347 53 1040 322 120 1041 349 120 1042 348 120 1043 324 121 1044 349 121 1045 323 121 1046 324 122 1047 351 122 1048 350 122 1049 326 123 1050 351 123 1051 325 123 1052 326 53 1053 353 53 1054 352 53 1055 328 79 1056 353 79 1057 327 79 1058 328 124 1059 355 124 1060 354 124 1061 330 53 1062 355 53 1063 329 53 1064 330 125 1065 357 125 1066 356 125 1067 332 126 1068 357 126 1069 331 126 1070 332 127 1071 359 127 1072 358 127 1073 334 53 1074 359 53 1075 333 53 1076 334 128 1077 361 128 1078 360 128 1079 336 129 1080 361 129 1081 335 129 1082 337 53 1083 362 53 1084 336 53 1085 337 130 1086 364 130 1087 363 130 1088 313 53 1089 364 53 1090 338 53 1091 365 53 1092 339 53 1093 340 53 1094 365 131 1095 340 131 1096 341 131 1097 365 132 1098 341 132 1099 342 132 1100 365 133 1101 342 133 1102 343 133 1103 365 134 1104 343 134 1105 344 134 1106 365 135 1107 344 135 1108 345 135 1109 365 53 1110 345 53 1111 346 53 1112 365 136 1113 346 136 1114 347 136 1115 365 137 1116 347 137 1117 348 137 1118 365 138 1119 348 138 1120 349 138 1121 365 139 1122 349 139 1123 350 139 1124 365 130 1125 350 130 1126 351 130 1127 365 53 1128 351 53 1129 352 53 1130 365 53 1131 352 53 1132 353 53 1133 365 140 1134 353 140 1135 354 140 1136 365 123 1137 354 123 1138 355 123 1139 365 53 1140 355 53 1141 356 53 1142 365 141 1143 356 141 1144 357 141 1145 365 142 1146 357 142 1147 358 142 1148 365 143 1149 358 143 1150 359 143 1151 365 53 1152 359 53 1153 360 53 1154 365 144 1155 360 144 1156 361 144 1157 365 145 1158 361 145 1159 362 145 1160 365 146 1161 362 146 1162 363 146 1163 365 147 1164 363 147 1165 364 147 1166 365 53 1167 364 53 1168 339 53 1169 2 0 1170 28 0 1171 27 0 1172 2 0 1173 3 0 1174 29 0 1175 3 0 1176 4 0 1177 30 0 1178 4 0 1179 5 0 1180 31 0 1181 6 0 1182 32 0 1183 31 0 1184 7 0 1185 33 0 1186 32 0 1187 8 0 1188 34 0 1189 33 0 1190 8 0 1191 9 0 1192 35 0 1193 10 0 1194 36 0 1195 35 0 1196 11 0 1197 37 0 1198 36 0 1199 11 0 1200 12 0 1201 38 0 1202 13 0 1203 39 0 1204 38 0 1205 13 0 1206 14 0 1207 40 0 1208 14 0 1209 15 0 1210 41 0 1211 16 0 1212 42 0 1213 41 0 1214 17 0 1215 43 0 1216 42 0 1217 17 0 1218 18 0 1219 44 0 1220 18 0 1221 19 0 1222 45 0 1223 20 0 1224 46 0 1225 45 0 1226 21 0 1227 47 0 1228 46 0 1229 21 0 1230 22 0 1231 48 0 1232 23 0 1233 49 0 1234 48 0 1235 23 0 1236 24 0 1237 50 0 1238 24 0 1239 25 0 1240 51 0 1241 26 0 1242 52 0 1243 51 0 1244 1 0 1245 27 0 1246 52 0 1247 27 0 1248 28 0 1249 54 0 1250 29 0 1251 55 0 1252 54 0 1253 29 0 1254 30 0 1255 56 0 1256 30 0 1257 31 0 1258 57 0 1259 32 0 1260 58 0 1261 57 0 1262 33 0 1263 59 0 1264 58 0 1265 34 0 1266 60 0 1267 59 0 1268 34 0 1269 35 0 1270 61 0 1271 36 0 1272 62 0 1273 61 0 1274 37 0 1275 63 0 1276 62 0 1277 37 0 1278 38 0 1279 64 0 1280 39 0 1281 65 0 1282 64 0 1283 39 0 1284 40 0 1285 66 0 1286 40 0 1287 41 0 1288 67 0 1289 42 0 1290 68 0 1291 67 0 1292 43 0 1293 69 0 1294 68 0 1295 43 0 1296 44 0 1297 70 0 1298 45 0 1299 71 0 1300 70 0 1301 45 0 1302 46 0 1303 72 0 1304 47 0 1305 73 0 1306 72 0 1307 47 0 1308 48 0 1309 74 0 1310 49 0 1311 75 0 1312 74 0 1313 49 0 1314 50 0 1315 76 0 1316 50 0 1317 51 0 1318 77 0 1319 52 0 1320 78 0 1321 77 0 1322 52 0 1323 27 0 1324 53 0 1325 53 0 1326 54 0 1327 80 0 1328 55 0 1329 81 0 1330 80 0 1331 55 0 1332 56 0 1333 82 0 1334 56 0 1335 57 0 1336 83 0 1337 58 0 1338 84 0 1339 83 0 1340 59 0 1341 85 0 1342 84 0 1343 60 0 1344 86 0 1345 85 0 1346 60 0 1347 61 0 1348 87 0 1349 62 0 1350 88 0 1351 87 0 1352 63 0 1353 89 0 1354 88 0 1355 63 0 1356 64 0 1357 90 0 1358 65 0 1359 91 0 1360 90 0 1361 65 0 1362 66 0 1363 92 0 1364 66 0 1365 67 0 1366 93 0 1367 68 0 1368 94 0 1369 93 0 1370 69 0 1371 95 0 1372 94 0 1373 69 0 1374 70 0 1375 96 0 1376 70 0 1377 71 0 1378 97 0 1379 71 0 1380 72 0 1381 98 0 1382 73 0 1383 99 0 1384 98 0 1385 73 0 1386 74 0 1387 100 0 1388 75 0 1389 101 0 1390 100 0 1391 75 0 1392 76 0 1393 102 0 1394 76 0 1395 77 0 1396 103 0 1397 78 0 1398 104 0 1399 103 0 1400 78 0 1401 53 0 1402 79 0 1403 80 0 1404 106 0 1405 105 0 1406 81 0 1407 107 0 1408 106 0 1409 81 0 1410 82 0 1411 108 0 1412 82 0 1413 83 0 1414 109 0 1415 84 0 1416 110 0 1417 109 0 1418 84 0 1419 85 0 1420 111 0 1421 86 0 1422 112 0 1423 111 0 1424 87 0 1425 113 0 1426 112 0 1427 88 0 1428 114 0 1429 113 0 1430 89 0 1431 115 0 1432 114 0 1433 89 0 1434 90 0 1435 116 0 1436 91 0 1437 117 0 1438 116 0 1439 91 0 1440 92 0 1441 118 0 1442 92 0 1443 93 0 1444 119 0 1445 94 0 1446 120 0 1447 119 0 1448 95 0 1449 121 0 1450 120 0 1451 95 0 1452 96 0 1453 122 0 1454 97 0 1455 123 0 1456 122 0 1457 97 0 1458 98 0 1459 124 0 1460 99 0 1461 125 0 1462 124 0 1463 99 0 1464 100 0 1465 126 0 1466 101 0 1467 127 0 1468 126 0 1469 101 0 1470 102 0 1471 128 0 1472 102 0 1473 103 0 1474 129 0 1475 104 0 1476 130 0 1477 129 0 1478 104 0 1479 79 0 1480 105 0 1481 105 0 1482 106 0 1483 132 0 1484 107 0 1485 133 0 1486 132 0 1487 107 0 1488 108 0 1489 134 0 1490 108 0 1491 109 0 1492 135 0 1493 110 0 1494 136 0 1495 135 0 1496 111 0 1497 137 0 1498 136 0 1499 112 0 1500 138 0 1501 137 0 1502 112 0 1503 113 0 1504 139 0 1505 114 0 1506 140 0 1507 139 0 1508 115 0 1509 141 0 1510 140 0 1511 115 0 1512 116 0 1513 142 0 1514 117 0 1515 143 0 1516 142 0 1517 117 0 1518 118 0 1519 144 0 1520 118 0 1521 119 0 1522 145 0 1523 120 0 1524 146 0 1525 145 0 1526 121 0 1527 147 0 1528 146 0 1529 121 0 1530 122 0 1531 148 0 1532 123 0 1533 149 0 1534 148 0 1535 123 0 1536 124 0 1537 150 0 1538 125 0 1539 151 0 1540 150 0 1541 125 0 1542 126 0 1543 152 0 1544 127 0 1545 153 0 1546 152 0 1547 127 0 1548 128 0 1549 154 0 1550 128 0 1551 129 0 1552 155 0 1553 130 0 1554 156 0 1555 155 0 1556 105 0 1557 131 0 1558 156 0 1559 132 0 1560 158 0 1561 157 0 1562 133 0 1563 159 0 1564 158 0 1565 134 0 1566 160 0 1567 159 0 1568 134 0 1569 135 0 1570 161 0 1571 136 0 1572 162 0 1573 161 0 1574 137 0 1575 163 0 1576 162 0 1577 138 0 1578 164 0 1579 163 0 1580 138 0 1581 139 0 1582 165 0 1583 140 0 1584 166 0 1585 165 0 1586 141 0 1587 167 0 1588 166 0 1589 141 0 1590 142 0 1591 168 0 1592 143 0 1593 169 0 1594 168 0 1595 143 0 1596 144 0 1597 170 0 1598 145 0 1599 171 0 1600 170 0 1601 145 0 1602 146 0 1603 172 0 1604 147 0 1605 173 0 1606 172 0 1607 147 0 1608 148 0 1609 174 0 1610 148 0 1611 149 0 1612 175 0 1613 149 0 1614 150 0 1615 176 0 1616 151 0 1617 177 0 1618 176 0 1619 151 0 1620 152 0 1621 178 0 1622 153 0 1623 179 0 1624 178 0 1625 153 0 1626 154 0 1627 180 0 1628 154 0 1629 155 0 1630 181 0 1631 156 0 1632 182 0 1633 181 0 1634 156 0 1635 131 0 1636 157 0 1637 158 1 1638 184 5 1639 183 2 1640 159 4 1641 185 7 1642 184 5 1643 160 6 1644 186 9 1645 185 7 1646 161 8 1647 187 11 1648 186 9 1649 162 10 1650 188 13 1651 187 11 1652 163 12 1653 189 15 1654 188 13 1655 164 14 1656 190 17 1657 189 15 1658 165 16 1659 191 19 1660 190 17 1661 166 18 1662 192 21 1663 191 19 1664 167 20 1665 193 23 1666 192 21 1667 168 22 1668 194 25 1669 193 23 1670 169 24 1671 195 27 1672 194 25 1673 170 26 1674 196 29 1675 195 27 1676 171 28 1677 197 31 1678 196 29 1679 172 30 1680 198 33 1681 197 31 1682 173 32 1683 199 35 1684 198 33 1685 174 34 1686 200 37 1687 199 35 1688 175 36 1689 201 39 1690 200 37 1691 176 38 1692 202 41 1693 201 39 1694 177 40 1695 203 43 1696 202 41 1697 178 42 1698 204 45 1699 203 43 1700 179 44 1701 205 47 1702 204 45 1703 180 46 1704 206 49 1705 205 47 1706 181 48 1707 207 51 1708 206 49 1709 182 50 1710 208 52 1711 207 51 1712 157 3 1713 183 2 1714 208 52 1715 183 148 1716 184 148 1717 210 148 1718 184 53 1719 185 53 1720 211 53 1721 186 53 1722 212 53 1723 211 53 1724 187 53 1725 213 53 1726 212 53 1727 187 53 1728 188 53 1729 214 53 1730 188 53 1731 189 53 1732 215 53 1733 190 53 1734 216 53 1735 215 53 1736 191 53 1737 217 53 1738 216 53 1739 191 53 1740 192 53 1741 218 53 1742 192 149 1743 193 149 1744 219 149 1745 194 53 1746 220 53 1747 219 53 1748 194 150 1749 195 150 1750 221 150 1751 196 151 1752 222 151 1753 221 151 1754 196 152 1755 197 152 1756 223 152 1757 198 153 1758 224 153 1759 223 153 1760 198 154 1761 199 154 1762 225 154 1763 200 53 1764 226 53 1765 225 53 1766 201 76 1767 227 76 1768 226 76 1769 202 155 1770 228 155 1771 227 155 1772 202 53 1773 203 53 1774 229 53 1775 204 156 1776 230 156 1777 229 156 1778 204 157 1779 205 157 1780 231 157 1781 205 53 1782 206 53 1783 232 53 1784 207 53 1785 233 53 1786 232 53 1787 207 158 1788 208 158 1789 234 158 1790 183 53 1791 209 53 1792 234 53 1793 209 53 1794 210 53 1795 236 53 1796 210 53 1797 211 53 1798 237 53 1799 212 53 1800 238 53 1801 237 53 1802 213 159 1803 239 159 1804 238 159 1805 213 53 1806 214 53 1807 240 53 1808 214 53 1809 215 53 1810 241 53 1811 216 53 1812 242 53 1813 241 53 1814 217 53 1815 243 53 1816 242 53 1817 217 160 1818 218 160 1819 244 160 1820 218 53 1821 219 53 1822 245 53 1823 220 53 1824 246 53 1825 245 53 1826 220 66 1827 221 66 1828 247 66 1829 222 161 1830 248 161 1831 247 161 1832 223 65 1833 249 65 1834 248 65 1835 224 162 1836 250 162 1837 249 162 1838 224 53 1839 225 53 1840 251 53 1841 226 53 1842 252 53 1843 251 53 1844 226 53 1845 227 53 1846 253 53 1847 227 53 1848 228 53 1849 254 53 1850 228 53 1851 229 53 1852 255 53 1853 230 53 1854 256 53 1855 255 53 1856 230 53 1857 231 53 1858 257 53 1859 232 53 1860 258 53 1861 257 53 1862 233 67 1863 259 67 1864 258 67 1865 233 163 1866 234 163 1867 260 163 1868 209 53 1869 235 53 1870 260 53 1871 235 164 1872 236 164 1873 262 164 1874 236 73 1875 237 73 1876 263 73 1877 238 53 1878 264 53 1879 263 53 1880 239 165 1881 265 165 1882 264 165 1883 239 53 1884 240 53 1885 266 53 1886 241 165 1887 267 165 1888 266 165 1889 242 53 1890 268 53 1891 267 53 1892 242 166 1893 243 166 1894 269 166 1895 243 53 1896 244 53 1897 270 53 1898 245 53 1899 271 53 1900 270 53 1901 246 165 1902 272 165 1903 271 165 1904 246 53 1905 247 53 1906 273 53 1907 248 167 1908 274 167 1909 273 167 1910 249 53 1911 275 53 1912 274 53 1913 249 53 1914 250 53 1915 276 53 1916 250 168 1917 251 168 1918 277 168 1919 252 53 1920 278 53 1921 277 53 1922 252 53 1923 253 53 1924 279 53 1925 254 53 1926 280 53 1927 279 53 1928 255 73 1929 281 73 1930 280 73 1931 256 53 1932 282 53 1933 281 53 1934 256 53 1935 257 53 1936 283 53 1937 258 169 1938 284 169 1939 283 169 1940 259 53 1941 285 53 1942 284 53 1943 259 170 1944 260 170 1945 286 170 1946 235 53 1947 261 53 1948 286 53 1949 261 53 1950 262 53 1951 288 53 1952 262 53 1953 263 53 1954 289 53 1955 264 100 1956 290 100 1957 289 100 1958 265 53 1959 291 53 1960 290 53 1961 265 116 1962 266 116 1963 292 116 1964 267 171 1965 293 171 1966 292 171 1967 268 53 1968 294 53 1969 293 53 1970 268 172 1971 269 172 1972 295 172 1973 269 53 1974 270 53 1975 296 53 1976 270 53 1977 271 53 1978 297 53 1979 272 173 1980 298 173 1981 297 173 1982 272 174 1983 273 174 1984 299 174 1985 274 53 1986 300 53 1987 299 53 1988 274 175 1989 275 175 1990 301 175 1991 276 53 1992 302 53 1993 301 53 1994 276 97 1995 277 97 1996 303 97 1997 278 53 1998 304 53 1999 303 53 2000 279 176 2001 305 176 2002 304 176 2003 280 177 2004 306 177 2005 305 177 2006 281 178 2007 307 178 2008 306 178 2009 282 179 2010 308 179 2011 307 179 2012 282 180 2013 283 180 2014 309 180 2015 284 53 2016 310 53 2017 309 53 2018 285 102 2019 311 102 2020 310 102 2021 285 53 2022 286 53 2023 312 53 2024 261 53 2025 287 53 2026 312 53 2027 287 181 2028 288 181 2029 314 181 2030 288 53 2031 289 53 2032 315 53 2033 290 182 2034 316 182 2035 315 182 2036 291 183 2037 317 183 2038 316 183 2039 291 53 2040 292 53 2041 318 53 2042 293 184 2043 319 184 2044 318 184 2045 294 53 2046 320 53 2047 319 53 2048 294 53 2049 295 53 2050 321 53 2051 295 185 2052 296 185 2053 322 185 2054 296 100 2055 297 100 2056 323 100 2057 298 186 2058 324 186 2059 323 186 2060 298 53 2061 299 53 2062 325 53 2063 300 53 2064 326 53 2065 325 53 2066 300 181 2067 301 181 2068 327 181 2069 302 83 2070 328 83 2071 327 83 2072 302 63 2073 303 63 2074 329 63 2075 304 129 2076 330 129 2077 329 129 2078 304 187 2079 305 187 2080 331 187 2081 306 188 2082 332 188 2083 331 188 2084 307 189 2085 333 189 2086 332 189 2087 307 53 2088 308 53 2089 334 53 2090 308 53 2091 309 53 2092 335 53 2093 310 53 2094 336 53 2095 335 53 2096 311 53 2097 337 53 2098 336 53 2099 311 190 2100 312 190 2101 338 190 2102 287 53 2103 313 53 2104 338 53 2105 314 191 2106 340 191 2107 339 191 2108 314 192 2109 315 192 2110 341 192 2111 316 193 2112 342 193 2113 341 193 2114 317 194 2115 343 194 2116 342 194 2117 317 53 2118 318 53 2119 344 53 2120 319 195 2121 345 195 2122 344 195 2123 320 53 2124 346 53 2125 345 53 2126 320 53 2127 321 53 2128 347 53 2129 321 53 2130 322 53 2131 348 53 2132 322 196 2133 323 196 2134 349 196 2135 324 197 2136 350 197 2137 349 197 2138 324 53 2139 325 53 2140 351 53 2141 326 53 2142 352 53 2143 351 53 2144 326 53 2145 327 53 2146 353 53 2147 328 198 2148 354 198 2149 353 198 2150 328 199 2151 329 199 2152 355 199 2153 330 53 2154 356 53 2155 355 53 2156 330 53 2157 331 53 2158 357 53 2159 332 200 2160 358 200 2161 357 200 2162 332 53 2163 333 53 2164 359 53 2165 334 53 2166 360 53 2167 359 53 2168 334 53 2169 335 53 2170 361 53 2171 336 201 2172 362 201 2173 361 201 2174 337 202 2175 363 202 2176 362 202 2177 337 203 2178 338 203 2179 364 203 2180 313 53 2181 339 53 2182 364 53 2183</p>
        </triangles>
      </mesh>
    </geometry>
    <geometry id="Örüntü_016-mesh" name="Örüntü.016">
      <mesh>
        <source id="Örüntü_016-mesh-positions">
          <float_array id="Örüntü_016-mesh-positions-array" count="2370">0 0 0 1.428571 0 0 1.38706 0.3418796 0 1.264937 0.6638903 0 1.069301 0.9473182 0 0.811521 1.175691 0 0.5065784 1.335738 0 0.1721953 1.418156 0 -0.1721951 1.418156 0 -0.5065784 1.335738 0 -0.811521 1.175691 0 -1.069301 0.9473181 0 -1.264937 0.6638901 0 -1.38706 0.3418793 0 -1.428571 -4.65488e-7 0 -1.38706 -0.3418802 0 -1.264937 -0.663891 0 -1.069301 -0.9473188 0 -0.8115203 -1.175692 0 -0.5065774 -1.335738 0 -0.172194 -1.418156 0 0.1721967 -1.418155 0 0.5065799 -1.335737 0 0.8115226 -1.17569 0 1.069302 -0.9473168 0 1.264938 -0.6638885 0 1.38706 -0.3418774 0 2.857143 0 0 2.77412 0.6837591 0 2.529874 1.327781 0 2.138602 1.894636 0 1.623042 2.351382 0 1.013157 2.671475 0 0.3443905 2.836311 0 -0.3443905 2.836311 0 -1.013157 2.671475 0 -1.623042 2.351383 0 -2.138602 1.894636 0 -2.529875 1.32778 0 -2.77412 0.6837585 0 -2.857143 -9.30975e-7 0 -2.774119 -0.6837603 0 -2.529874 -1.327782 0 -2.138601 -1.894638 0 -1.623041 -2.351384 0 -1.013155 -2.671476 0 -0.3443879 -2.836312 0 0.3443934 -2.836311 0 1.01316 -2.671474 0 1.623045 -2.351381 0 2.138605 -1.894634 0 2.529876 -1.327777 0 2.774121 -0.6837549 0 4.285715 0 0 4.16118 1.025639 0 3.794812 1.991671 0 3.207903 2.841955 0 2.434563 3.527074 0 1.519735 4.007213 0 0.5165858 4.254467 0 -0.5165857 4.254467 0 -1.519735 4.007213 0 -2.434563 3.527074 0 -3.207904 2.841954 0 -3.794812 1.99167 0 -4.16118 1.025638 0 -4.285715 -1.39646e-6 0 -4.161179 -1.02564 0 -3.794811 -1.991673 0 -3.207902 -2.841957 0 -2.434561 -3.527076 0 -1.519732 -4.007214 0 -0.5165819 -4.254467 0 0.5165901 -4.254467 0 1.51974 -4.007211 0 2.434568 -3.527071 0 3.207907 -2.84195 0 3.794815 -1.991665 0 4.161181 -1.025632 0 5.714286 0 0 5.548239 1.367518 0 5.059749 2.655561 0 4.277204 3.789273 0 3.246084 4.702765 0 2.026314 5.34295 0 0.6887811 5.672622 0 -0.688781 5.672622 0 -2.026314 5.34295 0 -3.246084 4.702765 0 -4.277204 3.789273 0 -5.059749 2.65556 0 -5.54824 1.367517 0 -5.714286 -1.86195e-6 0 -5.548239 -1.367521 0 -5.059748 -2.655564 0 -4.277202 -3.789275 0 -3.246081 -4.702768 0 -2.026309 -5.342952 0 -0.6887758 -5.672623 0 0.6887868 -5.672622 0 2.026319 -5.342948 0 3.24609 -4.702761 0 4.277209 -3.789267 0 5.059752 -2.655554 0 5.548242 -1.36751 0 7.142858 0 0 6.935299 1.709398 0 6.324686 3.319452 0 5.346506 4.736591 0 4.057605 5.878456 0 2.532892 6.678688 0 0.8609763 7.090778 0 -0.8609762 7.090778 0 -2.532892 6.678688 0 -4.057605 5.878457 0 -5.346506 4.73659 0 -6.324687 3.319451 0 -6.935299 1.709396 0 -7.142858 -2.32744e-6 0 -6.935298 -1.709401 0 -6.324685 -3.319455 0 -5.346503 -4.736594 0 -4.057601 -5.878459 0 -2.532887 -6.678689 0 -0.8609698 -7.090778 0 0.8609835 -7.090777 0 2.532899 -6.678685 0 4.057612 -5.878451 0 5.346511 -4.736584 0 6.32469 -3.319442 0 6.935302 -1.709387 0 8.571434 0 0 8.32236 2.051277 0 7.589623 3.983342 0 6.415807 5.683909 0 4.869126 7.054148 0 3.03947 8.01443 0 1.033172 8.508934 0 -1.033171 8.508934 0 -3.03947 8.01443 0 -4.869126 7.054149 0 -6.415807 5.683909 0 -7.589624 3.983341 0 -8.32236 2.051275 0 -8.571434 -2.79293e-6 0 -8.32236 -2.051281 0 -7.589622 -3.983346 0 -6.415803 -5.683913 0 -4.869122 -7.054152 0 -3.039464 -8.01443 0 -1.033164 -8.508935 0 1.03318 -8.508934 0 3.039479 -8.014428 0 4.869135 -7.054142 0 6.415814 -5.683901 0 7.589629 -3.983331 0 8.322363 -2.051265 0 10 0 0 9.709424 2.393157 0 8.85456 4.647232 0 7.485107 6.631227 0 5.680647 8.22984 0 3.546049 9.350163 0 1.205367 9.927089 0 -1.205367 9.927089 0 -3.546048 9.350163 0 -5.680647 8.22984 0 -7.485108 6.631227 0 -8.854561 4.647231 0 -9.709424 2.393155 0 -10 -3.25841e-6 0 -9.709423 -2.393161 0 -8.854558 -4.647236 0 -7.485104 -6.631231 0 -5.680642 -8.229846 0 -3.546041 -9.350171 0 -1.205358 -9.92709 0 1.205377 -9.927088 0 3.546059 -9.350159 0 5.680657 -8.229832 0 7.485116 -6.631217 0 8.854567 -4.647219 0 9.709424 -2.393142 0 10 0 1 9.709424 2.393157 1 8.85456 4.647232 1 7.485107 6.631227 1 5.680647 8.22984 1 3.546049 9.350163 1 1.205367 9.927089 1 -1.205367 9.927089 1 -3.546048 9.350163 1 -5.680647 8.22984 1 -7.485108 6.631227 1 -8.854561 4.647231 1 -9.709424 2.393155 1 -10 -3.25841e-6 1 -9.709423 -2.393161 1 -8.854558 -4.647236 1 -7.485104 -6.631231 1 -5.680642 -8.229846 1 -3.546041 -9.350171 1 -1.205358 -9.92709 1 1.205377 -9.927088 1 3.546059 -9.350159 1 5.680657 -8.229832 1 7.485116 -6.631217 1 8.854567 -4.647219 1 9.709424 -2.393142 1 8.571434 0 1 8.32236 2.051277 1 7.589623 3.983342 1 6.415806 5.683909 1 4.869126 7.054147 1 3.03947 8.01443 1 1.033172 8.508934 1 -1.033171 8.508934 1 -3.03947 8.01443 1 -4.869126 7.054148 1 -6.415807 5.683908 1 -7.589623 3.98334 1 -8.32236 2.051275 1 -8.571434 -2.79293e-6 1 -8.32236 -2.051281 1 -7.589621 -3.983345 1 -6.415803 -5.683913 1 -4.869122 -7.054152 1 -3.039464 -8.01443 1 -1.033164 -8.508934 1 1.03318 -8.508934 1 3.039479 -8.014427 1 4.869135 -7.054141 1 6.415814 -5.6839 1 7.589629 -3.983331 1 8.322362 -2.051265 1 7.142858 0 1.6 6.935299 1.709398 1.6 6.324686 3.319452 1.6 5.346506 4.736591 1.6 4.057605 5.878456 1.6 2.532892 6.678688 1.6 0.8609763 7.090778 1.6 -0.8609762 7.090778 1.6 -2.532892 6.678688 1.6 -4.057605 5.878457 1.6 -5.346506 4.73659 1.6 -6.324687 3.319451 1.6 -6.935299 1.709396 1.6 -7.142858 -2.32744e-6 1.6 -6.935298 -1.709401 1.6 -6.324685 -3.319455 1.6 -5.346503 -4.736594 1.6 -4.057601 -5.878459 1.6 -2.532887 -6.678689 1.6 -0.8609698 -7.090778 1.6 0.8609835 -7.090777 1.6 2.532899 -6.678685 1.6 4.057612 -5.878451 1.6 5.346511 -4.736584 1.6 6.32469 -3.319442 1.6 6.935302 -1.709387 1.6 5.714285 0 1.6 5.548239 1.367518 1.6 5.059748 2.655561 1.6 4.277204 3.789272 1.6 3.246084 4.702764 1.6 2.026313 5.34295 1.6 0.688781 5.672622 1.6 -0.6887809 5.672622 1.6 -2.026313 5.34295 1.6 -3.246084 4.702765 1.6 -4.277204 3.789272 1.6 -5.059749 2.65556 1.6 -5.548239 1.367517 1.6 -5.714285 -1.86195e-6 1.6 -5.548238 -1.36752 1.6 -5.059747 -2.655563 1.6 -4.277202 -3.789275 1.6 -3.246081 -4.702767 1.6 -2.026309 -5.342951 1.6 -0.6887758 -5.672622 1.6 0.6887868 -5.672621 1.6 2.026319 -5.342947 1.6 3.24609 -4.702761 1.6 4.277209 -3.789267 1.6 5.059752 -2.655554 1.6 5.548241 -1.36751 1.6 4.285714 0 1.6 4.161179 1.025639 1.6 3.794811 1.991671 1.6 3.207903 2.841954 1.6 2.434563 3.527073 1.6 1.519735 4.007212 1.6 0.5165858 4.254467 1.6 -0.5165857 4.254467 1.6 -1.519735 4.007212 1.6 -2.434563 3.527074 1.6 -3.207903 2.841954 1.6 -3.794811 1.99167 1.6 -4.16118 1.025638 1.6 -4.285714 -1.39646e-6 1.6 -4.161179 -1.02564 1.6 -3.79481 -1.991673 1.6 -3.207901 -2.841956 1.6 -2.434561 -3.527076 1.6 -1.519732 -4.007214 1.6 -0.5165818 -4.254467 1.6 0.5165901 -4.254466 1.6 1.519739 -4.007211 1.6 2.434567 -3.52707 1.6 3.207907 -2.84195 1.6 3.794814 -1.991665 1.6 4.16118 -1.025632 1.6 2.857143 0 1.6 2.774119 0.683759 1.6 2.529874 1.32778 1.6 2.138602 1.894636 1.6 1.623042 2.351382 1.6 1.013157 2.671475 1.6 0.3443905 2.836311 1.6 -0.3443905 2.836311 1.6 -1.013157 2.671475 1.6 -1.623042 2.351382 1.6 -2.138602 1.894636 1.6 -2.529874 1.32778 1.6 -2.77412 0.6837584 1.6 -2.857143 -9.30975e-7 1.6 -2.774119 -0.6837602 1.6 -2.529874 -1.327782 1.6 -2.138601 -1.894637 1.6 -1.62304 -2.351384 1.6 -1.013155 -2.671476 1.6 -0.3443879 -2.836311 1.6 0.3443934 -2.836311 1.6 1.01316 -2.671474 1.6 1.623045 -2.35138 1.6 2.138604 -1.894633 1.6 2.529876 -1.327777 1.6 2.77412 -0.6837548 1.6 1.428571 0 1.6 1.387059 0.3418794 1.6 1.264937 0.66389 1.6 1.069301 0.9473177 1.6 0.8115206 1.175691 1.6 0.5065782 1.335737 1.6 0.1721951 1.418155 1.6 -0.1721951 1.418155 1.6 -0.5065781 1.335737 1.6 -0.8115206 1.175691 1.6 -1.069301 0.9473176 1.6 -1.264937 0.6638898 1.6 -1.387059 0.3418791 1.6 -1.428571 -4.65487e-7 1.6 -1.387059 -0.34188 1.6 -1.264936 -0.6638906 1.6 -1.0693 -0.9473183 1.6 -0.8115199 -1.175691 1.6 -0.5065771 -1.335737 1.6 -0.1721938 -1.418155 1.6 0.1721966 -1.418155 1.6 0.5065796 -1.335736 1.6 0.8115221 -1.17569 1.6 1.069302 -0.9473163 1.6 1.264937 -0.6638882 1.6 1.38706 -0.3418772 1.6 0 0 1.6 7.485107 7.631227 0 -5.680647 10.22984 0 -7.485108 7.631227 0 -7.485108 7.631227 1 -5.680647 10.22984 1 7.485107 7.631227 1 -7.485103 -7.631231 0 -5.68064 -10.22984 0 5.680659 -10.22983 0 7.485117 -7.631217 0 7.485117 -7.631217 1 5.680659 -10.22983 1 -5.68064 -10.22984 1 -7.485103 -7.631231 1 9.546695 -1.90523e-7 1 9.269289 2.284674 1 8.45318 4.436571 1 7.145804 6.33063 1 5.423141 7.856776 1 3.385304 8.926321 1 1.150727 9.477089 1 -1.150727 9.477089 1 -3.385304 8.926321 1 -5.021759 8.06744 1 -4.725251 7.637872 1 -3.200214 8.438278 1 -1.087811 8.958933 1 1.087811 8.958933 1 3.200214 8.438278 1 5.126633 7.42721 1 6.75511 5.984506 1 7.991004 4.194003 1 8.762495 2.15976 1 9.024734 1.44593e-7 1 8.762495 -2.159747 1 7.991011 -4.193992 1 6.755118 -5.984497 1 5.126642 -7.427204 1 3.200224 -8.438269 1 1.087821 -8.958932 1 -1.087803 -8.958934 1 -3.200208 -8.438281 1 -4.725246 -7.637876 1 -5.021753 -8.067441 1 -3.385298 -8.926321 1 -1.150718 -9.47709 1 1.150737 -9.477088 1 3.385314 -8.926317 1 5.42315 -7.856769 1 7.145812 -6.330621 1 8.453186 -4.436558 1 9.269289 -2.284659 1 9.418128 -2.46491e-7 2.808117 9.144454 2.253904 2.808117 8.339334 4.376821 2.808117 7.049566 6.245372 2.808117 5.350102 7.750963 2.808117 3.339712 8.806098 2.808117 1.135229 9.349454 2.808117 -1.135229 9.349454 2.808117 -3.339712 8.806098 2.808117 -4.834876 8.021376 2.808117 -4.684443 7.803437 2.808117 -3.245807 8.55849 2.808117 -1.103309 9.086568 2.808117 1.103309 9.086568 2.808117 3.245807 8.55849 2.808117 5.19967 7.533023 2.808117 6.851347 6.069766 2.808117 8.10485 4.253755 2.808117 8.887331 2.19053 2.808117 9.153306 1.83192e-7 2.808117 8.887331 -2.190516 2.808117 8.104856 -4.253741 2.808117 6.851356 -6.069755 2.808117 5.19968 -7.533017 2.808117 3.245816 -8.558486 2.808117 1.103318 -9.086567 2.808117 -1.103301 -9.086569 2.808117 -3.2458 -8.558493 2.808117 -4.684438 -7.803438 2.808117 -4.83487 -8.021379 2.808117 -3.339705 -8.8061 2.808117 -1.135221 -9.349455 2.808117 1.135239 -9.349453 2.808117 3.339722 -8.806097 2.808117 5.350113 -7.750956 2.808117 7.049574 -6.245361 2.808117 8.339344 -4.376807 2.808117 9.144454 -2.25389 2.808117 9.418128 0 8 9.144454 2.253905 8 8.339334 4.37682 8 7.049566 6.245371 8 5.350102 7.750963 8 3.339712 8.806098 8 1.135229 9.349454 8 -1.135229 9.349454 8 -3.339712 8.806098 8 -4.834876 8.021376 2.808117 -4.684443 7.803437 2.808117 -3.245807 8.55849 8 -1.103309 9.086568 8 1.103309 9.086568 8 3.245806 8.55849 8 5.19967 7.533023 8 6.851347 6.069765 8 8.10485 4.253754 8 8.887331 2.19053 8 9.153306 3.30306e-7 8 8.887331 -2.190516 8 8.104856 -4.253742 8 6.851356 -6.069756 8 5.199679 -7.533017 8 3.245816 -8.558486 8 1.103318 -9.086567 8 -1.103301 -9.086569 8 -3.2458 -8.558493 8 -4.684438 -7.803438 2.808117 -4.83487 -8.021379 2.808117 -3.339706 -8.8061 8 -1.135221 -9.349455 8 1.135238 -9.349453 8 3.339721 -8.806097 8 5.350112 -7.750956 8 7.049573 -6.245362 8 8.339344 -4.376808 8 9.144454 -2.25389 8 -3.339712 8.806098 8 -3.245807 8.55849 8 -3.2458 -8.558493 8 -3.339706 -8.8061 8 -4.83228 8.02274 3.23176 -4.824493 8.026825 3.637376 -4.811514 8.033638 4.024964 -4.793344 8.043174 4.394526 -4.769982 8.055438 4.746059 -4.741428 8.070425 5.079566 -4.707684 8.088132 5.395045 -4.668747 8.108572 5.692496 -4.624619 8.131731 5.971921 -4.575299 8.157612 6.233318 -4.520788 8.186223 6.476687 -4.461085 8.217556 6.702029 -4.396191 8.251616 6.909344 -4.326105 8.2884 7.098631 -4.250828 8.327908 7.269891 -4.170359 8.370141 7.423124 -4.084699 8.415102 7.55833 -3.993847 8.462782 7.675508 -3.897803 8.51319 7.774658 -3.796568 8.566327 7.855781 -3.690141 8.622179 7.918877 -3.578523 8.680766 7.963945 -3.461714 8.742072 7.990986 -3.363196 8.49688 7.990986 -3.475589 8.437891 7.963945 -3.582988 8.381525 7.918877 -3.68539 8.327779 7.855781 -3.782798 8.276659 7.774658 -3.875211 8.228157 7.675508 -3.962628 8.182274 7.55833 -4.04505 8.139019 7.423124 -4.122476 8.098381 7.269891 -4.194907 8.060364 7.098631 -4.262343 8.024971 6.909344 -4.324784 7.992199 6.702029 -4.38223 7.96205 6.476687 -4.43468 7.934522 6.233318 -4.482135 7.909615 5.971921 -4.524595 7.887331 5.692496 -4.562059 7.867668 5.395045 -4.594529 7.850627 5.079566 -4.622003 7.836208 4.746059 -4.644481 7.82441 4.394526 -4.661964 7.815234 4.024964 -4.674453 7.80868 3.637376 -4.681945 7.804748 3.23176 -4.681941 -7.804749 3.23176 -4.674448 -7.808682 3.637376 -4.66196 -7.815236 4.024964 -4.644476 -7.824412 4.394526 -4.621997 -7.83621 4.746059 -4.594523 -7.850629 5.079566 -4.562054 -7.867671 5.395045 -4.52459 -7.887333 5.692496 -4.48213 -7.909618 5.971921 -4.434675 -7.934525 6.233318 -4.382225 -7.962052 6.476687 -4.324779 -7.992202 6.702029 -4.262338 -8.024974 6.909344 -4.194902 -8.060367 7.098631 -4.122471 -8.098382 7.269891 -4.045044 -8.139019 7.423124 -3.962622 -8.182277 7.55833 -3.875205 -8.228157 7.675508 -3.782792 -8.276659 7.774658 -3.685384 -8.327782 7.855781 -3.582981 -8.381527 7.918877 -3.475583 -8.437894 7.963945 -3.363189 -8.496888 7.990986 -3.461707 -8.742074 7.990986 -3.578517 -8.680768 7.963945 -3.690135 -8.622181 7.918877 -3.796562 -8.566329 7.855781 -3.897797 -8.513195 7.774658 -3.99384 -8.462784 7.675508 -4.084692 -8.415102 7.55833 -4.170353 -8.370144 7.423124 -4.250822 -8.327916 7.269891 -4.326099 -8.288402 7.098631 -4.396185 -8.25162 6.909344 -4.46108 -8.217559 6.702029 -4.520782 -8.186225 6.476687 -4.575294 -8.157615 6.233318 -4.624613 -8.131731 5.971921 -4.668741 -8.108572 5.692496 -4.707678 -8.088135 5.395045 -4.741423 -8.070425 5.079566 -4.769976 -8.055438 4.746059 -4.793338 -8.043177 4.394526 -4.811509 -8.03364 4.024964 -4.824487 -8.026828 3.637376 -4.832274 -8.022747 3.23176 8.118124 -1.46294e-7 1.3 7.882226 1.942794 1.3 7.188241 3.77268 1.3 6.076503 5.383312 1.3 4.611619 6.681085 1.3 2.878726 7.590578 1.3 0.9785318 8.058938 1.3 -0.9785315 8.058938 1.3 -2.878726 7.590578 1.3 -4.611619 6.681086 1.3 -6.076503 5.383312 1.3 -7.188242 3.772679 1.3 -7.882226 1.942793 1.3 -8.118124 -2.68065e-6 1.3 -7.882225 -1.942798 1.3 -7.18824 -3.772684 1.3 -6.076499 -5.383316 1.3 -4.611615 -6.681088 1.3 -2.87872 -7.590579 1.3 -0.9785243 -8.058938 1.3 0.9785399 -8.058938 1.3 2.878735 -7.590574 1.3 4.611628 -6.681079 1.3 6.07651 -5.383304 1.3 7.188247 -3.77267 1.3 7.882229 -1.942782 1.3 7.375432 1.817881 1.3 7.596163 2.04132e-7 1.3 7.375435 -1.81787 1.3 6.726072 -3.530103 1.3 5.685815 -5.03718 1.3 4.31512 -6.251514 1.3 2.693644 -7.102532 1.3 0.9156239 -7.540777 1.3 -0.9156093 -7.540778 1.3 -2.69363 -7.102537 1.3 -4.315108 -6.251523 1.3 -5.685806 -5.037191 1.3 -6.726066 -3.530116 1.3 -7.375431 -1.817884 1.3 -7.596163 -2.45842e-6 1.3 -7.375432 1.817879 1.3 -6.726068 3.530112 1.3 -5.685809 5.037187 1.3 -4.315111 6.251519 1.3 -2.693636 7.102535 1.3 -0.9156161 7.540778 1.3 0.9156162 7.540778 1.3 2.693636 7.102535 1.3 4.315111 6.251519 1.3 5.685809 5.037188 1.3 6.726067 3.530113 1.3 8.571434 0 1.3 8.32236 2.051277 1.3 7.589623 3.983342 1.3 6.415806 5.683909 1.3 4.869126 7.054147 1.3 3.03947 8.01443 1.3 1.033172 8.508934 1.3 -1.033171 8.508934 1.3 -3.03947 8.01443 1.3 -4.869126 7.054148 1.3 -6.415807 5.683908 1.3 -7.589623 3.98334 1.3 -8.32236 2.051275 1.3 -8.571434 -2.79293e-6 1.3 -8.32236 -2.051281 1.3 -7.589621 -3.983345 1.3 -6.415803 -5.683913 1.3 -4.869122 -7.054152 1.3 -3.039464 -8.01443 1.3 -1.033164 -8.508934 1.3 1.03318 -8.508934 1.3 3.039479 -8.014427 1.3 4.869135 -7.054141 1.3 6.415814 -5.6839 1.3 7.589629 -3.983331 1.3 8.322362 -2.051265 1.3 7.283408 0 1.6 7.071765 1.743034 1.6 6.449137 3.384769 1.6 5.451709 4.829793 1.6 4.137446 5.994127 1.6 2.582732 6.810105 1.6 0.8779178 7.230304 1.6 -0.8779177 7.230304 1.6 -2.582732 6.810105 1.6 -4.137446 5.994127 1.6 -5.451709 4.829792 1.6 -6.449138 3.384768 1.6 -7.071766 1.743032 1.6 -7.283408 -2.33284e-6 1.6 -7.071765 -1.743037 1.6 -6.449136 -3.384772 1.6 -5.451706 -4.829796 1.6 -4.137443 -5.994131 1.6 -2.582726 -6.810107 1.6 -0.8779112 -7.230304 1.6 0.8779252 -7.230303 1.6 2.58274 -6.810102 1.6 4.137454 -5.994122 1.6 5.451715 -4.829786 1.6 6.449142 -3.384759 1.6 7.071768 -1.743023 1.6 6.736596 9.29435 0 -6.736597 9.294349 0 -6.736597 9.294349 1 6.736596 9.29435 1 -6.73659 -9.294359 0 6.736608 -9.294342 0 6.736608 -9.294342 1 -6.73659 -9.294359 1 6.85615 9.18149 0 6.965308 9.063957 0 7.06407 8.941739 0 7.152436 8.81484 0 7.230406 8.683262 0 7.29798 8.547009 0 7.355157 8.406081 0 7.401939 8.260464 0 7.438325 8.110177 0 7.464315 7.955203 0 7.479909 7.795555 0 -7.47991 7.795554 0 -7.464316 7.955202 0 -7.438326 8.110177 0 -7.40194 8.260463 0 -7.355158 8.406075 0 -7.29798 8.547008 0 -7.230406 8.683261 0 -7.152436 8.814837 0 -7.064071 8.941739 0 -6.965309 9.063951 0 -6.856151 9.181489 0 -6.856151 9.181489 1 -6.965309 9.063951 1 -7.064071 8.941739 1 -7.152436 8.814837 1 -7.230406 8.683261 1 -7.29798 8.547008 1 -7.355158 8.406075 1 -7.40194 8.260463 1 -7.438326 8.110177 1 -7.464316 7.955202 1 -7.47991 7.795554 1 7.479909 7.795555 1 7.464315 7.955203 1 7.438325 8.110177 1 7.401939 8.260464 1 7.355157 8.406081 1 7.29798 8.547009 1 7.230406 8.683262 1 7.152436 8.81484 1 7.06407 8.941739 1 6.965308 9.063957 1 6.85615 9.18149 1 -6.856144 -9.181494 0 -6.965302 -9.063961 0 -7.064064 -8.94174 0 -7.15243 -8.814846 0 -7.2304 -8.683266 0 -7.297974 -8.547018 0 -7.355152 -8.406085 0 -7.401934 -8.260468 0 -7.43832 -8.110177 0 -7.46431 -7.955207 0 -7.479905 -7.795558 0 7.479919 -7.795544 0 7.464325 -7.955193 0 7.438335 -8.110163 0 7.40195 -8.260457 0 7.355168 -8.406065 0 7.29799 -8.546998 0 7.230416 -8.683258 0 7.152447 -8.814828 0 7.064081 -8.941724 0 6.965319 -9.063942 0 6.856162 -9.181486 0 6.856162 -9.181486 1 6.965319 -9.063942 1 7.064081 -8.941724 1 7.152447 -8.814828 1 7.230416 -8.683258 1 7.29799 -8.546998 1 7.355168 -8.406065 1 7.40195 -8.260457 1 7.438335 -8.110163 1 7.464325 -7.955193 1 7.479919 -7.795544 1 -7.479905 -7.795558 1 -7.46431 -7.955207 1 -7.43832 -8.110177 1 -7.401934 -8.260468 1 -7.355152 -8.406085 1 -7.297974 -8.547018 1 -7.2304 -8.683266 1 -7.15243 -8.814846 1 -7.064064 -8.94174 1 -6.965302 -9.063961 1 -6.856144 -9.181494 1</float_array>
          <technique_common>
            <accessor source="#Örüntü_016-mesh-positions-array" count="790" stride="3">
              <param name="X" type="float"/>
              <param name="Y" type="float"/>
              <param name="Z" type="float"/>
            </accessor>
          </technique_common>
        </source>
        <source id="Örüntü_016-mesh-normals">
          <float_array id="Örüntü_016-mesh-normals-array" count="1863">0 0 -1 0.7323368 0 -0.6809427 0.7110479 0.175244 -0.6809555 0.7110479 0.175244 0.6809555 0.7323368 0 0.6809427 0.6484483 0.3403232 -0.6809516 0.6484483 0.3403232 0.6809516 0.686367 0.2138755 -0.6950955 0.596742 0.1859535 0.7805897 -0.4063317 0.458672 -0.7902624 -0.4795868 0.5243897 -0.703571 -0.4795868 0.5243897 0.703571 -0.5838617 0.6590303 0.4741148 -0.596742 0.1859535 -0.7805897 -0.6484483 0.3403232 -0.6809516 -0.6484483 0.3403232 0.6809516 -0.596742 0.1859535 0.7805897 -0.7110479 0.175244 -0.6809555 -0.7110479 0.175244 0.6809555 -0.7323368 0 -0.6809427 -0.7323368 0 0.6809427 -0.7110479 -0.175244 -0.6809555 -0.7110479 -0.175244 0.6809555 -0.6484483 -0.3403232 -0.6809516 -0.6484483 -0.3403232 0.6809516 -0.596742 -0.1859535 -0.7805897 -0.596742 -0.1859535 0.7805897 -0.4795868 -0.5243897 -0.703571 -0.5838583 -0.659057 -0.4740816 -0.4063317 -0.458672 0.7902624 -0.4795868 -0.5243897 0.703571 0.4063317 -0.458672 -0.7902624 0.4795791 -0.5244119 -0.7035597 0.4795791 -0.5244119 0.7035597 0.5838617 -0.6590303 0.4741148 0.596742 -0.1859535 -0.7805897 0.6484483 -0.3403232 -0.6809516 0.6484483 -0.3403232 0.6809516 0.596742 -0.1859535 0.7805897 0.7110479 -0.175244 -0.6809555 0.7110479 -0.175244 0.6809555 0 0 1 2.5344e-6 0 1 -0.07745671 0.3142521 0.9461745 -0.1632756 0.268474 0.9493487 -0.02233999 -0.008453786 0.9997147 0.187936 -0.4996572 0.8455902 0 0 1 0 0 1 -0.01941031 0.007355153 0.9997846 -0.1950168 -0.5182749 0.8326823 0.07394796 0.3000951 0.9510388 0.1171621 0.2715269 0.9552729 -2.46315e-6 0 1 0 0 1 0 0 1 3.52668e-7 0 1 -4.71127e-7 0 1 2.35112e-7 0 1 1.25634e-7 0 1 0 0 1 0 0 1 -1.25634e-7 0 1 0 0 1 -1.25633e-7 0 1 0 0 1 1.25633e-7 0 1 0 0 1 -1.25633e-7 0 1 0 0 1 -3.76901e-7 0 1 3.82057e-7 0 1 0 0 1 0 0 1 0 0 1 -3.82057e-7 0 1 6.08937e-7 0 1 3.52668e-7 0 1 0 0 1 0 0 1 -1.25633e-7 0 1 0 0 1 1.25633e-7 0 1 0 0 1 0 0 1 0 0 1 -1.76334e-7 0 1 0 0 1 1.88452e-7 0 1 -0.7105481 0.01123106 0.7035591 -0.7105481 0.01123106 -0.7035591 0.9998751 0.01580899 0 0.7105481 0.01123106 0.7035591 0.7105481 -0.01123106 0.7035591 0.7105481 -0.01123106 -0.7035591 -0.7105481 -0.01123106 -0.7035591 -0.7105481 -0.01123106 0.7035591 0 0 1 2.01809e-7 0 1 -1.91674e-7 0 1 0 0 1 0.6514648 0 0.758679 0.6325408 0.155892 0.7586765 0.9703317 0.2391495 0.035555 0.9993678 0 0.03555434 0.5768445 0.302751 0.7586781 0.8849056 0.4644114 0.03555488 0.487612 0.4320052 0.7586872 0.7480369 0.6627039 0.03555536 0.3700791 0.5361354 0.7586834 0.5676942 0.8224713 0.03555524 0.2310005 0.6091346 0.758679 0.354357 0.934433 0.03558522 0.07849633 0.6467099 0.7586862 0.1204585 0.9920815 0.03555464 -0.07852667 0.6467083 0.7586844 -0.1204585 0.9920815 0.03555464 -0.2310005 0.6091346 0.758679 -0.354357 0.934433 0.03558522 -0.3537496 0.08719372 0.9312672 -0.5919215 0.3965981 0.7016688 -0.1015973 -0.4122181 0.9054028 0.001098692 -0.7192238 0.6947777 0.2509572 -0.6617421 0.7064828 0.3543863 -0.93443 0.03537148 0.08530008 -0.7025737 0.7064802 0.1204593 -0.9920879 0.03537172 -0.08530008 -0.7025737 0.7064802 -0.1204593 -0.9920879 0.03537172 -0.2509572 -0.6617421 0.7064828 -0.3543863 -0.93443 0.03537148 -0.4020269 -0.5824553 0.7064846 -0.5677186 -0.8224625 0.03537178 -0.5297521 -0.4692936 0.7064887 -0.7480552 -0.6626932 0.03537166 -0.6266518 -0.3289059 0.7064902 -0.8848989 -0.4644384 0.03537154 -0.6871671 -0.1693502 0.7064856 -0.9703379 -0.239151 0.03537213 -0.7077322 0 0.7064809 -0.9993743 0 0.03537148 -0.6871671 0.1693502 0.7064856 -0.9703379 0.239151 0.03537213 -0.6266518 0.3289059 0.7064902 -0.8848989 0.4644384 0.03537154 -0.5297521 0.4692936 0.7064887 -0.7480552 0.6626932 0.03537166 -0.4020269 0.5824553 0.7064846 -0.5677186 0.8224625 0.03537178 -0.2509572 0.6617421 0.7064828 -0.3543863 0.93443 0.03537148 -0.08530008 0.7025737 0.7064802 -0.1204593 0.9920879 0.03537172 0.08530008 0.7025737 0.7064802 0.1204593 0.9920879 0.03537172 0.2509572 0.6617421 0.7064828 0.3543863 0.93443 0.03537148 -0.1015973 0.4122181 0.9054028 0.02838259 0.7435939 0.668029 -0.3537496 -0.08719372 0.9312672 -0.5848681 -0.3536859 0.7299559 -0.2310005 -0.6091346 0.758679 -0.354357 -0.934433 0.03558522 -0.07849633 -0.6467099 0.7586862 -0.1204585 -0.9920815 0.03555464 0.07852667 -0.6467083 0.7586844 0.1204585 -0.9920815 0.03555464 0.2310005 -0.6091346 0.758679 0.354384 -0.9344238 0.03555434 0.3700791 -0.5361354 0.7586834 0.5677149 -0.8224571 0.03555464 0.487612 -0.4320052 0.7586872 0.7480369 -0.6627039 0.03555536 0.5768445 -0.302751 0.7586781 0.8849056 -0.4644114 0.03555488 0.6325408 -0.155892 0.7586765 0.9703317 -0.2391495 0.035555 0.5481587 0.4856244 0.6809486 0.41601 0.6026973 0.680949 0.2596909 0.6847368 0.6809524 0.08826148 0.7269974 0.680944 -0.08826148 0.7269974 0.680944 -0.3668771 -0.2532218 0.8951424 -0.9713284 0.2374989 0.01074266 -0.9711078 0.2376192 0.02206504 -0.9704809 0.2386909 0.03454774 -0.9695662 0.2400339 0.04822039 -0.9681775 0.2421359 0.06326538 -0.9662766 0.244827 0.07980835 -0.9637974 0.2479382 0.0980888 -0.9604601 0.252025 0.1183217 -0.9561259 0.2568774 0.1408446 -0.9505352 0.2625607 0.165966 -0.9432535 0.2694835 0.1940403 -0.9338334 0.2776963 0.2254775 -0.9215927 0.2875838 0.2606962 -0.9056573 0.2995154 0.3001258 -0.884944 0.3139238 0.3439855 -0.8580139 0.3314679 0.3923535 -0.8232117 0.3529314 0.4447046 -0.7788212 0.3788967 0.4998751 -0.7234563 0.4099026 0.5555095 -0.6565201 0.4461236 0.6082394 -0.5791432 0.4866072 0.6540693 -0.4942533 0.5297773 0.6892385 -0.4062663 0.5732042 0.711607 -0.3254905 -0.325338 0.8878126 0.2269697 -0.65567 0.7201261 0.1347419 -0.6997118 0.701604 0.0469079 -0.7442398 0.6662634 -0.03076344 -0.7863305 0.6170398 -0.09503638 -0.8235877 0.5591704 -0.1450576 -0.8549339 0.4980425 -0.1821087 -0.8803908 0.4378911 -0.2084136 -0.9005215 0.3816084 -0.2263928 -0.9162531 0.3304945 -0.2381678 -0.9285003 0.2848919 -0.2454688 -0.9380187 0.2446753 -0.2496191 -0.9454335 0.2093943 -0.2515968 -0.9512398 0.1784433 -0.2520911 -0.9558098 0.1512546 -0.2516036 -0.9594142 0.1273583 -0.2505586 -0.962255 0.1062356 -0.2491596 -0.9645016 0.08749884 -0.2476316 -0.9662637 0.07080417 -0.2461041 -0.9676313 0.05588001 -0.2446716 -0.9686763 0.04245203 -0.2434508 -0.9694388 0.03033596 -0.2424471 -0.9699717 0.01934933 -0.2417423 -0.9702959 0.009308338 0.08166998 -0.6728314 0.7352742 -0.08166998 -0.6728314 0.7352742 -0.240339 -0.6337319 0.7352694 -0.3850026 -0.5578037 0.7352742 -0.5073194 -0.4494552 0.7352668 -0.6001374 -0.3149623 0.7352782 -0.6580861 -0.1621791 0.7352692 -0.6777729 0 0.7352713 -0.6580861 0.1621791 0.7352692 -0.6001374 0.3149623 0.7352782 -0.5073194 0.4494552 0.7352668 -0.3850026 0.5578037 0.7352742 -0.240339 0.6337319 0.7352694 -0.08166998 0.6728314 0.7352742 0.08166998 0.6728314 0.7352742 -0.3672051 0.2534607 0.8949403 -0.2416201 0.970326 0.009338855 -0.2421678 0.9700445 0.01919639 -0.2429924 0.9695586 0.03018325 -0.2440344 0.9688437 0.0423001 -0.2452815 0.9678506 0.05569726 -0.2465667 0.9665515 0.0705915 -0.2479397 0.9648409 0.08722448 -0.2490994 0.9626737 0.1058718 -0.2499193 0.9599112 0.1269281 -0.2501627 0.9563987 0.1507324 -0.2494345 0.9519284 0.1778056 -0.2472386 0.9462273 0.2086315 -0.2428723 0.9389253 0.2437879 -0.2353611 0.9295422 0.283825 -0.2234649 0.9174206 0.3292459 -0.2053932 0.9018075 0.3802064 -0.1790878 0.8817664 0.4363663 -0.1421595 0.8563755 0.4963987 -0.09237998 0.825011 0.5575149 -0.02844387 0.787639 0.6154803 0.04883068 0.74537 0.6648604 0.1361761 0.7004435 0.7005961 0.2279456 0.6560038 0.7195136 -0.4078837 0.1760019 0.8959097 -0.4060581 -0.5740969 0.7110061 -0.4942305 -0.5312505 0.68812 -0.5790418 -0.4885827 0.6526848 -0.6563798 -0.4486345 0.6065416 -0.7231523 -0.4128636 0.5537097 -0.778383 -0.3820043 0.4981895 -0.8226689 -0.3561562 0.4431352 -0.8573904 -0.3346792 0.3909881 -0.8842882 -0.3170314 0.3428199 -0.905025 -0.3023871 0.299152 -0.9209676 -0.2902954 0.2598986 -0.9332562 -0.2801691 0.2248067 -0.9427357 -0.2716812 0.1934912 -0.9500661 -0.2645414 0.1655062 -0.955735 -0.258527 0.1404792 -0.9601106 -0.2534943 0.1180186 -0.9634872 -0.2492492 0.0978136 -0.9660497 -0.2458003 0.07956314 -0.9679837 -0.2429649 0.06305307 -0.9693917 -0.2407685 0.04806822 -0.9703816 -0.2391162 0.03439486 -0.9710206 -0.2379865 0.02194309 -0.9713468 -0.2374349 0.0104984 -0.08826148 -0.7269974 0.680944 0.08826148 -0.7269974 0.680944 0.2596909 -0.6847368 0.6809524 0.41601 -0.6026973 0.680949 0.5481587 -0.4856244 0.6809486 3.52555e-7 0 1 -4.31896e-7 0 1 1.92303e-7 0 1 -3.72241e-7 0 1 0 0 1 -2.03041e-7 0 1 1.28202e-7 0 1 -2.03041e-7 0 1 -1.28201e-7 0 1 1.35361e-7 0 1 0 0 1 1.35359e-7 0 1 1.28202e-7 0 1 -2.03041e-7 0 1 3.20506e-7 0 1 1.35361e-7 0 1 -2.56404e-7 0 1 2.03042e-7 0 1 7.1166e-7 0 1 -2.70721e-7 0 1 -3.52554e-7 0 1 3.31478e-7 0 1 0 0 1 -1.692e-7 0 1 1.28202e-7 0 1 2.03041e-7 0 1 1.28202e-7 0 1 -1.35361e-7 0 1 -1.28201e-7 0 1 -1.3536e-7 0 1 1.35362e-7 0 1 -1.35362e-7 0 1 0 0 1 0 0 1 4.48707e-7 0 1 -4.73763e-7 0 1 -3.52556e-7 0 1 6.09123e-7 0 1 0 0 1 3.72244e-7 0 1 3.95363e-7 0 1 8.0628e-7 0 1 -7.44261e-7 0 1 1.15567e-6 0 1 -9.92344e-7 0 1 7.29902e-7 0 1 -6.20219e-7 0 1 -1.24044e-7 0 1 1.2165e-7 0 1 -2.48085e-7 0 1 1.2165e-7 0 1 -1.24042e-7 0 1 -2.433e-7 0 1 2.48088e-7 0 1 -8.51544e-7 0 1 7.29901e-7 0 1 4.0314e-7 0 1 0 0 1 -3.9536e-7 0 1 -4.0314e-7 0 1 0 0 1 -8.06285e-7 0 1 3.9536e-7 0 1 3.72133e-7 0 1 -1.15568e-6 0 1 -8.68315e-7 0 1 6.08249e-7 0 1 -3.72131e-7 0 1 -1.21652e-7 0 1 1.24044e-7 0 1 -1.21649e-7 0 1 -1.24044e-7 0 1 1.21649e-7 0 1 -6.20219e-7 0 1 3.64951e-7 0 1 -6.20221e-7 0 1 6.08254e-7 0 1 1.17842e-6 0 1 -3.64953e-7 0 1 -4.03143e-7 0 1 7.90726e-7 0 1 0.6777729 0 0.7352713 0.6580861 0.1621791 0.7352692 0.6001374 0.3149623 0.7352782 0.5073194 0.4494552 0.7352668 0.3850026 0.5578037 0.7352742 0.240339 0.6337319 0.7352694 -0.2596909 0.6847368 0.6809524 -0.41601 0.6026973 0.680949 -0.5481587 0.4856244 0.6809486 -0.5481587 -0.4856244 0.6809486 -0.41601 -0.6026973 0.680949 -0.2596909 -0.6847368 0.6809524 0.240339 -0.6337319 0.7352694 0.3850026 -0.5578037 0.7352742 0.5073194 -0.4494552 0.7352668 0.6001374 -0.3149623 0.7352782 0.6580861 -0.1621791 0.7352692 0.3478302 0 0.9375576 0.337728 0.0832265 0.937557 0.3856661 0.09503555 0.9177309 0.3972023 0 0.9177311 0.3080016 0.1616306 0.9375557 0.3517003 0.1845785 0.9177351 0.2603603 0.2306649 0.9375533 0.2973152 0.2633782 0.917734 0.1975824 0.2862718 0.9375552 0.2256264 0.3268882 0.9177347 0.1233285 0.3252443 0.9375533 0.1408448 0.3713846 0.9177343 0.04190319 0.3452971 0.9375576 0.04785358 0.394304 0.9177334 -0.04190319 0.3452971 0.9375576 -0.04785358 0.394304 0.9177334 -0.1233285 0.3252443 0.9375533 -0.1408448 0.3713846 0.9177343 -0.1975824 0.2862718 0.9375552 -0.2256264 0.3268882 0.9177347 -0.2603603 0.2306649 0.9375533 -0.2973152 0.2633782 0.917734 -0.3080016 0.1616306 0.9375557 -0.3517003 0.1845785 0.9177351 -0.337728 0.0832265 0.937557 -0.3856661 0.09503555 0.9177309 -0.3478302 0 0.9375576 -0.3972023 0 0.9177311 -0.337728 -0.0832265 0.937557 -0.3856661 -0.09503555 0.9177309 -0.3080016 -0.1616306 0.9375557 -0.3517003 -0.1845785 0.9177351 -0.2603603 -0.2306649 0.9375533 -0.2973152 -0.2633782 0.917734 -0.1975824 -0.2862718 0.9375552 -0.2256264 -0.3268882 0.9177347 -0.1233285 -0.3252443 0.9375533 -0.1408448 -0.3713846 0.9177343 -0.04190319 -0.3452971 0.9375576 -0.04785358 -0.394304 0.9177334 0.04190319 -0.3452971 0.9375576 0.04785358 -0.394304 0.9177334 0.1233285 -0.3252443 0.9375533 0.1408448 -0.3713846 0.9177343 0.1975824 -0.2862718 0.9375552 0.2256264 -0.3268882 0.9177347 0.2603603 -0.2306649 0.9375533 0.2973152 -0.2633782 0.917734 0.3080016 -0.1616306 0.9375557 0.3517003 -0.1845785 0.9177351 0.337728 -0.0832265 0.937557 0.3856661 -0.09503555 0.9177309 -0.5071779 0.5030577 0.6997883 -0.5071779 0.5030577 -0.6997883 0.7099698 0.7042322 0 0.6864577 0.7271697 0 0.4815867 0.5101523 0.7126141 0.5071779 0.5030577 0.6997883 0.5071779 -0.5030577 0.6997883 0.5071779 -0.5030577 -0.6997883 -0.5071779 -0.5030577 -0.6997883 -0.5071779 -0.5030577 0.6997883 -0.5401024 0.468046 0.6994444 -0.5401024 0.468046 -0.6994444 -0.5717722 0.4292488 0.6991582 -0.5717722 0.4292488 -0.6991582 -0.6014765 0.3868945 0.6989555 -0.6014765 0.3868945 -0.6989555 -0.6285317 0.3414732 0.6988162 -0.6285317 0.3414732 -0.6988162 -0.6523259 0.293568 0.6987767 -0.65232 0.2935959 -0.6987704 -0.6723929 0.2439988 0.6988223 -0.6723878 0.2440274 -0.698817 -0.6884533 0.1936447 0.698952 -0.6884533 0.1936447 -0.698952 -0.7004477 0.1433184 0.6991659 -0.7004477 0.1433184 -0.6991659 -0.7085016 0.09387683 0.6994374 -0.7085016 0.09387683 -0.6994374 -0.7128736 0.0460233 0.6997808 -0.7128736 0.0460233 -0.6997808 0.7557103 0.6549061 0 0.5401024 0.468046 0.6994444 0.7997216 0.6003711 0 0.5717797 0.4292239 0.6991674 0.8410376 0.5409766 0 0.6014765 0.3868945 0.6989555 0.8786991 0.4773761 0 0.6285317 0.3414732 0.6988162 0.9118987 0.4104154 0 0.65232 0.2935959 0.6987704 0.9400125 0.3411402 0 0.6724072 0.244004 0.6988067 0.9626446 0.2707686 0 0.6884533 0.1936447 0.698952 0.9796977 0.2004808 0 0.7004477 0.1433184 0.6991659 0.9913353 0.131356 0 0.7085016 0.09387683 0.6994374 0.9979225 0.06442636 0 0.7128736 0.0460233 0.6997808 0.5401024 -0.468046 0.6994444 0.5401024 -0.468046 -0.6994444 0.5717797 -0.4292239 0.6991674 0.5717797 -0.4292239 -0.6991674 0.6014765 -0.3868945 0.6989555 0.6014765 -0.3868945 -0.6989555 0.6285451 -0.3414805 0.6988006 0.6285451 -0.3414805 -0.6988006 0.6523259 -0.293568 0.6987767 0.6523259 -0.293568 -0.6987767 0.6723878 -0.2440274 0.698817 0.6723878 -0.2440274 -0.698817 0.6884533 -0.1936447 0.698952 0.6884533 -0.1936447 -0.698952 0.7004477 -0.1433184 0.6991659 0.7004477 -0.1433184 -0.6991659 0.7085016 -0.09387683 0.6994374 0.7085016 -0.09387683 -0.6994374 0.7128736 -0.0460233 0.6997808 0.7128736 -0.0460233 -0.6997808 -0.5401024 -0.468046 -0.6994444 -0.5401024 -0.468046 0.6994444 -0.5717797 -0.4292239 -0.6991674 -0.5717797 -0.4292239 0.6991674 -0.6014765 -0.3868945 -0.6989555 -0.6014765 -0.3868945 0.6989555 -0.6285383 -0.3414462 -0.6988234 -0.6285383 -0.3414462 0.6988234 -0.65232 -0.2935959 -0.6987704 -0.65232 -0.2935959 0.6987704 -0.6724072 -0.244004 -0.6988067 -0.6724072 -0.244004 0.6988067 -0.6884533 -0.1936447 -0.698952 -0.6884533 -0.1936447 0.698952 -0.7004477 -0.1433184 -0.6991659 -0.7004477 -0.1433184 0.6991659 -0.7085016 -0.09387683 -0.6994374 -0.7085016 -0.09387683 0.6994374 -0.7128736 -0.0460233 -0.6997808 -0.7128736 -0.0460233 0.6997808 0 0 1 0 0 1 1.22041e-7 0 1 1.22041e-7 0 1 -2.44082e-7 0 1 0 0 1 0 0 1 -1.22041e-7 0 1 0 0 1 -1.22041e-7 0 1 0 0 1 -1.22041e-7 0 1 1.71081e-7 0 1 0 0 1 0 0 1 -2.13852e-7 0 1 1.95265e-7 0 1 2.44082e-7 0 1 -2.44081e-7 0 1 1.22041e-7 0 1 0 0 1 0 0 1 0 0 1 -1.22041e-7 0 1 0 0 1 -1.22041e-7 0 1 1.62721e-7 0 1 1.22041e-7 0 1 -1.62721e-7 0 1 0 0 1 0 0 1 0 0 1 0 0 1 0 0 1 1.22041e-7 0 1 0 0 1 -1.62721e-7 0 1 2.44082e-7 0 1 -3.25442e-7 0 1 -3.25442e-7 0 1 2.44082e-7 0 1 -1.62721e-7 0 1 0 0 1 0 0 1 1.22041e-7 0 1 -1.62721e-7 0 1 0 0 1 -1.62721e-7 0 1 3.25442e-7 0 1 1.62721e-7 0 1 -2.44082e-7 0 1 1.62721e-7 0 1 -2.44082e-7 0 1 1.22042e-7 0 1 2.44082e-7 0 1 -2.44082e-7 0 1 4.88163e-7 0 1 4.88163e-7 0 1 0 0 1 1.20905e-7 0 1 2.44081e-7 0 1 2.44081e-7 0 1 -4.88163e-7 0 1 -9.76324e-7 0 1 2.44081e-7 0 1 -2.44082e-7 0 1 -1.22041e-7 0 1 4.88162e-7 0 1 -2.44083e-7 0 1 -2.44082e-7 0 1 2.44081e-7 0 1 -3.66123e-7 0 1 3.66123e-7 0 1 -3.66123e-7 0 1 3.66123e-7 0 1 1.22041e-7 0 1 2.44082e-7 0 1 2.44082e-7 0 1 -2.44082e-7 0 1 3.66123e-7 0 1 -3.66122e-7 0 1 2.44082e-7 0 1 -1.22041e-7 0 1</float_array>
          <technique_common>
            <accessor source="#Örüntü_016-mesh-normals-array" count="621" stride="3">
              <param name="X" type="float"/>
              <param name="Y" type="float"/>
              <param name="Z" type="float"/>
            </accessor>
          </technique_common>
        </source>
        <source id="Örüntü_016-mesh-map-0">
          <float_array id="Örüntü_016-mesh-map-0-array" count="9228">0.5 0 0.7884616 0 0.75 0 0.5 0 0.8269231 0 0.7884616 0 0.5 0 0.8653846 0 0.8269231 0 0.5 0 0.9038462 0 0.8653846 0 0.5 0 0.9423077 0 0.9038462 0 0.5 0 0.9807692 0 0.9423077 0 0.5 0 0.01923078 0 -0.01923078 0 0.5 0 0.05769217 0 0.01923078 0 0.5 0 0.09615385 0 0.05769217 0 0.5 0 0.1346154 0 0.09615385 0 0.5 0 0.1730769 0 0.1346154 0 0.5 0 0.2115384 0 0.1730769 0 0.5 0 0.2500001 0 0.2115384 0 0.5 0 0.2884616 0 0.2500001 0 0.5 0 0.3269232 0 0.2884616 0 0.5 0 0.3653847 0 0.3269232 0 0.5 0 0.4038463 0 0.3653847 0 0.5 0 0.4423078 0 0.4038463 0 0.5 0 0.4807694 0 0.4423078 0 0.5 0 0.519231 0 0.4807694 0 0.5 0 0.5576925 0 0.519231 0 0.5 0 0.596154 0 0.5576925 0 0.5 0 0.6346156 0 0.596154 0 0.5 0 0.6730772 0 0.6346156 0 0.5 0 0.7115387 0 0.6730772 0 0.5 0 0.75 0 0.7115387 0 0.75 0 0.7884616 0 0.7884616 0 0.7884616 0 0.75 0 0.75 0 0.7884616 0 0.8269231 0 0.8269231 0 0.8269231 0 0.7884616 0 0.7884616 0 0.8269231 0 0.8653846 0 0.8653846 0 0.8653846 0 0.8269231 0 0.8269231 0 0.8653846 0 0.9038462 0 0.9038462 0 0.9038462 0 0.8653846 0 0.8653846 0 0.9038462 0 0.9423077 0 0.9423077 0 0.9423077 0 0.9038462 0 0.9038462 0 0.9423077 0 0.9807692 0 0.9807692 0 0.9807692 0 0.9423077 0 0.9423077 0 -0.01923078 0 0.01923078 0 0.01923078 0 0.01923078 0 -0.01923078 0 -0.01923078 0 0.01923078 0 0.05769217 0 0.05769217 0 0.05769217 0 0.01923078 0 0.01923078 0 0.05769217 0 0.09615385 0 0.09615385 0 0.09615385 0 0.05769217 0 0.05769217 0 0.09615385 0 0.1346154 0 0.1346154 0 0.1346154 0 0.09615385 0 0.09615385 0 0.1346154 0 0.1730769 0 0.1730769 0 0.1730769 0 0.1346154 0 0.1346154 0 0.1730769 0 0.2115384 0 0.2115384 0 0.2115384 0 0.1730769 0 0.1730769 0 0.2115384 0 0.2500001 0 0.2500001 0 0.2500001 0 0.2115384 0 0.2115384 0 0.2500001 0 0.2884616 0 0.2884616 0 0.2884616 0 0.2500001 0 0.2500001 0 0.2884616 0 0.3269232 0 0.3269232 0 0.3269232 0 0.2884616 0 0.2884616 0 0.3269232 0 0.3653847 0 0.3653847 0 0.3653847 0 0.3269232 0 0.3269232 0 0.3653847 0 0.4038463 0 0.4038463 0 0.4038463 0 0.3653847 0 0.3653847 0 0.4038463 0 0.4423078 0 0.4423078 0 0.4423078 0 0.4038463 0 0.4038463 0 0.4423078 0 0.4807694 0 0.4807694 0 0.4807694 0 0.4423078 0 0.4423078 0 0.4807694 0 0.519231 0 0.519231 0 0.519231 0 0.4807694 0 0.4807694 0 0.519231 0 0.5576925 0 0.5576925 0 0.5576925 0 0.519231 0 0.519231 0 0.5576925 0 0.596154 0 0.596154 0 0.596154 0 0.5576925 0 0.5576925 0 0.596154 0 0.6346156 0 0.6346156 0 0.6346156 0 0.596154 0 0.596154 0 0.6346156 0 0.6730772 0 0.6730772 0 0.6730772 0 0.6346156 0 0.6346156 0 0.6730772 0 0.7115387 0 0.7115387 0 0.7115387 0 0.6730772 0 0.6730772 0 0.7115387 0 0.75 0 0.75 0 0.75 0 0.7115387 0 0.7115387 0 0.75 0 0.7884616 0 0.7884616 0 0.7884616 0 0.75 0 0.75 0 0.7884616 0 0.8269231 0 0.8269231 0 0.8269231 0 0.7884616 0 0.7884616 0 0.8269231 0 0.8653846 0 0.8653846 0 0.8653846 0 0.8269231 0 0.8269231 0 0.8653846 0 0.9038462 0 0.9038462 0 0.9038462 0 0.8653846 0 0.8653846 0 0.9038462 0 0.9423077 0 0.9423077 0 0.9423077 0 0.9038462 0 0.9038462 0 0.9423077 0 0.9807692 0 0.9807692 0 0.9807692 0 0.9423077 0 0.9423077 0 -0.01923078 0 0.01923078 0 0.01923078 0 0.01923078 0 -0.01923078 0 -0.01923078 0 0.01923078 0 0.05769217 0 0.05769217 0 0.05769217 0 0.01923078 0 0.01923078 0 0.05769217 0 0.09615385 0 0.09615385 0 0.09615385 0 0.05769217 0 0.05769217 0 0.09615385 0 0.1346154 0 0.1346154 0 0.1346154 0 0.09615385 0 0.09615385 0 0.1346154 0 0.1730769 0 0.1730769 0 0.1730769 0 0.1346154 0 0.1346154 0 0.1730769 0 0.2115384 0 0.2115384 0 0.2115384 0 0.1730769 0 0.1730769 0 0.2115384 0 0.2500001 0 0.2500001 0 0.2500001 0 0.2115384 0 0.2115384 0 0.2500001 0 0.2884616 0 0.2884616 0 0.2884616 0 0.2500001 0 0.2500001 0 0.2884616 0 0.3269232 0 0.3269232 0 0.3269232 0 0.2884616 0 0.2884616 0 0.3269232 0 0.3653847 0 0.3653847 0 0.3653847 0 0.3269232 0 0.3269232 0 0.3653847 0 0.4038463 0 0.4038463 0 0.4038463 0 0.3653847 0 0.3653847 0 0.4038463 0 0.4423078 0 0.4423078 0 0.4423078 0 0.4038463 0 0.4038463 0 0.4423078 0 0.4807694 0 0.4807694 0 0.4807694 0 0.4423078 0 0.4423078 0 0.4807694 0 0.519231 0 0.519231 0 0.519231 0 0.4807694 0 0.4807694 0 0.519231 0 0.5576925 0 0.5576925 0 0.5576925 0 0.519231 0 0.519231 0 0.5576925 0 0.596154 0 0.596154 0 0.596154 0 0.5576925 0 0.5576925 0 0.596154 0 0.6346156 0 0.6346156 0 0.6346156 0 0.596154 0 0.596154 0 0.6346156 0 0.6730772 0 0.6730772 0 0.6730772 0 0.6346156 0 0.6346156 0 0.6730772 0 0.7115387 0 0.7115387 0 0.7115387 0 0.6730772 0 0.6730772 0 0.7115387 0 0.75 0 0.75 0 0.75 0 0.7115387 0 0.7115387 0 0.75 0 0.7884616 0 0.7884616 0 0.7884616 0 0.75 0 0.75 0 0.7884616 0 0.8269231 0 0.8269231 0 0.8269231 0 0.7884616 0 0.7884616 0 0.8269231 0 0.8653846 0 0.8653846 0 0.8653846 0 0.8269231 0 0.8269231 0 0.8653846 0 0.9038462 0 0.9038462 0 0.9038462 0 0.8653846 0 0.8653846 0 0.9038462 0 0.9423077 0 0.9423077 0 0.9423077 0 0.9038462 0 0.9038462 0 0.9423077 0 0.9807692 0 0.9807692 0 0.9807692 0 0.9423077 0 0.9423077 0 -0.01923078 0 0.01923078 0 0.01923078 0 0.01923078 0 -0.01923078 0 -0.01923078 0 0.01923078 0 0.05769217 0 0.05769217 0 0.05769217 0 0.01923078 0 0.01923078 0 0.05769217 0 0.09615385 0 0.09615385 0 0.09615385 0 0.05769217 0 0.05769217 0 0.09615385 0 0.1346154 0 0.1346154 0 0.1346154 0 0.09615385 0 0.09615385 0 0.1346154 0 0.1730769 0 0.1730769 0 0.1730769 0 0.1346154 0 0.1346154 0 0.1730769 0 0.2115384 0 0.2115384 0 0.2115384 0 0.1730769 0 0.1730769 0 0.2115384 0 0.2500001 0 0.2500001 0 0.2500001 0 0.2115384 0 0.2115384 0 0.2500001 0 0.2884616 0 0.2884616 0 0.2884616 0 0.2500001 0 0.2500001 0 0.2884616 0 0.3269232 0 0.3269232 0 0.3269232 0 0.2884616 0 0.2884616 0 0.3269232 0 0.3653847 0 0.3653847 0 0.3653847 0 0.3269232 0 0.3269232 0 0.3653847 0 0.4038463 0 0.4038463 0 0.4038463 0 0.3653847 0 0.3653847 0 0.4038463 0 0.4423078 0 0.4423078 0 0.4423078 0 0.4038463 0 0.4038463 0 0.4423078 0 0.4807694 0 0.4807694 0 0.4807694 0 0.4423078 0 0.4423078 0 0.4807694 0 0.519231 0 0.519231 0 0.519231 0 0.4807694 0 0.4807694 0 0.519231 0 0.5576925 0 0.5576925 0 0.5576925 0 0.519231 0 0.519231 0 0.5576925 0 0.596154 0 0.596154 0 0.596154 0 0.5576925 0 0.5576925 0 0.596154 0 0.6346156 0 0.6346156 0 0.6346156 0 0.596154 0 0.596154 0 0.6346156 0 0.6730772 0 0.6730772 0 0.6730772 0 0.6346156 0 0.6346156 0 0.6730772 0 0.7115387 0 0.7115387 0 0.7115387 0 0.6730772 0 0.6730772 0 0.7115387 0 0.75 0 0.75 0 0.75 0 0.7115387 0 0.7115387 0 0.75 0 0.7884616 0 0.7884616 0 0.7884616 0 0.75 0 0.75 0 0.7884616 0 0.8269231 0 0.8269231 0 0.8269231 0 0.7884616 0 0.7884616 0 0.8269231 0 0.8653846 0 0.8653846 0 0.8653846 0 0.8269231 0 0.8269231 0 0.8653846 0 0.9038462 0 0.9038462 0 0.9038462 0 0.8653846 0 0.8653846 0 0.9038462 0 0.9423077 0 0.9423077 0 0.9423077 0 0.9038462 0 0.9038462 0 0.9423077 0 0.9807692 0 0.9807692 0 0.9807692 0 0.9423077 0 0.9423077 0 -0.01923078 0 0.01923078 0 0.01923078 0 0.01923078 0 -0.01923078 0 -0.01923078 0 0.01923078 0 0.05769217 0 0.05769217 0 0.05769217 0 0.01923078 0 0.01923078 0 0.05769217 0 0.09615385 0 0.09615385 0 0.09615385 0 0.05769217 0 0.05769217 0 0.09615385 0 0.1346154 0 0.1346154 0 0.1346154 0 0.09615385 0 0.09615385 0 0.1346154 0 0.1730769 0 0.1730769 0 0.1730769 0 0.1346154 0 0.1346154 0 0.1730769 0 0.2115384 0 0.2115384 0 0.2115384 0 0.1730769 0 0.1730769 0 0.2115384 0 0.2500001 0 0.2500001 0 0.2500001 0 0.2115384 0 0.2115384 0 0.2500001 0 0.2884616 0 0.2884616 0 0.2884616 0 0.2500001 0 0.2500001 0 0.2884616 0 0.3269232 0 0.3269232 0 0.3269232 0 0.2884616 0 0.2884616 0 0.3269232 0 0.3653847 0 0.3653847 0 0.3653847 0 0.3269232 0 0.3269232 0 0.3653847 0 0.4038463 0 0.4038463 0 0.4038463 0 0.3653847 0 0.3653847 0 0.4038463 0 0.4423078 0 0.4423078 0 0.4423078 0 0.4038463 0 0.4038463 0 0.4423078 0 0.4807694 0 0.4807694 0 0.4807694 0 0.4423078 0 0.4423078 0 0.4807694 0 0.519231 0 0.519231 0 0.519231 0 0.4807694 0 0.4807694 0 0.519231 0 0.5576925 0 0.5576925 0 0.5576925 0 0.519231 0 0.519231 0 0.5576925 0 0.596154 0 0.596154 0 0.596154 0 0.5576925 0 0.5576925 0 0.596154 0 0.6346156 0 0.6346156 0 0.6346156 0 0.596154 0 0.596154 0 0.6346156 0 0.6730772 0 0.6730772 0 0.6730772 0 0.6346156 0 0.6346156 0 0.6730772 0 0.7115387 0 0.7115387 0 0.7115387 0 0.6730772 0 0.6730772 0 0.7115387 0 0.75 0 0.75 0 0.75 0 0.7115387 0 0.7115387 0 0.75 0 0.7884616 0 0.7884616 0 0.7884616 0 0.75 0 0.75 0 0.7884616 0 0.8269231 0 0.8269231 0 0.8269231 0 0.7884616 0 0.7884616 0 0.8269231 0 0.8653846 0 0.8653846 0 0.8653846 0 0.8269231 0 0.8269231 0 0.8653846 0 0.9038462 0 0.9038462 0 0.9038462 0 0.8653846 0 0.8653846 0 0.9038462 0 0.9423077 0 0.9423077 0 0.9423077 0 0.9038462 0 0.9038462 0 0.9423077 0 0.9807692 0 0.9807692 0 0.9807692 0 0.9423077 0 0.9423077 0 -0.01923078 0 0.01923078 0 0.01923078 0 0.01923078 0 -0.01923078 0 -0.01923078 0 0.01923078 0 0.05769217 0 0.05769217 0 0.05769217 0 0.01923078 0 0.01923078 0 0.05769217 0 0.09615385 0 0.09615385 0 0.09615385 0 0.05769217 0 0.05769217 0 0.09615385 0 0.1346154 0 0.1346154 0 0.1346154 0 0.09615385 0 0.09615385 0 0.1346154 0 0.1730769 0 0.1730769 0 0.1730769 0 0.1346154 0 0.1346154 0 0.1730769 0 0.2115384 0 0.2115384 0 0.2115384 0 0.1730769 0 0.1730769 0 0.2115384 0 0.2500001 0 0.2500001 0 0.2500001 0 0.2115384 0 0.2115384 0 0.2500001 0 0.2884616 0 0.2884616 0 0.2884616 0 0.2500001 0 0.2500001 0 0.2884616 0 0.3269232 0 0.3269232 0 0.3269232 0 0.2884616 0 0.2884616 0 0.3269232 0 0.3653847 0 0.3653847 0 0.3653847 0 0.3269232 0 0.3269232 0 0.3653847 0 0.4038463 0 0.4038463 0 0.4038463 0 0.3653847 0 0.3653847 0 0.4038463 0 0.4423078 0 0.4423078 0 0.4423078 0 0.4038463 0 0.4038463 0 0.4423078 0 0.4807694 0 0.4807694 0 0.4807694 0 0.4423078 0 0.4423078 0 0.4807694 0 0.519231 0 0.519231 0 0.519231 0 0.4807694 0 0.4807694 0 0.519231 0 0.5576925 0 0.5576925 0 0.5576925 0 0.519231 0 0.519231 0 0.5576925 0 0.596154 0 0.596154 0 0.596154 0 0.5576925 0 0.5576925 0 0.596154 0 0.6346156 0 0.6346156 0 0.6346156 0 0.596154 0 0.596154 0 0.6346156 0 0.6730772 0 0.6730772 0 0.6730772 0 0.6346156 0 0.6346156 0 0.6730772 0 0.7115387 0 0.7115387 0 0.7115387 0 0.6730772 0 0.6730772 0 0.7115387 0 0.75 0 0.75 0 0.75 0 0.7115387 0 0.7115387 0 0.75 0 0.7884616 0 0.7884616 0 0.7884616 0 0.75 0 0.75 0 0.7884616 0 0.8269231 0 0.8269231 0 0.8269231 0 0.7884616 0 0.7884616 0 0.8269231 0 0.8653846 0 0.8653846 0 0.8653846 0 0.8269231 0 0.8269231 0 0.8653846 0 0.9038462 0 0.9038462 0 0.9038462 0 0.8653846 0 0.8653846 0 0.9038462 0 0.9423077 0 0.9423077 0 0.9423077 0 0.9038462 0 0.9038462 0 0.9423077 0 0.9807692 0 0.9807692 0 0.9807692 0 0.9423077 0 0.9423077 0 -0.01923078 0 0.01923078 0 0.01923078 0 0.01923078 0 -0.01923078 0 -0.01923078 0 0.01923078 0 0.05769217 0 0.05769217 0 0.05769217 0 0.01923078 0 0.01923078 0 0.05769217 0 0.09615385 0 0.09615385 0 0.09615385 0 0.05769217 0 0.05769217 0 0.09615385 0 0.1346154 0 0.1346154 0 0.1346154 0 0.09615385 0 0.09615385 0 0.1346154 0 0.1730769 0 0.1730769 0 0.1730769 0 0.1346154 0 0.1346154 0 0.1730769 0 0.2115384 0 0.2115384 0 0.2115384 0 0.1730769 0 0.1730769 0 0.2115384 0 0.2500001 0 0.2500001 0 0.2500001 0 0.2115384 0 0.2115384 0 0.2500001 0 0.2884616 0 0.2884616 0 0.2884616 0 0.2500001 0 0.2500001 0 0.2884616 0 0.3269232 0 0.3269231 0 0.3269231 0 0.2884616 0 0.2884616 0 0.3269232 0 0.3653847 0 0.3653847 0 0.3653847 0 0.3269231 0 0.3269232 0 0.3653847 0 0.4038463 0 0.4038463 0 0.4038463 0 0.3653847 0 0.3653847 0 0.4038463 0 0.4423078 0 0.4423078 0 0.4423078 0 0.4038463 0 0.4038463 0 0.4423078 0 0.4807694 0 0.4807694 0 0.4807694 0 0.4423078 0 0.4423078 0 0.4807694 0 0.519231 0 0.519231 0 0.519231 0 0.4807694 0 0.4807694 0 0.519231 0 0.5576925 0 0.5576925 0 0.5576925 0 0.519231 0 0.519231 0 0.5576925 0 0.596154 0 0.596154 0 0.596154 0 0.5576925 0 0.5576925 0 0.596154 0 0.6346156 0 0.6346156 0 0.6346156 0 0.596154 0 0.596154 0 0.6346156 0 0.6730772 0 0.6730771 0 0.6730771 0 0.6346156 0 0.6346156 0 0.6730772 0 0.7115387 0 0.7115387 0 0.7115387 0 0.6730771 0 0.6730772 0 0.7115387 0 0.75 0 0.75 0 0.75 0 0.7115387 0 0.7115387 0 0.75 0 0.7884616 0 0.7884616 1 0.7884616 1 0.75 1 0.75 0 0.7884616 0 0.8269231 0 0.8269231 1 0.8269231 1 0.7884616 1 0.7884616 0 0.8269231 0 0.8653846 0 0.8653846 1 0.8653846 1 0.8269231 1 0.8269231 0 0.09615385 0 0.1186611 0 0.1186611 1 0.1186611 1 0.09615385 1 0.09615385 0 0.1346154 0 0.1730769 0 0.1730769 1 0.1730769 1 0.1346154 1 0.1346154 0 0.1730769 0 0.2115384 0 0.2115384 1 0.2115384 1 0.1730769 1 0.1730769 0 0.2115384 0 0.2500001 0 0.2500001 1 0.2500001 1 0.2115384 1 0.2115384 0 0.2500001 0 0.2884616 0 0.2884616 1 0.2884616 1 0.2500001 1 0.2500001 0 0.2884616 0 0.3269231 0 0.3269231 1 0.3269231 1 0.2884616 1 0.2884616 0 0.3269231 0 0.3653847 0 0.3653847 1 0.3653847 1 0.3269231 1 0.3269231 0 0.381339 0 0.4038463 0 0.4038463 1 0.4038463 1 0.381339 1 0.381339 0 0.596154 0 0.6186613 0 0.6186613 1 0.6186613 1 0.596154 1 0.596154 0 0.6346156 0 0.6730771 0 0.6730771 1 0.6730771 1 0.6346156 1 0.6346156 0 0.6730771 0 0.7115387 0 0.7115387 1 0.7115387 1 0.6730771 1 0.6730771 0 0.7115387 0 0.75 0 0.75 1 0.75 1 0.7115387 1 0.7115387 0 0.75 1 0.7884616 1 0.7884616 1 0.7884616 1 0.75 1 0.75 1 0.7884616 1 0.8269231 1 0.8269231 1 0.8269231 1 0.7884616 1 0.7884616 1 0.8269231 1 0.8653846 1 0.8653846 1 0.8653846 1 0.8269231 1 0.8269231 1 0.8653846 1 0.9038462 1 0.9038462 1 0.9038462 1 0.8653846 1 0.8653846 1 0.9038462 1 0.9423077 1 0.9423077 1 0.9423077 1 0.9038462 1 0.9038462 1 0.9423077 1 0.9807692 1 0.9807692 1 0.9807692 1 0.9423077 1 0.9423077 1 -0.01923078 1 0.01923078 1 0.01923078 1 0.01923078 1 -0.01923078 1 -0.01923078 1 0.01923078 1 0.05769217 1 0.05769217 1 0.05769217 1 0.01923078 1 0.01923078 1 0.05769217 1 0.05769217 1 0.05769217 1 0.05769217 1 0.05769217 1 0.05769217 1 0.09615385 1 0.1346154 1 0.1346154 1 0.1346154 1 0.09615385 1 0.09615385 1 0.1346154 1 0.1730769 1 0.1730769 1 0.1730769 1 0.1346154 1 0.1346154 1 0.1730769 1 0.2115384 1 0.2115384 1 0.2115384 1 0.1730769 1 0.1730769 1 0.2115384 1 0.2500001 1 0.2500001 1 0.2500001 1 0.2115384 1 0.2115384 1 0.2500001 1 0.2884616 1 0.2884616 1 0.2884616 1 0.2500001 1 0.2500001 1 0.2884616 1 0.3269231 1 0.3269232 1 0.3269232 1 0.2884616 1 0.2884616 1 0.3269231 1 0.3653847 1 0.3653847 1 0.3653847 1 0.3269232 1 0.3269231 1 0.3653847 1 0.4038463 1 0.4038463 1 0.4038463 1 0.3653847 1 0.3653847 1 0.4423078 1 0.4423078 1 0.4423078 1 0.4423078 1 0.4423078 1 0.4423078 1 0.4423078 1 0.4807694 1 0.4807694 1 0.4807694 1 0.4423078 1 0.4423078 1 0.4807694 1 0.519231 1 0.519231 1 0.519231 1 0.4807694 1 0.4807694 1 0.519231 1 0.5576925 1 0.5576925 1 0.5576925 1 0.519231 1 0.519231 1 0.5576925 1 0.596154 1 0.596154 1 0.596154 1 0.5576925 1 0.5576925 1 0.596154 1 0.6346156 1 0.6346156 1 0.6346156 1 0.596154 1 0.596154 1 0.6346156 1 0.6730771 1 0.6730771 1 0.6730771 1 0.6346156 1 0.6346156 1 0.6730771 1 0.7115387 1 0.7115387 1 0.7115387 1 0.6730771 1 0.6730771 1 0.7115387 1 0.75 1 0.75 1 0.75 1 0.7115387 1 0.7115387 1 0.75 1 0.7884616 1 0.7884616 1 0.7884616 1 0.75 1 0.75 1 0.7884616 1 0.8269231 1 0.8269231 1 0.8269231 1 0.7884616 1 0.7884616 1 0.8269231 1 0.8653846 1 0.8653846 1 0.8653846 1 0.8269231 1 0.8269231 1 0.8653846 1 0.9038462 1 0.9038462 1 0.9038462 1 0.8653846 1 0.8653846 1 0.9038462 1 0.9423077 1 0.9423077 1 0.9423077 1 0.9038462 1 0.9038462 1 0.9423077 1 0.9807692 1 0.9807692 1 0.9807692 1 0.9423077 1 0.9423077 1 -0.01923078 1 0.01923078 1 0.01923078 1 0.01923078 1 -0.01923078 1 -0.01923078 1 0.01923078 1 0.05769217 1 0.05769217 1 0.05769217 1 0.01923078 1 0.01923078 1 0.05769217 1 0.09615385 1 0.09615385 1 0.09615385 1 0.05769217 1 0.05769217 1 0.09615385 1 0.1346154 1 0.1346154 1 0.1346154 1 0.09615385 1 0.09615385 1 0.1346154 1 0.1730769 1 0.1730769 1 0.1730769 1 0.1346154 1 0.1346154 1 0.1730769 1 0.2115384 1 0.2115384 1 0.2115384 1 0.1730769 1 0.1730769 1 0.2115384 1 0.2500001 1 0.2500001 1 0.2500001 1 0.2115384 1 0.2115384 1 0.2500001 1 0.2884616 1 0.2884616 1 0.2884616 1 0.2500001 1 0.2500001 1 0.2884616 1 0.3269232 1 0.3269232 1 0.3269232 1 0.2884616 1 0.2884616 1 0.3269232 1 0.3653847 1 0.3653847 1 0.3653847 1 0.3269232 1 0.3269232 1 0.3653847 1 0.4038463 1 0.4038463 1 0.4038463 1 0.3653847 1 0.3653847 1 0.4038463 1 0.4423078 1 0.4423078 1 0.4423078 1 0.4038463 1 0.4038463 1 0.4423078 1 0.4807694 1 0.4807694 1 0.4807694 1 0.4423078 1 0.4423078 1 0.4807694 1 0.519231 1 0.519231 1 0.519231 1 0.4807694 1 0.4807694 1 0.519231 1 0.5576925 1 0.5576925 1 0.5576925 1 0.519231 1 0.519231 1 0.5576925 1 0.596154 1 0.596154 1 0.596154 1 0.5576925 1 0.5576925 1 0.596154 1 0.6346156 1 0.6346156 1 0.6346156 1 0.596154 1 0.596154 1 0.6346156 1 0.6730771 1 0.6730772 1 0.6730772 1 0.6346156 1 0.6346156 1 0.6730771 1 0.7115387 1 0.7115387 1 0.7115387 1 0.6730772 1 0.6730771 1 0.7115387 1 0.75 1 0.75 1 0.75 1 0.7115387 1 0.7115387 1 0.05769217 0 0.09615385 0 0.09615385 0 0.1346154 0 0.1346154 0 0.1345046 0 0.1346154 0 0.1345046 0 0.1341722 0 0.1346154 0 0.1341722 0 0.1336182 0 0.1346154 0 0.1336182 0 0.1328427 0 0.1346154 0 0.1328427 0 0.1318455 0 0.1346154 0 0.1318455 0 0.1306267 0 0.1346154 0 0.1306267 0 0.1291865 0 0.1346154 0 0.1291865 0 0.1275246 0 0.1346154 0 0.1275246 0 0.1256411 0 0.1346154 0 0.1256411 0 0.123536 0 0.1346154 0 0.123536 0 0.1212093 0 0.1346154 0 0.1212093 0 0.1186611 0 0.09615385 0 0.1346154 0 0.1186611 0 0.09615385 0 0.1186611 0 0.09615385 0 0.1346154 0 0.1346154 1 0.1346154 1 0.1346154 1 0.1346154 0 0.1346154 0 0.1346154 1 0.09615385 1 0.09615385 1 0.09615385 1 0.1186611 1 0.1212093 1 0.09615385 1 0.1212093 1 0.123536 1 0.09615385 1 0.123536 1 0.1256411 1 0.09615385 1 0.1256411 1 0.1275246 1 0.09615385 1 0.1275246 1 0.1291865 1 0.09615385 1 0.1291865 1 0.1306267 1 0.09615385 1 0.1306267 1 0.1318455 1 0.09615385 1 0.1318455 1 0.1328427 1 0.09615385 1 0.1328427 1 0.1336182 1 0.09615385 1 0.1336182 1 0.1341722 1 0.09615385 1 0.1341722 1 0.1345046 1 0.09615385 1 0.1345046 1 0.1346154 1 0.1346154 1 0.09615385 1 0.1346154 1 0.8653846 1 0.8653846 1 0.8654954 1 0.8653846 1 0.8654954 1 0.8658277 1 0.8653846 1 0.8658277 1 0.8663817 1 0.8653846 1 0.8663817 1 0.8671573 1 0.8653846 1 0.8671573 1 0.8681544 1 0.8653846 1 0.8681544 1 0.8693732 1 0.8653846 1 0.8693732 1 0.8708135 1 0.8653846 1 0.8708135 1 0.8724754 1 0.8653846 1 0.8724754 1 0.8743589 1 0.8653846 1 0.8743589 1 0.876464 1 0.8653846 1 0.876464 1 0.8787906 1 0.8653846 1 0.8787906 1 0.8813389 1 0.9038462 1 0.8653846 1 0.8813389 1 0.8653846 1 0.8653846 0 0.8653846 0 0.8653846 0 0.8653846 1 0.8653846 1 0.3653847 0 0.4038463 0 0.4038463 0 0.4038463 0 0.381339 0 0.3787907 0 0.4038463 0 0.3787907 0 0.3764641 0 0.4038463 0 0.3764641 0 0.374359 0 0.4038463 0 0.374359 0 0.3724755 0 0.4038463 0 0.3724755 0 0.3708136 0 0.4038463 0 0.3708136 0 0.3693733 0 0.4038463 0 0.3693733 0 0.3681545 0 0.4038463 0 0.3681545 0 0.3671574 0 0.4038463 0 0.3671574 0 0.3663819 0 0.4038463 0 0.3663819 0 0.3658279 0 0.4038463 0 0.3658279 0 0.3654955 0 0.4038463 0 0.3654955 0 0.3653847 0 0.3653847 0 0.4038463 0 0.3653847 0 0.5576925 0 0.596154 0 0.596154 0 0.6346156 0 0.6346156 0 0.6345048 0 0.6346156 0 0.6345048 0 0.6341724 0 0.6346156 0 0.6341724 0 0.6336185 0 0.6346156 0 0.6336185 0 0.6328429 0 0.6346156 0 0.6328429 0 0.6318458 0 0.6346156 0 0.6318458 0 0.630627 0 0.6346156 0 0.630627 0 0.6291867 0 0.6346156 0 0.6291867 0 0.6275248 0 0.6346156 0 0.6275248 0 0.6256413 0 0.6346156 0 0.6256413 0 0.6235362 0 0.6346156 0 0.6235362 0 0.6212096 0 0.6346156 0 0.6212096 0 0.6186613 0 0.596154 0 0.6346156 0 0.6186613 0 0.596154 0 0.6186613 0 0.596154 0 0.6346156 0 0.6346156 1 0.6346156 1 0.6346156 1 0.6346156 0 0.6346156 0 0.6346156 1 0.596154 1 0.596154 1 0.596154 1 0.6186613 1 0.6212096 1 0.596154 1 0.6212096 1 0.6235362 1 0.596154 1 0.6235362 1 0.6256413 1 0.596154 1 0.6256413 1 0.6275248 1 0.596154 1 0.6275248 1 0.6291867 1 0.596154 1 0.6291867 1 0.630627 1 0.596154 1 0.630627 1 0.6318458 1 0.596154 1 0.6318458 1 0.6328429 1 0.596154 1 0.6328429 1 0.6336185 1 0.596154 1 0.6336185 1 0.6341724 1 0.596154 1 0.6341724 1 0.6345048 1 0.596154 1 0.6345048 1 0.6346156 1 0.6346156 1 0.596154 1 0.6346156 1 0.4423078 1 0.4038463 1 0.4038463 1 0.3653847 1 0.3653847 1 0.3654955 1 0.3653847 1 0.3654955 1 0.3658279 1 0.3653847 1 0.3658279 1 0.3663819 1 0.3653847 1 0.3663819 1 0.3671574 1 0.3653847 1 0.3671574 1 0.3681545 1 0.3653847 1 0.3681545 1 0.3693733 1 0.3653847 1 0.3693733 1 0.3708136 1 0.3653847 1 0.3708136 1 0.3724755 1 0.3653847 1 0.3724755 1 0.374359 1 0.3653847 1 0.374359 1 0.3764641 1 0.3653847 1 0.3764641 1 0.3787907 1 0.3653847 1 0.3787907 1 0.381339 1 0.4038463 1 0.3653847 1 0.381339 1 0.4038463 1 0.381339 1 0.4038463 1 0.3653847 1 0.3653847 0 0.3653847 0 0.3653847 0 0.3653847 1 0.3653847 1 0.75 1 0.7884616 1 0.7884616 1 0.7884616 1 0.75 1 0.75 1 0.7884616 1 0.8269231 1 0.8269231 1 0.8269231 1 0.7884616 1 0.7884616 1 0.8269231 1 0.8653846 1 0.8653846 1 0.8653846 1 0.8269231 1 0.8269231 1 0.8653846 1 0.9038462 1 0.9038462 1 0.9038462 1 0.8653846 1 0.8653846 1 0.9038462 1 0.9423077 1 0.9423077 1 0.9423077 1 0.9038462 1 0.9038462 1 0.9423077 1 0.9807692 1 0.9807692 1 0.9807692 1 0.9423077 1 0.9423077 1 -0.01923078 1 0.01923078 1 0.01923078 1 0.01923078 1 -0.01923078 1 -0.01923078 1 0.01923078 1 0.05769217 1 0.05769217 1 0.05769217 1 0.01923078 1 0.01923078 1 0.05769217 1 0.09615385 1 0.09615385 1 0.09615385 1 0.05769217 1 0.05769217 1 0.09615385 1 0.09615385 1 0.09615385 1 0.09615385 1 0.09615385 1 0.09615385 1 0.09615385 1 0.05769217 1 0.05769217 1 0.05769217 1 0.09615385 1 0.09615385 1 0.05769217 1 0.01923078 1 0.01923078 1 0.01923078 1 0.05769217 1 0.05769217 1 0.01923078 1 -0.01923078 1 -0.01923078 1 -0.01923078 1 0.01923078 1 0.01923078 1 0.9807692 1 0.9423077 1 0.9423077 1 0.9423077 1 0.9807692 1 0.9807692 1 0.9423077 1 0.9038462 1 0.9038462 1 0.9038462 1 0.9423077 1 0.9423077 1 0.9038462 1 0.8653846 1 0.8653846 1 0.8653846 1 0.9038462 1 0.9038462 1 0.8653846 1 0.8269231 1 0.8269231 1 0.8269231 1 0.8653846 1 0.8653846 1 0.8269231 1 0.7884616 1 0.7884616 1 0.7884616 1 0.8269231 1 0.8269231 1 0.7884616 1 0.75 1 0.75 1 0.75 1 0.7884616 1 0.7884616 1 0.75 1 0.7115387 1 0.7115387 1 0.7115387 1 0.75 1 0.75 1 0.7115387 1 0.6730771 1 0.6730771 1 0.6730771 1 0.7115387 1 0.7115387 1 0.6730771 1 0.6346156 1 0.6346156 1 0.6346156 1 0.6730771 1 0.6730771 1 0.6346156 1 0.596154 1 0.596154 1 0.596154 1 0.6346156 1 0.6346156 1 0.596154 1 0.5576925 1 0.5576925 1 0.5576925 1 0.596154 1 0.596154 1 0.5576925 1 0.519231 1 0.519231 1 0.519231 1 0.5576925 1 0.5576925 1 0.519231 1 0.4807694 1 0.4807694 1 0.4807694 1 0.519231 1 0.519231 1 0.4807694 1 0.4423078 1 0.4423078 1 0.4423078 1 0.4807694 1 0.4807694 1 0.4423078 1 0.4038463 1 0.4038463 1 0.4038463 1 0.4423078 1 0.4423078 1 0.4038463 1 0.4038463 1 0.4038463 1 0.4038463 1 0.4038463 1 0.4038463 1 0.4038463 1 0.4423078 1 0.4423078 1 0.4423078 1 0.4038463 1 0.4038463 1 0.4423078 1 0.4807694 1 0.4807694 1 0.4807694 1 0.4423078 1 0.4423078 1 0.4807694 1 0.519231 1 0.519231 1 0.519231 1 0.4807694 1 0.4807694 1 0.519231 1 0.5576925 1 0.5576925 1 0.5576925 1 0.519231 1 0.519231 1 0.5576925 1 0.596154 1 0.596154 1 0.596154 1 0.5576925 1 0.5576925 1 0.596154 1 0.6346156 1 0.6346156 1 0.6346156 1 0.596154 1 0.596154 1 0.6346156 1 0.6730771 1 0.6730771 1 0.6730771 1 0.6346156 1 0.6346156 1 0.6730771 1 0.7115387 1 0.7115387 1 0.7115387 1 0.6730771 1 0.6730771 1 0.7115387 1 0.75 1 0.75 1 0.75 1 0.7115387 1 0.7115387 1 0.75 1 0.7884616 1 0.7884616 1 0.7884616 1 0.75 1 0.75 1 0.7884616 1 0.8269231 1 0.8269231 1 0.8269231 1 0.7884616 1 0.7884616 1 0.8269231 1 0.8653846 1 0.8653846 1 0.8653846 1 0.8269231 1 0.8269231 1 0.8653846 1 0.9038462 1 0.9038462 1 0.9038462 1 0.8653846 1 0.8653846 1 0.9038462 1 0.9423077 1 0.9423077 1 0.9423077 1 0.9038462 1 0.9038462 1 0.9423077 1 0.9807692 1 0.9807692 1 0.9807692 1 0.9423077 1 0.9423077 1 -0.01923078 1 0.01923078 1 0.01923078 1 0.01923078 1 -0.01923078 1 -0.01923078 1 0.01923078 1 0.05769217 1 0.05769217 1 0.05769217 1 0.01923078 1 0.01923078 1 0.05769217 1 0.09615385 1 0.09615385 1 0.09615385 1 0.05769217 1 0.05769217 1 0.09615385 1 0.09615385 1 0.09615385 1 0.09615385 1 0.09615385 1 0.09615385 1 0.09615385 1 0.05769217 1 0.05769217 1 0.05769217 1 0.09615385 1 0.09615385 1 0.05769217 1 0.01923078 1 0.01923078 1 0.01923078 1 0.05769217 1 0.05769217 1 0.01923078 1 -0.01923078 1 -0.01923078 1 -0.01923078 1 0.01923078 1 0.01923078 1 0.9807692 1 0.9423077 1 0.9423077 1 0.9423077 1 0.9807692 1 0.9807692 1 0.9423077 1 0.9038462 1 0.9038462 1 0.9038462 1 0.9423077 1 0.9423077 1 0.9038462 1 0.8653846 1 0.8653846 1 0.8653846 1 0.9038462 1 0.9038462 1 0.8653846 1 0.8269231 1 0.8269231 1 0.8269231 1 0.8653846 1 0.8653846 1 0.8269231 1 0.7884616 1 0.7884616 1 0.7884616 1 0.8269231 1 0.8269231 1 0.7884616 1 0.75 1 0.75 1 0.75 1 0.7884616 1 0.7884616 1 0.75 1 0.7115387 1 0.7115387 1 0.7115387 1 0.75 1 0.75 1 0.7115387 1 0.6730771 1 0.6730771 1 0.6730771 1 0.7115387 1 0.7115387 1 0.6730771 1 0.6346156 1 0.6346156 1 0.6346156 1 0.6730771 1 0.6730771 1 0.6346156 1 0.596154 1 0.596154 1 0.596154 1 0.6346156 1 0.6346156 1 0.596154 1 0.5576925 1 0.5576925 1 0.5576925 1 0.596154 1 0.596154 1 0.5576925 1 0.519231 1 0.519231 1 0.519231 1 0.5576925 1 0.5576925 1 0.519231 1 0.4807694 1 0.4807694 1 0.4807694 1 0.519231 1 0.519231 1 0.4807694 1 0.4423078 1 0.4423078 1 0.4423078 1 0.4807694 1 0.4807694 1 0.4423078 1 0.4038463 1 0.4038463 1 0.4038463 1 0.4423078 1 0.4423078 1 0.4038463 1 0.4038463 1 0.4038463 1 0.4038463 1 0.4038463 1 0.4038463 1 0.4038463 1 0.4423078 1 0.4423078 1 0.4423078 1 0.4038463 1 0.4038463 1 0.4423078 1 0.4807694 1 0.4807694 1 0.4807694 1 0.4423078 1 0.4423078 1 0.4807694 1 0.519231 1 0.519231 1 0.519231 1 0.4807694 1 0.4807694 1 0.519231 1 0.5576925 1 0.5576925 1 0.5576925 1 0.519231 1 0.519231 1 0.5576925 1 0.596154 1 0.596154 1 0.596154 1 0.5576925 1 0.5576925 1 0.596154 1 0.6346156 1 0.6346156 1 0.6346156 1 0.596154 1 0.596154 1 0.6346156 1 0.6730771 1 0.6730771 1 0.6730771 1 0.6346156 1 0.6346156 1 0.6730771 1 0.7115387 1 0.7115387 1 0.7115387 1 0.6730771 1 0.6730771 1 0.7115387 1 0.75 1 0.75 1 0.75 1 0.7115387 1 0.7115387 1 0.75 1 0.7884616 1 0.7884616 1 0.7884616 1 0.75 1 0.75 1 0.7884616 1 0.8269231 1 0.8269231 1 0.8269231 1 0.7884616 1 0.7884616 1 0.8269231 1 0.8653846 1 0.8653846 1 0.8653846 1 0.8269231 1 0.8269231 1 0.8653846 1 0.9038462 1 0.9038462 1 0.9038462 1 0.8653846 1 0.8653846 1 0.9038462 1 0.9423077 1 0.9423077 1 0.9423077 1 0.9038462 1 0.9038462 1 0.9423077 1 0.9807692 1 0.9807692 1 0.9807692 1 0.9423077 1 0.9423077 1 -0.01923078 1 0.01923078 1 0.01923078 1 0.01923078 1 -0.01923078 1 -0.01923078 1 0.01923078 1 0.05769217 1 0.05769217 1 0.05769217 1 0.01923078 1 0.01923078 1 0.09615385 1 0.09615385 1 0.09608703 1 0.09615385 1 0.09608703 1 0.09588676 1 0.09615385 1 0.09588676 1 0.09555286 1 0.09615385 1 0.09555286 1 0.09508544 1 0.09615385 1 0.09508544 1 0.0944845 1 0.09615385 1 0.0944845 1 0.09375 1 0.09615385 1 0.09375 1 0.09288191 1 0.09615385 1 0.09288191 1 0.09188032 1 0.09615385 1 0.09188032 1 0.09074521 1 0.09615385 1 0.09074521 1 0.08947646 1 0.09615385 1 0.08947646 1 0.08807426 1 0.09615385 1 0.08807426 1 0.08653843 1 0.09615385 1 0.08653843 1 0.08486914 1 0.09615385 1 0.08486914 1 0.08306622 1 0.09615385 1 0.08306622 1 0.08112978 1 0.09615385 1 0.08112978 1 0.07905983 1 0.09615385 1 0.07905983 1 0.07685631 1 0.09615385 1 0.07685631 1 0.07451921 1 0.09615385 1 0.07451921 1 0.0720486 1 0.09615385 1 0.0720486 1 0.06944447 1 0.09615385 1 0.06944447 1 0.06670671 1 0.09615385 1 0.06670671 1 0.0638355 1 0.09615385 1 0.0638355 1 0.06083065 1 0.09615385 1 0.06083065 1 0.05769217 1 0.05769217 1 0.09615385 1 0.05769217 1 0.05769217 1 0.05769217 1 0.05769217 1 0.09615385 1 0.09615385 1 0.09615385 1 0.09615385 1 0.09615385 1 0.09615385 1 0.09615385 1 0.05769217 1 0.05769217 1 0.05769217 1 0.05769217 1 0.06083065 1 0.05769217 1 0.06083065 1 0.0638355 1 0.05769217 1 0.0638355 1 0.06670677 1 0.05769217 1 0.06670677 1 0.06944447 1 0.05769217 1 0.06944447 1 0.0720486 1 0.05769217 1 0.0720486 1 0.07451921 1 0.05769217 1 0.07451921 1 0.07685631 1 0.05769217 1 0.07685631 1 0.07905983 1 0.05769217 1 0.07905983 1 0.08112978 1 0.05769217 1 0.08112978 1 0.08306622 1 0.05769217 1 0.08306622 1 0.08486914 1 0.05769217 1 0.08486914 1 0.08653843 1 0.05769217 1 0.08653843 1 0.08807426 1 0.05769217 1 0.08807426 1 0.08947646 1 0.05769217 1 0.08947646 1 0.09074521 1 0.05769217 1 0.09074521 1 0.09188032 1 0.05769217 1 0.09188032 1 0.09288191 1 0.05769217 1 0.09288191 1 0.09375 1 0.05769217 1 0.09375 1 0.0944845 1 0.05769217 1 0.0944845 1 0.09508544 1 0.05769217 1 0.09508544 1 0.09555286 1 0.05769217 1 0.09555286 1 0.09588676 1 0.05769217 1 0.09588676 1 0.09608703 1 0.05769217 1 0.09608703 1 0.09615385 1 0.09615385 1 0.05769217 1 0.09615385 1 0.05769217 1 0.01923078 1 0.01923078 1 0.01923078 1 0.05769217 1 0.05769217 1 0.01923078 1 -0.01923078 1 -0.01923078 1 -0.01923078 1 0.01923078 1 0.01923078 1 0.9807692 1 0.9423077 1 0.9423077 1 0.9423077 1 0.9807692 1 0.9807692 1 0.9423077 1 0.9038462 1 0.9038462 1 0.9038462 1 0.9423077 1 0.9423077 1 0.9038462 1 0.8653846 1 0.8653846 1 0.8653846 1 0.9038462 1 0.9038462 1 0.8653846 1 0.8269231 1 0.8269231 1 0.8269231 1 0.8653846 1 0.8653846 1 0.8269231 1 0.7884616 1 0.7884616 1 0.7884616 1 0.8269231 1 0.8269231 1 0.7884616 1 0.75 1 0.75 1 0.75 1 0.7884616 1 0.7884616 1 0.75 1 0.7115387 1 0.7115387 1 0.7115387 1 0.75 1 0.75 1 0.7115387 1 0.6730771 1 0.6730771 1 0.6730771 1 0.7115387 1 0.7115387 1 0.6730771 1 0.6346156 1 0.6346156 1 0.6346156 1 0.6730771 1 0.6730771 1 0.6346156 1 0.596154 1 0.596154 1 0.596154 1 0.6346156 1 0.6346156 1 0.596154 1 0.5576925 1 0.5576925 1 0.5576925 1 0.596154 1 0.596154 1 0.5576925 1 0.519231 1 0.519231 1 0.519231 1 0.5576925 1 0.5576925 1 0.519231 1 0.4807694 1 0.4807694 1 0.4807694 1 0.519231 1 0.519231 1 0.4807694 1 0.4423078 1 0.4423078 1 0.4423078 1 0.4807694 1 0.4807694 1 0.4038463 1 0.4038463 1 0.403913 1 0.4038463 1 0.403913 1 0.4041134 1 0.4038463 1 0.4041134 1 0.4044472 1 0.4038463 1 0.4044472 1 0.4049146 1 0.4038463 1 0.4049146 1 0.4055156 1 0.4038463 1 0.4055156 1 0.4062501 1 0.4038463 1 0.4062501 1 0.4071182 1 0.4038463 1 0.4071182 1 0.4081197 1 0.4038463 1 0.4081197 1 0.4092549 1 0.4038463 1 0.4092549 1 0.4105236 1 0.4038463 1 0.4105236 1 0.4119259 1 0.4038463 1 0.4119259 1 0.4134616 1 0.4038463 1 0.4134616 1 0.415131 1 0.4038463 1 0.415131 1 0.4169339 1 0.4038463 1 0.4169339 1 0.4188703 1 0.4038463 1 0.4188703 1 0.4209403 1 0.4038463 1 0.4209403 1 0.4231438 1 0.4038463 1 0.4231438 1 0.4254809 1 0.4038463 1 0.4254809 1 0.4279515 1 0.4038463 1 0.4279515 1 0.4305557 1 0.4038463 1 0.4305557 1 0.4332934 1 0.4038463 1 0.4332934 1 0.4361647 1 0.4038463 1 0.4361647 1 0.4391695 1 0.4038463 1 0.4391695 1 0.4423078 1 0.4423078 1 0.4038463 1 0.4423078 1 0.4423078 1 0.4423078 1 0.4423078 1 0.4038463 1 0.4038463 1 0.4038463 1 0.4038463 1 0.4038463 1 0.4038463 1 0.4038463 1 0.4423078 1 0.4423078 1 0.4423078 1 0.4423078 1 0.4391695 1 0.4423078 1 0.4391695 1 0.4361647 1 0.4423078 1 0.4361647 1 0.4332934 1 0.4423078 1 0.4332934 1 0.4305557 1 0.4423078 1 0.4305557 1 0.4279515 1 0.4423078 1 0.4279515 1 0.4254809 1 0.4423078 1 0.4254809 1 0.4231438 1 0.4423078 1 0.4231438 1 0.4209403 1 0.4423078 1 0.4209403 1 0.4188703 1 0.4423078 1 0.4188703 1 0.4169339 1 0.4423078 1 0.4169339 1 0.415131 1 0.4423078 1 0.415131 1 0.4134617 1 0.4423078 1 0.4134617 1 0.4119259 1 0.4423078 1 0.4119259 1 0.4105237 1 0.4423078 1 0.4105237 1 0.4092549 1 0.4423078 1 0.4092549 1 0.4081198 1 0.4423078 1 0.4081198 1 0.4071182 1 0.4423078 1 0.4071182 1 0.4062501 1 0.4423078 1 0.4062501 1 0.4055156 1 0.4423078 1 0.4055156 1 0.4049147 1 0.4423078 1 0.4049147 1 0.4044473 1 0.4423078 1 0.4044473 1 0.4041134 1 0.4423078 1 0.4041134 1 0.4039131 1 0.4423078 1 0.4039131 1 0.4038463 1 0.4038463 1 0.4423078 1 0.4038463 1 0.4423078 1 0.4807694 1 0.4807694 1 0.4807694 1 0.4423078 1 0.4423078 1 0.4807694 1 0.519231 1 0.519231 1 0.519231 1 0.4807694 1 0.4807694 1 0.519231 1 0.5576925 1 0.5576925 1 0.5576925 1 0.519231 1 0.519231 1 0.5576925 1 0.596154 1 0.596154 1 0.596154 1 0.5576925 1 0.5576925 1 0.596154 1 0.6346156 1 0.6346156 1 0.6346156 1 0.596154 1 0.596154 1 0.6346156 1 0.6730771 1 0.6730771 1 0.6730771 1 0.6346156 1 0.6346156 1 0.6730771 1 0.7115387 1 0.7115387 1 0.7115387 1 0.6730771 1 0.6730771 1 0.7115387 1 0.75 1 0.75 1 0.75 1 0.7115387 1 0.7115387 1 0.06083065 1 0.05769217 1 0.05769217 1 0.05769217 1 0.06083065 1 0.06083065 1 0.4391695 1 0.4423078 1 0.4423078 1 0.4423078 1 0.4391695 1 0.4391695 1 0.0638355 1 0.06083065 1 0.06083065 1 0.06083065 1 0.0638355 1 0.0638355 1 0.06670677 1 0.0638355 1 0.0638355 1 0.0638355 1 0.06670671 1 0.06670677 1 0.06944447 1 0.06670677 1 0.06670671 1 0.06670671 1 0.06944447 1 0.06944447 1 0.0720486 1 0.06944447 1 0.06944447 1 0.06944447 1 0.0720486 1 0.0720486 1 0.07451921 1 0.0720486 1 0.0720486 1 0.0720486 1 0.07451921 1 0.07451921 1 0.07685631 1 0.07451921 1 0.07451921 1 0.07451921 1 0.07685631 1 0.07685631 1 0.07905983 1 0.07685631 1 0.07685631 1 0.07685631 1 0.07905983 1 0.07905983 1 0.08112978 1 0.07905983 1 0.07905983 1 0.07905983 1 0.08112978 1 0.08112978 1 0.08306622 1 0.08112978 1 0.08112978 1 0.08112978 1 0.08306622 1 0.08306622 1 0.08486914 1 0.08306622 1 0.08306622 1 0.08306622 1 0.08486914 1 0.08486914 1 0.08653843 1 0.08486914 1 0.08486914 1 0.08486914 1 0.08653843 1 0.08653843 1 0.08807426 1 0.08653843 1 0.08653843 1 0.08653843 1 0.08807426 1 0.08807426 1 0.08947646 1 0.08807426 1 0.08807426 1 0.08807426 1 0.08947646 1 0.08947646 1 0.09074521 1 0.08947646 1 0.08947646 1 0.08947646 1 0.09074521 1 0.09074521 1 0.09188032 1 0.09074521 1 0.09074521 1 0.09074521 1 0.09188032 1 0.09188032 1 0.09288191 1 0.09188032 1 0.09188032 1 0.09188032 1 0.09288191 1 0.09288191 1 0.09375 1 0.09288191 1 0.09288191 1 0.09288191 1 0.09375 1 0.09375 1 0.0944845 1 0.09375 1 0.09375 1 0.09375 1 0.0944845 1 0.0944845 1 0.09508544 1 0.0944845 1 0.0944845 1 0.0944845 1 0.09508544 1 0.09508544 1 0.09555286 1 0.09508544 1 0.09508544 1 0.09508544 1 0.09555286 1 0.09555286 1 0.09588676 1 0.09555286 1 0.09555286 1 0.09555286 1 0.09588676 1 0.09588676 1 0.09608703 1 0.09588676 1 0.09588676 1 0.09588676 1 0.09608703 1 0.09608703 1 0.09615385 1 0.09608703 1 0.09608703 1 0.09608703 1 0.09615385 1 0.09615385 1 0.4361647 1 0.4391695 1 0.4391695 1 0.4391695 1 0.4361647 1 0.4361647 1 0.4332934 1 0.4361647 1 0.4361647 1 0.4361647 1 0.4332934 1 0.4332934 1 0.4305557 1 0.4332934 1 0.4332934 1 0.4332934 1 0.4305557 1 0.4305557 1 0.4279515 1 0.4305557 1 0.4305557 1 0.4305557 1 0.4279515 1 0.4279515 1 0.4254809 1 0.4279515 1 0.4279515 1 0.4279515 1 0.4254809 1 0.4254809 1 0.4231438 1 0.4254809 1 0.4254809 1 0.4254809 1 0.4231438 1 0.4231438 1 0.4209403 1 0.4231438 1 0.4231438 1 0.4231438 1 0.4209403 1 0.4209403 1 0.4188703 1 0.4209403 1 0.4209403 1 0.4209403 1 0.4188703 1 0.4188703 1 0.4169339 1 0.4188703 1 0.4188703 1 0.4188703 1 0.4169339 1 0.4169339 1 0.415131 1 0.4169339 1 0.4169339 1 0.4169339 1 0.415131 1 0.415131 1 0.4134617 1 0.415131 1 0.415131 1 0.415131 1 0.4134616 1 0.4134617 1 0.4119259 1 0.4134617 1 0.4134616 1 0.4134616 1 0.4119259 1 0.4119259 1 0.4105237 1 0.4119259 1 0.4119259 1 0.4119259 1 0.4105236 1 0.4105237 1 0.4092549 1 0.4105237 1 0.4105236 1 0.4105236 1 0.4092549 1 0.4092549 1 0.4081198 1 0.4092549 1 0.4092549 1 0.4092549 1 0.4081197 1 0.4081198 1 0.4071182 1 0.4081198 1 0.4081197 1 0.4081197 1 0.4071182 1 0.4071182 1 0.4062501 1 0.4071182 1 0.4071182 1 0.4071182 1 0.4062501 1 0.4062501 1 0.4055156 1 0.4062501 1 0.4062501 1 0.4062501 1 0.4055156 1 0.4055156 1 0.4049147 1 0.4055156 1 0.4055156 1 0.4055156 1 0.4049146 1 0.4049147 1 0.4044473 1 0.4049147 1 0.4049146 1 0.4049146 1 0.4044472 1 0.4044473 1 0.4041134 1 0.4044473 1 0.4044472 1 0.4044472 1 0.4041134 1 0.4041134 1 0.4039131 1 0.4041134 1 0.4041134 1 0.4041134 1 0.403913 1 0.4039131 1 0.4038463 1 0.4039131 1 0.403913 1 0.403913 1 0.4038463 1 0.4038463 1 0.75 1 0.7884616 1 0.7884616 1 0.7884616 1 0.75 1 0.75 1 0.7884616 1 0.8269231 1 0.8269231 1 0.8269231 1 0.7884616 1 0.7884616 1 0.8269231 1 0.8653846 1 0.8653846 1 0.8653846 1 0.8269231 1 0.8269231 1 0.8653846 1 0.9038462 1 0.9038462 1 0.9038462 1 0.8653846 1 0.8653846 1 0.9038462 1 0.9423077 1 0.9423077 1 0.9423077 1 0.9038462 1 0.9038462 1 0.9423077 1 0.9807692 1 0.9807692 1 0.9807692 1 0.9423077 1 0.9423077 1 -0.01923078 1 0.01923078 1 0.01923078 1 0.01923078 1 -0.01923078 1 -0.01923078 1 0.01923078 1 0.05769217 1 0.05769217 1 0.05769217 1 0.01923078 1 0.01923078 1 0.05769217 1 0.09615385 1 0.09615385 1 0.09615385 1 0.05769217 1 0.05769217 1 0.09615385 1 0.1346154 1 0.1346154 1 0.1346154 1 0.09615385 1 0.09615385 1 0.1346154 1 0.1730769 1 0.1730769 1 0.1730769 1 0.1346154 1 0.1346154 1 0.1730769 1 0.2115384 1 0.2115384 1 0.2115384 1 0.1730769 1 0.1730769 1 0.2115384 1 0.2500001 1 0.2500001 1 0.2500001 1 0.2115384 1 0.2115384 1 0.2500001 1 0.2884616 1 0.2884616 1 0.2884616 1 0.2500001 1 0.2500001 1 0.2884616 1 0.3269232 1 0.3269232 1 0.3269232 1 0.2884616 1 0.2884616 1 0.3269232 1 0.3653847 1 0.3653847 1 0.3653847 1 0.3269232 1 0.3269232 1 0.3653847 1 0.4038463 1 0.4038463 1 0.4038463 1 0.3653847 1 0.3653847 1 0.4038463 1 0.4423078 1 0.4423078 1 0.4423078 1 0.4038463 1 0.4038463 1 0.4423078 1 0.4807694 1 0.4807694 1 0.4807694 1 0.4423078 1 0.4423078 1 0.4807694 1 0.519231 1 0.519231 1 0.519231 1 0.4807694 1 0.4807694 1 0.519231 1 0.5576925 1 0.5576925 1 0.5576925 1 0.519231 1 0.519231 1 0.5576925 1 0.596154 1 0.596154 1 0.596154 1 0.5576925 1 0.5576925 1 0.596154 1 0.6346156 1 0.6346156 1 0.6346156 1 0.596154 1 0.596154 1 0.6346156 1 0.6730771 1 0.6730771 1 0.6730771 1 0.6346156 1 0.6346156 1 0.6730771 1 0.7115387 1 0.7115387 1 0.7115387 1 0.6730771 1 0.6730771 1 0.7115387 1 0.75 1 0.75 1 0.75 1 0.7115387 1 0.7115387 1 0.7884616 1 0.75 1 0.75 1 0.75 1 0.7884616 1 0.7884616 1 0.75 1 0.7115387 1 0.7115387 1 0.7115387 1 0.75 1 0.75 1 0.7115387 1 0.6730772 1 0.6730772 1 0.6730772 1 0.7115387 1 0.7115387 1 0.6730772 1 0.6346156 1 0.6346156 1 0.6346156 1 0.6730772 1 0.6730772 1 0.6346156 1 0.596154 1 0.596154 1 0.596154 1 0.6346156 1 0.6346156 1 0.596154 1 0.5576925 1 0.5576925 1 0.5576925 1 0.596154 1 0.596154 1 0.5576925 1 0.519231 1 0.519231 1 0.519231 1 0.5576925 1 0.5576925 1 0.519231 1 0.4807694 1 0.4807694 1 0.4807694 1 0.519231 1 0.519231 1 0.4807694 1 0.4423078 1 0.4423078 1 0.4423078 1 0.4807694 1 0.4807694 1 0.4423078 1 0.4038463 1 0.4038463 1 0.4038463 1 0.4423078 1 0.4423078 1 0.4038463 1 0.3653847 1 0.3653847 1 0.3653847 1 0.4038463 1 0.4038463 1 0.3653847 1 0.3269232 1 0.3269232 1 0.3269232 1 0.3653847 1 0.3653847 1 0.3269232 1 0.2884616 1 0.2884616 1 0.2884616 1 0.3269232 1 0.3269232 1 0.2884616 1 0.2500001 1 0.2500001 1 0.2500001 1 0.2884616 1 0.2884616 1 0.2500001 1 0.2115384 1 0.2115384 1 0.2115384 1 0.2500001 1 0.2500001 1 0.2115384 1 0.1730769 1 0.1730769 1 0.1730769 1 0.2115384 1 0.2115384 1 0.1730769 1 0.1346154 1 0.1346154 1 0.1346154 1 0.1730769 1 0.1730769 1 0.1346154 1 0.09615385 1 0.09615385 1 0.09615385 1 0.1346154 1 0.1346154 1 0.09615385 1 0.05769217 1 0.05769217 1 0.05769217 1 0.09615385 1 0.09615385 1 0.05769217 1 0.01923078 1 0.01923078 1 0.01923078 1 0.05769217 1 0.05769217 1 0.01923078 1 -0.01923078 1 -0.01923078 1 -0.01923078 1 0.01923078 1 0.01923078 1 0.9807692 1 0.9423077 1 0.9423077 1 0.9423077 1 0.9807692 1 0.9807692 1 0.9423077 1 0.9038462 1 0.9038462 1 0.9038462 1 0.9423077 1 0.9423077 1 0.9038462 1 0.8653846 1 0.8653846 1 0.8653846 1 0.9038462 1 0.9038462 1 0.8653846 1 0.8269231 1 0.8269231 1 0.8269231 1 0.8653846 1 0.8653846 1 0.8269231 1 0.7884616 1 0.7884616 1 0.7884616 1 0.8269231 1 0.8269231 1 0.75 1 0.7884616 1 0.7884616 1 0.7884616 1 0.75 1 0.75 1 0.7884616 1 0.8269231 1 0.8269231 1 0.8269231 1 0.7884616 1 0.7884616 1 0.8269231 1 0.8653846 1 0.8653846 1 0.8653846 1 0.8269231 1 0.8269231 1 0.8653846 1 0.9038462 1 0.9038462 1 0.9038462 1 0.8653846 1 0.8653846 1 0.9038462 1 0.9423077 1 0.9423077 1 0.9423077 1 0.9038462 1 0.9038462 1 0.9423077 1 0.9807692 1 0.9807692 1 0.9807692 1 0.9423077 1 0.9423077 1 -0.01923078 1 0.01923078 1 0.01923078 1 0.01923078 1 -0.01923078 1 -0.01923078 1 0.01923078 1 0.05769217 1 0.05769217 1 0.05769217 1 0.01923078 1 0.01923078 1 0.05769217 1 0.09615385 1 0.09615385 1 0.09615385 1 0.05769217 1 0.05769217 1 0.09615385 1 0.1346154 1 0.1346154 1 0.1346154 1 0.09615385 1 0.09615385 1 0.1346154 1 0.1730769 1 0.1730769 1 0.1730769 1 0.1346154 1 0.1346154 1 0.1730769 1 0.2115384 1 0.2115384 1 0.2115384 1 0.1730769 1 0.1730769 1 0.2115384 1 0.2500001 1 0.2500001 1 0.2500001 1 0.2115384 1 0.2115384 1 0.2500001 1 0.2884616 1 0.2884616 1 0.2884616 1 0.2500001 1 0.2500001 1 0.2884616 1 0.3269232 1 0.3269232 1 0.3269232 1 0.2884616 1 0.2884616 1 0.3269232 1 0.3653847 1 0.3653847 1 0.3653847 1 0.3269232 1 0.3269232 1 0.3653847 1 0.4038463 1 0.4038463 1 0.4038463 1 0.3653847 1 0.3653847 1 0.4038463 1 0.4423078 1 0.4423078 1 0.4423078 1 0.4038463 1 0.4038463 1 0.4423078 1 0.4807694 1 0.4807694 1 0.4807694 1 0.4423078 1 0.4423078 1 0.4807694 1 0.519231 1 0.519231 1 0.519231 1 0.4807694 1 0.4807694 1 0.519231 1 0.5576925 1 0.5576925 1 0.5576925 1 0.519231 1 0.519231 1 0.5576925 1 0.596154 1 0.596154 1 0.596154 1 0.5576925 1 0.5576925 1 0.596154 1 0.6346156 1 0.6346156 1 0.6346156 1 0.596154 1 0.596154 1 0.6346156 1 0.6730771 1 0.6730771 1 0.6730771 1 0.6346156 1 0.6346156 1 0.6730771 1 0.7115387 1 0.7115387 1 0.7115387 1 0.6730771 1 0.6730771 1 0.7115387 1 0.75 1 0.75 1 0.75 1 0.7115387 1 0.7115387 1 0.75 1 0.7884616 1 0.7884616 1 0.7884616 1 0.75 1 0.75 1 0.7884616 1 0.8269231 1 0.8269231 1 0.8269231 1 0.7884616 1 0.7884616 1 0.8269231 1 0.8653846 1 0.8653846 1 0.8653846 1 0.8269231 1 0.8269231 1 0.8653846 1 0.9038462 1 0.9038462 1 0.9038462 1 0.8653846 1 0.8653846 1 0.9038462 1 0.9423077 1 0.9423077 1 0.9423077 1 0.9038462 1 0.9038462 1 0.9423077 1 0.9807692 1 0.9807692 1 0.9807692 1 0.9423077 1 0.9423077 1 -0.01923078 1 0.01923078 1 0.01923078 1 0.01923078 1 -0.01923078 1 -0.01923078 1 0.01923078 1 0.05769217 1 0.05769217 1 0.05769217 1 0.01923078 1 0.01923078 1 0.05769217 1 0.09615385 1 0.09615385 1 0.09615385 1 0.05769217 1 0.05769217 1 0.09615385 1 0.1346154 1 0.1346154 1 0.1346154 1 0.09615385 1 0.09615385 1 0.1346154 1 0.1730769 1 0.1730769 1 0.1730769 1 0.1346154 1 0.1346154 1 0.1730769 1 0.2115384 1 0.2115384 1 0.2115384 1 0.1730769 1 0.1730769 1 0.2115384 1 0.2500001 1 0.2500001 1 0.2500001 1 0.2115384 1 0.2115384 1 0.2500001 1 0.2884616 1 0.2884616 1 0.2884616 1 0.2500001 1 0.2500001 1 0.2884616 1 0.3269232 1 0.3269232 1 0.3269232 1 0.2884616 1 0.2884616 1 0.3269232 1 0.3653847 1 0.3653847 1 0.3653847 1 0.3269232 1 0.3269232 1 0.3653847 1 0.4038463 1 0.4038463 1 0.4038463 1 0.3653847 1 0.3653847 1 0.4038463 1 0.4423078 1 0.4423078 1 0.4423078 1 0.4038463 1 0.4038463 1 0.4423078 1 0.4807694 1 0.4807694 1 0.4807694 1 0.4423078 1 0.4423078 1 0.4807694 1 0.519231 1 0.519231 1 0.519231 1 0.4807694 1 0.4807694 1 0.519231 1 0.5576925 1 0.5576925 1 0.5576925 1 0.519231 1 0.519231 1 0.5576925 1 0.596154 1 0.596154 1 0.596154 1 0.5576925 1 0.5576925 1 0.596154 1 0.6346156 1 0.6346156 1 0.6346156 1 0.596154 1 0.596154 1 0.6346156 1 0.6730772 1 0.6730772 1 0.6730772 1 0.6346156 1 0.6346156 1 0.6730772 1 0.7115387 1 0.7115387 1 0.7115387 1 0.6730772 1 0.6730772 1 0.7115387 1 0.75 1 0.75 1 0.75 1 0.7115387 1 0.7115387 1 0.1212093 1 0.1186611 1 0.1186611 0 0.1186611 0 0.1212093 0 0.1212093 1 0.8787906 0 0.8813389 0 0.8813389 1 0.8813389 1 0.8787906 1 0.8787906 0 0.6212096 1 0.6186613 1 0.6186613 0 0.6186613 0 0.6212096 0 0.6212096 1 0.3787907 0 0.381339 0 0.381339 1 0.381339 1 0.3787907 1 0.3787907 0 0.123536 1 0.1212093 1 0.1212093 0 0.1212093 0 0.123536 0 0.123536 1 0.1256411 1 0.123536 1 0.123536 0 0.123536 0 0.1256411 0 0.1256411 1 0.1275246 1 0.1256411 1 0.1256411 0 0.1256411 0 0.1275246 0 0.1275246 1 0.1291865 1 0.1275246 1 0.1275246 0 0.1275246 0 0.1291865 0 0.1291865 1 0.1306267 1 0.1291865 1 0.1291865 0 0.1291865 0 0.1306267 0 0.1306267 1 0.1318455 1 0.1306267 1 0.1306267 0 0.1306267 0 0.1318455 0 0.1318455 1 0.1328427 1 0.1318455 1 0.1318455 0 0.1318455 0 0.1328427 0 0.1328427 1 0.1336182 1 0.1328427 1 0.1328427 0 0.1328427 0 0.1336182 0 0.1336182 1 0.1341722 1 0.1336182 1 0.1336182 0 0.1336182 0 0.1341722 0 0.1341722 1 0.1345046 1 0.1341722 1 0.1341722 0 0.1341722 0 0.1345046 0 0.1345046 1 0.1346154 1 0.1345046 1 0.1345046 0 0.1345046 0 0.1346154 0 0.1346154 1 0.876464 0 0.8787906 0 0.8787906 1 0.8787906 1 0.876464 1 0.876464 0 0.8743589 0 0.876464 0 0.876464 1 0.876464 1 0.8743589 1 0.8743589 0 0.8724754 0 0.8743589 0 0.8743589 1 0.8743589 1 0.8724754 1 0.8724754 0 0.8708135 0 0.8724754 0 0.8724754 1 0.8724754 1 0.8708135 1 0.8708135 0 0.8693732 0 0.8708135 0 0.8708135 1 0.8708135 1 0.8693732 1 0.8693732 0 0.8681544 0 0.8693732 0 0.8693732 1 0.8693732 1 0.8681544 1 0.8681544 0 0.8671573 0 0.8681544 0 0.8681544 1 0.8681544 1 0.8671573 1 0.8671573 0 0.8663817 0 0.8671573 0 0.8671573 1 0.8671573 1 0.8663817 1 0.8663817 0 0.8658277 0 0.8663817 0 0.8663817 1 0.8663817 1 0.8658277 1 0.8658277 0 0.8654954 0 0.8658277 0 0.8658277 1 0.8658277 1 0.8654954 1 0.8654954 0 0.8653846 0 0.8654954 0 0.8654954 1 0.8654954 1 0.8653846 1 0.8653846 0 0.6235362 1 0.6212096 1 0.6212096 0 0.6212096 0 0.6235362 0 0.6235362 1 0.6256413 1 0.6235362 1 0.6235362 0 0.6235362 0 0.6256413 0 0.6256413 1 0.6275248 1 0.6256413 1 0.6256413 0 0.6256413 0 0.6275248 0 0.6275248 1 0.6291867 1 0.6275248 1 0.6275248 0 0.6275248 0 0.6291867 0 0.6291867 1 0.630627 1 0.6291867 1 0.6291867 0 0.6291867 0 0.630627 0 0.630627 1 0.6318458 1 0.630627 1 0.630627 0 0.630627 0 0.6318458 0 0.6318458 1 0.6328429 1 0.6318458 1 0.6318458 0 0.6318458 0 0.6328429 0 0.6328429 1 0.6336185 1 0.6328429 1 0.6328429 0 0.6328429 0 0.6336185 0 0.6336185 1 0.6341724 1 0.6336185 1 0.6336185 0 0.6336185 0 0.6341724 0 0.6341724 1 0.6345048 1 0.6341724 1 0.6341724 0 0.6341724 0 0.6345048 0 0.6345048 1 0.6346156 1 0.6345048 1 0.6345048 0 0.6345048 0 0.6346156 0 0.6346156 1 0.3764641 0 0.3787907 0 0.3787907 1 0.3787907 1 0.3764641 1 0.3764641 0 0.374359 0 0.3764641 0 0.3764641 1 0.3764641 1 0.374359 1 0.374359 0 0.3724755 0 0.374359 0 0.374359 1 0.374359 1 0.3724755 1 0.3724755 0 0.3708136 0 0.3724755 0 0.3724755 1 0.3724755 1 0.3708136 1 0.3708136 0 0.3693733 0 0.3708136 0 0.3708136 1 0.3708136 1 0.3693733 1 0.3693733 0 0.3681545 0 0.3693733 0 0.3693733 1 0.3693733 1 0.3681545 1 0.3681545 0 0.3671574 0 0.3681545 0 0.3681545 1 0.3681545 1 0.3671574 1 0.3671574 0 0.3663819 0 0.3671574 0 0.3671574 1 0.3671574 1 0.3663819 1 0.3663819 0 0.3658279 0 0.3663819 0 0.3663819 1 0.3663819 1 0.3658279 1 0.3658279 0 0.3654955 0 0.3658279 0 0.3658279 1 0.3658279 1 0.3654955 1 0.3654955 0 0.3653847 0 0.3654955 0 0.3654955 1 0.3654955 1 0.3653847 1 0.3653847 0 0.75 0.1999999 0.7884615 0.1999999 0.7884615 0.1999999 0.7884615 0.1999999 0.75 0.1999999 0.75 0.1999999 0.7884615 0.1999999 0.826923 0.1999999 0.826923 0.1999999 0.826923 0.1999999 0.7884615 0.1999999 0.7884615 0.1999999 0.826923 0.1999999 0.8653846 0.1999999 0.8653846 0.1999999 0.8653846 0.1999999 0.826923 0.1999999 0.826923 0.1999999 0.8653846 0.1999999 0.9038462 0.1999999 0.9038462 0.1999999 0.9038462 0.1999999 0.8653846 0.1999999 0.8653846 0.1999999 0.9038462 0.1999999 0.9423077 0.1999999 0.9423077 0.1999999 0.9423077 0.1999999 0.9038462 0.1999999 0.9038462 0.1999999 0.9423077 0.1999999 0.9807692 0.1999999 0.9807692 0.1999999 0.9807692 0.1999999 0.9423077 0.1999999 0.9423077 0.1999999 0.9807692 0.1999999 1.019231 0.1999999 1.019231 0.1999999 1.019231 0.1999999 0.9807692 0.1999999 0.9807692 0.1999999 0.01923072 0.1999999 0.05769217 0.1999999 0.05769217 0.1999999 0.05769217 0.1999999 0.01923072 0.1999999 0.01923072 0.1999999 0.05769217 0.1999999 0.09615379 0.1999999 0.09615379 0.1999999 0.09615379 0.1999999 0.05769217 0.1999999 0.05769217 0.1999999 0.09615379 0.1999999 0.1346153 0.1999999 0.1346153 0.1999999 0.1346153 0.1999999 0.09615379 0.1999999 0.09615379 0.1999999 0.1346153 0.1999999 0.1730769 0.1999999 0.1730769 0.1999999 0.1730769 0.1999999 0.1346153 0.1999999 0.1346153 0.1999999 0.1730769 0.1999999 0.2115384 0.1999999 0.2115384 0.1999999 0.2115384 0.1999999 0.1730769 0.1999999 0.1730769 0.1999999 0.2115384 0.1999999 0.25 0.1999999 0.25 0.1999999 0.25 0.1999999 0.2115384 0.1999999 0.2115384 0.1999999 0.25 0.1999999 0.2884616 0.1999999 0.2884616 0.1999999 0.2884616 0.1999999 0.25 0.1999999 0.25 0.1999999 0.2884616 0.1999999 0.3269231 0.1999999 0.3269231 0.1999999 0.3269231 0.1999999 0.2884616 0.1999999 0.2884616 0.1999999 0.3269231 0.1999999 0.3653847 0.1999999 0.3653846 0.1999999 0.3653846 0.1999999 0.3269231 0.1999999 0.3269231 0.1999999 0.3653847 0.1999999 0.4038462 0.1999999 0.4038462 0.1999999 0.4038462 0.1999999 0.3653846 0.1999999 0.3653847 0.1999999 0.4038462 0.1999999 0.4423078 0.1999999 0.4423078 0.1999999 0.4423078 0.1999999 0.4038462 0.1999999 0.4038462 0.1999999 0.4423078 0.1999999 0.4807693 0.1999999 0.4807693 0.1999999 0.4807693 0.1999999 0.4423078 0.1999999 0.4423078 0.1999999 0.4807693 0.1999999 0.5192309 0.1999999 0.5192309 0.1999999 0.5192309 0.1999999 0.4807693 0.1999999 0.4807693 0.1999999 0.5192309 0.1999999 0.5576925 0.1999999 0.5576925 0.1999999 0.5576925 0.1999999 0.5192309 0.1999999 0.5192309 0.1999999 0.5576925 0.1999999 0.596154 0.1999999 0.596154 0.1999999 0.596154 0.1999999 0.5576925 0.1999999 0.5576925 0.1999999 0.596154 0.1999999 0.6346156 0.1999999 0.6346156 0.1999999 0.6346156 0.1999999 0.596154 0.1999999 0.596154 0.1999999 0.6346156 0.1999999 0.6730771 0.1999999 0.6730771 0.1999999 0.6730771 0.1999999 0.6346156 0.1999999 0.6346156 0.1999999 0.6730771 0.1999999 0.7115387 0.1999999 0.7115387 0.1999999 0.7115387 0.1999999 0.6730771 0.1999999 0.6730771 0.1999999 0.7115387 0.1999999 0.75 0.1999999 0.75 0.1999999 0.75 0.1999999 0.7115387 0.1999999 0.7115387 0.1999999 0.75 0.1999999 0.7884615 0.1999999 0.7884615 0.1999999 0.7884615 0.1999999 0.75 0.1999999 0.75 0.1999999 0.7884615 0.1999999 0.826923 0.1999999 0.826923 0.1999999 0.826923 0.1999999 0.7884615 0.1999999 0.7884615 0.1999999 0.826923 0.1999999 0.8653846 0.1999999 0.8653846 0.1999999 0.8653846 0.1999999 0.826923 0.1999999 0.826923 0.1999999 0.8653846 0.1999999 0.9038462 0.1999999 0.9038462 0.1999999 0.9038462 0.1999999 0.8653846 0.1999999 0.8653846 0.1999999 0.9038462 0.1999999 0.9423077 0.1999999 0.9423076 0.1999999 0.9423076 0.1999999 0.9038462 0.1999999 0.9038462 0.1999999 0.9423077 0.1999999 0.9807692 0.1999999 0.9807692 0.1999999 0.9807692 0.1999999 0.9423076 0.1999999 0.9423077 0.1999999 0.9807692 0.1999999 1.019231 0.1999999 1.019231 0.1999999 1.019231 0.1999999 0.9807692 0.1999999 0.9807692 0.1999999 0.01923072 0.1999999 0.05769217 0.1999999 0.05769217 0.1999999 0.05769217 0.1999999 0.01923072 0.1999999 0.01923072 0.1999999 0.05769217 0.1999999 0.09615379 0.1999999 0.09615379 0.1999999 0.09615379 0.1999999 0.05769217 0.1999999 0.05769217 0.1999999 0.09615379 0.1999999 0.1346153 0.1999999 0.1346153 0.1999999 0.1346153 0.1999999 0.09615379 0.1999999 0.09615379 0.1999999 0.1346153 0.1999999 0.1730769 0.1999999 0.1730769 0.1999999 0.1730769 0.1999999 0.1346153 0.1999999 0.1346153 0.1999999 0.1730769 0.1999999 0.2115384 0.1999999 0.2115384 0.1999999 0.2115384 0.1999999 0.1730769 0.1999999 0.1730769 0.1999999 0.2115384 0.1999999 0.25 0.1999999 0.25 0.1999999 0.25 0.1999999 0.2115384 0.1999999 0.2115384 0.1999999 0.25 0.1999999 0.2884616 0.1999999 0.2884616 0.1999999 0.2884616 0.1999999 0.25 0.1999999 0.25 0.1999999 0.2884616 0.1999999 0.3269231 0.1999999 0.3269231 0.1999999 0.3269231 0.1999999 0.2884616 0.1999999 0.2884616 0.1999999 0.3269231 0.1999999 0.3653846 0.1999999 0.3653847 0.1999999 0.3653847 0.1999999 0.3269231 0.1999999 0.3269231 0.1999999 0.3653846 0.1999999 0.4038462 0.1999999 0.4038463 0.1999999 0.4038463 0.1999999 0.3653847 0.1999999 0.3653846 0.1999999 0.4038462 0.1999999 0.4423078 0.1999999 0.4423078 0.1999999 0.4423078 0.1999999 0.4038463 0.1999999 0.4038462 0.1999999 0.4423078 0.1999999 0.4807693 0.1999999 0.4807693 0.1999999 0.4807693 0.1999999 0.4423078 0.1999999 0.4423078 0.1999999 0.4807693 0.1999999 0.5192309 0.1999999 0.5192309 0.1999999 0.5192309 0.1999999 0.4807693 0.1999999 0.4807693 0.1999999 0.5192309 0.1999999 0.5576925 0.1999999 0.5576925 0.1999999 0.5576925 0.1999999 0.5192309 0.1999999 0.5192309 0.1999999 0.5576925 0.1999999 0.596154 0.1999999 0.596154 0.1999999 0.596154 0.1999999 0.5576925 0.1999999 0.5576925 0.1999999 0.596154 0.1999999 0.6346156 0.1999999 0.6346156 0.1999999 0.6346156 0.1999999 0.596154 0.1999999 0.596154 0.1999999 0.6346156 0.1999999 0.6730771 0.1999999 0.6730771 0.1999999 0.6730771 0.1999999 0.6346156 0.1999999 0.6346156 0.1999999 0.6730771 0.1999999 0.7115387 0.1999999 0.7115387 0.1999999 0.7115387 0.1999999 0.6730771 0.1999999 0.6730771 0.1999999 0.7115387 0.1999999 0.75 0.1999999 0.75 0.1999999 0.75 0.1999999 0.7115387 0.1999999 0.7115387 0.1999999 0.75 0.1999999 0.7884615 0.1999999 0.7884615 0.1999999 0.7884615 0.1999999 0.75 0.1999999 0.75 0.1999999 0.7884615 0.1999999 0.826923 0.1999999 0.826923 0.1999999 0.826923 0.1999999 0.7884615 0.1999999 0.7884615 0.1999999 0.826923 0.1999999 0.8653846 0.1999999 0.8653846 0.1999999 0.8653846 0.1999999 0.826923 0.1999999 0.826923 0.1999999 0.8653846 0.1999999 0.9038462 0.1999999 0.9038462 0.1999999 0.9038462 0.1999999 0.8653846 0.1999999 0.8653846 0.1999999 0.9038462 0.1999999 0.9423076 0.1999999 0.9423077 0.1999999 0.9423077 0.1999999 0.9038462 0.1999999 0.9038462 0.1999999 0.9423076 0.1999999 0.9807692 0.1999999 0.9807692 0.1999999 0.9807692 0.1999999 0.9423077 0.1999999 0.9423076 0.1999999 0.9807692 0.1999999 1.019231 0.1999999 1.019231 0.1999999 1.019231 0.1999999 0.9807692 0.1999999 0.9807692 0.1999999 0.01923072 0.1999999 0.05769217 0.1999999 0.05769217 0.1999999 0.05769217 0.1999999 0.01923072 0.1999999 0.01923072 0.1999999 0.05769217 0.1999999 0.09615379 0.1999999 0.09615379 0.1999999 0.09615379 0.1999999 0.05769217 0.1999999 0.05769217 0.1999999 0.09615379 0.1999999 0.1346153 0.1999999 0.1346153 0.1999999 0.1346153 0.1999999 0.09615379 0.1999999 0.09615379 0.1999999 0.1346153 0.1999999 0.1730769 0.1999999 0.1730769 0.1999999 0.1730769 0.1999999 0.1346153 0.1999999 0.1346153 0.1999999 0.1730769 0.1999999 0.2115384 0.1999999 0.2115384 0.1999999 0.2115384 0.1999999 0.1730769 0.1999999 0.1730769 0.1999999 0.2115384 0.1999999 0.25 0.1999999 0.25 0.1999999 0.25 0.1999999 0.2115384 0.1999999 0.2115384 0.1999999 0.25 0.1999999 0.2884616 0.1999999 0.2884616 0.1999999 0.2884616 0.1999999 0.25 0.1999999 0.25 0.1999999 0.2884616 0.1999999 0.3269231 0.1999999 0.3269231 0.1999999 0.3269231 0.1999999 0.2884616 0.1999999 0.2884616 0.1999999 0.3269231 0.1999999 0.3653847 0.1999999 0.3653846 0.1999999 0.3653846 0.1999999 0.3269231 0.1999999 0.3269231 0.1999999 0.3653847 0.1999999 0.4038463 0.1999999 0.4038462 0.1999999 0.4038462 0.1999999 0.3653846 0.1999999 0.3653847 0.1999999 0.4038463 0.1999999 0.4423078 0.1999999 0.4423078 0.1999999 0.4423078 0.1999999 0.4038462 0.1999999 0.4038463 0.1999999 0.4423078 0.1999999 0.4807693 0.1999999 0.4807693 0.1999999 0.4807693 0.1999999 0.4423078 0.1999999 0.4423078 0.1999999 0.4807693 0.1999999 0.5192309 0.1999999 0.5192309 0.1999999 0.5192309 0.1999999 0.4807693 0.1999999 0.4807693 0.1999999 0.5192309 0.1999999 0.5576925 0.1999999 0.5576925 0.1999999 0.5576925 0.1999999 0.5192309 0.1999999 0.5192309 0.1999999 0.5576925 0.1999999 0.596154 0.1999999 0.596154 0.1999999 0.596154 0.1999999 0.5576925 0.1999999 0.5576925 0.1999999 0.596154 0.1999999 0.6346156 0.1999999 0.6346156 0.1999999 0.6346156 0.1999999 0.596154 0.1999999 0.596154 0.1999999 0.6346156 0.1999999 0.6730771 0.1999999 0.6730771 0.1999999 0.6730771 0.1999999 0.6346156 0.1999999 0.6346156 0.1999999 0.6730771 0.1999999 0.7115387 0.1999999 0.7115387 0.1999999 0.7115387 0.1999999 0.6730771 0.1999999 0.6730771 0.1999999 0.7115387 0.1999999 0.75 0.1999999 0.75 0.1999999 0.75 0.1999999 0.7115387 0.1999999 0.7115387 0.1999999 0.75 0.1999999 0.7884615 0.1999999 0.7884616 0.1999999 0.7884616 0.1999999 0.75 0.1999999 0.75 0.1999999 0.7884615 0.1999999 0.826923 0.1999999 0.8269231 0.1999999 0.8269231 0.1999999 0.7884616 0.1999999 0.7884615 0.1999999 0.826923 0.1999999 0.8653846 0.1999999 0.8653846 0.1999999 0.8653846 0.1999999 0.8269231 0.1999999 0.826923 0.1999999 0.8653846 0.1999999 0.9038462 0.1999999 0.9038462 0.1999999 0.9038462 0.1999999 0.8653846 0.1999999 0.8653846 0.1999999 0.9038462 0.1999999 0.9423077 0.1999999 0.9423077 0.1999999 0.9423077 0.1999999 0.9038462 0.1999999 0.9038462 0.1999999 0.9423077 0.1999999 0.9807692 0.1999999 0.9807692 0.1999999 0.9807692 0.1999999 0.9423077 0.1999999 0.9423077 0.1999999 0.9807692 0.1999999 1.019231 0.1999999 1.019231 0.1999999 1.019231 0.1999999 0.9807692 0.1999999 0.9807692 0.1999999 0.01923072 0.1999999 0.05769217 0.1999999 0.05769217 0.1999999 0.05769217 0.1999999 0.01923072 0.1999999 0.01923072 0.1999999 0.05769217 0.1999999 0.09615379 0.1999999 0.09615373 0.1999999 0.09615373 0.1999999 0.05769217 0.1999999 0.05769217 0.1999999 0.09615379 0.1999999 0.1346153 0.1999999 0.1346153 0.1999999 0.1346153 0.1999999 0.09615373 0.1999999 0.09615379 0.1999999 0.1346153 0.1999999 0.1730769 0.1999999 0.1730768 0.1999999 0.1730768 0.1999999 0.1346153 0.1999999 0.1346153 0.1999999 0.1730769 0.1999999 0.2115384 0.1999999 0.2115384 0.1999999 0.2115384 0.1999999 0.1730768 0.1999999 0.1730769 0.1999999 0.2115384 0.1999999 0.25 0.1999999 0.25 0.1999999 0.25 0.1999999 0.2115384 0.1999999 0.2115384 0.1999999 0.25 0.1999999 0.2884616 0.1999999 0.2884615 0.1999999 0.2884615 0.1999999 0.25 0.1999999 0.25 0.1999999 0.2884616 0.1999999 0.3269231 0.1999999 0.3269231 0.1999999 0.3269231 0.1999999 0.2884615 0.1999999 0.2884616 0.1999999 0.3269231 0.1999999 0.3653846 0.1999999 0.3653846 0.1999999 0.3653846 0.1999999 0.3269231 0.1999999 0.3269231 0.1999999 0.3653846 0.1999999 0.4038462 0.1999999 0.4038462 0.1999999 0.4038462 0.1999999 0.3653846 0.1999999 0.3653846 0.1999999 0.4038462 0.1999999 0.4423078 0.1999999 0.4423078 0.1999999 0.4423078 0.1999999 0.4038462 0.1999999 0.4038462 0.1999999 0.4423078 0.1999999 0.4807693 0.1999999 0.4807693 0.1999999 0.4807693 0.1999999 0.4423078 0.1999999 0.4423078 0.1999999 0.4807693 0.1999999 0.5192309 0.1999999 0.5192309 0.1999999 0.5192309 0.1999999 0.4807693 0.1999999 0.4807693 0.1999999 0.5192309 0.1999999 0.5576925 0.1999999 0.5576925 0.1999999 0.5576925 0.1999999 0.5192309 0.1999999 0.5192309 0.1999999 0.5576925 0.1999999 0.596154 0.1999999 0.596154 0.1999999 0.596154 0.1999999 0.5576925 0.1999999 0.5576925 0.1999999 0.596154 0.1999999 0.6346156 0.1999999 0.6346156 0.1999999 0.6346156 0.1999999 0.596154 0.1999999 0.596154 0.1999999 0.6346156 0.1999999 0.6730771 0.1999999 0.6730772 0.1999999 0.6730772 0.1999999 0.6346156 0.1999999 0.6346156 0.1999999 0.6730771 0.1999999 0.7115387 0.1999999 0.7115387 0.1999999 0.7115387 0.1999999 0.6730772 0.1999999 0.6730771 0.1999999 0.7115387 0.1999999 0.75 0.1999999 0.75 0.1999999 0.75 0.1999999 0.7115387 0.1999999 0.7115387 0.1999999 0.5 0.1999999 0.75 0.1999999 0.7884616 0.1999999 0.5 0.1999999 0.7884616 0.1999999 0.8269231 0.1999999 0.5 0.1999999 0.8269231 0.1999999 0.8653846 0.1999999 0.5 0.1999999 0.8653846 0.1999999 0.9038462 0.1999999 0.5 0.1999999 0.9038462 0.1999999 0.9423077 0.1999999 0.5 0.1999999 0.9423077 0.1999999 0.9807692 0.1999999 1.5 0.1999999 0.9807692 0.1999999 1.019231 0.1999999 0.5 0.1999999 0.01923072 0.1999999 0.05769217 0.1999999 0.5 0.1999999 0.05769217 0.1999999 0.09615373 0.1999999 0.5 0.1999999 0.09615373 0.1999999 0.1346153 0.1999999 0.5 0.1999999 0.1346153 0.1999999 0.1730768 0.1999999 0.5 0.1999999 0.1730768 0.1999999 0.2115384 0.1999999 0.5 0.1999999 0.2115384 0.1999999 0.25 0.1999999 0.5 0.1999999 0.25 0.1999999 0.2884615 0.1999999 0.5 0.1999999 0.2884615 0.1999999 0.3269231 0.1999999 0.5 0.1999999 0.3269231 0.1999999 0.3653846 0.1999999 0.5 0.1999999 0.3653846 0.1999999 0.4038462 0.1999999 0.5 0.1999999 0.4038462 0.1999999 0.4423078 0.1999999 0.5 0.1999999 0.4423078 0.1999999 0.4807693 0.1999999 0.5 0.1999999 0.4807693 0.1999999 0.5192309 0.1999999 0.5 0.1999999 0.5192309 0.1999999 0.5576925 0.1999999 0.5 0.1999999 0.5576925 0.1999999 0.596154 0.1999999 0.5 0.1999999 0.596154 0.1999999 0.6346156 0.1999999 0.5 0.1999999 0.6346156 0.1999999 0.6730772 0.1999999 0.5 0.1999999 0.6730772 0.1999999 0.7115387 0.1999999 0.5 0.1999999 0.7115387 0.1999999 0.75 0.1999999</float_array>
          <technique_common>
            <accessor source="#Örüntü_016-mesh-map-0-array" count="4614" stride="2">
              <param name="S" type="float"/>
              <param name="T" type="float"/>
            </accessor>
          </technique_common>
        </source>
        <vertices id="Örüntü_016-mesh-vertices">
          <input semantic="POSITION" source="#Örüntü_016-mesh-positions"/>
        </vertices>
        <triangles material="black-light-body_001-material" count="1304">
          <input semantic="VERTEX" source="#Örüntü_016-mesh-vertices" offset="0"/>
          <input semantic="NORMAL" source="#Örüntü_016-mesh-normals" offset="1"/>
          <input semantic="TEXCOORD" source="#Örüntü_016-mesh-map-0" offset="2" set="0"/>
          <p>0 0 0 2 0 1 1 0 2 0 0 3 3 0 4 2 0 5 0 0 6 4 0 7 3 0 8 0 0 9 5 0 10 4 0 11 0 0 12 6 0 13 5 0 14 0 0 15 7 0 16 6 0 17 0 0 18 8 0 19 7 0 20 0 0 21 9 0 22 8 0 23 0 0 24 10 0 25 9 0 26 0 0 27 11 0 28 10 0 29 0 0 30 12 0 31 11 0 32 0 0 33 13 0 34 12 0 35 0 0 36 14 0 37 13 0 38 0 0 39 15 0 40 14 0 41 0 0 42 16 0 43 15 0 44 0 0 45 17 0 46 16 0 47 0 0 48 18 0 49 17 0 50 0 0 51 19 0 52 18 0 53 0 0 54 20 0 55 19 0 56 0 0 57 21 0 58 20 0 59 0 0 60 22 0 61 21 0 62 0 0 63 23 0 64 22 0 65 0 0 66 24 0 67 23 0 68 0 0 69 25 0 70 24 0 71 0 0 72 26 0 73 25 0 74 0 0 75 1 0 76 26 0 77 1 0 78 2 0 79 28 0 80 28 0 81 27 0 82 1 0 83 2 0 84 3 0 85 29 0 86 29 0 87 28 0 88 2 0 89 3 0 90 4 0 91 30 0 92 30 0 93 29 0 94 3 0 95 4 0 96 5 0 97 31 0 98 31 0 99 30 0 100 4 0 101 5 0 102 6 0 103 32 0 104 32 0 105 31 0 106 5 0 107 6 0 108 7 0 109 33 0 110 33 0 111 32 0 112 6 0 113 7 0 114 8 0 115 34 0 116 34 0 117 33 0 118 7 0 119 8 0 120 9 0 121 35 0 122 35 0 123 34 0 124 8 0 125 9 0 126 10 0 127 36 0 128 36 0 129 35 0 130 9 0 131 10 0 132 11 0 133 37 0 134 37 0 135 36 0 136 10 0 137 11 0 138 12 0 139 38 0 140 38 0 141 37 0 142 11 0 143 12 0 144 13 0 145 39 0 146 39 0 147 38 0 148 12 0 149 13 0 150 14 0 151 40 0 152 40 0 153 39 0 154 13 0 155 14 0 156 15 0 157 41 0 158 41 0 159 40 0 160 14 0 161 15 0 162 16 0 163 42 0 164 42 0 165 41 0 166 15 0 167 16 0 168 17 0 169 43 0 170 43 0 171 42 0 172 16 0 173 17 0 174 18 0 175 44 0 176 44 0 177 43 0 178 17 0 179 18 0 180 19 0 181 45 0 182 45 0 183 44 0 184 18 0 185 19 0 186 20 0 187 46 0 188 46 0 189 45 0 190 19 0 191 20 0 192 21 0 193 47 0 194 47 0 195 46 0 196 20 0 197 21 0 198 22 0 199 48 0 200 48 0 201 47 0 202 21 0 203 22 0 204 23 0 205 49 0 206 49 0 207 48 0 208 22 0 209 23 0 210 24 0 211 50 0 212 50 0 213 49 0 214 23 0 215 24 0 216 25 0 217 51 0 218 51 0 219 50 0 220 24 0 221 25 0 222 26 0 223 52 0 224 52 0 225 51 0 226 25 0 227 26 0 228 1 0 229 27 0 230 27 0 231 52 0 232 26 0 233 27 0 234 28 0 235 54 0 236 54 0 237 53 0 238 27 0 239 28 0 240 29 0 241 55 0 242 55 0 243 54 0 244 28 0 245 29 0 246 30 0 247 56 0 248 56 0 249 55 0 250 29 0 251 30 0 252 31 0 253 57 0 254 57 0 255 56 0 256 30 0 257 31 0 258 32 0 259 58 0 260 58 0 261 57 0 262 31 0 263 32 0 264 33 0 265 59 0 266 59 0 267 58 0 268 32 0 269 33 0 270 34 0 271 60 0 272 60 0 273 59 0 274 33 0 275 34 0 276 35 0 277 61 0 278 61 0 279 60 0 280 34 0 281 35 0 282 36 0 283 62 0 284 62 0 285 61 0 286 35 0 287 36 0 288 37 0 289 63 0 290 63 0 291 62 0 292 36 0 293 37 0 294 38 0 295 64 0 296 64 0 297 63 0 298 37 0 299 38 0 300 39 0 301 65 0 302 65 0 303 64 0 304 38 0 305 39 0 306 40 0 307 66 0 308 66 0 309 65 0 310 39 0 311 40 0 312 41 0 313 67 0 314 67 0 315 66 0 316 40 0 317 41 0 318 42 0 319 68 0 320 68 0 321 67 0 322 41 0 323 42 0 324 43 0 325 69 0 326 69 0 327 68 0 328 42 0 329 43 0 330 44 0 331 70 0 332 70 0 333 69 0 334 43 0 335 44 0 336 45 0 337 71 0 338 71 0 339 70 0 340 44 0 341 45 0 342 46 0 343 72 0 344 72 0 345 71 0 346 45 0 347 46 0 348 47 0 349 73 0 350 73 0 351 72 0 352 46 0 353 47 0 354 48 0 355 74 0 356 74 0 357 73 0 358 47 0 359 48 0 360 49 0 361 75 0 362 75 0 363 74 0 364 48 0 365 49 0 366 50 0 367 76 0 368 76 0 369 75 0 370 49 0 371 50 0 372 51 0 373 77 0 374 77 0 375 76 0 376 50 0 377 51 0 378 52 0 379 78 0 380 78 0 381 77 0 382 51 0 383 52 0 384 27 0 385 53 0 386 53 0 387 78 0 388 52 0 389 53 0 390 54 0 391 80 0 392 80 0 393 79 0 394 53 0 395 54 0 396 55 0 397 81 0 398 81 0 399 80 0 400 54 0 401 55 0 402 56 0 403 82 0 404 82 0 405 81 0 406 55 0 407 56 0 408 57 0 409 83 0 410 83 0 411 82 0 412 56 0 413 57 0 414 58 0 415 84 0 416 84 0 417 83 0 418 57 0 419 58 0 420 59 0 421 85 0 422 85 0 423 84 0 424 58 0 425 59 0 426 60 0 427 86 0 428 86 0 429 85 0 430 59 0 431 60 0 432 61 0 433 87 0 434 87 0 435 86 0 436 60 0 437 61 0 438 62 0 439 88 0 440 88 0 441 87 0 442 61 0 443 62 0 444 63 0 445 89 0 446 89 0 447 88 0 448 62 0 449 63 0 450 64 0 451 90 0 452 90 0 453 89 0 454 63 0 455 64 0 456 65 0 457 91 0 458 91 0 459 90 0 460 64 0 461 65 0 462 66 0 463 92 0 464 92 0 465 91 0 466 65 0 467 66 0 468 67 0 469 93 0 470 93 0 471 92 0 472 66 0 473 67 0 474 68 0 475 94 0 476 94 0 477 93 0 478 67 0 479 68 0 480 69 0 481 95 0 482 95 0 483 94 0 484 68 0 485 69 0 486 70 0 487 96 0 488 96 0 489 95 0 490 69 0 491 70 0 492 71 0 493 97 0 494 97 0 495 96 0 496 70 0 497 71 0 498 72 0 499 98 0 500 98 0 501 97 0 502 71 0 503 72 0 504 73 0 505 99 0 506 99 0 507 98 0 508 72 0 509 73 0 510 74 0 511 100 0 512 100 0 513 99 0 514 73 0 515 74 0 516 75 0 517 101 0 518 101 0 519 100 0 520 74 0 521 75 0 522 76 0 523 102 0 524 102 0 525 101 0 526 75 0 527 76 0 528 77 0 529 103 0 530 103 0 531 102 0 532 76 0 533 77 0 534 78 0 535 104 0 536 104 0 537 103 0 538 77 0 539 78 0 540 53 0 541 79 0 542 79 0 543 104 0 544 78 0 545 79 0 546 80 0 547 106 0 548 106 0 549 105 0 550 79 0 551 80 0 552 81 0 553 107 0 554 107 0 555 106 0 556 80 0 557 81 0 558 82 0 559 108 0 560 108 0 561 107 0 562 81 0 563 82 0 564 83 0 565 109 0 566 109 0 567 108 0 568 82 0 569 83 0 570 84 0 571 110 0 572 110 0 573 109 0 574 83 0 575 84 0 576 85 0 577 111 0 578 111 0 579 110 0 580 84 0 581 85 0 582 86 0 583 112 0 584 112 0 585 111 0 586 85 0 587 86 0 588 87 0 589 113 0 590 113 0 591 112 0 592 86 0 593 87 0 594 88 0 595 114 0 596 114 0 597 113 0 598 87 0 599 88 0 600 89 0 601 115 0 602 115 0 603 114 0 604 88 0 605 89 0 606 90 0 607 116 0 608 116 0 609 115 0 610 89 0 611 90 0 612 91 0 613 117 0 614 117 0 615 116 0 616 90 0 617 91 0 618 92 0 619 118 0 620 118 0 621 117 0 622 91 0 623 92 0 624 93 0 625 119 0 626 119 0 627 118 0 628 92 0 629 93 0 630 94 0 631 120 0 632 120 0 633 119 0 634 93 0 635 94 0 636 95 0 637 121 0 638 121 0 639 120 0 640 94 0 641 95 0 642 96 0 643 122 0 644 122 0 645 121 0 646 95 0 647 96 0 648 97 0 649 123 0 650 123 0 651 122 0 652 96 0 653 97 0 654 98 0 655 124 0 656 124 0 657 123 0 658 97 0 659 98 0 660 99 0 661 125 0 662 125 0 663 124 0 664 98 0 665 99 0 666 100 0 667 126 0 668 126 0 669 125 0 670 99 0 671 100 0 672 101 0 673 127 0 674 127 0 675 126 0 676 100 0 677 101 0 678 102 0 679 128 0 680 128 0 681 127 0 682 101 0 683 102 0 684 103 0 685 129 0 686 129 0 687 128 0 688 102 0 689 103 0 690 104 0 691 130 0 692 130 0 693 129 0 694 103 0 695 104 0 696 79 0 697 105 0 698 105 0 699 130 0 700 104 0 701 105 0 702 106 0 703 132 0 704 132 0 705 131 0 706 105 0 707 106 0 708 107 0 709 133 0 710 133 0 711 132 0 712 106 0 713 107 0 714 108 0 715 134 0 716 134 0 717 133 0 718 107 0 719 108 0 720 109 0 721 135 0 722 135 0 723 134 0 724 108 0 725 109 0 726 110 0 727 136 0 728 136 0 729 135 0 730 109 0 731 110 0 732 111 0 733 137 0 734 137 0 735 136 0 736 110 0 737 111 0 738 112 0 739 138 0 740 138 0 741 137 0 742 111 0 743 112 0 744 113 0 745 139 0 746 139 0 747 138 0 748 112 0 749 113 0 750 114 0 751 140 0 752 140 0 753 139 0 754 113 0 755 114 0 756 115 0 757 141 0 758 141 0 759 140 0 760 114 0 761 115 0 762 116 0 763 142 0 764 142 0 765 141 0 766 115 0 767 116 0 768 117 0 769 143 0 770 143 0 771 142 0 772 116 0 773 117 0 774 118 0 775 144 0 776 144 0 777 143 0 778 117 0 779 118 0 780 119 0 781 145 0 782 145 0 783 144 0 784 118 0 785 119 0 786 120 0 787 146 0 788 146 0 789 145 0 790 119 0 791 120 0 792 121 0 793 147 0 794 147 0 795 146 0 796 120 0 797 121 0 798 122 0 799 148 0 800 148 0 801 147 0 802 121 0 803 122 0 804 123 0 805 149 0 806 149 0 807 148 0 808 122 0 809 123 0 810 124 0 811 150 0 812 150 0 813 149 0 814 123 0 815 124 0 816 125 0 817 151 0 818 151 0 819 150 0 820 124 0 821 125 0 822 126 0 823 152 0 824 152 0 825 151 0 826 125 0 827 126 0 828 127 0 829 153 0 830 153 0 831 152 0 832 126 0 833 127 0 834 128 0 835 154 0 836 154 0 837 153 0 838 127 0 839 128 0 840 129 0 841 155 0 842 155 0 843 154 0 844 128 0 845 129 0 846 130 0 847 156 0 848 156 0 849 155 0 850 129 0 851 130 0 852 105 0 853 131 0 854 131 0 855 156 0 856 130 0 857 131 0 858 132 0 859 158 0 860 158 0 861 157 0 862 131 0 863 132 0 864 133 0 865 159 0 866 159 0 867 158 0 868 132 0 869 133 0 870 134 0 871 160 0 872 160 0 873 159 0 874 133 0 875 134 0 876 135 0 877 161 0 878 161 0 879 160 0 880 134 0 881 135 0 882 136 0 883 162 0 884 162 0 885 161 0 886 135 0 887 136 0 888 137 0 889 163 0 890 163 0 891 162 0 892 136 0 893 137 0 894 138 0 895 164 0 896 164 0 897 163 0 898 137 0 899 138 0 900 139 0 901 165 0 902 165 0 903 164 0 904 138 0 905 139 0 906 140 0 907 166 0 908 166 0 909 165 0 910 139 0 911 140 0 912 141 0 913 167 0 914 167 0 915 166 0 916 140 0 917 141 0 918 142 0 919 168 0 920 168 0 921 167 0 922 141 0 923 142 0 924 143 0 925 169 0 926 169 0 927 168 0 928 142 0 929 143 0 930 144 0 931 170 0 932 170 0 933 169 0 934 143 0 935 144 0 936 145 0 937 171 0 938 171 0 939 170 0 940 144 0 941 145 0 942 146 0 943 172 0 944 172 0 945 171 0 946 145 0 947 146 0 948 147 0 949 173 0 950 173 0 951 172 0 952 146 0 953 147 0 954 148 0 955 174 0 956 174 0 957 173 0 958 147 0 959 148 0 960 149 0 961 175 0 962 175 0 963 174 0 964 148 0 965 149 0 966 150 0 967 176 0 968 176 0 969 175 0 970 149 0 971 150 0 972 151 0 973 177 0 974 177 0 975 176 0 976 150 0 977 151 0 978 152 0 979 178 0 980 178 0 981 177 0 982 151 0 983 152 0 984 153 0 985 179 0 986 179 0 987 178 0 988 152 0 989 153 0 990 154 0 991 180 0 992 180 0 993 179 0 994 153 0 995 154 0 996 155 0 997 181 0 998 181 0 999 180 0 1000 154 0 1001 155 0 1002 156 0 1003 182 0 1004 182 0 1005 181 0 1006 155 0 1007 156 0 1008 131 0 1009 157 0 1010 157 0 1011 182 0 1012 156 0 1013 157 1 1014 158 2 1015 184 3 1016 184 3 1017 183 4 1018 157 1 1019 158 2 1020 159 5 1021 185 6 1022 185 6 1023 184 3 1024 158 2 1025 159 5 1026 160 7 1027 186 8 1028 186 8 1029 185 6 1030 159 5 1031 367 9 1032 695 10 1033 696 11 1034 696 11 1035 370 12 1036 367 9 1037 167 13 1038 168 14 1039 194 15 1040 194 15 1041 193 16 1042 167 13 1043 168 14 1044 169 17 1045 195 18 1046 195 18 1047 194 15 1048 168 14 1049 169 17 1050 170 19 1051 196 20 1052 196 20 1053 195 18 1054 169 17 1055 170 19 1056 171 21 1057 197 22 1058 197 22 1059 196 20 1060 170 19 1061 171 21 1062 172 23 1063 198 24 1064 198 24 1065 197 22 1066 171 21 1067 172 23 1068 173 25 1069 199 26 1070 199 26 1071 198 24 1072 172 23 1073 698 27 1074 373 28 1075 378 29 1076 378 29 1077 701 30 1078 698 27 1079 374 31 1080 699 32 1081 700 33 1082 700 33 1083 377 34 1084 374 31 1085 180 35 1086 181 36 1087 207 37 1088 207 37 1089 206 38 1090 180 35 1091 181 36 1092 182 39 1093 208 40 1094 208 40 1095 207 37 1096 181 36 1097 182 39 1098 157 1 1099 183 4 1100 183 4 1101 208 40 1102 182 39 1103 456 41 1104 457 41 1105 474 41 1106 474 42 1107 475 42 1108 456 42 1109 457 41 1110 458 41 1111 473 41 1112 473 41 1113 474 41 1114 457 41 1115 458 41 1116 459 41 1117 472 41 1118 472 41 1119 473 41 1120 458 41 1121 459 41 1122 460 41 1123 471 41 1124 471 41 1125 472 41 1126 459 41 1127 460 41 1128 461 41 1129 470 41 1130 470 41 1131 471 41 1132 460 41 1133 461 41 1134 462 41 1135 469 41 1136 469 41 1137 470 41 1138 461 41 1139 462 41 1140 463 41 1141 468 41 1142 468 41 1143 469 41 1144 462 41 1145 463 41 1146 464 41 1147 467 41 1148 467 41 1149 468 41 1150 463 41 1151 464 43 1152 494 44 1153 495 45 1154 495 45 1155 467 46 1156 464 43 1157 192 41 1158 193 41 1159 219 41 1160 219 41 1161 218 41 1162 192 41 1163 193 41 1164 194 41 1165 220 41 1166 220 41 1167 219 41 1168 193 41 1169 194 41 1170 195 41 1171 221 41 1172 221 41 1173 220 41 1174 194 41 1175 195 47 1176 196 47 1177 222 47 1178 222 41 1179 221 41 1180 195 41 1181 196 41 1182 197 41 1183 223 41 1184 223 48 1185 222 48 1186 196 48 1187 197 41 1188 198 41 1189 224 41 1190 224 41 1191 223 41 1192 197 41 1193 198 41 1194 199 41 1195 225 41 1196 225 41 1197 224 41 1198 198 41 1199 199 41 1200 200 41 1201 226 41 1202 226 41 1203 225 41 1204 199 41 1205 497 49 1206 486 50 1207 483 51 1208 483 51 1209 496 52 1210 497 49 1211 486 41 1212 487 41 1213 482 41 1214 482 41 1215 483 41 1216 486 41 1217 487 41 1218 488 41 1219 481 41 1220 481 41 1221 482 41 1222 487 41 1223 488 41 1224 489 41 1225 480 41 1226 480 41 1227 481 41 1228 488 41 1229 489 41 1230 490 41 1231 479 41 1232 479 41 1233 480 41 1234 489 41 1235 490 41 1236 491 41 1237 478 41 1238 478 41 1239 479 41 1240 490 41 1241 491 41 1242 492 41 1243 477 41 1244 477 41 1245 478 41 1246 491 41 1247 492 41 1248 493 41 1249 476 41 1250 476 41 1251 477 41 1252 492 41 1253 493 53 1254 456 53 1255 475 53 1256 475 41 1257 476 41 1258 493 41 1259 590 54 1260 591 54 1261 616 54 1262 616 55 1263 617 55 1264 590 55 1265 591 56 1266 592 56 1267 641 56 1268 641 57 1269 616 57 1270 591 57 1271 592 58 1272 593 58 1273 640 58 1274 640 59 1275 641 59 1276 592 59 1277 593 60 1278 594 60 1279 639 60 1280 639 41 1281 640 41 1282 593 41 1283 594 61 1284 595 61 1285 638 61 1286 638 62 1287 639 62 1288 594 62 1289 595 63 1290 596 63 1291 637 63 1292 637 41 1293 638 41 1294 595 41 1295 596 41 1296 597 41 1297 636 41 1298 636 41 1299 637 41 1300 596 41 1301 597 41 1302 598 41 1303 635 41 1304 635 64 1305 636 64 1306 597 64 1307 598 65 1308 599 65 1309 634 65 1310 634 66 1311 635 66 1312 598 66 1313 599 67 1314 600 67 1315 633 67 1316 633 68 1317 634 68 1318 599 68 1319 600 69 1320 601 69 1321 632 69 1322 632 70 1323 633 70 1324 600 70 1325 601 71 1326 602 71 1327 631 71 1328 631 72 1329 632 72 1330 601 72 1331 602 73 1332 603 73 1333 630 73 1334 630 74 1335 631 74 1336 602 74 1337 603 75 1338 604 75 1339 629 75 1340 629 76 1341 630 76 1342 603 76 1343 604 77 1344 605 77 1345 628 77 1346 628 78 1347 629 78 1348 604 78 1349 605 79 1350 606 79 1351 627 79 1352 627 80 1353 628 80 1354 605 80 1355 606 41 1356 607 41 1357 626 41 1358 626 80 1359 627 80 1360 606 80 1361 607 41 1362 608 41 1363 625 41 1364 625 41 1365 626 41 1366 607 41 1367 608 41 1368 609 41 1369 624 41 1370 624 41 1371 625 41 1372 608 41 1373 609 81 1374 610 81 1375 623 81 1376 623 82 1377 624 82 1378 609 82 1379 610 41 1380 611 41 1381 622 41 1382 622 41 1383 623 41 1384 610 41 1385 611 41 1386 612 41 1387 621 41 1388 621 41 1389 622 41 1390 611 41 1391 612 83 1392 613 83 1393 620 83 1394 620 41 1395 621 41 1396 612 41 1397 613 84 1398 614 84 1399 619 84 1400 619 85 1401 620 85 1402 613 85 1403 614 86 1404 615 86 1405 618 86 1406 618 80 1407 619 80 1408 614 80 1409 615 87 1410 590 87 1411 617 87 1412 617 88 1413 618 88 1414 615 88 1415 165 0 1416 166 0 1417 367 0 1418 167 0 1419 368 0 1420 713 0 1421 167 0 1422 713 0 1423 714 0 1424 167 0 1425 714 0 1426 715 0 1427 167 0 1428 715 0 1429 716 0 1430 167 0 1431 716 0 1432 717 0 1433 167 0 1434 717 0 1435 718 0 1436 167 0 1437 718 0 1438 719 0 1439 167 0 1440 719 0 1441 720 0 1442 167 0 1443 720 0 1444 721 0 1445 167 0 1446 721 0 1447 722 0 1448 167 0 1449 722 0 1450 723 0 1451 167 0 1452 723 0 1453 695 0 1454 166 0 1455 167 0 1456 695 0 1457 166 0 1458 695 0 1459 367 0 1460 167 13 1461 193 16 1462 369 89 1463 369 89 1464 368 90 1465 167 13 1466 193 41 1467 192 41 1468 370 41 1469 370 41 1470 696 41 1471 724 41 1472 370 41 1473 724 41 1474 725 41 1475 370 41 1476 725 41 1477 726 41 1478 370 41 1479 726 41 1480 727 41 1481 370 41 1482 727 41 1483 728 41 1484 370 41 1485 728 41 1486 729 41 1487 370 41 1488 729 41 1489 730 41 1490 370 41 1491 730 41 1492 731 41 1493 370 41 1494 731 41 1495 732 41 1496 370 41 1497 732 41 1498 733 41 1499 370 41 1500 733 41 1501 734 41 1502 370 41 1503 734 41 1504 369 41 1505 193 41 1506 370 41 1507 369 41 1508 186 41 1509 371 41 1510 735 41 1511 186 41 1512 735 41 1513 736 41 1514 186 41 1515 736 41 1516 737 41 1517 186 41 1518 737 41 1519 738 41 1520 186 41 1521 738 41 1522 739 41 1523 186 41 1524 739 41 1525 740 41 1526 186 41 1527 740 41 1528 741 41 1529 186 41 1530 741 41 1531 742 41 1532 186 41 1533 742 41 1534 743 41 1535 186 41 1536 743 41 1537 744 41 1538 186 41 1539 744 41 1540 745 41 1541 186 41 1542 745 41 1543 697 41 1544 187 41 1545 186 41 1546 697 41 1547 186 8 1548 160 7 1549 366 91 1550 366 91 1551 371 92 1552 186 8 1553 173 0 1554 174 0 1555 373 0 1556 373 0 1557 698 0 1558 746 0 1559 373 0 1560 746 0 1561 747 0 1562 373 0 1563 747 0 1564 748 0 1565 373 0 1566 748 0 1567 749 0 1568 373 0 1569 749 0 1570 750 0 1571 373 0 1572 750 0 1573 751 0 1574 373 0 1575 751 0 1576 752 0 1577 373 0 1578 752 0 1579 753 0 1580 373 0 1581 753 0 1582 754 0 1583 373 0 1584 754 0 1585 755 0 1586 373 0 1587 755 0 1588 756 0 1589 373 0 1590 756 0 1591 372 0 1592 173 0 1593 373 0 1594 372 0 1595 178 0 1596 179 0 1597 374 0 1598 180 0 1599 375 0 1600 757 0 1601 180 0 1602 757 0 1603 758 0 1604 180 0 1605 758 0 1606 759 0 1607 180 0 1608 759 0 1609 760 0 1610 180 0 1611 760 0 1612 761 0 1613 180 0 1614 761 0 1615 762 0 1616 180 0 1617 762 0 1618 763 0 1619 180 0 1620 763 0 1621 764 0 1622 180 0 1623 764 0 1624 765 0 1625 180 0 1626 765 0 1627 766 0 1628 180 0 1629 766 0 1630 767 0 1631 180 0 1632 767 0 1633 699 0 1634 179 0 1635 180 0 1636 699 0 1637 179 0 1638 699 0 1639 374 0 1640 180 35 1641 206 38 1642 376 93 1643 376 93 1644 375 94 1645 180 35 1646 206 41 1647 205 41 1648 377 41 1649 377 41 1650 700 41 1651 768 41 1652 377 41 1653 768 41 1654 769 41 1655 377 41 1656 769 41 1657 770 41 1658 377 41 1659 770 41 1660 771 41 1661 377 41 1662 771 41 1663 772 41 1664 377 41 1665 772 41 1666 773 41 1667 377 41 1668 773 41 1669 774 41 1670 377 41 1671 774 41 1672 775 41 1673 377 41 1674 775 41 1675 776 41 1676 377 41 1677 776 41 1678 777 41 1679 377 41 1680 777 41 1681 778 41 1682 377 41 1683 778 41 1684 376 41 1685 206 41 1686 377 41 1687 376 41 1688 201 41 1689 200 41 1690 378 41 1691 199 41 1692 379 41 1693 779 41 1694 199 41 1695 779 41 1696 780 41 1697 199 41 1698 780 41 1699 781 41 1700 199 41 1701 781 41 1702 782 41 1703 199 41 1704 782 41 1705 783 41 1706 199 41 1707 783 41 1708 784 41 1709 199 41 1710 784 41 1711 785 41 1712 199 41 1713 785 41 1714 786 41 1715 199 41 1716 786 41 1717 787 41 1718 199 41 1719 787 41 1720 788 41 1721 199 41 1722 788 41 1723 789 41 1724 199 41 1725 789 41 1726 701 41 1727 200 41 1728 199 41 1729 701 41 1730 200 41 1731 701 41 1732 378 41 1733 199 26 1734 173 25 1735 372 95 1736 372 95 1737 379 96 1738 199 26 1739 183 41 1740 184 41 1741 381 41 1742 381 97 1743 380 97 1744 183 97 1745 184 41 1746 185 41 1747 382 41 1748 382 41 1749 381 41 1750 184 41 1751 185 41 1752 186 41 1753 383 41 1754 383 41 1755 382 41 1756 185 41 1757 186 41 1758 187 41 1759 384 41 1760 384 41 1761 383 41 1762 186 41 1763 187 41 1764 188 41 1765 385 41 1766 385 41 1767 384 41 1768 187 41 1769 188 41 1770 189 41 1771 386 41 1772 386 41 1773 385 41 1774 188 41 1775 189 41 1776 190 41 1777 387 41 1778 387 41 1779 386 41 1780 189 41 1781 190 41 1782 191 41 1783 388 41 1784 388 41 1785 387 41 1786 190 41 1787 191 41 1788 192 41 1789 389 41 1790 389 41 1791 388 41 1792 191 41 1793 192 41 1794 218 41 1795 390 41 1796 390 41 1797 389 41 1798 192 41 1799 218 41 1800 217 41 1801 391 41 1802 391 41 1803 390 41 1804 218 41 1805 217 41 1806 216 41 1807 392 41 1808 392 41 1809 391 41 1810 217 41 1811 216 41 1812 215 41 1813 393 41 1814 393 41 1815 392 41 1816 216 41 1817 215 41 1818 214 41 1819 394 41 1820 394 41 1821 393 41 1822 215 41 1823 214 41 1824 213 41 1825 395 41 1826 395 41 1827 394 41 1828 214 41 1829 213 41 1830 212 41 1831 396 41 1832 396 41 1833 395 41 1834 213 41 1835 212 41 1836 211 41 1837 397 41 1838 397 41 1839 396 41 1840 212 41 1841 211 41 1842 210 41 1843 398 41 1844 398 41 1845 397 41 1846 211 41 1847 210 98 1848 209 98 1849 399 98 1850 399 41 1851 398 41 1852 210 41 1853 209 41 1854 234 41 1855 400 41 1856 400 99 1857 399 99 1858 209 99 1859 234 41 1860 233 41 1861 401 41 1862 401 41 1863 400 41 1864 234 41 1865 233 41 1866 232 41 1867 402 41 1868 402 41 1869 401 41 1870 233 41 1871 232 41 1872 231 41 1873 403 41 1874 403 41 1875 402 41 1876 232 41 1877 231 41 1878 230 41 1879 404 41 1880 404 41 1881 403 41 1882 231 41 1883 230 41 1884 229 41 1885 405 41 1886 405 41 1887 404 41 1888 230 41 1889 229 41 1890 228 41 1891 406 41 1892 406 41 1893 405 41 1894 229 41 1895 228 41 1896 227 41 1897 407 41 1898 407 41 1899 406 41 1900 228 41 1901 227 41 1902 226 41 1903 408 41 1904 408 41 1905 407 41 1906 227 41 1907 226 41 1908 200 41 1909 409 41 1910 409 41 1911 408 41 1912 226 41 1913 200 41 1914 201 41 1915 410 41 1916 410 41 1917 409 41 1918 200 41 1919 201 41 1920 202 41 1921 411 41 1922 411 41 1923 410 41 1924 201 41 1925 202 41 1926 203 41 1927 412 41 1928 412 41 1929 411 41 1930 202 41 1931 203 41 1932 204 41 1933 413 41 1934 413 41 1935 412 41 1936 203 41 1937 204 41 1938 205 41 1939 414 41 1940 414 41 1941 413 41 1942 204 41 1943 205 41 1944 206 41 1945 415 41 1946 415 41 1947 414 41 1948 205 41 1949 206 41 1950 207 41 1951 416 41 1952 416 41 1953 415 41 1954 206 41 1955 207 41 1956 208 41 1957 417 41 1958 417 41 1959 416 41 1960 207 41 1961 208 100 1962 183 100 1963 380 100 1964 380 41 1965 417 41 1966 208 41 1967 380 101 1968 381 102 1969 419 103 1970 419 103 1971 418 104 1972 380 101 1973 381 102 1974 382 105 1975 420 106 1976 420 106 1977 419 103 1978 381 102 1979 382 105 1980 383 107 1981 421 108 1982 421 108 1983 420 106 1984 382 105 1985 383 107 1986 384 109 1987 422 110 1988 422 110 1989 421 108 1990 383 107 1991 384 109 1992 385 111 1993 423 112 1994 423 112 1995 422 110 1996 384 109 1997 385 111 1998 386 113 1999 424 114 2000 424 114 2001 423 112 2002 385 111 2003 386 113 2004 387 115 2005 425 116 2006 425 116 2007 424 114 2008 386 113 2009 387 115 2010 388 117 2011 426 118 2012 426 118 2013 425 116 2014 387 115 2015 388 117 2016 389 119 2017 427 120 2018 427 120 2019 426 118 2020 388 117 2021 389 119 2022 390 121 2023 428 122 2024 428 122 2025 427 120 2026 389 119 2027 390 121 2028 391 123 2029 429 124 2030 429 124 2031 428 122 2032 390 121 2033 391 123 2034 392 125 2035 430 126 2036 430 126 2037 429 124 2038 391 123 2039 392 125 2040 393 127 2041 431 128 2042 431 128 2043 430 126 2044 392 125 2045 393 127 2046 394 129 2047 432 130 2048 432 130 2049 431 128 2050 393 127 2051 394 129 2052 395 131 2053 433 132 2054 433 132 2055 432 130 2056 394 129 2057 395 131 2058 396 133 2059 434 134 2060 434 134 2061 433 132 2062 395 131 2063 396 133 2064 397 135 2065 435 136 2066 435 136 2067 434 134 2068 396 133 2069 397 135 2070 398 137 2071 436 138 2072 436 138 2073 435 136 2074 397 135 2075 398 137 2076 399 139 2077 437 140 2078 437 140 2079 436 138 2080 398 137 2081 399 139 2082 400 141 2083 438 142 2084 438 142 2085 437 140 2086 399 139 2087 400 141 2088 401 143 2089 439 144 2090 439 144 2091 438 142 2092 400 141 2093 401 143 2094 402 145 2095 440 146 2096 440 146 2097 439 144 2098 401 143 2099 402 145 2100 403 147 2101 441 148 2102 441 148 2103 440 146 2104 402 145 2105 403 147 2106 404 149 2107 442 150 2108 442 150 2109 441 148 2110 403 147 2111 404 149 2112 405 151 2113 443 152 2114 443 152 2115 442 150 2116 404 149 2117 405 151 2118 406 153 2119 444 154 2120 444 154 2121 443 152 2122 405 151 2123 406 153 2124 407 155 2125 445 156 2126 445 156 2127 444 154 2128 406 153 2129 407 155 2130 408 157 2131 446 158 2132 446 158 2133 445 156 2134 407 155 2135 408 157 2136 409 159 2137 447 160 2138 447 160 2139 446 158 2140 408 157 2141 409 159 2142 410 161 2143 448 162 2144 448 162 2145 447 160 2146 409 159 2147 410 161 2148 411 163 2149 449 164 2150 449 164 2151 448 162 2152 410 161 2153 411 163 2154 412 165 2155 450 166 2156 450 166 2157 449 164 2158 411 163 2159 412 165 2160 413 167 2161 451 168 2162 451 168 2163 450 166 2164 412 165 2165 413 167 2166 414 169 2167 452 170 2168 452 170 2169 451 168 2170 413 167 2171 414 169 2172 415 171 2173 453 172 2174 453 172 2175 452 170 2176 414 169 2177 415 171 2178 416 173 2179 454 174 2180 454 174 2181 453 172 2182 415 171 2183 416 173 2184 417 175 2185 455 176 2186 455 176 2187 454 174 2188 416 173 2189 417 175 2190 380 101 2191 418 104 2192 418 104 2193 455 176 2194 417 175 2195 418 104 2196 419 103 2197 457 3 2198 457 3 2199 456 4 2200 418 104 2201 419 103 2202 420 106 2203 458 6 2204 458 6 2205 457 3 2206 419 103 2207 420 106 2208 421 108 2209 459 177 2210 459 177 2211 458 6 2212 420 106 2213 421 108 2214 422 110 2215 460 178 2216 460 178 2217 459 177 2218 421 108 2219 422 110 2220 423 112 2221 461 179 2222 461 179 2223 460 178 2224 422 110 2225 423 112 2226 424 114 2227 462 180 2228 462 180 2229 461 179 2230 423 112 2231 424 114 2232 425 116 2233 463 181 2234 463 181 2235 462 180 2236 424 114 2237 425 116 2238 426 118 2239 464 43 2240 464 43 2241 463 181 2242 425 116 2243 427 120 2244 465 182 2245 498 183 2246 427 120 2247 498 183 2248 499 184 2249 427 120 2250 499 184 2251 500 185 2252 427 120 2253 500 185 2254 501 186 2255 427 120 2256 501 186 2257 502 187 2258 427 120 2259 502 187 2260 503 188 2261 427 120 2262 503 188 2263 504 189 2264 427 120 2265 504 189 2266 505 190 2267 427 120 2268 505 190 2269 506 191 2270 427 120 2271 506 191 2272 507 192 2273 427 120 2274 507 192 2275 508 193 2276 427 120 2277 508 193 2278 509 194 2279 427 120 2280 509 194 2281 510 195 2282 427 120 2283 510 195 2284 511 196 2285 427 120 2286 511 196 2287 512 197 2288 427 120 2289 512 197 2290 513 198 2291 427 120 2292 513 198 2293 514 199 2294 427 120 2295 514 199 2296 515 200 2297 427 120 2298 515 200 2299 516 201 2300 427 120 2301 516 201 2302 517 202 2303 427 120 2304 517 202 2305 518 203 2306 427 120 2307 518 203 2308 519 204 2309 427 120 2310 519 204 2311 520 205 2312 427 120 2313 520 205 2314 494 44 2315 426 118 2316 427 120 2317 494 44 2318 426 118 2319 494 44 2320 464 43 2321 427 120 2322 428 122 2323 466 206 2324 466 206 2325 465 182 2326 427 120 2327 428 122 2328 429 124 2329 467 46 2330 467 46 2331 495 45 2332 521 207 2333 467 46 2334 521 207 2335 522 208 2336 467 46 2337 522 208 2338 523 209 2339 467 46 2340 523 209 2341 524 210 2342 467 46 2343 524 210 2344 525 211 2345 467 46 2346 525 211 2347 526 212 2348 467 46 2349 526 212 2350 527 213 2351 467 46 2352 527 213 2353 528 214 2354 467 46 2355 528 214 2356 529 215 2357 467 46 2358 529 215 2359 530 216 2360 467 46 2361 530 216 2362 531 217 2363 467 46 2364 531 217 2365 532 218 2366 467 46 2367 532 218 2368 533 219 2369 467 46 2370 533 219 2371 534 220 2372 467 46 2373 534 220 2374 535 221 2375 467 46 2376 535 221 2377 536 222 2378 467 46 2379 536 222 2380 537 223 2381 467 46 2382 537 223 2383 538 224 2384 467 46 2385 538 224 2386 539 225 2387 467 46 2388 539 225 2389 540 226 2390 467 46 2391 540 226 2392 541 227 2393 467 46 2394 541 227 2395 542 228 2396 467 46 2397 542 228 2398 543 229 2399 467 46 2400 543 229 2401 466 206 2402 428 122 2403 467 46 2404 466 206 2405 429 124 2406 430 126 2407 468 230 2408 468 230 2409 467 46 2410 429 124 2411 430 126 2412 431 128 2413 469 231 2414 469 231 2415 468 230 2416 430 126 2417 431 128 2418 432 130 2419 470 232 2420 470 232 2421 469 231 2422 431 128 2423 432 130 2424 433 132 2425 471 233 2426 471 233 2427 470 232 2428 432 130 2429 433 132 2430 434 134 2431 472 234 2432 472 234 2433 471 233 2434 433 132 2435 434 134 2436 435 136 2437 473 235 2438 473 235 2439 472 234 2440 434 134 2441 435 136 2442 436 138 2443 474 236 2444 474 236 2445 473 235 2446 435 136 2447 436 138 2448 437 140 2449 475 237 2450 475 237 2451 474 236 2452 436 138 2453 437 140 2454 438 142 2455 476 238 2456 476 238 2457 475 237 2458 437 140 2459 438 142 2460 439 144 2461 477 239 2462 477 239 2463 476 238 2464 438 142 2465 439 144 2466 440 146 2467 478 240 2468 478 240 2469 477 239 2470 439 144 2471 440 146 2472 441 148 2473 479 241 2474 479 241 2475 478 240 2476 440 146 2477 441 148 2478 442 150 2479 480 242 2480 480 242 2481 479 241 2482 441 148 2483 442 150 2484 443 152 2485 481 243 2486 481 243 2487 480 242 2488 442 150 2489 443 152 2490 444 154 2491 482 244 2492 482 244 2493 481 243 2494 443 152 2495 444 154 2496 445 156 2497 483 51 2498 483 51 2499 482 244 2500 444 154 2501 446 158 2502 484 245 2503 544 246 2504 446 158 2505 544 246 2506 545 247 2507 446 158 2508 545 247 2509 546 248 2510 446 158 2511 546 248 2512 547 249 2513 446 158 2514 547 249 2515 548 250 2516 446 158 2517 548 250 2518 549 251 2519 446 158 2520 549 251 2521 550 252 2522 446 158 2523 550 252 2524 551 253 2525 446 158 2526 551 253 2527 552 254 2528 446 158 2529 552 254 2530 553 255 2531 446 158 2532 553 255 2533 554 256 2534 446 158 2535 554 256 2536 555 257 2537 446 158 2538 555 257 2539 556 258 2540 446 158 2541 556 258 2542 557 259 2543 446 158 2544 557 259 2545 558 260 2546 446 158 2547 558 260 2548 559 261 2549 446 158 2550 559 261 2551 560 262 2552 446 158 2553 560 262 2554 561 263 2555 446 158 2556 561 263 2557 562 264 2558 446 158 2559 562 264 2560 563 265 2561 446 158 2562 563 265 2563 564 266 2564 446 158 2565 564 266 2566 565 267 2567 446 158 2568 565 267 2569 566 268 2570 446 158 2571 566 268 2572 496 52 2573 445 156 2574 446 158 2575 496 52 2576 445 156 2577 496 52 2578 483 51 2579 446 158 2580 447 160 2581 485 269 2582 485 269 2583 484 245 2584 446 158 2585 447 160 2586 448 162 2587 486 50 2588 486 50 2589 497 49 2590 567 270 2591 486 50 2592 567 270 2593 568 271 2594 486 50 2595 568 271 2596 569 272 2597 486 50 2598 569 272 2599 570 273 2600 486 50 2601 570 273 2602 571 274 2603 486 50 2604 571 274 2605 572 275 2606 486 50 2607 572 275 2608 573 276 2609 486 50 2610 573 276 2611 574 277 2612 486 50 2613 574 277 2614 575 278 2615 486 50 2616 575 278 2617 576 279 2618 486 50 2619 576 279 2620 577 280 2621 486 50 2622 577 280 2623 578 281 2624 486 50 2625 578 281 2626 579 282 2627 486 50 2628 579 282 2629 580 283 2630 486 50 2631 580 283 2632 581 284 2633 486 50 2634 581 284 2635 582 285 2636 486 50 2637 582 285 2638 583 286 2639 486 50 2640 583 286 2641 584 287 2642 486 50 2643 584 287 2644 585 288 2645 486 50 2646 585 288 2647 586 289 2648 486 50 2649 586 289 2650 587 290 2651 486 50 2652 587 290 2653 588 291 2654 486 50 2655 588 291 2656 589 292 2657 486 50 2658 589 292 2659 485 269 2660 447 160 2661 486 50 2662 485 269 2663 448 162 2664 449 164 2665 487 293 2666 487 293 2667 486 50 2668 448 162 2669 449 164 2670 450 166 2671 488 294 2672 488 294 2673 487 293 2674 449 164 2675 450 166 2676 451 168 2677 489 295 2678 489 295 2679 488 294 2680 450 166 2681 451 168 2682 452 170 2683 490 296 2684 490 296 2685 489 295 2686 451 168 2687 452 170 2688 453 172 2689 491 297 2690 491 297 2691 490 296 2692 452 170 2693 453 172 2694 454 174 2695 492 37 2696 492 37 2697 491 297 2698 453 172 2699 454 174 2700 455 176 2701 493 40 2702 493 40 2703 492 37 2704 454 174 2705 455 176 2706 418 104 2707 456 4 2708 456 4 2709 493 40 2710 455 176 2711 521 207 2712 495 45 2713 494 44 2714 494 44 2715 520 205 2716 521 207 2717 567 270 2718 497 49 2719 496 52 2720 496 52 2721 566 268 2722 567 270 2723 522 208 2724 521 207 2725 520 205 2726 520 205 2727 519 204 2728 522 208 2729 523 209 2730 522 208 2731 519 204 2732 519 204 2733 518 203 2734 523 209 2735 524 210 2736 523 209 2737 518 203 2738 518 203 2739 517 202 2740 524 210 2741 525 211 2742 524 210 2743 517 202 2744 517 202 2745 516 201 2746 525 211 2747 526 212 2748 525 211 2749 516 201 2750 516 201 2751 515 200 2752 526 212 2753 527 213 2754 526 212 2755 515 200 2756 515 200 2757 514 199 2758 527 213 2759 528 214 2760 527 213 2761 514 199 2762 514 199 2763 513 198 2764 528 214 2765 529 215 2766 528 214 2767 513 198 2768 513 198 2769 512 197 2770 529 215 2771 530 216 2772 529 215 2773 512 197 2774 512 197 2775 511 196 2776 530 216 2777 531 217 2778 530 216 2779 511 196 2780 511 196 2781 510 195 2782 531 217 2783 532 218 2784 531 217 2785 510 195 2786 510 195 2787 509 194 2788 532 218 2789 533 219 2790 532 218 2791 509 194 2792 509 194 2793 508 193 2794 533 219 2795 534 220 2796 533 219 2797 508 193 2798 508 193 2799 507 192 2800 534 220 2801 535 221 2802 534 220 2803 507 192 2804 507 192 2805 506 191 2806 535 221 2807 536 222 2808 535 221 2809 506 191 2810 506 191 2811 505 190 2812 536 222 2813 537 223 2814 536 222 2815 505 190 2816 505 190 2817 504 189 2818 537 223 2819 538 224 2820 537 223 2821 504 189 2822 504 189 2823 503 188 2824 538 224 2825 539 225 2826 538 224 2827 503 188 2828 503 188 2829 502 187 2830 539 225 2831 540 226 2832 539 225 2833 502 187 2834 502 187 2835 501 186 2836 540 226 2837 541 227 2838 540 226 2839 501 186 2840 501 186 2841 500 185 2842 541 227 2843 542 228 2844 541 227 2845 500 185 2846 500 185 2847 499 184 2848 542 228 2849 543 229 2850 542 228 2851 499 184 2852 499 184 2853 498 183 2854 543 229 2855 466 206 2856 543 229 2857 498 183 2858 498 183 2859 465 182 2860 466 206 2861 568 271 2862 567 270 2863 566 268 2864 566 268 2865 565 267 2866 568 271 2867 569 272 2868 568 271 2869 565 267 2870 565 267 2871 564 266 2872 569 272 2873 570 273 2874 569 272 2875 564 266 2876 564 266 2877 563 265 2878 570 273 2879 571 274 2880 570 273 2881 563 265 2882 563 265 2883 562 264 2884 571 274 2885 572 275 2886 571 274 2887 562 264 2888 562 264 2889 561 263 2890 572 275 2891 573 276 2892 572 275 2893 561 263 2894 561 263 2895 560 262 2896 573 276 2897 574 277 2898 573 276 2899 560 262 2900 560 262 2901 559 261 2902 574 277 2903 575 278 2904 574 277 2905 559 261 2906 559 261 2907 558 260 2908 575 278 2909 576 279 2910 575 278 2911 558 260 2912 558 260 2913 557 259 2914 576 279 2915 577 280 2916 576 279 2917 557 259 2918 557 259 2919 556 258 2920 577 280 2921 578 281 2922 577 280 2923 556 258 2924 556 258 2925 555 257 2926 578 281 2927 579 282 2928 578 281 2929 555 257 2930 555 257 2931 554 256 2932 579 282 2933 580 283 2934 579 282 2935 554 256 2936 554 256 2937 553 255 2938 580 283 2939 581 284 2940 580 283 2941 553 255 2942 553 255 2943 552 254 2944 581 284 2945 582 285 2946 581 284 2947 552 254 2948 552 254 2949 551 253 2950 582 285 2951 583 286 2952 582 285 2953 551 253 2954 551 253 2955 550 252 2956 583 286 2957 584 287 2958 583 286 2959 550 252 2960 550 252 2961 549 251 2962 584 287 2963 585 288 2964 584 287 2965 549 251 2966 549 251 2967 548 250 2968 585 288 2969 586 289 2970 585 288 2971 548 250 2972 548 250 2973 547 249 2974 586 289 2975 587 290 2976 586 289 2977 547 249 2978 547 249 2979 546 248 2980 587 290 2981 588 291 2982 587 290 2983 546 248 2984 546 248 2985 545 247 2986 588 291 2987 589 292 2988 588 291 2989 545 247 2990 545 247 2991 544 246 2992 589 292 2993 485 269 2994 589 292 2995 544 246 2996 544 246 2997 484 245 2998 485 269 2999 642 298 3000 643 298 3001 591 298 3002 591 299 3003 590 299 3004 642 299 3005 643 300 3006 644 300 3007 592 300 3008 592 301 3009 591 301 3010 643 301 3011 644 302 3012 645 302 3013 593 302 3014 593 303 3015 592 303 3016 644 303 3017 645 304 3018 646 304 3019 594 304 3020 594 305 3021 593 305 3022 645 305 3023 646 306 3024 647 306 3025 595 306 3026 595 307 3027 594 307 3028 646 307 3029 647 41 3030 648 41 3031 596 41 3032 596 41 3033 595 41 3034 647 41 3035 648 41 3036 649 41 3037 597 41 3038 597 41 3039 596 41 3040 648 41 3041 649 41 3042 650 41 3043 598 41 3044 598 41 3045 597 41 3046 649 41 3047 650 308 3048 651 308 3049 599 308 3050 599 309 3051 598 309 3052 650 309 3053 651 310 3054 652 310 3055 600 310 3056 600 311 3057 599 311 3058 651 311 3059 652 312 3060 653 312 3061 601 312 3062 601 313 3063 600 313 3064 652 313 3065 653 314 3066 654 314 3067 602 314 3068 602 315 3069 601 315 3070 653 315 3071 654 316 3072 655 316 3073 603 316 3074 603 317 3075 602 317 3076 654 317 3077 655 318 3078 656 318 3079 604 318 3080 604 319 3081 603 319 3082 655 319 3083 656 320 3084 657 320 3085 605 320 3086 605 321 3087 604 321 3088 656 321 3089 657 322 3090 658 322 3091 606 322 3092 606 323 3093 605 323 3094 657 323 3095 658 324 3096 659 324 3097 607 324 3098 607 325 3099 606 325 3100 658 325 3101 659 326 3102 660 326 3103 608 326 3104 608 327 3105 607 327 3106 659 327 3107 660 41 3108 661 41 3109 609 41 3110 609 41 3111 608 41 3112 660 41 3113 661 41 3114 662 41 3115 610 41 3116 610 328 3117 609 328 3118 661 328 3119 662 41 3120 663 41 3121 611 41 3122 611 329 3123 610 329 3124 662 329 3125 663 330 3126 664 330 3127 612 330 3128 612 41 3129 611 41 3130 663 41 3131 664 302 3132 665 302 3133 613 302 3134 613 331 3135 612 331 3136 664 331 3137 665 332 3138 666 332 3139 614 332 3140 614 333 3141 613 333 3142 665 333 3143 666 334 3144 667 334 3145 615 334 3146 615 335 3147 614 335 3148 666 335 3149 667 336 3150 642 336 3151 590 336 3152 590 337 3153 615 337 3154 667 337 3155 236 41 3156 235 41 3157 668 41 3158 668 338 3159 669 338 3160 236 338 3161 235 41 3162 260 41 3163 693 41 3164 693 41 3165 668 41 3166 235 41 3167 260 339 3168 259 339 3169 692 339 3170 692 41 3171 693 41 3172 260 41 3173 259 340 3174 258 340 3175 691 340 3176 691 341 3177 692 341 3178 259 341 3179 258 342 3180 257 342 3181 690 342 3182 690 343 3183 691 343 3184 258 343 3185 257 344 3186 256 344 3187 689 344 3188 689 41 3189 690 41 3190 257 41 3191 256 345 3192 255 345 3193 688 345 3194 688 346 3195 689 346 3196 256 346 3197 255 41 3198 254 41 3199 687 41 3200 687 41 3201 688 41 3202 255 41 3203 254 347 3204 253 347 3205 686 347 3206 686 348 3207 687 348 3208 254 348 3209 253 349 3210 252 349 3211 685 349 3212 685 350 3213 686 350 3214 253 350 3215 252 351 3216 251 351 3217 684 351 3218 684 352 3219 685 352 3220 252 352 3221 251 41 3222 250 41 3223 683 41 3224 683 353 3225 684 353 3226 251 353 3227 250 354 3228 249 354 3229 682 354 3230 682 41 3231 683 41 3232 250 41 3233 249 355 3234 248 355 3235 681 355 3236 681 356 3237 682 356 3238 249 356 3239 248 357 3240 247 357 3241 680 357 3242 680 358 3243 681 358 3244 248 358 3245 247 359 3246 246 359 3247 679 359 3248 679 360 3249 680 360 3250 247 360 3251 246 361 3252 245 361 3253 678 361 3254 678 362 3255 679 362 3256 246 362 3257 245 363 3258 244 363 3259 677 363 3260 677 364 3261 678 364 3262 245 364 3263 244 365 3264 243 365 3265 676 365 3266 676 366 3267 677 366 3268 244 366 3269 243 367 3270 242 367 3271 675 367 3272 675 368 3273 676 368 3274 243 368 3275 242 41 3276 241 41 3277 674 41 3278 674 41 3279 675 41 3280 242 41 3281 241 369 3282 240 369 3283 673 369 3284 673 370 3285 674 370 3286 241 370 3287 240 371 3288 239 371 3289 672 371 3290 672 372 3291 673 372 3292 240 372 3293 239 373 3294 238 373 3295 671 373 3296 671 374 3297 672 374 3298 239 374 3299 238 375 3300 237 375 3301 670 375 3302 670 376 3303 671 376 3304 238 376 3305 237 377 3306 236 377 3307 669 377 3308 669 378 3309 670 378 3310 237 378 3311 209 379 3312 210 380 3313 643 3 3314 643 3 3315 642 4 3316 209 379 3317 210 380 3318 211 381 3319 644 6 3320 644 6 3321 643 3 3322 210 380 3323 211 381 3324 212 382 3325 645 177 3326 645 177 3327 644 6 3328 211 381 3329 212 382 3330 213 383 3331 646 178 3332 646 178 3333 645 177 3334 212 382 3335 213 383 3336 214 384 3337 647 179 3338 647 179 3339 646 178 3340 213 383 3341 214 384 3342 215 244 3343 648 180 3344 648 180 3345 647 179 3346 214 384 3347 215 244 3348 216 243 3349 649 181 3350 649 181 3351 648 180 3352 215 244 3353 216 243 3354 217 242 3355 650 385 3356 650 385 3357 649 181 3358 216 243 3359 217 242 3360 218 241 3361 651 386 3362 651 386 3363 650 385 3364 217 242 3365 218 241 3366 219 240 3367 652 387 3368 652 387 3369 651 386 3370 218 241 3371 219 240 3372 220 239 3373 653 15 3374 653 15 3375 652 387 3376 219 240 3377 220 239 3378 221 238 3379 654 18 3380 654 18 3381 653 15 3382 220 239 3383 221 238 3384 222 237 3385 655 20 3386 655 20 3387 654 18 3388 221 238 3389 222 237 3390 223 236 3391 656 22 3392 656 22 3393 655 20 3394 222 237 3395 223 236 3396 224 235 3397 657 24 3398 657 24 3399 656 22 3400 223 236 3401 224 235 3402 225 234 3403 658 388 3404 658 388 3405 657 24 3406 224 235 3407 225 234 3408 226 233 3409 659 389 3410 659 389 3411 658 388 3412 225 234 3413 226 233 3414 227 232 3415 660 390 3416 660 390 3417 659 389 3418 226 233 3419 227 232 3420 228 231 3421 661 293 3422 661 293 3423 660 390 3424 227 232 3425 228 231 3426 229 230 3427 662 294 3428 662 294 3429 661 293 3430 228 231 3431 229 230 3432 230 391 3433 663 295 3434 663 295 3435 662 294 3436 229 230 3437 230 391 3438 231 392 3439 664 296 3440 664 296 3441 663 295 3442 230 391 3443 231 392 3444 232 393 3445 665 297 3446 665 297 3447 664 296 3448 231 392 3449 232 393 3450 233 394 3451 666 37 3452 666 37 3453 665 297 3454 232 393 3455 233 394 3456 234 395 3457 667 40 3458 667 40 3459 666 37 3460 233 394 3461 234 395 3462 209 379 3463 642 4 3464 642 4 3465 667 40 3466 234 395 3467 617 396 3468 616 397 3469 669 398 3470 669 398 3471 668 399 3472 617 396 3473 616 397 3474 641 400 3475 670 401 3476 670 401 3477 669 398 3478 616 397 3479 641 400 3480 640 402 3481 671 403 3482 671 403 3483 670 401 3484 641 400 3485 640 402 3486 639 404 3487 672 405 3488 672 405 3489 671 403 3490 640 402 3491 639 404 3492 638 406 3493 673 407 3494 673 407 3495 672 405 3496 639 404 3497 638 406 3498 637 408 3499 674 409 3500 674 409 3501 673 407 3502 638 406 3503 637 408 3504 636 410 3505 675 411 3506 675 411 3507 674 409 3508 637 408 3509 636 410 3510 635 412 3511 676 413 3512 676 413 3513 675 411 3514 636 410 3515 635 412 3516 634 414 3517 677 415 3518 677 415 3519 676 413 3520 635 412 3521 634 414 3522 633 416 3523 678 417 3524 678 417 3525 677 415 3526 634 414 3527 633 416 3528 632 418 3529 679 419 3530 679 419 3531 678 417 3532 633 416 3533 632 418 3534 631 420 3535 680 421 3536 680 421 3537 679 419 3538 632 418 3539 631 420 3540 630 422 3541 681 423 3542 681 423 3543 680 421 3544 631 420 3545 630 422 3546 629 424 3547 682 425 3548 682 425 3549 681 423 3550 630 422 3551 629 424 3552 628 426 3553 683 427 3554 683 427 3555 682 425 3556 629 424 3557 628 426 3558 627 428 3559 684 429 3560 684 429 3561 683 427 3562 628 426 3563 627 428 3564 626 430 3565 685 431 3566 685 431 3567 684 429 3568 627 428 3569 626 430 3570 625 432 3571 686 433 3572 686 433 3573 685 431 3574 626 430 3575 625 432 3576 624 434 3577 687 435 3578 687 435 3579 686 433 3580 625 432 3581 624 434 3582 623 436 3583 688 437 3584 688 437 3585 687 435 3586 624 434 3587 623 436 3588 622 438 3589 689 439 3590 689 439 3591 688 437 3592 623 436 3593 622 438 3594 621 440 3595 690 441 3596 690 441 3597 689 439 3598 622 438 3599 621 440 3600 620 442 3601 691 443 3602 691 443 3603 690 441 3604 621 440 3605 620 442 3606 619 444 3607 692 445 3608 692 445 3609 691 443 3610 620 442 3611 619 444 3612 618 446 3613 693 447 3614 693 447 3615 692 445 3616 619 444 3617 618 446 3618 617 396 3619 668 399 3620 668 399 3621 693 447 3622 618 446 3623 724 448 3624 696 11 3625 695 10 3626 695 10 3627 723 449 3628 724 448 3629 702 450 3630 694 451 3631 697 452 3632 697 452 3633 745 453 3634 702 450 3635 768 454 3636 700 33 3637 699 32 3638 699 32 3639 767 455 3640 768 454 3641 746 456 3642 698 27 3643 701 30 3644 701 30 3645 789 457 3646 746 456 3647 725 458 3648 724 448 3649 723 449 3650 723 449 3651 722 459 3652 725 458 3653 726 460 3654 725 458 3655 722 459 3656 722 459 3657 721 461 3658 726 460 3659 727 462 3660 726 460 3661 721 461 3662 721 461 3663 720 463 3664 727 462 3665 728 464 3666 727 462 3667 720 463 3668 720 463 3669 719 465 3670 728 464 3671 729 466 3672 728 464 3673 719 465 3674 719 465 3675 718 467 3676 729 466 3677 730 468 3678 729 466 3679 718 467 3680 718 467 3681 717 469 3682 730 468 3683 731 470 3684 730 468 3685 717 469 3686 717 469 3687 716 471 3688 731 470 3689 732 472 3690 731 470 3691 716 471 3692 716 471 3693 715 473 3694 732 472 3695 733 474 3696 732 472 3697 715 473 3698 715 473 3699 714 475 3700 733 474 3701 734 476 3702 733 474 3703 714 475 3704 714 475 3705 713 477 3706 734 476 3707 369 89 3708 734 476 3709 713 477 3710 713 477 3711 368 90 3712 369 89 3713 703 478 3714 702 450 3715 745 453 3716 745 453 3717 744 479 3718 703 478 3719 704 480 3720 703 478 3721 744 479 3722 744 479 3723 743 481 3724 704 480 3725 705 482 3726 704 480 3727 743 481 3728 743 481 3729 742 483 3730 705 482 3731 706 484 3732 705 482 3733 742 483 3734 742 483 3735 741 485 3736 706 484 3737 707 486 3738 706 484 3739 741 485 3740 741 485 3741 740 487 3742 707 486 3743 708 488 3744 707 486 3745 740 487 3746 740 487 3747 739 489 3748 708 488 3749 709 490 3750 708 488 3751 739 489 3752 739 489 3753 738 491 3754 709 490 3755 710 492 3756 709 490 3757 738 491 3758 738 491 3759 737 493 3760 710 492 3761 711 494 3762 710 492 3763 737 493 3764 737 493 3765 736 495 3766 711 494 3767 712 496 3768 711 494 3769 736 495 3770 736 495 3771 735 497 3772 712 496 3773 366 91 3774 712 496 3775 735 497 3776 735 497 3777 371 92 3778 366 91 3779 769 498 3780 768 454 3781 767 455 3782 767 455 3783 766 499 3784 769 498 3785 770 500 3786 769 498 3787 766 499 3788 766 499 3789 765 501 3790 770 500 3791 771 502 3792 770 500 3793 765 501 3794 765 501 3795 764 503 3796 771 502 3797 772 504 3798 771 502 3799 764 503 3800 764 503 3801 763 505 3802 772 504 3803 773 506 3804 772 504 3805 763 505 3806 763 505 3807 762 507 3808 773 506 3809 774 508 3810 773 506 3811 762 507 3812 762 507 3813 761 509 3814 774 508 3815 775 510 3816 774 508 3817 761 509 3818 761 509 3819 760 511 3820 775 510 3821 776 512 3822 775 510 3823 760 511 3824 760 511 3825 759 513 3826 776 512 3827 777 514 3828 776 512 3829 759 513 3830 759 513 3831 758 515 3832 777 514 3833 778 516 3834 777 514 3835 758 515 3836 758 515 3837 757 517 3838 778 516 3839 376 93 3840 778 516 3841 757 517 3842 757 517 3843 375 94 3844 376 93 3845 747 518 3846 746 456 3847 789 457 3848 789 457 3849 788 519 3850 747 518 3851 748 520 3852 747 518 3853 788 519 3854 788 519 3855 787 521 3856 748 520 3857 749 522 3858 748 520 3859 787 521 3860 787 521 3861 786 523 3862 749 522 3863 750 524 3864 749 522 3865 786 523 3866 786 523 3867 785 525 3868 750 524 3869 751 526 3870 750 524 3871 785 525 3872 785 525 3873 784 527 3874 751 526 3875 752 528 3876 751 526 3877 784 527 3878 784 527 3879 783 529 3880 752 528 3881 753 530 3882 752 528 3883 783 529 3884 783 529 3885 782 531 3886 753 530 3887 754 532 3888 753 530 3889 782 531 3890 782 531 3891 781 533 3892 754 532 3893 755 534 3894 754 532 3895 781 533 3896 781 533 3897 780 535 3898 755 534 3899 756 536 3900 755 534 3901 780 535 3902 780 535 3903 779 537 3904 756 536 3905 372 95 3906 756 536 3907 779 537 3908 779 537 3909 379 96 3910 372 95 3911</p>
        </triangles>
        <triangles material="light-red_001-material" count="234">
          <input semantic="VERTEX" source="#Örüntü_016-mesh-vertices" offset="0"/>
          <input semantic="NORMAL" source="#Örüntü_016-mesh-normals" offset="1"/>
          <input semantic="TEXCOORD" source="#Örüntü_016-mesh-map-0" offset="2" set="0"/>
          <p>235 538 3912 236 538 3913 262 538 3914 262 41 3915 261 41 3916 235 41 3917 236 539 3918 237 539 3919 263 539 3920 263 540 3921 262 540 3922 236 540 3923 237 41 3924 238 41 3925 264 41 3926 264 541 3927 263 541 3928 237 541 3929 238 41 3930 239 41 3931 265 41 3932 265 41 3933 264 41 3934 238 41 3935 239 41 3936 240 41 3937 266 41 3938 266 41 3939 265 41 3940 239 41 3941 240 41 3942 241 41 3943 267 41 3944 267 41 3945 266 41 3946 240 41 3947 241 41 3948 242 41 3949 268 41 3950 268 41 3951 267 41 3952 241 41 3953 242 41 3954 243 41 3955 269 41 3956 269 542 3957 268 542 3958 242 542 3959 243 543 3960 244 543 3961 270 543 3962 270 41 3963 269 41 3964 243 41 3965 244 544 3966 245 544 3967 271 544 3968 271 545 3969 270 545 3970 244 545 3971 245 546 3972 246 546 3973 272 546 3974 272 547 3975 271 547 3976 245 547 3977 246 548 3978 247 548 3979 273 548 3980 273 549 3981 272 549 3982 246 549 3983 247 550 3984 248 550 3985 274 550 3986 274 551 3987 273 551 3988 247 551 3989 248 552 3990 249 552 3991 275 552 3992 275 553 3993 274 553 3994 248 553 3995 249 41 3996 250 41 3997 276 41 3998 276 551 3999 275 551 4000 249 551 4001 250 41 4002 251 41 4003 277 41 4004 277 41 4005 276 41 4006 250 41 4007 251 41 4008 252 41 4009 278 41 4010 278 41 4011 277 41 4012 251 41 4013 252 554 4014 253 554 4015 279 554 4016 279 41 4017 278 41 4018 252 41 4019 253 41 4020 254 41 4021 280 41 4022 280 41 4023 279 41 4024 253 41 4025 254 41 4026 255 41 4027 281 41 4028 281 555 4029 280 555 4030 254 555 4031 255 41 4032 256 41 4033 282 41 4034 282 41 4035 281 41 4036 255 41 4037 256 546 4038 257 546 4039 283 546 4040 283 556 4041 282 556 4042 256 556 4043 257 41 4044 258 41 4045 284 41 4046 284 557 4047 283 557 4048 257 557 4049 258 41 4050 259 41 4051 285 41 4052 285 41 4053 284 41 4054 258 41 4055 259 558 4056 260 558 4057 286 558 4058 286 41 4059 285 41 4060 259 41 4061 260 41 4062 235 41 4063 261 41 4064 261 559 4065 286 559 4066 260 559 4067 261 560 4068 262 560 4069 288 560 4070 288 41 4071 287 41 4072 261 41 4073 262 561 4074 263 561 4075 289 561 4076 289 562 4077 288 562 4078 262 562 4079 263 41 4080 264 41 4081 290 41 4082 290 41 4083 289 41 4084 263 41 4085 264 563 4086 265 563 4087 291 563 4088 291 564 4089 290 564 4090 264 564 4091 265 41 4092 266 41 4093 292 41 4094 292 41 4095 291 41 4096 265 41 4097 266 41 4098 267 41 4099 293 41 4100 293 41 4101 292 41 4102 266 41 4103 267 41 4104 268 41 4105 294 41 4106 294 41 4107 293 41 4108 267 41 4109 268 41 4110 269 41 4111 295 41 4112 295 41 4113 294 41 4114 268 41 4115 269 41 4116 270 41 4117 296 41 4118 296 41 4119 295 41 4120 269 41 4121 270 565 4122 271 565 4123 297 565 4124 297 566 4125 296 566 4126 270 566 4127 271 541 4128 272 541 4129 298 541 4130 298 41 4131 297 41 4132 271 41 4133 272 567 4134 273 567 4135 299 567 4136 299 41 4137 298 41 4138 272 41 4139 273 568 4140 274 568 4141 300 568 4142 300 569 4143 299 569 4144 273 569 4145 274 570 4146 275 570 4147 301 570 4148 301 571 4149 300 571 4150 274 571 4151 275 572 4152 276 572 4153 302 572 4154 302 573 4155 301 573 4156 275 573 4157 276 41 4158 277 41 4159 303 41 4160 303 41 4161 302 41 4162 276 41 4163 277 41 4164 278 41 4165 304 41 4166 304 574 4167 303 574 4168 277 574 4169 278 41 4170 279 41 4171 305 41 4172 305 41 4173 304 41 4174 278 41 4175 279 41 4176 280 41 4177 306 41 4178 306 41 4179 305 41 4180 279 41 4181 280 41 4182 281 41 4183 307 41 4184 307 41 4185 306 41 4186 280 41 4187 281 575 4188 282 575 4189 308 575 4190 308 576 4191 307 576 4192 281 576 4193 282 41 4194 283 41 4195 309 41 4196 309 577 4197 308 577 4198 282 577 4199 283 41 4200 284 41 4201 310 41 4202 310 41 4203 309 41 4204 283 41 4205 284 545 4206 285 545 4207 311 545 4208 311 41 4209 310 41 4210 284 41 4211 285 41 4212 286 41 4213 312 41 4214 312 566 4215 311 566 4216 285 566 4217 286 41 4218 261 41 4219 287 41 4220 287 41 4221 312 41 4222 286 41 4223 287 573 4224 288 573 4225 314 573 4226 314 41 4227 313 41 4228 287 41 4229 288 41 4230 289 41 4231 315 41 4232 315 563 4233 314 563 4234 288 563 4235 289 41 4236 290 41 4237 316 41 4238 316 41 4239 315 41 4240 289 41 4241 290 41 4242 291 41 4243 317 41 4244 317 542 4245 316 542 4246 290 542 4247 291 41 4248 292 41 4249 318 41 4250 318 41 4251 317 41 4252 291 41 4253 292 41 4254 293 41 4255 319 41 4256 319 41 4257 318 41 4258 292 41 4259 293 41 4260 294 41 4261 320 41 4262 320 41 4263 319 41 4264 293 41 4265 294 41 4266 295 41 4267 321 41 4268 321 41 4269 320 41 4270 294 41 4271 295 41 4272 296 41 4273 322 41 4274 322 41 4275 321 41 4276 295 41 4277 296 41 4278 297 41 4279 323 41 4280 323 578 4281 322 578 4282 296 578 4283 297 579 4284 298 579 4285 324 579 4286 324 41 4287 323 41 4288 297 41 4289 298 580 4290 299 580 4291 325 580 4292 325 41 4293 324 41 4294 298 41 4295 299 581 4296 300 581 4297 326 581 4298 326 582 4299 325 582 4300 299 582 4301 300 583 4302 301 583 4303 327 583 4304 327 584 4305 326 584 4306 300 584 4307 301 585 4308 302 585 4309 328 585 4310 328 41 4311 327 41 4312 301 41 4313 302 41 4314 303 41 4315 329 41 4316 329 41 4317 328 41 4318 302 41 4319 303 41 4320 304 41 4321 330 41 4322 330 41 4323 329 41 4324 303 41 4325 304 586 4326 305 586 4327 331 586 4328 331 41 4329 330 41 4330 304 41 4331 305 41 4332 306 41 4333 332 41 4334 332 41 4335 331 41 4336 305 41 4337 306 41 4338 307 41 4339 333 41 4340 333 41 4341 332 41 4342 306 41 4343 307 41 4344 308 41 4345 334 41 4346 334 41 4347 333 41 4348 307 41 4349 308 41 4350 309 41 4351 335 41 4352 335 41 4353 334 41 4354 308 41 4355 309 587 4356 310 587 4357 336 587 4358 336 588 4359 335 588 4360 309 588 4361 310 589 4362 311 589 4363 337 589 4364 337 590 4365 336 590 4366 310 590 4367 311 562 4368 312 562 4369 338 562 4370 338 41 4371 337 41 4372 311 41 4373 312 41 4374 287 41 4375 313 41 4376 313 591 4377 338 591 4378 312 591 4379 313 561 4380 314 561 4381 340 561 4382 340 41 4383 339 41 4384 313 41 4385 314 41 4386 315 41 4387 341 41 4388 341 592 4389 340 592 4390 314 592 4391 315 593 4392 316 593 4393 342 593 4394 342 41 4395 341 41 4396 315 41 4397 316 41 4398 317 41 4399 343 41 4400 343 594 4401 342 594 4402 316 594 4403 317 41 4404 318 41 4405 344 41 4406 344 41 4407 343 41 4408 317 41 4409 318 41 4410 319 41 4411 345 41 4412 345 41 4413 344 41 4414 318 41 4415 319 41 4416 320 41 4417 346 41 4418 346 41 4419 345 41 4420 319 41 4421 320 41 4422 321 41 4423 347 41 4424 347 41 4425 346 41 4426 320 41 4427 321 41 4428 322 41 4429 348 41 4430 348 41 4431 347 41 4432 321 41 4433 322 41 4434 323 41 4435 349 41 4436 349 41 4437 348 41 4438 322 41 4439 323 593 4440 324 593 4441 350 593 4442 350 595 4443 349 595 4444 323 595 4445 324 41 4446 325 41 4447 351 41 4448 351 41 4449 350 41 4450 324 41 4451 325 596 4452 326 596 4453 352 596 4454 352 41 4455 351 41 4456 325 41 4457 326 545 4458 327 545 4459 353 545 4460 353 597 4461 352 597 4462 326 597 4463 327 598 4464 328 598 4465 354 598 4466 354 41 4467 353 41 4468 327 41 4469 328 41 4470 329 41 4471 355 41 4472 355 41 4473 354 41 4474 328 41 4475 329 599 4476 330 599 4477 356 599 4478 356 41 4479 355 41 4480 329 41 4481 330 41 4482 331 41 4483 357 41 4484 357 600 4485 356 600 4486 330 600 4487 331 41 4488 332 41 4489 358 41 4490 358 601 4491 357 601 4492 331 601 4493 332 41 4494 333 41 4495 359 41 4496 359 41 4497 358 41 4498 332 41 4499 333 41 4500 334 41 4501 360 41 4502 360 41 4503 359 41 4504 333 41 4505 334 602 4506 335 602 4507 361 602 4508 361 41 4509 360 41 4510 334 41 4511 335 603 4512 336 603 4513 362 603 4514 362 41 4515 361 41 4516 335 41 4517 336 41 4518 337 41 4519 363 41 4520 363 41 4521 362 41 4522 336 41 4523 337 604 4524 338 604 4525 364 604 4526 364 605 4527 363 605 4528 337 605 4529 338 41 4530 313 41 4531 339 41 4532 339 606 4533 364 606 4534 338 606 4535 365 41 4536 339 41 4537 340 41 4538 365 41 4539 340 41 4540 341 41 4541 365 607 4542 341 607 4543 342 607 4544 365 608 4545 342 608 4546 343 608 4547 365 609 4548 343 609 4549 344 609 4550 365 610 4551 344 610 4552 345 610 4553 365 41 4554 345 41 4555 346 41 4556 365 611 4557 346 611 4558 347 611 4559 365 612 4560 347 612 4561 348 612 4562 365 41 4563 348 41 4564 349 41 4565 365 613 4566 349 613 4567 350 613 4568 365 588 4569 350 588 4570 351 588 4571 365 614 4572 351 614 4573 352 614 4574 365 41 4575 352 41 4576 353 41 4577 365 41 4578 353 41 4579 354 41 4580 365 615 4581 354 615 4582 355 615 4583 365 616 4584 355 616 4585 356 616 4586 365 617 4587 356 617 4588 357 617 4589 365 618 4590 357 618 4591 358 618 4592 365 41 4593 358 41 4594 359 41 4595 365 41 4596 359 41 4597 360 41 4598 365 619 4599 360 619 4600 361 619 4601 365 549 4602 361 549 4603 362 549 4604 365 620 4605 362 620 4606 363 620 4607 365 41 4608 363 41 4609 364 41 4610 365 41 4611 364 41 4612 339 41 4613</p>
        </triangles>
      </mesh>
    </geometry>
    <geometry id="Örüntü_015-mesh" name="Örüntü.015">
      <mesh>
        <source id="Örüntü_015-mesh-positions">
          <float_array id="Örüntü_015-mesh-positions-array" count="2349">0 0 0 1.428571 0 0 1.38706 0.3418796 0 1.264937 0.6638903 0 1.069301 0.9473182 0 0.811521 1.175691 0 0.5065784 1.335738 0 0.1721953 1.418156 0 -0.1721951 1.418156 0 -0.5065784 1.335738 0 -0.811521 1.175691 0 -1.069301 0.9473181 0 -1.264937 0.6638901 0 -1.38706 0.3418793 0 -1.428571 -4.65488e-7 0 -1.38706 -0.3418802 0 -1.264937 -0.663891 0 -1.069301 -0.9473188 0 -0.8115203 -1.175692 0 -0.5065774 -1.335738 0 -0.172194 -1.418156 0 0.1721967 -1.418155 0 0.5065799 -1.335737 0 0.8115226 -1.17569 0 1.069302 -0.9473168 0 1.264938 -0.6638885 0 1.38706 -0.3418774 0 2.857143 0 0 2.77412 0.6837591 0 2.529874 1.327781 0 2.138602 1.894636 0 1.623042 2.351382 0 1.013157 2.671475 0 0.3443905 2.836311 0 -0.3443905 2.836311 0 -1.013157 2.671475 0 -1.623042 2.351383 0 -2.138602 1.894636 0 -2.529875 1.32778 0 -2.77412 0.6837585 0 -2.857143 -9.30975e-7 0 -2.774119 -0.6837603 0 -2.529874 -1.327782 0 -2.138601 -1.894638 0 -1.623041 -2.351384 0 -1.013155 -2.671476 0 -0.3443879 -2.836312 0 0.3443934 -2.836311 0 1.01316 -2.671474 0 1.623045 -2.351381 0 2.138605 -1.894634 0 2.529876 -1.327777 0 2.774121 -0.6837549 0 4.285715 0 0 4.16118 1.025639 0 3.794812 1.991671 0 3.207903 2.841955 0 2.434563 3.527074 0 1.519735 4.007213 0 0.5165858 4.254467 0 -0.5165857 4.254467 0 -1.519735 4.007213 0 -2.434563 3.527074 0 -3.207904 2.841954 0 -3.794812 1.99167 0 -4.16118 1.025638 0 -4.285715 -1.39646e-6 0 -4.161179 -1.02564 0 -3.794811 -1.991673 0 -3.207902 -2.841957 0 -2.434561 -3.527076 0 -1.519732 -4.007214 0 -0.5165819 -4.254467 0 0.5165901 -4.254467 0 1.51974 -4.007211 0 2.434568 -3.527071 0 3.207907 -2.84195 0 3.794815 -1.991665 0 4.161181 -1.025632 0 5.714286 0 0 5.548239 1.367518 0 5.059749 2.655561 0 4.277204 3.789273 0 3.246084 4.702765 0 2.026314 5.34295 0 0.6887811 5.672622 0 -0.688781 5.672622 0 -2.026314 5.34295 0 -3.246084 4.702765 0 -4.277204 3.789273 0 -5.059749 2.65556 0 -5.54824 1.367517 0 -5.714286 -1.86195e-6 0 -5.548239 -1.367521 0 -5.059748 -2.655564 0 -4.277202 -3.789275 0 -3.246081 -4.702768 0 -2.026309 -5.342952 0 -0.6887758 -5.672623 0 0.6887868 -5.672622 0 2.026319 -5.342948 0 3.24609 -4.702761 0 4.277209 -3.789267 0 5.059752 -2.655554 0 5.548242 -1.36751 0 7.142858 0 0 6.935299 1.709398 0 6.324686 3.319452 0 5.346506 4.736591 0 4.057605 5.878456 0 2.532892 6.678688 0 0.8609763 7.090778 0 -0.8609762 7.090778 0 -2.532892 6.678688 0 -4.057605 5.878457 0 -5.346506 4.73659 0 -6.324687 3.319451 0 -6.935299 1.709396 0 -7.142858 -2.32744e-6 0 -6.935298 -1.709401 0 -6.324685 -3.319455 0 -5.346503 -4.736594 0 -4.057601 -5.878459 0 -2.532887 -6.678689 0 -0.8609698 -7.090778 0 0.8609835 -7.090777 0 2.532899 -6.678685 0 4.057612 -5.878451 0 5.346511 -4.736584 0 6.32469 -3.319442 0 6.935302 -1.709387 0 8.571434 0 0 8.32236 2.051277 0 7.589623 3.983342 0 6.415807 5.683909 0 4.869126 7.054148 0 3.03947 8.01443 0 1.033172 8.508934 0 -1.033171 8.508934 0 -3.03947 8.01443 0 -4.869126 7.054149 0 -6.415807 5.683909 0 -7.589624 3.983341 0 -8.32236 2.051275 0 -8.571434 -2.79293e-6 0 -8.32236 -2.051281 0 -7.589622 -3.983346 0 -6.415803 -5.683913 0 -4.869122 -7.054152 0 -3.039464 -8.01443 0 -1.033164 -8.508935 0 1.03318 -8.508934 0 3.039479 -8.014428 0 4.869135 -7.054142 0 6.415814 -5.683901 0 7.589629 -3.983331 0 8.322363 -2.051265 0 10 0 0 9.709424 2.393157 0 8.85456 4.647232 0 7.485107 6.631227 0 5.680647 8.22984 0 3.546049 9.350163 0 1.205367 9.927089 0 -1.205367 9.927089 0 -3.546048 9.350163 0 -5.680647 8.22984 0 -7.485108 6.631227 0 -8.854561 4.647231 0 -9.709424 2.393155 0 -10 -3.25841e-6 0 -9.709423 -2.393161 0 -8.854558 -4.647236 0 -7.485104 -6.631231 0 -5.680642 -8.229846 0 -3.546041 -9.350171 0 -1.205358 -9.92709 0 1.205377 -9.927088 0 3.546059 -9.350159 0 5.680657 -8.229832 0 7.485116 -6.631217 0 8.854567 -4.647219 0 9.709424 -2.393142 0 10 0 1 9.709424 2.393157 1 8.85456 4.647232 1 7.485107 6.631227 1 5.680647 8.22984 1 3.546049 9.350163 1 1.205367 9.927089 1 -1.205367 9.927089 1 -3.546048 9.350163 1 -5.680647 8.22984 1 -7.485108 6.631227 1 -8.854561 4.647231 1 -9.709424 2.393155 1 -10 -3.25841e-6 1 -9.709423 -2.393161 1 -8.854558 -4.647236 1 -7.485104 -6.631231 1 -5.680642 -8.229846 1 -3.546041 -9.350171 1 -1.205358 -9.92709 1 1.205377 -9.927088 1 3.546059 -9.350159 1 5.680657 -8.229832 1 7.485116 -6.631217 1 8.854567 -4.647219 1 9.709424 -2.393142 1 8.571434 0 1 8.32236 2.051277 1 7.589623 3.983342 1 6.415806 5.683909 1 4.869126 7.054147 1 3.03947 8.01443 1 1.033172 8.508934 1 -1.033171 8.508934 1 -3.03947 8.01443 1 -4.869126 7.054148 1 -6.415807 5.683908 1 -7.589623 3.98334 1 -8.32236 2.051275 1 -8.571434 -2.79293e-6 1 -8.32236 -2.051281 1 -7.589621 -3.983345 1 -6.415803 -5.683913 1 -4.869122 -7.054152 1 -3.039464 -8.01443 1 -1.033164 -8.508934 1 1.03318 -8.508934 1 3.039479 -8.014427 1 4.869135 -7.054141 1 6.415814 -5.6839 1 7.589629 -3.983331 1 8.322362 -2.051265 1 7.142858 0 1.6 6.935299 1.709398 1.6 6.324686 3.319452 1.6 5.346506 4.736591 1.6 4.057605 5.878456 1.6 2.532892 6.678688 1.6 0.8609763 7.090778 1.6 -0.8609762 7.090778 1.6 -2.532892 6.678688 1.6 -4.057605 5.878457 1.6 -5.346506 4.73659 1.6 -6.324687 3.319451 1.6 -6.935299 1.709396 1.6 -7.142858 -2.32744e-6 1.6 -6.935298 -1.709401 1.6 -6.324685 -3.319455 1.6 -5.346503 -4.736594 1.6 -4.057601 -5.878459 1.6 -2.532887 -6.678689 1.6 -0.8609698 -7.090778 1.6 0.8609835 -7.090777 1.6 2.532899 -6.678685 1.6 4.057612 -5.878451 1.6 5.346511 -4.736584 1.6 6.32469 -3.319442 1.6 6.935302 -1.709387 1.6 5.714285 0 1.6 5.548239 1.367518 1.6 5.059748 2.655561 1.6 4.277204 3.789272 1.6 3.246084 4.702764 1.6 2.026313 5.34295 1.6 0.688781 5.672622 1.6 -0.6887809 5.672622 1.6 -2.026313 5.34295 1.6 -3.246084 4.702765 1.6 -4.277204 3.789272 1.6 -5.059749 2.65556 1.6 -5.548239 1.367517 1.6 -5.714285 -1.86195e-6 1.6 -5.548238 -1.36752 1.6 -5.059747 -2.655563 1.6 -4.277202 -3.789275 1.6 -3.246081 -4.702767 1.6 -2.026309 -5.342951 1.6 -0.6887758 -5.672622 1.6 0.6887868 -5.672621 1.6 2.026319 -5.342947 1.6 3.24609 -4.702761 1.6 4.277209 -3.789267 1.6 5.059752 -2.655554 1.6 5.548241 -1.36751 1.6 4.285714 0 1.6 4.161179 1.025639 1.6 3.794811 1.991671 1.6 3.207903 2.841954 1.6 2.434563 3.527073 1.6 1.519735 4.007212 1.6 0.5165858 4.254467 1.6 -0.5165857 4.254467 1.6 -1.519735 4.007212 1.6 -2.434563 3.527074 1.6 -3.207903 2.841954 1.6 -3.794811 1.99167 1.6 -4.16118 1.025638 1.6 -4.285714 -1.39646e-6 1.6 -4.161179 -1.02564 1.6 -3.79481 -1.991673 1.6 -3.207901 -2.841956 1.6 -2.434561 -3.527076 1.6 -1.519732 -4.007214 1.6 -0.5165818 -4.254467 1.6 0.5165901 -4.254466 1.6 1.519739 -4.007211 1.6 2.434567 -3.52707 1.6 3.207907 -2.84195 1.6 3.794814 -1.991665 1.6 4.16118 -1.025632 1.6 2.857143 0 1.6 2.774119 0.683759 1.6 2.529874 1.32778 1.6 2.138602 1.894636 1.6 1.623042 2.351382 1.6 1.013157 2.671475 1.6 0.3443905 2.836311 1.6 -0.3443905 2.836311 1.6 -1.013157 2.671475 1.6 -1.623042 2.351382 1.6 -2.138602 1.894636 1.6 -2.529874 1.32778 1.6 -2.77412 0.6837584 1.6 -2.857143 -9.30975e-7 1.6 -2.774119 -0.6837602 1.6 -2.529874 -1.327782 1.6 -2.138601 -1.894637 1.6 -1.62304 -2.351384 1.6 -1.013155 -2.671476 1.6 -0.3443879 -2.836311 1.6 0.3443934 -2.836311 1.6 1.01316 -2.671474 1.6 1.623045 -2.35138 1.6 2.138604 -1.894633 1.6 2.529876 -1.327777 1.6 2.77412 -0.6837548 1.6 1.428571 0 1.6 1.387059 0.3418794 1.6 1.264937 0.66389 1.6 1.069301 0.9473177 1.6 0.8115206 1.175691 1.6 0.5065782 1.335737 1.6 0.1721951 1.418155 1.6 -0.1721951 1.418155 1.6 -0.5065781 1.335737 1.6 -0.8115206 1.175691 1.6 -1.069301 0.9473176 1.6 -1.264937 0.6638898 1.6 -1.387059 0.3418791 1.6 -1.428571 -4.65487e-7 1.6 -1.387059 -0.34188 1.6 -1.264936 -0.6638906 1.6 -1.0693 -0.9473183 1.6 -0.8115199 -1.175691 1.6 -0.5065771 -1.335737 1.6 -0.1721938 -1.418155 1.6 0.1721966 -1.418155 1.6 0.5065796 -1.335736 1.6 0.8115221 -1.17569 1.6 1.069302 -0.9473163 1.6 1.264937 -0.6638882 1.6 1.38706 -0.3418772 1.6 0 0 1.6 7.485107 7.631227 0 -7.485108 7.631227 0 -7.485108 7.631227 1 7.485107 7.631227 1 -7.485103 -7.631231 0 -5.68064 -10.22984 0 7.485117 -7.631217 0 7.485117 -7.631217 1 -7.485103 -7.631231 1 9.546695 -1.90523e-7 1 9.269289 2.284674 1 8.45318 4.436571 1 7.145804 6.33063 1 5.423141 7.856776 1 3.385304 8.926321 1 1.150727 9.477089 1 -1.150727 9.477089 1 -3.385304 8.926321 1 -5.021759 8.06744 1 -4.725251 7.637872 1 -3.200214 8.438278 1 -1.087811 8.958933 1 1.087811 8.958933 1 3.200214 8.438278 1 5.126633 7.42721 1 6.75511 5.984506 1 7.991004 4.194003 1 8.762495 2.15976 1 9.024734 1.44593e-7 1 8.762495 -2.159747 1 7.991011 -4.193992 1 6.755118 -5.984497 1 5.126642 -7.427204 1 3.200224 -8.438269 1 1.087821 -8.958932 1 -1.087803 -8.958934 1 -3.200208 -8.438281 1 -4.725246 -7.637876 1 -5.021753 -8.067441 1 -3.385298 -8.926321 1 -1.150718 -9.47709 1 1.150737 -9.477088 1 3.385314 -8.926317 1 5.42315 -7.856769 1 7.145812 -6.330621 1 8.453186 -4.436558 1 9.269289 -2.284659 1 9.418128 -2.46491e-7 2.808117 9.144454 2.253904 2.808117 8.339334 4.376821 2.808117 7.049566 6.245372 2.808117 5.350102 7.750963 2.808117 3.339712 8.806098 2.808117 1.135229 9.349454 2.808117 -1.135229 9.349454 2.808117 -3.339712 8.806098 2.808117 -4.834876 8.021376 2.808117 -4.684443 7.803437 2.808117 -3.245807 8.55849 2.808117 -1.103309 9.086568 2.808117 1.103309 9.086568 2.808117 3.245807 8.55849 2.808117 5.19967 7.533023 2.808117 6.851347 6.069766 2.808117 8.10485 4.253755 2.808117 8.887331 2.19053 2.808117 9.153306 1.83192e-7 2.808117 8.887331 -2.190516 2.808117 8.104856 -4.253741 2.808117 6.851356 -6.069755 2.808117 5.19968 -7.533017 2.808117 3.245816 -8.558486 2.808117 1.103318 -9.086567 2.808117 -1.103301 -9.086569 2.808117 -3.2458 -8.558493 2.808117 -4.684438 -7.803438 2.808117 -4.83487 -8.021379 2.808117 -3.339705 -8.8061 2.808117 -1.135221 -9.349455 2.808117 1.135239 -9.349453 2.808117 3.339722 -8.806097 2.808117 5.350113 -7.750956 2.808117 7.049574 -6.245361 2.808117 8.339344 -4.376807 2.808117 9.144454 -2.25389 2.808117 9.418128 0 8 9.144454 2.253905 8 8.339334 4.37682 8 7.049566 6.245371 8 5.350102 7.750963 8 3.339712 8.806098 8 1.135229 9.349454 8 -1.135229 9.349454 8 -3.339712 8.806098 8 -4.834876 8.021376 2.808117 -4.684443 7.803437 2.808117 -3.245807 8.55849 8 -1.103309 9.086568 8 1.103309 9.086568 8 3.245806 8.55849 8 5.19967 7.533023 8 6.851347 6.069765 8 8.10485 4.253754 8 8.887331 2.19053 8 9.153306 3.30306e-7 8 8.887331 -2.190516 8 8.104856 -4.253742 8 6.851356 -6.069756 8 5.199679 -7.533017 8 3.245816 -8.558486 8 1.103318 -9.086567 8 -1.103301 -9.086569 8 -3.2458 -8.558493 8 -4.684438 -7.803438 2.808117 -4.83487 -8.021379 2.808117 -3.339706 -8.8061 8 3.339721 -8.806097 8 5.350112 -7.750956 8 7.049573 -6.245362 8 8.339344 -4.376808 8 9.144454 -2.25389 8 -3.339712 8.806098 8 -3.245807 8.55849 8 -3.2458 -8.558493 8 -3.339706 -8.8061 8 -4.83228 8.02274 3.23176 -4.824493 8.026825 3.637376 -4.811514 8.033638 4.024964 -4.793344 8.043174 4.394526 -4.769982 8.055438 4.746059 -4.741428 8.070425 5.079566 -4.707684 8.088132 5.395045 -4.668747 8.108572 5.692496 -4.624619 8.131731 5.971921 -4.575299 8.157612 6.233318 -4.520788 8.186223 6.476687 -4.461085 8.217556 6.702029 -4.396191 8.251616 6.909344 -4.326105 8.2884 7.098631 -4.250828 8.327908 7.269891 -4.170359 8.370141 7.423124 -4.084699 8.415102 7.55833 -3.993847 8.462782 7.675508 -3.897803 8.51319 7.774658 -3.796568 8.566327 7.855781 -3.690141 8.622179 7.918877 -3.578523 8.680766 7.963945 -3.461714 8.742072 7.990986 -3.363196 8.49688 7.990986 -3.475589 8.437891 7.963945 -3.582988 8.381525 7.918877 -3.68539 8.327779 7.855781 -3.782798 8.276659 7.774658 -3.875211 8.228157 7.675508 -3.962628 8.182274 7.55833 -4.04505 8.139019 7.423124 -4.122476 8.098381 7.269891 -4.194907 8.060364 7.098631 -4.262343 8.024971 6.909344 -4.324784 7.992199 6.702029 -4.38223 7.96205 6.476687 -4.43468 7.934522 6.233318 -4.482135 7.909615 5.971921 -4.524595 7.887331 5.692496 -4.562059 7.867668 5.395045 -4.594529 7.850627 5.079566 -4.622003 7.836208 4.746059 -4.644481 7.82441 4.394526 -4.661964 7.815234 4.024964 -4.674453 7.80868 3.637376 -4.681945 7.804748 3.23176 -4.681941 -7.804749 3.23176 -4.674448 -7.808682 3.637376 -4.66196 -7.815236 4.024964 -4.644476 -7.824412 4.394526 -4.621997 -7.83621 4.746059 -4.594523 -7.850629 5.079566 -4.562054 -7.867671 5.395045 -4.52459 -7.887333 5.692496 -4.48213 -7.909618 5.971921 -4.434675 -7.934525 6.233318 -4.382225 -7.962052 6.476687 -4.324779 -7.992202 6.702029 -4.262338 -8.024974 6.909344 -4.194902 -8.060367 7.098631 -4.122471 -8.098382 7.269891 -4.045044 -8.139019 7.423124 -3.962622 -8.182277 7.55833 -3.875205 -8.228157 7.675508 -3.782792 -8.276659 7.774658 -3.685384 -8.327782 7.855781 -3.582981 -8.381527 7.918877 -3.475583 -8.437894 7.963945 -3.363189 -8.496888 7.990986 -3.461707 -8.742074 7.990986 -3.578517 -8.680768 7.963945 -3.690135 -8.622181 7.918877 -3.796562 -8.566329 7.855781 -3.897797 -8.513195 7.774658 -3.99384 -8.462784 7.675508 -4.084692 -8.415102 7.55833 -4.170353 -8.370144 7.423124 -4.250822 -8.327916 7.269891 -4.326099 -8.288402 7.098631 -4.396185 -8.25162 6.909344 -4.46108 -8.217559 6.702029 -4.520782 -8.186225 6.476687 -4.575294 -8.157615 6.233318 -4.624613 -8.131731 5.971921 -4.668741 -8.108572 5.692496 -4.707678 -8.088135 5.395045 -4.741423 -8.070425 5.079566 -4.769976 -8.055438 4.746059 -4.793338 -8.043177 4.394526 -4.811509 -8.03364 4.024964 -4.824487 -8.026828 3.637376 -4.832274 -8.022747 3.23176 8.118124 -1.46294e-7 1.3 7.882226 1.942794 1.3 7.188241 3.77268 1.3 6.076503 5.383312 1.3 4.611619 6.681085 1.3 2.878726 7.590578 1.3 0.9785318 8.058938 1.3 -0.9785315 8.058938 1.3 -2.878726 7.590578 1.3 -4.611619 6.681086 1.3 -6.076503 5.383312 1.3 -7.188242 3.772679 1.3 -7.882226 1.942793 1.3 -8.118124 -2.68065e-6 1.3 -7.882225 -1.942798 1.3 -7.18824 -3.772684 1.3 -6.076499 -5.383316 1.3 -4.611615 -6.681088 1.3 -2.87872 -7.590579 1.3 -0.9785243 -8.058938 1.3 0.9785399 -8.058938 1.3 2.878735 -7.590574 1.3 4.611628 -6.681079 1.3 6.07651 -5.383304 1.3 7.188247 -3.77267 1.3 7.882229 -1.942782 1.3 7.375432 1.817881 1.3 7.596163 2.04132e-7 1.3 7.375435 -1.81787 1.3 6.726072 -3.530103 1.3 5.685815 -5.03718 1.3 4.31512 -6.251514 1.3 2.693644 -7.102532 1.3 0.9156239 -7.540777 1.3 -0.9156093 -7.540778 1.3 -2.69363 -7.102537 1.3 -4.315108 -6.251523 1.3 -5.685806 -5.037191 1.3 -6.726066 -3.530116 1.3 -7.375431 -1.817884 1.3 -7.596163 -2.45842e-6 1.3 -7.375432 1.817879 1.3 -6.726068 3.530112 1.3 -5.685809 5.037187 1.3 -4.315111 6.251519 1.3 -2.693636 7.102535 1.3 -0.9156161 7.540778 1.3 0.9156162 7.540778 1.3 2.693636 7.102535 1.3 4.315111 6.251519 1.3 5.685809 5.037188 1.3 6.726067 3.530113 1.3 8.571434 0 1.3 8.32236 2.051277 1.3 7.589623 3.983342 1.3 6.415806 5.683909 1.3 4.869126 7.054147 1.3 3.03947 8.01443 1.3 1.033172 8.508934 1.3 -1.033171 8.508934 1.3 -3.03947 8.01443 1.3 -4.869126 7.054148 1.3 -6.415807 5.683908 1.3 -7.589623 3.98334 1.3 -8.32236 2.051275 1.3 -8.571434 -2.79293e-6 1.3 -8.32236 -2.051281 1.3 -7.589621 -3.983345 1.3 -6.415803 -5.683913 1.3 -4.869122 -7.054152 1.3 -3.039464 -8.01443 1.3 -1.033164 -8.508934 1.3 1.03318 -8.508934 1.3 3.039479 -8.014427 1.3 4.869135 -7.054141 1.3 6.415814 -5.6839 1.3 7.589629 -3.983331 1.3 8.322362 -2.051265 1.3 7.283408 0 1.6 7.071765 1.743034 1.6 6.449137 3.384769 1.6 5.451709 4.829793 1.6 4.137446 5.994127 1.6 2.582732 6.810105 1.6 0.8779178 7.230304 1.6 -0.8779177 7.230304 1.6 -2.582732 6.810105 1.6 -4.137446 5.994127 1.6 -5.451709 4.829792 1.6 -6.449138 3.384768 1.6 -7.071766 1.743032 1.6 -7.283408 -2.33284e-6 1.6 -7.071765 -1.743037 1.6 -6.449136 -3.384772 1.6 -5.451706 -4.829796 1.6 -4.137443 -5.994131 1.6 -2.582726 -6.810107 1.6 -0.8779112 -7.230304 1.6 0.8779252 -7.230303 1.6 2.58274 -6.810102 1.6 4.137454 -5.994122 1.6 5.451715 -4.829786 1.6 6.449142 -3.384759 1.6 7.071768 -1.743023 1.6 6.736596 9.29435 0 -6.736597 9.294349 0 -6.736597 9.294349 1 6.736596 9.29435 1 -6.73659 -9.294359 0 6.736608 -9.294342 0 6.736608 -9.294342 1 -6.73659 -9.294359 1 6.85615 9.18149 0 6.965308 9.063957 0 7.06407 8.941739 0 7.152436 8.81484 0 7.230406 8.683262 0 7.29798 8.547009 0 7.355157 8.406081 0 7.401939 8.260464 0 7.438325 8.110177 0 7.464315 7.955203 0 7.479909 7.795555 0 -7.47991 7.795554 0 -7.464316 7.955202 0 -7.438326 8.110177 0 -7.40194 8.260463 0 -7.355158 8.406075 0 -7.29798 8.547008 0 -7.230406 8.683261 0 -7.152436 8.814837 0 -7.064071 8.941739 0 -6.965309 9.063951 0 -6.856151 9.181489 0 -6.856151 9.181489 1 -6.965309 9.063951 1 -7.064071 8.941739 1 -7.152436 8.814837 1 -7.230406 8.683261 1 -7.29798 8.547008 1 -7.355158 8.406075 1 -7.40194 8.260463 1 -7.438326 8.110177 1 -7.464316 7.955202 1 -7.47991 7.795554 1 7.479909 7.795555 1 7.464315 7.955203 1 7.438325 8.110177 1 7.401939 8.260464 1 7.355157 8.406081 1 7.29798 8.547009 1 7.230406 8.683262 1 7.152436 8.81484 1 7.06407 8.941739 1 6.965308 9.063957 1 6.85615 9.18149 1 -6.856144 -9.181494 0 -6.965302 -9.063961 0 -7.064064 -8.94174 0 -7.15243 -8.814846 0 -7.2304 -8.683266 0 -7.297974 -8.547018 0 -7.355152 -8.406085 0 -7.401934 -8.260468 0 -7.43832 -8.110177 0 -7.46431 -7.955207 0 -7.479905 -7.795558 0 7.479919 -7.795544 0 7.464325 -7.955193 0 7.438335 -8.110163 0 7.40195 -8.260457 0 7.355168 -8.406065 0 7.29799 -8.546998 0 7.230416 -8.683258 0 7.152447 -8.814828 0 7.064081 -8.941724 0 6.965319 -9.063942 0 6.856162 -9.181486 0 6.856162 -9.181486 1 6.965319 -9.063942 1 7.064081 -8.941724 1 7.152447 -8.814828 1 7.230416 -8.683258 1 7.29799 -8.546998 1 7.355168 -8.406065 1 7.40195 -8.260457 1 7.438335 -8.110163 1 7.464325 -7.955193 1 7.479919 -7.795544 1 -7.479905 -7.795558 1 -7.46431 -7.955207 1 -7.43832 -8.110177 1 -7.401934 -8.260468 1 -7.355152 -8.406085 1 -7.297974 -8.547018 1 -7.2304 -8.683266 1 -7.15243 -8.814846 1 -7.064064 -8.94174 1 -6.965302 -9.063961 1 -6.856144 -9.181494 1</float_array>
          <technique_common>
            <accessor source="#Örüntü_015-mesh-positions-array" count="783" stride="3">
              <param name="X" type="float"/>
              <param name="Y" type="float"/>
              <param name="Z" type="float"/>
            </accessor>
          </technique_common>
        </source>
        <source id="Örüntü_015-mesh-normals">
          <float_array id="Örüntü_015-mesh-normals-array" count="1857">0 0 -1 0.7323368 0 -0.6809427 0.7110479 0.175244 -0.6809555 0.7110479 0.175244 0.6809555 0.7323368 0 0.6809427 0.6484483 0.3403232 -0.6809516 0.6484483 0.3403232 0.6809516 0.686367 0.2138755 -0.6950955 0.596742 0.1859535 0.7805897 -0.596742 0.1859535 -0.7805897 -0.6484483 0.3403232 -0.6809516 -0.6484483 0.3403232 0.6809516 -0.686367 0.2138755 0.6950955 -0.7110479 0.175244 -0.6809555 -0.7110479 0.175244 0.6809555 -0.7323368 0 -0.6809427 -0.7323368 0 0.6809427 -0.7110479 -0.175244 -0.6809555 -0.7110479 -0.175244 0.6809555 -0.6484483 -0.3403232 -0.6809516 -0.6484483 -0.3403232 0.6809516 -0.596742 -0.1859535 -0.7805897 -0.596742 -0.1859535 0.7805897 0.596742 -0.1859535 -0.7805897 0.6484483 -0.3403232 -0.6809516 0.6484483 -0.3403232 0.6809516 0.686367 -0.2138755 0.6950955 0.7110479 -0.175244 -0.6809555 0.7110479 -0.175244 0.6809555 0 0 1 2.5344e-6 0 1 -0.07745671 0.3142521 0.9461745 -0.1632756 0.268474 0.9493487 -0.02233999 -0.008453786 0.9997147 0.187936 -0.4996572 0.8455902 0 0 1 0 0 1 -0.01941031 0.007355153 0.9997846 -0.148172 -0.2823051 0.9478127 0.07394796 0.3000951 0.9510388 0.1171621 0.2715269 0.9552729 -2.46315e-6 0 1 0 0 1 0 0 1 3.52668e-7 0 1 -4.71127e-7 0 1 2.35112e-7 0 1 1.25634e-7 0 1 0 0 1 0 0 1 -1.25634e-7 0 1 0 0 1 -1.25633e-7 0 1 0 0 1 1.25633e-7 0 1 0 0 1 -1.25633e-7 0 1 0 0 1 -3.76901e-7 0 1 3.82057e-7 0 1 0 0 1 0 0 1 0 0 1 -3.82057e-7 0 1 6.08937e-7 0 1 3.52668e-7 0 1 0 0 1 0 0 1 -1.25633e-7 0 1 0 0 1 1.25633e-7 0 1 0 0 1 0 0 1 0 0 1 -1.76334e-7 0 1 0 0 1 1.88452e-7 0 1 -0.9998751 0.01580899 0 -0.7105481 0.01123106 -0.7035591 0.9998751 0.01580899 0 0.7105481 0.01123106 0.7035591 0.9998751 -0.01580899 0 0.7105481 -0.01123106 -0.7035591 -0.7105481 -0.01123106 -0.7035591 -0.7105481 -0.01123106 0.7035591 0 0 1 2.01809e-7 0 1 -1.91674e-7 0 1 0 0 1 0.6514648 0 0.758679 0.6325408 0.155892 0.7586765 0.9703317 0.2391495 0.035555 0.9993678 0 0.03555434 0.5768445 0.302751 0.7586781 0.8849056 0.4644114 0.03555488 0.487612 0.4320052 0.7586872 0.7480369 0.6627039 0.03555536 0.3700791 0.5361354 0.7586834 0.5676942 0.8224713 0.03555524 0.2310005 0.6091346 0.758679 0.354357 0.934433 0.03558522 0.07849633 0.6467099 0.7586862 0.1204585 0.9920815 0.03555464 -0.07852667 0.6467083 0.7586844 -0.1204585 0.9920815 0.03555464 -0.2310005 0.6091346 0.758679 -0.354357 0.934433 0.03558522 -0.3537496 0.08719372 0.9312672 -0.5919215 0.3965981 0.7016688 -0.1015973 -0.4122181 0.9054028 0.001098692 -0.7192238 0.6947777 0.2509572 -0.6617421 0.7064828 0.3543863 -0.93443 0.03537148 0.08530008 -0.7025737 0.7064802 0.1204593 -0.9920879 0.03537172 -0.08530008 -0.7025737 0.7064802 -0.1204593 -0.9920879 0.03537172 -0.2509572 -0.6617421 0.7064828 -0.3543863 -0.93443 0.03537148 -0.4020269 -0.5824553 0.7064846 -0.5677186 -0.8224625 0.03537178 -0.5297521 -0.4692936 0.7064887 -0.7480552 -0.6626932 0.03537166 -0.6266518 -0.3289059 0.7064902 -0.8848989 -0.4644384 0.03537154 -0.6871671 -0.1693502 0.7064856 -0.9703379 -0.239151 0.03537213 -0.7077322 0 0.7064809 -0.9993743 0 0.03537148 -0.6871671 0.1693502 0.7064856 -0.9703379 0.239151 0.03537213 -0.6266518 0.3289059 0.7064902 -0.8848989 0.4644384 0.03537154 -0.5297521 0.4692936 0.7064887 -0.7480552 0.6626932 0.03537166 -0.4020269 0.5824553 0.7064846 -0.5677186 0.8224625 0.03537178 -0.2509572 0.6617421 0.7064828 -0.3543863 0.93443 0.03537148 -0.08530008 0.7025737 0.7064802 -0.1204593 0.9920879 0.03537172 0.08530008 0.7025737 0.7064802 0.1204593 0.9920879 0.03537172 0.2509572 0.6617421 0.7064828 0.3543863 0.93443 0.03537148 -0.1015973 0.4122181 0.9054028 0.02838259 0.7435939 0.668029 -0.3537496 -0.08719372 0.9312672 -0.5848681 -0.3536859 0.7299559 -0.2310005 -0.6091346 0.758679 -0.3916242 -0.9189069 0.0473355 -0.07849633 -0.6467099 0.7586862 -0.1202133 -0.9902114 0.07092553 0.07852667 -0.6467083 0.7586844 0.152655 -0.9869168 0.0518819 0.2310005 -0.6091346 0.758679 0.354384 -0.9344238 0.03555434 0.3700791 -0.5361354 0.7586834 0.5677149 -0.8224571 0.03555464 0.487612 -0.4320052 0.7586872 0.7480369 -0.6627039 0.03555536 0.5768445 -0.302751 0.7586781 0.8849056 -0.4644114 0.03555488 0.6325408 -0.155892 0.7586765 0.9703317 -0.2391495 0.035555 0.5481587 0.4856244 0.6809486 0.41601 0.6026973 0.680949 0.2596909 0.6847368 0.6809524 0.08826148 0.7269974 0.680944 -0.08826148 0.7269974 0.680944 -0.3668771 -0.2532218 0.8951424 -0.9713284 0.2374989 0.01074266 -0.9711078 0.2376192 0.02206504 -0.9704809 0.2386909 0.03454774 -0.9695662 0.2400339 0.04822039 -0.9681775 0.2421359 0.06326538 -0.9662766 0.244827 0.07980835 -0.9637974 0.2479382 0.0980888 -0.9604601 0.252025 0.1183217 -0.9561259 0.2568774 0.1408446 -0.9505352 0.2625607 0.165966 -0.9432535 0.2694835 0.1940403 -0.9338334 0.2776963 0.2254775 -0.9215927 0.2875838 0.2606962 -0.9056573 0.2995154 0.3001258 -0.884944 0.3139238 0.3439855 -0.8580139 0.3314679 0.3923535 -0.8232117 0.3529314 0.4447046 -0.7788212 0.3788967 0.4998751 -0.7234563 0.4099026 0.5555095 -0.6565201 0.4461236 0.6082394 -0.5791432 0.4866072 0.6540693 -0.4942533 0.5297773 0.6892385 -0.4062663 0.5732042 0.711607 -0.3254905 -0.325338 0.8878126 0.2269697 -0.65567 0.7201261 0.1347419 -0.6997118 0.701604 0.0469079 -0.7442398 0.6662634 -0.03076344 -0.7863305 0.6170398 -0.09503638 -0.8235877 0.5591704 -0.1450576 -0.8549339 0.4980425 -0.1821087 -0.8803908 0.4378911 -0.2084193 -0.9005156 0.3816189 -0.2263928 -0.9162531 0.3304945 -0.2381678 -0.9285003 0.2848919 -0.2454688 -0.9380187 0.2446753 -0.2496191 -0.9454335 0.2093943 -0.2515968 -0.9512398 0.1784433 -0.2520911 -0.9558098 0.1512546 -0.2516036 -0.9594142 0.1273583 -0.2505586 -0.962255 0.1062356 -0.2491596 -0.9645016 0.08749884 -0.2476316 -0.9662637 0.07080417 -0.2461041 -0.9676313 0.05588001 -0.2446716 -0.9686763 0.04245203 -0.2434508 -0.9694388 0.03033596 -0.2424471 -0.9699717 0.01934933 -0.2417423 -0.9702959 0.009308338 0.08166998 -0.6728314 0.7352742 -0.08166998 -0.6728314 0.7352742 -0.240339 -0.6337319 0.7352694 -0.3850026 -0.5578037 0.7352742 -0.5073194 -0.4494552 0.7352668 -0.6001374 -0.3149623 0.7352782 -0.6580861 -0.1621791 0.7352692 -0.6777729 0 0.7352713 -0.6580861 0.1621791 0.7352692 -0.6001374 0.3149623 0.7352782 -0.5073194 0.4494552 0.7352668 -0.3850026 0.5578037 0.7352742 -0.3116953 0.8218895 0.4768057 -0.1205182 0.9927111 0 0.1204274 0.9920156 0.03744661 -0.3672051 0.2534607 0.8949403 -0.2416201 0.970326 0.009338855 -0.2421678 0.9700445 0.01919639 -0.2429924 0.9695586 0.03018325 -0.2440344 0.9688437 0.0423001 -0.2452815 0.9678506 0.05569726 -0.2465667 0.9665515 0.0705915 -0.2479397 0.9648409 0.08722448 -0.2490994 0.9626737 0.1058718 -0.2499193 0.9599112 0.1269281 -0.2501627 0.9563987 0.1507324 -0.2494345 0.9519284 0.1778056 -0.2472386 0.9462273 0.2086315 -0.2428723 0.9389253 0.2437879 -0.2353611 0.9295422 0.283825 -0.2234649 0.9174206 0.3292459 -0.2053932 0.9018075 0.3802064 -0.1790878 0.8817664 0.4363663 -0.1421595 0.8563755 0.4963987 -0.09237998 0.825011 0.5575149 -0.02844387 0.787639 0.6154803 0.04883068 0.74537 0.6648604 0.1361761 0.7004435 0.7005961 0.2279456 0.6560038 0.7195136 -0.4078837 0.1760019 0.8959097 -0.4060581 -0.5740969 0.7110061 -0.4942305 -0.5312505 0.68812 -0.5790418 -0.4885827 0.6526848 -0.6563798 -0.4486345 0.6065416 -0.7231523 -0.4128636 0.5537097 -0.778383 -0.3820043 0.4981895 -0.8226689 -0.3561562 0.4431352 -0.8573904 -0.3346792 0.3909881 -0.8842882 -0.3170314 0.3428199 -0.905025 -0.3023871 0.299152 -0.9209676 -0.2902954 0.2598986 -0.9332562 -0.2801691 0.2248067 -0.9427357 -0.2716812 0.1934912 -0.9500661 -0.2645414 0.1655062 -0.955735 -0.258527 0.1404792 -0.9601106 -0.2534943 0.1180186 -0.9634872 -0.2492492 0.0978136 -0.9660497 -0.2458003 0.07956314 -0.9679837 -0.2429649 0.06305307 -0.9693917 -0.2407685 0.04806822 -0.9703816 -0.2391162 0.03439486 -0.9710206 -0.2379865 0.02194309 -0.9713468 -0.2374349 0.0104984 0.3383703 -0.7314012 0.5920794 0.41601 -0.6026973 0.680949 0.5481587 -0.4856244 0.6809486 3.52555e-7 0 1 -4.31896e-7 0 1 1.92303e-7 0 1 -3.72241e-7 0 1 0 0 1 -2.03041e-7 0 1 1.28202e-7 0 1 -2.03041e-7 0 1 -1.28201e-7 0 1 1.35361e-7 0 1 0 0 1 1.35359e-7 0 1 1.28202e-7 0 1 -2.03041e-7 0 1 3.20506e-7 0 1 1.35361e-7 0 1 -2.56404e-7 0 1 2.03042e-7 0 1 7.1166e-7 0 1 -2.70721e-7 0 1 -3.52554e-7 0 1 3.31478e-7 0 1 0 0 1 -1.692e-7 0 1 1.28202e-7 0 1 2.03041e-7 0 1 1.28202e-7 0 1 -1.35361e-7 0 1 -1.28201e-7 0 1 -1.3536e-7 0 1 1.35362e-7 0 1 -1.35362e-7 0 1 0 0 1 0 0 1 4.48707e-7 0 1 -4.73763e-7 0 1 -3.52556e-7 0 1 6.09123e-7 0 1 0 0 1 3.72244e-7 0 1 3.95363e-7 0 1 8.0628e-7 0 1 -7.44261e-7 0 1 1.15567e-6 0 1 -9.92344e-7 0 1 7.29902e-7 0 1 -6.20219e-7 0 1 -1.24044e-7 0 1 1.2165e-7 0 1 -2.48085e-7 0 1 1.2165e-7 0 1 -1.24042e-7 0 1 -2.433e-7 0 1 2.48088e-7 0 1 -8.51544e-7 0 1 7.29901e-7 0 1 4.0314e-7 0 1 0 0 1 -3.9536e-7 0 1 -4.0314e-7 0 1 0 0 1 -8.06285e-7 0 1 3.9536e-7 0 1 3.72133e-7 0 1 -1.15568e-6 0 1 -8.68315e-7 0 1 6.08249e-7 0 1 -3.72131e-7 0 1 -1.21652e-7 0 1 1.24044e-7 0 1 -1.21649e-7 0 1 -1.24044e-7 0 1 1.21649e-7 0 1 -6.20219e-7 0 1 3.64951e-7 0 1 -6.20221e-7 0 1 6.08254e-7 0 1 1.17842e-6 0 1 -3.64953e-7 0 1 -4.03143e-7 0 1 7.90726e-7 0 1 0.6777729 0 0.7352713 0.6580861 0.1621791 0.7352692 0.6001374 0.3149623 0.7352782 0.5073194 0.4494552 0.7352668 0.3850026 0.5578037 0.7352742 0.240339 0.6337319 0.7352694 0.08166998 0.6728314 0.7352742 -0.08166998 0.6728314 0.7352742 -0.240339 0.6337319 0.7352694 -0.2596909 0.6847368 0.6809524 -0.41601 0.6026973 0.680949 -0.5481587 0.4856244 0.6809486 -0.5481587 -0.4856244 0.6809486 -0.41601 -0.6026973 0.680949 -0.2596909 -0.6847368 0.6809524 -0.08826148 -0.7269974 0.680944 0.08826148 -0.7269974 0.680944 0.240339 -0.6337319 0.7352694 0.2596909 -0.6847368 0.6809524 0.3850026 -0.5578037 0.7352742 0.5073194 -0.4494552 0.7352668 0.6001374 -0.3149623 0.7352782 0.6580861 -0.1621791 0.7352692 0.3478302 0 0.9375576 0.337728 0.0832265 0.937557 0.3856661 0.09503555 0.9177309 0.3972023 0 0.9177311 0.3080016 0.1616306 0.9375557 0.3517003 0.1845785 0.9177351 0.2603603 0.2306649 0.9375533 0.2973152 0.2633782 0.917734 0.1975824 0.2862718 0.9375552 0.2256264 0.3268882 0.9177347 0.1233285 0.3252443 0.9375533 0.1408448 0.3713846 0.9177343 0.04190319 0.3452971 0.9375576 0.04785358 0.394304 0.9177334 -0.04190319 0.3452971 0.9375576 -0.04785358 0.394304 0.9177334 -0.1233285 0.3252443 0.9375533 -0.1408448 0.3713846 0.9177343 -0.1975824 0.2862718 0.9375552 -0.2256264 0.3268882 0.9177347 -0.2603603 0.2306649 0.9375533 -0.2973152 0.2633782 0.917734 -0.3080016 0.1616306 0.9375557 -0.3517003 0.1845785 0.9177351 -0.337728 0.0832265 0.937557 -0.3856661 0.09503555 0.9177309 -0.3478302 0 0.9375576 -0.3972023 0 0.9177311 -0.337728 -0.0832265 0.937557 -0.3856661 -0.09503555 0.9177309 -0.3080016 -0.1616306 0.9375557 -0.3517003 -0.1845785 0.9177351 -0.2603603 -0.2306649 0.9375533 -0.2973152 -0.2633782 0.917734 -0.1975824 -0.2862718 0.9375552 -0.2256264 -0.3268882 0.9177347 -0.1233285 -0.3252443 0.9375533 -0.1408448 -0.3713846 0.9177343 -0.04190319 -0.3452971 0.9375576 -0.04785358 -0.394304 0.9177334 0.04190319 -0.3452971 0.9375576 0.04785358 -0.394304 0.9177334 0.1233285 -0.3252443 0.9375533 0.1408448 -0.3713846 0.9177343 0.1975824 -0.2862718 0.9375552 0.2256264 -0.3268882 0.9177347 0.2603603 -0.2306649 0.9375533 0.2973152 -0.2633782 0.917734 0.3080016 -0.1616306 0.9375557 0.3517003 -0.1845785 0.9177351 0.337728 -0.0832265 0.937557 0.3856661 -0.09503555 0.9177309 -0.7099849 0.7042169 0 -0.6864577 0.7271697 0 -0.4815867 0.5101523 -0.7126141 -0.5071779 0.5030577 -0.6997883 0.7099698 0.7042322 0 0.6864577 0.7271697 0 0.4815867 0.5101523 0.7126141 0.5071779 0.5030577 0.6997883 0.7100002 -0.7042015 0 0.6864416 -0.727185 0 0.4815633 -0.5101599 -0.7126246 0.5071779 -0.5030577 -0.6997883 -0.5071779 -0.5030577 -0.6997883 -0.3094967 -0.3278388 -0.8925994 -0.4815942 -0.5101298 0.7126252 -0.5071779 -0.5030577 0.6997883 -0.7557103 0.6549061 0 -0.5401024 0.468046 -0.6994444 -0.7997216 0.6003711 0 -0.5717722 0.4292488 -0.6991582 -0.8410376 0.5409766 0 -0.6014765 0.3868945 -0.6989555 -0.8786991 0.4773761 0 -0.6285317 0.3414732 -0.6988162 -0.9119101 0.4103901 0 -0.65232 0.2935959 -0.6987704 -0.9400125 0.3411402 0 -0.6723878 0.2440274 -0.698817 -0.9626446 0.2707686 0 -0.6884533 0.1936447 -0.698952 -0.9796977 0.2004808 0 -0.7004477 0.1433184 -0.6991659 -0.9913353 0.131356 0 -0.7085016 0.09387683 -0.6994374 -0.9979225 0.06442636 0 -0.7128736 0.0460233 -0.6997808 0.7557103 0.6549061 0 0.5401024 0.468046 0.6994444 0.7997216 0.6003711 0 0.5717797 0.4292239 0.6991674 0.8410376 0.5409766 0 0.6014765 0.3868945 0.6989555 0.8786991 0.4773761 0 0.6285317 0.3414732 0.6988162 0.9118987 0.4104154 0 0.65232 0.2935959 0.6987704 0.9400125 0.3411402 0 0.6724072 0.244004 0.6988067 0.9626446 0.2707686 0 0.6884533 0.1936447 0.698952 0.9796977 0.2004808 0 0.7004477 0.1433184 0.6991659 0.9913353 0.131356 0 0.7085016 0.09387683 0.6994374 0.9979225 0.06442636 0 0.7128736 0.0460233 0.6997808 0.7557254 -0.6548888 0 0.5401024 -0.468046 -0.6994444 0.7997216 -0.6003711 0 0.5717797 -0.4292239 -0.6991674 0.8410288 -0.5409905 0 0.6014765 -0.3868945 -0.6989555 0.8786991 -0.4773761 0 0.6285451 -0.3414805 -0.6988006 0.9119101 -0.4103901 0 0.6523259 -0.293568 -0.6987767 0.9400125 -0.3411402 0 0.6723878 -0.2440274 -0.698817 0.9626446 -0.2707686 0 0.6884533 -0.1936447 -0.698952 0.9797037 -0.2004514 0 0.7004477 -0.1433184 -0.6991659 0.9913313 -0.131386 0 0.7085016 -0.09387683 -0.6994374 0.9979225 -0.06442636 0 0.7128736 -0.0460233 -0.6997808 -0.5401024 -0.468046 -0.6994444 -0.5401024 -0.468046 0.6994444 -0.5717797 -0.4292239 -0.6991674 -0.5717797 -0.4292239 0.6991674 -0.6014765 -0.3868945 -0.6989555 -0.6014765 -0.3868945 0.6989555 -0.6285383 -0.3414462 -0.6988234 -0.6285383 -0.3414462 0.6988234 -0.65232 -0.2935959 -0.6987704 -0.65232 -0.2935959 0.6987704 -0.6724072 -0.244004 -0.6988067 -0.6724072 -0.244004 0.6988067 -0.6884533 -0.1936447 -0.698952 -0.6884533 -0.1936447 0.698952 -0.7004477 -0.1433184 -0.6991659 -0.7004477 -0.1433184 0.6991659 -0.7085016 -0.09387683 -0.6994374 -0.7085016 -0.09387683 0.6994374 -0.7128736 -0.0460233 -0.6997808 -0.7128736 -0.0460233 0.6997808 0 0 1 0 0 1 1.22041e-7 0 1 1.22041e-7 0 1 -2.44082e-7 0 1 0 0 1 0 0 1 -1.22041e-7 0 1 0 0 1 -1.22041e-7 0 1 0 0 1 -1.22041e-7 0 1 1.71081e-7 0 1 0 0 1 0 0 1 -2.13852e-7 0 1 1.95265e-7 0 1 2.44082e-7 0 1 -2.44081e-7 0 1 1.22041e-7 0 1 0 0 1 0 0 1 0 0 1 -1.22041e-7 0 1 0 0 1 -1.22041e-7 0 1 1.62721e-7 0 1 1.22041e-7 0 1 -1.62721e-7 0 1 0 0 1 0 0 1 0 0 1 0 0 1 0 0 1 1.22041e-7 0 1 0 0 1 -1.62721e-7 0 1 2.44082e-7 0 1 -3.25442e-7 0 1 -3.25442e-7 0 1 2.44082e-7 0 1 -1.62721e-7 0 1 0 0 1 0 0 1 1.22041e-7 0 1 -1.62721e-7 0 1 0 0 1 -1.62721e-7 0 1 3.25442e-7 0 1 1.62721e-7 0 1 -2.44082e-7 0 1 1.62721e-7 0 1 -2.44082e-7 0 1 1.22042e-7 0 1 2.44082e-7 0 1 -2.44082e-7 0 1 4.88163e-7 0 1 4.88163e-7 0 1 0 0 1 1.20905e-7 0 1 2.44081e-7 0 1 2.44081e-7 0 1 -4.88163e-7 0 1 -9.76324e-7 0 1 2.44081e-7 0 1 -2.44082e-7 0 1 -1.22041e-7 0 1 4.88162e-7 0 1 -2.44083e-7 0 1 -2.44082e-7 0 1 2.44081e-7 0 1 -3.66123e-7 0 1 3.66123e-7 0 1 -3.66123e-7 0 1 3.66123e-7 0 1 1.22041e-7 0 1 2.44082e-7 0 1 2.44082e-7 0 1 -2.44082e-7 0 1 3.66123e-7 0 1 -3.66122e-7 0 1 2.44082e-7 0 1 -1.22041e-7 0 1</float_array>
          <technique_common>
            <accessor source="#Örüntü_015-mesh-normals-array" count="619" stride="3">
              <param name="X" type="float"/>
              <param name="Y" type="float"/>
              <param name="Z" type="float"/>
            </accessor>
          </technique_common>
        </source>
        <source id="Örüntü_015-mesh-map-0">
          <float_array id="Örüntü_015-mesh-map-0-array" count="8928">0.5 0 0.1730769 0 0.1346154 0 0.5 0 0.7884616 0 0.75 0 0.5 0 0.8269231 0 0.7884616 0 0.5 0 0.8653846 0 0.8269231 0 0.5 0 0.9038462 0 0.8653846 0 0.5 0 0.9423077 0 0.9038462 0 0.5 0 0.9807692 0 0.9423077 0 -0.5 0 0.01923072 0 -0.01923084 0 0.5 0 0.05769217 0 0.01923072 0 0.5 0 0.09615373 0 0.05769217 0 0.5 0 0.1346153 0 0.09615373 0 0.5 0 0.2115384 0 0.1730768 0 0.5 0 0.25 0 0.2115384 0 0.5 0 0.2884615 0 0.25 0 0.5 0 0.3269231 0 0.2884615 0 0.5 0 0.3653846 0 0.3269231 0 0.5 0 0.4038462 0 0.3653846 0 0.5 0 0.4423078 0 0.4038462 0 0.5 0 0.4807693 0 0.4423078 0 0.5 0 0.5192309 0 0.4807693 0 0.5 0 0.5576925 0 0.5192309 0 0.5 0 0.596154 0 0.5576925 0 0.5 0 0.6346156 0 0.596154 0 0.5 0 0.6730772 0 0.6346156 0 0.5 0 0.7115387 0 0.6730772 0 0.5 0 0.75 0 0.7115387 0 0.75 0 0.7884616 0 0.7884616 0 0.7884616 0 0.75 0 0.75 0 0.7884616 0 0.8269231 0 0.826923 0 0.826923 0 0.7884616 0 0.7884616 0 0.8269231 0 0.8653846 0 0.8653846 0 0.8653846 0 0.826923 0 0.8269231 0 0.8653846 0 0.9038462 0 0.9038462 0 0.9038462 0 0.8653846 0 0.8653846 0 0.9038462 0 0.9423077 0 0.9423077 0 0.9423077 0 0.9038462 0 0.9038462 0 0.9423077 0 0.9807692 0 0.9807692 0 0.9807692 0 0.9423077 0 0.9423077 0 0.9807692 0 1.019231 0 1.019231 0 1.019231 0 0.9807692 0 0.9807692 0 0.01923072 0 0.05769217 0 0.05769217 0 0.05769217 0 0.01923072 0 0.01923072 0 0.05769217 0 0.09615373 0 0.09615379 0 0.09615379 0 0.05769217 0 0.05769217 0 0.09615373 0 0.1346153 0 0.1346153 0 0.1346153 0 0.09615379 0 0.09615373 0 0.1346153 0 0.1730768 0 0.1730769 0 0.1730769 0 0.1346153 0 0.1346153 0 0.1730768 0 0.2115384 0 0.2115384 0 0.2115384 0 0.1730769 0 0.1730768 0 0.2115384 0 0.25 0 0.25 0 0.25 0 0.2115384 0 0.2115384 0 0.25 0 0.2884615 0 0.2884616 0 0.2884616 0 0.25 0 0.25 0 0.2884615 0 0.3269231 0 0.3269231 0 0.3269231 0 0.2884616 0 0.2884615 0 0.3269231 0 0.3653846 0 0.3653846 0 0.3653846 0 0.3269231 0 0.3269231 0 0.3653846 0 0.4038462 0 0.4038462 0 0.4038462 0 0.3653846 0 0.3653846 0 0.4038462 0 0.4423078 0 0.4423078 0 0.4423078 0 0.4038462 0 0.4038462 0 0.4423078 0 0.4807693 0 0.4807693 0 0.4807693 0 0.4423078 0 0.4423078 0 0.4807693 0 0.5192309 0 0.5192309 0 0.5192309 0 0.4807693 0 0.4807693 0 0.5192309 0 0.5576925 0 0.5576925 0 0.5576925 0 0.5192309 0 0.5192309 0 0.5576925 0 0.596154 0 0.596154 0 0.596154 0 0.5576925 0 0.5576925 0 0.596154 0 0.6346156 0 0.6346156 0 0.6346156 0 0.596154 0 0.596154 0 0.6346156 0 0.6730772 0 0.6730771 0 0.6730771 0 0.6346156 0 0.6346156 0 0.6730772 0 0.7115387 0 0.7115387 0 0.7115387 0 0.6730771 0 0.6730772 0 0.7115387 0 0.75 0 0.75 0 0.75 0 0.7115387 0 0.7115387 0 0.75 0 0.7884616 0 0.7884615 0 0.7884615 0 0.75 0 0.75 0 0.7884616 0 0.826923 0 0.826923 0 0.826923 0 0.7884615 0 0.7884616 0 0.826923 0 0.8653846 0 0.8653846 0 0.8653846 0 0.826923 0 0.826923 0 0.8653846 0 0.9038462 0 0.9038462 0 0.9038462 0 0.8653846 0 0.8653846 0 0.9038462 0 0.9423077 0 0.9423076 0 0.9423076 0 0.9038462 0 0.9038462 0 0.9423077 0 0.9807692 0 0.9807692 0 0.9807692 0 0.9423076 0 0.9423077 0 0.9807692 0 1.019231 0 1.019231 0 1.019231 0 0.9807692 0 0.9807692 0 0.01923072 0 0.05769217 0 0.05769217 0 0.05769217 0 0.01923072 0 0.01923072 0 0.05769217 0 0.09615379 0 0.09615379 0 0.09615379 0 0.05769217 0 0.05769217 0 0.09615379 0 0.1346153 0 0.1346153 0 0.1346153 0 0.09615379 0 0.09615379 0 0.1346153 0 0.1730769 0 0.1730769 0 0.1730769 0 0.1346153 0 0.1346153 0 0.1730769 0 0.2115384 0 0.2115384 0 0.2115384 0 0.1730769 0 0.1730769 0 0.2115384 0 0.25 0 0.25 0 0.25 0 0.2115384 0 0.2115384 0 0.25 0 0.2884616 0 0.2884616 0 0.2884616 0 0.25 0 0.25 0 0.2884616 0 0.3269231 0 0.3269231 0 0.3269231 0 0.2884616 0 0.2884616 0 0.3269231 0 0.3653846 0 0.3653847 0 0.3653847 0 0.3269231 0 0.3269231 0 0.3653846 0 0.4038462 0 0.4038462 0 0.4038462 0 0.3653847 0 0.3653846 0 0.4038462 0 0.4423078 0 0.4423078 0 0.4423078 0 0.4038462 0 0.4038462 0 0.4423078 0 0.4807693 0 0.4807693 0 0.4807693 0 0.4423078 0 0.4423078 0 0.4807693 0 0.5192309 0 0.5192309 0 0.5192309 0 0.4807693 0 0.4807693 0 0.5192309 0 0.5576925 0 0.5576925 0 0.5576925 0 0.5192309 0 0.5192309 0 0.5576925 0 0.596154 0 0.596154 0 0.596154 0 0.5576925 0 0.5576925 0 0.596154 0 0.6346156 0 0.6346156 0 0.6346156 0 0.596154 0 0.596154 0 0.6346156 0 0.6730771 0 0.6730771 0 0.6730771 0 0.6346156 0 0.6346156 0 0.6730771 0 0.7115387 0 0.7115387 0 0.7115387 0 0.6730771 0 0.6730771 0 0.7115387 0 0.75 0 0.75 0 0.75 0 0.7115387 0 0.7115387 0 0.75 0 0.7884615 0 0.7884615 0 0.7884615 0 0.75 0 0.75 0 0.7884615 0 0.826923 0 0.826923 0 0.826923 0 0.7884615 0 0.7884615 0 0.826923 0 0.8653846 0 0.8653846 0 0.8653846 0 0.826923 0 0.826923 0 0.8653846 0 0.9038462 0 0.9038462 0 0.9038462 0 0.8653846 0 0.8653846 0 0.9038462 0 0.9423076 0 0.9423077 0 0.9423077 0 0.9038462 0 0.9038462 0 0.9423076 0 0.9807692 0 0.9807692 0 0.9807692 0 0.9423077 0 0.9423076 0 0.9807692 0 1.019231 0 1.019231 0 1.019231 0 0.9807692 0 0.9807692 0 0.01923072 0 0.05769217 0 0.05769217 0 0.05769217 0 0.01923072 0 0.01923072 0 0.05769217 0 0.09615379 0 0.09615379 0 0.09615379 0 0.05769217 0 0.05769217 0 0.09615379 0 0.1346153 0 0.1346153 0 0.1346153 0 0.09615379 0 0.09615379 0 0.1346153 0 0.1730769 0 0.1730769 0 0.1730769 0 0.1346153 0 0.1346153 0 0.1730769 0 0.2115384 0 0.2115384 0 0.2115384 0 0.1730769 0 0.1730769 0 0.2115384 0 0.25 0 0.25 0 0.25 0 0.2115384 0 0.2115384 0 0.25 0 0.2884616 0 0.2884616 0 0.2884616 0 0.25 0 0.25 0 0.2884616 0 0.3269231 0 0.3269231 0 0.3269231 0 0.2884616 0 0.2884616 0 0.3269231 0 0.3653847 0 0.3653847 0 0.3653847 0 0.3269231 0 0.3269231 0 0.3653847 0 0.4038462 0 0.4038462 0 0.4038462 0 0.3653847 0 0.3653847 0 0.4038462 0 0.4423078 0 0.4423078 0 0.4423078 0 0.4038462 0 0.4038462 0 0.4423078 0 0.4807693 0 0.4807693 0 0.4807693 0 0.4423078 0 0.4423078 0 0.4807693 0 0.5192309 0 0.5192309 0 0.5192309 0 0.4807693 0 0.4807693 0 0.5192309 0 0.5576925 0 0.5576925 0 0.5576925 0 0.5192309 0 0.5192309 0 0.5576925 0 0.596154 0 0.596154 0 0.596154 0 0.5576925 0 0.5576925 0 0.596154 0 0.6346156 0 0.6346156 0 0.6346156 0 0.596154 0 0.596154 0 0.6346156 0 0.6730771 0 0.6730771 0 0.6730771 0 0.6346156 0 0.6346156 0 0.6730771 0 0.7115387 0 0.7115387 0 0.7115387 0 0.6730771 0 0.6730771 0 0.7115387 0 0.75 0 0.75 0 0.75 0 0.7115387 0 0.7115387 0 0.75 0 0.7884615 0 0.7884615 0 0.7884615 0 0.75 0 0.75 0 0.7884615 0 0.826923 0 0.826923 0 0.826923 0 0.7884615 0 0.7884615 0 0.826923 0 0.8653846 0 0.8653846 0 0.8653846 0 0.826923 0 0.826923 0 0.8653846 0 0.9038462 0 0.9038462 0 0.9038462 0 0.8653846 0 0.8653846 0 0.9038462 0 0.9423077 0 0.9423077 0 0.9423077 0 0.9038462 0 0.9038462 0 0.9423077 0 0.9807692 0 0.9807692 0 0.9807692 0 0.9423077 0 0.9423077 0 0.9807692 0 1.019231 0 1.019231 0 1.019231 0 0.9807692 0 0.9807692 0 0.01923072 0 0.05769217 0 0.05769217 0 0.05769217 0 0.01923072 0 0.01923072 0 0.05769217 0 0.09615379 0 0.09615379 0 0.09615379 0 0.05769217 0 0.05769217 0 0.09615379 0 0.1346153 0 0.1346153 0 0.1346153 0 0.09615379 0 0.09615379 0 0.1346153 0 0.1730769 0 0.1730769 0 0.1730769 0 0.1346153 0 0.1346153 0 0.1730769 0 0.2115384 0 0.2115384 0 0.2115384 0 0.1730769 0 0.1730769 0 0.2115384 0 0.25 0 0.25 0 0.25 0 0.2115384 0 0.2115384 0 0.25 0 0.2884616 0 0.2884616 0 0.2884616 0 0.25 0 0.25 0 0.2884616 0 0.3269231 0 0.3269231 0 0.3269231 0 0.2884616 0 0.2884616 0 0.3269231 0 0.3653847 0 0.3653847 0 0.3653847 0 0.3269231 0 0.3269231 0 0.3653847 0 0.4038462 0 0.4038462 0 0.4038462 0 0.3653847 0 0.3653847 0 0.4038462 0 0.4423078 0 0.4423078 0 0.4423078 0 0.4038462 0 0.4038462 0 0.4423078 0 0.4807693 0 0.4807693 0 0.4807693 0 0.4423078 0 0.4423078 0 0.4807693 0 0.5192309 0 0.5192309 0 0.5192309 0 0.4807693 0 0.4807693 0 0.5192309 0 0.5576925 0 0.5576925 0 0.5576925 0 0.5192309 0 0.5192309 0 0.5576925 0 0.596154 0 0.596154 0 0.596154 0 0.5576925 0 0.5576925 0 0.596154 0 0.6346156 0 0.6346156 0 0.6346156 0 0.596154 0 0.596154 0 0.6346156 0 0.6730771 0 0.6730771 0 0.6730771 0 0.6346156 0 0.6346156 0 0.6730771 0 0.7115387 0 0.7115387 0 0.7115387 0 0.6730771 0 0.6730771 0 0.7115387 0 0.75 0 0.75 0 0.75 0 0.7115387 0 0.7115387 0 0.75 0 0.7884615 0 0.7884615 0 0.7884615 0 0.75 0 0.75 0 0.7884615 0 0.826923 0 0.826923 0 0.826923 0 0.7884615 0 0.7884615 0 0.826923 0 0.8653846 0 0.8653846 0 0.8653846 0 0.826923 0 0.826923 0 0.8653846 0 0.9038462 0 0.9038462 0 0.9038462 0 0.8653846 0 0.8653846 0 0.9038462 0 0.9423077 0 0.9423076 0 0.9423076 0 0.9038462 0 0.9038462 0 0.9423077 0 0.9807692 0 0.9807692 0 0.9807692 0 0.9423076 0 0.9423077 0 0.9807692 0 1.019231 0 1.019231 0 1.019231 0 0.9807692 0 0.9807692 0 0.01923072 0 0.05769217 0 0.05769217 0 0.05769217 0 0.01923072 0 0.01923072 0 0.05769217 0 0.09615379 0 0.09615379 0 0.09615379 0 0.05769217 0 0.05769217 0 0.09615379 0 0.1346153 0 0.1346153 0 0.1346153 0 0.09615379 0 0.09615379 0 0.1346153 0 0.1730769 0 0.1730769 0 0.1730769 0 0.1346153 0 0.1346153 0 0.1730769 0 0.2115384 0 0.2115384 0 0.2115384 0 0.1730769 0 0.1730769 0 0.2115384 0 0.25 0 0.25 0 0.25 0 0.2115384 0 0.2115384 0 0.25 0 0.2884616 0 0.2884616 0 0.2884616 0 0.25 0 0.25 0 0.2884616 0 0.3269231 0 0.3269231 0 0.3269231 0 0.2884616 0 0.2884616 0 0.3269231 0 0.3653847 0 0.3653847 0 0.3653847 0 0.3269231 0 0.3269231 0 0.3653847 0 0.4038462 0 0.4038462 0 0.4038462 0 0.3653847 0 0.3653847 0 0.4038462 0 0.4423078 0 0.4423078 0 0.4423078 0 0.4038462 0 0.4038462 0 0.4423078 0 0.4807693 0 0.4807693 0 0.4807693 0 0.4423078 0 0.4423078 0 0.4807693 0 0.5192309 0 0.5192309 0 0.5192309 0 0.4807693 0 0.4807693 0 0.5192309 0 0.5576925 0 0.5576925 0 0.5576925 0 0.5192309 0 0.5192309 0 0.5576925 0 0.596154 0 0.596154 0 0.596154 0 0.5576925 0 0.5576925 0 0.596154 0 0.6346156 0 0.6346156 0 0.6346156 0 0.596154 0 0.596154 0 0.6346156 0 0.6730771 0 0.6730771 0 0.6730771 0 0.6346156 0 0.6346156 0 0.6730771 0 0.7115387 0 0.7115387 0 0.7115387 0 0.6730771 0 0.6730771 0 0.7115387 0 0.75 0 0.75 0 0.75 0 0.7115387 0 0.7115387 0 0.75 0 0.7884615 0 0.7884615 0 0.7884615 0 0.75 0 0.75 0 0.7884615 0 0.826923 0 0.826923 0 0.826923 0 0.7884615 0 0.7884615 0 0.826923 0 0.8653846 0 0.8653846 0 0.8653846 0 0.826923 0 0.826923 0 0.8653846 0 0.9038462 0 0.9038462 0 0.9038462 0 0.8653846 0 0.8653846 0 0.9038462 0 0.9423076 0 0.9423077 0 0.9423077 0 0.9038462 0 0.9038462 0 0.9423076 0 0.9807692 0 0.9807692 0 0.9807692 0 0.9423077 0 0.9423076 0 0.9807692 0 1.019231 0 1.019231 0 1.019231 0 0.9807692 0 0.9807692 0 0.01923072 0 0.05769217 0 0.05769217 0 0.05769217 0 0.01923072 0 0.01923072 0 0.05769217 0 0.09615379 0 0.09615379 0 0.09615379 0 0.05769217 0 0.05769217 0 0.09615379 0 0.1346153 0 0.1346153 0 0.1346153 0 0.09615379 0 0.09615379 0 0.1346153 0 0.1730769 0 0.1730769 0 0.1730769 0 0.1346153 0 0.1346153 0 0.1730769 0 0.2115384 0 0.2115384 0 0.2115384 0 0.1730769 0 0.1730769 0 0.2115384 0 0.25 0 0.25 0 0.25 0 0.2115384 0 0.2115384 0 0.25 0 0.2884616 0 0.2884616 0 0.2884616 0 0.25 0 0.25 0 0.2884616 0 0.3269231 0 0.3269231 0 0.3269231 0 0.2884616 0 0.2884616 0 0.3269231 0 0.3653847 0 0.3653847 0 0.3653847 0 0.3269231 0 0.3269231 0 0.3653847 0 0.4038462 0 0.4038462 0 0.4038462 0 0.3653847 0 0.3653847 0 0.4038462 0 0.4423078 0 0.4423078 0 0.4423078 0 0.4038462 0 0.4038462 0 0.4423078 0 0.4807693 0 0.4807693 0 0.4807693 0 0.4423078 0 0.4423078 0 0.4807693 0 0.5192309 0 0.5192309 0 0.5192309 0 0.4807693 0 0.4807693 0 0.5192309 0 0.5576925 0 0.5576925 0 0.5576925 0 0.5192309 0 0.5192309 0 0.5576925 0 0.596154 0 0.596154 0 0.596154 0 0.5576925 0 0.5576925 0 0.596154 0 0.6346156 0 0.6346156 0 0.6346156 0 0.596154 0 0.596154 0 0.6346156 0 0.6730771 0 0.6730771 0 0.6730771 0 0.6346156 0 0.6346156 0 0.6730771 0 0.7115387 0 0.7115387 0 0.7115387 0 0.6730771 0 0.6730771 0 0.7115387 0 0.75 0 0.75 0 0.75 0 0.7115387 0 0.7115387 0 0.75 0 0.7884615 0 0.7884615 0.125 0.7884615 0.125 0.75 0.125 0.75 0 0.7884615 0 0.826923 0 0.826923 0.125 0.826923 0.125 0.7884615 0.125 0.7884615 0 0.826923 0 0.8653846 0 0.8653846 0.125 0.8653846 0.125 0.826923 0.125 0.826923 0 0.1346153 0 0.1730769 0 0.1730769 0.125 0.1730769 0.125 0.1346153 0.125 0.1346153 0 0.1730769 0 0.2115384 0 0.2115384 0.125 0.2115384 0.125 0.1730769 0.125 0.1730769 0 0.2115384 0 0.25 0 0.25 0.125 0.25 0.125 0.2115384 0.125 0.2115384 0 0.25 0 0.2884616 0 0.2884616 0.125 0.2884616 0.125 0.25 0.125 0.25 0 0.2884616 0 0.3269231 0 0.3269231 0.125 0.3269231 0.125 0.2884616 0.125 0.2884616 0 0.3269231 0 0.3653847 0 0.3653847 0.125 0.3653847 0.125 0.3269231 0.125 0.3269231 0 0.6346156 0 0.6730771 0 0.6730771 0.125 0.6730771 0.125 0.6346156 0.125 0.6346156 0 0.6730771 0 0.7115387 0 0.7115387 0.125 0.7115387 0.125 0.6730771 0.125 0.6730771 0 0.7115387 0 0.75 0 0.75 0.125 0.75 0.125 0.7115387 0.125 0.7115387 0 0.75 1 0.7884615 1 0.7884615 1 0.7884615 1 0.75 1 0.75 1 0.7884615 1 0.826923 1 0.826923 1 0.826923 1 0.7884615 1 0.7884615 1 0.826923 1 0.8653846 1 0.8653846 1 0.8653846 1 0.826923 1 0.826923 1 0.8653846 1 0.9038462 1 0.9038462 1 0.9038462 1 0.8653846 1 0.8653846 1 0.9038462 1 0.9423077 1 0.9423077 1 0.9423077 1 0.9038462 1 0.9038462 1 0.9423077 1 0.9807692 1 0.9807692 1 0.9807692 1 0.9423077 1 0.9423077 1 0.9807692 1 1.019231 1 1.019231 1 1.019231 1 0.9807692 1 0.9807692 1 0.01923072 1 0.05769217 1 0.05769217 1 0.05769217 1 0.01923072 1 0.01923072 1 0.05769217 1 0.05769217 1 0.05769217 1 0.05769217 1 0.05769217 1 0.05769217 1 0.09615379 0.125 0.1346153 0.125 0.1346153 0.125 0.1346153 0.125 0.09615379 0.125 0.09615379 0.125 0.1346153 0.125 0.1730769 0.125 0.1730769 0.125 0.1730769 0.125 0.1346153 0.125 0.1346153 0.125 0.1730769 0.125 0.2115384 0.125 0.2115384 0.125 0.2115384 0.125 0.1730769 0.125 0.1730769 0.125 0.2115384 0.125 0.25 0.125 0.25 0.125 0.25 0.125 0.2115384 0.125 0.2115384 0.125 0.25 0.125 0.2884616 0.125 0.2884616 0.125 0.2884616 0.125 0.25 0.125 0.25 0.125 0.2884616 0.125 0.3269231 0.125 0.3269231 0.125 0.3269231 0.125 0.2884616 0.125 0.2884616 0.125 0.3269231 0.125 0.3653847 0.125 0.3653847 0.125 0.3653847 0.125 0.3269231 0.125 0.3269231 0.125 0.3653847 0.125 0.4038462 0.125 0.4038462 0.125 0.4038462 0.125 0.3653847 0.125 0.3653847 0.125 0.4423078 1 0.4423078 1 0.4423078 1 0.4423078 1 0.4423078 1 0.4423078 1 0.4807693 1 0.4423078 1 0.4423078 1 0.5576925 1 0.596154 1 0.596154 1 0.596154 1 0.5576925 1 0.5576925 1 0.596154 1 0.6346156 1 0.6346156 1 0.6346156 1 0.596154 1 0.596154 1 0.6346156 1 0.6730771 1 0.6730771 1 0.6730771 1 0.6346156 1 0.6346156 1 0.6730771 1 0.7115387 1 0.7115387 1 0.7115387 1 0.6730771 1 0.6730771 1 0.7115387 1 0.75 1 0.75 1 0.75 1 0.7115387 1 0.7115387 1 0.75 0.1625 0.7884615 0.1625 0.7884615 0.1625 0.7884615 0.1625 0.75 0.1625 0.75 0.1625 0.7884615 0.1625 0.826923 0.1625 0.826923 0.1625 0.826923 0.1625 0.7884615 0.1625 0.7884615 0.1625 0.826923 0.1625 0.8653846 0.1625 0.8653846 0.1625 0.8653846 0.1625 0.826923 0.1625 0.826923 0.1625 0.8653846 0.1625 0.9038462 0.1625 0.9038462 0.1625 0.9038462 0.1625 0.8653846 0.1625 0.8653846 0.1625 0.9038462 0.1625 0.9423077 0.1625 0.9423077 0.1625 0.9423077 0.1625 0.9038462 0.1625 0.9038462 0.1625 0.9423077 0.1625 0.9807692 0.1625 0.9807692 0.1625 0.9807692 0.1625 0.9423077 0.1625 0.9423077 0.1625 0.9807692 0.1625 1.019231 0.1625 1.019231 0.1625 1.019231 0.1625 0.9807692 0.1625 0.9807692 0.1625 0.01923072 0.1625 0.05769217 0.1625 0.05769217 0.1625 0.05769217 0.1625 0.01923072 0.1625 0.01923072 0.1625 0.05769217 0.1625 0.09615379 0.1625 0.09615379 0.1625 0.09615379 0.1625 0.05769217 0.1625 0.05769217 0.1625 0.09615379 0.1625 0.1346153 0.1625 0.1346153 0.1625 0.1346153 0.1625 0.09615379 0.1625 0.09615379 0.1625 0.1346153 0.1625 0.1730769 0.1625 0.1730769 0.1625 0.1730769 0.1625 0.1346153 0.1625 0.1346153 0.1625 0.1730769 0.1625 0.2115384 0.1625 0.2115384 0.1625 0.2115384 0.1625 0.1730769 0.1625 0.1730769 0.1625 0.2115384 0.1625 0.25 0.1625 0.25 0.1625 0.25 0.1625 0.2115384 0.1625 0.2115384 0.1625 0.25 0.1625 0.2884616 0.1625 0.2884616 0.1625 0.2884616 0.1625 0.25 0.1625 0.25 0.1625 0.2884616 0.1625 0.3269231 0.1625 0.3269231 0.1625 0.3269231 0.1625 0.2884616 0.1625 0.2884616 0.1625 0.3269231 0.1625 0.3653847 0.1625 0.3653847 0.1625 0.3653847 0.1625 0.3269231 0.1625 0.3269231 0.1625 0.3653847 0.1625 0.4038462 0.1625 0.4038462 0.1625 0.4038462 0.1625 0.3653847 0.1625 0.3653847 0.1625 0.4038462 0.1625 0.4423078 0.1625 0.4423078 0.1625 0.4423078 0.1625 0.4038462 0.1625 0.4038462 0.1625 0.4423078 0.1625 0.4807693 0.1625 0.4807693 0.1625 0.4807693 0.1625 0.4423078 0.1625 0.4423078 0.1625 0.4807693 0.1625 0.5192309 0.1625 0.5192309 0.1625 0.5192309 0.1625 0.4807693 0.1625 0.4807693 0.1625 0.5192309 0.1625 0.5576925 0.1625 0.5576925 0.1625 0.5576925 0.1625 0.5192309 0.1625 0.5192309 0.1625 0.5576925 0.1625 0.596154 0.1625 0.596154 0.1625 0.596154 0.1625 0.5576925 0.1625 0.5576925 0.1625 0.596154 0.1625 0.6346156 0.1625 0.6346156 0.1625 0.6346156 0.1625 0.596154 0.1625 0.596154 0.1625 0.6346156 0.1625 0.6730771 0.1625 0.6730771 0.1625 0.6730771 0.1625 0.6346156 0.1625 0.6346156 0.1625 0.6730771 0.1625 0.7115387 0.1625 0.7115387 0.1625 0.7115387 0.1625 0.6730771 0.1625 0.6730771 0.1625 0.7115387 0.1625 0.75 0.1625 0.75 0.1625 0.75 0.1625 0.7115387 0.1625 0.7115387 0.1625 0.1346153 0 0.1234616 0 0.1217117 0 0.1346153 0 0.1217117 0 0.1199349 0 0.1346153 0 0.1199349 0 0.1181272 0 0.1346153 0 0.1181272 0 0.1162847 0 0.1346153 0 0.1162847 0 0.1144036 0 0.1346153 0 0.1144036 0 0.11248 0 0.1346153 0 0.11248 0 0.1105099 0 0.1346153 0 0.1105099 0 0.1084893 0 0.1346153 0 0.1084893 0 0.1064141 0 0.1346153 0 0.1064141 0 0.1042804 0 0.1346153 0 0.1042804 0 0.1020834 0 0.1346153 0 0.1020834 0 0.09981888 0 0.09615379 0 0.1346153 0 0.09981888 0 0.1346153 0 0.1346153 0.125 0.1234616 0.125 0.1234616 0.125 0.1234616 0 0.1346153 0 0.8653846 0.125 0.8765384 0.125 0.8782882 0.125 0.8653846 0.125 0.8782882 0.125 0.880065 0.125 0.8653846 0.125 0.880065 0.125 0.8818728 0.125 0.8653846 0.125 0.8818728 0.125 0.8837153 0.125 0.8653846 0.125 0.8837153 0.125 0.8855963 0.125 0.8653846 0.125 0.8855963 0.125 0.88752 0.125 0.8653846 0.125 0.88752 0.125 0.88949 0.125 0.8653846 0.125 0.88949 0.125 0.8915106 0.125 0.8653846 0.125 0.8915106 0.125 0.8935858 0.125 0.8653846 0.125 0.8935858 0.125 0.8957196 0.125 0.8653846 0.125 0.8957196 0.125 0.8979166 0.125 0.8653846 0.125 0.8979166 0.125 0.9001811 0.125 0.9038462 0.125 0.8653846 0.125 0.9001811 0.125 0.8653846 0.125 0.8653846 0 0.8765384 0 0.8765384 0 0.8765384 0.125 0.8653846 0.125 0.3653847 0 0.4038462 0 0.4193237 0 0.4193237 0 0.4001811 0 0.3979166 0 0.4193237 0 0.3979166 0 0.3957197 0 0.4193237 0 0.3957197 0 0.3935858 0 0.4193237 0 0.3935858 0 0.3915107 0 0.4193237 0 0.3915107 0 0.3894901 0 0.4193237 0 0.3894901 0 0.38752 0 0.4193237 0 0.38752 0 0.3855964 0 0.4193237 0 0.3855964 0 0.3837153 0 0.4193237 0 0.3837153 0 0.3818728 0 0.4193237 0 0.3818728 0 0.3800651 0 0.4193237 0 0.3800651 0 0.3782883 0 0.4193237 0 0.3782883 0 0.3765385 0 0.3653847 0 0.4193237 0 0.3765385 0 0.6346156 0 0.6234618 0 0.621712 0 0.6346156 0 0.621712 0 0.6199351 0 0.6346156 0 0.6199351 0 0.6181274 0 0.6346156 0 0.6181274 0 0.616285 0 0.6346156 0 0.616285 0 0.6144039 0 0.6346156 0 0.6144039 0 0.6124802 0 0.6346156 0 0.6124802 0 0.6105101 0 0.6346156 0 0.6105101 0 0.6084895 0 0.6346156 0 0.6084895 0 0.6064144 0 0.6346156 0 0.6064144 0 0.6042805 0 0.6346156 0 0.6042805 0 0.6020836 0 0.6346156 0 0.6020836 0 0.5998191 0 0.596154 0 0.6346156 0 0.5998191 0 0.6346156 0 0.6346156 0.125 0.6234618 0.125 0.6234618 0.125 0.6234618 0 0.6346156 0 0.3653847 0.125 0.3765385 0.125 0.3782883 0.125 0.3653847 0.125 0.3782883 0.125 0.3800651 0.125 0.3653847 0.125 0.3800651 0.125 0.3818728 0.125 0.3653847 0.125 0.3818728 0.125 0.3837153 0.125 0.3653847 0.125 0.3837153 0.125 0.3855964 0.125 0.3653847 0.125 0.3855964 0.125 0.38752 0.125 0.3653847 0.125 0.38752 0.125 0.3894901 0.125 0.3653847 0.125 0.3894901 0.125 0.3915107 0.125 0.3653847 0.125 0.3915107 0.125 0.3935858 0.125 0.3653847 0.125 0.3935858 0.125 0.3957197 0.125 0.3653847 0.125 0.3957197 0.125 0.3979166 0.125 0.3653847 0.125 0.3979166 0.125 0.4001811 0.125 0.4038462 0.125 0.3653847 0.125 0.4001811 0.125 0.3653847 0.125 0.3653847 0 0.3765385 0 0.3765385 0 0.3765385 0.125 0.3653847 0.125 0.75 0.125 0.7884615 0.125 0.7884615 0.125 0.7884615 0.125 0.75 0.125 0.75 0.125 0.7884615 0.125 0.826923 0.125 0.826923 0.125 0.826923 0.125 0.7884615 0.125 0.7884615 0.125 0.826923 0.125 0.8653846 0.125 0.8653846 0.125 0.8653846 0.125 0.826923 0.125 0.826923 0.125 0.8653846 0.125 0.9038462 0.125 0.9038462 0.125 0.9038462 0.125 0.8653846 0.125 0.8653846 0.125 0.9038462 0.125 0.9423077 0.125 0.9423077 0.125 0.9423077 0.125 0.9038462 0.125 0.9038462 0.125 0.9423077 0.125 0.9807692 0.125 0.9807692 0.125 0.9807692 0.125 0.9423077 0.125 0.9423077 0.125 0.9807692 0.125 1.019231 0.125 1.019231 0.125 1.019231 0.125 0.9807692 0.125 0.9807692 0.125 0.01923072 0.125 0.05769217 0.125 0.05769217 0.125 0.05769217 0.125 0.01923072 0.125 0.01923072 0.125 0.05769217 0.125 0.09615379 0.125 0.08861422 0.125 0.08861422 0.125 0.05769217 0.125 0.05769217 0.125 0.09615379 0.125 0.09615379 0.125 0.08817619 0.125 0.08817619 0.125 0.08861422 0.125 0.09615379 0.125 0.09615379 0.125 0.05769217 0.125 0.05769217 0.125 0.05769217 0.125 0.08817619 0.125 0.09615379 0.125 0.05769217 0.125 0.01923072 0.125 0.01923072 0.125 0.01923072 0.125 0.05769217 0.125 0.05769217 0.125 0.01923072 0.125 -0.01923084 0.125 -0.01923084 0.125 -0.01923084 0.125 0.01923072 0.125 0.01923072 0.125 0.9807692 0.125 0.9423077 0.125 0.9423076 0.125 0.9423076 0.125 0.9807692 0.125 0.9807692 0.125 0.9423077 0.125 0.9038462 0.125 0.9038462 0.125 0.9038462 0.125 0.9423076 0.125 0.9423077 0.125 0.9038462 0.125 0.8653846 0.125 0.8653846 0.125 0.8653846 0.125 0.9038462 0.125 0.9038462 0.125 0.8653846 0.125 0.826923 0.125 0.826923 0.125 0.826923 0.125 0.8653846 0.125 0.8653846 0.125 0.826923 0.125 0.7884615 0.125 0.7884615 0.125 0.7884615 0.125 0.826923 0.125 0.826923 0.125 0.7884615 0.125 0.75 0.125 0.75 0.125 0.75 0.125 0.7884615 0.125 0.7884615 0.125 0.75 0.125 0.7115387 0.125 0.7115387 0.125 0.7115387 0.125 0.75 0.125 0.75 0.125 0.7115387 0.125 0.6730771 0.125 0.6730771 0.125 0.6730771 0.125 0.7115387 0.125 0.7115387 0.125 0.6730771 0.125 0.6346156 0.125 0.6346156 0.125 0.6346156 0.125 0.6730771 0.125 0.6730771 0.125 0.6346156 0.125 0.596154 0.125 0.596154 0.125 0.596154 0.125 0.6346156 0.125 0.6346156 0.125 0.596154 0.125 0.5576925 0.125 0.5576925 0.125 0.5576925 0.125 0.596154 0.125 0.596154 0.125 0.5576925 0.125 0.5192309 0.125 0.5192309 0.125 0.5192309 0.125 0.5576925 0.125 0.5576925 0.125 0.5192309 0.125 0.4807693 0.125 0.4807693 0.125 0.4807693 0.125 0.5192309 0.125 0.5192309 0.125 0.4807693 0.125 0.4423078 0.125 0.4423078 0.125 0.4423078 0.125 0.4807693 0.125 0.4807693 0.125 0.4423078 0.125 0.4038462 0.125 0.4118238 0.125 0.4118238 0.125 0.4423078 0.125 0.4423078 0.125 0.4038462 0.125 0.4038462 0.125 0.4113858 0.125 0.4113858 0.125 0.4118238 0.125 0.4038462 0.125 0.4038462 0.125 0.4423078 0.125 0.4423078 0.125 0.4423078 0.125 0.4113858 0.125 0.4038462 0.125 0.4423078 0.125 0.4807693 0.125 0.4807693 0.125 0.4807693 0.125 0.4423078 0.125 0.4423078 0.125 0.4807693 0.125 0.5192309 0.125 0.5192309 0.125 0.5192309 0.125 0.4807693 0.125 0.4807693 0.125 0.5192309 0.125 0.5576925 0.125 0.5576925 0.125 0.5576925 0.125 0.5192309 0.125 0.5192309 0.125 0.5576925 0.125 0.596154 0.125 0.596154 0.125 0.596154 0.125 0.5576925 0.125 0.5576925 0.125 0.596154 0.125 0.6346156 0.125 0.6346156 0.125 0.6346156 0.125 0.596154 0.125 0.596154 0.125 0.6346156 0.125 0.6730771 0.125 0.6730771 0.125 0.6730771 0.125 0.6346156 0.125 0.6346156 0.125 0.6730771 0.125 0.7115387 0.125 0.7115387 0.125 0.7115387 0.125 0.6730771 0.125 0.6730771 0.125 0.7115387 0.125 0.75 0.125 0.75 0.125 0.75 0.125 0.7115387 0.125 0.7115387 0.125 0.75 0.125 0.7884615 0.125 0.7884615 0.3510146 0.7884615 0.3510146 0.75 0.3510146 0.75 0.125 0.7884615 0.125 0.826923 0.125 0.826923 0.3510146 0.826923 0.3510146 0.7884615 0.3510146 0.7884615 0.125 0.826923 0.125 0.8653846 0.125 0.8653846 0.3510146 0.8653846 0.3510146 0.826923 0.3510146 0.826923 0.125 0.8653846 0.125 0.9038462 0.125 0.9038462 0.3510146 0.9038462 0.3510146 0.8653846 0.3510146 0.8653846 0.125 0.9038462 0.125 0.9423077 0.125 0.9423077 0.3510146 0.9423077 0.3510146 0.9038462 0.3510146 0.9038462 0.125 0.9423077 0.125 0.9807692 0.125 0.9807692 0.3510146 0.9807692 0.3510146 0.9423077 0.3510146 0.9423077 0.125 0.9807692 0.125 1.019231 0.125 1.019231 0.3510146 1.019231 0.3510146 0.9807692 0.3510146 0.9807692 0.125 0.01923072 0.125 0.05769217 0.125 0.05769217 0.3510146 0.05769217 0.3510146 0.01923072 0.3510146 0.01923072 0.125 0.05769217 0.125 0.08861422 0.125 0.08633172 0.3510146 0.08633172 0.3510146 0.05769217 0.3510146 0.05769217 0.125 0.08861422 0.125 0.08817619 0.125 0.08604609 0.3510146 0.08604609 0.3510146 0.08633172 0.3510146 0.08861422 0.125 0.08817619 0.125 0.05769217 0.125 0.05769217 0.3510146 0.05769217 0.3510146 0.08604609 0.3510146 0.08817619 0.125 0.05769217 0.125 0.01923072 0.125 0.01923072 0.3510146 0.01923072 0.3510146 0.05769217 0.3510146 0.05769217 0.125 0.01923072 0.125 -0.01923084 0.125 -0.01923084 0.3510146 -0.01923084 0.3510146 0.01923072 0.3510146 0.01923072 0.125 0.9807692 0.125 0.9423076 0.125 0.9423077 0.3510146 0.9423077 0.3510146 0.9807692 0.3510146 0.9807692 0.125 0.9423076 0.125 0.9038462 0.125 0.9038462 0.3510146 0.9038462 0.3510146 0.9423077 0.3510146 0.9423076 0.125 0.9038462 0.125 0.8653846 0.125 0.8653846 0.3510146 0.8653846 0.3510146 0.9038462 0.3510146 0.9038462 0.125 0.8653846 0.125 0.826923 0.125 0.826923 0.3510146 0.826923 0.3510146 0.8653846 0.3510146 0.8653846 0.125 0.826923 0.125 0.7884615 0.125 0.7884615 0.3510146 0.7884615 0.3510146 0.826923 0.3510146 0.826923 0.125 0.7884615 0.125 0.75 0.125 0.75 0.3510146 0.75 0.3510146 0.7884615 0.3510146 0.7884615 0.125 0.75 0.125 0.7115387 0.125 0.7115387 0.3510146 0.7115387 0.3510146 0.75 0.3510146 0.75 0.125 0.7115387 0.125 0.6730771 0.125 0.6730771 0.3510146 0.6730771 0.3510146 0.7115387 0.3510146 0.7115387 0.125 0.6730771 0.125 0.6346156 0.125 0.6346156 0.3510146 0.6346156 0.3510146 0.6730771 0.3510146 0.6730771 0.125 0.6346156 0.125 0.596154 0.125 0.596154 0.3510146 0.596154 0.3510146 0.6346156 0.3510146 0.6346156 0.125 0.596154 0.125 0.5576925 0.125 0.5576925 0.3510146 0.5576925 0.3510146 0.596154 0.3510146 0.596154 0.125 0.5576925 0.125 0.5192309 0.125 0.5192309 0.3510146 0.5192309 0.3510146 0.5576925 0.3510146 0.5576925 0.125 0.5192309 0.125 0.4807693 0.125 0.4807693 0.3510146 0.4807693 0.3510146 0.5192309 0.3510146 0.5192309 0.125 0.4807693 0.125 0.4423078 0.125 0.4423078 0.3510146 0.4423078 0.3510146 0.4807693 0.3510146 0.4807693 0.125 0.4423078 0.125 0.4118238 0.125 0.4139539 0.3510146 0.4139539 0.3510146 0.4423078 0.3510146 0.4423078 0.125 0.4118238 0.125 0.4113858 0.125 0.4136683 0.3510146 0.4136683 0.3510146 0.4139539 0.3510146 0.4118238 0.125 0.4113858 0.125 0.4423078 0.125 0.4423078 0.3510146 0.4423078 0.3510146 0.4136683 0.3510146 0.4113858 0.125 0.4423078 0.125 0.4807693 0.125 0.4807693 0.3510146 0.4807693 0.3510146 0.4423078 0.3510146 0.4423078 0.125 0.4807693 0.125 0.5192309 0.125 0.5192309 0.3510146 0.5192309 0.3510146 0.4807693 0.3510146 0.4807693 0.125 0.5192309 0.125 0.5576925 0.125 0.5576925 0.3510146 0.5576925 0.3510146 0.5192309 0.3510146 0.5192309 0.125 0.5576925 0.125 0.596154 0.125 0.596154 0.3510146 0.596154 0.3510146 0.5576925 0.3510146 0.5576925 0.125 0.596154 0.125 0.6346156 0.125 0.6346156 0.3510146 0.6346156 0.3510146 0.596154 0.3510146 0.596154 0.125 0.6346156 0.125 0.6730771 0.125 0.6730771 0.3510147 0.6730771 0.3510147 0.6346156 0.3510146 0.6346156 0.125 0.6730771 0.125 0.7115387 0.125 0.7115387 0.3510147 0.7115387 0.3510147 0.6730771 0.3510147 0.6730771 0.125 0.7115387 0.125 0.75 0.125 0.75 0.3510146 0.75 0.3510146 0.7115387 0.3510147 0.7115387 0.125 0.75 0.3510146 0.7884615 0.3510146 0.7884615 1 0.7884615 1 0.75 1 0.75 0.3510146 0.7884615 0.3510146 0.826923 0.3510146 0.826923 1 0.826923 1 0.7884615 1 0.7884615 0.3510146 0.826923 0.3510146 0.8653846 0.3510146 0.8653846 1 0.8653846 1 0.826923 1 0.826923 0.3510146 0.8653846 0.3510146 0.9038462 0.3510146 0.9038462 1 0.9038462 1 0.8653846 1 0.8653846 0.3510146 0.9038462 0.3510146 0.9423077 0.3510146 0.9423077 1 0.9423077 1 0.9038462 1 0.9038462 0.3510146 0.9423077 0.3510146 0.9807692 0.3510146 0.9807692 1 0.9807692 1 0.9423077 1 0.9423077 0.3510146 0.9807692 0.3510146 1.019231 0.3510146 1.019231 1 1.019231 1 0.9807692 1 0.9807692 0.3510146 0.01923072 0.3510146 0.05769217 0.3510146 0.05769217 1 0.05769217 1 0.01923072 1 0.01923072 0.3510146 0.08633172 0.3510146 0.08633172 0.3510146 0.08628195 0.4039701 0.08633172 0.3510146 0.08628195 0.4039701 0.08613276 0.454672 0.08633172 0.3510146 0.08613276 0.454672 0.08588409 0.5031206 0.08633172 0.3510146 0.08588409 0.5031206 0.08553582 0.5493157 0.08633172 0.3510146 0.08553582 0.5493157 0.08508789 0.5932574 0.08633172 0.3510146 0.08508789 0.5932574 0.0845403 0.6349458 0.08633172 0.3510146 0.0845403 0.6349458 0.08389294 0.6743807 0.08633172 0.3510146 0.08389294 0.6743807 0.08314567 0.711562 0.08633172 0.3510146 0.08314567 0.711562 0.08229845 0.7464901 0.08633172 0.3510146 0.08229845 0.7464901 0.08135116 0.7791647 0.08633172 0.3510146 0.08135116 0.7791647 0.08030378 0.8095859 0.08633172 0.3510146 0.08030378 0.8095859 0.07915639 0.8377537 0.08633172 0.3510146 0.07915639 0.8377537 0.07790893 0.863668 0.08633172 0.3510146 0.07790893 0.863668 0.07656157 0.8873289 0.08633172 0.3510146 0.07656157 0.8873289 0.07511442 0.9087364 0.08633172 0.3510146 0.07511442 0.9087364 0.07356786 0.9278905 0.08633172 0.3510146 0.07356786 0.9278905 0.07192212 0.9447912 0.08633172 0.3510146 0.07192212 0.9447912 0.07017791 0.9594385 0.08633172 0.3510146 0.07017791 0.9594385 0.06833577 0.9718322 0.08633172 0.3510146 0.06833577 0.9718322 0.06639653 0.9819726 0.08633172 0.3510146 0.06639653 0.9819726 0.06436127 0.9898597 0.08633172 0.3510146 0.06436127 0.9898597 0.06223112 0.9954932 0.08633172 0.3510146 0.06223112 0.9954932 0.06000763 0.9988733 0.08633172 0.3510146 0.06000763 0.9988733 0.05769217 1 0.05769217 0.3510146 0.08633172 0.3510146 0.05769217 1 0.05769217 0.3510146 0.05769217 1 0.05769217 1 0.08633172 0.3510146 0.08604609 0.3510146 0.08604609 0.3510146 0.08604609 0.3510146 0.08633172 0.3510146 0.08633172 0.3510146 0.08604609 0.3510146 0.05769217 0.3510146 0.05769217 1 0.05769217 1 0.05769217 1 0.0599845 0.9988733 0.05769217 1 0.0599845 0.9988733 0.06218576 0.9954932 0.05769217 1 0.06218576 0.9954932 0.06429451 0.9898597 0.05769217 1 0.06429451 0.9898597 0.06630939 0.9819726 0.05769217 1 0.06630939 0.9819726 0.06822913 0.9718322 0.05769217 1 0.06822913 0.9718322 0.07005274 0.9594385 0.05769217 1 0.07005274 0.9594385 0.07177948 0.9447912 0.05769217 1 0.07177948 0.9447912 0.07340872 0.9278905 0.05769217 1 0.07340872 0.9278905 0.07493984 0.9087364 0.05769217 1 0.07493984 0.9087364 0.0763725 0.8873289 0.05769217 1 0.0763725 0.8873289 0.07770645 0.863668 0.05769217 1 0.07770645 0.863668 0.07894146 0.8377537 0.05769217 1 0.07894146 0.8377537 0.08007752 0.8095859 0.05769217 1 0.08007752 0.8095859 0.08111453 0.7791647 0.05769217 1 0.08111453 0.7791647 0.08205246 0.7464901 0.05769217 1 0.08205246 0.7464901 0.08289134 0.711562 0.05769217 1 0.08289134 0.711562 0.08363127 0.6743807 0.05769217 1 0.08363127 0.6743807 0.08427226 0.6349458 0.05769217 1 0.08427226 0.6349458 0.08481448 0.5932574 0.05769217 1 0.08481448 0.5932574 0.08525794 0.5493157 0.05769217 1 0.08525794 0.5493157 0.08560281 0.5031206 0.05769217 1 0.08560281 0.5031206 0.0858491 0.454672 0.05769217 1 0.0858491 0.454672 0.08599686 0.4039701 0.05769217 1 0.08599686 0.4039701 0.08604609 0.3510146 0.08604609 0.3510146 0.05769217 1 0.08604609 0.3510146 0.05769217 0.3510146 0.01923072 0.3510146 0.01923072 1 0.01923072 1 0.05769217 1 0.05769217 0.3510146 0.01923072 0.3510146 -0.01923084 0.3510146 -0.01923084 1 -0.01923084 1 0.01923072 1 0.01923072 0.3510146 0.9807692 0.3510146 0.9423077 0.3510146 0.9423077 1 0.9423077 1 0.9807692 1 0.9807692 0.3510146 0.9423077 0.3510146 0.9038462 0.3510146 0.9038462 1 0.9038462 1 0.9423077 1 0.9423077 0.3510146 0.9038462 0.3510146 0.8653846 0.3510146 0.8653846 1 0.8653846 1 0.9038462 1 0.9038462 0.3510146 0.8653846 0.3510146 0.826923 0.3510146 0.826923 1 0.826923 1 0.8653846 1 0.8653846 0.3510146 0.826923 0.3510146 0.7884615 0.3510146 0.7884615 1 0.7884615 1 0.826923 1 0.826923 0.3510146 0.7884615 0.3510146 0.75 0.3510146 0.75 1 0.75 1 0.7884615 1 0.7884615 0.3510146 0.75 0.3510146 0.7115387 0.3510146 0.7115387 1 0.7115387 1 0.75 1 0.75 0.3510146 0.7115387 0.3510146 0.6730771 0.3510146 0.6730771 1 0.6730771 1 0.7115387 1 0.7115387 0.3510146 0.6730771 0.3510146 0.6346156 0.3510146 0.6346156 1 0.6346156 1 0.6730771 1 0.6730771 0.3510146 0.6346156 0.3510146 0.596154 0.3510146 0.596154 1 0.596154 1 0.6346156 1 0.6346156 0.3510146 0.596154 0.3510146 0.5576925 0.3510146 0.5576925 1 0.5576925 1 0.596154 1 0.596154 0.3510146 0.5576925 0.3510146 0.5192309 0.3510146 0.5192309 1 0.5192309 1 0.5576925 1 0.5576925 0.3510146 0.5192309 0.3510146 0.4807693 0.3510146 0.4807693 1 0.4807693 1 0.5192309 1 0.5192309 0.3510146 0.4807693 0.3510146 0.4423078 0.3510146 0.4423078 1 0.4423078 1 0.4807693 1 0.4807693 0.3510146 0.4139539 0.3510146 0.4139539 0.3510146 0.4140031 0.4039701 0.4139539 0.3510146 0.4140031 0.4039701 0.4141509 0.454672 0.4139539 0.3510146 0.4141509 0.454672 0.4143972 0.5031206 0.4139539 0.3510146 0.4143972 0.5031206 0.4147421 0.5493157 0.4139539 0.3510146 0.4147421 0.5493157 0.4151855 0.5932574 0.4139539 0.3510146 0.4151855 0.5932574 0.4157277 0.6349458 0.4139539 0.3510146 0.4157277 0.6349458 0.4163688 0.6743807 0.4139539 0.3510146 0.4163688 0.6743807 0.4171087 0.711562 0.4139539 0.3510146 0.4171087 0.711562 0.4179476 0.7464901 0.4139539 0.3510146 0.4179476 0.7464901 0.4188855 0.7791647 0.4139539 0.3510146 0.4188855 0.7791647 0.4199225 0.8095859 0.4139539 0.3510146 0.4199225 0.8095859 0.4210585 0.8377537 0.4139539 0.3510146 0.4210585 0.8377537 0.4222936 0.863668 0.4139539 0.3510146 0.4222936 0.863668 0.4236275 0.8873289 0.4139539 0.3510146 0.4236275 0.8873289 0.4250602 0.9087364 0.4139539 0.3510146 0.4250602 0.9087364 0.4265913 0.9278905 0.4139539 0.3510146 0.4265913 0.9278905 0.4282205 0.9447912 0.4139539 0.3510146 0.4282205 0.9447912 0.4299473 0.9594385 0.4139539 0.3510146 0.4299473 0.9594385 0.4317709 0.9718322 0.4139539 0.3510146 0.4317709 0.9718322 0.4336907 0.9819726 0.4139539 0.3510146 0.4336907 0.9819726 0.4357055 0.9898597 0.4139539 0.3510146 0.4357055 0.9898597 0.4378142 0.9954932 0.4139539 0.3510146 0.4378142 0.9954932 0.4400156 0.9988733 0.4139539 0.3510146 0.4400156 0.9988733 0.4423078 1 0.4423078 0.3510146 0.4139539 0.3510146 0.4423078 1 0.4423078 0.3510146 0.4423078 1 0.4423078 1 0.4139539 0.3510146 0.4136683 0.3510146 0.4136683 0.3510146 0.4136683 0.3510146 0.4139539 0.3510146 0.4139539 0.3510146 0.4136683 0.3510146 0.4423078 0.3510146 0.4423078 1 0.4423078 1 0.4423078 1 0.4399924 0.9988733 0.4423078 1 0.4399924 0.9988733 0.4377689 0.9954932 0.4423078 1 0.4377689 0.9954932 0.4356387 0.9898597 0.4423078 1 0.4356387 0.9898597 0.4336035 0.9819726 0.4423078 1 0.4336035 0.9819726 0.4316642 0.9718322 0.4423078 1 0.4316642 0.9718322 0.4298221 0.9594385 0.4423078 1 0.4298221 0.9594385 0.4280779 0.9447912 0.4423078 1 0.4280779 0.9447912 0.4264322 0.9278905 0.4423078 1 0.4264322 0.9278905 0.4248856 0.9087364 0.4423078 1 0.4248856 0.9087364 0.4234385 0.8873289 0.4423078 1 0.4234385 0.8873289 0.4220911 0.863668 0.4423078 1 0.4220911 0.863668 0.4208436 0.8377537 0.4423078 1 0.4208436 0.8377537 0.4196962 0.8095859 0.4423078 1 0.4196962 0.8095859 0.4186488 0.7791647 0.4423078 1 0.4186488 0.7791647 0.4177016 0.7464901 0.4423078 1 0.4177016 0.7464901 0.4168544 0.711562 0.4423078 1 0.4168544 0.711562 0.4161071 0.6743807 0.4423078 1 0.4161071 0.6743807 0.4154597 0.6349458 0.4423078 1 0.4154597 0.6349458 0.4149121 0.5932574 0.4423078 1 0.4149121 0.5932574 0.4144642 0.5493157 0.4423078 1 0.4144642 0.5493157 0.414116 0.5031206 0.4423078 1 0.414116 0.5031206 0.4138672 0.454672 0.4423078 1 0.4138672 0.454672 0.4137181 0.4039701 0.4423078 1 0.4137181 0.4039701 0.4136683 0.3510146 0.4136683 0.3510146 0.4423078 1 0.4136683 0.3510146 0.5192309 0.3510146 0.5576925 0.3510146 0.5576925 1 0.5576925 0.3510146 0.596154 0.3510146 0.596154 1 0.596154 1 0.5576925 1 0.5576925 0.3510146 0.596154 0.3510146 0.6346156 0.3510146 0.6346156 1 0.6346156 1 0.596154 1 0.596154 0.3510146 0.6346156 0.3510146 0.6730771 0.3510147 0.6730771 1 0.6730771 1 0.6346156 1 0.6346156 0.3510146 0.6730771 0.3510147 0.7115387 0.3510147 0.7115387 1 0.7115387 1 0.6730771 1 0.6730771 0.3510147 0.7115387 0.3510147 0.75 0.3510146 0.75 1 0.75 1 0.7115387 1 0.7115387 0.3510147 0.0599845 0.9988733 0.05769217 1 0.05769217 1 0.05769217 1 0.06000763 0.9988733 0.0599845 0.9988733 0.4399924 0.9988733 0.4423078 1 0.4423078 1 0.4423078 1 0.4400156 0.9988733 0.4399924 0.9988733 0.06218576 0.9954932 0.0599845 0.9988733 0.06000763 0.9988733 0.06000763 0.9988733 0.06223112 0.9954932 0.06218576 0.9954932 0.06429451 0.9898597 0.06218576 0.9954932 0.06223112 0.9954932 0.06223112 0.9954932 0.06436127 0.9898597 0.06429451 0.9898597 0.06630939 0.9819726 0.06429451 0.9898597 0.06436127 0.9898597 0.06436127 0.9898597 0.06639653 0.9819726 0.06630939 0.9819726 0.06822913 0.9718322 0.06630939 0.9819726 0.06639653 0.9819726 0.06639653 0.9819726 0.06833577 0.9718322 0.06822913 0.9718322 0.07005274 0.9594385 0.06822913 0.9718322 0.06833577 0.9718322 0.06833577 0.9718322 0.07017791 0.9594385 0.07005274 0.9594385 0.07177948 0.9447912 0.07005274 0.9594385 0.07017791 0.9594385 0.07017791 0.9594385 0.07192212 0.9447912 0.07177948 0.9447912 0.07340872 0.9278905 0.07177948 0.9447912 0.07192212 0.9447912 0.07192212 0.9447912 0.07356786 0.9278905 0.07340872 0.9278905 0.07493984 0.9087364 0.07340872 0.9278905 0.07356786 0.9278905 0.07356786 0.9278905 0.07511442 0.9087364 0.07493984 0.9087364 0.0763725 0.8873289 0.07493984 0.9087364 0.07511442 0.9087364 0.07511442 0.9087364 0.07656157 0.8873289 0.0763725 0.8873289 0.07770645 0.863668 0.0763725 0.8873289 0.07656157 0.8873289 0.07656157 0.8873289 0.07790893 0.863668 0.07770645 0.863668 0.07894146 0.8377537 0.07770645 0.863668 0.07790893 0.863668 0.07790893 0.863668 0.07915639 0.8377537 0.07894146 0.8377537 0.08007752 0.8095859 0.07894146 0.8377537 0.07915639 0.8377537 0.07915639 0.8377537 0.08030378 0.8095859 0.08007752 0.8095859 0.08111453 0.7791647 0.08007752 0.8095859 0.08030378 0.8095859 0.08030378 0.8095859 0.08135116 0.7791647 0.08111453 0.7791647 0.08205246 0.7464901 0.08111453 0.7791647 0.08135116 0.7791647 0.08135116 0.7791647 0.08229845 0.7464901 0.08205246 0.7464901 0.08289134 0.711562 0.08205246 0.7464901 0.08229845 0.7464901 0.08229845 0.7464901 0.08314567 0.711562 0.08289134 0.711562 0.08363127 0.6743807 0.08289134 0.711562 0.08314567 0.711562 0.08314567 0.711562 0.08389294 0.6743807 0.08363127 0.6743807 0.08427226 0.6349458 0.08363127 0.6743807 0.08389294 0.6743807 0.08389294 0.6743807 0.0845403 0.6349458 0.08427226 0.6349458 0.08481448 0.5932574 0.08427226 0.6349458 0.0845403 0.6349458 0.0845403 0.6349458 0.08508789 0.5932574 0.08481448 0.5932574 0.08525794 0.5493157 0.08481448 0.5932574 0.08508789 0.5932574 0.08508789 0.5932574 0.08553582 0.5493157 0.08525794 0.5493157 0.08560281 0.5031206 0.08525794 0.5493157 0.08553582 0.5493157 0.08553582 0.5493157 0.08588409 0.5031206 0.08560281 0.5031206 0.0858491 0.454672 0.08560281 0.5031206 0.08588409 0.5031206 0.08588409 0.5031206 0.08613276 0.454672 0.0858491 0.454672 0.08599686 0.4039701 0.0858491 0.454672 0.08613276 0.454672 0.08613276 0.454672 0.08628195 0.4039701 0.08599686 0.4039701 0.08604609 0.3510146 0.08599686 0.4039701 0.08628195 0.4039701 0.08628195 0.4039701 0.08633172 0.3510146 0.08604609 0.3510146 0.4377689 0.9954932 0.4399924 0.9988733 0.4400156 0.9988733 0.4400156 0.9988733 0.4378142 0.9954932 0.4377689 0.9954932 0.4356387 0.9898597 0.4377689 0.9954932 0.4378142 0.9954932 0.4378142 0.9954932 0.4357055 0.9898597 0.4356387 0.9898597 0.4336035 0.9819726 0.4356387 0.9898597 0.4357055 0.9898597 0.4357055 0.9898597 0.4336907 0.9819726 0.4336035 0.9819726 0.4316642 0.9718322 0.4336035 0.9819726 0.4336907 0.9819726 0.4336907 0.9819726 0.4317709 0.9718322 0.4316642 0.9718322 0.4298221 0.9594385 0.4316642 0.9718322 0.4317709 0.9718322 0.4317709 0.9718322 0.4299473 0.9594385 0.4298221 0.9594385 0.4280779 0.9447912 0.4298221 0.9594385 0.4299473 0.9594385 0.4299473 0.9594385 0.4282205 0.9447912 0.4280779 0.9447912 0.4264322 0.9278905 0.4280779 0.9447912 0.4282205 0.9447912 0.4282205 0.9447912 0.4265913 0.9278905 0.4264322 0.9278905 0.4248856 0.9087364 0.4264322 0.9278905 0.4265913 0.9278905 0.4265913 0.9278905 0.4250602 0.9087364 0.4248856 0.9087364 0.4234385 0.8873289 0.4248856 0.9087364 0.4250602 0.9087364 0.4250602 0.9087364 0.4236275 0.8873289 0.4234385 0.8873289 0.4220911 0.863668 0.4234385 0.8873289 0.4236275 0.8873289 0.4236275 0.8873289 0.4222936 0.863668 0.4220911 0.863668 0.4208436 0.8377537 0.4220911 0.863668 0.4222936 0.863668 0.4222936 0.863668 0.4210585 0.8377537 0.4208436 0.8377537 0.4196962 0.8095859 0.4208436 0.8377537 0.4210585 0.8377537 0.4210585 0.8377537 0.4199225 0.8095859 0.4196962 0.8095859 0.4186488 0.7791647 0.4196962 0.8095859 0.4199225 0.8095859 0.4199225 0.8095859 0.4188855 0.7791647 0.4186488 0.7791647 0.4177016 0.7464901 0.4186488 0.7791647 0.4188855 0.7791647 0.4188855 0.7791647 0.4179476 0.7464901 0.4177016 0.7464901 0.4168544 0.711562 0.4177016 0.7464901 0.4179476 0.7464901 0.4179476 0.7464901 0.4171087 0.711562 0.4168544 0.711562 0.4161071 0.6743807 0.4168544 0.711562 0.4171087 0.711562 0.4171087 0.711562 0.4163688 0.6743807 0.4161071 0.6743807 0.4154597 0.6349458 0.4161071 0.6743807 0.4163688 0.6743807 0.4163688 0.6743807 0.4157277 0.6349458 0.4154597 0.6349458 0.4149121 0.5932574 0.4154597 0.6349458 0.4157277 0.6349458 0.4157277 0.6349458 0.4151855 0.5932574 0.4149121 0.5932574 0.4144642 0.5493157 0.4149121 0.5932574 0.4151855 0.5932574 0.4151855 0.5932574 0.4147421 0.5493157 0.4144642 0.5493157 0.414116 0.5031206 0.4144642 0.5493157 0.4147421 0.5493157 0.4147421 0.5493157 0.4143972 0.5031206 0.414116 0.5031206 0.4138672 0.454672 0.414116 0.5031206 0.4143972 0.5031206 0.4143972 0.5031206 0.4141509 0.454672 0.4138672 0.454672 0.4137181 0.4039701 0.4138672 0.454672 0.4141509 0.454672 0.4141509 0.454672 0.4140031 0.4039701 0.4137181 0.4039701 0.4136683 0.3510146 0.4137181 0.4039701 0.4140031 0.4039701 0.4140031 0.4039701 0.4139539 0.3510146 0.4136683 0.3510146 0.75 0.1625 0.7884615 0.1625 0.7884615 0.1625 0.7884615 0.1625 0.75 0.1625 0.75 0.1625 0.7884615 0.1625 0.826923 0.1625 0.826923 0.1625 0.826923 0.1625 0.7884615 0.1625 0.7884615 0.1625 0.826923 0.1625 0.8653846 0.1625 0.8653846 0.1625 0.8653846 0.1625 0.826923 0.1625 0.826923 0.1625 0.8653846 0.1625 0.9038462 0.1625 0.9038462 0.1625 0.9038462 0.1625 0.8653846 0.1625 0.8653846 0.1625 0.9038462 0.1625 0.9423077 0.1625 0.9423077 0.1625 0.9423077 0.1625 0.9038462 0.1625 0.9038462 0.1625 0.9423077 0.1625 0.9807692 0.1625 0.9807692 0.1625 0.9807692 0.1625 0.9423077 0.1625 0.9423077 0.1625 0.9807692 0.1625 1.019231 0.1625 1.019231 0.1625 1.019231 0.1625 0.9807692 0.1625 0.9807692 0.1625 0.01923072 0.1625 0.05769217 0.1625 0.05769217 0.1625 0.05769217 0.1625 0.01923072 0.1625 0.01923072 0.1625 0.05769217 0.1625 0.09615379 0.1625 0.09615379 0.1625 0.09615379 0.1625 0.05769217 0.1625 0.05769217 0.1625 0.09615379 0.1625 0.1346153 0.1625 0.1346153 0.1625 0.1346153 0.1625 0.09615379 0.1625 0.09615379 0.1625 0.1346153 0.1625 0.1730769 0.1625 0.1730769 0.1625 0.1730769 0.1625 0.1346153 0.1625 0.1346153 0.1625 0.1730769 0.1625 0.2115384 0.1625 0.2115384 0.1625 0.2115384 0.1625 0.1730769 0.1625 0.1730769 0.1625 0.2115384 0.1625 0.25 0.1625 0.25 0.1625 0.25 0.1625 0.2115384 0.1625 0.2115384 0.1625 0.25 0.1625 0.2884616 0.1625 0.2884616 0.1625 0.2884616 0.1625 0.25 0.1625 0.25 0.1625 0.2884616 0.1625 0.3269231 0.1625 0.3269231 0.1625 0.3269231 0.1625 0.2884616 0.1625 0.2884616 0.1625 0.3269231 0.1625 0.3653847 0.1625 0.3653847 0.1625 0.3653847 0.1625 0.3269231 0.1625 0.3269231 0.1625 0.3653847 0.1625 0.4038462 0.1625 0.4038462 0.1625 0.4038462 0.1625 0.3653847 0.1625 0.3653847 0.1625 0.4038462 0.1625 0.4423078 0.1625 0.4423078 0.1625 0.4423078 0.1625 0.4038462 0.1625 0.4038462 0.1625 0.4423078 0.1625 0.4807693 0.1625 0.4807693 0.1625 0.4807693 0.1625 0.4423078 0.1625 0.4423078 0.1625 0.4807693 0.1625 0.5192309 0.1625 0.5192309 0.1625 0.5192309 0.1625 0.4807693 0.1625 0.4807693 0.1625 0.5192309 0.1625 0.5576925 0.1625 0.5576925 0.1625 0.5576925 0.1625 0.5192309 0.1625 0.5192309 0.1625 0.5576925 0.1625 0.596154 0.1625 0.596154 0.1625 0.596154 0.1625 0.5576925 0.1625 0.5576925 0.1625 0.596154 0.1625 0.6346156 0.1625 0.6346156 0.1625 0.6346156 0.1625 0.596154 0.1625 0.596154 0.1625 0.6346156 0.1625 0.6730771 0.1625 0.6730771 0.1625 0.6730771 0.1625 0.6346156 0.1625 0.6346156 0.1625 0.6730771 0.1625 0.7115387 0.1625 0.7115387 0.1625 0.7115387 0.1625 0.6730771 0.1625 0.6730771 0.1625 0.7115387 0.1625 0.75 0.1625 0.75 0.1625 0.75 0.1625 0.7115387 0.1625 0.7115387 0.1625 0.7884615 0.1999999 0.75 0.1999999 0.75 0.1999999 0.75 0.1999999 0.7884615 0.1999999 0.7884615 0.1999999 0.75 0.1999999 0.7115387 0.1999999 0.7115387 0.1999999 0.7115387 0.1999999 0.75 0.1999999 0.75 0.1999999 0.7115387 0.1999999 0.6730771 0.1999999 0.6730771 0.1999999 0.6730771 0.1999999 0.7115387 0.1999999 0.7115387 0.1999999 0.6730771 0.1999999 0.6346156 0.1999999 0.6346156 0.1999999 0.6346156 0.1999999 0.6730771 0.1999999 0.6730771 0.1999999 0.6346156 0.1999999 0.596154 0.1999999 0.596154 0.1999999 0.596154 0.1999999 0.6346156 0.1999999 0.6346156 0.1999999 0.596154 0.1999999 0.5576925 0.1999999 0.5576925 0.1999999 0.5576925 0.1999999 0.596154 0.1999999 0.596154 0.1999999 0.5576925 0.1999999 0.5192309 0.1999999 0.5192309 0.1999999 0.5192309 0.1999999 0.5576925 0.1999999 0.5576925 0.1999999 0.5192309 0.1999999 0.4807693 0.1999999 0.4807693 0.1999999 0.4807693 0.1999999 0.5192309 0.1999999 0.5192309 0.1999999 0.4807693 0.1999999 0.4423078 0.1999999 0.4423078 0.1999999 0.4423078 0.1999999 0.4807693 0.1999999 0.4807693 0.1999999 0.4423078 0.1999999 0.4038462 0.1999999 0.4038462 0.1999999 0.4038462 0.1999999 0.4423078 0.1999999 0.4423078 0.1999999 0.4038462 0.1999999 0.3653847 0.1999999 0.3653847 0.1999999 0.3653847 0.1999999 0.4038462 0.1999999 0.4038462 0.1999999 0.3653847 0.1999999 0.3269231 0.1999999 0.3269231 0.1999999 0.3269231 0.1999999 0.3653847 0.1999999 0.3653847 0.1999999 0.3269231 0.1999999 0.2884616 0.1999999 0.2884616 0.1999999 0.2884616 0.1999999 0.3269231 0.1999999 0.3269231 0.1999999 0.2884616 0.1999999 0.25 0.1999999 0.25 0.1999999 0.25 0.1999999 0.2884616 0.1999999 0.2884616 0.1999999 0.25 0.1999999 0.2115384 0.1999999 0.2115384 0.1999999 0.2115384 0.1999999 0.25 0.1999999 0.25 0.1999999 0.2115384 0.1999999 0.1730769 0.1999999 0.1730769 0.1999999 0.1730769 0.1999999 0.2115384 0.1999999 0.2115384 0.1999999 0.1730769 0.1999999 0.1346153 0.1999999 0.1346153 0.1999999 0.1346153 0.1999999 0.1730769 0.1999999 0.1730769 0.1999999 0.1346153 0.1999999 0.09615379 0.1999999 0.09615379 0.1999999 0.09615379 0.1999999 0.1346153 0.1999999 0.1346153 0.1999999 0.09615379 0.1999999 0.05769217 0.1999999 0.05769217 0.1999999 0.05769217 0.1999999 0.09615379 0.1999999 0.09615379 0.1999999 0.05769217 0.1999999 0.01923072 0.1999999 0.01923072 0.1999999 0.01923072 0.1999999 0.05769217 0.1999999 0.05769217 0.1999999 0.01923072 0.1999999 -0.01923084 0.1999999 -0.01923084 0.1999999 -0.01923084 0.1999999 0.01923072 0.1999999 0.01923072 0.1999999 0.9807692 0.1999999 0.9423077 0.1999999 0.9423077 0.1999999 0.9423077 0.1999999 0.9807692 0.1999999 0.9807692 0.1999999 0.9423077 0.1999999 0.9038462 0.1999999 0.9038462 0.1999999 0.9038462 0.1999999 0.9423077 0.1999999 0.9423077 0.1999999 0.9038462 0.1999999 0.8653846 0.1999999 0.8653846 0.1999999 0.8653846 0.1999999 0.9038462 0.1999999 0.9038462 0.1999999 0.8653846 0.1999999 0.826923 0.1999999 0.826923 0.1999999 0.826923 0.1999999 0.8653846 0.1999999 0.8653846 0.1999999 0.826923 0.1999999 0.7884615 0.1999999 0.7884615 0.1999999 0.7884615 0.1999999 0.826923 0.1999999 0.826923 0.1999999 0.75 0.125 0.7884615 0.125 0.7884615 0.1625 0.7884615 0.1625 0.75 0.1625 0.75 0.125 0.7884615 0.125 0.826923 0.125 0.826923 0.1625 0.826923 0.1625 0.7884615 0.1625 0.7884615 0.125 0.826923 0.125 0.8653846 0.125 0.8653846 0.1625 0.8653846 0.1625 0.826923 0.1625 0.826923 0.125 0.8653846 0.125 0.9038462 0.125 0.9038462 0.1625 0.9038462 0.1625 0.8653846 0.1625 0.8653846 0.125 0.9038462 0.125 0.9423077 0.125 0.9423077 0.1625 0.9423077 0.1625 0.9038462 0.1625 0.9038462 0.125 0.9423077 0.125 0.9807692 0.125 0.9807692 0.1625 0.9807692 0.1625 0.9423077 0.1625 0.9423077 0.125 0.9807692 0.125 1.019231 0.125 1.019231 0.1625 1.019231 0.1625 0.9807692 0.1625 0.9807692 0.125 0.01923072 0.125 0.05769217 0.125 0.05769217 0.1625 0.05769217 0.1625 0.01923072 0.1625 0.01923072 0.125 0.05769217 0.125 0.09615379 0.125 0.09615379 0.1625 0.09615379 0.1625 0.05769217 0.1625 0.05769217 0.125 0.09615379 0.125 0.1346153 0.125 0.1346153 0.1625 0.1346153 0.1625 0.09615379 0.1625 0.09615379 0.125 0.1346153 0.125 0.1730769 0.125 0.1730769 0.1625 0.1730769 0.1625 0.1346153 0.1625 0.1346153 0.125 0.1730769 0.125 0.2115384 0.125 0.2115384 0.1625 0.2115384 0.1625 0.1730769 0.1625 0.1730769 0.125 0.2115384 0.125 0.25 0.125 0.25 0.1625 0.25 0.1625 0.2115384 0.1625 0.2115384 0.125 0.25 0.125 0.2884616 0.125 0.2884616 0.1625 0.2884616 0.1625 0.25 0.1625 0.25 0.125 0.2884616 0.125 0.3269231 0.125 0.3269231 0.1625 0.3269231 0.1625 0.2884616 0.1625 0.2884616 0.125 0.3269231 0.125 0.3653847 0.125 0.3653847 0.1625 0.3653847 0.1625 0.3269231 0.1625 0.3269231 0.125 0.3653847 0.125 0.4038462 0.125 0.4038462 0.1625 0.4038462 0.1625 0.3653847 0.1625 0.3653847 0.125 0.4038462 0.125 0.4423078 0.125 0.4423078 0.1625 0.4423078 0.1625 0.4038462 0.1625 0.4038462 0.125 0.4423078 0.125 0.4807693 0.125 0.4807693 0.1625 0.4807693 0.1625 0.4423078 0.1625 0.4423078 0.125 0.4807693 0.125 0.5192309 0.125 0.5192309 0.1625 0.5192309 0.1625 0.4807693 0.1625 0.4807693 0.125 0.5192309 0.125 0.5576925 0.125 0.5576925 0.1625 0.5576925 0.1625 0.5192309 0.1625 0.5192309 0.125 0.5576925 0.125 0.596154 0.125 0.596154 0.1625 0.596154 0.1625 0.5576925 0.1625 0.5576925 0.125 0.596154 0.125 0.6346156 0.125 0.6346156 0.1625 0.6346156 0.1625 0.596154 0.1625 0.596154 0.125 0.6346156 0.125 0.6730771 0.125 0.6730771 0.1625 0.6730771 0.1625 0.6346156 0.1625 0.6346156 0.125 0.6730771 0.125 0.7115387 0.125 0.7115387 0.1625 0.7115387 0.1625 0.6730771 0.1625 0.6730771 0.125 0.7115387 0.125 0.75 0.125 0.75 0.1625 0.75 0.1625 0.7115387 0.1625 0.7115387 0.125 0.75 0.1625 0.7884615 0.1625 0.7884615 0.1999999 0.7884615 0.1999999 0.75 0.1999999 0.75 0.1625 0.7884615 0.1625 0.826923 0.1625 0.826923 0.1999999 0.826923 0.1999999 0.7884615 0.1999999 0.7884615 0.1625 0.826923 0.1625 0.8653846 0.1625 0.8653846 0.1999999 0.8653846 0.1999999 0.826923 0.1999999 0.826923 0.1625 0.8653846 0.1625 0.9038462 0.1625 0.9038462 0.1999999 0.9038462 0.1999999 0.8653846 0.1999999 0.8653846 0.1625 0.9038462 0.1625 0.9423077 0.1625 0.9423077 0.1999999 0.9423077 0.1999999 0.9038462 0.1999999 0.9038462 0.1625 0.9423077 0.1625 0.9807692 0.1625 0.9807692 0.1999999 0.9807692 0.1999999 0.9423077 0.1999999 0.9423077 0.1625 0.9807692 0.1625 1.019231 0.1625 1.019231 0.1999999 1.019231 0.1999999 0.9807692 0.1999999 0.9807692 0.1625 0.01923072 0.1625 0.05769217 0.1625 0.05769217 0.1999999 0.05769217 0.1999999 0.01923072 0.1999999 0.01923072 0.1625 0.05769217 0.1625 0.09615379 0.1625 0.09615379 0.1999999 0.09615379 0.1999999 0.05769217 0.1999999 0.05769217 0.1625 0.09615379 0.1625 0.1346153 0.1625 0.1346153 0.1999999 0.1346153 0.1999999 0.09615379 0.1999999 0.09615379 0.1625 0.1346153 0.1625 0.1730769 0.1625 0.1730769 0.1999999 0.1730769 0.1999999 0.1346153 0.1999999 0.1346153 0.1625 0.1730769 0.1625 0.2115384 0.1625 0.2115384 0.1999999 0.2115384 0.1999999 0.1730769 0.1999999 0.1730769 0.1625 0.2115384 0.1625 0.25 0.1625 0.25 0.1999999 0.25 0.1999999 0.2115384 0.1999999 0.2115384 0.1625 0.25 0.1625 0.2884616 0.1625 0.2884616 0.1999999 0.2884616 0.1999999 0.25 0.1999999 0.25 0.1625 0.2884616 0.1625 0.3269231 0.1625 0.3269231 0.1999999 0.3269231 0.1999999 0.2884616 0.1999999 0.2884616 0.1625 0.3269231 0.1625 0.3653847 0.1625 0.3653847 0.1999999 0.3653847 0.1999999 0.3269231 0.1999999 0.3269231 0.1625 0.3653847 0.1625 0.4038462 0.1625 0.4038462 0.1999999 0.4038462 0.1999999 0.3653847 0.1999999 0.3653847 0.1625 0.4038462 0.1625 0.4423078 0.1625 0.4423078 0.1999999 0.4423078 0.1999999 0.4038462 0.1999999 0.4038462 0.1625 0.4423078 0.1625 0.4807693 0.1625 0.4807693 0.1999999 0.4807693 0.1999999 0.4423078 0.1999999 0.4423078 0.1625 0.4807693 0.1625 0.5192309 0.1625 0.5192309 0.1999999 0.5192309 0.1999999 0.4807693 0.1999999 0.4807693 0.1625 0.5192309 0.1625 0.5576925 0.1625 0.5576925 0.1999999 0.5576925 0.1999999 0.5192309 0.1999999 0.5192309 0.1625 0.5576925 0.1625 0.596154 0.1625 0.596154 0.1999999 0.596154 0.1999999 0.5576925 0.1999999 0.5576925 0.1625 0.596154 0.1625 0.6346156 0.1625 0.6346156 0.1999999 0.6346156 0.1999999 0.596154 0.1999999 0.596154 0.1625 0.6346156 0.1625 0.6730771 0.1625 0.6730771 0.1999999 0.6730771 0.1999999 0.6346156 0.1999999 0.6346156 0.1625 0.6730771 0.1625 0.7115387 0.1625 0.7115387 0.1999999 0.7115387 0.1999999 0.6730771 0.1999999 0.6730771 0.1625 0.7115387 0.1625 0.75 0.1625 0.75 0.1999999 0.75 0.1999999 0.7115387 0.1999999 0.7115387 0.1625 0.1020834 0.125 0.09981888 0.125 0.09981888 0 0.09981888 0 0.1020834 0 0.1020834 0.125 0.8979166 0 0.9001811 0 0.9001811 0.125 0.9001811 0.125 0.8979166 0.125 0.8979166 0 0.6020836 0.125 0.5998191 0.125 0.5998191 0 0.5998191 0 0.6020836 0 0.6020836 0.125 0.3979166 0 0.4001811 0 0.4001811 0.125 0.4001811 0.125 0.3979166 0.125 0.3979166 0 0.1042804 0.125 0.1020834 0.125 0.1020834 0 0.1020834 0 0.1042804 0 0.1042804 0.125 0.1064141 0.125 0.1042804 0.125 0.1042804 0 0.1042804 0 0.1064141 0 0.1064141 0.125 0.1084893 0.125 0.1064141 0.125 0.1064141 0 0.1064141 0 0.1084893 0 0.1084893 0.125 0.1105099 0.125 0.1084893 0.125 0.1084893 0 0.1084893 0 0.1105099 0 0.1105099 0.125 0.11248 0.125 0.1105099 0.125 0.1105099 0 0.1105099 0 0.11248 0 0.11248 0.125 0.1144036 0.125 0.11248 0.125 0.11248 0 0.11248 0 0.1144036 0 0.1144036 0.125 0.1162847 0.125 0.1144036 0.125 0.1144036 0 0.1144036 0 0.1162847 0 0.1162847 0.125 0.1181272 0.125 0.1162847 0.125 0.1162847 0 0.1162847 0 0.1181272 0 0.1181272 0.125 0.1199349 0.125 0.1181272 0.125 0.1181272 0 0.1181272 0 0.1199349 0 0.1199349 0.125 0.1217117 0.125 0.1199349 0.125 0.1199349 0 0.1199349 0 0.1217117 0 0.1217117 0.125 0.1234616 0.125 0.1217117 0.125 0.1217117 0 0.1217117 0 0.1234616 0 0.1234616 0.125 0.8957196 0 0.8979166 0 0.8979166 0.125 0.8979166 0.125 0.8957196 0.125 0.8957196 0 0.8935858 0 0.8957196 0 0.8957196 0.125 0.8957196 0.125 0.8935858 0.125 0.8935858 0 0.8915106 0 0.8935858 0 0.8935858 0.125 0.8935858 0.125 0.8915106 0.125 0.8915106 0 0.88949 0 0.8915106 0 0.8915106 0.125 0.8915106 0.125 0.88949 0.125 0.88949 0 0.88752 0 0.88949 0 0.88949 0.125 0.88949 0.125 0.88752 0.125 0.88752 0 0.8855963 0 0.88752 0 0.88752 0.125 0.88752 0.125 0.8855963 0.125 0.8855963 0 0.8837153 0 0.8855963 0 0.8855963 0.125 0.8855963 0.125 0.8837153 0.125 0.8837153 0 0.8818728 0 0.8837153 0 0.8837153 0.125 0.8837153 0.125 0.8818728 0.125 0.8818728 0 0.880065 0 0.8818728 0 0.8818728 0.125 0.8818728 0.125 0.880065 0.125 0.880065 0 0.8782882 0 0.880065 0 0.880065 0.125 0.880065 0.125 0.8782882 0.125 0.8782882 0 0.8765384 0 0.8782882 0 0.8782882 0.125 0.8782882 0.125 0.8765384 0.125 0.8765384 0 0.6042805 0.125 0.6020836 0.125 0.6020836 0 0.6020836 0 0.6042805 0 0.6042805 0.125 0.6064144 0.125 0.6042805 0.125 0.6042805 0 0.6042805 0 0.6064144 0 0.6064144 0.125 0.6084895 0.125 0.6064144 0.125 0.6064144 0 0.6064144 0 0.6084895 0 0.6084895 0.125 0.6105101 0.125 0.6084895 0.125 0.6084895 0 0.6084895 0 0.6105101 0 0.6105101 0.125 0.6124802 0.125 0.6105101 0.125 0.6105101 0 0.6105101 0 0.6124802 0 0.6124802 0.125 0.6144039 0.125 0.6124802 0.125 0.6124802 0 0.6124802 0 0.6144039 0 0.6144039 0.125 0.616285 0.125 0.6144039 0.125 0.6144039 0 0.6144039 0 0.616285 0 0.616285 0.125 0.6181274 0.125 0.616285 0.125 0.616285 0 0.616285 0 0.6181274 0 0.6181274 0.125 0.6199351 0.125 0.6181274 0.125 0.6181274 0 0.6181274 0 0.6199351 0 0.6199351 0.125 0.621712 0.125 0.6199351 0.125 0.6199351 0 0.6199351 0 0.621712 0 0.621712 0.125 0.6234618 0.125 0.621712 0.125 0.621712 0 0.621712 0 0.6234618 0 0.6234618 0.125 0.3957197 0 0.3979166 0 0.3979166 0.125 0.3979166 0.125 0.3957197 0.125 0.3957197 0 0.3935858 0 0.3957197 0 0.3957197 0.125 0.3957197 0.125 0.3935858 0.125 0.3935858 0 0.3915107 0 0.3935858 0 0.3935858 0.125 0.3935858 0.125 0.3915107 0.125 0.3915107 0 0.3894901 0 0.3915107 0 0.3915107 0.125 0.3915107 0.125 0.3894901 0.125 0.3894901 0 0.38752 0 0.3894901 0 0.3894901 0.125 0.3894901 0.125 0.38752 0.125 0.38752 0 0.3855964 0 0.38752 0 0.38752 0.125 0.38752 0.125 0.3855964 0.125 0.3855964 0 0.3837153 0 0.3855964 0 0.3855964 0.125 0.3855964 0.125 0.3837153 0.125 0.3837153 0 0.3818728 0 0.3837153 0 0.3837153 0.125 0.3837153 0.125 0.3818728 0.125 0.3818728 0 0.3800651 0 0.3818728 0 0.3818728 0.125 0.3818728 0.125 0.3800651 0.125 0.3800651 0 0.3782883 0 0.3800651 0 0.3800651 0.125 0.3800651 0.125 0.3782883 0.125 0.3782883 0 0.3765385 0 0.3782883 0 0.3782883 0.125 0.3782883 0.125 0.3765385 0.125 0.3765385 0 0.75 1 0.7884616 1 0.7884616 1 0.7884616 1 0.75 1 0.75 1 0.7884616 1 0.8269231 1 0.8269231 1 0.8269231 1 0.7884616 1 0.7884616 1 0.8269231 1 0.8653846 1 0.8653846 1 0.8653846 1 0.8269231 1 0.8269231 1 0.8653846 1 0.9038462 1 0.9038462 1 0.9038462 1 0.8653846 1 0.8653846 1 0.9038462 1 0.9423077 1 0.9423077 1 0.9423077 1 0.9038462 1 0.9038462 1 0.9423077 1 0.9807692 1 0.9807692 1 0.9807692 1 0.9423077 1 0.9423077 1 -0.01923078 1 0.01923078 1 0.01923078 1 0.01923078 1 -0.01923078 1 -0.01923078 1 0.01923078 1 0.05769217 1 0.05769217 1 0.05769217 1 0.01923078 1 0.01923078 1 0.05769217 1 0.09615385 1 0.09615385 1 0.09615385 1 0.05769217 1 0.05769217 1 0.09615385 1 0.1346154 1 0.1346154 1 0.1346154 1 0.09615385 1 0.09615385 1 0.1346154 1 0.1730769 1 0.1730769 1 0.1730769 1 0.1346154 1 0.1346154 1 0.1730769 1 0.2115384 1 0.2115384 1 0.2115384 1 0.1730769 1 0.1730769 1 0.2115384 1 0.2500001 1 0.2500001 1 0.2500001 1 0.2115384 1 0.2115384 1 0.2500001 1 0.2884616 1 0.2884616 1 0.2884616 1 0.2500001 1 0.2500001 1 0.2884616 1 0.3269232 1 0.3269231 1 0.3269231 1 0.2884616 1 0.2884616 1 0.3269232 1 0.3653847 1 0.3653847 1 0.3653847 1 0.3269231 1 0.3269232 1 0.3653847 1 0.4038463 1 0.4038463 1 0.4038463 1 0.3653847 1 0.3653847 1 0.4038463 1 0.4423078 1 0.4423078 1 0.4423078 1 0.4038463 1 0.4038463 1 0.4423078 1 0.4807694 1 0.4807694 1 0.4807694 1 0.4423078 1 0.4423078 1 0.4807694 1 0.519231 1 0.519231 1 0.519231 1 0.4807694 1 0.4807694 1 0.519231 1 0.5576925 1 0.5576925 1 0.5576925 1 0.519231 1 0.519231 1 0.5576925 1 0.596154 1 0.596154 1 0.596154 1 0.5576925 1 0.5576925 1 0.596154 1 0.6346156 1 0.6346156 1 0.6346156 1 0.596154 1 0.596154 1 0.6346156 1 0.6730772 1 0.6730771 1 0.6730771 1 0.6346156 1 0.6346156 1 0.6730772 1 0.7115387 1 0.7115387 1 0.7115387 1 0.6730771 1 0.6730772 1 0.7115387 1 0.75 1 0.75 1 0.75 1 0.7115387 1 0.7115387 1 0.75 1 0.7884616 1 0.7884616 1 0.7884616 1 0.75 1 0.75 1 0.7884616 1 0.8269231 1 0.8269231 1 0.8269231 1 0.7884616 1 0.7884616 1 0.8269231 1 0.8653846 1 0.8653846 1 0.8653846 1 0.8269231 1 0.8269231 1 0.8653846 1 0.9038462 1 0.9038462 1 0.9038462 1 0.8653846 1 0.8653846 1 0.9038462 1 0.9423077 1 0.9423077 1 0.9423077 1 0.9038462 1 0.9038462 1 0.9423077 1 0.9807692 1 0.9807692 1 0.9807692 1 0.9423077 1 0.9423077 1 -0.01923078 1 0.01923078 1 0.01923078 1 0.01923078 1 -0.01923078 1 -0.01923078 1 0.01923078 1 0.05769217 1 0.05769217 1 0.05769217 1 0.01923078 1 0.01923078 1 0.05769217 1 0.09615385 1 0.09615385 1 0.09615385 1 0.05769217 1 0.05769217 1 0.09615385 1 0.1346154 1 0.1346154 1 0.1346154 1 0.09615385 1 0.09615385 1 0.1346154 1 0.1730769 1 0.1730769 1 0.1730769 1 0.1346154 1 0.1346154 1 0.1730769 1 0.2115384 1 0.2115384 1 0.2115384 1 0.1730769 1 0.1730769 1 0.2115384 1 0.2500001 1 0.2500001 1 0.2500001 1 0.2115384 1 0.2115384 1 0.2500001 1 0.2884616 1 0.2884616 1 0.2884616 1 0.2500001 1 0.2500001 1 0.2884616 1 0.3269231 1 0.3269231 1 0.3269231 1 0.2884616 1 0.2884616 1 0.3269231 1 0.3653847 1 0.3653847 1 0.3653847 1 0.3269231 1 0.3269231 1 0.3653847 1 0.4038463 1 0.4038463 1 0.4038463 1 0.3653847 1 0.3653847 1 0.4038463 1 0.4423078 1 0.4423078 1 0.4423078 1 0.4038463 1 0.4038463 1 0.4423078 1 0.4807694 1 0.4807694 1 0.4807694 1 0.4423078 1 0.4423078 1 0.4807694 1 0.519231 1 0.519231 1 0.519231 1 0.4807694 1 0.4807694 1 0.519231 1 0.5576925 1 0.5576925 1 0.5576925 1 0.519231 1 0.519231 1 0.5576925 1 0.596154 1 0.596154 1 0.596154 1 0.5576925 1 0.5576925 1 0.596154 1 0.6346156 1 0.6346156 1 0.6346156 1 0.596154 1 0.596154 1 0.6346156 1 0.6730771 1 0.6730771 1 0.6730771 1 0.6346156 1 0.6346156 1 0.6730771 1 0.7115387 1 0.7115387 1 0.7115387 1 0.6730771 1 0.6730771 1 0.7115387 1 0.75 1 0.75 1 0.75 1 0.7115387 1 0.7115387 1 0.75 1 0.7884616 1 0.7884616 1 0.7884616 1 0.75 1 0.75 1 0.7884616 1 0.8269231 1 0.8269231 1 0.8269231 1 0.7884616 1 0.7884616 1 0.8269231 1 0.8653846 1 0.8653846 1 0.8653846 1 0.8269231 1 0.8269231 1 0.8653846 1 0.9038462 1 0.9038462 1 0.9038462 1 0.8653846 1 0.8653846 1 0.9038462 1 0.9423077 1 0.9423077 1 0.9423077 1 0.9038462 1 0.9038462 1 0.9423077 1 0.9807692 1 0.9807692 1 0.9807692 1 0.9423077 1 0.9423077 1 -0.01923078 1 0.01923078 1 0.01923078 1 0.01923078 1 -0.01923078 1 -0.01923078 1 0.01923078 1 0.05769217 1 0.05769217 1 0.05769217 1 0.01923078 1 0.01923078 1 0.05769217 1 0.09615385 1 0.09615385 1 0.09615385 1 0.05769217 1 0.05769217 1 0.09615385 1 0.1346154 1 0.1346154 1 0.1346154 1 0.09615385 1 0.09615385 1 0.1346154 1 0.1730769 1 0.1730769 1 0.1730769 1 0.1346154 1 0.1346154 1 0.1730769 1 0.2115384 1 0.2115384 1 0.2115384 1 0.1730769 1 0.1730769 1 0.2115384 1 0.2500001 1 0.2500001 1 0.2500001 1 0.2115384 1 0.2115384 1 0.2500001 1 0.2884616 1 0.2884616 1 0.2884616 1 0.2500001 1 0.2500001 1 0.2884616 1 0.3269231 1 0.3269231 1 0.3269231 1 0.2884616 1 0.2884616 1 0.3269231 1 0.3653847 1 0.3653847 1 0.3653847 1 0.3269231 1 0.3269231 1 0.3653847 1 0.4038463 1 0.4038463 1 0.4038463 1 0.3653847 1 0.3653847 1 0.4038463 1 0.4423078 1 0.4423078 1 0.4423078 1 0.4038463 1 0.4038463 1 0.4423078 1 0.4807694 1 0.4807694 1 0.4807694 1 0.4423078 1 0.4423078 1 0.4807694 1 0.519231 1 0.519231 1 0.519231 1 0.4807694 1 0.4807694 1 0.519231 1 0.5576925 1 0.5576925 1 0.5576925 1 0.519231 1 0.519231 1 0.5576925 1 0.596154 1 0.596154 1 0.596154 1 0.5576925 1 0.5576925 1 0.596154 1 0.6346156 1 0.6346156 1 0.6346156 1 0.596154 1 0.596154 1 0.6346156 1 0.6730771 1 0.6730771 1 0.6730771 1 0.6346156 1 0.6346156 1 0.6730771 1 0.7115387 1 0.7115387 1 0.7115387 1 0.6730771 1 0.6730771 1 0.7115387 1 0.75 1 0.75 1 0.75 1 0.7115387 1 0.7115387 1 0.75 1 0.7884616 1 0.7884616 1 0.7884616 1 0.75 1 0.75 1 0.7884616 1 0.8269231 1 0.8269231 1 0.8269231 1 0.7884616 1 0.7884616 1 0.8269231 1 0.8653846 1 0.8653846 1 0.8653846 1 0.8269231 1 0.8269231 1 0.8653846 1 0.9038462 1 0.9038462 1 0.9038462 1 0.8653846 1 0.8653846 1 0.9038462 1 0.9423077 1 0.9423077 1 0.9423077 1 0.9038462 1 0.9038462 1 0.9423077 1 0.9807692 1 0.9807692 1 0.9807692 1 0.9423077 1 0.9423077 1 -0.01923078 1 0.01923078 1 0.01923078 1 0.01923078 1 -0.01923078 1 -0.01923078 1 0.01923078 1 0.05769217 1 0.05769217 1 0.05769217 1 0.01923078 1 0.01923078 1 0.05769217 1 0.09615385 1 0.09615385 1 0.09615385 1 0.05769217 1 0.05769217 1 0.09615385 1 0.1346154 1 0.1346154 1 0.1346154 1 0.09615385 1 0.09615385 1 0.1346154 1 0.1730769 1 0.1730769 1 0.1730769 1 0.1346154 1 0.1346154 1 0.1730769 1 0.2115384 1 0.2115384 1 0.2115384 1 0.1730769 1 0.1730769 1 0.2115384 1 0.2500001 1 0.2500001 1 0.2500001 1 0.2115384 1 0.2115384 1 0.2500001 1 0.2884616 1 0.2884616 1 0.2884616 1 0.2500001 1 0.2500001 1 0.2884616 1 0.3269231 1 0.3269232 1 0.3269232 1 0.2884616 1 0.2884616 1 0.3269231 1 0.3653847 1 0.3653847 1 0.3653847 1 0.3269232 1 0.3269231 1 0.3653847 1 0.4038463 1 0.4038463 1 0.4038463 1 0.3653847 1 0.3653847 1 0.4038463 1 0.4423078 1 0.4423078 1 0.4423078 1 0.4038463 1 0.4038463 1 0.4423078 1 0.4807694 1 0.4807694 1 0.4807694 1 0.4423078 1 0.4423078 1 0.4807694 1 0.519231 1 0.519231 1 0.519231 1 0.4807694 1 0.4807694 1 0.519231 1 0.5576925 1 0.5576925 1 0.5576925 1 0.519231 1 0.519231 1 0.5576925 1 0.596154 1 0.596154 1 0.596154 1 0.5576925 1 0.5576925 1 0.596154 1 0.6346156 1 0.6346156 1 0.6346156 1 0.596154 1 0.596154 1 0.6346156 1 0.6730771 1 0.6730771 1 0.6730771 1 0.6346156 1 0.6346156 1 0.6730771 1 0.7115387 1 0.7115387 1 0.7115387 1 0.6730771 1 0.6730771 1 0.7115387 1 0.75 1 0.75 1 0.75 1 0.7115387 1 0.7115387 1 0.5 1 0.75 1 0.7884616 1 0.5 1 0.7884616 1 0.8269231 1 0.5 1 0.8269231 1 0.8653846 1 0.5 1 0.8653846 1 0.9038462 1 0.5 1 0.9038462 1 0.9423077 1 0.5 1 0.9423077 1 0.9807692 1 0.5 1 -0.01923078 1 0.01923078 1 0.5 1 0.01923078 1 0.05769217 1 0.5 1 0.05769217 1 0.09615385 1 0.5 1 0.09615385 1 0.1346154 1 0.5 1 0.1346154 1 0.1730769 1 0.5 1 0.1730769 1 0.2115384 1 0.5 1 0.2115384 1 0.2500001 1 0.5 1 0.2500001 1 0.2884616 1 0.5 1 0.2884616 1 0.3269232 1 0.5 1 0.3269232 1 0.3653847 1 0.5 1 0.3653847 1 0.4038463 1 0.5 1 0.4038463 1 0.4423078 1 0.5 1 0.4423078 1 0.4807694 1 0.5 1 0.4807694 1 0.519231 1 0.5 1 0.519231 1 0.5576925 1 0.5 1 0.5576925 1 0.596154 1 0.5 1 0.596154 1 0.6346156 1 0.5 1 0.6346156 1 0.6730771 1 0.5 1 0.6730771 1 0.7115387 1 0.5 1 0.7115387 1 0.75 1</float_array>
          <technique_common>
            <accessor source="#Örüntü_015-mesh-map-0-array" count="4464" stride="2">
              <param name="S" type="float"/>
              <param name="T" type="float"/>
            </accessor>
          </technique_common>
        </source>
        <vertices id="Örüntü_015-mesh-vertices">
          <input semantic="POSITION" source="#Örüntü_015-mesh-positions"/>
        </vertices>
        <triangles material="black-light-body_001-material" count="1254">
          <input semantic="VERTEX" source="#Örüntü_015-mesh-vertices" offset="0"/>
          <input semantic="NORMAL" source="#Örüntü_015-mesh-normals" offset="1"/>
          <input semantic="TEXCOORD" source="#Örüntü_015-mesh-map-0" offset="2" set="0"/>
          <p>0 0 0 12 0 1 11 0 2 0 0 3 2 0 4 1 0 5 0 0 6 3 0 7 2 0 8 0 0 9 4 0 10 3 0 11 0 0 12 5 0 13 4 0 14 0 0 15 6 0 16 5 0 17 0 0 18 7 0 19 6 0 20 0 0 21 8 0 22 7 0 23 0 0 24 9 0 25 8 0 26 0 0 27 10 0 28 9 0 29 0 0 30 11 0 31 10 0 32 0 0 33 13 0 34 12 0 35 0 0 36 14 0 37 13 0 38 0 0 39 15 0 40 14 0 41 0 0 42 16 0 43 15 0 44 0 0 45 17 0 46 16 0 47 0 0 48 18 0 49 17 0 50 0 0 51 19 0 52 18 0 53 0 0 54 20 0 55 19 0 56 0 0 57 21 0 58 20 0 59 0 0 60 22 0 61 21 0 62 0 0 63 23 0 64 22 0 65 0 0 66 24 0 67 23 0 68 0 0 69 25 0 70 24 0 71 0 0 72 26 0 73 25 0 74 0 0 75 1 0 76 26 0 77 1 0 78 2 0 79 28 0 80 28 0 81 27 0 82 1 0 83 2 0 84 3 0 85 29 0 86 29 0 87 28 0 88 2 0 89 3 0 90 4 0 91 30 0 92 30 0 93 29 0 94 3 0 95 4 0 96 5 0 97 31 0 98 31 0 99 30 0 100 4 0 101 5 0 102 6 0 103 32 0 104 32 0 105 31 0 106 5 0 107 6 0 108 7 0 109 33 0 110 33 0 111 32 0 112 6 0 113 7 0 114 8 0 115 34 0 116 34 0 117 33 0 118 7 0 119 8 0 120 9 0 121 35 0 122 35 0 123 34 0 124 8 0 125 9 0 126 10 0 127 36 0 128 36 0 129 35 0 130 9 0 131 10 0 132 11 0 133 37 0 134 37 0 135 36 0 136 10 0 137 11 0 138 12 0 139 38 0 140 38 0 141 37 0 142 11 0 143 12 0 144 13 0 145 39 0 146 39 0 147 38 0 148 12 0 149 13 0 150 14 0 151 40 0 152 40 0 153 39 0 154 13 0 155 14 0 156 15 0 157 41 0 158 41 0 159 40 0 160 14 0 161 15 0 162 16 0 163 42 0 164 42 0 165 41 0 166 15 0 167 16 0 168 17 0 169 43 0 170 43 0 171 42 0 172 16 0 173 17 0 174 18 0 175 44 0 176 44 0 177 43 0 178 17 0 179 18 0 180 19 0 181 45 0 182 45 0 183 44 0 184 18 0 185 19 0 186 20 0 187 46 0 188 46 0 189 45 0 190 19 0 191 20 0 192 21 0 193 47 0 194 47 0 195 46 0 196 20 0 197 21 0 198 22 0 199 48 0 200 48 0 201 47 0 202 21 0 203 22 0 204 23 0 205 49 0 206 49 0 207 48 0 208 22 0 209 23 0 210 24 0 211 50 0 212 50 0 213 49 0 214 23 0 215 24 0 216 25 0 217 51 0 218 51 0 219 50 0 220 24 0 221 25 0 222 26 0 223 52 0 224 52 0 225 51 0 226 25 0 227 26 0 228 1 0 229 27 0 230 27 0 231 52 0 232 26 0 233 27 0 234 28 0 235 54 0 236 54 0 237 53 0 238 27 0 239 28 0 240 29 0 241 55 0 242 55 0 243 54 0 244 28 0 245 29 0 246 30 0 247 56 0 248 56 0 249 55 0 250 29 0 251 30 0 252 31 0 253 57 0 254 57 0 255 56 0 256 30 0 257 31 0 258 32 0 259 58 0 260 58 0 261 57 0 262 31 0 263 32 0 264 33 0 265 59 0 266 59 0 267 58 0 268 32 0 269 33 0 270 34 0 271 60 0 272 60 0 273 59 0 274 33 0 275 34 0 276 35 0 277 61 0 278 61 0 279 60 0 280 34 0 281 35 0 282 36 0 283 62 0 284 62 0 285 61 0 286 35 0 287 36 0 288 37 0 289 63 0 290 63 0 291 62 0 292 36 0 293 37 0 294 38 0 295 64 0 296 64 0 297 63 0 298 37 0 299 38 0 300 39 0 301 65 0 302 65 0 303 64 0 304 38 0 305 39 0 306 40 0 307 66 0 308 66 0 309 65 0 310 39 0 311 40 0 312 41 0 313 67 0 314 67 0 315 66 0 316 40 0 317 41 0 318 42 0 319 68 0 320 68 0 321 67 0 322 41 0 323 42 0 324 43 0 325 69 0 326 69 0 327 68 0 328 42 0 329 43 0 330 44 0 331 70 0 332 70 0 333 69 0 334 43 0 335 44 0 336 45 0 337 71 0 338 71 0 339 70 0 340 44 0 341 45 0 342 46 0 343 72 0 344 72 0 345 71 0 346 45 0 347 46 0 348 47 0 349 73 0 350 73 0 351 72 0 352 46 0 353 47 0 354 48 0 355 74 0 356 74 0 357 73 0 358 47 0 359 48 0 360 49 0 361 75 0 362 75 0 363 74 0 364 48 0 365 49 0 366 50 0 367 76 0 368 76 0 369 75 0 370 49 0 371 50 0 372 51 0 373 77 0 374 77 0 375 76 0 376 50 0 377 51 0 378 52 0 379 78 0 380 78 0 381 77 0 382 51 0 383 52 0 384 27 0 385 53 0 386 53 0 387 78 0 388 52 0 389 53 0 390 54 0 391 80 0 392 80 0 393 79 0 394 53 0 395 54 0 396 55 0 397 81 0 398 81 0 399 80 0 400 54 0 401 55 0 402 56 0 403 82 0 404 82 0 405 81 0 406 55 0 407 56 0 408 57 0 409 83 0 410 83 0 411 82 0 412 56 0 413 57 0 414 58 0 415 84 0 416 84 0 417 83 0 418 57 0 419 58 0 420 59 0 421 85 0 422 85 0 423 84 0 424 58 0 425 59 0 426 60 0 427 86 0 428 86 0 429 85 0 430 59 0 431 60 0 432 61 0 433 87 0 434 87 0 435 86 0 436 60 0 437 61 0 438 62 0 439 88 0 440 88 0 441 87 0 442 61 0 443 62 0 444 63 0 445 89 0 446 89 0 447 88 0 448 62 0 449 63 0 450 64 0 451 90 0 452 90 0 453 89 0 454 63 0 455 64 0 456 65 0 457 91 0 458 91 0 459 90 0 460 64 0 461 65 0 462 66 0 463 92 0 464 92 0 465 91 0 466 65 0 467 66 0 468 67 0 469 93 0 470 93 0 471 92 0 472 66 0 473 67 0 474 68 0 475 94 0 476 94 0 477 93 0 478 67 0 479 68 0 480 69 0 481 95 0 482 95 0 483 94 0 484 68 0 485 69 0 486 70 0 487 96 0 488 96 0 489 95 0 490 69 0 491 70 0 492 71 0 493 97 0 494 97 0 495 96 0 496 70 0 497 71 0 498 72 0 499 98 0 500 98 0 501 97 0 502 71 0 503 72 0 504 73 0 505 99 0 506 99 0 507 98 0 508 72 0 509 73 0 510 74 0 511 100 0 512 100 0 513 99 0 514 73 0 515 74 0 516 75 0 517 101 0 518 101 0 519 100 0 520 74 0 521 75 0 522 76 0 523 102 0 524 102 0 525 101 0 526 75 0 527 76 0 528 77 0 529 103 0 530 103 0 531 102 0 532 76 0 533 77 0 534 78 0 535 104 0 536 104 0 537 103 0 538 77 0 539 78 0 540 53 0 541 79 0 542 79 0 543 104 0 544 78 0 545 79 0 546 80 0 547 106 0 548 106 0 549 105 0 550 79 0 551 80 0 552 81 0 553 107 0 554 107 0 555 106 0 556 80 0 557 81 0 558 82 0 559 108 0 560 108 0 561 107 0 562 81 0 563 82 0 564 83 0 565 109 0 566 109 0 567 108 0 568 82 0 569 83 0 570 84 0 571 110 0 572 110 0 573 109 0 574 83 0 575 84 0 576 85 0 577 111 0 578 111 0 579 110 0 580 84 0 581 85 0 582 86 0 583 112 0 584 112 0 585 111 0 586 85 0 587 86 0 588 87 0 589 113 0 590 113 0 591 112 0 592 86 0 593 87 0 594 88 0 595 114 0 596 114 0 597 113 0 598 87 0 599 88 0 600 89 0 601 115 0 602 115 0 603 114 0 604 88 0 605 89 0 606 90 0 607 116 0 608 116 0 609 115 0 610 89 0 611 90 0 612 91 0 613 117 0 614 117 0 615 116 0 616 90 0 617 91 0 618 92 0 619 118 0 620 118 0 621 117 0 622 91 0 623 92 0 624 93 0 625 119 0 626 119 0 627 118 0 628 92 0 629 93 0 630 94 0 631 120 0 632 120 0 633 119 0 634 93 0 635 94 0 636 95 0 637 121 0 638 121 0 639 120 0 640 94 0 641 95 0 642 96 0 643 122 0 644 122 0 645 121 0 646 95 0 647 96 0 648 97 0 649 123 0 650 123 0 651 122 0 652 96 0 653 97 0 654 98 0 655 124 0 656 124 0 657 123 0 658 97 0 659 98 0 660 99 0 661 125 0 662 125 0 663 124 0 664 98 0 665 99 0 666 100 0 667 126 0 668 126 0 669 125 0 670 99 0 671 100 0 672 101 0 673 127 0 674 127 0 675 126 0 676 100 0 677 101 0 678 102 0 679 128 0 680 128 0 681 127 0 682 101 0 683 102 0 684 103 0 685 129 0 686 129 0 687 128 0 688 102 0 689 103 0 690 104 0 691 130 0 692 130 0 693 129 0 694 103 0 695 104 0 696 79 0 697 105 0 698 105 0 699 130 0 700 104 0 701 105 0 702 106 0 703 132 0 704 132 0 705 131 0 706 105 0 707 106 0 708 107 0 709 133 0 710 133 0 711 132 0 712 106 0 713 107 0 714 108 0 715 134 0 716 134 0 717 133 0 718 107 0 719 108 0 720 109 0 721 135 0 722 135 0 723 134 0 724 108 0 725 109 0 726 110 0 727 136 0 728 136 0 729 135 0 730 109 0 731 110 0 732 111 0 733 137 0 734 137 0 735 136 0 736 110 0 737 111 0 738 112 0 739 138 0 740 138 0 741 137 0 742 111 0 743 112 0 744 113 0 745 139 0 746 139 0 747 138 0 748 112 0 749 113 0 750 114 0 751 140 0 752 140 0 753 139 0 754 113 0 755 114 0 756 115 0 757 141 0 758 141 0 759 140 0 760 114 0 761 115 0 762 116 0 763 142 0 764 142 0 765 141 0 766 115 0 767 116 0 768 117 0 769 143 0 770 143 0 771 142 0 772 116 0 773 117 0 774 118 0 775 144 0 776 144 0 777 143 0 778 117 0 779 118 0 780 119 0 781 145 0 782 145 0 783 144 0 784 118 0 785 119 0 786 120 0 787 146 0 788 146 0 789 145 0 790 119 0 791 120 0 792 121 0 793 147 0 794 147 0 795 146 0 796 120 0 797 121 0 798 122 0 799 148 0 800 148 0 801 147 0 802 121 0 803 122 0 804 123 0 805 149 0 806 149 0 807 148 0 808 122 0 809 123 0 810 124 0 811 150 0 812 150 0 813 149 0 814 123 0 815 124 0 816 125 0 817 151 0 818 151 0 819 150 0 820 124 0 821 125 0 822 126 0 823 152 0 824 152 0 825 151 0 826 125 0 827 126 0 828 127 0 829 153 0 830 153 0 831 152 0 832 126 0 833 127 0 834 128 0 835 154 0 836 154 0 837 153 0 838 127 0 839 128 0 840 129 0 841 155 0 842 155 0 843 154 0 844 128 0 845 129 0 846 130 0 847 156 0 848 156 0 849 155 0 850 129 0 851 130 0 852 105 0 853 131 0 854 131 0 855 156 0 856 130 0 857 131 0 858 132 0 859 158 0 860 158 0 861 157 0 862 131 0 863 132 0 864 133 0 865 159 0 866 159 0 867 158 0 868 132 0 869 133 0 870 134 0 871 160 0 872 160 0 873 159 0 874 133 0 875 134 0 876 135 0 877 161 0 878 161 0 879 160 0 880 134 0 881 135 0 882 136 0 883 162 0 884 162 0 885 161 0 886 135 0 887 136 0 888 137 0 889 163 0 890 163 0 891 162 0 892 136 0 893 137 0 894 138 0 895 164 0 896 164 0 897 163 0 898 137 0 899 138 0 900 139 0 901 165 0 902 165 0 903 164 0 904 138 0 905 139 0 906 140 0 907 166 0 908 166 0 909 165 0 910 139 0 911 140 0 912 141 0 913 167 0 914 167 0 915 166 0 916 140 0 917 141 0 918 142 0 919 168 0 920 168 0 921 167 0 922 141 0 923 142 0 924 143 0 925 169 0 926 169 0 927 168 0 928 142 0 929 143 0 930 144 0 931 170 0 932 170 0 933 169 0 934 143 0 935 144 0 936 145 0 937 171 0 938 171 0 939 170 0 940 144 0 941 145 0 942 146 0 943 172 0 944 172 0 945 171 0 946 145 0 947 146 0 948 147 0 949 173 0 950 173 0 951 172 0 952 146 0 953 147 0 954 148 0 955 174 0 956 174 0 957 173 0 958 147 0 959 148 0 960 149 0 961 175 0 962 175 0 963 174 0 964 148 0 965 149 0 966 150 0 967 176 0 968 176 0 969 175 0 970 149 0 971 150 0 972 151 0 973 177 0 974 177 0 975 176 0 976 150 0 977 151 0 978 152 0 979 178 0 980 178 0 981 177 0 982 151 0 983 152 0 984 153 0 985 179 0 986 179 0 987 178 0 988 152 0 989 153 0 990 154 0 991 180 0 992 180 0 993 179 0 994 153 0 995 154 0 996 155 0 997 181 0 998 181 0 999 180 0 1000 154 0 1001 155 0 1002 156 0 1003 182 0 1004 182 0 1005 181 0 1006 155 0 1007 156 0 1008 131 0 1009 157 0 1010 157 0 1011 182 0 1012 156 0 1013 157 1 1014 158 2 1015 184 3 1016 184 3 1017 183 4 1018 157 1 1019 158 2 1020 159 5 1021 185 6 1022 185 6 1023 184 3 1024 158 2 1025 159 5 1026 160 7 1027 186 8 1028 186 8 1029 185 6 1030 159 5 1031 167 9 1032 168 10 1033 194 11 1034 194 11 1035 193 12 1036 167 9 1037 168 10 1038 169 13 1039 195 14 1040 195 14 1041 194 11 1042 168 10 1043 169 13 1044 170 15 1045 196 16 1046 196 16 1047 195 14 1048 169 13 1049 170 15 1050 171 17 1051 197 18 1052 197 18 1053 196 16 1054 170 15 1055 171 17 1056 172 19 1057 198 20 1058 198 20 1059 197 18 1060 171 17 1061 172 19 1062 173 21 1063 199 22 1064 199 22 1065 198 20 1066 172 19 1067 180 23 1068 181 24 1069 207 25 1070 207 25 1071 206 26 1072 180 23 1073 181 24 1074 182 27 1075 208 28 1076 208 28 1077 207 25 1078 181 24 1079 182 27 1080 157 1 1081 183 4 1082 183 4 1083 208 28 1084 182 27 1085 451 29 1086 452 29 1087 469 29 1088 469 30 1089 470 30 1090 451 30 1091 452 29 1092 453 29 1093 468 29 1094 468 29 1095 469 29 1096 452 29 1097 453 29 1098 454 29 1099 467 29 1100 467 29 1101 468 29 1102 453 29 1103 454 29 1104 455 29 1105 466 29 1106 466 29 1107 467 29 1108 454 29 1109 455 29 1110 456 29 1111 465 29 1112 465 29 1113 466 29 1114 455 29 1115 456 29 1116 457 29 1117 464 29 1118 464 29 1119 465 29 1120 456 29 1121 457 29 1122 458 29 1123 463 29 1124 463 29 1125 464 29 1126 457 29 1127 458 29 1128 459 29 1129 462 29 1130 462 29 1131 463 29 1132 458 29 1133 459 31 1134 487 32 1135 488 33 1136 488 33 1137 462 34 1138 459 31 1139 192 29 1140 193 29 1141 219 29 1142 219 29 1143 218 29 1144 192 29 1145 193 29 1146 194 29 1147 220 29 1148 220 29 1149 219 29 1150 193 29 1151 194 29 1152 195 29 1153 221 29 1154 221 29 1155 220 29 1156 194 29 1157 195 35 1158 196 35 1159 222 35 1160 222 29 1161 221 29 1162 195 29 1163 196 29 1164 197 29 1165 223 29 1166 223 36 1167 222 36 1168 196 36 1169 197 29 1170 198 29 1171 224 29 1172 224 29 1173 223 29 1174 197 29 1175 198 29 1176 199 29 1177 225 29 1178 225 29 1179 224 29 1180 198 29 1181 199 29 1182 200 29 1183 226 29 1184 226 29 1185 225 29 1186 199 29 1187 490 37 1188 481 38 1189 478 39 1190 478 39 1191 489 40 1192 490 37 1193 477 29 1194 478 29 1195 481 29 1196 482 29 1197 483 29 1198 474 29 1199 474 29 1200 475 29 1201 482 29 1202 483 29 1203 484 29 1204 473 29 1205 473 29 1206 474 29 1207 483 29 1208 484 29 1209 485 29 1210 472 29 1211 472 29 1212 473 29 1213 484 29 1214 485 29 1215 486 29 1216 471 29 1217 471 29 1218 472 29 1219 485 29 1220 486 41 1221 451 41 1222 470 41 1223 470 29 1224 471 29 1225 486 29 1226 583 42 1227 584 42 1228 609 42 1229 609 43 1230 610 43 1231 583 43 1232 584 44 1233 585 44 1234 634 44 1235 634 45 1236 609 45 1237 584 45 1238 585 46 1239 586 46 1240 633 46 1241 633 47 1242 634 47 1243 585 47 1244 586 48 1245 587 48 1246 632 48 1247 632 29 1248 633 29 1249 586 29 1250 587 49 1251 588 49 1252 631 49 1253 631 50 1254 632 50 1255 587 50 1256 588 51 1257 589 51 1258 630 51 1259 630 29 1260 631 29 1261 588 29 1262 589 29 1263 590 29 1264 629 29 1265 629 29 1266 630 29 1267 589 29 1268 590 29 1269 591 29 1270 628 29 1271 628 52 1272 629 52 1273 590 52 1274 591 53 1275 592 53 1276 627 53 1277 627 54 1278 628 54 1279 591 54 1280 592 55 1281 593 55 1282 626 55 1283 626 56 1284 627 56 1285 592 56 1286 593 57 1287 594 57 1288 625 57 1289 625 58 1290 626 58 1291 593 58 1292 594 59 1293 595 59 1294 624 59 1295 624 60 1296 625 60 1297 594 60 1298 595 61 1299 596 61 1300 623 61 1301 623 62 1302 624 62 1303 595 62 1304 596 63 1305 597 63 1306 622 63 1307 622 64 1308 623 64 1309 596 64 1310 597 65 1311 598 65 1312 621 65 1313 621 66 1314 622 66 1315 597 66 1316 598 67 1317 599 67 1318 620 67 1319 620 68 1320 621 68 1321 598 68 1322 599 29 1323 600 29 1324 619 29 1325 619 68 1326 620 68 1327 599 68 1328 600 29 1329 601 29 1330 618 29 1331 618 29 1332 619 29 1333 600 29 1334 601 29 1335 602 29 1336 617 29 1337 617 29 1338 618 29 1339 601 29 1340 602 69 1341 603 69 1342 616 69 1343 616 70 1344 617 70 1345 602 70 1346 603 29 1347 604 29 1348 615 29 1349 615 29 1350 616 29 1351 603 29 1352 604 29 1353 605 29 1354 614 29 1355 614 29 1356 615 29 1357 604 29 1358 605 71 1359 606 71 1360 613 71 1361 613 29 1362 614 29 1363 605 29 1364 606 72 1365 607 72 1366 612 72 1367 612 73 1368 613 73 1369 606 73 1370 607 74 1371 608 74 1372 611 74 1373 611 68 1374 612 68 1375 607 68 1376 608 75 1377 583 75 1378 610 75 1379 610 76 1380 611 76 1381 608 76 1382 167 0 1383 367 0 1384 706 0 1385 167 0 1386 706 0 1387 707 0 1388 167 0 1389 707 0 1390 708 0 1391 167 0 1392 708 0 1393 709 0 1394 167 0 1395 709 0 1396 710 0 1397 167 0 1398 710 0 1399 711 0 1400 167 0 1401 711 0 1402 712 0 1403 167 0 1404 712 0 1405 713 0 1406 167 0 1407 713 0 1408 714 0 1409 167 0 1410 714 0 1411 715 0 1412 167 0 1413 715 0 1414 716 0 1415 167 0 1416 716 0 1417 688 0 1418 166 0 1419 167 0 1420 688 0 1421 167 9 1422 193 12 1423 368 77 1424 368 77 1425 367 78 1426 167 9 1427 186 29 1428 369 29 1429 728 29 1430 186 29 1431 728 29 1432 729 29 1433 186 29 1434 729 29 1435 730 29 1436 186 29 1437 730 29 1438 731 29 1439 186 29 1440 731 29 1441 732 29 1442 186 29 1443 732 29 1444 733 29 1445 186 29 1446 733 29 1447 734 29 1448 186 29 1449 734 29 1450 735 29 1451 186 29 1452 735 29 1453 736 29 1454 186 29 1455 736 29 1456 737 29 1457 186 29 1458 737 29 1459 738 29 1460 186 29 1461 738 29 1462 690 29 1463 187 29 1464 186 29 1465 690 29 1466 186 8 1467 160 7 1468 366 79 1469 366 79 1470 369 80 1471 186 8 1472 173 0 1473 174 0 1474 371 0 1475 371 0 1476 691 0 1477 739 0 1478 371 0 1479 739 0 1480 740 0 1481 371 0 1482 740 0 1483 741 0 1484 371 0 1485 741 0 1486 742 0 1487 371 0 1488 742 0 1489 743 0 1490 371 0 1491 743 0 1492 744 0 1493 371 0 1494 744 0 1495 745 0 1496 371 0 1497 745 0 1498 746 0 1499 371 0 1500 746 0 1501 747 0 1502 371 0 1503 747 0 1504 748 0 1505 371 0 1506 748 0 1507 749 0 1508 371 0 1509 749 0 1510 370 0 1511 173 0 1512 371 0 1513 370 0 1514 180 0 1515 372 0 1516 750 0 1517 180 0 1518 750 0 1519 751 0 1520 180 0 1521 751 0 1522 752 0 1523 180 0 1524 752 0 1525 753 0 1526 180 0 1527 753 0 1528 754 0 1529 180 0 1530 754 0 1531 755 0 1532 180 0 1533 755 0 1534 756 0 1535 180 0 1536 756 0 1537 757 0 1538 180 0 1539 757 0 1540 758 0 1541 180 0 1542 758 0 1543 759 0 1544 180 0 1545 759 0 1546 760 0 1547 180 0 1548 760 0 1549 692 0 1550 179 0 1551 180 0 1552 692 0 1553 180 23 1554 206 26 1555 373 81 1556 373 81 1557 372 82 1558 180 23 1559 199 29 1560 374 29 1561 772 29 1562 199 29 1563 772 29 1564 773 29 1565 199 29 1566 773 29 1567 774 29 1568 199 29 1569 774 29 1570 775 29 1571 199 29 1572 775 29 1573 776 29 1574 199 29 1575 776 29 1576 777 29 1577 199 29 1578 777 29 1579 778 29 1580 199 29 1581 778 29 1582 779 29 1583 199 29 1584 779 29 1585 780 29 1586 199 29 1587 780 29 1588 781 29 1589 199 29 1590 781 29 1591 782 29 1592 199 29 1593 782 29 1594 694 29 1595 200 29 1596 199 29 1597 694 29 1598 199 22 1599 173 21 1600 370 83 1601 370 83 1602 374 84 1603 199 22 1604 183 29 1605 184 29 1606 376 29 1607 376 85 1608 375 85 1609 183 85 1610 184 29 1611 185 29 1612 377 29 1613 377 29 1614 376 29 1615 184 29 1616 185 29 1617 186 29 1618 378 29 1619 378 29 1620 377 29 1621 185 29 1622 186 29 1623 187 29 1624 379 29 1625 379 29 1626 378 29 1627 186 29 1628 187 29 1629 188 29 1630 380 29 1631 380 29 1632 379 29 1633 187 29 1634 188 29 1635 189 29 1636 381 29 1637 381 29 1638 380 29 1639 188 29 1640 189 29 1641 190 29 1642 382 29 1643 382 29 1644 381 29 1645 189 29 1646 190 29 1647 191 29 1648 383 29 1649 383 29 1650 382 29 1651 190 29 1652 191 29 1653 192 29 1654 384 29 1655 384 29 1656 383 29 1657 191 29 1658 192 29 1659 218 29 1660 385 29 1661 385 29 1662 384 29 1663 192 29 1664 218 29 1665 217 29 1666 386 29 1667 386 29 1668 385 29 1669 218 29 1670 217 29 1671 216 29 1672 387 29 1673 387 29 1674 386 29 1675 217 29 1676 216 29 1677 215 29 1678 388 29 1679 388 29 1680 387 29 1681 216 29 1682 215 29 1683 214 29 1684 389 29 1685 389 29 1686 388 29 1687 215 29 1688 214 29 1689 213 29 1690 390 29 1691 390 29 1692 389 29 1693 214 29 1694 213 29 1695 212 29 1696 391 29 1697 391 29 1698 390 29 1699 213 29 1700 212 29 1701 211 29 1702 392 29 1703 392 29 1704 391 29 1705 212 29 1706 211 29 1707 210 29 1708 393 29 1709 393 29 1710 392 29 1711 211 29 1712 210 86 1713 209 86 1714 394 86 1715 394 29 1716 393 29 1717 210 29 1718 209 29 1719 234 29 1720 395 29 1721 395 87 1722 394 87 1723 209 87 1724 234 29 1725 233 29 1726 396 29 1727 396 29 1728 395 29 1729 234 29 1730 233 29 1731 232 29 1732 397 29 1733 397 29 1734 396 29 1735 233 29 1736 232 29 1737 231 29 1738 398 29 1739 398 29 1740 397 29 1741 232 29 1742 231 29 1743 230 29 1744 399 29 1745 399 29 1746 398 29 1747 231 29 1748 230 29 1749 229 29 1750 400 29 1751 400 29 1752 399 29 1753 230 29 1754 229 29 1755 228 29 1756 401 29 1757 401 29 1758 400 29 1759 229 29 1760 228 29 1761 227 29 1762 402 29 1763 402 29 1764 401 29 1765 228 29 1766 227 29 1767 226 29 1768 403 29 1769 403 29 1770 402 29 1771 227 29 1772 226 29 1773 200 29 1774 404 29 1775 404 29 1776 403 29 1777 226 29 1778 200 29 1779 201 29 1780 405 29 1781 405 29 1782 404 29 1783 200 29 1784 201 29 1785 202 29 1786 406 29 1787 406 29 1788 405 29 1789 201 29 1790 202 29 1791 203 29 1792 407 29 1793 407 29 1794 406 29 1795 202 29 1796 203 29 1797 204 29 1798 408 29 1799 408 29 1800 407 29 1801 203 29 1802 204 29 1803 205 29 1804 409 29 1805 409 29 1806 408 29 1807 204 29 1808 205 29 1809 206 29 1810 410 29 1811 410 29 1812 409 29 1813 205 29 1814 206 29 1815 207 29 1816 411 29 1817 411 29 1818 410 29 1819 206 29 1820 207 29 1821 208 29 1822 412 29 1823 412 29 1824 411 29 1825 207 29 1826 208 88 1827 183 88 1828 375 88 1829 375 29 1830 412 29 1831 208 29 1832 375 89 1833 376 90 1834 414 91 1835 414 91 1836 413 92 1837 375 89 1838 376 90 1839 377 93 1840 415 94 1841 415 94 1842 414 91 1843 376 90 1844 377 93 1845 378 95 1846 416 96 1847 416 96 1848 415 94 1849 377 93 1850 378 95 1851 379 97 1852 417 98 1853 417 98 1854 416 96 1855 378 95 1856 379 97 1857 380 99 1858 418 100 1859 418 100 1860 417 98 1861 379 97 1862 380 99 1863 381 101 1864 419 102 1865 419 102 1866 418 100 1867 380 99 1868 381 101 1869 382 103 1870 420 104 1871 420 104 1872 419 102 1873 381 101 1874 382 103 1875 383 105 1876 421 106 1877 421 106 1878 420 104 1879 382 103 1880 383 105 1881 384 107 1882 422 108 1883 422 108 1884 421 106 1885 383 105 1886 384 107 1887 385 109 1888 423 110 1889 423 110 1890 422 108 1891 384 107 1892 385 109 1893 386 111 1894 424 112 1895 424 112 1896 423 110 1897 385 109 1898 386 111 1899 387 113 1900 425 114 1901 425 114 1902 424 112 1903 386 111 1904 387 113 1905 388 115 1906 426 116 1907 426 116 1908 425 114 1909 387 113 1910 388 115 1911 389 117 1912 427 118 1913 427 118 1914 426 116 1915 388 115 1916 389 117 1917 390 119 1918 428 120 1919 428 120 1920 427 118 1921 389 117 1922 390 119 1923 391 121 1924 429 122 1925 429 122 1926 428 120 1927 390 119 1928 391 121 1929 392 123 1930 430 124 1931 430 124 1932 429 122 1933 391 121 1934 392 123 1935 393 125 1936 431 126 1937 431 126 1938 430 124 1939 392 123 1940 393 125 1941 394 127 1942 432 128 1943 432 128 1944 431 126 1945 393 125 1946 394 127 1947 395 129 1948 433 130 1949 433 130 1950 432 128 1951 394 127 1952 395 129 1953 396 131 1954 434 132 1955 434 132 1956 433 130 1957 395 129 1958 396 131 1959 397 133 1960 435 134 1961 435 134 1962 434 132 1963 396 131 1964 397 133 1965 398 135 1966 436 136 1967 436 136 1968 435 134 1969 397 133 1970 398 135 1971 399 137 1972 437 138 1973 437 138 1974 436 136 1975 398 135 1976 399 137 1977 400 139 1978 438 140 1979 438 140 1980 437 138 1981 399 137 1982 400 139 1983 401 141 1984 439 142 1985 439 142 1986 438 140 1987 400 139 1988 401 141 1989 402 143 1990 440 144 1991 440 144 1992 439 142 1993 401 141 1994 402 143 1995 403 145 1996 441 146 1997 441 146 1998 440 144 1999 402 143 2000 403 145 2001 404 147 2002 442 148 2003 442 148 2004 441 146 2005 403 145 2006 404 147 2007 405 149 2008 443 150 2009 443 150 2010 442 148 2011 404 147 2012 405 149 2013 406 151 2014 444 152 2015 444 152 2016 443 150 2017 405 149 2018 406 151 2019 407 153 2020 445 154 2021 445 154 2022 444 152 2023 406 151 2024 407 153 2025 408 155 2026 446 156 2027 446 156 2028 445 154 2029 407 153 2030 408 155 2031 409 157 2032 447 158 2033 447 158 2034 446 156 2035 408 155 2036 409 157 2037 410 159 2038 448 160 2039 448 160 2040 447 158 2041 409 157 2042 410 159 2043 411 161 2044 449 162 2045 449 162 2046 448 160 2047 410 159 2048 411 161 2049 412 163 2050 450 164 2051 450 164 2052 449 162 2053 411 161 2054 412 163 2055 375 89 2056 413 92 2057 413 92 2058 450 164 2059 412 163 2060 413 92 2061 414 91 2062 452 3 2063 452 3 2064 451 4 2065 413 92 2066 414 91 2067 415 94 2068 453 6 2069 453 6 2070 452 3 2071 414 91 2072 415 94 2073 416 96 2074 454 165 2075 454 165 2076 453 6 2077 415 94 2078 416 96 2079 417 98 2080 455 166 2081 455 166 2082 454 165 2083 416 96 2084 417 98 2085 418 100 2086 456 167 2087 456 167 2088 455 166 2089 417 98 2090 418 100 2091 419 102 2092 457 168 2093 457 168 2094 456 167 2095 418 100 2096 419 102 2097 420 104 2098 458 169 2099 458 169 2100 457 168 2101 419 102 2102 420 104 2103 421 106 2104 459 31 2105 459 31 2106 458 169 2107 420 104 2108 422 108 2109 460 170 2110 491 171 2111 422 108 2112 491 171 2113 492 172 2114 422 108 2115 492 172 2116 493 173 2117 422 108 2118 493 173 2119 494 174 2120 422 108 2121 494 174 2122 495 175 2123 422 108 2124 495 175 2125 496 176 2126 422 108 2127 496 176 2128 497 177 2129 422 108 2130 497 177 2131 498 178 2132 422 108 2133 498 178 2134 499 179 2135 422 108 2136 499 179 2137 500 180 2138 422 108 2139 500 180 2140 501 181 2141 422 108 2142 501 181 2143 502 182 2144 422 108 2145 502 182 2146 503 183 2147 422 108 2148 503 183 2149 504 184 2150 422 108 2151 504 184 2152 505 185 2153 422 108 2154 505 185 2155 506 186 2156 422 108 2157 506 186 2158 507 187 2159 422 108 2160 507 187 2161 508 188 2162 422 108 2163 508 188 2164 509 189 2165 422 108 2166 509 189 2167 510 190 2168 422 108 2169 510 190 2170 511 191 2171 422 108 2172 511 191 2173 512 192 2174 422 108 2175 512 192 2176 513 193 2177 422 108 2178 513 193 2179 487 32 2180 421 106 2181 422 108 2182 487 32 2183 421 106 2184 487 32 2185 459 31 2186 422 108 2187 423 110 2188 461 194 2189 461 194 2190 460 170 2191 422 108 2192 423 110 2193 424 112 2194 462 34 2195 462 34 2196 488 33 2197 514 195 2198 462 34 2199 514 195 2200 515 196 2201 462 34 2202 515 196 2203 516 197 2204 462 34 2205 516 197 2206 517 198 2207 462 34 2208 517 198 2209 518 199 2210 462 34 2211 518 199 2212 519 200 2213 462 34 2214 519 200 2215 520 201 2216 462 34 2217 520 201 2218 521 202 2219 462 34 2220 521 202 2221 522 203 2222 462 34 2223 522 203 2224 523 204 2225 462 34 2226 523 204 2227 524 205 2228 462 34 2229 524 205 2230 525 206 2231 462 34 2232 525 206 2233 526 207 2234 462 34 2235 526 207 2236 527 208 2237 462 34 2238 527 208 2239 528 209 2240 462 34 2241 528 209 2242 529 210 2243 462 34 2244 529 210 2245 530 211 2246 462 34 2247 530 211 2248 531 212 2249 462 34 2250 531 212 2251 532 213 2252 462 34 2253 532 213 2254 533 214 2255 462 34 2256 533 214 2257 534 215 2258 462 34 2259 534 215 2260 535 216 2261 462 34 2262 535 216 2263 536 217 2264 462 34 2265 536 217 2266 461 194 2267 423 110 2268 462 34 2269 461 194 2270 424 112 2271 425 114 2272 463 218 2273 463 218 2274 462 34 2275 424 112 2276 425 114 2277 426 116 2278 464 219 2279 464 219 2280 463 218 2281 425 114 2282 426 116 2283 427 118 2284 465 220 2285 465 220 2286 464 219 2287 426 116 2288 427 118 2289 428 120 2290 466 221 2291 466 221 2292 465 220 2293 427 118 2294 428 120 2295 429 122 2296 467 222 2297 467 222 2298 466 221 2299 428 120 2300 429 122 2301 430 124 2302 468 223 2303 468 223 2304 467 222 2305 429 122 2306 430 124 2307 431 126 2308 469 224 2309 469 224 2310 468 223 2311 430 124 2312 431 126 2313 432 128 2314 470 225 2315 470 225 2316 469 224 2317 431 126 2318 432 128 2319 433 130 2320 471 226 2321 471 226 2322 470 225 2323 432 128 2324 433 130 2325 434 132 2326 472 227 2327 472 227 2328 471 226 2329 433 130 2330 434 132 2331 435 134 2332 473 228 2333 473 228 2334 472 227 2335 434 132 2336 435 134 2337 436 136 2338 474 229 2339 474 229 2340 473 228 2341 435 134 2342 436 136 2343 437 138 2344 475 230 2345 475 230 2346 474 229 2347 436 136 2348 437 138 2349 438 140 2350 476 231 2351 476 231 2352 475 230 2353 437 138 2354 438 140 2355 439 142 2356 477 232 2357 477 232 2358 476 231 2359 438 140 2360 439 142 2361 440 144 2362 478 39 2363 478 39 2364 477 232 2365 439 142 2366 441 146 2367 479 233 2368 537 234 2369 441 146 2370 537 234 2371 538 235 2372 441 146 2373 538 235 2374 539 236 2375 441 146 2376 539 236 2377 540 237 2378 441 146 2379 540 237 2380 541 238 2381 441 146 2382 541 238 2383 542 239 2384 441 146 2385 542 239 2386 543 240 2387 441 146 2388 543 240 2389 544 241 2390 441 146 2391 544 241 2392 545 242 2393 441 146 2394 545 242 2395 546 243 2396 441 146 2397 546 243 2398 547 244 2399 441 146 2400 547 244 2401 548 245 2402 441 146 2403 548 245 2404 549 246 2405 441 146 2406 549 246 2407 550 247 2408 441 146 2409 550 247 2410 551 248 2411 441 146 2412 551 248 2413 552 249 2414 441 146 2415 552 249 2416 553 250 2417 441 146 2418 553 250 2419 554 251 2420 441 146 2421 554 251 2422 555 252 2423 441 146 2424 555 252 2425 556 253 2426 441 146 2427 556 253 2428 557 254 2429 441 146 2430 557 254 2431 558 255 2432 441 146 2433 558 255 2434 559 256 2435 441 146 2436 559 256 2437 489 40 2438 440 144 2439 441 146 2440 489 40 2441 440 144 2442 489 40 2443 478 39 2444 441 146 2445 442 148 2446 480 257 2447 480 257 2448 479 233 2449 441 146 2450 442 148 2451 443 150 2452 481 38 2453 481 38 2454 490 37 2455 560 258 2456 481 38 2457 560 258 2458 561 259 2459 481 38 2460 561 259 2461 562 260 2462 481 38 2463 562 260 2464 563 261 2465 481 38 2466 563 261 2467 564 262 2468 481 38 2469 564 262 2470 565 263 2471 481 38 2472 565 263 2473 566 264 2474 481 38 2475 566 264 2476 567 265 2477 481 38 2478 567 265 2479 568 266 2480 481 38 2481 568 266 2482 569 267 2483 481 38 2484 569 267 2485 570 268 2486 481 38 2487 570 268 2488 571 269 2489 481 38 2490 571 269 2491 572 270 2492 481 38 2493 572 270 2494 573 271 2495 481 38 2496 573 271 2497 574 272 2498 481 38 2499 574 272 2500 575 273 2501 481 38 2502 575 273 2503 576 274 2504 481 38 2505 576 274 2506 577 275 2507 481 38 2508 577 275 2509 578 276 2510 481 38 2511 578 276 2512 579 277 2513 481 38 2514 579 277 2515 580 278 2516 481 38 2517 580 278 2518 581 279 2519 481 38 2520 581 279 2521 582 280 2522 481 38 2523 582 280 2524 480 257 2525 442 148 2526 481 38 2527 480 257 2528 445 154 2529 446 156 2530 482 281 2531 446 156 2532 447 158 2533 483 282 2534 483 282 2535 482 281 2536 446 156 2537 447 158 2538 448 160 2539 484 283 2540 484 283 2541 483 282 2542 447 158 2543 448 160 2544 449 162 2545 485 25 2546 485 25 2547 484 283 2548 448 160 2549 449 162 2550 450 164 2551 486 28 2552 486 28 2553 485 25 2554 449 162 2555 450 164 2556 413 92 2557 451 4 2558 451 4 2559 486 28 2560 450 164 2561 514 195 2562 488 33 2563 487 32 2564 487 32 2565 513 193 2566 514 195 2567 560 258 2568 490 37 2569 489 40 2570 489 40 2571 559 256 2572 560 258 2573 515 196 2574 514 195 2575 513 193 2576 513 193 2577 512 192 2578 515 196 2579 516 197 2580 515 196 2581 512 192 2582 512 192 2583 511 191 2584 516 197 2585 517 198 2586 516 197 2587 511 191 2588 511 191 2589 510 190 2590 517 198 2591 518 199 2592 517 198 2593 510 190 2594 510 190 2595 509 189 2596 518 199 2597 519 200 2598 518 199 2599 509 189 2600 509 189 2601 508 188 2602 519 200 2603 520 201 2604 519 200 2605 508 188 2606 508 188 2607 507 187 2608 520 201 2609 521 202 2610 520 201 2611 507 187 2612 507 187 2613 506 186 2614 521 202 2615 522 203 2616 521 202 2617 506 186 2618 506 186 2619 505 185 2620 522 203 2621 523 204 2622 522 203 2623 505 185 2624 505 185 2625 504 184 2626 523 204 2627 524 205 2628 523 204 2629 504 184 2630 504 184 2631 503 183 2632 524 205 2633 525 206 2634 524 205 2635 503 183 2636 503 183 2637 502 182 2638 525 206 2639 526 207 2640 525 206 2641 502 182 2642 502 182 2643 501 181 2644 526 207 2645 527 208 2646 526 207 2647 501 181 2648 501 181 2649 500 180 2650 527 208 2651 528 209 2652 527 208 2653 500 180 2654 500 180 2655 499 179 2656 528 209 2657 529 210 2658 528 209 2659 499 179 2660 499 179 2661 498 178 2662 529 210 2663 530 211 2664 529 210 2665 498 178 2666 498 178 2667 497 177 2668 530 211 2669 531 212 2670 530 211 2671 497 177 2672 497 177 2673 496 176 2674 531 212 2675 532 213 2676 531 212 2677 496 176 2678 496 176 2679 495 175 2680 532 213 2681 533 214 2682 532 213 2683 495 175 2684 495 175 2685 494 174 2686 533 214 2687 534 215 2688 533 214 2689 494 174 2690 494 174 2691 493 173 2692 534 215 2693 535 216 2694 534 215 2695 493 173 2696 493 173 2697 492 172 2698 535 216 2699 536 217 2700 535 216 2701 492 172 2702 492 172 2703 491 171 2704 536 217 2705 461 194 2706 536 217 2707 491 171 2708 491 171 2709 460 170 2710 461 194 2711 561 259 2712 560 258 2713 559 256 2714 559 256 2715 558 255 2716 561 259 2717 562 260 2718 561 259 2719 558 255 2720 558 255 2721 557 254 2722 562 260 2723 563 261 2724 562 260 2725 557 254 2726 557 254 2727 556 253 2728 563 261 2729 564 262 2730 563 261 2731 556 253 2732 556 253 2733 555 252 2734 564 262 2735 565 263 2736 564 262 2737 555 252 2738 555 252 2739 554 251 2740 565 263 2741 566 264 2742 565 263 2743 554 251 2744 554 251 2745 553 250 2746 566 264 2747 567 265 2748 566 264 2749 553 250 2750 553 250 2751 552 249 2752 567 265 2753 568 266 2754 567 265 2755 552 249 2756 552 249 2757 551 248 2758 568 266 2759 569 267 2760 568 266 2761 551 248 2762 551 248 2763 550 247 2764 569 267 2765 570 268 2766 569 267 2767 550 247 2768 550 247 2769 549 246 2770 570 268 2771 571 269 2772 570 268 2773 549 246 2774 549 246 2775 548 245 2776 571 269 2777 572 270 2778 571 269 2779 548 245 2780 548 245 2781 547 244 2782 572 270 2783 573 271 2784 572 270 2785 547 244 2786 547 244 2787 546 243 2788 573 271 2789 574 272 2790 573 271 2791 546 243 2792 546 243 2793 545 242 2794 574 272 2795 575 273 2796 574 272 2797 545 242 2798 545 242 2799 544 241 2800 575 273 2801 576 274 2802 575 273 2803 544 241 2804 544 241 2805 543 240 2806 576 274 2807 577 275 2808 576 274 2809 543 240 2810 543 240 2811 542 239 2812 577 275 2813 578 276 2814 577 275 2815 542 239 2816 542 239 2817 541 238 2818 578 276 2819 579 277 2820 578 276 2821 541 238 2822 541 238 2823 540 237 2824 579 277 2825 580 278 2826 579 277 2827 540 237 2828 540 237 2829 539 236 2830 580 278 2831 581 279 2832 580 278 2833 539 236 2834 539 236 2835 538 235 2836 581 279 2837 582 280 2838 581 279 2839 538 235 2840 538 235 2841 537 234 2842 582 280 2843 480 257 2844 582 280 2845 537 234 2846 537 234 2847 479 233 2848 480 257 2849 635 284 2850 636 284 2851 584 284 2852 584 285 2853 583 285 2854 635 285 2855 636 286 2856 637 286 2857 585 286 2858 585 287 2859 584 287 2860 636 287 2861 637 288 2862 638 288 2863 586 288 2864 586 289 2865 585 289 2866 637 289 2867 638 290 2868 639 290 2869 587 290 2870 587 291 2871 586 291 2872 638 291 2873 639 292 2874 640 292 2875 588 292 2876 588 293 2877 587 293 2878 639 293 2879 640 29 2880 641 29 2881 589 29 2882 589 29 2883 588 29 2884 640 29 2885 641 29 2886 642 29 2887 590 29 2888 590 29 2889 589 29 2890 641 29 2891 642 29 2892 643 29 2893 591 29 2894 591 29 2895 590 29 2896 642 29 2897 643 294 2898 644 294 2899 592 294 2900 592 295 2901 591 295 2902 643 295 2903 644 296 2904 645 296 2905 593 296 2906 593 297 2907 592 297 2908 644 297 2909 645 298 2910 646 298 2911 594 298 2912 594 299 2913 593 299 2914 645 299 2915 646 300 2916 647 300 2917 595 300 2918 595 301 2919 594 301 2920 646 301 2921 647 302 2922 648 302 2923 596 302 2924 596 303 2925 595 303 2926 647 303 2927 648 304 2928 649 304 2929 597 304 2930 597 305 2931 596 305 2932 648 305 2933 649 306 2934 650 306 2935 598 306 2936 598 307 2937 597 307 2938 649 307 2939 650 308 2940 651 308 2941 599 308 2942 599 309 2943 598 309 2944 650 309 2945 651 310 2946 652 310 2947 600 310 2948 600 311 2949 599 311 2950 651 311 2951 652 312 2952 653 312 2953 601 312 2954 601 313 2955 600 313 2956 652 313 2957 653 29 2958 654 29 2959 602 29 2960 602 29 2961 601 29 2962 653 29 2963 654 29 2964 655 29 2965 603 29 2966 603 314 2967 602 314 2968 654 314 2969 655 29 2970 656 29 2971 604 29 2972 604 315 2973 603 315 2974 655 315 2975 656 316 2976 657 316 2977 605 316 2978 605 29 2979 604 29 2980 656 29 2981 657 288 2982 658 288 2983 606 288 2984 606 317 2985 605 317 2986 657 317 2987 658 318 2988 659 318 2989 607 318 2990 607 319 2991 606 319 2992 658 319 2993 659 320 2994 660 320 2995 608 320 2996 608 321 2997 607 321 2998 659 321 2999 660 322 3000 635 322 3001 583 322 3002 583 323 3003 608 323 3004 660 323 3005 236 29 3006 235 29 3007 661 29 3008 661 324 3009 662 324 3010 236 324 3011 235 29 3012 260 29 3013 686 29 3014 686 29 3015 661 29 3016 235 29 3017 260 325 3018 259 325 3019 685 325 3020 685 29 3021 686 29 3022 260 29 3023 259 326 3024 258 326 3025 684 326 3026 684 327 3027 685 327 3028 259 327 3029 258 328 3030 257 328 3031 683 328 3032 683 329 3033 684 329 3034 258 329 3035 257 330 3036 256 330 3037 682 330 3038 682 29 3039 683 29 3040 257 29 3041 256 331 3042 255 331 3043 681 331 3044 681 332 3045 682 332 3046 256 332 3047 255 29 3048 254 29 3049 680 29 3050 680 29 3051 681 29 3052 255 29 3053 254 333 3054 253 333 3055 679 333 3056 679 334 3057 680 334 3058 254 334 3059 253 335 3060 252 335 3061 678 335 3062 678 336 3063 679 336 3064 253 336 3065 252 337 3066 251 337 3067 677 337 3068 677 338 3069 678 338 3070 252 338 3071 251 29 3072 250 29 3073 676 29 3074 676 339 3075 677 339 3076 251 339 3077 250 340 3078 249 340 3079 675 340 3080 675 29 3081 676 29 3082 250 29 3083 249 341 3084 248 341 3085 674 341 3086 674 342 3087 675 342 3088 249 342 3089 248 343 3090 247 343 3091 673 343 3092 673 344 3093 674 344 3094 248 344 3095 247 345 3096 246 345 3097 672 345 3098 672 346 3099 673 346 3100 247 346 3101 246 347 3102 245 347 3103 671 347 3104 671 348 3105 672 348 3106 246 348 3107 245 349 3108 244 349 3109 670 349 3110 670 350 3111 671 350 3112 245 350 3113 244 351 3114 243 351 3115 669 351 3116 669 352 3117 670 352 3118 244 352 3119 243 353 3120 242 353 3121 668 353 3122 668 354 3123 669 354 3124 243 354 3125 242 29 3126 241 29 3127 667 29 3128 667 29 3129 668 29 3130 242 29 3131 241 355 3132 240 355 3133 666 355 3134 666 356 3135 667 356 3136 241 356 3137 240 357 3138 239 357 3139 665 357 3140 665 358 3141 666 358 3142 240 358 3143 239 359 3144 238 359 3145 664 359 3146 664 360 3147 665 360 3148 239 360 3149 238 361 3150 237 361 3151 663 361 3152 663 362 3153 664 362 3154 238 362 3155 237 363 3156 236 363 3157 662 363 3158 662 364 3159 663 364 3160 237 364 3161 209 365 3162 210 366 3163 636 3 3164 636 3 3165 635 4 3166 209 365 3167 210 366 3168 211 367 3169 637 6 3170 637 6 3171 636 3 3172 210 366 3173 211 367 3174 212 368 3175 638 165 3176 638 165 3177 637 6 3178 211 367 3179 212 368 3180 213 369 3181 639 166 3182 639 166 3183 638 165 3184 212 368 3185 213 369 3186 214 370 3187 640 167 3188 640 167 3189 639 166 3190 213 369 3191 214 370 3192 215 371 3193 641 168 3194 641 168 3195 640 167 3196 214 370 3197 215 371 3198 216 372 3199 642 169 3200 642 169 3201 641 168 3202 215 371 3203 216 372 3204 217 373 3205 643 374 3206 643 374 3207 642 169 3208 216 372 3209 217 373 3210 218 229 3211 644 375 3212 644 375 3213 643 374 3214 217 373 3215 218 229 3216 219 228 3217 645 376 3218 645 376 3219 644 375 3220 218 229 3221 219 228 3222 220 227 3223 646 11 3224 646 11 3225 645 376 3226 219 228 3227 220 227 3228 221 226 3229 647 14 3230 647 14 3231 646 11 3232 220 227 3233 221 226 3234 222 225 3235 648 16 3236 648 16 3237 647 14 3238 221 226 3239 222 225 3240 223 224 3241 649 18 3242 649 18 3243 648 16 3244 222 225 3245 223 224 3246 224 223 3247 650 20 3248 650 20 3249 649 18 3250 223 224 3251 224 223 3252 225 222 3253 651 377 3254 651 377 3255 650 20 3256 224 223 3257 225 222 3258 226 221 3259 652 378 3260 652 378 3261 651 377 3262 225 222 3263 226 221 3264 227 220 3265 653 379 3266 653 379 3267 652 378 3268 226 221 3269 227 220 3270 228 219 3271 654 380 3272 654 380 3273 653 379 3274 227 220 3275 228 219 3276 229 218 3277 655 381 3278 655 381 3279 654 380 3280 228 219 3281 229 218 3282 230 382 3283 656 383 3284 656 383 3285 655 381 3286 229 218 3287 230 382 3288 231 384 3289 657 282 3290 657 282 3291 656 383 3292 230 382 3293 231 384 3294 232 385 3295 658 283 3296 658 283 3297 657 282 3298 231 384 3299 232 385 3300 233 386 3301 659 25 3302 659 25 3303 658 283 3304 232 385 3305 233 386 3306 234 387 3307 660 28 3308 660 28 3309 659 25 3310 233 386 3311 234 387 3312 209 365 3313 635 4 3314 635 4 3315 660 28 3316 234 387 3317 610 388 3318 609 389 3319 662 390 3320 662 390 3321 661 391 3322 610 388 3323 609 389 3324 634 392 3325 663 393 3326 663 393 3327 662 390 3328 609 389 3329 634 392 3330 633 394 3331 664 395 3332 664 395 3333 663 393 3334 634 392 3335 633 394 3336 632 396 3337 665 397 3338 665 397 3339 664 395 3340 633 394 3341 632 396 3342 631 398 3343 666 399 3344 666 399 3345 665 397 3346 632 396 3347 631 398 3348 630 400 3349 667 401 3350 667 401 3351 666 399 3352 631 398 3353 630 400 3354 629 402 3355 668 403 3356 668 403 3357 667 401 3358 630 400 3359 629 402 3360 628 404 3361 669 405 3362 669 405 3363 668 403 3364 629 402 3365 628 404 3366 627 406 3367 670 407 3368 670 407 3369 669 405 3370 628 404 3371 627 406 3372 626 408 3373 671 409 3374 671 409 3375 670 407 3376 627 406 3377 626 408 3378 625 410 3379 672 411 3380 672 411 3381 671 409 3382 626 408 3383 625 410 3384 624 412 3385 673 413 3386 673 413 3387 672 411 3388 625 410 3389 624 412 3390 623 414 3391 674 415 3392 674 415 3393 673 413 3394 624 412 3395 623 414 3396 622 416 3397 675 417 3398 675 417 3399 674 415 3400 623 414 3401 622 416 3402 621 418 3403 676 419 3404 676 419 3405 675 417 3406 622 416 3407 621 418 3408 620 420 3409 677 421 3410 677 421 3411 676 419 3412 621 418 3413 620 420 3414 619 422 3415 678 423 3416 678 423 3417 677 421 3418 620 420 3419 619 422 3420 618 424 3421 679 425 3422 679 425 3423 678 423 3424 619 422 3425 618 424 3426 617 426 3427 680 427 3428 680 427 3429 679 425 3430 618 424 3431 617 426 3432 616 428 3433 681 429 3434 681 429 3435 680 427 3436 617 426 3437 616 428 3438 615 430 3439 682 431 3440 682 431 3441 681 429 3442 616 428 3443 615 430 3444 614 432 3445 683 433 3446 683 433 3447 682 431 3448 615 430 3449 614 432 3450 613 434 3451 684 435 3452 684 435 3453 683 433 3454 614 432 3455 613 434 3456 612 436 3457 685 437 3458 685 437 3459 684 435 3460 613 434 3461 612 436 3462 611 438 3463 686 439 3464 686 439 3465 685 437 3466 612 436 3467 611 438 3468 610 388 3469 661 391 3470 661 391 3471 686 439 3472 611 438 3473 717 440 3474 689 441 3475 688 442 3476 688 442 3477 716 443 3478 717 440 3479 695 444 3480 687 445 3481 690 446 3482 690 446 3483 738 447 3484 695 444 3485 761 448 3486 693 449 3487 692 450 3488 692 450 3489 760 451 3490 761 448 3491 739 452 3492 691 453 3493 694 454 3494 694 454 3495 782 455 3496 739 452 3497 718 456 3498 717 440 3499 716 443 3500 716 443 3501 715 457 3502 718 456 3503 719 458 3504 718 456 3505 715 457 3506 715 457 3507 714 459 3508 719 458 3509 720 460 3510 719 458 3511 714 459 3512 714 459 3513 713 461 3514 720 460 3515 721 462 3516 720 460 3517 713 461 3518 713 461 3519 712 463 3520 721 462 3521 722 464 3522 721 462 3523 712 463 3524 712 463 3525 711 465 3526 722 464 3527 723 466 3528 722 464 3529 711 465 3530 711 465 3531 710 467 3532 723 466 3533 724 468 3534 723 466 3535 710 467 3536 710 467 3537 709 469 3538 724 468 3539 725 470 3540 724 468 3541 709 469 3542 709 469 3543 708 471 3544 725 470 3545 726 472 3546 725 470 3547 708 471 3548 708 471 3549 707 473 3550 726 472 3551 727 474 3552 726 472 3553 707 473 3554 707 473 3555 706 475 3556 727 474 3557 368 77 3558 727 474 3559 706 475 3560 706 475 3561 367 78 3562 368 77 3563 696 476 3564 695 444 3565 738 447 3566 738 447 3567 737 477 3568 696 476 3569 697 478 3570 696 476 3571 737 477 3572 737 477 3573 736 479 3574 697 478 3575 698 480 3576 697 478 3577 736 479 3578 736 479 3579 735 481 3580 698 480 3581 699 482 3582 698 480 3583 735 481 3584 735 481 3585 734 483 3586 699 482 3587 700 484 3588 699 482 3589 734 483 3590 734 483 3591 733 485 3592 700 484 3593 701 486 3594 700 484 3595 733 485 3596 733 485 3597 732 487 3598 701 486 3599 702 488 3600 701 486 3601 732 487 3602 732 487 3603 731 489 3604 702 488 3605 703 490 3606 702 488 3607 731 489 3608 731 489 3609 730 491 3610 703 490 3611 704 492 3612 703 490 3613 730 491 3614 730 491 3615 729 493 3616 704 492 3617 705 494 3618 704 492 3619 729 493 3620 729 493 3621 728 495 3622 705 494 3623 366 79 3624 705 494 3625 728 495 3626 728 495 3627 369 80 3628 366 79 3629 762 496 3630 761 448 3631 760 451 3632 760 451 3633 759 497 3634 762 496 3635 763 498 3636 762 496 3637 759 497 3638 759 497 3639 758 499 3640 763 498 3641 764 500 3642 763 498 3643 758 499 3644 758 499 3645 757 501 3646 764 500 3647 765 502 3648 764 500 3649 757 501 3650 757 501 3651 756 503 3652 765 502 3653 766 504 3654 765 502 3655 756 503 3656 756 503 3657 755 505 3658 766 504 3659 767 506 3660 766 504 3661 755 505 3662 755 505 3663 754 507 3664 767 506 3665 768 508 3666 767 506 3667 754 507 3668 754 507 3669 753 509 3670 768 508 3671 769 510 3672 768 508 3673 753 509 3674 753 509 3675 752 511 3676 769 510 3677 770 512 3678 769 510 3679 752 511 3680 752 511 3681 751 513 3682 770 512 3683 771 514 3684 770 512 3685 751 513 3686 751 513 3687 750 515 3688 771 514 3689 373 81 3690 771 514 3691 750 515 3692 750 515 3693 372 82 3694 373 81 3695 740 516 3696 739 452 3697 782 455 3698 782 455 3699 781 517 3700 740 516 3701 741 518 3702 740 516 3703 781 517 3704 781 517 3705 780 519 3706 741 518 3707 742 520 3708 741 518 3709 780 519 3710 780 519 3711 779 521 3712 742 520 3713 743 522 3714 742 520 3715 779 521 3716 779 521 3717 778 523 3718 743 522 3719 744 524 3720 743 522 3721 778 523 3722 778 523 3723 777 525 3724 744 524 3725 745 526 3726 744 524 3727 777 525 3728 777 525 3729 776 527 3730 745 526 3731 746 528 3732 745 526 3733 776 527 3734 776 527 3735 775 529 3736 746 528 3737 747 530 3738 746 528 3739 775 529 3740 775 529 3741 774 531 3742 747 530 3743 748 532 3744 747 530 3745 774 531 3746 774 531 3747 773 533 3748 748 532 3749 749 534 3750 748 532 3751 773 533 3752 773 533 3753 772 535 3754 749 534 3755 370 83 3756 749 534 3757 772 535 3758 772 535 3759 374 84 3760 370 83 3761</p>
        </triangles>
        <triangles material="color-green_001-material" count="234">
          <input semantic="VERTEX" source="#Örüntü_015-mesh-vertices" offset="0"/>
          <input semantic="NORMAL" source="#Örüntü_015-mesh-normals" offset="1"/>
          <input semantic="TEXCOORD" source="#Örüntü_015-mesh-map-0" offset="2" set="0"/>
          <p>235 536 3762 236 536 3763 262 536 3764 262 29 3765 261 29 3766 235 29 3767 236 537 3768 237 537 3769 263 537 3770 263 538 3771 262 538 3772 236 538 3773 237 29 3774 238 29 3775 264 29 3776 264 539 3777 263 539 3778 237 539 3779 238 29 3780 239 29 3781 265 29 3782 265 29 3783 264 29 3784 238 29 3785 239 29 3786 240 29 3787 266 29 3788 266 29 3789 265 29 3790 239 29 3791 240 29 3792 241 29 3793 267 29 3794 267 29 3795 266 29 3796 240 29 3797 241 29 3798 242 29 3799 268 29 3800 268 29 3801 267 29 3802 241 29 3803 242 29 3804 243 29 3805 269 29 3806 269 540 3807 268 540 3808 242 540 3809 243 541 3810 244 541 3811 270 541 3812 270 29 3813 269 29 3814 243 29 3815 244 542 3816 245 542 3817 271 542 3818 271 543 3819 270 543 3820 244 543 3821 245 544 3822 246 544 3823 272 544 3824 272 545 3825 271 545 3826 245 545 3827 246 546 3828 247 546 3829 273 546 3830 273 547 3831 272 547 3832 246 547 3833 247 548 3834 248 548 3835 274 548 3836 274 549 3837 273 549 3838 247 549 3839 248 550 3840 249 550 3841 275 550 3842 275 551 3843 274 551 3844 248 551 3845 249 29 3846 250 29 3847 276 29 3848 276 549 3849 275 549 3850 249 549 3851 250 29 3852 251 29 3853 277 29 3854 277 29 3855 276 29 3856 250 29 3857 251 29 3858 252 29 3859 278 29 3860 278 29 3861 277 29 3862 251 29 3863 252 552 3864 253 552 3865 279 552 3866 279 29 3867 278 29 3868 252 29 3869 253 29 3870 254 29 3871 280 29 3872 280 29 3873 279 29 3874 253 29 3875 254 29 3876 255 29 3877 281 29 3878 281 553 3879 280 553 3880 254 553 3881 255 29 3882 256 29 3883 282 29 3884 282 29 3885 281 29 3886 255 29 3887 256 544 3888 257 544 3889 283 544 3890 283 554 3891 282 554 3892 256 554 3893 257 29 3894 258 29 3895 284 29 3896 284 555 3897 283 555 3898 257 555 3899 258 29 3900 259 29 3901 285 29 3902 285 29 3903 284 29 3904 258 29 3905 259 556 3906 260 556 3907 286 556 3908 286 29 3909 285 29 3910 259 29 3911 260 29 3912 235 29 3913 261 29 3914 261 557 3915 286 557 3916 260 557 3917 261 558 3918 262 558 3919 288 558 3920 288 29 3921 287 29 3922 261 29 3923 262 559 3924 263 559 3925 289 559 3926 289 560 3927 288 560 3928 262 560 3929 263 29 3930 264 29 3931 290 29 3932 290 29 3933 289 29 3934 263 29 3935 264 561 3936 265 561 3937 291 561 3938 291 562 3939 290 562 3940 264 562 3941 265 29 3942 266 29 3943 292 29 3944 292 29 3945 291 29 3946 265 29 3947 266 29 3948 267 29 3949 293 29 3950 293 29 3951 292 29 3952 266 29 3953 267 29 3954 268 29 3955 294 29 3956 294 29 3957 293 29 3958 267 29 3959 268 29 3960 269 29 3961 295 29 3962 295 29 3963 294 29 3964 268 29 3965 269 29 3966 270 29 3967 296 29 3968 296 29 3969 295 29 3970 269 29 3971 270 563 3972 271 563 3973 297 563 3974 297 564 3975 296 564 3976 270 564 3977 271 539 3978 272 539 3979 298 539 3980 298 29 3981 297 29 3982 271 29 3983 272 565 3984 273 565 3985 299 565 3986 299 29 3987 298 29 3988 272 29 3989 273 566 3990 274 566 3991 300 566 3992 300 567 3993 299 567 3994 273 567 3995 274 568 3996 275 568 3997 301 568 3998 301 569 3999 300 569 4000 274 569 4001 275 570 4002 276 570 4003 302 570 4004 302 571 4005 301 571 4006 275 571 4007 276 29 4008 277 29 4009 303 29 4010 303 29 4011 302 29 4012 276 29 4013 277 29 4014 278 29 4015 304 29 4016 304 572 4017 303 572 4018 277 572 4019 278 29 4020 279 29 4021 305 29 4022 305 29 4023 304 29 4024 278 29 4025 279 29 4026 280 29 4027 306 29 4028 306 29 4029 305 29 4030 279 29 4031 280 29 4032 281 29 4033 307 29 4034 307 29 4035 306 29 4036 280 29 4037 281 573 4038 282 573 4039 308 573 4040 308 574 4041 307 574 4042 281 574 4043 282 29 4044 283 29 4045 309 29 4046 309 575 4047 308 575 4048 282 575 4049 283 29 4050 284 29 4051 310 29 4052 310 29 4053 309 29 4054 283 29 4055 284 543 4056 285 543 4057 311 543 4058 311 29 4059 310 29 4060 284 29 4061 285 29 4062 286 29 4063 312 29 4064 312 564 4065 311 564 4066 285 564 4067 286 29 4068 261 29 4069 287 29 4070 287 29 4071 312 29 4072 286 29 4073 287 571 4074 288 571 4075 314 571 4076 314 29 4077 313 29 4078 287 29 4079 288 29 4080 289 29 4081 315 29 4082 315 561 4083 314 561 4084 288 561 4085 289 29 4086 290 29 4087 316 29 4088 316 29 4089 315 29 4090 289 29 4091 290 29 4092 291 29 4093 317 29 4094 317 540 4095 316 540 4096 290 540 4097 291 29 4098 292 29 4099 318 29 4100 318 29 4101 317 29 4102 291 29 4103 292 29 4104 293 29 4105 319 29 4106 319 29 4107 318 29 4108 292 29 4109 293 29 4110 294 29 4111 320 29 4112 320 29 4113 319 29 4114 293 29 4115 294 29 4116 295 29 4117 321 29 4118 321 29 4119 320 29 4120 294 29 4121 295 29 4122 296 29 4123 322 29 4124 322 29 4125 321 29 4126 295 29 4127 296 29 4128 297 29 4129 323 29 4130 323 576 4131 322 576 4132 296 576 4133 297 577 4134 298 577 4135 324 577 4136 324 29 4137 323 29 4138 297 29 4139 298 578 4140 299 578 4141 325 578 4142 325 29 4143 324 29 4144 298 29 4145 299 579 4146 300 579 4147 326 579 4148 326 580 4149 325 580 4150 299 580 4151 300 581 4152 301 581 4153 327 581 4154 327 582 4155 326 582 4156 300 582 4157 301 583 4158 302 583 4159 328 583 4160 328 29 4161 327 29 4162 301 29 4163 302 29 4164 303 29 4165 329 29 4166 329 29 4167 328 29 4168 302 29 4169 303 29 4170 304 29 4171 330 29 4172 330 29 4173 329 29 4174 303 29 4175 304 584 4176 305 584 4177 331 584 4178 331 29 4179 330 29 4180 304 29 4181 305 29 4182 306 29 4183 332 29 4184 332 29 4185 331 29 4186 305 29 4187 306 29 4188 307 29 4189 333 29 4190 333 29 4191 332 29 4192 306 29 4193 307 29 4194 308 29 4195 334 29 4196 334 29 4197 333 29 4198 307 29 4199 308 29 4200 309 29 4201 335 29 4202 335 29 4203 334 29 4204 308 29 4205 309 585 4206 310 585 4207 336 585 4208 336 586 4209 335 586 4210 309 586 4211 310 587 4212 311 587 4213 337 587 4214 337 588 4215 336 588 4216 310 588 4217 311 560 4218 312 560 4219 338 560 4220 338 29 4221 337 29 4222 311 29 4223 312 29 4224 287 29 4225 313 29 4226 313 589 4227 338 589 4228 312 589 4229 313 559 4230 314 559 4231 340 559 4232 340 29 4233 339 29 4234 313 29 4235 314 29 4236 315 29 4237 341 29 4238 341 590 4239 340 590 4240 314 590 4241 315 591 4242 316 591 4243 342 591 4244 342 29 4245 341 29 4246 315 29 4247 316 29 4248 317 29 4249 343 29 4250 343 592 4251 342 592 4252 316 592 4253 317 29 4254 318 29 4255 344 29 4256 344 29 4257 343 29 4258 317 29 4259 318 29 4260 319 29 4261 345 29 4262 345 29 4263 344 29 4264 318 29 4265 319 29 4266 320 29 4267 346 29 4268 346 29 4269 345 29 4270 319 29 4271 320 29 4272 321 29 4273 347 29 4274 347 29 4275 346 29 4276 320 29 4277 321 29 4278 322 29 4279 348 29 4280 348 29 4281 347 29 4282 321 29 4283 322 29 4284 323 29 4285 349 29 4286 349 29 4287 348 29 4288 322 29 4289 323 591 4290 324 591 4291 350 591 4292 350 593 4293 349 593 4294 323 593 4295 324 29 4296 325 29 4297 351 29 4298 351 29 4299 350 29 4300 324 29 4301 325 594 4302 326 594 4303 352 594 4304 352 29 4305 351 29 4306 325 29 4307 326 543 4308 327 543 4309 353 543 4310 353 595 4311 352 595 4312 326 595 4313 327 596 4314 328 596 4315 354 596 4316 354 29 4317 353 29 4318 327 29 4319 328 29 4320 329 29 4321 355 29 4322 355 29 4323 354 29 4324 328 29 4325 329 597 4326 330 597 4327 356 597 4328 356 29 4329 355 29 4330 329 29 4331 330 29 4332 331 29 4333 357 29 4334 357 598 4335 356 598 4336 330 598 4337 331 29 4338 332 29 4339 358 29 4340 358 599 4341 357 599 4342 331 599 4343 332 29 4344 333 29 4345 359 29 4346 359 29 4347 358 29 4348 332 29 4349 333 29 4350 334 29 4351 360 29 4352 360 29 4353 359 29 4354 333 29 4355 334 600 4356 335 600 4357 361 600 4358 361 29 4359 360 29 4360 334 29 4361 335 601 4362 336 601 4363 362 601 4364 362 29 4365 361 29 4366 335 29 4367 336 29 4368 337 29 4369 363 29 4370 363 29 4371 362 29 4372 336 29 4373 337 602 4374 338 602 4375 364 602 4376 364 603 4377 363 603 4378 337 603 4379 338 29 4380 313 29 4381 339 29 4382 339 604 4383 364 604 4384 338 604 4385 365 29 4386 339 29 4387 340 29 4388 365 29 4389 340 29 4390 341 29 4391 365 605 4392 341 605 4393 342 605 4394 365 606 4395 342 606 4396 343 606 4397 365 607 4398 343 607 4399 344 607 4400 365 608 4401 344 608 4402 345 608 4403 365 29 4404 345 29 4405 346 29 4406 365 609 4407 346 609 4408 347 609 4409 365 610 4410 347 610 4411 348 610 4412 365 29 4413 348 29 4414 349 29 4415 365 611 4416 349 611 4417 350 611 4418 365 586 4419 350 586 4420 351 586 4421 365 612 4422 351 612 4423 352 612 4424 365 29 4425 352 29 4426 353 29 4427 365 29 4428 353 29 4429 354 29 4430 365 613 4431 354 613 4432 355 613 4433 365 614 4434 355 614 4435 356 614 4436 365 615 4437 356 615 4438 357 615 4439 365 616 4440 357 616 4441 358 616 4442 365 29 4443 358 29 4444 359 29 4445 365 29 4446 359 29 4447 360 29 4448 365 617 4449 360 617 4450 361 617 4451 365 547 4452 361 547 4453 362 547 4454 365 618 4455 362 618 4456 363 618 4457 365 29 4458 363 29 4459 364 29 4460 365 29 4461 364 29 4462 339 29 4463</p>
        </triangles>
      </mesh>
    </geometry>
    <geometry id="Örüntü_014-mesh" name="Örüntü.014">
      <mesh>
        <source id="Örüntü_014-mesh-positions">
          <float_array id="Örüntü_014-mesh-positions-array" count="1098">0 0 0 0.1714286 0 0 0.1664472 0.0410254 0 0.1517925 0.07966679 0 0.1283161 0.1136782 0 0.09738248 0.141083 0 0.0607891 0.1602885 0 0.02066338 0.1701787 0 -0.02066338 0.1701787 0 -0.0607891 0.1602885 0 -0.09738248 0.141083 0 -0.1283161 0.1136782 0 -0.1517925 0.07966679 0 -0.1664472 0.0410254 0 -0.1714286 0 0 -0.1664471 -0.0410254 0 -0.1517924 -0.07966691 0 -0.1283161 -0.1136782 0 -0.09738242 -0.141083 0 -0.06078898 -0.1602885 0 -0.02066326 -0.1701787 0 0.02066344 -0.1701787 0 0.06078958 -0.1602884 0 0.09738266 -0.1410828 0 0.1283162 -0.113678 0 0.1517925 -0.07966661 0 0.1664472 -0.04102528 0 0.3428572 0 0 0.3328944 0.08205109 0 0.3035849 0.1593337 0 0.2566323 0.2273563 0 0.194765 0.2821659 0 0.1215788 0.320577 0 0.04132682 0.3403574 0 -0.04132682 0.3403574 0 -0.1215788 0.320577 0 -0.194765 0.282166 0 -0.2566323 0.2273563 0 -0.3035849 0.1593336 0 -0.3328944 0.08205097 0 -0.3428572 0 0 -0.3328943 -0.08205121 0 -0.3035849 -0.1593338 0 -0.2566322 -0.2273565 0 -0.1947649 -0.2821661 0 -0.1215785 -0.3205771 0 -0.04132652 -0.3403574 0 0.04132694 -0.3403573 0 0.1215792 -0.3205769 0 0.1947654 -0.2821657 0 0.2566326 -0.227356 0 0.3035852 -0.1593332 0 0.3328945 -0.08205056 0 0.5142858 0 0 0.4993416 0.1230766 0 0.4553775 0.2390004 0 0.3849484 0.3410345 0 0.2921476 0.4232489 0 0.1823682 0.4808655 0 0.06199026 0.5105361 0 -0.06199026 0.5105361 0 -0.1823682 0.4808655 0 -0.2921476 0.4232489 0 -0.3849484 0.3410345 0 -0.4553775 0.2390004 0 -0.4993416 0.1230764 0 -0.5142858 -1.67576e-7 0 -0.4993415 -0.1230768 0 -0.4553773 -0.2390007 0 -0.3849483 -0.3410348 0 -0.2921473 -0.4232491 0 -0.1823678 -0.4808657 0 -0.06198978 -0.5105361 0 0.06199049 -0.510536 0 0.1823688 -0.4808654 0 0.2921481 -0.4232485 0 0.3849489 -0.3410341 0 0.4553778 -0.2389999 0 0.4993418 -0.1230759 0 0.6857144 0 0 0.6657888 0.1641021 0 0.6071699 0.3186674 0 0.5132645 0.4547128 0 0.3895301 0.5643318 0 0.2431576 0.6411541 0 0.0826537 0.6807147 0 -0.0826537 0.6807147 0 -0.2431576 0.6411541 0 -0.3895301 0.5643319 0 -0.5132646 0.4547127 0 -0.6071699 0.3186672 0 -0.6657888 0.164102 0 -0.6857144 -2.23434e-7 0 -0.6657887 -0.1641024 0 -0.6071698 -0.3186677 0 -0.5132643 -0.4547131 0 -0.3895297 -0.5643321 0 -0.2431571 -0.6411542 0 -0.0826531 -0.6807148 0 0.08265441 -0.6807147 0 0.2431584 -0.6411538 0 0.3895308 -0.5643314 0 0.5132651 -0.454712 0 0.6071704 -0.3186665 0 0.665789 -0.1641011 0 0.8571429 0 0 0.8322359 0.2051277 0 0.7589624 0.3983342 0 0.6415807 0.5683909 0 0.4869126 0.7054148 0 0.303947 0.8014426 0 0.1033172 0.8508934 0 -0.1033171 0.8508934 0 -0.303947 0.8014426 0 -0.4869126 0.7054148 0 -0.6415807 0.5683909 0 -0.7589624 0.398334 0 -0.832236 0.2051275 0 -0.8571429 -2.79293e-7 0 -0.8322358 -0.205128 0 -0.7589622 -0.3983346 0 -0.6415804 -0.5683913 0 -0.4869121 -0.7054151 0 -0.3039464 -0.8014428 0 -0.1033164 -0.8508934 0 0.103318 -0.8508933 0 0.3039479 -0.8014422 0 0.4869136 -0.7054142 0 0.6415814 -0.5683901 0 0.7589629 -0.3983331 0 0.8322362 -0.2051265 0 1.028572 0 0 0.9986832 0.2461532 0 0.9107549 0.4780011 0 0.7698969 0.6820691 0 0.5842952 0.8464978 0 0.3647365 0.9617311 0 0.1239806 1.021072 0 -0.1239805 1.021072 0 -0.3647364 0.9617311 0 -0.5842952 0.8464978 0 -0.7698969 0.6820691 0 -0.9107549 0.4780009 0 -0.9986833 0.2461529 0 -1.028572 -3.35151e-7 0 -0.998683 -0.2461537 0 -0.9107546 -0.4780015 0 -0.7698965 -0.6820696 0 -0.5842946 -0.8464983 0 -0.3647357 -0.9617314 0 -0.1239796 -1.021072 0 0.1239816 -1.021072 0 0.3647376 -0.9617307 0 0.5842963 -0.8464971 0 0.7698978 -0.6820681 0 0.9107555 -0.4779997 0 0.9986836 -0.2461518 0 1.2 0 0 1.16513 0.2871788 0 1.062547 0.5576679 0 0.8982129 0.7957473 0 0.6816776 0.9875807 0 0.4255259 1.12202 0 0.144644 1.191251 0 -0.144644 1.191251 0 -0.4255258 1.12202 0 -0.6816776 0.9875807 0 -0.898213 0.7957472 0 -1.062547 0.5576677 0 -1.16513 0.2871785 0 -1.2 -3.9101e-7 0 -1.16513 -0.2871793 0 -1.062547 -0.5576684 0 -0.8982125 -0.7957478 0 -0.681677 -0.9875812 0 -0.425525 -1.12202 0 -0.1446429 -1.191251 0 0.1446452 -1.191251 0 0.4255271 -1.122019 0 0.681679 -0.9875799 0 0.898214 -0.7957461 0 1.062548 -0.5576663 0 1.165131 -0.287177 0 1.2 0 0.2 1.16513 0.2871788 0.2 1.062547 0.5576679 0.2 0.8982129 0.7957473 0.2 0.6816776 0.9875807 0.2 0.4255259 1.12202 0.2 0.144644 1.191251 0.2 -0.144644 1.191251 0.2 -0.4255258 1.12202 0.2 -0.6816776 0.9875807 0.2 -0.898213 0.7957472 0.2 -1.062547 0.5576677 0.2 -1.16513 0.2871785 0.2 -1.2 -3.9101e-7 0.2 -1.16513 -0.2871793 0.2 -1.062547 -0.5576684 0.2 -0.8982125 -0.7957478 0.2 -0.681677 -0.9875812 0.2 -0.425525 -1.12202 0.2 -0.1446429 -1.191251 0.2 0.1446452 -1.191251 0.2 0.4255271 -1.122019 0.2 0.681679 -0.9875799 0.2 0.898214 -0.7957461 0.2 1.062548 -0.5576663 0.2 1.165131 -0.287177 0.2 1.028571 0 0.2 0.9986831 0.2461532 0.2 0.9107549 0.478001 0.2 0.7698968 0.6820691 0.2 0.5842952 0.8464977 0.2 0.3647364 0.961731 0.2 0.1239806 1.021072 0.2 -0.1239805 1.021072 0.2 -0.3647364 0.961731 0.2 -0.5842952 0.8464978 0.2 -0.7698969 0.6820691 0.2 -0.9107549 0.4780009 0.2 -0.9986832 0.2461529 0.2 -1.028571 -3.35151e-7 0.2 -0.998683 -0.2461537 0.2 -0.9107546 -0.4780015 0.2 -0.7698965 -0.6820695 0.2 -0.5842946 -0.8464982 0.2 -0.3647357 -0.9617313 0.2 -0.1239796 -1.021072 0.2 0.1239816 -1.021072 0.2 0.3647375 -0.9617306 0.2 0.5842962 -0.8464971 0.2 0.7698977 -0.6820681 0.2 0.9107555 -0.4779997 0.2 0.9986835 -0.2461518 0.2 0.8571429 0 0.2 0.8322359 0.2051277 0.2 0.7589624 0.3983342 0.2 0.6415807 0.5683909 0.2 0.4869126 0.7054148 0.2 0.303947 0.8014426 0.2 0.1033172 0.8508934 0.2 -0.1033171 0.8508934 0.2 -0.303947 0.8014426 0.2 -0.4869126 0.7054148 0.2 -0.6415807 0.5683909 0.2 -0.7589624 0.398334 0.2 -0.832236 0.2051275 0.2 -0.8571429 -2.79293e-7 0.2 -0.8322358 -0.205128 0.2 -0.7589622 -0.3983346 0.2 -0.6415804 -0.5683913 0.2 -0.4869121 -0.7054151 0.2 -0.3039464 -0.8014428 0.2 -0.1033164 -0.8508934 0.2 0.103318 -0.8508933 0.2 0.3039479 -0.8014422 0.2 0.4869136 -0.7054142 0.2 0.6415814 -0.5683901 0.2 0.7589629 -0.3983331 0.2 0.8322362 -0.2051265 0.2 0.6857143 0 0.2 0.6657887 0.1641021 0.2 0.6071699 0.3186673 0.2 0.5132645 0.4547127 0.2 0.3895301 0.5643318 0.2 0.2431576 0.641154 0.2 0.0826537 0.6807146 0.2 -0.0826537 0.6807146 0.2 -0.2431576 0.641154 0.2 -0.3895301 0.5643318 0.2 -0.5132645 0.4547126 0.2 -0.6071699 0.3186672 0.2 -0.6657888 0.164102 0.2 -0.6857143 -2.23434e-7 0.2 -0.6657886 -0.1641024 0.2 -0.6071697 -0.3186676 0.2 -0.5132642 -0.454713 0.2 -0.3895297 -0.5643321 0.2 -0.2431571 -0.6411542 0.2 -0.0826531 -0.6807147 0.2 0.08265441 -0.6807146 0.2 0.2431583 -0.6411537 0.2 0.3895308 -0.5643314 0.2 0.5132651 -0.454712 0.2 0.6071703 -0.3186664 0.2 0.665789 -0.1641011 0.2 0.5142857 0 0.2 0.4993415 0.1230766 0.2 0.4553774 0.2390004 0.2 0.3849484 0.3410345 0.2 0.2921475 0.4232488 0.2 0.1823682 0.4808655 0.2 0.06199026 0.510536 0.2 -0.06199026 0.510536 0.2 -0.1823682 0.4808655 0.2 -0.2921475 0.4232488 0.2 -0.3849484 0.3410345 0.2 -0.4553774 0.2390004 0.2 -0.4993416 0.1230764 0.2 -0.5142857 -1.67576e-7 0.2 -0.4993414 -0.1230768 0.2 -0.4553772 -0.2390007 0.2 -0.3849482 -0.3410348 0.2 -0.2921472 -0.4232491 0.2 -0.1823678 -0.4808656 0.2 -0.06198978 -0.510536 0.2 0.06199049 -0.5105359 0.2 0.1823686 -0.4808652 0.2 0.2921481 -0.4232485 0.2 0.3849488 -0.341034 0.2 0.4553777 -0.2389998 0.2 0.4993417 -0.1230759 0.2 0.3428571 0 0.2 0.3328943 0.08205103 0.2 0.3035849 0.1593337 0.2 0.2566322 0.2273563 0.2 0.194765 0.2821659 0.2 0.1215788 0.320577 0.2 0.04132682 0.3403573 0.2 -0.04132682 0.3403573 0.2 -0.1215788 0.320577 0.2 -0.194765 0.2821659 0.2 -0.2566323 0.2273563 0.2 -0.3035849 0.1593336 0.2 -0.3328944 0.08205097 0.2 -0.3428571 0 0.2 -0.3328943 -0.08205121 0.2 -0.3035848 -0.1593338 0.2 -0.2566321 -0.2273565 0.2 -0.1947648 -0.282166 0.2 -0.1215785 -0.3205771 0.2 -0.04132652 -0.3403574 0.2 0.04132694 -0.3403573 0.2 0.1215791 -0.3205769 0.2 0.1947654 -0.2821657 0.2 0.2566325 -0.227356 0.2 0.3035851 -0.1593332 0.2 0.3328945 -0.08205056 0.2 0.1714285 0 0.2 0.1664471 0.0410254 0.2 0.1517924 0.07966679 0.2 0.1283161 0.113678 0.2 0.09738242 0.1410828 0.2 0.06078904 0.1602884 0.2 0.02066338 0.1701785 0.2 -0.02066338 0.1701785 0.2 -0.06078904 0.1602884 0.2 -0.09738242 0.1410829 0.2 -0.1283161 0.113678 0.2 -0.1517924 0.07966673 0.2 -0.1664471 0.0410254 0.2 -0.1714285 0 0.2 -0.1664471 -0.0410254 0.2 -0.1517923 -0.07966685 0.2 -0.128316 -0.1136782 0.2 -0.09738236 -0.141083 0.2 -0.06078892 -0.1602885 0.2 -0.02066326 -0.1701786 0.2 0.02066344 -0.1701785 0.2 0.06078922 -0.1602883 0.2 0.09738266 -0.1410828 0.2 0.1283162 -0.1136779 0.2 0.1517925 -0.07966655 0.2 0.1664471 -0.04102522 0.2 0 0 0.2</float_array>
          <technique_common>
            <accessor source="#Örüntü_014-mesh-positions-array" count="366" stride="3">
              <param name="X" type="float"/>
              <param name="Y" type="float"/>
              <param name="Z" type="float"/>
            </accessor>
          </technique_common>
        </source>
        <source id="Örüntü_014-mesh-normals">
          <float_array id="Örüntü_014-mesh-normals-array" count="612">0 0 -1 0.7110479 0.175244 -0.6809555 0.7323368 0 0.6809427 0.7323368 0 -0.6809427 0.6484483 0.3403232 -0.6809516 0.7110479 0.175244 0.6809555 0.5481587 0.4856244 -0.6809486 0.6484483 0.3403232 0.6809516 0.41601 0.6026973 -0.680949 0.5481587 0.4856244 0.6809486 0.2596909 0.6847368 -0.6809524 0.41601 0.6026973 0.680949 0.08826148 0.7269974 -0.680944 0.2596909 0.6847368 0.6809524 -0.08826148 0.7269974 -0.680944 0.08826148 0.7269974 0.680944 -0.2596909 0.6847368 -0.6809524 -0.08826148 0.7269974 0.680944 -0.41601 0.6026973 -0.680949 -0.2596909 0.6847368 0.6809524 -0.5481587 0.4856244 -0.6809486 -0.41601 0.6026973 0.680949 -0.6484483 0.3403232 -0.6809516 -0.5481587 0.4856244 0.6809486 -0.7110479 0.175244 -0.6809555 -0.6484483 0.3403232 0.6809516 -0.7323368 0 -0.6809427 -0.7110479 0.175244 0.6809555 -0.7110479 -0.175244 -0.6809555 -0.7323368 0 0.6809427 -0.6484483 -0.3403232 -0.6809516 -0.7110479 -0.175244 0.6809555 -0.5481587 -0.4856244 -0.6809486 -0.6484483 -0.3403232 0.6809516 -0.41601 -0.6026973 -0.680949 -0.5481587 -0.4856244 0.6809486 -0.2596909 -0.6847368 -0.6809524 -0.41601 -0.6026973 0.680949 -0.08826148 -0.7269974 -0.680944 -0.2596909 -0.6847368 0.6809524 0.08826148 -0.7269974 -0.680944 -0.08826148 -0.7269974 0.680944 0.2596909 -0.6847368 -0.6809524 0.08826148 -0.7269974 0.680944 0.41601 -0.6026973 -0.680949 0.2596909 -0.6847368 0.6809524 0.5481587 -0.4856244 -0.6809486 0.41601 -0.6026973 0.680949 0.6484483 -0.3403232 -0.6809516 0.5481587 -0.4856244 0.6809486 0.7110479 -0.175244 -0.6809555 0.6484483 -0.3403232 0.6809516 0.7110479 -0.175244 0.6809555 0 0 1 0 0 1 0 0 1 1.76564e-7 0 1 0 0 1 0 0 1 -1.76563e-7 0 1 0 0 1 0 0 1 0 0 1 -1.76564e-7 0 1 0 0 1 -2.11876e-7 0 1 0 0 1 -2.11876e-7 0 1 0 0 1 1.76361e-7 0 1 0 0 1 2.11876e-7 0 1 0 0 1 0 0 1 0 0 1 0 0 1 0 0 1 -2.11876e-7 0 1 0 0 1 1.32423e-7 0 1 0 0 1 0 0 1 -2.11876e-7 0 1 -1.32423e-7 0 1 -1.32423e-7 0 1 0 0 1 1.32423e-7 0 1 0 0 1 -1.32423e-7 0 1 0 0 1 -1.32423e-7 0 1 0 0 1 -1.32423e-7 0 1 0 0 1 -2.64845e-7 0 1 0 0 1 -2.64846e-7 0 1 -1.32423e-7 0 1 -1.76563e-7 0 1 0 0 1 -1.76564e-7 0 1 0 0 1 1.76564e-7 0 1 1.32423e-7 0 1 2.64845e-7 0 1 -1.32423e-7 0 1 1.32424e-7 0 1 1.32423e-7 0 1 -1.32423e-7 0 1 3.97268e-7 0 1 0 0 1 1.76563e-7 0 1 0 0 1 -1.98634e-7 0 1 0 0 1 1.32422e-7 0 1 2.64846e-7 0 1 -2.64845e-7 0 1 3.31055e-7 0 1 -4.63482e-7 0 1 -2.64844e-7 0 1 -2.64845e-7 0 1 1.32423e-7 0 1 -1.32423e-7 0 1 1.32423e-7 0 1 -1.98633e-7 0 1 5.2969e-7 0 1 -4.23754e-7 0 1 1.98633e-7 0 1 -2.64845e-7 0 1 -1.32423e-7 0 1 -1.32423e-7 0 1 2.64846e-7 0 1 -3.97268e-7 0 1 7.28322e-7 0 1 -4.63483e-7 0 1 4.63483e-7 0 1 -5.29689e-7 0 1 2.64845e-7 0 1 -1.32423e-7 0 1 2.64845e-7 0 1 1.98633e-7 0 1 -8.60754e-7 0 1 4.23755e-7 0 1 3.31056e-7 0 1 -1.32423e-7 0 1 -3.97269e-7 0 1 3.97269e-7 0 1 0 0 1 0 0 1 0 0 1 1.76563e-7 0 1 0 0 1 -1.76564e-7 0 1 0 0 1 0 0 1 0 0 1 0 0 1 0 0 1 0 0 1 0 0 1 -2.11877e-7 0 1 2.11876e-7 0 1 2.20704e-7 0 1 0 0 1 1.32423e-7 0 1 2.11876e-7 0 1 2.64845e-7 0 1 0 0 1 1.32423e-7 0 1 0 0 1 0 0 1 2.64845e-7 0 1 1.76564e-7 0 1 0 0 1 0 0 1 -1.76564e-7 0 1 2.20704e-7 0 1 1.41251e-7 0 1 -2.20704e-7 0 1 -1.32423e-7 0 1 0 0 1 1.32423e-7 0 1 -3.97268e-7 0 1 1.32423e-7 0 1 1.76564e-7 0 1 1.32423e-7 0 1 -3.53127e-7 0 1 1.98634e-7 0 1 0 0 1 0 0 1 -2.64846e-7 0 1 2.64845e-7 0 1 -2.64846e-7 0 1 -1.32422e-7 0 1 4.63482e-7 0 1 2.64845e-7 0 1 1.32423e-7 0 1 -2.64844e-7 0 1 2.64845e-7 0 1 -1.98635e-7 0 1 1.32423e-7 0 1 -1.32423e-7 0 1 1.32423e-7 0 1</float_array>
          <technique_common>
            <accessor source="#Örüntü_014-mesh-normals-array" count="204" stride="3">
              <param name="X" type="float"/>
              <param name="Y" type="float"/>
              <param name="Z" type="float"/>
            </accessor>
          </technique_common>
        </source>
        <source id="Örüntü_014-mesh-map-0">
          <float_array id="Örüntü_014-mesh-map-0-array" count="4368">0.5 0 0.7884616 0 0.75 0 0.5 0 0.8269231 0 0.7884616 0 0.5 0 0.8653846 0 0.8269231 0 0.5 0 0.9038462 0 0.8653846 0 0.5 0 0.9423077 0 0.9038462 0 0.5 0 0.9807692 0 0.9423077 0 0.5 0 0.01923078 0 -0.01923078 0 0.5 0 0.05769217 0 0.01923078 0 0.5 0 0.09615385 0 0.05769217 0 0.5 0 0.1346154 0 0.09615385 0 0.5 0 0.1730769 0 0.1346154 0 0.5 0 0.2115384 0 0.1730769 0 0.5 0 0.2500001 0 0.2115384 0 0.5 0 0.2884616 0 0.2500001 0 0.5 0 0.3269231 0 0.2884616 0 0.5 0 0.3653847 0 0.3269231 0 0.5 0 0.4038463 0 0.3653847 0 0.5 0 0.4423078 0 0.4038463 0 0.5 0 0.4807694 0 0.4423078 0 0.5 0 0.519231 0 0.4807694 0 0.5 0 0.5576925 0 0.519231 0 0.5 0 0.596154 0 0.5576925 0 0.5 0 0.6346156 0 0.596154 0 0.5 0 0.6730772 0 0.6346156 0 0.5 0 0.7115387 0 0.6730772 0 0.5 0 0.75 0 0.7115387 0 0.7884616 0 0.75 0 0.75 0 0.7884616 0 0.8269231 0 0.7884616 0 0.8269231 0 0.8653846 0 0.8269231 0 0.8653846 0 0.9038462 0 0.8653846 0 0.9423077 0 0.9038462 0 0.9038462 0 0.9807692 0 0.9423077 0 0.9423077 0 0.01923078 0 -0.01923078 0 -0.01923078 0 0.01923078 0 0.05769217 0 0.01923078 0 0.09615385 0 0.05769217 0 0.05769217 0 0.1346154 0 0.09615385 0 0.09615385 0 0.1346154 0 0.1730769 0 0.1346154 0 0.2115384 0 0.1730769 0 0.1730769 0 0.2115384 0 0.2500001 0 0.2115384 0 0.2500001 0 0.2884616 0 0.2500001 0 0.3269231 0 0.2884616 0 0.2884616 0 0.3653847 0 0.3269231 0 0.3269231 0 0.3653847 0 0.4038463 0 0.3653847 0 0.4038463 0 0.4423078 0 0.4038463 0 0.4807694 0 0.4423078 0 0.4423078 0 0.519231 0 0.4807694 0 0.4807694 0 0.519231 0 0.5576925 0 0.519231 0 0.596154 0 0.5576925 0 0.5576925 0 0.596154 0 0.6346156 0 0.596154 0 0.6346156 0 0.6730772 0 0.6346156 0 0.7115387 0 0.6730772 0 0.6730772 0 0.75 0 0.7115387 0 0.7115387 0 0.75 0 0.7884616 0 0.75 0 0.8269231 0 0.7884616 0 0.7884616 0 0.8269231 0 0.8653846 0 0.8269231 0 0.8653846 0 0.9038462 0 0.8653846 0 0.9423077 0 0.9038462 0 0.9038462 0 0.9807692 0 0.9423077 0 0.9423077 0 0.01923078 0 -0.01923078 0 -0.01923078 0 0.01923078 0 0.05769217 0 0.01923078 0 0.09615385 0 0.05769217 0 0.05769217 0 0.1346154 0 0.09615385 0 0.09615385 0 0.1346154 0 0.1730769 0 0.1346154 0 0.2115384 0 0.1730769 0 0.1730769 0 0.2115384 0 0.2500001 0 0.2115385 0 0.2500001 0 0.2884616 0 0.2500001 0 0.3269231 0 0.2884616 0 0.2884616 0 0.3653847 0 0.3269232 0 0.3269231 0 0.3653847 0 0.4038463 0 0.3653847 0 0.4423078 0 0.4038463 0 0.4038463 0 0.4423078 0 0.4807694 0 0.4423078 0 0.519231 0 0.4807694 0 0.4807694 0 0.519231 0 0.5576925 0 0.519231 0 0.596154 0 0.5576925 0 0.5576925 0 0.596154 0 0.6346156 0 0.596154 0 0.6346156 0 0.6730772 0 0.6346156 0 0.7115387 0 0.6730772 0 0.6730772 0 0.7115387 0 0.75 0 0.7115387 0 0.75 0 0.7884616 0 0.75 0 0.8269231 0 0.7884616 0 0.7884616 0 0.8269231 0 0.8653846 0 0.8269231 0 0.8653846 0 0.9038462 0 0.8653846 0 0.9423077 0 0.9038462 0 0.9038462 0 0.9807692 0 0.9423077 0 0.9423077 0 0.01923078 0 -0.01923078 0 -0.01923078 0 0.01923078 0 0.05769217 0 0.01923078 0 0.09615385 0 0.05769217 0 0.05769217 0 0.1346154 0 0.09615385 0 0.09615385 0 0.1346154 0 0.1730769 0 0.1346154 0 0.2115385 0 0.1730769 0 0.1730769 0 0.2115385 0 0.2500001 0 0.2115384 0 0.2500001 0 0.2884616 0 0.2500001 0 0.3269232 0 0.2884616 0 0.2884616 0 0.3653847 0 0.3269231 0 0.3269232 0 0.3653847 0 0.4038463 0 0.3653847 0 0.4038463 0 0.4423078 0 0.4038463 0 0.4423078 0 0.4807694 0 0.4423078 0 0.519231 0 0.4807694 0 0.4807694 0 0.519231 0 0.5576925 0 0.519231 0 0.596154 0 0.5576925 0 0.5576925 0 0.596154 0 0.6346156 0 0.596154 0 0.6346156 0 0.6730772 0 0.6346156 0 0.7115387 0 0.6730772 0 0.6730772 0 0.7115387 0 0.75 0 0.7115387 0 0.7884616 0 0.75 0 0.75 0 0.8269231 0 0.7884616 0 0.7884616 0 0.8269231 0 0.8653846 0 0.8269231 0 0.8653846 0 0.9038462 0 0.8653846 0 0.9423077 0 0.9038462 0 0.9038462 0 0.9423077 0 0.9807692 0 0.9423077 0 0.01923078 0 -0.01923078 0 -0.01923078 0 0.05769217 0 0.01923078 0 0.01923078 0 0.09615385 0 0.05769217 0 0.05769217 0 0.1346154 0 0.09615385 0 0.09615385 0 0.1346154 0 0.1730769 0 0.1346154 0 0.2115384 0 0.1730769 0 0.1730769 0 0.2115384 0 0.2500001 0 0.2115385 0 0.2500001 0 0.2884616 0 0.2500001 0 0.3269231 0 0.2884616 0 0.2884616 0 0.3653847 0 0.3269231 0 0.3269231 0 0.3653847 0 0.4038463 0 0.3653847 0 0.4423078 0 0.4038463 0 0.4038463 0 0.4423078 0 0.4807694 0 0.4423078 0 0.519231 0 0.4807694 0 0.4807694 0 0.519231 0 0.5576925 0 0.519231 0 0.596154 0 0.5576925 0 0.5576925 0 0.596154 0 0.6346156 0 0.596154 0 0.6346156 0 0.6730772 0 0.6346156 0 0.7115387 0 0.6730772 0 0.6730772 0 0.7115387 0 0.75 0 0.7115387 0 0.75 0 0.7884616 0 0.75 0 0.8269231 0 0.7884616 0 0.7884616 0 0.8269231 0 0.8653846 0 0.8269231 0 0.8653846 0 0.9038462 0 0.8653846 0 0.9423077 0 0.9038462 0 0.9038462 0 0.9807692 0 0.9423077 0 0.9423077 0 0.01923078 0 -0.01923078 0 -0.01923078 0 0.01923078 0 0.05769217 0 0.01923078 0 0.09615385 0 0.05769217 0 0.05769217 0 0.1346154 0 0.09615385 0 0.09615385 0 0.1346154 0 0.1730769 0 0.1346154 0 0.2115385 0 0.1730769 0 0.1730769 0 0.2115385 0 0.2500001 0 0.2115385 0 0.2500001 0 0.2884616 0 0.2500001 0 0.3269231 0 0.2884616 0 0.2884616 0 0.3653847 0 0.3269232 0 0.3269231 0 0.3653847 0 0.4038463 0 0.3653847 0 0.4423078 0 0.4038463 0 0.4038463 0 0.4423078 0 0.4807694 0 0.4423078 0 0.519231 0 0.4807694 0 0.4807694 0 0.519231 0 0.5576925 0 0.519231 0 0.596154 0 0.5576925 0 0.5576925 0 0.596154 0 0.6346156 0 0.596154 0 0.6346156 0 0.6730772 0 0.6346156 0 0.7115387 0 0.6730772 0 0.6730772 0 0.75 0 0.7115387 0 0.7115387 0 0.7884616 0 0.75 0 0.75 0 0.8269231 0 0.7884616 0 0.7884616 0 0.8653846 0 0.8269231 0 0.8269231 0 0.8653846 0 0.9038462 0 0.8653846 0 0.9423077 0 0.9038462 0 0.9038462 0 0.9807692 0 0.9423077 0 0.9423077 0 0.01923078 0 -0.01923078 0 -0.01923078 0 0.01923078 0 0.05769217 0 0.01923078 0 0.09615385 0 0.05769217 0 0.05769217 0 0.1346154 0 0.09615385 0 0.09615385 0 0.1346154 0 0.1730769 0 0.1346154 0 0.2115385 0 0.1730769 0 0.1730769 0 0.2115385 0 0.2500001 0 0.2115385 0 0.2884616 0 0.2500001 0 0.2500001 0 0.2884616 0 0.3269231 0 0.2884616 0 0.3653847 0 0.3269231 0 0.3269232 0 0.3653847 0 0.4038463 0 0.3653847 0 0.4038463 0 0.4423078 0 0.4038463 0 0.4423078 0 0.4807694 0 0.4423078 0 0.519231 0 0.4807694 0 0.4807694 0 0.519231 0 0.5576925 0 0.519231 0 0.596154 0 0.5576925 0 0.5576925 0 0.596154 0 0.6346156 0 0.596154 0 0.6346156 0 0.6730771 0 0.6346156 0 0.7115387 0 0.6730771 0 0.6730772 0 0.7115387 0 0.75 0 0.7115387 0 0.7884616 0 0.75 1 0.75 0 0.8269231 0 0.7884616 1 0.7884616 0 0.8653846 0 0.8269231 1 0.8269231 0 0.9038462 0 0.8653846 1 0.8653846 0 0.9423077 0 0.9038462 1 0.9038462 0 0.9807692 0 0.9423077 1 0.9423077 0 0.01923078 0 -0.01923078 1 -0.01923078 0 0.05769217 0 0.01923078 1 0.01923078 0 0.09615385 0 0.05769217 1 0.05769217 0 0.1346154 0 0.09615385 1 0.09615385 0 0.1730769 0 0.1346154 1 0.1346154 0 0.2115385 0 0.1730769 1 0.1730769 0 0.2500001 0 0.2115385 1 0.2115385 0 0.2884616 0 0.2500001 1 0.2500001 0 0.3269231 0 0.2884616 1 0.2884616 0 0.3653847 0 0.3269231 1 0.3269231 0 0.4038463 0 0.3653847 1 0.3653847 0 0.4423078 0 0.4038463 1 0.4038463 0 0.4807694 0 0.4423078 1 0.4423078 0 0.519231 0 0.4807694 1 0.4807694 0 0.5576925 0 0.519231 1 0.519231 0 0.596154 0 0.5576925 1 0.5576925 0 0.6346156 0 0.596154 1 0.596154 0 0.6730771 0 0.6346156 1 0.6346156 0 0.7115387 0 0.6730771 1 0.6730771 0 0.75 0 0.7115387 1 0.7115387 0 0.75 1 0.7884616 1 0.75 1 0.7884616 1 0.826923 1 0.7884616 1 0.8653846 1 0.826923 1 0.8269231 1 0.9038462 1 0.8653846 1 0.8653846 1 0.9038462 1 0.9423077 1 0.9038462 1 0.9423077 1 0.9807692 1 0.9423077 1 0.01923078 1 -0.01923078 1 -0.01923078 1 0.05769217 1 0.01923078 1 0.01923078 1 0.05769217 1 0.09615385 1 0.05769217 1 0.09615385 1 0.1346154 1 0.09615385 1 0.1730769 1 0.1346154 1 0.1346154 1 0.1730769 1 0.2115384 1 0.1730769 1 0.2500001 1 0.2115384 1 0.2115385 1 0.2500001 1 0.2884616 1 0.2500001 1 0.3269231 1 0.2884616 1 0.2884616 1 0.3269231 1 0.3653847 1 0.3269232 1 0.4038463 1 0.3653847 1 0.3653847 1 0.4423078 1 0.4038463 1 0.4038463 1 0.4807694 1 0.4423078 1 0.4423078 1 0.4807694 1 0.519231 1 0.4807694 1 0.5576925 1 0.519231 1 0.519231 1 0.5576925 1 0.596154 1 0.5576925 1 0.596154 1 0.6346156 1 0.596154 1 0.6730771 1 0.6346156 1 0.6346156 1 0.6730771 1 0.7115387 1 0.6730771 1 0.75 1 0.7115387 1 0.7115387 1 0.75 1 0.7884616 1 0.75 1 0.7884616 1 0.8269231 1 0.7884616 1 0.8653846 1 0.8269231 1 0.826923 1 0.9038462 1 0.8653846 1 0.8653846 1 0.9038462 1 0.9423077 1 0.9038462 1 0.9423077 1 0.9807692 1 0.9423077 1 0.01923078 1 -0.01923078 1 -0.01923078 1 0.05769217 1 0.01923078 1 0.01923078 1 0.05769217 1 0.09615385 1 0.05769217 1 0.09615385 1 0.1346154 1 0.09615385 1 0.1730769 1 0.1346154 1 0.1346154 1 0.1730769 1 0.2115385 1 0.1730769 1 0.2500001 1 0.2115385 1 0.2115384 1 0.2884616 1 0.2500001 1 0.2500001 1 0.3269232 1 0.2884616 1 0.2884616 1 0.3269232 1 0.3653847 1 0.3269231 1 0.4038463 1 0.3653847 1 0.3653847 1 0.4038463 1 0.4423078 1 0.4038463 1 0.4423078 1 0.4807694 1 0.4423078 1 0.4807694 1 0.519231 1 0.4807694 1 0.5576925 1 0.519231 1 0.519231 1 0.5576925 1 0.596154 1 0.5576925 1 0.6346156 1 0.596154 1 0.596154 1 0.6730771 1 0.6346156 1 0.6346156 1 0.6730771 1 0.7115387 1 0.6730772 1 0.75 1 0.7115387 1 0.7115387 1 0.75 1 0.7884616 1 0.75 1 0.7884616 1 0.8269231 1 0.7884616 1 0.8653846 1 0.8269231 1 0.8269231 1 0.9038462 1 0.8653846 1 0.8653846 1 0.9038462 1 0.9423077 1 0.9038462 1 0.9807692 1 0.9423077 1 0.9423077 1 0.01923078 1 -0.01923078 1 -0.01923078 1 0.01923078 1 0.05769217 1 0.01923078 1 0.05769217 1 0.09615385 1 0.05769217 1 0.1346154 1 0.09615385 1 0.09615385 1 0.1730769 1 0.1346154 1 0.1346154 1 0.1730769 1 0.2115385 1 0.1730769 1 0.2500001 1 0.2115385 1 0.2115385 1 0.2884616 1 0.2500001 1 0.2500001 1 0.2884616 1 0.3269231 1 0.2884616 1 0.3269231 1 0.3653848 1 0.3269231 1 0.4038463 1 0.3653848 1 0.3653847 1 0.4038463 1 0.4423078 1 0.4038463 1 0.4807694 1 0.4423078 1 0.4423078 1 0.519231 1 0.4807694 1 0.4807694 1 0.5576925 1 0.519231 1 0.519231 1 0.5576925 1 0.596154 1 0.5576925 1 0.6346156 1 0.596154 1 0.596154 1 0.6730772 1 0.6346156 1 0.6346156 1 0.6730772 1 0.7115387 1 0.6730772 1 0.75 1 0.7115387 1 0.7115387 1 0.75 1 0.7884616 1 0.75 1 0.7884616 1 0.8269231 1 0.7884616 1 0.8653846 1 0.8269231 1 0.8269231 1 0.9038462 1 0.8653846 1 0.8653846 1 0.9038462 1 0.9423077 1 0.9038462 1 0.9807692 1 0.9423077 1 0.9423077 1 0.01923078 1 -0.01923078 1 -0.01923078 1 0.01923078 1 0.05769217 1 0.01923078 1 0.05769217 1 0.09615385 1 0.05769217 1 0.09615385 1 0.1346154 1 0.09615385 1 0.1730769 1 0.1346154 1 0.1346154 1 0.1730769 1 0.2115384 1 0.1730769 1 0.2500001 1 0.2115384 1 0.2115385 1 0.2500001 1 0.2884616 1 0.2500001 1 0.3269231 1 0.2884616 1 0.2884616 1 0.3269231 1 0.3653847 1 0.3269231 1 0.4038463 1 0.3653847 1 0.3653848 1 0.4423078 1 0.4038463 1 0.4038463 1 0.4807694 1 0.4423078 1 0.4423078 1 0.519231 1 0.4807694 1 0.4807694 1 0.5576925 1 0.519231 1 0.519231 1 0.5576925 1 0.596154 1 0.5576925 1 0.6346156 1 0.596154 1 0.596154 1 0.6730772 1 0.6346156 1 0.6346156 1 0.6730772 1 0.7115387 1 0.6730771 1 0.75 1 0.7115387 1 0.7115387 1 0.75 1 0.7884616 1 0.75 1 0.7884616 1 0.8269231 1 0.7884616 1 0.8653846 1 0.8269231 1 0.8269231 1 0.9038462 1 0.8653846 1 0.8653846 1 0.9038462 1 0.9423077 1 0.9038462 1 0.9807692 1 0.9423077 1 0.9423077 1 0.01923078 1 -0.01923078 1 -0.01923078 1 0.01923078 1 0.05769217 1 0.01923078 1 0.05769217 1 0.09615385 1 0.05769217 1 0.09615385 1 0.1346154 1 0.09615385 1 0.1730769 1 0.1346154 1 0.1346154 1 0.1730769 1 0.2115385 1 0.1730769 1 0.2500001 1 0.2115385 1 0.2115384 1 0.2500001 1 0.2884616 1 0.2500001 1 0.3269231 1 0.2884616 1 0.2884616 1 0.3269231 1 0.3653848 1 0.3269231 1 0.4038463 1 0.3653848 1 0.3653847 1 0.4038463 1 0.4423078 1 0.4038463 1 0.4807694 1 0.4423078 1 0.4423078 1 0.519231 1 0.4807694 1 0.4807694 1 0.519231 1 0.5576925 1 0.519231 1 0.5576925 1 0.596154 1 0.5576925 1 0.6346156 1 0.596154 1 0.596154 1 0.6730771 1 0.6346156 1 0.6346156 1 0.6730771 1 0.7115387 1 0.6730772 1 0.75 1 0.7115387 1 0.7115387 1 0.7884616 1 0.75 1 0.75 1 0.7884616 1 0.8269231 1 0.7884616 1 0.8653846 1 0.8269231 1 0.8269231 1 0.9038462 1 0.8653846 1 0.8653846 1 0.9038462 1 0.9423077 1 0.9038462 1 0.9807692 1 0.9423077 1 0.9423077 1 0.01923078 1 -0.01923078 1 -0.01923078 1 0.01923078 1 0.05769217 1 0.01923078 1 0.05769217 1 0.09615385 1 0.05769217 1 0.09615385 1 0.1346154 1 0.09615385 1 0.1730769 1 0.1346154 1 0.1346154 1 0.1730769 1 0.2115385 1 0.1730769 1 0.2500001 1 0.2115385 1 0.2115385 1 0.2500001 1 0.2884616 1 0.2500001 1 0.3269231 1 0.2884616 1 0.2884616 1 0.3269231 1 0.3653847 1 0.3269232 1 0.4038463 1 0.3653847 1 0.3653848 1 0.4038463 1 0.4423078 1 0.4038463 1 0.4807694 1 0.4423078 1 0.4423078 1 0.4807694 1 0.519231 1 0.4807694 1 0.5576925 1 0.519231 1 0.519231 1 0.5576925 1 0.596154 1 0.5576925 1 0.6346156 1 0.596154 1 0.596154 1 0.6730772 1 0.6346156 1 0.6346156 1 0.6730772 1 0.7115387 1 0.6730771 1 0.75 1 0.7115387 1 0.7115387 1 0.5 1 0.75 1 0.7884616 1 0.5 1 0.7884616 1 0.8269231 1 0.5 1 0.8269231 1 0.8653846 1 0.5 1 0.8653846 1 0.9038462 1 0.5 1 0.9038462 1 0.9423077 1 0.5 1 0.9423077 1 0.9807692 1 0.5 1 -0.01923078 1 0.01923078 1 0.5 1 0.01923078 1 0.05769217 1 0.5 1 0.05769217 1 0.09615385 1 0.5 1 0.09615385 1 0.1346154 1 0.5 1 0.1346154 1 0.1730769 1 0.5 1 0.1730769 1 0.2115385 1 0.5 1 0.2115385 1 0.2500001 1 0.5 1 0.2500001 1 0.2884616 1 0.5 1 0.2884616 1 0.3269232 1 0.5 1 0.3269232 1 0.3653847 1 0.5 1 0.3653847 1 0.4038463 1 0.5 1 0.4038463 1 0.4423078 1 0.5 1 0.4423078 1 0.4807694 1 0.5 1 0.4807694 1 0.519231 1 0.5 1 0.519231 1 0.5576925 1 0.5 1 0.5576925 1 0.596154 1 0.5 1 0.596154 1 0.6346156 1 0.5 1 0.6346156 1 0.6730771 1 0.5 1 0.6730771 1 0.7115387 1 0.5 1 0.7115387 1 0.75 1 0.7884616 0 0.7884616 0 0.75 0 0.7884616 0 0.8269231 0 0.8269231 0 0.8269231 0 0.8653846 0 0.8653846 0 0.8653846 0 0.9038462 0 0.9038462 0 0.9423077 0 0.9423077 0 0.9038462 0 0.9807692 0 0.9807692 0 0.9423077 0 0.01923078 0 0.01923078 0 -0.01923078 0 0.01923078 0 0.05769217 0 0.05769217 0 0.09615385 0 0.09615385 0 0.05769217 0 0.1346154 0 0.1346154 0 0.09615385 0 0.1346154 0 0.1730769 0 0.1730769 0 0.2115384 0 0.2115384 0 0.1730769 0 0.2115384 0 0.2500001 0 0.2500001 0 0.2500001 0 0.2884616 0 0.2884616 0 0.3269231 0 0.3269231 0 0.2884616 0 0.3653847 0 0.3653847 0 0.3269231 0 0.3653847 0 0.4038463 0 0.4038463 0 0.4038463 0 0.4423078 0 0.4423078 0 0.4807694 0 0.4807694 0 0.4423078 0 0.519231 0 0.519231 0 0.4807694 0 0.519231 0 0.5576925 0 0.5576925 0 0.596154 0 0.596154 0 0.5576925 0 0.596154 0 0.6346156 0 0.6346156 0 0.6346156 0 0.6730772 0 0.6730772 0 0.7115387 0 0.7115387 0 0.6730772 0 0.75 0 0.75 0 0.7115387 0 0.75 0 0.7884616 0 0.7884616 0 0.8269231 0 0.8269231 0 0.7884616 0 0.8269231 0 0.8653846 0 0.8653846 0 0.8653846 0 0.9038462 0 0.9038462 0 0.9423077 0 0.9423077 0 0.9038462 0 0.9807692 0 0.9807692 0 0.9423077 0 0.01923078 0 0.01923078 0 -0.01923078 0 0.01923078 0 0.05769217 0 0.05769217 0 0.09615385 0 0.09615385 0 0.05769217 0 0.1346154 0 0.1346154 0 0.09615385 0 0.1346154 0 0.1730769 0 0.1730769 0 0.2115384 0 0.2115385 0 0.1730769 0 0.2115384 0 0.2500001 0 0.2500001 0 0.2500001 0 0.2884616 0 0.2884616 0 0.3269231 0 0.3269232 0 0.2884616 0 0.3653847 0 0.3653847 0 0.3269232 0 0.3653847 0 0.4038463 0 0.4038463 0 0.4423078 0 0.4423078 0 0.4038463 0 0.4423078 0 0.4807694 0 0.4807694 0 0.519231 0 0.519231 0 0.4807694 0 0.519231 0 0.5576925 0 0.5576925 0 0.596154 0 0.596154 0 0.5576925 0 0.596154 0 0.6346156 0 0.6346156 0 0.6346156 0 0.6730772 0 0.6730772 0 0.7115387 0 0.7115387 0 0.6730772 0 0.7115387 0 0.75 0 0.75 0 0.75 0 0.7884616 0 0.7884616 0 0.8269231 0 0.8269231 0 0.7884616 0 0.8269231 0 0.8653846 0 0.8653846 0 0.8653846 0 0.9038462 0 0.9038462 0 0.9423077 0 0.9423077 0 0.9038462 0 0.9807692 0 0.9807692 0 0.9423077 0 0.01923078 0 0.01923078 0 -0.01923078 0 0.01923078 0 0.05769217 0 0.05769217 0 0.09615385 0 0.09615385 0 0.05769217 0 0.1346154 0 0.1346154 0 0.09615385 0 0.1346154 0 0.1730769 0 0.1730769 0 0.2115385 0 0.2115384 0 0.1730769 0 0.2115385 0 0.2500001 0 0.2500001 0 0.2500001 0 0.2884616 0 0.2884616 0 0.3269232 0 0.3269231 0 0.2884616 0 0.3653847 0 0.3653847 0 0.3269231 0 0.3653847 0 0.4038463 0 0.4038463 0 0.4038463 0 0.4423078 0 0.4423078 0 0.4423078 0 0.4807694 0 0.4807694 0 0.519231 0 0.519231 0 0.4807694 0 0.519231 0 0.5576925 0 0.5576925 0 0.596154 0 0.596154 0 0.5576925 0 0.596154 0 0.6346156 0 0.6346156 0 0.6346156 0 0.6730772 0 0.6730772 0 0.7115387 0 0.7115387 0 0.6730772 0 0.7115387 0 0.75 0 0.75 0 0.7884616 0 0.7884616 0 0.75 0 0.8269231 0 0.8269231 0 0.7884616 0 0.8269231 0 0.8653846 0 0.8653846 0 0.8653846 0 0.9038462 0 0.9038462 0 0.9423077 0 0.9423077 0 0.9038462 0 0.9423077 0 0.9807692 0 0.9807692 0 0.01923078 0 0.01923078 0 -0.01923078 0 0.05769217 0 0.05769217 0 0.01923078 0 0.09615385 0 0.09615385 0 0.05769217 0 0.1346154 0 0.1346154 0 0.09615385 0 0.1346154 0 0.1730769 0 0.1730769 0 0.2115384 0 0.2115385 0 0.1730769 0 0.2115384 0 0.2500001 0 0.2500001 0 0.2500001 0 0.2884616 0 0.2884616 0 0.3269231 0 0.3269231 0 0.2884616 0 0.3653847 0 0.3653847 0 0.3269231 0 0.3653847 0 0.4038463 0 0.4038463 0 0.4423078 0 0.4423078 0 0.4038463 0 0.4423078 0 0.4807694 0 0.4807694 0 0.519231 0 0.519231 0 0.4807694 0 0.519231 0 0.5576925 0 0.5576925 0 0.596154 0 0.596154 0 0.5576925 0 0.596154 0 0.6346156 0 0.6346156 0 0.6346156 0 0.6730772 0 0.6730772 0 0.7115387 0 0.7115387 0 0.6730772 0 0.7115387 0 0.75 0 0.75 0 0.75 0 0.7884616 0 0.7884616 0 0.8269231 0 0.8269231 0 0.7884616 0 0.8269231 0 0.8653846 0 0.8653846 0 0.8653846 0 0.9038462 0 0.9038462 0 0.9423077 0 0.9423077 0 0.9038462 0 0.9807692 0 0.9807692 0 0.9423077 0 0.01923078 0 0.01923078 0 -0.01923078 0 0.01923078 0 0.05769217 0 0.05769217 0 0.09615385 0 0.09615385 0 0.05769217 0 0.1346154 0 0.1346154 0 0.09615385 0 0.1346154 0 0.1730769 0 0.1730769 0 0.2115385 0 0.2115385 0 0.1730769 0 0.2115385 0 0.2500001 0 0.2500001 0 0.2500001 0 0.2884616 0 0.2884616 0 0.3269231 0 0.3269232 0 0.2884616 0 0.3653847 0 0.3653847 0 0.3269232 0 0.3653847 0 0.4038463 0 0.4038463 0 0.4423078 0 0.4423078 0 0.4038463 0 0.4423078 0 0.4807694 0 0.4807694 0 0.519231 0 0.519231 0 0.4807694 0 0.519231 0 0.5576925 0 0.5576925 0 0.596154 0 0.596154 0 0.5576925 0 0.596154 0 0.6346156 0 0.6346156 0 0.6346156 0 0.6730772 0 0.6730772 0 0.7115387 0 0.7115387 0 0.6730772 0 0.75 0 0.75 0 0.7115387 0 0.7884616 0 0.7884616 0 0.75 0 0.8269231 0 0.8269231 0 0.7884616 0 0.8653846 0 0.8653846 0 0.8269231 0 0.8653846 0 0.9038462 0 0.9038462 0 0.9423077 0 0.9423077 0 0.9038462 0 0.9807692 0 0.9807692 0 0.9423077 0 0.01923078 0 0.01923078 0 -0.01923078 0 0.01923078 0 0.05769217 0 0.05769217 0 0.09615385 0 0.09615385 0 0.05769217 0 0.1346154 0 0.1346154 0 0.09615385 0 0.1346154 0 0.1730769 0 0.1730769 0 0.2115385 0 0.2115385 0 0.1730769 0 0.2115385 0 0.2500001 0 0.2500001 0 0.2884616 0 0.2884616 0 0.2500001 0 0.2884616 0 0.3269232 0 0.3269231 0 0.3653847 0 0.3653847 0 0.3269231 0 0.3653847 0 0.4038463 0 0.4038463 0 0.4038463 0 0.4423078 0 0.4423078 0 0.4423078 0 0.4807694 0 0.4807694 0 0.519231 0 0.519231 0 0.4807694 0 0.519231 0 0.5576925 0 0.5576925 0 0.596154 0 0.596154 0 0.5576925 0 0.596154 0 0.6346156 0 0.6346156 0 0.6346156 0 0.6730772 0 0.6730771 0 0.7115387 0 0.7115387 0 0.6730771 0 0.7115387 0 0.75 0 0.75 0 0.7884616 0 0.7884616 1 0.75 1 0.8269231 0 0.8269231 1 0.7884616 1 0.8653846 0 0.8653846 1 0.8269231 1 0.9038462 0 0.9038462 1 0.8653846 1 0.9423077 0 0.9423077 1 0.9038462 1 0.9807692 0 0.9807692 1 0.9423077 1 0.01923078 0 0.01923078 1 -0.01923078 1 0.05769217 0 0.05769217 1 0.01923078 1 0.09615385 0 0.09615385 1 0.05769217 1 0.1346154 0 0.1346154 1 0.09615385 1 0.1730769 0 0.1730769 1 0.1346154 1 0.2115385 0 0.2115385 1 0.1730769 1 0.2500001 0 0.2500001 1 0.2115385 1 0.2884616 0 0.2884616 1 0.2500001 1 0.3269231 0 0.3269231 1 0.2884616 1 0.3653847 0 0.3653847 1 0.3269231 1 0.4038463 0 0.4038463 1 0.3653847 1 0.4423078 0 0.4423078 1 0.4038463 1 0.4807694 0 0.4807694 1 0.4423078 1 0.519231 0 0.519231 1 0.4807694 1 0.5576925 0 0.5576925 1 0.519231 1 0.596154 0 0.596154 1 0.5576925 1 0.6346156 0 0.6346156 1 0.596154 1 0.6730771 0 0.6730771 1 0.6346156 1 0.7115387 0 0.7115387 1 0.6730771 1 0.75 0 0.75 1 0.7115387 1 0.75 1 0.7884616 1 0.7884616 1 0.7884616 1 0.8269231 1 0.826923 1 0.8653846 1 0.8653846 1 0.826923 1 0.9038462 1 0.9038462 1 0.8653846 1 0.9038462 1 0.9423077 1 0.9423077 1 0.9423077 1 0.9807692 1 0.9807692 1 0.01923078 1 0.01923078 1 -0.01923078 1 0.05769217 1 0.05769217 1 0.01923078 1 0.05769217 1 0.09615385 1 0.09615385 1 0.09615385 1 0.1346154 1 0.1346154 1 0.1730769 1 0.1730769 1 0.1346154 1 0.1730769 1 0.2115385 1 0.2115384 1 0.2500001 1 0.2500001 1 0.2115384 1 0.2500001 1 0.2884616 1 0.2884616 1 0.3269231 1 0.3269232 1 0.2884616 1 0.3269231 1 0.3653847 1 0.3653847 1 0.4038463 1 0.4038463 1 0.3653847 1 0.4423078 1 0.4423078 1 0.4038463 1 0.4807694 1 0.4807694 1 0.4423078 1 0.4807694 1 0.519231 1 0.519231 1 0.5576925 1 0.5576925 1 0.519231 1 0.5576925 1 0.596154 1 0.596154 1 0.596154 1 0.6346156 1 0.6346156 1 0.6730771 1 0.6730771 1 0.6346156 1 0.6730771 1 0.7115387 1 0.7115387 1 0.75 1 0.75 1 0.7115387 1 0.75 1 0.7884616 1 0.7884616 1 0.7884616 1 0.826923 1 0.8269231 1 0.8653846 1 0.8653846 1 0.8269231 1 0.9038462 1 0.9038462 1 0.8653846 1 0.9038462 1 0.9423077 1 0.9423077 1 0.9423077 1 0.9807692 1 0.9807692 1 0.01923078 1 0.01923078 1 -0.01923078 1 0.05769217 1 0.05769217 1 0.01923078 1 0.05769217 1 0.09615385 1 0.09615385 1 0.09615385 1 0.1346154 1 0.1346154 1 0.1730769 1 0.1730769 1 0.1346154 1 0.1730769 1 0.2115384 1 0.2115385 1 0.2500001 1 0.2500001 1 0.2115385 1 0.2884616 1 0.2884616 1 0.2500001 1 0.3269232 1 0.3269231 1 0.2884616 1 0.3269232 1 0.3653847 1 0.3653847 1 0.4038463 1 0.4038463 1 0.3653847 1 0.4038463 1 0.4423078 1 0.4423078 1 0.4423078 1 0.4807694 1 0.4807694 1 0.4807694 1 0.519231 1 0.519231 1 0.5576925 1 0.5576925 1 0.519231 1 0.5576925 1 0.596154 1 0.596154 1 0.6346156 1 0.6346156 1 0.596154 1 0.6730771 1 0.6730772 1 0.6346156 1 0.6730771 1 0.7115387 1 0.7115387 1 0.75 1 0.75 1 0.7115387 1 0.75 1 0.7884616 1 0.7884616 1 0.7884616 1 0.8269231 1 0.8269231 1 0.8653846 1 0.8653846 1 0.8269231 1 0.9038462 1 0.9038462 1 0.8653846 1 0.9038462 1 0.9423077 1 0.9423077 1 0.9807692 1 0.9807692 1 0.9423077 1 0.01923078 1 0.01923078 1 -0.01923078 1 0.01923078 1 0.05769217 1 0.05769217 1 0.05769217 1 0.09615385 1 0.09615385 1 0.1346154 1 0.1346154 1 0.09615385 1 0.1730769 1 0.1730769 1 0.1346154 1 0.1730769 1 0.2115385 1 0.2115385 1 0.2500001 1 0.2500001 1 0.2115385 1 0.2884616 1 0.2884616 1 0.2500001 1 0.2884616 1 0.3269231 1 0.3269231 1 0.3269231 1 0.3653847 1 0.3653848 1 0.4038463 1 0.4038463 1 0.3653848 1 0.4038463 1 0.4423078 1 0.4423078 1 0.4807694 1 0.4807694 1 0.4423078 1 0.519231 1 0.519231 1 0.4807694 1 0.5576925 1 0.5576925 1 0.519231 1 0.5576925 1 0.596154 1 0.596154 1 0.6346156 1 0.6346156 1 0.596154 1 0.6730772 1 0.6730772 1 0.6346156 1 0.6730772 1 0.7115387 1 0.7115387 1 0.75 1 0.75 1 0.7115387 1 0.75 1 0.7884616 1 0.7884616 1 0.7884616 1 0.8269231 1 0.8269231 1 0.8653846 1 0.8653846 1 0.8269231 1 0.9038462 1 0.9038462 1 0.8653846 1 0.9038462 1 0.9423077 1 0.9423077 1 0.9807692 1 0.9807692 1 0.9423077 1 0.01923078 1 0.01923078 1 -0.01923078 1 0.01923078 1 0.05769217 1 0.05769217 1 0.05769217 1 0.09615385 1 0.09615385 1 0.09615385 1 0.1346154 1 0.1346154 1 0.1730769 1 0.1730769 1 0.1346154 1 0.1730769 1 0.2115385 1 0.2115384 1 0.2500001 1 0.2500001 1 0.2115384 1 0.2500001 1 0.2884616 1 0.2884616 1 0.3269231 1 0.3269231 1 0.2884616 1 0.3269231 1 0.3653848 1 0.3653847 1 0.4038463 1 0.4038463 1 0.3653847 1 0.4423078 1 0.4423078 1 0.4038463 1 0.4807694 1 0.4807694 1 0.4423078 1 0.519231 1 0.519231 1 0.4807694 1 0.5576925 1 0.5576925 1 0.519231 1 0.5576925 1 0.596154 1 0.596154 1 0.6346156 1 0.6346156 1 0.596154 1 0.6730772 1 0.6730771 1 0.6346156 1 0.6730772 1 0.7115387 1 0.7115387 1 0.75 1 0.75 1 0.7115387 1 0.75 1 0.7884616 1 0.7884616 1 0.7884616 1 0.8269231 1 0.8269231 1 0.8653846 1 0.8653846 1 0.8269231 1 0.9038462 1 0.9038462 1 0.8653846 1 0.9038462 1 0.9423077 1 0.9423077 1 0.9807692 1 0.9807692 1 0.9423077 1 0.01923078 1 0.01923078 1 -0.01923078 1 0.01923078 1 0.05769217 1 0.05769217 1 0.05769217 1 0.09615385 1 0.09615385 1 0.09615385 1 0.1346154 1 0.1346154 1 0.1730769 1 0.1730769 1 0.1346154 1 0.1730769 1 0.2115384 1 0.2115385 1 0.2500001 1 0.2500001 1 0.2115385 1 0.2500001 1 0.2884616 1 0.2884616 1 0.3269231 1 0.3269231 1 0.2884616 1 0.3269231 1 0.3653847 1 0.3653848 1 0.4038463 1 0.4038463 1 0.3653848 1 0.4038463 1 0.4423078 1 0.4423078 1 0.4807694 1 0.4807694 1 0.4423078 1 0.519231 1 0.519231 1 0.4807694 1 0.519231 1 0.5576925 1 0.5576925 1 0.5576925 1 0.596154 1 0.596154 1 0.6346156 1 0.6346156 1 0.596154 1 0.6730771 1 0.6730772 1 0.6346156 1 0.6730771 1 0.7115387 1 0.7115387 1 0.75 1 0.75 1 0.7115387 1 0.7884616 1 0.7884616 1 0.75 1 0.7884616 1 0.8269231 1 0.8269231 1 0.8653846 1 0.8653846 1 0.8269231 1 0.9038462 1 0.9038462 1 0.8653846 1 0.9038462 1 0.9423077 1 0.9423077 1 0.9807692 1 0.9807692 1 0.9423077 1 0.01923078 1 0.01923078 1 -0.01923078 1 0.01923078 1 0.05769217 1 0.05769217 1 0.05769217 1 0.09615385 1 0.09615385 1 0.09615385 1 0.1346154 1 0.1346154 1 0.1730769 1 0.1730769 1 0.1346154 1 0.1730769 1 0.2115385 1 0.2115385 1 0.2500001 1 0.2500001 1 0.2115385 1 0.2500001 1 0.2884616 1 0.2884616 1 0.3269231 1 0.3269232 1 0.2884616 1 0.3269231 1 0.3653848 1 0.3653847 1 0.4038463 1 0.4038463 1 0.3653847 1 0.4038463 1 0.4423078 1 0.4423078 1 0.4807694 1 0.4807694 1 0.4423078 1 0.4807694 1 0.519231 1 0.519231 1 0.5576925 1 0.5576925 1 0.519231 1 0.5576925 1 0.596154 1 0.596154 1 0.6346156 1 0.6346156 1 0.596154 1 0.6730772 1 0.6730771 1 0.6346156 1 0.6730772 1 0.7115387 1 0.7115387 1 0.75 1 0.75 1 0.7115387 1</float_array>
          <technique_common>
            <accessor source="#Örüntü_014-mesh-map-0-array" count="2184" stride="2">
              <param name="S" type="float"/>
              <param name="T" type="float"/>
            </accessor>
          </technique_common>
        </source>
        <vertices id="Örüntü_014-mesh-vertices">
          <input semantic="POSITION" source="#Örüntü_014-mesh-positions"/>
        </vertices>
        <triangles material="Material_001-material" count="728">
          <input semantic="VERTEX" source="#Örüntü_014-mesh-vertices" offset="0"/>
          <input semantic="NORMAL" source="#Örüntü_014-mesh-normals" offset="1"/>
          <input semantic="TEXCOORD" source="#Örüntü_014-mesh-map-0" offset="2" set="0"/>
          <p>0 0 0 2 0 1 1 0 2 0 0 3 3 0 4 2 0 5 0 0 6 4 0 7 3 0 8 0 0 9 5 0 10 4 0 11 0 0 12 6 0 13 5 0 14 0 0 15 7 0 16 6 0 17 0 0 18 8 0 19 7 0 20 0 0 21 9 0 22 8 0 23 0 0 24 10 0 25 9 0 26 0 0 27 11 0 28 10 0 29 0 0 30 12 0 31 11 0 32 0 0 33 13 0 34 12 0 35 0 0 36 14 0 37 13 0 38 0 0 39 15 0 40 14 0 41 0 0 42 16 0 43 15 0 44 0 0 45 17 0 46 16 0 47 0 0 48 18 0 49 17 0 50 0 0 51 19 0 52 18 0 53 0 0 54 20 0 55 19 0 56 0 0 57 21 0 58 20 0 59 0 0 60 22 0 61 21 0 62 0 0 63 23 0 64 22 0 65 0 0 66 24 0 67 23 0 68 0 0 69 25 0 70 24 0 71 0 0 72 26 0 73 25 0 74 0 0 75 1 0 76 26 0 77 2 0 78 27 0 79 1 0 80 2 0 81 29 0 82 28 0 83 3 0 84 30 0 85 29 0 86 4 0 87 31 0 88 30 0 89 6 0 90 31 0 91 5 0 92 7 0 93 32 0 94 6 0 95 8 0 96 33 0 97 7 0 98 8 0 99 35 0 100 34 0 101 10 0 102 35 0 103 9 0 104 11 0 105 36 0 106 10 0 107 11 0 108 38 0 109 37 0 110 13 0 111 38 0 112 12 0 113 13 0 114 40 0 115 39 0 116 14 0 117 41 0 118 40 0 119 16 0 120 41 0 121 15 0 122 17 0 123 42 0 124 16 0 125 17 0 126 44 0 127 43 0 128 18 0 129 45 0 130 44 0 131 20 0 132 45 0 133 19 0 134 21 0 135 46 0 136 20 0 137 21 0 138 48 0 139 47 0 140 23 0 141 48 0 142 22 0 143 23 0 144 50 0 145 49 0 146 24 0 147 51 0 148 50 0 149 26 0 150 51 0 151 25 0 152 1 0 153 52 0 154 26 0 155 27 0 156 54 0 157 53 0 158 29 0 159 54 0 160 28 0 161 29 0 162 56 0 163 55 0 164 30 0 165 57 0 166 56 0 167 32 0 168 57 0 169 31 0 170 33 0 171 58 0 172 32 0 173 34 0 174 59 0 175 33 0 176 34 0 177 61 0 178 60 0 179 36 0 180 61 0 181 35 0 182 37 0 183 62 0 184 36 0 185 37 0 186 64 0 187 63 0 188 39 0 189 64 0 190 38 0 191 39 0 192 66 0 193 65 0 194 40 0 195 67 0 196 66 0 197 42 0 198 67 0 199 41 0 200 43 0 201 68 0 202 42 0 203 43 0 204 70 0 205 69 0 206 45 0 207 70 0 208 44 0 209 45 0 210 72 0 211 71 0 212 47 0 213 72 0 214 46 0 215 47 0 216 74 0 217 73 0 218 49 0 219 74 0 220 48 0 221 49 0 222 76 0 223 75 0 224 50 0 225 77 0 226 76 0 227 52 0 228 77 0 229 51 0 230 52 0 231 53 0 232 78 0 233 53 0 234 80 0 235 79 0 236 55 0 237 80 0 238 54 0 239 55 0 240 82 0 241 81 0 242 56 0 243 83 0 244 82 0 245 58 0 246 83 0 247 57 0 248 59 0 249 84 0 250 58 0 251 60 0 252 85 0 253 59 0 254 60 0 255 87 0 256 86 0 257 62 0 258 87 0 259 61 0 260 63 0 261 88 0 262 62 0 263 63 0 264 90 0 265 89 0 266 65 0 267 90 0 268 64 0 269 65 0 270 92 0 271 91 0 272 66 0 273 93 0 274 92 0 275 68 0 276 93 0 277 67 0 278 69 0 279 94 0 280 68 0 281 69 0 282 96 0 283 95 0 284 70 0 285 97 0 286 96 0 287 71 0 288 98 0 289 97 0 290 73 0 291 98 0 292 72 0 293 73 0 294 100 0 295 99 0 296 75 0 297 100 0 298 74 0 299 75 0 300 102 0 301 101 0 302 76 0 303 103 0 304 102 0 305 78 0 306 103 0 307 77 0 308 78 0 309 79 0 310 104 0 311 80 0 312 105 0 313 79 0 314 81 0 315 106 0 316 80 0 317 81 0 318 108 0 319 107 0 320 82 0 321 109 0 322 108 0 323 84 0 324 109 0 325 83 0 326 84 0 327 111 0 328 110 0 329 86 0 330 111 0 331 85 0 332 87 0 333 112 0 334 86 0 335 88 0 336 113 0 337 87 0 338 89 0 339 114 0 340 88 0 341 89 0 342 116 0 343 115 0 344 91 0 345 116 0 346 90 0 347 91 0 348 118 0 349 117 0 350 92 0 351 119 0 352 118 0 353 94 0 354 119 0 355 93 0 356 95 0 357 120 0 358 94 0 359 95 0 360 122 0 361 121 0 362 97 0 363 122 0 364 96 0 365 97 0 366 124 0 367 123 0 368 99 0 369 124 0 370 98 0 371 99 0 372 126 0 373 125 0 374 101 0 375 126 0 376 100 0 377 101 0 378 128 0 379 127 0 380 102 0 381 129 0 382 128 0 383 104 0 384 129 0 385 103 0 386 104 0 387 105 0 388 130 0 389 105 0 390 132 0 391 131 0 392 107 0 393 132 0 394 106 0 395 107 0 396 134 0 397 133 0 398 108 0 399 135 0 400 134 0 401 110 0 402 135 0 403 109 0 404 111 0 405 136 0 406 110 0 407 112 0 408 137 0 409 111 0 410 112 0 411 139 0 412 138 0 413 114 0 414 139 0 415 113 0 416 115 0 417 140 0 418 114 0 419 115 0 420 142 0 421 141 0 422 117 0 423 142 0 424 116 0 425 117 0 426 144 0 427 143 0 428 118 0 429 145 0 430 144 0 431 120 0 432 145 0 433 119 0 434 121 0 435 146 0 436 120 0 437 121 0 438 148 0 439 147 0 440 123 0 441 148 0 442 122 0 443 123 0 444 150 0 445 149 0 446 125 0 447 150 0 448 124 0 449 125 0 450 152 0 451 151 0 452 127 0 453 152 0 454 126 0 455 127 0 456 154 0 457 153 0 458 128 0 459 155 0 460 154 0 461 130 0 462 155 0 463 129 0 464 105 0 465 156 0 466 130 0 467 132 0 468 157 0 469 131 0 470 133 0 471 158 0 472 132 0 473 134 0 474 159 0 475 133 0 476 134 0 477 161 0 478 160 0 479 136 0 480 161 0 481 135 0 482 137 0 483 162 0 484 136 0 485 138 0 486 163 0 487 137 0 488 138 0 489 165 0 490 164 0 491 140 0 492 165 0 493 139 0 494 141 0 495 166 0 496 140 0 497 141 0 498 168 0 499 167 0 500 143 0 501 168 0 502 142 0 503 143 0 504 170 0 505 169 0 506 145 0 507 170 0 508 144 0 509 145 0 510 172 0 511 171 0 512 147 0 513 172 0 514 146 0 515 147 0 516 174 0 517 173 0 518 148 0 519 175 0 520 174 0 521 149 0 522 176 0 523 175 0 524 151 0 525 176 0 526 150 0 527 151 0 528 178 0 529 177 0 530 153 0 531 178 0 532 152 0 533 153 0 534 180 0 535 179 0 536 154 0 537 181 0 538 180 0 539 156 0 540 181 0 541 155 0 542 156 0 543 157 0 544 182 0 545 158 1 546 183 2 547 157 3 548 159 4 549 184 5 550 158 1 551 160 6 552 185 7 553 159 4 554 161 8 555 186 9 556 160 6 557 162 10 558 187 11 559 161 8 560 163 12 561 188 13 562 162 10 563 164 14 564 189 15 565 163 12 566 165 16 567 190 17 568 164 14 569 166 18 570 191 19 571 165 16 572 167 20 573 192 21 574 166 18 575 168 22 576 193 23 577 167 20 578 169 24 579 194 25 580 168 22 581 170 26 582 195 27 583 169 24 584 171 28 585 196 29 586 170 26 587 172 30 588 197 31 589 171 28 590 173 32 591 198 33 592 172 30 593 174 34 594 199 35 595 173 32 596 175 36 597 200 37 598 174 34 599 176 38 600 201 39 601 175 36 602 177 40 603 202 41 604 176 38 605 178 42 606 203 43 607 177 40 608 179 44 609 204 45 610 178 42 611 180 46 612 205 47 613 179 44 614 181 48 615 206 49 616 180 46 617 182 50 618 207 51 619 181 48 620 157 3 621 208 52 622 182 50 623 183 53 624 210 53 625 209 53 626 184 53 627 211 53 628 210 53 629 186 53 630 211 53 631 185 53 632 187 54 633 212 54 634 186 54 635 187 53 636 214 53 637 213 53 638 188 53 639 215 53 640 214 53 641 190 53 642 215 53 643 189 53 644 191 53 645 216 53 646 190 53 647 191 55 648 218 55 649 217 55 650 192 56 651 219 56 652 218 56 653 194 57 654 219 57 655 193 57 656 194 53 657 221 53 658 220 53 659 196 58 660 221 58 661 195 58 662 196 59 663 223 59 664 222 59 665 198 60 666 223 60 667 197 60 668 198 53 669 225 53 670 224 53 671 200 61 672 225 61 673 199 61 674 201 53 675 226 53 676 200 53 677 202 53 678 227 53 679 201 53 680 202 53 681 229 53 682 228 53 683 204 53 684 229 53 685 203 53 686 204 62 687 231 62 688 230 62 689 205 63 690 232 63 691 231 63 692 207 61 693 232 61 694 206 61 695 207 53 696 234 53 697 233 53 698 183 64 699 234 64 700 208 64 701 209 53 702 236 53 703 235 53 704 210 65 705 237 65 706 236 65 707 212 66 708 237 66 709 211 66 710 213 53 711 238 53 712 212 53 713 213 53 714 240 53 715 239 53 716 214 53 717 241 53 718 240 53 719 216 53 720 241 53 721 215 53 722 217 53 723 242 53 724 216 53 725 217 53 726 244 53 727 243 53 728 218 53 729 245 53 730 244 53 731 220 53 732 245 53 733 219 53 734 220 67 735 247 67 736 246 67 737 222 68 738 247 68 739 221 68 740 223 69 741 248 69 742 222 69 743 224 70 744 249 70 745 223 70 746 224 71 747 251 71 748 250 71 749 226 72 750 251 72 751 225 72 752 226 73 753 253 73 754 252 73 755 227 74 756 254 74 757 253 74 758 228 75 759 255 75 760 254 75 761 230 53 762 255 53 763 229 53 764 230 73 765 257 73 766 256 73 767 232 53 768 257 53 769 231 53 770 233 76 771 258 76 772 232 76 773 233 77 774 260 77 775 259 77 776 209 78 777 260 78 778 234 78 779 235 53 780 262 53 781 261 53 782 236 79 783 263 79 784 262 79 785 238 53 786 263 53 787 237 53 788 239 80 789 264 80 790 238 80 791 239 81 792 266 81 793 265 81 794 241 82 795 266 82 796 240 82 797 242 53 798 267 53 799 241 53 800 242 83 801 269 83 802 268 83 803 243 84 804 270 84 805 269 84 806 245 53 807 270 53 808 244 53 809 246 85 810 271 85 811 245 85 812 246 86 813 273 86 814 272 86 815 248 53 816 273 53 817 247 53 818 249 87 819 274 87 820 248 87 821 249 88 822 276 88 823 275 88 824 250 53 825 277 53 826 276 53 827 252 53 828 277 53 829 251 53 830 252 53 831 279 53 832 278 53 833 254 53 834 279 53 835 253 53 836 255 53 837 280 53 838 254 53 839 256 53 840 281 53 841 255 53 842 256 89 843 283 89 844 282 89 845 258 53 846 283 53 847 257 53 848 259 53 849 284 53 850 258 53 851 259 90 852 286 90 853 285 90 854 235 91 855 286 91 856 260 91 857 261 53 858 288 53 859 287 53 860 262 53 861 289 53 862 288 53 863 264 53 864 289 53 865 263 53 866 265 92 867 290 92 868 264 92 869 265 93 870 292 93 871 291 93 872 267 94 873 292 94 874 266 94 875 268 53 876 293 53 877 267 53 878 268 95 879 295 95 880 294 95 881 269 96 882 296 96 883 295 96 884 270 53 885 297 53 886 296 53 887 272 97 888 297 97 889 271 97 890 272 98 891 299 98 892 298 98 893 274 99 894 299 99 895 273 99 896 274 100 897 301 100 898 300 100 899 276 101 900 301 101 901 275 101 902 276 102 903 303 102 904 302 102 905 278 103 906 303 103 907 277 103 908 279 97 909 304 97 910 278 97 911 280 53 912 305 53 913 279 53 914 281 53 915 306 53 916 280 53 917 282 53 918 307 53 919 281 53 920 282 104 921 309 104 922 308 104 923 284 53 924 309 53 925 283 53 926 285 105 927 310 105 928 284 105 929 285 53 930 312 53 931 311 53 932 261 106 933 312 106 934 286 106 935 287 53 936 314 53 937 313 53 938 288 53 939 315 53 940 314 53 941 290 53 942 315 53 943 289 53 944 291 102 945 316 102 946 290 102 947 291 107 948 318 107 949 317 107 950 293 53 951 318 53 952 292 53 953 294 53 954 319 53 955 293 53 956 294 83 957 321 83 958 320 83 959 295 108 960 322 108 961 321 108 962 296 109 963 323 109 964 322 109 965 298 53 966 323 53 967 297 53 968 298 90 969 325 90 970 324 90 971 300 53 972 325 53 973 299 53 974 300 53 975 327 53 976 326 53 977 302 110 978 327 110 979 301 110 980 302 53 981 329 53 982 328 53 983 304 111 984 329 111 985 303 111 986 304 112 987 331 112 988 330 112 989 306 53 990 331 53 991 305 53 992 307 53 993 332 53 994 306 53 995 307 53 996 334 53 997 333 53 998 308 113 999 335 113 1000 334 113 1001 310 53 1002 335 53 1003 309 53 1004 311 53 1005 336 53 1006 310 53 1007 311 53 1008 338 53 1009 337 53 1010 287 114 1011 338 114 1012 312 114 1013 314 53 1014 339 53 1015 313 53 1016 314 115 1017 341 115 1018 340 115 1019 316 116 1020 341 116 1021 315 116 1022 317 117 1023 342 117 1024 316 117 1025 317 118 1026 344 118 1027 343 118 1028 319 53 1029 344 53 1030 318 53 1031 320 53 1032 345 53 1033 319 53 1034 320 119 1035 347 119 1036 346 119 1037 321 53 1038 348 53 1039 347 53 1040 322 120 1041 349 120 1042 348 120 1043 324 121 1044 349 121 1045 323 121 1046 324 122 1047 351 122 1048 350 122 1049 326 123 1050 351 123 1051 325 123 1052 326 53 1053 353 53 1054 352 53 1055 328 79 1056 353 79 1057 327 79 1058 328 124 1059 355 124 1060 354 124 1061 330 53 1062 355 53 1063 329 53 1064 330 125 1065 357 125 1066 356 125 1067 332 126 1068 357 126 1069 331 126 1070 332 127 1071 359 127 1072 358 127 1073 334 53 1074 359 53 1075 333 53 1076 334 128 1077 361 128 1078 360 128 1079 336 129 1080 361 129 1081 335 129 1082 337 53 1083 362 53 1084 336 53 1085 337 130 1086 364 130 1087 363 130 1088 313 53 1089 364 53 1090 338 53 1091 365 53 1092 339 53 1093 340 53 1094 365 131 1095 340 131 1096 341 131 1097 365 132 1098 341 132 1099 342 132 1100 365 133 1101 342 133 1102 343 133 1103 365 134 1104 343 134 1105 344 134 1106 365 135 1107 344 135 1108 345 135 1109 365 53 1110 345 53 1111 346 53 1112 365 136 1113 346 136 1114 347 136 1115 365 137 1116 347 137 1117 348 137 1118 365 138 1119 348 138 1120 349 138 1121 365 139 1122 349 139 1123 350 139 1124 365 130 1125 350 130 1126 351 130 1127 365 53 1128 351 53 1129 352 53 1130 365 53 1131 352 53 1132 353 53 1133 365 140 1134 353 140 1135 354 140 1136 365 123 1137 354 123 1138 355 123 1139 365 53 1140 355 53 1141 356 53 1142 365 141 1143 356 141 1144 357 141 1145 365 142 1146 357 142 1147 358 142 1148 365 143 1149 358 143 1150 359 143 1151 365 53 1152 359 53 1153 360 53 1154 365 144 1155 360 144 1156 361 144 1157 365 145 1158 361 145 1159 362 145 1160 365 146 1161 362 146 1162 363 146 1163 365 147 1164 363 147 1165 364 147 1166 365 53 1167 364 53 1168 339 53 1169 2 0 1170 28 0 1171 27 0 1172 2 0 1173 3 0 1174 29 0 1175 3 0 1176 4 0 1177 30 0 1178 4 0 1179 5 0 1180 31 0 1181 6 0 1182 32 0 1183 31 0 1184 7 0 1185 33 0 1186 32 0 1187 8 0 1188 34 0 1189 33 0 1190 8 0 1191 9 0 1192 35 0 1193 10 0 1194 36 0 1195 35 0 1196 11 0 1197 37 0 1198 36 0 1199 11 0 1200 12 0 1201 38 0 1202 13 0 1203 39 0 1204 38 0 1205 13 0 1206 14 0 1207 40 0 1208 14 0 1209 15 0 1210 41 0 1211 16 0 1212 42 0 1213 41 0 1214 17 0 1215 43 0 1216 42 0 1217 17 0 1218 18 0 1219 44 0 1220 18 0 1221 19 0 1222 45 0 1223 20 0 1224 46 0 1225 45 0 1226 21 0 1227 47 0 1228 46 0 1229 21 0 1230 22 0 1231 48 0 1232 23 0 1233 49 0 1234 48 0 1235 23 0 1236 24 0 1237 50 0 1238 24 0 1239 25 0 1240 51 0 1241 26 0 1242 52 0 1243 51 0 1244 1 0 1245 27 0 1246 52 0 1247 27 0 1248 28 0 1249 54 0 1250 29 0 1251 55 0 1252 54 0 1253 29 0 1254 30 0 1255 56 0 1256 30 0 1257 31 0 1258 57 0 1259 32 0 1260 58 0 1261 57 0 1262 33 0 1263 59 0 1264 58 0 1265 34 0 1266 60 0 1267 59 0 1268 34 0 1269 35 0 1270 61 0 1271 36 0 1272 62 0 1273 61 0 1274 37 0 1275 63 0 1276 62 0 1277 37 0 1278 38 0 1279 64 0 1280 39 0 1281 65 0 1282 64 0 1283 39 0 1284 40 0 1285 66 0 1286 40 0 1287 41 0 1288 67 0 1289 42 0 1290 68 0 1291 67 0 1292 43 0 1293 69 0 1294 68 0 1295 43 0 1296 44 0 1297 70 0 1298 45 0 1299 71 0 1300 70 0 1301 45 0 1302 46 0 1303 72 0 1304 47 0 1305 73 0 1306 72 0 1307 47 0 1308 48 0 1309 74 0 1310 49 0 1311 75 0 1312 74 0 1313 49 0 1314 50 0 1315 76 0 1316 50 0 1317 51 0 1318 77 0 1319 52 0 1320 78 0 1321 77 0 1322 52 0 1323 27 0 1324 53 0 1325 53 0 1326 54 0 1327 80 0 1328 55 0 1329 81 0 1330 80 0 1331 55 0 1332 56 0 1333 82 0 1334 56 0 1335 57 0 1336 83 0 1337 58 0 1338 84 0 1339 83 0 1340 59 0 1341 85 0 1342 84 0 1343 60 0 1344 86 0 1345 85 0 1346 60 0 1347 61 0 1348 87 0 1349 62 0 1350 88 0 1351 87 0 1352 63 0 1353 89 0 1354 88 0 1355 63 0 1356 64 0 1357 90 0 1358 65 0 1359 91 0 1360 90 0 1361 65 0 1362 66 0 1363 92 0 1364 66 0 1365 67 0 1366 93 0 1367 68 0 1368 94 0 1369 93 0 1370 69 0 1371 95 0 1372 94 0 1373 69 0 1374 70 0 1375 96 0 1376 70 0 1377 71 0 1378 97 0 1379 71 0 1380 72 0 1381 98 0 1382 73 0 1383 99 0 1384 98 0 1385 73 0 1386 74 0 1387 100 0 1388 75 0 1389 101 0 1390 100 0 1391 75 0 1392 76 0 1393 102 0 1394 76 0 1395 77 0 1396 103 0 1397 78 0 1398 104 0 1399 103 0 1400 78 0 1401 53 0 1402 79 0 1403 80 0 1404 106 0 1405 105 0 1406 81 0 1407 107 0 1408 106 0 1409 81 0 1410 82 0 1411 108 0 1412 82 0 1413 83 0 1414 109 0 1415 84 0 1416 110 0 1417 109 0 1418 84 0 1419 85 0 1420 111 0 1421 86 0 1422 112 0 1423 111 0 1424 87 0 1425 113 0 1426 112 0 1427 88 0 1428 114 0 1429 113 0 1430 89 0 1431 115 0 1432 114 0 1433 89 0 1434 90 0 1435 116 0 1436 91 0 1437 117 0 1438 116 0 1439 91 0 1440 92 0 1441 118 0 1442 92 0 1443 93 0 1444 119 0 1445 94 0 1446 120 0 1447 119 0 1448 95 0 1449 121 0 1450 120 0 1451 95 0 1452 96 0 1453 122 0 1454 97 0 1455 123 0 1456 122 0 1457 97 0 1458 98 0 1459 124 0 1460 99 0 1461 125 0 1462 124 0 1463 99 0 1464 100 0 1465 126 0 1466 101 0 1467 127 0 1468 126 0 1469 101 0 1470 102 0 1471 128 0 1472 102 0 1473 103 0 1474 129 0 1475 104 0 1476 130 0 1477 129 0 1478 104 0 1479 79 0 1480 105 0 1481 105 0 1482 106 0 1483 132 0 1484 107 0 1485 133 0 1486 132 0 1487 107 0 1488 108 0 1489 134 0 1490 108 0 1491 109 0 1492 135 0 1493 110 0 1494 136 0 1495 135 0 1496 111 0 1497 137 0 1498 136 0 1499 112 0 1500 138 0 1501 137 0 1502 112 0 1503 113 0 1504 139 0 1505 114 0 1506 140 0 1507 139 0 1508 115 0 1509 141 0 1510 140 0 1511 115 0 1512 116 0 1513 142 0 1514 117 0 1515 143 0 1516 142 0 1517 117 0 1518 118 0 1519 144 0 1520 118 0 1521 119 0 1522 145 0 1523 120 0 1524 146 0 1525 145 0 1526 121 0 1527 147 0 1528 146 0 1529 121 0 1530 122 0 1531 148 0 1532 123 0 1533 149 0 1534 148 0 1535 123 0 1536 124 0 1537 150 0 1538 125 0 1539 151 0 1540 150 0 1541 125 0 1542 126 0 1543 152 0 1544 127 0 1545 153 0 1546 152 0 1547 127 0 1548 128 0 1549 154 0 1550 128 0 1551 129 0 1552 155 0 1553 130 0 1554 156 0 1555 155 0 1556 105 0 1557 131 0 1558 156 0 1559 132 0 1560 158 0 1561 157 0 1562 133 0 1563 159 0 1564 158 0 1565 134 0 1566 160 0 1567 159 0 1568 134 0 1569 135 0 1570 161 0 1571 136 0 1572 162 0 1573 161 0 1574 137 0 1575 163 0 1576 162 0 1577 138 0 1578 164 0 1579 163 0 1580 138 0 1581 139 0 1582 165 0 1583 140 0 1584 166 0 1585 165 0 1586 141 0 1587 167 0 1588 166 0 1589 141 0 1590 142 0 1591 168 0 1592 143 0 1593 169 0 1594 168 0 1595 143 0 1596 144 0 1597 170 0 1598 145 0 1599 171 0 1600 170 0 1601 145 0 1602 146 0 1603 172 0 1604 147 0 1605 173 0 1606 172 0 1607 147 0 1608 148 0 1609 174 0 1610 148 0 1611 149 0 1612 175 0 1613 149 0 1614 150 0 1615 176 0 1616 151 0 1617 177 0 1618 176 0 1619 151 0 1620 152 0 1621 178 0 1622 153 0 1623 179 0 1624 178 0 1625 153 0 1626 154 0 1627 180 0 1628 154 0 1629 155 0 1630 181 0 1631 156 0 1632 182 0 1633 181 0 1634 156 0 1635 131 0 1636 157 0 1637 158 1 1638 184 5 1639 183 2 1640 159 4 1641 185 7 1642 184 5 1643 160 6 1644 186 9 1645 185 7 1646 161 8 1647 187 11 1648 186 9 1649 162 10 1650 188 13 1651 187 11 1652 163 12 1653 189 15 1654 188 13 1655 164 14 1656 190 17 1657 189 15 1658 165 16 1659 191 19 1660 190 17 1661 166 18 1662 192 21 1663 191 19 1664 167 20 1665 193 23 1666 192 21 1667 168 22 1668 194 25 1669 193 23 1670 169 24 1671 195 27 1672 194 25 1673 170 26 1674 196 29 1675 195 27 1676 171 28 1677 197 31 1678 196 29 1679 172 30 1680 198 33 1681 197 31 1682 173 32 1683 199 35 1684 198 33 1685 174 34 1686 200 37 1687 199 35 1688 175 36 1689 201 39 1690 200 37 1691 176 38 1692 202 41 1693 201 39 1694 177 40 1695 203 43 1696 202 41 1697 178 42 1698 204 45 1699 203 43 1700 179 44 1701 205 47 1702 204 45 1703 180 46 1704 206 49 1705 205 47 1706 181 48 1707 207 51 1708 206 49 1709 182 50 1710 208 52 1711 207 51 1712 157 3 1713 183 2 1714 208 52 1715 183 148 1716 184 148 1717 210 148 1718 184 53 1719 185 53 1720 211 53 1721 186 53 1722 212 53 1723 211 53 1724 187 53 1725 213 53 1726 212 53 1727 187 53 1728 188 53 1729 214 53 1730 188 53 1731 189 53 1732 215 53 1733 190 53 1734 216 53 1735 215 53 1736 191 53 1737 217 53 1738 216 53 1739 191 53 1740 192 53 1741 218 53 1742 192 149 1743 193 149 1744 219 149 1745 194 53 1746 220 53 1747 219 53 1748 194 150 1749 195 150 1750 221 150 1751 196 151 1752 222 151 1753 221 151 1754 196 152 1755 197 152 1756 223 152 1757 198 153 1758 224 153 1759 223 153 1760 198 154 1761 199 154 1762 225 154 1763 200 53 1764 226 53 1765 225 53 1766 201 76 1767 227 76 1768 226 76 1769 202 155 1770 228 155 1771 227 155 1772 202 53 1773 203 53 1774 229 53 1775 204 156 1776 230 156 1777 229 156 1778 204 157 1779 205 157 1780 231 157 1781 205 53 1782 206 53 1783 232 53 1784 207 53 1785 233 53 1786 232 53 1787 207 158 1788 208 158 1789 234 158 1790 183 53 1791 209 53 1792 234 53 1793 209 53 1794 210 53 1795 236 53 1796 210 53 1797 211 53 1798 237 53 1799 212 53 1800 238 53 1801 237 53 1802 213 159 1803 239 159 1804 238 159 1805 213 53 1806 214 53 1807 240 53 1808 214 53 1809 215 53 1810 241 53 1811 216 53 1812 242 53 1813 241 53 1814 217 53 1815 243 53 1816 242 53 1817 217 160 1818 218 160 1819 244 160 1820 218 53 1821 219 53 1822 245 53 1823 220 53 1824 246 53 1825 245 53 1826 220 66 1827 221 66 1828 247 66 1829 222 161 1830 248 161 1831 247 161 1832 223 65 1833 249 65 1834 248 65 1835 224 162 1836 250 162 1837 249 162 1838 224 53 1839 225 53 1840 251 53 1841 226 53 1842 252 53 1843 251 53 1844 226 53 1845 227 53 1846 253 53 1847 227 53 1848 228 53 1849 254 53 1850 228 53 1851 229 53 1852 255 53 1853 230 53 1854 256 53 1855 255 53 1856 230 53 1857 231 53 1858 257 53 1859 232 53 1860 258 53 1861 257 53 1862 233 67 1863 259 67 1864 258 67 1865 233 163 1866 234 163 1867 260 163 1868 209 53 1869 235 53 1870 260 53 1871 235 164 1872 236 164 1873 262 164 1874 236 73 1875 237 73 1876 263 73 1877 238 53 1878 264 53 1879 263 53 1880 239 165 1881 265 165 1882 264 165 1883 239 53 1884 240 53 1885 266 53 1886 241 165 1887 267 165 1888 266 165 1889 242 53 1890 268 53 1891 267 53 1892 242 166 1893 243 166 1894 269 166 1895 243 53 1896 244 53 1897 270 53 1898 245 53 1899 271 53 1900 270 53 1901 246 165 1902 272 165 1903 271 165 1904 246 53 1905 247 53 1906 273 53 1907 248 167 1908 274 167 1909 273 167 1910 249 53 1911 275 53 1912 274 53 1913 249 53 1914 250 53 1915 276 53 1916 250 168 1917 251 168 1918 277 168 1919 252 53 1920 278 53 1921 277 53 1922 252 53 1923 253 53 1924 279 53 1925 254 53 1926 280 53 1927 279 53 1928 255 73 1929 281 73 1930 280 73 1931 256 53 1932 282 53 1933 281 53 1934 256 53 1935 257 53 1936 283 53 1937 258 169 1938 284 169 1939 283 169 1940 259 53 1941 285 53 1942 284 53 1943 259 170 1944 260 170 1945 286 170 1946 235 53 1947 261 53 1948 286 53 1949 261 53 1950 262 53 1951 288 53 1952 262 53 1953 263 53 1954 289 53 1955 264 100 1956 290 100 1957 289 100 1958 265 53 1959 291 53 1960 290 53 1961 265 116 1962 266 116 1963 292 116 1964 267 171 1965 293 171 1966 292 171 1967 268 53 1968 294 53 1969 293 53 1970 268 172 1971 269 172 1972 295 172 1973 269 53 1974 270 53 1975 296 53 1976 270 53 1977 271 53 1978 297 53 1979 272 173 1980 298 173 1981 297 173 1982 272 174 1983 273 174 1984 299 174 1985 274 53 1986 300 53 1987 299 53 1988 274 175 1989 275 175 1990 301 175 1991 276 53 1992 302 53 1993 301 53 1994 276 97 1995 277 97 1996 303 97 1997 278 53 1998 304 53 1999 303 53 2000 279 176 2001 305 176 2002 304 176 2003 280 177 2004 306 177 2005 305 177 2006 281 178 2007 307 178 2008 306 178 2009 282 179 2010 308 179 2011 307 179 2012 282 180 2013 283 180 2014 309 180 2015 284 53 2016 310 53 2017 309 53 2018 285 102 2019 311 102 2020 310 102 2021 285 53 2022 286 53 2023 312 53 2024 261 53 2025 287 53 2026 312 53 2027 287 181 2028 288 181 2029 314 181 2030 288 53 2031 289 53 2032 315 53 2033 290 182 2034 316 182 2035 315 182 2036 291 183 2037 317 183 2038 316 183 2039 291 53 2040 292 53 2041 318 53 2042 293 184 2043 319 184 2044 318 184 2045 294 53 2046 320 53 2047 319 53 2048 294 53 2049 295 53 2050 321 53 2051 295 185 2052 296 185 2053 322 185 2054 296 100 2055 297 100 2056 323 100 2057 298 186 2058 324 186 2059 323 186 2060 298 53 2061 299 53 2062 325 53 2063 300 53 2064 326 53 2065 325 53 2066 300 181 2067 301 181 2068 327 181 2069 302 83 2070 328 83 2071 327 83 2072 302 63 2073 303 63 2074 329 63 2075 304 129 2076 330 129 2077 329 129 2078 304 187 2079 305 187 2080 331 187 2081 306 188 2082 332 188 2083 331 188 2084 307 189 2085 333 189 2086 332 189 2087 307 53 2088 308 53 2089 334 53 2090 308 53 2091 309 53 2092 335 53 2093 310 53 2094 336 53 2095 335 53 2096 311 53 2097 337 53 2098 336 53 2099 311 190 2100 312 190 2101 338 190 2102 287 53 2103 313 53 2104 338 53 2105 314 191 2106 340 191 2107 339 191 2108 314 192 2109 315 192 2110 341 192 2111 316 193 2112 342 193 2113 341 193 2114 317 194 2115 343 194 2116 342 194 2117 317 53 2118 318 53 2119 344 53 2120 319 195 2121 345 195 2122 344 195 2123 320 53 2124 346 53 2125 345 53 2126 320 53 2127 321 53 2128 347 53 2129 321 53 2130 322 53 2131 348 53 2132 322 196 2133 323 196 2134 349 196 2135 324 197 2136 350 197 2137 349 197 2138 324 53 2139 325 53 2140 351 53 2141 326 53 2142 352 53 2143 351 53 2144 326 53 2145 327 53 2146 353 53 2147 328 198 2148 354 198 2149 353 198 2150 328 199 2151 329 199 2152 355 199 2153 330 53 2154 356 53 2155 355 53 2156 330 53 2157 331 53 2158 357 53 2159 332 200 2160 358 200 2161 357 200 2162 332 53 2163 333 53 2164 359 53 2165 334 53 2166 360 53 2167 359 53 2168 334 53 2169 335 53 2170 361 53 2171 336 201 2172 362 201 2173 361 201 2174 337 202 2175 363 202 2176 362 202 2177 337 203 2178 338 203 2179 364 203 2180 313 53 2181 339 53 2182 364 53 2183</p>
        </triangles>
      </mesh>
    </geometry>
    <geometry id="Örüntü_006-mesh" name="Örüntü.006">
      <mesh>
        <source id="Örüntü_006-mesh-positions">
          <float_array id="Örüntü_006-mesh-positions-array" count="1098">0 0 0 0.1714286 0 0 0.1664472 0.0410254 0 0.1517925 0.07966679 0 0.1283161 0.1136782 0 0.09738248 0.141083 0 0.0607891 0.1602885 0 0.02066338 0.1701787 0 -0.02066338 0.1701787 0 -0.0607891 0.1602885 0 -0.09738248 0.141083 0 -0.1283161 0.1136782 0 -0.1517925 0.07966679 0 -0.1664472 0.0410254 0 -0.1714286 0 0 -0.1664471 -0.0410254 0 -0.1517924 -0.07966691 0 -0.1283161 -0.1136782 0 -0.09738242 -0.141083 0 -0.06078898 -0.1602885 0 -0.02066326 -0.1701787 0 0.02066344 -0.1701787 0 0.06078958 -0.1602884 0 0.09738266 -0.1410828 0 0.1283162 -0.113678 0 0.1517925 -0.07966661 0 0.1664472 -0.04102528 0 0.3428572 0 0 0.3328944 0.08205109 0 0.3035849 0.1593337 0 0.2566323 0.2273563 0 0.194765 0.2821659 0 0.1215788 0.320577 0 0.04132682 0.3403574 0 -0.04132682 0.3403574 0 -0.1215788 0.320577 0 -0.194765 0.282166 0 -0.2566323 0.2273563 0 -0.3035849 0.1593336 0 -0.3328944 0.08205097 0 -0.3428572 0 0 -0.3328943 -0.08205121 0 -0.3035849 -0.1593338 0 -0.2566322 -0.2273565 0 -0.1947649 -0.2821661 0 -0.1215785 -0.3205771 0 -0.04132652 -0.3403574 0 0.04132694 -0.3403573 0 0.1215792 -0.3205769 0 0.1947654 -0.2821657 0 0.2566326 -0.227356 0 0.3035852 -0.1593332 0 0.3328945 -0.08205056 0 0.5142858 0 0 0.4993416 0.1230766 0 0.4553775 0.2390004 0 0.3849484 0.3410345 0 0.2921476 0.4232489 0 0.1823682 0.4808655 0 0.06199026 0.5105361 0 -0.06199026 0.5105361 0 -0.1823682 0.4808655 0 -0.2921476 0.4232489 0 -0.3849484 0.3410345 0 -0.4553775 0.2390004 0 -0.4993416 0.1230764 0 -0.5142858 -1.67576e-7 0 -0.4993415 -0.1230768 0 -0.4553773 -0.2390007 0 -0.3849483 -0.3410348 0 -0.2921473 -0.4232491 0 -0.1823678 -0.4808657 0 -0.06198978 -0.5105361 0 0.06199049 -0.510536 0 0.1823688 -0.4808654 0 0.2921481 -0.4232485 0 0.3849489 -0.3410341 0 0.4553778 -0.2389999 0 0.4993418 -0.1230759 0 0.6857144 0 0 0.6657888 0.1641021 0 0.6071699 0.3186674 0 0.5132645 0.4547128 0 0.3895301 0.5643318 0 0.2431576 0.6411541 0 0.0826537 0.6807147 0 -0.0826537 0.6807147 0 -0.2431576 0.6411541 0 -0.3895301 0.5643319 0 -0.5132646 0.4547127 0 -0.6071699 0.3186672 0 -0.6657888 0.164102 0 -0.6857144 -2.23434e-7 0 -0.6657887 -0.1641024 0 -0.6071698 -0.3186677 0 -0.5132643 -0.4547131 0 -0.3895297 -0.5643321 0 -0.2431571 -0.6411542 0 -0.0826531 -0.6807148 0 0.08265441 -0.6807147 0 0.2431584 -0.6411538 0 0.3895308 -0.5643314 0 0.5132651 -0.454712 0 0.6071704 -0.3186665 0 0.665789 -0.1641011 0 0.8571429 0 0 0.8322359 0.2051277 0 0.7589624 0.3983342 0 0.6415807 0.5683909 0 0.4869126 0.7054148 0 0.303947 0.8014426 0 0.1033172 0.8508934 0 -0.1033171 0.8508934 0 -0.303947 0.8014426 0 -0.4869126 0.7054148 0 -0.6415807 0.5683909 0 -0.7589624 0.398334 0 -0.832236 0.2051275 0 -0.8571429 -2.79293e-7 0 -0.8322358 -0.205128 0 -0.7589622 -0.3983346 0 -0.6415804 -0.5683913 0 -0.4869121 -0.7054151 0 -0.3039464 -0.8014428 0 -0.1033164 -0.8508934 0 0.103318 -0.8508933 0 0.3039479 -0.8014422 0 0.4869136 -0.7054142 0 0.6415814 -0.5683901 0 0.7589629 -0.3983331 0 0.8322362 -0.2051265 0 1.028572 0 0 0.9986832 0.2461532 0 0.9107549 0.4780011 0 0.7698969 0.6820691 0 0.5842952 0.8464978 0 0.3647365 0.9617311 0 0.1239806 1.021072 0 -0.1239805 1.021072 0 -0.3647364 0.9617311 0 -0.5842952 0.8464978 0 -0.7698969 0.6820691 0 -0.9107549 0.4780009 0 -0.9986833 0.2461529 0 -1.028572 -3.35151e-7 0 -0.998683 -0.2461537 0 -0.9107546 -0.4780015 0 -0.7698965 -0.6820696 0 -0.5842946 -0.8464983 0 -0.3647357 -0.9617314 0 -0.1239796 -1.021072 0 0.1239816 -1.021072 0 0.3647376 -0.9617307 0 0.5842963 -0.8464971 0 0.7698978 -0.6820681 0 0.9107555 -0.4779997 0 0.9986836 -0.2461518 0 1.2 0 0 1.16513 0.2871788 0 1.062547 0.5576679 0 0.8982129 0.7957473 0 0.6816776 0.9875807 0 0.4255259 1.12202 0 0.144644 1.191251 0 -0.144644 1.191251 0 -0.4255258 1.12202 0 -0.6816776 0.9875807 0 -0.898213 0.7957472 0 -1.062547 0.5576677 0 -1.16513 0.2871785 0 -1.2 -3.9101e-7 0 -1.16513 -0.2871793 0 -1.062547 -0.5576684 0 -0.8982125 -0.7957478 0 -0.681677 -0.9875812 0 -0.425525 -1.12202 0 -0.1446429 -1.191251 0 0.1446452 -1.191251 0 0.4255271 -1.122019 0 0.681679 -0.9875799 0 0.898214 -0.7957461 0 1.062548 -0.5576663 0 1.165131 -0.287177 0 1.2 0 0.2 1.16513 0.2871788 0.2 1.062547 0.5576679 0.2 0.8982129 0.7957473 0.2 0.6816776 0.9875807 0.2 0.4255259 1.12202 0.2 0.144644 1.191251 0.2 -0.144644 1.191251 0.2 -0.4255258 1.12202 0.2 -0.6816776 0.9875807 0.2 -0.898213 0.7957472 0.2 -1.062547 0.5576677 0.2 -1.16513 0.2871785 0.2 -1.2 -3.9101e-7 0.2 -1.16513 -0.2871793 0.2 -1.062547 -0.5576684 0.2 -0.8982125 -0.7957478 0.2 -0.681677 -0.9875812 0.2 -0.425525 -1.12202 0.2 -0.1446429 -1.191251 0.2 0.1446452 -1.191251 0.2 0.4255271 -1.122019 0.2 0.681679 -0.9875799 0.2 0.898214 -0.7957461 0.2 1.062548 -0.5576663 0.2 1.165131 -0.287177 0.2 1.028571 0 0.2 0.9986831 0.2461532 0.2 0.9107549 0.478001 0.2 0.7698968 0.6820691 0.2 0.5842952 0.8464977 0.2 0.3647364 0.961731 0.2 0.1239806 1.021072 0.2 -0.1239805 1.021072 0.2 -0.3647364 0.961731 0.2 -0.5842952 0.8464978 0.2 -0.7698969 0.6820691 0.2 -0.9107549 0.4780009 0.2 -0.9986832 0.2461529 0.2 -1.028571 -3.35151e-7 0.2 -0.998683 -0.2461537 0.2 -0.9107546 -0.4780015 0.2 -0.7698965 -0.6820695 0.2 -0.5842946 -0.8464982 0.2 -0.3647357 -0.9617313 0.2 -0.1239796 -1.021072 0.2 0.1239816 -1.021072 0.2 0.3647375 -0.9617306 0.2 0.5842962 -0.8464971 0.2 0.7698977 -0.6820681 0.2 0.9107555 -0.4779997 0.2 0.9986835 -0.2461518 0.2 0.8571429 0 0.2 0.8322359 0.2051277 0.2 0.7589624 0.3983342 0.2 0.6415807 0.5683909 0.2 0.4869126 0.7054148 0.2 0.303947 0.8014426 0.2 0.1033172 0.8508934 0.2 -0.1033171 0.8508934 0.2 -0.303947 0.8014426 0.2 -0.4869126 0.7054148 0.2 -0.6415807 0.5683909 0.2 -0.7589624 0.398334 0.2 -0.832236 0.2051275 0.2 -0.8571429 -2.79293e-7 0.2 -0.8322358 -0.205128 0.2 -0.7589622 -0.3983346 0.2 -0.6415804 -0.5683913 0.2 -0.4869121 -0.7054151 0.2 -0.3039464 -0.8014428 0.2 -0.1033164 -0.8508934 0.2 0.103318 -0.8508933 0.2 0.3039479 -0.8014422 0.2 0.4869136 -0.7054142 0.2 0.6415814 -0.5683901 0.2 0.7589629 -0.3983331 0.2 0.8322362 -0.2051265 0.2 0.6857143 0 0.2 0.6657887 0.1641021 0.2 0.6071699 0.3186673 0.2 0.5132645 0.4547127 0.2 0.3895301 0.5643318 0.2 0.2431576 0.641154 0.2 0.0826537 0.6807146 0.2 -0.0826537 0.6807146 0.2 -0.2431576 0.641154 0.2 -0.3895301 0.5643318 0.2 -0.5132645 0.4547126 0.2 -0.6071699 0.3186672 0.2 -0.6657888 0.164102 0.2 -0.6857143 -2.23434e-7 0.2 -0.6657886 -0.1641024 0.2 -0.6071697 -0.3186676 0.2 -0.5132642 -0.454713 0.2 -0.3895297 -0.5643321 0.2 -0.2431571 -0.6411542 0.2 -0.0826531 -0.6807147 0.2 0.08265441 -0.6807146 0.2 0.2431583 -0.6411537 0.2 0.3895308 -0.5643314 0.2 0.5132651 -0.454712 0.2 0.6071703 -0.3186664 0.2 0.665789 -0.1641011 0.2 0.5142857 0 0.2 0.4993415 0.1230766 0.2 0.4553774 0.2390004 0.2 0.3849484 0.3410345 0.2 0.2921475 0.4232488 0.2 0.1823682 0.4808655 0.2 0.06199026 0.510536 0.2 -0.06199026 0.510536 0.2 -0.1823682 0.4808655 0.2 -0.2921475 0.4232488 0.2 -0.3849484 0.3410345 0.2 -0.4553774 0.2390004 0.2 -0.4993416 0.1230764 0.2 -0.5142857 -1.67576e-7 0.2 -0.4993414 -0.1230768 0.2 -0.4553772 -0.2390007 0.2 -0.3849482 -0.3410348 0.2 -0.2921472 -0.4232491 0.2 -0.1823678 -0.4808656 0.2 -0.06198978 -0.510536 0.2 0.06199049 -0.5105359 0.2 0.1823686 -0.4808652 0.2 0.2921481 -0.4232485 0.2 0.3849488 -0.341034 0.2 0.4553777 -0.2389998 0.2 0.4993417 -0.1230759 0.2 0.3428571 0 0.2 0.3328943 0.08205103 0.2 0.3035849 0.1593337 0.2 0.2566322 0.2273563 0.2 0.194765 0.2821659 0.2 0.1215788 0.320577 0.2 0.04132682 0.3403573 0.2 -0.04132682 0.3403573 0.2 -0.1215788 0.320577 0.2 -0.194765 0.2821659 0.2 -0.2566323 0.2273563 0.2 -0.3035849 0.1593336 0.2 -0.3328944 0.08205097 0.2 -0.3428571 0 0.2 -0.3328943 -0.08205121 0.2 -0.3035848 -0.1593338 0.2 -0.2566321 -0.2273565 0.2 -0.1947648 -0.282166 0.2 -0.1215785 -0.3205771 0.2 -0.04132652 -0.3403574 0.2 0.04132694 -0.3403573 0.2 0.1215791 -0.3205769 0.2 0.1947654 -0.2821657 0.2 0.2566325 -0.227356 0.2 0.3035851 -0.1593332 0.2 0.3328945 -0.08205056 0.2 0.1714285 0 0.2 0.1664471 0.0410254 0.2 0.1517924 0.07966679 0.2 0.1283161 0.113678 0.2 0.09738242 0.1410828 0.2 0.06078904 0.1602884 0.2 0.02066338 0.1701785 0.2 -0.02066338 0.1701785 0.2 -0.06078904 0.1602884 0.2 -0.09738242 0.1410829 0.2 -0.1283161 0.113678 0.2 -0.1517924 0.07966673 0.2 -0.1664471 0.0410254 0.2 -0.1714285 0 0.2 -0.1664471 -0.0410254 0.2 -0.1517923 -0.07966685 0.2 -0.128316 -0.1136782 0.2 -0.09738236 -0.141083 0.2 -0.06078892 -0.1602885 0.2 -0.02066326 -0.1701786 0.2 0.02066344 -0.1701785 0.2 0.06078922 -0.1602883 0.2 0.09738266 -0.1410828 0.2 0.1283162 -0.1136779 0.2 0.1517925 -0.07966655 0.2 0.1664471 -0.04102522 0.2 0 0 0.2</float_array>
          <technique_common>
            <accessor source="#Örüntü_006-mesh-positions-array" count="366" stride="3">
              <param name="X" type="float"/>
              <param name="Y" type="float"/>
              <param name="Z" type="float"/>
            </accessor>
          </technique_common>
        </source>
        <source id="Örüntü_006-mesh-normals">
          <float_array id="Örüntü_006-mesh-normals-array" count="612">0 0 -1 0.7110479 0.175244 -0.6809555 0.7323368 0 0.6809427 0.7323368 0 -0.6809427 0.6484483 0.3403232 -0.6809516 0.7110479 0.175244 0.6809555 0.5481587 0.4856244 -0.6809486 0.6484483 0.3403232 0.6809516 0.41601 0.6026973 -0.680949 0.5481587 0.4856244 0.6809486 0.2596909 0.6847368 -0.6809524 0.41601 0.6026973 0.680949 0.08826148 0.7269974 -0.680944 0.2596909 0.6847368 0.6809524 -0.08826148 0.7269974 -0.680944 0.08826148 0.7269974 0.680944 -0.2596909 0.6847368 -0.6809524 -0.08826148 0.7269974 0.680944 -0.41601 0.6026973 -0.680949 -0.2596909 0.6847368 0.6809524 -0.5481587 0.4856244 -0.6809486 -0.41601 0.6026973 0.680949 -0.6484483 0.3403232 -0.6809516 -0.5481587 0.4856244 0.6809486 -0.7110479 0.175244 -0.6809555 -0.6484483 0.3403232 0.6809516 -0.7323368 0 -0.6809427 -0.7110479 0.175244 0.6809555 -0.7110479 -0.175244 -0.6809555 -0.7323368 0 0.6809427 -0.6484483 -0.3403232 -0.6809516 -0.7110479 -0.175244 0.6809555 -0.5481587 -0.4856244 -0.6809486 -0.6484483 -0.3403232 0.6809516 -0.41601 -0.6026973 -0.680949 -0.5481587 -0.4856244 0.6809486 -0.2596909 -0.6847368 -0.6809524 -0.41601 -0.6026973 0.680949 -0.08826148 -0.7269974 -0.680944 -0.2596909 -0.6847368 0.6809524 0.08826148 -0.7269974 -0.680944 -0.08826148 -0.7269974 0.680944 0.2596909 -0.6847368 -0.6809524 0.08826148 -0.7269974 0.680944 0.41601 -0.6026973 -0.680949 0.2596909 -0.6847368 0.6809524 0.5481587 -0.4856244 -0.6809486 0.41601 -0.6026973 0.680949 0.6484483 -0.3403232 -0.6809516 0.5481587 -0.4856244 0.6809486 0.7110479 -0.175244 -0.6809555 0.6484483 -0.3403232 0.6809516 0.7110479 -0.175244 0.6809555 0 0 1 0 0 1 0 0 1 1.76564e-7 0 1 0 0 1 0 0 1 -1.76563e-7 0 1 0 0 1 0 0 1 0 0 1 -1.76564e-7 0 1 0 0 1 -2.11876e-7 0 1 0 0 1 -2.11876e-7 0 1 0 0 1 1.76361e-7 0 1 0 0 1 2.11876e-7 0 1 0 0 1 0 0 1 0 0 1 0 0 1 0 0 1 -2.11876e-7 0 1 0 0 1 1.32423e-7 0 1 0 0 1 0 0 1 -2.11876e-7 0 1 -1.32423e-7 0 1 -1.32423e-7 0 1 0 0 1 1.32423e-7 0 1 0 0 1 -1.32423e-7 0 1 0 0 1 -1.32423e-7 0 1 0 0 1 -1.32423e-7 0 1 0 0 1 -2.64845e-7 0 1 0 0 1 -2.64846e-7 0 1 -1.32423e-7 0 1 -1.76563e-7 0 1 0 0 1 -1.76564e-7 0 1 0 0 1 1.76564e-7 0 1 1.32423e-7 0 1 2.64845e-7 0 1 -1.32423e-7 0 1 1.32424e-7 0 1 1.32423e-7 0 1 -1.32423e-7 0 1 3.97268e-7 0 1 0 0 1 1.76563e-7 0 1 0 0 1 -1.98634e-7 0 1 0 0 1 1.32422e-7 0 1 2.64846e-7 0 1 -2.64845e-7 0 1 3.31055e-7 0 1 -4.63482e-7 0 1 -2.64844e-7 0 1 -2.64845e-7 0 1 1.32423e-7 0 1 -1.32423e-7 0 1 1.32423e-7 0 1 -1.98633e-7 0 1 5.2969e-7 0 1 -4.23754e-7 0 1 1.98633e-7 0 1 -2.64845e-7 0 1 -1.32423e-7 0 1 -1.32423e-7 0 1 2.64846e-7 0 1 -3.97268e-7 0 1 7.28322e-7 0 1 -4.63483e-7 0 1 4.63483e-7 0 1 -5.29689e-7 0 1 2.64845e-7 0 1 -1.32423e-7 0 1 2.64845e-7 0 1 1.98633e-7 0 1 -8.60754e-7 0 1 4.23755e-7 0 1 3.31056e-7 0 1 -1.32423e-7 0 1 -3.97269e-7 0 1 3.97269e-7 0 1 0 0 1 0 0 1 0 0 1 1.76563e-7 0 1 0 0 1 -1.76564e-7 0 1 0 0 1 0 0 1 0 0 1 0 0 1 0 0 1 0 0 1 0 0 1 -2.11877e-7 0 1 2.11876e-7 0 1 2.20704e-7 0 1 0 0 1 1.32423e-7 0 1 2.11876e-7 0 1 2.64845e-7 0 1 0 0 1 1.32423e-7 0 1 0 0 1 0 0 1 2.64845e-7 0 1 1.76564e-7 0 1 0 0 1 0 0 1 -1.76564e-7 0 1 2.20704e-7 0 1 1.41251e-7 0 1 -2.20704e-7 0 1 -1.32423e-7 0 1 0 0 1 1.32423e-7 0 1 -3.97268e-7 0 1 1.32423e-7 0 1 1.76564e-7 0 1 1.32423e-7 0 1 -3.53127e-7 0 1 1.98634e-7 0 1 0 0 1 0 0 1 -2.64846e-7 0 1 2.64845e-7 0 1 -2.64846e-7 0 1 -1.32422e-7 0 1 4.63482e-7 0 1 2.64845e-7 0 1 1.32423e-7 0 1 -2.64844e-7 0 1 2.64845e-7 0 1 -1.98635e-7 0 1 1.32423e-7 0 1 -1.32423e-7 0 1 1.32423e-7 0 1</float_array>
          <technique_common>
            <accessor source="#Örüntü_006-mesh-normals-array" count="204" stride="3">
              <param name="X" type="float"/>
              <param name="Y" type="float"/>
              <param name="Z" type="float"/>
            </accessor>
          </technique_common>
        </source>
        <source id="Örüntü_006-mesh-map-0">
          <float_array id="Örüntü_006-mesh-map-0-array" count="4368">0.5 0 0.7884616 0 0.75 0 0.5 0 0.8269231 0 0.7884616 0 0.5 0 0.8653846 0 0.8269231 0 0.5 0 0.9038462 0 0.8653846 0 0.5 0 0.9423077 0 0.9038462 0 0.5 0 0.9807692 0 0.9423077 0 0.5 0 0.01923078 0 -0.01923078 0 0.5 0 0.05769217 0 0.01923078 0 0.5 0 0.09615385 0 0.05769217 0 0.5 0 0.1346154 0 0.09615385 0 0.5 0 0.1730769 0 0.1346154 0 0.5 0 0.2115384 0 0.1730769 0 0.5 0 0.2500001 0 0.2115384 0 0.5 0 0.2884616 0 0.2500001 0 0.5 0 0.3269231 0 0.2884616 0 0.5 0 0.3653847 0 0.3269231 0 0.5 0 0.4038463 0 0.3653847 0 0.5 0 0.4423078 0 0.4038463 0 0.5 0 0.4807694 0 0.4423078 0 0.5 0 0.519231 0 0.4807694 0 0.5 0 0.5576925 0 0.519231 0 0.5 0 0.596154 0 0.5576925 0 0.5 0 0.6346156 0 0.596154 0 0.5 0 0.6730772 0 0.6346156 0 0.5 0 0.7115387 0 0.6730772 0 0.5 0 0.75 0 0.7115387 0 0.7884616 0 0.75 0 0.75 0 0.7884616 0 0.8269231 0 0.7884616 0 0.8269231 0 0.8653846 0 0.8269231 0 0.8653846 0 0.9038462 0 0.8653846 0 0.9423077 0 0.9038462 0 0.9038462 0 0.9807692 0 0.9423077 0 0.9423077 0 0.01923078 0 -0.01923078 0 -0.01923078 0 0.01923078 0 0.05769217 0 0.01923078 0 0.09615385 0 0.05769217 0 0.05769217 0 0.1346154 0 0.09615385 0 0.09615385 0 0.1346154 0 0.1730769 0 0.1346154 0 0.2115384 0 0.1730769 0 0.1730769 0 0.2115384 0 0.2500001 0 0.2115384 0 0.2500001 0 0.2884616 0 0.2500001 0 0.3269231 0 0.2884616 0 0.2884616 0 0.3653847 0 0.3269231 0 0.3269231 0 0.3653847 0 0.4038463 0 0.3653847 0 0.4038463 0 0.4423078 0 0.4038463 0 0.4807694 0 0.4423078 0 0.4423078 0 0.519231 0 0.4807694 0 0.4807694 0 0.519231 0 0.5576925 0 0.519231 0 0.596154 0 0.5576925 0 0.5576925 0 0.596154 0 0.6346156 0 0.596154 0 0.6346156 0 0.6730772 0 0.6346156 0 0.7115387 0 0.6730772 0 0.6730772 0 0.75 0 0.7115387 0 0.7115387 0 0.75 0 0.7884616 0 0.75 0 0.8269231 0 0.7884616 0 0.7884616 0 0.8269231 0 0.8653846 0 0.8269231 0 0.8653846 0 0.9038462 0 0.8653846 0 0.9423077 0 0.9038462 0 0.9038462 0 0.9807692 0 0.9423077 0 0.9423077 0 0.01923078 0 -0.01923078 0 -0.01923078 0 0.01923078 0 0.05769217 0 0.01923078 0 0.09615385 0 0.05769217 0 0.05769217 0 0.1346154 0 0.09615385 0 0.09615385 0 0.1346154 0 0.1730769 0 0.1346154 0 0.2115384 0 0.1730769 0 0.1730769 0 0.2115384 0 0.2500001 0 0.2115385 0 0.2500001 0 0.2884616 0 0.2500001 0 0.3269231 0 0.2884616 0 0.2884616 0 0.3653847 0 0.3269232 0 0.3269231 0 0.3653847 0 0.4038463 0 0.3653847 0 0.4423078 0 0.4038463 0 0.4038463 0 0.4423078 0 0.4807694 0 0.4423078 0 0.519231 0 0.4807694 0 0.4807694 0 0.519231 0 0.5576925 0 0.519231 0 0.596154 0 0.5576925 0 0.5576925 0 0.596154 0 0.6346156 0 0.596154 0 0.6346156 0 0.6730772 0 0.6346156 0 0.7115387 0 0.6730772 0 0.6730772 0 0.7115387 0 0.75 0 0.7115387 0 0.75 0 0.7884616 0 0.75 0 0.8269231 0 0.7884616 0 0.7884616 0 0.8269231 0 0.8653846 0 0.8269231 0 0.8653846 0 0.9038462 0 0.8653846 0 0.9423077 0 0.9038462 0 0.9038462 0 0.9807692 0 0.9423077 0 0.9423077 0 0.01923078 0 -0.01923078 0 -0.01923078 0 0.01923078 0 0.05769217 0 0.01923078 0 0.09615385 0 0.05769217 0 0.05769217 0 0.1346154 0 0.09615385 0 0.09615385 0 0.1346154 0 0.1730769 0 0.1346154 0 0.2115385 0 0.1730769 0 0.1730769 0 0.2115385 0 0.2500001 0 0.2115384 0 0.2500001 0 0.2884616 0 0.2500001 0 0.3269232 0 0.2884616 0 0.2884616 0 0.3653847 0 0.3269231 0 0.3269232 0 0.3653847 0 0.4038463 0 0.3653847 0 0.4038463 0 0.4423078 0 0.4038463 0 0.4423078 0 0.4807694 0 0.4423078 0 0.519231 0 0.4807694 0 0.4807694 0 0.519231 0 0.5576925 0 0.519231 0 0.596154 0 0.5576925 0 0.5576925 0 0.596154 0 0.6346156 0 0.596154 0 0.6346156 0 0.6730772 0 0.6346156 0 0.7115387 0 0.6730772 0 0.6730772 0 0.7115387 0 0.75 0 0.7115387 0 0.7884616 0 0.75 0 0.75 0 0.8269231 0 0.7884616 0 0.7884616 0 0.8269231 0 0.8653846 0 0.8269231 0 0.8653846 0 0.9038462 0 0.8653846 0 0.9423077 0 0.9038462 0 0.9038462 0 0.9423077 0 0.9807692 0 0.9423077 0 0.01923078 0 -0.01923078 0 -0.01923078 0 0.05769217 0 0.01923078 0 0.01923078 0 0.09615385 0 0.05769217 0 0.05769217 0 0.1346154 0 0.09615385 0 0.09615385 0 0.1346154 0 0.1730769 0 0.1346154 0 0.2115384 0 0.1730769 0 0.1730769 0 0.2115384 0 0.2500001 0 0.2115385 0 0.2500001 0 0.2884616 0 0.2500001 0 0.3269231 0 0.2884616 0 0.2884616 0 0.3653847 0 0.3269231 0 0.3269231 0 0.3653847 0 0.4038463 0 0.3653847 0 0.4423078 0 0.4038463 0 0.4038463 0 0.4423078 0 0.4807694 0 0.4423078 0 0.519231 0 0.4807694 0 0.4807694 0 0.519231 0 0.5576925 0 0.519231 0 0.596154 0 0.5576925 0 0.5576925 0 0.596154 0 0.6346156 0 0.596154 0 0.6346156 0 0.6730772 0 0.6346156 0 0.7115387 0 0.6730772 0 0.6730772 0 0.7115387 0 0.75 0 0.7115387 0 0.75 0 0.7884616 0 0.75 0 0.8269231 0 0.7884616 0 0.7884616 0 0.8269231 0 0.8653846 0 0.8269231 0 0.8653846 0 0.9038462 0 0.8653846 0 0.9423077 0 0.9038462 0 0.9038462 0 0.9807692 0 0.9423077 0 0.9423077 0 0.01923078 0 -0.01923078 0 -0.01923078 0 0.01923078 0 0.05769217 0 0.01923078 0 0.09615385 0 0.05769217 0 0.05769217 0 0.1346154 0 0.09615385 0 0.09615385 0 0.1346154 0 0.1730769 0 0.1346154 0 0.2115385 0 0.1730769 0 0.1730769 0 0.2115385 0 0.2500001 0 0.2115385 0 0.2500001 0 0.2884616 0 0.2500001 0 0.3269231 0 0.2884616 0 0.2884616 0 0.3653847 0 0.3269232 0 0.3269231 0 0.3653847 0 0.4038463 0 0.3653847 0 0.4423078 0 0.4038463 0 0.4038463 0 0.4423078 0 0.4807694 0 0.4423078 0 0.519231 0 0.4807694 0 0.4807694 0 0.519231 0 0.5576925 0 0.519231 0 0.596154 0 0.5576925 0 0.5576925 0 0.596154 0 0.6346156 0 0.596154 0 0.6346156 0 0.6730772 0 0.6346156 0 0.7115387 0 0.6730772 0 0.6730772 0 0.75 0 0.7115387 0 0.7115387 0 0.7884616 0 0.75 0 0.75 0 0.8269231 0 0.7884616 0 0.7884616 0 0.8653846 0 0.8269231 0 0.8269231 0 0.8653846 0 0.9038462 0 0.8653846 0 0.9423077 0 0.9038462 0 0.9038462 0 0.9807692 0 0.9423077 0 0.9423077 0 0.01923078 0 -0.01923078 0 -0.01923078 0 0.01923078 0 0.05769217 0 0.01923078 0 0.09615385 0 0.05769217 0 0.05769217 0 0.1346154 0 0.09615385 0 0.09615385 0 0.1346154 0 0.1730769 0 0.1346154 0 0.2115385 0 0.1730769 0 0.1730769 0 0.2115385 0 0.2500001 0 0.2115385 0 0.2884616 0 0.2500001 0 0.2500001 0 0.2884616 0 0.3269231 0 0.2884616 0 0.3653847 0 0.3269231 0 0.3269232 0 0.3653847 0 0.4038463 0 0.3653847 0 0.4038463 0 0.4423078 0 0.4038463 0 0.4423078 0 0.4807694 0 0.4423078 0 0.519231 0 0.4807694 0 0.4807694 0 0.519231 0 0.5576925 0 0.519231 0 0.596154 0 0.5576925 0 0.5576925 0 0.596154 0 0.6346156 0 0.596154 0 0.6346156 0 0.6730771 0 0.6346156 0 0.7115387 0 0.6730771 0 0.6730772 0 0.7115387 0 0.75 0 0.7115387 0 0.7884616 0 0.75 1 0.75 0 0.8269231 0 0.7884616 1 0.7884616 0 0.8653846 0 0.8269231 1 0.8269231 0 0.9038462 0 0.8653846 1 0.8653846 0 0.9423077 0 0.9038462 1 0.9038462 0 0.9807692 0 0.9423077 1 0.9423077 0 0.01923078 0 -0.01923078 1 -0.01923078 0 0.05769217 0 0.01923078 1 0.01923078 0 0.09615385 0 0.05769217 1 0.05769217 0 0.1346154 0 0.09615385 1 0.09615385 0 0.1730769 0 0.1346154 1 0.1346154 0 0.2115385 0 0.1730769 1 0.1730769 0 0.2500001 0 0.2115385 1 0.2115385 0 0.2884616 0 0.2500001 1 0.2500001 0 0.3269231 0 0.2884616 1 0.2884616 0 0.3653847 0 0.3269231 1 0.3269231 0 0.4038463 0 0.3653847 1 0.3653847 0 0.4423078 0 0.4038463 1 0.4038463 0 0.4807694 0 0.4423078 1 0.4423078 0 0.519231 0 0.4807694 1 0.4807694 0 0.5576925 0 0.519231 1 0.519231 0 0.596154 0 0.5576925 1 0.5576925 0 0.6346156 0 0.596154 1 0.596154 0 0.6730771 0 0.6346156 1 0.6346156 0 0.7115387 0 0.6730771 1 0.6730771 0 0.75 0 0.7115387 1 0.7115387 0 0.75 1 0.7884616 1 0.75 1 0.7884616 1 0.826923 1 0.7884616 1 0.8653846 1 0.826923 1 0.8269231 1 0.9038462 1 0.8653846 1 0.8653846 1 0.9038462 1 0.9423077 1 0.9038462 1 0.9423077 1 0.9807692 1 0.9423077 1 0.01923078 1 -0.01923078 1 -0.01923078 1 0.05769217 1 0.01923078 1 0.01923078 1 0.05769217 1 0.09615385 1 0.05769217 1 0.09615385 1 0.1346154 1 0.09615385 1 0.1730769 1 0.1346154 1 0.1346154 1 0.1730769 1 0.2115384 1 0.1730769 1 0.2500001 1 0.2115384 1 0.2115385 1 0.2500001 1 0.2884616 1 0.2500001 1 0.3269231 1 0.2884616 1 0.2884616 1 0.3269231 1 0.3653847 1 0.3269232 1 0.4038463 1 0.3653847 1 0.3653847 1 0.4423078 1 0.4038463 1 0.4038463 1 0.4807694 1 0.4423078 1 0.4423078 1 0.4807694 1 0.519231 1 0.4807694 1 0.5576925 1 0.519231 1 0.519231 1 0.5576925 1 0.596154 1 0.5576925 1 0.596154 1 0.6346156 1 0.596154 1 0.6730771 1 0.6346156 1 0.6346156 1 0.6730771 1 0.7115387 1 0.6730771 1 0.75 1 0.7115387 1 0.7115387 1 0.75 1 0.7884616 1 0.75 1 0.7884616 1 0.8269231 1 0.7884616 1 0.8653846 1 0.8269231 1 0.826923 1 0.9038462 1 0.8653846 1 0.8653846 1 0.9038462 1 0.9423077 1 0.9038462 1 0.9423077 1 0.9807692 1 0.9423077 1 0.01923078 1 -0.01923078 1 -0.01923078 1 0.05769217 1 0.01923078 1 0.01923078 1 0.05769217 1 0.09615385 1 0.05769217 1 0.09615385 1 0.1346154 1 0.09615385 1 0.1730769 1 0.1346154 1 0.1346154 1 0.1730769 1 0.2115385 1 0.1730769 1 0.2500001 1 0.2115385 1 0.2115384 1 0.2884616 1 0.2500001 1 0.2500001 1 0.3269232 1 0.2884616 1 0.2884616 1 0.3269232 1 0.3653847 1 0.3269231 1 0.4038463 1 0.3653847 1 0.3653847 1 0.4038463 1 0.4423078 1 0.4038463 1 0.4423078 1 0.4807694 1 0.4423078 1 0.4807694 1 0.519231 1 0.4807694 1 0.5576925 1 0.519231 1 0.519231 1 0.5576925 1 0.596154 1 0.5576925 1 0.6346156 1 0.596154 1 0.596154 1 0.6730771 1 0.6346156 1 0.6346156 1 0.6730771 1 0.7115387 1 0.6730772 1 0.75 1 0.7115387 1 0.7115387 1 0.75 1 0.7884616 1 0.75 1 0.7884616 1 0.8269231 1 0.7884616 1 0.8653846 1 0.8269231 1 0.8269231 1 0.9038462 1 0.8653846 1 0.8653846 1 0.9038462 1 0.9423077 1 0.9038462 1 0.9807692 1 0.9423077 1 0.9423077 1 0.01923078 1 -0.01923078 1 -0.01923078 1 0.01923078 1 0.05769217 1 0.01923078 1 0.05769217 1 0.09615385 1 0.05769217 1 0.1346154 1 0.09615385 1 0.09615385 1 0.1730769 1 0.1346154 1 0.1346154 1 0.1730769 1 0.2115385 1 0.1730769 1 0.2500001 1 0.2115385 1 0.2115385 1 0.2884616 1 0.2500001 1 0.2500001 1 0.2884616 1 0.3269231 1 0.2884616 1 0.3269231 1 0.3653848 1 0.3269231 1 0.4038463 1 0.3653848 1 0.3653847 1 0.4038463 1 0.4423078 1 0.4038463 1 0.4807694 1 0.4423078 1 0.4423078 1 0.519231 1 0.4807694 1 0.4807694 1 0.5576925 1 0.519231 1 0.519231 1 0.5576925 1 0.596154 1 0.5576925 1 0.6346156 1 0.596154 1 0.596154 1 0.6730772 1 0.6346156 1 0.6346156 1 0.6730772 1 0.7115387 1 0.6730772 1 0.75 1 0.7115387 1 0.7115387 1 0.75 1 0.7884616 1 0.75 1 0.7884616 1 0.8269231 1 0.7884616 1 0.8653846 1 0.8269231 1 0.8269231 1 0.9038462 1 0.8653846 1 0.8653846 1 0.9038462 1 0.9423077 1 0.9038462 1 0.9807692 1 0.9423077 1 0.9423077 1 0.01923078 1 -0.01923078 1 -0.01923078 1 0.01923078 1 0.05769217 1 0.01923078 1 0.05769217 1 0.09615385 1 0.05769217 1 0.09615385 1 0.1346154 1 0.09615385 1 0.1730769 1 0.1346154 1 0.1346154 1 0.1730769 1 0.2115384 1 0.1730769 1 0.2500001 1 0.2115384 1 0.2115385 1 0.2500001 1 0.2884616 1 0.2500001 1 0.3269231 1 0.2884616 1 0.2884616 1 0.3269231 1 0.3653847 1 0.3269231 1 0.4038463 1 0.3653847 1 0.3653848 1 0.4423078 1 0.4038463 1 0.4038463 1 0.4807694 1 0.4423078 1 0.4423078 1 0.519231 1 0.4807694 1 0.4807694 1 0.5576925 1 0.519231 1 0.519231 1 0.5576925 1 0.596154 1 0.5576925 1 0.6346156 1 0.596154 1 0.596154 1 0.6730772 1 0.6346156 1 0.6346156 1 0.6730772 1 0.7115387 1 0.6730771 1 0.75 1 0.7115387 1 0.7115387 1 0.75 1 0.7884616 1 0.75 1 0.7884616 1 0.8269231 1 0.7884616 1 0.8653846 1 0.8269231 1 0.8269231 1 0.9038462 1 0.8653846 1 0.8653846 1 0.9038462 1 0.9423077 1 0.9038462 1 0.9807692 1 0.9423077 1 0.9423077 1 0.01923078 1 -0.01923078 1 -0.01923078 1 0.01923078 1 0.05769217 1 0.01923078 1 0.05769217 1 0.09615385 1 0.05769217 1 0.09615385 1 0.1346154 1 0.09615385 1 0.1730769 1 0.1346154 1 0.1346154 1 0.1730769 1 0.2115385 1 0.1730769 1 0.2500001 1 0.2115385 1 0.2115384 1 0.2500001 1 0.2884616 1 0.2500001 1 0.3269231 1 0.2884616 1 0.2884616 1 0.3269231 1 0.3653848 1 0.3269231 1 0.4038463 1 0.3653848 1 0.3653847 1 0.4038463 1 0.4423078 1 0.4038463 1 0.4807694 1 0.4423078 1 0.4423078 1 0.519231 1 0.4807694 1 0.4807694 1 0.519231 1 0.5576925 1 0.519231 1 0.5576925 1 0.596154 1 0.5576925 1 0.6346156 1 0.596154 1 0.596154 1 0.6730771 1 0.6346156 1 0.6346156 1 0.6730771 1 0.7115387 1 0.6730772 1 0.75 1 0.7115387 1 0.7115387 1 0.7884616 1 0.75 1 0.75 1 0.7884616 1 0.8269231 1 0.7884616 1 0.8653846 1 0.8269231 1 0.8269231 1 0.9038462 1 0.8653846 1 0.8653846 1 0.9038462 1 0.9423077 1 0.9038462 1 0.9807692 1 0.9423077 1 0.9423077 1 0.01923078 1 -0.01923078 1 -0.01923078 1 0.01923078 1 0.05769217 1 0.01923078 1 0.05769217 1 0.09615385 1 0.05769217 1 0.09615385 1 0.1346154 1 0.09615385 1 0.1730769 1 0.1346154 1 0.1346154 1 0.1730769 1 0.2115385 1 0.1730769 1 0.2500001 1 0.2115385 1 0.2115385 1 0.2500001 1 0.2884616 1 0.2500001 1 0.3269231 1 0.2884616 1 0.2884616 1 0.3269231 1 0.3653847 1 0.3269232 1 0.4038463 1 0.3653847 1 0.3653848 1 0.4038463 1 0.4423078 1 0.4038463 1 0.4807694 1 0.4423078 1 0.4423078 1 0.4807694 1 0.519231 1 0.4807694 1 0.5576925 1 0.519231 1 0.519231 1 0.5576925 1 0.596154 1 0.5576925 1 0.6346156 1 0.596154 1 0.596154 1 0.6730772 1 0.6346156 1 0.6346156 1 0.6730772 1 0.7115387 1 0.6730771 1 0.75 1 0.7115387 1 0.7115387 1 0.5 1 0.75 1 0.7884616 1 0.5 1 0.7884616 1 0.8269231 1 0.5 1 0.8269231 1 0.8653846 1 0.5 1 0.8653846 1 0.9038462 1 0.5 1 0.9038462 1 0.9423077 1 0.5 1 0.9423077 1 0.9807692 1 0.5 1 -0.01923078 1 0.01923078 1 0.5 1 0.01923078 1 0.05769217 1 0.5 1 0.05769217 1 0.09615385 1 0.5 1 0.09615385 1 0.1346154 1 0.5 1 0.1346154 1 0.1730769 1 0.5 1 0.1730769 1 0.2115385 1 0.5 1 0.2115385 1 0.2500001 1 0.5 1 0.2500001 1 0.2884616 1 0.5 1 0.2884616 1 0.3269232 1 0.5 1 0.3269232 1 0.3653847 1 0.5 1 0.3653847 1 0.4038463 1 0.5 1 0.4038463 1 0.4423078 1 0.5 1 0.4423078 1 0.4807694 1 0.5 1 0.4807694 1 0.519231 1 0.5 1 0.519231 1 0.5576925 1 0.5 1 0.5576925 1 0.596154 1 0.5 1 0.596154 1 0.6346156 1 0.5 1 0.6346156 1 0.6730771 1 0.5 1 0.6730771 1 0.7115387 1 0.5 1 0.7115387 1 0.75 1 0.7884616 0 0.7884616 0 0.75 0 0.7884616 0 0.8269231 0 0.8269231 0 0.8269231 0 0.8653846 0 0.8653846 0 0.8653846 0 0.9038462 0 0.9038462 0 0.9423077 0 0.9423077 0 0.9038462 0 0.9807692 0 0.9807692 0 0.9423077 0 0.01923078 0 0.01923078 0 -0.01923078 0 0.01923078 0 0.05769217 0 0.05769217 0 0.09615385 0 0.09615385 0 0.05769217 0 0.1346154 0 0.1346154 0 0.09615385 0 0.1346154 0 0.1730769 0 0.1730769 0 0.2115384 0 0.2115384 0 0.1730769 0 0.2115384 0 0.2500001 0 0.2500001 0 0.2500001 0 0.2884616 0 0.2884616 0 0.3269231 0 0.3269231 0 0.2884616 0 0.3653847 0 0.3653847 0 0.3269231 0 0.3653847 0 0.4038463 0 0.4038463 0 0.4038463 0 0.4423078 0 0.4423078 0 0.4807694 0 0.4807694 0 0.4423078 0 0.519231 0 0.519231 0 0.4807694 0 0.519231 0 0.5576925 0 0.5576925 0 0.596154 0 0.596154 0 0.5576925 0 0.596154 0 0.6346156 0 0.6346156 0 0.6346156 0 0.6730772 0 0.6730772 0 0.7115387 0 0.7115387 0 0.6730772 0 0.75 0 0.75 0 0.7115387 0 0.75 0 0.7884616 0 0.7884616 0 0.8269231 0 0.8269231 0 0.7884616 0 0.8269231 0 0.8653846 0 0.8653846 0 0.8653846 0 0.9038462 0 0.9038462 0 0.9423077 0 0.9423077 0 0.9038462 0 0.9807692 0 0.9807692 0 0.9423077 0 0.01923078 0 0.01923078 0 -0.01923078 0 0.01923078 0 0.05769217 0 0.05769217 0 0.09615385 0 0.09615385 0 0.05769217 0 0.1346154 0 0.1346154 0 0.09615385 0 0.1346154 0 0.1730769 0 0.1730769 0 0.2115384 0 0.2115385 0 0.1730769 0 0.2115384 0 0.2500001 0 0.2500001 0 0.2500001 0 0.2884616 0 0.2884616 0 0.3269231 0 0.3269232 0 0.2884616 0 0.3653847 0 0.3653847 0 0.3269232 0 0.3653847 0 0.4038463 0 0.4038463 0 0.4423078 0 0.4423078 0 0.4038463 0 0.4423078 0 0.4807694 0 0.4807694 0 0.519231 0 0.519231 0 0.4807694 0 0.519231 0 0.5576925 0 0.5576925 0 0.596154 0 0.596154 0 0.5576925 0 0.596154 0 0.6346156 0 0.6346156 0 0.6346156 0 0.6730772 0 0.6730772 0 0.7115387 0 0.7115387 0 0.6730772 0 0.7115387 0 0.75 0 0.75 0 0.75 0 0.7884616 0 0.7884616 0 0.8269231 0 0.8269231 0 0.7884616 0 0.8269231 0 0.8653846 0 0.8653846 0 0.8653846 0 0.9038462 0 0.9038462 0 0.9423077 0 0.9423077 0 0.9038462 0 0.9807692 0 0.9807692 0 0.9423077 0 0.01923078 0 0.01923078 0 -0.01923078 0 0.01923078 0 0.05769217 0 0.05769217 0 0.09615385 0 0.09615385 0 0.05769217 0 0.1346154 0 0.1346154 0 0.09615385 0 0.1346154 0 0.1730769 0 0.1730769 0 0.2115385 0 0.2115384 0 0.1730769 0 0.2115385 0 0.2500001 0 0.2500001 0 0.2500001 0 0.2884616 0 0.2884616 0 0.3269232 0 0.3269231 0 0.2884616 0 0.3653847 0 0.3653847 0 0.3269231 0 0.3653847 0 0.4038463 0 0.4038463 0 0.4038463 0 0.4423078 0 0.4423078 0 0.4423078 0 0.4807694 0 0.4807694 0 0.519231 0 0.519231 0 0.4807694 0 0.519231 0 0.5576925 0 0.5576925 0 0.596154 0 0.596154 0 0.5576925 0 0.596154 0 0.6346156 0 0.6346156 0 0.6346156 0 0.6730772 0 0.6730772 0 0.7115387 0 0.7115387 0 0.6730772 0 0.7115387 0 0.75 0 0.75 0 0.7884616 0 0.7884616 0 0.75 0 0.8269231 0 0.8269231 0 0.7884616 0 0.8269231 0 0.8653846 0 0.8653846 0 0.8653846 0 0.9038462 0 0.9038462 0 0.9423077 0 0.9423077 0 0.9038462 0 0.9423077 0 0.9807692 0 0.9807692 0 0.01923078 0 0.01923078 0 -0.01923078 0 0.05769217 0 0.05769217 0 0.01923078 0 0.09615385 0 0.09615385 0 0.05769217 0 0.1346154 0 0.1346154 0 0.09615385 0 0.1346154 0 0.1730769 0 0.1730769 0 0.2115384 0 0.2115385 0 0.1730769 0 0.2115384 0 0.2500001 0 0.2500001 0 0.2500001 0 0.2884616 0 0.2884616 0 0.3269231 0 0.3269231 0 0.2884616 0 0.3653847 0 0.3653847 0 0.3269231 0 0.3653847 0 0.4038463 0 0.4038463 0 0.4423078 0 0.4423078 0 0.4038463 0 0.4423078 0 0.4807694 0 0.4807694 0 0.519231 0 0.519231 0 0.4807694 0 0.519231 0 0.5576925 0 0.5576925 0 0.596154 0 0.596154 0 0.5576925 0 0.596154 0 0.6346156 0 0.6346156 0 0.6346156 0 0.6730772 0 0.6730772 0 0.7115387 0 0.7115387 0 0.6730772 0 0.7115387 0 0.75 0 0.75 0 0.75 0 0.7884616 0 0.7884616 0 0.8269231 0 0.8269231 0 0.7884616 0 0.8269231 0 0.8653846 0 0.8653846 0 0.8653846 0 0.9038462 0 0.9038462 0 0.9423077 0 0.9423077 0 0.9038462 0 0.9807692 0 0.9807692 0 0.9423077 0 0.01923078 0 0.01923078 0 -0.01923078 0 0.01923078 0 0.05769217 0 0.05769217 0 0.09615385 0 0.09615385 0 0.05769217 0 0.1346154 0 0.1346154 0 0.09615385 0 0.1346154 0 0.1730769 0 0.1730769 0 0.2115385 0 0.2115385 0 0.1730769 0 0.2115385 0 0.2500001 0 0.2500001 0 0.2500001 0 0.2884616 0 0.2884616 0 0.3269231 0 0.3269232 0 0.2884616 0 0.3653847 0 0.3653847 0 0.3269232 0 0.3653847 0 0.4038463 0 0.4038463 0 0.4423078 0 0.4423078 0 0.4038463 0 0.4423078 0 0.4807694 0 0.4807694 0 0.519231 0 0.519231 0 0.4807694 0 0.519231 0 0.5576925 0 0.5576925 0 0.596154 0 0.596154 0 0.5576925 0 0.596154 0 0.6346156 0 0.6346156 0 0.6346156 0 0.6730772 0 0.6730772 0 0.7115387 0 0.7115387 0 0.6730772 0 0.75 0 0.75 0 0.7115387 0 0.7884616 0 0.7884616 0 0.75 0 0.8269231 0 0.8269231 0 0.7884616 0 0.8653846 0 0.8653846 0 0.8269231 0 0.8653846 0 0.9038462 0 0.9038462 0 0.9423077 0 0.9423077 0 0.9038462 0 0.9807692 0 0.9807692 0 0.9423077 0 0.01923078 0 0.01923078 0 -0.01923078 0 0.01923078 0 0.05769217 0 0.05769217 0 0.09615385 0 0.09615385 0 0.05769217 0 0.1346154 0 0.1346154 0 0.09615385 0 0.1346154 0 0.1730769 0 0.1730769 0 0.2115385 0 0.2115385 0 0.1730769 0 0.2115385 0 0.2500001 0 0.2500001 0 0.2884616 0 0.2884616 0 0.2500001 0 0.2884616 0 0.3269232 0 0.3269231 0 0.3653847 0 0.3653847 0 0.3269231 0 0.3653847 0 0.4038463 0 0.4038463 0 0.4038463 0 0.4423078 0 0.4423078 0 0.4423078 0 0.4807694 0 0.4807694 0 0.519231 0 0.519231 0 0.4807694 0 0.519231 0 0.5576925 0 0.5576925 0 0.596154 0 0.596154 0 0.5576925 0 0.596154 0 0.6346156 0 0.6346156 0 0.6346156 0 0.6730772 0 0.6730771 0 0.7115387 0 0.7115387 0 0.6730771 0 0.7115387 0 0.75 0 0.75 0 0.7884616 0 0.7884616 1 0.75 1 0.8269231 0 0.8269231 1 0.7884616 1 0.8653846 0 0.8653846 1 0.8269231 1 0.9038462 0 0.9038462 1 0.8653846 1 0.9423077 0 0.9423077 1 0.9038462 1 0.9807692 0 0.9807692 1 0.9423077 1 0.01923078 0 0.01923078 1 -0.01923078 1 0.05769217 0 0.05769217 1 0.01923078 1 0.09615385 0 0.09615385 1 0.05769217 1 0.1346154 0 0.1346154 1 0.09615385 1 0.1730769 0 0.1730769 1 0.1346154 1 0.2115385 0 0.2115385 1 0.1730769 1 0.2500001 0 0.2500001 1 0.2115385 1 0.2884616 0 0.2884616 1 0.2500001 1 0.3269231 0 0.3269231 1 0.2884616 1 0.3653847 0 0.3653847 1 0.3269231 1 0.4038463 0 0.4038463 1 0.3653847 1 0.4423078 0 0.4423078 1 0.4038463 1 0.4807694 0 0.4807694 1 0.4423078 1 0.519231 0 0.519231 1 0.4807694 1 0.5576925 0 0.5576925 1 0.519231 1 0.596154 0 0.596154 1 0.5576925 1 0.6346156 0 0.6346156 1 0.596154 1 0.6730771 0 0.6730771 1 0.6346156 1 0.7115387 0 0.7115387 1 0.6730771 1 0.75 0 0.75 1 0.7115387 1 0.75 1 0.7884616 1 0.7884616 1 0.7884616 1 0.8269231 1 0.826923 1 0.8653846 1 0.8653846 1 0.826923 1 0.9038462 1 0.9038462 1 0.8653846 1 0.9038462 1 0.9423077 1 0.9423077 1 0.9423077 1 0.9807692 1 0.9807692 1 0.01923078 1 0.01923078 1 -0.01923078 1 0.05769217 1 0.05769217 1 0.01923078 1 0.05769217 1 0.09615385 1 0.09615385 1 0.09615385 1 0.1346154 1 0.1346154 1 0.1730769 1 0.1730769 1 0.1346154 1 0.1730769 1 0.2115385 1 0.2115384 1 0.2500001 1 0.2500001 1 0.2115384 1 0.2500001 1 0.2884616 1 0.2884616 1 0.3269231 1 0.3269232 1 0.2884616 1 0.3269231 1 0.3653847 1 0.3653847 1 0.4038463 1 0.4038463 1 0.3653847 1 0.4423078 1 0.4423078 1 0.4038463 1 0.4807694 1 0.4807694 1 0.4423078 1 0.4807694 1 0.519231 1 0.519231 1 0.5576925 1 0.5576925 1 0.519231 1 0.5576925 1 0.596154 1 0.596154 1 0.596154 1 0.6346156 1 0.6346156 1 0.6730771 1 0.6730771 1 0.6346156 1 0.6730771 1 0.7115387 1 0.7115387 1 0.75 1 0.75 1 0.7115387 1 0.75 1 0.7884616 1 0.7884616 1 0.7884616 1 0.826923 1 0.8269231 1 0.8653846 1 0.8653846 1 0.8269231 1 0.9038462 1 0.9038462 1 0.8653846 1 0.9038462 1 0.9423077 1 0.9423077 1 0.9423077 1 0.9807692 1 0.9807692 1 0.01923078 1 0.01923078 1 -0.01923078 1 0.05769217 1 0.05769217 1 0.01923078 1 0.05769217 1 0.09615385 1 0.09615385 1 0.09615385 1 0.1346154 1 0.1346154 1 0.1730769 1 0.1730769 1 0.1346154 1 0.1730769 1 0.2115384 1 0.2115385 1 0.2500001 1 0.2500001 1 0.2115385 1 0.2884616 1 0.2884616 1 0.2500001 1 0.3269232 1 0.3269231 1 0.2884616 1 0.3269232 1 0.3653847 1 0.3653847 1 0.4038463 1 0.4038463 1 0.3653847 1 0.4038463 1 0.4423078 1 0.4423078 1 0.4423078 1 0.4807694 1 0.4807694 1 0.4807694 1 0.519231 1 0.519231 1 0.5576925 1 0.5576925 1 0.519231 1 0.5576925 1 0.596154 1 0.596154 1 0.6346156 1 0.6346156 1 0.596154 1 0.6730771 1 0.6730772 1 0.6346156 1 0.6730771 1 0.7115387 1 0.7115387 1 0.75 1 0.75 1 0.7115387 1 0.75 1 0.7884616 1 0.7884616 1 0.7884616 1 0.8269231 1 0.8269231 1 0.8653846 1 0.8653846 1 0.8269231 1 0.9038462 1 0.9038462 1 0.8653846 1 0.9038462 1 0.9423077 1 0.9423077 1 0.9807692 1 0.9807692 1 0.9423077 1 0.01923078 1 0.01923078 1 -0.01923078 1 0.01923078 1 0.05769217 1 0.05769217 1 0.05769217 1 0.09615385 1 0.09615385 1 0.1346154 1 0.1346154 1 0.09615385 1 0.1730769 1 0.1730769 1 0.1346154 1 0.1730769 1 0.2115385 1 0.2115385 1 0.2500001 1 0.2500001 1 0.2115385 1 0.2884616 1 0.2884616 1 0.2500001 1 0.2884616 1 0.3269231 1 0.3269231 1 0.3269231 1 0.3653847 1 0.3653848 1 0.4038463 1 0.4038463 1 0.3653848 1 0.4038463 1 0.4423078 1 0.4423078 1 0.4807694 1 0.4807694 1 0.4423078 1 0.519231 1 0.519231 1 0.4807694 1 0.5576925 1 0.5576925 1 0.519231 1 0.5576925 1 0.596154 1 0.596154 1 0.6346156 1 0.6346156 1 0.596154 1 0.6730772 1 0.6730772 1 0.6346156 1 0.6730772 1 0.7115387 1 0.7115387 1 0.75 1 0.75 1 0.7115387 1 0.75 1 0.7884616 1 0.7884616 1 0.7884616 1 0.8269231 1 0.8269231 1 0.8653846 1 0.8653846 1 0.8269231 1 0.9038462 1 0.9038462 1 0.8653846 1 0.9038462 1 0.9423077 1 0.9423077 1 0.9807692 1 0.9807692 1 0.9423077 1 0.01923078 1 0.01923078 1 -0.01923078 1 0.01923078 1 0.05769217 1 0.05769217 1 0.05769217 1 0.09615385 1 0.09615385 1 0.09615385 1 0.1346154 1 0.1346154 1 0.1730769 1 0.1730769 1 0.1346154 1 0.1730769 1 0.2115385 1 0.2115384 1 0.2500001 1 0.2500001 1 0.2115384 1 0.2500001 1 0.2884616 1 0.2884616 1 0.3269231 1 0.3269231 1 0.2884616 1 0.3269231 1 0.3653848 1 0.3653847 1 0.4038463 1 0.4038463 1 0.3653847 1 0.4423078 1 0.4423078 1 0.4038463 1 0.4807694 1 0.4807694 1 0.4423078 1 0.519231 1 0.519231 1 0.4807694 1 0.5576925 1 0.5576925 1 0.519231 1 0.5576925 1 0.596154 1 0.596154 1 0.6346156 1 0.6346156 1 0.596154 1 0.6730772 1 0.6730771 1 0.6346156 1 0.6730772 1 0.7115387 1 0.7115387 1 0.75 1 0.75 1 0.7115387 1 0.75 1 0.7884616 1 0.7884616 1 0.7884616 1 0.8269231 1 0.8269231 1 0.8653846 1 0.8653846 1 0.8269231 1 0.9038462 1 0.9038462 1 0.8653846 1 0.9038462 1 0.9423077 1 0.9423077 1 0.9807692 1 0.9807692 1 0.9423077 1 0.01923078 1 0.01923078 1 -0.01923078 1 0.01923078 1 0.05769217 1 0.05769217 1 0.05769217 1 0.09615385 1 0.09615385 1 0.09615385 1 0.1346154 1 0.1346154 1 0.1730769 1 0.1730769 1 0.1346154 1 0.1730769 1 0.2115384 1 0.2115385 1 0.2500001 1 0.2500001 1 0.2115385 1 0.2500001 1 0.2884616 1 0.2884616 1 0.3269231 1 0.3269231 1 0.2884616 1 0.3269231 1 0.3653847 1 0.3653848 1 0.4038463 1 0.4038463 1 0.3653848 1 0.4038463 1 0.4423078 1 0.4423078 1 0.4807694 1 0.4807694 1 0.4423078 1 0.519231 1 0.519231 1 0.4807694 1 0.519231 1 0.5576925 1 0.5576925 1 0.5576925 1 0.596154 1 0.596154 1 0.6346156 1 0.6346156 1 0.596154 1 0.6730771 1 0.6730772 1 0.6346156 1 0.6730771 1 0.7115387 1 0.7115387 1 0.75 1 0.75 1 0.7115387 1 0.7884616 1 0.7884616 1 0.75 1 0.7884616 1 0.8269231 1 0.8269231 1 0.8653846 1 0.8653846 1 0.8269231 1 0.9038462 1 0.9038462 1 0.8653846 1 0.9038462 1 0.9423077 1 0.9423077 1 0.9807692 1 0.9807692 1 0.9423077 1 0.01923078 1 0.01923078 1 -0.01923078 1 0.01923078 1 0.05769217 1 0.05769217 1 0.05769217 1 0.09615385 1 0.09615385 1 0.09615385 1 0.1346154 1 0.1346154 1 0.1730769 1 0.1730769 1 0.1346154 1 0.1730769 1 0.2115385 1 0.2115385 1 0.2500001 1 0.2500001 1 0.2115385 1 0.2500001 1 0.2884616 1 0.2884616 1 0.3269231 1 0.3269232 1 0.2884616 1 0.3269231 1 0.3653848 1 0.3653847 1 0.4038463 1 0.4038463 1 0.3653847 1 0.4038463 1 0.4423078 1 0.4423078 1 0.4807694 1 0.4807694 1 0.4423078 1 0.4807694 1 0.519231 1 0.519231 1 0.5576925 1 0.5576925 1 0.519231 1 0.5576925 1 0.596154 1 0.596154 1 0.6346156 1 0.6346156 1 0.596154 1 0.6730772 1 0.6730771 1 0.6346156 1 0.6730772 1 0.7115387 1 0.7115387 1 0.75 1 0.75 1 0.7115387 1</float_array>
          <technique_common>
            <accessor source="#Örüntü_006-mesh-map-0-array" count="2184" stride="2">
              <param name="S" type="float"/>
              <param name="T" type="float"/>
            </accessor>
          </technique_common>
        </source>
        <vertices id="Örüntü_006-mesh-vertices">
          <input semantic="POSITION" source="#Örüntü_006-mesh-positions"/>
        </vertices>
        <triangles material="Material_001-material" count="728">
          <input semantic="VERTEX" source="#Örüntü_006-mesh-vertices" offset="0"/>
          <input semantic="NORMAL" source="#Örüntü_006-mesh-normals" offset="1"/>
          <input semantic="TEXCOORD" source="#Örüntü_006-mesh-map-0" offset="2" set="0"/>
          <p>0 0 0 2 0 1 1 0 2 0 0 3 3 0 4 2 0 5 0 0 6 4 0 7 3 0 8 0 0 9 5 0 10 4 0 11 0 0 12 6 0 13 5 0 14 0 0 15 7 0 16 6 0 17 0 0 18 8 0 19 7 0 20 0 0 21 9 0 22 8 0 23 0 0 24 10 0 25 9 0 26 0 0 27 11 0 28 10 0 29 0 0 30 12 0 31 11 0 32 0 0 33 13 0 34 12 0 35 0 0 36 14 0 37 13 0 38 0 0 39 15 0 40 14 0 41 0 0 42 16 0 43 15 0 44 0 0 45 17 0 46 16 0 47 0 0 48 18 0 49 17 0 50 0 0 51 19 0 52 18 0 53 0 0 54 20 0 55 19 0 56 0 0 57 21 0 58 20 0 59 0 0 60 22 0 61 21 0 62 0 0 63 23 0 64 22 0 65 0 0 66 24 0 67 23 0 68 0 0 69 25 0 70 24 0 71 0 0 72 26 0 73 25 0 74 0 0 75 1 0 76 26 0 77 2 0 78 27 0 79 1 0 80 2 0 81 29 0 82 28 0 83 3 0 84 30 0 85 29 0 86 4 0 87 31 0 88 30 0 89 6 0 90 31 0 91 5 0 92 7 0 93 32 0 94 6 0 95 8 0 96 33 0 97 7 0 98 8 0 99 35 0 100 34 0 101 10 0 102 35 0 103 9 0 104 11 0 105 36 0 106 10 0 107 11 0 108 38 0 109 37 0 110 13 0 111 38 0 112 12 0 113 13 0 114 40 0 115 39 0 116 14 0 117 41 0 118 40 0 119 16 0 120 41 0 121 15 0 122 17 0 123 42 0 124 16 0 125 17 0 126 44 0 127 43 0 128 18 0 129 45 0 130 44 0 131 20 0 132 45 0 133 19 0 134 21 0 135 46 0 136 20 0 137 21 0 138 48 0 139 47 0 140 23 0 141 48 0 142 22 0 143 23 0 144 50 0 145 49 0 146 24 0 147 51 0 148 50 0 149 26 0 150 51 0 151 25 0 152 1 0 153 52 0 154 26 0 155 27 0 156 54 0 157 53 0 158 29 0 159 54 0 160 28 0 161 29 0 162 56 0 163 55 0 164 30 0 165 57 0 166 56 0 167 32 0 168 57 0 169 31 0 170 33 0 171 58 0 172 32 0 173 34 0 174 59 0 175 33 0 176 34 0 177 61 0 178 60 0 179 36 0 180 61 0 181 35 0 182 37 0 183 62 0 184 36 0 185 37 0 186 64 0 187 63 0 188 39 0 189 64 0 190 38 0 191 39 0 192 66 0 193 65 0 194 40 0 195 67 0 196 66 0 197 42 0 198 67 0 199 41 0 200 43 0 201 68 0 202 42 0 203 43 0 204 70 0 205 69 0 206 45 0 207 70 0 208 44 0 209 45 0 210 72 0 211 71 0 212 47 0 213 72 0 214 46 0 215 47 0 216 74 0 217 73 0 218 49 0 219 74 0 220 48 0 221 49 0 222 76 0 223 75 0 224 50 0 225 77 0 226 76 0 227 52 0 228 77 0 229 51 0 230 52 0 231 53 0 232 78 0 233 53 0 234 80 0 235 79 0 236 55 0 237 80 0 238 54 0 239 55 0 240 82 0 241 81 0 242 56 0 243 83 0 244 82 0 245 58 0 246 83 0 247 57 0 248 59 0 249 84 0 250 58 0 251 60 0 252 85 0 253 59 0 254 60 0 255 87 0 256 86 0 257 62 0 258 87 0 259 61 0 260 63 0 261 88 0 262 62 0 263 63 0 264 90 0 265 89 0 266 65 0 267 90 0 268 64 0 269 65 0 270 92 0 271 91 0 272 66 0 273 93 0 274 92 0 275 68 0 276 93 0 277 67 0 278 69 0 279 94 0 280 68 0 281 69 0 282 96 0 283 95 0 284 70 0 285 97 0 286 96 0 287 71 0 288 98 0 289 97 0 290 73 0 291 98 0 292 72 0 293 73 0 294 100 0 295 99 0 296 75 0 297 100 0 298 74 0 299 75 0 300 102 0 301 101 0 302 76 0 303 103 0 304 102 0 305 78 0 306 103 0 307 77 0 308 78 0 309 79 0 310 104 0 311 80 0 312 105 0 313 79 0 314 81 0 315 106 0 316 80 0 317 81 0 318 108 0 319 107 0 320 82 0 321 109 0 322 108 0 323 84 0 324 109 0 325 83 0 326 84 0 327 111 0 328 110 0 329 86 0 330 111 0 331 85 0 332 87 0 333 112 0 334 86 0 335 88 0 336 113 0 337 87 0 338 89 0 339 114 0 340 88 0 341 89 0 342 116 0 343 115 0 344 91 0 345 116 0 346 90 0 347 91 0 348 118 0 349 117 0 350 92 0 351 119 0 352 118 0 353 94 0 354 119 0 355 93 0 356 95 0 357 120 0 358 94 0 359 95 0 360 122 0 361 121 0 362 97 0 363 122 0 364 96 0 365 97 0 366 124 0 367 123 0 368 99 0 369 124 0 370 98 0 371 99 0 372 126 0 373 125 0 374 101 0 375 126 0 376 100 0 377 101 0 378 128 0 379 127 0 380 102 0 381 129 0 382 128 0 383 104 0 384 129 0 385 103 0 386 104 0 387 105 0 388 130 0 389 105 0 390 132 0 391 131 0 392 107 0 393 132 0 394 106 0 395 107 0 396 134 0 397 133 0 398 108 0 399 135 0 400 134 0 401 110 0 402 135 0 403 109 0 404 111 0 405 136 0 406 110 0 407 112 0 408 137 0 409 111 0 410 112 0 411 139 0 412 138 0 413 114 0 414 139 0 415 113 0 416 115 0 417 140 0 418 114 0 419 115 0 420 142 0 421 141 0 422 117 0 423 142 0 424 116 0 425 117 0 426 144 0 427 143 0 428 118 0 429 145 0 430 144 0 431 120 0 432 145 0 433 119 0 434 121 0 435 146 0 436 120 0 437 121 0 438 148 0 439 147 0 440 123 0 441 148 0 442 122 0 443 123 0 444 150 0 445 149 0 446 125 0 447 150 0 448 124 0 449 125 0 450 152 0 451 151 0 452 127 0 453 152 0 454 126 0 455 127 0 456 154 0 457 153 0 458 128 0 459 155 0 460 154 0 461 130 0 462 155 0 463 129 0 464 105 0 465 156 0 466 130 0 467 132 0 468 157 0 469 131 0 470 133 0 471 158 0 472 132 0 473 134 0 474 159 0 475 133 0 476 134 0 477 161 0 478 160 0 479 136 0 480 161 0 481 135 0 482 137 0 483 162 0 484 136 0 485 138 0 486 163 0 487 137 0 488 138 0 489 165 0 490 164 0 491 140 0 492 165 0 493 139 0 494 141 0 495 166 0 496 140 0 497 141 0 498 168 0 499 167 0 500 143 0 501 168 0 502 142 0 503 143 0 504 170 0 505 169 0 506 145 0 507 170 0 508 144 0 509 145 0 510 172 0 511 171 0 512 147 0 513 172 0 514 146 0 515 147 0 516 174 0 517 173 0 518 148 0 519 175 0 520 174 0 521 149 0 522 176 0 523 175 0 524 151 0 525 176 0 526 150 0 527 151 0 528 178 0 529 177 0 530 153 0 531 178 0 532 152 0 533 153 0 534 180 0 535 179 0 536 154 0 537 181 0 538 180 0 539 156 0 540 181 0 541 155 0 542 156 0 543 157 0 544 182 0 545 158 1 546 183 2 547 157 3 548 159 4 549 184 5 550 158 1 551 160 6 552 185 7 553 159 4 554 161 8 555 186 9 556 160 6 557 162 10 558 187 11 559 161 8 560 163 12 561 188 13 562 162 10 563 164 14 564 189 15 565 163 12 566 165 16 567 190 17 568 164 14 569 166 18 570 191 19 571 165 16 572 167 20 573 192 21 574 166 18 575 168 22 576 193 23 577 167 20 578 169 24 579 194 25 580 168 22 581 170 26 582 195 27 583 169 24 584 171 28 585 196 29 586 170 26 587 172 30 588 197 31 589 171 28 590 173 32 591 198 33 592 172 30 593 174 34 594 199 35 595 173 32 596 175 36 597 200 37 598 174 34 599 176 38 600 201 39 601 175 36 602 177 40 603 202 41 604 176 38 605 178 42 606 203 43 607 177 40 608 179 44 609 204 45 610 178 42 611 180 46 612 205 47 613 179 44 614 181 48 615 206 49 616 180 46 617 182 50 618 207 51 619 181 48 620 157 3 621 208 52 622 182 50 623 183 53 624 210 53 625 209 53 626 184 53 627 211 53 628 210 53 629 186 53 630 211 53 631 185 53 632 187 54 633 212 54 634 186 54 635 187 53 636 214 53 637 213 53 638 188 53 639 215 53 640 214 53 641 190 53 642 215 53 643 189 53 644 191 53 645 216 53 646 190 53 647 191 55 648 218 55 649 217 55 650 192 56 651 219 56 652 218 56 653 194 57 654 219 57 655 193 57 656 194 53 657 221 53 658 220 53 659 196 58 660 221 58 661 195 58 662 196 59 663 223 59 664 222 59 665 198 60 666 223 60 667 197 60 668 198 53 669 225 53 670 224 53 671 200 61 672 225 61 673 199 61 674 201 53 675 226 53 676 200 53 677 202 53 678 227 53 679 201 53 680 202 53 681 229 53 682 228 53 683 204 53 684 229 53 685 203 53 686 204 62 687 231 62 688 230 62 689 205 63 690 232 63 691 231 63 692 207 61 693 232 61 694 206 61 695 207 53 696 234 53 697 233 53 698 183 64 699 234 64 700 208 64 701 209 53 702 236 53 703 235 53 704 210 65 705 237 65 706 236 65 707 212 66 708 237 66 709 211 66 710 213 53 711 238 53 712 212 53 713 213 53 714 240 53 715 239 53 716 214 53 717 241 53 718 240 53 719 216 53 720 241 53 721 215 53 722 217 53 723 242 53 724 216 53 725 217 53 726 244 53 727 243 53 728 218 53 729 245 53 730 244 53 731 220 53 732 245 53 733 219 53 734 220 67 735 247 67 736 246 67 737 222 68 738 247 68 739 221 68 740 223 69 741 248 69 742 222 69 743 224 70 744 249 70 745 223 70 746 224 71 747 251 71 748 250 71 749 226 72 750 251 72 751 225 72 752 226 73 753 253 73 754 252 73 755 227 74 756 254 74 757 253 74 758 228 75 759 255 75 760 254 75 761 230 53 762 255 53 763 229 53 764 230 73 765 257 73 766 256 73 767 232 53 768 257 53 769 231 53 770 233 76 771 258 76 772 232 76 773 233 77 774 260 77 775 259 77 776 209 78 777 260 78 778 234 78 779 235 53 780 262 53 781 261 53 782 236 79 783 263 79 784 262 79 785 238 53 786 263 53 787 237 53 788 239 80 789 264 80 790 238 80 791 239 81 792 266 81 793 265 81 794 241 82 795 266 82 796 240 82 797 242 53 798 267 53 799 241 53 800 242 83 801 269 83 802 268 83 803 243 84 804 270 84 805 269 84 806 245 53 807 270 53 808 244 53 809 246 85 810 271 85 811 245 85 812 246 86 813 273 86 814 272 86 815 248 53 816 273 53 817 247 53 818 249 87 819 274 87 820 248 87 821 249 88 822 276 88 823 275 88 824 250 53 825 277 53 826 276 53 827 252 53 828 277 53 829 251 53 830 252 53 831 279 53 832 278 53 833 254 53 834 279 53 835 253 53 836 255 53 837 280 53 838 254 53 839 256 53 840 281 53 841 255 53 842 256 89 843 283 89 844 282 89 845 258 53 846 283 53 847 257 53 848 259 53 849 284 53 850 258 53 851 259 90 852 286 90 853 285 90 854 235 91 855 286 91 856 260 91 857 261 53 858 288 53 859 287 53 860 262 53 861 289 53 862 288 53 863 264 53 864 289 53 865 263 53 866 265 92 867 290 92 868 264 92 869 265 93 870 292 93 871 291 93 872 267 94 873 292 94 874 266 94 875 268 53 876 293 53 877 267 53 878 268 95 879 295 95 880 294 95 881 269 96 882 296 96 883 295 96 884 270 53 885 297 53 886 296 53 887 272 97 888 297 97 889 271 97 890 272 98 891 299 98 892 298 98 893 274 99 894 299 99 895 273 99 896 274 100 897 301 100 898 300 100 899 276 101 900 301 101 901 275 101 902 276 102 903 303 102 904 302 102 905 278 103 906 303 103 907 277 103 908 279 97 909 304 97 910 278 97 911 280 53 912 305 53 913 279 53 914 281 53 915 306 53 916 280 53 917 282 53 918 307 53 919 281 53 920 282 104 921 309 104 922 308 104 923 284 53 924 309 53 925 283 53 926 285 105 927 310 105 928 284 105 929 285 53 930 312 53 931 311 53 932 261 106 933 312 106 934 286 106 935 287 53 936 314 53 937 313 53 938 288 53 939 315 53 940 314 53 941 290 53 942 315 53 943 289 53 944 291 102 945 316 102 946 290 102 947 291 107 948 318 107 949 317 107 950 293 53 951 318 53 952 292 53 953 294 53 954 319 53 955 293 53 956 294 83 957 321 83 958 320 83 959 295 108 960 322 108 961 321 108 962 296 109 963 323 109 964 322 109 965 298 53 966 323 53 967 297 53 968 298 90 969 325 90 970 324 90 971 300 53 972 325 53 973 299 53 974 300 53 975 327 53 976 326 53 977 302 110 978 327 110 979 301 110 980 302 53 981 329 53 982 328 53 983 304 111 984 329 111 985 303 111 986 304 112 987 331 112 988 330 112 989 306 53 990 331 53 991 305 53 992 307 53 993 332 53 994 306 53 995 307 53 996 334 53 997 333 53 998 308 113 999 335 113 1000 334 113 1001 310 53 1002 335 53 1003 309 53 1004 311 53 1005 336 53 1006 310 53 1007 311 53 1008 338 53 1009 337 53 1010 287 114 1011 338 114 1012 312 114 1013 314 53 1014 339 53 1015 313 53 1016 314 115 1017 341 115 1018 340 115 1019 316 116 1020 341 116 1021 315 116 1022 317 117 1023 342 117 1024 316 117 1025 317 118 1026 344 118 1027 343 118 1028 319 53 1029 344 53 1030 318 53 1031 320 53 1032 345 53 1033 319 53 1034 320 119 1035 347 119 1036 346 119 1037 321 53 1038 348 53 1039 347 53 1040 322 120 1041 349 120 1042 348 120 1043 324 121 1044 349 121 1045 323 121 1046 324 122 1047 351 122 1048 350 122 1049 326 123 1050 351 123 1051 325 123 1052 326 53 1053 353 53 1054 352 53 1055 328 79 1056 353 79 1057 327 79 1058 328 124 1059 355 124 1060 354 124 1061 330 53 1062 355 53 1063 329 53 1064 330 125 1065 357 125 1066 356 125 1067 332 126 1068 357 126 1069 331 126 1070 332 127 1071 359 127 1072 358 127 1073 334 53 1074 359 53 1075 333 53 1076 334 128 1077 361 128 1078 360 128 1079 336 129 1080 361 129 1081 335 129 1082 337 53 1083 362 53 1084 336 53 1085 337 130 1086 364 130 1087 363 130 1088 313 53 1089 364 53 1090 338 53 1091 365 53 1092 339 53 1093 340 53 1094 365 131 1095 340 131 1096 341 131 1097 365 132 1098 341 132 1099 342 132 1100 365 133 1101 342 133 1102 343 133 1103 365 134 1104 343 134 1105 344 134 1106 365 135 1107 344 135 1108 345 135 1109 365 53 1110 345 53 1111 346 53 1112 365 136 1113 346 136 1114 347 136 1115 365 137 1116 347 137 1117 348 137 1118 365 138 1119 348 138 1120 349 138 1121 365 139 1122 349 139 1123 350 139 1124 365 130 1125 350 130 1126 351 130 1127 365 53 1128 351 53 1129 352 53 1130 365 53 1131 352 53 1132 353 53 1133 365 140 1134 353 140 1135 354 140 1136 365 123 1137 354 123 1138 355 123 1139 365 53 1140 355 53 1141 356 53 1142 365 141 1143 356 141 1144 357 141 1145 365 142 1146 357 142 1147 358 142 1148 365 143 1149 358 143 1150 359 143 1151 365 53 1152 359 53 1153 360 53 1154 365 144 1155 360 144 1156 361 144 1157 365 145 1158 361 145 1159 362 145 1160 365 146 1161 362 146 1162 363 146 1163 365 147 1164 363 147 1165 364 147 1166 365 53 1167 364 53 1168 339 53 1169 2 0 1170 28 0 1171 27 0 1172 2 0 1173 3 0 1174 29 0 1175 3 0 1176 4 0 1177 30 0 1178 4 0 1179 5 0 1180 31 0 1181 6 0 1182 32 0 1183 31 0 1184 7 0 1185 33 0 1186 32 0 1187 8 0 1188 34 0 1189 33 0 1190 8 0 1191 9 0 1192 35 0 1193 10 0 1194 36 0 1195 35 0 1196 11 0 1197 37 0 1198 36 0 1199 11 0 1200 12 0 1201 38 0 1202 13 0 1203 39 0 1204 38 0 1205 13 0 1206 14 0 1207 40 0 1208 14 0 1209 15 0 1210 41 0 1211 16 0 1212 42 0 1213 41 0 1214 17 0 1215 43 0 1216 42 0 1217 17 0 1218 18 0 1219 44 0 1220 18 0 1221 19 0 1222 45 0 1223 20 0 1224 46 0 1225 45 0 1226 21 0 1227 47 0 1228 46 0 1229 21 0 1230 22 0 1231 48 0 1232 23 0 1233 49 0 1234 48 0 1235 23 0 1236 24 0 1237 50 0 1238 24 0 1239 25 0 1240 51 0 1241 26 0 1242 52 0 1243 51 0 1244 1 0 1245 27 0 1246 52 0 1247 27 0 1248 28 0 1249 54 0 1250 29 0 1251 55 0 1252 54 0 1253 29 0 1254 30 0 1255 56 0 1256 30 0 1257 31 0 1258 57 0 1259 32 0 1260 58 0 1261 57 0 1262 33 0 1263 59 0 1264 58 0 1265 34 0 1266 60 0 1267 59 0 1268 34 0 1269 35 0 1270 61 0 1271 36 0 1272 62 0 1273 61 0 1274 37 0 1275 63 0 1276 62 0 1277 37 0 1278 38 0 1279 64 0 1280 39 0 1281 65 0 1282 64 0 1283 39 0 1284 40 0 1285 66 0 1286 40 0 1287 41 0 1288 67 0 1289 42 0 1290 68 0 1291 67 0 1292 43 0 1293 69 0 1294 68 0 1295 43 0 1296 44 0 1297 70 0 1298 45 0 1299 71 0 1300 70 0 1301 45 0 1302 46 0 1303 72 0 1304 47 0 1305 73 0 1306 72 0 1307 47 0 1308 48 0 1309 74 0 1310 49 0 1311 75 0 1312 74 0 1313 49 0 1314 50 0 1315 76 0 1316 50 0 1317 51 0 1318 77 0 1319 52 0 1320 78 0 1321 77 0 1322 52 0 1323 27 0 1324 53 0 1325 53 0 1326 54 0 1327 80 0 1328 55 0 1329 81 0 1330 80 0 1331 55 0 1332 56 0 1333 82 0 1334 56 0 1335 57 0 1336 83 0 1337 58 0 1338 84 0 1339 83 0 1340 59 0 1341 85 0 1342 84 0 1343 60 0 1344 86 0 1345 85 0 1346 60 0 1347 61 0 1348 87 0 1349 62 0 1350 88 0 1351 87 0 1352 63 0 1353 89 0 1354 88 0 1355 63 0 1356 64 0 1357 90 0 1358 65 0 1359 91 0 1360 90 0 1361 65 0 1362 66 0 1363 92 0 1364 66 0 1365 67 0 1366 93 0 1367 68 0 1368 94 0 1369 93 0 1370 69 0 1371 95 0 1372 94 0 1373 69 0 1374 70 0 1375 96 0 1376 70 0 1377 71 0 1378 97 0 1379 71 0 1380 72 0 1381 98 0 1382 73 0 1383 99 0 1384 98 0 1385 73 0 1386 74 0 1387 100 0 1388 75 0 1389 101 0 1390 100 0 1391 75 0 1392 76 0 1393 102 0 1394 76 0 1395 77 0 1396 103 0 1397 78 0 1398 104 0 1399 103 0 1400 78 0 1401 53 0 1402 79 0 1403 80 0 1404 106 0 1405 105 0 1406 81 0 1407 107 0 1408 106 0 1409 81 0 1410 82 0 1411 108 0 1412 82 0 1413 83 0 1414 109 0 1415 84 0 1416 110 0 1417 109 0 1418 84 0 1419 85 0 1420 111 0 1421 86 0 1422 112 0 1423 111 0 1424 87 0 1425 113 0 1426 112 0 1427 88 0 1428 114 0 1429 113 0 1430 89 0 1431 115 0 1432 114 0 1433 89 0 1434 90 0 1435 116 0 1436 91 0 1437 117 0 1438 116 0 1439 91 0 1440 92 0 1441 118 0 1442 92 0 1443 93 0 1444 119 0 1445 94 0 1446 120 0 1447 119 0 1448 95 0 1449 121 0 1450 120 0 1451 95 0 1452 96 0 1453 122 0 1454 97 0 1455 123 0 1456 122 0 1457 97 0 1458 98 0 1459 124 0 1460 99 0 1461 125 0 1462 124 0 1463 99 0 1464 100 0 1465 126 0 1466 101 0 1467 127 0 1468 126 0 1469 101 0 1470 102 0 1471 128 0 1472 102 0 1473 103 0 1474 129 0 1475 104 0 1476 130 0 1477 129 0 1478 104 0 1479 79 0 1480 105 0 1481 105 0 1482 106 0 1483 132 0 1484 107 0 1485 133 0 1486 132 0 1487 107 0 1488 108 0 1489 134 0 1490 108 0 1491 109 0 1492 135 0 1493 110 0 1494 136 0 1495 135 0 1496 111 0 1497 137 0 1498 136 0 1499 112 0 1500 138 0 1501 137 0 1502 112 0 1503 113 0 1504 139 0 1505 114 0 1506 140 0 1507 139 0 1508 115 0 1509 141 0 1510 140 0 1511 115 0 1512 116 0 1513 142 0 1514 117 0 1515 143 0 1516 142 0 1517 117 0 1518 118 0 1519 144 0 1520 118 0 1521 119 0 1522 145 0 1523 120 0 1524 146 0 1525 145 0 1526 121 0 1527 147 0 1528 146 0 1529 121 0 1530 122 0 1531 148 0 1532 123 0 1533 149 0 1534 148 0 1535 123 0 1536 124 0 1537 150 0 1538 125 0 1539 151 0 1540 150 0 1541 125 0 1542 126 0 1543 152 0 1544 127 0 1545 153 0 1546 152 0 1547 127 0 1548 128 0 1549 154 0 1550 128 0 1551 129 0 1552 155 0 1553 130 0 1554 156 0 1555 155 0 1556 105 0 1557 131 0 1558 156 0 1559 132 0 1560 158 0 1561 157 0 1562 133 0 1563 159 0 1564 158 0 1565 134 0 1566 160 0 1567 159 0 1568 134 0 1569 135 0 1570 161 0 1571 136 0 1572 162 0 1573 161 0 1574 137 0 1575 163 0 1576 162 0 1577 138 0 1578 164 0 1579 163 0 1580 138 0 1581 139 0 1582 165 0 1583 140 0 1584 166 0 1585 165 0 1586 141 0 1587 167 0 1588 166 0 1589 141 0 1590 142 0 1591 168 0 1592 143 0 1593 169 0 1594 168 0 1595 143 0 1596 144 0 1597 170 0 1598 145 0 1599 171 0 1600 170 0 1601 145 0 1602 146 0 1603 172 0 1604 147 0 1605 173 0 1606 172 0 1607 147 0 1608 148 0 1609 174 0 1610 148 0 1611 149 0 1612 175 0 1613 149 0 1614 150 0 1615 176 0 1616 151 0 1617 177 0 1618 176 0 1619 151 0 1620 152 0 1621 178 0 1622 153 0 1623 179 0 1624 178 0 1625 153 0 1626 154 0 1627 180 0 1628 154 0 1629 155 0 1630 181 0 1631 156 0 1632 182 0 1633 181 0 1634 156 0 1635 131 0 1636 157 0 1637 158 1 1638 184 5 1639 183 2 1640 159 4 1641 185 7 1642 184 5 1643 160 6 1644 186 9 1645 185 7 1646 161 8 1647 187 11 1648 186 9 1649 162 10 1650 188 13 1651 187 11 1652 163 12 1653 189 15 1654 188 13 1655 164 14 1656 190 17 1657 189 15 1658 165 16 1659 191 19 1660 190 17 1661 166 18 1662 192 21 1663 191 19 1664 167 20 1665 193 23 1666 192 21 1667 168 22 1668 194 25 1669 193 23 1670 169 24 1671 195 27 1672 194 25 1673 170 26 1674 196 29 1675 195 27 1676 171 28 1677 197 31 1678 196 29 1679 172 30 1680 198 33 1681 197 31 1682 173 32 1683 199 35 1684 198 33 1685 174 34 1686 200 37 1687 199 35 1688 175 36 1689 201 39 1690 200 37 1691 176 38 1692 202 41 1693 201 39 1694 177 40 1695 203 43 1696 202 41 1697 178 42 1698 204 45 1699 203 43 1700 179 44 1701 205 47 1702 204 45 1703 180 46 1704 206 49 1705 205 47 1706 181 48 1707 207 51 1708 206 49 1709 182 50 1710 208 52 1711 207 51 1712 157 3 1713 183 2 1714 208 52 1715 183 148 1716 184 148 1717 210 148 1718 184 53 1719 185 53 1720 211 53 1721 186 53 1722 212 53 1723 211 53 1724 187 53 1725 213 53 1726 212 53 1727 187 53 1728 188 53 1729 214 53 1730 188 53 1731 189 53 1732 215 53 1733 190 53 1734 216 53 1735 215 53 1736 191 53 1737 217 53 1738 216 53 1739 191 53 1740 192 53 1741 218 53 1742 192 149 1743 193 149 1744 219 149 1745 194 53 1746 220 53 1747 219 53 1748 194 150 1749 195 150 1750 221 150 1751 196 151 1752 222 151 1753 221 151 1754 196 152 1755 197 152 1756 223 152 1757 198 153 1758 224 153 1759 223 153 1760 198 154 1761 199 154 1762 225 154 1763 200 53 1764 226 53 1765 225 53 1766 201 76 1767 227 76 1768 226 76 1769 202 155 1770 228 155 1771 227 155 1772 202 53 1773 203 53 1774 229 53 1775 204 156 1776 230 156 1777 229 156 1778 204 157 1779 205 157 1780 231 157 1781 205 53 1782 206 53 1783 232 53 1784 207 53 1785 233 53 1786 232 53 1787 207 158 1788 208 158 1789 234 158 1790 183 53 1791 209 53 1792 234 53 1793 209 53 1794 210 53 1795 236 53 1796 210 53 1797 211 53 1798 237 53 1799 212 53 1800 238 53 1801 237 53 1802 213 159 1803 239 159 1804 238 159 1805 213 53 1806 214 53 1807 240 53 1808 214 53 1809 215 53 1810 241 53 1811 216 53 1812 242 53 1813 241 53 1814 217 53 1815 243 53 1816 242 53 1817 217 160 1818 218 160 1819 244 160 1820 218 53 1821 219 53 1822 245 53 1823 220 53 1824 246 53 1825 245 53 1826 220 66 1827 221 66 1828 247 66 1829 222 161 1830 248 161 1831 247 161 1832 223 65 1833 249 65 1834 248 65 1835 224 162 1836 250 162 1837 249 162 1838 224 53 1839 225 53 1840 251 53 1841 226 53 1842 252 53 1843 251 53 1844 226 53 1845 227 53 1846 253 53 1847 227 53 1848 228 53 1849 254 53 1850 228 53 1851 229 53 1852 255 53 1853 230 53 1854 256 53 1855 255 53 1856 230 53 1857 231 53 1858 257 53 1859 232 53 1860 258 53 1861 257 53 1862 233 67 1863 259 67 1864 258 67 1865 233 163 1866 234 163 1867 260 163 1868 209 53 1869 235 53 1870 260 53 1871 235 164 1872 236 164 1873 262 164 1874 236 73 1875 237 73 1876 263 73 1877 238 53 1878 264 53 1879 263 53 1880 239 165 1881 265 165 1882 264 165 1883 239 53 1884 240 53 1885 266 53 1886 241 165 1887 267 165 1888 266 165 1889 242 53 1890 268 53 1891 267 53 1892 242 166 1893 243 166 1894 269 166 1895 243 53 1896 244 53 1897 270 53 1898 245 53 1899 271 53 1900 270 53 1901 246 165 1902 272 165 1903 271 165 1904 246 53 1905 247 53 1906 273 53 1907 248 167 1908 274 167 1909 273 167 1910 249 53 1911 275 53 1912 274 53 1913 249 53 1914 250 53 1915 276 53 1916 250 168 1917 251 168 1918 277 168 1919 252 53 1920 278 53 1921 277 53 1922 252 53 1923 253 53 1924 279 53 1925 254 53 1926 280 53 1927 279 53 1928 255 73 1929 281 73 1930 280 73 1931 256 53 1932 282 53 1933 281 53 1934 256 53 1935 257 53 1936 283 53 1937 258 169 1938 284 169 1939 283 169 1940 259 53 1941 285 53 1942 284 53 1943 259 170 1944 260 170 1945 286 170 1946 235 53 1947 261 53 1948 286 53 1949 261 53 1950 262 53 1951 288 53 1952 262 53 1953 263 53 1954 289 53 1955 264 100 1956 290 100 1957 289 100 1958 265 53 1959 291 53 1960 290 53 1961 265 116 1962 266 116 1963 292 116 1964 267 171 1965 293 171 1966 292 171 1967 268 53 1968 294 53 1969 293 53 1970 268 172 1971 269 172 1972 295 172 1973 269 53 1974 270 53 1975 296 53 1976 270 53 1977 271 53 1978 297 53 1979 272 173 1980 298 173 1981 297 173 1982 272 174 1983 273 174 1984 299 174 1985 274 53 1986 300 53 1987 299 53 1988 274 175 1989 275 175 1990 301 175 1991 276 53 1992 302 53 1993 301 53 1994 276 97 1995 277 97 1996 303 97 1997 278 53 1998 304 53 1999 303 53 2000 279 176 2001 305 176 2002 304 176 2003 280 177 2004 306 177 2005 305 177 2006 281 178 2007 307 178 2008 306 178 2009 282 179 2010 308 179 2011 307 179 2012 282 180 2013 283 180 2014 309 180 2015 284 53 2016 310 53 2017 309 53 2018 285 102 2019 311 102 2020 310 102 2021 285 53 2022 286 53 2023 312 53 2024 261 53 2025 287 53 2026 312 53 2027 287 181 2028 288 181 2029 314 181 2030 288 53 2031 289 53 2032 315 53 2033 290 182 2034 316 182 2035 315 182 2036 291 183 2037 317 183 2038 316 183 2039 291 53 2040 292 53 2041 318 53 2042 293 184 2043 319 184 2044 318 184 2045 294 53 2046 320 53 2047 319 53 2048 294 53 2049 295 53 2050 321 53 2051 295 185 2052 296 185 2053 322 185 2054 296 100 2055 297 100 2056 323 100 2057 298 186 2058 324 186 2059 323 186 2060 298 53 2061 299 53 2062 325 53 2063 300 53 2064 326 53 2065 325 53 2066 300 181 2067 301 181 2068 327 181 2069 302 83 2070 328 83 2071 327 83 2072 302 63 2073 303 63 2074 329 63 2075 304 129 2076 330 129 2077 329 129 2078 304 187 2079 305 187 2080 331 187 2081 306 188 2082 332 188 2083 331 188 2084 307 189 2085 333 189 2086 332 189 2087 307 53 2088 308 53 2089 334 53 2090 308 53 2091 309 53 2092 335 53 2093 310 53 2094 336 53 2095 335 53 2096 311 53 2097 337 53 2098 336 53 2099 311 190 2100 312 190 2101 338 190 2102 287 53 2103 313 53 2104 338 53 2105 314 191 2106 340 191 2107 339 191 2108 314 192 2109 315 192 2110 341 192 2111 316 193 2112 342 193 2113 341 193 2114 317 194 2115 343 194 2116 342 194 2117 317 53 2118 318 53 2119 344 53 2120 319 195 2121 345 195 2122 344 195 2123 320 53 2124 346 53 2125 345 53 2126 320 53 2127 321 53 2128 347 53 2129 321 53 2130 322 53 2131 348 53 2132 322 196 2133 323 196 2134 349 196 2135 324 197 2136 350 197 2137 349 197 2138 324 53 2139 325 53 2140 351 53 2141 326 53 2142 352 53 2143 351 53 2144 326 53 2145 327 53 2146 353 53 2147 328 198 2148 354 198 2149 353 198 2150 328 199 2151 329 199 2152 355 199 2153 330 53 2154 356 53 2155 355 53 2156 330 53 2157 331 53 2158 357 53 2159 332 200 2160 358 200 2161 357 200 2162 332 53 2163 333 53 2164 359 53 2165 334 53 2166 360 53 2167 359 53 2168 334 53 2169 335 53 2170 361 53 2171 336 201 2172 362 201 2173 361 201 2174 337 202 2175 363 202 2176 362 202 2177 337 203 2178 338 203 2179 364 203 2180 313 53 2181 339 53 2182 364 53 2183</p>
        </triangles>
      </mesh>
    </geometry>
    <geometry id="Örüntü_005-mesh" name="Örüntü.005">
      <mesh>
        <source id="Örüntü_005-mesh-positions">
          <float_array id="Örüntü_005-mesh-positions-array" count="1098">0 0 0 0.1714286 0 0 0.1664472 0.0410254 0 0.1517925 0.07966679 0 0.1283161 0.1136782 0 0.09738248 0.141083 0 0.0607891 0.1602885 0 0.02066338 0.1701787 0 -0.02066338 0.1701787 0 -0.0607891 0.1602885 0 -0.09738248 0.141083 0 -0.1283161 0.1136782 0 -0.1517925 0.07966679 0 -0.1664472 0.0410254 0 -0.1714286 0 0 -0.1664471 -0.0410254 0 -0.1517924 -0.07966691 0 -0.1283161 -0.1136782 0 -0.09738242 -0.141083 0 -0.06078898 -0.1602885 0 -0.02066326 -0.1701787 0 0.02066344 -0.1701787 0 0.06078958 -0.1602884 0 0.09738266 -0.1410828 0 0.1283162 -0.113678 0 0.1517925 -0.07966661 0 0.1664472 -0.04102528 0 0.3428572 0 0 0.3328944 0.08205109 0 0.3035849 0.1593337 0 0.2566323 0.2273563 0 0.194765 0.2821659 0 0.1215788 0.320577 0 0.04132682 0.3403574 0 -0.04132682 0.3403574 0 -0.1215788 0.320577 0 -0.194765 0.282166 0 -0.2566323 0.2273563 0 -0.3035849 0.1593336 0 -0.3328944 0.08205097 0 -0.3428572 0 0 -0.3328943 -0.08205121 0 -0.3035849 -0.1593338 0 -0.2566322 -0.2273565 0 -0.1947649 -0.2821661 0 -0.1215785 -0.3205771 0 -0.04132652 -0.3403574 0 0.04132694 -0.3403573 0 0.1215792 -0.3205769 0 0.1947654 -0.2821657 0 0.2566326 -0.227356 0 0.3035852 -0.1593332 0 0.3328945 -0.08205056 0 0.5142858 0 0 0.4993416 0.1230766 0 0.4553775 0.2390004 0 0.3849484 0.3410345 0 0.2921476 0.4232489 0 0.1823682 0.4808655 0 0.06199026 0.5105361 0 -0.06199026 0.5105361 0 -0.1823682 0.4808655 0 -0.2921476 0.4232489 0 -0.3849484 0.3410345 0 -0.4553775 0.2390004 0 -0.4993416 0.1230764 0 -0.5142858 -1.67576e-7 0 -0.4993415 -0.1230768 0 -0.4553773 -0.2390007 0 -0.3849483 -0.3410348 0 -0.2921473 -0.4232491 0 -0.1823678 -0.4808657 0 -0.06198978 -0.5105361 0 0.06199049 -0.510536 0 0.1823688 -0.4808654 0 0.2921481 -0.4232485 0 0.3849489 -0.3410341 0 0.4553778 -0.2389999 0 0.4993418 -0.1230759 0 0.6857144 0 0 0.6657888 0.1641021 0 0.6071699 0.3186674 0 0.5132645 0.4547128 0 0.3895301 0.5643318 0 0.2431576 0.6411541 0 0.0826537 0.6807147 0 -0.0826537 0.6807147 0 -0.2431576 0.6411541 0 -0.3895301 0.5643319 0 -0.5132646 0.4547127 0 -0.6071699 0.3186672 0 -0.6657888 0.164102 0 -0.6857144 -2.23434e-7 0 -0.6657887 -0.1641024 0 -0.6071698 -0.3186677 0 -0.5132643 -0.4547131 0 -0.3895297 -0.5643321 0 -0.2431571 -0.6411542 0 -0.0826531 -0.6807148 0 0.08265441 -0.6807147 0 0.2431584 -0.6411538 0 0.3895308 -0.5643314 0 0.5132651 -0.454712 0 0.6071704 -0.3186665 0 0.665789 -0.1641011 0 0.8571429 0 0 0.8322359 0.2051277 0 0.7589624 0.3983342 0 0.6415807 0.5683909 0 0.4869126 0.7054148 0 0.303947 0.8014426 0 0.1033172 0.8508934 0 -0.1033171 0.8508934 0 -0.303947 0.8014426 0 -0.4869126 0.7054148 0 -0.6415807 0.5683909 0 -0.7589624 0.398334 0 -0.832236 0.2051275 0 -0.8571429 -2.79293e-7 0 -0.8322358 -0.205128 0 -0.7589622 -0.3983346 0 -0.6415804 -0.5683913 0 -0.4869121 -0.7054151 0 -0.3039464 -0.8014428 0 -0.1033164 -0.8508934 0 0.103318 -0.8508933 0 0.3039479 -0.8014422 0 0.4869136 -0.7054142 0 0.6415814 -0.5683901 0 0.7589629 -0.3983331 0 0.8322362 -0.2051265 0 1.028572 0 0 0.9986832 0.2461532 0 0.9107549 0.4780011 0 0.7698969 0.6820691 0 0.5842952 0.8464978 0 0.3647365 0.9617311 0 0.1239806 1.021072 0 -0.1239805 1.021072 0 -0.3647364 0.9617311 0 -0.5842952 0.8464978 0 -0.7698969 0.6820691 0 -0.9107549 0.4780009 0 -0.9986833 0.2461529 0 -1.028572 -3.35151e-7 0 -0.998683 -0.2461537 0 -0.9107546 -0.4780015 0 -0.7698965 -0.6820696 0 -0.5842946 -0.8464983 0 -0.3647357 -0.9617314 0 -0.1239796 -1.021072 0 0.1239816 -1.021072 0 0.3647376 -0.9617307 0 0.5842963 -0.8464971 0 0.7698978 -0.6820681 0 0.9107555 -0.4779997 0 0.9986836 -0.2461518 0 1.2 0 0 1.16513 0.2871788 0 1.062547 0.5576679 0 0.8982129 0.7957473 0 0.6816776 0.9875807 0 0.4255259 1.12202 0 0.144644 1.191251 0 -0.144644 1.191251 0 -0.4255258 1.12202 0 -0.6816776 0.9875807 0 -0.898213 0.7957472 0 -1.062547 0.5576677 0 -1.16513 0.2871785 0 -1.2 -3.9101e-7 0 -1.16513 -0.2871793 0 -1.062547 -0.5576684 0 -0.8982125 -0.7957478 0 -0.681677 -0.9875812 0 -0.425525 -1.12202 0 -0.1446429 -1.191251 0 0.1446452 -1.191251 0 0.4255271 -1.122019 0 0.681679 -0.9875799 0 0.898214 -0.7957461 0 1.062548 -0.5576663 0 1.165131 -0.287177 0 1.2 0 0.2 1.16513 0.2871788 0.2 1.062547 0.5576679 0.2 0.8982129 0.7957473 0.2 0.6816776 0.9875807 0.2 0.4255259 1.12202 0.2 0.144644 1.191251 0.2 -0.144644 1.191251 0.2 -0.4255258 1.12202 0.2 -0.6816776 0.9875807 0.2 -0.898213 0.7957472 0.2 -1.062547 0.5576677 0.2 -1.16513 0.2871785 0.2 -1.2 -3.9101e-7 0.2 -1.16513 -0.2871793 0.2 -1.062547 -0.5576684 0.2 -0.8982125 -0.7957478 0.2 -0.681677 -0.9875812 0.2 -0.425525 -1.12202 0.2 -0.1446429 -1.191251 0.2 0.1446452 -1.191251 0.2 0.4255271 -1.122019 0.2 0.681679 -0.9875799 0.2 0.898214 -0.7957461 0.2 1.062548 -0.5576663 0.2 1.165131 -0.287177 0.2 1.028571 0 0.2 0.9986831 0.2461532 0.2 0.9107549 0.478001 0.2 0.7698968 0.6820691 0.2 0.5842952 0.8464977 0.2 0.3647364 0.961731 0.2 0.1239806 1.021072 0.2 -0.1239805 1.021072 0.2 -0.3647364 0.961731 0.2 -0.5842952 0.8464978 0.2 -0.7698969 0.6820691 0.2 -0.9107549 0.4780009 0.2 -0.9986832 0.2461529 0.2 -1.028571 -3.35151e-7 0.2 -0.998683 -0.2461537 0.2 -0.9107546 -0.4780015 0.2 -0.7698965 -0.6820695 0.2 -0.5842946 -0.8464982 0.2 -0.3647357 -0.9617313 0.2 -0.1239796 -1.021072 0.2 0.1239816 -1.021072 0.2 0.3647375 -0.9617306 0.2 0.5842962 -0.8464971 0.2 0.7698977 -0.6820681 0.2 0.9107555 -0.4779997 0.2 0.9986835 -0.2461518 0.2 0.8571429 0 0.2 0.8322359 0.2051277 0.2 0.7589624 0.3983342 0.2 0.6415807 0.5683909 0.2 0.4869126 0.7054148 0.2 0.303947 0.8014426 0.2 0.1033172 0.8508934 0.2 -0.1033171 0.8508934 0.2 -0.303947 0.8014426 0.2 -0.4869126 0.7054148 0.2 -0.6415807 0.5683909 0.2 -0.7589624 0.398334 0.2 -0.832236 0.2051275 0.2 -0.8571429 -2.79293e-7 0.2 -0.8322358 -0.205128 0.2 -0.7589622 -0.3983346 0.2 -0.6415804 -0.5683913 0.2 -0.4869121 -0.7054151 0.2 -0.3039464 -0.8014428 0.2 -0.1033164 -0.8508934 0.2 0.103318 -0.8508933 0.2 0.3039479 -0.8014422 0.2 0.4869136 -0.7054142 0.2 0.6415814 -0.5683901 0.2 0.7589629 -0.3983331 0.2 0.8322362 -0.2051265 0.2 0.6857143 0 0.2 0.6657887 0.1641021 0.2 0.6071699 0.3186673 0.2 0.5132645 0.4547127 0.2 0.3895301 0.5643318 0.2 0.2431576 0.641154 0.2 0.0826537 0.6807146 0.2 -0.0826537 0.6807146 0.2 -0.2431576 0.641154 0.2 -0.3895301 0.5643318 0.2 -0.5132645 0.4547126 0.2 -0.6071699 0.3186672 0.2 -0.6657888 0.164102 0.2 -0.6857143 -2.23434e-7 0.2 -0.6657886 -0.1641024 0.2 -0.6071697 -0.3186676 0.2 -0.5132642 -0.454713 0.2 -0.3895297 -0.5643321 0.2 -0.2431571 -0.6411542 0.2 -0.0826531 -0.6807147 0.2 0.08265441 -0.6807146 0.2 0.2431583 -0.6411537 0.2 0.3895308 -0.5643314 0.2 0.5132651 -0.454712 0.2 0.6071703 -0.3186664 0.2 0.665789 -0.1641011 0.2 0.5142857 0 0.2 0.4993415 0.1230766 0.2 0.4553774 0.2390004 0.2 0.3849484 0.3410345 0.2 0.2921475 0.4232488 0.2 0.1823682 0.4808655 0.2 0.06199026 0.510536 0.2 -0.06199026 0.510536 0.2 -0.1823682 0.4808655 0.2 -0.2921475 0.4232488 0.2 -0.3849484 0.3410345 0.2 -0.4553774 0.2390004 0.2 -0.4993416 0.1230764 0.2 -0.5142857 -1.67576e-7 0.2 -0.4993414 -0.1230768 0.2 -0.4553772 -0.2390007 0.2 -0.3849482 -0.3410348 0.2 -0.2921472 -0.4232491 0.2 -0.1823678 -0.4808656 0.2 -0.06198978 -0.510536 0.2 0.06199049 -0.5105359 0.2 0.1823686 -0.4808652 0.2 0.2921481 -0.4232485 0.2 0.3849488 -0.341034 0.2 0.4553777 -0.2389998 0.2 0.4993417 -0.1230759 0.2 0.3428571 0 0.2 0.3328943 0.08205103 0.2 0.3035849 0.1593337 0.2 0.2566322 0.2273563 0.2 0.194765 0.2821659 0.2 0.1215788 0.320577 0.2 0.04132682 0.3403573 0.2 -0.04132682 0.3403573 0.2 -0.1215788 0.320577 0.2 -0.194765 0.2821659 0.2 -0.2566323 0.2273563 0.2 -0.3035849 0.1593336 0.2 -0.3328944 0.08205097 0.2 -0.3428571 0 0.2 -0.3328943 -0.08205121 0.2 -0.3035848 -0.1593338 0.2 -0.2566321 -0.2273565 0.2 -0.1947648 -0.282166 0.2 -0.1215785 -0.3205771 0.2 -0.04132652 -0.3403574 0.2 0.04132694 -0.3403573 0.2 0.1215791 -0.3205769 0.2 0.1947654 -0.2821657 0.2 0.2566325 -0.227356 0.2 0.3035851 -0.1593332 0.2 0.3328945 -0.08205056 0.2 0.1714285 0 0.2 0.1664471 0.0410254 0.2 0.1517924 0.07966679 0.2 0.1283161 0.113678 0.2 0.09738242 0.1410828 0.2 0.06078904 0.1602884 0.2 0.02066338 0.1701785 0.2 -0.02066338 0.1701785 0.2 -0.06078904 0.1602884 0.2 -0.09738242 0.1410829 0.2 -0.1283161 0.113678 0.2 -0.1517924 0.07966673 0.2 -0.1664471 0.0410254 0.2 -0.1714285 0 0.2 -0.1664471 -0.0410254 0.2 -0.1517923 -0.07966685 0.2 -0.128316 -0.1136782 0.2 -0.09738236 -0.141083 0.2 -0.06078892 -0.1602885 0.2 -0.02066326 -0.1701786 0.2 0.02066344 -0.1701785 0.2 0.06078922 -0.1602883 0.2 0.09738266 -0.1410828 0.2 0.1283162 -0.1136779 0.2 0.1517925 -0.07966655 0.2 0.1664471 -0.04102522 0.2 0 0 0.2</float_array>
          <technique_common>
            <accessor source="#Örüntü_005-mesh-positions-array" count="366" stride="3">
              <param name="X" type="float"/>
              <param name="Y" type="float"/>
              <param name="Z" type="float"/>
            </accessor>
          </technique_common>
        </source>
        <source id="Örüntü_005-mesh-normals">
          <float_array id="Örüntü_005-mesh-normals-array" count="612">0 0 -1 0.7110479 0.175244 -0.6809555 0.7323368 0 0.6809427 0.7323368 0 -0.6809427 0.6484483 0.3403232 -0.6809516 0.7110479 0.175244 0.6809555 0.5481587 0.4856244 -0.6809486 0.6484483 0.3403232 0.6809516 0.41601 0.6026973 -0.680949 0.5481587 0.4856244 0.6809486 0.2596909 0.6847368 -0.6809524 0.41601 0.6026973 0.680949 0.08826148 0.7269974 -0.680944 0.2596909 0.6847368 0.6809524 -0.08826148 0.7269974 -0.680944 0.08826148 0.7269974 0.680944 -0.2596909 0.6847368 -0.6809524 -0.08826148 0.7269974 0.680944 -0.41601 0.6026973 -0.680949 -0.2596909 0.6847368 0.6809524 -0.5481587 0.4856244 -0.6809486 -0.41601 0.6026973 0.680949 -0.6484483 0.3403232 -0.6809516 -0.5481587 0.4856244 0.6809486 -0.7110479 0.175244 -0.6809555 -0.6484483 0.3403232 0.6809516 -0.7323368 0 -0.6809427 -0.7110479 0.175244 0.6809555 -0.7110479 -0.175244 -0.6809555 -0.7323368 0 0.6809427 -0.6484483 -0.3403232 -0.6809516 -0.7110479 -0.175244 0.6809555 -0.5481587 -0.4856244 -0.6809486 -0.6484483 -0.3403232 0.6809516 -0.41601 -0.6026973 -0.680949 -0.5481587 -0.4856244 0.6809486 -0.2596909 -0.6847368 -0.6809524 -0.41601 -0.6026973 0.680949 -0.08826148 -0.7269974 -0.680944 -0.2596909 -0.6847368 0.6809524 0.08826148 -0.7269974 -0.680944 -0.08826148 -0.7269974 0.680944 0.2596909 -0.6847368 -0.6809524 0.08826148 -0.7269974 0.680944 0.41601 -0.6026973 -0.680949 0.2596909 -0.6847368 0.6809524 0.5481587 -0.4856244 -0.6809486 0.41601 -0.6026973 0.680949 0.6484483 -0.3403232 -0.6809516 0.5481587 -0.4856244 0.6809486 0.7110479 -0.175244 -0.6809555 0.6484483 -0.3403232 0.6809516 0.7110479 -0.175244 0.6809555 0 0 1 0 0 1 0 0 1 1.76564e-7 0 1 0 0 1 0 0 1 -1.76563e-7 0 1 0 0 1 0 0 1 0 0 1 -1.76564e-7 0 1 0 0 1 -2.11876e-7 0 1 0 0 1 -2.11876e-7 0 1 0 0 1 1.76361e-7 0 1 0 0 1 2.11876e-7 0 1 0 0 1 0 0 1 0 0 1 0 0 1 0 0 1 -2.11876e-7 0 1 0 0 1 1.32423e-7 0 1 0 0 1 0 0 1 -2.11876e-7 0 1 -1.32423e-7 0 1 -1.32423e-7 0 1 0 0 1 1.32423e-7 0 1 0 0 1 -1.32423e-7 0 1 0 0 1 -1.32423e-7 0 1 0 0 1 -1.32423e-7 0 1 0 0 1 -2.64845e-7 0 1 0 0 1 -2.64846e-7 0 1 -1.32423e-7 0 1 -1.76563e-7 0 1 0 0 1 -1.76564e-7 0 1 0 0 1 1.76564e-7 0 1 1.32423e-7 0 1 2.64845e-7 0 1 -1.32423e-7 0 1 1.32424e-7 0 1 1.32423e-7 0 1 -1.32423e-7 0 1 3.97268e-7 0 1 0 0 1 1.76563e-7 0 1 0 0 1 -1.98634e-7 0 1 0 0 1 1.32422e-7 0 1 2.64846e-7 0 1 -2.64845e-7 0 1 3.31055e-7 0 1 -4.63482e-7 0 1 -2.64844e-7 0 1 -2.64845e-7 0 1 1.32423e-7 0 1 -1.32423e-7 0 1 1.32423e-7 0 1 -1.98633e-7 0 1 5.2969e-7 0 1 -4.23754e-7 0 1 1.98633e-7 0 1 -2.64845e-7 0 1 -1.32423e-7 0 1 -1.32423e-7 0 1 2.64846e-7 0 1 -3.97268e-7 0 1 7.28322e-7 0 1 -4.63483e-7 0 1 4.63483e-7 0 1 -5.29689e-7 0 1 2.64845e-7 0 1 -1.32423e-7 0 1 2.64845e-7 0 1 1.98633e-7 0 1 -8.60754e-7 0 1 4.23755e-7 0 1 3.31056e-7 0 1 -1.32423e-7 0 1 -3.97269e-7 0 1 3.97269e-7 0 1 0 0 1 0 0 1 0 0 1 1.76563e-7 0 1 0 0 1 -1.76564e-7 0 1 0 0 1 0 0 1 0 0 1 0 0 1 0 0 1 0 0 1 0 0 1 -2.11877e-7 0 1 2.11876e-7 0 1 2.20704e-7 0 1 0 0 1 1.32423e-7 0 1 2.11876e-7 0 1 2.64845e-7 0 1 0 0 1 1.32423e-7 0 1 0 0 1 0 0 1 2.64845e-7 0 1 1.76564e-7 0 1 0 0 1 0 0 1 -1.76564e-7 0 1 2.20704e-7 0 1 1.41251e-7 0 1 -2.20704e-7 0 1 -1.32423e-7 0 1 0 0 1 1.32423e-7 0 1 -3.97268e-7 0 1 1.32423e-7 0 1 1.76564e-7 0 1 1.32423e-7 0 1 -3.53127e-7 0 1 1.98634e-7 0 1 0 0 1 0 0 1 -2.64846e-7 0 1 2.64845e-7 0 1 -2.64846e-7 0 1 -1.32422e-7 0 1 4.63482e-7 0 1 2.64845e-7 0 1 1.32423e-7 0 1 -2.64844e-7 0 1 2.64845e-7 0 1 -1.98635e-7 0 1 1.32423e-7 0 1 -1.32423e-7 0 1 1.32423e-7 0 1</float_array>
          <technique_common>
            <accessor source="#Örüntü_005-mesh-normals-array" count="204" stride="3">
              <param name="X" type="float"/>
              <param name="Y" type="float"/>
              <param name="Z" type="float"/>
            </accessor>
          </technique_common>
        </source>
        <source id="Örüntü_005-mesh-map-0">
          <float_array id="Örüntü_005-mesh-map-0-array" count="4368">0.5 0 0.7884616 0 0.75 0 0.5 0 0.8269231 0 0.7884616 0 0.5 0 0.8653846 0 0.8269231 0 0.5 0 0.9038462 0 0.8653846 0 0.5 0 0.9423077 0 0.9038462 0 0.5 0 0.9807692 0 0.9423077 0 0.5 0 0.01923078 0 -0.01923078 0 0.5 0 0.05769217 0 0.01923078 0 0.5 0 0.09615385 0 0.05769217 0 0.5 0 0.1346154 0 0.09615385 0 0.5 0 0.1730769 0 0.1346154 0 0.5 0 0.2115384 0 0.1730769 0 0.5 0 0.2500001 0 0.2115384 0 0.5 0 0.2884616 0 0.2500001 0 0.5 0 0.3269231 0 0.2884616 0 0.5 0 0.3653847 0 0.3269231 0 0.5 0 0.4038463 0 0.3653847 0 0.5 0 0.4423078 0 0.4038463 0 0.5 0 0.4807694 0 0.4423078 0 0.5 0 0.519231 0 0.4807694 0 0.5 0 0.5576925 0 0.519231 0 0.5 0 0.596154 0 0.5576925 0 0.5 0 0.6346156 0 0.596154 0 0.5 0 0.6730772 0 0.6346156 0 0.5 0 0.7115387 0 0.6730772 0 0.5 0 0.75 0 0.7115387 0 0.7884616 0 0.75 0 0.75 0 0.7884616 0 0.8269231 0 0.7884616 0 0.8269231 0 0.8653846 0 0.8269231 0 0.8653846 0 0.9038462 0 0.8653846 0 0.9423077 0 0.9038462 0 0.9038462 0 0.9807692 0 0.9423077 0 0.9423077 0 0.01923078 0 -0.01923078 0 -0.01923078 0 0.01923078 0 0.05769217 0 0.01923078 0 0.09615385 0 0.05769217 0 0.05769217 0 0.1346154 0 0.09615385 0 0.09615385 0 0.1346154 0 0.1730769 0 0.1346154 0 0.2115384 0 0.1730769 0 0.1730769 0 0.2115384 0 0.2500001 0 0.2115384 0 0.2500001 0 0.2884616 0 0.2500001 0 0.3269231 0 0.2884616 0 0.2884616 0 0.3653847 0 0.3269231 0 0.3269231 0 0.3653847 0 0.4038463 0 0.3653847 0 0.4038463 0 0.4423078 0 0.4038463 0 0.4807694 0 0.4423078 0 0.4423078 0 0.519231 0 0.4807694 0 0.4807694 0 0.519231 0 0.5576925 0 0.519231 0 0.596154 0 0.5576925 0 0.5576925 0 0.596154 0 0.6346156 0 0.596154 0 0.6346156 0 0.6730772 0 0.6346156 0 0.7115387 0 0.6730772 0 0.6730772 0 0.75 0 0.7115387 0 0.7115387 0 0.75 0 0.7884616 0 0.75 0 0.8269231 0 0.7884616 0 0.7884616 0 0.8269231 0 0.8653846 0 0.8269231 0 0.8653846 0 0.9038462 0 0.8653846 0 0.9423077 0 0.9038462 0 0.9038462 0 0.9807692 0 0.9423077 0 0.9423077 0 0.01923078 0 -0.01923078 0 -0.01923078 0 0.01923078 0 0.05769217 0 0.01923078 0 0.09615385 0 0.05769217 0 0.05769217 0 0.1346154 0 0.09615385 0 0.09615385 0 0.1346154 0 0.1730769 0 0.1346154 0 0.2115384 0 0.1730769 0 0.1730769 0 0.2115384 0 0.2500001 0 0.2115385 0 0.2500001 0 0.2884616 0 0.2500001 0 0.3269231 0 0.2884616 0 0.2884616 0 0.3653847 0 0.3269232 0 0.3269231 0 0.3653847 0 0.4038463 0 0.3653847 0 0.4423078 0 0.4038463 0 0.4038463 0 0.4423078 0 0.4807694 0 0.4423078 0 0.519231 0 0.4807694 0 0.4807694 0 0.519231 0 0.5576925 0 0.519231 0 0.596154 0 0.5576925 0 0.5576925 0 0.596154 0 0.6346156 0 0.596154 0 0.6346156 0 0.6730772 0 0.6346156 0 0.7115387 0 0.6730772 0 0.6730772 0 0.7115387 0 0.75 0 0.7115387 0 0.75 0 0.7884616 0 0.75 0 0.8269231 0 0.7884616 0 0.7884616 0 0.8269231 0 0.8653846 0 0.8269231 0 0.8653846 0 0.9038462 0 0.8653846 0 0.9423077 0 0.9038462 0 0.9038462 0 0.9807692 0 0.9423077 0 0.9423077 0 0.01923078 0 -0.01923078 0 -0.01923078 0 0.01923078 0 0.05769217 0 0.01923078 0 0.09615385 0 0.05769217 0 0.05769217 0 0.1346154 0 0.09615385 0 0.09615385 0 0.1346154 0 0.1730769 0 0.1346154 0 0.2115385 0 0.1730769 0 0.1730769 0 0.2115385 0 0.2500001 0 0.2115384 0 0.2500001 0 0.2884616 0 0.2500001 0 0.3269232 0 0.2884616 0 0.2884616 0 0.3653847 0 0.3269231 0 0.3269232 0 0.3653847 0 0.4038463 0 0.3653847 0 0.4038463 0 0.4423078 0 0.4038463 0 0.4423078 0 0.4807694 0 0.4423078 0 0.519231 0 0.4807694 0 0.4807694 0 0.519231 0 0.5576925 0 0.519231 0 0.596154 0 0.5576925 0 0.5576925 0 0.596154 0 0.6346156 0 0.596154 0 0.6346156 0 0.6730772 0 0.6346156 0 0.7115387 0 0.6730772 0 0.6730772 0 0.7115387 0 0.75 0 0.7115387 0 0.7884616 0 0.75 0 0.75 0 0.8269231 0 0.7884616 0 0.7884616 0 0.8269231 0 0.8653846 0 0.8269231 0 0.8653846 0 0.9038462 0 0.8653846 0 0.9423077 0 0.9038462 0 0.9038462 0 0.9423077 0 0.9807692 0 0.9423077 0 0.01923078 0 -0.01923078 0 -0.01923078 0 0.05769217 0 0.01923078 0 0.01923078 0 0.09615385 0 0.05769217 0 0.05769217 0 0.1346154 0 0.09615385 0 0.09615385 0 0.1346154 0 0.1730769 0 0.1346154 0 0.2115384 0 0.1730769 0 0.1730769 0 0.2115384 0 0.2500001 0 0.2115385 0 0.2500001 0 0.2884616 0 0.2500001 0 0.3269231 0 0.2884616 0 0.2884616 0 0.3653847 0 0.3269231 0 0.3269231 0 0.3653847 0 0.4038463 0 0.3653847 0 0.4423078 0 0.4038463 0 0.4038463 0 0.4423078 0 0.4807694 0 0.4423078 0 0.519231 0 0.4807694 0 0.4807694 0 0.519231 0 0.5576925 0 0.519231 0 0.596154 0 0.5576925 0 0.5576925 0 0.596154 0 0.6346156 0 0.596154 0 0.6346156 0 0.6730772 0 0.6346156 0 0.7115387 0 0.6730772 0 0.6730772 0 0.7115387 0 0.75 0 0.7115387 0 0.75 0 0.7884616 0 0.75 0 0.8269231 0 0.7884616 0 0.7884616 0 0.8269231 0 0.8653846 0 0.8269231 0 0.8653846 0 0.9038462 0 0.8653846 0 0.9423077 0 0.9038462 0 0.9038462 0 0.9807692 0 0.9423077 0 0.9423077 0 0.01923078 0 -0.01923078 0 -0.01923078 0 0.01923078 0 0.05769217 0 0.01923078 0 0.09615385 0 0.05769217 0 0.05769217 0 0.1346154 0 0.09615385 0 0.09615385 0 0.1346154 0 0.1730769 0 0.1346154 0 0.2115385 0 0.1730769 0 0.1730769 0 0.2115385 0 0.2500001 0 0.2115385 0 0.2500001 0 0.2884616 0 0.2500001 0 0.3269231 0 0.2884616 0 0.2884616 0 0.3653847 0 0.3269232 0 0.3269231 0 0.3653847 0 0.4038463 0 0.3653847 0 0.4423078 0 0.4038463 0 0.4038463 0 0.4423078 0 0.4807694 0 0.4423078 0 0.519231 0 0.4807694 0 0.4807694 0 0.519231 0 0.5576925 0 0.519231 0 0.596154 0 0.5576925 0 0.5576925 0 0.596154 0 0.6346156 0 0.596154 0 0.6346156 0 0.6730772 0 0.6346156 0 0.7115387 0 0.6730772 0 0.6730772 0 0.75 0 0.7115387 0 0.7115387 0 0.7884616 0 0.75 0 0.75 0 0.8269231 0 0.7884616 0 0.7884616 0 0.8653846 0 0.8269231 0 0.8269231 0 0.8653846 0 0.9038462 0 0.8653846 0 0.9423077 0 0.9038462 0 0.9038462 0 0.9807692 0 0.9423077 0 0.9423077 0 0.01923078 0 -0.01923078 0 -0.01923078 0 0.01923078 0 0.05769217 0 0.01923078 0 0.09615385 0 0.05769217 0 0.05769217 0 0.1346154 0 0.09615385 0 0.09615385 0 0.1346154 0 0.1730769 0 0.1346154 0 0.2115385 0 0.1730769 0 0.1730769 0 0.2115385 0 0.2500001 0 0.2115385 0 0.2884616 0 0.2500001 0 0.2500001 0 0.2884616 0 0.3269231 0 0.2884616 0 0.3653847 0 0.3269231 0 0.3269232 0 0.3653847 0 0.4038463 0 0.3653847 0 0.4038463 0 0.4423078 0 0.4038463 0 0.4423078 0 0.4807694 0 0.4423078 0 0.519231 0 0.4807694 0 0.4807694 0 0.519231 0 0.5576925 0 0.519231 0 0.596154 0 0.5576925 0 0.5576925 0 0.596154 0 0.6346156 0 0.596154 0 0.6346156 0 0.6730771 0 0.6346156 0 0.7115387 0 0.6730771 0 0.6730772 0 0.7115387 0 0.75 0 0.7115387 0 0.7884616 0 0.75 1 0.75 0 0.8269231 0 0.7884616 1 0.7884616 0 0.8653846 0 0.8269231 1 0.8269231 0 0.9038462 0 0.8653846 1 0.8653846 0 0.9423077 0 0.9038462 1 0.9038462 0 0.9807692 0 0.9423077 1 0.9423077 0 0.01923078 0 -0.01923078 1 -0.01923078 0 0.05769217 0 0.01923078 1 0.01923078 0 0.09615385 0 0.05769217 1 0.05769217 0 0.1346154 0 0.09615385 1 0.09615385 0 0.1730769 0 0.1346154 1 0.1346154 0 0.2115385 0 0.1730769 1 0.1730769 0 0.2500001 0 0.2115385 1 0.2115385 0 0.2884616 0 0.2500001 1 0.2500001 0 0.3269231 0 0.2884616 1 0.2884616 0 0.3653847 0 0.3269231 1 0.3269231 0 0.4038463 0 0.3653847 1 0.3653847 0 0.4423078 0 0.4038463 1 0.4038463 0 0.4807694 0 0.4423078 1 0.4423078 0 0.519231 0 0.4807694 1 0.4807694 0 0.5576925 0 0.519231 1 0.519231 0 0.596154 0 0.5576925 1 0.5576925 0 0.6346156 0 0.596154 1 0.596154 0 0.6730771 0 0.6346156 1 0.6346156 0 0.7115387 0 0.6730771 1 0.6730771 0 0.75 0 0.7115387 1 0.7115387 0 0.75 1 0.7884616 1 0.75 1 0.7884616 1 0.826923 1 0.7884616 1 0.8653846 1 0.826923 1 0.8269231 1 0.9038462 1 0.8653846 1 0.8653846 1 0.9038462 1 0.9423077 1 0.9038462 1 0.9423077 1 0.9807692 1 0.9423077 1 0.01923078 1 -0.01923078 1 -0.01923078 1 0.05769217 1 0.01923078 1 0.01923078 1 0.05769217 1 0.09615385 1 0.05769217 1 0.09615385 1 0.1346154 1 0.09615385 1 0.1730769 1 0.1346154 1 0.1346154 1 0.1730769 1 0.2115384 1 0.1730769 1 0.2500001 1 0.2115384 1 0.2115385 1 0.2500001 1 0.2884616 1 0.2500001 1 0.3269231 1 0.2884616 1 0.2884616 1 0.3269231 1 0.3653847 1 0.3269232 1 0.4038463 1 0.3653847 1 0.3653847 1 0.4423078 1 0.4038463 1 0.4038463 1 0.4807694 1 0.4423078 1 0.4423078 1 0.4807694 1 0.519231 1 0.4807694 1 0.5576925 1 0.519231 1 0.519231 1 0.5576925 1 0.596154 1 0.5576925 1 0.596154 1 0.6346156 1 0.596154 1 0.6730771 1 0.6346156 1 0.6346156 1 0.6730771 1 0.7115387 1 0.6730771 1 0.75 1 0.7115387 1 0.7115387 1 0.75 1 0.7884616 1 0.75 1 0.7884616 1 0.8269231 1 0.7884616 1 0.8653846 1 0.8269231 1 0.826923 1 0.9038462 1 0.8653846 1 0.8653846 1 0.9038462 1 0.9423077 1 0.9038462 1 0.9423077 1 0.9807692 1 0.9423077 1 0.01923078 1 -0.01923078 1 -0.01923078 1 0.05769217 1 0.01923078 1 0.01923078 1 0.05769217 1 0.09615385 1 0.05769217 1 0.09615385 1 0.1346154 1 0.09615385 1 0.1730769 1 0.1346154 1 0.1346154 1 0.1730769 1 0.2115385 1 0.1730769 1 0.2500001 1 0.2115385 1 0.2115384 1 0.2884616 1 0.2500001 1 0.2500001 1 0.3269232 1 0.2884616 1 0.2884616 1 0.3269232 1 0.3653847 1 0.3269231 1 0.4038463 1 0.3653847 1 0.3653847 1 0.4038463 1 0.4423078 1 0.4038463 1 0.4423078 1 0.4807694 1 0.4423078 1 0.4807694 1 0.519231 1 0.4807694 1 0.5576925 1 0.519231 1 0.519231 1 0.5576925 1 0.596154 1 0.5576925 1 0.6346156 1 0.596154 1 0.596154 1 0.6730771 1 0.6346156 1 0.6346156 1 0.6730771 1 0.7115387 1 0.6730772 1 0.75 1 0.7115387 1 0.7115387 1 0.75 1 0.7884616 1 0.75 1 0.7884616 1 0.8269231 1 0.7884616 1 0.8653846 1 0.8269231 1 0.8269231 1 0.9038462 1 0.8653846 1 0.8653846 1 0.9038462 1 0.9423077 1 0.9038462 1 0.9807692 1 0.9423077 1 0.9423077 1 0.01923078 1 -0.01923078 1 -0.01923078 1 0.01923078 1 0.05769217 1 0.01923078 1 0.05769217 1 0.09615385 1 0.05769217 1 0.1346154 1 0.09615385 1 0.09615385 1 0.1730769 1 0.1346154 1 0.1346154 1 0.1730769 1 0.2115385 1 0.1730769 1 0.2500001 1 0.2115385 1 0.2115385 1 0.2884616 1 0.2500001 1 0.2500001 1 0.2884616 1 0.3269231 1 0.2884616 1 0.3269231 1 0.3653848 1 0.3269231 1 0.4038463 1 0.3653848 1 0.3653847 1 0.4038463 1 0.4423078 1 0.4038463 1 0.4807694 1 0.4423078 1 0.4423078 1 0.519231 1 0.4807694 1 0.4807694 1 0.5576925 1 0.519231 1 0.519231 1 0.5576925 1 0.596154 1 0.5576925 1 0.6346156 1 0.596154 1 0.596154 1 0.6730772 1 0.6346156 1 0.6346156 1 0.6730772 1 0.7115387 1 0.6730772 1 0.75 1 0.7115387 1 0.7115387 1 0.75 1 0.7884616 1 0.75 1 0.7884616 1 0.8269231 1 0.7884616 1 0.8653846 1 0.8269231 1 0.8269231 1 0.9038462 1 0.8653846 1 0.8653846 1 0.9038462 1 0.9423077 1 0.9038462 1 0.9807692 1 0.9423077 1 0.9423077 1 0.01923078 1 -0.01923078 1 -0.01923078 1 0.01923078 1 0.05769217 1 0.01923078 1 0.05769217 1 0.09615385 1 0.05769217 1 0.09615385 1 0.1346154 1 0.09615385 1 0.1730769 1 0.1346154 1 0.1346154 1 0.1730769 1 0.2115384 1 0.1730769 1 0.2500001 1 0.2115384 1 0.2115385 1 0.2500001 1 0.2884616 1 0.2500001 1 0.3269231 1 0.2884616 1 0.2884616 1 0.3269231 1 0.3653847 1 0.3269231 1 0.4038463 1 0.3653847 1 0.3653848 1 0.4423078 1 0.4038463 1 0.4038463 1 0.4807694 1 0.4423078 1 0.4423078 1 0.519231 1 0.4807694 1 0.4807694 1 0.5576925 1 0.519231 1 0.519231 1 0.5576925 1 0.596154 1 0.5576925 1 0.6346156 1 0.596154 1 0.596154 1 0.6730772 1 0.6346156 1 0.6346156 1 0.6730772 1 0.7115387 1 0.6730771 1 0.75 1 0.7115387 1 0.7115387 1 0.75 1 0.7884616 1 0.75 1 0.7884616 1 0.8269231 1 0.7884616 1 0.8653846 1 0.8269231 1 0.8269231 1 0.9038462 1 0.8653846 1 0.8653846 1 0.9038462 1 0.9423077 1 0.9038462 1 0.9807692 1 0.9423077 1 0.9423077 1 0.01923078 1 -0.01923078 1 -0.01923078 1 0.01923078 1 0.05769217 1 0.01923078 1 0.05769217 1 0.09615385 1 0.05769217 1 0.09615385 1 0.1346154 1 0.09615385 1 0.1730769 1 0.1346154 1 0.1346154 1 0.1730769 1 0.2115385 1 0.1730769 1 0.2500001 1 0.2115385 1 0.2115384 1 0.2500001 1 0.2884616 1 0.2500001 1 0.3269231 1 0.2884616 1 0.2884616 1 0.3269231 1 0.3653848 1 0.3269231 1 0.4038463 1 0.3653848 1 0.3653847 1 0.4038463 1 0.4423078 1 0.4038463 1 0.4807694 1 0.4423078 1 0.4423078 1 0.519231 1 0.4807694 1 0.4807694 1 0.519231 1 0.5576925 1 0.519231 1 0.5576925 1 0.596154 1 0.5576925 1 0.6346156 1 0.596154 1 0.596154 1 0.6730771 1 0.6346156 1 0.6346156 1 0.6730771 1 0.7115387 1 0.6730772 1 0.75 1 0.7115387 1 0.7115387 1 0.7884616 1 0.75 1 0.75 1 0.7884616 1 0.8269231 1 0.7884616 1 0.8653846 1 0.8269231 1 0.8269231 1 0.9038462 1 0.8653846 1 0.8653846 1 0.9038462 1 0.9423077 1 0.9038462 1 0.9807692 1 0.9423077 1 0.9423077 1 0.01923078 1 -0.01923078 1 -0.01923078 1 0.01923078 1 0.05769217 1 0.01923078 1 0.05769217 1 0.09615385 1 0.05769217 1 0.09615385 1 0.1346154 1 0.09615385 1 0.1730769 1 0.1346154 1 0.1346154 1 0.1730769 1 0.2115385 1 0.1730769 1 0.2500001 1 0.2115385 1 0.2115385 1 0.2500001 1 0.2884616 1 0.2500001 1 0.3269231 1 0.2884616 1 0.2884616 1 0.3269231 1 0.3653847 1 0.3269232 1 0.4038463 1 0.3653847 1 0.3653848 1 0.4038463 1 0.4423078 1 0.4038463 1 0.4807694 1 0.4423078 1 0.4423078 1 0.4807694 1 0.519231 1 0.4807694 1 0.5576925 1 0.519231 1 0.519231 1 0.5576925 1 0.596154 1 0.5576925 1 0.6346156 1 0.596154 1 0.596154 1 0.6730772 1 0.6346156 1 0.6346156 1 0.6730772 1 0.7115387 1 0.6730771 1 0.75 1 0.7115387 1 0.7115387 1 0.5 1 0.75 1 0.7884616 1 0.5 1 0.7884616 1 0.8269231 1 0.5 1 0.8269231 1 0.8653846 1 0.5 1 0.8653846 1 0.9038462 1 0.5 1 0.9038462 1 0.9423077 1 0.5 1 0.9423077 1 0.9807692 1 0.5 1 -0.01923078 1 0.01923078 1 0.5 1 0.01923078 1 0.05769217 1 0.5 1 0.05769217 1 0.09615385 1 0.5 1 0.09615385 1 0.1346154 1 0.5 1 0.1346154 1 0.1730769 1 0.5 1 0.1730769 1 0.2115385 1 0.5 1 0.2115385 1 0.2500001 1 0.5 1 0.2500001 1 0.2884616 1 0.5 1 0.2884616 1 0.3269232 1 0.5 1 0.3269232 1 0.3653847 1 0.5 1 0.3653847 1 0.4038463 1 0.5 1 0.4038463 1 0.4423078 1 0.5 1 0.4423078 1 0.4807694 1 0.5 1 0.4807694 1 0.519231 1 0.5 1 0.519231 1 0.5576925 1 0.5 1 0.5576925 1 0.596154 1 0.5 1 0.596154 1 0.6346156 1 0.5 1 0.6346156 1 0.6730771 1 0.5 1 0.6730771 1 0.7115387 1 0.5 1 0.7115387 1 0.75 1 0.7884616 0 0.7884616 0 0.75 0 0.7884616 0 0.8269231 0 0.8269231 0 0.8269231 0 0.8653846 0 0.8653846 0 0.8653846 0 0.9038462 0 0.9038462 0 0.9423077 0 0.9423077 0 0.9038462 0 0.9807692 0 0.9807692 0 0.9423077 0 0.01923078 0 0.01923078 0 -0.01923078 0 0.01923078 0 0.05769217 0 0.05769217 0 0.09615385 0 0.09615385 0 0.05769217 0 0.1346154 0 0.1346154 0 0.09615385 0 0.1346154 0 0.1730769 0 0.1730769 0 0.2115384 0 0.2115384 0 0.1730769 0 0.2115384 0 0.2500001 0 0.2500001 0 0.2500001 0 0.2884616 0 0.2884616 0 0.3269231 0 0.3269231 0 0.2884616 0 0.3653847 0 0.3653847 0 0.3269231 0 0.3653847 0 0.4038463 0 0.4038463 0 0.4038463 0 0.4423078 0 0.4423078 0 0.4807694 0 0.4807694 0 0.4423078 0 0.519231 0 0.519231 0 0.4807694 0 0.519231 0 0.5576925 0 0.5576925 0 0.596154 0 0.596154 0 0.5576925 0 0.596154 0 0.6346156 0 0.6346156 0 0.6346156 0 0.6730772 0 0.6730772 0 0.7115387 0 0.7115387 0 0.6730772 0 0.75 0 0.75 0 0.7115387 0 0.75 0 0.7884616 0 0.7884616 0 0.8269231 0 0.8269231 0 0.7884616 0 0.8269231 0 0.8653846 0 0.8653846 0 0.8653846 0 0.9038462 0 0.9038462 0 0.9423077 0 0.9423077 0 0.9038462 0 0.9807692 0 0.9807692 0 0.9423077 0 0.01923078 0 0.01923078 0 -0.01923078 0 0.01923078 0 0.05769217 0 0.05769217 0 0.09615385 0 0.09615385 0 0.05769217 0 0.1346154 0 0.1346154 0 0.09615385 0 0.1346154 0 0.1730769 0 0.1730769 0 0.2115384 0 0.2115385 0 0.1730769 0 0.2115384 0 0.2500001 0 0.2500001 0 0.2500001 0 0.2884616 0 0.2884616 0 0.3269231 0 0.3269232 0 0.2884616 0 0.3653847 0 0.3653847 0 0.3269232 0 0.3653847 0 0.4038463 0 0.4038463 0 0.4423078 0 0.4423078 0 0.4038463 0 0.4423078 0 0.4807694 0 0.4807694 0 0.519231 0 0.519231 0 0.4807694 0 0.519231 0 0.5576925 0 0.5576925 0 0.596154 0 0.596154 0 0.5576925 0 0.596154 0 0.6346156 0 0.6346156 0 0.6346156 0 0.6730772 0 0.6730772 0 0.7115387 0 0.7115387 0 0.6730772 0 0.7115387 0 0.75 0 0.75 0 0.75 0 0.7884616 0 0.7884616 0 0.8269231 0 0.8269231 0 0.7884616 0 0.8269231 0 0.8653846 0 0.8653846 0 0.8653846 0 0.9038462 0 0.9038462 0 0.9423077 0 0.9423077 0 0.9038462 0 0.9807692 0 0.9807692 0 0.9423077 0 0.01923078 0 0.01923078 0 -0.01923078 0 0.01923078 0 0.05769217 0 0.05769217 0 0.09615385 0 0.09615385 0 0.05769217 0 0.1346154 0 0.1346154 0 0.09615385 0 0.1346154 0 0.1730769 0 0.1730769 0 0.2115385 0 0.2115384 0 0.1730769 0 0.2115385 0 0.2500001 0 0.2500001 0 0.2500001 0 0.2884616 0 0.2884616 0 0.3269232 0 0.3269231 0 0.2884616 0 0.3653847 0 0.3653847 0 0.3269231 0 0.3653847 0 0.4038463 0 0.4038463 0 0.4038463 0 0.4423078 0 0.4423078 0 0.4423078 0 0.4807694 0 0.4807694 0 0.519231 0 0.519231 0 0.4807694 0 0.519231 0 0.5576925 0 0.5576925 0 0.596154 0 0.596154 0 0.5576925 0 0.596154 0 0.6346156 0 0.6346156 0 0.6346156 0 0.6730772 0 0.6730772 0 0.7115387 0 0.7115387 0 0.6730772 0 0.7115387 0 0.75 0 0.75 0 0.7884616 0 0.7884616 0 0.75 0 0.8269231 0 0.8269231 0 0.7884616 0 0.8269231 0 0.8653846 0 0.8653846 0 0.8653846 0 0.9038462 0 0.9038462 0 0.9423077 0 0.9423077 0 0.9038462 0 0.9423077 0 0.9807692 0 0.9807692 0 0.01923078 0 0.01923078 0 -0.01923078 0 0.05769217 0 0.05769217 0 0.01923078 0 0.09615385 0 0.09615385 0 0.05769217 0 0.1346154 0 0.1346154 0 0.09615385 0 0.1346154 0 0.1730769 0 0.1730769 0 0.2115384 0 0.2115385 0 0.1730769 0 0.2115384 0 0.2500001 0 0.2500001 0 0.2500001 0 0.2884616 0 0.2884616 0 0.3269231 0 0.3269231 0 0.2884616 0 0.3653847 0 0.3653847 0 0.3269231 0 0.3653847 0 0.4038463 0 0.4038463 0 0.4423078 0 0.4423078 0 0.4038463 0 0.4423078 0 0.4807694 0 0.4807694 0 0.519231 0 0.519231 0 0.4807694 0 0.519231 0 0.5576925 0 0.5576925 0 0.596154 0 0.596154 0 0.5576925 0 0.596154 0 0.6346156 0 0.6346156 0 0.6346156 0 0.6730772 0 0.6730772 0 0.7115387 0 0.7115387 0 0.6730772 0 0.7115387 0 0.75 0 0.75 0 0.75 0 0.7884616 0 0.7884616 0 0.8269231 0 0.8269231 0 0.7884616 0 0.8269231 0 0.8653846 0 0.8653846 0 0.8653846 0 0.9038462 0 0.9038462 0 0.9423077 0 0.9423077 0 0.9038462 0 0.9807692 0 0.9807692 0 0.9423077 0 0.01923078 0 0.01923078 0 -0.01923078 0 0.01923078 0 0.05769217 0 0.05769217 0 0.09615385 0 0.09615385 0 0.05769217 0 0.1346154 0 0.1346154 0 0.09615385 0 0.1346154 0 0.1730769 0 0.1730769 0 0.2115385 0 0.2115385 0 0.1730769 0 0.2115385 0 0.2500001 0 0.2500001 0 0.2500001 0 0.2884616 0 0.2884616 0 0.3269231 0 0.3269232 0 0.2884616 0 0.3653847 0 0.3653847 0 0.3269232 0 0.3653847 0 0.4038463 0 0.4038463 0 0.4423078 0 0.4423078 0 0.4038463 0 0.4423078 0 0.4807694 0 0.4807694 0 0.519231 0 0.519231 0 0.4807694 0 0.519231 0 0.5576925 0 0.5576925 0 0.596154 0 0.596154 0 0.5576925 0 0.596154 0 0.6346156 0 0.6346156 0 0.6346156 0 0.6730772 0 0.6730772 0 0.7115387 0 0.7115387 0 0.6730772 0 0.75 0 0.75 0 0.7115387 0 0.7884616 0 0.7884616 0 0.75 0 0.8269231 0 0.8269231 0 0.7884616 0 0.8653846 0 0.8653846 0 0.8269231 0 0.8653846 0 0.9038462 0 0.9038462 0 0.9423077 0 0.9423077 0 0.9038462 0 0.9807692 0 0.9807692 0 0.9423077 0 0.01923078 0 0.01923078 0 -0.01923078 0 0.01923078 0 0.05769217 0 0.05769217 0 0.09615385 0 0.09615385 0 0.05769217 0 0.1346154 0 0.1346154 0 0.09615385 0 0.1346154 0 0.1730769 0 0.1730769 0 0.2115385 0 0.2115385 0 0.1730769 0 0.2115385 0 0.2500001 0 0.2500001 0 0.2884616 0 0.2884616 0 0.2500001 0 0.2884616 0 0.3269232 0 0.3269231 0 0.3653847 0 0.3653847 0 0.3269231 0 0.3653847 0 0.4038463 0 0.4038463 0 0.4038463 0 0.4423078 0 0.4423078 0 0.4423078 0 0.4807694 0 0.4807694 0 0.519231 0 0.519231 0 0.4807694 0 0.519231 0 0.5576925 0 0.5576925 0 0.596154 0 0.596154 0 0.5576925 0 0.596154 0 0.6346156 0 0.6346156 0 0.6346156 0 0.6730772 0 0.6730771 0 0.7115387 0 0.7115387 0 0.6730771 0 0.7115387 0 0.75 0 0.75 0 0.7884616 0 0.7884616 1 0.75 1 0.8269231 0 0.8269231 1 0.7884616 1 0.8653846 0 0.8653846 1 0.8269231 1 0.9038462 0 0.9038462 1 0.8653846 1 0.9423077 0 0.9423077 1 0.9038462 1 0.9807692 0 0.9807692 1 0.9423077 1 0.01923078 0 0.01923078 1 -0.01923078 1 0.05769217 0 0.05769217 1 0.01923078 1 0.09615385 0 0.09615385 1 0.05769217 1 0.1346154 0 0.1346154 1 0.09615385 1 0.1730769 0 0.1730769 1 0.1346154 1 0.2115385 0 0.2115385 1 0.1730769 1 0.2500001 0 0.2500001 1 0.2115385 1 0.2884616 0 0.2884616 1 0.2500001 1 0.3269231 0 0.3269231 1 0.2884616 1 0.3653847 0 0.3653847 1 0.3269231 1 0.4038463 0 0.4038463 1 0.3653847 1 0.4423078 0 0.4423078 1 0.4038463 1 0.4807694 0 0.4807694 1 0.4423078 1 0.519231 0 0.519231 1 0.4807694 1 0.5576925 0 0.5576925 1 0.519231 1 0.596154 0 0.596154 1 0.5576925 1 0.6346156 0 0.6346156 1 0.596154 1 0.6730771 0 0.6730771 1 0.6346156 1 0.7115387 0 0.7115387 1 0.6730771 1 0.75 0 0.75 1 0.7115387 1 0.75 1 0.7884616 1 0.7884616 1 0.7884616 1 0.8269231 1 0.826923 1 0.8653846 1 0.8653846 1 0.826923 1 0.9038462 1 0.9038462 1 0.8653846 1 0.9038462 1 0.9423077 1 0.9423077 1 0.9423077 1 0.9807692 1 0.9807692 1 0.01923078 1 0.01923078 1 -0.01923078 1 0.05769217 1 0.05769217 1 0.01923078 1 0.05769217 1 0.09615385 1 0.09615385 1 0.09615385 1 0.1346154 1 0.1346154 1 0.1730769 1 0.1730769 1 0.1346154 1 0.1730769 1 0.2115385 1 0.2115384 1 0.2500001 1 0.2500001 1 0.2115384 1 0.2500001 1 0.2884616 1 0.2884616 1 0.3269231 1 0.3269232 1 0.2884616 1 0.3269231 1 0.3653847 1 0.3653847 1 0.4038463 1 0.4038463 1 0.3653847 1 0.4423078 1 0.4423078 1 0.4038463 1 0.4807694 1 0.4807694 1 0.4423078 1 0.4807694 1 0.519231 1 0.519231 1 0.5576925 1 0.5576925 1 0.519231 1 0.5576925 1 0.596154 1 0.596154 1 0.596154 1 0.6346156 1 0.6346156 1 0.6730771 1 0.6730771 1 0.6346156 1 0.6730771 1 0.7115387 1 0.7115387 1 0.75 1 0.75 1 0.7115387 1 0.75 1 0.7884616 1 0.7884616 1 0.7884616 1 0.826923 1 0.8269231 1 0.8653846 1 0.8653846 1 0.8269231 1 0.9038462 1 0.9038462 1 0.8653846 1 0.9038462 1 0.9423077 1 0.9423077 1 0.9423077 1 0.9807692 1 0.9807692 1 0.01923078 1 0.01923078 1 -0.01923078 1 0.05769217 1 0.05769217 1 0.01923078 1 0.05769217 1 0.09615385 1 0.09615385 1 0.09615385 1 0.1346154 1 0.1346154 1 0.1730769 1 0.1730769 1 0.1346154 1 0.1730769 1 0.2115384 1 0.2115385 1 0.2500001 1 0.2500001 1 0.2115385 1 0.2884616 1 0.2884616 1 0.2500001 1 0.3269232 1 0.3269231 1 0.2884616 1 0.3269232 1 0.3653847 1 0.3653847 1 0.4038463 1 0.4038463 1 0.3653847 1 0.4038463 1 0.4423078 1 0.4423078 1 0.4423078 1 0.4807694 1 0.4807694 1 0.4807694 1 0.519231 1 0.519231 1 0.5576925 1 0.5576925 1 0.519231 1 0.5576925 1 0.596154 1 0.596154 1 0.6346156 1 0.6346156 1 0.596154 1 0.6730771 1 0.6730772 1 0.6346156 1 0.6730771 1 0.7115387 1 0.7115387 1 0.75 1 0.75 1 0.7115387 1 0.75 1 0.7884616 1 0.7884616 1 0.7884616 1 0.8269231 1 0.8269231 1 0.8653846 1 0.8653846 1 0.8269231 1 0.9038462 1 0.9038462 1 0.8653846 1 0.9038462 1 0.9423077 1 0.9423077 1 0.9807692 1 0.9807692 1 0.9423077 1 0.01923078 1 0.01923078 1 -0.01923078 1 0.01923078 1 0.05769217 1 0.05769217 1 0.05769217 1 0.09615385 1 0.09615385 1 0.1346154 1 0.1346154 1 0.09615385 1 0.1730769 1 0.1730769 1 0.1346154 1 0.1730769 1 0.2115385 1 0.2115385 1 0.2500001 1 0.2500001 1 0.2115385 1 0.2884616 1 0.2884616 1 0.2500001 1 0.2884616 1 0.3269231 1 0.3269231 1 0.3269231 1 0.3653847 1 0.3653848 1 0.4038463 1 0.4038463 1 0.3653848 1 0.4038463 1 0.4423078 1 0.4423078 1 0.4807694 1 0.4807694 1 0.4423078 1 0.519231 1 0.519231 1 0.4807694 1 0.5576925 1 0.5576925 1 0.519231 1 0.5576925 1 0.596154 1 0.596154 1 0.6346156 1 0.6346156 1 0.596154 1 0.6730772 1 0.6730772 1 0.6346156 1 0.6730772 1 0.7115387 1 0.7115387 1 0.75 1 0.75 1 0.7115387 1 0.75 1 0.7884616 1 0.7884616 1 0.7884616 1 0.8269231 1 0.8269231 1 0.8653846 1 0.8653846 1 0.8269231 1 0.9038462 1 0.9038462 1 0.8653846 1 0.9038462 1 0.9423077 1 0.9423077 1 0.9807692 1 0.9807692 1 0.9423077 1 0.01923078 1 0.01923078 1 -0.01923078 1 0.01923078 1 0.05769217 1 0.05769217 1 0.05769217 1 0.09615385 1 0.09615385 1 0.09615385 1 0.1346154 1 0.1346154 1 0.1730769 1 0.1730769 1 0.1346154 1 0.1730769 1 0.2115385 1 0.2115384 1 0.2500001 1 0.2500001 1 0.2115384 1 0.2500001 1 0.2884616 1 0.2884616 1 0.3269231 1 0.3269231 1 0.2884616 1 0.3269231 1 0.3653848 1 0.3653847 1 0.4038463 1 0.4038463 1 0.3653847 1 0.4423078 1 0.4423078 1 0.4038463 1 0.4807694 1 0.4807694 1 0.4423078 1 0.519231 1 0.519231 1 0.4807694 1 0.5576925 1 0.5576925 1 0.519231 1 0.5576925 1 0.596154 1 0.596154 1 0.6346156 1 0.6346156 1 0.596154 1 0.6730772 1 0.6730771 1 0.6346156 1 0.6730772 1 0.7115387 1 0.7115387 1 0.75 1 0.75 1 0.7115387 1 0.75 1 0.7884616 1 0.7884616 1 0.7884616 1 0.8269231 1 0.8269231 1 0.8653846 1 0.8653846 1 0.8269231 1 0.9038462 1 0.9038462 1 0.8653846 1 0.9038462 1 0.9423077 1 0.9423077 1 0.9807692 1 0.9807692 1 0.9423077 1 0.01923078 1 0.01923078 1 -0.01923078 1 0.01923078 1 0.05769217 1 0.05769217 1 0.05769217 1 0.09615385 1 0.09615385 1 0.09615385 1 0.1346154 1 0.1346154 1 0.1730769 1 0.1730769 1 0.1346154 1 0.1730769 1 0.2115384 1 0.2115385 1 0.2500001 1 0.2500001 1 0.2115385 1 0.2500001 1 0.2884616 1 0.2884616 1 0.3269231 1 0.3269231 1 0.2884616 1 0.3269231 1 0.3653847 1 0.3653848 1 0.4038463 1 0.4038463 1 0.3653848 1 0.4038463 1 0.4423078 1 0.4423078 1 0.4807694 1 0.4807694 1 0.4423078 1 0.519231 1 0.519231 1 0.4807694 1 0.519231 1 0.5576925 1 0.5576925 1 0.5576925 1 0.596154 1 0.596154 1 0.6346156 1 0.6346156 1 0.596154 1 0.6730771 1 0.6730772 1 0.6346156 1 0.6730771 1 0.7115387 1 0.7115387 1 0.75 1 0.75 1 0.7115387 1 0.7884616 1 0.7884616 1 0.75 1 0.7884616 1 0.8269231 1 0.8269231 1 0.8653846 1 0.8653846 1 0.8269231 1 0.9038462 1 0.9038462 1 0.8653846 1 0.9038462 1 0.9423077 1 0.9423077 1 0.9807692 1 0.9807692 1 0.9423077 1 0.01923078 1 0.01923078 1 -0.01923078 1 0.01923078 1 0.05769217 1 0.05769217 1 0.05769217 1 0.09615385 1 0.09615385 1 0.09615385 1 0.1346154 1 0.1346154 1 0.1730769 1 0.1730769 1 0.1346154 1 0.1730769 1 0.2115385 1 0.2115385 1 0.2500001 1 0.2500001 1 0.2115385 1 0.2500001 1 0.2884616 1 0.2884616 1 0.3269231 1 0.3269232 1 0.2884616 1 0.3269231 1 0.3653848 1 0.3653847 1 0.4038463 1 0.4038463 1 0.3653847 1 0.4038463 1 0.4423078 1 0.4423078 1 0.4807694 1 0.4807694 1 0.4423078 1 0.4807694 1 0.519231 1 0.519231 1 0.5576925 1 0.5576925 1 0.519231 1 0.5576925 1 0.596154 1 0.596154 1 0.6346156 1 0.6346156 1 0.596154 1 0.6730772 1 0.6730771 1 0.6346156 1 0.6730772 1 0.7115387 1 0.7115387 1 0.75 1 0.75 1 0.7115387 1</float_array>
          <technique_common>
            <accessor source="#Örüntü_005-mesh-map-0-array" count="2184" stride="2">
              <param name="S" type="float"/>
              <param name="T" type="float"/>
            </accessor>
          </technique_common>
        </source>
        <vertices id="Örüntü_005-mesh-vertices">
          <input semantic="POSITION" source="#Örüntü_005-mesh-positions"/>
        </vertices>
        <triangles material="Material_001-material" count="728">
          <input semantic="VERTEX" source="#Örüntü_005-mesh-vertices" offset="0"/>
          <input semantic="NORMAL" source="#Örüntü_005-mesh-normals" offset="1"/>
          <input semantic="TEXCOORD" source="#Örüntü_005-mesh-map-0" offset="2" set="0"/>
          <p>0 0 0 2 0 1 1 0 2 0 0 3 3 0 4 2 0 5 0 0 6 4 0 7 3 0 8 0 0 9 5 0 10 4 0 11 0 0 12 6 0 13 5 0 14 0 0 15 7 0 16 6 0 17 0 0 18 8 0 19 7 0 20 0 0 21 9 0 22 8 0 23 0 0 24 10 0 25 9 0 26 0 0 27 11 0 28 10 0 29 0 0 30 12 0 31 11 0 32 0 0 33 13 0 34 12 0 35 0 0 36 14 0 37 13 0 38 0 0 39 15 0 40 14 0 41 0 0 42 16 0 43 15 0 44 0 0 45 17 0 46 16 0 47 0 0 48 18 0 49 17 0 50 0 0 51 19 0 52 18 0 53 0 0 54 20 0 55 19 0 56 0 0 57 21 0 58 20 0 59 0 0 60 22 0 61 21 0 62 0 0 63 23 0 64 22 0 65 0 0 66 24 0 67 23 0 68 0 0 69 25 0 70 24 0 71 0 0 72 26 0 73 25 0 74 0 0 75 1 0 76 26 0 77 2 0 78 27 0 79 1 0 80 2 0 81 29 0 82 28 0 83 3 0 84 30 0 85 29 0 86 4 0 87 31 0 88 30 0 89 6 0 90 31 0 91 5 0 92 7 0 93 32 0 94 6 0 95 8 0 96 33 0 97 7 0 98 8 0 99 35 0 100 34 0 101 10 0 102 35 0 103 9 0 104 11 0 105 36 0 106 10 0 107 11 0 108 38 0 109 37 0 110 13 0 111 38 0 112 12 0 113 13 0 114 40 0 115 39 0 116 14 0 117 41 0 118 40 0 119 16 0 120 41 0 121 15 0 122 17 0 123 42 0 124 16 0 125 17 0 126 44 0 127 43 0 128 18 0 129 45 0 130 44 0 131 20 0 132 45 0 133 19 0 134 21 0 135 46 0 136 20 0 137 21 0 138 48 0 139 47 0 140 23 0 141 48 0 142 22 0 143 23 0 144 50 0 145 49 0 146 24 0 147 51 0 148 50 0 149 26 0 150 51 0 151 25 0 152 1 0 153 52 0 154 26 0 155 27 0 156 54 0 157 53 0 158 29 0 159 54 0 160 28 0 161 29 0 162 56 0 163 55 0 164 30 0 165 57 0 166 56 0 167 32 0 168 57 0 169 31 0 170 33 0 171 58 0 172 32 0 173 34 0 174 59 0 175 33 0 176 34 0 177 61 0 178 60 0 179 36 0 180 61 0 181 35 0 182 37 0 183 62 0 184 36 0 185 37 0 186 64 0 187 63 0 188 39 0 189 64 0 190 38 0 191 39 0 192 66 0 193 65 0 194 40 0 195 67 0 196 66 0 197 42 0 198 67 0 199 41 0 200 43 0 201 68 0 202 42 0 203 43 0 204 70 0 205 69 0 206 45 0 207 70 0 208 44 0 209 45 0 210 72 0 211 71 0 212 47 0 213 72 0 214 46 0 215 47 0 216 74 0 217 73 0 218 49 0 219 74 0 220 48 0 221 49 0 222 76 0 223 75 0 224 50 0 225 77 0 226 76 0 227 52 0 228 77 0 229 51 0 230 52 0 231 53 0 232 78 0 233 53 0 234 80 0 235 79 0 236 55 0 237 80 0 238 54 0 239 55 0 240 82 0 241 81 0 242 56 0 243 83 0 244 82 0 245 58 0 246 83 0 247 57 0 248 59 0 249 84 0 250 58 0 251 60 0 252 85 0 253 59 0 254 60 0 255 87 0 256 86 0 257 62 0 258 87 0 259 61 0 260 63 0 261 88 0 262 62 0 263 63 0 264 90 0 265 89 0 266 65 0 267 90 0 268 64 0 269 65 0 270 92 0 271 91 0 272 66 0 273 93 0 274 92 0 275 68 0 276 93 0 277 67 0 278 69 0 279 94 0 280 68 0 281 69 0 282 96 0 283 95 0 284 70 0 285 97 0 286 96 0 287 71 0 288 98 0 289 97 0 290 73 0 291 98 0 292 72 0 293 73 0 294 100 0 295 99 0 296 75 0 297 100 0 298 74 0 299 75 0 300 102 0 301 101 0 302 76 0 303 103 0 304 102 0 305 78 0 306 103 0 307 77 0 308 78 0 309 79 0 310 104 0 311 80 0 312 105 0 313 79 0 314 81 0 315 106 0 316 80 0 317 81 0 318 108 0 319 107 0 320 82 0 321 109 0 322 108 0 323 84 0 324 109 0 325 83 0 326 84 0 327 111 0 328 110 0 329 86 0 330 111 0 331 85 0 332 87 0 333 112 0 334 86 0 335 88 0 336 113 0 337 87 0 338 89 0 339 114 0 340 88 0 341 89 0 342 116 0 343 115 0 344 91 0 345 116 0 346 90 0 347 91 0 348 118 0 349 117 0 350 92 0 351 119 0 352 118 0 353 94 0 354 119 0 355 93 0 356 95 0 357 120 0 358 94 0 359 95 0 360 122 0 361 121 0 362 97 0 363 122 0 364 96 0 365 97 0 366 124 0 367 123 0 368 99 0 369 124 0 370 98 0 371 99 0 372 126 0 373 125 0 374 101 0 375 126 0 376 100 0 377 101 0 378 128 0 379 127 0 380 102 0 381 129 0 382 128 0 383 104 0 384 129 0 385 103 0 386 104 0 387 105 0 388 130 0 389 105 0 390 132 0 391 131 0 392 107 0 393 132 0 394 106 0 395 107 0 396 134 0 397 133 0 398 108 0 399 135 0 400 134 0 401 110 0 402 135 0 403 109 0 404 111 0 405 136 0 406 110 0 407 112 0 408 137 0 409 111 0 410 112 0 411 139 0 412 138 0 413 114 0 414 139 0 415 113 0 416 115 0 417 140 0 418 114 0 419 115 0 420 142 0 421 141 0 422 117 0 423 142 0 424 116 0 425 117 0 426 144 0 427 143 0 428 118 0 429 145 0 430 144 0 431 120 0 432 145 0 433 119 0 434 121 0 435 146 0 436 120 0 437 121 0 438 148 0 439 147 0 440 123 0 441 148 0 442 122 0 443 123 0 444 150 0 445 149 0 446 125 0 447 150 0 448 124 0 449 125 0 450 152 0 451 151 0 452 127 0 453 152 0 454 126 0 455 127 0 456 154 0 457 153 0 458 128 0 459 155 0 460 154 0 461 130 0 462 155 0 463 129 0 464 105 0 465 156 0 466 130 0 467 132 0 468 157 0 469 131 0 470 133 0 471 158 0 472 132 0 473 134 0 474 159 0 475 133 0 476 134 0 477 161 0 478 160 0 479 136 0 480 161 0 481 135 0 482 137 0 483 162 0 484 136 0 485 138 0 486 163 0 487 137 0 488 138 0 489 165 0 490 164 0 491 140 0 492 165 0 493 139 0 494 141 0 495 166 0 496 140 0 497 141 0 498 168 0 499 167 0 500 143 0 501 168 0 502 142 0 503 143 0 504 170 0 505 169 0 506 145 0 507 170 0 508 144 0 509 145 0 510 172 0 511 171 0 512 147 0 513 172 0 514 146 0 515 147 0 516 174 0 517 173 0 518 148 0 519 175 0 520 174 0 521 149 0 522 176 0 523 175 0 524 151 0 525 176 0 526 150 0 527 151 0 528 178 0 529 177 0 530 153 0 531 178 0 532 152 0 533 153 0 534 180 0 535 179 0 536 154 0 537 181 0 538 180 0 539 156 0 540 181 0 541 155 0 542 156 0 543 157 0 544 182 0 545 158 1 546 183 2 547 157 3 548 159 4 549 184 5 550 158 1 551 160 6 552 185 7 553 159 4 554 161 8 555 186 9 556 160 6 557 162 10 558 187 11 559 161 8 560 163 12 561 188 13 562 162 10 563 164 14 564 189 15 565 163 12 566 165 16 567 190 17 568 164 14 569 166 18 570 191 19 571 165 16 572 167 20 573 192 21 574 166 18 575 168 22 576 193 23 577 167 20 578 169 24 579 194 25 580 168 22 581 170 26 582 195 27 583 169 24 584 171 28 585 196 29 586 170 26 587 172 30 588 197 31 589 171 28 590 173 32 591 198 33 592 172 30 593 174 34 594 199 35 595 173 32 596 175 36 597 200 37 598 174 34 599 176 38 600 201 39 601 175 36 602 177 40 603 202 41 604 176 38 605 178 42 606 203 43 607 177 40 608 179 44 609 204 45 610 178 42 611 180 46 612 205 47 613 179 44 614 181 48 615 206 49 616 180 46 617 182 50 618 207 51 619 181 48 620 157 3 621 208 52 622 182 50 623 183 53 624 210 53 625 209 53 626 184 53 627 211 53 628 210 53 629 186 53 630 211 53 631 185 53 632 187 54 633 212 54 634 186 54 635 187 53 636 214 53 637 213 53 638 188 53 639 215 53 640 214 53 641 190 53 642 215 53 643 189 53 644 191 53 645 216 53 646 190 53 647 191 55 648 218 55 649 217 55 650 192 56 651 219 56 652 218 56 653 194 57 654 219 57 655 193 57 656 194 53 657 221 53 658 220 53 659 196 58 660 221 58 661 195 58 662 196 59 663 223 59 664 222 59 665 198 60 666 223 60 667 197 60 668 198 53 669 225 53 670 224 53 671 200 61 672 225 61 673 199 61 674 201 53 675 226 53 676 200 53 677 202 53 678 227 53 679 201 53 680 202 53 681 229 53 682 228 53 683 204 53 684 229 53 685 203 53 686 204 62 687 231 62 688 230 62 689 205 63 690 232 63 691 231 63 692 207 61 693 232 61 694 206 61 695 207 53 696 234 53 697 233 53 698 183 64 699 234 64 700 208 64 701 209 53 702 236 53 703 235 53 704 210 65 705 237 65 706 236 65 707 212 66 708 237 66 709 211 66 710 213 53 711 238 53 712 212 53 713 213 53 714 240 53 715 239 53 716 214 53 717 241 53 718 240 53 719 216 53 720 241 53 721 215 53 722 217 53 723 242 53 724 216 53 725 217 53 726 244 53 727 243 53 728 218 53 729 245 53 730 244 53 731 220 53 732 245 53 733 219 53 734 220 67 735 247 67 736 246 67 737 222 68 738 247 68 739 221 68 740 223 69 741 248 69 742 222 69 743 224 70 744 249 70 745 223 70 746 224 71 747 251 71 748 250 71 749 226 72 750 251 72 751 225 72 752 226 73 753 253 73 754 252 73 755 227 74 756 254 74 757 253 74 758 228 75 759 255 75 760 254 75 761 230 53 762 255 53 763 229 53 764 230 73 765 257 73 766 256 73 767 232 53 768 257 53 769 231 53 770 233 76 771 258 76 772 232 76 773 233 77 774 260 77 775 259 77 776 209 78 777 260 78 778 234 78 779 235 53 780 262 53 781 261 53 782 236 79 783 263 79 784 262 79 785 238 53 786 263 53 787 237 53 788 239 80 789 264 80 790 238 80 791 239 81 792 266 81 793 265 81 794 241 82 795 266 82 796 240 82 797 242 53 798 267 53 799 241 53 800 242 83 801 269 83 802 268 83 803 243 84 804 270 84 805 269 84 806 245 53 807 270 53 808 244 53 809 246 85 810 271 85 811 245 85 812 246 86 813 273 86 814 272 86 815 248 53 816 273 53 817 247 53 818 249 87 819 274 87 820 248 87 821 249 88 822 276 88 823 275 88 824 250 53 825 277 53 826 276 53 827 252 53 828 277 53 829 251 53 830 252 53 831 279 53 832 278 53 833 254 53 834 279 53 835 253 53 836 255 53 837 280 53 838 254 53 839 256 53 840 281 53 841 255 53 842 256 89 843 283 89 844 282 89 845 258 53 846 283 53 847 257 53 848 259 53 849 284 53 850 258 53 851 259 90 852 286 90 853 285 90 854 235 91 855 286 91 856 260 91 857 261 53 858 288 53 859 287 53 860 262 53 861 289 53 862 288 53 863 264 53 864 289 53 865 263 53 866 265 92 867 290 92 868 264 92 869 265 93 870 292 93 871 291 93 872 267 94 873 292 94 874 266 94 875 268 53 876 293 53 877 267 53 878 268 95 879 295 95 880 294 95 881 269 96 882 296 96 883 295 96 884 270 53 885 297 53 886 296 53 887 272 97 888 297 97 889 271 97 890 272 98 891 299 98 892 298 98 893 274 99 894 299 99 895 273 99 896 274 100 897 301 100 898 300 100 899 276 101 900 301 101 901 275 101 902 276 102 903 303 102 904 302 102 905 278 103 906 303 103 907 277 103 908 279 97 909 304 97 910 278 97 911 280 53 912 305 53 913 279 53 914 281 53 915 306 53 916 280 53 917 282 53 918 307 53 919 281 53 920 282 104 921 309 104 922 308 104 923 284 53 924 309 53 925 283 53 926 285 105 927 310 105 928 284 105 929 285 53 930 312 53 931 311 53 932 261 106 933 312 106 934 286 106 935 287 53 936 314 53 937 313 53 938 288 53 939 315 53 940 314 53 941 290 53 942 315 53 943 289 53 944 291 102 945 316 102 946 290 102 947 291 107 948 318 107 949 317 107 950 293 53 951 318 53 952 292 53 953 294 53 954 319 53 955 293 53 956 294 83 957 321 83 958 320 83 959 295 108 960 322 108 961 321 108 962 296 109 963 323 109 964 322 109 965 298 53 966 323 53 967 297 53 968 298 90 969 325 90 970 324 90 971 300 53 972 325 53 973 299 53 974 300 53 975 327 53 976 326 53 977 302 110 978 327 110 979 301 110 980 302 53 981 329 53 982 328 53 983 304 111 984 329 111 985 303 111 986 304 112 987 331 112 988 330 112 989 306 53 990 331 53 991 305 53 992 307 53 993 332 53 994 306 53 995 307 53 996 334 53 997 333 53 998 308 113 999 335 113 1000 334 113 1001 310 53 1002 335 53 1003 309 53 1004 311 53 1005 336 53 1006 310 53 1007 311 53 1008 338 53 1009 337 53 1010 287 114 1011 338 114 1012 312 114 1013 314 53 1014 339 53 1015 313 53 1016 314 115 1017 341 115 1018 340 115 1019 316 116 1020 341 116 1021 315 116 1022 317 117 1023 342 117 1024 316 117 1025 317 118 1026 344 118 1027 343 118 1028 319 53 1029 344 53 1030 318 53 1031 320 53 1032 345 53 1033 319 53 1034 320 119 1035 347 119 1036 346 119 1037 321 53 1038 348 53 1039 347 53 1040 322 120 1041 349 120 1042 348 120 1043 324 121 1044 349 121 1045 323 121 1046 324 122 1047 351 122 1048 350 122 1049 326 123 1050 351 123 1051 325 123 1052 326 53 1053 353 53 1054 352 53 1055 328 79 1056 353 79 1057 327 79 1058 328 124 1059 355 124 1060 354 124 1061 330 53 1062 355 53 1063 329 53 1064 330 125 1065 357 125 1066 356 125 1067 332 126 1068 357 126 1069 331 126 1070 332 127 1071 359 127 1072 358 127 1073 334 53 1074 359 53 1075 333 53 1076 334 128 1077 361 128 1078 360 128 1079 336 129 1080 361 129 1081 335 129 1082 337 53 1083 362 53 1084 336 53 1085 337 130 1086 364 130 1087 363 130 1088 313 53 1089 364 53 1090 338 53 1091 365 53 1092 339 53 1093 340 53 1094 365 131 1095 340 131 1096 341 131 1097 365 132 1098 341 132 1099 342 132 1100 365 133 1101 342 133 1102 343 133 1103 365 134 1104 343 134 1105 344 134 1106 365 135 1107 344 135 1108 345 135 1109 365 53 1110 345 53 1111 346 53 1112 365 136 1113 346 136 1114 347 136 1115 365 137 1116 347 137 1117 348 137 1118 365 138 1119 348 138 1120 349 138 1121 365 139 1122 349 139 1123 350 139 1124 365 130 1125 350 130 1126 351 130 1127 365 53 1128 351 53 1129 352 53 1130 365 53 1131 352 53 1132 353 53 1133 365 140 1134 353 140 1135 354 140 1136 365 123 1137 354 123 1138 355 123 1139 365 53 1140 355 53 1141 356 53 1142 365 141 1143 356 141 1144 357 141 1145 365 142 1146 357 142 1147 358 142 1148 365 143 1149 358 143 1150 359 143 1151 365 53 1152 359 53 1153 360 53 1154 365 144 1155 360 144 1156 361 144 1157 365 145 1158 361 145 1159 362 145 1160 365 146 1161 362 146 1162 363 146 1163 365 147 1164 363 147 1165 364 147 1166 365 53 1167 364 53 1168 339 53 1169 2 0 1170 28 0 1171 27 0 1172 2 0 1173 3 0 1174 29 0 1175 3 0 1176 4 0 1177 30 0 1178 4 0 1179 5 0 1180 31 0 1181 6 0 1182 32 0 1183 31 0 1184 7 0 1185 33 0 1186 32 0 1187 8 0 1188 34 0 1189 33 0 1190 8 0 1191 9 0 1192 35 0 1193 10 0 1194 36 0 1195 35 0 1196 11 0 1197 37 0 1198 36 0 1199 11 0 1200 12 0 1201 38 0 1202 13 0 1203 39 0 1204 38 0 1205 13 0 1206 14 0 1207 40 0 1208 14 0 1209 15 0 1210 41 0 1211 16 0 1212 42 0 1213 41 0 1214 17 0 1215 43 0 1216 42 0 1217 17 0 1218 18 0 1219 44 0 1220 18 0 1221 19 0 1222 45 0 1223 20 0 1224 46 0 1225 45 0 1226 21 0 1227 47 0 1228 46 0 1229 21 0 1230 22 0 1231 48 0 1232 23 0 1233 49 0 1234 48 0 1235 23 0 1236 24 0 1237 50 0 1238 24 0 1239 25 0 1240 51 0 1241 26 0 1242 52 0 1243 51 0 1244 1 0 1245 27 0 1246 52 0 1247 27 0 1248 28 0 1249 54 0 1250 29 0 1251 55 0 1252 54 0 1253 29 0 1254 30 0 1255 56 0 1256 30 0 1257 31 0 1258 57 0 1259 32 0 1260 58 0 1261 57 0 1262 33 0 1263 59 0 1264 58 0 1265 34 0 1266 60 0 1267 59 0 1268 34 0 1269 35 0 1270 61 0 1271 36 0 1272 62 0 1273 61 0 1274 37 0 1275 63 0 1276 62 0 1277 37 0 1278 38 0 1279 64 0 1280 39 0 1281 65 0 1282 64 0 1283 39 0 1284 40 0 1285 66 0 1286 40 0 1287 41 0 1288 67 0 1289 42 0 1290 68 0 1291 67 0 1292 43 0 1293 69 0 1294 68 0 1295 43 0 1296 44 0 1297 70 0 1298 45 0 1299 71 0 1300 70 0 1301 45 0 1302 46 0 1303 72 0 1304 47 0 1305 73 0 1306 72 0 1307 47 0 1308 48 0 1309 74 0 1310 49 0 1311 75 0 1312 74 0 1313 49 0 1314 50 0 1315 76 0 1316 50 0 1317 51 0 1318 77 0 1319 52 0 1320 78 0 1321 77 0 1322 52 0 1323 27 0 1324 53 0 1325 53 0 1326 54 0 1327 80 0 1328 55 0 1329 81 0 1330 80 0 1331 55 0 1332 56 0 1333 82 0 1334 56 0 1335 57 0 1336 83 0 1337 58 0 1338 84 0 1339 83 0 1340 59 0 1341 85 0 1342 84 0 1343 60 0 1344 86 0 1345 85 0 1346 60 0 1347 61 0 1348 87 0 1349 62 0 1350 88 0 1351 87 0 1352 63 0 1353 89 0 1354 88 0 1355 63 0 1356 64 0 1357 90 0 1358 65 0 1359 91 0 1360 90 0 1361 65 0 1362 66 0 1363 92 0 1364 66 0 1365 67 0 1366 93 0 1367 68 0 1368 94 0 1369 93 0 1370 69 0 1371 95 0 1372 94 0 1373 69 0 1374 70 0 1375 96 0 1376 70 0 1377 71 0 1378 97 0 1379 71 0 1380 72 0 1381 98 0 1382 73 0 1383 99 0 1384 98 0 1385 73 0 1386 74 0 1387 100 0 1388 75 0 1389 101 0 1390 100 0 1391 75 0 1392 76 0 1393 102 0 1394 76 0 1395 77 0 1396 103 0 1397 78 0 1398 104 0 1399 103 0 1400 78 0 1401 53 0 1402 79 0 1403 80 0 1404 106 0 1405 105 0 1406 81 0 1407 107 0 1408 106 0 1409 81 0 1410 82 0 1411 108 0 1412 82 0 1413 83 0 1414 109 0 1415 84 0 1416 110 0 1417 109 0 1418 84 0 1419 85 0 1420 111 0 1421 86 0 1422 112 0 1423 111 0 1424 87 0 1425 113 0 1426 112 0 1427 88 0 1428 114 0 1429 113 0 1430 89 0 1431 115 0 1432 114 0 1433 89 0 1434 90 0 1435 116 0 1436 91 0 1437 117 0 1438 116 0 1439 91 0 1440 92 0 1441 118 0 1442 92 0 1443 93 0 1444 119 0 1445 94 0 1446 120 0 1447 119 0 1448 95 0 1449 121 0 1450 120 0 1451 95 0 1452 96 0 1453 122 0 1454 97 0 1455 123 0 1456 122 0 1457 97 0 1458 98 0 1459 124 0 1460 99 0 1461 125 0 1462 124 0 1463 99 0 1464 100 0 1465 126 0 1466 101 0 1467 127 0 1468 126 0 1469 101 0 1470 102 0 1471 128 0 1472 102 0 1473 103 0 1474 129 0 1475 104 0 1476 130 0 1477 129 0 1478 104 0 1479 79 0 1480 105 0 1481 105 0 1482 106 0 1483 132 0 1484 107 0 1485 133 0 1486 132 0 1487 107 0 1488 108 0 1489 134 0 1490 108 0 1491 109 0 1492 135 0 1493 110 0 1494 136 0 1495 135 0 1496 111 0 1497 137 0 1498 136 0 1499 112 0 1500 138 0 1501 137 0 1502 112 0 1503 113 0 1504 139 0 1505 114 0 1506 140 0 1507 139 0 1508 115 0 1509 141 0 1510 140 0 1511 115 0 1512 116 0 1513 142 0 1514 117 0 1515 143 0 1516 142 0 1517 117 0 1518 118 0 1519 144 0 1520 118 0 1521 119 0 1522 145 0 1523 120 0 1524 146 0 1525 145 0 1526 121 0 1527 147 0 1528 146 0 1529 121 0 1530 122 0 1531 148 0 1532 123 0 1533 149 0 1534 148 0 1535 123 0 1536 124 0 1537 150 0 1538 125 0 1539 151 0 1540 150 0 1541 125 0 1542 126 0 1543 152 0 1544 127 0 1545 153 0 1546 152 0 1547 127 0 1548 128 0 1549 154 0 1550 128 0 1551 129 0 1552 155 0 1553 130 0 1554 156 0 1555 155 0 1556 105 0 1557 131 0 1558 156 0 1559 132 0 1560 158 0 1561 157 0 1562 133 0 1563 159 0 1564 158 0 1565 134 0 1566 160 0 1567 159 0 1568 134 0 1569 135 0 1570 161 0 1571 136 0 1572 162 0 1573 161 0 1574 137 0 1575 163 0 1576 162 0 1577 138 0 1578 164 0 1579 163 0 1580 138 0 1581 139 0 1582 165 0 1583 140 0 1584 166 0 1585 165 0 1586 141 0 1587 167 0 1588 166 0 1589 141 0 1590 142 0 1591 168 0 1592 143 0 1593 169 0 1594 168 0 1595 143 0 1596 144 0 1597 170 0 1598 145 0 1599 171 0 1600 170 0 1601 145 0 1602 146 0 1603 172 0 1604 147 0 1605 173 0 1606 172 0 1607 147 0 1608 148 0 1609 174 0 1610 148 0 1611 149 0 1612 175 0 1613 149 0 1614 150 0 1615 176 0 1616 151 0 1617 177 0 1618 176 0 1619 151 0 1620 152 0 1621 178 0 1622 153 0 1623 179 0 1624 178 0 1625 153 0 1626 154 0 1627 180 0 1628 154 0 1629 155 0 1630 181 0 1631 156 0 1632 182 0 1633 181 0 1634 156 0 1635 131 0 1636 157 0 1637 158 1 1638 184 5 1639 183 2 1640 159 4 1641 185 7 1642 184 5 1643 160 6 1644 186 9 1645 185 7 1646 161 8 1647 187 11 1648 186 9 1649 162 10 1650 188 13 1651 187 11 1652 163 12 1653 189 15 1654 188 13 1655 164 14 1656 190 17 1657 189 15 1658 165 16 1659 191 19 1660 190 17 1661 166 18 1662 192 21 1663 191 19 1664 167 20 1665 193 23 1666 192 21 1667 168 22 1668 194 25 1669 193 23 1670 169 24 1671 195 27 1672 194 25 1673 170 26 1674 196 29 1675 195 27 1676 171 28 1677 197 31 1678 196 29 1679 172 30 1680 198 33 1681 197 31 1682 173 32 1683 199 35 1684 198 33 1685 174 34 1686 200 37 1687 199 35 1688 175 36 1689 201 39 1690 200 37 1691 176 38 1692 202 41 1693 201 39 1694 177 40 1695 203 43 1696 202 41 1697 178 42 1698 204 45 1699 203 43 1700 179 44 1701 205 47 1702 204 45 1703 180 46 1704 206 49 1705 205 47 1706 181 48 1707 207 51 1708 206 49 1709 182 50 1710 208 52 1711 207 51 1712 157 3 1713 183 2 1714 208 52 1715 183 148 1716 184 148 1717 210 148 1718 184 53 1719 185 53 1720 211 53 1721 186 53 1722 212 53 1723 211 53 1724 187 53 1725 213 53 1726 212 53 1727 187 53 1728 188 53 1729 214 53 1730 188 53 1731 189 53 1732 215 53 1733 190 53 1734 216 53 1735 215 53 1736 191 53 1737 217 53 1738 216 53 1739 191 53 1740 192 53 1741 218 53 1742 192 149 1743 193 149 1744 219 149 1745 194 53 1746 220 53 1747 219 53 1748 194 150 1749 195 150 1750 221 150 1751 196 151 1752 222 151 1753 221 151 1754 196 152 1755 197 152 1756 223 152 1757 198 153 1758 224 153 1759 223 153 1760 198 154 1761 199 154 1762 225 154 1763 200 53 1764 226 53 1765 225 53 1766 201 76 1767 227 76 1768 226 76 1769 202 155 1770 228 155 1771 227 155 1772 202 53 1773 203 53 1774 229 53 1775 204 156 1776 230 156 1777 229 156 1778 204 157 1779 205 157 1780 231 157 1781 205 53 1782 206 53 1783 232 53 1784 207 53 1785 233 53 1786 232 53 1787 207 158 1788 208 158 1789 234 158 1790 183 53 1791 209 53 1792 234 53 1793 209 53 1794 210 53 1795 236 53 1796 210 53 1797 211 53 1798 237 53 1799 212 53 1800 238 53 1801 237 53 1802 213 159 1803 239 159 1804 238 159 1805 213 53 1806 214 53 1807 240 53 1808 214 53 1809 215 53 1810 241 53 1811 216 53 1812 242 53 1813 241 53 1814 217 53 1815 243 53 1816 242 53 1817 217 160 1818 218 160 1819 244 160 1820 218 53 1821 219 53 1822 245 53 1823 220 53 1824 246 53 1825 245 53 1826 220 66 1827 221 66 1828 247 66 1829 222 161 1830 248 161 1831 247 161 1832 223 65 1833 249 65 1834 248 65 1835 224 162 1836 250 162 1837 249 162 1838 224 53 1839 225 53 1840 251 53 1841 226 53 1842 252 53 1843 251 53 1844 226 53 1845 227 53 1846 253 53 1847 227 53 1848 228 53 1849 254 53 1850 228 53 1851 229 53 1852 255 53 1853 230 53 1854 256 53 1855 255 53 1856 230 53 1857 231 53 1858 257 53 1859 232 53 1860 258 53 1861 257 53 1862 233 67 1863 259 67 1864 258 67 1865 233 163 1866 234 163 1867 260 163 1868 209 53 1869 235 53 1870 260 53 1871 235 164 1872 236 164 1873 262 164 1874 236 73 1875 237 73 1876 263 73 1877 238 53 1878 264 53 1879 263 53 1880 239 165 1881 265 165 1882 264 165 1883 239 53 1884 240 53 1885 266 53 1886 241 165 1887 267 165 1888 266 165 1889 242 53 1890 268 53 1891 267 53 1892 242 166 1893 243 166 1894 269 166 1895 243 53 1896 244 53 1897 270 53 1898 245 53 1899 271 53 1900 270 53 1901 246 165 1902 272 165 1903 271 165 1904 246 53 1905 247 53 1906 273 53 1907 248 167 1908 274 167 1909 273 167 1910 249 53 1911 275 53 1912 274 53 1913 249 53 1914 250 53 1915 276 53 1916 250 168 1917 251 168 1918 277 168 1919 252 53 1920 278 53 1921 277 53 1922 252 53 1923 253 53 1924 279 53 1925 254 53 1926 280 53 1927 279 53 1928 255 73 1929 281 73 1930 280 73 1931 256 53 1932 282 53 1933 281 53 1934 256 53 1935 257 53 1936 283 53 1937 258 169 1938 284 169 1939 283 169 1940 259 53 1941 285 53 1942 284 53 1943 259 170 1944 260 170 1945 286 170 1946 235 53 1947 261 53 1948 286 53 1949 261 53 1950 262 53 1951 288 53 1952 262 53 1953 263 53 1954 289 53 1955 264 100 1956 290 100 1957 289 100 1958 265 53 1959 291 53 1960 290 53 1961 265 116 1962 266 116 1963 292 116 1964 267 171 1965 293 171 1966 292 171 1967 268 53 1968 294 53 1969 293 53 1970 268 172 1971 269 172 1972 295 172 1973 269 53 1974 270 53 1975 296 53 1976 270 53 1977 271 53 1978 297 53 1979 272 173 1980 298 173 1981 297 173 1982 272 174 1983 273 174 1984 299 174 1985 274 53 1986 300 53 1987 299 53 1988 274 175 1989 275 175 1990 301 175 1991 276 53 1992 302 53 1993 301 53 1994 276 97 1995 277 97 1996 303 97 1997 278 53 1998 304 53 1999 303 53 2000 279 176 2001 305 176 2002 304 176 2003 280 177 2004 306 177 2005 305 177 2006 281 178 2007 307 178 2008 306 178 2009 282 179 2010 308 179 2011 307 179 2012 282 180 2013 283 180 2014 309 180 2015 284 53 2016 310 53 2017 309 53 2018 285 102 2019 311 102 2020 310 102 2021 285 53 2022 286 53 2023 312 53 2024 261 53 2025 287 53 2026 312 53 2027 287 181 2028 288 181 2029 314 181 2030 288 53 2031 289 53 2032 315 53 2033 290 182 2034 316 182 2035 315 182 2036 291 183 2037 317 183 2038 316 183 2039 291 53 2040 292 53 2041 318 53 2042 293 184 2043 319 184 2044 318 184 2045 294 53 2046 320 53 2047 319 53 2048 294 53 2049 295 53 2050 321 53 2051 295 185 2052 296 185 2053 322 185 2054 296 100 2055 297 100 2056 323 100 2057 298 186 2058 324 186 2059 323 186 2060 298 53 2061 299 53 2062 325 53 2063 300 53 2064 326 53 2065 325 53 2066 300 181 2067 301 181 2068 327 181 2069 302 83 2070 328 83 2071 327 83 2072 302 63 2073 303 63 2074 329 63 2075 304 129 2076 330 129 2077 329 129 2078 304 187 2079 305 187 2080 331 187 2081 306 188 2082 332 188 2083 331 188 2084 307 189 2085 333 189 2086 332 189 2087 307 53 2088 308 53 2089 334 53 2090 308 53 2091 309 53 2092 335 53 2093 310 53 2094 336 53 2095 335 53 2096 311 53 2097 337 53 2098 336 53 2099 311 190 2100 312 190 2101 338 190 2102 287 53 2103 313 53 2104 338 53 2105 314 191 2106 340 191 2107 339 191 2108 314 192 2109 315 192 2110 341 192 2111 316 193 2112 342 193 2113 341 193 2114 317 194 2115 343 194 2116 342 194 2117 317 53 2118 318 53 2119 344 53 2120 319 195 2121 345 195 2122 344 195 2123 320 53 2124 346 53 2125 345 53 2126 320 53 2127 321 53 2128 347 53 2129 321 53 2130 322 53 2131 348 53 2132 322 196 2133 323 196 2134 349 196 2135 324 197 2136 350 197 2137 349 197 2138 324 53 2139 325 53 2140 351 53 2141 326 53 2142 352 53 2143 351 53 2144 326 53 2145 327 53 2146 353 53 2147 328 198 2148 354 198 2149 353 198 2150 328 199 2151 329 199 2152 355 199 2153 330 53 2154 356 53 2155 355 53 2156 330 53 2157 331 53 2158 357 53 2159 332 200 2160 358 200 2161 357 200 2162 332 53 2163 333 53 2164 359 53 2165 334 53 2166 360 53 2167 359 53 2168 334 53 2169 335 53 2170 361 53 2171 336 201 2172 362 201 2173 361 201 2174 337 202 2175 363 202 2176 362 202 2177 337 203 2178 338 203 2179 364 203 2180 313 53 2181 339 53 2182 364 53 2183</p>
        </triangles>
      </mesh>
    </geometry>
    <geometry id="Örüntü_004-mesh" name="Örüntü.004">
      <mesh>
        <source id="Örüntü_004-mesh-positions">
          <float_array id="Örüntü_004-mesh-positions-array" count="1482">5 0 0 4.854709 1.196578 0 4.42728 2.323616 0 3.742554 3.315613 0 2.840323 4.114919 0 1.773024 4.675081 0 0.6026834 4.963544 0 -0.6026833 4.963544 0 -1.773024 4.675081 0 -2.840323 4.11492 0 -3.742554 3.315613 0 -4.42728 2.323615 0 -4.85471 1.196577 0 -5 -1.62921e-6 0 -4.854709 -1.19658 0 -4.427279 -2.323618 0 -3.742552 -3.315616 0 -2.840321 -4.114922 0 -1.773021 -4.675083 0 -0.6026788 -4.963545 0 0.6026884 -4.963544 0 1.77303 -4.675079 0 2.840329 -4.114916 0 3.742558 -3.315608 0 4.427283 -2.32361 0 4.854711 -1.196571 0 5 0 34.89522 4.854709 1.196578 34.89522 4.42728 2.323616 34.89522 3.742554 3.315613 34.89522 2.840323 4.114919 34.89522 1.773024 4.675081 34.89522 0.6026834 4.963544 34.89522 -0.6026833 4.963544 34.89522 -1.773024 4.675081 34.89522 -2.840323 4.11492 34.89522 -3.742554 3.315613 34.89522 -4.42728 2.323615 34.89522 -4.85471 1.196577 34.89522 -5 -1.62921e-6 34.89522 -4.854709 -1.19658 34.89522 -4.427279 -2.323618 34.89522 -3.742552 -3.315616 34.89522 -2.840321 -4.114922 34.89522 -1.773021 -4.675083 34.89522 -0.6026788 -4.963545 34.89522 0.6026884 -4.963544 34.89522 1.77303 -4.675079 34.89522 2.840329 -4.114916 34.89522 3.742558 -3.315608 34.89522 4.427283 -2.32361 34.89522 4.854711 -1.196571 34.89522 5 0 83.33334 4.854709 1.196578 83.33334 4.42728 2.323616 83.33334 3.742554 3.315613 83.33334 2.840323 4.114919 83.33334 1.773024 4.675081 83.33334 0.6026834 4.963544 83.33334 -0.6026833 4.963544 83.33334 -1.773024 4.675081 83.33334 -2.840323 4.11492 83.33334 -3.742554 3.315613 83.33334 -4.42728 2.323615 83.33334 -4.85471 1.196577 83.33334 -5 -1.62921e-6 83.33334 -4.854709 -1.19658 83.33334 -4.427279 -2.323618 83.33334 -3.742552 -3.315616 83.33334 -2.840321 -4.114922 83.33334 -1.773021 -4.675083 83.33334 -0.6026788 -4.963545 83.33334 0.6026884 -4.963544 83.33334 1.77303 -4.675079 83.33334 2.840329 -4.114916 83.33334 3.742558 -3.315608 83.33334 4.427283 -2.32361 83.33334 4.854711 -1.196571 83.33334 5 0 125 4.854709 1.196578 125 4.42728 2.323616 125 3.742554 3.315613 125 2.840323 4.114919 125 1.773024 4.675081 125 0.6026834 4.963544 125 -0.6026833 4.963544 125 -1.773024 4.675081 125 -2.840323 4.11492 125 -3.742554 3.315613 125 -4.42728 2.323615 125 -4.85471 1.196577 125 -5 -1.62921e-6 125 -4.854709 -1.19658 125 -4.427279 -2.323618 125 -3.742552 -3.315616 125 -2.840321 -4.114922 125 -1.773021 -4.675083 125 -0.6026788 -4.963545 125 0.6026884 -4.963544 125 1.77303 -4.675079 125 2.840329 -4.114916 125 3.742558 -3.315608 125 4.427283 -2.32361 125 4.854711 -1.196571 125 5 0 166.6667 4.854709 1.196578 166.6667 4.42728 2.323616 166.6667 3.742554 3.315613 166.6667 2.840323 4.114919 166.6667 1.773024 4.675081 166.6667 0.6026834 4.963544 166.6667 -0.6026833 4.963544 166.6667 -1.773024 4.675081 166.6667 -2.840323 4.11492 166.6667 -3.742554 3.315613 166.6667 -4.42728 2.323615 166.6667 -4.85471 1.196577 166.6667 -5 -1.62921e-6 166.6667 -4.854709 -1.19658 166.6667 -4.427279 -2.323618 166.6667 -3.742552 -3.315616 166.6667 -2.840321 -4.114922 166.6667 -1.773021 -4.675083 166.6667 -0.6026788 -4.963545 166.6667 0.6026884 -4.963544 166.6667 1.77303 -4.675079 166.6667 2.840329 -4.114916 166.6667 3.742558 -3.315608 166.6667 4.427283 -2.32361 166.6667 4.854711 -1.196571 166.6667 5 0 208.3333 4.854709 1.196578 208.3333 4.42728 2.323616 208.3333 3.742554 3.315613 208.3333 2.840323 4.114919 208.3333 1.773024 4.675081 208.3333 0.6026834 4.963544 208.3333 -0.6026833 4.963544 208.3333 -1.773024 4.675081 208.3333 -2.840323 4.11492 208.3333 -3.742554 3.315613 208.3333 -4.42728 2.323615 208.3333 -4.85471 1.196577 208.3333 -5 -1.62921e-6 208.3333 -4.854709 -1.19658 208.3333 -4.427279 -2.323618 208.3333 -3.742552 -3.315616 208.3333 -2.840321 -4.114922 208.3333 -1.773021 -4.675083 208.3333 -0.6026788 -4.963545 208.3333 0.6026884 -4.963544 208.3333 1.77303 -4.675079 208.3333 2.840329 -4.114916 208.3333 3.742558 -3.315608 208.3333 4.427283 -2.32361 208.3333 4.854711 -1.196571 208.3333 5 0 250 4.854709 1.196578 250 4.42728 2.323616 250 3.742554 3.315613 250 2.840323 4.114919 250 1.773024 4.675081 250 0.6026834 4.963544 250 -0.6026833 4.963544 250 -1.773024 4.675081 250 -2.840323 4.11492 250 -3.742554 3.315613 250 -4.42728 2.323615 250 -4.85471 1.196577 250 -5 -1.62921e-6 250 -4.854709 -1.19658 250 -4.427279 -2.323618 250 -3.742552 -3.315616 250 -2.840321 -4.114922 250 -1.773021 -4.675083 250 -0.6026788 -4.963545 250 0.6026884 -4.963544 250 1.77303 -4.675079 250 2.840329 -4.114916 250 3.742558 -3.315608 250 4.427283 -2.32361 250 4.854711 -1.196571 250 9.029385 -5.20837e-5 0 8.766983 2.160923 0 7.995117 4.196161 0 6.758586 5.987586 0 5.129319 7.431008 0 3.201809 8.442629 0 1.088371 8.963545 0 -1.088371 8.963544 0 -3.201861 8.442616 0 -5.129271 7.431034 0 -6.758587 5.987585 0 -7.995099 4.196211 0 -8.767009 2.160816 0 -9.029379 -3.24641e-6 0 -8.767004 -2.160875 0 -7.995116 -4.196166 0 -6.758584 -5.98759 0 -5.129266 -7.431037 0 -3.201907 -8.442605 0 -1.088309 -8.963545 0 1.08838 -8.963544 0 3.201871 -8.442612 0 5.129281 -7.431026 0 6.758595 -5.987577 0 7.995124 -4.196151 0 8.767004 -2.16086 0 8.511734 2.098005 34.89522 8.766469 -4.86852e-5 34.89522 8.511738 -2.097943 34.89522 7.762332 -4.073973 34.89522 6.561806 -5.813238 34.89522 4.979933 -7.214659 34.89522 3.108643 -8.196792 34.89522 1.05669 -8.702555 34.89522 -1.056625 -8.702569 34.89522 -3.108672 -8.196774 34.89522 -4.979919 -7.214669 34.89522 -6.561796 -5.81325 34.89522 -7.762324 -4.073987 34.89522 -8.511734 -2.097958 34.89522 -8.766473 -3.1409e-6 34.89522 -8.511754 2.097905 34.89522 -7.762297 4.074024 34.89522 -6.561799 5.813246 34.89522 -4.979923 7.214666 34.89522 -3.108633 8.196795 34.89522 -1.056681 8.702556 34.89522 1.056681 8.702555 34.89522 3.10859 8.196824 34.89522 4.979961 7.214632 34.89522 6.561798 5.813247 34.89522 7.762326 4.073983 34.89522 5 0 257 4.854709 1.196578 257 4.42728 2.323616 257 3.742554 3.315613 257 2.840323 4.114919 257 1.773024 4.675081 257 0.6026834 4.963544 257 -0.6026833 4.963544 257 -1.773024 4.675081 257 -2.840323 4.11492 257 -3.742554 3.315613 257 -4.42728 2.323615 257 -4.85471 1.196577 257 -5 -1.62921e-6 257 -4.854709 -1.19658 257 -4.427279 -2.323618 257 -3.742552 -3.315616 257 -2.840321 -4.114922 257 -1.773021 -4.675083 257 -0.6026788 -4.963545 257 0.6026884 -4.963544 257 1.77303 -4.675079 257 2.840329 -4.114916 257 3.742558 -3.315608 257 4.427283 -2.32361 257 4.854711 -1.196571 257 6.51102 -1.95314e-5 250 6.321812 1.558207 250 5.765219 3.025821 250 4.873566 4.317604 250 3.698697 5.358452 250 2.308819 6.087912 250 0.7848164 6.463544 250 -0.7848163 6.463544 250 -2.308838 6.087907 250 -3.698679 5.358462 250 -4.873567 4.317603 250 -5.765213 3.025839 250 -6.321822 1.558167 250 -6.511017 -2.23566e-6 250 -6.321818 -1.558191 250 -5.765218 -3.025824 250 -4.873564 -4.317606 250 -3.698675 -5.358465 250 -2.308853 -6.087903 250 -0.7847902 -6.463545 250 0.7848228 -6.463544 250 2.308845 -6.087904 250 3.698686 -5.358458 250 4.873572 -4.317597 250 5.765223 -3.025812 250 6.321821 -1.558179 250 6.321816 1.558209 255 6.511014 -1.95313e-5 255 6.321821 -1.558179 255 5.765223 -3.025812 255 4.873572 -4.317597 255 3.698686 -5.358458 255 2.308845 -6.087904 255 0.7848228 -6.463544 255 -0.7847908 -6.46355 255 -2.308851 -6.087899 255 -3.698675 -5.358465 255 -4.873564 -4.317606 255 -5.765218 -3.025823 255 -6.321818 -1.558191 255 -6.511017 -2.23566e-6 255 -6.321827 1.558168 255 -5.765208 3.025836 255 -4.873567 4.317603 255 -3.698679 5.358462 255 -2.308838 6.087907 255 -0.7848163 6.463544 255 0.7848164 6.463544 255 2.30882 6.087916 255 3.698694 5.358448 255 4.873566 4.317604 255 5.765219 3.025821 255 5.50367 -1.84086e-5 257 5.343743 1.317135 257 4.873261 2.557683 257 4.119557 3.64961 257 3.126456 4.529421 257 1.951611 5.146032 257 0.6633961 5.463544 257 -0.6633943 5.463544 257 -1.951629 5.146023 257 -3.126442 4.529434 257 -4.119558 3.64961 257 -4.87325 2.557699 257 -5.343753 1.317095 257 -5.503673 -2.20807e-7 257 -5.343745 -1.317117 257 -4.873259 -2.557686 257 -4.119556 -3.649612 257 -3.126439 -4.529436 257 -1.951641 -5.146016 257 -0.6633695 -5.463549 257 0.6633984 -5.463544 257 1.951635 -5.146021 257 3.126448 -4.52943 257 4.119563 -3.649605 257 4.873263 -2.557677 257 5.343748 -1.317107 257 9.029384 -5.20143e-5 7.569026 8.766983 2.160923 7.569026 7.995118 4.196161 7.569026 6.758585 5.987586 7.569026 5.129319 7.431007 7.569026 3.20181 8.44263 7.569026 1.088371 8.963546 7.569026 -1.088371 8.963544 7.569026 -3.201861 8.442616 7.569026 -5.129271 7.431034 7.569026 -6.758586 5.987585 7.569026 -7.995098 4.19621 7.569026 -8.76701 2.160816 7.569026 -9.02938 -3.17716e-6 7.569026 -8.767004 -2.160875 7.569026 -7.995116 -4.196166 7.569026 -6.758584 -5.98759 7.569026 -5.129265 -7.431036 7.569026 -3.201907 -8.442605 7.569026 -1.088309 -8.963546 7.569026 1.08838 -8.963545 7.569026 3.201871 -8.442612 7.569026 5.129281 -7.431026 7.569026 6.758595 -5.987577 7.569026 7.995124 -4.196151 7.569026 8.767004 -2.16086 7.569026 8.766994 2.160925 34.09764 9.029376 -5.2153e-5 34.09764 8.767005 -2.16086 34.09764 7.995124 -4.196151 34.09764 6.758594 -5.987576 34.09764 5.129281 -7.431026 34.09764 3.201871 -8.442613 34.09764 1.08838 -8.963543 34.09764 -1.088311 -8.963562 34.09764 -3.201903 -8.442594 34.09764 -5.129267 -7.431037 34.09764 -6.758584 -5.987589 34.09764 -7.995116 -4.196166 34.09764 -8.767004 -2.160875 34.09764 -9.029378 -3.31566e-6 34.09764 -8.767024 2.160819 34.09764 -7.995088 4.196206 34.09764 -6.758587 5.987586 34.09764 -5.129271 7.431034 34.09764 -3.201861 8.442616 34.09764 -1.088371 8.963545 34.09764 1.088371 8.963543 34.09764 3.201814 8.442646 34.09764 5.129312 7.430997 34.09764 6.758586 5.987586 34.09764 7.995117 4.196162 34.09764 12.05142 -9.12043e-5 3.80768e-7 11.70121 2.884113 -3.92484e-7 10.671 5.600571 -1.68576e-7 9.020617 7.991558 2.68752e-7 6.846032 9.918095 2.64833e-7 4.273389 11.26829 -3.89779e-7 1.452676 11.96354 -3.83727e-7 -1.452638 11.96354 0 -4.273453 11.26828 0 -6.846012 9.918092 0 -9.020606 7.99157 2.68752e-7 -10.67098 5.600621 2.57052e-7 -11.70123 2.884027 -3.69703e-7 -12.05141 -4.76255e-6 -3.80767e-7 -11.70122 -2.884097 0 -10.67102 -5.600542 0 -9.02058 -7.991597 0 -6.846017 -9.9181 2.64834e-7 -4.273573 -11.26825 0 -1.452564 -11.96354 -3.77991e-7 1.45269 -11.96354 -3.77991e-7 4.27354 -11.26824 0 6.845963 -9.918137 0 9.020648 -7.991521 0 10.671 -5.600556 0 11.70122 -2.884085 3.69702e-7 8.788381 2.166197 7.569026 9.051424 -5.1721e-5 7.569026 8.788395 -2.166133 7.569026 8.014636 -4.206391 7.569026 6.775092 -6.002192 7.569026 5.141794 -7.449156 7.569026 3.209685 -8.463214 7.569026 1.091036 -8.985424 7.569026 -1.090965 -8.985424 7.569026 -3.209721 -8.463212 7.569026 -5.141781 -7.449169 7.569026 -6.77508 -6.002204 7.569026 -8.014622 -4.206403 7.569026 -8.788393 -2.166148 7.569026 -9.05142 -3.19274e-6 7.569026 -8.788403 2.166089 7.569026 -8.014616 4.206451 7.569026 -6.775078 6.002195 7.569026 -5.14179 7.449172 7.569026 -3.209673 8.463213 7.569026 -1.091027 8.985423 7.569026 1.091027 8.985415 7.569026 3.209621 8.463231 7.569026 5.141837 7.449143 7.569026 6.775077 6.002196 7.569026 8.01463 4.206401 7.569026 11.7012 2.88416 4.569026 12.05142 -4.32664e-5 4.569027 11.70122 -2.884085 4.569027 10.67101 -5.600556 4.569026 9.02065 -7.991525 4.569026 6.84596 -9.918132 4.569026 4.273518 -11.26825 4.569026 1.452666 -11.96354 4.569026 -1.452564 -11.96355 4.569026 -4.27355 -11.26825 4.569026 -6.845995 -9.91811 4.569027 -9.020586 -7.991601 4.569026 -10.67101 -5.600539 4.569026 -11.70122 -2.884097 4.569026 -12.05141 -5.09554e-6 4.569026 -11.70123 2.884028 4.569026 -10.67098 5.600622 4.569027 -9.020606 7.99157 4.569027 -6.846015 9.918097 4.569026 -4.273451 11.26828 4.569026 -1.452638 11.96354 4.569026 1.452628 11.96354 4.569026 4.273436 11.26827 4.569026 6.846032 9.918094 4.569027 9.020616 7.991558 4.569027 10.67099 5.600571 4.569026 8.767 2.160926 34.63232 9.029376 -5.21064e-5 34.63232 8.767004 -2.16086 34.63232 7.995124 -4.196151 34.63232 6.758594 -5.987576 34.63232 5.129281 -7.431026 34.63232 3.201871 -8.442613 34.63232 1.08838 -8.963544 34.63232 -1.088311 -8.963562 34.63232 -3.201903 -8.442594 34.63232 -5.129266 -7.431037 34.63232 -6.758584 -5.987589 34.63232 -7.995116 -4.196166 34.63232 -8.767004 -2.160875 34.63232 -9.029379 -3.26924e-6 34.63232 -8.767024 2.160819 34.63232 -7.995087 4.196205 34.63232 -6.758587 5.987585 34.63232 -5.129271 7.431034 34.63232 -3.201861 8.442616 34.63232 -1.088371 8.963545 34.63232 1.088371 8.963544 34.63232 3.201814 8.442646 34.63232 5.129312 7.430997 34.63232 6.758586 5.987586 34.63232 7.995118 4.196162 34.63232</float_array>
          <technique_common>
            <accessor source="#Örüntü_004-mesh-positions-array" count="494" stride="3">
              <param name="X" type="float"/>
              <param name="Y" type="float"/>
              <param name="Z" type="float"/>
            </accessor>
          </technique_common>
        </source>
        <source id="Örüntü_004-mesh-normals">
          <float_array id="Örüntü_004-mesh-normals-array" count="1209">0 0 -1 0.6777729 0 0.7352713 0.6580861 0.1621791 0.7352692 0.970945 0.2393028 0 1 0 0 0.6001374 0.3149623 0.7352782 0.8854585 0.4647185 0 0.5073194 0.4494552 0.7352668 0.7485129 0.6631203 0 0.3850026 0.5578037 0.7352742 0.5680589 0.822988 0 0.240339 0.6337319 0.7352694 0.3546027 0.9350171 0 0.08166998 0.6728314 0.7352742 0.1205182 0.9927111 0 -0.08166998 0.6728314 0.7352742 -0.1205182 0.9927111 0 -0.240339 0.6337319 0.7352694 -0.3546027 0.9350171 0 -0.3850026 0.5578037 0.7352742 -0.5680589 0.822988 0 -0.5073194 0.4494552 0.7352668 -0.7485129 0.6631203 0 -0.6001374 0.3149623 0.7352782 -0.8854585 0.4647185 0 -0.6580861 0.1621791 0.7352692 -0.970945 0.2393028 0 -0.6777729 0 0.7352713 -1 0 0 -0.6580687 -0.1621824 0.7352839 -0.970945 -0.2393028 0 -0.6001374 -0.3149623 0.7352782 -0.8854585 -0.4647185 0 -0.5073264 -0.4494308 0.7352768 -0.7485129 -0.6631203 0 -0.3850286 -0.5577971 0.7352655 -0.5680589 -0.822988 0 -0.240339 -0.6337319 0.7352694 -0.3546027 -0.9350171 0 -0.08166998 -0.6728314 0.7352742 -0.1205182 -0.9927111 0 0.08166998 -0.6728314 0.7352742 0.1205182 -0.9927111 0 0.240339 -0.6337319 0.7352694 0.3546027 -0.9350171 0 0.3850026 -0.5578037 0.7352742 0.5680589 -0.822988 0 0.5073194 -0.4494552 0.7352668 0.7485129 -0.6631203 0 0.6001569 -0.3149565 0.7352647 0.8854585 -0.4647185 0 0.6580861 -0.1621791 0.7352692 0.970945 -0.2393028 0 -0.6580861 -0.1621791 0.7352692 -0.5073194 -0.4494552 0.7352668 -0.3850026 -0.5578037 0.7352742 0.08170032 -0.6728298 0.7352724 0.6001374 -0.3149623 0.7352782 0.6580861 0.1621791 -0.7352692 0.6777729 0 -0.7352713 0.6001374 0.3149623 -0.7352782 0.5073194 0.4494552 -0.7352668 0.3850026 0.5578037 -0.7352742 0.240339 0.6337319 -0.7352694 0.08166998 0.6728314 -0.7352742 -0.08166998 0.6728314 -0.7352742 -0.240339 0.6337319 -0.7352694 -0.3850026 0.5578037 -0.7352742 -0.5073194 0.4494552 -0.7352668 -0.6001374 0.3149623 -0.7352782 -0.6580861 0.1621791 -0.7352692 -0.6777729 0 -0.7352713 -0.6580861 -0.1621791 -0.7352692 -0.6001374 -0.3149623 -0.7352782 -0.5073194 -0.4494552 -0.7352668 -0.3850026 -0.5578037 -0.7352742 -0.240339 -0.6337319 -0.7352694 -0.08166998 -0.6728314 -0.7352742 0.08166998 -0.6728314 -0.7352742 0.2403102 -0.6337366 -0.7352748 0.3850026 -0.5578037 -0.7352742 0.5073264 -0.4494308 -0.7352768 0.6001374 -0.3149623 -0.7352782 0.6580861 -0.1621791 -0.7352692 0 0 1 -8.77685e-5 0 1 -4.38842e-5 0 1 3.43982e-5 0 1 -3.434e-6 0 1 -1.75538e-4 0 1 4.58641e-5 0 1 1.75538e-4 0 1 -2.29321e-5 0 1 -5.48557e-6 0 1 1.05911e-6 0 1 8.7769e-5 0 1 -1.6552e-5 0 1 5.94828e-7 0 1 -4.82735e-7 0 1 -1.69284e-6 0 1 6.26271e-7 0 1 3.38566e-6 0 1 -1.93103e-6 0 1 6.77133e-6 0 1 -1.93103e-6 0 1 -3.86215e-6 0 1 -1.69283e-6 0 1 8.46416e-7 0 1 -9.65515e-7 0 1 1.40216e-6 0 1 -4.82758e-7 0 1 8.46414e-7 0 1 -1.76528e-6 0 1 -3.38567e-6 0 1 2.41367e-6 0 1 9.65539e-7 0 1 -1.93108e-6 0 1 9.65536e-7 0 1 0.7323368 0 -0.6809427 0.7110479 0.175244 -0.6809555 0.9455358 0.2330421 0.2272741 0.9738307 0 0.227275 0.6484483 0.3403232 -0.6809516 0.8622824 0.4525655 0.2272746 0.5481587 0.4856244 -0.6809486 0.7289278 0.6457622 0.2272787 0.41601 0.6026973 -0.680949 0.5531989 0.8014456 0.2272797 0.2596909 0.6847368 -0.6809524 0.345327 0.9105461 0.2272779 0.08826148 0.7269974 -0.680944 0.1173774 0.9667304 0.2272774 -0.08826148 0.7269974 -0.680944 -0.1173774 0.9667304 0.2272774 -0.2596909 0.6847368 -0.6809524 -0.345327 0.9105461 0.2272779 -0.41601 0.6026973 -0.680949 -0.5531989 0.8014456 0.2272797 -0.5481587 0.4856244 -0.6809486 -0.7289278 0.6457622 0.2272787 -0.6484483 0.3403232 -0.6809516 -0.8622824 0.4525655 0.2272746 -0.7110479 0.175244 -0.6809555 -0.9455358 0.2330421 0.2272741 -0.7323368 0 -0.6809427 -0.9738307 0 0.227275 -0.7110479 -0.175244 -0.6809555 -0.9455358 -0.2330421 0.2272741 -0.6484483 -0.3403232 -0.6809516 -0.8622824 -0.4525655 0.2272746 -0.5481587 -0.4856244 -0.6809486 -0.7289278 -0.6457622 0.2272787 -0.41601 -0.6026973 -0.680949 -0.5531989 -0.8014456 0.2272797 -0.2596625 -0.6847423 -0.6809578 -0.345327 -0.9105461 0.2272779 -0.08826148 -0.7269974 -0.680944 -0.1173774 -0.9667304 0.2272774 0.08826148 -0.7269974 -0.680944 0.1173774 -0.9667304 0.2272774 0.2596625 -0.6847423 -0.6809578 0.345327 -0.9105461 0.2272779 0.41601 -0.6026973 -0.680949 0.5531989 -0.8014456 0.2272797 0.5481587 -0.4856244 -0.6809486 0.7289278 -0.6457622 0.2272787 0.6484483 -0.3403232 -0.6809516 0.8622824 -0.4525655 0.2272746 0.7110479 -0.175244 -0.6809555 0.9455358 -0.2330421 0.2272741 8.43939e-6 0 -1 0 0 -1 -6.48091e-6 0 -1 -1.29618e-5 0 -1 -2.59233e-5 0 -1 1.68787e-5 0 -1 1.68787e-5 0 -1 -1.29618e-5 0 -1 -1.68788e-5 0 -1 -1.07894e-6 0 -1 1.29618e-5 0 -1 -1.68787e-5 0 -1 8.28547e-7 0 -1 -1.68787e-5 0 -1 -1.29617e-5 0 -1 1.29617e-5 0 -1 -1.29617e-5 0 -1 2.59237e-5 0 -1 -3.37574e-5 0 -1 -2.59233e-5 0 -1 1.68787e-5 0 -1 1.29617e-5 0 -1 -3.37158e-5 0 -1 2.60694e-6 0 1 4.02508e-5 0 1 -2.53182e-5 0 1 -2.36839e-6 0 1 -1.2659e-5 0 1 2.30011e-5 0 1 5.06361e-5 0 1 1.15005e-5 0 1 -7.59542e-5 0 1 4.6002e-5 0 1 2.53181e-5 0 1 -2.3001e-5 0 1 2.3001e-5 0 1 -2.53181e-5 0 1 2.53181e-5 0 1 -4.60021e-5 0 1 -2.53181e-5 0 1 1.1538e-4 0 1 -6.90033e-5 0 1 8.86126e-5 0 1 -1.28172e-5 0 1 -5.06365e-5 0 1 1.15002e-5 0 1 -5.06362e-5 0 1 4.60027e-5 0 1 -2.5318e-5 0 1 4.60021e-5 0 1 -2.53181e-5 0 1 2.30011e-5 0 1 -2.30011e-5 0 1 2.30014e-5 0 1 1.2659e-5 0 1 4.60022e-5 0 1 5.69652e-5 0 1 -1.15007e-5 0 1 0.5364627 0.1322082 0.833504 0.552515 0 0.833503 0.4892222 0.2567577 0.8335089 0.4135633 0.3663809 0.833505 0.3138589 0.4547048 0.8335084 0.1959037 0.516601 0.8335139 0.06659233 0.5484868 0.8335034 -0.06659233 0.5484868 0.8335034 -0.195933 0.5165978 0.8335088 -0.3138589 0.4547048 0.8335084 -0.413538 0.3663855 0.8335156 -0.4892222 0.2567577 0.8335089 -0.5364409 0.1322104 0.8335176 -0.5524938 0 0.8335171 -0.5364627 -0.1322082 0.833504 -0.4892222 -0.2567577 0.8335089 -0.4135633 -0.3663809 0.833505 -0.3138589 -0.4547048 0.8335084 -0.1959037 -0.516601 0.8335139 -0.06659233 -0.5484868 0.8335034 0.06659233 -0.5484868 0.8335034 0.195933 -0.5165978 0.8335088 0.3138313 -0.4547091 0.8335164 0.4135633 -0.3663809 0.833505 0.4892222 -0.2567577 0.8335089 0.5364627 -0.1322082 0.833504 0.9010006 0.2220608 0.3726752 0.9279644 0 0.372669 0.8216739 0.4312392 0.3726724 0.6945867 0.6153588 0.3726701 0.5271269 0.7637113 0.3726694 0.3290585 0.867662 0.3726705 0.1118535 0.9211972 0.3726722 -0.1118535 0.9211972 0.3726722 -0.3290585 0.867662 0.3726705 -0.5271269 0.7637113 0.3726694 -0.6945867 0.6153588 0.3726701 -0.8216739 0.4312392 0.3726724 -0.9010064 0.2220547 0.3726651 -0.9279644 0 0.372669 -0.9010006 -0.2220608 0.3726752 -0.8216739 -0.4312392 0.3726724 -0.6945867 -0.6153588 0.3726701 -0.5271269 -0.7637113 0.3726694 -0.2596909 -0.6847368 -0.6809524 -0.3290585 -0.867662 0.3726705 -0.1118234 -0.9212003 0.3726735 0.1118535 -0.9211972 0.3726722 0.2596909 -0.6847368 -0.6809524 0.3290585 -0.867662 0.3726705 0.5271269 -0.7637113 0.3726694 0.6945867 -0.6153588 0.3726701 0.8216739 -0.4312392 0.3726724 0.9010006 -0.2220608 0.3726752 -0.1118535 -0.9211972 0.3726722 -0.9010006 0.2220608 0.3726752 0.1118234 0.9212003 0.3726735 0.5271612 0.7636864 0.3726721 -1.29874e-7 0 -1 1.25994e-7 -2.528e-7 -1 0 0 -1 -1.40905e-7 0 -1 0 0 -1 0 0 -1 0 0 -1 0 0 -1 0 0 -1 2.2781e-7 0 -1 0 -1.24192e-7 -1 0 -1.25407e-7 -1 -1.32078e-7 0 -1 0 0 -1 0 0 -1 0 0 -1 0 0 -1 0 0 -1 0 2.22798e-7 -1 1.25997e-7 0 -1 1.23254e-7 0 -1 1.25997e-7 0 -1 0 0 -1 0 0 -1 0 0 -1 0 1.22336e-7 -1 -1.22537e-7 0 -1 0 1.25997e-7 -1 0 1.25997e-7 -1 0 1.38135e-7 -1 0 0 -1 0 0 -1 1.25997e-7 0 -1 1.23254e-7 0 -1 -1.31289e-5 0 1 2.41903e-5 0 1 4.58568e-5 0 1 1.30979e-5 0 1 1.65855e-5 0 1 -5.77651e-6 0 1 -2.72202e-5 0 1 2.34136e-5 0 1 -1.25213e-6 0 1 -1.27974e-5 0 1 6.88545e-6 0 1 1.24907e-6 0 1 1.25161e-6 0 1 -6.86924e-6 0 1 -6.2585e-7 0 1 6.25776e-7 0 1 -8.11528e-6 0 1 -1.87785e-6 0 1 -6.243e-7 0 1 -9.69981e-6 0 1 -1.81091e-5 0 1 3.69385e-5 0 1 -3.02783e-5 0 1 5.79109e-6 0 1 -3.68485e-5 0 1 4.95234e-6 0 1 3.41938e-5 0 1 3.86538e-5 0 1 -4.94041e-6 0 1 6.25714e-7 0 1 1.40491e-6 0 1 1.2207e-5 0 1 -6.24231e-7 0 1 2.7535e-5 0 1 -1.21771e-5 0 1 -1.31476e-5 0 1 1.24856e-5 0 1 8.76054e-6 0 1 -6.87007e-6 0 1 6.24299e-7 0 1 8.76393e-6 0 1 -6.87062e-6 0 1 -6.88393e-6 0 1 1.24896e-6 0 1 1.22069e-5 0 1 -3.309e-5 0 1 2.34708e-5 0 1 -1.21767e-5 0 1 1.58023e-5 0 1 -2.34148e-5 0 1 0.3954084 0.09744817 0.9133214 0.4072482 0 0.9133176 0.3954084 -0.09744817 0.9133214 0.360587 -0.1892509 0.9133242 0.3048002 -0.2700383 0.9133325 0.231338 -0.335135 0.9133276 0.1443883 -0.3807627 0.91333 0.0490753 -0.4042611 0.9133262 -0.0490753 -0.4042611 0.9133262 -0.1443883 -0.3807627 0.91333 -0.231338 -0.335135 0.9133276 -0.3048279 -0.2700358 0.9133241 -0.360587 -0.1892509 0.9133242 -0.3953827 -0.09744936 0.9133325 -0.4072482 0 0.9133176 -0.3953827 0.09744936 0.9133325 -0.360587 0.1892509 0.9133242 -0.3048279 0.2700358 0.9133241 -0.2313092 0.3351374 0.9133341 -0.1444181 0.380761 0.913326 -0.0490753 0.4042611 0.9133262 0.0490753 0.4042611 0.9133262 0.1443883 0.3807627 0.91333 0.2313092 0.3351374 0.9133341 0.3048279 0.2700358 0.9133241 0.360587 0.1892509 0.9133242 0.4072228 0 0.913329 -0.3048002 -0.2700383 0.9133325 -0.4072114 0 0.913334 -0.3048002 0.2700383 0.9133325 -0.231338 0.335135 0.9133276 -0.1443883 0.3807627 0.91333 0.231338 0.335135 0.9133276</float_array>
          <technique_common>
            <accessor source="#Örüntü_004-mesh-normals-array" count="403" stride="3">
              <param name="X" type="float"/>
              <param name="Y" type="float"/>
              <param name="Z" type="float"/>
            </accessor>
          </technique_common>
        </source>
        <source id="Örüntü_004-mesh-map-0">
          <float_array id="Örüntü_004-mesh-map-0-array" count="5904">0.6730771 0 0.6346154 0 0.5961539 0 0.5961539 0 0.5576923 0 0.5192307 0 0.5192307 0 0.4807692 0 0.4423076 0 0.5961539 0 0.5192307 0 0.4423076 0 0.4423076 0 0.4038461 0 0.3653845 0 0.3653845 0 0.326923 0 0.2884615 0 0.4423076 0 0.3653845 0 0.2884615 0 0.5961539 0 0.4423076 0 0.2884615 0 0.2884615 0 0.25 0 0.2115384 0 0.2115384 0 0.1730769 0 0.1346154 0 0.2884615 0 0.2115384 0 0.1346154 0 0.1346154 0 0.09615391 0 0.05769217 0 0.05769217 0 0.0192309 0 -0.01923066 0 0.1346154 0 0.05769217 0 -0.01923066 0 0.2884615 0 0.1346154 0 -0.01923066 0 0.5961539 0 0.2884615 0 -0.01923066 0 -0.01923066 0 -0.05769217 0 -0.09615373 0 -0.09615373 0 -0.1346153 0 -0.1730768 0 -0.01923066 0 -0.09615373 0 -0.1730768 0 0.5961539 0 -0.01923066 0 -0.1730768 0 -0.1730768 0 -0.2115384 0 -0.25 0 0.5961539 0 -0.1730768 0 -0.25 0 0.6730771 0 0.5961539 0 -0.25 0 -0.2884613 0 0.6730771 0 -0.25 0 0.7499991 0.02945137 0.7884625 0.02945137 0.7884625 0.1326756 0.7884625 0.1326756 0.7499991 0.1326756 0.7499991 0.02945137 0.7884625 0.02945137 0.8269231 0.02945137 0.8269231 0.1326756 0.8269231 0.1326756 0.7884625 0.1326756 0.7884625 0.02945137 0.8269231 0.02945137 0.8653846 0.02945137 0.8653847 0.1326756 0.8653847 0.1326756 0.8269231 0.1326756 0.8269231 0.02945137 0.8653846 0.02945137 0.9038453 0.02945137 0.9038453 0.1326756 0.9038453 0.1326756 0.8653847 0.1326756 0.8653846 0.02945137 0.9038453 0.02945137 0.9423087 0.02945137 0.9423087 0.1326756 0.9423087 0.1326756 0.9038453 0.1326756 0.9038453 0.02945137 0.9423087 0.02945137 0.9807693 0.02945137 0.9807693 0.1326756 0.9807693 0.1326756 0.9423087 0.1326756 0.9423087 0.02945137 0.9807693 0.02945137 1.019231 0.02945137 1.019231 0.1326756 1.019231 0.1326756 0.9807693 0.1326756 0.9807693 0.02945137 0.01923084 0.02945137 0.05769217 0.02945137 0.05769217 0.1326756 0.05769217 0.1326756 0.01923084 0.1326756 0.01923084 0.02945137 0.05769217 0.02945137 0.09615385 0.02945137 0.09615385 0.1326756 0.09615385 0.1326756 0.05769217 0.1326756 0.05769217 0.02945137 0.09615385 0.02945137 0.1346154 0.02945137 0.1346154 0.1326756 0.1346154 0.1326756 0.09615385 0.1326756 0.09615385 0.02945137 0.1346154 0.02945137 0.173076 0.02945137 0.173076 0.1326756 0.173076 0.1326756 0.1346154 0.1326756 0.1346154 0.02945137 0.173076 0.02945137 0.2115394 0.02945137 0.2115394 0.1326756 0.2115394 0.1326756 0.173076 0.1326756 0.173076 0.02945137 0.2115394 0.02945137 0.25 0.02945137 0.25 0.1326756 0.25 0.1326756 0.2115394 0.1326756 0.2115394 0.02945137 0.25 0.02945137 0.2884615 0.02945137 0.2884615 0.1326756 0.2884615 0.1326756 0.25 0.1326756 0.25 0.02945137 0.2884615 0.02945137 0.3269231 0.02945137 0.3269231 0.1326756 0.3269231 0.1326756 0.2884615 0.1326756 0.2884615 0.02945137 0.3269231 0.02945137 0.3653846 0.02945137 0.3653846 0.1326756 0.3653846 0.1326756 0.3269231 0.1326756 0.3269231 0.02945137 0.3653846 0.02945137 0.4038462 0.02945137 0.4038462 0.1326756 0.4038462 0.1326756 0.3653846 0.1326756 0.3653846 0.02945137 0.4038462 0.02945137 0.4423068 0.02945137 0.4423068 0.1326756 0.4423068 0.1326756 0.4038462 0.1326756 0.4038462 0.02945137 0.4423068 0.02945137 0.4807702 0.02945137 0.4807702 0.1326756 0.4807702 0.1326756 0.4423068 0.1326756 0.4423068 0.02945137 0.4807702 0.02945137 0.5192308 0.02945137 0.5192308 0.1326756 0.5192308 0.1326756 0.4807702 0.1326756 0.4807702 0.02945137 0.5192308 0.02945137 0.5576924 0.02945137 0.5576924 0.1326756 0.5576924 0.1326756 0.5192308 0.1326756 0.5192308 0.02945137 0.5576924 0.02945137 0.5961539 0.02945137 0.5961539 0.1326756 0.5961539 0.1326756 0.5576924 0.1326756 0.5576924 0.02945137 0.5961539 0.02945137 0.6346155 0.02945137 0.6346155 0.1326756 0.6346155 0.1326756 0.5961539 0.1326756 0.5961539 0.02945137 0.6346155 0.02945137 0.6730771 0.02945137 0.6730771 0.1326756 0.6730771 0.1326756 0.6346155 0.1326756 0.6346155 0.02945137 0.6730771 0.02945137 0.7115386 0.02945137 0.7115386 0.1326756 0.7115386 0.1326756 0.6730771 0.1326756 0.6730771 0.02945137 0.7115386 0.02945137 0.7499991 0.02945137 0.7499991 0.1326756 0.7499991 0.1326756 0.7115386 0.1326756 0.7115386 0.02945137 0.75 0.135779 0.7884616 0.135779 0.7884616 0.3242542 0.7884616 0.3242542 0.75 0.3242542 0.75 0.135779 0.7884616 0.135779 0.8269231 0.135779 0.8269231 0.3242542 0.8269231 0.3242542 0.7884616 0.3242542 0.7884616 0.135779 0.8269231 0.135779 0.8653847 0.135779 0.8653847 0.3242542 0.8653847 0.3242542 0.8269231 0.3242542 0.8269231 0.135779 0.8653847 0.135779 0.9038463 0.135779 0.9038463 0.3242542 0.9038463 0.3242542 0.8653847 0.3242542 0.8653847 0.135779 0.9038463 0.135779 0.9423078 0.135779 0.9423078 0.3242542 0.9423078 0.3242542 0.9038463 0.3242542 0.9038463 0.135779 0.9423078 0.135779 0.9807693 0.135779 0.9807693 0.3242542 0.9807693 0.3242542 0.9423078 0.3242542 0.9423078 0.135779 0.9807693 0.135779 1.019231 0.135779 1.019231 0.3242542 1.019231 0.3242542 0.9807693 0.3242542 0.9807693 0.135779 0.0192309 0.135779 0.05769217 0.135779 0.05769217 0.3242542 0.05769217 0.3242542 0.0192309 0.3242542 0.0192309 0.135779 0.05769217 0.135779 0.09615391 0.135779 0.09615391 0.3242542 0.09615391 0.3242542 0.05769217 0.3242542 0.05769217 0.135779 0.09615391 0.135779 0.1346154 0.135779 0.1346154 0.3242542 0.1346154 0.3242542 0.09615391 0.3242542 0.09615391 0.135779 0.1346154 0.135779 0.1730769 0.135779 0.1730769 0.3242542 0.1730769 0.3242542 0.1346154 0.3242542 0.1346154 0.135779 0.1730769 0.135779 0.2115384 0.135779 0.2115384 0.3242542 0.2115384 0.3242542 0.1730769 0.3242542 0.1730769 0.135779 0.2115384 0.135779 0.25 0.135779 0.25 0.3242542 0.25 0.3242542 0.2115384 0.3242542 0.2115384 0.135779 0.25 0.135779 0.2884615 0.135779 0.2884615 0.3242542 0.2884615 0.3242542 0.25 0.3242542 0.25 0.135779 0.2884615 0.135779 0.326923 0.135779 0.326923 0.3242542 0.326923 0.3242542 0.2884615 0.3242542 0.2884615 0.135779 0.326923 0.135779 0.3653845 0.135779 0.3653845 0.3242542 0.3653845 0.3242542 0.326923 0.3242542 0.326923 0.135779 0.3653845 0.135779 0.4038461 0.135779 0.4038461 0.3242542 0.4038461 0.3242542 0.3653845 0.3242542 0.3653845 0.135779 0.4038461 0.135779 0.4423076 0.135779 0.4423076 0.3242542 0.4423076 0.3242542 0.4038461 0.3242542 0.4038461 0.135779 0.4423076 0.135779 0.4807692 0.135779 0.4807692 0.3242542 0.4807692 0.3242542 0.4423076 0.3242542 0.4423076 0.135779 0.4807692 0.135779 0.5192307 0.135779 0.5192307 0.3242542 0.5192307 0.3242542 0.4807692 0.3242542 0.4807692 0.135779 0.5192307 0.135779 0.5576923 0.135779 0.5576923 0.3242542 0.5576923 0.3242542 0.5192307 0.3242542 0.5192307 0.135779 0.5576923 0.135779 0.5961539 0.135779 0.5961539 0.3242542 0.5961539 0.3242542 0.5576923 0.3242542 0.5576923 0.135779 0.5961539 0.135779 0.6346154 0.135779 0.6346154 0.3242542 0.6346154 0.3242542 0.5961539 0.3242542 0.5961539 0.135779 0.6346154 0.135779 0.6730771 0.135779 0.6730771 0.3242542 0.6730771 0.3242542 0.6346154 0.3242542 0.6346154 0.135779 0.6730771 0.135779 0.7115387 0.135779 0.7115387 0.3242542 0.7115387 0.3242542 0.6730771 0.3242542 0.6730771 0.135779 0.7115387 0.135779 0.75 0.135779 0.75 0.3242542 0.75 0.3242542 0.7115387 0.3242542 0.7115387 0.135779 0.75 0.3242542 0.7884616 0.3242542 0.7884616 0.4863813 0.7884616 0.4863813 0.75 0.4863813 0.75 0.3242542 0.7884616 0.3242542 0.8269231 0.3242542 0.8269231 0.4863813 0.8269231 0.4863813 0.7884616 0.4863813 0.7884616 0.3242542 0.8269231 0.3242542 0.8653847 0.3242542 0.8653847 0.4863813 0.8653847 0.4863813 0.8269231 0.4863813 0.8269231 0.3242542 0.8653847 0.3242542 0.9038463 0.3242542 0.9038463 0.4863813 0.9038463 0.4863813 0.8653847 0.4863813 0.8653847 0.3242542 0.9038463 0.3242542 0.9423078 0.3242542 0.9423078 0.4863813 0.9423078 0.4863813 0.9038463 0.4863813 0.9038463 0.3242542 0.9423078 0.3242542 0.9807693 0.3242542 0.9807693 0.4863813 0.9807693 0.4863813 0.9423078 0.4863813 0.9423078 0.3242542 0.9807693 0.3242542 1.019231 0.3242542 1.019231 0.4863813 1.019231 0.4863813 0.9807693 0.4863813 0.9807693 0.3242542 0.0192309 0.3242542 0.05769217 0.3242542 0.05769217 0.4863813 0.05769217 0.4863813 0.0192309 0.4863813 0.0192309 0.3242542 0.05769217 0.3242542 0.09615391 0.3242542 0.09615391 0.4863813 0.09615391 0.4863813 0.05769217 0.4863813 0.05769217 0.3242542 0.09615391 0.3242542 0.1346154 0.3242542 0.1346154 0.4863813 0.1346154 0.4863813 0.09615391 0.4863813 0.09615391 0.3242542 0.1346154 0.3242542 0.1730769 0.3242542 0.1730769 0.4863813 0.1730769 0.4863813 0.1346154 0.4863813 0.1346154 0.3242542 0.1730769 0.3242542 0.2115384 0.3242542 0.2115384 0.4863813 0.2115384 0.4863813 0.1730769 0.4863813 0.1730769 0.3242542 0.2115384 0.3242542 0.25 0.3242542 0.25 0.4863813 0.25 0.4863813 0.2115384 0.4863813 0.2115384 0.3242542 0.25 0.3242542 0.2884615 0.3242542 0.2884615 0.4863813 0.2884615 0.4863813 0.25 0.4863813 0.25 0.3242542 0.2884615 0.3242542 0.326923 0.3242542 0.326923 0.4863813 0.326923 0.4863813 0.2884615 0.4863813 0.2884615 0.3242542 0.326923 0.3242542 0.3653845 0.3242542 0.3653845 0.4863813 0.3653845 0.4863813 0.326923 0.4863813 0.326923 0.3242542 0.3653845 0.3242542 0.4038461 0.3242542 0.4038461 0.4863813 0.4038461 0.4863813 0.3653845 0.4863813 0.3653845 0.3242542 0.4038461 0.3242542 0.4423076 0.3242542 0.4423076 0.4863813 0.4423076 0.4863813 0.4038461 0.4863813 0.4038461 0.3242542 0.4423076 0.3242542 0.4807692 0.3242542 0.4807692 0.4863813 0.4807692 0.4863813 0.4423076 0.4863813 0.4423076 0.3242542 0.4807692 0.3242542 0.5192307 0.3242542 0.5192307 0.4863813 0.5192307 0.4863813 0.4807692 0.4863813 0.4807692 0.3242542 0.5192307 0.3242542 0.5576923 0.3242542 0.5576923 0.4863813 0.5576923 0.4863813 0.5192307 0.4863813 0.5192307 0.3242542 0.5576923 0.3242542 0.5961539 0.3242542 0.5961539 0.4863813 0.5961539 0.4863813 0.5576923 0.4863813 0.5576923 0.3242542 0.5961539 0.3242542 0.6346154 0.3242542 0.6346154 0.4863813 0.6346154 0.4863813 0.5961539 0.4863813 0.5961539 0.3242542 0.6346154 0.3242542 0.6730771 0.3242542 0.6730771 0.4863813 0.6730771 0.4863813 0.6346154 0.4863813 0.6346154 0.3242542 0.6730771 0.3242542 0.7115387 0.3242542 0.7115387 0.4863813 0.7115387 0.4863813 0.6730771 0.4863813 0.6730771 0.3242542 0.7115387 0.3242542 0.75 0.3242542 0.75 0.4863813 0.75 0.4863813 0.7115387 0.4863813 0.7115387 0.3242542 0.75 0.4863813 0.7884616 0.4863813 0.7884616 0.6485084 0.7884616 0.6485084 0.75 0.6485084 0.75 0.4863813 0.7884616 0.4863813 0.8269231 0.4863813 0.8269231 0.6485084 0.8269231 0.6485084 0.7884616 0.6485084 0.7884616 0.4863813 0.8269231 0.4863813 0.8653847 0.4863813 0.8653847 0.6485084 0.8653847 0.6485084 0.8269231 0.6485084 0.8269231 0.4863813 0.8653847 0.4863813 0.9038463 0.4863813 0.9038463 0.6485084 0.9038463 0.6485084 0.8653847 0.6485084 0.8653847 0.4863813 0.9038463 0.4863813 0.9423078 0.4863813 0.9423078 0.6485084 0.9423078 0.6485084 0.9038463 0.6485084 0.9038463 0.4863813 0.9423078 0.4863813 0.9807693 0.4863813 0.9807693 0.6485084 0.9807693 0.6485084 0.9423078 0.6485084 0.9423078 0.4863813 0.9807693 0.4863813 1.019231 0.4863813 1.019231 0.6485084 1.019231 0.6485084 0.9807693 0.6485084 0.9807693 0.4863813 0.0192309 0.4863813 0.05769217 0.4863813 0.05769217 0.6485084 0.05769217 0.6485084 0.0192309 0.6485084 0.0192309 0.4863813 0.05769217 0.4863813 0.09615391 0.4863813 0.09615391 0.6485084 0.09615391 0.6485084 0.05769217 0.6485084 0.05769217 0.4863813 0.09615391 0.4863813 0.1346154 0.4863813 0.1346154 0.6485084 0.1346154 0.6485084 0.09615391 0.6485084 0.09615391 0.4863813 0.1346154 0.4863813 0.1730769 0.4863813 0.1730769 0.6485084 0.1730769 0.6485084 0.1346154 0.6485084 0.1346154 0.4863813 0.1730769 0.4863813 0.2115384 0.4863813 0.2115384 0.6485084 0.2115384 0.6485084 0.1730769 0.6485084 0.1730769 0.4863813 0.2115384 0.4863813 0.25 0.4863813 0.25 0.6485084 0.25 0.6485084 0.2115384 0.6485084 0.2115384 0.4863813 0.25 0.4863813 0.2884615 0.4863813 0.2884615 0.6485084 0.2884615 0.6485084 0.25 0.6485084 0.25 0.4863813 0.2884615 0.4863813 0.326923 0.4863813 0.326923 0.6485084 0.326923 0.6485084 0.2884615 0.6485084 0.2884615 0.4863813 0.326923 0.4863813 0.3653845 0.4863813 0.3653845 0.6485084 0.3653845 0.6485084 0.326923 0.6485084 0.326923 0.4863813 0.3653845 0.4863813 0.4038461 0.4863813 0.4038461 0.6485084 0.4038461 0.6485084 0.3653845 0.6485084 0.3653845 0.4863813 0.4038461 0.4863813 0.4423076 0.4863813 0.4423076 0.6485084 0.4423076 0.6485084 0.4038461 0.6485084 0.4038461 0.4863813 0.4423076 0.4863813 0.4807692 0.4863813 0.4807692 0.6485084 0.4807692 0.6485084 0.4423076 0.6485084 0.4423076 0.4863813 0.4807692 0.4863813 0.5192307 0.4863813 0.5192307 0.6485084 0.5192307 0.6485084 0.4807692 0.6485084 0.4807692 0.4863813 0.5192307 0.4863813 0.5576923 0.4863813 0.5576923 0.6485084 0.5576923 0.6485084 0.5192307 0.6485084 0.5192307 0.4863813 0.5576923 0.4863813 0.5961539 0.4863813 0.5961539 0.6485084 0.5961539 0.6485084 0.5576923 0.6485084 0.5576923 0.4863813 0.5961539 0.4863813 0.6346154 0.4863813 0.6346154 0.6485084 0.6346154 0.6485084 0.5961539 0.6485084 0.5961539 0.4863813 0.6346154 0.4863813 0.6730771 0.4863813 0.6730771 0.6485084 0.6730771 0.6485084 0.6346154 0.6485084 0.6346154 0.4863813 0.6730771 0.4863813 0.7115387 0.4863813 0.7115387 0.6485084 0.7115387 0.6485084 0.6730771 0.6485084 0.6730771 0.4863813 0.7115387 0.4863813 0.75 0.4863813 0.75 0.6485084 0.75 0.6485084 0.7115387 0.6485084 0.7115387 0.4863813 0.75 0.6485084 0.7884616 0.6485084 0.7884616 0.8106356 0.7884616 0.8106356 0.75 0.8106356 0.75 0.6485084 0.7884616 0.6485084 0.8269231 0.6485084 0.8269231 0.8106356 0.8269231 0.8106356 0.7884616 0.8106356 0.7884616 0.6485084 0.8269231 0.6485084 0.8653847 0.6485084 0.8653847 0.8106356 0.8653847 0.8106356 0.8269231 0.8106356 0.8269231 0.6485084 0.8653847 0.6485084 0.9038463 0.6485084 0.9038463 0.8106356 0.9038463 0.8106356 0.8653847 0.8106356 0.8653847 0.6485084 0.9038463 0.6485084 0.9423078 0.6485084 0.9423078 0.8106356 0.9423078 0.8106356 0.9038463 0.8106356 0.9038463 0.6485084 0.9423078 0.6485084 0.9807693 0.6485084 0.9807693 0.8106356 0.9807693 0.8106356 0.9423078 0.8106356 0.9423078 0.6485084 0.9807693 0.6485084 1.019231 0.6485084 1.019231 0.8106356 1.019231 0.8106356 0.9807693 0.8106356 0.9807693 0.6485084 0.0192309 0.6485084 0.05769217 0.6485084 0.05769217 0.8106356 0.05769217 0.8106356 0.0192309 0.8106356 0.0192309 0.6485084 0.05769217 0.6485084 0.09615391 0.6485084 0.09615391 0.8106356 0.09615391 0.8106356 0.05769217 0.8106356 0.05769217 0.6485084 0.09615391 0.6485084 0.1346154 0.6485084 0.1346154 0.8106356 0.1346154 0.8106356 0.09615391 0.8106356 0.09615391 0.6485084 0.1346154 0.6485084 0.1730769 0.6485084 0.1730769 0.8106356 0.1730769 0.8106356 0.1346154 0.8106356 0.1346154 0.6485084 0.1730769 0.6485084 0.2115384 0.6485084 0.2115384 0.8106356 0.2115384 0.8106356 0.1730769 0.8106356 0.1730769 0.6485084 0.2115384 0.6485084 0.25 0.6485084 0.25 0.8106356 0.25 0.8106356 0.2115384 0.8106356 0.2115384 0.6485084 0.25 0.6485084 0.2884615 0.6485084 0.2884615 0.8106356 0.2884615 0.8106356 0.25 0.8106356 0.25 0.6485084 0.2884615 0.6485084 0.326923 0.6485084 0.326923 0.8106356 0.326923 0.8106356 0.2884615 0.8106356 0.2884615 0.6485084 0.326923 0.6485084 0.3653845 0.6485084 0.3653845 0.8106356 0.3653845 0.8106356 0.326923 0.8106356 0.326923 0.6485084 0.3653845 0.6485084 0.4038461 0.6485084 0.4038461 0.8106356 0.4038461 0.8106356 0.3653845 0.8106356 0.3653845 0.6485084 0.4038461 0.6485084 0.4423076 0.6485084 0.4423076 0.8106356 0.4423076 0.8106356 0.4038461 0.8106356 0.4038461 0.6485084 0.4423076 0.6485084 0.4807692 0.6485084 0.4807692 0.8106356 0.4807692 0.8106356 0.4423076 0.8106356 0.4423076 0.6485084 0.4807692 0.6485084 0.5192307 0.6485084 0.5192307 0.8106356 0.5192307 0.8106356 0.4807692 0.8106356 0.4807692 0.6485084 0.5192307 0.6485084 0.5576923 0.6485084 0.5576923 0.8106356 0.5576923 0.8106356 0.5192307 0.8106356 0.5192307 0.6485084 0.5576923 0.6485084 0.5961539 0.6485084 0.5961539 0.8106356 0.5961539 0.8106356 0.5576923 0.8106356 0.5576923 0.6485084 0.5961539 0.6485084 0.6346154 0.6485084 0.6346154 0.8106356 0.6346154 0.8106356 0.5961539 0.8106356 0.5961539 0.6485084 0.6346154 0.6485084 0.6730771 0.6485084 0.6730771 0.8106356 0.6730771 0.8106356 0.6346154 0.8106356 0.6346154 0.6485084 0.6730771 0.6485084 0.7115387 0.6485084 0.7115387 0.8106356 0.7115387 0.8106356 0.6730771 0.8106356 0.6730771 0.6485084 0.7115387 0.6485084 0.75 0.6485084 0.75 0.8106356 0.75 0.8106356 0.7115387 0.8106356 0.7115387 0.6485084 0.75 0.8106356 0.7884616 0.8106356 0.7884616 0.9727626 0.7884616 0.9727626 0.75 0.9727626 0.75 0.8106356 0.7884616 0.8106356 0.8269231 0.8106356 0.8269231 0.9727626 0.8269231 0.9727626 0.7884616 0.9727626 0.7884616 0.8106356 0.8269231 0.8106356 0.8653847 0.8106356 0.8653847 0.9727626 0.8653847 0.9727626 0.8269231 0.9727626 0.8269231 0.8106356 0.8653847 0.8106356 0.9038463 0.8106356 0.9038463 0.9727626 0.9038463 0.9727626 0.8653847 0.9727626 0.8653847 0.8106356 0.9038463 0.8106356 0.9423078 0.8106356 0.9423078 0.9727626 0.9423078 0.9727626 0.9038463 0.9727626 0.9038463 0.8106356 0.9423078 0.8106356 0.9807693 0.8106356 0.9807693 0.9727626 0.9807693 0.9727626 0.9423078 0.9727626 0.9423078 0.8106356 0.9807693 0.8106356 1.019231 0.8106356 1.019231 0.9727626 1.019231 0.9727626 0.9807693 0.9727626 0.9807693 0.8106356 0.0192309 0.8106356 0.05769217 0.8106356 0.05769217 0.9727626 0.05769217 0.9727626 0.0192309 0.9727626 0.0192309 0.8106356 0.05769217 0.8106356 0.09615391 0.8106356 0.09615391 0.9727626 0.09615391 0.9727626 0.05769217 0.9727626 0.05769217 0.8106356 0.09615391 0.8106356 0.1346154 0.8106356 0.1346154 0.9727626 0.1346154 0.9727626 0.09615391 0.9727626 0.09615391 0.8106356 0.1346154 0.8106356 0.1730769 0.8106356 0.1730769 0.9727626 0.1730769 0.9727626 0.1346154 0.9727626 0.1346154 0.8106356 0.1730769 0.8106356 0.2115384 0.8106356 0.2115384 0.9727626 0.2115384 0.9727626 0.1730769 0.9727626 0.1730769 0.8106356 0.2115384 0.8106356 0.25 0.8106356 0.25 0.9727626 0.25 0.9727626 0.2115384 0.9727626 0.2115384 0.8106356 0.25 0.8106356 0.2884615 0.8106356 0.2884615 0.9727626 0.2884615 0.9727626 0.25 0.9727626 0.25 0.8106356 0.2884615 0.8106356 0.326923 0.8106356 0.326923 0.9727626 0.326923 0.9727626 0.2884615 0.9727626 0.2884615 0.8106356 0.326923 0.8106356 0.3653845 0.8106356 0.3653845 0.9727626 0.3653845 0.9727626 0.326923 0.9727626 0.326923 0.8106356 0.3653845 0.8106356 0.4038461 0.8106356 0.4038461 0.9727626 0.4038461 0.9727626 0.3653845 0.9727626 0.3653845 0.8106356 0.4038461 0.8106356 0.4423076 0.8106356 0.4423076 0.9727626 0.4423076 0.9727626 0.4038461 0.9727626 0.4038461 0.8106356 0.4423076 0.8106356 0.4807692 0.8106356 0.4807692 0.9727626 0.4807692 0.9727626 0.4423076 0.9727626 0.4423076 0.8106356 0.4807692 0.8106356 0.5192307 0.8106356 0.5192307 0.9727626 0.5192307 0.9727626 0.4807692 0.9727626 0.4807692 0.8106356 0.5192307 0.8106356 0.5576923 0.8106356 0.5576923 0.9727626 0.5576923 0.9727626 0.5192307 0.9727626 0.5192307 0.8106356 0.5576923 0.8106356 0.5961539 0.8106356 0.5961539 0.9727626 0.5961539 0.9727626 0.5576923 0.9727626 0.5576923 0.8106356 0.5961539 0.8106356 0.6346154 0.8106356 0.6346154 0.9727626 0.6346154 0.9727626 0.5961539 0.9727626 0.5961539 0.8106356 0.6346154 0.8106356 0.6730771 0.8106356 0.6730771 0.9727626 0.6730771 0.9727626 0.6346154 0.9727626 0.6346154 0.8106356 0.6730771 0.8106356 0.7115387 0.8106356 0.7115387 0.9727626 0.7115387 0.9727626 0.6730771 0.9727626 0.6730771 0.8106356 0.7115387 0.8106356 0.75 0.8106356 0.75 0.9727626 0.75 0.9727626 0.7115387 0.9727626 0.7115387 0.8106356 0.75 1 0.7884616 1 0.8269231 1 0.8269231 1 0.8653847 1 0.9038463 1 0.9038463 1 0.9423078 1 0.9807693 1 0.8269231 1 0.9038463 1 0.9807693 1 0.9807693 1 1.019231 1 1.057692 1 1.057692 1 1.096154 1 1.134615 1 0.9807693 1 1.057692 1 1.134615 1 0.8269231 1 0.9807693 1 1.134615 1 1.134615 1 1.173077 1 1.211539 1 1.211539 1 1.25 1 1.288461 1 1.134615 1 1.211539 1 1.288461 1 1.288461 1 1.326923 1 1.365385 1 1.365385 1 1.403846 1 1.442308 1 1.288461 1 1.365385 1 1.442308 1 1.134615 1 1.288461 1 1.442308 1 0.8269231 1 1.134615 1 1.442308 1 1.442308 1 1.480769 1 1.519231 1 1.519231 1 1.557692 1 1.596154 1 1.442308 1 1.519231 1 1.596154 1 0.8269231 1 1.442308 1 1.596154 1 1.596154 1 1.634615 1 1.673077 1 0.8269231 1 1.596154 1 1.673077 1 0.75 1 0.8269231 1 1.673077 1 1.711539 1 0.75 1 1.673077 1 0.75 0 0.7884616 0 0.7884625 0 0.7884625 0 0.7499991 0 0.75 0 0.7884616 0 0.8269231 0 0.8269231 0 0.8269231 0 0.7884625 0 0.7884616 0 0.8269231 0 0.8653847 0 0.8653847 0 0.8653847 0 0.8269231 0 0.8269231 0 0.8653847 0 0.9038463 0 0.9038453 0 0.9038453 0 0.8653847 0 0.8653847 0 0.9038463 0 0.9423078 0 0.9423087 0 0.9423087 0 0.9038453 0 0.9038463 0 0.9423078 0 0.9807693 0 0.9807693 0 0.9807693 0 0.9423087 0 0.9423078 0 0.9807693 0 1.019231 0 1.019231 0 1.019231 0 0.9807693 0 0.9807693 0 0.0192309 0 0.05769217 0 0.05769217 0 0.05769217 0 0.01923084 0 0.0192309 0 0.05769217 0 0.09615391 0 0.09615385 0 0.09615385 0 0.05769217 0 0.05769217 0 0.09615391 0 0.1346154 0 0.1346154 0 0.1346154 0 0.09615385 0 0.09615391 0 0.1346154 0 0.1730769 0 0.173076 0 0.173076 0 0.1346154 0 0.1346154 0 0.1730769 0 0.2115384 0 0.2115394 0 0.2115394 0 0.173076 0 0.1730769 0 0.2115384 0 0.25 0 0.25 0 0.25 0 0.2115394 0 0.2115384 0 0.25 0 0.2884615 0 0.2884615 0 0.2884615 0 0.25 0 0.25 0 0.2884615 0 0.326923 0 0.3269231 0 0.3269231 0 0.2884615 0 0.2884615 0 0.326923 0 0.3653845 0 0.3653846 0 0.3653846 0 0.3269231 0 0.326923 0 0.3653845 0 0.4038461 0 0.4038462 0 0.4038462 0 0.3653846 0 0.3653845 0 0.4038461 0 0.4423076 0 0.4423068 0 0.4423068 0 0.4038462 0 0.4038461 0 0.4423076 0 0.4807692 0 0.4807702 0 0.4807702 0 0.4423068 0 0.4423076 0 0.4807692 0 0.5192307 0 0.5192308 0 0.5192308 0 0.4807702 0 0.4807692 0 0.5192307 0 0.5576923 0 0.5576924 0 0.5576924 0 0.5192308 0 0.5192307 0 0.5576923 0 0.5961539 0 0.5961539 0 0.5961539 0 0.5576924 0 0.5576923 0 0.5961539 0 0.6346154 0 0.6346155 0 0.6346155 0 0.5961539 0 0.5961539 0 0.6346154 0 0.6730771 0 0.6730771 0 0.6730771 0 0.6346155 0 0.6346154 0 0.6730771 0 0.7115387 0 0.7115386 0 0.7115386 0 0.6730771 0 0.6730771 0 0.7115387 0 0.75 0 0.7499991 0 0.7499991 0 0.7115386 0 0.7115387 0 0.7884616 0.135779 0.75 0.135779 0.7499991 0.135779 0.7499991 0.135779 0.7884624 0.135779 0.7884616 0.135779 0.75 0.135779 0.7115387 0.135779 0.7115386 0.135779 0.7115386 0.135779 0.7499991 0.135779 0.75 0.135779 0.7115387 0.135779 0.6730771 0.135779 0.6730771 0.135779 0.6730771 0.135779 0.7115386 0.135779 0.7115387 0.135779 0.6730771 0.135779 0.6346154 0.135779 0.6346155 0.135779 0.6346155 0.135779 0.6730771 0.135779 0.6730771 0.135779 0.6346154 0.135779 0.5961539 0.135779 0.5961539 0.135779 0.5961539 0.135779 0.6346155 0.135779 0.6346154 0.135779 0.5961539 0.135779 0.5576923 0.135779 0.5576924 0.135779 0.5576924 0.135779 0.5961539 0.135779 0.5961539 0.135779 0.5576923 0.135779 0.5192307 0.135779 0.5192308 0.135779 0.5192308 0.135779 0.5576924 0.135779 0.5576923 0.135779 0.5192307 0.135779 0.4807692 0.135779 0.4807702 0.135779 0.4807702 0.135779 0.5192308 0.135779 0.5192307 0.135779 0.4807692 0.135779 0.4423076 0.135779 0.4423068 0.135779 0.4423068 0.135779 0.4807702 0.135779 0.4807692 0.135779 0.4423076 0.135779 0.4038461 0.135779 0.4038462 0.135779 0.4038462 0.135779 0.4423068 0.135779 0.4423076 0.135779 0.4038461 0.135779 0.3653845 0.135779 0.3653846 0.135779 0.3653846 0.135779 0.4038462 0.135779 0.4038461 0.135779 0.3653845 0.135779 0.326923 0.135779 0.3269231 0.135779 0.3269231 0.135779 0.3653846 0.135779 0.3653845 0.135779 0.326923 0.135779 0.2884615 0.135779 0.2884615 0.135779 0.2884615 0.135779 0.3269231 0.135779 0.326923 0.135779 0.2884615 0.135779 0.25 0.135779 0.25 0.135779 0.25 0.135779 0.2884615 0.135779 0.2884615 0.135779 0.25 0.135779 0.2115384 0.135779 0.2115393 0.135779 0.2115393 0.135779 0.25 0.135779 0.25 0.135779 0.2115384 0.135779 0.1730769 0.135779 0.173076 0.135779 0.173076 0.135779 0.2115393 0.135779 0.2115384 0.135779 0.1730769 0.135779 0.1346154 0.135779 0.1346154 0.135779 0.1346154 0.135779 0.173076 0.135779 0.1730769 0.135779 0.1346154 0.135779 0.09615391 0.135779 0.09615385 0.135779 0.09615385 0.135779 0.1346154 0.135779 0.1346154 0.135779 0.09615391 0.135779 0.05769217 0.135779 0.05769217 0.135779 0.05769217 0.135779 0.09615385 0.135779 0.09615391 0.135779 0.05769217 0.135779 0.0192309 0.135779 0.01923084 0.135779 0.01923084 0.135779 0.05769217 0.135779 0.05769217 0.135779 0.0192309 0.135779 -0.01923066 0.135779 -0.01923072 0.135779 -0.01923072 0.135779 0.01923084 0.135779 0.0192309 0.135779 0.9807693 0.135779 0.9423078 0.135779 0.9423087 0.135779 0.9423087 0.135779 0.9807693 0.135779 0.9807693 0.135779 0.9423078 0.135779 0.9038463 0.135779 0.9038453 0.135779 0.9038453 0.135779 0.9423087 0.135779 0.9423078 0.135779 0.9038463 0.135779 0.8653847 0.135779 0.8653847 0.135779 0.8653847 0.135779 0.9038453 0.135779 0.9038463 0.135779 0.8653847 0.135779 0.8269231 0.135779 0.8269231 0.135779 0.8269231 0.135779 0.8653847 0.135779 0.8653847 0.135779 0.8269231 0.135779 0.7884616 0.135779 0.7884624 0.135779 0.7884624 0.135779 0.8269231 0.135779 0.8269231 0.135779 0.7499995 0.9727626 0.7884621 0.9727626 0.7884621 0.9922179 0.7884621 0.9922179 0.7499995 0.9922179 0.7499995 0.9727626 0.7884621 0.9727626 0.8269231 0.9727626 0.8269231 0.9922179 0.8269231 0.9922179 0.7884621 0.9922179 0.7884621 0.9727626 0.8269231 0.9727626 0.8653847 0.9727626 0.8653847 0.9922179 0.8653847 0.9922179 0.8269231 0.9922179 0.8269231 0.9727626 0.8653847 0.9727626 0.9038457 0.9727626 0.9038457 0.9922179 0.9038457 0.9922179 0.8653847 0.9922179 0.8653847 0.9727626 0.9038457 0.9727626 0.9423083 0.9727626 0.9423083 0.9922179 0.9423083 0.9922179 0.9038457 0.9922179 0.9038457 0.9727626 0.9423083 0.9727626 0.9807693 0.9727626 0.9807693 0.9922179 0.9807693 0.9922179 0.9423083 0.9922179 0.9423083 0.9727626 0.9807693 0.9727626 1.019231 0.9727626 1.019231 0.9922179 1.019231 0.9922179 0.9807693 0.9922179 0.9807693 0.9727626 0.0192309 0.9727626 0.05769217 0.9727626 0.05769217 0.9922179 0.05769217 0.9922179 0.0192309 0.9922179 0.0192309 0.9727626 0.05769217 0.9727626 0.09615391 0.9727626 0.09615391 0.9922179 0.09615391 0.9922179 0.05769217 0.9922179 0.05769217 0.9727626 0.09615391 0.9727626 0.1346154 0.9727626 0.1346154 0.9922179 0.1346154 0.9922179 0.09615391 0.9922179 0.09615391 0.9727626 0.1346154 0.9727626 0.1730764 0.9727626 0.1730764 0.9922179 0.1730764 0.9922179 0.1346154 0.9922179 0.1346154 0.9727626 0.1730764 0.9727626 0.2115389 0.9727626 0.2115389 0.9922179 0.2115389 0.9922179 0.1730764 0.9922179 0.1730764 0.9727626 0.2115389 0.9727626 0.25 0.9727626 0.25 0.9922179 0.25 0.9922179 0.2115389 0.9922179 0.2115389 0.9727626 0.25 0.9727626 0.2884615 0.9727626 0.2884615 0.9922179 0.2884615 0.9922179 0.25 0.9922179 0.25 0.9727626 0.2884615 0.9727626 0.3269231 0.9727626 0.3269231 0.9922179 0.3269231 0.9922179 0.2884615 0.9922179 0.2884615 0.9727626 0.3269231 0.9727626 0.3653846 0.9727626 0.3653846 0.9922179 0.3653846 0.9922179 0.3269231 0.9922179 0.3269231 0.9727626 0.3653846 0.9727626 0.4038461 0.9727626 0.4038461 0.9922179 0.4038461 0.9922179 0.3653846 0.9922179 0.3653846 0.9727626 0.4038461 0.9727626 0.4423072 0.9727626 0.4423072 0.9922179 0.4423072 0.9922179 0.4038461 0.9922179 0.4038461 0.9727626 0.4423072 0.9727626 0.4807697 0.9727626 0.4807697 0.9922179 0.4807697 0.9922179 0.4423072 0.9922179 0.4423072 0.9727626 0.4807697 0.9727626 0.5192308 0.9727626 0.5192308 0.9922179 0.5192308 0.9922179 0.4807697 0.9922179 0.4807697 0.9727626 0.5192308 0.9727626 0.5576924 0.9727626 0.5576924 0.9922179 0.5576924 0.9922179 0.5192308 0.9922179 0.5192308 0.9727626 0.5576924 0.9727626 0.5961539 0.9727626 0.5961539 0.9922179 0.5961539 0.9922179 0.5576924 0.9922179 0.5576924 0.9727626 0.5961539 0.9727626 0.6346155 0.9727626 0.6346155 0.9922179 0.6346155 0.9922179 0.5961539 0.9922179 0.5961539 0.9727626 0.6346155 0.9727626 0.6730771 0.9727626 0.6730771 0.9922179 0.6730771 0.9922179 0.6346155 0.9922179 0.6346155 0.9727626 0.6730771 0.9727626 0.7115386 0.9727626 0.7115386 0.9922179 0.7115386 0.9922179 0.6730771 0.9922179 0.6730771 0.9727626 0.7115386 0.9727626 0.7499995 0.9727626 0.7499995 0.9922179 0.7499995 0.9922179 0.7115386 0.9922179 0.7115386 0.9727626 0.75 0.9727626 0.7884616 0.9727626 0.7884621 0.9727626 0.7884621 0.9727626 0.7499995 0.9727626 0.75 0.9727626 0.7884616 0.9727626 0.8269231 0.9727626 0.8269231 0.9727626 0.8269231 0.9727626 0.7884621 0.9727626 0.7884616 0.9727626 0.8269231 0.9727626 0.8653847 0.9727626 0.8653847 0.9727626 0.8653847 0.9727626 0.8269231 0.9727626 0.8269231 0.9727626 0.8653847 0.9727626 0.9038463 0.9727626 0.9038457 0.9727626 0.9038457 0.9727626 0.8653847 0.9727626 0.8653847 0.9727626 0.9038463 0.9727626 0.9423078 0.9727626 0.9423083 0.9727626 0.9423083 0.9727626 0.9038457 0.9727626 0.9038463 0.9727626 0.9423078 0.9727626 0.9807693 0.9727626 0.9807693 0.9727626 0.9807693 0.9727626 0.9423083 0.9727626 0.9423078 0.9727626 0.9807693 0.9727626 1.019231 0.9727626 1.019231 0.9727626 1.019231 0.9727626 0.9807693 0.9727626 0.9807693 0.9727626 0.0192309 0.9727626 0.05769217 0.9727626 0.05769217 0.9727626 0.05769217 0.9727626 0.0192309 0.9727626 0.0192309 0.9727626 0.05769217 0.9727626 0.09615391 0.9727626 0.09615391 0.9727626 0.09615391 0.9727626 0.05769217 0.9727626 0.05769217 0.9727626 0.09615391 0.9727626 0.1346154 0.9727626 0.1346154 0.9727626 0.1346154 0.9727626 0.09615391 0.9727626 0.09615391 0.9727626 0.1346154 0.9727626 0.1730769 0.9727626 0.1730764 0.9727626 0.1730764 0.9727626 0.1346154 0.9727626 0.1346154 0.9727626 0.1730769 0.9727626 0.2115384 0.9727626 0.2115389 0.9727626 0.2115389 0.9727626 0.1730764 0.9727626 0.1730769 0.9727626 0.2115384 0.9727626 0.25 0.9727626 0.25 0.9727626 0.25 0.9727626 0.2115389 0.9727626 0.2115384 0.9727626 0.25 0.9727626 0.2884615 0.9727626 0.2884615 0.9727626 0.2884615 0.9727626 0.25 0.9727626 0.25 0.9727626 0.2884615 0.9727626 0.326923 0.9727626 0.3269231 0.9727626 0.3269231 0.9727626 0.2884615 0.9727626 0.2884615 0.9727626 0.326923 0.9727626 0.3653845 0.9727626 0.3653846 0.9727626 0.3653846 0.9727626 0.3269231 0.9727626 0.326923 0.9727626 0.3653845 0.9727626 0.4038461 0.9727626 0.4038461 0.9727626 0.4038461 0.9727626 0.3653846 0.9727626 0.3653845 0.9727626 0.4038461 0.9727626 0.4423076 0.9727626 0.4423072 0.9727626 0.4423072 0.9727626 0.4038461 0.9727626 0.4038461 0.9727626 0.4423076 0.9727626 0.4807692 0.9727626 0.4807697 0.9727626 0.4807697 0.9727626 0.4423072 0.9727626 0.4423076 0.9727626 0.4807692 0.9727626 0.5192307 0.9727626 0.5192308 0.9727626 0.5192308 0.9727626 0.4807697 0.9727626 0.4807692 0.9727626 0.5192307 0.9727626 0.5576923 0.9727626 0.5576924 0.9727626 0.5576924 0.9727626 0.5192308 0.9727626 0.5192307 0.9727626 0.5576923 0.9727626 0.5961539 0.9727626 0.5961539 0.9727626 0.5961539 0.9727626 0.5576924 0.9727626 0.5576923 0.9727626 0.5961539 0.9727626 0.6346154 0.9727626 0.6346155 0.9727626 0.6346155 0.9727626 0.5961539 0.9727626 0.5961539 0.9727626 0.6346154 0.9727626 0.6730771 0.9727626 0.6730771 0.9727626 0.6730771 0.9727626 0.6346155 0.9727626 0.6346154 0.9727626 0.6730771 0.9727626 0.7115387 0.9727626 0.7115386 0.9727626 0.7115386 0.9727626 0.6730771 0.9727626 0.6730771 0.9727626 0.7115387 0.9727626 0.75 0.9727626 0.7499995 0.9727626 0.7499995 0.9727626 0.7115386 0.9727626 0.7115387 0.9727626 0.7884616 1 0.75 1 0.7499995 1 0.7499995 1 0.7884622 1 0.7884616 1 0.75 1 0.7115387 1 0.7115387 1 0.7115387 1 0.7499995 1 0.75 1 0.7115387 1 0.6730771 1 0.6730771 1 0.6730771 1 0.7115387 1 0.7115387 1 0.6730771 1 0.6346154 1 0.6346155 1 0.6346155 1 0.6730771 1 0.6730771 1 0.6346154 1 0.5961539 1 0.5961539 1 0.5961539 1 0.6346155 1 0.6346154 1 0.5961539 1 0.5576923 1 0.5576923 1 0.5576923 1 0.5961539 1 0.5961539 1 0.5576923 1 0.5192307 1 0.5192307 1 0.5192307 1 0.5576923 1 0.5576923 1 0.5192307 1 0.4807692 1 0.4807698 1 0.4807698 1 0.5192307 1 0.5192307 1 0.4807692 1 0.4423076 1 0.4423071 1 0.4423071 1 0.4807698 1 0.4807692 1 0.4423076 1 0.4038461 1 0.4038461 1 0.4038461 1 0.4423071 1 0.4423076 1 0.4038461 1 0.3653845 1 0.3653846 1 0.3653846 1 0.4038461 1 0.4038461 1 0.3653845 1 0.326923 1 0.326923 1 0.326923 1 0.3653846 1 0.3653845 1 0.326923 1 0.2884615 1 0.2884615 1 0.2884615 1 0.326923 1 0.326923 1 0.2884615 1 0.25 1 0.25 1 0.25 1 0.2884615 1 0.2884615 1 0.25 1 0.2115384 1 0.211539 1 0.211539 1 0.25 1 0.25 1 0.2115384 1 0.1730769 1 0.1730764 1 0.1730764 1 0.211539 1 0.2115384 1 0.1730769 1 0.1346154 1 0.1346154 1 0.1346154 1 0.1730764 1 0.1730769 1 0.1346154 1 0.09615391 1 0.09615391 1 0.09615391 1 0.1346154 1 0.1346154 1 0.09615391 1 0.05769217 1 0.05769217 1 0.05769217 1 0.09615391 1 0.09615391 1 0.05769217 1 0.0192309 1 0.0192309 1 0.0192309 1 0.05769217 1 0.05769217 1 0.0192309 1 -0.01923066 1 -0.01923072 1 -0.01923072 1 0.0192309 1 0.0192309 1 0.9807693 1 0.9423078 1 0.9423084 1 0.9423084 1 0.9807693 1 0.9807693 1 0.9423078 1 0.9038463 1 0.9038457 1 0.9038457 1 0.9423084 1 0.9423078 1 0.9038463 1 0.8653847 1 0.8653847 1 0.8653847 1 0.9038457 1 0.9038463 1 0.8653847 1 0.8269231 1 0.8269231 1 0.8269231 1 0.8653847 1 0.8653847 1 0.8269231 1 0.7884616 1 0.7884622 1 0.7884622 1 0.8269231 1 0.8269231 1 0.7499995 0.9922179 0.7884621 0.9922179 0.7884622 1 0.7884622 1 0.7499995 1 0.7499995 0.9922179 0.7884621 0.9922179 0.8269231 0.9922179 0.8269231 1 0.8269231 1 0.7884622 1 0.7884621 0.9922179 0.8269231 0.9922179 0.8653847 0.9922179 0.8653847 1 0.8653847 1 0.8269231 1 0.8269231 0.9922179 0.8653847 0.9922179 0.9038457 0.9922179 0.9038457 1 0.9038457 1 0.8653847 1 0.8653847 0.9922179 0.9038457 0.9922179 0.9423083 0.9922179 0.9423084 1 0.9423084 1 0.9038457 1 0.9038457 0.9922179 0.9423083 0.9922179 0.9807693 0.9922179 0.9807693 1 0.9807693 1 0.9423084 1 0.9423083 0.9922179 0.9807693 0.9922179 1.019231 0.9922179 1.019231 1 1.019231 1 0.9807693 1 0.9807693 0.9922179 0.0192309 0.9922179 0.05769217 0.9922179 0.05769217 1 0.05769217 1 0.0192309 1 0.0192309 0.9922179 0.05769217 0.9922179 0.09615391 0.9922179 0.09615391 1 0.09615391 1 0.05769217 1 0.05769217 0.9922179 0.09615391 0.9922179 0.1346154 0.9922179 0.1346154 1 0.1346154 1 0.09615391 1 0.09615391 0.9922179 0.1346154 0.9922179 0.1730764 0.9922179 0.1730764 1 0.1730764 1 0.1346154 1 0.1346154 0.9922179 0.1730764 0.9922179 0.2115389 0.9922179 0.211539 1 0.211539 1 0.1730764 1 0.1730764 0.9922179 0.2115389 0.9922179 0.25 0.9922179 0.25 1 0.25 1 0.211539 1 0.2115389 0.9922179 0.25 0.9922179 0.2884615 0.9922179 0.2884615 1 0.2884615 1 0.25 1 0.25 0.9922179 0.2884615 0.9922179 0.3269231 0.9922179 0.326923 1 0.326923 1 0.2884615 1 0.2884615 0.9922179 0.3269231 0.9922179 0.3653846 0.9922179 0.3653846 1 0.3653846 1 0.326923 1 0.3269231 0.9922179 0.3653846 0.9922179 0.4038461 0.9922179 0.4038461 1 0.4038461 1 0.3653846 1 0.3653846 0.9922179 0.4038461 0.9922179 0.4423072 0.9922179 0.4423071 1 0.4423071 1 0.4038461 1 0.4038461 0.9922179 0.4423072 0.9922179 0.4807697 0.9922179 0.4807698 1 0.4807698 1 0.4423071 1 0.4423072 0.9922179 0.4807697 0.9922179 0.5192308 0.9922179 0.5192307 1 0.5192307 1 0.4807698 1 0.4807697 0.9922179 0.5192308 0.9922179 0.5576924 0.9922179 0.5576923 1 0.5576923 1 0.5192307 1 0.5192308 0.9922179 0.5576924 0.9922179 0.5961539 0.9922179 0.5961539 1 0.5961539 1 0.5576923 1 0.5576924 0.9922179 0.5961539 0.9922179 0.6346155 0.9922179 0.6346155 1 0.6346155 1 0.5961539 1 0.5961539 0.9922179 0.6346155 0.9922179 0.6730771 0.9922179 0.6730771 1 0.6730771 1 0.6346155 1 0.6346155 0.9922179 0.6730771 0.9922179 0.7115386 0.9922179 0.7115387 1 0.7115387 1 0.6730771 1 0.6730771 0.9922179 0.7115386 0.9922179 0.7499995 0.9922179 0.7499995 1 0.7499995 1 0.7115387 1 0.7115386 0.9922179 0.7499988 0 0.7884618 0 0.7884625 0.01777803 0.7884625 0.01777803 0.7499994 0.01777803 0.7499988 0 0.7884618 0 0.8269231 0 0.8269231 0.01777803 0.8269231 0.01777803 0.7884625 0.01777803 0.7884618 0 0.8269231 0 0.8653845 0 0.8653845 0.01777803 0.8653845 0.01777803 0.8269231 0.01777803 0.8269231 0 0.8653845 0 0.9038454 0 0.9038454 0.01777803 0.9038454 0.01777803 0.8653845 0.01777803 0.8653845 0 0.9038454 0 0.9423091 0 0.9423084 0.01777803 0.9423084 0.01777803 0.9038454 0.01777803 0.9038454 0 0.9423091 0 0.9807687 0 0.9807694 0.01777803 0.9807694 0.01777803 0.9423084 0.01777803 0.9423091 0 0.9807687 0 1.019231 0 1.019231 0.01777803 1.019231 0.01777803 0.9807694 0.01777803 0.9807687 0 0.01923078 0 0.05769181 0 0.05769181 0.01777803 0.05769181 0.01777803 0.01923078 0.01777803 0.01923078 0 0.05769181 0 0.09615439 0 0.09615439 0.01777803 0.09615439 0.01777803 0.05769181 0.01777803 0.05769181 0 0.09615439 0 0.1346153 0 0.1346153 0.01777803 0.1346153 0.01777803 0.09615439 0.01777803 0.09615439 0 0.1346153 0 0.1730762 0 0.1730762 0.01777803 0.1730762 0.01777803 0.1346153 0.01777803 0.1346153 0 0.1730762 0 0.2115393 0 0.2115393 0.01777803 0.2115393 0.01777803 0.1730762 0.01777803 0.1730762 0 0.2115393 0 0.25 0 0.2500001 0.01777803 0.2500001 0.01777803 0.2115393 0.01777803 0.2115393 0 0.25 0 0.2884616 0 0.2884616 0.01777803 0.2884616 0.01777803 0.2500001 0.01777803 0.25 0 0.2884616 0 0.3269225 0 0.3269225 0.01777803 0.3269225 0.01777803 0.2884616 0.01777803 0.2884616 0 0.3269225 0 0.3653852 0 0.3653852 0.01777803 0.3653852 0.01777803 0.3269225 0.01777803 0.3269225 0 0.3653852 0 0.4038456 0 0.4038459 0.01777803 0.4038459 0.01777803 0.3653852 0.01777803 0.3653852 0 0.4038456 0 0.4423065 0 0.4423068 0.01777803 0.4423068 0.01777803 0.4038459 0.01777803 0.4038456 0 0.4423065 0 0.4807701 0 0.4807701 0.01777803 0.4807701 0.01777803 0.4423068 0.01777803 0.4423065 0 0.4807701 0 0.5192314 0 0.519231 0.01777803 0.519231 0.01777803 0.4807701 0.01777803 0.4807701 0 0.5192314 0 0.557693 0 0.5576927 0.01777803 0.5576927 0.01777803 0.519231 0.01777803 0.5192314 0 0.557693 0 0.5961534 0 0.5961534 0.01777803 0.5961534 0.01777803 0.5576927 0.01777803 0.557693 0 0.5961534 0 0.634616 0 0.634616 0.01777803 0.634616 0.01777803 0.5961534 0.01777803 0.5961534 0 0.634616 0 0.6730771 0 0.6730771 0.01777803 0.6730771 0.01777803 0.634616 0.01777803 0.634616 0 0.6730771 0 0.7115385 0 0.7115385 0.01777803 0.7115385 0.01777803 0.6730771 0.01777803 0.6730771 0 0.7115385 0 0.7499988 0 0.7499994 0.01777803 0.7499994 0.01777803 0.7115385 0.01777803 0.7115385 0 0.7884625 0.1347561 0.7499991 0.1347561 0.7499991 0.1326756 0.7499991 0.1326756 0.7884625 0.1326756 0.7884625 0.1347561 0.7499991 0.1347561 0.7115386 0.1347561 0.7115386 0.1326756 0.7115386 0.1326756 0.7499991 0.1326756 0.7499991 0.1347561 0.7115386 0.1347561 0.6730771 0.1347561 0.6730771 0.1326756 0.6730771 0.1326756 0.7115386 0.1326756 0.7115386 0.1347561 0.6730771 0.1347561 0.6346155 0.1347561 0.6346155 0.1326756 0.6346155 0.1326756 0.6730771 0.1326756 0.6730771 0.1347561 0.6346155 0.1347561 0.5961539 0.1347561 0.5961539 0.1326756 0.5961539 0.1326756 0.6346155 0.1326756 0.6346155 0.1347561 0.5961539 0.1347561 0.5576924 0.1347561 0.5576924 0.1326756 0.5576924 0.1326756 0.5961539 0.1326756 0.5961539 0.1347561 0.5576924 0.1347561 0.5192308 0.1347561 0.5192308 0.1326756 0.5192308 0.1326756 0.5576924 0.1326756 0.5576924 0.1347561 0.5192308 0.1347561 0.4807702 0.1347561 0.4807702 0.1326756 0.4807702 0.1326756 0.5192308 0.1326756 0.5192308 0.1347561 0.4807702 0.1347561 0.4423068 0.1347561 0.4423068 0.1326756 0.4423068 0.1326756 0.4807702 0.1326756 0.4807702 0.1347561 0.4423068 0.1347561 0.4038462 0.1347561 0.4038462 0.1326756 0.4038462 0.1326756 0.4423068 0.1326756 0.4423068 0.1347561 0.4038462 0.1347561 0.3653846 0.1347561 0.3653846 0.1326756 0.3653846 0.1326756 0.4038462 0.1326756 0.4038462 0.1347561 0.3653846 0.1347561 0.3269231 0.1347561 0.3269231 0.1326756 0.3269231 0.1326756 0.3653846 0.1326756 0.3653846 0.1347561 0.3269231 0.1347561 0.2884615 0.1347561 0.2884615 0.1326756 0.2884615 0.1326756 0.3269231 0.1326756 0.3269231 0.1347561 0.2884615 0.1347561 0.25 0.1347561 0.25 0.1326756 0.25 0.1326756 0.2884615 0.1326756 0.2884615 0.1347561 0.25 0.1347561 0.2115394 0.1347561 0.2115394 0.1326756 0.2115394 0.1326756 0.25 0.1326756 0.25 0.1347561 0.2115394 0.1347561 0.173076 0.1347561 0.173076 0.1326756 0.173076 0.1326756 0.2115394 0.1326756 0.2115394 0.1347561 0.173076 0.1347561 0.1346154 0.1347561 0.1346154 0.1326756 0.1346154 0.1326756 0.173076 0.1326756 0.173076 0.1347561 0.1346154 0.1347561 0.09615385 0.1347561 0.09615385 0.1326756 0.09615385 0.1326756 0.1346154 0.1326756 0.1346154 0.1347561 0.09615385 0.1347561 0.05769217 0.1347561 0.05769217 0.1326756 0.05769217 0.1326756 0.09615385 0.1326756 0.09615385 0.1347561 0.05769217 0.1347561 0.01923084 0.1347561 0.01923084 0.1326756 0.01923084 0.1326756 0.05769217 0.1326756 0.05769217 0.1347561 0.01923084 0.1347561 -0.01923072 0.1347561 -0.01923072 0.1326756 -0.01923072 0.1326756 0.01923084 0.1326756 0.01923084 0.1347561 0.9807693 0.1347561 0.9423087 0.1347561 0.9423087 0.1326756 0.9423087 0.1326756 0.9807693 0.1326756 0.9807693 0.1347561 0.9423087 0.1347561 0.9038453 0.1347561 0.9038453 0.1326756 0.9038453 0.1326756 0.9423087 0.1326756 0.9423087 0.1347561 0.9038453 0.1347561 0.8653847 0.1347561 0.8653847 0.1326756 0.8653847 0.1326756 0.9038453 0.1326756 0.9038453 0.1347561 0.8653847 0.1347561 0.8269231 0.1347561 0.8269231 0.1326756 0.8269231 0.1326756 0.8653847 0.1326756 0.8653847 0.1347561 0.8269231 0.1347561 0.7884625 0.1347561 0.7884625 0.1326756 0.7884625 0.1326756 0.8269231 0.1326756 0.8269231 0.1347561 0.7499991 0 0.7884625 0 0.7884618 0 0.7884618 0 0.7499988 0 0.7499991 0 0.7884625 0 0.8269231 0 0.8269231 0 0.8269231 0 0.7884618 0 0.7884625 0 0.8269231 0 0.8653847 0 0.8653845 0 0.8653845 0 0.8269231 0 0.8269231 0 0.8653847 0 0.9038453 0 0.9038454 0 0.9038454 0 0.8653845 0 0.8653847 0 0.9038453 0 0.9423087 0 0.9423091 0 0.9423091 0 0.9038454 0 0.9038453 0 0.9423087 0 0.9807693 0 0.9807687 0 0.9807687 0 0.9423091 0 0.9423087 0 0.9807693 0 1.019231 0 1.019231 0 1.019231 0 0.9807687 0 0.9807693 0 0.01923084 0 0.05769217 0 0.05769181 0 0.05769181 0 0.01923078 0 0.01923084 0 0.05769217 0 0.09615385 0 0.09615439 0 0.09615439 0 0.05769181 0 0.05769217 0 0.09615385 0 0.1346154 0 0.1346153 0 0.1346153 0 0.09615439 0 0.09615385 0 0.1346154 0 0.173076 0 0.1730762 0 0.1730762 0 0.1346153 0 0.1346154 0 0.173076 0 0.2115394 0 0.2115393 0 0.2115393 0 0.1730762 0 0.173076 0 0.2115394 0 0.25 0 0.25 0 0.25 0 0.2115393 0 0.2115394 0 0.25 0 0.2884615 0 0.2884616 0 0.2884616 0 0.25 0 0.25 0 0.2884615 0 0.3269231 0 0.3269225 0 0.3269225 0 0.2884616 0 0.2884615 0 0.3269231 0 0.3653846 0 0.3653852 0 0.3653852 0 0.3269225 0 0.3269231 0 0.3653846 0 0.4038462 0 0.4038456 0 0.4038456 0 0.3653852 0 0.3653846 0 0.4038462 0 0.4423068 0 0.4423065 0 0.4423065 0 0.4038456 0 0.4038462 0 0.4423068 0 0.4807702 0 0.4807701 0 0.4807701 0 0.4423065 0 0.4423068 0 0.4807702 0 0.5192308 0 0.5192314 0 0.5192314 0 0.4807701 0 0.4807702 0 0.5192308 0 0.5576924 0 0.557693 0 0.557693 0 0.5192314 0 0.5192308 0 0.5576924 0 0.5961539 0 0.5961534 0 0.5961534 0 0.557693 0 0.5576924 0 0.5961539 0 0.6346155 0 0.634616 0 0.634616 0 0.5961534 0 0.5961539 0 0.6346155 0 0.6730771 0 0.6730771 0 0.6730771 0 0.634616 0 0.6346155 0 0.6730771 0 0.7115386 0 0.7115385 0 0.7115385 0 0.6730771 0 0.6730771 0 0.7115386 0 0.7499991 0 0.7499988 0 0.7499988 0 0.7115385 0 0.7115386 0 0.7884625 0.02945137 0.7499991 0.02945137 0.7499991 0.02945137 0.7499991 0.02945137 0.7884625 0.02945137 0.7884625 0.02945137 0.7499991 0.02945137 0.7115386 0.02945137 0.7115386 0.02945137 0.7115386 0.02945137 0.7499991 0.02945137 0.7499991 0.02945137 0.7115386 0.02945137 0.6730771 0.02945137 0.6730771 0.02945137 0.6730771 0.02945137 0.7115386 0.02945137 0.7115386 0.02945137 0.6730771 0.02945137 0.6346155 0.02945137 0.6346156 0.02945137 0.6346156 0.02945137 0.6730771 0.02945137 0.6730771 0.02945137 0.6346155 0.02945137 0.5961539 0.02945137 0.5961539 0.02945137 0.5961539 0.02945137 0.6346156 0.02945137 0.6346155 0.02945137 0.5961539 0.02945137 0.5576924 0.02945137 0.5576924 0.02945137 0.5576924 0.02945137 0.5961539 0.02945137 0.5961539 0.02945137 0.5576924 0.02945137 0.5192308 0.02945137 0.5192308 0.02945137 0.5192308 0.02945137 0.5576924 0.02945137 0.5576924 0.02945137 0.5192308 0.02945137 0.4807702 0.02945137 0.4807702 0.02945137 0.4807702 0.02945137 0.5192308 0.02945137 0.5192308 0.02945137 0.4807702 0.02945137 0.4423068 0.02945137 0.4423068 0.02945137 0.4423068 0.02945137 0.4807702 0.02945137 0.4807702 0.02945137 0.4423068 0.02945137 0.4038462 0.02945137 0.4038462 0.02945137 0.4038462 0.02945137 0.4423068 0.02945137 0.4423068 0.02945137 0.4038462 0.02945137 0.3653846 0.02945137 0.3653846 0.02945137 0.3653846 0.02945137 0.4038462 0.02945137 0.4038462 0.02945137 0.3653846 0.02945137 0.3269231 0.02945137 0.3269231 0.02945137 0.3269231 0.02945137 0.3653846 0.02945137 0.3653846 0.02945137 0.3269231 0.02945137 0.2884615 0.02945137 0.2884615 0.02945137 0.2884615 0.02945137 0.3269231 0.02945137 0.3269231 0.02945137 0.2884615 0.02945137 0.25 0.02945137 0.25 0.02945137 0.25 0.02945137 0.2884615 0.02945137 0.2884615 0.02945137 0.25 0.02945137 0.2115394 0.02945137 0.2115394 0.02945137 0.2115394 0.02945137 0.25 0.02945137 0.25 0.02945137 0.2115394 0.02945137 0.173076 0.02945137 0.173076 0.02945137 0.173076 0.02945137 0.2115394 0.02945137 0.2115394 0.02945137 0.173076 0.02945137 0.1346154 0.02945137 0.1346154 0.02945137 0.1346154 0.02945137 0.173076 0.02945137 0.173076 0.02945137 0.1346154 0.02945137 0.09615385 0.02945137 0.09615385 0.02945137 0.09615385 0.02945137 0.1346154 0.02945137 0.1346154 0.02945137 0.09615385 0.02945137 0.05769217 0.02945137 0.05769217 0.02945137 0.05769217 0.02945137 0.09615385 0.02945137 0.09615385 0.02945137 0.05769217 0.02945137 0.01923084 0.02945137 0.01923084 0.02945137 0.01923084 0.02945137 0.05769217 0.02945137 0.05769217 0.02945137 0.01923084 0.02945137 -0.01923072 0.02945137 -0.01923072 0.02945137 -0.01923072 0.02945137 0.01923084 0.02945137 0.01923084 0.02945137 0.9807693 0.02945137 0.9423087 0.02945137 0.9423087 0.02945137 0.9423087 0.02945137 0.9807693 0.02945137 0.9807693 0.02945137 0.9423087 0.02945137 0.9038453 0.02945137 0.9038453 0.02945137 0.9038453 0.02945137 0.9423087 0.02945137 0.9423087 0.02945137 0.9038453 0.02945137 0.8653846 0.02945137 0.8653847 0.02945137 0.8653847 0.02945137 0.9038453 0.02945137 0.9038453 0.02945137 0.8653846 0.02945137 0.8269231 0.02945137 0.8269231 0.02945137 0.8269231 0.02945137 0.8653847 0.02945137 0.8653846 0.02945137 0.8269231 0.02945137 0.7884625 0.02945137 0.7884625 0.02945137 0.7884625 0.02945137 0.8269231 0.02945137 0.8269231 0.02945137 0.7884625 0.01777803 0.7884625 0.02945137 0.7499991 0.02945137 0.7499991 0.02945137 0.7499994 0.01777803 0.7884625 0.01777803 0.7499994 0.01777803 0.7499991 0.02945137 0.7115386 0.02945137 0.7115386 0.02945137 0.7115385 0.01777803 0.7499994 0.01777803 0.7115385 0.01777803 0.7115386 0.02945137 0.6730771 0.02945137 0.6730771 0.02945137 0.6730771 0.01777803 0.7115385 0.01777803 0.6730771 0.01777803 0.6730771 0.02945137 0.6346156 0.02945137 0.6346156 0.02945137 0.634616 0.01777803 0.6730771 0.01777803 0.634616 0.01777803 0.6346156 0.02945137 0.5961539 0.02945137 0.5961539 0.02945137 0.5961534 0.01777803 0.634616 0.01777803 0.5961534 0.01777803 0.5961539 0.02945137 0.5576924 0.02945137 0.5576924 0.02945137 0.5576927 0.01777803 0.5961534 0.01777803 0.5576927 0.01777803 0.5576924 0.02945137 0.5192308 0.02945137 0.5192308 0.02945137 0.519231 0.01777803 0.5576927 0.01777803 0.519231 0.01777803 0.5192308 0.02945137 0.4807702 0.02945137 0.4807702 0.02945137 0.4807701 0.01777803 0.519231 0.01777803 0.4807701 0.01777803 0.4807702 0.02945137 0.4423068 0.02945137 0.4423068 0.02945137 0.4423068 0.01777803 0.4807701 0.01777803 0.4423068 0.01777803 0.4423068 0.02945137 0.4038462 0.02945137 0.4038462 0.02945137 0.4038459 0.01777803 0.4423068 0.01777803 0.4038459 0.01777803 0.4038462 0.02945137 0.3653846 0.02945137 0.3653846 0.02945137 0.3653852 0.01777803 0.4038459 0.01777803 0.3653852 0.01777803 0.3653846 0.02945137 0.3269231 0.02945137 0.3269231 0.02945137 0.3269225 0.01777803 0.3653852 0.01777803 0.3269225 0.01777803 0.3269231 0.02945137 0.2884615 0.02945137 0.2884615 0.02945137 0.2884616 0.01777803 0.3269225 0.01777803 0.2884616 0.01777803 0.2884615 0.02945137 0.25 0.02945137 0.25 0.02945137 0.2500001 0.01777803 0.2884616 0.01777803 0.2500001 0.01777803 0.25 0.02945137 0.2115394 0.02945137 0.2115394 0.02945137 0.2115393 0.01777803 0.2500001 0.01777803 0.2115393 0.01777803 0.2115394 0.02945137 0.173076 0.02945137 0.173076 0.02945137 0.1730762 0.01777803 0.2115393 0.01777803 0.1730762 0.01777803 0.173076 0.02945137 0.1346154 0.02945137 0.1346154 0.02945137 0.1346153 0.01777803 0.1730762 0.01777803 0.1346153 0.01777803 0.1346154 0.02945137 0.09615385 0.02945137 0.09615385 0.02945137 0.09615439 0.01777803 0.1346153 0.01777803 0.09615439 0.01777803 0.09615385 0.02945137 0.05769217 0.02945137 0.05769217 0.02945137 0.05769181 0.01777803 0.09615439 0.01777803 0.05769181 0.01777803 0.05769217 0.02945137 0.01923084 0.02945137 0.01923084 0.02945137 0.01923078 0.01777803 0.05769181 0.01777803 0.01923078 0.01777803 0.01923084 0.02945137 -0.01923072 0.02945137 -0.01923072 0.02945137 -0.0192306 0.01777803 0.01923078 0.01777803 0.9807694 0.01777803 0.9807693 0.02945137 0.9423087 0.02945137 0.9423087 0.02945137 0.9423084 0.01777803 0.9807694 0.01777803 0.9423084 0.01777803 0.9423087 0.02945137 0.9038453 0.02945137 0.9038453 0.02945137 0.9038454 0.01777803 0.9423084 0.01777803 0.9038454 0.01777803 0.9038453 0.02945137 0.8653847 0.02945137 0.8653847 0.02945137 0.8653845 0.01777803 0.9038454 0.01777803 0.8653845 0.01777803 0.8653847 0.02945137 0.8269231 0.02945137 0.8269231 0.02945137 0.8269231 0.01777803 0.8653845 0.01777803 0.8269231 0.01777803 0.8269231 0.02945137 0.7884625 0.02945137 0.7884625 0.02945137 0.7884625 0.01777803 0.8269231 0.01777803 0.7884625 0.1347561 0.7884624 0.135779 0.7499991 0.135779 0.7499991 0.135779 0.7499991 0.1347561 0.7884625 0.1347561 0.7499991 0.1347561 0.7499991 0.135779 0.7115386 0.135779 0.7115386 0.135779 0.7115386 0.1347561 0.7499991 0.1347561 0.7115386 0.1347561 0.7115386 0.135779 0.6730771 0.135779 0.6730771 0.135779 0.6730771 0.1347561 0.7115386 0.1347561 0.6730771 0.1347561 0.6730771 0.135779 0.6346155 0.135779 0.6346155 0.135779 0.6346155 0.1347561 0.6730771 0.1347561 0.6346155 0.1347561 0.6346155 0.135779 0.5961539 0.135779 0.5961539 0.135779 0.5961539 0.1347561 0.6346155 0.1347561 0.5961539 0.1347561 0.5961539 0.135779 0.5576924 0.135779 0.5576924 0.135779 0.5576924 0.1347561 0.5961539 0.1347561 0.5576924 0.1347561 0.5576924 0.135779 0.5192308 0.135779 0.5192308 0.135779 0.5192308 0.1347561 0.5576924 0.1347561 0.5192308 0.1347561 0.5192308 0.135779 0.4807702 0.135779 0.4807702 0.135779 0.4807702 0.1347561 0.5192308 0.1347561 0.4807702 0.1347561 0.4807702 0.135779 0.4423068 0.135779 0.4423068 0.135779 0.4423068 0.1347561 0.4807702 0.1347561 0.4423068 0.1347561 0.4423068 0.135779 0.4038462 0.135779 0.4038462 0.135779 0.4038462 0.1347561 0.4423068 0.1347561 0.4038462 0.1347561 0.4038462 0.135779 0.3653846 0.135779 0.3653846 0.135779 0.3653846 0.1347561 0.4038462 0.1347561 0.3653846 0.1347561 0.3653846 0.135779 0.3269231 0.135779 0.3269231 0.135779 0.3269231 0.1347561 0.3653846 0.1347561 0.3269231 0.1347561 0.3269231 0.135779 0.2884615 0.135779 0.2884615 0.135779 0.2884615 0.1347561 0.3269231 0.1347561 0.2884615 0.1347561 0.2884615 0.135779 0.25 0.135779 0.25 0.135779 0.25 0.1347561 0.2884615 0.1347561 0.25 0.1347561 0.25 0.135779 0.2115393 0.135779 0.2115393 0.135779 0.2115394 0.1347561 0.25 0.1347561 0.2115394 0.1347561 0.2115393 0.135779 0.173076 0.135779 0.173076 0.135779 0.173076 0.1347561 0.2115394 0.1347561 0.173076 0.1347561 0.173076 0.135779 0.1346154 0.135779 0.1346154 0.135779 0.1346154 0.1347561 0.173076 0.1347561 0.1346154 0.1347561 0.1346154 0.135779 0.09615385 0.135779 0.09615385 0.135779 0.09615385 0.1347561 0.1346154 0.1347561 0.09615385 0.1347561 0.09615385 0.135779 0.05769217 0.135779 0.05769217 0.135779 0.05769217 0.1347561 0.09615385 0.1347561 0.05769217 0.1347561 0.05769217 0.135779 0.01923084 0.135779 0.01923084 0.135779 0.01923084 0.1347561 0.05769217 0.1347561 0.01923084 0.1347561 0.01923084 0.135779 -0.01923072 0.135779 -0.01923072 0.135779 -0.01923072 0.1347561 0.01923084 0.1347561 0.9807693 0.1347561 0.9807693 0.135779 0.9423087 0.135779 0.9423087 0.135779 0.9423087 0.1347561 0.9807693 0.1347561 0.9423087 0.1347561 0.9423087 0.135779 0.9038453 0.135779 0.9038453 0.135779 0.9038453 0.1347561 0.9423087 0.1347561 0.9038453 0.1347561 0.9038453 0.135779 0.8653847 0.135779 0.8653847 0.135779 0.8653847 0.1347561 0.9038453 0.1347561 0.8653847 0.1347561 0.8653847 0.135779 0.8269231 0.135779 0.8269231 0.135779 0.8269231 0.1347561 0.8653847 0.1347561 0.8269231 0.1347561 0.8269231 0.135779 0.7884624 0.135779 0.7884624 0.135779 0.7884625 0.1347561 0.8269231 0.1347561</float_array>
          <technique_common>
            <accessor source="#Örüntü_004-mesh-map-0-array" count="2952" stride="2">
              <param name="S" type="float"/>
              <param name="T" type="float"/>
            </accessor>
          </technique_common>
        </source>
        <vertices id="Örüntü_004-mesh-vertices">
          <input semantic="POSITION" source="#Örüntü_004-mesh-positions"/>
        </vertices>
        <triangles material="direk_001-material" count="984">
          <input semantic="VERTEX" source="#Örüntü_004-mesh-vertices" offset="0"/>
          <input semantic="NORMAL" source="#Örüntü_004-mesh-normals" offset="1"/>
          <input semantic="TEXCOORD" source="#Örüntü_004-mesh-map-0" offset="2" set="0"/>
          <p>24 0 0 23 0 1 22 0 2 22 0 3 21 0 4 20 0 5 20 0 6 19 0 7 18 0 8 22 0 9 20 0 10 18 0 11 18 0 12 17 0 13 16 0 14 16 0 15 15 0 16 14 0 17 18 0 18 16 0 19 14 0 20 22 0 21 18 0 22 14 0 23 14 0 24 13 0 25 12 0 26 12 0 27 11 0 28 10 0 29 14 0 30 12 0 31 10 0 32 10 0 33 9 0 34 8 0 35 8 0 36 7 0 37 6 0 38 10 0 39 8 0 40 6 0 41 14 0 42 10 0 43 6 0 44 22 0 45 14 0 46 6 0 47 6 0 48 5 0 49 4 0 50 4 0 51 3 0 52 2 0 53 6 0 54 4 0 55 2 0 56 22 0 57 6 0 58 2 0 59 2 0 60 1 0 61 0 0 62 22 0 63 2 0 64 0 0 65 24 0 66 22 0 67 0 0 68 25 0 69 24 0 70 0 0 71 338 1 72 339 2 73 364 3 74 364 3 75 365 4 76 338 1 77 339 2 78 340 5 79 389 6 80 389 6 81 364 3 82 339 2 83 340 5 84 341 7 85 388 8 86 388 8 87 389 6 88 340 5 89 341 7 90 342 9 91 387 10 92 387 10 93 388 8 94 341 7 95 342 9 96 343 11 97 386 12 98 386 12 99 387 10 100 342 9 101 343 11 102 344 13 103 385 14 104 385 14 105 386 12 106 343 11 107 344 13 108 345 15 109 384 16 110 384 16 111 385 14 112 344 13 113 345 15 114 346 17 115 383 18 116 383 18 117 384 16 118 345 15 119 346 17 120 347 19 121 382 20 122 382 20 123 383 18 124 346 17 125 347 19 126 348 21 127 381 22 128 381 22 129 382 20 130 347 19 131 348 21 132 349 23 133 380 24 134 380 24 135 381 22 136 348 21 137 349 23 138 350 25 139 379 26 140 379 26 141 380 24 142 349 23 143 350 25 144 351 27 145 378 28 146 378 28 147 379 26 148 350 25 149 351 27 150 352 29 151 377 30 152 377 30 153 378 28 154 351 27 155 352 29 156 353 31 157 376 32 158 376 32 159 377 30 160 352 29 161 353 31 162 354 33 163 375 34 164 375 34 165 376 32 166 353 31 167 354 33 168 355 35 169 374 36 170 374 36 171 375 34 172 354 33 173 355 35 174 356 37 175 373 38 176 373 38 177 374 36 178 355 35 179 356 37 180 357 39 181 372 40 182 372 40 183 373 38 184 356 37 185 357 39 186 358 41 187 371 42 188 371 42 189 372 40 190 357 39 191 358 41 192 359 43 193 370 44 194 370 44 195 371 42 196 358 41 197 359 43 198 360 45 199 369 46 200 369 46 201 370 44 202 359 43 203 360 45 204 361 47 205 368 48 206 368 48 207 369 46 208 360 45 209 361 47 210 362 49 211 367 50 212 367 50 213 368 48 214 361 47 215 362 49 216 363 51 217 366 52 218 366 52 219 367 50 220 362 49 221 363 51 222 338 1 223 365 4 224 365 4 225 366 52 226 363 51 227 26 1 228 27 2 229 53 3 230 53 3 231 52 4 232 26 1 233 27 2 234 28 5 235 54 6 236 54 6 237 53 3 238 27 2 239 28 5 240 29 7 241 55 8 242 55 8 243 54 6 244 28 5 245 29 7 246 30 9 247 56 10 248 56 10 249 55 8 250 29 7 251 30 9 252 31 11 253 57 12 254 57 12 255 56 10 256 30 9 257 31 11 258 32 13 259 58 14 260 58 14 261 57 12 262 31 11 263 32 13 264 33 15 265 59 16 266 59 16 267 58 14 268 32 13 269 33 15 270 34 17 271 60 18 272 60 18 273 59 16 274 33 15 275 34 17 276 35 19 277 61 20 278 61 20 279 60 18 280 34 17 281 35 19 282 36 21 283 62 22 284 62 22 285 61 20 286 35 19 287 36 21 288 37 23 289 63 24 290 63 24 291 62 22 292 36 21 293 37 23 294 38 25 295 64 26 296 64 26 297 63 24 298 37 23 299 38 25 300 39 27 301 65 28 302 65 28 303 64 26 304 38 25 305 39 27 306 40 53 307 66 30 308 66 30 309 65 28 310 39 27 311 40 53 312 41 31 313 67 32 314 67 32 315 66 30 316 40 53 317 41 31 318 42 54 319 68 34 320 68 34 321 67 32 322 41 31 323 42 54 324 43 55 325 69 36 326 69 36 327 68 34 328 42 54 329 43 55 330 44 37 331 70 38 332 70 38 333 69 36 334 43 55 335 44 37 336 45 39 337 71 40 338 71 40 339 70 38 340 44 37 341 45 39 342 46 56 343 72 42 344 72 42 345 71 40 346 45 39 347 46 56 348 47 43 349 73 44 350 73 44 351 72 42 352 46 56 353 47 43 354 48 45 355 74 46 356 74 46 357 73 44 358 47 43 359 48 45 360 49 47 361 75 48 362 75 48 363 74 46 364 48 45 365 49 47 366 50 57 367 76 50 368 76 50 369 75 48 370 49 47 371 50 57 372 51 51 373 77 52 374 77 52 375 76 50 376 50 57 377 51 51 378 26 1 379 52 4 380 52 4 381 77 52 382 51 51 383 52 4 384 53 3 385 79 3 386 79 3 387 78 4 388 52 4 389 53 3 390 54 6 391 80 6 392 80 6 393 79 3 394 53 3 395 54 6 396 55 8 397 81 8 398 81 8 399 80 6 400 54 6 401 55 8 402 56 10 403 82 10 404 82 10 405 81 8 406 55 8 407 56 10 408 57 12 409 83 12 410 83 12 411 82 10 412 56 10 413 57 12 414 58 14 415 84 14 416 84 14 417 83 12 418 57 12 419 58 14 420 59 16 421 85 16 422 85 16 423 84 14 424 58 14 425 59 16 426 60 18 427 86 18 428 86 18 429 85 16 430 59 16 431 60 18 432 61 20 433 87 20 434 87 20 435 86 18 436 60 18 437 61 20 438 62 22 439 88 22 440 88 22 441 87 20 442 61 20 443 62 22 444 63 24 445 89 24 446 89 24 447 88 22 448 62 22 449 63 24 450 64 26 451 90 26 452 90 26 453 89 24 454 63 24 455 64 26 456 65 28 457 91 28 458 91 28 459 90 26 460 64 26 461 65 28 462 66 30 463 92 30 464 92 30 465 91 28 466 65 28 467 66 30 468 67 32 469 93 32 470 93 32 471 92 30 472 66 30 473 67 32 474 68 34 475 94 34 476 94 34 477 93 32 478 67 32 479 68 34 480 69 36 481 95 36 482 95 36 483 94 34 484 68 34 485 69 36 486 70 38 487 96 38 488 96 38 489 95 36 490 69 36 491 70 38 492 71 40 493 97 40 494 97 40 495 96 38 496 70 38 497 71 40 498 72 42 499 98 42 500 98 42 501 97 40 502 71 40 503 72 42 504 73 44 505 99 44 506 99 44 507 98 42 508 72 42 509 73 44 510 74 46 511 100 46 512 100 46 513 99 44 514 73 44 515 74 46 516 75 48 517 101 48 518 101 48 519 100 46 520 74 46 521 75 48 522 76 50 523 102 50 524 102 50 525 101 48 526 75 48 527 76 50 528 77 52 529 103 52 530 103 52 531 102 50 532 76 50 533 77 52 534 52 4 535 78 4 536 78 4 537 103 52 538 77 52 539 78 4 540 79 3 541 105 3 542 105 3 543 104 4 544 78 4 545 79 3 546 80 6 547 106 6 548 106 6 549 105 3 550 79 3 551 80 6 552 81 8 553 107 8 554 107 8 555 106 6 556 80 6 557 81 8 558 82 10 559 108 10 560 108 10 561 107 8 562 81 8 563 82 10 564 83 12 565 109 12 566 109 12 567 108 10 568 82 10 569 83 12 570 84 14 571 110 14 572 110 14 573 109 12 574 83 12 575 84 14 576 85 16 577 111 16 578 111 16 579 110 14 580 84 14 581 85 16 582 86 18 583 112 18 584 112 18 585 111 16 586 85 16 587 86 18 588 87 20 589 113 20 590 113 20 591 112 18 592 86 18 593 87 20 594 88 22 595 114 22 596 114 22 597 113 20 598 87 20 599 88 22 600 89 24 601 115 24 602 115 24 603 114 22 604 88 22 605 89 24 606 90 26 607 116 26 608 116 26 609 115 24 610 89 24 611 90 26 612 91 28 613 117 28 614 117 28 615 116 26 616 90 26 617 91 28 618 92 30 619 118 30 620 118 30 621 117 28 622 91 28 623 92 30 624 93 32 625 119 32 626 119 32 627 118 30 628 92 30 629 93 32 630 94 34 631 120 34 632 120 34 633 119 32 634 93 32 635 94 34 636 95 36 637 121 36 638 121 36 639 120 34 640 94 34 641 95 36 642 96 38 643 122 38 644 122 38 645 121 36 646 95 36 647 96 38 648 97 40 649 123 40 650 123 40 651 122 38 652 96 38 653 97 40 654 98 42 655 124 42 656 124 42 657 123 40 658 97 40 659 98 42 660 99 44 661 125 44 662 125 44 663 124 42 664 98 42 665 99 44 666 100 46 667 126 46 668 126 46 669 125 44 670 99 44 671 100 46 672 101 48 673 127 48 674 127 48 675 126 46 676 100 46 677 101 48 678 102 50 679 128 50 680 128 50 681 127 48 682 101 48 683 102 50 684 103 52 685 129 52 686 129 52 687 128 50 688 102 50 689 103 52 690 78 4 691 104 4 692 104 4 693 129 52 694 103 52 695 104 4 696 105 3 697 131 3 698 131 3 699 130 4 700 104 4 701 105 3 702 106 6 703 132 6 704 132 6 705 131 3 706 105 3 707 106 6 708 107 8 709 133 8 710 133 8 711 132 6 712 106 6 713 107 8 714 108 10 715 134 10 716 134 10 717 133 8 718 107 8 719 108 10 720 109 12 721 135 12 722 135 12 723 134 10 724 108 10 725 109 12 726 110 14 727 136 14 728 136 14 729 135 12 730 109 12 731 110 14 732 111 16 733 137 16 734 137 16 735 136 14 736 110 14 737 111 16 738 112 18 739 138 18 740 138 18 741 137 16 742 111 16 743 112 18 744 113 20 745 139 20 746 139 20 747 138 18 748 112 18 749 113 20 750 114 22 751 140 22 752 140 22 753 139 20 754 113 20 755 114 22 756 115 24 757 141 24 758 141 24 759 140 22 760 114 22 761 115 24 762 116 26 763 142 26 764 142 26 765 141 24 766 115 24 767 116 26 768 117 28 769 143 28 770 143 28 771 142 26 772 116 26 773 117 28 774 118 30 775 144 30 776 144 30 777 143 28 778 117 28 779 118 30 780 119 32 781 145 32 782 145 32 783 144 30 784 118 30 785 119 32 786 120 34 787 146 34 788 146 34 789 145 32 790 119 32 791 120 34 792 121 36 793 147 36 794 147 36 795 146 34 796 120 34 797 121 36 798 122 38 799 148 38 800 148 38 801 147 36 802 121 36 803 122 38 804 123 40 805 149 40 806 149 40 807 148 38 808 122 38 809 123 40 810 124 42 811 150 42 812 150 42 813 149 40 814 123 40 815 124 42 816 125 44 817 151 44 818 151 44 819 150 42 820 124 42 821 125 44 822 126 46 823 152 46 824 152 46 825 151 44 826 125 44 827 126 46 828 127 48 829 153 48 830 153 48 831 152 46 832 126 46 833 127 48 834 128 50 835 154 50 836 154 50 837 153 48 838 127 48 839 128 50 840 129 52 841 155 52 842 155 52 843 154 50 844 128 50 845 129 52 846 104 4 847 130 4 848 130 4 849 155 52 850 129 52 851 130 4 852 131 3 853 157 58 854 157 58 855 156 59 856 130 4 857 131 3 858 132 6 859 158 60 860 158 60 861 157 58 862 131 3 863 132 6 864 133 8 865 159 61 866 159 61 867 158 60 868 132 6 869 133 8 870 134 10 871 160 62 872 160 62 873 159 61 874 133 8 875 134 10 876 135 12 877 161 63 878 161 63 879 160 62 880 134 10 881 135 12 882 136 14 883 162 64 884 162 64 885 161 63 886 135 12 887 136 14 888 137 16 889 163 65 890 163 65 891 162 64 892 136 14 893 137 16 894 138 18 895 164 66 896 164 66 897 163 65 898 137 16 899 138 18 900 139 20 901 165 67 902 165 67 903 164 66 904 138 18 905 139 20 906 140 22 907 166 68 908 166 68 909 165 67 910 139 20 911 140 22 912 141 24 913 167 69 914 167 69 915 166 68 916 140 22 917 141 24 918 142 26 919 168 70 920 168 70 921 167 69 922 141 24 923 142 26 924 143 28 925 169 71 926 169 71 927 168 70 928 142 26 929 143 28 930 144 30 931 170 72 932 170 72 933 169 71 934 143 28 935 144 30 936 145 32 937 171 73 938 171 73 939 170 72 940 144 30 941 145 32 942 146 34 943 172 74 944 172 74 945 171 73 946 145 32 947 146 34 948 147 36 949 173 75 950 173 75 951 172 74 952 146 34 953 147 36 954 148 38 955 174 76 956 174 76 957 173 75 958 147 36 959 148 38 960 149 40 961 175 77 962 175 77 963 174 76 964 148 38 965 149 40 966 150 42 967 176 78 968 176 78 969 175 77 970 149 40 971 150 42 972 151 44 973 177 79 974 177 79 975 176 78 976 150 42 977 151 44 978 152 46 979 178 80 980 178 80 981 177 79 982 151 44 983 152 46 984 153 48 985 179 81 986 179 81 987 178 80 988 152 46 989 153 48 990 154 50 991 180 82 992 180 82 993 179 81 994 153 48 995 154 50 996 155 52 997 181 83 998 181 83 999 180 82 1000 154 50 1001 155 52 1002 130 4 1003 156 59 1004 156 59 1005 181 83 1006 155 52 1007 234 84 1008 235 84 1009 236 84 1010 236 85 1011 237 85 1012 238 85 1013 238 86 1014 239 86 1015 240 86 1016 236 87 1017 238 87 1018 240 87 1019 240 84 1020 241 84 1021 242 84 1022 242 84 1023 243 84 1024 244 84 1025 240 84 1026 242 84 1027 244 84 1028 236 88 1029 240 88 1030 244 88 1031 244 84 1032 245 84 1033 246 84 1034 246 89 1035 247 89 1036 248 89 1037 244 90 1038 246 90 1039 248 90 1040 248 91 1041 249 91 1042 250 91 1043 250 84 1044 251 84 1045 252 84 1046 248 92 1047 250 92 1048 252 92 1049 244 84 1050 248 84 1051 252 84 1052 236 84 1053 244 84 1054 252 84 1055 252 93 1056 253 93 1057 254 93 1058 254 84 1059 255 84 1060 256 84 1061 252 84 1062 254 84 1063 256 84 1064 236 94 1065 252 94 1066 256 94 1067 256 95 1068 257 95 1069 258 95 1070 236 96 1071 256 96 1072 258 96 1073 234 84 1074 236 84 1075 258 84 1076 259 84 1077 234 84 1078 258 84 1079 0 0 1080 1 0 1081 183 0 1082 183 0 1083 182 0 1084 0 0 1085 1 0 1086 2 0 1087 184 0 1088 184 0 1089 183 0 1090 1 0 1091 2 0 1092 3 0 1093 185 0 1094 185 0 1095 184 0 1096 2 0 1097 3 0 1098 4 0 1099 186 0 1100 186 0 1101 185 0 1102 3 0 1103 4 0 1104 5 0 1105 187 0 1106 187 0 1107 186 0 1108 4 0 1109 5 0 1110 6 0 1111 188 0 1112 188 0 1113 187 0 1114 5 0 1115 6 0 1116 7 0 1117 189 0 1118 189 0 1119 188 0 1120 6 0 1121 7 0 1122 8 0 1123 190 0 1124 190 0 1125 189 0 1126 7 0 1127 8 0 1128 9 0 1129 191 0 1130 191 0 1131 190 0 1132 8 0 1133 9 0 1134 10 0 1135 192 0 1136 192 0 1137 191 0 1138 9 0 1139 10 0 1140 11 0 1141 193 0 1142 193 0 1143 192 0 1144 10 0 1145 11 0 1146 12 0 1147 194 0 1148 194 0 1149 193 0 1150 11 0 1151 12 0 1152 13 0 1153 195 0 1154 195 0 1155 194 0 1156 12 0 1157 13 0 1158 14 0 1159 196 0 1160 196 0 1161 195 0 1162 13 0 1163 14 0 1164 15 0 1165 197 0 1166 197 0 1167 196 0 1168 14 0 1169 15 0 1170 16 0 1171 198 0 1172 198 0 1173 197 0 1174 15 0 1175 16 0 1176 17 0 1177 199 0 1178 199 0 1179 198 0 1180 16 0 1181 17 0 1182 18 0 1183 200 0 1184 200 0 1185 199 0 1186 17 0 1187 18 0 1188 19 0 1189 201 0 1190 201 0 1191 200 0 1192 18 0 1193 19 0 1194 20 0 1195 202 0 1196 202 0 1197 201 0 1198 19 0 1199 20 0 1200 21 0 1201 203 0 1202 203 0 1203 202 0 1204 20 0 1205 21 0 1206 22 0 1207 204 0 1208 204 0 1209 203 0 1210 21 0 1211 22 0 1212 23 0 1213 205 0 1214 205 0 1215 204 0 1216 22 0 1217 23 0 1218 24 0 1219 206 0 1220 206 0 1221 205 0 1222 23 0 1223 24 0 1224 25 0 1225 207 0 1226 207 0 1227 206 0 1228 24 0 1229 25 0 1230 0 0 1231 182 0 1232 182 0 1233 207 0 1234 25 0 1235 27 97 1236 26 97 1237 209 97 1238 209 98 1239 208 98 1240 27 98 1241 26 99 1242 51 99 1243 210 99 1244 210 100 1245 209 100 1246 26 100 1247 51 84 1248 50 84 1249 211 84 1250 211 84 1251 210 84 1252 51 84 1253 50 84 1254 49 84 1255 212 84 1256 212 84 1257 211 84 1258 50 84 1259 49 84 1260 48 84 1261 213 84 1262 213 84 1263 212 84 1264 49 84 1265 48 101 1266 47 101 1267 214 101 1268 214 102 1269 213 102 1270 48 102 1271 47 103 1272 46 103 1273 215 103 1274 215 104 1275 214 104 1276 47 104 1277 46 84 1278 45 84 1279 216 84 1280 216 105 1281 215 105 1282 46 105 1283 45 84 1284 44 84 1285 217 84 1286 217 84 1287 216 84 1288 45 84 1289 44 84 1290 43 84 1291 218 84 1292 218 84 1293 217 84 1294 44 84 1295 43 84 1296 42 84 1297 219 84 1298 219 84 1299 218 84 1300 43 84 1301 42 106 1302 41 106 1303 220 106 1304 220 84 1305 219 84 1306 42 84 1307 41 107 1308 40 107 1309 221 107 1310 221 108 1311 220 108 1312 41 108 1313 40 109 1314 39 109 1315 222 109 1316 222 110 1317 221 110 1318 40 110 1319 39 111 1320 38 111 1321 223 111 1322 223 112 1323 222 112 1324 39 112 1325 38 113 1326 37 113 1327 224 113 1328 224 114 1329 223 114 1330 38 114 1331 37 84 1332 36 84 1333 225 84 1334 225 115 1335 224 115 1336 37 115 1337 36 84 1338 35 84 1339 226 84 1340 226 84 1341 225 84 1342 36 84 1343 35 84 1344 34 84 1345 227 84 1346 227 84 1347 226 84 1348 35 84 1349 34 84 1350 33 84 1351 228 84 1352 228 84 1353 227 84 1354 34 84 1355 33 84 1356 32 84 1357 229 84 1358 229 84 1359 228 84 1360 33 84 1361 32 84 1362 31 84 1363 230 84 1364 230 84 1365 229 84 1366 32 84 1367 31 84 1368 30 84 1369 231 84 1370 231 84 1371 230 84 1372 31 84 1373 30 84 1374 29 84 1375 232 84 1376 232 116 1377 231 116 1378 30 116 1379 29 84 1380 28 84 1381 233 84 1382 233 84 1383 232 84 1384 29 84 1385 28 84 1386 27 84 1387 208 84 1388 208 117 1389 233 117 1390 28 117 1391 260 118 1392 261 119 1393 286 120 1394 286 120 1395 287 121 1396 260 118 1397 261 119 1398 262 122 1399 311 123 1400 311 123 1401 286 120 1402 261 119 1403 262 122 1404 263 124 1405 310 125 1406 310 125 1407 311 123 1408 262 122 1409 263 124 1410 264 126 1411 309 127 1412 309 127 1413 310 125 1414 263 124 1415 264 126 1416 265 128 1417 308 129 1418 308 129 1419 309 127 1420 264 126 1421 265 128 1422 266 130 1423 307 131 1424 307 131 1425 308 129 1426 265 128 1427 266 130 1428 267 132 1429 306 133 1430 306 133 1431 307 131 1432 266 130 1433 267 132 1434 268 134 1435 305 135 1436 305 135 1437 306 133 1438 267 132 1439 268 134 1440 269 136 1441 304 137 1442 304 137 1443 305 135 1444 268 134 1445 269 136 1446 270 138 1447 303 139 1448 303 139 1449 304 137 1450 269 136 1451 270 138 1452 271 140 1453 302 141 1454 302 141 1455 303 139 1456 270 138 1457 271 140 1458 272 142 1459 301 143 1460 301 143 1461 302 141 1462 271 140 1463 272 142 1464 273 144 1465 300 145 1466 300 145 1467 301 143 1468 272 142 1469 273 144 1470 274 146 1471 299 147 1472 299 147 1473 300 145 1474 273 144 1475 274 146 1476 275 148 1477 298 149 1478 298 149 1479 299 147 1480 274 146 1481 275 148 1482 276 150 1483 297 151 1484 297 151 1485 298 149 1486 275 148 1487 276 150 1488 277 152 1489 296 153 1490 296 153 1491 297 151 1492 276 150 1493 277 152 1494 278 154 1495 295 155 1496 295 155 1497 296 153 1498 277 152 1499 278 154 1500 279 156 1501 294 157 1502 294 157 1503 295 155 1504 278 154 1505 279 156 1506 280 158 1507 293 159 1508 293 159 1509 294 157 1510 279 156 1511 280 158 1512 281 160 1513 292 161 1514 292 161 1515 293 159 1516 280 158 1517 281 160 1518 282 162 1519 291 163 1520 291 163 1521 292 161 1522 281 160 1523 282 162 1524 283 164 1525 290 165 1526 290 165 1527 291 163 1528 282 162 1529 283 164 1530 284 166 1531 289 167 1532 289 167 1533 290 165 1534 283 164 1535 284 166 1536 285 168 1537 288 169 1538 288 169 1539 289 167 1540 284 166 1541 285 168 1542 260 118 1543 287 121 1544 287 121 1545 288 169 1546 285 168 1547 156 170 1548 157 170 1549 261 170 1550 261 171 1551 260 171 1552 156 171 1553 157 0 1554 158 0 1555 262 0 1556 262 172 1557 261 172 1558 157 172 1559 158 0 1560 159 0 1561 263 0 1562 263 0 1563 262 0 1564 158 0 1565 159 0 1566 160 0 1567 264 0 1568 264 173 1569 263 173 1570 159 173 1571 160 0 1572 161 0 1573 265 0 1574 265 0 1575 264 0 1576 160 0 1577 161 0 1578 162 0 1579 266 0 1580 266 0 1581 265 0 1582 161 0 1583 162 0 1584 163 0 1585 267 0 1586 267 0 1587 266 0 1588 162 0 1589 163 0 1590 164 0 1591 268 0 1592 268 0 1593 267 0 1594 163 0 1595 164 0 1596 165 0 1597 269 0 1598 269 174 1599 268 174 1600 164 174 1601 165 175 1602 166 175 1603 270 175 1604 270 0 1605 269 0 1606 165 0 1607 166 176 1608 167 176 1609 271 176 1610 271 177 1611 270 177 1612 166 177 1613 167 178 1614 168 178 1615 272 178 1616 272 0 1617 271 0 1618 167 0 1619 168 179 1620 169 179 1621 273 179 1622 273 180 1623 272 180 1624 168 180 1625 169 181 1626 170 181 1627 274 181 1628 274 182 1629 273 182 1630 169 182 1631 170 183 1632 171 183 1633 275 183 1634 275 184 1635 274 184 1636 170 184 1637 171 0 1638 172 0 1639 276 0 1640 276 185 1641 275 185 1642 171 185 1643 172 0 1644 173 0 1645 277 0 1646 277 186 1647 276 186 1648 172 186 1649 173 0 1650 174 0 1651 278 0 1652 278 187 1653 277 187 1654 173 187 1655 174 0 1656 175 0 1657 279 0 1658 279 0 1659 278 0 1660 174 0 1661 175 0 1662 176 0 1663 280 0 1664 280 0 1665 279 0 1666 175 0 1667 176 188 1668 177 188 1669 281 188 1670 281 0 1671 280 0 1672 176 0 1673 177 0 1674 178 0 1675 282 0 1676 282 0 1677 281 0 1678 177 0 1679 178 0 1680 179 0 1681 283 0 1682 283 189 1683 282 189 1684 178 189 1685 179 190 1686 180 190 1687 284 190 1688 284 0 1689 283 0 1690 179 0 1691 180 0 1692 181 0 1693 285 0 1694 285 191 1695 284 191 1696 180 191 1697 181 192 1698 156 192 1699 260 192 1700 260 0 1701 285 0 1702 181 0 1703 235 193 1704 234 193 1705 312 193 1706 312 194 1707 313 194 1708 235 194 1709 234 195 1710 259 195 1711 337 195 1712 337 196 1713 312 196 1714 234 196 1715 259 197 1716 258 197 1717 336 197 1718 336 198 1719 337 198 1720 259 198 1721 258 199 1722 257 199 1723 335 199 1724 335 200 1725 336 200 1726 258 200 1727 257 201 1728 256 201 1729 334 201 1730 334 202 1731 335 202 1732 257 202 1733 256 203 1734 255 203 1735 333 203 1736 333 204 1737 334 204 1738 256 204 1739 255 84 1740 254 84 1741 332 84 1742 332 205 1743 333 205 1744 255 205 1745 254 84 1746 253 84 1747 331 84 1748 331 84 1749 332 84 1750 254 84 1751 253 84 1752 252 84 1753 330 84 1754 330 84 1755 331 84 1756 253 84 1757 252 206 1758 251 206 1759 329 206 1760 329 84 1761 330 84 1762 252 84 1763 251 207 1764 250 207 1765 328 207 1766 328 84 1767 329 84 1768 251 84 1769 250 84 1770 249 84 1771 327 84 1772 327 208 1773 328 208 1774 250 208 1775 249 209 1776 248 209 1777 326 209 1778 326 84 1779 327 84 1780 249 84 1781 248 210 1782 247 210 1783 325 210 1784 325 211 1785 326 211 1786 248 211 1787 247 212 1788 246 212 1789 324 212 1790 324 213 1791 325 213 1792 247 213 1793 246 214 1794 245 214 1795 323 214 1796 323 215 1797 324 215 1798 246 215 1799 245 216 1800 244 216 1801 322 216 1802 322 217 1803 323 217 1804 245 217 1805 244 218 1806 243 218 1807 321 218 1808 321 219 1809 322 219 1810 244 219 1811 243 220 1812 242 220 1813 320 220 1814 320 221 1815 321 221 1816 243 221 1817 242 84 1818 241 84 1819 319 84 1820 319 222 1821 320 222 1822 242 222 1823 241 84 1824 240 84 1825 318 84 1826 318 84 1827 319 84 1828 241 84 1829 240 84 1830 239 84 1831 317 84 1832 317 84 1833 318 84 1834 240 84 1835 239 84 1836 238 84 1837 316 84 1838 316 84 1839 317 84 1840 239 84 1841 238 220 1842 237 220 1843 315 220 1844 315 223 1845 316 223 1846 238 223 1847 237 224 1848 236 224 1849 314 224 1850 314 225 1851 315 225 1852 237 225 1853 236 226 1854 235 226 1855 313 226 1856 313 227 1857 314 227 1858 236 227 1859 287 121 1860 286 120 1861 313 228 1862 313 228 1863 312 229 1864 287 121 1865 286 120 1866 311 123 1867 314 230 1868 314 230 1869 313 228 1870 286 120 1871 311 123 1872 310 125 1873 315 231 1874 315 231 1875 314 230 1876 311 123 1877 310 125 1878 309 127 1879 316 232 1880 316 232 1881 315 231 1882 310 125 1883 309 127 1884 308 129 1885 317 233 1886 317 233 1887 316 232 1888 309 127 1889 308 129 1890 307 131 1891 318 234 1892 318 234 1893 317 233 1894 308 129 1895 307 131 1896 306 133 1897 319 235 1898 319 235 1899 318 234 1900 307 131 1901 306 133 1902 305 135 1903 320 236 1904 320 236 1905 319 235 1906 306 133 1907 305 135 1908 304 137 1909 321 237 1910 321 237 1911 320 236 1912 305 135 1913 304 137 1914 303 139 1915 322 238 1916 322 238 1917 321 237 1918 304 137 1919 303 139 1920 302 141 1921 323 239 1922 323 239 1923 322 238 1924 303 139 1925 302 141 1926 301 143 1927 324 240 1928 324 240 1929 323 239 1930 302 141 1931 301 143 1932 300 145 1933 325 241 1934 325 241 1935 324 240 1936 301 143 1937 300 145 1938 299 147 1939 326 242 1940 326 242 1941 325 241 1942 300 145 1943 299 147 1944 298 149 1945 327 243 1946 327 243 1947 326 242 1948 299 147 1949 298 149 1950 297 151 1951 328 244 1952 328 244 1953 327 243 1954 298 149 1955 297 151 1956 296 153 1957 329 245 1958 329 245 1959 328 244 1960 297 151 1961 296 153 1962 295 155 1963 330 246 1964 330 246 1965 329 245 1966 296 153 1967 295 155 1968 294 157 1969 331 247 1970 331 247 1971 330 246 1972 295 155 1973 294 157 1974 293 159 1975 332 248 1976 332 248 1977 331 247 1978 294 157 1979 293 159 1980 292 161 1981 333 249 1982 333 249 1983 332 248 1984 293 159 1985 292 161 1986 291 163 1987 334 250 1988 334 250 1989 333 249 1990 292 161 1991 291 163 1992 290 165 1993 335 251 1994 335 251 1995 334 250 1996 291 163 1997 290 165 1998 289 167 1999 336 252 2000 336 252 2001 335 251 2002 290 165 2003 289 167 2004 288 169 2005 337 253 2006 337 253 2007 336 252 2008 289 167 2009 288 169 2010 287 121 2011 312 229 2012 312 229 2013 337 253 2014 288 169 2015 390 118 2016 391 119 2017 442 254 2018 442 254 2019 443 255 2020 390 118 2021 391 119 2022 392 122 2023 467 256 2024 467 256 2025 442 254 2026 391 119 2027 392 122 2028 393 124 2029 466 257 2030 466 257 2031 467 256 2032 392 122 2033 393 124 2034 394 126 2035 465 258 2036 465 258 2037 466 257 2038 393 124 2039 394 126 2040 395 128 2041 464 259 2042 464 259 2043 465 258 2044 394 126 2045 395 128 2046 396 130 2047 463 260 2048 463 260 2049 464 259 2050 395 128 2051 396 130 2052 397 132 2053 462 261 2054 462 261 2055 463 260 2056 396 130 2057 397 132 2058 398 134 2059 461 262 2060 461 262 2061 462 261 2062 397 132 2063 398 134 2064 399 136 2065 460 263 2066 460 263 2067 461 262 2068 398 134 2069 399 136 2070 400 138 2071 459 264 2072 459 264 2073 460 263 2074 399 136 2075 400 138 2076 401 140 2077 458 265 2078 458 265 2079 459 264 2080 400 138 2081 401 140 2082 402 142 2083 457 266 2084 457 266 2085 458 265 2086 401 140 2087 402 142 2088 403 144 2089 456 267 2090 456 267 2091 457 266 2092 402 142 2093 403 144 2094 404 146 2095 455 268 2096 455 268 2097 456 267 2098 403 144 2099 404 146 2100 405 148 2101 454 269 2102 454 269 2103 455 268 2104 404 146 2105 405 148 2106 406 150 2107 453 270 2108 453 270 2109 454 269 2110 405 148 2111 406 150 2112 407 152 2113 452 271 2114 452 271 2115 453 270 2116 406 150 2117 407 152 2118 408 272 2119 451 273 2120 451 273 2121 452 271 2122 407 152 2123 408 272 2124 409 156 2125 450 274 2126 450 274 2127 451 273 2128 408 272 2129 409 156 2130 410 158 2131 449 275 2132 449 275 2133 450 274 2134 409 156 2135 410 158 2136 411 276 2137 448 277 2138 448 277 2139 449 275 2140 410 158 2141 411 276 2142 412 162 2143 447 278 2144 447 278 2145 448 277 2146 411 276 2147 412 162 2148 413 164 2149 446 279 2150 446 279 2151 447 278 2152 412 162 2153 413 164 2154 414 166 2155 445 280 2156 445 280 2157 446 279 2158 413 164 2159 414 166 2160 415 168 2161 444 281 2162 444 281 2163 445 280 2164 414 166 2165 415 168 2166 390 118 2167 443 255 2168 443 255 2169 444 281 2170 415 168 2171 468 254 2172 469 255 2173 365 4 2174 365 4 2175 364 3 2176 468 254 2177 469 255 2178 470 281 2179 366 52 2180 366 52 2181 365 4 2182 469 255 2183 470 281 2184 471 280 2185 367 50 2186 367 50 2187 366 52 2188 470 281 2189 471 280 2190 472 279 2191 368 48 2192 368 48 2193 367 50 2194 471 280 2195 472 279 2196 473 278 2197 369 46 2198 369 46 2199 368 48 2200 472 279 2201 473 278 2202 474 277 2203 370 44 2204 370 44 2205 369 46 2206 473 278 2207 474 277 2208 475 275 2209 371 42 2210 371 42 2211 370 44 2212 474 277 2213 475 275 2214 476 282 2215 372 40 2216 372 40 2217 371 42 2218 475 275 2219 476 282 2220 477 273 2221 373 38 2222 373 38 2223 372 40 2224 476 282 2225 477 273 2226 478 271 2227 374 36 2228 374 36 2229 373 38 2230 477 273 2231 478 271 2232 479 270 2233 375 34 2234 375 34 2235 374 36 2236 478 271 2237 479 270 2238 480 269 2239 376 32 2240 376 32 2241 375 34 2242 479 270 2243 480 269 2244 481 268 2245 377 30 2246 377 30 2247 376 32 2248 480 269 2249 481 268 2250 482 267 2251 378 28 2252 378 28 2253 377 30 2254 481 268 2255 482 267 2256 483 283 2257 379 26 2258 379 26 2259 378 28 2260 482 267 2261 483 283 2262 484 265 2263 380 24 2264 380 24 2265 379 26 2266 483 283 2267 484 265 2268 485 264 2269 381 22 2270 381 22 2271 380 24 2272 484 265 2273 485 264 2274 486 263 2275 382 20 2276 382 20 2277 381 22 2278 485 264 2279 486 263 2280 487 262 2281 383 18 2282 383 18 2283 382 20 2284 486 263 2285 487 262 2286 488 261 2287 384 16 2288 384 16 2289 383 18 2290 487 262 2291 488 261 2292 489 284 2293 385 14 2294 385 14 2295 384 16 2296 488 261 2297 489 284 2298 490 259 2299 386 12 2300 386 12 2301 385 14 2302 489 284 2303 490 259 2304 491 285 2305 387 10 2306 387 10 2307 386 12 2308 490 259 2309 491 285 2310 492 257 2311 388 8 2312 388 8 2313 387 10 2314 491 285 2315 492 257 2316 493 256 2317 389 6 2318 389 6 2319 388 8 2320 492 257 2321 493 256 2322 468 254 2323 364 3 2324 364 3 2325 389 6 2326 493 256 2327 182 286 2328 183 286 2329 391 286 2330 391 287 2331 390 287 2332 182 287 2333 183 288 2334 184 288 2335 392 288 2336 392 289 2337 391 289 2338 183 289 2339 184 290 2340 185 290 2341 393 290 2342 393 291 2343 392 291 2344 184 291 2345 185 292 2346 186 292 2347 394 292 2348 394 293 2349 393 293 2350 185 293 2351 186 294 2352 187 294 2353 395 294 2354 395 295 2355 394 295 2356 186 295 2357 187 296 2358 188 296 2359 396 296 2360 396 297 2361 395 297 2362 187 297 2363 188 0 2364 189 0 2365 397 0 2366 397 298 2367 396 298 2368 188 298 2369 189 0 2370 190 0 2371 398 0 2372 398 0 2373 397 0 2374 189 0 2375 190 0 2376 191 0 2377 399 0 2378 399 0 2379 398 0 2380 190 0 2381 191 299 2382 192 299 2383 400 299 2384 400 300 2385 399 300 2386 191 300 2387 192 301 2388 193 301 2389 401 301 2390 401 302 2391 400 302 2392 192 302 2393 193 303 2394 194 303 2395 402 303 2396 402 304 2397 401 304 2398 193 304 2399 194 305 2400 195 305 2401 403 305 2402 403 306 2403 402 306 2404 194 306 2405 195 0 2406 196 0 2407 404 0 2408 404 307 2409 403 307 2410 195 307 2411 196 0 2412 197 0 2413 405 0 2414 405 0 2415 404 0 2416 196 0 2417 197 0 2418 198 0 2419 406 0 2420 406 0 2421 405 0 2422 197 0 2423 198 308 2424 199 308 2425 407 308 2426 407 309 2427 406 309 2428 198 309 2429 199 0 2430 200 0 2431 408 0 2432 408 310 2433 407 310 2434 199 310 2435 200 311 2436 201 311 2437 409 311 2438 409 312 2439 408 312 2440 200 312 2441 201 313 2442 202 313 2443 410 313 2444 410 314 2445 409 314 2446 201 314 2447 202 0 2448 203 0 2449 411 0 2450 411 315 2451 410 315 2452 202 315 2453 203 0 2454 204 0 2455 412 0 2456 412 0 2457 411 0 2458 203 0 2459 204 0 2460 205 0 2461 413 0 2462 413 0 2463 412 0 2464 204 0 2465 205 0 2466 206 0 2467 414 0 2468 414 0 2469 413 0 2470 205 0 2471 206 316 2472 207 316 2473 415 316 2474 415 317 2475 414 317 2476 206 317 2477 207 318 2478 182 318 2479 390 318 2480 390 319 2481 415 319 2482 207 319 2483 339 320 2484 338 320 2485 417 320 2486 417 321 2487 416 321 2488 339 321 2489 338 322 2490 363 322 2491 418 322 2492 418 323 2493 417 323 2494 338 323 2495 363 324 2496 362 324 2497 419 324 2498 419 325 2499 418 325 2500 363 325 2501 362 326 2502 361 326 2503 420 326 2504 420 327 2505 419 327 2506 362 327 2507 361 328 2508 360 328 2509 421 328 2510 421 329 2511 420 329 2512 361 329 2513 360 330 2514 359 330 2515 422 330 2516 422 331 2517 421 331 2518 360 331 2519 359 332 2520 358 332 2521 423 332 2522 423 333 2523 422 333 2524 359 333 2525 358 334 2526 357 334 2527 424 334 2528 424 84 2529 423 84 2530 358 84 2531 357 335 2532 356 335 2533 425 335 2534 425 336 2535 424 336 2536 357 336 2537 356 337 2538 355 337 2539 426 337 2540 426 338 2541 425 338 2542 356 338 2543 355 339 2544 354 339 2545 427 339 2546 427 340 2547 426 340 2548 355 340 2549 354 341 2550 353 341 2551 428 341 2552 428 342 2553 427 342 2554 354 342 2555 353 343 2556 352 343 2557 429 343 2558 429 344 2559 428 344 2560 353 344 2561 352 345 2562 351 345 2563 430 345 2564 430 346 2565 429 346 2566 352 346 2567 351 347 2568 350 347 2569 431 347 2570 431 348 2571 430 348 2572 351 348 2573 350 349 2574 349 349 2575 432 349 2576 432 350 2577 431 350 2578 350 350 2579 349 351 2580 348 351 2581 433 351 2582 433 352 2583 432 352 2584 349 352 2585 348 353 2586 347 353 2587 434 353 2588 434 354 2589 433 354 2590 348 354 2591 347 355 2592 346 355 2593 435 355 2594 435 356 2595 434 356 2596 347 356 2597 346 357 2598 345 357 2599 436 357 2600 436 358 2601 435 358 2602 346 358 2603 345 84 2604 344 84 2605 437 84 2606 437 359 2607 436 359 2608 345 359 2609 344 360 2610 343 360 2611 438 360 2612 438 361 2613 437 361 2614 344 361 2615 343 362 2616 342 362 2617 439 362 2618 439 363 2619 438 363 2620 343 363 2621 342 364 2622 341 364 2623 440 364 2624 440 365 2625 439 365 2626 342 365 2627 341 366 2628 340 366 2629 441 366 2630 441 367 2631 440 367 2632 341 367 2633 340 368 2634 339 368 2635 416 368 2636 416 369 2637 441 369 2638 340 369 2639 442 254 2640 416 370 2641 417 371 2642 417 371 2643 443 255 2644 442 254 2645 443 255 2646 417 371 2647 418 372 2648 418 372 2649 444 281 2650 443 255 2651 444 281 2652 418 372 2653 419 373 2654 419 373 2655 445 280 2656 444 281 2657 445 280 2658 419 373 2659 420 374 2660 420 374 2661 446 279 2662 445 280 2663 446 279 2664 420 374 2665 421 375 2666 421 375 2667 447 278 2668 446 279 2669 447 278 2670 421 375 2671 422 376 2672 422 376 2673 448 277 2674 447 278 2675 448 277 2676 422 376 2677 423 377 2678 423 377 2679 449 275 2680 448 277 2681 449 275 2682 423 377 2683 424 378 2684 424 378 2685 450 274 2686 449 275 2687 450 274 2688 424 378 2689 425 379 2690 425 379 2691 451 273 2692 450 274 2693 451 273 2694 425 379 2695 426 380 2696 426 380 2697 452 271 2698 451 273 2699 452 271 2700 426 380 2701 427 381 2702 427 381 2703 453 270 2704 452 271 2705 453 270 2706 427 381 2707 428 382 2708 428 382 2709 454 269 2710 453 270 2711 454 269 2712 428 382 2713 429 383 2714 429 383 2715 455 268 2716 454 269 2717 455 268 2718 429 383 2719 430 384 2720 430 384 2721 456 267 2722 455 268 2723 456 267 2724 430 384 2725 431 385 2726 431 385 2727 457 266 2728 456 267 2729 457 266 2730 431 385 2731 432 386 2732 432 386 2733 458 265 2734 457 266 2735 458 265 2736 432 386 2737 433 387 2738 433 387 2739 459 264 2740 458 265 2741 459 264 2742 433 387 2743 434 388 2744 434 388 2745 460 263 2746 459 264 2747 460 263 2748 434 388 2749 435 389 2750 435 389 2751 461 262 2752 460 263 2753 461 262 2754 435 389 2755 436 390 2756 436 390 2757 462 261 2758 461 262 2759 462 261 2760 436 390 2761 437 391 2762 437 391 2763 463 260 2764 462 261 2765 463 260 2766 437 391 2767 438 392 2768 438 392 2769 464 259 2770 463 260 2771 464 259 2772 438 392 2773 439 393 2774 439 393 2775 465 258 2776 464 259 2777 465 258 2778 439 393 2779 440 394 2780 440 394 2781 466 257 2782 465 258 2783 466 257 2784 440 394 2785 441 395 2786 441 395 2787 467 256 2788 466 257 2789 467 256 2790 441 395 2791 416 370 2792 416 370 2793 442 254 2794 467 256 2795 468 254 2796 208 370 2797 209 396 2798 209 396 2799 469 255 2800 468 254 2801 469 255 2802 209 396 2803 210 372 2804 210 372 2805 470 281 2806 469 255 2807 470 281 2808 210 372 2809 211 373 2810 211 373 2811 471 280 2812 470 281 2813 471 280 2814 211 373 2815 212 374 2816 212 374 2817 472 279 2818 471 280 2819 472 279 2820 212 374 2821 213 375 2822 213 375 2823 473 278 2824 472 279 2825 473 278 2826 213 375 2827 214 376 2828 214 376 2829 474 277 2830 473 278 2831 474 277 2832 214 376 2833 215 377 2834 215 377 2835 475 275 2836 474 277 2837 475 275 2838 215 377 2839 216 378 2840 216 378 2841 476 282 2842 475 275 2843 476 282 2844 216 378 2845 217 379 2846 217 379 2847 477 273 2848 476 282 2849 477 273 2850 217 379 2851 218 380 2852 218 380 2853 478 271 2854 477 273 2855 478 271 2856 218 380 2857 219 397 2858 219 397 2859 479 270 2860 478 271 2861 479 270 2862 219 397 2863 220 382 2864 220 382 2865 480 269 2866 479 270 2867 480 269 2868 220 382 2869 221 383 2870 221 383 2871 481 268 2872 480 269 2873 481 268 2874 221 383 2875 222 398 2876 222 398 2877 482 267 2878 481 268 2879 482 267 2880 222 398 2881 223 385 2882 223 385 2883 483 283 2884 482 267 2885 483 283 2886 223 385 2887 224 386 2888 224 386 2889 484 265 2890 483 283 2891 484 265 2892 224 386 2893 225 399 2894 225 399 2895 485 264 2896 484 265 2897 485 264 2898 225 399 2899 226 400 2900 226 400 2901 486 263 2902 485 264 2903 486 263 2904 226 400 2905 227 401 2906 227 401 2907 487 262 2908 486 263 2909 487 262 2910 227 401 2911 228 390 2912 228 390 2913 488 261 2914 487 262 2915 488 261 2916 228 390 2917 229 391 2918 229 391 2919 489 284 2920 488 261 2921 489 284 2922 229 391 2923 230 392 2924 230 392 2925 490 259 2926 489 284 2927 490 259 2928 230 392 2929 231 402 2930 231 402 2931 491 285 2932 490 259 2933 491 285 2934 231 402 2935 232 394 2936 232 394 2937 492 257 2938 491 285 2939 492 257 2940 232 394 2941 233 395 2942 233 395 2943 493 256 2944 492 257 2945 493 256 2946 233 395 2947 208 370 2948 208 370 2949 468 254 2950 493 256 2951</p>
        </triangles>
      </mesh>
    </geometry>
  </library_geometries>
  <library_visual_scenes>
    <visual_scene id="Scene" name="Scene">
      <node id="Light_004" name="Light.004" type="NODE">
        <matrix sid="transform">-0.2908646 -0.7711008 0.5663932 4.076245 0.9551712 -0.1998834 0.2183912 1.005454 -0.055189 0.6045247 0.7946723 5.903862 0 0 0 1</matrix>
        <instance_light url="#Light_004-light"/>
      </node>
      <node id="Camera_004" name="Camera.004" type="NODE">
        <matrix sid="transform">0.6859207 -0.3240135 0.6515582 7.358891 0.7276763 0.3054209 -0.6141704 -6.925791 -4.01133e-9 0.8953956 0.4452714 4.958309 0 0 0 1</matrix>
        <instance_camera url="#Camera_004-camera"/>
      </node>
      <node id="Light_002" name="Light.002" type="NODE">
        <matrix sid="transform">-0.2908646 -0.7711008 0.5663931 4.076245 0.9551712 -0.1998834 0.2183911 1.005454 -0.05518896 0.6045246 0.7946724 5.903862 0 0 0 1</matrix>
        <instance_light url="#Light_002-light"/>
      </node>
      <node id="Camera_002" name="Camera.002" type="NODE">
        <matrix sid="transform">0.6859207 -0.3240135 0.6515582 7.358891 0.7276763 0.3054209 -0.6141704 -6.925791 -4.01133e-9 0.8953956 0.4452714 4.958309 0 0 0 1</matrix>
        <instance_camera url="#Camera_002-camera"/>
      </node>
      <node id="light-yellow" name="light-yellow" type="NODE">
        <matrix sid="transform">5.02266e-9 -5.3925e-9 -0.01082087 -0.04380279 0 0.01507853 -3.86984e-9 -0.06432959 0.016 1.69279e-15 3.39685e-9 2.2209 0 0 0 1</matrix>
        <instance_geometry url="#Örüntü_021-mesh" name="light-yellow">
          <bind_material>
            <technique_common>
              <instance_material symbol="black-light-body_001-material" target="#black-light-body_001-material">
                <bind_vertex_input semantic="Örüntü_021-mesh-map-0" input_semantic="TEXCOORD" input_set="0"/>
              </instance_material>
              <instance_material symbol="light-yellow_001-material" target="#light-yellow_001-material">
                <bind_vertex_input semantic="Örüntü_021-mesh-map-0" input_semantic="TEXCOORD" input_set="0"/>
              </instance_material>
            </technique_common>
          </bind_material>
        </instance_geometry>
      </node>
      <node id="light-tab" name="light-tab" type="NODE">
        <matrix sid="transform">-4.23013e-10 -4.72997e-10 -0.01082092 -0.04380279 -0.009677419 0 4.72997e-10 -0.06432959 0 0.01082092 -4.72997e-10 2.2209 0 0 0 1</matrix>
        <instance_geometry url="#Örüntü_020-mesh" name="light-tab">
          <bind_material>
            <technique_common>
              <instance_material symbol="black-light-body_001-material" target="#black-light-body_001-material">
                <bind_vertex_input semantic="Örüntü_020-mesh-map-0" input_semantic="TEXCOORD" input_set="0"/>
              </instance_material>
            </technique_common>
          </bind_material>
        </instance_geometry>
      </node>
      <node id="light-pin2" name="light-pin2" type="NODE">
        <matrix sid="transform">-4.72997e-10 -4.72997e-10 -0.01082092 -0.05422456 -0.01082092 0 4.72997e-10 -0.1954819 0 0.01082092 -4.72997e-10 2.2209 0 0 0 1</matrix>
        <instance_geometry url="#Örüntü_019-mesh" name="light-pin2">
          <bind_material>
            <technique_common>
              <instance_material symbol="Material_001-material" target="#Material_001-material">
                <bind_vertex_input semantic="Örüntü_019-mesh-map-0" input_semantic="TEXCOORD" input_set="0"/>
              </instance_material>
            </technique_common>
          </bind_material>
        </instance_geometry>
      </node>
      <node id="light-pin1" name="light-pin1" type="NODE">
        <matrix sid="transform">-4.72997e-10 -4.72997e-10 -0.01082092 -0.05422454 -0.01082092 0 4.72997e-10 0.06664529 0 0.01082092 -4.72997e-10 2.2209 0 0 0 1</matrix>
        <instance_geometry url="#Örüntü_018-mesh" name="light-pin1">
          <bind_material>
            <technique_common>
              <instance_material symbol="Material_001-material" target="#Material_001-material">
                <bind_vertex_input semantic="Örüntü_018-mesh-map-0" input_semantic="TEXCOORD" input_set="0"/>
              </instance_material>
            </technique_common>
          </bind_material>
        </instance_geometry>
      </node>
      <node id="light-pin006" name="light-pin006" type="NODE">
        <matrix sid="transform">-4.72997e-10 -4.72997e-10 -0.01082092 -0.05422456 -0.01082092 0 4.72997e-10 -0.1954819 0 0.01082092 -4.72997e-10 1.952101 0 0 0 1</matrix>
        <instance_geometry url="#Örüntü_017-mesh" name="light-pin006">
          <bind_material>
            <technique_common>
              <instance_material symbol="Material_001-material" target="#Material_001-material">
                <bind_vertex_input semantic="Örüntü_017-mesh-map-0" input_semantic="TEXCOORD" input_set="0"/>
              </instance_material>
            </technique_common>
          </bind_material>
        </instance_geometry>
      </node>
      <node id="light-red" name="light-red" type="NODE">
        <matrix sid="transform">5.02266e-9 -5.59348e-9 -0.01082092 -0.04380279 0 0.01564052 -3.86986e-9 -0.06432959 0.016 1.75589e-15 3.39687e-9 2.4911 0 0 0 1</matrix>
        <instance_geometry url="#Örüntü_016-mesh" name="light-red">
          <bind_material>
            <technique_common>
              <instance_material symbol="black-light-body_001-material" target="#black-light-body_001-material">
                <bind_vertex_input semantic="Örüntü_016-mesh-map-0" input_semantic="TEXCOORD" input_set="0"/>
              </instance_material>
              <instance_material symbol="light-red_001-material" target="#light-red_001-material">
                <bind_vertex_input semantic="Örüntü_016-mesh-map-0" input_semantic="TEXCOORD" input_set="0"/>
              </instance_material>
            </technique_common>
          </bind_material>
        </instance_geometry>
      </node>
      <node id="light-green" name="light-green" type="NODE">
        <matrix sid="transform">4.70875e-9 -5.3925e-9 -0.01082092 -0.04380279 0 0.01507853 -3.86986e-9 -0.06432959 0.015 1.69279e-15 3.39687e-9 1.952204 0 0 0 1</matrix>
        <instance_geometry url="#Örüntü_015-mesh" name="light-green">
          <bind_material>
            <technique_common>
              <instance_material symbol="black-light-body_001-material" target="#black-light-body_001-material">
                <bind_vertex_input semantic="Örüntü_015-mesh-map-0" input_semantic="TEXCOORD" input_set="0"/>
              </instance_material>
              <instance_material symbol="color-green_001-material" target="#color-green_001-material">
                <bind_vertex_input semantic="Örüntü_015-mesh-map-0" input_semantic="TEXCOORD" input_set="0"/>
              </instance_material>
            </technique_common>
          </bind_material>
        </instance_geometry>
      </node>
      <node id="light-pin003" name="light-pin003" type="NODE">
        <matrix sid="transform">-4.72997e-10 -4.72997e-10 -0.01082092 -0.05422454 -0.01082092 0 4.72997e-10 0.06664529 0 0.01082092 -4.72997e-10 2.490969 0 0 0 1</matrix>
        <instance_geometry url="#Örüntü_014-mesh" name="light-pin003">
          <bind_material>
            <technique_common>
              <instance_material symbol="Material_001-material" target="#Material_001-material">
                <bind_vertex_input semantic="Örüntü_014-mesh-map-0" input_semantic="TEXCOORD" input_set="0"/>
              </instance_material>
            </technique_common>
          </bind_material>
        </instance_geometry>
      </node>
      <node id="light-pin004" name="light-pin004" type="NODE">
        <matrix sid="transform">-4.72997e-10 -4.72997e-10 -0.01082092 -0.05422456 -0.01082092 0 4.72997e-10 -0.1954819 0 0.01082092 -4.72997e-10 2.490969 0 0 0 1</matrix>
        <instance_geometry url="#Örüntü_006-mesh" name="light-pin004">
          <bind_material>
            <technique_common>
              <instance_material symbol="Material_001-material" target="#Material_001-material">
                <bind_vertex_input semantic="Örüntü_006-mesh-map-0" input_semantic="TEXCOORD" input_set="0"/>
              </instance_material>
            </technique_common>
          </bind_material>
        </instance_geometry>
      </node>
      <node id="light-pin005" name="light-pin005" type="NODE">
        <matrix sid="transform">-4.72997e-10 -4.72997e-10 -0.01082092 -0.05422454 -0.01082092 0 4.72997e-10 0.06664529 0 0.01082092 -4.72997e-10 1.952101 0 0 0 1</matrix>
        <instance_geometry url="#Örüntü_005-mesh" name="light-pin005">
          <bind_material>
            <technique_common>
              <instance_material symbol="Material_001-material" target="#Material_001-material">
                <bind_vertex_input semantic="Örüntü_005-mesh-map-0" input_semantic="TEXCOORD" input_set="0"/>
              </instance_material>
            </technique_common>
          </bind_material>
        </instance_geometry>
      </node>
      <node id="tab" name="tab" type="NODE">
        <matrix sid="transform">-3.35997e-10 0.007686716 4.59046e-10 0.0395102 -0.007686716 -3.35997e-10 0 -0.07107196 0 -3.35997e-10 0.01050175 0.03445971 0 0 0 1</matrix>
        <instance_geometry url="#Örüntü_004-mesh" name="tab">
          <bind_material>
            <technique_common>
              <instance_material symbol="direk_001-material" target="#direk_001-material">
                <bind_vertex_input semantic="Örüntü_004-mesh-map-0" input_semantic="TEXCOORD" input_set="0"/>
              </instance_material>
            </technique_common>
          </bind_material>
        </instance_geometry>
      </node>
      <node id="Camera_001" name="Camera.001" type="NODE">
        <matrix sid="transform">0.6859207 -0.3240135 0.6515582 7.358891 0.7276763 0.3054209 -0.6141704 -6.925791 -4.01133e-9 0.8953956 0.4452714 4.958309 0 0 0 1</matrix>
        <instance_camera url="#Camera_001-camera"/>
      </node>
      <node id="Light_001" name="Light.001" type="NODE">
        <matrix sid="transform">-0.2908646 -0.7711008 0.5663931 4.076245 0.9551712 -0.1998834 0.2183911 1.005454 -0.05518893 0.6045246 0.7946724 5.903862 0 0 0 1</matrix>
        <instance_light url="#Light_001-light"/>
      </node>
      <node id="Camera_003" name="Camera.003" type="NODE">
        <matrix sid="transform">0.6859207 -0.3240135 0.6515582 7.358891 0.7276763 0.3054209 -0.6141704 -6.925791 -4.01133e-9 0.8953956 0.4452714 4.958309 0 0 0 1</matrix>
        <instance_camera url="#Camera_003-camera"/>
      </node>
      <node id="Light_003" name="Light.003" type="NODE">
        <matrix sid="transform">-0.2908646 -0.7711008 0.5663932 4.076245 0.9551712 -0.1998834 0.2183911 1.005454 -0.05518897 0.6045246 0.7946723 5.903862 0 0 0 1</matrix>
        <instance_light url="#Light_003-light"/>
      </node>
      <node id="Camera" name="Camera" type="NODE">
        <matrix sid="transform">0.6859207 -0.3240135 0.6515582 7.358891 0.7276763 0.3054208 -0.6141704 -6.925791 0 0.8953956 0.4452714 4.958309 0 0 0 1</matrix>
        <instance_camera url="#Camera-camera"/>
      </node>
      <node id="Light" name="Light" type="NODE">
        <matrix sid="transform">-0.2908646 -0.7711008 0.5663932 4.076245 0.9551712 -0.1998834 0.2183912 1.005454 -0.05518906 0.6045247 0.7946723 5.903862 0 0 0 1</matrix>
        <instance_light url="#Light-light"/>
      </node>
    </visual_scene>
  </library_visual_scenes>
  <scene>
    <instance_visual_scene url="#Scene"/>
  </scene>
</COLLADA>