<?xml version="1.0" encoding="utf-8"?>
<COLLADA xmlns="http://www.collada.org/2005/11/COLLADASchema" version="1.4.1" xmlns:xsi="http://www.w3.org/2001/XMLSchema-instance">
  <asset>
    <contributor>
      <author>Blender User</author>
      <authoring_tool>Blender 2.92.0 commit date:2021-02-24, commit time:16:25, hash:02948a2cab44</authoring_tool>
    </contributor>
    <created>2022-03-27T14:17:58</created>
    <modified>2022-03-27T14:17:58</modified>
    <unit name="meter" meter="1"/>
    <up_axis>Z_UP</up_axis>
  </asset>
  <library_effects>
    <effect id="kırmızı-effect">
      <profile_COMMON>
        <technique sid="common">
          <lambert>
            <emission>
              <color sid="emission">1 0 0 1</color>
            </emission>
            <diffuse>
              <color sid="diffuse">1 0 0.004898108 1</color>
            </diffuse>
            <index_of_refraction>
              <float sid="ior">1.45</float>
            </index_of_refraction>
          </lambert>
        </technique>
      </profile_COMMON>
    </effect>
    <effect id="beyaz-effect">
      <profile_COMMON>
        <technique sid="common">
          <lambert>
            <emission>
              <color sid="emission">1 1 1 1</color>
            </emission>
            <diffuse>
              <color sid="diffuse">1 1 1 1</color>
            </diffuse>
            <index_of_refraction>
              <float sid="ior">1.45</float>
            </index_of_refraction>
          </lambert>
        </technique>
      </profile_COMMON>
    </effect>
    <effect id="siyah-effect">
      <profile_COMMON>
        <technique sid="common">
          <lambert>
            <emission>
              <color sid="emission">0 0 0 1</color>
            </emission>
            <diffuse>
              <color sid="diffuse">0 0 0 1</color>
            </diffuse>
            <index_of_refraction>
              <float sid="ior">1.45</float>
            </index_of_refraction>
          </lambert>
        </technique>
      </profile_COMMON>
    </effect>
    <effect id="direk_016-effect">
      <profile_COMMON>
        <technique sid="common">
          <lambert>
            <emission>
              <color sid="emission">0 0 0 1</color>
            </emission>
            <diffuse>
              <color sid="diffuse">0.5882353 0.5882353 0.7019608 1</color>
            </diffuse>
            <reflectivity>
              <float sid="specular">1</float>
            </reflectivity>
            <index_of_refraction>
              <float sid="ior">1.45</float>
            </index_of_refraction>
          </lambert>
        </technique>
      </profile_COMMON>
    </effect>
  </library_effects>
  <library_images/>
  <library_materials>
    <material id="kırmızı-material" name="kırmızı">
      <instance_effect url="#kırmızı-effect"/>
    </material>
    <material id="beyaz-material" name="beyaz">
      <instance_effect url="#beyaz-effect"/>
    </material>
    <material id="siyah-material" name="siyah">
      <instance_effect url="#siyah-effect"/>
    </material>
    <material id="direk_016-material" name="direk.016">
      <instance_effect url="#direk_016-effect"/>
    </material>
  </library_materials>
  <library_geometries>
    <geometry id="Circle_014-mesh" name="Circle.014">
      <mesh>
        <source id="Circle_014-mesh-positions">
          <float_array id="Circle_014-mesh-positions-array" count="795">-0.007227718 0.1765989 0.005054473 -0.02549219 0.1756417 0.005054473 -0.04355645 0.1727806 0.005054473 -0.06122273 0.168047 0.005054473 -0.07829743 0.1614926 0.005054473 -0.09459346 0.1531894 0.005054473 -0.1099323 0.1432282 0.005054473 -0.1241459 0.1317182 0.005054473 -0.1370785 0.1187856 0.005054473 -0.1485884 0.1045721 0.005054473 -0.1585496 0.08923321 0.005054473 -0.1668529 0.07293713 0.005054473 -0.1734073 0.05586242 0.005054473 -0.1781409 0.0381962 0.005054473 -0.181002 0.02013188 0.005054473 -0.1819592 0.001867473 0.005054473 -0.181002 -0.01639688 0.005054473 -0.1781409 -0.0344612 0.005054473 -0.1734072 -0.05212748 0.005054473 -0.1668528 -0.06920218 0.005054473 -0.1585496 -0.08549821 0.005054473 -0.1485885 -0.100837 0.005054473 -0.1370785 -0.1150507 0.005054473 -0.1241459 -0.1279832 0.005054473 -0.1099323 -0.1394932 0.005054473 -0.09459346 -0.1494544 0.005054473 -0.07829737 -0.1577576 0.005054473 -0.06122279 -0.164312 0.005054473 -0.04355645 -0.1690456 0.005054473 -0.02549213 -0.1719067 0.005054473 -0.007227718 -0.172864 0.005054473 0.01103657 -0.1719067 0.005054473 0.02910095 -0.1690456 0.005054473 0.04676717 -0.164312 0.005054473 0.06384187 -0.1577576 0.005054473 0.08013796 -0.1494543 0.005054473 0.09547686 -0.1394932 0.005054473 0.1096903 -0.1279833 0.005054473 0.122623 -0.1150506 0.005054473 0.1341329 -0.100837 0.005054473 0.1440941 -0.08549815 0.005054473 0.1523973 -0.06920218 0.005054473 0.1589516 -0.05212748 0.005054473 0.1636853 -0.0344612 0.005054473 0.1665464 -0.01639688 0.005054473 0.1675037 0.001867473 0.005054473 0.1665464 0.02013188 0.005054473 0.1636853 0.03819614 0.005054473 0.1589516 0.05586248 0.005054473 0.1523973 0.07293719 0.005054473 0.1440941 0.08923316 0.005054473 0.1341329 0.104572 0.005054473 0.1226229 0.1187857 0.005054473 0.1096904 0.1317183 0.005054473 0.0954768 0.1432282 0.005054473 0.08013796 0.1531893 0.005054473 0.06384187 0.1614926 0.005054473 0.04676717 0.168047 0.005054473 0.02910089 0.1727806 0.005054473 0.01103663 0.1756417 0.005054473 -0.03076529 0.2258125 0.005054473 -0.007227718 0.227046 0.005054473 -0.05404502 0.2221254 0.005054473 -0.07681179 0.2160251 0.005054473 -0.09881615 0.2075784 0.005054473 -0.119817 0.1968778 0.005054473 -0.1395844 0.1840408 0.005054473 -0.1579017 0.1692078 0.005054473 -0.1745681 0.1525413 0.005054473 -0.189401 0.1342241 0.005054473 -0.2022382 0.1144567 0.005054473 -0.2129386 0.09345585 0.005054473 -0.2213853 0.07145148 0.005054473 -0.2274857 0.04868471 0.005054473 -0.2311728 0.02540504 0.005054473 -0.2324063 0.001867473 0.005054473 -0.2311728 -0.02167004 0.005054473 -0.2274857 -0.04494976 0.005054473 -0.2213853 -0.06771647 0.005054473 -0.2129386 -0.0897209 0.005054473 -0.2022382 -0.1107218 0.005054473 -0.189401 -0.1304891 0.005054473 -0.1745681 -0.1488063 0.005054473 -0.1579017 -0.1654728 0.005054473 -0.1395844 -0.1803058 0.005054473 -0.119817 -0.1931428 0.005054473 -0.09881609 -0.2038434 0.005054473 -0.07681179 -0.2122901 0.005054473 -0.05404502 -0.2183904 0.005054473 -0.03076535 -0.2220775 0.005054473 -0.007227718 -0.2233111 0.005054473 0.01630973 -0.2220775 0.005054473 0.03958946 -0.2183904 0.005054473 0.06235623 -0.2122901 0.005054473 0.08436059 -0.2038433 0.005054473 0.1053615 -0.1931428 0.005054473 0.1251289 -0.1803058 0.005054473 0.1434461 -0.1654728 0.005054473 0.1601125 -0.1488063 0.005054473 0.1749455 -0.1304891 0.005054473 0.1877826 -0.1107218 0.005054473 0.1984831 -0.08972084 0.005054473 0.2069298 -0.06771647 0.005054473 0.2130301 -0.04494976 0.005054473 0.2167172 -0.02166998 0.005054473 0.2179508 0.001867473 0.005054473 0.2167172 0.02540504 0.005054473 0.2130301 0.04868471 0.005054473 0.2069298 0.07145154 0.005054473 0.1984831 0.09345585 0.005054473 0.1877826 0.1144567 0.005054473 0.1749455 0.1342241 0.005054473 0.1601125 0.1525414 0.005054473 0.1434461 0.1692078 0.005054473 0.1251289 0.1840408 0.005054473 0.1053615 0.1968778 0.005054473 0.08436053 0.2075784 0.005054473 0.06235617 0.2160251 0.005054473 0.03958946 0.2221254 0.005054473 0.01630979 0.2258125 0.005054473 0.02910089 0.0773456 0.005054473 0.02910095 0.02863591 0.005054473 0.06384187 0.02863585 0.005054473 0.08013796 0.02863579 0.005054473 0.02910089 0.06200653 0.005054473 0.02910089 0.04571068 0.005054473 0.08013796 0.04571056 0.005054473 -0.2075884 0.1039563 0.005054473 0.1931328 0.1039563 0.005054473 -0.1627013 0.08108514 0.005054473 0.1482457 0.0810852 0.005054473 0.02910089 0.05385863 0.005054473 0.04647141 0.02863591 0.005054473 0.07335841 -0.2080667 0.005054473 0.05530452 -0.1610348 0.005054473 0.05515664 0.02863591 0.005054473 0.06384187 -0.1142578 0.005054473 0.04670101 -0.1142578 0.005054473 0.02910095 -0.1142578 0.005054473 0.05527317 -0.1142578 0.005054473 0.08013796 -0.1422773 0.005054473 0.06384187 -0.08470523 0.005054473 0.04666131 -0.08470523 0.005054473 0.02910095 -0.08470523 0.005054473 0.05525302 -0.08470523 0.005054473 0.08013796 -0.1127247 0.005054473 0.04667431 -0.09439945 0.005054473 0.06384187 -0.09490507 0.005054473 -0.1241461 0.04571068 0.005054473 -0.1241461 -0.1127247 0.005054473 -0.1241461 0.02863597 0.005054473 -0.1241461 0.0773456 0.005054473 -0.1241461 0.06200671 0.005054473 -0.1241461 0.05385869 0.005054473 -0.09459364 -0.1127247 0.005054473 -0.09459364 0.04571068 0.005054473 -0.09459364 0.06200665 0.005054473 -0.09459364 0.0773456 0.005054473 -0.09459364 0.05385869 0.005054473 -0.09459364 0.02863597 0.005054473 -0.09459364 -0.1422772 0.005054473 -0.1138939 0.06200671 0.005054473 -0.1145996 0.04571068 0.005054473 0.0354588 0.07692903 0.005054473 0.02910089 0.02863603 0.005054473 0.03345662 0.0617212 0.005054473 0.03132957 0.04556477 0.005054473 0.03239309 0.05364298 0.005054473 0.04170787 0.07568615 0.005054473 0.02910089 0.02863615 0.005054473 0.03773784 0.06086969 0.005054473 0.03352016 0.04512912 0.005054473 0.03562897 0.05299943 0.005054473 0.04774123 0.0736382 0.005054473 0.02910089 0.02863627 0.005054473 0.04187124 0.05946671 0.005054473 0.03563511 0.0444113 0.005054473 0.03875315 0.05193901 0.005054473 0.05345571 0.07082027 0.005054473 0.02910089 0.02863639 0.005054473 0.0457862 0.05753624 0.005054473 0.03763824 0.04342359 0.005054473 0.04171222 0.05047994 0.005054473 0.05875349 0.06728053 0.005054473 0.02910095 0.02863651 0.005054473 0.04941564 0.05511122 0.005054473 0.03949534 0.04218286 0.005054473 0.04445552 0.04864704 0.005054473 0.06354391 0.06307959 0.005054473 0.02910095 0.02863663 0.005054473 0.05269753 0.05223321 0.005054473 0.04117465 0.04071033 0.005054473 0.04693609 0.04647177 0.005054473 0.06774502 0.05828934 0.005054473 0.02910101 0.02863675 0.005054473 0.05557572 0.0489515 0.005054473 0.04264736 0.0390312 0.005054473 0.04911154 0.04399138 0.005054473 0.07128494 0.05299168 0.005054473 0.02910113 0.02863687 0.005054473 0.05800092 0.04532217 0.005054473 0.04388827 0.03717422 0.005054473 0.05094462 0.0412482 0.005054473 0.07410311 0.04727733 0.005054473 0.02910119 0.02863693 0.005054473 0.05993163 0.04140728 0.005054473 0.04487621 0.03517115 0.005054473 0.05240392 0.03828924 0.005054473 0.07615125 0.04124402 0.005054473 0.02910131 0.02863699 0.005054473 0.06133484 0.03727394 0.005054473 0.04559421 0.03305625 0.005054473 0.05346453 0.03516513 0.005054473 0.07739442 0.03499495 0.005054473 0.02910137 0.02863705 0.005054473 0.06218653 0.03299278 0.005054473 0.0460301 0.03086578 0.005054473 0.05410832 0.03192931 0.005054473 0.02910149 0.02863711 0.005054473 0.06247216 0.02863711 0.005054473 0.04617625 0.02863711 0.005054473 0.0543242 0.02863711 0.005054473 0.04617619 0.02863591 0.005054473 0.05423414 0.02863591 0.005054473 0.0626378 0.02863585 0.005054473 0.07758259 0.02863579 0.005054473 0.07776618 -0.1142578 0.005054473 0.07776308 -0.1114374 0.005054473 0.07773435 -0.08470523 0.005054473 0.07776665 -0.1154732 0.005054473 0.07744926 -0.1142578 0.005054473 0.06384187 -0.09614056 0.005054473 0.05192172 0.07157671 0.005054473 -0.09459364 -0.07786625 0.005054473 0.00982207 0.02863591 0.005054473 -0.1241461 -0.108009 0.005054473 0.02910089 0.04829961 0.005054473 0.0320912 0.05134958 0.005054473 0.03402167 0.05331909 0.005054473 -0.146426 -0.1035075 0.005054473 0.0363512 0.05569469 0.005054473 -0.1287696 -0.08549821 0.005054473 0.04320412 0.06268459 0.005054473 0.04050391 0.05993086 0.005054473 0.02656245 0.04571068 0.005054473 0.07572722 0.04249304 0.005054473 0.08013796 0.04710781 0.005054473 0.04649388 0.0119065 0.005054473 -0.07262444 -0.1127247 0.005054473 0.04623454 0.01163518 0.005054473 -0.1179926 -0.1329661 0.005054473 0.06728905 0.03366458 0.005054473 -0.09459364 -0.1357109 0.005054473 0.02910095 -0.00629127 0.005054473 0.05429589 0.02006971 0.005054473 -0.1297007 -0.1867243 0.005054473 0.07397633 0.04066127 0.005054473 0.05516183 0.02097576 0.005054473 -0.1022629 -0.1444737 0.005054473 -0.1662349 -0.1571395 0.005054473 -0.1306122 -0.121517 0.005054473 -0.1704015 -0.1529729 0.005054473 -0.1338453 -0.1182838 0.005054473 -0.1724848 -0.1508896 0.005054473 -0.134648 -0.1176168 0.005054473</float_array>
          <technique_common>
            <accessor source="#Circle_014-mesh-positions-array" count="265" stride="3">
              <param name="X" type="float"/>
              <param name="Y" type="float"/>
              <param name="Z" type="float"/>
            </accessor>
          </technique_common>
        </source>
        <source id="Circle_014-mesh-normals">
          <float_array id="Circle_014-mesh-normals-array" count="630">0 0 -1 0 0 -1 0 0 -1 0 0 -1 0 0 -1 0 0 -1 0 0 -1 0 0 -1 0 0 -1 0 0 -1 0 0 -1 0 0 -1 0 0 -1 0 0 -1 0 0 -1 0 0 -1 0 0 -1 0 0 -1 0 0 -1 0 0 -1 0 0 -1 0 0 -1 0 0 -1 0 0 -1 0 0 -1 0 0 -1 0 0 -1 0 0 -1 0 0 -1 0 0 -1 0 0 -1 0 0 -1 0 0 -1 0 0 -1 0 0 -1 0 0 -1 0 0 -1 0 0 -1 0 0 -1 0 0 -1 0 0 -1 2.47903e-6 0 -1 0 0 -1 0 0 -1 -2.76905e-7 0 -1 3.42622e-7 0 -1 0 0 -1 0 0 -1 0 0 -1 0 0 -1 0 0 -1 4.16181e-7 0 -1 0 0 -1 0 0 -1 0 0 -1 0 0 -1 -1.28901e-7 0 -1 0 0 -1 0 0 -1 0 0 -1 0 0 -1 0 0 -1 0 0 -1 0 0 -1 -0.00533998 0 0.9999858 0 0 -1 0 0 -1 0 0 -1 0 0 -1 0.01134693 0 0.9999357 -0.005187034 0 0.9999867 0 0 -1 0 0 -1 -0.005095422 0 0.999987 0 0 -1 0 0 -1 -0.004521965 0 0.9999899 0 0 -1 -0.01047652 0 0.9999452 0 0 -1 0 0 -1 0 0 -1 -0.001154422 0 0.9999994 -1.35622e-7 0 -1 -0.005752265 0 0.9999835 -1.63351e-7 0 -1 0 0 -1 0 0 -1 0 0 -1 5.3443e-4 0 0.9999999 0 0 -1 -1.35621e-7 0 -1 -0.0064947 0 0.9999789 -0.00270307 0 0.9999964 0 0 -1 -0.002197504 0 0.9999976 -2.56935e-7 0 -1 -2.43379e-7 0 -1 -8.5303e-7 0 -1 -6.33972e-7 0 -1 0 0 -1 0 0 -1 0 0 -1 0 0 -1 -2.32958e-7 0 -1 0 0 -1 0 0 -1 1.27094e-6 0 -1 1.19412e-7 0 -1 0 0 -1 0 0 -1 0 0 -1 3.06884e-7 0 -1 0 0 -1 1.26965e-7 0 -1 0 0 -1 0 0 -1 1.44483e-7 0 -1 0 0 -1 6.00826e-7 0 -1 0 0 -1 0 0 -1 0 0 -1 0 0 -1 0 0 -1 0 0 -1 0 0 -1 0 0 -1 0 0 -1 0 0 -1 0 0 -1 0 0 -1 0 0 -1 0 0 -1 0 0 -1 0 0 -1 0 0 -1 0 0 -1 0 0 -1 0 0 -1 0 0 -1 0 0 -1 0 0 -1 0 0 -1 0 0 -1 -1.2442e-7 0 -1 0 0 -1 0 0 -1 0 0 -1 0 0 -1 0 0 -1 0 0 -1 0 0 -1 0 0 -1 0 0 -1 0 0 -1 0 0 -1 0 0 -1 0 0 -1 0 0 -1 0 0 -1 0 0 -1 0 0 -1 0 0 -1 0 0 -1 0 0 -1 0 0 -1 3.60656e-7 0 -1 -1.22112e-7 0 -1 -1.7917e-7 0 -1 1.97218e-7 0 -1 -1.98009e-7 0 -1 0 0 -1 3.82404e-7 0 -1 2.398e-7 0 -1 0 0 -1 -2.05015e-7 0 -1 2.05015e-7 0 -1 1.91202e-7 0 -1 -1.35622e-7 0 -1 0 0 -1 0 0 -1 0 0 -1 0 0 -1 0 0 -1 0 0 -1 0 0 -1 0 0 -1 0 0 -1 0 0 -1 0 0 -1 0 0 -1 0 0 -1 0 0 -1 -1.55317e-7 0 -1 0 0 -1 1.73934e-7 0 -1 0 0 -1 0 0 -1 5.57299e-7 0 -1 0 0 -1 0 0 -1 0 0 -1 0 0 -1 0 0 -1 0 0 -1 0 0 -1 0 0 -1 0 0 -1 0 0 -1</float_array>
          <technique_common>
            <accessor source="#Circle_014-mesh-normals-array" count="210" stride="3">
              <param name="X" type="float"/>
              <param name="Y" type="float"/>
              <param name="Z" type="float"/>
            </accessor>
          </technique_common>
        </source>
        <source id="Circle_014-mesh-map-0">
          <float_array id="Circle_014-mesh-map-0-array" count="2646">0.3907542 0.6044598 0.4398649 0.6769038 0.371353 0.6044869 0.5916079 0.8030385 0.5675088 0.8154119 0.6145327 0.6958461 0.5170698 0.8297811 0.491358 0.9265922 0.4912825 0.8316193 0.5425717 0.8243588 0.5245906 0.9242231 0.5170698 0.8297811 0.5425717 0.8243588 0.5895915 0.9057054 0.5574547 0.9172355 0.5916079 0.8030385 0.5895915 0.9057054 0.5675088 0.8154119 0.5916079 0.8030385 0.650285 0.8695729 0.6206483 0.8897598 0.614605 0.7873743 0.6781766 0.8453662 0.650285 0.8695729 0.6563001 0.7468933 0.6781766 0.8453662 0.6362482 0.7685906 0.6563001 0.7468933 0.7275255 0.7859949 0.7040182 0.8174043 0.6745413 0.7225204 0.7484423 0.7514801 0.7275255 0.7859949 0.6907717 0.6957387 0.7665379 0.7142412 0.7484423 0.7514801 0.716513 0.636146 0.7740765 0.6944623 0.7106633 0.6514939 0.7257421 0.6039879 0.7816149 0.6746835 0.716513 0.636146 0.7257421 0.6039879 0.8020883 0.5903673 0.7935085 0.6332408 0.7364122 0.5367058 0.8020883 0.5903673 0.7323995 0.5707197 0.7377364 0.5023189 0.8072593 0.5465333 0.7364122 0.5367058 0.7377364 0.5023189 0.8071891 0.4579086 0.8089662 0.5022181 0.7322909 0.4339334 0.8071891 0.4579086 0.7363576 0.4679358 0.7322909 0.4339334 0.7933008 0.3712403 0.8019484 0.4140893 0.7163009 0.3685519 0.7933008 0.3712403 0.7255808 0.4006841 0.7163009 0.3685519 0.7662019 0.2903164 0.7813419 0.3298317 0.7045527 0.3378893 0.7480471 0.2531276 0.7662019 0.2903164 0.6874078 0.3040089 0.7270755 0.2186719 0.7480471 0.2531276 0.6559125 0.2579747 0.7152973 0.2030007 0.6650523 0.2701354 0.6472168 0.248606 0.6776331 0.1594405 0.7035191 0.1873296 0.6141533 0.2176114 0.6636683 0.1473766 0.6249898 0.2269727 0.5911315 0.2020119 0.6497034 0.1353126 0.6141533 0.2176114 0.567013 0.1897065 0.6200343 0.1152091 0.5911315 0.2020119 0.567013 0.1897065 0.5567972 0.08791154 0.5889527 0.09935098 0.516551 0.1754794 0.5567972 0.08791154 0.5420614 0.18083 0.4907609 0.1737136 0.5239214 0.0810163 0.516551 0.1754794 0.4907609 0.1737136 0.4574538 0.08110994 0.4906855 0.07874083 0.4649736 0.175552 0.4245887 0.08809781 0.4574538 0.08110994 0.4145346 0.1899212 0.4245887 0.08809781 0.4394717 0.1809744 0.3904356 0.2022945 0.3769231 0.1076007 0.4024851 0.1961078 0.3904356 0.2022945 0.3317585 0.1357602 0.361395 0.1155734 0.3457955 0.2367424 0.3317585 0.1357602 0.3674385 0.2179588 0.3457955 0.2367424 0.2780265 0.1879273 0.3038671 0.1599666 0.3075026 0.2828124 0.2780265 0.1879273 0.3257437 0.2584394 0.3075026 0.2828124 0.2336017 0.2538522 0.2545182 0.2193379 0.27723 0.3384912 0.2336017 0.2538522 0.2912721 0.3095942 0.2655305 0.3691868 0.2155056 0.2910922 0.27723 0.3384912 0.2655305 0.3691868 0.1885349 0.3720922 0.2004284 0.3306496 0.2496442 0.4346131 0.1885349 0.3720922 0.2563015 0.4013451 0.2496442 0.4346131 0.174784 0.4587996 0.1799557 0.4149638 0.244307 0.5030142 0.174784 0.4587996 0.2456313 0.4686272 0.244307 0.5030142 0.1748542 0.5474246 0.1730773 0.5031145 0.2497525 0.5713999 0.1748542 0.5474246 0.2456858 0.5373974 0.2497525 0.5713999 0.1887426 0.6340937 0.1800953 0.5912452 0.2657427 0.6367819 0.1887426 0.6340937 0.2564627 0.6046496 0.2774909 0.6674441 0.2082718 0.69526 0.2716168 0.6521129 0.2774909 0.6674441 0.233997 0.7522066 0.2158418 0.7150175 0.3261312 0.747359 0.2549682 0.7866616 0.3078516 0.7230377 0.3261312 0.747359 0.3044105 0.845893 0.278526 0.8180056 0.3678901 0.7877218 0.3044105 0.845893 0.3462174 0.7689995 0.3678901 0.7877218 0.3620088 0.8901241 0.3323404 0.870021 0.4150305 0.8156267 0.3620088 0.8901241 0.3909118 0.8033213 0.4150305 0.8156267 0.4252462 0.9174218 0.3930903 0.9059821 0.4654923 0.8298537 0.4252462 0.9174218 0.4399818 0.8245032 0.4654923 0.8298537 0.491358 0.9265922 0.4581211 0.9243169 0.4395523 0.2826262 0.4145346 0.1899212 0.4394717 0.1809744 0.3708375 0.2819277 0.3674898 0.2827277 0.3904993 0.2826953 0.3674898 0.2827277 0.3257437 0.2584394 0.3457955 0.2367424 0.6562598 0.6957873 0.7048134 0.6668417 0.6907717 0.6957387 0.7364122 0.5367058 0.7323995 0.5707197 0.6561869 0.6040859 0.6562247 0.6515706 0.716513 0.636146 0.7106633 0.6514939 0.6562125 0.636231 0.7257421 0.6039879 0.716513 0.636146 0.6562368 0.6669101 0.7106633 0.6514939 0.7048134 0.6668417 0.2657427 0.6367819 0.2082718 0.69526 0.2007019 0.6755025 0.7048134 0.6668417 0.7740765 0.6944623 0.7665379 0.7142412 0.4147016 0.2826612 0.4024851 0.1961078 0.4145346 0.1899212 0.402598 0.2826783 0.3904356 0.2022945 0.4024851 0.1961078 0.4145346 0.1899212 0.3769231 0.1076007 0.3924512 0.09962797 0.4147016 0.2826612 0.4395523 0.2826262 0.4147689 0.3200468 0.402598 0.2826783 0.4147689 0.3200468 0.4026705 0.3383144 0.3674898 0.2827277 0.3708388 0.282723 0.3708472 0.2880325 0.402598 0.2826783 0.3905263 0.316803 0.3904993 0.2826953 0.3675339 0.3383638 0.27723 0.3384912 0.2912721 0.3095942 0.4026705 0.3383144 0.4152241 0.5729302 0.4042201 0.5883139 0.7045527 0.3378893 0.6874078 0.3040089 0.6904652 0.309032 0.3709278 0.3383591 0.3677449 0.604492 0.3675339 0.3383638 0.3905434 0.3383315 0.4029987 0.5900214 0.3924544 0.6044574 0.4148017 0.3382973 0.4397552 0.5386359 0.4155899 0.5724189 0.2563015 0.4013451 0.2655305 0.3691868 0.3677449 0.604492 0.4026705 0.3383144 0.4147689 0.3200468 0.4148017 0.3382973 0.3905282 0.319129 0.3709278 0.3383591 0.3708472 0.2880325 0.3905282 0.319129 0.4026705 0.3383144 0.3905434 0.3383315 0.4147689 0.3200468 0.4395964 0.3382623 0.4148017 0.3382973 0.6562125 0.636231 0.6562247 0.6515706 0.6427331 0.63625 0.6562247 0.6515706 0.6562368 0.6669101 0.6417612 0.6669305 0.6563001 0.7468933 0.6907717 0.6957387 0.6745413 0.7225204 0.6561869 0.6040859 0.6427331 0.63625 0.6144599 0.6041446 0.6562598 0.6957873 0.6417612 0.6669305 0.6562368 0.6669101 0.6559831 0.3468354 0.6142491 0.3380165 0.6559761 0.3379577 0.5420614 0.18083 0.567013 0.1897065 0.4395523 0.2826262 0.5832293 0.3380601 0.4395964 0.3382623 0.4395523 0.2826262 0.6145327 0.6958461 0.6563001 0.7468933 0.6362482 0.7685906 0.439845 0.6518754 0.4398368 0.6414099 0.4434171 0.6365309 0.4397552 0.5386359 0.5832293 0.3380601 0.614301 0.4036416 0.6144854 0.6362898 0.4670284 0.6043524 0.6144599 0.6041446 0.6144977 0.6516293 0.4398572 0.6672149 0.439845 0.6518754 0.6145098 0.6669689 0.43988 0.6960925 0.4398572 0.6672149 0.6427331 0.63625 0.6144977 0.6516293 0.6144854 0.6362898 0.6144599 0.6041446 0.6427331 0.63625 0.6144854 0.6362898 0.6417612 0.6669305 0.6144977 0.6516293 0.6562247 0.6515706 0.6417612 0.6669305 0.6145327 0.6958461 0.6145098 0.6669689 0.4398329 0.636536 0.4398074 0.6043907 0.4398074 0.6043907 0.4398572 0.6672149 0.439845 0.6518754 0.439845 0.6518754 0.43988 0.6960925 0.4398572 0.6672149 0.4398572 0.6672149 0.4398368 0.6414099 0.4398329 0.636536 0.4398329 0.636536 0.43988 0.6960925 0.4398572 0.6672149 0.4398572 0.6672149 0.4398416 0.6475207 0.439845 0.6518754 0.4398329 0.636536 0.4398572 0.6672149 0.4398572 0.6672149 0.4398492 0.6571286 0.4398329 0.636536 0.4398074 0.6043907 0.4398074 0.6043907 0.4398329 0.636536 0.4398074 0.6043907 0.4398074 0.6043907 0.43988 0.6960925 0.43988 0.6960925 0.4398624 0.6737721 0.439845 0.6518754 0.4398329 0.636536 0.4398329 0.636536 0.4398492 0.6571286 0.4398572 0.6672149 0.439845 0.6518754 0.4398329 0.636536 0.4398074 0.6043907 0.4398074 0.6043907 0.4398624 0.6737721 0.43988 0.6960925 0.4398572 0.6672149 0.439845 0.6518754 0.4398329 0.636536 0.4398329 0.636536 0.4398572 0.6672149 0.439845 0.6518754 0.439845 0.6518754 0.4398329 0.636536 0.4398074 0.6043907 0.4398074 0.6043907 0.43988 0.6960925 0.4398572 0.6672149 0.4398572 0.6672149 0.439845 0.6518754 0.4398329 0.636536 0.4398329 0.636536 0.4398572 0.6672149 0.439845 0.6518754 0.439845 0.6518754 0.4398329 0.636536 0.4398074 0.6043907 0.4398074 0.6043907 0.43988 0.6960925 0.4398572 0.6672149 0.4398572 0.6672149 0.439845 0.6518754 0.4398329 0.636536 0.4398329 0.636536 0.4398572 0.6672149 0.439845 0.6518754 0.439845 0.6518754 0.4398329 0.636536 0.4398074 0.6043907 0.4398074 0.6043907 0.43988 0.6960925 0.4398572 0.6672149 0.4398572 0.6672149 0.439845 0.6518754 0.4398329 0.636536 0.4398329 0.636536 0.4398572 0.6672149 0.439845 0.6518754 0.439845 0.6518754 0.4398572 0.6672149 0.439845 0.6518754 0.439845 0.6518754 0.4398329 0.636536 0.4398074 0.6043907 0.4398074 0.6043907 0.43988 0.6960925 0.4398572 0.6672149 0.4398572 0.6672149 0.439845 0.6518754 0.4398329 0.636536 0.4398329 0.636536 0.439845 0.6518754 0.4398329 0.636536 0.4398329 0.636536 0.4398572 0.6672149 0.439845 0.6518754 0.439845 0.6518754 0.4398329 0.636536 0.4398074 0.6043907 0.4398074 0.6043907 0.43988 0.6960925 0.4398572 0.6672149 0.4398572 0.6672149 0.439845 0.6518754 0.4398329 0.636536 0.4398329 0.636536 0.4398572 0.6672149 0.439845 0.6518754 0.439845 0.6518754 0.4398329 0.636536 0.4398074 0.6043907 0.4398074 0.6043907 0.43988 0.6960925 0.43988 0.6960925 0.4398767 0.6918535 0.439845 0.6518754 0.4398329 0.636536 0.4398329 0.636536 0.4398572 0.6672149 0.439845 0.6518754 0.439845 0.6518754 0.4398329 0.636536 0.4398074 0.6043907 0.4398074 0.6043907 0.4398572 0.6672149 0.4398649 0.6769038 0.4398572 0.6672149 0.439845 0.6518754 0.4398329 0.636536 0.4398329 0.636536 0.4398572 0.6672149 0.439845 0.6518754 0.439845 0.6518754 0.4398329 0.636536 0.4398074 0.6043907 0.4398074 0.6043907 0.3924544 0.6044574 0.4398572 0.6672149 0.4398649 0.6769038 0.4156976 0.6044247 0.4152241 0.5729302 0.4155899 0.5724189 0.4043201 0.6044406 0.4029987 0.5900214 0.4042201 0.5883139 0.3924544 0.6044574 0.3907542 0.6044598 0.3905434 0.3383315 0.3708472 0.2880325 0.3675339 0.3383638 0.3674898 0.2827277 0.371353 0.6044869 0.3905434 0.3383315 0.3907542 0.6044598 0.3674898 0.2827277 0.3708375 0.2819277 0.3708388 0.282723 0.3905263 0.316803 0.3708472 0.2880325 0.3712862 0.2827223 0.3708375 0.2819277 0.3712862 0.2827223 0.3708388 0.282723 0.3905263 0.316803 0.3712862 0.2827223 0.3904993 0.2826953 0.3905263 0.316803 0.4026705 0.3383144 0.3905282 0.319129 0.614301 0.4036416 0.6561869 0.6040859 0.6144599 0.6041446 0.4434171 0.6365309 0.4398368 0.6414099 0.4398329 0.636536 0.4434171 0.6365309 0.4398074 0.6043907 0.4670284 0.6043524 0.4398416 0.6475207 0.439845 0.6518754 0.439845 0.6518754 0.439845 0.6518754 0.4398416 0.6475207 0.439845 0.6518754 0.4398572 0.6672149 0.4398624 0.6737721 0.4398572 0.6672149 0.4398572 0.6672149 0.4398492 0.6571286 0.4398572 0.6672149 0.43988 0.6960925 0.4398624 0.6737721 0.43988 0.6960925 0.233997 0.7522066 0.3078516 0.7230377 0.2549682 0.7866616 0.4670284 0.6043524 0.614301 0.4036416 0.6144599 0.6041446 0.439845 0.6518754 0.4398492 0.6571286 0.439845 0.6518754 0.5832293 0.3380601 0.6142147 0.2947422 0.6142491 0.3380165 0.4042201 0.5883139 0.4152808 0.6044252 0.4043201 0.6044406 0.4155899 0.5724189 0.4398074 0.6043907 0.4156976 0.6044247 0.4042201 0.5883139 0.4029987 0.5900214 0.4026705 0.3383144 0.43988 0.6960925 0.43988 0.6960925 0.3677703 0.6366372 0.43988 0.6960925 0.43988 0.6960925 0.3078516 0.7230377 0.6358263 0.2363341 0.6636683 0.1473766 0.6776331 0.1594405 0.5832293 0.3380601 0.4397552 0.5386359 0.4395964 0.3382623 0.4398767 0.6918535 0.43988 0.6960925 0.43988 0.6960925 0.4398767 0.6918535 0.43988 0.6960925 0.4398649 0.6769038 0.3924544 0.6044574 0.4029987 0.5900214 0.4030175 0.6044425 0.4155899 0.5724189 0.4152241 0.5729302 0.4148017 0.3382973 0.6696222 0.2762157 0.7152973 0.2030007 0.7211864 0.2108364 0.6719072 0.2792559 0.7211864 0.2108364 0.724131 0.2147541 0.6741921 0.2822961 0.724131 0.2147541 0.7270755 0.2186719 0.6696222 0.2762157 0.6719072 0.2792559 0.6559761 0.3379577 0.6874078 0.3040089 0.6625043 0.3379485 0.6559831 0.3468354 0.6142049 0.2823805 0.6249898 0.2269727 0.6142147 0.2947422 0.43988 0.6960925 0.43988 0.6960925 0.4150305 0.8156267 0.2774909 0.6674441 0.2716168 0.6521129 0.3677724 0.6392676 0.3907542 0.6044598 0.3924544 0.6044574 0.4398649 0.6769038 0.4398649 0.6769038 0.43988 0.6960925 0.371353 0.6044869 0.5425717 0.8243588 0.5170698 0.8297811 0.43988 0.6960925 0.5170698 0.8297811 0.4912825 0.8316193 0.43988 0.6960925 0.4912825 0.8316193 0.4654923 0.8298537 0.43988 0.6960925 0.4654923 0.8298537 0.4399818 0.8245032 0.43988 0.6960925 0.43988 0.6960925 0.6145327 0.6958461 0.5425717 0.8243588 0.5425717 0.8243588 0.6145327 0.6958461 0.5675088 0.8154119 0.6145327 0.6958461 0.614605 0.7873743 0.5916079 0.8030385 0.5170698 0.8297811 0.5245906 0.9242231 0.491358 0.9265922 0.5425717 0.8243588 0.5574547 0.9172355 0.5245906 0.9242231 0.5425717 0.8243588 0.5675088 0.8154119 0.5895915 0.9057054 0.5916079 0.8030385 0.6206483 0.8897598 0.5895915 0.9057054 0.5916079 0.8030385 0.614605 0.7873743 0.650285 0.8695729 0.614605 0.7873743 0.6362482 0.7685906 0.6781766 0.8453662 0.6563001 0.7468933 0.7040182 0.8174043 0.6781766 0.8453662 0.6563001 0.7468933 0.6745413 0.7225204 0.7275255 0.7859949 0.6745413 0.7225204 0.6907717 0.6957387 0.7484423 0.7514801 0.6907717 0.6957387 0.7048134 0.6668417 0.7665379 0.7142412 0.716513 0.636146 0.7816149 0.6746835 0.7740765 0.6944623 0.7257421 0.6039879 0.7935085 0.6332408 0.7816149 0.6746835 0.7257421 0.6039879 0.7323995 0.5707197 0.8020883 0.5903673 0.7364122 0.5367058 0.8072593 0.5465333 0.8020883 0.5903673 0.7377364 0.5023189 0.8089662 0.5022181 0.8072593 0.5465333 0.7377364 0.5023189 0.7363576 0.4679358 0.8071891 0.4579086 0.7322909 0.4339334 0.8019484 0.4140893 0.8071891 0.4579086 0.7322909 0.4339334 0.7255808 0.4006841 0.7933008 0.3712403 0.7163009 0.3685519 0.7813419 0.3298317 0.7933008 0.3712403 0.7163009 0.3685519 0.7045527 0.3378893 0.7662019 0.2903164 0.7045527 0.3378893 0.6904652 0.309032 0.7480471 0.2531276 0.7480471 0.2531276 0.6904652 0.309032 0.6874078 0.3040089 0.6874078 0.3040089 0.6741921 0.2822961 0.7270755 0.2186719 0.6559125 0.2579747 0.7035191 0.1873296 0.7152973 0.2030007 0.7035191 0.1873296 0.6559125 0.2579747 0.6472168 0.248606 0.6472168 0.248606 0.6358263 0.2363341 0.6776331 0.1594405 0.6141533 0.2176114 0.6497034 0.1353126 0.6636683 0.1473766 0.5911315 0.2020119 0.6200343 0.1152091 0.6497034 0.1353126 0.567013 0.1897065 0.5889527 0.09935098 0.6200343 0.1152091 0.567013 0.1897065 0.5420614 0.18083 0.5567972 0.08791154 0.516551 0.1754794 0.5239214 0.0810163 0.5567972 0.08791154 0.4907609 0.1737136 0.4906855 0.07874083 0.5239214 0.0810163 0.4907609 0.1737136 0.4649736 0.175552 0.4574538 0.08110994 0.4649736 0.175552 0.4394717 0.1809744 0.4245887 0.08809781 0.4145346 0.1899212 0.3924512 0.09962797 0.4245887 0.08809781 0.3904356 0.2022945 0.361395 0.1155734 0.3769231 0.1076007 0.3904356 0.2022945 0.3674385 0.2179588 0.3317585 0.1357602 0.3457955 0.2367424 0.3038671 0.1599666 0.3317585 0.1357602 0.3457955 0.2367424 0.3257437 0.2584394 0.2780265 0.1879273 0.3075026 0.2828124 0.2545182 0.2193379 0.2780265 0.1879273 0.3075026 0.2828124 0.2912721 0.3095942 0.2336017 0.2538522 0.27723 0.3384912 0.2155056 0.2910922 0.2336017 0.2538522 0.2655305 0.3691868 0.2004284 0.3306496 0.2155056 0.2910922 0.2655305 0.3691868 0.2563015 0.4013451 0.1885349 0.3720922 0.2496442 0.4346131 0.1799557 0.4149638 0.1885349 0.3720922 0.2496442 0.4346131 0.2456313 0.4686272 0.174784 0.4587996 0.244307 0.5030142 0.1730773 0.5031145 0.174784 0.4587996 0.244307 0.5030142 0.2456858 0.5373974 0.1748542 0.5474246 0.2497525 0.5713999 0.1800953 0.5912452 0.1748542 0.5474246 0.2497525 0.5713999 0.2564627 0.6046496 0.1887426 0.6340937 0.2657427 0.6367819 0.2007019 0.6755025 0.1887426 0.6340937 0.2774909 0.6674441 0.2158418 0.7150175 0.2082718 0.69526 0.2774909 0.6674441 0.2915786 0.6963016 0.233997 0.7522066 0.3261312 0.747359 0.278526 0.8180056 0.2549682 0.7866616 0.3261312 0.747359 0.3462174 0.7689995 0.3044105 0.845893 0.3678901 0.7877218 0.3323404 0.870021 0.3044105 0.845893 0.3678901 0.7877218 0.3909118 0.8033213 0.3620088 0.8901241 0.4150305 0.8156267 0.3930903 0.9059821 0.3620088 0.8901241 0.4150305 0.8156267 0.4399818 0.8245032 0.4252462 0.9174218 0.4654923 0.8298537 0.4581211 0.9243169 0.4252462 0.9174218 0.4654923 0.8298537 0.4912825 0.8316193 0.491358 0.9265922 0.4395523 0.2826262 0.4147016 0.2826612 0.4145346 0.1899212 0.3674385 0.2179588 0.3904356 0.2022945 0.3674898 0.2827277 0.3904356 0.2022945 0.3904993 0.2826953 0.3674898 0.2827277 0.3904993 0.2826953 0.3712862 0.2827223 0.3708375 0.2819277 0.3457955 0.2367424 0.3674385 0.2179588 0.3674898 0.2827277 0.3674898 0.2827277 0.3075026 0.2828124 0.3257437 0.2584394 0.6562598 0.6957873 0.6562368 0.6669101 0.7048134 0.6668417 0.7323995 0.5707197 0.7257421 0.6039879 0.6561869 0.6040859 0.6561869 0.6040859 0.6559831 0.3468354 0.6625043 0.3379485 0.6625043 0.3379485 0.7045527 0.3378893 0.7163009 0.3685519 0.7163009 0.3685519 0.7255808 0.4006841 0.6625043 0.3379485 0.7255808 0.4006841 0.7322909 0.4339334 0.6561869 0.6040859 0.6625043 0.3379485 0.7255808 0.4006841 0.6561869 0.6040859 0.7322909 0.4339334 0.7363576 0.4679358 0.6561869 0.6040859 0.7363576 0.4679358 0.7377364 0.5023189 0.6561869 0.6040859 0.7377364 0.5023189 0.7364122 0.5367058 0.6561869 0.6040859 0.6562247 0.6515706 0.6562125 0.636231 0.716513 0.636146 0.6562125 0.636231 0.6561869 0.6040859 0.7257421 0.6039879 0.6562368 0.6669101 0.6562247 0.6515706 0.7106633 0.6514939 0.2657427 0.6367819 0.2716168 0.6521129 0.2082718 0.69526 0.7048134 0.6668417 0.7106633 0.6514939 0.7740765 0.6944623 0.4147016 0.2826612 0.402598 0.2826783 0.4024851 0.1961078 0.402598 0.2826783 0.3904993 0.2826953 0.3904356 0.2022945 0.4145346 0.1899212 0.4024851 0.1961078 0.3769231 0.1076007 0.402598 0.2826783 0.4147016 0.2826612 0.4147689 0.3200468 0.402598 0.2826783 0.4026705 0.3383144 0.3905263 0.316803 0.2912721 0.3095942 0.3075026 0.2828124 0.3675339 0.3383638 0.3075026 0.2828124 0.3674898 0.2827277 0.3675339 0.3383638 0.4026705 0.3383144 0.4148017 0.3382973 0.4152241 0.5729302 0.7045527 0.3378893 0.6625043 0.3379485 0.6874078 0.3040089 0.3709278 0.3383591 0.371353 0.6044869 0.3677449 0.604492 0.3905434 0.3383315 0.4026705 0.3383144 0.4029987 0.5900214 0.4148017 0.3382973 0.4395964 0.3382623 0.4397552 0.5386359 0.2655305 0.3691868 0.27723 0.3384912 0.3675339 0.3383638 0.3675339 0.3383638 0.3677449 0.604492 0.2655305 0.3691868 0.3677449 0.604492 0.2564627 0.6046496 0.2497525 0.5713999 0.2456858 0.5373974 0.3677449 0.604492 0.2497525 0.5713999 0.2456858 0.5373974 0.244307 0.5030142 0.3677449 0.604492 0.244307 0.5030142 0.2456313 0.4686272 0.3677449 0.604492 0.2456313 0.4686272 0.2496442 0.4346131 0.3677449 0.604492 0.2496442 0.4346131 0.2563015 0.4013451 0.3677449 0.604492 0.3905282 0.319129 0.3905434 0.3383315 0.3709278 0.3383591 0.4147689 0.3200468 0.4395523 0.2826262 0.4395964 0.3382623 0.6563001 0.7468933 0.6562598 0.6957873 0.6907717 0.6957387 0.6561869 0.6040859 0.6562125 0.636231 0.6427331 0.63625 0.6562598 0.6957873 0.6145327 0.6958461 0.6417612 0.6669305 0.6559831 0.3468354 0.614301 0.4036416 0.6142491 0.3380165 0.5911315 0.2020119 0.6141533 0.2176114 0.6142049 0.2823805 0.6142049 0.2823805 0.4395523 0.2826262 0.567013 0.1897065 0.4395523 0.2826262 0.4394717 0.1809744 0.4649736 0.175552 0.6142049 0.2823805 0.567013 0.1897065 0.5911315 0.2020119 0.4649736 0.175552 0.4907609 0.1737136 0.4395523 0.2826262 0.4907609 0.1737136 0.516551 0.1754794 0.4395523 0.2826262 0.516551 0.1754794 0.5420614 0.18083 0.4395523 0.2826262 0.4395523 0.2826262 0.6142049 0.2823805 0.5832293 0.3380601 0.6142049 0.2823805 0.6142147 0.2947422 0.5832293 0.3380601 0.6362482 0.7685906 0.614605 0.7873743 0.6145327 0.6958461 0.6145327 0.6958461 0.6562598 0.6957873 0.6563001 0.7468933 0.4434171 0.6365309 0.6144854 0.6362898 0.6144977 0.6516293 0.6144977 0.6516293 0.439845 0.6518754 0.4434171 0.6365309 0.5832293 0.3380601 0.6142491 0.3380165 0.614301 0.4036416 0.614301 0.4036416 0.4670284 0.6043524 0.4397552 0.5386359 0.4670284 0.6043524 0.4398074 0.6043907 0.4397552 0.5386359 0.6144854 0.6362898 0.4434171 0.6365309 0.4670284 0.6043524 0.6144977 0.6516293 0.6145098 0.6669689 0.4398572 0.6672149 0.6145098 0.6669689 0.6145327 0.6958461 0.43988 0.6960925 0.6427331 0.63625 0.6562247 0.6515706 0.6144977 0.6516293 0.6417612 0.6669305 0.6145098 0.6669689 0.6144977 0.6516293 0.4398329 0.636536 0.4398329 0.636536 0.4398074 0.6043907 0.4398572 0.6672149 0.4398572 0.6672149 0.439845 0.6518754 0.43988 0.6960925 0.43988 0.6960925 0.4398572 0.6672149 0.4398368 0.6414099 0.4398416 0.6475207 0.4398329 0.636536 0.43988 0.6960925 0.43988 0.6960925 0.4398572 0.6672149 0.4398329 0.636536 0.4398329 0.636536 0.4398416 0.6475207 0.4398416 0.6475207 0.439845 0.6518754 0.439845 0.6518754 0.439845 0.6518754 0.439845 0.6518754 0.4398492 0.6571286 0.439845 0.6518754 0.4398572 0.6672149 0.4398492 0.6571286 0.4398329 0.636536 0.4398329 0.636536 0.4398074 0.6043907 0.4398329 0.636536 0.4398329 0.636536 0.4398074 0.6043907 0.4398572 0.6672149 0.4398572 0.6672149 0.4398624 0.6737721 0.4398572 0.6672149 0.43988 0.6960925 0.4398624 0.6737721 0.439845 0.6518754 0.439845 0.6518754 0.4398329 0.636536 0.439845 0.6518754 0.439845 0.6518754 0.4398492 0.6571286 0.4398492 0.6571286 0.4398572 0.6672149 0.4398572 0.6672149 0.4398329 0.636536 0.4398329 0.636536 0.4398074 0.6043907 0.4398572 0.6672149 0.4398572 0.6672149 0.4398624 0.6737721 0.4398624 0.6737721 0.43988 0.6960925 0.43988 0.6960925 0.439845 0.6518754 0.439845 0.6518754 0.4398329 0.636536 0.4398572 0.6672149 0.4398572 0.6672149 0.439845 0.6518754 0.4398329 0.636536 0.4398329 0.636536 0.4398074 0.6043907 0.43988 0.6960925 0.43988 0.6960925 0.4398572 0.6672149 0.439845 0.6518754 0.439845 0.6518754 0.4398329 0.636536 0.4398572 0.6672149 0.4398572 0.6672149 0.439845 0.6518754 0.4398329 0.636536 0.4398329 0.636536 0.4398074 0.6043907 0.43988 0.6960925 0.43988 0.6960925 0.4398572 0.6672149 0.439845 0.6518754 0.439845 0.6518754 0.4398329 0.636536 0.4398572 0.6672149 0.4398572 0.6672149 0.439845 0.6518754 0.4398329 0.636536 0.4398329 0.636536 0.4398074 0.6043907 0.43988 0.6960925 0.43988 0.6960925 0.4398572 0.6672149 0.439845 0.6518754 0.439845 0.6518754 0.4398329 0.636536 0.4398572 0.6672149 0.4398572 0.6672149 0.439845 0.6518754 0.4398572 0.6672149 0.4398572 0.6672149 0.439845 0.6518754 0.4398329 0.636536 0.4398329 0.636536 0.4398074 0.6043907 0.43988 0.6960925 0.43988 0.6960925 0.4398572 0.6672149 0.439845 0.6518754 0.439845 0.6518754 0.4398329 0.636536 0.439845 0.6518754 0.439845 0.6518754 0.4398329 0.636536 0.4398572 0.6672149 0.4398572 0.6672149 0.439845 0.6518754 0.4398329 0.636536 0.4398329 0.636536 0.4398074 0.6043907 0.43988 0.6960925 0.43988 0.6960925 0.4398572 0.6672149 0.439845 0.6518754 0.439845 0.6518754 0.4398329 0.636536 0.4398572 0.6672149 0.4398572 0.6672149 0.439845 0.6518754 0.4398329 0.636536 0.4398329 0.636536 0.4398074 0.6043907 0.4398572 0.6672149 0.4398572 0.6672149 0.4398767 0.6918535 0.4398572 0.6672149 0.43988 0.6960925 0.4398767 0.6918535 0.439845 0.6518754 0.439845 0.6518754 0.4398329 0.636536 0.4398572 0.6672149 0.4398572 0.6672149 0.439845 0.6518754 0.4398329 0.636536 0.4398329 0.636536 0.4398074 0.6043907 0.4398572 0.6672149 0.4398767 0.6918535 0.4398649 0.6769038 0.439845 0.6518754 0.439845 0.6518754 0.4398329 0.636536 0.4398572 0.6672149 0.4398572 0.6672149 0.439845 0.6518754 0.4398329 0.636536 0.4398329 0.636536 0.4398074 0.6043907 0.3924544 0.6044574 0.4398572 0.6672149 0.4398572 0.6672149 0.4156976 0.6044247 0.4152808 0.6044252 0.4152241 0.5729302 0.4043201 0.6044406 0.4030175 0.6044425 0.4029987 0.5900214 0.3708472 0.2880325 0.3709278 0.3383591 0.3675339 0.3383638 0.371353 0.6044869 0.3709278 0.3383591 0.3905434 0.3383315 0.3905282 0.319129 0.3708472 0.2880325 0.3905263 0.316803 0.3708472 0.2880325 0.3708388 0.282723 0.3712862 0.2827223 0.614301 0.4036416 0.6559831 0.3468354 0.6561869 0.6040859 0.4434171 0.6365309 0.4398329 0.636536 0.4398074 0.6043907 0.4398416 0.6475207 0.4398368 0.6414099 0.439845 0.6518754 0.233997 0.7522066 0.2915786 0.6963016 0.3078516 0.7230377 0.4042201 0.5883139 0.4152241 0.5729302 0.4152808 0.6044252 0.4155899 0.5724189 0.4397552 0.5386359 0.4398074 0.6043907 0.43988 0.6960925 0.43988 0.6960925 0.3677703 0.6366372 0.43988 0.6960925 0.3677724 0.6392676 0.3677703 0.6366372 0.3677703 0.6366372 0.3677449 0.604492 0.43988 0.6960925 0.3677449 0.604492 0.371353 0.6044869 0.43988 0.6960925 0.3261312 0.747359 0.3078516 0.7230377 0.43988 0.6960925 0.3078516 0.7230377 0.2915786 0.6963016 0.43988 0.6960925 0.3261312 0.747359 0.43988 0.6960925 0.43988 0.6960925 0.2915786 0.6963016 0.43988 0.6960925 0.43988 0.6960925 0.2915786 0.6963016 0.43988 0.6960925 0.43988 0.6960925 0.43988 0.6960925 0.3261312 0.747359 0.43988 0.6960925 0.43988 0.6960925 0.3078516 0.7230377 0.43988 0.6960925 0.2915786 0.6963016 0.43988 0.6960925 0.43988 0.6960925 0.6358263 0.2363341 0.6249898 0.2269727 0.6636683 0.1473766 0.4398767 0.6918535 0.43988 0.6960925 0.43988 0.6960925 0.6696222 0.2762157 0.6650523 0.2701354 0.7152973 0.2030007 0.6719072 0.2792559 0.6696222 0.2762157 0.7211864 0.2108364 0.6741921 0.2822961 0.6719072 0.2792559 0.724131 0.2147541 0.6142147 0.2947422 0.6249898 0.2269727 0.6358263 0.2363341 0.6472168 0.248606 0.6559125 0.2579747 0.6559761 0.3379577 0.6559125 0.2579747 0.6650523 0.2701354 0.6559761 0.3379577 0.6142147 0.2947422 0.6358263 0.2363341 0.6472168 0.248606 0.6559761 0.3379577 0.6142491 0.3380165 0.6472168 0.248606 0.6142491 0.3380165 0.6142147 0.2947422 0.6472168 0.248606 0.6719072 0.2792559 0.6559831 0.3468354 0.6559761 0.3379577 0.6650523 0.2701354 0.6696222 0.2762157 0.6559761 0.3379577 0.6559831 0.3468354 0.6719072 0.2792559 0.6741921 0.2822961 0.6741921 0.2822961 0.6874078 0.3040089 0.6559831 0.3468354 0.6142049 0.2823805 0.6141533 0.2176114 0.6249898 0.2269727 0.3678901 0.7877218 0.3462174 0.7689995 0.43988 0.6960925 0.3462174 0.7689995 0.3261312 0.747359 0.43988 0.6960925 0.3678901 0.7877218 0.43988 0.6960925 0.3909118 0.8033213 0.43988 0.6960925 0.43988 0.6960925 0.3462174 0.7689995 0.43988 0.6960925 0.43988 0.6960925 0.3678901 0.7877218 0.3909118 0.8033213 0.43988 0.6960925 0.43988 0.6960925 0.4399818 0.8245032 0.4150305 0.8156267 0.43988 0.6960925 0.4150305 0.8156267 0.3909118 0.8033213 0.43988 0.6960925 0.2716168 0.6521129 0.2657427 0.6367819 0.3677724 0.6392676 0.2657427 0.6367819 0.2564627 0.6046496 0.3677724 0.6392676 0.3677724 0.6392676 0.2564627 0.6046496 0.3677703 0.6366372 0.2564627 0.6046496 0.3677449 0.604492 0.3677703 0.6366372 0.3677724 0.6392676 0.2915786 0.6963016 0.2774909 0.6674441</float_array>
          <technique_common>
            <accessor source="#Circle_014-mesh-map-0-array" count="1323" stride="2">
              <param name="S" type="float"/>
              <param name="T" type="float"/>
            </accessor>
          </technique_common>
        </source>
        <vertices id="Circle_014-mesh-vertices">
          <input semantic="POSITION" source="#Circle_014-mesh-positions"/>
        </vertices>
        <triangles material="kırmızı-material" count="265">
          <input semantic="VERTEX" source="#Circle_014-mesh-vertices" offset="0"/>
          <input semantic="NORMAL" source="#Circle_014-mesh-normals" offset="1"/>
          <input semantic="TEXCOORD" source="#Circle_014-mesh-map-0" offset="2" set="0"/>
          <p>1 0 6 61 0 7 0 0 8 2 2 9 60 2 10 1 2 11 2 3 12 63 3 13 62 3 14 4 0 15 63 0 16 3 0 17 4 4 18 65 4 19 64 4 20 5 5 21 66 5 22 65 5 23 7 0 24 66 0 25 6 0 26 7 6 27 68 6 28 67 6 29 8 0 30 69 0 31 68 0 32 9 7 33 70 7 34 69 7 35 11 8 36 127 8 37 129 8 38 12 9 39 71 9 40 11 9 41 12 0 42 73 0 43 72 0 44 14 10 45 73 10 46 13 10 47 15 11 48 74 11 49 14 11 50 15 0 51 76 0 52 75 0 53 17 0 54 76 0 55 16 0 56 17 0 57 78 0 58 77 0 59 19 12 60 78 12 61 18 12 62 19 0 63 80 0 64 79 0 65 20 13 66 81 13 67 80 13 68 239 0 69 82 0 70 81 0 71 23 0 72 259 0 73 260 0 74 250 14 75 84 14 76 83 14 77 25 15 78 255 15 79 258 15 80 26 0 81 85 0 82 25 0 83 27 0 84 86 0 85 26 0 86 27 16 87 88 16 88 87 16 89 29 0 90 88 0 91 28 0 92 30 17 93 89 17 94 29 17 95 30 18 96 91 18 97 90 18 98 31 19 99 92 19 100 91 19 101 33 0 102 92 0 103 32 0 104 34 20 105 133 20 106 134 20 107 34 21 108 95 21 109 94 21 110 36 0 111 95 0 112 35 0 113 36 22 114 97 22 115 96 22 116 38 23 117 97 23 118 37 23 119 38 24 120 99 24 121 98 24 122 40 0 123 99 0 124 39 0 125 41 0 126 100 0 127 40 0 128 41 0 129 102 0 130 101 0 131 43 0 132 102 0 133 42 0 134 43 0 135 104 0 136 103 0 137 45 0 138 104 0 139 44 0 140 45 0 141 106 0 142 105 0 143 47 25 144 106 25 145 46 25 146 47 0 147 108 0 148 107 0 149 49 26 150 108 26 151 48 26 152 50 23 153 128 23 154 130 23 155 50 27 156 111 27 157 110 27 158 53 0 159 112 0 160 52 0 161 53 28 162 114 28 163 113 28 164 55 0 165 114 0 166 54 0 167 55 29 168 116 29 169 115 29 170 57 0 171 116 0 172 56 0 173 57 30 174 118 30 175 117 30 176 59 0 177 118 0 178 58 0 179 59 31 180 61 31 181 119 31 182 49 27 207 128 27 208 109 27 209 10 36 210 127 36 211 70 36 212 33 39 219 133 39 220 93 39 221 235 54 282 154 54 283 149 54 284 253 57 297 248 57 298 233 57 299 125 64 321 164 64 322 121 64 323 236 67 330 166 67 331 125 67 332 237 0 336 172 0 337 171 0 338 166 69 342 169 69 343 164 69 344 171 70 345 174 70 346 169 70 347 172 72 351 176 72 352 171 72 353 240 0 354 175 0 355 177 0 356 176 73 357 179 73 358 174 73 359 242 0 360 178 0 361 180 0 362 177 74 363 181 74 364 176 74 365 175 75 366 182 75 367 177 75 368 181 76 369 184 76 370 179 76 371 178 77 372 185 77 373 180 77 374 182 74 375 186 74 376 181 74 377 180 0 378 187 0 379 182 0 380 186 78 381 189 78 382 184 78 383 183 79 384 190 79 385 185 79 386 187 80 387 191 80 388 186 80 389 185 81 390 192 81 391 187 81 392 191 82 393 194 82 394 189 82 395 188 0 396 195 0 397 190 0 398 192 0 399 196 0 400 191 0 401 190 81 402 197 81 403 192 81 404 195 83 405 202 83 406 197 83 407 196 84 408 199 84 409 194 84 410 193 85 411 200 85 412 195 85 413 197 86 414 201 86 415 196 86 416 202 87 417 206 87 418 201 87 419 200 88 420 207 88 421 202 88 422 201 89 423 204 89 424 199 89 425 198 0 426 205 0 427 200 0 428 207 90 429 211 90 430 206 90 431 205 91 432 212 91 433 207 91 434 206 92 435 209 92 436 204 92 437 203 0 438 245 0 439 256 0 440 212 0 441 216 0 442 211 0 443 210 0 444 217 0 445 212 0 446 211 93 447 214 93 448 209 93 449 210 0 450 251 0 451 215 0 452 217 94 453 220 94 454 216 94 455 215 0 456 221 0 457 217 0 458 216 95 459 218 95 460 214 95 461 224 0 462 215 0 463 251 0 464 222 96 465 247 96 466 249 96 467 223 97 468 257 97 469 254 97 470 244 0 498 236 0 499 125 0 500 244 102 501 121 102 502 234 102 503 243 0 510 242 0 511 175 0 512 111 0 519 52 0 520 112 0 521 238 0 525 240 0 526 172 0 527 248 0 528 252 0 529 154 0 530 254 105 531 132 105 532 223 105 533 249 106 534 121 106 535 222 106 536 193 109 543 188 109 544 52 109 545 24 110 546 255 110 547 84 110 548 224 114 558 257 114 559 135 114 560 262 115 564 259 115 565 261 115 566 264 116 567 261 116 568 263 116 569 22 115 570 263 115 571 82 115 572 262 0 573 264 0 574 149 0 575 1 121 615 60 121 616 61 121 617 2 122 618 62 122 619 60 122 620 2 0 621 3 0 622 63 0 623 4 0 624 64 0 625 63 0 626 4 0 627 5 0 628 65 0 629 5 0 630 6 0 631 66 0 632 7 123 633 67 123 634 66 123 635 7 124 636 8 124 637 68 124 638 8 125 639 9 125 640 69 125 641 9 0 642 10 0 643 70 0 644 11 0 645 71 0 646 127 0 647 12 126 648 72 126 649 71 126 650 12 0 651 13 0 652 73 0 653 14 21 654 74 21 655 73 21 656 15 0 657 75 0 658 74 0 659 15 0 660 16 0 661 76 0 662 17 0 663 77 0 664 76 0 665 17 127 666 18 127 667 78 127 668 19 0 669 79 0 670 78 0 671 19 0 672 20 0 673 80 0 674 20 0 675 21 0 676 81 0 677 81 128 678 21 128 679 239 128 680 239 0 681 22 0 682 82 0 683 23 5 684 83 5 685 259 5 686 83 129 687 23 129 688 250 129 689 250 0 690 24 0 691 84 0 692 25 130 693 85 130 694 255 130 695 26 131 696 86 131 697 85 131 698 27 0 699 87 0 700 86 0 701 27 0 702 28 0 703 88 0 704 29 132 705 89 132 706 88 132 707 30 133 708 90 133 709 89 133 710 30 134 711 31 134 712 91 134 713 31 0 714 32 0 715 92 0 716 33 135 717 93 135 718 92 135 719 34 136 720 94 136 721 133 136 722 34 137 723 35 137 724 95 137 725 36 138 726 96 138 727 95 138 728 36 0 729 37 0 730 97 0 731 38 139 732 98 139 733 97 139 734 38 0 735 39 0 736 99 0 737 40 0 738 100 0 739 99 0 740 41 0 741 101 0 742 100 0 743 41 0 744 42 0 745 102 0 746 43 0 747 103 0 748 102 0 749 43 0 750 44 0 751 104 0 752 45 0 753 105 0 754 104 0 755 45 140 756 46 140 757 106 140 758 47 0 759 107 0 760 106 0 761 47 0 762 48 0 763 108 0 764 49 0 765 109 0 766 108 0 767 50 141 768 110 141 769 128 141 770 50 0 771 51 0 772 111 0 773 53 142 774 113 142 775 112 142 776 53 124 777 54 124 778 114 124 779 55 142 780 115 142 781 114 142 782 55 143 783 56 143 784 116 143 785 57 0 786 117 0 787 116 0 788 57 0 789 58 0 790 118 0 791 59 144 792 119 144 793 118 144 794 59 0 795 0 0 796 61 0 797 49 149 855 130 149 856 128 149 857 10 150 858 129 150 859 127 150 860 33 0 867 134 0 868 133 0 869 235 0 936 233 0 937 154 0 938 248 0 978 154 0 979 233 0 980 233 163 981 234 163 982 253 163 983 234 0 984 121 0 985 253 0 986 125 0 1002 166 0 1003 164 0 1004 236 0 1011 237 0 1012 166 0 1013 171 0 1017 166 0 1018 237 0 1019 237 167 1020 238 167 1021 172 167 1022 166 0 1029 171 0 1030 169 0 1031 171 0 1032 176 0 1033 174 0 1034 172 0 1041 177 0 1042 176 0 1043 177 171 1044 172 171 1045 240 171 1046 240 172 1047 243 172 1048 175 172 1049 176 173 1050 181 173 1051 179 173 1052 180 174 1053 175 174 1054 242 174 1055 242 175 1056 232 175 1057 178 175 1058 177 0 1059 182 0 1060 181 0 1061 175 176 1062 180 176 1063 182 176 1064 181 0 1065 186 0 1066 184 0 1067 178 0 1068 183 0 1069 185 0 1070 182 0 1071 187 0 1072 186 0 1073 180 177 1074 185 177 1075 187 177 1076 186 178 1077 191 178 1078 189 178 1079 183 0 1080 188 0 1081 190 0 1082 187 0 1083 192 0 1084 191 0 1085 185 0 1086 190 0 1087 192 0 1088 191 0 1089 196 0 1090 194 0 1091 188 0 1092 193 0 1093 195 0 1094 192 179 1095 197 179 1096 196 179 1097 190 0 1098 195 0 1099 197 0 1100 195 180 1101 200 180 1102 202 180 1103 196 0 1104 201 0 1105 199 0 1106 193 181 1107 198 181 1108 200 181 1109 197 0 1110 202 0 1111 201 0 1112 202 0 1113 207 0 1114 206 0 1115 200 0 1116 205 0 1117 207 0 1118 201 0 1119 206 0 1120 204 0 1121 198 182 1122 203 182 1123 205 182 1124 207 183 1125 212 183 1126 211 183 1127 205 184 1128 210 184 1129 212 184 1130 206 185 1131 211 185 1132 209 185 1133 210 186 1134 205 186 1135 256 186 1136 205 0 1137 203 0 1138 256 0 1139 212 187 1140 217 187 1141 216 187 1142 210 188 1143 215 188 1144 217 188 1145 211 189 1146 216 189 1147 214 189 1148 210 0 1149 256 0 1150 251 0 1151 217 190 1152 221 190 1153 220 190 1154 215 191 1155 219 191 1156 221 191 1157 216 0 1158 220 0 1159 218 0 1160 224 0 1161 219 0 1162 215 0 1163 222 0 1164 132 0 1165 247 0 1166 223 0 1167 135 0 1168 257 0 1169 244 0 1185 125 0 1186 121 0 1187 111 0 1191 51 0 1192 52 0 1193 254 193 1194 247 193 1195 132 193 1196 249 0 1197 253 0 1198 121 0 1199 53 0 1212 52 0 1213 183 0 1214 52 195 1215 51 195 1216 193 195 1217 53 196 1218 178 196 1219 232 196 1220 51 197 1221 245 197 1222 203 197 1223 51 198 1224 203 198 1225 198 198 1226 178 0 1227 53 0 1228 183 0 1229 183 0 1230 52 0 1231 188 0 1232 51 0 1233 198 0 1234 193 0 1235 24 0 1236 258 0 1237 255 0 1238 262 0 1242 260 0 1243 259 0 1244 264 199 1245 262 199 1246 261 199 1247 22 0 1248 264 0 1249 263 0 1250 252 0 1251 258 0 1252 24 0 1253 250 0 1254 23 0 1255 149 0 1256 23 0 1257 260 0 1258 149 0 1259 252 0 1260 24 0 1261 250 0 1262 149 0 1263 154 0 1264 250 0 1265 154 200 1266 252 200 1267 250 200 1268 264 0 1269 235 0 1270 149 0 1271 260 201 1272 262 201 1273 149 201 1274</p>
        </triangles>
        <triangles material="beyaz-material" count="117">
          <input semantic="VERTEX" source="#Circle_014-mesh-vertices" offset="0"/>
          <input semantic="NORMAL" source="#Circle_014-mesh-normals" offset="1"/>
          <input semantic="TEXCOORD" source="#Circle_014-mesh-map-0" offset="2" set="0"/>
          <p>4 1 3 3 1 4 157 1 5 138 0 183 33 0 184 32 0 185 229 0 186 140 0 187 136 0 188 140 32 189 37 32 190 36 32 191 151 33 192 10 33 193 9 33 194 14 0 195 13 0 196 150 0 197 153 34 198 11 34 199 129 34 200 148 0 201 12 0 202 11 0 203 152 35 204 129 35 205 10 35 206 137 37 213 134 37 214 33 37 215 139 38 216 34 38 217 134 38 218 137 0 222 138 0 223 146 0 224 139 40 225 146 40 226 144 40 227 140 41 228 226 41 229 227 41 230 139 42 231 231 42 232 136 42 233 145 0 234 40 0 235 39 0 236 20 44 240 239 44 241 21 44 242 228 45 243 123 45 244 145 45 245 42 0 252 41 0 253 123 0 254 148 0 267 153 0 268 162 0 269 153 50 270 152 50 271 161 50 272 7 51 273 9 51 274 8 51 275 150 52 276 162 52 277 159 52 278 151 53 279 161 53 280 152 53 281 28 0 285 27 0 286 138 0 287 248 0 288 143 0 289 138 0 290 157 55 291 7 55 292 6 55 293 227 0 474 145 0 475 140 0 476 140 99 480 229 99 481 226 99 482 229 0 486 230 0 487 226 0 488 231 0 489 230 0 490 136 0 491 233 101 495 150 101 496 159 101 497 234 0 522 233 0 523 159 0 524 213 108 540 208 108 541 126 108 542 248 111 549 253 111 550 143 111 551 239 0 576 241 0 577 235 0 578 160 117 579 258 117 580 252 117 581 163 118 582 120 118 583 57 118 584 50 0 585 130 0 586 246 0 587 2 0 594 1 0 595 120 0 596 1 0 597 0 0 598 120 0 599 0 0 600 59 0 601 120 0 602 59 0 603 58 0 604 120 0 605 120 0 606 157 0 607 2 0 608 2 0 609 157 0 610 3 0 611 157 120 612 5 120 613 4 120 614 138 0 798 137 0 799 33 0 800 35 145 801 34 145 802 140 145 803 34 0 804 136 0 805 140 0 806 136 0 807 230 0 808 229 0 809 36 0 810 35 0 811 140 0 812 140 0 813 38 0 814 37 0 815 151 0 816 152 0 817 10 0 818 13 0 819 12 0 820 150 0 821 150 146 822 235 146 823 241 146 824 241 0 825 20 0 826 19 0 827 19 0 828 18 0 829 241 0 830 18 0 831 17 0 832 150 0 833 241 147 834 18 147 835 150 147 836 17 0 837 16 0 838 150 0 839 16 0 840 15 0 841 150 0 842 15 0 843 14 0 844 150 0 845 153 148 846 148 148 847 11 148 848 148 0 849 150 0 850 12 0 851 152 0 852 153 0 853 129 0 854 137 0 861 139 0 862 134 0 863 139 0 864 136 0 865 34 0 866 139 0 870 137 0 871 146 0 872 139 0 873 144 0 874 231 0 875 39 151 876 38 151 877 145 151 878 38 0 879 140 0 880 145 0 881 20 0 885 241 0 886 239 0 887 228 152 888 225 152 889 123 152 890 41 0 897 40 0 898 145 0 899 145 153 900 123 153 901 41 153 902 123 0 903 48 0 904 47 0 905 46 154 906 123 154 907 47 154 908 46 0 909 45 0 910 123 0 911 45 155 912 44 155 913 123 155 914 44 156 915 43 156 916 123 156 917 43 157 918 42 157 919 123 157 920 7 159 927 151 159 928 9 159 929 150 0 930 148 0 931 162 0 932 151 0 933 157 0 934 161 0 935 26 160 939 25 160 940 160 160 941 160 0 942 138 0 943 27 0 944 138 161 945 32 161 946 31 161 947 160 0 948 27 0 949 26 0 950 31 0 951 30 0 952 138 0 953 30 0 954 29 0 955 138 0 956 29 0 957 28 0 958 138 0 959 138 0 960 160 0 961 248 0 962 160 0 963 252 0 964 248 0 965 6 0 966 5 0 967 157 0 968 157 0 969 151 0 970 7 0 971 227 0 1170 228 0 1171 145 0 1172 233 0 1182 235 0 1183 150 0 1184 208 0 1200 245 0 1201 126 0 1202 245 0 1203 246 0 1204 126 0 1205 126 194 1206 123 194 1207 213 194 1208 123 0 1209 225 0 1210 213 0 1211 235 202 1275 264 202 1276 22 202 1277 22 203 1278 239 203 1279 235 203 1280 160 204 1281 25 204 1282 258 204 1283 55 0 1284 54 0 1285 173 0 1286 54 0 1287 53 0 1288 232 0 1289 55 205 1290 168 205 1291 56 205 1292 232 0 1293 173 0 1294 54 0 1295 173 0 1296 168 0 1297 55 0 1298 56 206 1299 168 206 1300 163 206 1301 58 207 1302 57 207 1303 120 207 1304 57 0 1305 56 0 1306 163 0 1307 130 0 1308 49 0 1309 246 0 1310 49 208 1311 48 208 1312 246 208 1313 246 209 1314 48 209 1315 126 209 1316 48 0 1317 123 0 1318 126 0 1319 246 0 1320 51 0 1321 50 0 1322</p>
        </triangles>
        <triangles material="siyah-material" count="59">
          <input semantic="VERTEX" source="#Circle_014-mesh-vertices" offset="0"/>
          <input semantic="NORMAL" source="#Circle_014-mesh-normals" offset="1"/>
          <input semantic="TEXCOORD" source="#Circle_014-mesh-map-0" offset="2" set="0"/>
          <p>122 0 0 251 0 1 225 0 2 144 43 237 247 43 238 254 43 239 141 46 246 257 46 247 224 46 248 142 47 249 253 47 250 249 47 251 144 48 255 146 48 256 142 48 257 147 0 258 228 0 259 227 0 260 147 49 261 144 49 262 141 49 263 146 0 264 143 0 265 142 0 266 131 56 294 236 56 295 244 56 296 155 58 300 234 58 301 159 58 302 158 0 303 124 0 304 131 0 305 156 59 306 120 59 307 124 59 308 162 60 309 158 60 310 155 60 311 159 61 312 162 61 313 155 61 314 161 62 315 158 62 316 153 62 317 161 63 318 157 63 319 156 63 320 124 65 324 167 65 325 131 65 326 120 66 327 165 66 328 124 66 329 163 68 333 170 68 334 165 68 335 165 0 339 170 0 340 240 0 341 168 71 348 173 71 349 242 71 350 224 98 471 122 98 472 141 98 473 225 0 477 141 0 478 122 0 479 231 100 483 227 100 484 230 100 485 231 0 492 144 0 493 147 0 494 237 103 504 131 103 505 167 103 506 238 0 507 237 0 508 167 0 509 243 104 513 240 104 514 170 104 515 232 0 516 242 0 517 173 0 518 254 107 537 257 107 538 144 107 539 256 112 552 245 112 553 208 112 554 256 113 555 213 113 556 251 113 557 249 0 561 247 0 562 142 0 563 122 119 588 224 119 589 251 119 590 251 0 591 213 0 592 225 0 593 144 0 882 142 0 883 247 0 884 141 0 891 144 0 892 257 0 893 142 0 894 143 0 895 253 0 896 147 158 921 141 158 922 228 158 923 146 0 924 138 0 925 143 0 926 244 0 972 155 0 973 158 0 974 158 162 975 131 162 976 244 162 977 155 0 987 244 0 988 234 0 989 158 164 990 156 164 991 124 164 992 156 165 993 157 165 994 120 165 995 162 166 996 153 166 997 158 166 998 161 0 999 156 0 1000 158 0 1001 124 0 1005 165 0 1006 167 0 1007 120 0 1008 163 0 1009 165 0 1010 163 0 1014 168 0 1015 170 0 1016 238 0 1023 167 0 1024 240 0 1025 167 168 1026 165 168 1027 240 168 1028 243 169 1035 170 169 1036 242 169 1037 170 170 1038 168 170 1039 242 170 1040 225 192 1173 228 192 1174 141 192 1175 147 0 1176 227 0 1177 231 0 1178 227 0 1179 226 0 1180 230 0 1181 237 0 1188 236 0 1189 131 0 1190 256 0 1239 208 0 1240 213 0 1241</p>
        </triangles>
      </mesh>
    </geometry>
    <geometry id="Örüntü_026-mesh" name="Örüntü.026">
      <mesh>
        <source id="Örüntü_026-mesh-positions">
          <float_array id="Örüntü_026-mesh-positions-array" count="1170">5 0 0 4.854709 1.196578 0 4.42728 2.323616 0 3.742554 3.315613 0 2.840323 4.114919 0 1.773024 4.675081 0 0.6026834 4.963544 0 -0.6026833 4.963544 0 -1.773024 4.675081 0 -2.840323 4.11492 0 -3.742554 3.315613 0 -4.42728 2.323615 0 -4.85471 1.196577 0 -5 -1.62921e-6 0 -4.854709 -1.19658 0 -4.427279 -2.323618 0 -3.742552 -3.315616 0 -2.840321 -4.114922 0 -1.773021 -4.675083 0 -0.6026788 -4.963545 0 0.6026884 -4.963544 0 1.77303 -4.675079 0 2.840329 -4.114916 0 3.742558 -3.315608 0 4.427283 -2.32361 0 4.854711 -1.196571 0 5 0 34.89522 4.854709 1.196578 34.89522 4.42728 2.323616 34.89522 3.742554 3.315613 34.89522 2.840323 4.114919 34.89522 1.773024 4.675081 34.89522 0.6026834 4.963544 34.89522 -0.6026833 4.963544 34.89522 -1.773024 4.675081 34.89522 -2.840323 4.11492 34.89522 -3.742554 3.315613 34.89522 -4.42728 2.323615 34.89522 -4.85471 1.196577 34.89522 -5 -1.62921e-6 34.89522 -4.854709 -1.19658 34.89522 -4.427279 -2.323618 34.89522 -3.742552 -3.315616 34.89522 -2.840321 -4.114922 34.89522 -1.773021 -4.675083 34.89522 -0.6026788 -4.963545 34.89522 0.6026884 -4.963544 34.89522 1.77303 -4.675079 34.89522 2.840329 -4.114916 34.89522 3.742558 -3.315608 34.89522 4.427283 -2.32361 34.89522 4.854711 -1.196571 34.89522 5 0 83.33334 4.854709 1.196578 83.33334 4.42728 2.323616 83.33334 3.742554 3.315613 83.33334 2.840323 4.114919 83.33334 1.773024 4.675081 83.33334 0.6026834 4.963544 83.33334 -0.6026833 4.963544 83.33334 -1.773024 4.675081 83.33334 -2.840323 4.11492 83.33334 -3.742554 3.315613 83.33334 -4.42728 2.323615 83.33334 -4.85471 1.196577 83.33334 -5 -1.62921e-6 83.33334 -4.854709 -1.19658 83.33334 -4.427279 -2.323618 83.33334 -3.742552 -3.315616 83.33334 -2.840321 -4.114922 83.33334 -1.773021 -4.675083 83.33334 -0.6026788 -4.963545 83.33334 0.6026884 -4.963544 83.33334 1.77303 -4.675079 83.33334 2.840329 -4.114916 83.33334 3.742558 -3.315608 83.33334 4.427283 -2.32361 83.33334 4.854711 -1.196571 83.33334 5 0 125 4.854709 1.196578 125 4.42728 2.323616 125 3.742554 3.315613 125 2.840323 4.114919 125 1.773024 4.675081 125 0.6026834 4.963544 125 -0.6026833 4.963544 125 -1.773024 4.675081 125 -2.840323 4.11492 125 -3.742554 3.315613 125 -4.42728 2.323615 125 -4.85471 1.196577 125 -5 -1.62921e-6 125 -4.854709 -1.19658 125 -4.427279 -2.323618 125 -3.742552 -3.315616 125 -2.840321 -4.114922 125 -1.773021 -4.675083 125 -0.6026788 -4.963545 125 0.6026884 -4.963544 125 1.77303 -4.675079 125 2.840329 -4.114916 125 3.742558 -3.315608 125 4.427283 -2.32361 125 4.854711 -1.196571 125 5 0 166.6667 4.854709 1.196578 166.6667 4.42728 2.323616 166.6667 3.742554 3.315613 166.6667 2.840323 4.114919 166.6667 1.773024 4.675081 166.6667 0.6026834 4.963544 166.6667 -0.6026833 4.963544 166.6667 -1.773024 4.675081 166.6667 -2.840323 4.11492 166.6667 -3.742554 3.315613 166.6667 -4.42728 2.323615 166.6667 -4.85471 1.196577 166.6667 -5 -1.62921e-6 166.6667 -4.854709 -1.19658 166.6667 -4.427279 -2.323618 166.6667 -3.742552 -3.315616 166.6667 -2.840321 -4.114922 166.6667 -1.773021 -4.675083 166.6667 -0.6026788 -4.963545 166.6667 0.6026884 -4.963544 166.6667 1.77303 -4.675079 166.6667 2.840329 -4.114916 166.6667 3.742558 -3.315608 166.6667 4.427283 -2.32361 166.6667 4.854711 -1.196571 166.6667 5 0 208.3333 4.854709 1.196578 208.3333 4.42728 2.323616 208.3333 3.742554 3.315613 208.3333 2.840323 4.114919 208.3333 1.773024 4.675081 208.3333 0.6026834 4.963544 208.3333 -0.6026833 4.963544 208.3333 -1.773024 4.675081 208.3333 -2.840323 4.11492 208.3333 -3.742554 3.315613 208.3333 -4.42728 2.323615 208.3333 -4.85471 1.196577 208.3333 -5 -1.62921e-6 208.3333 -4.854709 -1.19658 208.3333 -4.427279 -2.323618 208.3333 -3.742552 -3.315616 208.3333 -2.840321 -4.114922 208.3333 -1.773021 -4.675083 208.3333 -0.6026788 -4.963545 208.3333 0.6026884 -4.963544 208.3333 1.77303 -4.675079 208.3333 2.840329 -4.114916 208.3333 3.742558 -3.315608 208.3333 4.427283 -2.32361 208.3333 4.854711 -1.196571 208.3333 5 0 250 4.854709 1.196578 250 4.42728 2.323616 250 3.742554 3.315613 250 2.840323 4.114919 250 1.773024 4.675081 250 0.6026834 4.963544 250 -0.6026833 4.963544 250 -1.773024 4.675081 250 -2.840323 4.11492 250 -3.742554 3.315613 250 -4.42728 2.323615 250 -4.85471 1.196577 250 -5 -1.62921e-6 250 -4.854709 -1.19658 250 -4.427279 -2.323618 250 -3.742552 -3.315616 250 -2.840321 -4.114922 250 -1.773021 -4.675083 250 -0.6026788 -4.963545 250 0.6026884 -4.963544 250 1.77303 -4.675079 250 2.840329 -4.114916 250 3.742558 -3.315608 250 4.427283 -2.32361 250 4.854711 -1.196571 250 9.029385 -5.20837e-5 0 8.766983 2.160923 0 7.995117 4.196161 0 6.758586 5.987586 0 5.129319 7.431008 0 3.201809 8.442629 0 1.088371 8.963545 0 -1.088371 8.963544 0 -3.201861 8.442616 0 -5.129271 7.431034 0 -6.758587 5.987585 0 -7.995099 4.196211 0 -8.767009 2.160816 0 -9.029379 -3.24641e-6 0 -8.767002 -2.160875 0 -7.995116 -4.196166 0 -6.758584 -5.98759 0 -5.129266 -7.431037 0 -3.201907 -8.442605 0 -1.088309 -8.963545 0 1.08838 -8.963544 0 3.201871 -8.442612 0 5.129281 -7.431026 0 6.758595 -5.987577 0 7.995124 -4.196151 0 8.767004 -2.16086 0 8.511731 2.098005 34.89522 8.766468 -4.86852e-5 34.89522 8.511738 -2.097943 34.89522 7.762332 -4.073973 34.89522 6.561806 -5.813238 34.89522 4.979933 -7.214659 34.89522 3.108643 -8.196792 34.89522 1.05669 -8.702555 34.89522 -1.056625 -8.702569 34.89522 -3.108672 -8.196774 34.89522 -4.979919 -7.214669 34.89522 -6.561796 -5.81325 34.89522 -7.762324 -4.073987 34.89522 -8.511734 -2.097958 34.89522 -8.766473 -3.1409e-6 34.89522 -8.511754 2.097905 34.89522 -7.762297 4.074024 34.89522 -6.561799 5.813246 34.89522 -4.979923 7.214666 34.89522 -3.108633 8.196795 34.89522 -1.056681 8.702556 34.89522 1.056681 8.702555 34.89522 3.10859 8.19682 34.89522 4.979961 7.214632 34.89522 6.561798 5.813247 34.89522 7.762326 4.073983 34.89522 9.029384 -5.20143e-5 7.569026 8.766983 2.160923 7.569026 7.995118 4.196161 7.569026 6.758585 5.987586 7.569026 5.129319 7.431007 7.569026 3.20181 8.44263 7.569026 1.088371 8.963546 7.569026 -1.088371 8.963544 7.569026 -3.201861 8.442616 7.569026 -5.129271 7.431034 7.569026 -6.758586 5.987585 7.569026 -7.995098 4.19621 7.569026 -8.76701 2.160816 7.569026 -9.02938 -3.17716e-6 7.569026 -8.767002 -2.160875 7.569026 -7.995116 -4.196166 7.569026 -6.758584 -5.98759 7.569026 -5.129265 -7.431036 7.569026 -3.201907 -8.442605 7.569026 -1.088309 -8.963546 7.569026 1.08838 -8.963545 7.569026 3.201871 -8.442612 7.569026 5.129281 -7.431026 7.569026 6.758595 -5.987577 7.569026 7.995124 -4.196151 7.569026 8.767004 -2.16086 7.569026 8.766994 2.160925 34.09764 9.029375 -5.2153e-5 34.09764 8.767005 -2.16086 34.09764 7.995124 -4.196151 34.09764 6.758594 -5.987576 34.09764 5.129281 -7.431026 34.09764 3.201871 -8.442613 34.09764 1.08838 -8.963543 34.09764 -1.088311 -8.963559 34.09764 -3.201903 -8.442594 34.09764 -5.129267 -7.431037 34.09764 -6.758584 -5.987589 34.09764 -7.995116 -4.196166 34.09764 -8.767002 -2.160875 34.09764 -9.029378 -3.31566e-6 34.09764 -8.767022 2.160819 34.09764 -7.995088 4.196206 34.09764 -6.758587 5.987586 34.09764 -5.129271 7.431034 34.09764 -3.201861 8.442616 34.09764 -1.088371 8.963545 34.09764 1.088371 8.963543 34.09764 3.201814 8.442642 34.09764 5.129312 7.430997 34.09764 6.758586 5.987586 34.09764 7.995117 4.196162 34.09764 12.05142 -9.12043e-5 3.80768e-7 11.70121 2.884113 -3.92484e-7 10.671 5.600571 -1.68576e-7 9.020617 7.991558 2.68752e-7 6.846032 9.918095 2.64833e-7 4.273389 11.26829 -3.89779e-7 1.452676 11.96354 -3.83727e-7 -1.452638 11.96354 0 -4.273453 11.26828 0 -6.846012 9.918092 0 -9.020606 7.99157 2.68752e-7 -10.67098 5.600621 2.57052e-7 -11.70123 2.884027 -3.69703e-7 -12.05141 -4.76255e-6 -3.80767e-7 -11.70122 -2.884097 0 -10.67102 -5.600542 0 -9.020579 -7.991597 0 -6.846017 -9.9181 2.64834e-7 -4.273573 -11.26825 0 -1.452564 -11.96354 -3.77991e-7 1.45269 -11.96354 -3.77991e-7 4.27354 -11.26824 0 6.845963 -9.918137 0 9.020647 -7.991521 0 10.671 -5.600556 0 11.70122 -2.884085 3.69702e-7 8.788381 2.166197 7.569026 9.051424 -5.1721e-5 7.569026 8.788395 -2.166133 7.569026 8.014636 -4.206391 7.569026 6.775092 -6.002192 7.569026 5.141794 -7.449156 7.569026 3.209685 -8.463214 7.569026 1.091036 -8.98542 7.569026 -1.090965 -8.98542 7.569026 -3.209721 -8.463211 7.569026 -5.141781 -7.449169 7.569026 -6.77508 -6.002204 7.569026 -8.014622 -4.206403 7.569026 -8.788393 -2.166148 7.569026 -9.051416 -3.19274e-6 7.569026 -8.788403 2.166089 7.569026 -8.014612 4.206451 7.569026 -6.775078 6.002195 7.569026 -5.14179 7.449172 7.569026 -3.209673 8.463213 7.569026 -1.091027 8.985419 7.569026 1.091027 8.985415 7.569026 3.209621 8.463227 7.569026 5.141837 7.449143 7.569026 6.775077 6.002196 7.569026 8.014629 4.206401 7.569026 11.7012 2.88416 4.569026 12.05142 -4.32664e-5 4.569027 11.70122 -2.884085 4.569027 10.67101 -5.600556 4.569026 9.02065 -7.991525 4.569026 6.84596 -9.918132 4.569026 4.273518 -11.26825 4.569026 1.452666 -11.96354 4.569026 -1.452564 -11.96355 4.569026 -4.27355 -11.26825 4.569026 -6.845995 -9.91811 4.569027 -9.020583 -7.991601 4.569026 -10.67101 -5.600539 4.569026 -11.70122 -2.884097 4.569026 -12.05141 -5.09554e-6 4.569026 -11.70123 2.884028 4.569026 -10.67098 5.600622 4.569027 -9.020606 7.99157 4.569027 -6.846015 9.918097 4.569026 -4.273451 11.26828 4.569026 -1.452638 11.96354 4.569026 1.452628 11.96354 4.569026 4.273436 11.26827 4.569026 6.846032 9.918094 4.569027 9.020616 7.991558 4.569027 10.67099 5.600571 4.569026 8.766996 2.160926 34.63232 9.029374 -5.21064e-5 34.63232 8.767004 -2.16086 34.63232 7.995124 -4.196151 34.63232 6.758594 -5.987576 34.63232 5.129281 -7.431026 34.63232 3.201871 -8.442613 34.63232 1.08838 -8.963544 34.63232 -1.088311 -8.96356 34.63232 -3.201903 -8.442594 34.63232 -5.129266 -7.431037 34.63232 -6.758584 -5.987589 34.63232 -7.995116 -4.196166 34.63232 -8.767002 -2.160875 34.63232 -9.029379 -3.26924e-6 34.63232 -8.767023 2.160819 34.63232 -7.995087 4.196205 34.63232 -6.758587 5.987585 34.63232 -5.129271 7.431034 34.63232 -3.201861 8.442616 34.63232 -1.088371 8.963545 34.63232 1.088371 8.963544 34.63232 3.201814 8.442643 34.63232 5.129312 7.430997 34.63232 6.758586 5.987586 34.63232 7.995118 4.196162 34.63232</float_array>
          <technique_common>
            <accessor source="#Örüntü_026-mesh-positions-array" count="390" stride="3">
              <param name="X" type="float"/>
              <param name="Y" type="float"/>
              <param name="Z" type="float"/>
            </accessor>
          </technique_common>
        </source>
        <source id="Örüntü_026-mesh-normals">
          <float_array id="Örüntü_026-mesh-normals-array" count="825">0 0 -1 0.6777729 0 0.7352713 0.6580861 0.1621791 0.7352692 0.970945 0.2393028 0 1 0 0 0.6001374 0.3149623 0.7352782 0.8854585 0.4647185 0 0.5073194 0.4494552 0.7352668 0.7485129 0.6631203 0 0.3850026 0.5578037 0.7352742 0.5680589 0.822988 0 0.240339 0.6337319 0.7352694 0.3546027 0.9350171 0 0.08166998 0.6728314 0.7352742 0.1205182 0.9927111 0 -0.08166998 0.6728314 0.7352742 -0.1205182 0.9927111 0 -0.240339 0.6337319 0.7352694 -0.3546027 0.9350171 0 -0.3850026 0.5578037 0.7352742 -0.5680589 0.822988 0 -0.5073194 0.4494552 0.7352668 -0.7485129 0.6631203 0 -0.6001374 0.3149623 0.7352782 -0.8854585 0.4647185 0 -0.6580861 0.1621791 0.7352692 -0.970945 0.2393028 0 -0.6777729 0 0.7352713 -1 0 0 -0.6580861 -0.1621791 0.7352692 -0.970945 -0.2393028 0 -0.6001374 -0.3149623 0.7352782 -0.8854585 -0.4647185 0 -0.5073264 -0.4494308 0.7352768 -0.7485129 -0.6631203 0 -0.3850286 -0.5577971 0.7352655 -0.5680589 -0.822988 0 -0.240339 -0.6337319 0.7352694 -0.3546027 -0.9350171 0 -0.08166998 -0.6728314 0.7352742 -0.1205182 -0.9927111 0 0.08166998 -0.6728314 0.7352742 0.1205182 -0.9927111 0 0.240339 -0.6337319 0.7352694 0.3546027 -0.9350171 0 0.3850026 -0.5578037 0.7352742 0.5680589 -0.822988 0 0.5073194 -0.4494552 0.7352668 0.7485129 -0.6631203 0 0.6001569 -0.3149565 0.7352647 0.8854585 -0.4647185 0 0.6580861 -0.1621791 0.7352692 0.970945 -0.2393028 0 -0.5073194 -0.4494552 0.7352668 -0.3850026 -0.5578037 0.7352742 0.08170032 -0.6728298 0.7352724 0.6001374 -0.3149623 0.7352782 0.7110479 0.175244 0.6809555 0.7322781 0 0.6810058 0.6484171 0.3403229 0.6809815 0.5481587 0.4856244 0.6809486 0.41601 0.6026973 0.680949 0.2596909 0.6847368 0.6809524 0.08826148 0.7269974 0.680944 -0.08826148 0.7269974 0.680944 -0.259657 0.684728 0.6809741 -0.4160353 0.6026897 0.6809405 -0.5481046 0.4856306 0.6809877 -0.6484483 0.3403232 0.6809516 -0.7110479 0.175244 0.6809555 -0.7323368 0 0.6809427 -0.7110479 -0.175244 0.6809555 -0.6484483 -0.3403232 0.6809516 -0.5481587 -0.4856244 0.6809486 -0.41601 -0.6026973 0.680949 -0.2596909 -0.6847368 0.6809524 -0.08826148 -0.7269974 0.680944 0.08826148 -0.7269974 0.680944 0.2596909 -0.6847368 0.6809524 0.41601 -0.6026973 0.680949 0.5481587 -0.4856244 0.6809486 0.6484659 -0.3403164 0.6809381 0.7110479 -0.175244 0.6809555 5.94829e-7 0 1 -4.82735e-7 0 1 -1.69284e-6 0 1 6.26271e-7 0 1 0 0 1 3.38566e-6 0 1 -1.93103e-6 0 1 6.77133e-6 0 1 -1.93103e-6 0 1 -3.86215e-6 0 1 -1.69283e-6 0 1 8.46416e-7 0 1 -9.65515e-7 0 1 1.40216e-6 0 1 -4.82758e-7 0 1 8.46414e-7 0 1 -1.76528e-6 0 1 -3.38567e-6 0 1 2.41367e-6 0 1 9.65539e-7 0 1 -1.93108e-6 0 1 9.65537e-7 0 1 0.7323368 0 -0.6809427 0.7110479 0.175244 -0.6809555 0.9010006 0.2220608 0.3726752 0.9279644 0 0.372669 0.6484483 0.3403232 -0.6809516 0.8216739 0.4312392 0.3726724 0.5481587 0.4856244 -0.6809486 0.6945867 0.6153588 0.3726701 0.41601 0.6026973 -0.680949 0.5271269 0.7637113 0.3726694 0.2596909 0.6847368 -0.6809524 0.3290585 0.867662 0.3726705 0.08826148 0.7269974 -0.680944 0.1118535 0.9211972 0.3726722 -0.08826148 0.7269974 -0.680944 -0.1118535 0.9211972 0.3726722 -0.2596909 0.6847368 -0.6809524 -0.3290585 0.867662 0.3726705 -0.41601 0.6026973 -0.680949 -0.5271269 0.7637113 0.3726694 -0.5481587 0.4856244 -0.6809486 -0.6945867 0.6153588 0.3726701 -0.6484483 0.3403232 -0.6809516 -0.8216739 0.4312392 0.3726724 -0.7110479 0.175244 -0.6809555 -0.9010064 0.2220547 0.3726651 -0.7323368 0 -0.6809427 -0.9279644 0 0.372669 -0.7110479 -0.175244 -0.6809555 -0.9010006 -0.2220608 0.3726752 -0.6484483 -0.3403232 -0.6809516 -0.8216739 -0.4312392 0.3726724 -0.5481587 -0.4856244 -0.6809486 -0.6945867 -0.6153588 0.3726701 -0.41601 -0.6026973 -0.680949 -0.5271269 -0.7637113 0.3726694 -0.2596909 -0.6847368 -0.6809524 -0.3290585 -0.867662 0.3726705 -0.08826148 -0.7269974 -0.680944 -0.1118234 -0.9212003 0.3726735 0.08826148 -0.7269974 -0.680944 0.1118535 -0.9211972 0.3726722 0.2596909 -0.6847368 -0.6809524 0.3290585 -0.867662 0.3726705 0.41601 -0.6026973 -0.680949 0.5271269 -0.7637113 0.3726694 0.5481587 -0.4856244 -0.6809486 0.6945867 -0.6153588 0.3726701 0.6484483 -0.3403232 -0.6809516 0.8216739 -0.4312392 0.3726724 0.7110479 -0.175244 -0.6809555 0.9010006 -0.2220608 0.3726752 -0.1118535 -0.9211972 0.3726722 -0.9010006 0.2220608 0.3726752 0.5271391 0.7636986 0.3726781 -1.29874e-7 0 -1 1.25994e-7 -2.528e-7 -1 0 0 -1 -1.40905e-7 0 -1 0 0 -1 0 0 -1 0 0 -1 0 0 -1 0 0 -1 2.2781e-7 0 -1 0 -1.24192e-7 -1 0 -1.25407e-7 -1 -1.32078e-7 0 -1 0 0 -1 0 0 -1 0 0 -1 0 0 -1 0 0 -1 0 2.22798e-7 -1 1.25997e-7 0 -1 1.23254e-7 0 -1 1.25997e-7 0 -1 0 0 -1 0 0 -1 0 0 -1 0 1.22336e-7 -1 -1.22537e-7 0 -1 0 1.25997e-7 -1 0 1.25997e-7 -1 0 1.38135e-7 -1 0 0 -1 0 0 -1 1.25997e-7 0 -1 1.23254e-7 0 -1 -1.31289e-5 0 1 2.41903e-5 0 1 4.58568e-5 0 1 1.30979e-5 0 1 1.65855e-5 0 1 -5.77651e-6 0 1 -2.72202e-5 0 1 2.34136e-5 0 1 -1.25213e-6 0 1 -1.27974e-5 0 1 6.88545e-6 0 1 1.24907e-6 0 1 -1.00144e-5 0 1 3.12238e-6 0 1 -5.00661e-6 0 1 2.49741e-6 0 1 -1.87785e-6 0 1 4.9948e-6 0 1 -9.69981e-6 0 1 -1.81091e-5 0 1 3.69385e-5 0 1 -3.02783e-5 0 1 5.79039e-6 0 1 -3.68485e-5 0 1 4.95321e-6 0 1 3.41893e-5 0 1 3.86538e-5 0 1 -4.94127e-6 0 1 6.25816e-7 0 1 1.40491e-6 0 1 1.2207e-5 0 1 -6.24324e-7 0 1 2.7535e-5 0 1 -1.21771e-5 0 1 -1.31476e-5 0 1 1.24856e-5 0 1 3.12276e-6 0 1 1.00175e-5 0 1 -6.87062e-6 0 1 -6.88393e-6 0 1 9.99332e-6 0 1 1.22069e-5 0 1 -3.309e-5 0 1 2.34716e-5 0 1 -1.21767e-5 0 1 1.58023e-5 0 1 -2.34159e-5 0 1 0.3954084 0.09744817 0.9133214 0.4072482 0 0.9133176 0.3954084 -0.09744817 0.9133214 0.360587 -0.1892509 0.9133242 0.3048002 -0.2700383 0.9133325 0.231338 -0.335135 0.9133276 0.1443883 -0.3807627 0.91333 0.0490753 -0.4042611 0.9133262 -0.0490753 -0.4042611 0.9133262 -0.1443883 -0.3807627 0.91333 -0.231338 -0.335135 0.9133276 -0.3048279 -0.2700358 0.9133241 -0.360587 -0.1892509 0.9133242 -0.3953827 -0.09744936 0.9133325 -0.4072482 0 0.9133176 -0.3953827 0.09744936 0.9133325 -0.360587 0.1892509 0.9133242 -0.3048279 0.2700358 0.9133241 -0.2313092 0.3351374 0.9133341 -0.1443883 0.3807627 0.91333 -0.0490753 0.4042611 0.9133262 0.0490753 0.4042611 0.9133262 0.1443883 0.3807627 0.91333 0.2313092 0.3351374 0.9133341 0.3048279 0.2700358 0.9133241 0.360587 0.1892509 0.9133242 0.4072228 0 0.913329 -0.3048002 -0.2700383 0.9133325 -0.3954084 -0.09744817 0.9133214 -0.4072114 0 0.913334 -0.3954084 0.09744817 0.9133214 -0.3048002 0.2700383 0.9133325 -0.231338 0.335135 0.9133276 0.231338 0.335135 0.9133276</float_array>
          <technique_common>
            <accessor source="#Örüntü_026-mesh-normals-array" count="275" stride="3">
              <param name="X" type="float"/>
              <param name="Y" type="float"/>
              <param name="Z" type="float"/>
            </accessor>
          </technique_common>
        </source>
        <source id="Örüntü_026-mesh-map-0">
          <float_array id="Örüntü_026-mesh-map-0-array" count="4656">0.6730771 0 0.6346154 0 0.5961539 0 0.5961539 0 0.5576923 0 0.5192307 0 0.5192307 0 0.4807692 0 0.4423076 0 0.5961539 0 0.5192307 0 0.4423076 0 0.4423076 0 0.4038461 0 0.3653845 0 0.3653845 0 0.326923 0 0.2884615 0 0.4423076 0 0.3653845 0 0.2884615 0 0.5961539 0 0.4423076 0 0.2884615 0 0.2884615 0 0.25 0 0.2115384 0 0.2115384 0 0.1730769 0 0.1346154 0 0.2884615 0 0.2115384 0 0.1346154 0 0.1346154 0 0.09615391 0 0.05769234 0 0.05769234 0 0.0192309 0 -0.01923066 0 0.1346154 0 0.05769234 0 -0.01923066 0 0.2884615 0 0.1346154 0 -0.01923066 0 0.5961539 0 0.2884615 0 -0.01923066 0 -0.01923066 0 -0.05769217 0 -0.09615373 0 -0.09615373 0 -0.1346153 0 -0.1730768 0 -0.01923066 0 -0.09615373 0 -0.1730768 0 0.5961539 0 -0.01923066 0 -0.1730768 0 -0.1730768 0 -0.2115384 0 -0.25 0 0.5961539 0 -0.1730768 0 -0.25 0 0.6730771 0 0.5961539 0 -0.25 0 -0.2884613 0 0.6730771 0 -0.25 0 0.7499991 0.02945142 0.7884625 0.02945142 0.7884625 0.1326756 0.7884625 0.1326756 0.7499991 0.1326756 0.7499991 0.02945142 0.7884625 0.02945142 0.8269231 0.02945142 0.8269231 0.1326756 0.8269231 0.1326756 0.7884625 0.1326756 0.7884625 0.02945142 0.8269231 0.02945142 0.8653846 0.02945142 0.8653847 0.1326756 0.8653847 0.1326756 0.8269231 0.1326756 0.8269231 0.02945142 0.8653846 0.02945142 0.9038453 0.02945142 0.9038453 0.1326756 0.9038453 0.1326756 0.8653847 0.1326756 0.8653846 0.02945142 0.9038453 0.02945142 0.9423087 0.02945142 0.9423087 0.1326756 0.9423087 0.1326756 0.9038453 0.1326756 0.9038453 0.02945142 0.9423087 0.02945142 0.9807693 0.02945142 0.9807693 0.1326756 0.9807693 0.1326756 0.9423087 0.1326756 0.9423087 0.02945142 0.9807693 0.02945142 1.019231 0.02945142 1.019231 0.1326756 1.019231 0.1326756 0.9807693 0.1326756 0.9807693 0.02945142 0.01923084 0.02945142 0.05769228 0.02945142 0.05769228 0.1326756 0.05769228 0.1326756 0.01923084 0.1326756 0.01923084 0.02945142 0.05769228 0.02945142 0.09615385 0.02945142 0.09615385 0.1326756 0.09615385 0.1326756 0.05769228 0.1326756 0.05769228 0.02945142 0.09615385 0.02945142 0.1346154 0.02945142 0.1346154 0.1326756 0.1346154 0.1326756 0.09615385 0.1326756 0.09615385 0.02945142 0.1346154 0.02945142 0.173076 0.02945142 0.173076 0.1326756 0.173076 0.1326756 0.1346154 0.1326756 0.1346154 0.02945142 0.173076 0.02945142 0.2115394 0.02945142 0.2115394 0.1326756 0.2115394 0.1326756 0.173076 0.1326756 0.173076 0.02945142 0.2115394 0.02945142 0.25 0.02945142 0.25 0.1326756 0.25 0.1326756 0.2115394 0.1326756 0.2115394 0.02945142 0.25 0.02945142 0.2884615 0.02945142 0.2884615 0.1326756 0.2884615 0.1326756 0.25 0.1326756 0.25 0.02945142 0.2884615 0.02945142 0.3269231 0.02945142 0.3269231 0.1326756 0.3269231 0.1326756 0.2884615 0.1326756 0.2884615 0.02945142 0.3269231 0.02945142 0.3653846 0.02945142 0.3653846 0.1326756 0.3653846 0.1326756 0.3269231 0.1326756 0.3269231 0.02945142 0.3653846 0.02945142 0.4038462 0.02945142 0.4038462 0.1326756 0.4038462 0.1326756 0.3653846 0.1326756 0.3653846 0.02945142 0.4038462 0.02945142 0.4423068 0.02945142 0.4423068 0.1326756 0.4423068 0.1326756 0.4038462 0.1326756 0.4038462 0.02945142 0.4423068 0.02945142 0.4807702 0.02945142 0.4807702 0.1326756 0.4807702 0.1326756 0.4423068 0.1326756 0.4423068 0.02945142 0.4807702 0.02945142 0.5192308 0.02945142 0.5192308 0.1326756 0.5192308 0.1326756 0.4807702 0.1326756 0.4807702 0.02945142 0.5192308 0.02945142 0.5576924 0.02945142 0.5576924 0.1326756 0.5576924 0.1326756 0.5192308 0.1326756 0.5192308 0.02945142 0.5576924 0.02945142 0.5961539 0.02945142 0.5961539 0.1326756 0.5961539 0.1326756 0.5576924 0.1326756 0.5576924 0.02945142 0.5961539 0.02945142 0.6346155 0.02945142 0.6346155 0.1326756 0.6346155 0.1326756 0.5961539 0.1326756 0.5961539 0.02945142 0.6346155 0.02945142 0.6730771 0.02945142 0.6730771 0.1326756 0.6730771 0.1326756 0.6346155 0.1326756 0.6346155 0.02945142 0.6730771 0.02945142 0.7115386 0.02945142 0.7115386 0.1326756 0.7115386 0.1326756 0.6730771 0.1326756 0.6730771 0.02945142 0.7115386 0.02945142 0.7499991 0.02945142 0.7499991 0.1326756 0.7499991 0.1326756 0.7115386 0.1326756 0.7115386 0.02945142 0.75 0.135779 0.7884616 0.135779 0.7884616 0.3242542 0.7884616 0.3242542 0.75 0.3242542 0.75 0.135779 0.7884616 0.135779 0.8269231 0.135779 0.8269231 0.3242542 0.8269231 0.3242542 0.7884616 0.3242542 0.7884616 0.135779 0.8269231 0.135779 0.8653847 0.135779 0.8653847 0.3242542 0.8653847 0.3242542 0.8269231 0.3242542 0.8269231 0.135779 0.8653847 0.135779 0.9038463 0.135779 0.9038463 0.3242542 0.9038463 0.3242542 0.8653847 0.3242542 0.8653847 0.135779 0.9038463 0.135779 0.9423078 0.135779 0.9423078 0.3242542 0.9423078 0.3242542 0.9038463 0.3242542 0.9038463 0.135779 0.9423078 0.135779 0.9807693 0.135779 0.9807693 0.3242542 0.9807693 0.3242542 0.9423078 0.3242542 0.9423078 0.135779 0.9807693 0.135779 1.019231 0.135779 1.019231 0.3242542 1.019231 0.3242542 0.9807693 0.3242542 0.9807693 0.135779 0.0192309 0.135779 0.05769234 0.135779 0.05769234 0.3242542 0.05769234 0.3242542 0.0192309 0.3242542 0.0192309 0.135779 0.05769234 0.135779 0.09615391 0.135779 0.09615391 0.3242542 0.09615391 0.3242542 0.05769234 0.3242542 0.05769234 0.135779 0.09615391 0.135779 0.1346154 0.135779 0.1346154 0.3242542 0.1346154 0.3242542 0.09615391 0.3242542 0.09615391 0.135779 0.1346154 0.135779 0.1730769 0.135779 0.1730769 0.3242542 0.1730769 0.3242542 0.1346154 0.3242542 0.1346154 0.135779 0.1730769 0.135779 0.2115384 0.135779 0.2115384 0.3242542 0.2115384 0.3242542 0.1730769 0.3242542 0.1730769 0.135779 0.2115384 0.135779 0.25 0.135779 0.25 0.3242542 0.25 0.3242542 0.2115384 0.3242542 0.2115384 0.135779 0.25 0.135779 0.2884615 0.135779 0.2884615 0.3242542 0.2884615 0.3242542 0.25 0.3242542 0.25 0.135779 0.2884615 0.135779 0.326923 0.135779 0.326923 0.3242542 0.326923 0.3242542 0.2884615 0.3242542 0.2884615 0.135779 0.326923 0.135779 0.3653845 0.135779 0.3653845 0.3242542 0.3653845 0.3242542 0.326923 0.3242542 0.326923 0.135779 0.3653845 0.135779 0.4038461 0.135779 0.4038461 0.3242542 0.4038461 0.3242542 0.3653845 0.3242542 0.3653845 0.135779 0.4038461 0.135779 0.4423076 0.135779 0.4423076 0.3242542 0.4423076 0.3242542 0.4038461 0.3242542 0.4038461 0.135779 0.4423076 0.135779 0.4807692 0.135779 0.4807692 0.3242542 0.4807692 0.3242542 0.4423076 0.3242542 0.4423076 0.135779 0.4807692 0.135779 0.5192307 0.135779 0.5192307 0.3242542 0.5192307 0.3242542 0.4807692 0.3242542 0.4807692 0.135779 0.5192307 0.135779 0.5576923 0.135779 0.5576923 0.3242542 0.5576923 0.3242542 0.5192307 0.3242542 0.5192307 0.135779 0.5576923 0.135779 0.5961539 0.135779 0.5961539 0.3242542 0.5961539 0.3242542 0.5576923 0.3242542 0.5576923 0.135779 0.5961539 0.135779 0.6346154 0.135779 0.6346154 0.3242542 0.6346154 0.3242542 0.5961539 0.3242542 0.5961539 0.135779 0.6346154 0.135779 0.6730771 0.135779 0.6730771 0.3242542 0.6730771 0.3242542 0.6346154 0.3242542 0.6346154 0.135779 0.6730771 0.135779 0.7115387 0.135779 0.7115387 0.3242542 0.7115387 0.3242542 0.6730771 0.3242542 0.6730771 0.135779 0.7115387 0.135779 0.75 0.135779 0.75 0.3242542 0.75 0.3242542 0.7115387 0.3242542 0.7115387 0.135779 0.75 0.3242542 0.7884616 0.3242542 0.7884616 0.4863813 0.7884616 0.4863813 0.75 0.4863813 0.75 0.3242542 0.7884616 0.3242542 0.8269231 0.3242542 0.8269231 0.4863813 0.8269231 0.4863813 0.7884616 0.4863813 0.7884616 0.3242542 0.8269231 0.3242542 0.8653847 0.3242542 0.8653847 0.4863813 0.8653847 0.4863813 0.8269231 0.4863813 0.8269231 0.3242542 0.8653847 0.3242542 0.9038463 0.3242542 0.9038463 0.4863813 0.9038463 0.4863813 0.8653847 0.4863813 0.8653847 0.3242542 0.9038463 0.3242542 0.9423078 0.3242542 0.9423078 0.4863813 0.9423078 0.4863813 0.9038463 0.4863813 0.9038463 0.3242542 0.9423078 0.3242542 0.9807693 0.3242542 0.9807693 0.4863813 0.9807693 0.4863813 0.9423078 0.4863813 0.9423078 0.3242542 0.9807693 0.3242542 1.019231 0.3242542 1.019231 0.4863813 1.019231 0.4863813 0.9807693 0.4863813 0.9807693 0.3242542 0.0192309 0.3242542 0.05769234 0.3242542 0.05769234 0.4863813 0.05769234 0.4863813 0.0192309 0.4863813 0.0192309 0.3242542 0.05769234 0.3242542 0.09615391 0.3242542 0.09615391 0.4863813 0.09615391 0.4863813 0.05769234 0.4863813 0.05769234 0.3242542 0.09615391 0.3242542 0.1346154 0.3242542 0.1346154 0.4863813 0.1346154 0.4863813 0.09615391 0.4863813 0.09615391 0.3242542 0.1346154 0.3242542 0.1730769 0.3242542 0.1730769 0.4863813 0.1730769 0.4863813 0.1346154 0.4863813 0.1346154 0.3242542 0.1730769 0.3242542 0.2115384 0.3242542 0.2115384 0.4863813 0.2115384 0.4863813 0.1730769 0.4863813 0.1730769 0.3242542 0.2115384 0.3242542 0.25 0.3242542 0.25 0.4863813 0.25 0.4863813 0.2115384 0.4863813 0.2115384 0.3242542 0.25 0.3242542 0.2884615 0.3242542 0.2884615 0.4863813 0.2884615 0.4863813 0.25 0.4863813 0.25 0.3242542 0.2884615 0.3242542 0.326923 0.3242542 0.326923 0.4863813 0.326923 0.4863813 0.2884615 0.4863813 0.2884615 0.3242542 0.326923 0.3242542 0.3653845 0.3242542 0.3653845 0.4863813 0.3653845 0.4863813 0.326923 0.4863813 0.326923 0.3242542 0.3653845 0.3242542 0.4038461 0.3242542 0.4038461 0.4863813 0.4038461 0.4863813 0.3653845 0.4863813 0.3653845 0.3242542 0.4038461 0.3242542 0.4423076 0.3242542 0.4423076 0.4863813 0.4423076 0.4863813 0.4038461 0.4863813 0.4038461 0.3242542 0.4423076 0.3242542 0.4807692 0.3242542 0.4807692 0.4863813 0.4807692 0.4863813 0.4423076 0.4863813 0.4423076 0.3242542 0.4807692 0.3242542 0.5192307 0.3242542 0.5192307 0.4863813 0.5192307 0.4863813 0.4807692 0.4863813 0.4807692 0.3242542 0.5192307 0.3242542 0.5576923 0.3242542 0.5576923 0.4863813 0.5576923 0.4863813 0.5192307 0.4863813 0.5192307 0.3242542 0.5576923 0.3242542 0.5961539 0.3242542 0.5961539 0.4863813 0.5961539 0.4863813 0.5576923 0.4863813 0.5576923 0.3242542 0.5961539 0.3242542 0.6346154 0.3242542 0.6346154 0.4863813 0.6346154 0.4863813 0.5961539 0.4863813 0.5961539 0.3242542 0.6346154 0.3242542 0.6730771 0.3242542 0.6730771 0.4863813 0.6730771 0.4863813 0.6346154 0.4863813 0.6346154 0.3242542 0.6730771 0.3242542 0.7115387 0.3242542 0.7115387 0.4863813 0.7115387 0.4863813 0.6730771 0.4863813 0.6730771 0.3242542 0.7115387 0.3242542 0.75 0.3242542 0.75 0.4863813 0.75 0.4863813 0.7115387 0.4863813 0.7115387 0.3242542 0.75 0.4863813 0.7884616 0.4863813 0.7884616 0.6485084 0.7884616 0.6485084 0.75 0.6485084 0.75 0.4863813 0.7884616 0.4863813 0.8269231 0.4863813 0.8269231 0.6485084 0.8269231 0.6485084 0.7884616 0.6485084 0.7884616 0.4863813 0.8269231 0.4863813 0.8653847 0.4863813 0.8653847 0.6485084 0.8653847 0.6485084 0.8269231 0.6485084 0.8269231 0.4863813 0.8653847 0.4863813 0.9038463 0.4863813 0.9038463 0.6485084 0.9038463 0.6485084 0.8653847 0.6485084 0.8653847 0.4863813 0.9038463 0.4863813 0.9423078 0.4863813 0.9423078 0.6485084 0.9423078 0.6485084 0.9038463 0.6485084 0.9038463 0.4863813 0.9423078 0.4863813 0.9807693 0.4863813 0.9807693 0.6485084 0.9807693 0.6485084 0.9423078 0.6485084 0.9423078 0.4863813 0.9807693 0.4863813 1.019231 0.4863813 1.019231 0.6485084 1.019231 0.6485084 0.9807693 0.6485084 0.9807693 0.4863813 0.0192309 0.4863813 0.05769234 0.4863813 0.05769234 0.6485084 0.05769234 0.6485084 0.0192309 0.6485084 0.0192309 0.4863813 0.05769234 0.4863813 0.09615391 0.4863813 0.09615391 0.6485084 0.09615391 0.6485084 0.05769234 0.6485084 0.05769234 0.4863813 0.09615391 0.4863813 0.1346154 0.4863813 0.1346154 0.6485084 0.1346154 0.6485084 0.09615391 0.6485084 0.09615391 0.4863813 0.1346154 0.4863813 0.1730769 0.4863813 0.1730769 0.6485084 0.1730769 0.6485084 0.1346154 0.6485084 0.1346154 0.4863813 0.1730769 0.4863813 0.2115384 0.4863813 0.2115384 0.6485084 0.2115384 0.6485084 0.1730769 0.6485084 0.1730769 0.4863813 0.2115384 0.4863813 0.25 0.4863813 0.25 0.6485084 0.25 0.6485084 0.2115384 0.6485084 0.2115384 0.4863813 0.25 0.4863813 0.2884615 0.4863813 0.2884615 0.6485084 0.2884615 0.6485084 0.25 0.6485084 0.25 0.4863813 0.2884615 0.4863813 0.326923 0.4863813 0.326923 0.6485084 0.326923 0.6485084 0.2884615 0.6485084 0.2884615 0.4863813 0.326923 0.4863813 0.3653845 0.4863813 0.3653845 0.6485084 0.3653845 0.6485084 0.326923 0.6485084 0.326923 0.4863813 0.3653845 0.4863813 0.4038461 0.4863813 0.4038461 0.6485084 0.4038461 0.6485084 0.3653845 0.6485084 0.3653845 0.4863813 0.4038461 0.4863813 0.4423076 0.4863813 0.4423076 0.6485084 0.4423076 0.6485084 0.4038461 0.6485084 0.4038461 0.4863813 0.4423076 0.4863813 0.4807692 0.4863813 0.4807692 0.6485084 0.4807692 0.6485084 0.4423076 0.6485084 0.4423076 0.4863813 0.4807692 0.4863813 0.5192307 0.4863813 0.5192307 0.6485084 0.5192307 0.6485084 0.4807692 0.6485084 0.4807692 0.4863813 0.5192307 0.4863813 0.5576923 0.4863813 0.5576923 0.6485084 0.5576923 0.6485084 0.5192307 0.6485084 0.5192307 0.4863813 0.5576923 0.4863813 0.5961539 0.4863813 0.5961539 0.6485084 0.5961539 0.6485084 0.5576923 0.6485084 0.5576923 0.4863813 0.5961539 0.4863813 0.6346154 0.4863813 0.6346154 0.6485084 0.6346154 0.6485084 0.5961539 0.6485084 0.5961539 0.4863813 0.6346154 0.4863813 0.6730771 0.4863813 0.6730771 0.6485084 0.6730771 0.6485084 0.6346154 0.6485084 0.6346154 0.4863813 0.6730771 0.4863813 0.7115387 0.4863813 0.7115387 0.6485084 0.7115387 0.6485084 0.6730771 0.6485084 0.6730771 0.4863813 0.7115387 0.4863813 0.75 0.4863813 0.75 0.6485084 0.75 0.6485084 0.7115387 0.6485084 0.7115387 0.4863813 0.75 0.6485084 0.7884616 0.6485084 0.7884616 0.8106356 0.7884616 0.8106356 0.75 0.8106356 0.75 0.6485084 0.7884616 0.6485084 0.8269231 0.6485084 0.8269231 0.8106356 0.8269231 0.8106356 0.7884616 0.8106356 0.7884616 0.6485084 0.8269231 0.6485084 0.8653847 0.6485084 0.8653847 0.8106356 0.8653847 0.8106356 0.8269231 0.8106356 0.8269231 0.6485084 0.8653847 0.6485084 0.9038463 0.6485084 0.9038463 0.8106356 0.9038463 0.8106356 0.8653847 0.8106356 0.8653847 0.6485084 0.9038463 0.6485084 0.9423078 0.6485084 0.9423078 0.8106356 0.9423078 0.8106356 0.9038463 0.8106356 0.9038463 0.6485084 0.9423078 0.6485084 0.9807693 0.6485084 0.9807693 0.8106356 0.9807693 0.8106356 0.9423078 0.8106356 0.9423078 0.6485084 0.9807693 0.6485084 1.019231 0.6485084 1.019231 0.8106356 1.019231 0.8106356 0.9807693 0.8106356 0.9807693 0.6485084 0.0192309 0.6485084 0.05769234 0.6485084 0.05769234 0.8106356 0.05769234 0.8106356 0.0192309 0.8106356 0.0192309 0.6485084 0.05769234 0.6485084 0.09615391 0.6485084 0.09615391 0.8106356 0.09615391 0.8106356 0.05769234 0.8106356 0.05769234 0.6485084 0.09615391 0.6485084 0.1346154 0.6485084 0.1346154 0.8106356 0.1346154 0.8106356 0.09615391 0.8106356 0.09615391 0.6485084 0.1346154 0.6485084 0.1730769 0.6485084 0.1730769 0.8106356 0.1730769 0.8106356 0.1346154 0.8106356 0.1346154 0.6485084 0.1730769 0.6485084 0.2115384 0.6485084 0.2115384 0.8106356 0.2115384 0.8106356 0.1730769 0.8106356 0.1730769 0.6485084 0.2115384 0.6485084 0.25 0.6485084 0.25 0.8106356 0.25 0.8106356 0.2115384 0.8106356 0.2115384 0.6485084 0.25 0.6485084 0.2884615 0.6485084 0.2884615 0.8106356 0.2884615 0.8106356 0.25 0.8106356 0.25 0.6485084 0.2884615 0.6485084 0.326923 0.6485084 0.326923 0.8106356 0.326923 0.8106356 0.2884615 0.8106356 0.2884615 0.6485084 0.326923 0.6485084 0.3653845 0.6485084 0.3653845 0.8106356 0.3653845 0.8106356 0.326923 0.8106356 0.326923 0.6485084 0.3653845 0.6485084 0.4038461 0.6485084 0.4038461 0.8106356 0.4038461 0.8106356 0.3653845 0.8106356 0.3653845 0.6485084 0.4038461 0.6485084 0.4423076 0.6485084 0.4423076 0.8106356 0.4423076 0.8106356 0.4038461 0.8106356 0.4038461 0.6485084 0.4423076 0.6485084 0.4807692 0.6485084 0.4807692 0.8106356 0.4807692 0.8106356 0.4423076 0.8106356 0.4423076 0.6485084 0.4807692 0.6485084 0.5192307 0.6485084 0.5192307 0.8106356 0.5192307 0.8106356 0.4807692 0.8106356 0.4807692 0.6485084 0.5192307 0.6485084 0.5576923 0.6485084 0.5576923 0.8106356 0.5576923 0.8106356 0.5192307 0.8106356 0.5192307 0.6485084 0.5576923 0.6485084 0.5961539 0.6485084 0.5961539 0.8106356 0.5961539 0.8106356 0.5576923 0.8106356 0.5576923 0.6485084 0.5961539 0.6485084 0.6346154 0.6485084 0.6346154 0.8106356 0.6346154 0.8106356 0.5961539 0.8106356 0.5961539 0.6485084 0.6346154 0.6485084 0.6730771 0.6485084 0.6730771 0.8106356 0.6730771 0.8106356 0.6346154 0.8106356 0.6346154 0.6485084 0.6730771 0.6485084 0.7115387 0.6485084 0.7115387 0.8106356 0.7115387 0.8106356 0.6730771 0.8106356 0.6730771 0.6485084 0.7115387 0.6485084 0.75 0.6485084 0.75 0.8106356 0.75 0.8106356 0.7115387 0.8106356 0.7115387 0.6485084 0.75 0.8106356 0.7884616 0.8106356 0.7884616 0.9727626 0.7884616 0.9727626 0.75 0.9727626 0.75 0.8106356 0.7884616 0.8106356 0.8269231 0.8106356 0.8269231 0.9727626 0.8269231 0.9727626 0.7884616 0.9727626 0.7884616 0.8106356 0.8269231 0.8106356 0.8653847 0.8106356 0.8653847 0.9727626 0.8653847 0.9727626 0.8269231 0.9727626 0.8269231 0.8106356 0.8653847 0.8106356 0.9038463 0.8106356 0.9038463 0.9727626 0.9038463 0.9727626 0.8653847 0.9727626 0.8653847 0.8106356 0.9038463 0.8106356 0.9423078 0.8106356 0.9423078 0.9727626 0.9423078 0.9727626 0.9038463 0.9727626 0.9038463 0.8106356 0.9423078 0.8106356 0.9807693 0.8106356 0.9807693 0.9727626 0.9807693 0.9727626 0.9423078 0.9727626 0.9423078 0.8106356 0.9807693 0.8106356 1.019231 0.8106356 1.019231 0.9727626 1.019231 0.9727626 0.9807693 0.9727626 0.9807693 0.8106356 0.0192309 0.8106356 0.05769234 0.8106356 0.05769234 0.9727626 0.05769234 0.9727626 0.0192309 0.9727626 0.0192309 0.8106356 0.05769234 0.8106356 0.09615391 0.8106356 0.09615391 0.9727626 0.09615391 0.9727626 0.05769234 0.9727626 0.05769234 0.8106356 0.09615391 0.8106356 0.1346154 0.8106356 0.1346154 0.9727626 0.1346154 0.9727626 0.09615391 0.9727626 0.09615391 0.8106356 0.1346154 0.8106356 0.1730769 0.8106356 0.1730769 0.9727626 0.1730769 0.9727626 0.1346154 0.9727626 0.1346154 0.8106356 0.1730769 0.8106356 0.2115384 0.8106356 0.2115384 0.9727626 0.2115384 0.9727626 0.1730769 0.9727626 0.1730769 0.8106356 0.2115384 0.8106356 0.25 0.8106356 0.25 0.9727626 0.25 0.9727626 0.2115384 0.9727626 0.2115384 0.8106356 0.25 0.8106356 0.2884615 0.8106356 0.2884615 0.9727626 0.2884615 0.9727626 0.25 0.9727626 0.25 0.8106356 0.2884615 0.8106356 0.326923 0.8106356 0.326923 0.9727626 0.326923 0.9727626 0.2884615 0.9727626 0.2884615 0.8106356 0.326923 0.8106356 0.3653845 0.8106356 0.3653845 0.9727626 0.3653845 0.9727626 0.326923 0.9727626 0.326923 0.8106356 0.3653845 0.8106356 0.4038461 0.8106356 0.4038461 0.9727626 0.4038461 0.9727626 0.3653845 0.9727626 0.3653845 0.8106356 0.4038461 0.8106356 0.4423076 0.8106356 0.4423076 0.9727626 0.4423076 0.9727626 0.4038461 0.9727626 0.4038461 0.8106356 0.4423076 0.8106356 0.4807692 0.8106356 0.4807692 0.9727626 0.4807692 0.9727626 0.4423076 0.9727626 0.4423076 0.8106356 0.4807692 0.8106356 0.5192307 0.8106356 0.5192307 0.9727626 0.5192307 0.9727626 0.4807692 0.9727626 0.4807692 0.8106356 0.5192307 0.8106356 0.5576923 0.8106356 0.5576923 0.9727626 0.5576923 0.9727626 0.5192307 0.9727626 0.5192307 0.8106356 0.5576923 0.8106356 0.5961539 0.8106356 0.5961539 0.9727626 0.5961539 0.9727626 0.5576923 0.9727626 0.5576923 0.8106356 0.5961539 0.8106356 0.6346154 0.8106356 0.6346154 0.9727626 0.6346154 0.9727626 0.5961539 0.9727626 0.5961539 0.8106356 0.6346154 0.8106356 0.6730771 0.8106356 0.6730771 0.9727626 0.6730771 0.9727626 0.6346154 0.9727626 0.6346154 0.8106356 0.6730771 0.8106356 0.7115387 0.8106356 0.7115387 0.9727626 0.7115387 0.9727626 0.6730771 0.9727626 0.6730771 0.8106356 0.7115387 0.8106356 0.75 0.8106356 0.75 0.9727626 0.75 0.9727626 0.7115387 0.9727626 0.7115387 0.8106356 0.75 0 0.7884616 0 0.7884625 0 0.7884625 0 0.7499991 0 0.75 0 0.7884616 0 0.8269231 0 0.8269231 0 0.8269231 0 0.7884625 0 0.7884616 0 0.8269231 0 0.8653847 0 0.8653847 0 0.8653847 0 0.8269231 0 0.8269231 0 0.8653847 0 0.9038463 0 0.9038453 0 0.9038453 0 0.8653847 0 0.8653847 0 0.9038463 0 0.9423078 0 0.9423087 0 0.9423087 0 0.9038453 0 0.9038463 0 0.9423078 0 0.9807693 0 0.9807693 0 0.9807693 0 0.9423087 0 0.9423078 0 0.9807693 0 1.019231 0 1.019231 0 1.019231 0 0.9807693 0 0.9807693 0 0.0192309 0 0.05769234 0 0.05769228 0 0.05769228 0 0.01923084 0 0.0192309 0 0.05769234 0 0.09615391 0 0.09615385 0 0.09615385 0 0.05769228 0 0.05769234 0 0.09615391 0 0.1346154 0 0.1346154 0 0.1346154 0 0.09615385 0 0.09615391 0 0.1346154 0 0.1730769 0 0.173076 0 0.173076 0 0.1346154 0 0.1346154 0 0.1730769 0 0.2115384 0 0.2115394 0 0.2115394 0 0.173076 0 0.1730769 0 0.2115384 0 0.25 0 0.25 0 0.25 0 0.2115394 0 0.2115384 0 0.25 0 0.2884615 0 0.2884615 0 0.2884615 0 0.25 0 0.25 0 0.2884615 0 0.326923 0 0.3269231 0 0.3269231 0 0.2884615 0 0.2884615 0 0.326923 0 0.3653845 0 0.3653846 0 0.3653846 0 0.3269231 0 0.326923 0 0.3653845 0 0.4038461 0 0.4038462 0 0.4038462 0 0.3653846 0 0.3653845 0 0.4038461 0 0.4423076 0 0.4423068 0 0.4423068 0 0.4038462 0 0.4038461 0 0.4423076 0 0.4807692 0 0.4807702 0 0.4807702 0 0.4423068 0 0.4423076 0 0.4807692 0 0.5192307 0 0.5192308 0 0.5192308 0 0.4807702 0 0.4807692 0 0.5192307 0 0.5576923 0 0.5576924 0 0.5576924 0 0.5192308 0 0.5192307 0 0.5576923 0 0.5961539 0 0.5961539 0 0.5961539 0 0.5576924 0 0.5576923 0 0.5961539 0 0.6346154 0 0.6346155 0 0.6346155 0 0.5961539 0 0.5961539 0 0.6346154 0 0.6730771 0 0.6730771 0 0.6730771 0 0.6346155 0 0.6346154 0 0.6730771 0 0.7115387 0 0.7115386 0 0.7115386 0 0.6730771 0 0.6730771 0 0.7115387 0 0.75 0 0.7499991 0 0.7499991 0 0.7115386 0 0.7115387 0 0.7884616 0.135779 0.75 0.135779 0.7499991 0.135779 0.7499991 0.135779 0.7884624 0.135779 0.7884616 0.135779 0.75 0.135779 0.7115387 0.135779 0.7115386 0.135779 0.7115386 0.135779 0.7499991 0.135779 0.75 0.135779 0.7115387 0.135779 0.6730771 0.135779 0.6730771 0.135779 0.6730771 0.135779 0.7115386 0.135779 0.7115387 0.135779 0.6730771 0.135779 0.6346154 0.135779 0.6346155 0.135779 0.6346155 0.135779 0.6730771 0.135779 0.6730771 0.135779 0.6346154 0.135779 0.5961539 0.135779 0.5961539 0.135779 0.5961539 0.135779 0.6346155 0.135779 0.6346154 0.135779 0.5961539 0.135779 0.5576923 0.135779 0.5576924 0.135779 0.5576924 0.135779 0.5961539 0.135779 0.5961539 0.135779 0.5576923 0.135779 0.5192307 0.135779 0.5192308 0.135779 0.5192308 0.135779 0.5576924 0.135779 0.5576923 0.135779 0.5192307 0.135779 0.4807692 0.135779 0.4807702 0.135779 0.4807702 0.135779 0.5192308 0.135779 0.5192307 0.135779 0.4807692 0.135779 0.4423076 0.135779 0.4423068 0.135779 0.4423068 0.135779 0.4807702 0.135779 0.4807692 0.135779 0.4423076 0.135779 0.4038461 0.135779 0.4038462 0.135779 0.4038462 0.135779 0.4423068 0.135779 0.4423076 0.135779 0.4038461 0.135779 0.3653845 0.135779 0.3653846 0.135779 0.3653846 0.135779 0.4038462 0.135779 0.4038461 0.135779 0.3653845 0.135779 0.326923 0.135779 0.3269231 0.135779 0.3269231 0.135779 0.3653846 0.135779 0.3653845 0.135779 0.326923 0.135779 0.2884615 0.135779 0.2884615 0.135779 0.2884615 0.135779 0.3269231 0.135779 0.326923 0.135779 0.2884615 0.135779 0.25 0.135779 0.25 0.135779 0.25 0.135779 0.2884615 0.135779 0.2884615 0.135779 0.25 0.135779 0.2115384 0.135779 0.2115393 0.135779 0.2115393 0.135779 0.25 0.135779 0.25 0.135779 0.2115384 0.135779 0.1730769 0.135779 0.173076 0.135779 0.173076 0.135779 0.2115393 0.135779 0.2115384 0.135779 0.1730769 0.135779 0.1346154 0.135779 0.1346154 0.135779 0.1346154 0.135779 0.173076 0.135779 0.1730769 0.135779 0.1346154 0.135779 0.09615391 0.135779 0.09615385 0.135779 0.09615385 0.135779 0.1346154 0.135779 0.1346154 0.135779 0.09615391 0.135779 0.05769234 0.135779 0.05769228 0.135779 0.05769228 0.135779 0.09615385 0.135779 0.09615391 0.135779 0.05769234 0.135779 0.0192309 0.135779 0.01923084 0.135779 0.01923084 0.135779 0.05769228 0.135779 0.05769234 0.135779 0.0192309 0.135779 -0.01923066 0.135779 -0.01923072 0.135779 -0.01923072 0.135779 0.01923084 0.135779 0.0192309 0.135779 0.9807693 0.135779 0.9423078 0.135779 0.9423087 0.135779 0.9423087 0.135779 0.9807693 0.135779 0.9807693 0.135779 0.9423078 0.135779 0.9038463 0.135779 0.9038453 0.135779 0.9038453 0.135779 0.9423087 0.135779 0.9423078 0.135779 0.9038463 0.135779 0.8653847 0.135779 0.8653847 0.135779 0.8653847 0.135779 0.9038453 0.135779 0.9038463 0.135779 0.8653847 0.135779 0.8269231 0.135779 0.8269231 0.135779 0.8269231 0.135779 0.8653847 0.135779 0.8653847 0.135779 0.8269231 0.135779 0.7884616 0.135779 0.7884624 0.135779 0.7884624 0.135779 0.8269231 0.135779 0.8269231 0.135779 0.0192309 0.9727626 0.326923 0.9727626 0.6346154 0.9727626 0.7499988 0 0.7884618 0 0.7884625 0.01777827 0.7884625 0.01777827 0.7499994 0.01777827 0.7499988 0 0.7884618 0 0.8269231 0 0.8269231 0.01777827 0.8269231 0.01777827 0.7884625 0.01777827 0.7884618 0 0.8269231 0 0.8653845 0 0.8653845 0.01777827 0.8653845 0.01777827 0.8269231 0.01777827 0.8269231 0 0.8653845 0 0.9038454 0 0.9038454 0.01777827 0.9038454 0.01777827 0.8653845 0.01777827 0.8653845 0 0.9038454 0 0.9423091 0 0.9423084 0.01777827 0.9423084 0.01777827 0.9038454 0.01777827 0.9038454 0 0.9423091 0 0.9807687 0 0.9807694 0.01777827 0.9807694 0.01777827 0.9423084 0.01777827 0.9423091 0 0.9807687 0 1.019231 0 1.019231 0.01777827 1.019231 0.01777827 0.9807694 0.01777827 0.9807687 0 0.01923078 0 0.05769181 0 0.05769181 0.01777827 0.05769181 0.01777827 0.01923078 0.01777827 0.01923078 0 0.05769181 0 0.09615439 0 0.09615439 0.01777827 0.09615439 0.01777827 0.05769181 0.01777827 0.05769181 0 0.09615439 0 0.1346153 0 0.1346153 0.01777827 0.1346153 0.01777827 0.09615439 0.01777827 0.09615439 0 0.1346153 0 0.1730762 0 0.1730762 0.01777827 0.1730762 0.01777827 0.1346153 0.01777827 0.1346153 0 0.1730762 0 0.2115393 0 0.2115393 0.01777827 0.2115393 0.01777827 0.1730762 0.01777827 0.1730762 0 0.2115393 0 0.25 0 0.2500001 0.01777827 0.2500001 0.01777827 0.2115393 0.01777827 0.2115393 0 0.25 0 0.2884616 0 0.2884616 0.01777827 0.2884616 0.01777827 0.2500001 0.01777827 0.25 0 0.2884616 0 0.3269225 0 0.3269225 0.01777827 0.3269225 0.01777827 0.2884616 0.01777827 0.2884616 0 0.3269225 0 0.3653852 0 0.3653852 0.01777827 0.3653852 0.01777827 0.3269225 0.01777827 0.3269225 0 0.3653852 0 0.4038456 0 0.4038459 0.01777827 0.4038459 0.01777827 0.3653852 0.01777827 0.3653852 0 0.4038456 0 0.4423065 0 0.4423068 0.01777827 0.4423068 0.01777827 0.4038459 0.01777827 0.4038456 0 0.4423065 0 0.4807701 0 0.4807701 0.01777827 0.4807701 0.01777827 0.4423068 0.01777827 0.4423065 0 0.4807701 0 0.5192314 0 0.519231 0.01777827 0.519231 0.01777827 0.4807701 0.01777827 0.4807701 0 0.5192314 0 0.557693 0 0.5576927 0.01777827 0.5576927 0.01777827 0.519231 0.01777827 0.5192314 0 0.557693 0 0.5961534 0 0.5961534 0.01777827 0.5961534 0.01777827 0.5576927 0.01777827 0.557693 0 0.5961534 0 0.634616 0 0.634616 0.01777827 0.634616 0.01777827 0.5961534 0.01777827 0.5961534 0 0.634616 0 0.6730771 0 0.6730771 0.01777827 0.6730771 0.01777827 0.634616 0.01777827 0.634616 0 0.6730771 0 0.7115385 0 0.7115385 0.01777827 0.7115385 0.01777827 0.6730771 0.01777827 0.6730771 0 0.7115385 0 0.7499988 0 0.7499994 0.01777827 0.7499994 0.01777827 0.7115385 0.01777827 0.7115385 0 0.7884625 0.1347561 0.7499991 0.1347561 0.7499991 0.1326756 0.7499991 0.1326756 0.7884625 0.1326756 0.7884625 0.1347561 0.7499991 0.1347561 0.7115386 0.1347561 0.7115386 0.1326756 0.7115386 0.1326756 0.7499991 0.1326756 0.7499991 0.1347561 0.7115386 0.1347561 0.6730771 0.1347561 0.6730771 0.1326756 0.6730771 0.1326756 0.7115386 0.1326756 0.7115386 0.1347561 0.6730771 0.1347561 0.6346155 0.1347561 0.6346155 0.1326756 0.6346155 0.1326756 0.6730771 0.1326756 0.6730771 0.1347561 0.6346155 0.1347561 0.5961539 0.1347561 0.5961539 0.1326756 0.5961539 0.1326756 0.6346155 0.1326756 0.6346155 0.1347561 0.5961539 0.1347561 0.5576924 0.1347561 0.5576924 0.1326756 0.5576924 0.1326756 0.5961539 0.1326756 0.5961539 0.1347561 0.5576924 0.1347561 0.5192308 0.1347561 0.5192308 0.1326756 0.5192308 0.1326756 0.5576924 0.1326756 0.5576924 0.1347561 0.5192308 0.1347561 0.4807702 0.1347561 0.4807702 0.1326756 0.4807702 0.1326756 0.5192308 0.1326756 0.5192308 0.1347561 0.4807702 0.1347561 0.4423068 0.1347561 0.4423068 0.1326756 0.4423068 0.1326756 0.4807702 0.1326756 0.4807702 0.1347561 0.4423068 0.1347561 0.4038462 0.1347561 0.4038462 0.1326756 0.4038462 0.1326756 0.4423068 0.1326756 0.4423068 0.1347561 0.4038462 0.1347561 0.3653846 0.1347561 0.3653846 0.1326756 0.3653846 0.1326756 0.4038462 0.1326756 0.4038462 0.1347561 0.3653846 0.1347561 0.3269231 0.1347561 0.3269231 0.1326756 0.3269231 0.1326756 0.3653846 0.1326756 0.3653846 0.1347561 0.3269231 0.1347561 0.2884615 0.1347561 0.2884615 0.1326756 0.2884615 0.1326756 0.3269231 0.1326756 0.3269231 0.1347561 0.2884615 0.1347561 0.25 0.1347561 0.25 0.1326756 0.25 0.1326756 0.2884615 0.1326756 0.2884615 0.1347561 0.25 0.1347561 0.2115394 0.1347561 0.2115394 0.1326756 0.2115394 0.1326756 0.25 0.1326756 0.25 0.1347561 0.2115394 0.1347561 0.173076 0.1347561 0.173076 0.1326756 0.173076 0.1326756 0.2115394 0.1326756 0.2115394 0.1347561 0.173076 0.1347561 0.1346154 0.1347561 0.1346154 0.1326756 0.1346154 0.1326756 0.173076 0.1326756 0.173076 0.1347561 0.1346154 0.1347561 0.09615385 0.1347561 0.09615385 0.1326756 0.09615385 0.1326756 0.1346154 0.1326756 0.1346154 0.1347561 0.09615385 0.1347561 0.05769228 0.1347561 0.05769228 0.1326756 0.05769228 0.1326756 0.09615385 0.1326756 0.09615385 0.1347561 0.05769228 0.1347561 0.01923084 0.1347561 0.01923084 0.1326756 0.01923084 0.1326756 0.05769228 0.1326756 0.05769228 0.1347561 0.01923084 0.1347561 -0.01923072 0.1347561 -0.01923072 0.1326756 -0.01923072 0.1326756 0.01923084 0.1326756 0.01923084 0.1347561 0.9807693 0.1347561 0.9423087 0.1347561 0.9423087 0.1326756 0.9423087 0.1326756 0.9807693 0.1326756 0.9807693 0.1347561 0.9423087 0.1347561 0.9038453 0.1347561 0.9038453 0.1326756 0.9038453 0.1326756 0.9423087 0.1326756 0.9423087 0.1347561 0.9038453 0.1347561 0.8653847 0.1347561 0.8653847 0.1326756 0.8653847 0.1326756 0.9038453 0.1326756 0.9038453 0.1347561 0.8653847 0.1347561 0.8269231 0.1347561 0.8269231 0.1326756 0.8269231 0.1326756 0.8653847 0.1326756 0.8653847 0.1347561 0.8269231 0.1347561 0.7884625 0.1347561 0.7884625 0.1326756 0.7884625 0.1326756 0.8269231 0.1326756 0.8269231 0.1347561 0.7499991 0 0.7884625 0 0.7884618 0 0.7884618 0 0.7499988 0 0.7499991 0 0.7884625 0 0.8269231 0 0.8269231 0 0.8269231 0 0.7884618 0 0.7884625 0 0.8269231 0 0.8653847 0 0.8653845 0 0.8653845 0 0.8269231 0 0.8269231 0 0.8653847 0 0.9038453 0 0.9038454 0 0.9038454 0 0.8653845 0 0.8653847 0 0.9038453 0 0.9423087 0 0.9423091 0 0.9423091 0 0.9038454 0 0.9038453 0 0.9423087 0 0.9807693 0 0.9807687 0 0.9807687 0 0.9423091 0 0.9423087 0 0.9807693 0 1.019231 0 1.019231 0 1.019231 0 0.9807687 0 0.9807693 0 0.01923084 0 0.05769228 0 0.05769181 0 0.05769181 0 0.01923078 0 0.01923084 0 0.05769228 0 0.09615385 0 0.09615439 0 0.09615439 0 0.05769181 0 0.05769228 0 0.09615385 0 0.1346154 0 0.1346153 0 0.1346153 0 0.09615439 0 0.09615385 0 0.1346154 0 0.173076 0 0.1730762 0 0.1730762 0 0.1346153 0 0.1346154 0 0.173076 0 0.2115394 0 0.2115393 0 0.2115393 0 0.1730762 0 0.173076 0 0.2115394 0 0.25 0 0.25 0 0.25 0 0.2115393 0 0.2115394 0 0.25 0 0.2884615 0 0.2884616 0 0.2884616 0 0.25 0 0.25 0 0.2884615 0 0.3269231 0 0.3269225 0 0.3269225 0 0.2884616 0 0.2884615 0 0.3269231 0 0.3653846 0 0.3653852 0 0.3653852 0 0.3269225 0 0.3269231 0 0.3653846 0 0.4038462 0 0.4038456 0 0.4038456 0 0.3653852 0 0.3653846 0 0.4038462 0 0.4423068 0 0.4423065 0 0.4423065 0 0.4038456 0 0.4038462 0 0.4423068 0 0.4807702 0 0.4807701 0 0.4807701 0 0.4423065 0 0.4423068 0 0.4807702 0 0.5192308 0 0.5192314 0 0.5192314 0 0.4807701 0 0.4807702 0 0.5192308 0 0.5576924 0 0.557693 0 0.557693 0 0.5192314 0 0.5192308 0 0.5576924 0 0.5961539 0 0.5961534 0 0.5961534 0 0.557693 0 0.5576924 0 0.5961539 0 0.6346155 0 0.634616 0 0.634616 0 0.5961534 0 0.5961539 0 0.6346155 0 0.6730771 0 0.6730771 0 0.6730771 0 0.634616 0 0.6346155 0 0.6730771 0 0.7115386 0 0.7115385 0 0.7115385 0 0.6730771 0 0.6730771 0 0.7115386 0 0.7499991 0 0.7499988 0 0.7499988 0 0.7115385 0 0.7115386 0 0.7884625 0.02945142 0.7499991 0.02945142 0.7499991 0.02945142 0.7499991 0.02945142 0.7884625 0.02945142 0.7884625 0.02945142 0.7499991 0.02945142 0.7115386 0.02945142 0.7115386 0.02945142 0.7115386 0.02945142 0.7499991 0.02945142 0.7499991 0.02945142 0.7115386 0.02945142 0.6730771 0.02945142 0.6730771 0.02945142 0.6730771 0.02945142 0.7115386 0.02945142 0.7115386 0.02945142 0.6730771 0.02945142 0.6346155 0.02945142 0.6346156 0.02945142 0.6346156 0.02945142 0.6730771 0.02945142 0.6730771 0.02945142 0.6346155 0.02945142 0.5961539 0.02945142 0.5961539 0.02945142 0.5961539 0.02945142 0.6346156 0.02945142 0.6346155 0.02945142 0.5961539 0.02945142 0.5576924 0.02945142 0.5576924 0.02945142 0.5576924 0.02945142 0.5961539 0.02945142 0.5961539 0.02945142 0.5576924 0.02945142 0.5192308 0.02945142 0.5192308 0.02945142 0.5192308 0.02945142 0.5576924 0.02945142 0.5576924 0.02945142 0.5192308 0.02945142 0.4807702 0.02945142 0.4807702 0.02945142 0.4807702 0.02945142 0.5192308 0.02945142 0.5192308 0.02945142 0.4807702 0.02945142 0.4423068 0.02945142 0.4423068 0.02945142 0.4423068 0.02945142 0.4807702 0.02945142 0.4807702 0.02945142 0.4423068 0.02945142 0.4038462 0.02945142 0.4038462 0.02945142 0.4038462 0.02945142 0.4423068 0.02945142 0.4423068 0.02945142 0.4038462 0.02945142 0.3653846 0.02945142 0.3653846 0.02945142 0.3653846 0.02945142 0.4038462 0.02945142 0.4038462 0.02945142 0.3653846 0.02945142 0.3269231 0.02945142 0.3269231 0.02945142 0.3269231 0.02945142 0.3653846 0.02945142 0.3653846 0.02945142 0.3269231 0.02945142 0.2884615 0.02945142 0.2884615 0.02945142 0.2884615 0.02945142 0.3269231 0.02945142 0.3269231 0.02945142 0.2884615 0.02945142 0.25 0.02945142 0.25 0.02945142 0.25 0.02945142 0.2884615 0.02945142 0.2884615 0.02945142 0.25 0.02945142 0.2115394 0.02945142 0.2115394 0.02945142 0.2115394 0.02945142 0.25 0.02945142 0.25 0.02945142 0.2115394 0.02945142 0.173076 0.02945142 0.173076 0.02945142 0.173076 0.02945142 0.2115394 0.02945142 0.2115394 0.02945142 0.173076 0.02945142 0.1346154 0.02945142 0.1346154 0.02945142 0.1346154 0.02945142 0.173076 0.02945142 0.173076 0.02945142 0.1346154 0.02945142 0.09615385 0.02945142 0.09615385 0.02945142 0.09615385 0.02945142 0.1346154 0.02945142 0.1346154 0.02945142 0.09615385 0.02945142 0.05769228 0.02945142 0.05769228 0.02945142 0.05769228 0.02945142 0.09615385 0.02945142 0.09615385 0.02945142 0.05769228 0.02945142 0.01923084 0.02945142 0.01923084 0.02945142 0.01923084 0.02945142 0.05769228 0.02945142 0.05769228 0.02945142 0.01923084 0.02945142 -0.01923072 0.02945142 -0.01923072 0.02945142 -0.01923072 0.02945142 0.01923084 0.02945142 0.01923084 0.02945142 0.9807693 0.02945142 0.9423087 0.02945142 0.9423087 0.02945142 0.9423087 0.02945142 0.9807693 0.02945142 0.9807693 0.02945142 0.9423087 0.02945142 0.9038453 0.02945142 0.9038453 0.02945142 0.9038453 0.02945142 0.9423087 0.02945142 0.9423087 0.02945142 0.9038453 0.02945142 0.8653846 0.02945142 0.8653847 0.02945142 0.8653847 0.02945142 0.9038453 0.02945142 0.9038453 0.02945142 0.8653846 0.02945142 0.8269231 0.02945142 0.8269231 0.02945142 0.8269231 0.02945142 0.8653847 0.02945142 0.8653846 0.02945142 0.8269231 0.02945142 0.7884625 0.02945142 0.7884625 0.02945142 0.7884625 0.02945142 0.8269231 0.02945142 0.8269231 0.02945142 0.7884625 0.01777827 0.7884625 0.02945142 0.7499991 0.02945142 0.7499991 0.02945142 0.7499994 0.01777827 0.7884625 0.01777827 0.7499994 0.01777827 0.7499991 0.02945142 0.7115386 0.02945142 0.7115386 0.02945142 0.7115385 0.01777827 0.7499994 0.01777827 0.7115385 0.01777827 0.7115386 0.02945142 0.6730771 0.02945142 0.6730771 0.02945142 0.6730771 0.01777827 0.7115385 0.01777827 0.6730771 0.01777827 0.6730771 0.02945142 0.6346156 0.02945142 0.6346156 0.02945142 0.634616 0.01777827 0.6730771 0.01777827 0.634616 0.01777827 0.6346156 0.02945142 0.5961539 0.02945142 0.5961539 0.02945142 0.5961534 0.01777827 0.634616 0.01777827 0.5961534 0.01777827 0.5961539 0.02945142 0.5576924 0.02945142 0.5576924 0.02945142 0.5576927 0.01777827 0.5961534 0.01777827 0.5576927 0.01777827 0.5576924 0.02945142 0.5192308 0.02945142 0.5192308 0.02945142 0.519231 0.01777827 0.5576927 0.01777827 0.519231 0.01777827 0.5192308 0.02945142 0.4807702 0.02945142 0.4807702 0.02945142 0.4807701 0.01777827 0.519231 0.01777827 0.4807701 0.01777827 0.4807702 0.02945142 0.4423068 0.02945142 0.4423068 0.02945142 0.4423068 0.01777827 0.4807701 0.01777827 0.4423068 0.01777827 0.4423068 0.02945142 0.4038462 0.02945142 0.4038462 0.02945142 0.4038459 0.01777827 0.4423068 0.01777827 0.4038459 0.01777827 0.4038462 0.02945142 0.3653846 0.02945142 0.3653846 0.02945142 0.3653852 0.01777827 0.4038459 0.01777827 0.3653852 0.01777827 0.3653846 0.02945142 0.3269231 0.02945142 0.3269231 0.02945142 0.3269225 0.01777827 0.3653852 0.01777827 0.3269225 0.01777827 0.3269231 0.02945142 0.2884615 0.02945142 0.2884615 0.02945142 0.2884616 0.01777827 0.3269225 0.01777827 0.2884616 0.01777827 0.2884615 0.02945142 0.25 0.02945142 0.25 0.02945142 0.2500001 0.01777827 0.2884616 0.01777827 0.2500001 0.01777827 0.25 0.02945142 0.2115394 0.02945142 0.2115394 0.02945142 0.2115393 0.01777827 0.2500001 0.01777827 0.2115393 0.01777827 0.2115394 0.02945142 0.173076 0.02945142 0.173076 0.02945142 0.1730762 0.01777827 0.2115393 0.01777827 0.1730762 0.01777827 0.173076 0.02945142 0.1346154 0.02945142 0.1346154 0.02945142 0.1346153 0.01777827 0.1730762 0.01777827 0.1346153 0.01777827 0.1346154 0.02945142 0.09615385 0.02945142 0.09615385 0.02945142 0.09615439 0.01777827 0.1346153 0.01777827 0.09615439 0.01777827 0.09615385 0.02945142 0.05769228 0.02945142 0.05769228 0.02945142 0.05769181 0.01777827 0.09615439 0.01777827 0.05769181 0.01777827 0.05769228 0.02945142 0.01923084 0.02945142 0.01923084 0.02945142 0.01923078 0.01777827 0.05769181 0.01777827 0.01923078 0.01777827 0.01923084 0.02945142 -0.01923072 0.02945142 -0.01923072 0.02945142 -0.0192306 0.01777827 0.01923078 0.01777827 0.9807694 0.01777827 0.9807693 0.02945142 0.9423087 0.02945142 0.9423087 0.02945142 0.9423084 0.01777827 0.9807694 0.01777827 0.9423084 0.01777827 0.9423087 0.02945142 0.9038453 0.02945142 0.9038453 0.02945142 0.9038454 0.01777827 0.9423084 0.01777827 0.9038454 0.01777827 0.9038453 0.02945142 0.8653847 0.02945142 0.8653847 0.02945142 0.8653845 0.01777827 0.9038454 0.01777827 0.8653845 0.01777827 0.8653847 0.02945142 0.8269231 0.02945142 0.8269231 0.02945142 0.8269231 0.01777827 0.8653845 0.01777827 0.8269231 0.01777827 0.8269231 0.02945142 0.7884625 0.02945142 0.7884625 0.02945142 0.7884625 0.01777827 0.8269231 0.01777827 0.7884625 0.1347561 0.7884624 0.135779 0.7499991 0.135779 0.7499991 0.135779 0.7499991 0.1347561 0.7884625 0.1347561 0.7499991 0.1347561 0.7499991 0.135779 0.7115386 0.135779 0.7115386 0.135779 0.7115386 0.1347561 0.7499991 0.1347561 0.7115386 0.1347561 0.7115386 0.135779 0.6730771 0.135779 0.6730771 0.135779 0.6730771 0.1347561 0.7115386 0.1347561 0.6730771 0.1347561 0.6730771 0.135779 0.6346155 0.135779 0.6346155 0.135779 0.6346155 0.1347561 0.6730771 0.1347561 0.6346155 0.1347561 0.6346155 0.135779 0.5961539 0.135779 0.5961539 0.135779 0.5961539 0.1347561 0.6346155 0.1347561 0.5961539 0.1347561 0.5961539 0.135779 0.5576924 0.135779 0.5576924 0.135779 0.5576924 0.1347561 0.5961539 0.1347561 0.5576924 0.1347561 0.5576924 0.135779 0.5192308 0.135779 0.5192308 0.135779 0.5192308 0.1347561 0.5576924 0.1347561 0.5192308 0.1347561 0.5192308 0.135779 0.4807702 0.135779 0.4807702 0.135779 0.4807702 0.1347561 0.5192308 0.1347561 0.4807702 0.1347561 0.4807702 0.135779 0.4423068 0.135779 0.4423068 0.135779 0.4423068 0.1347561 0.4807702 0.1347561 0.4423068 0.1347561 0.4423068 0.135779 0.4038462 0.135779 0.4038462 0.135779 0.4038462 0.1347561 0.4423068 0.1347561 0.4038462 0.1347561 0.4038462 0.135779 0.3653846 0.135779 0.3653846 0.135779 0.3653846 0.1347561 0.4038462 0.1347561 0.3653846 0.1347561 0.3653846 0.135779 0.3269231 0.135779 0.3269231 0.135779 0.3269231 0.1347561 0.3653846 0.1347561 0.3269231 0.1347561 0.3269231 0.135779 0.2884615 0.135779 0.2884615 0.135779 0.2884615 0.1347561 0.3269231 0.1347561 0.2884615 0.1347561 0.2884615 0.135779 0.25 0.135779 0.25 0.135779 0.25 0.1347561 0.2884615 0.1347561 0.25 0.1347561 0.25 0.135779 0.2115393 0.135779 0.2115393 0.135779 0.2115394 0.1347561 0.25 0.1347561 0.2115394 0.1347561 0.2115393 0.135779 0.173076 0.135779 0.173076 0.135779 0.173076 0.1347561 0.2115394 0.1347561 0.173076 0.1347561 0.173076 0.135779 0.1346154 0.135779 0.1346154 0.135779 0.1346154 0.1347561 0.173076 0.1347561 0.1346154 0.1347561 0.1346154 0.135779 0.09615385 0.135779 0.09615385 0.135779 0.09615385 0.1347561 0.1346154 0.1347561 0.09615385 0.1347561 0.09615385 0.135779 0.05769228 0.135779 0.05769228 0.135779 0.05769228 0.1347561 0.09615385 0.1347561 0.05769228 0.1347561 0.05769228 0.135779 0.01923084 0.135779 0.01923084 0.135779 0.01923084 0.1347561 0.05769228 0.1347561 0.01923084 0.1347561 0.01923084 0.135779 -0.01923072 0.135779 -0.01923072 0.135779 -0.01923072 0.1347561 0.01923084 0.1347561 0.9807693 0.1347561 0.9807693 0.135779 0.9423087 0.135779 0.9423087 0.135779 0.9423087 0.1347561 0.9807693 0.1347561 0.9423087 0.1347561 0.9423087 0.135779 0.9038453 0.135779 0.9038453 0.135779 0.9038453 0.1347561 0.9423087 0.1347561 0.9038453 0.1347561 0.9038453 0.135779 0.8653847 0.135779 0.8653847 0.135779 0.8653847 0.1347561 0.9038453 0.1347561 0.8653847 0.1347561 0.8653847 0.135779 0.8269231 0.135779 0.8269231 0.135779 0.8269231 0.1347561 0.8653847 0.1347561 0.8269231 0.1347561 0.8269231 0.135779 0.7884624 0.135779 0.7884624 0.135779 0.7884625 0.1347561 0.8269231 0.1347561 0.8653847 0.9727626 0.9038463 0.9727626 0.9423078 0.9727626 0.9423078 0.9727626 0.9807693 0.9727626 0.0192309 0.9727626 0.0192309 0.9727626 0.05769234 0.9727626 0.1730769 0.9727626 0.05769234 0.9727626 0.09615391 0.9727626 0.1730769 0.9727626 0.09615391 0.9727626 0.1346154 0.9727626 0.1730769 0.9727626 0.1730769 0.9727626 0.2115384 0.9727626 0.25 0.9727626 0.25 0.9727626 0.2884615 0.9727626 0.326923 0.9727626 0.326923 0.9727626 0.3653845 0.9727626 0.4807692 0.9727626 0.3653845 0.9727626 0.4038461 0.9727626 0.4807692 0.9727626 0.4038461 0.9727626 0.4423076 0.9727626 0.4807692 0.9727626 0.4807692 0.9727626 0.5192307 0.9727626 0.5576923 0.9727626 0.5576923 0.9727626 0.5961539 0.9727626 0.6346154 0.9727626 0.6346154 0.9727626 0.6730771 0.9727626 0.7884616 0.9727626 0.6730771 0.9727626 0.7115387 0.9727626 0.7884616 0.9727626 0.7115387 0.9727626 0.75 0.9727626 0.7884616 0.9727626 0.7884616 0.9727626 0.8269231 0.9727626 0.8653847 0.9727626 0.8653847 0.9727626 0.9423078 0.9727626 0.7884616 0.9727626 0.9423078 0.9727626 0.0192309 0.9727626 0.7884616 0.9727626 0.1730769 0.9727626 0.25 0.9727626 0.326923 0.9727626 0.4807692 0.9727626 0.5576923 0.9727626 0.326923 0.9727626 0.5576923 0.9727626 0.6346154 0.9727626 0.326923 0.9727626 0.0192309 0.9727626 0.1730769 0.9727626 0.326923 0.9727626 0.6346154 0.9727626 0.7884616 0.9727626 0.0192309 0.9727626</float_array>
          <technique_common>
            <accessor source="#Örüntü_026-mesh-map-0-array" count="2328" stride="2">
              <param name="S" type="float"/>
              <param name="T" type="float"/>
            </accessor>
          </technique_common>
        </source>
        <vertices id="Örüntü_026-mesh-vertices">
          <input semantic="POSITION" source="#Örüntü_026-mesh-positions"/>
        </vertices>
        <triangles material="direk_016-material" count="776">
          <input semantic="VERTEX" source="#Örüntü_026-mesh-vertices" offset="0"/>
          <input semantic="NORMAL" source="#Örüntü_026-mesh-normals" offset="1"/>
          <input semantic="TEXCOORD" source="#Örüntü_026-mesh-map-0" offset="2" set="0"/>
          <p>24 0 0 23 0 1 22 0 2 22 0 3 21 0 4 20 0 5 20 0 6 19 0 7 18 0 8 22 0 9 20 0 10 18 0 11 18 0 12 17 0 13 16 0 14 16 0 15 15 0 16 14 0 17 18 0 18 16 0 19 14 0 20 22 0 21 18 0 22 14 0 23 14 0 24 13 0 25 12 0 26 12 0 27 11 0 28 10 0 29 14 0 30 12 0 31 10 0 32 10 0 33 9 0 34 8 0 35 8 0 36 7 0 37 6 0 38 10 0 39 8 0 40 6 0 41 14 0 42 10 0 43 6 0 44 22 0 45 14 0 46 6 0 47 6 0 48 5 0 49 4 0 50 4 0 51 3 0 52 2 0 53 6 0 54 4 0 55 2 0 56 22 0 57 6 0 58 2 0 59 2 0 60 1 0 61 0 0 62 22 0 63 2 0 64 0 0 65 24 0 66 22 0 67 0 0 68 25 0 69 24 0 70 0 0 71 234 1 72 235 2 73 260 3 74 260 3 75 261 4 76 234 1 77 235 2 78 236 5 79 285 6 80 285 6 81 260 3 82 235 2 83 236 5 84 237 7 85 284 8 86 284 8 87 285 6 88 236 5 89 237 7 90 238 9 91 283 10 92 283 10 93 284 8 94 237 7 95 238 9 96 239 11 97 282 12 98 282 12 99 283 10 100 238 9 101 239 11 102 240 13 103 281 14 104 281 14 105 282 12 106 239 11 107 240 13 108 241 15 109 280 16 110 280 16 111 281 14 112 240 13 113 241 15 114 242 17 115 279 18 116 279 18 117 280 16 118 241 15 119 242 17 120 243 19 121 278 20 122 278 20 123 279 18 124 242 17 125 243 19 126 244 21 127 277 22 128 277 22 129 278 20 130 243 19 131 244 21 132 245 23 133 276 24 134 276 24 135 277 22 136 244 21 137 245 23 138 246 25 139 275 26 140 275 26 141 276 24 142 245 23 143 246 25 144 247 27 145 274 28 146 274 28 147 275 26 148 246 25 149 247 27 150 248 29 151 273 30 152 273 30 153 274 28 154 247 27 155 248 29 156 249 31 157 272 32 158 272 32 159 273 30 160 248 29 161 249 31 162 250 33 163 271 34 164 271 34 165 272 32 166 249 31 167 250 33 168 251 35 169 270 36 170 270 36 171 271 34 172 250 33 173 251 35 174 252 37 175 269 38 176 269 38 177 270 36 178 251 35 179 252 37 180 253 39 181 268 40 182 268 40 183 269 38 184 252 37 185 253 39 186 254 41 187 267 42 188 267 42 189 268 40 190 253 39 191 254 41 192 255 43 193 266 44 194 266 44 195 267 42 196 254 41 197 255 43 198 256 45 199 265 46 200 265 46 201 266 44 202 255 43 203 256 45 204 257 47 205 264 48 206 264 48 207 265 46 208 256 45 209 257 47 210 258 49 211 263 50 212 263 50 213 264 48 214 257 47 215 258 49 216 259 51 217 262 52 218 262 52 219 263 50 220 258 49 221 259 51 222 234 1 223 261 4 224 261 4 225 262 52 226 259 51 227 26 1 228 27 2 229 53 3 230 53 3 231 52 4 232 26 1 233 27 2 234 28 5 235 54 6 236 54 6 237 53 3 238 27 2 239 28 5 240 29 7 241 55 8 242 55 8 243 54 6 244 28 5 245 29 7 246 30 9 247 56 10 248 56 10 249 55 8 250 29 7 251 30 9 252 31 11 253 57 12 254 57 12 255 56 10 256 30 9 257 31 11 258 32 13 259 58 14 260 58 14 261 57 12 262 31 11 263 32 13 264 33 15 265 59 16 266 59 16 267 58 14 268 32 13 269 33 15 270 34 17 271 60 18 272 60 18 273 59 16 274 33 15 275 34 17 276 35 19 277 61 20 278 61 20 279 60 18 280 34 17 281 35 19 282 36 21 283 62 22 284 62 22 285 61 20 286 35 19 287 36 21 288 37 23 289 63 24 290 63 24 291 62 22 292 36 21 293 37 23 294 38 25 295 64 26 296 64 26 297 63 24 298 37 23 299 38 25 300 39 27 301 65 28 302 65 28 303 64 26 304 38 25 305 39 27 306 40 29 307 66 30 308 66 30 309 65 28 310 39 27 311 40 29 312 41 31 313 67 32 314 67 32 315 66 30 316 40 29 317 41 31 318 42 53 319 68 34 320 68 34 321 67 32 322 41 31 323 42 53 324 43 54 325 69 36 326 69 36 327 68 34 328 42 53 329 43 54 330 44 37 331 70 38 332 70 38 333 69 36 334 43 54 335 44 37 336 45 39 337 71 40 338 71 40 339 70 38 340 44 37 341 45 39 342 46 55 343 72 42 344 72 42 345 71 40 346 45 39 347 46 55 348 47 43 349 73 44 350 73 44 351 72 42 352 46 55 353 47 43 354 48 45 355 74 46 356 74 46 357 73 44 358 47 43 359 48 45 360 49 47 361 75 48 362 75 48 363 74 46 364 48 45 365 49 47 366 50 56 367 76 50 368 76 50 369 75 48 370 49 47 371 50 56 372 51 51 373 77 52 374 77 52 375 76 50 376 50 56 377 51 51 378 26 1 379 52 4 380 52 4 381 77 52 382 51 51 383 52 4 384 53 3 385 79 3 386 79 3 387 78 4 388 52 4 389 53 3 390 54 6 391 80 6 392 80 6 393 79 3 394 53 3 395 54 6 396 55 8 397 81 8 398 81 8 399 80 6 400 54 6 401 55 8 402 56 10 403 82 10 404 82 10 405 81 8 406 55 8 407 56 10 408 57 12 409 83 12 410 83 12 411 82 10 412 56 10 413 57 12 414 58 14 415 84 14 416 84 14 417 83 12 418 57 12 419 58 14 420 59 16 421 85 16 422 85 16 423 84 14 424 58 14 425 59 16 426 60 18 427 86 18 428 86 18 429 85 16 430 59 16 431 60 18 432 61 20 433 87 20 434 87 20 435 86 18 436 60 18 437 61 20 438 62 22 439 88 22 440 88 22 441 87 20 442 61 20 443 62 22 444 63 24 445 89 24 446 89 24 447 88 22 448 62 22 449 63 24 450 64 26 451 90 26 452 90 26 453 89 24 454 63 24 455 64 26 456 65 28 457 91 28 458 91 28 459 90 26 460 64 26 461 65 28 462 66 30 463 92 30 464 92 30 465 91 28 466 65 28 467 66 30 468 67 32 469 93 32 470 93 32 471 92 30 472 66 30 473 67 32 474 68 34 475 94 34 476 94 34 477 93 32 478 67 32 479 68 34 480 69 36 481 95 36 482 95 36 483 94 34 484 68 34 485 69 36 486 70 38 487 96 38 488 96 38 489 95 36 490 69 36 491 70 38 492 71 40 493 97 40 494 97 40 495 96 38 496 70 38 497 71 40 498 72 42 499 98 42 500 98 42 501 97 40 502 71 40 503 72 42 504 73 44 505 99 44 506 99 44 507 98 42 508 72 42 509 73 44 510 74 46 511 100 46 512 100 46 513 99 44 514 73 44 515 74 46 516 75 48 517 101 48 518 101 48 519 100 46 520 74 46 521 75 48 522 76 50 523 102 50 524 102 50 525 101 48 526 75 48 527 76 50 528 77 52 529 103 52 530 103 52 531 102 50 532 76 50 533 77 52 534 52 4 535 78 4 536 78 4 537 103 52 538 77 52 539 78 4 540 79 3 541 105 3 542 105 3 543 104 4 544 78 4 545 79 3 546 80 6 547 106 6 548 106 6 549 105 3 550 79 3 551 80 6 552 81 8 553 107 8 554 107 8 555 106 6 556 80 6 557 81 8 558 82 10 559 108 10 560 108 10 561 107 8 562 81 8 563 82 10 564 83 12 565 109 12 566 109 12 567 108 10 568 82 10 569 83 12 570 84 14 571 110 14 572 110 14 573 109 12 574 83 12 575 84 14 576 85 16 577 111 16 578 111 16 579 110 14 580 84 14 581 85 16 582 86 18 583 112 18 584 112 18 585 111 16 586 85 16 587 86 18 588 87 20 589 113 20 590 113 20 591 112 18 592 86 18 593 87 20 594 88 22 595 114 22 596 114 22 597 113 20 598 87 20 599 88 22 600 89 24 601 115 24 602 115 24 603 114 22 604 88 22 605 89 24 606 90 26 607 116 26 608 116 26 609 115 24 610 89 24 611 90 26 612 91 28 613 117 28 614 117 28 615 116 26 616 90 26 617 91 28 618 92 30 619 118 30 620 118 30 621 117 28 622 91 28 623 92 30 624 93 32 625 119 32 626 119 32 627 118 30 628 92 30 629 93 32 630 94 34 631 120 34 632 120 34 633 119 32 634 93 32 635 94 34 636 95 36 637 121 36 638 121 36 639 120 34 640 94 34 641 95 36 642 96 38 643 122 38 644 122 38 645 121 36 646 95 36 647 96 38 648 97 40 649 123 40 650 123 40 651 122 38 652 96 38 653 97 40 654 98 42 655 124 42 656 124 42 657 123 40 658 97 40 659 98 42 660 99 44 661 125 44 662 125 44 663 124 42 664 98 42 665 99 44 666 100 46 667 126 46 668 126 46 669 125 44 670 99 44 671 100 46 672 101 48 673 127 48 674 127 48 675 126 46 676 100 46 677 101 48 678 102 50 679 128 50 680 128 50 681 127 48 682 101 48 683 102 50 684 103 52 685 129 52 686 129 52 687 128 50 688 102 50 689 103 52 690 78 4 691 104 4 692 104 4 693 129 52 694 103 52 695 104 4 696 105 3 697 131 3 698 131 3 699 130 4 700 104 4 701 105 3 702 106 6 703 132 6 704 132 6 705 131 3 706 105 3 707 106 6 708 107 8 709 133 8 710 133 8 711 132 6 712 106 6 713 107 8 714 108 10 715 134 10 716 134 10 717 133 8 718 107 8 719 108 10 720 109 12 721 135 12 722 135 12 723 134 10 724 108 10 725 109 12 726 110 14 727 136 14 728 136 14 729 135 12 730 109 12 731 110 14 732 111 16 733 137 16 734 137 16 735 136 14 736 110 14 737 111 16 738 112 18 739 138 18 740 138 18 741 137 16 742 111 16 743 112 18 744 113 20 745 139 20 746 139 20 747 138 18 748 112 18 749 113 20 750 114 22 751 140 22 752 140 22 753 139 20 754 113 20 755 114 22 756 115 24 757 141 24 758 141 24 759 140 22 760 114 22 761 115 24 762 116 26 763 142 26 764 142 26 765 141 24 766 115 24 767 116 26 768 117 28 769 143 28 770 143 28 771 142 26 772 116 26 773 117 28 774 118 30 775 144 30 776 144 30 777 143 28 778 117 28 779 118 30 780 119 32 781 145 32 782 145 32 783 144 30 784 118 30 785 119 32 786 120 34 787 146 34 788 146 34 789 145 32 790 119 32 791 120 34 792 121 36 793 147 36 794 147 36 795 146 34 796 120 34 797 121 36 798 122 38 799 148 38 800 148 38 801 147 36 802 121 36 803 122 38 804 123 40 805 149 40 806 149 40 807 148 38 808 122 38 809 123 40 810 124 42 811 150 42 812 150 42 813 149 40 814 123 40 815 124 42 816 125 44 817 151 44 818 151 44 819 150 42 820 124 42 821 125 44 822 126 46 823 152 46 824 152 46 825 151 44 826 125 44 827 126 46 828 127 48 829 153 48 830 153 48 831 152 46 832 126 46 833 127 48 834 128 50 835 154 50 836 154 50 837 153 48 838 127 48 839 128 50 840 129 52 841 155 52 842 155 52 843 154 50 844 128 50 845 129 52 846 104 4 847 130 4 848 130 4 849 155 52 850 129 52 851 130 4 852 131 3 853 157 57 854 157 57 855 156 58 856 130 4 857 131 3 858 132 6 859 158 59 860 158 59 861 157 57 862 131 3 863 132 6 864 133 8 865 159 60 866 159 60 867 158 59 868 132 6 869 133 8 870 134 10 871 160 61 872 160 61 873 159 60 874 133 8 875 134 10 876 135 12 877 161 62 878 161 62 879 160 61 880 134 10 881 135 12 882 136 14 883 162 63 884 162 63 885 161 62 886 135 12 887 136 14 888 137 16 889 163 64 890 163 64 891 162 63 892 136 14 893 137 16 894 138 18 895 164 65 896 164 65 897 163 64 898 137 16 899 138 18 900 139 20 901 165 66 902 165 66 903 164 65 904 138 18 905 139 20 906 140 22 907 166 67 908 166 67 909 165 66 910 139 20 911 140 22 912 141 24 913 167 68 914 167 68 915 166 67 916 140 22 917 141 24 918 142 26 919 168 69 920 168 69 921 167 68 922 141 24 923 142 26 924 143 28 925 169 70 926 169 70 927 168 69 928 142 26 929 143 28 930 144 30 931 170 71 932 170 71 933 169 70 934 143 28 935 144 30 936 145 32 937 171 72 938 171 72 939 170 71 940 144 30 941 145 32 942 146 34 943 172 73 944 172 73 945 171 72 946 145 32 947 146 34 948 147 36 949 173 74 950 173 74 951 172 73 952 146 34 953 147 36 954 148 38 955 174 75 956 174 75 957 173 74 958 147 36 959 148 38 960 149 40 961 175 76 962 175 76 963 174 75 964 148 38 965 149 40 966 150 42 967 176 77 968 176 77 969 175 76 970 149 40 971 150 42 972 151 44 973 177 78 974 177 78 975 176 77 976 150 42 977 151 44 978 152 46 979 178 79 980 178 79 981 177 78 982 151 44 983 152 46 984 153 48 985 179 80 986 179 80 987 178 79 988 152 46 989 153 48 990 154 50 991 180 81 992 180 81 993 179 80 994 153 48 995 154 50 996 155 52 997 181 82 998 181 82 999 180 81 1000 154 50 1001 155 52 1002 130 4 1003 156 58 1004 156 58 1005 181 82 1006 155 52 1007 0 0 1008 1 0 1009 183 0 1010 183 0 1011 182 0 1012 0 0 1013 1 0 1014 2 0 1015 184 0 1016 184 0 1017 183 0 1018 1 0 1019 2 0 1020 3 0 1021 185 0 1022 185 0 1023 184 0 1024 2 0 1025 3 0 1026 4 0 1027 186 0 1028 186 0 1029 185 0 1030 3 0 1031 4 0 1032 5 0 1033 187 0 1034 187 0 1035 186 0 1036 4 0 1037 5 0 1038 6 0 1039 188 0 1040 188 0 1041 187 0 1042 5 0 1043 6 0 1044 7 0 1045 189 0 1046 189 0 1047 188 0 1048 6 0 1049 7 0 1050 8 0 1051 190 0 1052 190 0 1053 189 0 1054 7 0 1055 8 0 1056 9 0 1057 191 0 1058 191 0 1059 190 0 1060 8 0 1061 9 0 1062 10 0 1063 192 0 1064 192 0 1065 191 0 1066 9 0 1067 10 0 1068 11 0 1069 193 0 1070 193 0 1071 192 0 1072 10 0 1073 11 0 1074 12 0 1075 194 0 1076 194 0 1077 193 0 1078 11 0 1079 12 0 1080 13 0 1081 195 0 1082 195 0 1083 194 0 1084 12 0 1085 13 0 1086 14 0 1087 196 0 1088 196 0 1089 195 0 1090 13 0 1091 14 0 1092 15 0 1093 197 0 1094 197 0 1095 196 0 1096 14 0 1097 15 0 1098 16 0 1099 198 0 1100 198 0 1101 197 0 1102 15 0 1103 16 0 1104 17 0 1105 199 0 1106 199 0 1107 198 0 1108 16 0 1109 17 0 1110 18 0 1111 200 0 1112 200 0 1113 199 0 1114 17 0 1115 18 0 1116 19 0 1117 201 0 1118 201 0 1119 200 0 1120 18 0 1121 19 0 1122 20 0 1123 202 0 1124 202 0 1125 201 0 1126 19 0 1127 20 0 1128 21 0 1129 203 0 1130 203 0 1131 202 0 1132 20 0 1133 21 0 1134 22 0 1135 204 0 1136 204 0 1137 203 0 1138 21 0 1139 22 0 1140 23 0 1141 205 0 1142 205 0 1143 204 0 1144 22 0 1145 23 0 1146 24 0 1147 206 0 1148 206 0 1149 205 0 1150 23 0 1151 24 0 1152 25 0 1153 207 0 1154 207 0 1155 206 0 1156 24 0 1157 25 0 1158 0 0 1159 182 0 1160 182 0 1161 207 0 1162 25 0 1163 27 83 1164 26 83 1165 209 83 1166 209 84 1167 208 84 1168 27 84 1169 26 85 1170 51 85 1171 210 85 1172 210 86 1173 209 86 1174 26 86 1175 51 87 1176 50 87 1177 211 87 1178 211 87 1179 210 87 1180 51 87 1181 50 87 1182 49 87 1183 212 87 1184 212 87 1185 211 87 1186 50 87 1187 49 87 1188 48 87 1189 213 87 1190 213 87 1191 212 87 1192 49 87 1193 48 88 1194 47 88 1195 214 88 1196 214 89 1197 213 89 1198 48 89 1199 47 90 1200 46 90 1201 215 90 1202 215 91 1203 214 91 1204 47 91 1205 46 87 1206 45 87 1207 216 87 1208 216 92 1209 215 92 1210 46 92 1211 45 87 1212 44 87 1213 217 87 1214 217 87 1215 216 87 1216 45 87 1217 44 87 1218 43 87 1219 218 87 1220 218 87 1221 217 87 1222 44 87 1223 43 87 1224 42 87 1225 219 87 1226 219 87 1227 218 87 1228 43 87 1229 42 93 1230 41 93 1231 220 93 1232 220 87 1233 219 87 1234 42 87 1235 41 94 1236 40 94 1237 221 94 1238 221 95 1239 220 95 1240 41 95 1241 40 96 1242 39 96 1243 222 96 1244 222 97 1245 221 97 1246 40 97 1247 39 98 1248 38 98 1249 223 98 1250 223 99 1251 222 99 1252 39 99 1253 38 100 1254 37 100 1255 224 100 1256 224 101 1257 223 101 1258 38 101 1259 37 87 1260 36 87 1261 225 87 1262 225 102 1263 224 102 1264 37 102 1265 36 87 1266 35 87 1267 226 87 1268 226 87 1269 225 87 1270 36 87 1271 35 87 1272 34 87 1273 227 87 1274 227 87 1275 226 87 1276 35 87 1277 34 87 1278 33 87 1279 228 87 1280 228 87 1281 227 87 1282 34 87 1283 33 87 1284 32 87 1285 229 87 1286 229 87 1287 228 87 1288 33 87 1289 32 87 1290 31 87 1291 230 87 1292 230 87 1293 229 87 1294 32 87 1295 31 87 1296 30 87 1297 231 87 1298 231 87 1299 230 87 1300 31 87 1301 30 87 1302 29 87 1303 232 87 1304 232 103 1305 231 103 1306 30 103 1307 29 87 1308 28 87 1309 233 87 1310 233 87 1311 232 87 1312 29 87 1313 28 87 1314 27 87 1315 208 87 1316 208 104 1317 233 104 1318 28 104 1319 163 64 1320 171 72 1321 179 80 1322 286 105 1323 287 106 1324 338 107 1325 338 107 1326 339 108 1327 286 105 1328 287 106 1329 288 109 1330 363 110 1331 363 110 1332 338 107 1333 287 106 1334 288 109 1335 289 111 1336 362 112 1337 362 112 1338 363 110 1339 288 109 1340 289 111 1341 290 113 1342 361 114 1343 361 114 1344 362 112 1345 289 111 1346 290 113 1347 291 115 1348 360 116 1349 360 116 1350 361 114 1351 290 113 1352 291 115 1353 292 117 1354 359 118 1355 359 118 1356 360 116 1357 291 115 1358 292 117 1359 293 119 1360 358 120 1361 358 120 1362 359 118 1363 292 117 1364 293 119 1365 294 121 1366 357 122 1367 357 122 1368 358 120 1369 293 119 1370 294 121 1371 295 123 1372 356 124 1373 356 124 1374 357 122 1375 294 121 1376 295 123 1377 296 125 1378 355 126 1379 355 126 1380 356 124 1381 295 123 1382 296 125 1383 297 127 1384 354 128 1385 354 128 1386 355 126 1387 296 125 1388 297 127 1389 298 129 1390 353 130 1391 353 130 1392 354 128 1393 297 127 1394 298 129 1395 299 131 1396 352 132 1397 352 132 1398 353 130 1399 298 129 1400 299 131 1401 300 133 1402 351 134 1403 351 134 1404 352 132 1405 299 131 1406 300 133 1407 301 135 1408 350 136 1409 350 136 1410 351 134 1411 300 133 1412 301 135 1413 302 137 1414 349 138 1415 349 138 1416 350 136 1417 301 135 1418 302 137 1419 303 139 1420 348 140 1421 348 140 1422 349 138 1423 302 137 1424 303 139 1425 304 141 1426 347 142 1427 347 142 1428 348 140 1429 303 139 1430 304 141 1431 305 143 1432 346 144 1433 346 144 1434 347 142 1435 304 141 1436 305 143 1437 306 145 1438 345 146 1439 345 146 1440 346 144 1441 305 143 1442 306 145 1443 307 147 1444 344 148 1445 344 148 1446 345 146 1447 306 145 1448 307 147 1449 308 149 1450 343 150 1451 343 150 1452 344 148 1453 307 147 1454 308 149 1455 309 151 1456 342 152 1457 342 152 1458 343 150 1459 308 149 1460 309 151 1461 310 153 1462 341 154 1463 341 154 1464 342 152 1465 309 151 1466 310 153 1467 311 155 1468 340 156 1469 340 156 1470 341 154 1471 310 153 1472 311 155 1473 286 105 1474 339 108 1475 339 108 1476 340 156 1477 311 155 1478 364 107 1479 365 108 1480 261 4 1481 261 4 1482 260 3 1483 364 107 1484 365 108 1485 366 156 1486 262 52 1487 262 52 1488 261 4 1489 365 108 1490 366 156 1491 367 154 1492 263 50 1493 263 50 1494 262 52 1495 366 156 1496 367 154 1497 368 152 1498 264 48 1499 264 48 1500 263 50 1501 367 154 1502 368 152 1503 369 150 1504 265 46 1505 265 46 1506 264 48 1507 368 152 1508 369 150 1509 370 148 1510 266 44 1511 266 44 1512 265 46 1513 369 150 1514 370 148 1515 371 146 1516 267 42 1517 267 42 1518 266 44 1519 370 148 1520 371 146 1521 372 157 1522 268 40 1523 268 40 1524 267 42 1525 371 146 1526 372 157 1527 373 142 1528 269 38 1529 269 38 1530 268 40 1531 372 157 1532 373 142 1533 374 140 1534 270 36 1535 270 36 1536 269 38 1537 373 142 1538 374 140 1539 375 138 1540 271 34 1541 271 34 1542 270 36 1543 374 140 1544 375 138 1545 376 136 1546 272 32 1547 272 32 1548 271 34 1549 375 138 1550 376 136 1551 377 134 1552 273 30 1553 273 30 1554 272 32 1555 376 136 1556 377 134 1557 378 132 1558 274 28 1559 274 28 1560 273 30 1561 377 134 1562 378 132 1563 379 158 1564 275 26 1565 275 26 1566 274 28 1567 378 132 1568 379 158 1569 380 128 1570 276 24 1571 276 24 1572 275 26 1573 379 158 1574 380 128 1575 381 126 1576 277 22 1577 277 22 1578 276 24 1579 380 128 1580 381 126 1581 382 124 1582 278 20 1583 278 20 1584 277 22 1585 381 126 1586 382 124 1587 383 122 1588 279 18 1589 279 18 1590 278 20 1591 382 124 1592 383 122 1593 384 120 1594 280 16 1595 280 16 1596 279 18 1597 383 122 1598 384 120 1599 385 118 1600 281 14 1601 281 14 1602 280 16 1603 384 120 1604 385 118 1605 386 116 1606 282 12 1607 282 12 1608 281 14 1609 385 118 1610 386 116 1611 387 159 1612 283 10 1613 283 10 1614 282 12 1615 386 116 1616 387 159 1617 388 112 1618 284 8 1619 284 8 1620 283 10 1621 387 159 1622 388 112 1623 389 110 1624 285 6 1625 285 6 1626 284 8 1627 388 112 1628 389 110 1629 364 107 1630 260 3 1631 260 3 1632 285 6 1633 389 110 1634 182 160 1635 183 160 1636 287 160 1637 287 161 1638 286 161 1639 182 161 1640 183 162 1641 184 162 1642 288 162 1643 288 163 1644 287 163 1645 183 163 1646 184 164 1647 185 164 1648 289 164 1649 289 165 1650 288 165 1651 184 165 1652 185 166 1653 186 166 1654 290 166 1655 290 167 1656 289 167 1657 185 167 1658 186 168 1659 187 168 1660 291 168 1661 291 169 1662 290 169 1663 186 169 1664 187 170 1665 188 170 1666 292 170 1667 292 171 1668 291 171 1669 187 171 1670 188 0 1671 189 0 1672 293 0 1673 293 172 1674 292 172 1675 188 172 1676 189 0 1677 190 0 1678 294 0 1679 294 0 1680 293 0 1681 189 0 1682 190 0 1683 191 0 1684 295 0 1685 295 0 1686 294 0 1687 190 0 1688 191 173 1689 192 173 1690 296 173 1691 296 174 1692 295 174 1693 191 174 1694 192 175 1695 193 175 1696 297 175 1697 297 176 1698 296 176 1699 192 176 1700 193 177 1701 194 177 1702 298 177 1703 298 178 1704 297 178 1705 193 178 1706 194 179 1707 195 179 1708 299 179 1709 299 180 1710 298 180 1711 194 180 1712 195 0 1713 196 0 1714 300 0 1715 300 181 1716 299 181 1717 195 181 1718 196 0 1719 197 0 1720 301 0 1721 301 0 1722 300 0 1723 196 0 1724 197 0 1725 198 0 1726 302 0 1727 302 0 1728 301 0 1729 197 0 1730 198 182 1731 199 182 1732 303 182 1733 303 183 1734 302 183 1735 198 183 1736 199 0 1737 200 0 1738 304 0 1739 304 184 1740 303 184 1741 199 184 1742 200 185 1743 201 185 1744 305 185 1745 305 186 1746 304 186 1747 200 186 1748 201 187 1749 202 187 1750 306 187 1751 306 188 1752 305 188 1753 201 188 1754 202 0 1755 203 0 1756 307 0 1757 307 189 1758 306 189 1759 202 189 1760 203 0 1761 204 0 1762 308 0 1763 308 0 1764 307 0 1765 203 0 1766 204 0 1767 205 0 1768 309 0 1769 309 0 1770 308 0 1771 204 0 1772 205 0 1773 206 0 1774 310 0 1775 310 0 1776 309 0 1777 205 0 1778 206 190 1779 207 190 1780 311 190 1781 311 191 1782 310 191 1783 206 191 1784 207 192 1785 182 192 1786 286 192 1787 286 193 1788 311 193 1789 207 193 1790 235 194 1791 234 194 1792 313 194 1793 313 195 1794 312 195 1795 235 195 1796 234 196 1797 259 196 1798 314 196 1799 314 197 1800 313 197 1801 234 197 1802 259 198 1803 258 198 1804 315 198 1805 315 199 1806 314 199 1807 259 199 1808 258 200 1809 257 200 1810 316 200 1811 316 201 1812 315 201 1813 258 201 1814 257 202 1815 256 202 1816 317 202 1817 317 203 1818 316 203 1819 257 203 1820 256 204 1821 255 204 1822 318 204 1823 318 205 1824 317 205 1825 256 205 1826 255 206 1827 254 206 1828 319 206 1829 319 207 1830 318 207 1831 255 207 1832 254 87 1833 253 87 1834 320 87 1835 320 87 1836 319 87 1837 254 87 1838 253 208 1839 252 208 1840 321 208 1841 321 209 1842 320 209 1843 253 209 1844 252 210 1845 251 210 1846 322 210 1847 322 211 1848 321 211 1849 252 211 1850 251 212 1851 250 212 1852 323 212 1853 323 213 1854 322 213 1855 251 213 1856 250 214 1857 249 214 1858 324 214 1859 324 215 1860 323 215 1861 250 215 1862 249 216 1863 248 216 1864 325 216 1865 325 217 1866 324 217 1867 249 217 1868 248 218 1869 247 218 1870 326 218 1871 326 219 1872 325 219 1873 248 219 1874 247 220 1875 246 220 1876 327 220 1877 327 221 1878 326 221 1879 247 221 1880 246 222 1881 245 222 1882 328 222 1883 328 223 1884 327 223 1885 246 223 1886 245 224 1887 244 224 1888 329 224 1889 329 225 1890 328 225 1891 245 225 1892 244 226 1893 243 226 1894 330 226 1895 330 227 1896 329 227 1897 244 227 1898 243 228 1899 242 228 1900 331 228 1901 331 229 1902 330 229 1903 243 229 1904 242 87 1905 241 87 1906 332 87 1907 332 230 1908 331 230 1909 242 230 1910 241 87 1911 240 87 1912 333 87 1913 333 87 1914 332 87 1915 241 87 1916 240 231 1917 239 231 1918 334 231 1919 334 232 1920 333 232 1921 240 232 1922 239 233 1923 238 233 1924 335 233 1925 335 234 1926 334 234 1927 239 234 1928 238 235 1929 237 235 1930 336 235 1931 336 236 1932 335 236 1933 238 236 1934 237 237 1935 236 237 1936 337 237 1937 337 238 1938 336 238 1939 237 238 1940 236 239 1941 235 239 1942 312 239 1943 312 240 1944 337 240 1945 236 240 1946 338 107 1947 312 241 1948 313 242 1949 313 242 1950 339 108 1951 338 107 1952 339 108 1953 313 242 1954 314 243 1955 314 243 1956 340 156 1957 339 108 1958 340 156 1959 314 243 1960 315 244 1961 315 244 1962 341 154 1963 340 156 1964 341 154 1965 315 244 1966 316 245 1967 316 245 1968 342 152 1969 341 154 1970 342 152 1971 316 245 1972 317 246 1973 317 246 1974 343 150 1975 342 152 1976 343 150 1977 317 246 1978 318 247 1979 318 247 1980 344 148 1981 343 150 1982 344 148 1983 318 247 1984 319 248 1985 319 248 1986 345 146 1987 344 148 1988 345 146 1989 319 248 1990 320 249 1991 320 249 1992 346 144 1993 345 146 1994 346 144 1995 320 249 1996 321 250 1997 321 250 1998 347 142 1999 346 144 2000 347 142 2001 321 250 2002 322 251 2003 322 251 2004 348 140 2005 347 142 2006 348 140 2007 322 251 2008 323 252 2009 323 252 2010 349 138 2011 348 140 2012 349 138 2013 323 252 2014 324 253 2015 324 253 2016 350 136 2017 349 138 2018 350 136 2019 324 253 2020 325 254 2021 325 254 2022 351 134 2023 350 136 2024 351 134 2025 325 254 2026 326 255 2027 326 255 2028 352 132 2029 351 134 2030 352 132 2031 326 255 2032 327 256 2033 327 256 2034 353 130 2035 352 132 2036 353 130 2037 327 256 2038 328 257 2039 328 257 2040 354 128 2041 353 130 2042 354 128 2043 328 257 2044 329 258 2045 329 258 2046 355 126 2047 354 128 2048 355 126 2049 329 258 2050 330 259 2051 330 259 2052 356 124 2053 355 126 2054 356 124 2055 330 259 2056 331 260 2057 331 260 2058 357 122 2059 356 124 2060 357 122 2061 331 260 2062 332 261 2063 332 261 2064 358 120 2065 357 122 2066 358 120 2067 332 261 2068 333 262 2069 333 262 2070 359 118 2071 358 120 2072 359 118 2073 333 262 2074 334 263 2075 334 263 2076 360 116 2077 359 118 2078 360 116 2079 334 263 2080 335 264 2081 335 264 2082 361 114 2083 360 116 2084 361 114 2085 335 264 2086 336 265 2087 336 265 2088 362 112 2089 361 114 2090 362 112 2091 336 265 2092 337 266 2093 337 266 2094 363 110 2095 362 112 2096 363 110 2097 337 266 2098 312 241 2099 312 241 2100 338 107 2101 363 110 2102 364 107 2103 208 241 2104 209 267 2105 209 267 2106 365 108 2107 364 107 2108 365 108 2109 209 267 2110 210 243 2111 210 243 2112 366 156 2113 365 108 2114 366 156 2115 210 243 2116 211 244 2117 211 244 2118 367 154 2119 366 156 2120 367 154 2121 211 244 2122 212 245 2123 212 245 2124 368 152 2125 367 154 2126 368 152 2127 212 245 2128 213 246 2129 213 246 2130 369 150 2131 368 152 2132 369 150 2133 213 246 2134 214 247 2135 214 247 2136 370 148 2137 369 150 2138 370 148 2139 214 247 2140 215 248 2141 215 248 2142 371 146 2143 370 148 2144 371 146 2145 215 248 2146 216 249 2147 216 249 2148 372 157 2149 371 146 2150 372 157 2151 216 249 2152 217 250 2153 217 250 2154 373 142 2155 372 157 2156 373 142 2157 217 250 2158 218 251 2159 218 251 2160 374 140 2161 373 142 2162 374 140 2163 218 251 2164 219 268 2165 219 268 2166 375 138 2167 374 140 2168 375 138 2169 219 268 2170 220 253 2171 220 253 2172 376 136 2173 375 138 2174 376 136 2175 220 253 2176 221 269 2177 221 269 2178 377 134 2179 376 136 2180 377 134 2181 221 269 2182 222 270 2183 222 270 2184 378 132 2185 377 134 2186 378 132 2187 222 270 2188 223 271 2189 223 271 2190 379 158 2191 378 132 2192 379 158 2193 223 271 2194 224 257 2195 224 257 2196 380 128 2197 379 158 2198 380 128 2199 224 257 2200 225 272 2201 225 272 2202 381 126 2203 380 128 2204 381 126 2205 225 272 2206 226 273 2207 226 273 2208 382 124 2209 381 126 2210 382 124 2211 226 273 2212 227 260 2213 227 260 2214 383 122 2215 382 124 2216 383 122 2217 227 260 2218 228 261 2219 228 261 2220 384 120 2221 383 122 2222 384 120 2223 228 261 2224 229 262 2225 229 262 2226 385 118 2227 384 120 2228 385 118 2229 229 262 2230 230 263 2231 230 263 2232 386 116 2233 385 118 2234 386 116 2235 230 263 2236 231 274 2237 231 274 2238 387 159 2239 386 116 2240 387 159 2241 231 274 2242 232 265 2243 232 265 2244 388 112 2245 387 159 2246 388 112 2247 232 265 2248 233 266 2249 233 266 2250 389 110 2251 388 112 2252 389 110 2253 233 266 2254 208 241 2255 208 241 2256 364 107 2257 389 110 2258 159 60 2259 160 61 2260 161 62 2261 161 62 2262 162 63 2263 163 64 2264 163 64 2265 164 65 2266 167 68 2267 164 65 2268 165 66 2269 167 68 2270 165 66 2271 166 67 2272 167 68 2273 167 68 2274 168 69 2275 169 70 2276 169 70 2277 170 71 2278 171 72 2279 171 72 2280 172 73 2281 175 76 2282 172 73 2283 173 74 2284 175 76 2285 173 74 2286 174 75 2287 175 76 2288 175 76 2289 176 77 2290 177 78 2291 177 78 2292 178 79 2293 179 80 2294 179 80 2295 180 81 2296 157 57 2297 180 81 2298 181 82 2299 157 57 2300 181 82 2301 156 58 2302 157 57 2303 157 57 2304 158 59 2305 159 60 2306 159 60 2307 161 62 2308 157 57 2309 161 62 2310 163 64 2311 157 57 2312 167 68 2313 169 70 2314 171 72 2315 175 76 2316 177 78 2317 171 72 2318 177 78 2319 179 80 2320 171 72 2321 163 64 2322 167 68 2323 171 72 2324 179 80 2325 157 57 2326 163 64 2327</p>
        </triangles>
      </mesh>
    </geometry>
  </library_geometries>
  <library_visual_scenes>
    <visual_scene id="Scene" name="Scene">
      <node id="Base_circle_001" name="Base_circle.001" type="NODE">
        <matrix sid="transform">-5.82356e-8 5.82356e-8 1 -0.01644352 1.332276 2.54556e-15 4.37114e-8 0.0212166 0 1.332276 -4.37114e-8 2.622862 0 0 0 1</matrix>
        <instance_geometry url="#Circle_014-mesh" name="Base_circle.001">
          <bind_material>
            <technique_common>
              <instance_material symbol="kırmızı-material" target="#kırmızı-material">
                <bind_vertex_input semantic="UVMap" input_semantic="TEXCOORD" input_set="0"/>
              </instance_material>
              <instance_material symbol="beyaz-material" target="#beyaz-material">
                <bind_vertex_input semantic="UVMap" input_semantic="TEXCOORD" input_set="0"/>
              </instance_material>
              <instance_material symbol="siyah-material" target="#siyah-material">
                <bind_vertex_input semantic="UVMap" input_semantic="TEXCOORD" input_set="0"/>
              </instance_material>
            </technique_common>
          </bind_material>
        </instance_geometry>
      </node>
      <node id="Base_body_001" name="Base_body.001" type="NODE">
        <matrix sid="transform">-3.35997e-10 0.007686716 4.59046e-10 0.04163399 -0.007686716 -3.35997e-10 0 0.03084597 0 -3.35997e-10 0.01050175 1.19209e-7 0 0 0 1</matrix>
        <instance_geometry url="#Örüntü_026-mesh" name="Base_body.001">
          <bind_material>
            <technique_common>
              <instance_material symbol="direk_016-material" target="#direk_016-material">
                <bind_vertex_input semantic="Örüntü_013-mesh-map-0" input_semantic="TEXCOORD" input_set="0"/>
              </instance_material>
            </technique_common>
          </bind_material>
        </instance_geometry>
      </node>
    </visual_scene>
  </library_visual_scenes>
  <scene>
    <instance_visual_scene url="#Scene"/>
  </scene>
</COLLADA>