<?xml version="1.0" encoding="utf-8"?>
<COLLADA xmlns="http://www.collada.org/2005/11/COLLADASchema" version="1.4.1" xmlns:xsi="http://www.w3.org/2001/XMLSchema-instance">
  <asset>
    <contributor>
      <author>Blender User</author>
      <authoring_tool>Blender 2.92.0 commit date:2021-02-24, commit time:16:25, hash:02948a2cab44</authoring_tool>
    </contributor>
    <created>2022-03-27T14:33:29</created>
    <modified>2022-03-27T14:33:29</modified>
    <unit name="meter" meter="1"/>
    <up_axis>Z_UP</up_axis>
  </asset>
  <library_effects>
    <effect id="direk_007-effect">
      <profile_COMMON>
        <technique sid="common">
          <lambert>
            <emission>
              <color sid="emission">0 0 0 1</color>
            </emission>
            <diffuse>
              <color sid="diffuse">0.5882353 0.5882353 0.7019608 1</color>
            </diffuse>
            <reflectivity>
              <float sid="specular">1</float>
            </reflectivity>
            <index_of_refraction>
              <float sid="ior">1.45</float>
            </index_of_refraction>
          </lambert>
        </technique>
      </profile_COMMON>
    </effect>
    <effect id="kırmızı-effect">
      <profile_COMMON>
        <technique sid="common">
          <lambert>
            <emission>
              <color sid="emission">1 0 0 1</color>
            </emission>
            <diffuse>
              <color sid="diffuse">1 0 0.001951932 1</color>
            </diffuse>
            <index_of_refraction>
              <float sid="ior">1.45</float>
            </index_of_refraction>
          </lambert>
        </technique>
      </profile_COMMON>
    </effect>
    <effect id="beyaz-effect">
      <profile_COMMON>
        <technique sid="common">
          <lambert>
            <emission>
              <color sid="emission">1 1 1 1</color>
            </emission>
            <diffuse>
              <color sid="diffuse">1 1 1 1</color>
            </diffuse>
            <index_of_refraction>
              <float sid="ior">1.45</float>
            </index_of_refraction>
          </lambert>
        </technique>
      </profile_COMMON>
    </effect>
  </library_effects>
  <library_images/>
  <library_materials>
    <material id="direk_007-material" name="direk.007">
      <instance_effect url="#direk_007-effect"/>
    </material>
    <material id="kırmızı-material" name="kırmızı">
      <instance_effect url="#kırmızı-effect"/>
    </material>
    <material id="beyaz-material" name="beyaz">
      <instance_effect url="#beyaz-effect"/>
    </material>
  </library_materials>
  <library_geometries>
    <geometry id="Örüntü_017-mesh" name="Örüntü.017">
      <mesh>
        <source id="Örüntü_017-mesh-positions">
          <float_array id="Örüntü_017-mesh-positions-array" count="1170">5 0 0 4.854709 1.196578 0 4.42728 2.323616 0 3.742554 3.315613 0 2.840323 4.114919 0 1.773024 4.675081 0 0.6026834 4.963544 0 -0.6026833 4.963544 0 -1.773024 4.675081 0 -2.840323 4.11492 0 -3.742554 3.315613 0 -4.42728 2.323615 0 -4.85471 1.196577 0 -5 -1.62921e-6 0 -4.854709 -1.19658 0 -4.427279 -2.323618 0 -3.742552 -3.315616 0 -2.840321 -4.114922 0 -1.773021 -4.675083 0 -0.6026788 -4.963545 0 0.6026884 -4.963544 0 1.77303 -4.675079 0 2.840329 -4.114916 0 3.742558 -3.315608 0 4.427283 -2.32361 0 4.854711 -1.196571 0 5 0 34.89522 4.854709 1.196578 34.89522 4.42728 2.323616 34.89522 3.742554 3.315613 34.89522 2.840323 4.114919 34.89522 1.773024 4.675081 34.89522 0.6026834 4.963544 34.89522 -0.6026833 4.963544 34.89522 -1.773024 4.675081 34.89522 -2.840323 4.11492 34.89522 -3.742554 3.315613 34.89522 -4.42728 2.323615 34.89522 -4.85471 1.196577 34.89522 -5 -1.62921e-6 34.89522 -4.854709 -1.19658 34.89522 -4.427279 -2.323618 34.89522 -3.742552 -3.315616 34.89522 -2.840321 -4.114922 34.89522 -1.773021 -4.675083 34.89522 -0.6026788 -4.963545 34.89522 0.6026884 -4.963544 34.89522 1.77303 -4.675079 34.89522 2.840329 -4.114916 34.89522 3.742558 -3.315608 34.89522 4.427283 -2.32361 34.89522 4.854711 -1.196571 34.89522 5 0 83.33334 4.854709 1.196578 83.33334 4.42728 2.323616 83.33334 3.742554 3.315613 83.33334 2.840323 4.114919 83.33334 1.773024 4.675081 83.33334 0.6026834 4.963544 83.33334 -0.6026833 4.963544 83.33334 -1.773024 4.675081 83.33334 -2.840323 4.11492 83.33334 -3.742554 3.315613 83.33334 -4.42728 2.323615 83.33334 -4.85471 1.196577 83.33334 -5 -1.62921e-6 83.33334 -4.854709 -1.19658 83.33334 -4.427279 -2.323618 83.33334 -3.742552 -3.315616 83.33334 -2.840321 -4.114922 83.33334 -1.773021 -4.675083 83.33334 -0.6026788 -4.963545 83.33334 0.6026884 -4.963544 83.33334 1.77303 -4.675079 83.33334 2.840329 -4.114916 83.33334 3.742558 -3.315608 83.33334 4.427283 -2.32361 83.33334 4.854711 -1.196571 83.33334 5 0 125 4.854709 1.196578 125 4.42728 2.323616 125 3.742554 3.315613 125 2.840323 4.114919 125 1.773024 4.675081 125 0.6026834 4.963544 125 -0.6026833 4.963544 125 -1.773024 4.675081 125 -2.840323 4.11492 125 -3.742554 3.315613 125 -4.42728 2.323615 125 -4.85471 1.196577 125 -5 -1.62921e-6 125 -4.854709 -1.19658 125 -4.427279 -2.323618 125 -3.742552 -3.315616 125 -2.840321 -4.114922 125 -1.773021 -4.675083 125 -0.6026788 -4.963545 125 0.6026884 -4.963544 125 1.77303 -4.675079 125 2.840329 -4.114916 125 3.742558 -3.315608 125 4.427283 -2.32361 125 4.854711 -1.196571 125 5 0 166.6667 4.854709 1.196578 166.6667 4.42728 2.323616 166.6667 3.742554 3.315613 166.6667 2.840323 4.114919 166.6667 1.773024 4.675081 166.6667 0.6026834 4.963544 166.6667 -0.6026833 4.963544 166.6667 -1.773024 4.675081 166.6667 -2.840323 4.11492 166.6667 -3.742554 3.315613 166.6667 -4.42728 2.323615 166.6667 -4.85471 1.196577 166.6667 -5 -1.62921e-6 166.6667 -4.854709 -1.19658 166.6667 -4.427279 -2.323618 166.6667 -3.742552 -3.315616 166.6667 -2.840321 -4.114922 166.6667 -1.773021 -4.675083 166.6667 -0.6026788 -4.963545 166.6667 0.6026884 -4.963544 166.6667 1.77303 -4.675079 166.6667 2.840329 -4.114916 166.6667 3.742558 -3.315608 166.6667 4.427283 -2.32361 166.6667 4.854711 -1.196571 166.6667 5 0 208.3333 4.854709 1.196578 208.3333 4.42728 2.323616 208.3333 3.742554 3.315613 208.3333 2.840323 4.114919 208.3333 1.773024 4.675081 208.3333 0.6026834 4.963544 208.3333 -0.6026833 4.963544 208.3333 -1.773024 4.675081 208.3333 -2.840323 4.11492 208.3333 -3.742554 3.315613 208.3333 -4.42728 2.323615 208.3333 -4.85471 1.196577 208.3333 -5 -1.62921e-6 208.3333 -4.854709 -1.19658 208.3333 -4.427279 -2.323618 208.3333 -3.742552 -3.315616 208.3333 -2.840321 -4.114922 208.3333 -1.773021 -4.675083 208.3333 -0.6026788 -4.963545 208.3333 0.6026884 -4.963544 208.3333 1.77303 -4.675079 208.3333 2.840329 -4.114916 208.3333 3.742558 -3.315608 208.3333 4.427283 -2.32361 208.3333 4.854711 -1.196571 208.3333 5 0 250 4.854709 1.196578 250 4.42728 2.323616 250 3.742554 3.315613 250 2.840323 4.114919 250 1.773024 4.675081 250 0.6026834 4.963544 250 -0.6026833 4.963544 250 -1.773024 4.675081 250 -2.840323 4.11492 250 -3.742554 3.315613 250 -4.42728 2.323615 250 -4.85471 1.196577 250 -5 -1.62921e-6 250 -4.854709 -1.19658 250 -4.427279 -2.323618 250 -3.742552 -3.315616 250 -2.840321 -4.114922 250 -1.773021 -4.675083 250 -0.6026788 -4.963545 250 0.6026884 -4.963544 250 1.77303 -4.675079 250 2.840329 -4.114916 250 3.742558 -3.315608 250 4.427283 -2.32361 250 4.854711 -1.196571 250 9.029385 -5.20837e-5 0 8.766983 2.160923 0 7.995117 4.196161 0 6.758586 5.987586 0 5.129319 7.431008 0 3.201809 8.442629 0 1.088371 8.963545 0 -1.088371 8.963544 0 -3.201861 8.442616 0 -5.129271 7.431034 0 -6.758587 5.987585 0 -7.995099 4.196211 0 -8.767009 2.160816 0 -9.029379 -3.24641e-6 0 -8.767002 -2.160875 0 -7.995116 -4.196166 0 -6.758584 -5.98759 0 -5.129266 -7.431037 0 -3.201907 -8.442605 0 -1.088309 -8.963545 0 1.08838 -8.963544 0 3.201871 -8.442612 0 5.129281 -7.431026 0 6.758595 -5.987577 0 7.995124 -4.196151 0 8.767004 -2.16086 0 8.511731 2.098005 34.89522 8.766468 -4.86852e-5 34.89522 8.511738 -2.097943 34.89522 7.762332 -4.073973 34.89522 6.561806 -5.813238 34.89522 4.979933 -7.214659 34.89522 3.108643 -8.196792 34.89522 1.05669 -8.702555 34.89522 -1.056625 -8.702569 34.89522 -3.108672 -8.196774 34.89522 -4.979919 -7.214669 34.89522 -6.561796 -5.81325 34.89522 -7.762324 -4.073987 34.89522 -8.511734 -2.097958 34.89522 -8.766473 -3.1409e-6 34.89522 -8.511754 2.097905 34.89522 -7.762297 4.074024 34.89522 -6.561799 5.813246 34.89522 -4.979923 7.214666 34.89522 -3.108633 8.196795 34.89522 -1.056681 8.702556 34.89522 1.056681 8.702555 34.89522 3.10859 8.19682 34.89522 4.979961 7.214632 34.89522 6.561798 5.813247 34.89522 7.762326 4.073983 34.89522 9.029384 -5.20143e-5 7.569026 8.766983 2.160923 7.569026 7.995118 4.196161 7.569026 6.758585 5.987586 7.569026 5.129319 7.431007 7.569026 3.20181 8.44263 7.569026 1.088371 8.963546 7.569026 -1.088371 8.963544 7.569026 -3.201861 8.442616 7.569026 -5.129271 7.431034 7.569026 -6.758586 5.987585 7.569026 -7.995098 4.19621 7.569026 -8.76701 2.160816 7.569026 -9.02938 -3.17716e-6 7.569026 -8.767002 -2.160875 7.569026 -7.995116 -4.196166 7.569026 -6.758584 -5.98759 7.569026 -5.129265 -7.431036 7.569026 -3.201907 -8.442605 7.569026 -1.088309 -8.963546 7.569026 1.08838 -8.963545 7.569026 3.201871 -8.442612 7.569026 5.129281 -7.431026 7.569026 6.758595 -5.987577 7.569026 7.995124 -4.196151 7.569026 8.767004 -2.16086 7.569026 8.766994 2.160925 34.09764 9.029375 -5.2153e-5 34.09764 8.767005 -2.16086 34.09764 7.995124 -4.196151 34.09764 6.758594 -5.987576 34.09764 5.129281 -7.431026 34.09764 3.201871 -8.442613 34.09764 1.08838 -8.963543 34.09764 -1.088311 -8.963559 34.09764 -3.201903 -8.442594 34.09764 -5.129267 -7.431037 34.09764 -6.758584 -5.987589 34.09764 -7.995116 -4.196166 34.09764 -8.767002 -2.160875 34.09764 -9.029378 -3.31566e-6 34.09764 -8.767022 2.160819 34.09764 -7.995088 4.196206 34.09764 -6.758587 5.987586 34.09764 -5.129271 7.431034 34.09764 -3.201861 8.442616 34.09764 -1.088371 8.963545 34.09764 1.088371 8.963543 34.09764 3.201814 8.442642 34.09764 5.129312 7.430997 34.09764 6.758586 5.987586 34.09764 7.995117 4.196162 34.09764 12.05142 -9.12043e-5 3.80768e-7 11.70121 2.884113 -3.92484e-7 10.671 5.600571 -1.68576e-7 9.020617 7.991558 2.68752e-7 6.846032 9.918095 2.64833e-7 4.273389 11.26829 -3.89779e-7 1.452676 11.96354 -3.83727e-7 -1.452638 11.96354 0 -4.273453 11.26828 0 -6.846012 9.918092 0 -9.020606 7.99157 2.68752e-7 -10.67098 5.600621 2.57052e-7 -11.70123 2.884027 -3.69703e-7 -12.05141 -4.76255e-6 -3.80767e-7 -11.70122 -2.884097 0 -10.67102 -5.600542 0 -9.020579 -7.991597 0 -6.846017 -9.9181 2.64834e-7 -4.273573 -11.26825 0 -1.452564 -11.96354 -3.77991e-7 1.45269 -11.96354 -3.77991e-7 4.27354 -11.26824 0 6.845963 -9.918137 0 9.020647 -7.991521 0 10.671 -5.600556 0 11.70122 -2.884085 3.69702e-7 8.788381 2.166197 7.569026 9.051424 -5.1721e-5 7.569026 8.788395 -2.166133 7.569026 8.014636 -4.206391 7.569026 6.775092 -6.002192 7.569026 5.141794 -7.449156 7.569026 3.209685 -8.463214 7.569026 1.091036 -8.98542 7.569026 -1.090965 -8.98542 7.569026 -3.209721 -8.463211 7.569026 -5.141781 -7.449169 7.569026 -6.77508 -6.002204 7.569026 -8.014622 -4.206403 7.569026 -8.788393 -2.166148 7.569026 -9.051416 -3.19274e-6 7.569026 -8.788403 2.166089 7.569026 -8.014612 4.206451 7.569026 -6.775078 6.002195 7.569026 -5.14179 7.449172 7.569026 -3.209673 8.463213 7.569026 -1.091027 8.985419 7.569026 1.091027 8.985415 7.569026 3.209621 8.463227 7.569026 5.141837 7.449143 7.569026 6.775077 6.002196 7.569026 8.014629 4.206401 7.569026 11.7012 2.88416 4.569026 12.05142 -4.32664e-5 4.569027 11.70122 -2.884085 4.569027 10.67101 -5.600556 4.569026 9.02065 -7.991525 4.569026 6.84596 -9.918132 4.569026 4.273518 -11.26825 4.569026 1.452666 -11.96354 4.569026 -1.452564 -11.96355 4.569026 -4.27355 -11.26825 4.569026 -6.845995 -9.91811 4.569027 -9.020583 -7.991601 4.569026 -10.67101 -5.600539 4.569026 -11.70122 -2.884097 4.569026 -12.05141 -5.09554e-6 4.569026 -11.70123 2.884028 4.569026 -10.67098 5.600622 4.569027 -9.020606 7.99157 4.569027 -6.846015 9.918097 4.569026 -4.273451 11.26828 4.569026 -1.452638 11.96354 4.569026 1.452628 11.96354 4.569026 4.273436 11.26827 4.569026 6.846032 9.918094 4.569027 9.020616 7.991558 4.569027 10.67099 5.600571 4.569026 8.766996 2.160926 34.63232 9.029374 -5.21064e-5 34.63232 8.767004 -2.16086 34.63232 7.995124 -4.196151 34.63232 6.758594 -5.987576 34.63232 5.129281 -7.431026 34.63232 3.201871 -8.442613 34.63232 1.08838 -8.963544 34.63232 -1.088311 -8.96356 34.63232 -3.201903 -8.442594 34.63232 -5.129266 -7.431037 34.63232 -6.758584 -5.987589 34.63232 -7.995116 -4.196166 34.63232 -8.767002 -2.160875 34.63232 -9.029379 -3.26924e-6 34.63232 -8.767023 2.160819 34.63232 -7.995087 4.196205 34.63232 -6.758587 5.987585 34.63232 -5.129271 7.431034 34.63232 -3.201861 8.442616 34.63232 -1.088371 8.963545 34.63232 1.088371 8.963544 34.63232 3.201814 8.442643 34.63232 5.129312 7.430997 34.63232 6.758586 5.987586 34.63232 7.995118 4.196162 34.63232</float_array>
          <technique_common>
            <accessor source="#Örüntü_017-mesh-positions-array" count="390" stride="3">
              <param name="X" type="float"/>
              <param name="Y" type="float"/>
              <param name="Z" type="float"/>
            </accessor>
          </technique_common>
        </source>
        <source id="Örüntü_017-mesh-normals">
          <float_array id="Örüntü_017-mesh-normals-array" count="825">0 0 -1 0.6777729 0 0.7352713 0.6580861 0.1621791 0.7352692 0.970945 0.2393028 0 1 0 0 0.6001374 0.3149623 0.7352782 0.8854585 0.4647185 0 0.5073194 0.4494552 0.7352668 0.7485129 0.6631203 0 0.3850026 0.5578037 0.7352742 0.5680589 0.822988 0 0.240339 0.6337319 0.7352694 0.3546027 0.9350171 0 0.08166998 0.6728314 0.7352742 0.1205182 0.9927111 0 -0.08166998 0.6728314 0.7352742 -0.1205182 0.9927111 0 -0.240339 0.6337319 0.7352694 -0.3546027 0.9350171 0 -0.3850026 0.5578037 0.7352742 -0.5680589 0.822988 0 -0.5073194 0.4494552 0.7352668 -0.7485129 0.6631203 0 -0.6001374 0.3149623 0.7352782 -0.8854585 0.4647185 0 -0.6580861 0.1621791 0.7352692 -0.970945 0.2393028 0 -0.6777729 0 0.7352713 -1 0 0 -0.6580861 -0.1621791 0.7352692 -0.970945 -0.2393028 0 -0.6001374 -0.3149623 0.7352782 -0.8854585 -0.4647185 0 -0.5073264 -0.4494308 0.7352768 -0.7485129 -0.6631203 0 -0.3850286 -0.5577971 0.7352655 -0.5680589 -0.822988 0 -0.240339 -0.6337319 0.7352694 -0.3546027 -0.9350171 0 -0.08166998 -0.6728314 0.7352742 -0.1205182 -0.9927111 0 0.08166998 -0.6728314 0.7352742 0.1205182 -0.9927111 0 0.240339 -0.6337319 0.7352694 0.3546027 -0.9350171 0 0.3850026 -0.5578037 0.7352742 0.5680589 -0.822988 0 0.5073194 -0.4494552 0.7352668 0.7485129 -0.6631203 0 0.6001569 -0.3149565 0.7352647 0.8854585 -0.4647185 0 0.6580861 -0.1621791 0.7352692 0.970945 -0.2393028 0 -0.5073194 -0.4494552 0.7352668 -0.3850026 -0.5578037 0.7352742 0.08170032 -0.6728298 0.7352724 0.6001374 -0.3149623 0.7352782 0.7110479 0.175244 0.6809555 0.7322781 0 0.6810058 0.6484171 0.3403229 0.6809815 0.5481587 0.4856244 0.6809486 0.41601 0.6026973 0.680949 0.2596909 0.6847368 0.6809524 0.08826148 0.7269974 0.680944 -0.08826148 0.7269974 0.680944 -0.259657 0.684728 0.6809741 -0.4160353 0.6026897 0.6809405 -0.5481046 0.4856306 0.6809877 -0.6484483 0.3403232 0.6809516 -0.7110479 0.175244 0.6809555 -0.7323368 0 0.6809427 -0.7110479 -0.175244 0.6809555 -0.6484483 -0.3403232 0.6809516 -0.5481587 -0.4856244 0.6809486 -0.41601 -0.6026973 0.680949 -0.2596909 -0.6847368 0.6809524 -0.08826148 -0.7269974 0.680944 0.08826148 -0.7269974 0.680944 0.2596909 -0.6847368 0.6809524 0.41601 -0.6026973 0.680949 0.5481587 -0.4856244 0.6809486 0.6484659 -0.3403164 0.6809381 0.7110479 -0.175244 0.6809555 5.94829e-7 0 1 -4.82735e-7 0 1 -1.69284e-6 0 1 6.26271e-7 0 1 0 0 1 3.38566e-6 0 1 -1.93103e-6 0 1 6.77133e-6 0 1 -1.93103e-6 0 1 -3.86215e-6 0 1 -1.69283e-6 0 1 8.46416e-7 0 1 -9.65515e-7 0 1 1.40216e-6 0 1 -4.82758e-7 0 1 8.46414e-7 0 1 -1.76528e-6 0 1 -3.38567e-6 0 1 2.41367e-6 0 1 9.65539e-7 0 1 -1.93108e-6 0 1 9.65537e-7 0 1 0.7323368 0 -0.6809427 0.7110479 0.175244 -0.6809555 0.9010006 0.2220608 0.3726752 0.9279644 0 0.372669 0.6484483 0.3403232 -0.6809516 0.8216739 0.4312392 0.3726724 0.5481587 0.4856244 -0.6809486 0.6945867 0.6153588 0.3726701 0.41601 0.6026973 -0.680949 0.5271269 0.7637113 0.3726694 0.2596909 0.6847368 -0.6809524 0.3290585 0.867662 0.3726705 0.08826148 0.7269974 -0.680944 0.1118535 0.9211972 0.3726722 -0.08826148 0.7269974 -0.680944 -0.1118535 0.9211972 0.3726722 -0.2596909 0.6847368 -0.6809524 -0.3290585 0.867662 0.3726705 -0.41601 0.6026973 -0.680949 -0.5271269 0.7637113 0.3726694 -0.5481587 0.4856244 -0.6809486 -0.6945867 0.6153588 0.3726701 -0.6484483 0.3403232 -0.6809516 -0.8216739 0.4312392 0.3726724 -0.7110479 0.175244 -0.6809555 -0.9010064 0.2220547 0.3726651 -0.7323368 0 -0.6809427 -0.9279644 0 0.372669 -0.7110479 -0.175244 -0.6809555 -0.9010006 -0.2220608 0.3726752 -0.6484483 -0.3403232 -0.6809516 -0.8216739 -0.4312392 0.3726724 -0.5481587 -0.4856244 -0.6809486 -0.6945867 -0.6153588 0.3726701 -0.41601 -0.6026973 -0.680949 -0.5271269 -0.7637113 0.3726694 -0.2596909 -0.6847368 -0.6809524 -0.3290585 -0.867662 0.3726705 -0.08826148 -0.7269974 -0.680944 -0.1118234 -0.9212003 0.3726735 0.08826148 -0.7269974 -0.680944 0.1118535 -0.9211972 0.3726722 0.2596909 -0.6847368 -0.6809524 0.3290585 -0.867662 0.3726705 0.41601 -0.6026973 -0.680949 0.5271269 -0.7637113 0.3726694 0.5481587 -0.4856244 -0.6809486 0.6945867 -0.6153588 0.3726701 0.6484483 -0.3403232 -0.6809516 0.8216739 -0.4312392 0.3726724 0.7110479 -0.175244 -0.6809555 0.9010006 -0.2220608 0.3726752 -0.1118535 -0.9211972 0.3726722 -0.9010006 0.2220608 0.3726752 0.5271391 0.7636986 0.3726781 -1.29874e-7 0 -1 1.25994e-7 -2.528e-7 -1 0 0 -1 -1.40905e-7 0 -1 0 0 -1 0 0 -1 0 0 -1 0 0 -1 0 0 -1 2.2781e-7 0 -1 0 -1.24192e-7 -1 0 -1.25407e-7 -1 -1.32078e-7 0 -1 0 0 -1 0 0 -1 0 0 -1 0 0 -1 0 0 -1 0 2.22798e-7 -1 1.25997e-7 0 -1 1.23254e-7 0 -1 1.25997e-7 0 -1 0 0 -1 0 0 -1 0 0 -1 0 1.22336e-7 -1 -1.22537e-7 0 -1 0 1.25997e-7 -1 0 1.25997e-7 -1 0 1.38135e-7 -1 0 0 -1 0 0 -1 1.25997e-7 0 -1 1.23254e-7 0 -1 -1.31289e-5 0 1 2.41903e-5 0 1 4.58568e-5 0 1 1.30979e-5 0 1 1.65855e-5 0 1 -5.77651e-6 0 1 -2.72202e-5 0 1 2.34136e-5 0 1 -1.25213e-6 0 1 -1.27974e-5 0 1 6.88545e-6 0 1 1.24907e-6 0 1 -1.00144e-5 0 1 3.12238e-6 0 1 -5.00661e-6 0 1 2.49741e-6 0 1 -1.87785e-6 0 1 4.9948e-6 0 1 -9.69981e-6 0 1 -1.81091e-5 0 1 3.69385e-5 0 1 -3.02783e-5 0 1 5.79039e-6 0 1 -3.68485e-5 0 1 4.95321e-6 0 1 3.41893e-5 0 1 3.86538e-5 0 1 -4.94127e-6 0 1 6.25816e-7 0 1 1.40491e-6 0 1 1.2207e-5 0 1 -6.24324e-7 0 1 2.7535e-5 0 1 -1.21771e-5 0 1 -1.31476e-5 0 1 1.24856e-5 0 1 3.12276e-6 0 1 1.00175e-5 0 1 -6.87062e-6 0 1 -6.88393e-6 0 1 9.99332e-6 0 1 1.22069e-5 0 1 -3.309e-5 0 1 2.34716e-5 0 1 -1.21767e-5 0 1 1.58023e-5 0 1 -2.34159e-5 0 1 0.3954084 0.09744817 0.9133214 0.4072482 0 0.9133176 0.3954084 -0.09744817 0.9133214 0.360587 -0.1892509 0.9133242 0.3048002 -0.2700383 0.9133325 0.231338 -0.335135 0.9133276 0.1443883 -0.3807627 0.91333 0.0490753 -0.4042611 0.9133262 -0.0490753 -0.4042611 0.9133262 -0.1443883 -0.3807627 0.91333 -0.231338 -0.335135 0.9133276 -0.3048279 -0.2700358 0.9133241 -0.360587 -0.1892509 0.9133242 -0.3953827 -0.09744936 0.9133325 -0.4072482 0 0.9133176 -0.3953827 0.09744936 0.9133325 -0.360587 0.1892509 0.9133242 -0.3048279 0.2700358 0.9133241 -0.2313092 0.3351374 0.9133341 -0.1443883 0.3807627 0.91333 -0.0490753 0.4042611 0.9133262 0.0490753 0.4042611 0.9133262 0.1443883 0.3807627 0.91333 0.2313092 0.3351374 0.9133341 0.3048279 0.2700358 0.9133241 0.360587 0.1892509 0.9133242 0.4072228 0 0.913329 -0.3048002 -0.2700383 0.9133325 -0.3954084 -0.09744817 0.9133214 -0.4072114 0 0.913334 -0.3954084 0.09744817 0.9133214 -0.3048002 0.2700383 0.9133325 -0.231338 0.335135 0.9133276 0.231338 0.335135 0.9133276</float_array>
          <technique_common>
            <accessor source="#Örüntü_017-mesh-normals-array" count="275" stride="3">
              <param name="X" type="float"/>
              <param name="Y" type="float"/>
              <param name="Z" type="float"/>
            </accessor>
          </technique_common>
        </source>
        <source id="Örüntü_017-mesh-map-0">
          <float_array id="Örüntü_017-mesh-map-0-array" count="4656">0.6730771 0 0.6346154 0 0.5961539 0 0.5961539 0 0.5576923 0 0.5192307 0 0.5192307 0 0.4807692 0 0.4423076 0 0.5961539 0 0.5192307 0 0.4423076 0 0.4423076 0 0.4038461 0 0.3653845 0 0.3653845 0 0.326923 0 0.2884615 0 0.4423076 0 0.3653845 0 0.2884615 0 0.5961539 0 0.4423076 0 0.2884615 0 0.2884615 0 0.25 0 0.2115384 0 0.2115384 0 0.1730769 0 0.1346154 0 0.2884615 0 0.2115384 0 0.1346154 0 0.1346154 0 0.09615391 0 0.05769234 0 0.05769234 0 0.0192309 0 -0.01923066 0 0.1346154 0 0.05769234 0 -0.01923066 0 0.2884615 0 0.1346154 0 -0.01923066 0 0.5961539 0 0.2884615 0 -0.01923066 0 -0.01923066 0 -0.05769217 0 -0.09615373 0 -0.09615373 0 -0.1346153 0 -0.1730768 0 -0.01923066 0 -0.09615373 0 -0.1730768 0 0.5961539 0 -0.01923066 0 -0.1730768 0 -0.1730768 0 -0.2115384 0 -0.25 0 0.5961539 0 -0.1730768 0 -0.25 0 0.6730771 0 0.5961539 0 -0.25 0 -0.2884613 0 0.6730771 0 -0.25 0 0.7499991 0.02945142 0.7884625 0.02945142 0.7884625 0.1326756 0.7884625 0.1326756 0.7499991 0.1326756 0.7499991 0.02945142 0.7884625 0.02945142 0.8269231 0.02945142 0.8269231 0.1326756 0.8269231 0.1326756 0.7884625 0.1326756 0.7884625 0.02945142 0.8269231 0.02945142 0.8653846 0.02945142 0.8653847 0.1326756 0.8653847 0.1326756 0.8269231 0.1326756 0.8269231 0.02945142 0.8653846 0.02945142 0.9038453 0.02945142 0.9038453 0.1326756 0.9038453 0.1326756 0.8653847 0.1326756 0.8653846 0.02945142 0.9038453 0.02945142 0.9423087 0.02945142 0.9423087 0.1326756 0.9423087 0.1326756 0.9038453 0.1326756 0.9038453 0.02945142 0.9423087 0.02945142 0.9807693 0.02945142 0.9807693 0.1326756 0.9807693 0.1326756 0.9423087 0.1326756 0.9423087 0.02945142 0.9807693 0.02945142 1.019231 0.02945142 1.019231 0.1326756 1.019231 0.1326756 0.9807693 0.1326756 0.9807693 0.02945142 0.01923084 0.02945142 0.05769228 0.02945142 0.05769228 0.1326756 0.05769228 0.1326756 0.01923084 0.1326756 0.01923084 0.02945142 0.05769228 0.02945142 0.09615385 0.02945142 0.09615385 0.1326756 0.09615385 0.1326756 0.05769228 0.1326756 0.05769228 0.02945142 0.09615385 0.02945142 0.1346154 0.02945142 0.1346154 0.1326756 0.1346154 0.1326756 0.09615385 0.1326756 0.09615385 0.02945142 0.1346154 0.02945142 0.173076 0.02945142 0.173076 0.1326756 0.173076 0.1326756 0.1346154 0.1326756 0.1346154 0.02945142 0.173076 0.02945142 0.2115394 0.02945142 0.2115394 0.1326756 0.2115394 0.1326756 0.173076 0.1326756 0.173076 0.02945142 0.2115394 0.02945142 0.25 0.02945142 0.25 0.1326756 0.25 0.1326756 0.2115394 0.1326756 0.2115394 0.02945142 0.25 0.02945142 0.2884615 0.02945142 0.2884615 0.1326756 0.2884615 0.1326756 0.25 0.1326756 0.25 0.02945142 0.2884615 0.02945142 0.3269231 0.02945142 0.3269231 0.1326756 0.3269231 0.1326756 0.2884615 0.1326756 0.2884615 0.02945142 0.3269231 0.02945142 0.3653846 0.02945142 0.3653846 0.1326756 0.3653846 0.1326756 0.3269231 0.1326756 0.3269231 0.02945142 0.3653846 0.02945142 0.4038462 0.02945142 0.4038462 0.1326756 0.4038462 0.1326756 0.3653846 0.1326756 0.3653846 0.02945142 0.4038462 0.02945142 0.4423068 0.02945142 0.4423068 0.1326756 0.4423068 0.1326756 0.4038462 0.1326756 0.4038462 0.02945142 0.4423068 0.02945142 0.4807702 0.02945142 0.4807702 0.1326756 0.4807702 0.1326756 0.4423068 0.1326756 0.4423068 0.02945142 0.4807702 0.02945142 0.5192308 0.02945142 0.5192308 0.1326756 0.5192308 0.1326756 0.4807702 0.1326756 0.4807702 0.02945142 0.5192308 0.02945142 0.5576924 0.02945142 0.5576924 0.1326756 0.5576924 0.1326756 0.5192308 0.1326756 0.5192308 0.02945142 0.5576924 0.02945142 0.5961539 0.02945142 0.5961539 0.1326756 0.5961539 0.1326756 0.5576924 0.1326756 0.5576924 0.02945142 0.5961539 0.02945142 0.6346155 0.02945142 0.6346155 0.1326756 0.6346155 0.1326756 0.5961539 0.1326756 0.5961539 0.02945142 0.6346155 0.02945142 0.6730771 0.02945142 0.6730771 0.1326756 0.6730771 0.1326756 0.6346155 0.1326756 0.6346155 0.02945142 0.6730771 0.02945142 0.7115386 0.02945142 0.7115386 0.1326756 0.7115386 0.1326756 0.6730771 0.1326756 0.6730771 0.02945142 0.7115386 0.02945142 0.7499991 0.02945142 0.7499991 0.1326756 0.7499991 0.1326756 0.7115386 0.1326756 0.7115386 0.02945142 0.75 0.135779 0.7884616 0.135779 0.7884616 0.3242542 0.7884616 0.3242542 0.75 0.3242542 0.75 0.135779 0.7884616 0.135779 0.8269231 0.135779 0.8269231 0.3242542 0.8269231 0.3242542 0.7884616 0.3242542 0.7884616 0.135779 0.8269231 0.135779 0.8653847 0.135779 0.8653847 0.3242542 0.8653847 0.3242542 0.8269231 0.3242542 0.8269231 0.135779 0.8653847 0.135779 0.9038463 0.135779 0.9038463 0.3242542 0.9038463 0.3242542 0.8653847 0.3242542 0.8653847 0.135779 0.9038463 0.135779 0.9423078 0.135779 0.9423078 0.3242542 0.9423078 0.3242542 0.9038463 0.3242542 0.9038463 0.135779 0.9423078 0.135779 0.9807693 0.135779 0.9807693 0.3242542 0.9807693 0.3242542 0.9423078 0.3242542 0.9423078 0.135779 0.9807693 0.135779 1.019231 0.135779 1.019231 0.3242542 1.019231 0.3242542 0.9807693 0.3242542 0.9807693 0.135779 0.0192309 0.135779 0.05769234 0.135779 0.05769234 0.3242542 0.05769234 0.3242542 0.0192309 0.3242542 0.0192309 0.135779 0.05769234 0.135779 0.09615391 0.135779 0.09615391 0.3242542 0.09615391 0.3242542 0.05769234 0.3242542 0.05769234 0.135779 0.09615391 0.135779 0.1346154 0.135779 0.1346154 0.3242542 0.1346154 0.3242542 0.09615391 0.3242542 0.09615391 0.135779 0.1346154 0.135779 0.1730769 0.135779 0.1730769 0.3242542 0.1730769 0.3242542 0.1346154 0.3242542 0.1346154 0.135779 0.1730769 0.135779 0.2115384 0.135779 0.2115384 0.3242542 0.2115384 0.3242542 0.1730769 0.3242542 0.1730769 0.135779 0.2115384 0.135779 0.25 0.135779 0.25 0.3242542 0.25 0.3242542 0.2115384 0.3242542 0.2115384 0.135779 0.25 0.135779 0.2884615 0.135779 0.2884615 0.3242542 0.2884615 0.3242542 0.25 0.3242542 0.25 0.135779 0.2884615 0.135779 0.326923 0.135779 0.326923 0.3242542 0.326923 0.3242542 0.2884615 0.3242542 0.2884615 0.135779 0.326923 0.135779 0.3653845 0.135779 0.3653845 0.3242542 0.3653845 0.3242542 0.326923 0.3242542 0.326923 0.135779 0.3653845 0.135779 0.4038461 0.135779 0.4038461 0.3242542 0.4038461 0.3242542 0.3653845 0.3242542 0.3653845 0.135779 0.4038461 0.135779 0.4423076 0.135779 0.4423076 0.3242542 0.4423076 0.3242542 0.4038461 0.3242542 0.4038461 0.135779 0.4423076 0.135779 0.4807692 0.135779 0.4807692 0.3242542 0.4807692 0.3242542 0.4423076 0.3242542 0.4423076 0.135779 0.4807692 0.135779 0.5192307 0.135779 0.5192307 0.3242542 0.5192307 0.3242542 0.4807692 0.3242542 0.4807692 0.135779 0.5192307 0.135779 0.5576923 0.135779 0.5576923 0.3242542 0.5576923 0.3242542 0.5192307 0.3242542 0.5192307 0.135779 0.5576923 0.135779 0.5961539 0.135779 0.5961539 0.3242542 0.5961539 0.3242542 0.5576923 0.3242542 0.5576923 0.135779 0.5961539 0.135779 0.6346154 0.135779 0.6346154 0.3242542 0.6346154 0.3242542 0.5961539 0.3242542 0.5961539 0.135779 0.6346154 0.135779 0.6730771 0.135779 0.6730771 0.3242542 0.6730771 0.3242542 0.6346154 0.3242542 0.6346154 0.135779 0.6730771 0.135779 0.7115387 0.135779 0.7115387 0.3242542 0.7115387 0.3242542 0.6730771 0.3242542 0.6730771 0.135779 0.7115387 0.135779 0.75 0.135779 0.75 0.3242542 0.75 0.3242542 0.7115387 0.3242542 0.7115387 0.135779 0.75 0.3242542 0.7884616 0.3242542 0.7884616 0.4863813 0.7884616 0.4863813 0.75 0.4863813 0.75 0.3242542 0.7884616 0.3242542 0.8269231 0.3242542 0.8269231 0.4863813 0.8269231 0.4863813 0.7884616 0.4863813 0.7884616 0.3242542 0.8269231 0.3242542 0.8653847 0.3242542 0.8653847 0.4863813 0.8653847 0.4863813 0.8269231 0.4863813 0.8269231 0.3242542 0.8653847 0.3242542 0.9038463 0.3242542 0.9038463 0.4863813 0.9038463 0.4863813 0.8653847 0.4863813 0.8653847 0.3242542 0.9038463 0.3242542 0.9423078 0.3242542 0.9423078 0.4863813 0.9423078 0.4863813 0.9038463 0.4863813 0.9038463 0.3242542 0.9423078 0.3242542 0.9807693 0.3242542 0.9807693 0.4863813 0.9807693 0.4863813 0.9423078 0.4863813 0.9423078 0.3242542 0.9807693 0.3242542 1.019231 0.3242542 1.019231 0.4863813 1.019231 0.4863813 0.9807693 0.4863813 0.9807693 0.3242542 0.0192309 0.3242542 0.05769234 0.3242542 0.05769234 0.4863813 0.05769234 0.4863813 0.0192309 0.4863813 0.0192309 0.3242542 0.05769234 0.3242542 0.09615391 0.3242542 0.09615391 0.4863813 0.09615391 0.4863813 0.05769234 0.4863813 0.05769234 0.3242542 0.09615391 0.3242542 0.1346154 0.3242542 0.1346154 0.4863813 0.1346154 0.4863813 0.09615391 0.4863813 0.09615391 0.3242542 0.1346154 0.3242542 0.1730769 0.3242542 0.1730769 0.4863813 0.1730769 0.4863813 0.1346154 0.4863813 0.1346154 0.3242542 0.1730769 0.3242542 0.2115384 0.3242542 0.2115384 0.4863813 0.2115384 0.4863813 0.1730769 0.4863813 0.1730769 0.3242542 0.2115384 0.3242542 0.25 0.3242542 0.25 0.4863813 0.25 0.4863813 0.2115384 0.4863813 0.2115384 0.3242542 0.25 0.3242542 0.2884615 0.3242542 0.2884615 0.4863813 0.2884615 0.4863813 0.25 0.4863813 0.25 0.3242542 0.2884615 0.3242542 0.326923 0.3242542 0.326923 0.4863813 0.326923 0.4863813 0.2884615 0.4863813 0.2884615 0.3242542 0.326923 0.3242542 0.3653845 0.3242542 0.3653845 0.4863813 0.3653845 0.4863813 0.326923 0.4863813 0.326923 0.3242542 0.3653845 0.3242542 0.4038461 0.3242542 0.4038461 0.4863813 0.4038461 0.4863813 0.3653845 0.4863813 0.3653845 0.3242542 0.4038461 0.3242542 0.4423076 0.3242542 0.4423076 0.4863813 0.4423076 0.4863813 0.4038461 0.4863813 0.4038461 0.3242542 0.4423076 0.3242542 0.4807692 0.3242542 0.4807692 0.4863813 0.4807692 0.4863813 0.4423076 0.4863813 0.4423076 0.3242542 0.4807692 0.3242542 0.5192307 0.3242542 0.5192307 0.4863813 0.5192307 0.4863813 0.4807692 0.4863813 0.4807692 0.3242542 0.5192307 0.3242542 0.5576923 0.3242542 0.5576923 0.4863813 0.5576923 0.4863813 0.5192307 0.4863813 0.5192307 0.3242542 0.5576923 0.3242542 0.5961539 0.3242542 0.5961539 0.4863813 0.5961539 0.4863813 0.5576923 0.4863813 0.5576923 0.3242542 0.5961539 0.3242542 0.6346154 0.3242542 0.6346154 0.4863813 0.6346154 0.4863813 0.5961539 0.4863813 0.5961539 0.3242542 0.6346154 0.3242542 0.6730771 0.3242542 0.6730771 0.4863813 0.6730771 0.4863813 0.6346154 0.4863813 0.6346154 0.3242542 0.6730771 0.3242542 0.7115387 0.3242542 0.7115387 0.4863813 0.7115387 0.4863813 0.6730771 0.4863813 0.6730771 0.3242542 0.7115387 0.3242542 0.75 0.3242542 0.75 0.4863813 0.75 0.4863813 0.7115387 0.4863813 0.7115387 0.3242542 0.75 0.4863813 0.7884616 0.4863813 0.7884616 0.6485084 0.7884616 0.6485084 0.75 0.6485084 0.75 0.4863813 0.7884616 0.4863813 0.8269231 0.4863813 0.8269231 0.6485084 0.8269231 0.6485084 0.7884616 0.6485084 0.7884616 0.4863813 0.8269231 0.4863813 0.8653847 0.4863813 0.8653847 0.6485084 0.8653847 0.6485084 0.8269231 0.6485084 0.8269231 0.4863813 0.8653847 0.4863813 0.9038463 0.4863813 0.9038463 0.6485084 0.9038463 0.6485084 0.8653847 0.6485084 0.8653847 0.4863813 0.9038463 0.4863813 0.9423078 0.4863813 0.9423078 0.6485084 0.9423078 0.6485084 0.9038463 0.6485084 0.9038463 0.4863813 0.9423078 0.4863813 0.9807693 0.4863813 0.9807693 0.6485084 0.9807693 0.6485084 0.9423078 0.6485084 0.9423078 0.4863813 0.9807693 0.4863813 1.019231 0.4863813 1.019231 0.6485084 1.019231 0.6485084 0.9807693 0.6485084 0.9807693 0.4863813 0.0192309 0.4863813 0.05769234 0.4863813 0.05769234 0.6485084 0.05769234 0.6485084 0.0192309 0.6485084 0.0192309 0.4863813 0.05769234 0.4863813 0.09615391 0.4863813 0.09615391 0.6485084 0.09615391 0.6485084 0.05769234 0.6485084 0.05769234 0.4863813 0.09615391 0.4863813 0.1346154 0.4863813 0.1346154 0.6485084 0.1346154 0.6485084 0.09615391 0.6485084 0.09615391 0.4863813 0.1346154 0.4863813 0.1730769 0.4863813 0.1730769 0.6485084 0.1730769 0.6485084 0.1346154 0.6485084 0.1346154 0.4863813 0.1730769 0.4863813 0.2115384 0.4863813 0.2115384 0.6485084 0.2115384 0.6485084 0.1730769 0.6485084 0.1730769 0.4863813 0.2115384 0.4863813 0.25 0.4863813 0.25 0.6485084 0.25 0.6485084 0.2115384 0.6485084 0.2115384 0.4863813 0.25 0.4863813 0.2884615 0.4863813 0.2884615 0.6485084 0.2884615 0.6485084 0.25 0.6485084 0.25 0.4863813 0.2884615 0.4863813 0.326923 0.4863813 0.326923 0.6485084 0.326923 0.6485084 0.2884615 0.6485084 0.2884615 0.4863813 0.326923 0.4863813 0.3653845 0.4863813 0.3653845 0.6485084 0.3653845 0.6485084 0.326923 0.6485084 0.326923 0.4863813 0.3653845 0.4863813 0.4038461 0.4863813 0.4038461 0.6485084 0.4038461 0.6485084 0.3653845 0.6485084 0.3653845 0.4863813 0.4038461 0.4863813 0.4423076 0.4863813 0.4423076 0.6485084 0.4423076 0.6485084 0.4038461 0.6485084 0.4038461 0.4863813 0.4423076 0.4863813 0.4807692 0.4863813 0.4807692 0.6485084 0.4807692 0.6485084 0.4423076 0.6485084 0.4423076 0.4863813 0.4807692 0.4863813 0.5192307 0.4863813 0.5192307 0.6485084 0.5192307 0.6485084 0.4807692 0.6485084 0.4807692 0.4863813 0.5192307 0.4863813 0.5576923 0.4863813 0.5576923 0.6485084 0.5576923 0.6485084 0.5192307 0.6485084 0.5192307 0.4863813 0.5576923 0.4863813 0.5961539 0.4863813 0.5961539 0.6485084 0.5961539 0.6485084 0.5576923 0.6485084 0.5576923 0.4863813 0.5961539 0.4863813 0.6346154 0.4863813 0.6346154 0.6485084 0.6346154 0.6485084 0.5961539 0.6485084 0.5961539 0.4863813 0.6346154 0.4863813 0.6730771 0.4863813 0.6730771 0.6485084 0.6730771 0.6485084 0.6346154 0.6485084 0.6346154 0.4863813 0.6730771 0.4863813 0.7115387 0.4863813 0.7115387 0.6485084 0.7115387 0.6485084 0.6730771 0.6485084 0.6730771 0.4863813 0.7115387 0.4863813 0.75 0.4863813 0.75 0.6485084 0.75 0.6485084 0.7115387 0.6485084 0.7115387 0.4863813 0.75 0.6485084 0.7884616 0.6485084 0.7884616 0.8106356 0.7884616 0.8106356 0.75 0.8106356 0.75 0.6485084 0.7884616 0.6485084 0.8269231 0.6485084 0.8269231 0.8106356 0.8269231 0.8106356 0.7884616 0.8106356 0.7884616 0.6485084 0.8269231 0.6485084 0.8653847 0.6485084 0.8653847 0.8106356 0.8653847 0.8106356 0.8269231 0.8106356 0.8269231 0.6485084 0.8653847 0.6485084 0.9038463 0.6485084 0.9038463 0.8106356 0.9038463 0.8106356 0.8653847 0.8106356 0.8653847 0.6485084 0.9038463 0.6485084 0.9423078 0.6485084 0.9423078 0.8106356 0.9423078 0.8106356 0.9038463 0.8106356 0.9038463 0.6485084 0.9423078 0.6485084 0.9807693 0.6485084 0.9807693 0.8106356 0.9807693 0.8106356 0.9423078 0.8106356 0.9423078 0.6485084 0.9807693 0.6485084 1.019231 0.6485084 1.019231 0.8106356 1.019231 0.8106356 0.9807693 0.8106356 0.9807693 0.6485084 0.0192309 0.6485084 0.05769234 0.6485084 0.05769234 0.8106356 0.05769234 0.8106356 0.0192309 0.8106356 0.0192309 0.6485084 0.05769234 0.6485084 0.09615391 0.6485084 0.09615391 0.8106356 0.09615391 0.8106356 0.05769234 0.8106356 0.05769234 0.6485084 0.09615391 0.6485084 0.1346154 0.6485084 0.1346154 0.8106356 0.1346154 0.8106356 0.09615391 0.8106356 0.09615391 0.6485084 0.1346154 0.6485084 0.1730769 0.6485084 0.1730769 0.8106356 0.1730769 0.8106356 0.1346154 0.8106356 0.1346154 0.6485084 0.1730769 0.6485084 0.2115384 0.6485084 0.2115384 0.8106356 0.2115384 0.8106356 0.1730769 0.8106356 0.1730769 0.6485084 0.2115384 0.6485084 0.25 0.6485084 0.25 0.8106356 0.25 0.8106356 0.2115384 0.8106356 0.2115384 0.6485084 0.25 0.6485084 0.2884615 0.6485084 0.2884615 0.8106356 0.2884615 0.8106356 0.25 0.8106356 0.25 0.6485084 0.2884615 0.6485084 0.326923 0.6485084 0.326923 0.8106356 0.326923 0.8106356 0.2884615 0.8106356 0.2884615 0.6485084 0.326923 0.6485084 0.3653845 0.6485084 0.3653845 0.8106356 0.3653845 0.8106356 0.326923 0.8106356 0.326923 0.6485084 0.3653845 0.6485084 0.4038461 0.6485084 0.4038461 0.8106356 0.4038461 0.8106356 0.3653845 0.8106356 0.3653845 0.6485084 0.4038461 0.6485084 0.4423076 0.6485084 0.4423076 0.8106356 0.4423076 0.8106356 0.4038461 0.8106356 0.4038461 0.6485084 0.4423076 0.6485084 0.4807692 0.6485084 0.4807692 0.8106356 0.4807692 0.8106356 0.4423076 0.8106356 0.4423076 0.6485084 0.4807692 0.6485084 0.5192307 0.6485084 0.5192307 0.8106356 0.5192307 0.8106356 0.4807692 0.8106356 0.4807692 0.6485084 0.5192307 0.6485084 0.5576923 0.6485084 0.5576923 0.8106356 0.5576923 0.8106356 0.5192307 0.8106356 0.5192307 0.6485084 0.5576923 0.6485084 0.5961539 0.6485084 0.5961539 0.8106356 0.5961539 0.8106356 0.5576923 0.8106356 0.5576923 0.6485084 0.5961539 0.6485084 0.6346154 0.6485084 0.6346154 0.8106356 0.6346154 0.8106356 0.5961539 0.8106356 0.5961539 0.6485084 0.6346154 0.6485084 0.6730771 0.6485084 0.6730771 0.8106356 0.6730771 0.8106356 0.6346154 0.8106356 0.6346154 0.6485084 0.6730771 0.6485084 0.7115387 0.6485084 0.7115387 0.8106356 0.7115387 0.8106356 0.6730771 0.8106356 0.6730771 0.6485084 0.7115387 0.6485084 0.75 0.6485084 0.75 0.8106356 0.75 0.8106356 0.7115387 0.8106356 0.7115387 0.6485084 0.75 0.8106356 0.7884616 0.8106356 0.7884616 0.9727626 0.7884616 0.9727626 0.75 0.9727626 0.75 0.8106356 0.7884616 0.8106356 0.8269231 0.8106356 0.8269231 0.9727626 0.8269231 0.9727626 0.7884616 0.9727626 0.7884616 0.8106356 0.8269231 0.8106356 0.8653847 0.8106356 0.8653847 0.9727626 0.8653847 0.9727626 0.8269231 0.9727626 0.8269231 0.8106356 0.8653847 0.8106356 0.9038463 0.8106356 0.9038463 0.9727626 0.9038463 0.9727626 0.8653847 0.9727626 0.8653847 0.8106356 0.9038463 0.8106356 0.9423078 0.8106356 0.9423078 0.9727626 0.9423078 0.9727626 0.9038463 0.9727626 0.9038463 0.8106356 0.9423078 0.8106356 0.9807693 0.8106356 0.9807693 0.9727626 0.9807693 0.9727626 0.9423078 0.9727626 0.9423078 0.8106356 0.9807693 0.8106356 1.019231 0.8106356 1.019231 0.9727626 1.019231 0.9727626 0.9807693 0.9727626 0.9807693 0.8106356 0.0192309 0.8106356 0.05769234 0.8106356 0.05769234 0.9727626 0.05769234 0.9727626 0.0192309 0.9727626 0.0192309 0.8106356 0.05769234 0.8106356 0.09615391 0.8106356 0.09615391 0.9727626 0.09615391 0.9727626 0.05769234 0.9727626 0.05769234 0.8106356 0.09615391 0.8106356 0.1346154 0.8106356 0.1346154 0.9727626 0.1346154 0.9727626 0.09615391 0.9727626 0.09615391 0.8106356 0.1346154 0.8106356 0.1730769 0.8106356 0.1730769 0.9727626 0.1730769 0.9727626 0.1346154 0.9727626 0.1346154 0.8106356 0.1730769 0.8106356 0.2115384 0.8106356 0.2115384 0.9727626 0.2115384 0.9727626 0.1730769 0.9727626 0.1730769 0.8106356 0.2115384 0.8106356 0.25 0.8106356 0.25 0.9727626 0.25 0.9727626 0.2115384 0.9727626 0.2115384 0.8106356 0.25 0.8106356 0.2884615 0.8106356 0.2884615 0.9727626 0.2884615 0.9727626 0.25 0.9727626 0.25 0.8106356 0.2884615 0.8106356 0.326923 0.8106356 0.326923 0.9727626 0.326923 0.9727626 0.2884615 0.9727626 0.2884615 0.8106356 0.326923 0.8106356 0.3653845 0.8106356 0.3653845 0.9727626 0.3653845 0.9727626 0.326923 0.9727626 0.326923 0.8106356 0.3653845 0.8106356 0.4038461 0.8106356 0.4038461 0.9727626 0.4038461 0.9727626 0.3653845 0.9727626 0.3653845 0.8106356 0.4038461 0.8106356 0.4423076 0.8106356 0.4423076 0.9727626 0.4423076 0.9727626 0.4038461 0.9727626 0.4038461 0.8106356 0.4423076 0.8106356 0.4807692 0.8106356 0.4807692 0.9727626 0.4807692 0.9727626 0.4423076 0.9727626 0.4423076 0.8106356 0.4807692 0.8106356 0.5192307 0.8106356 0.5192307 0.9727626 0.5192307 0.9727626 0.4807692 0.9727626 0.4807692 0.8106356 0.5192307 0.8106356 0.5576923 0.8106356 0.5576923 0.9727626 0.5576923 0.9727626 0.5192307 0.9727626 0.5192307 0.8106356 0.5576923 0.8106356 0.5961539 0.8106356 0.5961539 0.9727626 0.5961539 0.9727626 0.5576923 0.9727626 0.5576923 0.8106356 0.5961539 0.8106356 0.6346154 0.8106356 0.6346154 0.9727626 0.6346154 0.9727626 0.5961539 0.9727626 0.5961539 0.8106356 0.6346154 0.8106356 0.6730771 0.8106356 0.6730771 0.9727626 0.6730771 0.9727626 0.6346154 0.9727626 0.6346154 0.8106356 0.6730771 0.8106356 0.7115387 0.8106356 0.7115387 0.9727626 0.7115387 0.9727626 0.6730771 0.9727626 0.6730771 0.8106356 0.7115387 0.8106356 0.75 0.8106356 0.75 0.9727626 0.75 0.9727626 0.7115387 0.9727626 0.7115387 0.8106356 0.75 0 0.7884616 0 0.7884625 0 0.7884625 0 0.7499991 0 0.75 0 0.7884616 0 0.8269231 0 0.8269231 0 0.8269231 0 0.7884625 0 0.7884616 0 0.8269231 0 0.8653847 0 0.8653847 0 0.8653847 0 0.8269231 0 0.8269231 0 0.8653847 0 0.9038463 0 0.9038453 0 0.9038453 0 0.8653847 0 0.8653847 0 0.9038463 0 0.9423078 0 0.9423087 0 0.9423087 0 0.9038453 0 0.9038463 0 0.9423078 0 0.9807693 0 0.9807693 0 0.9807693 0 0.9423087 0 0.9423078 0 0.9807693 0 1.019231 0 1.019231 0 1.019231 0 0.9807693 0 0.9807693 0 0.0192309 0 0.05769234 0 0.05769228 0 0.05769228 0 0.01923084 0 0.0192309 0 0.05769234 0 0.09615391 0 0.09615385 0 0.09615385 0 0.05769228 0 0.05769234 0 0.09615391 0 0.1346154 0 0.1346154 0 0.1346154 0 0.09615385 0 0.09615391 0 0.1346154 0 0.1730769 0 0.173076 0 0.173076 0 0.1346154 0 0.1346154 0 0.1730769 0 0.2115384 0 0.2115394 0 0.2115394 0 0.173076 0 0.1730769 0 0.2115384 0 0.25 0 0.25 0 0.25 0 0.2115394 0 0.2115384 0 0.25 0 0.2884615 0 0.2884615 0 0.2884615 0 0.25 0 0.25 0 0.2884615 0 0.326923 0 0.3269231 0 0.3269231 0 0.2884615 0 0.2884615 0 0.326923 0 0.3653845 0 0.3653846 0 0.3653846 0 0.3269231 0 0.326923 0 0.3653845 0 0.4038461 0 0.4038462 0 0.4038462 0 0.3653846 0 0.3653845 0 0.4038461 0 0.4423076 0 0.4423068 0 0.4423068 0 0.4038462 0 0.4038461 0 0.4423076 0 0.4807692 0 0.4807702 0 0.4807702 0 0.4423068 0 0.4423076 0 0.4807692 0 0.5192307 0 0.5192308 0 0.5192308 0 0.4807702 0 0.4807692 0 0.5192307 0 0.5576923 0 0.5576924 0 0.5576924 0 0.5192308 0 0.5192307 0 0.5576923 0 0.5961539 0 0.5961539 0 0.5961539 0 0.5576924 0 0.5576923 0 0.5961539 0 0.6346154 0 0.6346155 0 0.6346155 0 0.5961539 0 0.5961539 0 0.6346154 0 0.6730771 0 0.6730771 0 0.6730771 0 0.6346155 0 0.6346154 0 0.6730771 0 0.7115387 0 0.7115386 0 0.7115386 0 0.6730771 0 0.6730771 0 0.7115387 0 0.75 0 0.7499991 0 0.7499991 0 0.7115386 0 0.7115387 0 0.7884616 0.135779 0.75 0.135779 0.7499991 0.135779 0.7499991 0.135779 0.7884624 0.135779 0.7884616 0.135779 0.75 0.135779 0.7115387 0.135779 0.7115386 0.135779 0.7115386 0.135779 0.7499991 0.135779 0.75 0.135779 0.7115387 0.135779 0.6730771 0.135779 0.6730771 0.135779 0.6730771 0.135779 0.7115386 0.135779 0.7115387 0.135779 0.6730771 0.135779 0.6346154 0.135779 0.6346155 0.135779 0.6346155 0.135779 0.6730771 0.135779 0.6730771 0.135779 0.6346154 0.135779 0.5961539 0.135779 0.5961539 0.135779 0.5961539 0.135779 0.6346155 0.135779 0.6346154 0.135779 0.5961539 0.135779 0.5576923 0.135779 0.5576924 0.135779 0.5576924 0.135779 0.5961539 0.135779 0.5961539 0.135779 0.5576923 0.135779 0.5192307 0.135779 0.5192308 0.135779 0.5192308 0.135779 0.5576924 0.135779 0.5576923 0.135779 0.5192307 0.135779 0.4807692 0.135779 0.4807702 0.135779 0.4807702 0.135779 0.5192308 0.135779 0.5192307 0.135779 0.4807692 0.135779 0.4423076 0.135779 0.4423068 0.135779 0.4423068 0.135779 0.4807702 0.135779 0.4807692 0.135779 0.4423076 0.135779 0.4038461 0.135779 0.4038462 0.135779 0.4038462 0.135779 0.4423068 0.135779 0.4423076 0.135779 0.4038461 0.135779 0.3653845 0.135779 0.3653846 0.135779 0.3653846 0.135779 0.4038462 0.135779 0.4038461 0.135779 0.3653845 0.135779 0.326923 0.135779 0.3269231 0.135779 0.3269231 0.135779 0.3653846 0.135779 0.3653845 0.135779 0.326923 0.135779 0.2884615 0.135779 0.2884615 0.135779 0.2884615 0.135779 0.3269231 0.135779 0.326923 0.135779 0.2884615 0.135779 0.25 0.135779 0.25 0.135779 0.25 0.135779 0.2884615 0.135779 0.2884615 0.135779 0.25 0.135779 0.2115384 0.135779 0.2115393 0.135779 0.2115393 0.135779 0.25 0.135779 0.25 0.135779 0.2115384 0.135779 0.1730769 0.135779 0.173076 0.135779 0.173076 0.135779 0.2115393 0.135779 0.2115384 0.135779 0.1730769 0.135779 0.1346154 0.135779 0.1346154 0.135779 0.1346154 0.135779 0.173076 0.135779 0.1730769 0.135779 0.1346154 0.135779 0.09615391 0.135779 0.09615385 0.135779 0.09615385 0.135779 0.1346154 0.135779 0.1346154 0.135779 0.09615391 0.135779 0.05769234 0.135779 0.05769228 0.135779 0.05769228 0.135779 0.09615385 0.135779 0.09615391 0.135779 0.05769234 0.135779 0.0192309 0.135779 0.01923084 0.135779 0.01923084 0.135779 0.05769228 0.135779 0.05769234 0.135779 0.0192309 0.135779 -0.01923066 0.135779 -0.01923072 0.135779 -0.01923072 0.135779 0.01923084 0.135779 0.0192309 0.135779 0.9807693 0.135779 0.9423078 0.135779 0.9423087 0.135779 0.9423087 0.135779 0.9807693 0.135779 0.9807693 0.135779 0.9423078 0.135779 0.9038463 0.135779 0.9038453 0.135779 0.9038453 0.135779 0.9423087 0.135779 0.9423078 0.135779 0.9038463 0.135779 0.8653847 0.135779 0.8653847 0.135779 0.8653847 0.135779 0.9038453 0.135779 0.9038463 0.135779 0.8653847 0.135779 0.8269231 0.135779 0.8269231 0.135779 0.8269231 0.135779 0.8653847 0.135779 0.8653847 0.135779 0.8269231 0.135779 0.7884616 0.135779 0.7884624 0.135779 0.7884624 0.135779 0.8269231 0.135779 0.8269231 0.135779 0.0192309 0.9727626 0.326923 0.9727626 0.6346154 0.9727626 0.7499988 0 0.7884618 0 0.7884625 0.01777827 0.7884625 0.01777827 0.7499994 0.01777827 0.7499988 0 0.7884618 0 0.8269231 0 0.8269231 0.01777827 0.8269231 0.01777827 0.7884625 0.01777827 0.7884618 0 0.8269231 0 0.8653845 0 0.8653845 0.01777827 0.8653845 0.01777827 0.8269231 0.01777827 0.8269231 0 0.8653845 0 0.9038454 0 0.9038454 0.01777827 0.9038454 0.01777827 0.8653845 0.01777827 0.8653845 0 0.9038454 0 0.9423091 0 0.9423084 0.01777827 0.9423084 0.01777827 0.9038454 0.01777827 0.9038454 0 0.9423091 0 0.9807687 0 0.9807694 0.01777827 0.9807694 0.01777827 0.9423084 0.01777827 0.9423091 0 0.9807687 0 1.019231 0 1.019231 0.01777827 1.019231 0.01777827 0.9807694 0.01777827 0.9807687 0 0.01923078 0 0.05769181 0 0.05769181 0.01777827 0.05769181 0.01777827 0.01923078 0.01777827 0.01923078 0 0.05769181 0 0.09615439 0 0.09615439 0.01777827 0.09615439 0.01777827 0.05769181 0.01777827 0.05769181 0 0.09615439 0 0.1346153 0 0.1346153 0.01777827 0.1346153 0.01777827 0.09615439 0.01777827 0.09615439 0 0.1346153 0 0.1730762 0 0.1730762 0.01777827 0.1730762 0.01777827 0.1346153 0.01777827 0.1346153 0 0.1730762 0 0.2115393 0 0.2115393 0.01777827 0.2115393 0.01777827 0.1730762 0.01777827 0.1730762 0 0.2115393 0 0.25 0 0.2500001 0.01777827 0.2500001 0.01777827 0.2115393 0.01777827 0.2115393 0 0.25 0 0.2884616 0 0.2884616 0.01777827 0.2884616 0.01777827 0.2500001 0.01777827 0.25 0 0.2884616 0 0.3269225 0 0.3269225 0.01777827 0.3269225 0.01777827 0.2884616 0.01777827 0.2884616 0 0.3269225 0 0.3653852 0 0.3653852 0.01777827 0.3653852 0.01777827 0.3269225 0.01777827 0.3269225 0 0.3653852 0 0.4038456 0 0.4038459 0.01777827 0.4038459 0.01777827 0.3653852 0.01777827 0.3653852 0 0.4038456 0 0.4423065 0 0.4423068 0.01777827 0.4423068 0.01777827 0.4038459 0.01777827 0.4038456 0 0.4423065 0 0.4807701 0 0.4807701 0.01777827 0.4807701 0.01777827 0.4423068 0.01777827 0.4423065 0 0.4807701 0 0.5192314 0 0.519231 0.01777827 0.519231 0.01777827 0.4807701 0.01777827 0.4807701 0 0.5192314 0 0.557693 0 0.5576927 0.01777827 0.5576927 0.01777827 0.519231 0.01777827 0.5192314 0 0.557693 0 0.5961534 0 0.5961534 0.01777827 0.5961534 0.01777827 0.5576927 0.01777827 0.557693 0 0.5961534 0 0.634616 0 0.634616 0.01777827 0.634616 0.01777827 0.5961534 0.01777827 0.5961534 0 0.634616 0 0.6730771 0 0.6730771 0.01777827 0.6730771 0.01777827 0.634616 0.01777827 0.634616 0 0.6730771 0 0.7115385 0 0.7115385 0.01777827 0.7115385 0.01777827 0.6730771 0.01777827 0.6730771 0 0.7115385 0 0.7499988 0 0.7499994 0.01777827 0.7499994 0.01777827 0.7115385 0.01777827 0.7115385 0 0.7884625 0.1347561 0.7499991 0.1347561 0.7499991 0.1326756 0.7499991 0.1326756 0.7884625 0.1326756 0.7884625 0.1347561 0.7499991 0.1347561 0.7115386 0.1347561 0.7115386 0.1326756 0.7115386 0.1326756 0.7499991 0.1326756 0.7499991 0.1347561 0.7115386 0.1347561 0.6730771 0.1347561 0.6730771 0.1326756 0.6730771 0.1326756 0.7115386 0.1326756 0.7115386 0.1347561 0.6730771 0.1347561 0.6346155 0.1347561 0.6346155 0.1326756 0.6346155 0.1326756 0.6730771 0.1326756 0.6730771 0.1347561 0.6346155 0.1347561 0.5961539 0.1347561 0.5961539 0.1326756 0.5961539 0.1326756 0.6346155 0.1326756 0.6346155 0.1347561 0.5961539 0.1347561 0.5576924 0.1347561 0.5576924 0.1326756 0.5576924 0.1326756 0.5961539 0.1326756 0.5961539 0.1347561 0.5576924 0.1347561 0.5192308 0.1347561 0.5192308 0.1326756 0.5192308 0.1326756 0.5576924 0.1326756 0.5576924 0.1347561 0.5192308 0.1347561 0.4807702 0.1347561 0.4807702 0.1326756 0.4807702 0.1326756 0.5192308 0.1326756 0.5192308 0.1347561 0.4807702 0.1347561 0.4423068 0.1347561 0.4423068 0.1326756 0.4423068 0.1326756 0.4807702 0.1326756 0.4807702 0.1347561 0.4423068 0.1347561 0.4038462 0.1347561 0.4038462 0.1326756 0.4038462 0.1326756 0.4423068 0.1326756 0.4423068 0.1347561 0.4038462 0.1347561 0.3653846 0.1347561 0.3653846 0.1326756 0.3653846 0.1326756 0.4038462 0.1326756 0.4038462 0.1347561 0.3653846 0.1347561 0.3269231 0.1347561 0.3269231 0.1326756 0.3269231 0.1326756 0.3653846 0.1326756 0.3653846 0.1347561 0.3269231 0.1347561 0.2884615 0.1347561 0.2884615 0.1326756 0.2884615 0.1326756 0.3269231 0.1326756 0.3269231 0.1347561 0.2884615 0.1347561 0.25 0.1347561 0.25 0.1326756 0.25 0.1326756 0.2884615 0.1326756 0.2884615 0.1347561 0.25 0.1347561 0.2115394 0.1347561 0.2115394 0.1326756 0.2115394 0.1326756 0.25 0.1326756 0.25 0.1347561 0.2115394 0.1347561 0.173076 0.1347561 0.173076 0.1326756 0.173076 0.1326756 0.2115394 0.1326756 0.2115394 0.1347561 0.173076 0.1347561 0.1346154 0.1347561 0.1346154 0.1326756 0.1346154 0.1326756 0.173076 0.1326756 0.173076 0.1347561 0.1346154 0.1347561 0.09615385 0.1347561 0.09615385 0.1326756 0.09615385 0.1326756 0.1346154 0.1326756 0.1346154 0.1347561 0.09615385 0.1347561 0.05769228 0.1347561 0.05769228 0.1326756 0.05769228 0.1326756 0.09615385 0.1326756 0.09615385 0.1347561 0.05769228 0.1347561 0.01923084 0.1347561 0.01923084 0.1326756 0.01923084 0.1326756 0.05769228 0.1326756 0.05769228 0.1347561 0.01923084 0.1347561 -0.01923072 0.1347561 -0.01923072 0.1326756 -0.01923072 0.1326756 0.01923084 0.1326756 0.01923084 0.1347561 0.9807693 0.1347561 0.9423087 0.1347561 0.9423087 0.1326756 0.9423087 0.1326756 0.9807693 0.1326756 0.9807693 0.1347561 0.9423087 0.1347561 0.9038453 0.1347561 0.9038453 0.1326756 0.9038453 0.1326756 0.9423087 0.1326756 0.9423087 0.1347561 0.9038453 0.1347561 0.8653847 0.1347561 0.8653847 0.1326756 0.8653847 0.1326756 0.9038453 0.1326756 0.9038453 0.1347561 0.8653847 0.1347561 0.8269231 0.1347561 0.8269231 0.1326756 0.8269231 0.1326756 0.8653847 0.1326756 0.8653847 0.1347561 0.8269231 0.1347561 0.7884625 0.1347561 0.7884625 0.1326756 0.7884625 0.1326756 0.8269231 0.1326756 0.8269231 0.1347561 0.7499991 0 0.7884625 0 0.7884618 0 0.7884618 0 0.7499988 0 0.7499991 0 0.7884625 0 0.8269231 0 0.8269231 0 0.8269231 0 0.7884618 0 0.7884625 0 0.8269231 0 0.8653847 0 0.8653845 0 0.8653845 0 0.8269231 0 0.8269231 0 0.8653847 0 0.9038453 0 0.9038454 0 0.9038454 0 0.8653845 0 0.8653847 0 0.9038453 0 0.9423087 0 0.9423091 0 0.9423091 0 0.9038454 0 0.9038453 0 0.9423087 0 0.9807693 0 0.9807687 0 0.9807687 0 0.9423091 0 0.9423087 0 0.9807693 0 1.019231 0 1.019231 0 1.019231 0 0.9807687 0 0.9807693 0 0.01923084 0 0.05769228 0 0.05769181 0 0.05769181 0 0.01923078 0 0.01923084 0 0.05769228 0 0.09615385 0 0.09615439 0 0.09615439 0 0.05769181 0 0.05769228 0 0.09615385 0 0.1346154 0 0.1346153 0 0.1346153 0 0.09615439 0 0.09615385 0 0.1346154 0 0.173076 0 0.1730762 0 0.1730762 0 0.1346153 0 0.1346154 0 0.173076 0 0.2115394 0 0.2115393 0 0.2115393 0 0.1730762 0 0.173076 0 0.2115394 0 0.25 0 0.25 0 0.25 0 0.2115393 0 0.2115394 0 0.25 0 0.2884615 0 0.2884616 0 0.2884616 0 0.25 0 0.25 0 0.2884615 0 0.3269231 0 0.3269225 0 0.3269225 0 0.2884616 0 0.2884615 0 0.3269231 0 0.3653846 0 0.3653852 0 0.3653852 0 0.3269225 0 0.3269231 0 0.3653846 0 0.4038462 0 0.4038456 0 0.4038456 0 0.3653852 0 0.3653846 0 0.4038462 0 0.4423068 0 0.4423065 0 0.4423065 0 0.4038456 0 0.4038462 0 0.4423068 0 0.4807702 0 0.4807701 0 0.4807701 0 0.4423065 0 0.4423068 0 0.4807702 0 0.5192308 0 0.5192314 0 0.5192314 0 0.4807701 0 0.4807702 0 0.5192308 0 0.5576924 0 0.557693 0 0.557693 0 0.5192314 0 0.5192308 0 0.5576924 0 0.5961539 0 0.5961534 0 0.5961534 0 0.557693 0 0.5576924 0 0.5961539 0 0.6346155 0 0.634616 0 0.634616 0 0.5961534 0 0.5961539 0 0.6346155 0 0.6730771 0 0.6730771 0 0.6730771 0 0.634616 0 0.6346155 0 0.6730771 0 0.7115386 0 0.7115385 0 0.7115385 0 0.6730771 0 0.6730771 0 0.7115386 0 0.7499991 0 0.7499988 0 0.7499988 0 0.7115385 0 0.7115386 0 0.7884625 0.02945142 0.7499991 0.02945142 0.7499991 0.02945142 0.7499991 0.02945142 0.7884625 0.02945142 0.7884625 0.02945142 0.7499991 0.02945142 0.7115386 0.02945142 0.7115386 0.02945142 0.7115386 0.02945142 0.7499991 0.02945142 0.7499991 0.02945142 0.7115386 0.02945142 0.6730771 0.02945142 0.6730771 0.02945142 0.6730771 0.02945142 0.7115386 0.02945142 0.7115386 0.02945142 0.6730771 0.02945142 0.6346155 0.02945142 0.6346156 0.02945142 0.6346156 0.02945142 0.6730771 0.02945142 0.6730771 0.02945142 0.6346155 0.02945142 0.5961539 0.02945142 0.5961539 0.02945142 0.5961539 0.02945142 0.6346156 0.02945142 0.6346155 0.02945142 0.5961539 0.02945142 0.5576924 0.02945142 0.5576924 0.02945142 0.5576924 0.02945142 0.5961539 0.02945142 0.5961539 0.02945142 0.5576924 0.02945142 0.5192308 0.02945142 0.5192308 0.02945142 0.5192308 0.02945142 0.5576924 0.02945142 0.5576924 0.02945142 0.5192308 0.02945142 0.4807702 0.02945142 0.4807702 0.02945142 0.4807702 0.02945142 0.5192308 0.02945142 0.5192308 0.02945142 0.4807702 0.02945142 0.4423068 0.02945142 0.4423068 0.02945142 0.4423068 0.02945142 0.4807702 0.02945142 0.4807702 0.02945142 0.4423068 0.02945142 0.4038462 0.02945142 0.4038462 0.02945142 0.4038462 0.02945142 0.4423068 0.02945142 0.4423068 0.02945142 0.4038462 0.02945142 0.3653846 0.02945142 0.3653846 0.02945142 0.3653846 0.02945142 0.4038462 0.02945142 0.4038462 0.02945142 0.3653846 0.02945142 0.3269231 0.02945142 0.3269231 0.02945142 0.3269231 0.02945142 0.3653846 0.02945142 0.3653846 0.02945142 0.3269231 0.02945142 0.2884615 0.02945142 0.2884615 0.02945142 0.2884615 0.02945142 0.3269231 0.02945142 0.3269231 0.02945142 0.2884615 0.02945142 0.25 0.02945142 0.25 0.02945142 0.25 0.02945142 0.2884615 0.02945142 0.2884615 0.02945142 0.25 0.02945142 0.2115394 0.02945142 0.2115394 0.02945142 0.2115394 0.02945142 0.25 0.02945142 0.25 0.02945142 0.2115394 0.02945142 0.173076 0.02945142 0.173076 0.02945142 0.173076 0.02945142 0.2115394 0.02945142 0.2115394 0.02945142 0.173076 0.02945142 0.1346154 0.02945142 0.1346154 0.02945142 0.1346154 0.02945142 0.173076 0.02945142 0.173076 0.02945142 0.1346154 0.02945142 0.09615385 0.02945142 0.09615385 0.02945142 0.09615385 0.02945142 0.1346154 0.02945142 0.1346154 0.02945142 0.09615385 0.02945142 0.05769228 0.02945142 0.05769228 0.02945142 0.05769228 0.02945142 0.09615385 0.02945142 0.09615385 0.02945142 0.05769228 0.02945142 0.01923084 0.02945142 0.01923084 0.02945142 0.01923084 0.02945142 0.05769228 0.02945142 0.05769228 0.02945142 0.01923084 0.02945142 -0.01923072 0.02945142 -0.01923072 0.02945142 -0.01923072 0.02945142 0.01923084 0.02945142 0.01923084 0.02945142 0.9807693 0.02945142 0.9423087 0.02945142 0.9423087 0.02945142 0.9423087 0.02945142 0.9807693 0.02945142 0.9807693 0.02945142 0.9423087 0.02945142 0.9038453 0.02945142 0.9038453 0.02945142 0.9038453 0.02945142 0.9423087 0.02945142 0.9423087 0.02945142 0.9038453 0.02945142 0.8653846 0.02945142 0.8653847 0.02945142 0.8653847 0.02945142 0.9038453 0.02945142 0.9038453 0.02945142 0.8653846 0.02945142 0.8269231 0.02945142 0.8269231 0.02945142 0.8269231 0.02945142 0.8653847 0.02945142 0.8653846 0.02945142 0.8269231 0.02945142 0.7884625 0.02945142 0.7884625 0.02945142 0.7884625 0.02945142 0.8269231 0.02945142 0.8269231 0.02945142 0.7884625 0.01777827 0.7884625 0.02945142 0.7499991 0.02945142 0.7499991 0.02945142 0.7499994 0.01777827 0.7884625 0.01777827 0.7499994 0.01777827 0.7499991 0.02945142 0.7115386 0.02945142 0.7115386 0.02945142 0.7115385 0.01777827 0.7499994 0.01777827 0.7115385 0.01777827 0.7115386 0.02945142 0.6730771 0.02945142 0.6730771 0.02945142 0.6730771 0.01777827 0.7115385 0.01777827 0.6730771 0.01777827 0.6730771 0.02945142 0.6346156 0.02945142 0.6346156 0.02945142 0.634616 0.01777827 0.6730771 0.01777827 0.634616 0.01777827 0.6346156 0.02945142 0.5961539 0.02945142 0.5961539 0.02945142 0.5961534 0.01777827 0.634616 0.01777827 0.5961534 0.01777827 0.5961539 0.02945142 0.5576924 0.02945142 0.5576924 0.02945142 0.5576927 0.01777827 0.5961534 0.01777827 0.5576927 0.01777827 0.5576924 0.02945142 0.5192308 0.02945142 0.5192308 0.02945142 0.519231 0.01777827 0.5576927 0.01777827 0.519231 0.01777827 0.5192308 0.02945142 0.4807702 0.02945142 0.4807702 0.02945142 0.4807701 0.01777827 0.519231 0.01777827 0.4807701 0.01777827 0.4807702 0.02945142 0.4423068 0.02945142 0.4423068 0.02945142 0.4423068 0.01777827 0.4807701 0.01777827 0.4423068 0.01777827 0.4423068 0.02945142 0.4038462 0.02945142 0.4038462 0.02945142 0.4038459 0.01777827 0.4423068 0.01777827 0.4038459 0.01777827 0.4038462 0.02945142 0.3653846 0.02945142 0.3653846 0.02945142 0.3653852 0.01777827 0.4038459 0.01777827 0.3653852 0.01777827 0.3653846 0.02945142 0.3269231 0.02945142 0.3269231 0.02945142 0.3269225 0.01777827 0.3653852 0.01777827 0.3269225 0.01777827 0.3269231 0.02945142 0.2884615 0.02945142 0.2884615 0.02945142 0.2884616 0.01777827 0.3269225 0.01777827 0.2884616 0.01777827 0.2884615 0.02945142 0.25 0.02945142 0.25 0.02945142 0.2500001 0.01777827 0.2884616 0.01777827 0.2500001 0.01777827 0.25 0.02945142 0.2115394 0.02945142 0.2115394 0.02945142 0.2115393 0.01777827 0.2500001 0.01777827 0.2115393 0.01777827 0.2115394 0.02945142 0.173076 0.02945142 0.173076 0.02945142 0.1730762 0.01777827 0.2115393 0.01777827 0.1730762 0.01777827 0.173076 0.02945142 0.1346154 0.02945142 0.1346154 0.02945142 0.1346153 0.01777827 0.1730762 0.01777827 0.1346153 0.01777827 0.1346154 0.02945142 0.09615385 0.02945142 0.09615385 0.02945142 0.09615439 0.01777827 0.1346153 0.01777827 0.09615439 0.01777827 0.09615385 0.02945142 0.05769228 0.02945142 0.05769228 0.02945142 0.05769181 0.01777827 0.09615439 0.01777827 0.05769181 0.01777827 0.05769228 0.02945142 0.01923084 0.02945142 0.01923084 0.02945142 0.01923078 0.01777827 0.05769181 0.01777827 0.01923078 0.01777827 0.01923084 0.02945142 -0.01923072 0.02945142 -0.01923072 0.02945142 -0.0192306 0.01777827 0.01923078 0.01777827 0.9807694 0.01777827 0.9807693 0.02945142 0.9423087 0.02945142 0.9423087 0.02945142 0.9423084 0.01777827 0.9807694 0.01777827 0.9423084 0.01777827 0.9423087 0.02945142 0.9038453 0.02945142 0.9038453 0.02945142 0.9038454 0.01777827 0.9423084 0.01777827 0.9038454 0.01777827 0.9038453 0.02945142 0.8653847 0.02945142 0.8653847 0.02945142 0.8653845 0.01777827 0.9038454 0.01777827 0.8653845 0.01777827 0.8653847 0.02945142 0.8269231 0.02945142 0.8269231 0.02945142 0.8269231 0.01777827 0.8653845 0.01777827 0.8269231 0.01777827 0.8269231 0.02945142 0.7884625 0.02945142 0.7884625 0.02945142 0.7884625 0.01777827 0.8269231 0.01777827 0.7884625 0.1347561 0.7884624 0.135779 0.7499991 0.135779 0.7499991 0.135779 0.7499991 0.1347561 0.7884625 0.1347561 0.7499991 0.1347561 0.7499991 0.135779 0.7115386 0.135779 0.7115386 0.135779 0.7115386 0.1347561 0.7499991 0.1347561 0.7115386 0.1347561 0.7115386 0.135779 0.6730771 0.135779 0.6730771 0.135779 0.6730771 0.1347561 0.7115386 0.1347561 0.6730771 0.1347561 0.6730771 0.135779 0.6346155 0.135779 0.6346155 0.135779 0.6346155 0.1347561 0.6730771 0.1347561 0.6346155 0.1347561 0.6346155 0.135779 0.5961539 0.135779 0.5961539 0.135779 0.5961539 0.1347561 0.6346155 0.1347561 0.5961539 0.1347561 0.5961539 0.135779 0.5576924 0.135779 0.5576924 0.135779 0.5576924 0.1347561 0.5961539 0.1347561 0.5576924 0.1347561 0.5576924 0.135779 0.5192308 0.135779 0.5192308 0.135779 0.5192308 0.1347561 0.5576924 0.1347561 0.5192308 0.1347561 0.5192308 0.135779 0.4807702 0.135779 0.4807702 0.135779 0.4807702 0.1347561 0.5192308 0.1347561 0.4807702 0.1347561 0.4807702 0.135779 0.4423068 0.135779 0.4423068 0.135779 0.4423068 0.1347561 0.4807702 0.1347561 0.4423068 0.1347561 0.4423068 0.135779 0.4038462 0.135779 0.4038462 0.135779 0.4038462 0.1347561 0.4423068 0.1347561 0.4038462 0.1347561 0.4038462 0.135779 0.3653846 0.135779 0.3653846 0.135779 0.3653846 0.1347561 0.4038462 0.1347561 0.3653846 0.1347561 0.3653846 0.135779 0.3269231 0.135779 0.3269231 0.135779 0.3269231 0.1347561 0.3653846 0.1347561 0.3269231 0.1347561 0.3269231 0.135779 0.2884615 0.135779 0.2884615 0.135779 0.2884615 0.1347561 0.3269231 0.1347561 0.2884615 0.1347561 0.2884615 0.135779 0.25 0.135779 0.25 0.135779 0.25 0.1347561 0.2884615 0.1347561 0.25 0.1347561 0.25 0.135779 0.2115393 0.135779 0.2115393 0.135779 0.2115394 0.1347561 0.25 0.1347561 0.2115394 0.1347561 0.2115393 0.135779 0.173076 0.135779 0.173076 0.135779 0.173076 0.1347561 0.2115394 0.1347561 0.173076 0.1347561 0.173076 0.135779 0.1346154 0.135779 0.1346154 0.135779 0.1346154 0.1347561 0.173076 0.1347561 0.1346154 0.1347561 0.1346154 0.135779 0.09615385 0.135779 0.09615385 0.135779 0.09615385 0.1347561 0.1346154 0.1347561 0.09615385 0.1347561 0.09615385 0.135779 0.05769228 0.135779 0.05769228 0.135779 0.05769228 0.1347561 0.09615385 0.1347561 0.05769228 0.1347561 0.05769228 0.135779 0.01923084 0.135779 0.01923084 0.135779 0.01923084 0.1347561 0.05769228 0.1347561 0.01923084 0.1347561 0.01923084 0.135779 -0.01923072 0.135779 -0.01923072 0.135779 -0.01923072 0.1347561 0.01923084 0.1347561 0.9807693 0.1347561 0.9807693 0.135779 0.9423087 0.135779 0.9423087 0.135779 0.9423087 0.1347561 0.9807693 0.1347561 0.9423087 0.1347561 0.9423087 0.135779 0.9038453 0.135779 0.9038453 0.135779 0.9038453 0.1347561 0.9423087 0.1347561 0.9038453 0.1347561 0.9038453 0.135779 0.8653847 0.135779 0.8653847 0.135779 0.8653847 0.1347561 0.9038453 0.1347561 0.8653847 0.1347561 0.8653847 0.135779 0.8269231 0.135779 0.8269231 0.135779 0.8269231 0.1347561 0.8653847 0.1347561 0.8269231 0.1347561 0.8269231 0.135779 0.7884624 0.135779 0.7884624 0.135779 0.7884625 0.1347561 0.8269231 0.1347561 0.8653847 0.9727626 0.9038463 0.9727626 0.9423078 0.9727626 0.9423078 0.9727626 0.9807693 0.9727626 0.0192309 0.9727626 0.0192309 0.9727626 0.05769234 0.9727626 0.1730769 0.9727626 0.05769234 0.9727626 0.09615391 0.9727626 0.1730769 0.9727626 0.09615391 0.9727626 0.1346154 0.9727626 0.1730769 0.9727626 0.1730769 0.9727626 0.2115384 0.9727626 0.25 0.9727626 0.25 0.9727626 0.2884615 0.9727626 0.326923 0.9727626 0.326923 0.9727626 0.3653845 0.9727626 0.4807692 0.9727626 0.3653845 0.9727626 0.4038461 0.9727626 0.4807692 0.9727626 0.4038461 0.9727626 0.4423076 0.9727626 0.4807692 0.9727626 0.4807692 0.9727626 0.5192307 0.9727626 0.5576923 0.9727626 0.5576923 0.9727626 0.5961539 0.9727626 0.6346154 0.9727626 0.6346154 0.9727626 0.6730771 0.9727626 0.7884616 0.9727626 0.6730771 0.9727626 0.7115387 0.9727626 0.7884616 0.9727626 0.7115387 0.9727626 0.75 0.9727626 0.7884616 0.9727626 0.7884616 0.9727626 0.8269231 0.9727626 0.8653847 0.9727626 0.8653847 0.9727626 0.9423078 0.9727626 0.7884616 0.9727626 0.9423078 0.9727626 0.0192309 0.9727626 0.7884616 0.9727626 0.1730769 0.9727626 0.25 0.9727626 0.326923 0.9727626 0.4807692 0.9727626 0.5576923 0.9727626 0.326923 0.9727626 0.5576923 0.9727626 0.6346154 0.9727626 0.326923 0.9727626 0.0192309 0.9727626 0.1730769 0.9727626 0.326923 0.9727626 0.6346154 0.9727626 0.7884616 0.9727626 0.0192309 0.9727626</float_array>
          <technique_common>
            <accessor source="#Örüntü_017-mesh-map-0-array" count="2328" stride="2">
              <param name="S" type="float"/>
              <param name="T" type="float"/>
            </accessor>
          </technique_common>
        </source>
        <vertices id="Örüntü_017-mesh-vertices">
          <input semantic="POSITION" source="#Örüntü_017-mesh-positions"/>
        </vertices>
        <triangles material="direk_007-material" count="776">
          <input semantic="VERTEX" source="#Örüntü_017-mesh-vertices" offset="0"/>
          <input semantic="NORMAL" source="#Örüntü_017-mesh-normals" offset="1"/>
          <input semantic="TEXCOORD" source="#Örüntü_017-mesh-map-0" offset="2" set="0"/>
          <p>24 0 0 23 0 1 22 0 2 22 0 3 21 0 4 20 0 5 20 0 6 19 0 7 18 0 8 22 0 9 20 0 10 18 0 11 18 0 12 17 0 13 16 0 14 16 0 15 15 0 16 14 0 17 18 0 18 16 0 19 14 0 20 22 0 21 18 0 22 14 0 23 14 0 24 13 0 25 12 0 26 12 0 27 11 0 28 10 0 29 14 0 30 12 0 31 10 0 32 10 0 33 9 0 34 8 0 35 8 0 36 7 0 37 6 0 38 10 0 39 8 0 40 6 0 41 14 0 42 10 0 43 6 0 44 22 0 45 14 0 46 6 0 47 6 0 48 5 0 49 4 0 50 4 0 51 3 0 52 2 0 53 6 0 54 4 0 55 2 0 56 22 0 57 6 0 58 2 0 59 2 0 60 1 0 61 0 0 62 22 0 63 2 0 64 0 0 65 24 0 66 22 0 67 0 0 68 25 0 69 24 0 70 0 0 71 234 1 72 235 2 73 260 3 74 260 3 75 261 4 76 234 1 77 235 2 78 236 5 79 285 6 80 285 6 81 260 3 82 235 2 83 236 5 84 237 7 85 284 8 86 284 8 87 285 6 88 236 5 89 237 7 90 238 9 91 283 10 92 283 10 93 284 8 94 237 7 95 238 9 96 239 11 97 282 12 98 282 12 99 283 10 100 238 9 101 239 11 102 240 13 103 281 14 104 281 14 105 282 12 106 239 11 107 240 13 108 241 15 109 280 16 110 280 16 111 281 14 112 240 13 113 241 15 114 242 17 115 279 18 116 279 18 117 280 16 118 241 15 119 242 17 120 243 19 121 278 20 122 278 20 123 279 18 124 242 17 125 243 19 126 244 21 127 277 22 128 277 22 129 278 20 130 243 19 131 244 21 132 245 23 133 276 24 134 276 24 135 277 22 136 244 21 137 245 23 138 246 25 139 275 26 140 275 26 141 276 24 142 245 23 143 246 25 144 247 27 145 274 28 146 274 28 147 275 26 148 246 25 149 247 27 150 248 29 151 273 30 152 273 30 153 274 28 154 247 27 155 248 29 156 249 31 157 272 32 158 272 32 159 273 30 160 248 29 161 249 31 162 250 33 163 271 34 164 271 34 165 272 32 166 249 31 167 250 33 168 251 35 169 270 36 170 270 36 171 271 34 172 250 33 173 251 35 174 252 37 175 269 38 176 269 38 177 270 36 178 251 35 179 252 37 180 253 39 181 268 40 182 268 40 183 269 38 184 252 37 185 253 39 186 254 41 187 267 42 188 267 42 189 268 40 190 253 39 191 254 41 192 255 43 193 266 44 194 266 44 195 267 42 196 254 41 197 255 43 198 256 45 199 265 46 200 265 46 201 266 44 202 255 43 203 256 45 204 257 47 205 264 48 206 264 48 207 265 46 208 256 45 209 257 47 210 258 49 211 263 50 212 263 50 213 264 48 214 257 47 215 258 49 216 259 51 217 262 52 218 262 52 219 263 50 220 258 49 221 259 51 222 234 1 223 261 4 224 261 4 225 262 52 226 259 51 227 26 1 228 27 2 229 53 3 230 53 3 231 52 4 232 26 1 233 27 2 234 28 5 235 54 6 236 54 6 237 53 3 238 27 2 239 28 5 240 29 7 241 55 8 242 55 8 243 54 6 244 28 5 245 29 7 246 30 9 247 56 10 248 56 10 249 55 8 250 29 7 251 30 9 252 31 11 253 57 12 254 57 12 255 56 10 256 30 9 257 31 11 258 32 13 259 58 14 260 58 14 261 57 12 262 31 11 263 32 13 264 33 15 265 59 16 266 59 16 267 58 14 268 32 13 269 33 15 270 34 17 271 60 18 272 60 18 273 59 16 274 33 15 275 34 17 276 35 19 277 61 20 278 61 20 279 60 18 280 34 17 281 35 19 282 36 21 283 62 22 284 62 22 285 61 20 286 35 19 287 36 21 288 37 23 289 63 24 290 63 24 291 62 22 292 36 21 293 37 23 294 38 25 295 64 26 296 64 26 297 63 24 298 37 23 299 38 25 300 39 27 301 65 28 302 65 28 303 64 26 304 38 25 305 39 27 306 40 29 307 66 30 308 66 30 309 65 28 310 39 27 311 40 29 312 41 31 313 67 32 314 67 32 315 66 30 316 40 29 317 41 31 318 42 53 319 68 34 320 68 34 321 67 32 322 41 31 323 42 53 324 43 54 325 69 36 326 69 36 327 68 34 328 42 53 329 43 54 330 44 37 331 70 38 332 70 38 333 69 36 334 43 54 335 44 37 336 45 39 337 71 40 338 71 40 339 70 38 340 44 37 341 45 39 342 46 55 343 72 42 344 72 42 345 71 40 346 45 39 347 46 55 348 47 43 349 73 44 350 73 44 351 72 42 352 46 55 353 47 43 354 48 45 355 74 46 356 74 46 357 73 44 358 47 43 359 48 45 360 49 47 361 75 48 362 75 48 363 74 46 364 48 45 365 49 47 366 50 56 367 76 50 368 76 50 369 75 48 370 49 47 371 50 56 372 51 51 373 77 52 374 77 52 375 76 50 376 50 56 377 51 51 378 26 1 379 52 4 380 52 4 381 77 52 382 51 51 383 52 4 384 53 3 385 79 3 386 79 3 387 78 4 388 52 4 389 53 3 390 54 6 391 80 6 392 80 6 393 79 3 394 53 3 395 54 6 396 55 8 397 81 8 398 81 8 399 80 6 400 54 6 401 55 8 402 56 10 403 82 10 404 82 10 405 81 8 406 55 8 407 56 10 408 57 12 409 83 12 410 83 12 411 82 10 412 56 10 413 57 12 414 58 14 415 84 14 416 84 14 417 83 12 418 57 12 419 58 14 420 59 16 421 85 16 422 85 16 423 84 14 424 58 14 425 59 16 426 60 18 427 86 18 428 86 18 429 85 16 430 59 16 431 60 18 432 61 20 433 87 20 434 87 20 435 86 18 436 60 18 437 61 20 438 62 22 439 88 22 440 88 22 441 87 20 442 61 20 443 62 22 444 63 24 445 89 24 446 89 24 447 88 22 448 62 22 449 63 24 450 64 26 451 90 26 452 90 26 453 89 24 454 63 24 455 64 26 456 65 28 457 91 28 458 91 28 459 90 26 460 64 26 461 65 28 462 66 30 463 92 30 464 92 30 465 91 28 466 65 28 467 66 30 468 67 32 469 93 32 470 93 32 471 92 30 472 66 30 473 67 32 474 68 34 475 94 34 476 94 34 477 93 32 478 67 32 479 68 34 480 69 36 481 95 36 482 95 36 483 94 34 484 68 34 485 69 36 486 70 38 487 96 38 488 96 38 489 95 36 490 69 36 491 70 38 492 71 40 493 97 40 494 97 40 495 96 38 496 70 38 497 71 40 498 72 42 499 98 42 500 98 42 501 97 40 502 71 40 503 72 42 504 73 44 505 99 44 506 99 44 507 98 42 508 72 42 509 73 44 510 74 46 511 100 46 512 100 46 513 99 44 514 73 44 515 74 46 516 75 48 517 101 48 518 101 48 519 100 46 520 74 46 521 75 48 522 76 50 523 102 50 524 102 50 525 101 48 526 75 48 527 76 50 528 77 52 529 103 52 530 103 52 531 102 50 532 76 50 533 77 52 534 52 4 535 78 4 536 78 4 537 103 52 538 77 52 539 78 4 540 79 3 541 105 3 542 105 3 543 104 4 544 78 4 545 79 3 546 80 6 547 106 6 548 106 6 549 105 3 550 79 3 551 80 6 552 81 8 553 107 8 554 107 8 555 106 6 556 80 6 557 81 8 558 82 10 559 108 10 560 108 10 561 107 8 562 81 8 563 82 10 564 83 12 565 109 12 566 109 12 567 108 10 568 82 10 569 83 12 570 84 14 571 110 14 572 110 14 573 109 12 574 83 12 575 84 14 576 85 16 577 111 16 578 111 16 579 110 14 580 84 14 581 85 16 582 86 18 583 112 18 584 112 18 585 111 16 586 85 16 587 86 18 588 87 20 589 113 20 590 113 20 591 112 18 592 86 18 593 87 20 594 88 22 595 114 22 596 114 22 597 113 20 598 87 20 599 88 22 600 89 24 601 115 24 602 115 24 603 114 22 604 88 22 605 89 24 606 90 26 607 116 26 608 116 26 609 115 24 610 89 24 611 90 26 612 91 28 613 117 28 614 117 28 615 116 26 616 90 26 617 91 28 618 92 30 619 118 30 620 118 30 621 117 28 622 91 28 623 92 30 624 93 32 625 119 32 626 119 32 627 118 30 628 92 30 629 93 32 630 94 34 631 120 34 632 120 34 633 119 32 634 93 32 635 94 34 636 95 36 637 121 36 638 121 36 639 120 34 640 94 34 641 95 36 642 96 38 643 122 38 644 122 38 645 121 36 646 95 36 647 96 38 648 97 40 649 123 40 650 123 40 651 122 38 652 96 38 653 97 40 654 98 42 655 124 42 656 124 42 657 123 40 658 97 40 659 98 42 660 99 44 661 125 44 662 125 44 663 124 42 664 98 42 665 99 44 666 100 46 667 126 46 668 126 46 669 125 44 670 99 44 671 100 46 672 101 48 673 127 48 674 127 48 675 126 46 676 100 46 677 101 48 678 102 50 679 128 50 680 128 50 681 127 48 682 101 48 683 102 50 684 103 52 685 129 52 686 129 52 687 128 50 688 102 50 689 103 52 690 78 4 691 104 4 692 104 4 693 129 52 694 103 52 695 104 4 696 105 3 697 131 3 698 131 3 699 130 4 700 104 4 701 105 3 702 106 6 703 132 6 704 132 6 705 131 3 706 105 3 707 106 6 708 107 8 709 133 8 710 133 8 711 132 6 712 106 6 713 107 8 714 108 10 715 134 10 716 134 10 717 133 8 718 107 8 719 108 10 720 109 12 721 135 12 722 135 12 723 134 10 724 108 10 725 109 12 726 110 14 727 136 14 728 136 14 729 135 12 730 109 12 731 110 14 732 111 16 733 137 16 734 137 16 735 136 14 736 110 14 737 111 16 738 112 18 739 138 18 740 138 18 741 137 16 742 111 16 743 112 18 744 113 20 745 139 20 746 139 20 747 138 18 748 112 18 749 113 20 750 114 22 751 140 22 752 140 22 753 139 20 754 113 20 755 114 22 756 115 24 757 141 24 758 141 24 759 140 22 760 114 22 761 115 24 762 116 26 763 142 26 764 142 26 765 141 24 766 115 24 767 116 26 768 117 28 769 143 28 770 143 28 771 142 26 772 116 26 773 117 28 774 118 30 775 144 30 776 144 30 777 143 28 778 117 28 779 118 30 780 119 32 781 145 32 782 145 32 783 144 30 784 118 30 785 119 32 786 120 34 787 146 34 788 146 34 789 145 32 790 119 32 791 120 34 792 121 36 793 147 36 794 147 36 795 146 34 796 120 34 797 121 36 798 122 38 799 148 38 800 148 38 801 147 36 802 121 36 803 122 38 804 123 40 805 149 40 806 149 40 807 148 38 808 122 38 809 123 40 810 124 42 811 150 42 812 150 42 813 149 40 814 123 40 815 124 42 816 125 44 817 151 44 818 151 44 819 150 42 820 124 42 821 125 44 822 126 46 823 152 46 824 152 46 825 151 44 826 125 44 827 126 46 828 127 48 829 153 48 830 153 48 831 152 46 832 126 46 833 127 48 834 128 50 835 154 50 836 154 50 837 153 48 838 127 48 839 128 50 840 129 52 841 155 52 842 155 52 843 154 50 844 128 50 845 129 52 846 104 4 847 130 4 848 130 4 849 155 52 850 129 52 851 130 4 852 131 3 853 157 57 854 157 57 855 156 58 856 130 4 857 131 3 858 132 6 859 158 59 860 158 59 861 157 57 862 131 3 863 132 6 864 133 8 865 159 60 866 159 60 867 158 59 868 132 6 869 133 8 870 134 10 871 160 61 872 160 61 873 159 60 874 133 8 875 134 10 876 135 12 877 161 62 878 161 62 879 160 61 880 134 10 881 135 12 882 136 14 883 162 63 884 162 63 885 161 62 886 135 12 887 136 14 888 137 16 889 163 64 890 163 64 891 162 63 892 136 14 893 137 16 894 138 18 895 164 65 896 164 65 897 163 64 898 137 16 899 138 18 900 139 20 901 165 66 902 165 66 903 164 65 904 138 18 905 139 20 906 140 22 907 166 67 908 166 67 909 165 66 910 139 20 911 140 22 912 141 24 913 167 68 914 167 68 915 166 67 916 140 22 917 141 24 918 142 26 919 168 69 920 168 69 921 167 68 922 141 24 923 142 26 924 143 28 925 169 70 926 169 70 927 168 69 928 142 26 929 143 28 930 144 30 931 170 71 932 170 71 933 169 70 934 143 28 935 144 30 936 145 32 937 171 72 938 171 72 939 170 71 940 144 30 941 145 32 942 146 34 943 172 73 944 172 73 945 171 72 946 145 32 947 146 34 948 147 36 949 173 74 950 173 74 951 172 73 952 146 34 953 147 36 954 148 38 955 174 75 956 174 75 957 173 74 958 147 36 959 148 38 960 149 40 961 175 76 962 175 76 963 174 75 964 148 38 965 149 40 966 150 42 967 176 77 968 176 77 969 175 76 970 149 40 971 150 42 972 151 44 973 177 78 974 177 78 975 176 77 976 150 42 977 151 44 978 152 46 979 178 79 980 178 79 981 177 78 982 151 44 983 152 46 984 153 48 985 179 80 986 179 80 987 178 79 988 152 46 989 153 48 990 154 50 991 180 81 992 180 81 993 179 80 994 153 48 995 154 50 996 155 52 997 181 82 998 181 82 999 180 81 1000 154 50 1001 155 52 1002 130 4 1003 156 58 1004 156 58 1005 181 82 1006 155 52 1007 0 0 1008 1 0 1009 183 0 1010 183 0 1011 182 0 1012 0 0 1013 1 0 1014 2 0 1015 184 0 1016 184 0 1017 183 0 1018 1 0 1019 2 0 1020 3 0 1021 185 0 1022 185 0 1023 184 0 1024 2 0 1025 3 0 1026 4 0 1027 186 0 1028 186 0 1029 185 0 1030 3 0 1031 4 0 1032 5 0 1033 187 0 1034 187 0 1035 186 0 1036 4 0 1037 5 0 1038 6 0 1039 188 0 1040 188 0 1041 187 0 1042 5 0 1043 6 0 1044 7 0 1045 189 0 1046 189 0 1047 188 0 1048 6 0 1049 7 0 1050 8 0 1051 190 0 1052 190 0 1053 189 0 1054 7 0 1055 8 0 1056 9 0 1057 191 0 1058 191 0 1059 190 0 1060 8 0 1061 9 0 1062 10 0 1063 192 0 1064 192 0 1065 191 0 1066 9 0 1067 10 0 1068 11 0 1069 193 0 1070 193 0 1071 192 0 1072 10 0 1073 11 0 1074 12 0 1075 194 0 1076 194 0 1077 193 0 1078 11 0 1079 12 0 1080 13 0 1081 195 0 1082 195 0 1083 194 0 1084 12 0 1085 13 0 1086 14 0 1087 196 0 1088 196 0 1089 195 0 1090 13 0 1091 14 0 1092 15 0 1093 197 0 1094 197 0 1095 196 0 1096 14 0 1097 15 0 1098 16 0 1099 198 0 1100 198 0 1101 197 0 1102 15 0 1103 16 0 1104 17 0 1105 199 0 1106 199 0 1107 198 0 1108 16 0 1109 17 0 1110 18 0 1111 200 0 1112 200 0 1113 199 0 1114 17 0 1115 18 0 1116 19 0 1117 201 0 1118 201 0 1119 200 0 1120 18 0 1121 19 0 1122 20 0 1123 202 0 1124 202 0 1125 201 0 1126 19 0 1127 20 0 1128 21 0 1129 203 0 1130 203 0 1131 202 0 1132 20 0 1133 21 0 1134 22 0 1135 204 0 1136 204 0 1137 203 0 1138 21 0 1139 22 0 1140 23 0 1141 205 0 1142 205 0 1143 204 0 1144 22 0 1145 23 0 1146 24 0 1147 206 0 1148 206 0 1149 205 0 1150 23 0 1151 24 0 1152 25 0 1153 207 0 1154 207 0 1155 206 0 1156 24 0 1157 25 0 1158 0 0 1159 182 0 1160 182 0 1161 207 0 1162 25 0 1163 27 83 1164 26 83 1165 209 83 1166 209 84 1167 208 84 1168 27 84 1169 26 85 1170 51 85 1171 210 85 1172 210 86 1173 209 86 1174 26 86 1175 51 87 1176 50 87 1177 211 87 1178 211 87 1179 210 87 1180 51 87 1181 50 87 1182 49 87 1183 212 87 1184 212 87 1185 211 87 1186 50 87 1187 49 87 1188 48 87 1189 213 87 1190 213 87 1191 212 87 1192 49 87 1193 48 88 1194 47 88 1195 214 88 1196 214 89 1197 213 89 1198 48 89 1199 47 90 1200 46 90 1201 215 90 1202 215 91 1203 214 91 1204 47 91 1205 46 87 1206 45 87 1207 216 87 1208 216 92 1209 215 92 1210 46 92 1211 45 87 1212 44 87 1213 217 87 1214 217 87 1215 216 87 1216 45 87 1217 44 87 1218 43 87 1219 218 87 1220 218 87 1221 217 87 1222 44 87 1223 43 87 1224 42 87 1225 219 87 1226 219 87 1227 218 87 1228 43 87 1229 42 93 1230 41 93 1231 220 93 1232 220 87 1233 219 87 1234 42 87 1235 41 94 1236 40 94 1237 221 94 1238 221 95 1239 220 95 1240 41 95 1241 40 96 1242 39 96 1243 222 96 1244 222 97 1245 221 97 1246 40 97 1247 39 98 1248 38 98 1249 223 98 1250 223 99 1251 222 99 1252 39 99 1253 38 100 1254 37 100 1255 224 100 1256 224 101 1257 223 101 1258 38 101 1259 37 87 1260 36 87 1261 225 87 1262 225 102 1263 224 102 1264 37 102 1265 36 87 1266 35 87 1267 226 87 1268 226 87 1269 225 87 1270 36 87 1271 35 87 1272 34 87 1273 227 87 1274 227 87 1275 226 87 1276 35 87 1277 34 87 1278 33 87 1279 228 87 1280 228 87 1281 227 87 1282 34 87 1283 33 87 1284 32 87 1285 229 87 1286 229 87 1287 228 87 1288 33 87 1289 32 87 1290 31 87 1291 230 87 1292 230 87 1293 229 87 1294 32 87 1295 31 87 1296 30 87 1297 231 87 1298 231 87 1299 230 87 1300 31 87 1301 30 87 1302 29 87 1303 232 87 1304 232 103 1305 231 103 1306 30 103 1307 29 87 1308 28 87 1309 233 87 1310 233 87 1311 232 87 1312 29 87 1313 28 87 1314 27 87 1315 208 87 1316 208 104 1317 233 104 1318 28 104 1319 163 64 1320 171 72 1321 179 80 1322 286 105 1323 287 106 1324 338 107 1325 338 107 1326 339 108 1327 286 105 1328 287 106 1329 288 109 1330 363 110 1331 363 110 1332 338 107 1333 287 106 1334 288 109 1335 289 111 1336 362 112 1337 362 112 1338 363 110 1339 288 109 1340 289 111 1341 290 113 1342 361 114 1343 361 114 1344 362 112 1345 289 111 1346 290 113 1347 291 115 1348 360 116 1349 360 116 1350 361 114 1351 290 113 1352 291 115 1353 292 117 1354 359 118 1355 359 118 1356 360 116 1357 291 115 1358 292 117 1359 293 119 1360 358 120 1361 358 120 1362 359 118 1363 292 117 1364 293 119 1365 294 121 1366 357 122 1367 357 122 1368 358 120 1369 293 119 1370 294 121 1371 295 123 1372 356 124 1373 356 124 1374 357 122 1375 294 121 1376 295 123 1377 296 125 1378 355 126 1379 355 126 1380 356 124 1381 295 123 1382 296 125 1383 297 127 1384 354 128 1385 354 128 1386 355 126 1387 296 125 1388 297 127 1389 298 129 1390 353 130 1391 353 130 1392 354 128 1393 297 127 1394 298 129 1395 299 131 1396 352 132 1397 352 132 1398 353 130 1399 298 129 1400 299 131 1401 300 133 1402 351 134 1403 351 134 1404 352 132 1405 299 131 1406 300 133 1407 301 135 1408 350 136 1409 350 136 1410 351 134 1411 300 133 1412 301 135 1413 302 137 1414 349 138 1415 349 138 1416 350 136 1417 301 135 1418 302 137 1419 303 139 1420 348 140 1421 348 140 1422 349 138 1423 302 137 1424 303 139 1425 304 141 1426 347 142 1427 347 142 1428 348 140 1429 303 139 1430 304 141 1431 305 143 1432 346 144 1433 346 144 1434 347 142 1435 304 141 1436 305 143 1437 306 145 1438 345 146 1439 345 146 1440 346 144 1441 305 143 1442 306 145 1443 307 147 1444 344 148 1445 344 148 1446 345 146 1447 306 145 1448 307 147 1449 308 149 1450 343 150 1451 343 150 1452 344 148 1453 307 147 1454 308 149 1455 309 151 1456 342 152 1457 342 152 1458 343 150 1459 308 149 1460 309 151 1461 310 153 1462 341 154 1463 341 154 1464 342 152 1465 309 151 1466 310 153 1467 311 155 1468 340 156 1469 340 156 1470 341 154 1471 310 153 1472 311 155 1473 286 105 1474 339 108 1475 339 108 1476 340 156 1477 311 155 1478 364 107 1479 365 108 1480 261 4 1481 261 4 1482 260 3 1483 364 107 1484 365 108 1485 366 156 1486 262 52 1487 262 52 1488 261 4 1489 365 108 1490 366 156 1491 367 154 1492 263 50 1493 263 50 1494 262 52 1495 366 156 1496 367 154 1497 368 152 1498 264 48 1499 264 48 1500 263 50 1501 367 154 1502 368 152 1503 369 150 1504 265 46 1505 265 46 1506 264 48 1507 368 152 1508 369 150 1509 370 148 1510 266 44 1511 266 44 1512 265 46 1513 369 150 1514 370 148 1515 371 146 1516 267 42 1517 267 42 1518 266 44 1519 370 148 1520 371 146 1521 372 157 1522 268 40 1523 268 40 1524 267 42 1525 371 146 1526 372 157 1527 373 142 1528 269 38 1529 269 38 1530 268 40 1531 372 157 1532 373 142 1533 374 140 1534 270 36 1535 270 36 1536 269 38 1537 373 142 1538 374 140 1539 375 138 1540 271 34 1541 271 34 1542 270 36 1543 374 140 1544 375 138 1545 376 136 1546 272 32 1547 272 32 1548 271 34 1549 375 138 1550 376 136 1551 377 134 1552 273 30 1553 273 30 1554 272 32 1555 376 136 1556 377 134 1557 378 132 1558 274 28 1559 274 28 1560 273 30 1561 377 134 1562 378 132 1563 379 158 1564 275 26 1565 275 26 1566 274 28 1567 378 132 1568 379 158 1569 380 128 1570 276 24 1571 276 24 1572 275 26 1573 379 158 1574 380 128 1575 381 126 1576 277 22 1577 277 22 1578 276 24 1579 380 128 1580 381 126 1581 382 124 1582 278 20 1583 278 20 1584 277 22 1585 381 126 1586 382 124 1587 383 122 1588 279 18 1589 279 18 1590 278 20 1591 382 124 1592 383 122 1593 384 120 1594 280 16 1595 280 16 1596 279 18 1597 383 122 1598 384 120 1599 385 118 1600 281 14 1601 281 14 1602 280 16 1603 384 120 1604 385 118 1605 386 116 1606 282 12 1607 282 12 1608 281 14 1609 385 118 1610 386 116 1611 387 159 1612 283 10 1613 283 10 1614 282 12 1615 386 116 1616 387 159 1617 388 112 1618 284 8 1619 284 8 1620 283 10 1621 387 159 1622 388 112 1623 389 110 1624 285 6 1625 285 6 1626 284 8 1627 388 112 1628 389 110 1629 364 107 1630 260 3 1631 260 3 1632 285 6 1633 389 110 1634 182 160 1635 183 160 1636 287 160 1637 287 161 1638 286 161 1639 182 161 1640 183 162 1641 184 162 1642 288 162 1643 288 163 1644 287 163 1645 183 163 1646 184 164 1647 185 164 1648 289 164 1649 289 165 1650 288 165 1651 184 165 1652 185 166 1653 186 166 1654 290 166 1655 290 167 1656 289 167 1657 185 167 1658 186 168 1659 187 168 1660 291 168 1661 291 169 1662 290 169 1663 186 169 1664 187 170 1665 188 170 1666 292 170 1667 292 171 1668 291 171 1669 187 171 1670 188 0 1671 189 0 1672 293 0 1673 293 172 1674 292 172 1675 188 172 1676 189 0 1677 190 0 1678 294 0 1679 294 0 1680 293 0 1681 189 0 1682 190 0 1683 191 0 1684 295 0 1685 295 0 1686 294 0 1687 190 0 1688 191 173 1689 192 173 1690 296 173 1691 296 174 1692 295 174 1693 191 174 1694 192 175 1695 193 175 1696 297 175 1697 297 176 1698 296 176 1699 192 176 1700 193 177 1701 194 177 1702 298 177 1703 298 178 1704 297 178 1705 193 178 1706 194 179 1707 195 179 1708 299 179 1709 299 180 1710 298 180 1711 194 180 1712 195 0 1713 196 0 1714 300 0 1715 300 181 1716 299 181 1717 195 181 1718 196 0 1719 197 0 1720 301 0 1721 301 0 1722 300 0 1723 196 0 1724 197 0 1725 198 0 1726 302 0 1727 302 0 1728 301 0 1729 197 0 1730 198 182 1731 199 182 1732 303 182 1733 303 183 1734 302 183 1735 198 183 1736 199 0 1737 200 0 1738 304 0 1739 304 184 1740 303 184 1741 199 184 1742 200 185 1743 201 185 1744 305 185 1745 305 186 1746 304 186 1747 200 186 1748 201 187 1749 202 187 1750 306 187 1751 306 188 1752 305 188 1753 201 188 1754 202 0 1755 203 0 1756 307 0 1757 307 189 1758 306 189 1759 202 189 1760 203 0 1761 204 0 1762 308 0 1763 308 0 1764 307 0 1765 203 0 1766 204 0 1767 205 0 1768 309 0 1769 309 0 1770 308 0 1771 204 0 1772 205 0 1773 206 0 1774 310 0 1775 310 0 1776 309 0 1777 205 0 1778 206 190 1779 207 190 1780 311 190 1781 311 191 1782 310 191 1783 206 191 1784 207 192 1785 182 192 1786 286 192 1787 286 193 1788 311 193 1789 207 193 1790 235 194 1791 234 194 1792 313 194 1793 313 195 1794 312 195 1795 235 195 1796 234 196 1797 259 196 1798 314 196 1799 314 197 1800 313 197 1801 234 197 1802 259 198 1803 258 198 1804 315 198 1805 315 199 1806 314 199 1807 259 199 1808 258 200 1809 257 200 1810 316 200 1811 316 201 1812 315 201 1813 258 201 1814 257 202 1815 256 202 1816 317 202 1817 317 203 1818 316 203 1819 257 203 1820 256 204 1821 255 204 1822 318 204 1823 318 205 1824 317 205 1825 256 205 1826 255 206 1827 254 206 1828 319 206 1829 319 207 1830 318 207 1831 255 207 1832 254 87 1833 253 87 1834 320 87 1835 320 87 1836 319 87 1837 254 87 1838 253 208 1839 252 208 1840 321 208 1841 321 209 1842 320 209 1843 253 209 1844 252 210 1845 251 210 1846 322 210 1847 322 211 1848 321 211 1849 252 211 1850 251 212 1851 250 212 1852 323 212 1853 323 213 1854 322 213 1855 251 213 1856 250 214 1857 249 214 1858 324 214 1859 324 215 1860 323 215 1861 250 215 1862 249 216 1863 248 216 1864 325 216 1865 325 217 1866 324 217 1867 249 217 1868 248 218 1869 247 218 1870 326 218 1871 326 219 1872 325 219 1873 248 219 1874 247 220 1875 246 220 1876 327 220 1877 327 221 1878 326 221 1879 247 221 1880 246 222 1881 245 222 1882 328 222 1883 328 223 1884 327 223 1885 246 223 1886 245 224 1887 244 224 1888 329 224 1889 329 225 1890 328 225 1891 245 225 1892 244 226 1893 243 226 1894 330 226 1895 330 227 1896 329 227 1897 244 227 1898 243 228 1899 242 228 1900 331 228 1901 331 229 1902 330 229 1903 243 229 1904 242 87 1905 241 87 1906 332 87 1907 332 230 1908 331 230 1909 242 230 1910 241 87 1911 240 87 1912 333 87 1913 333 87 1914 332 87 1915 241 87 1916 240 231 1917 239 231 1918 334 231 1919 334 232 1920 333 232 1921 240 232 1922 239 233 1923 238 233 1924 335 233 1925 335 234 1926 334 234 1927 239 234 1928 238 235 1929 237 235 1930 336 235 1931 336 236 1932 335 236 1933 238 236 1934 237 237 1935 236 237 1936 337 237 1937 337 238 1938 336 238 1939 237 238 1940 236 239 1941 235 239 1942 312 239 1943 312 240 1944 337 240 1945 236 240 1946 338 107 1947 312 241 1948 313 242 1949 313 242 1950 339 108 1951 338 107 1952 339 108 1953 313 242 1954 314 243 1955 314 243 1956 340 156 1957 339 108 1958 340 156 1959 314 243 1960 315 244 1961 315 244 1962 341 154 1963 340 156 1964 341 154 1965 315 244 1966 316 245 1967 316 245 1968 342 152 1969 341 154 1970 342 152 1971 316 245 1972 317 246 1973 317 246 1974 343 150 1975 342 152 1976 343 150 1977 317 246 1978 318 247 1979 318 247 1980 344 148 1981 343 150 1982 344 148 1983 318 247 1984 319 248 1985 319 248 1986 345 146 1987 344 148 1988 345 146 1989 319 248 1990 320 249 1991 320 249 1992 346 144 1993 345 146 1994 346 144 1995 320 249 1996 321 250 1997 321 250 1998 347 142 1999 346 144 2000 347 142 2001 321 250 2002 322 251 2003 322 251 2004 348 140 2005 347 142 2006 348 140 2007 322 251 2008 323 252 2009 323 252 2010 349 138 2011 348 140 2012 349 138 2013 323 252 2014 324 253 2015 324 253 2016 350 136 2017 349 138 2018 350 136 2019 324 253 2020 325 254 2021 325 254 2022 351 134 2023 350 136 2024 351 134 2025 325 254 2026 326 255 2027 326 255 2028 352 132 2029 351 134 2030 352 132 2031 326 255 2032 327 256 2033 327 256 2034 353 130 2035 352 132 2036 353 130 2037 327 256 2038 328 257 2039 328 257 2040 354 128 2041 353 130 2042 354 128 2043 328 257 2044 329 258 2045 329 258 2046 355 126 2047 354 128 2048 355 126 2049 329 258 2050 330 259 2051 330 259 2052 356 124 2053 355 126 2054 356 124 2055 330 259 2056 331 260 2057 331 260 2058 357 122 2059 356 124 2060 357 122 2061 331 260 2062 332 261 2063 332 261 2064 358 120 2065 357 122 2066 358 120 2067 332 261 2068 333 262 2069 333 262 2070 359 118 2071 358 120 2072 359 118 2073 333 262 2074 334 263 2075 334 263 2076 360 116 2077 359 118 2078 360 116 2079 334 263 2080 335 264 2081 335 264 2082 361 114 2083 360 116 2084 361 114 2085 335 264 2086 336 265 2087 336 265 2088 362 112 2089 361 114 2090 362 112 2091 336 265 2092 337 266 2093 337 266 2094 363 110 2095 362 112 2096 363 110 2097 337 266 2098 312 241 2099 312 241 2100 338 107 2101 363 110 2102 364 107 2103 208 241 2104 209 267 2105 209 267 2106 365 108 2107 364 107 2108 365 108 2109 209 267 2110 210 243 2111 210 243 2112 366 156 2113 365 108 2114 366 156 2115 210 243 2116 211 244 2117 211 244 2118 367 154 2119 366 156 2120 367 154 2121 211 244 2122 212 245 2123 212 245 2124 368 152 2125 367 154 2126 368 152 2127 212 245 2128 213 246 2129 213 246 2130 369 150 2131 368 152 2132 369 150 2133 213 246 2134 214 247 2135 214 247 2136 370 148 2137 369 150 2138 370 148 2139 214 247 2140 215 248 2141 215 248 2142 371 146 2143 370 148 2144 371 146 2145 215 248 2146 216 249 2147 216 249 2148 372 157 2149 371 146 2150 372 157 2151 216 249 2152 217 250 2153 217 250 2154 373 142 2155 372 157 2156 373 142 2157 217 250 2158 218 251 2159 218 251 2160 374 140 2161 373 142 2162 374 140 2163 218 251 2164 219 268 2165 219 268 2166 375 138 2167 374 140 2168 375 138 2169 219 268 2170 220 253 2171 220 253 2172 376 136 2173 375 138 2174 376 136 2175 220 253 2176 221 269 2177 221 269 2178 377 134 2179 376 136 2180 377 134 2181 221 269 2182 222 270 2183 222 270 2184 378 132 2185 377 134 2186 378 132 2187 222 270 2188 223 271 2189 223 271 2190 379 158 2191 378 132 2192 379 158 2193 223 271 2194 224 257 2195 224 257 2196 380 128 2197 379 158 2198 380 128 2199 224 257 2200 225 272 2201 225 272 2202 381 126 2203 380 128 2204 381 126 2205 225 272 2206 226 273 2207 226 273 2208 382 124 2209 381 126 2210 382 124 2211 226 273 2212 227 260 2213 227 260 2214 383 122 2215 382 124 2216 383 122 2217 227 260 2218 228 261 2219 228 261 2220 384 120 2221 383 122 2222 384 120 2223 228 261 2224 229 262 2225 229 262 2226 385 118 2227 384 120 2228 385 118 2229 229 262 2230 230 263 2231 230 263 2232 386 116 2233 385 118 2234 386 116 2235 230 263 2236 231 274 2237 231 274 2238 387 159 2239 386 116 2240 387 159 2241 231 274 2242 232 265 2243 232 265 2244 388 112 2245 387 159 2246 388 112 2247 232 265 2248 233 266 2249 233 266 2250 389 110 2251 388 112 2252 389 110 2253 233 266 2254 208 241 2255 208 241 2256 364 107 2257 389 110 2258 159 60 2259 160 61 2260 161 62 2261 161 62 2262 162 63 2263 163 64 2264 163 64 2265 164 65 2266 167 68 2267 164 65 2268 165 66 2269 167 68 2270 165 66 2271 166 67 2272 167 68 2273 167 68 2274 168 69 2275 169 70 2276 169 70 2277 170 71 2278 171 72 2279 171 72 2280 172 73 2281 175 76 2282 172 73 2283 173 74 2284 175 76 2285 173 74 2286 174 75 2287 175 76 2288 175 76 2289 176 77 2290 177 78 2291 177 78 2292 178 79 2293 179 80 2294 179 80 2295 180 81 2296 157 57 2297 180 81 2298 181 82 2299 157 57 2300 181 82 2301 156 58 2302 157 57 2303 157 57 2304 158 59 2305 159 60 2306 159 60 2307 161 62 2308 157 57 2309 161 62 2310 163 64 2311 157 57 2312 167 68 2313 169 70 2314 171 72 2315 175 76 2316 177 78 2317 171 72 2318 177 78 2319 179 80 2320 171 72 2321 163 64 2322 167 68 2323 171 72 2324 179 80 2325 157 57 2326 163 64 2327</p>
        </triangles>
      </mesh>
    </geometry>
    <geometry id="Circle_007-mesh" name="Circle.007">
      <mesh>
        <source id="Circle_007-mesh-positions">
          <float_array id="Circle_007-mesh-positions-array" count="660">0 0.2251785 0 -0.02353751 0.223945 0 -0.04681724 0.2202579 0 -0.06958401 0.2141575 0 -0.09158837 0.2057109 0 -0.1125892 0.1950104 0 -0.1323566 0.1821733 0 -0.1506739 0.1673403 0 -0.1673403 0.1506739 0 -0.1821733 0.1323567 0 -0.1950104 0.1125892 0 -0.2057108 0.09158837 0 -0.2141575 0.06958401 0 -0.2202579 0.04681724 0 -0.223945 0.02353757 0 -0.2251785 0 0 -0.223945 -0.02353751 0 -0.2202579 -0.04681724 0 -0.2141575 -0.06958401 0 -0.2057108 -0.09158837 0 -0.1950104 -0.1125892 0 -0.1821733 -0.1323566 0 -0.1673403 -0.1506739 0 -0.1506739 -0.1673403 0 -0.1323566 -0.1821733 0 -0.1125892 -0.1950103 0 -0.09158831 -0.2057108 0 -0.06958401 -0.2141575 0 -0.04681724 -0.2202578 0 -0.02353757 -0.223945 0 0 -0.2251785 0 0.02353757 -0.223945 0 0.04681724 -0.2202578 0 0.06958401 -0.2141575 0 0.09158837 -0.2057108 0 0.1125892 -0.1950103 0 0.1323567 -0.1821733 0 0.1506739 -0.1673403 0 0.1673403 -0.1506738 0 0.1821733 -0.1323565 0 0.1950104 -0.1125892 0 0.2057108 -0.09158837 0 0.2141575 -0.06958401 0 0.2202579 -0.04681724 0 0.223945 -0.02353751 0 0.2251785 0 0 0.223945 0.02353751 0 0.2202579 0.04681718 0 0.2141575 0.06958401 0 0.2057108 0.09158837 0 0.1950104 0.1125892 0 0.1821733 0.1323566 0 0.1673402 0.1506739 0 0.1506739 0.1673403 0 0.1323567 0.1821733 0 0.1125893 0.1950104 0 0.09158831 0.2057109 0 0.06958401 0.2141575 0 0.04681724 0.2202579 0 0.02353757 0.223945 0 0 0.2199811 0.02504605 -0.02299427 0.2187761 0.02504605 -0.04573661 0.215174 0.02504605 -0.0679779 0.2092145 0.02504605 -0.08947438 0.2009628 0.02504605 -0.1099905 0.1905092 0.02504605 -0.1293016 0.1779685 0.02504605 -0.1471961 0.1634778 0.02504605 -0.1634778 0.1471961 0.02504605 -0.1779685 0.1293017 0.02504605 -0.1905092 0.1099905 0.02504605 -0.2009627 0.08947438 0.02504605 -0.2092145 0.0679779 0.02504605 -0.215174 0.04573667 0.02504605 -0.218776 0.02299427 0.02504605 -0.2199811 0 0.02504605 -0.218776 -0.02299427 0.02504605 -0.215174 -0.04573661 0.02504605 -0.2092145 -0.0679779 0.02504605 -0.2009627 -0.08947438 0.02504605 -0.1905092 -0.1099905 0.02504605 -0.1779685 -0.1293016 0.02504605 -0.1634778 -0.1471961 0.02504605 -0.1471961 -0.1634778 0.02504605 -0.1293016 -0.1779685 0.02504605 -0.1099905 -0.1905092 0.02504605 -0.08947432 -0.2009627 0.02504605 -0.0679779 -0.2092145 0.02504605 -0.04573661 -0.215174 0.02504605 -0.02299427 -0.218776 0.02504605 0 -0.2199811 0.02504605 0.02299427 -0.218776 0.02504605 0.04573667 -0.215174 0.02504605 0.0679779 -0.2092145 0.02504605 0.08947438 -0.2009627 0.02504605 0.1099905 -0.1905092 0.02504605 0.1293017 -0.1779685 0.02504605 0.1471961 -0.1634778 0.02504605 0.1634778 -0.1471961 0.02504605 0.1779685 -0.1293016 0.02504605 0.1905092 -0.1099905 0.02504605 0.2009627 -0.08947438 0.02504605 0.2092145 -0.0679779 0.02504605 0.215174 -0.04573667 0.02504605 0.218776 -0.02299422 0.02504605 0.2199811 0 0.02504605 0.218776 0.02299427 0.02504605 0.215174 0.04573661 0.02504605 0.2092145 0.0679779 0.02504605 0.2009627 0.08947438 0.02504605 0.1905092 0.1099905 0.02504605 0.1779685 0.1293016 0.02504605 0.1634778 0.1471961 0.02504605 0.1471961 0.1634778 0.02504605 0.1293017 0.1779685 0.02504605 0.1099906 0.1905092 0.02504605 0.08947432 0.2009628 0.02504605 0.0679779 0.2092145 0.02504605 0.04573667 0.215174 0.02504605 0.02299433 0.2187761 0.02504605 -0.02353751 0.223945 0.02504605 0 0.2251785 0.02504605 -0.04681724 0.2202579 0.02504605 -0.06958401 0.2141575 0.02504605 -0.09158837 0.2057109 0.02504605 -0.1125892 0.1950104 0.02504605 -0.1323566 0.1821733 0.02504605 -0.1506739 0.1673403 0.02504605 -0.1673403 0.1506739 0.02504605 -0.1821733 0.1323567 0.02504605 -0.1950104 0.1125892 0.02504605 -0.2057108 0.09158837 0.02504605 -0.2141575 0.06958401 0.02504605 -0.2202579 0.04681724 0.02504605 -0.223945 0.02353757 0.02504605 -0.2251785 0 0.02504605 -0.223945 -0.02353751 0.02504605 -0.2202579 -0.04681724 0.02504605 -0.2141575 -0.06958401 0.02504605 -0.2057108 -0.09158837 0.02504605 -0.1950104 -0.1125892 0.02504605 -0.1821733 -0.1323566 0.02504605 -0.1673403 -0.1506739 0.02504605 -0.1506739 -0.1673403 0.02504605 -0.1323566 -0.1821733 0.02504605 -0.1125892 -0.1950103 0.02504605 -0.09158831 -0.2057108 0.02504605 -0.06958401 -0.2141575 0.02504605 -0.04681724 -0.2202578 0.02504605 -0.02353757 -0.223945 0.02504605 0 -0.2251785 0.02504605 0.02353757 -0.223945 0.02504605 0.04681724 -0.2202578 0.02504605 0.06958401 -0.2141575 0.02504605 0.09158837 -0.2057108 0.02504605 0.1125892 -0.1950103 0.02504605 0.1323567 -0.1821733 0.02504605 0.1506739 -0.1673403 0.02504605 0.1673403 -0.1506738 0.02504605 0.1821733 -0.1323565 0.02504605 0.1950104 -0.1125892 0.02504605 0.2057108 -0.09158837 0.02504605 0.2141575 -0.06958401 0.02504605 0.2202579 -0.04681724 0.02504605 0.223945 -0.02353751 0.02504605 0.2251785 0 0.02504605 0.223945 0.02353751 0.02504605 0.2202579 0.04681718 0.02504605 0.2141575 0.06958401 0.02504605 0.2057108 0.09158837 0.02504605 0.1950104 0.1125892 0.02504605 0.1821733 0.1323566 0.02504605 0.1673402 0.1506739 0.02504605 0.1506739 0.1673403 0.02504605 0.1323567 0.1821733 0.02504605 0.1125893 0.1950104 0.02504605 0.09158831 0.2057109 0.02504605 0.06958401 0.2141575 0.02504605 0.04681724 0.2202579 0.02504605 0.02353757 0.223945 0.02504605 -0.1905092 0.06797766 0.02504605 0.1905092 0.06797778 0.02504605 -0.1905092 -0.04573684 0.02504605 0.1905092 -0.04573684 0.02504605 -0.1905092 0.04573643 0.02504605 0.1905092 0.04573643 0.02504605 -0.1905092 -0.02299439 0.02504605 0.1905092 -0.02299439 0.02504605 -0.2221014 -0.0351774 0 0.2221014 -0.0351774 0 -0.2221014 -0.0351774 0.02504605 0.2221014 -0.0351774 0.02504605 -0.216975 -0.03436541 0.02504605 0.216975 -0.03436541 0.02504605 -0.1905092 -0.03436559 0.02504605 0.1905092 -0.03436559 0.02504605 -0.2172077 0.05820059 0 0.2172077 0.05820059 0 -0.2172077 0.05820059 0.02504605 0.2172077 0.05820059 0.02504605 -0.2121942 0.05685728 0.02504605 0.2121942 0.05685728 0.02504605 0.1905092 0.0568571 0.02504605 -0.1905092 0.05685704 0.02504605 0.2187328 0.05250889 0 0.2187328 0.05250889 0.02504605 0.2136841 0.05129694 0.02504605 -0.1905092 0.05129671 0.02504605 -0.2187328 0.05250895 0 -0.2187328 0.05250895 0.02504605 -0.2136841 0.05129694 0.02504605 0.1905092 0.05129677 0.02504605 -0.2230232 -0.02935749 0 -0.2230232 -0.02935749 0.02504605 -0.2178755 -0.02867984 0.02504605 0.1905092 -0.02867996 0.02504605 0.2230232 -0.02935743 0 0.2230232 -0.02935743 0.02504605 0.2178755 -0.02867984 0.02504605 -0.1905092 -0.02868002 0.02504605</float_array>
          <technique_common>
            <accessor source="#Circle_007-mesh-positions-array" count="220" stride="3">
              <param name="X" type="float"/>
              <param name="Y" type="float"/>
              <param name="Z" type="float"/>
            </accessor>
          </technique_common>
        </source>
        <source id="Circle_007-mesh-normals">
          <float_array id="Circle_007-mesh-normals-array" count="639">0.5446395 0.8386703 0 -0.1564353 -0.9876883 0 -0.2588201 0.9659256 0 0.4539899 0.8910068 0 -0.05233699 -0.9986296 0 -0.3583676 0.9335807 0 0.3583678 0.9335805 0 0.05233705 -0.9986295 0 -0.4539915 0.8910061 0 0.2588185 0.9659261 0 0.1564351 -0.9876883 0 -0.5446391 0.8386706 0 0.1564354 0.9876882 0 0.2588173 -0.9659264 0 -0.6293197 0.7771465 0 0.05233502 0.9986296 0 0.3583695 -0.9335799 0 -0.707106 0.7071076 0 0.4539908 -0.8910064 0 -0.7771463 0.6293199 0 0.544638 -0.8386713 0 -0.8386704 0.5446393 0 0.6293209 -0.7771457 0 -0.8910067 0.4539901 0 0.7071064 -0.7071073 0 -0.9335802 0.3583686 0 0.7771471 -0.629319 0 -0.9659259 0.2588189 0 0.8386695 -0.5446407 0 -0.9876882 0.1564356 0 0.8910067 -0.4539902 0 -0.9986296 0.05233609 0 0.9335808 -0.3583673 0 -0.9986295 -0.05233609 0 0.9659255 -0.2588206 0 -0.987688 -0.1564372 0 0.9876885 -0.1564336 0 -0.9659255 -0.2588203 0 0.9986296 -0.05233615 0 -0.9335808 -0.3583669 0 0.9986296 0.05233615 0 -0.8910067 -0.4539901 0 0.9876882 0.1564358 0 -0.8386704 -0.5446395 0 0.9659245 0.258824 0 -0.7771465 -0.6293199 0 0.9335808 0.3583674 0 -0.7071069 -0.7071067 0 0.8910067 0.4539905 0 -0.6293197 -0.7771465 0 0.8386706 0.5446391 0 -0.5446395 -0.8386703 0 0.7771461 0.6293203 0 -0.4539909 -0.8910064 0 0.7071073 0.7071063 0 -0.3583683 -0.9335803 0 -0.05233514 0.9986296 0 0.6293202 0.7771463 0 -0.258818 -0.9659261 0 -0.1564333 0.9876886 0 0 0 -1 0 0 1 2.13082e-7 0 1 2.43524e-7 0 1 0 0 1 -9.74092e-7 0 1 -9.74094e-7 0 1 3.65285e-7 0 1 -3.65285e-7 0 1 0 0 1 -1.21762e-7 0 1 -4.87047e-7 0 1 -2.43522e-7 0 1 2.43523e-7 0 1 0 0 1 -2.43523e-7 0 1 -4.87048e-7 0 1 -2.43522e-7 0 1 -3.04404e-7 0 1 9.74093e-7 0 1 3.65285e-7 0 1 9.74087e-7 0 1 -2.43523e-7 0 1 1.21762e-7 0 1 4.87045e-7 0 1 1.21761e-7 0 1 -2.43524e-7 0 1 -2.43524e-7 0 1 0 0 1 0 0 1 -1.84072e-7 0 1 -1.44818e-7 0 1 0 0 1 2.89519e-7 0 1 0 0 1 -1.56302e-7 0 1 0 0 1 -1.19843e-7 0 1 0 0 1 1.65036e-7 0 1 0 0 1 3.65283e-7 0 1 -2.43523e-7 0 1 0.987689 -0.1564305 0 -0.9876889 -0.156431 0 0 0 1 0 0 1 4.87044e-7 0 1 -7.3057e-7 0 1 0.9659253 0.2588211 0 -0.9659275 0.258813 0 -0.9659259 0.2588188 0 2.43522e-7 0 1 0 0 1 0 0 1 0.9659262 0.258818 0 0.9876881 -0.1564367 0 -1.21762e-7 0 1 0 0 1 0 0 1 -0.987688 -0.1564372 0 0.358368 0.9335804 0 -0.4539912 0.8910062 0 0.156435 -0.9876883 0 -0.5446388 0.8386707 0 0.1564354 0.9876883 0 0.2588172 -0.9659263 0 0.05233502 0.9986296 0 -0.7071073 0.7071064 0 0.5446377 -0.8386715 0 -0.8386712 0.5446382 0 0.7071076 -0.7071061 0 -0.9335798 0.35837 0 -0.9659267 0.258816 0 0.8386703 -0.5446397 0 -0.9876887 0.1564325 0 -0.9986295 0.05233609 0 -0.9986296 -0.05233609 0 0.987689 -0.1564305 0 0.9986295 -0.05233615 0 0.9986295 0.05233615 0 0.9876887 0.1564327 0 -0.8386697 -0.5446406 0 0.9659262 0.2588182 0 -0.7771471 -0.629319 0 -0.7071065 -0.7071071 0 -0.629319 -0.7771471 0 0.8386698 0.5446402 0 -0.5446391 -0.8386706 0 0.7771469 0.6293193 0 -0.358368 -0.9335804 0 -0.05233514 0.9986296 0 -0.2588178 -0.9659262 0 -2.62583e-7 0 1 -7.02776e-7 0 1 -1.05029e-6 0 1 0 0 1 -1.05031e-6 0 1 2.64745e-7 0 1 0 0 1 2.37903e-7 0 1 -3.56853e-7 0 1 0 0 1 5.94755e-7 0 1 0 0 1 -4.75804e-7 0 1 -9.51608e-7 0 1 6.54231e-7 0 1 -2.37902e-7 0 1 9.51609e-7 0 1 2.37902e-7 0 1 0 0 1 -2.37901e-7 0 1 0 0 1 2.37902e-7 0 1 7.13707e-7 0 1 -2.97377e-7 0 1 0 0 1 2.37902e-7 0 1 0 0 1 2.97378e-7 0 1 2.37901e-7 0 1 2.37903e-7 0 1 2.37901e-7 0 1 0 0 1 0 0 1 1.05029e-6 0 1 7.06638e-7 0 1 -3.53319e-7 0 1 1.05031e-6 0 1 -1.05028e-6 0 1 0 0 1 0 0 1 1.73321e-7 0 1 0 0 1 0 0 1 0 0 1 0 0 1 0 0 1 0 0 1 -1.19843e-7 0 1 0 0 1 -9.51606e-7 0 1 0.9876881 -0.1564366 0 -0.9876884 -0.1564341 0 1.55824e-7 0 1 -2.41373e-7 0 1 -0.9659243 0.2588247 0 0 0 1 -2.37902e-7 0 1 -1.31851e-7 0 1 0 0 1 -0.9876889 -0.156431 0</float_array>
          <technique_common>
            <accessor source="#Circle_007-mesh-normals-array" count="213" stride="3">
              <param name="X" type="float"/>
              <param name="Y" type="float"/>
              <param name="Z" type="float"/>
            </accessor>
          </technique_common>
        </source>
        <source id="Circle_007-mesh-map-0">
          <float_array id="Circle_007-mesh-map-0-array" count="2616">0 0 0 0 0 0 0 0 0 0 0 0 0 0 0 0 0 0 0 0 0 0 0 0 0 0 0 0 0 0 0 0 0 0 0 0 0 0 0 0 0 0 0 0 0 0 0 0 0 0 0 0 0 0 0 0 0 0 0 0 0 0 0 0 0 0 0 0 0 0 0 0 0 0 0 0 0 0 0 0 0 0 0 0 0 0 0 0 0 0 0 0 0 0 0 0 0 0 0 0 0 0 0 0 0 0 0 0 0 0 0 0 0 0 0 0 0 0 0 0 0 0 0 0 0 0 0 0 0 0 0 0 0 0 0 0 0 0 0 0 0 0 0 0 0 0 0 0 0 0 0 0 0 0 0 0 0 0 0 0 0 0 0 0 0 0 0 0 0 0 0 0 0 0 0 0 0 0 0 0 0 0 0 0 0 0 0 0 0 0 0 0 0 0 0 0 0 0 0 0 0 0 0 0 0 0 0 0 0 0 0 0 0 0 0 0 0 0 0 0 0 0 0 0 0 0 0 0 0 0 0 0 0 0 0 0 0 0 0 0 0 0 0 0 0 0 0 0 0 0 0 0 0 0 0 0 0 0 0 0 0 0 0 0 0 0 0 0 0 0 0 0 0 0 0 0 0 0 0 0 0 0 0 0 0 0 0 0 0 0 0 0 0 0 0 0 0 0 0 0 0 0 0 0 0 0 0 0 0 0 0 0 0 0 0 0 0 0 0 0 0 0 0 0 0 0 0 0 0 0 0 0 0 0 0 0 0 0 0 0 0 0 0 0 0 0 0 0 0 0 0 0 0 0 0 0 0 0 0 0 0 0 0 0 0 0 0.7455292 0.8270574 0.8589773 0.6976014 0.3751183 0.8908417 0.5034306 0.9191598 0.5465345 0.9065307 0.5032989 0.9093802 0.5476878 0.9162431 0.589235 0.8991777 0.5465345 0.9065307 0.589235 0.8991777 0.6340804 0.896662 0.6309332 0.8874017 0.6340804 0.896662 0.6711721 0.8713313 0.6309332 0.8874017 0.6711721 0.8713313 0.7145147 0.8595463 0.7095111 0.8511427 0.7095111 0.8511427 0.7513839 0.834892 0.7455292 0.8270574 0.7513839 0.834892 0.7788333 0.7993387 0.7455292 0.8270574 0.7854749 0.8065181 0.8090568 0.7682911 0.7788333 0.7993387 0.8164123 0.7747372 0.8358699 0.7342537 0.8090568 0.7682911 0.8438591 0.7398952 0.8589773 0.6976014 0.8358699 0.7342537 0.8589773 0.6976014 0.8871148 0.6625915 0.8781272 0.6587339 0.8871148 0.6625915 0.8931096 0.6180776 0.8781272 0.6587339 0.910628 0.5887302 0.9037604 0.5760774 0.9010977 0.5865774 0.9037604 0.5760774 0.9197022 0.5340859 0.9099625 0.5331944 0.9197022 0.5340859 0.911648 0.4898977 0.9099625 0.5331944 0.911648 0.4898977 0.9185109 0.4455094 0.9087988 0.4466624 0.9147475 0.4236546 0.9014457 0.4039617 0.9051222 0.4253121 0.9014457 0.4039617 0.8989297 0.3591164 0.8896695 0.3622636 0.8989297 0.3591164 0.8735994 0.322025 0.8896695 0.3622636 0.8824798 0.3179271 0.853411 0.2836865 0.8735994 0.322025 0.853411 0.2836865 0.8371602 0.2418137 0.8293256 0.2476682 0.8371602 0.2418137 0.801607 0.2143642 0.8293256 0.2476682 0.8087865 0.2077225 0.77056 0.1841412 0.801607 0.2143642 0.77056 0.1841412 0.7421649 0.149339 0.7365232 0.1573281 0.7421649 0.149339 0.6998701 0.1342201 0.7365232 0.1573281 0.704646 0.125685 0.6610019 0.1150696 0.6998701 0.1342201 0.6648594 0.1060821 0.6203456 0.1000872 0.6610019 0.1150696 0.6203456 0.1000872 0.5802498 0.07984334 0.5783451 0.08943647 0.5802498 0.07984334 0.5354619 0.08323431 0.5783451 0.08943647 0.5363532 0.07349461 0.4921656 0.08154863 0.5354619 0.08323431 0.4921656 0.08154863 0.4477778 0.07468575 0.4489307 0.08439797 0.4489307 0.08439797 0.4040676 0.08221262 0.4062296 0.09175109 0.4040676 0.08221262 0.3645304 0.1035276 0.4062296 0.09175109 0.3645304 0.1035276 0.3201943 0.1107172 0.3242921 0.1195977 0.3242921 0.1195977 0.28095 0.1313827 0.2859537 0.1397861 0.28095 0.1313827 0.2499355 0.1638713 0.2859537 0.1397861 0.2499355 0.1638713 0.2099912 0.1844093 0.2166325 0.1915891 0.2166325 0.1915891 0.1790525 0.2161915 0.1864082 0.2226375 0.1864082 0.2226375 0.1516061 0.2510328 0.1595952 0.2566746 0.1516061 0.2510328 0.1364871 0.2933277 0.1595952 0.2566746 0.1364871 0.2933277 0.1083497 0.3283374 0.1173371 0.3321949 0.1173371 0.3321949 0.09301334 0.3699544 0.1023548 0.3728512 0.09301334 0.3699544 0.09170436 0.4148498 0.1023548 0.3728512 0.0773496 0.4458683 0.08550208 0.4577341 0.08705264 0.447013 0.07576239 0.4568428 0.08381634 0.5010308 0.08550208 0.4577341 0.08381634 0.5010308 0.07695353 0.5454195 0.08666574 0.5442666 0.07695353 0.5454195 0.09401899 0.5869684 0.08666574 0.5442666 0.09050774 0.6104719 0.1057952 0.6286662 0.0999071 0.6078173 0.09653496 0.6318133 0.1218655 0.6689048 0.1057952 0.6286662 0.1218655 0.6689048 0.1336501 0.7122467 0.1420537 0.707243 0.1420537 0.707243 0.1583048 0.7491163 0.1661392 0.7432614 0.1583048 0.7491163 0.1938577 0.7765653 0.1661392 0.7432614 0.1866782 0.7832068 0.2249059 0.8067894 0.1938577 0.7765653 0.2184602 0.8141452 0.258942 0.8336012 0.2249059 0.8067894 0.2533001 0.8415904 0.2955948 0.8567093 0.258942 0.8336012 0.2955948 0.8567093 0.3306048 0.8848468 0.3344622 0.8758591 0.3306048 0.8848468 0.3751183 0.8908417 0.3344622 0.8758591 0.3751183 0.8908417 0.4152147 0.9110859 0.417119 0.9014926 0.4152147 0.9110859 0.4600016 0.9076949 0.417119 0.9014926 0.4600016 0.9076949 0.5034306 0.9191598 0.5032989 0.9093802 0.8553246 0.4259819 0.1385447 0.4463213 0.8554685 0.4366798 0.8589773 0.6976014 0.1409906 0.6281921 0.1420537 0.707243 0.6998701 0.1342201 0.5354619 0.08323431 0.2166325 0.1915891 0.8550369 0.4045858 0.8896695 0.3622636 0.8735994 0.322025 0.1023548 0.3728512 0.09170436 0.4148498 0.1381131 0.4142271 0.1218655 0.6689048 0.1409906 0.6281921 0.1057952 0.6286662 0.8573514 0.5767014 0.1405684 0.5968051 0.8574921 0.5871636 0.8579142 0.6185503 0.8781272 0.6587339 0.8931096 0.6180776 0.08705264 0.447013 0.1386886 0.4570192 0.1385447 0.4463213 0.8550369 0.4045858 0.1364871 0.2933277 0.1381131 0.4142271 0.8556123 0.4473778 0.9069605 0.4359872 0.8554685 0.4366798 0.1057952 0.6286662 0.1407092 0.6072674 0.0999071 0.6078173 0.8573514 0.5767014 0.1386886 0.4570192 0.1404278 0.5863428 0.8576328 0.5976259 0.8931096 0.6180776 0.898435 0.5970775 0.1404278 0.5863428 0.1386886 0.4570192 0.08666574 0.5442666 0.8550369 0.4045858 0.1384008 0.4356231 0.8553246 0.4259819 0.9099625 0.5331944 0.911648 0.4898977 0.8556123 0.4473778 0.8553246 0.4259819 0.9014457 0.4039617 0.8550369 0.4045858 0.09170436 0.4148498 0.1384008 0.4356231 0.1381131 0.4142271 0.09170436 0.4148498 0.07893681 0.4348939 0.08860319 0.4362919 0.9069605 0.4359872 0.9147475 0.4236546 0.9051222 0.4253121 0 0 0 0 0 0 0 0 0 0 0 0 0 0 0 0 0 0 0 0 0 0 0 0 0.8574921 0.5871636 0.898435 0.5970775 0.9010977 0.5865774 0.0999071 0.6078173 0.1405684 0.5968051 0.09696304 0.5973929 0.8576328 0.5976259 0.1409906 0.6281921 0.8579142 0.6185503 0.09696304 0.5973929 0.09050774 0.6104719 0.0999071 0.6078173 0.8931096 0.6180776 0.9079024 0.5994783 0.898435 0.5970775 0 0 0 0 0 0 0 0 0 0 0 0 0 0 0 0 0 0 0.09401899 0.5869684 0.08749413 0.5998012 0.09696304 0.5973929 0.09696304 0.5973929 0.1404278 0.5863428 0.09401899 0.5869684 0.8573514 0.5767014 0.9010977 0.5865774 0.9037604 0.5760774 0 0 0 0 0 0 0.8574921 0.5871636 0.1407092 0.6072674 0.8576328 0.5976259 0.9079024 0.5994783 0.9010977 0.5865774 0.898435 0.5970775 0 0 0 0 0 0 0 0 0 0 0 0 0 0 0 0 0 0 0.9087988 0.4466624 0.9166292 0.434582 0.9069605 0.4359872 0.8554685 0.4366798 0.9051222 0.4253121 0.8553246 0.4259819 0.08860319 0.4362919 0.1385447 0.4463213 0.1384008 0.4356231 0.8554685 0.4366798 0.1386886 0.4570192 0.8556123 0.4473778 0.07893681 0.4348939 0.08705264 0.447013 0.08860319 0.4362919 0 0 0 0 0 0 0 0 0 0 0 0 0 0 0 0 0 0 0 0 0 0 0 0 0 0 0 0 0 0 0 0 0 0 0 0 0 0 0 0 0 0 0 0 0 0 0 0 0 0 0 0 0 0 0 0 0 0 0 0 0 0 0 0 0 0 0 0 0 0 0 0 0 0 0 0 0 0 0 0 0 0 0 0 0 0 0 0 0 0 0 0 0 0 0 0 0 0 0 0 0 0 0 0 0 0 0 0 0 0 0 0 0 0 0 0 0 0 0 0 0 0 0 0 0 0 0 0 0 0 0 0 0 0 0 0 0 0 0 0 0 0 0 0 0 0 0 0 0 0 0 0 0 0 0 0 0 0 0 0 0 0 0 0 0 0 0 0 0 0 0 0 0 0 0 0 0 0 0 0 0 0 0 0 0 0 0 0 0 0 0 0 0 0 0 0 0 0 0 0 0 0 0 0 0 0 0 0 0 0 0 0 0 0 0 0 0 0 0 0 0 0 0 0 0 0 0 0 0 0 0 0 0 0 0 0 0 0 0 0 0 0 0 0 0 0 0 0 0 0 0 0 0 0 0 0 0 0 0 0 0 0 0 0 0 0 0 0 0 0 0 0 0 0 0 0 0 0 0 0 0 0 0 0 0 0 0 0 0 0 0 0 0 0 0 0 0 0 0 0 0 0 0 0 0 0 0 0 0 0 0 0 0 0 0 0 0 0 0 0 0 0 0 0 0 0 0 0 0 0 0 0 0 0 0 0 0 0 0 0 0 0 0 0 0 0 0 0 0 0 0 0 0 0 0 0 0 0 0 0 0 0 0 0 0 0 0 0 0 0 0 0 0 0 0 0 0 0 0 0 0 0 0 0 0 0 0 0 0 0 0 0 0 0 0 0 0 0 0 0 0 0 0 0 0 0 0 0 0 0 0 0 0 0 0 0 0 0 0 0 0 0 0 0 0 0 0 0 0 0 0 0 0 0 0 0 0 0 0 0 0 0 0 0 0 0 0 0 0 0 0 0 0 0 0 0 0 0 0 0 0 0 0 0 0 0 0 0 0 0 0 0 0 0 0 0 0 0 0 0 0 0 0 0 0 0 0 0 0 0 0 0 0 0 0 0 0 0 0 0 0 0 0 0 0 0 0 0 0 0 0 0 0 0 0 0 0 0 0 0 0 0 0.5032989 0.9093802 0.5465345 0.9065307 0.589235 0.8991777 0.589235 0.8991777 0.6309332 0.8874017 0.6711721 0.8713313 0.6711721 0.8713313 0.7095111 0.8511427 0.589235 0.8991777 0.7095111 0.8511427 0.7455292 0.8270574 0.589235 0.8991777 0.7455292 0.8270574 0.7788333 0.7993387 0.8090568 0.7682911 0.8090568 0.7682911 0.8358699 0.7342537 0.8589773 0.6976014 0.8589773 0.6976014 0.1420537 0.707243 0.1661392 0.7432614 0.1661392 0.7432614 0.1938577 0.7765653 0.2249059 0.8067894 0.2249059 0.8067894 0.258942 0.8336012 0.3751183 0.8908417 0.258942 0.8336012 0.2955948 0.8567093 0.3751183 0.8908417 0.2955948 0.8567093 0.3344622 0.8758591 0.3751183 0.8908417 0.3751183 0.8908417 0.417119 0.9014926 0.4600016 0.9076949 0.4600016 0.9076949 0.5032989 0.9093802 0.3751183 0.8908417 0.5032989 0.9093802 0.589235 0.8991777 0.3751183 0.8908417 0.7455292 0.8270574 0.8090568 0.7682911 0.8589773 0.6976014 0.8589773 0.6976014 0.1661392 0.7432614 0.3751183 0.8908417 0.1661392 0.7432614 0.2249059 0.8067894 0.3751183 0.8908417 0.589235 0.8991777 0.7455292 0.8270574 0.3751183 0.8908417 0.5034306 0.9191598 0.5476878 0.9162431 0.5465345 0.9065307 0.5476878 0.9162431 0.5913969 0.9087164 0.589235 0.8991777 0.589235 0.8991777 0.5913969 0.9087164 0.6340804 0.896662 0.6340804 0.896662 0.6752699 0.8802119 0.6711721 0.8713313 0.6711721 0.8713313 0.6752699 0.8802119 0.7145147 0.8595463 0.7095111 0.8511427 0.7145147 0.8595463 0.7513839 0.834892 0.7513839 0.834892 0.7854749 0.8065181 0.7788333 0.7993387 0.7854749 0.8065181 0.8164123 0.7747372 0.8090568 0.7682911 0.8164123 0.7747372 0.8438591 0.7398952 0.8358699 0.7342537 0.8438591 0.7398952 0.8675124 0.7023773 0.8589773 0.6976014 0.8589773 0.6976014 0.8675124 0.7023773 0.8871148 0.6625915 0.8871148 0.6625915 0.9024512 0.6209746 0.8931096 0.6180776 0.910628 0.5887302 0.9133536 0.577982 0.9037604 0.5760774 0.9037604 0.5760774 0.9133536 0.577982 0.9197022 0.5340859 0.9197022 0.5340859 0.9214276 0.4897661 0.911648 0.4898977 0.911648 0.4898977 0.9214276 0.4897661 0.9185109 0.4455094 0.9147475 0.4236546 0.9109841 0.4017999 0.9014457 0.4039617 0.9014457 0.4039617 0.9109841 0.4017999 0.8989297 0.3591164 0.8989297 0.3591164 0.8824798 0.3179271 0.8735994 0.322025 0.8824798 0.3179271 0.8618145 0.2786829 0.853411 0.2836865 0.853411 0.2836865 0.8618145 0.2786829 0.8371602 0.2418137 0.8371602 0.2418137 0.8087865 0.2077225 0.801607 0.2143642 0.8087865 0.2077225 0.7770065 0.1767858 0.77056 0.1841412 0.77056 0.1841412 0.7770065 0.1767858 0.7421649 0.149339 0.7421649 0.149339 0.704646 0.125685 0.6998701 0.1342201 0.704646 0.125685 0.6648594 0.1060821 0.6610019 0.1150696 0.6648594 0.1060821 0.6232426 0.0907458 0.6203456 0.1000872 0.6203456 0.1000872 0.6232426 0.0907458 0.5802498 0.07984334 0.5802498 0.07984334 0.5363532 0.07349461 0.5354619 0.08323431 0.5363532 0.07349461 0.492034 0.07176911 0.4921656 0.08154863 0.4921656 0.08154863 0.492034 0.07176911 0.4477778 0.07468575 0.4489307 0.08439797 0.4477778 0.07468575 0.4040676 0.08221262 0.4040676 0.08221262 0.3613831 0.09426736 0.3645304 0.1035276 0.3645304 0.1035276 0.3613831 0.09426736 0.3201943 0.1107172 0.3242921 0.1195977 0.3201943 0.1107172 0.28095 0.1313827 0.28095 0.1313827 0.2440809 0.1560368 0.2499355 0.1638713 0.2499355 0.1638713 0.2440809 0.1560368 0.2099912 0.1844093 0.2166325 0.1915891 0.2099912 0.1844093 0.1790525 0.2161915 0.1864082 0.2226375 0.1790525 0.2161915 0.1516061 0.2510328 0.1516061 0.2510328 0.127952 0.2885519 0.1364871 0.2933277 0.1364871 0.2933277 0.127952 0.2885519 0.1083497 0.3283374 0.1173371 0.3321949 0.1083497 0.3283374 0.09301334 0.3699544 0.09301334 0.3699544 0.08211129 0.4129449 0.09170436 0.4148498 0.0773496 0.4458683 0.07576239 0.4568428 0.08550208 0.4577341 0.07576239 0.4568428 0.07403683 0.5011624 0.08381634 0.5010308 0.08381634 0.5010308 0.07403683 0.5011624 0.07695353 0.5454195 0.07695353 0.5454195 0.08448058 0.5891305 0.09401899 0.5869684 0.09050774 0.6104719 0.09653496 0.6318133 0.1057952 0.6286662 0.09653496 0.6318133 0.112985 0.6730028 0.1218655 0.6689048 0.1218655 0.6689048 0.112985 0.6730028 0.1336501 0.7122467 0.1420537 0.707243 0.1336501 0.7122467 0.1583048 0.7491163 0.1583048 0.7491163 0.1866782 0.7832068 0.1938577 0.7765653 0.1866782 0.7832068 0.2184602 0.8141452 0.2249059 0.8067894 0.2184602 0.8141452 0.2533001 0.8415904 0.258942 0.8336012 0.2533001 0.8415904 0.290819 0.8652443 0.2955948 0.8567093 0.2955948 0.8567093 0.290819 0.8652443 0.3306048 0.8848468 0.3306048 0.8848468 0.3722212 0.9001832 0.3751183 0.8908417 0.3751183 0.8908417 0.3722212 0.9001832 0.4152147 0.9110859 0.4152147 0.9110859 0.4591101 0.9174343 0.4600016 0.9076949 0.4600016 0.9076949 0.4591101 0.9174343 0.5034306 0.9191598 0.8553246 0.4259819 0.1384008 0.4356231 0.1385447 0.4463213 0.8589773 0.6976014 0.8579142 0.6185503 0.1409906 0.6281921 0.1364871 0.2933277 0.853411 0.2836865 0.8293256 0.2476682 0.8293256 0.2476682 0.801607 0.2143642 0.77056 0.1841412 0.77056 0.1841412 0.7365232 0.1573281 0.8293256 0.2476682 0.7365232 0.1573281 0.6998701 0.1342201 0.8293256 0.2476682 0.6998701 0.1342201 0.6610019 0.1150696 0.6203456 0.1000872 0.6203456 0.1000872 0.5783451 0.08943647 0.6998701 0.1342201 0.5783451 0.08943647 0.5354619 0.08323431 0.6998701 0.1342201 0.5354619 0.08323431 0.4921656 0.08154863 0.4489307 0.08439797 0.4489307 0.08439797 0.4062296 0.09175109 0.5354619 0.08323431 0.4062296 0.09175109 0.3645304 0.1035276 0.5354619 0.08323431 0.3645304 0.1035276 0.3242921 0.1195977 0.2859537 0.1397861 0.2859537 0.1397861 0.2499355 0.1638713 0.2166325 0.1915891 0.2166325 0.1915891 0.1864082 0.2226375 0.1595952 0.2566746 0.1595952 0.2566746 0.1364871 0.2933277 0.8293256 0.2476682 0.3645304 0.1035276 0.2859537 0.1397861 0.5354619 0.08323431 0.2859537 0.1397861 0.2166325 0.1915891 0.5354619 0.08323431 0.2166325 0.1915891 0.1595952 0.2566746 0.8293256 0.2476682 0.8293256 0.2476682 0.6998701 0.1342201 0.2166325 0.1915891 0.8735994 0.322025 0.853411 0.2836865 0.8550369 0.4045858 0.8550369 0.4045858 0.9014457 0.4039617 0.8896695 0.3622636 0.1381131 0.4142271 0.1364871 0.2933277 0.1173371 0.3321949 0.1173371 0.3321949 0.1023548 0.3728512 0.1381131 0.4142271 0.1218655 0.6689048 0.1420537 0.707243 0.1409906 0.6281921 0.8573514 0.5767014 0.1404278 0.5863428 0.1405684 0.5968051 0.8579142 0.6185503 0.8589773 0.6976014 0.8781272 0.6587339 0.08705264 0.447013 0.08550208 0.4577341 0.1386886 0.4570192 0.8550369 0.4045858 0.853411 0.2836865 0.1364871 0.2933277 0.8556123 0.4473778 0.9087988 0.4466624 0.9069605 0.4359872 0.1057952 0.6286662 0.1409906 0.6281921 0.1407092 0.6072674 0.8573514 0.5767014 0.8556123 0.4473778 0.1386886 0.4570192 0.8576328 0.5976259 0.8579142 0.6185503 0.8931096 0.6180776 0.1386886 0.4570192 0.08550208 0.4577341 0.08381634 0.5010308 0.08381634 0.5010308 0.08666574 0.5442666 0.1386886 0.4570192 0.08666574 0.5442666 0.09401899 0.5869684 0.1404278 0.5863428 0.8550369 0.4045858 0.1381131 0.4142271 0.1384008 0.4356231 0.9087988 0.4466624 0.8556123 0.4473778 0.911648 0.4898977 0.8556123 0.4473778 0.8573514 0.5767014 0.9099625 0.5331944 0.8573514 0.5767014 0.9037604 0.5760774 0.9099625 0.5331944 0.8553246 0.4259819 0.9051222 0.4253121 0.9014457 0.4039617 0.09170436 0.4148498 0.08860319 0.4362919 0.1384008 0.4356231 0.09170436 0.4148498 0.08211129 0.4129449 0.07893681 0.4348939 0.9069605 0.4359872 0.9166292 0.434582 0.9147475 0.4236546 0 0 0 0 0 0 0 0 0 0 0 0 0 0 0 0 0 0 0 0 0 0 0 0 0 0 0 0 0 0 0 0 0 0 0 0 0 0 0 0 0 0 0 0 0 0 0 0 0 0 0 0 0 0 0 0 0 0 0 0 0 0 0 0 0 0 0 0 0 0 0 0 0 0 0 0 0 0 0 0 0 0 0 0 0 0 0 0 0 0 0 0 0 0 0 0 0 0 0 0 0 0 0 0 0 0 0 0 0 0 0 0 0 0 0 0 0 0 0 0 0 0 0 0 0 0 0 0 0 0 0 0 0 0 0 0 0 0 0 0 0 0 0 0 0 0 0 0 0 0 0 0 0 0 0 0 0 0 0 0 0 0 0.8574921 0.5871636 0.8576328 0.5976259 0.898435 0.5970775 0.0999071 0.6078173 0.1407092 0.6072674 0.1405684 0.5968051 0.8576328 0.5976259 0.1407092 0.6072674 0.1409906 0.6281921 0.09696304 0.5973929 0.08749413 0.5998012 0.09050774 0.6104719 0.8931096 0.6180776 0.9024512 0.6209746 0.9079024 0.5994783 0 0 0 0 0 0 0 0 0 0 0 0 0 0 0 0 0 0 0.09401899 0.5869684 0.08448058 0.5891305 0.08749413 0.5998012 0.09696304 0.5973929 0.1405684 0.5968051 0.1404278 0.5863428 0.8573514 0.5767014 0.8574921 0.5871636 0.9010977 0.5865774 0 0 0 0 0 0 0.8574921 0.5871636 0.1405684 0.5968051 0.1407092 0.6072674 0.9079024 0.5994783 0.910628 0.5887302 0.9010977 0.5865774 0 0 0 0 0 0 0 0 0 0 0 0 0 0 0 0 0 0 0 0 0 0 0 0 0 0 0 0 0 0 0 0 0 0 0 0 0 0 0 0 0 0 0 0 0 0 0 0 0 0 0 0 0 0 0 0 0 0 0 0 0 0 0 0 0 0 0.9087988 0.4466624 0.9185109 0.4455094 0.9166292 0.434582 0.8554685 0.4366798 0.9069605 0.4359872 0.9051222 0.4253121 0.08860319 0.4362919 0.08705264 0.447013 0.1385447 0.4463213 0.8554685 0.4366798 0.1385447 0.4463213 0.1386886 0.4570192 0.07893681 0.4348939 0.0773496 0.4458683 0.08705264 0.447013 0 0 0 0 0 0</float_array>
          <technique_common>
            <accessor source="#Circle_007-mesh-map-0-array" count="1308" stride="2">
              <param name="S" type="float"/>
              <param name="T" type="float"/>
            </accessor>
          </technique_common>
        </source>
        <vertices id="Circle_007-mesh-vertices">
          <input semantic="POSITION" source="#Circle_007-mesh-positions"/>
        </vertices>
        <triangles material="kırmızı-material" count="92">
          <input semantic="VERTEX" source="#Circle_007-mesh-vertices" offset="0"/>
          <input semantic="NORMAL" source="#Circle_007-mesh-normals" offset="1"/>
          <input semantic="TEXCOORD" source="#Circle_007-mesh-map-0" offset="2" set="0"/>
          <p>66 61 183 70 61 184 117 61 185 194 88 366 215 88 367 219 88 368 70 61 369 181 61 370 110 61 371 85 89 372 89 89 373 97 89 374 182 61 375 78 61 376 79 61 377 102 90 378 103 90 379 183 90 380 109 91 381 181 91 382 108 91 383 180 93 387 71 93 388 72 93 389 218 61 390 187 61 391 215 61 392 182 61 393 100 61 394 183 61 395 186 94 396 214 94 397 219 94 398 108 95 399 202 95 400 201 95 401 203 61 405 72 61 406 200 61 407 185 97 408 187 97 409 106 97 410 182 98 411 195 98 412 194 98 413 74 99 414 75 99 415 186 99 416 194 100 417 77 100 418 182 100 419 103 61 420 195 61 421 183 61 422 207 61 441 200 61 442 210 61 443 201 105 444 211 105 445 206 105 446 203 106 447 181 106 448 180 106 449 206 113 468 185 113 469 107 113 470 184 61 471 210 61 472 73 61 473 207 114 477 202 114 478 203 114 479 219 118 495 192 118 496 194 118 497 193 61 498 215 61 499 195 61 500 60 153 768 61 153 769 62 153 770 62 61 771 63 61 772 64 61 773 64 154 774 65 154 775 62 154 776 65 61 777 66 61 778 62 61 779 66 155 780 67 155 781 68 155 782 68 61 783 69 61 784 70 61 785 70 156 786 110 156 787 111 156 788 111 157 789 112 157 790 113 157 791 113 61 792 114 61 793 117 61 794 114 61 795 115 61 796 117 61 797 115 61 798 116 61 799 117 61 800 117 61 801 118 61 802 119 61 803 119 61 804 60 61 805 117 61 806 60 61 807 62 61 808 117 61 809 66 158 810 68 158 811 70 158 812 70 61 813 111 61 814 117 61 815 111 61 816 113 61 817 117 61 818 62 61 819 66 61 820 117 61 821 194 184 1002 195 184 1003 215 184 1004 70 185 1005 180 185 1006 181 185 1007 100 156 1008 80 156 1009 81 156 1010 81 186 1011 82 186 1012 83 186 1013 83 61 1014 84 61 1015 81 61 1016 84 187 1017 85 187 1018 81 187 1019 85 61 1020 86 61 1021 87 61 1022 87 61 1023 88 61 1024 85 61 1025 88 188 1026 89 188 1027 85 188 1028 89 61 1029 90 61 1030 91 61 1031 91 61 1032 92 61 1033 89 61 1034 92 61 1035 93 61 1036 89 61 1037 93 189 1038 94 189 1039 95 189 1040 95 190 1041 96 190 1042 97 190 1043 97 61 1044 98 61 1045 99 61 1046 99 61 1047 100 61 1048 81 61 1049 93 61 1050 95 61 1051 89 61 1052 95 191 1053 97 191 1054 89 191 1055 97 192 1056 99 192 1057 81 192 1058 81 61 1059 85 61 1060 97 61 1061 79 61 1062 80 61 1063 182 61 1064 182 61 1065 77 61 1066 78 61 1067 183 193 1068 100 193 1069 101 193 1070 101 61 1071 102 61 1072 183 61 1073 109 61 1074 110 61 1075 181 61 1076 180 61 1080 70 61 1081 71 61 1082 218 195 1083 104 195 1084 187 195 1085 182 196 1086 80 196 1087 100 196 1088 186 61 1089 76 61 1090 214 61 1091 108 61 1092 181 61 1093 202 61 1094 203 198 1098 180 198 1099 72 198 1100 187 61 1101 104 61 1102 105 61 1103 105 61 1104 106 61 1105 187 61 1106 106 199 1107 107 199 1108 185 199 1109 182 61 1110 183 61 1111 195 61 1112 76 61 1113 186 61 1114 75 61 1115 186 200 1116 184 200 1117 74 200 1118 184 61 1119 73 61 1120 74 61 1121 194 61 1122 192 61 1123 77 61 1124 103 201 1125 193 201 1126 195 201 1127 207 205 1215 203 205 1216 200 205 1217 201 206 1218 202 206 1219 211 206 1220 203 61 1221 202 61 1222 181 61 1223 206 61 1242 211 61 1243 185 61 1244 184 208 1245 207 208 1246 210 208 1247 207 61 1251 211 61 1252 202 61 1253 219 61 1293 214 61 1294 192 61 1295 193 210 1296 218 210 1297 215 210 1298</p>
        </triangles>
        <triangles material="beyaz-material" count="344">
          <input semantic="VERTEX" source="#Circle_007-mesh-vertices" offset="0"/>
          <input semantic="NORMAL" source="#Circle_007-mesh-normals" offset="1"/>
          <input semantic="TEXCOORD" source="#Circle_007-mesh-map-0" offset="2" set="0"/>
          <p>175 0 0 54 0 1 55 0 2 149 1 3 28 1 4 29 1 5 123 2 6 2 2 7 3 2 8 176 3 9 55 3 10 56 3 11 150 4 12 29 4 13 30 4 14 124 5 15 3 5 16 4 5 17 177 6 18 56 6 19 57 6 20 151 7 21 30 7 22 31 7 23 125 8 24 4 8 25 5 8 26 178 9 27 57 9 28 58 9 29 152 10 30 31 10 31 32 10 32 126 11 33 5 11 34 6 11 35 179 12 36 58 12 37 59 12 38 153 13 39 32 13 40 33 13 41 127 14 42 6 14 43 7 14 44 121 15 45 59 15 46 0 15 47 154 16 48 33 16 49 34 16 50 128 17 51 7 17 52 8 17 53 155 18 54 34 18 55 35 18 56 129 19 57 8 19 58 9 19 59 156 20 60 35 20 61 36 20 62 130 21 63 9 21 64 10 21 65 157 22 66 36 22 67 37 22 68 131 23 69 10 23 70 11 23 71 158 24 72 37 24 73 38 24 74 132 25 75 11 25 76 12 25 77 159 26 78 38 26 79 39 26 80 198 27 81 12 27 82 196 27 83 160 28 84 39 28 85 40 28 86 134 29 87 13 29 88 14 29 89 161 30 90 40 30 91 41 30 92 135 31 93 14 31 94 15 31 95 162 32 96 41 32 97 42 32 98 136 33 99 15 33 100 16 33 101 163 34 102 42 34 103 43 34 104 213 35 105 16 35 106 212 35 107 191 36 108 43 36 109 189 36 110 138 37 111 17 37 112 18 37 113 45 38 114 164 38 115 44 38 116 139 39 117 18 39 118 19 39 119 46 40 120 165 40 121 45 40 122 140 41 123 19 41 124 20 41 125 47 42 126 166 42 127 46 42 128 141 43 129 20 43 130 21 43 131 205 44 132 47 44 133 204 44 134 142 45 135 21 45 136 22 45 137 169 46 138 48 46 139 49 46 140 143 47 141 22 47 142 23 47 143 170 48 144 49 48 145 50 48 146 144 49 147 23 49 148 24 49 149 171 50 150 50 50 151 51 50 152 145 51 153 24 51 154 25 51 155 172 52 156 51 52 157 52 52 158 146 53 159 25 53 160 26 53 161 173 54 162 52 54 163 53 54 164 147 55 165 26 55 166 27 55 167 120 56 168 0 56 169 1 56 170 174 57 171 53 57 172 54 57 173 148 58 174 27 58 175 28 58 176 122 59 177 1 59 178 2 59 179 31 60 180 29 60 181 188 60 182 121 62 186 61 62 187 60 62 188 120 61 189 62 61 190 61 61 191 62 61 192 123 61 193 63 61 194 123 63 195 64 63 196 63 63 197 64 61 198 125 61 199 65 61 200 65 61 201 126 61 202 66 61 203 126 61 204 67 61 205 66 61 206 127 61 207 68 61 208 67 61 209 128 61 210 69 61 211 68 61 212 129 61 213 70 61 214 69 61 215 70 64 216 131 64 217 71 64 218 131 65 219 72 65 220 71 65 221 209 66 222 73 66 223 210 66 224 73 67 225 134 67 226 74 67 227 134 61 228 75 61 229 74 61 230 75 68 231 136 68 232 76 68 233 190 61 234 77 61 235 192 61 236 77 69 237 138 69 238 78 69 239 138 61 240 79 61 241 78 61 242 139 61 243 80 61 244 79 61 245 80 70 246 141 70 247 81 70 248 141 61 249 82 61 250 81 61 251 142 71 252 83 71 253 82 71 254 83 72 255 144 72 256 84 72 257 144 61 258 85 61 259 84 61 260 145 61 261 86 61 262 85 61 263 146 61 264 87 61 265 86 61 266 87 73 267 148 73 268 88 73 269 148 61 270 89 61 271 88 61 272 149 74 273 90 74 274 89 74 275 90 61 276 151 61 277 91 61 278 91 61 279 152 61 280 92 61 281 152 61 282 93 61 283 92 61 284 93 70 285 154 70 286 94 70 287 94 75 288 155 75 289 95 75 290 155 76 291 96 76 292 95 76 293 96 61 294 157 61 295 97 61 296 97 77 297 158 77 298 98 77 299 98 70 300 159 70 301 99 70 302 159 61 303 100 61 304 99 61 305 100 78 306 161 78 307 101 78 308 101 69 309 162 69 310 102 69 311 162 61 312 103 61 313 102 61 314 217 61 315 104 61 316 218 61 317 164 79 318 105 79 319 104 79 320 105 80 321 166 80 322 106 80 323 166 61 324 107 61 325 106 61 326 199 81 327 108 81 328 201 81 329 168 61 330 109 61 331 108 61 332 109 82 333 170 82 334 110 82 335 110 83 336 171 83 337 111 83 338 171 61 339 112 61 340 111 61 341 172 84 342 113 84 343 112 84 344 173 61 345 114 61 346 113 61 347 174 61 348 115 61 349 114 61 350 115 85 351 176 85 352 116 85 353 176 61 354 117 61 355 116 61 356 117 86 357 178 86 358 118 86 359 178 61 360 119 61 361 118 61 362 119 87 363 121 87 364 60 87 365 184 92 384 211 92 385 207 92 386 184 96 402 187 96 403 185 96 404 103 101 423 191 101 424 193 101 425 214 102 426 190 102 427 192 102 428 189 60 429 212 60 430 216 60 431 217 103 432 189 103 433 216 103 434 137 104 435 188 104 436 17 104 437 3 60 438 2 60 439 196 60 440 206 107 450 199 107 451 201 107 452 72 108 453 198 108 454 200 108 455 168 109 456 197 109 457 48 109 458 209 110 459 196 110 460 208 110 461 133 111 462 208 111 463 13 111 464 107 112 465 205 112 466 206 112 467 197 60 474 208 60 475 196 60 476 198 66 480 210 66 481 200 66 482 199 115 483 204 115 484 197 115 485 164 116 486 216 116 487 44 116 488 204 60 489 45 60 490 216 60 491 76 117 492 213 117 493 214 117 494 219 119 501 187 119 502 186 119 503 191 61 504 218 61 505 193 61 506 190 120 507 212 120 508 188 120 509 175 0 510 174 0 511 54 0 512 149 1 513 148 1 514 28 1 515 123 2 516 122 2 517 2 2 518 176 3 519 175 3 520 55 3 521 150 4 522 149 4 523 29 4 524 124 5 525 123 5 526 3 5 527 177 121 528 176 121 529 56 121 530 151 7 531 150 7 532 30 7 533 125 122 534 124 122 535 4 122 536 178 9 537 177 9 538 57 9 539 152 123 540 151 123 541 31 123 542 126 124 543 125 124 544 5 124 545 179 125 546 178 125 547 58 125 548 153 126 549 152 126 550 32 126 551 127 14 552 126 14 553 6 14 554 121 127 555 179 127 556 59 127 557 154 16 558 153 16 559 33 16 560 128 128 561 127 128 562 7 128 563 155 18 564 154 18 565 34 18 566 129 19 567 128 19 568 8 19 569 156 129 570 155 129 571 35 129 572 130 130 573 129 130 574 9 130 575 157 22 576 156 22 577 36 22 578 131 23 579 130 23 580 10 23 581 158 131 582 157 131 583 37 131 584 132 132 585 131 132 586 11 132 587 159 26 588 158 26 589 38 26 590 198 133 591 132 133 592 12 133 593 160 134 594 159 134 595 39 134 596 134 135 597 133 135 598 13 135 599 161 30 600 160 30 601 40 30 602 135 136 603 134 136 604 14 136 605 162 32 606 161 32 607 41 32 608 136 137 609 135 137 610 15 137 611 163 34 612 162 34 613 42 34 614 213 35 615 136 35 616 16 35 617 191 138 618 163 138 619 43 138 620 138 37 621 137 37 622 17 37 623 45 139 624 165 139 625 164 139 626 139 39 627 138 39 628 18 39 629 46 140 630 166 140 631 165 140 632 140 41 633 139 41 634 19 41 635 47 141 636 167 141 637 166 141 638 141 142 639 140 142 640 20 142 641 205 143 642 167 143 643 47 143 644 142 144 645 141 144 646 21 144 647 169 46 648 168 46 649 48 46 650 143 145 651 142 145 652 22 145 653 170 48 654 169 48 655 49 48 656 144 146 657 143 146 658 23 146 659 171 147 660 170 147 661 50 147 662 145 148 663 144 148 664 24 148 665 172 149 666 171 149 667 51 149 668 146 53 669 145 53 670 25 53 671 173 54 672 172 54 673 52 54 674 147 150 675 146 150 676 26 150 677 120 151 678 121 151 679 0 151 680 174 57 681 173 57 682 53 57 683 148 152 684 147 152 685 27 152 686 122 59 687 120 59 688 1 59 689 188 60 690 189 60 691 31 60 692 189 60 693 43 60 694 42 60 695 35 60 696 189 60 697 36 60 698 42 60 699 41 60 700 189 60 701 41 60 702 40 60 703 189 60 704 40 60 705 39 60 706 189 60 707 39 60 708 38 60 709 189 60 710 38 60 711 37 60 712 189 60 713 37 60 714 36 60 715 189 60 716 35 60 717 34 60 718 189 60 719 34 60 720 33 60 721 189 60 722 33 60 723 32 60 724 189 60 725 32 60 726 31 60 727 189 60 728 31 60 729 30 60 730 29 60 731 29 60 732 28 60 733 188 60 734 28 60 735 27 60 736 188 60 737 27 60 738 26 60 739 188 60 740 26 60 741 25 60 742 188 60 743 25 60 744 24 60 745 188 60 746 24 60 747 23 60 748 188 60 749 23 60 750 22 60 751 188 60 752 22 60 753 21 60 754 188 60 755 21 60 756 20 60 757 188 60 758 20 60 759 19 60 760 188 60 761 19 60 762 18 60 763 188 60 764 18 60 765 17 60 766 188 60 767 121 61 822 120 61 823 61 61 824 120 61 825 122 61 826 62 61 827 62 61 828 122 61 829 123 61 830 123 159 831 124 159 832 64 159 833 64 61 834 124 61 835 125 61 836 65 61 837 125 61 838 126 61 839 126 61 840 127 61 841 67 61 842 127 160 843 128 160 844 68 160 845 128 161 846 129 161 847 69 161 848 129 161 849 130 161 850 70 161 851 70 61 852 130 61 853 131 61 854 131 162 855 132 162 856 72 162 857 209 163 858 133 163 859 73 163 860 73 61 861 133 61 862 134 61 863 134 164 864 135 164 865 75 164 866 75 61 867 135 61 868 136 61 869 190 165 870 137 165 871 77 165 872 77 166 873 137 166 874 138 166 875 138 167 876 139 167 877 79 167 878 139 168 879 140 168 880 80 168 881 80 169 882 140 169 883 141 169 884 141 170 885 142 170 886 82 170 887 142 61 888 143 61 889 83 61 890 83 61 891 143 61 892 144 61 893 144 61 894 145 61 895 85 61 896 145 171 897 146 171 898 86 171 899 146 61 900 147 61 901 87 61 902 87 172 903 147 172 904 148 172 905 148 61 906 149 61 907 89 61 908 149 61 909 150 61 910 90 61 911 90 173 912 150 173 913 151 173 914 91 61 915 151 61 916 152 61 917 152 61 918 153 61 919 93 61 920 93 61 921 153 61 922 154 61 923 94 61 924 154 61 925 155 61 926 155 174 927 156 174 928 96 174 929 96 61 930 156 61 931 157 61 932 97 61 933 157 61 934 158 61 935 98 61 936 158 61 937 159 61 938 159 174 939 160 174 940 100 174 941 100 61 942 160 61 943 161 61 944 101 61 945 161 61 946 162 61 947 162 175 948 163 175 949 103 175 950 217 176 951 164 176 952 104 176 953 164 177 954 165 177 955 105 177 956 105 61 957 165 61 958 166 61 959 166 178 960 167 178 961 107 178 962 199 179 963 168 179 964 108 179 965 168 180 966 169 180 967 109 180 968 109 61 969 169 61 970 170 61 971 110 61 972 170 61 973 171 61 974 171 181 975 172 181 976 112 181 977 172 61 978 173 61 979 113 61 980 173 182 981 174 182 982 114 182 983 174 61 984 175 61 985 115 61 986 115 61 987 175 61 988 176 61 989 176 61 990 177 61 991 117 61 992 117 183 993 177 183 994 178 183 995 178 61 996 179 61 997 119 61 998 119 61 999 179 61 1000 121 61 1001 184 194 1077 185 194 1078 211 194 1079 184 197 1095 186 197 1096 187 197 1097 103 202 1128 163 202 1129 191 202 1130 214 61 1131 213 61 1132 190 61 1133 189 60 1134 188 60 1135 212 60 1136 217 203 1137 191 203 1138 189 203 1139 137 204 1140 190 204 1141 188 204 1142 2 60 1143 1 60 1144 196 60 1145 1 60 1146 0 60 1147 196 60 1148 0 60 1149 59 60 1150 197 60 1151 59 60 1152 58 60 1153 197 60 1154 58 60 1155 57 60 1156 197 60 1157 57 60 1158 56 60 1159 197 60 1160 56 60 1161 55 60 1162 197 60 1163 55 60 1164 54 60 1165 197 60 1166 54 60 1167 53 60 1168 197 60 1169 53 60 1170 52 60 1171 197 60 1172 52 60 1173 51 60 1174 197 60 1175 51 60 1176 50 60 1177 197 60 1178 50 60 1179 49 60 1180 197 60 1181 49 60 1182 48 60 1183 197 60 1184 197 60 1185 196 60 1186 0 60 1187 196 60 1188 12 60 1189 11 60 1190 11 60 1191 10 60 1192 196 60 1193 10 60 1194 9 60 1195 196 60 1196 9 60 1197 8 60 1198 196 60 1199 8 60 1200 7 60 1201 196 60 1202 7 60 1203 6 60 1204 196 60 1205 6 60 1206 5 60 1207 196 60 1208 5 60 1209 4 60 1210 196 60 1211 4 60 1212 3 60 1213 196 60 1214 206 61 1224 205 61 1225 199 61 1226 72 61 1227 132 61 1228 198 61 1229 168 143 1230 199 143 1231 197 143 1232 209 27 1233 198 27 1234 196 27 1235 133 207 1236 209 207 1237 208 207 1238 107 61 1239 167 61 1240 205 61 1241 197 60 1248 204 60 1249 208 60 1250 198 209 1254 209 209 1255 210 209 1256 199 115 1257 205 115 1258 204 115 1259 164 116 1260 217 116 1261 216 116 1262 208 60 1263 204 60 1264 216 60 1265 204 60 1266 47 60 1267 46 60 1268 45 60 1269 204 60 1270 46 60 1271 45 60 1272 44 60 1273 216 60 1274 216 60 1275 212 60 1276 208 60 1277 212 60 1278 16 60 1279 15 60 1280 208 60 1281 212 60 1282 14 60 1283 15 60 1284 14 60 1285 212 60 1286 14 60 1287 13 60 1288 208 60 1289 76 61 1290 136 61 1291 213 61 1292 219 61 1299 215 61 1300 187 61 1301 191 211 1302 217 211 1303 218 211 1304 190 212 1305 213 212 1306 212 212 1307</p>
        </triangles>
      </mesh>
    </geometry>
  </library_geometries>
  <library_visual_scenes>
    <visual_scene id="Scene" name="Scene">
      <node id="NotEntry_body" name="NotEntry_body" type="NODE">
        <matrix sid="transform">-3.35997e-10 0.007686716 4.59046e-10 0.03731875 -0.007686716 -3.35997e-10 0 0.03060196 0 -3.35997e-10 0.01050175 1.19209e-7 0 0 0 1</matrix>
        <instance_geometry url="#Örüntü_017-mesh" name="NotEntry_body">
          <bind_material>
            <technique_common>
              <instance_material symbol="direk_007-material" target="#direk_007-material">
                <bind_vertex_input semantic="Örüntü_013-mesh-map-0" input_semantic="TEXCOORD" input_set="0"/>
              </instance_material>
            </technique_common>
          </bind_material>
        </instance_geometry>
      </node>
      <node id="NotEntry_sing" name="NotEntry_sing" type="NODE">
        <matrix sid="transform">-5.82356e-8 -5.82356e-8 -1 -7.67276e-4 -1.332276 2.54556e-15 4.37114e-8 0.03060196 0 1.332276 -4.37114e-8 2.62535 0 0 0 1</matrix>
        <instance_geometry url="#Circle_007-mesh" name="NotEntry_sing">
          <bind_material>
            <technique_common>
              <instance_material symbol="kırmızı-material" target="#kırmızı-material">
                <bind_vertex_input semantic="UVMap" input_semantic="TEXCOORD" input_set="0"/>
              </instance_material>
              <instance_material symbol="beyaz-material" target="#beyaz-material">
                <bind_vertex_input semantic="UVMap" input_semantic="TEXCOORD" input_set="0"/>
              </instance_material>
            </technique_common>
          </bind_material>
        </instance_geometry>
      </node>
    </visual_scene>
  </library_visual_scenes>
  <scene>
    <instance_visual_scene url="#Scene"/>
  </scene>
</COLLADA>