<?xml version="1.0" encoding="utf-8"?>
<COLLADA xmlns="http://www.collada.org/2005/11/COLLADASchema" version="1.4.1" xmlns:xsi="http://www.w3.org/2001/XMLSchema-instance">
  <asset>
    <contributor>
      <author>Blender User</author>
      <authoring_tool>Blender 4.0.2 commit date:2023-12-05, commit time:07:41, hash:9be62e85b727</authoring_tool>
    </contributor>
    <created>2024-07-10T17:53:45</created>
    <modified>2024-07-10T17:53:45</modified>
    <unit name="meter" meter="1"/>
    <up_axis>Z_UP</up_axis>
  </asset>
  <library_effects>
    <effect id="Material_001-effect">
      <profile_COMMON>
        <technique sid="common">
          <lambert>
            <emission>
              <color sid="emission">0 0 0 1</color>
            </emission>
            <diffuse>
              <color sid="diffuse">0.07728171 0.05138548 0.8000075 1</color>
            </diffuse>
            <index_of_refraction>
              <float sid="ior">1.45</float>
            </index_of_refraction>
          </lambert>
        </technique>
      </profile_COMMON>
    </effect>
    <effect id="beyaz_001-effect">
      <profile_COMMON>
        <technique sid="common">
          <lambert>
            <emission>
              <color sid="emission">0 0 0 1</color>
            </emission>
            <diffuse>
              <color sid="diffuse">0.8 0.8 0.8 1</color>
            </diffuse>
            <index_of_refraction>
              <float sid="ior">1.45</float>
            </index_of_refraction>
          </lambert>
        </technique>
      </profile_COMMON>
    </effect>
    <effect id="direk_002-effect">
      <profile_COMMON>
        <technique sid="common">
          <lambert>
            <emission>
              <color sid="emission">0 0 0 1</color>
            </emission>
            <diffuse>
              <color sid="diffuse">0.5882353 0.5882353 0.7019608 1</color>
            </diffuse>
            <reflectivity>
              <float sid="specular">1</float>
            </reflectivity>
            <index_of_refraction>
              <float sid="ior">1.45</float>
            </index_of_refraction>
          </lambert>
        </technique>
      </profile_COMMON>
    </effect>
  </library_effects>
  <library_images/>
  <library_materials>
    <material id="Material_001-material" name="Material.001">
      <instance_effect url="#Material_001-effect"/>
    </material>
    <material id="beyaz_001-material" name="beyaz.001">
      <instance_effect url="#beyaz_001-effect"/>
    </material>
    <material id="direk_002-material" name="direk.002">
      <instance_effect url="#direk_002-effect"/>
    </material>
  </library_materials>
  <library_geometries>
    <geometry id="Circle-mesh" name="Circle">
      <mesh>
        <source id="Circle-mesh-positions">
          <float_array id="Circle-mesh-positions-array" count="1698">0 1 0 -0.1950903 0.9807853 0 -0.3826835 0.9238795 0 -0.5555703 0.8314696 0 -0.7071068 0.7071068 0 -0.8314696 0.5555703 0 -0.9238795 0.3826835 0 -0.9807853 0.1950903 0 -1 0 0 -0.9807853 -0.1950903 0 -0.9238795 -0.3826835 0 -0.8314696 -0.5555703 0 -0.7071068 -0.7071068 0 -0.5555703 -0.8314696 0 -0.3826835 -0.9238795 0 -0.1950903 -0.9807853 0 0 -1 0 0.1950903 -0.9807853 0 0.3826835 -0.9238795 0 0.5555703 -0.8314696 0 0.7071068 -0.7071068 0 0.8314696 -0.5555703 0 0.9238795 -0.3826835 0 0.9807853 -0.1950903 0 1 0 0 0.9807853 0.1950903 0 0.9238795 0.3826835 0 0.8314696 0.5555703 0 0.7071068 0.7071068 0 0.5555703 0.8314696 0 0.3826835 0.9238795 0 0.1950903 0.9807853 0 -0.9807853 7.8693e-5 0 -0.1950903 7.13468e-5 0 0.3826835 8.13007e-5 0 -0.3826835 6.16908e-5 0 0.5555703 9.73344e-5 0 -0.5555703 1.33097e-4 0 0.8314696 8.85725e-5 0 -0.8314696 1.14203e-4 0 0.9238795 1.3712e-4 0 0 8.79765e-5 0 -0.9238795 1.4782e-4 0 0.9807853 6.45667e-5 0 0.1950903 3.1352e-5 0 0 0.1951218 0 -0.5555703 0.1951776 0 -0.9238795 0.1951931 0 -0.7071068 0.1951776 0 -0.1950903 0.1952057 0 0.1950903 0.1951984 0 0.8314696 0.1951509 0 0.3826835 0.1952252 0 -0.8314696 0.1952112 0 -0.3826835 0.1951478 0 0.9238795 0.1952469 0 0.5555703 0.1952534 0 -0.1950903 -0.1950362 0 0.3826835 -0.1949528 0 -0.3826835 -0.1949473 0 0.5555703 -0.1949557 0 -0.5555703 -0.1949642 0 0.8314696 -0.1950402 0 -0.8314696 -0.1949188 0 0.9238795 -0.1950325 0 0 -0.1949725 0 -0.9238795 -0.1949431 0 0.1950903 -0.1949723 0 0.7071068 -0.3826878 0 0 -0.3826652 0 -0.5463257 -0.3826596 0 0.5555703 -0.3826203 0 -0.3826835 -0.3826699 0 0.3826835 -0.3826699 0 -0.8314696 -0.3826851 0 0.8314696 -0.3826555 0 -0.1950903 -0.3826267 0 0.1950903 -0.3827055 0 -0.7071068 -0.3826743 0 0.7071068 -0.5555346 0 0 -0.5555678 0 -0.5555703 -0.5555779 0 -0.3723236 -0.5555463 0 0.3826835 -0.5555549 0 -0.1950903 -0.5555587 0 0.1950903 -0.5555668 0 -0.7071068 -0.5555174 0 0 -0.7070685 0 -0.5555703 -0.7070601 0 0.5555703 -0.7070676 0 -0.3826835 -0.7070903 0 0.3826835 -0.7070866 0 0.1950903 -0.7070702 0 0 -0.8314588 0 -0.3826835 -0.8314389 0 0.3826835 -0.8314454 0 -0.1950903 -0.8314567 0 0.1950903 -0.8313965 0 0 -0.9238241 0 -0.1950903 -0.9238284 0 0.1950903 -0.9238541 0 -0.8314696 0.3827221 0 0.5555703 0.3826963 0 -0.1950903 0.3826994 0 0.3826835 0.382641 0 -0.5555703 0.3827196 0 -0.7071068 0.3826632 0 0.8314696 0.3826695 0 0 0.382656 0 -0.3826835 0.3826596 0 0.1950903 0.3826326 0 0.7071068 0.5555539 0 -0.1950903 0.5555697 0 -0.7071068 0.5555626 0 0.5555703 0.5555459 0 -0.5555703 0.5555651 0 0 0.5556061 0 0.1950903 0.5555742 0 0.3826835 0.5555576 0 -0.3826835 0.7071499 0 -0.5555703 0.7071084 0 0.3826835 0.7071256 0 0.5555703 0.7071177 0 0 0.8314675 0 -0.1950903 0.8314312 0 -0.3826835 0.8314744 0 0.3826835 0.8314403 0 0.1950903 0.8314343 0 -0.1950903 0.9238676 0 0.1950903 0.9238533 0 0 0.9238849 0 -0.09754514 0.9903926 0 -0.09754514 -0.9903926 0 -0.09754514 7.96616e-5 0 -0.09754514 0.1951637 0 -0.09754514 -0.1950044 0 -0.09754514 -0.3826459 0 -0.09754514 -0.5555632 0 -0.09754514 -0.7070755 0 -0.09754514 -0.8314577 0 -0.09754514 -0.9238262 0 -0.09754514 0.3826777 0 -0.09754514 0.5555879 0 -0.09754514 0.8314493 0 -0.09754514 0.9238762 0 0.09754514 -0.9903926 0 0.09754514 0.9903926 0 0.09754514 5.96642e-5 0 0.09754514 0.1951601 0 0.09754514 -0.1949724 0 0.09754514 -0.3826853 0 0.09754514 -0.5555673 0 0.09754514 -0.7070694 0 0.09754514 -0.8314276 0 0.09754514 -0.9238391 0 0.09754514 0.3826442 0 0.09754514 0.5555902 0 0.09754514 0.8314509 0 0.09754514 0.9238691 0 0.2888869 5.63264e-5 0 0.2888869 0.1952118 0 0.2888869 -0.1949626 0 0.2888869 -0.3826877 0 0.2888869 -0.5555608 0 0.2888869 -0.7070785 0 0.2888869 -0.8314209 0 0.2888869 -0.9238668 0 0.2888869 0.3826367 0 0.2888869 0.5555659 0 0.2888869 0.8314373 0 0.2888869 0.9238664 0 0.4691268 8.93176e-5 0 0.4691268 0.1952393 0 0.4691268 -0.1949542 0 0.4691268 -0.3826451 0 0.4691268 -0.7070772 0 0.4691268 -0.8314575 0 0.4691268 0.3826686 0 0.4691268 0.7071216 0 0.4691268 0.8314549 0 0.6313385 1.11729e-4 0 0.6313385 0.1951947 0 0.6313385 -0.194952 0 0.6313385 -0.5555467 0 0.6313385 -0.7070872 0 0.6313385 0.3826812 0 0.6313385 0.5555499 0 0.6313385 0.7071123 0 0.7692882 -0.3826716 0 0.7692882 -0.5555524 0 0.7692882 0.555562 0 -0.2888869 6.65188e-5 0 -0.2888869 0.1951767 0 -0.2888869 -0.1949917 0 -0.2888869 -0.3826482 0 -0.2888869 -0.5555525 0 -0.2888869 -0.8314478 0 -0.2888869 -0.923854 0 -0.2888869 0.3826795 0 -0.2888869 0.5555823 0 -0.2888869 0.8314528 0 -0.2888869 0.9238736 0 -0.4691268 9.7394e-5 0 -0.4691268 0.1951627 0 -0.4691268 -0.1949558 0 -0.4691268 -0.3826647 0 -0.4691268 -0.7070752 0 -0.4691268 -0.8314543 0 -0.4691268 0.3826895 0 -0.4691268 0.55558 0 -0.4691268 0.7071291 0 -0.4691268 0.831472 0 -0.6273617 9.67265e-5 0 -0.6273617 0.1951776 0 -0.6273617 -0.1949768 0 -0.6273617 -0.5555493 0 -0.6273617 -0.7070822 0 -0.6273617 0.3826929 0 -0.6273617 0.5555639 0 -0.6273617 0.7071076 0 0.7071068 -0.6313207 0 -0.7071068 -0.6313121 0 0 -0.6313181 0 -0.5555703 -0.6313191 0 0.5555703 -0.6313132 0 -0.1950903 -0.6313206 0 0.1950903 -0.6313185 0 0.7071068 0.6313303 0 -0.1950903 0.6313234 0 -0.7071068 0.6313347 0 0.5555703 0.6313318 0 -0.5555703 0.6313368 0 0 0.6313502 0 0.1950903 0.6313385 0 -0.09754514 0.6313368 0 -0.09754514 -0.6313194 0 0.09754514 0.6313443 0 0.09754514 -0.6313183 0 0.2888869 -0.6313197 0 0.4691268 0.6313367 0 0.6313385 0.6313311 0 0.6313385 -0.6313169 0 0.8003789 0.1951472 0 0.8003789 -0.1950172 0 0.8003789 -0.3826636 0 0.8003789 -0.5555613 0 0.8003789 0.3826687 0 0.8003789 0.5555661 0 -0.4691268 0.6313546 0 -0.4691268 -0.6313187 0 -0.6273617 0.6313357 0 -0.6273617 -0.6313158 0 -0.8314696 0.4691461 0 -0.1950903 0.4691345 0 0.3826835 0.4690993 0 -0.5555703 0.4691423 0 -0.7071068 0.4691129 0 0.8314696 0.4691199 0 0 0.469131 0 -0.3826835 0.4691272 0 0.7071068 0.46911 0 0.1950903 0.4691033 0 -0.09754514 0.4691328 0 0.09754514 0.4691172 0 0.2888869 0.4691013 0 0.4691268 0.4691102 0 0.6313385 0.4691155 0 0.7692882 0.4691149 0 -0.2888869 0.4691309 0 -0.4691268 0.4691348 0 -0.6273617 0.4691284 0 0.8003789 0.4691174 0 0 0.2888889 0 -0.5555703 0.2889486 0 -0.9238795 0.2889383 0 -0.7071068 0.2889204 0 -0.1950903 0.2889525 0 0.1950903 0.2889155 0 0.8314696 0.2889102 0 0.3826835 0.2889331 0 -0.8314696 0.2889667 0 -0.3826835 0.2889037 0 0.9238795 0.2889652 0 0.5555703 0.2889749 0 -0.09754514 0.2889207 0 0.09754514 0.2889022 0 0.2888869 0.2889243 0 0.4691268 0.288954 0 0.6313385 0.2889379 0 -0.2888869 0.2889281 0 -0.4691268 0.2889261 0 -0.6273617 0.2889353 0 0.8003789 0.2889079 0 -0.9807853 0.09758448 0 -0.1950903 0.09763854 0 0.3826835 0.09765326 0 -0.3826835 0.09760475 0 0.5555703 0.09767538 0 -0.5555703 0.09765535 0 -0.7071068 0.09761697 0 0.8314696 0.09761971 0 -0.8314696 0.09766268 0 0.9238795 0.09769201 0 0 0.09760487 0 -0.9238795 0.09767043 0 0.9807853 0.09757745 0 0.1950903 0.09761488 0 -0.09754514 0.09762167 0 0.09754514 0.09760987 0 0.2888869 0.09763407 0 0.4691268 0.09766429 0 0.6313385 0.09765321 0 -0.2888869 0.09762161 0 -0.4691268 0.09763002 0 -0.6273617 0.09763717 0 0.9807853 -0.09751284 0 -0.9807853 -0.0975058 0 -0.1950903 -0.09748238 0 0.3826835 -0.09743571 0 -0.3826835 -0.0974428 0 0.5555703 -0.09742915 0 -0.5555703 -0.09741556 0 0.8314696 -0.09747582 0 -0.8314696 -0.09740227 0 0.9238795 -0.09744769 0 0 -0.09744226 0 -0.9238795 -0.09739762 0 0.1950903 -0.09747046 0 -0.09754514 -0.09746235 0 0.09754514 -0.09745639 0 0.2888869 -0.09745311 0 0.4691268 -0.09743243 0 0.6313385 -0.09742009 0 -0.2888869 -0.09746259 0 -0.4691268 -0.09742921 0 -0.6273617 -0.09744006 0 0.9238795 -0.288858 0 -0.9238795 -0.2888133 0 0 -0.2888188 0 -0.5555703 -0.2888119 0 0.5555703 -0.288788 0 -0.3826835 -0.2888086 0 0.3826835 -0.2888114 0 -0.8314696 -0.2888019 0 0.8314696 -0.2888478 0 -0.1950903 -0.2888314 0 0.1950903 -0.2888389 0 -0.09754514 -0.2888252 0 0.09754514 -0.2888289 0 0.2888869 -0.2888252 0 0.4691268 -0.2887997 0 0.3270819 -0.6108588 0 0.7692882 -0.2888329 0 -0.2888869 -0.28882 0 -0.4691268 -0.2888103 0 0.8003789 -0.2888404 0 0.8314696 -0.4691128 0 -0.8314696 -0.4691277 0 0.7071068 -0.4691112 0 0 -0.4691165 0 -0.3826835 -0.4691081 0 0.3826835 -0.4691124 0 -0.1950903 -0.4690927 0 0.1950903 -0.4691361 0 -0.7071068 -0.4690959 0 -0.09754514 -0.4691045 0 0.09754514 -0.4691263 0 0.2888869 -0.4691243 0 0.4691268 -0.469101 0 0.7692882 -0.469112 0 -0.2888869 -0.4691004 0 -0.4691268 -0.4691134 0 -0.6273617 -0.4691079 0 0.8003789 -0.4691124 0 0.5555703 0.7613834 0 -0.4691268 0.7786163 0 0.1950903 0.7674682 0 -0.3826835 0.7771667 0 0.2888869 0.7658851 0 -0.5555703 0.7800586 0 -0.2888869 0.77562 0 0.3826835 0.7642685 0 0.4691268 0.7628807 0 -0.1950903 0.7740069 0 0.2888869 -0.7669792 0 0.1950903 -0.7674863 0 -0.1950903 -0.7693576 0 -0.2888869 -0.7698178 0 0.4691268 -0.7661415 0 0 -0.7683923 0 0.5555703 -0.7657313 0 -0.4691268 -0.7706801 0 -0.3826835 -0.7703062 0 -0.5555703 -0.7710535 0 0.3826835 -0.7665732 0 0.09754514 -0.7679249 0 -0.09754514 -0.7688581 0 -0.7737994 -0.2888162 0 -0.7740513 -0.5555459 0 -0.7740236 -0.469113 0 -0.7732051 0.4691306 0 -0.7735354 0.0976414 0 -0.7739756 -0.3826801 0 -0.7731779 0.5555667 0 -0.7734089 0.1951955 0 -0.7738203 -0.1949522 0 -0.7732333 0.3826945 0 -0.7736847 -0.09743249 0 -0.7733977 0.2889451 0 0.4988682 0.4541434 0 0.5622863 0.5499936 0 0.4330465 0.5172885 0 0.482955 0.6208174 0 0.3593083 0.5709773 0 0.394795 0.6802924 0 0.2790017 0.6142283 0 0.2994177 0.7273313 0 0.1935947 0.646251 0 0.1985669 0.7610742 0 0.1046486 0.6664598 0 0.09408611 0.7809042 0 0.01378941 0.6744854 0 -0.01211464 0.7864589 0 -0.07732194 0.670181 0 -0.1180941 0.7776367 0 -0.1670198 0.6536253 0 -0.2219147 0.7545988 0 -0.2536646 0.625121 0 -0.3216787 0.7177665 0 -0.3356723 0.5851892 0 -0.4155623 0.667813 0 -0.4115437 0.5345598 0 -0.6273617 0.544179 0 -0.5555703 0.6895504 0 -0.5842816 0.6313363 0 -0.4906847 0.7071239 0 -0.5468683 0.7071105 0 -0.5112171 0.7793186 0 -0.6643965 0.4691212 0 -0.6216906 0.555564 0 -0.4330896 0.6558831 0 -0.4655272 0.70713 0 -0.4691268 0.712829 0 -0.3727163 0.5604695 0 -0.2888869 0.4279643 0 -0.3149404 0.4691299 0 -0.3362193 0.469129 0 -0.3826835 0.4178426 0 -0.5555703 0.3991119 0 -0.6273617 0.3913353 0 -0.4691268 0.4084656 0 -0.6672343 0.1951776 0 -0.6672343 -0.5555334 0 -0.6672343 -0.7070945 0 -0.6672343 0.382678 0 -0.6672343 7.65264e-5 0 -0.6672343 -0.6313139 0 -0.6672343 0.2889279 0 -0.6672343 0.0976271 0 -0.6672343 -0.4691019 0 -0.7137678 0.008021891 0 -0.7796733 -2.98165e-4 0 -0.6742123 0.01304042 0 -0.7091218 -0.0817002 0 -0.7734602 -0.09823298 0 -0.67051 -0.07175278 0 -0.6932423 -0.1701281 0 -0.7549943 -0.1946116 0 -0.6561859 -0.1554093 0 -0.6663808 -0.2558609 0 -0.7245684 -0.2879074 0 -0.6314668 -0.236604 0 -0.6289631 -0.3375406 0 -0.6826642 -0.3766423 0 -0.5967445 -0.3140505 0 -0.5815817 -0.413873 0 -0.6299458 -0.4594107 0 -0.5525689 -0.386522 0 -0.5249872 -0.4836492 0 -0.5672481 -0.5349013 0 -0.4996399 -0.4528704 0 -0.4600762 -0.5457637 0 -0.4955645 -0.6019185 0 -0.4387959 -0.5120449 0 -0.387877 -0.5992326 0 -0.4160304 -0.6594004 0 -0.3710008 -0.5631077 0 -0.3095332 -0.6432089 0 -0.3299059 -0.7064364 0 -0.2973285 -0.6052502 0 -0.2262861 -0.6769958 0 -0.2385551 -0.7422816 0 -0.218946 -0.6378047 0 -0.1394542 -0.7000582 0 -0.1434254 -0.766368 0 -0.1370952 -0.6602555 0 0.1950903 -0.7342517 0 0 -0.8351432 0 -0.1438976 -0.7690955 0 0.03482747 -0.6313182 0 0 -0.6089775 0 0.007137417 -0.8314565 0 0.09754514 -0.7847077 0 0.09754514 -0.671598 0 -0.1429718 -0.6313199 0 -0.1550103 -0.8314571 0 -0.09754514 -0.5463299 0 0.1302616 -0.7677778 0 -0.09754514 -0.8855896 0 -0.08313798 -0.5555639 0 -0.1714968 -0.9238279 0 0.152823 -0.7070699 0 -0.1583031 -0.5555604 0 -0.1695615 -0.5000782 0 0.4680467 -0.6537209 0 0.3655171 -0.5902693 0 0.5460719 -0.5901058 0 0.4364166 -0.5399646 0 0.6155356 -0.5172389 0 0.5004739 -0.481194 0 0.6753488 -0.4362626 0 0.5566847 -0.4148792 0 0.7245737 -0.3484463 0 0.6041676 -0.3420596 0 0.7624387 -0.2551669 0 0.6421783 -0.2638771 0 0.7883499 -0.1578868 0 0.6701208 -0.1815574 0 0.8019013 -0.05813133 0 0.6875569 -0.09639108 0 0.8028802 0.0425356 0 0.6942135 -0.00971347 0 0.7912715 0.1425358 0 0.6899859 0.07711648 0 0.767257 0.2403013 0 0.6749406 0.1627375 0 0.7312132 0.3342995 0 0.6493135 0.2458071 0 0.4122018 0.5324655 0 0.7511669 0.2822624 0 0.7380495 0.3164713 0 0.6380138 0.281423 0 0.8003789 0.3799527 0 0.8003789 0.3155921 0 0.8314696 0.3594673 0 0.8314696 0.3151689 0 0.6653143 0.469113 0 0.587565 0.5203856 0 0.6313385 0.4914941 0 0.7983523 0.3812514 0 0.89993 0.3142625 0 0.8003789 0.2763083 0 0.5555703 0.1830174 0 0.7594354 0.2606991 0 0.6313385 0.2118681 0 0.4691268 0.150071 0 0.5875872 0.1952286 0 0.6567894 0.2215741 0 0.5555703 0.2109823 0 0.5534023 0.3854281 0 0.552684 0.3826954 0 0.496415 0.1604714 0 0.5289853 0.2889685 0 0.6313385 0.2756852 0 0.5371019 0.1952504 0 0.505236 0.1952452 0</float_array>
          <technique_common>
            <accessor source="#Circle-mesh-positions-array" count="566" stride="3">
              <param name="X" type="float"/>
              <param name="Y" type="float"/>
              <param name="Z" type="float"/>
            </accessor>
          </technique_common>
        </source>
        <source id="Circle-mesh-normals">
          <float_array id="Circle-mesh-normals-array" count="933">0 0 1 0 0 1 0 -6.46098e-7 1 1.39102e-7 0 1 0 -7.1225e-7 1 0 0 1 0 0 1 0 6.04633e-7 1 1.86684e-7 4.27316e-7 1 0 0 1 0 1.54378e-7 1 -8.82872e-7 0 1 0 0 1 -4.25461e-7 0 1 8.69788e-7 -2.51103e-6 1 0 0 1 0 7.13391e-7 1 0 0 1 3.10973e-7 0 1 -3.6795e-7 -1.09793e-6 1 0 0 1 -7.3414e-7 0 1 0 0 1 -3.48336e-6 -4.72413e-6 -1 4.06195e-6 5.95625e-6 1 6.62496e-6 7.46973e-6 -1 0 0 1 -1.7733e-7 3.31247e-7 1 -8.54328e-7 0 1 2.68549e-7 -3.36934e-7 1 0 0 1 0 0 1 0 0 1 0 0 1 0 0 1 0 0 1 0 0 1 0 0 1 0 0 1 0 0 1 0 0 1 0 0 1 0 0 1 0 0 1 0 0 1 0 0 1 0 0 1 0 0 1 0 0 1 0 0 1 0 0 1 0 0 1 0 0 1 0 0 1 0 0 1 0 0 1 -2.40086e-7 0 1 -1.38328e-6 -1.89458e-6 1 0 -2.38247e-7 1 0 -8.00843e-7 1 0 1.01069e-5 1 2.19508e-7 4.48012e-7 1 2.94314e-7 0 1 0 4.13278e-7 1 2.02488e-7 0 1 1.50001e-7 0 1 1.50624e-7 0 1 0 0 1 0 0 1 0 1.01072e-5 1 -5.93077e-7 0 1 0 0 1 0 4.36497e-7 1 -7.79996e-7 3.34367e-7 1 0 4.77675e-7 1 -6.19728e-7 0 1 -4.44289e-7 0 1 -2.2026e-7 0 1 0 -1.64452e-7 1 2.00186e-7 0 1 2.33108e-7 -1.6054e-7 1 1.72801e-7 -1.8194e-7 1 0 0 1 0 0 1 0 0 1 0 0 1 1.45282e-7 -3.96246e-7 1 1.57566e-7 0 1 -2.50803e-7 0 1 -3.27288e-7 0 1 0 0 1 0 0 1 -7.8503e-7 -2.03566e-7 1 0 0 1 3.87012e-7 0 1 0 0 1 0 0 1 5.69937e-7 1.62341e-7 1 0 0 -1 0 0 1 0 -6.4606e-7 1 0 3.85341e-7 1 1.93784e-7 -8.13088e-7 1 0 -1.41651e-6 1 0 -5.6014e-7 1 0 -5.71626e-7 1 0 -1.06103e-6 1 0 -5.45096e-7 1 0 -5.4901e-7 1 0 0 1 0 0 1 -2.23511e-7 -2.78551e-7 1 0 0 1 0 6.24942e-7 1 0 6.11503e-7 1 0 4.64597e-7 1 0 4.64598e-7 1 6.74872e-7 3.32547e-6 1 2.32507e-7 0 1 1.74247e-7 0 1 0 3.78107e-7 1 0 2.98602e-6 1 3.00691e-7 5.21057e-7 1 -4.02818e-7 0 1 -2.09421e-7 1.86975e-7 1 0 2.65678e-7 1 0 0 1 -1.64023e-7 1.98031e-7 1 0 0 1 0 0 1 0 1.73317e-7 1 0 0 1 -1.03601e-6 2.02925e-6 1 0 1.16356e-6 1 0 6.08802e-7 1 -5.52017e-7 2.68466e-6 1 3.86801e-7 -7.04599e-7 1 0 -5.08646e-7 1 6.03899e-7 0 1 0 6.16636e-7 1 -6.82863e-7 0 1 -2.80915e-7 8.79282e-7 1 0 1.87712e-6 1 0 0 1 3.10347e-7 0 1 2.81782e-7 0 1 4.29681e-7 0 1 4.80939e-7 -1.48413e-7 1 -1.44072e-7 0 1 0 -2.06085e-7 1 0 -5.56437e-7 1 0 -2.18551e-7 1 0 5.4358e-7 1 0 0 1 0 0 1 0 0 1 0 0 1 0 0 1 0 0 1 0 0 1 -6.45956e-7 -3.06133e-7 1 0 0 1 0 0 1 -3.48301e-6 -4.72367e-6 -1 0 0 1 0 0 1 0 0 1 0 0 1 0 0 1 0 0 1 0 0 1 0 0 1 0 0 1 -6.4596e-7 -3.06136e-7 1 4.48663e-7 -6.06845e-7 1 4.75684e-7 -1.43353e-7 1 0 6.00682e-7 1 0 -4.44231e-7 1 0 0 1 0 0 1 0 0 1 0 0 1 0 0 1 0 0 1 0 0 1 0 0 1 0 0 1 0 0 1 0 0 1 0 0 1 0 0 1 0 0 1 0 0 1 0 0 1 0 0 1 0 0 1 0 0 1 0 0 1 0 0 1 0 0 1 0 0 1 0 0 1 0 0 1 0 0 1 0 0 1 0 0 1 0 0 1 -5.24002e-7 -3.46054e-7 1 0 0 1 0 0 1 0 0 1 0 0 1 -4.79751e-7 -4.17589e-7 1 -1.59331e-7 0 1 0 -2.32578e-7 1 -5.83259e-7 -6.4466e-7 1 0 -1.65357e-6 1 -1.29786e-7 -3.03303e-7 1 0 -3.10844e-7 1 -8.21409e-7 0 1 -3.90818e-7 -1.5842e-6 1 3.67422e-7 0 1 0 8.56917e-7 1 0 3.04924e-7 1 0 3.27719e-7 1 3.60241e-7 5.79577e-7 1 9.78016e-7 1.29274e-6 1 9.56443e-7 9.76285e-7 1 0 4.36198e-7 1 1.21182e-6 9.70154e-7 1 1.45897e-7 0 1 0 6.47263e-7 1 0 0 1 1.50107e-7 0 1 0 0 1 0 0 1 0 0 1 0 0 1 0 0 1 4.42065e-7 1.57331e-6 1 0 -8.0085e-7 1 -5.93011e-7 0 1 -6.00324e-7 0 1 -5.85916e-7 0 1 0 0 1 0 0 1 0 0 1 0 0 1 -3.34217e-7 0 1 0 4.93086e-7 1 -4.37514e-7 0 1 -4.11227e-7 0 1 -7.89258e-7 2.21868e-7 1 -6.42443e-7 0 1 -6.32678e-7 0 1 -5.18164e-7 0 1 0 -3.39469e-7 1 -5.17023e-7 0 1 1.28134e-7 0 1 0 -2.24048e-7 1 2.83579e-7 0 1 5.70002e-7 -3.43175e-7 1 1.78305e-7 0 1 0 -3.62864e-7 1 1.33691e-7 0 1 2.20643e-7 -1.92849e-7 1 0 0 1 1.20013e-7 0 1 0 0 1 0 0 1 0 0 1 0 0 1 0 0 1 0 0 1 0 0 1 0 0 1 0 0 1 0 0 1 0 0 1 0 0 1 0 0 1 0 0 1 0 0 1 0 0 1 0 0 1 0 0 1 0 0 1 0 0 1 0 0 1 0 0 1 0 0 1 0 0 1 1.42063e-7 0 1 1.42063e-7 0 1 -2.20257e-7 0 1 -2.20258e-7 0 1 -2.50803e-7 0 1 -3.45337e-7 -1.49182e-7 1 0 0 1 -1.75994e-7 0 1 -5.07513e-7 0 1 -3.45338e-7 -1.49182e-7 1 0 0 1 4.89352e-7 1.3748e-7 1 6.31847e-7 0 1 2.83608e-7 0 1 3.15678e-7 0 1 2.98943e-7 0 1 0 0 1 2.98749e-7 -3.4756e-7 1 8.76457e-7 0 1</float_array>
          <technique_common>
            <accessor source="#Circle-mesh-normals-array" count="311" stride="3">
              <param name="X" type="float"/>
              <param name="Y" type="float"/>
              <param name="Z" type="float"/>
            </accessor>
          </technique_common>
        </source>
        <source id="Circle-mesh-map-0">
          <float_array id="Circle-mesh-map-0-array" count="6540">0 0 0 0 0 0 0 0 0 0 0 0 0 0 0 0 0 0 0 0 0 0 0 0 0 0 0 0 0 0 0 0 0 0 0 0 0 0 0 0 0 0 0 0 0 0 0 0 0 0 0 0 0 0 0 0 0 0 0 0 0 0 0 0 0 0 0 0 0 0 0 0 0 0 0 0 0 0 0 0 0 0 0 0 0 0 0 0 0 0 0 0 0 0 0 0 0 0 0 0 0 0 0 0 0 0 0 0 0 0 0 0 0 0 0 0 0 0 0 0 0 0 0 0 0 0 0 0 0 0 0 0 0 0 0 0 0 0 0 0 0 0 0 0 0 0 0 0 0 0 0 0 0 0 0 0 0 0 0 0 0 0 0 0 0 0 0 0 0 0 0 0 0 0 0 0 0 0 0 0 0 0 0 0 0 0 0 0 0 0 0 0 0 0 0 0 0 0 0 0 0 0 0 0 0 0 0 0 0 0 0 0 0 0 0 0 0 0 0 0 0 0 0 0 0 0 0 0 0 0 0 0 0 0 0 0 0 0 0 0 0 0 0 0 0 0 0 0 0 0 0 0 0 0 0 0 0 0 0 0 0 0 0 0 0 0 0 0 0 0 0 0 0 0 0 0 0 0 0 0 0 0 0 0 0 0 0 0 0 0 0 0 0 0 0 0 0 0 0 0 0 0 0 0 0 0 0 0 0 0 0 0 0 0 0 0 0 0 0 0 0 0 0 0 0 0 0 0 0 0 0 0 0 0 0 0 0 0 0 0 0 0 0 0 0 0 0 0 0 0 0 0 0 0 0 0 0 0 0 0 0 0 0 0 0 0 0 0 0 0 0 0 0 0 0 0 0 0 0 0 0 0 0 0 0 0 0 0 0 0 0 0 0 0 0 0 0 0 0 0 0 0 0 0 0 0 0 0 0 0 0 0 0 0 0 0 0 0 0 0 0 0 0 0 0 0 0 0 0 0 0 0 0 0 0 0 0 0 0 0 0 0 0 0 0 0 0 0 0 0 0 0 0 0 0 0 0 0 0 0 0 0 0 0 0 0 0 0 0 0 0 0 0 0 0 0 0 0 0 0 0 0 0 0 0 0 0 0 0 0 0 0 0 0 0 0 0 0 0 0 0 0 0 0 0 0 0 0 0 0 0 0 0 0 0 0 0 0 0 0 0 0 0 0 0 0 0 0 0 0 0 0 0 0 0 0 0 0 0 0 0 0 0 0 0 0 0 0 0 0 0 0 0 0 0 0 0 0 0 0 0 0 0 0 0 0 0 0 0 0 0 0 0 0 0 0 0 0 0 0 0 0 0 0 0 0 0 0 0 0 0 0 0 0 0 0 0 0 0 0 0 0 0 0 0 0 0 0 0 0 0 0 0 0 0 0 0 0 0 0 0 0 0 0 0 0 0 0 0 0 0 0 0 0 0 0 0 0 0 0 0 0 0 0 0 0 0 0 0 0 0 0 0 0 0 0 0 0 0 0 0 0 0 0 0 0 0 0 0 0 0 0 0 0 0 0 0 0 0 0 0 0 0 0 0 0 0 0 0 0 0 0 0 0 0 0 0 0 0 0 0 0 0 0 0 0 0 0 0 0 0 0 0 0 0 0 0 0 0 0 0 0 0 0 0 0 0 0 0 0 0 0 0 0 0 0 0 0 0 0 0 0 0 0 0 0 0 0 0 0 0 0 0 0 0 0 0 0 0 0 0 0 0 0 0 0 0 0 0 0 0 0 0 0 0 0 0 0 0 0 0 0 0 0 0 0 0 0 0 0 0 0 0 0 0 0 0 0 0 0 0 0 0 0 0 0 0 0 0 0 0 0 0 0 0 0 0 0 0 0 0 0 0 0 0 0 0 0 0 0 0 0 0 0 0 0 0 0 0 0 0 0 0 0 0 0 0 0 0 0 0 0 0 0 0 0 0 0 0 0 0 0 0 0 0 0 0 0 0 0 0 0 0 0 0 0 0 0 0 0 0 0 0 0 0 0 0 0 0 0 0 0 0 0 0 0 0 0 0 0 0 0 0 0 0 0 0 0 0 0 0 0 0 0 0 0 0 0 0 0 0 0 0 0 0 0 0 0 0 0 0 0 0 0 0 0 0 0 0 0 0 0 0 0 0 0 0 0 0 0 0 0 0 0 0 0 0 0 0 0 0 0 0 0 0 0 0 0 0 0 0 0 0 0 0 0 0 0 0 0 0 0 0 0 0 0 0 0 0 0 0 0 0 0 0 0 0 0 0 0 0 0 0 0 0 0 0 0 0 0 0 0 0 0 0 0 0 0 0 0 0 0 0 0 0 0 0 0 0 0 0 0 0 0 0 0 0 0 0 0 0 0 0 0 0 0 0 0 0 0 0 0 0 0 0 0 0 0 0 0 0 0 0 0 0 0 0 0 0 0 0 0 0 0 0 0 0 0 0 0 0 0 0 0 0 0 0 0 0 0 0 0 0 0 0 0 0 0 0 0 0 0 0 0 0 0 0 0 0 0 0 0 0 0 0 0 0 0 0 0 0 0 0 0 0 0 0 0 0 0 0 0 0 0 0 0 0 0 0 0 0 0 0 0 0 0 0 0 0 0 0 0 0 0 0 0 0 0 0 0 0 0 0 0 0 0 0 0 0 0 0 0 0 0 0 0 0 0 0 0 0 0 0 0 0 0 0 0 0 0 0 0 0 0 0 0 0 0 0 0 0 0 0 0 0 0 0 0 0 0 0 0 0 0 0 0 0 0 0 0 0 0 0 0 0 0 0 0 0 0 0 0 0 0 0 0 0 0 0 0 0 0 0 0 0 0 0 0 0 0 0 0 0 0 0 0 0 0 0 0 0 0 0 0 0 0 0 0 0 0 0 0 0 0 0 0 0 0 0 0 0 0 0 0 0 0 0 0 0 0 0 0 0 0 0 0 0 0 0 0 0 0 0 0 0 0 0 0 0 0 0 0 0 0 0 0 0 0 0 0 0 0 0 0 0 0 0 0 0 0 0 0 0 0 0 0 0 0 0 0 0 0 0 0 0 0 0 0 0 0 0 0 0 0 0 0 0 0 0 0 0 0 0 0 0 0 0 0 0 0 0 0 0 0 0 0 0 0 0 0 0 0 0 0 0 0 0 0 0 0 0 0 0 0 0 0 0 0 0 0 0 0 0 0 0 0 0 0 0 0 0 0 0 0 0 0 0 0 0 0 0 0 0 0 0 0 0 0 0 0 0 0 0 0 0 0 0 0 0 0 0 0 0 0 0 0 0 0 0 0 0 0 0 0 0 0 0 0 0 0 0 0 0 0 0 0 0 0 0 0 0 0 0 0 0 0 0 0 0 0 0 0 0 0 0 0 0 0 0 0 0 0 0 0 0 0 0 0 0 0 0 0 0 0 0 0 0 0 0 0 0 0 0 0 0 0 0 0 0 0 0 0 0 0 0 0 0 0 0 0 0 0 0 0 0 0 0 0 0 0 0 0 0 0 0 0 0 0 0 0 0 0 0 0 0 0 0 0 0 0 0 0 0 0 0 0 0 0 0 0 0 0 0 0 0 0 0 0 0 0 0 0 0 0 0 0 0 0 0 0 0 0 0 0 0 0 0 0 0 0 0 0 0 0 0 0 0 0 0 0 0 0 0 0 0 0 0 0 0 0 0 0 0 0 0 0 0 0 0 0 0 0 0 0 0 0 0 0 0 0 0 0 0 0 0 0 0 0 0 0 0 0 0 0 0 0 0 0 0 0 0 0 0 0 0 0 0 0 0 0 0 0 0 0 0 0 0 0 0 0 0 0 0 0 0 0 0 0 0 0 0 0 0 0 0 0 0 0 0 0 0 0 0 0 0 0 0 0 0 0 0 0 0 0 0 0 0 0 0 0 0 0 0 0 0 0 0 0 0 0 0 0 0 0 0 0 0 0 0 0 0 0 0 0 0 0 0 0 0 0 0 0 0 0 0 0 0 0 0 0 0 0 0 0 0 0 0 0 0 0 0 0 0 0 0 0 0 0 0 0 0 0 0 0 0 0 0 0 0 0 0 0 0 0 0 0 0 0 0 0 0 0 0 0 0 0 0 0 0 0 0 0 0 0 0 0 0 0 0 0 0 0 0 0 0 0 0 0 0 0 0 0 0 0 0 0 0 0 0 0 0 0 0 0 0 0 0 0 0 0 0 0 0 0 0 0 0 0 0 0 0 0 0 0 0 0 0 0 0 0 0 0 0 0 0 0 0 0 0 0 0 0 0 0 0 0 0 0 0 0 0 0 0 0 0 0 0 0 0 0 0 0 0 0 0 0 0 0 0 0 0 0 0 0 0 0 0 0 0 0 0 0 0 0 0 0 0 0 0 0 0 0 0 0 0 0 0 0 0 0 0 0 0 0 0 0 0 0 0 0 0 0 0 0 0 0 0 0 0 0 0 0 0 0 0 0 0 0 0 0 0 0 0 0 0 0 0 0 0 0 0 0 0 0 0 0 0 0 0 0 0 0 0 0 0 0 0 0 0 0 0 0 0 0 0 0 0 0 0 0 0 0 0 0 0 0 0 0 0 0 0 0 0 0 0 0 0 0 0 0 0 0 0 0 0 0 0 0 0 0 0 0 0 0 0 0 0 0 0 0 0 0 0 0 0 0 0 0 0 0 0 0 0 0 0 0 0 0 0 0 0 0 0 0 0 0 0 0 0 0 0 0 0 0 0 0 0 0 0 0 0 0 0 0 0 0 0 0 0 0 0 0 0 0 0 0 0 0 0 0 0 0 0 0 0 0 0 0 0 0 0 0 0 0 0 0 0 0 0 0 0 0 0 0 0 0 0 0 0 0 0 0 0 0 0 0 0 0 0 0 0 0 0 0 0 0 0 0 0 0 0 0 0 0 0 0 0 0 0 0 0 0 0 0 0 0 0 0 0 0 0 0 0 0 0 0 0 0 0 0 0 0 0 0 0 0 0 0 0 0 0 0 0 0 0 0 0 0 0 0 0 0 0 0 0 0 0 0 0 0 0 0 0 0 0 0 0 0 0 0 0 0 0 0 0 0 0 0 0 0 0 0 0 0 0 0 0 0 0 0 0 0 0 0 0 0 0 0 0 0 0 0 0 0 0 0 0 0 0 0 0 0 0 0 0 0 0 0 0 0 0 0 0 0 0 0 0 0 0 0 0 0 0 0 0 0 0 0 0 0 0 0 0 0 0 0 0 0 0 0 0 0 0 0 0 0 0 0 0 0 0 0 0 0 0 0 0 0 0 0 0 0 0 0 0 0 0 0 0 0 0 0 0 0 0 0 0 0 0 0 0 0 0 0 0 0 0 0 0 0 0 0 0 0 0 0 0 0 0 0 0 0 0 0 0 0 0 0 0 0 0 0 0 0 0 0 0 0 0 0 0 0 0 0 0 0 0 0 0 0 0 0 0 0 0 0 0 0 0 0 0 0 0 0 0 0 0 0 0 0 0 0 0 0 0 0 0 0 0 0 0 0 0 0 0 0 0 0 0 0 0 0 0 0 0 0 0 0 0 0 0 0 0 0 0 0 0 0 0 0 0 0 0 0 0 0 0 0 0 0 0 0 0 0 0 0 0 0 0 0 0 0 0 0 0 0 0 0 0 0 0 0 0 0 0 0 0 0 0 0 0 0 0 0 0 0 0 0 0 0 0 0 0 0 0 0 0 0 0 0 0 0 0 0 0 0 0 0 0 0 0 0 0 0 0 0 0 0 0 0 0 0 0 0 0 0 0 0 0 0 0 0 0 0 0 0 0 0 0 0 0 0 0 0 0 0 0 0 0 0 0 0 0 0 0 0 0 0 0 0 0 0 0 0 0 0 0 0 0 0 0 0 0 0 0 0 0 0 0 0 0 0 0 0 0 0 0 0 0 0 0 0 0 0 0 0 0 0 0 0 0 0 0 0 0 0 0 0 0 0 0 0 0 0 0 0 0 0 0 0 0 0 0 0 0 0 0 0 0 0 0 0 0 0 0 0 0 0 0 0 0 0 0 0 0 0 0 0 0 0 0 0 0 0 0 0 0 0 0 0 0 0 0 0 0 0 0 0 0 0 0 0 0 0 0 0 0 0 0 0 0 0 0 0 0 0 0 0 0 0 0 0 0 0 0 0 0 0 0 0 0 0 0 0 0 0 0 0 0 0 0 0 0 0 0 0 0 0 0 0 0 0 0 0 0 0 0 0 0 0 0 0 0 0 0 0 0 0 0 0 0 0 0 0 0 0 0 0 0 0 0 0 0 0 0 0 0 0 0 0 0 0 0 0 0 0 0 0 0 0 0 0 0 0 0 0 0 0 0 0 0 0 0 0 0 0 0 0 0 0 0 0 0 0 0 0 0 0 0 0 0 0 0 0 0 0 0 0 0 0 0 0 0 0 0 0 0 0 0 0 0 0 0 0 0 0 0 0 0 0 0 0 0 0 0 0 0 0 0 0 0 0 0 0 0 0 0 0 0 0 0 0 0 0 0 0 0 0 0 0 0 0 0 0 0 0 0 0 0 0 0 0 0 0 0 0 0 0 0 0 0 0 0 0 0 0 0 0 0 0 0 0 0 0 0 0 0 0 0 0 0 0 0 0 0 0 0 0 0 0 0 0 0 0 0 0 0 0 0 0 0 0 0 0 0 0 0 0 0 0 0 0 0 0 0 0 0 0 0 0 0 0 0 0 0 0 0 0 0 0 0 0 0 0 0 0 0 0 0 0 0 0 0 0 0 0 0 0 0 0 0 0 0 0 0 0 0 0 0 0 0 0 0 0 0 0 0 0 0 0 0 0 0 0 0 0 0 0 0 0 0 0 0 0 0 0 0 0 0 0 0 0 0 0 0 0 0 0 0 0 0 0 0 0 0 0 0 0 0 0 0 0 0 0 0 0 0 0 0 0 0 0 0 0 0 0 0 0 0 0 0 0 0 0 0 0 0 0 0 0 0 0 0 0 0 0 0 0 0 0 0 0 0 0 0 0 0 0 0 0 0 0 0 0 0 0 0 0 0 0 0 0 0 0 0 0 0 0 0 0 0 0 0 0 0 0 0 0 0 0 0 0 0 0 0 0 0 0 0 0 0 0 0 0 0 0 0 0 0 0 0 0 0 0 0 0 0 0 0 0 0 0 0 0 0 0 0 0 0 0 0 0 0 0 0 0 0 0 0 0 0 0 0 0 0 0 0 0 0 0 0 0 0 0 0 0 0 0 0 0 0 0 0 0 0 0 0 0 0 0 0 0 0 0 0 0 0 0 0 0 0 0 0 0 0 0 0 0 0 0 0 0 0 0 0 0 0 0 0 0 0 0 0 0 0 0 0 0 0 0 0 0 0 0 0 0 0 0 0 0 0 0 0 0 0 0 0 0 0 0 0 0 0 0 0 0 0 0 0 0 0 0 0 0 0 0 0 0 0 0 0 0 0 0 0 0 0 0 0 0 0 0 0 0 0 0 0 0 0 0 0 0 0 0 0 0 0 0 0 0 0 0 0 0 0 0 0 0 0 0 0 0 0 0 0 0 0 0 0 0 0 0 0 0 0 0 0 0 0 0 0 0 0 0 0 0 0 0 0 0 0 0 0 0 0 0 0 0 0 0 0 0 0 0 0 0 0 0 0 0 0 0 0 0 0 0 0 0 0 0 0 0 0 0 0 0 0 0 0 0 0 0 0 0 0 0 0 0 0 0 0 0 0 0 0 0 0 0 0 0 0 0 0 0 0 0 0 0 0 0 0 0 0 0 0 0 0 0 0 0 0 0 0 0 0 0 0 0 0 0 0 0 0 0 0 0 0 0 0 0 0 0 0 0 0 0 0 0 0 0 0 0 0 0 0 0 0 0 0 0 0 0 0 0 0 0 0 0 0 0 0 0 0 0 0 0 0 0 0 0 0 0 0 0 0 0 0 0 0 0 0 0 0 0 0 0 0 0 0 0 0 0 0 0 0 0 0 0 0 0 0 0 0 0 0 0 0 0 0 0 0 0 0 0 0 0 0 0 0 0 0 0 0 0 0 0 0 0 0 0 0 0 0 0 0 0 0 0 0 0 0 0 0 0 0 0 0 0 0 0 0 0 0 0 0 0 0 0 0 0 0 0 0 0 0 0 0 0 0 0 0 0 0 0 0 0 0 0 0 0 0 0 0 0 0 0 0 0 0 0 0 0 0 0 0 0 0 0 0 0 0 0 0 0 0 0 0 0 0 0 0 0 0 0 0 0 0 0 0 0 0 0 0 0 0 0 0 0 0 0 0 0 0 0 0 0 0 0 0 0 0 0 0 0 0 0 0 0 0 0 0 0 0 0 0 0 0 0 0 0 0 0 0 0 0 0 0 0 0 0 0 0 0 0 0 0 0 0 0 0 0 0 0 0 0 0 0 0 0 0 0 0 0 0 0 0 0 0 0 0 0 0 0 0 0 0 0 0 0 0 0 0 0 0 0 0 0 0 0 0 0 0 0 0 0 0 0 0 0 0 0 0 0 0 0 0 0 0 0 0 0 0 0 0 0 0 0 0 0 0 0 0 0 0 0 0 0 0 0 0 0 0 0 0 0 0 0 0 0 0 0 0 0 0 0 0 0 0 0 0 0 0 0 0 0 0 0 0 0 0 0 0 0 0 0 0 0 0 0 0 0 0 0 0 0 0 0 0 0 0 0 0 0 0 0 0 0 0 0 0 0 0 0 0 0 0 0 0 0 0 0 0 0 0 0 0 0 0 0 0 0 0 0 0 0 0 0 0 0 0 0 0 0 0 0 0 0 0 0 0 0 0 0 0 0 0 0 0 0 0 0 0 0 0 0 0 0 0 0 0 0 0 0 0 0 0 0 0 0 0 0 0 0 0 0 0 0 0 0 0 0 0 0 0 0 0 0 0 0 0 0 0 0 0 0 0 0 0 0 0 0 0 0 0 0 0 0 0 0 0 0 0 0 0 0 0 0 0 0 0 0 0 0 0 0 0 0 0 0 0 0 0 0 0 0 0 0 0 0 0 0 0 0 0 0 0 0 0 0 0 0 0 0 0 0 0 0 0 0 0 0 0 0 0 0 0 0 0 0 0 0 0 0 0 0 0 0 0 0 0 0 0 0 0 0 0 0 0 0 0 0 0 0 0 0 0 0 0 0 0 0 0 0 0 0 0 0 0 0 0 0 0 0 0 0 0 0 0 0 0 0 0 0 0 0 0 0 0 0 0 0 0 0 0 0 0 0 0 0 0 0 0 0 0 0 0 0 0 0 0 0 0 0 0 0 0 0 0 0 0 0 0 0 0 0 0 0 0 0 0 0 0 0 0 0 0 0 0 0 0 0 0 0 0 0 0 0 0 0 0 0 0 0 0 0 0 0 0 0 0 0 0 0 0 0 0 0 0 0 0 0 0 0 0 0 0 0 0 0 0 0 0 0 0 0 0 0 0 0 0 0 0 0 0 0 0 0 0 0 0 0 0 0 0 0 0 0 0 0 0 0 0 0 0 0 0 0 0 0 0 0 0 0 0 0 0 0 0 0 0 0 0 0 0 0 0 0 0 0 0 0 0 0 0 0 0 0 0 0 0 0 0 0 0 0 0 0 0 0 0 0 0 0 0 0 0 0 0 0 0 0 0 0 0 0 0 0 0 0 0 0 0 0 0 0 0 0 0 0 0 0 0 0 0 0 0 0 0 0 0 0 0 0 0 0 0 0 0 0 0 0 0 0 0 0 0 0 0 0 0 0 0 0 0 0 0 0 0 0 0 0 0 0 0 0 0 0 0 0 0 0 0 0 0 0 0 0 0 0 0 0 0 0 0 0 0 0 0 0 0 0 0 0 0 0 0 0 0 0 0 0 0 0 0 0 0 0 0 0 0 0 0 0 0 0 0 0 0 0 0 0 0 0 0 0 0 0 0 0 0 0 0 0 0 0 0 0 0 0 0 0 0 0 0 0 0 0 0 0 0 0 0 0 0 0 0 0 0 0 0 0 0 0 0 0 0 0 0 0 0 0 0 0 0 0 0 0 0 0 0 0 0 0 0 0 0 0 0 0 0 0 0 0 0 0 0 0 0 0 0 0 0 0 0 0 0 0 0 0 0 0 0 0 0 0 0 0 0 0 0 0 0 0 0 0 0 0 0 0 0 0 0 0 0 0 0 0 0 0 0 0 0 0 0 0 0 0 0 0 0 0 0 0 0 0 0 0 0 0 0 0 0 0 0 0 0 0 0 0 0 0 0 0 0 0 0 0 0 0 0 0 0 0 0 0 0 0 0 0 0 0 0 0 0 0 0 0 0 0 0 0 0 0 0 0 0 0 0 0 0 0 0 0 0 0 0 0 0 0 0 0 0 0 0 0 0 0 0 0 0 0 0 0 0 0 0 0 0 0 0 0 0 0 0 0 0 0 0 0 0 0 0 0 0 0 0 0 0 0 0 0 0 0 0 0 0 0 0 0 0 0 0 0 0 0 0 0 0 0 0 0 0 0 0 0 0 0 0 0 0 0 0 0 0 0 0 0 0 0 0 0 0 0 0 0 0 0 0 0 0 0 0 0 0 0 0 0 0 0 0 0 0 0 0 0 0 0 0 0 0 0 0 0 0 0 0 0 0 0 0 0 0 0 0 0 0 0 0 0 0 0 0 0 0 0 0 0 0 0 0 0 0 0 0 0 0 0 0 0 0 0 0 0 0 0 0 0 0 0 0 0 0 0 0 0 0 0 0 0 0 0 0 0 0 0 0 0 0 0 0 0 0 0 0 0 0 0 0 0 0 0 0 0 0 0 0 0 0 0 0 0 0 0 0 0 0 0 0 0 0 0 0 0 0 0 0 0 0 0 0 0 0 0 0 0 0 0 0 0 0 0 0 0 0 0 0 0 0 0 0 0 0 0 0 0 0 0 0 0 0 0 0 0 0 0 0 0 0 0 0 0 0 0 0 0 0 0 0 0 0 0 0 0 0 0 0 0 0 0 0 0 0 0 0 0 0 0 0 0 0 0 0 0 0 0 0 0 0 0 0 0 0 0 0 0 0 0 0 0 0 0 0 0 0 0 0 0 0 0 0 0 0 0 0 0 0 0 0 0 0 0 0 0 0 0 0 0 0 0 0 0 0 0 0 0 0 0 0 0 0 0 0 0 0 0 0 0 0 0 0 0 0 0 0 0 0 0 0 0 0 0 0 0 0 0 0 0 0 0 0 0 0 0 0 0 0 0 0 0 0 0 0 0 0 0 0 0 0 0 0 0 0 0 0 0 0 0 0 0 0 0 0 0 0 0 0 0 0 0 0 0 0 0 0 0 0 0 0 0 0 0 0 0 0 0 0 0 0 0 0 0 0 0 0 0 0 0 0 0 0 0 0 0 0 0 0 0 0 0 0 0 0 0 0 0 0 0 0 0 0 0 0 0 0 0 0 0 0 0 0 0 0 0 0 0 0 0 0 0 0 0 0 0 0 0 0 0 0 0 0 0 0 0 0 0 0 0 0 0 0 0 0 0 0 0 0 0 0 0 0 0 0 0 0 0 0 0 0 0 0 0 0 0 0 0 0 0 0 0 0 0 0 0 0 0 0 0 0 0 0 0 0 0 0 0 0 0 0 0 0 0 0 0 0 0 0 0 0 0 0 0 0 0 0 0 0 0 0 0 0 0 0 0 0 0 0 0 0 0 0 0 0 0 0 0 0 0 0 0 0 0 0 0 0 0 0 0 0 0 0 0 0 0 0 0 0 0 0 0 0 0 0 0 0 0 0 0 0 0 0 0 0 0 0 0 0 0 0 0 0 0 0 0 0 0 0 0 0 0 0 0 0 0 0 0 0 0 0 0 0 0 0 0 0 0 0 0 0 0 0 0 0 0 0 0 0 0 0 0 0 0 0 0 0 0 0 0 0 0 0 0 0 0 0 0 0 0 0 0 0 0 0 0 0 0 0 0 0 0 0 0 0 0 0 0 0 0 0 0 0 0 0 0 0 0 0 0 0 0 0 0 0 0 0 0 0 0 0 0 0 0 0 0 0 0 0 0 0 0 0 0 0 0 0 0 0 0 0 0 0 0 0 0 0 0 0 0 0 0 0 0 0 0 0 0 0 0 0 0 0 0 0 0 0 0 0 0 0 0 0 0 0 0 0 0 0 0 0 0 0 0 0 0 0 0 0 0 0 0 0 0 0 0 0 0 0 0 0 0 0 0 0 0 0 0 0 0 0 0 0 0 0 0 0 0 0 0 0 0 0 0 0 0 0 0 0 0 0 0 0 0 0 0 0 0 0 0 0 0 0 0 0 0 0 0 0 0 0 0 0 0 0 0 0 0 0 0 0 0 0 0 0 0 0 0 0 0 0 0 0 0 0 0 0 0 0 0 0 0 0 0 0 0 0 0 0 0 0 0 0 0 0 0 0 0 0 0 0 0 0 0 0 0 0 0 0 0 0 0 0 0 0 0 0 0 0 0 0 0 0 0 0 0 0 0 0 0 0 0 0 0 0 0 0 0 0 0 0 0 0 0 0 0 0 0 0 0 0 0 0 0 0 0 0 0 0 0 0 0 0 0 0 0 0 0 0 0 0 0 0 0 0 0 0 0 0 0 0 0 0 0 0 0 0 0 0 0 0 0 0 0 0 0 0 0 0 0 0 0 0 0 0 0 0 0 0 0 0 0 0 0 0 0 0 0 0 0 0 0 0 0 0 0 0 0 0 0 0 0 0 0 0 0 0 0 0 0 0 0 0 0 0 0 0 0 0 0 0 0 0 0 0 0 0 0 0 0 0 0 0 0 0 0 0 0 0 0 0 0 0 0 0 0 0 0 0 0 0 0 0 0 0 0 0 0 0 0 0 0 0 0 0 0 0 0 0 0 0 0 0 0 0 0 0 0 0 0 0 0 0 0 0 0 0 0 0 0 0 0 0 0 0 0 0 0 0 0 0 0 0 0 0 0 0 0 0 0 0 0 0 0 0 0 0 0 0 0 0 0 0 0 0 0 0 0 0 0 0 0 0 0 0 0 0 0 0 0 0 0 0 0 0 0 0 0 0 0 0 0 0 0 0 0 0 0 0 0 0 0 0 0 0 0 0 0 0 0 0 0 0 0 0 0 0 0 0 0 0 0 0 0 0 0 0 0 0 0 0 0 0 0 0 0 0 0 0 0 0 0 0 0 0 0 0 0 0 0 0 0 0 0 0 0 0 0 0 0 0 0 0 0 0 0 0 0 0 0 0 0 0 0 0 0 0 0 0 0 0 0 0 0 0 0 0 0 0 0 0 0 0 0 0 0 0 0 0 0 0 0 0 0 0 0 0 0 0 0 0 0 0 0 0 0 0 0 0 0 0 0 0 0 0 0 0 0 0 0 0 0 0 0 0 0 0 0 0 0 0 0 0 0 0 0 0 0 0 0 0 0 0 0 0 0 0 0 0 0 0 0 0 0 0 0 0 0 0 0 0 0 0 0 0 0 0 0 0 0 0 0 0 0 0 0 0 0 0 0 0 0 0 0 0 0 0 0 0 0 0 0 0 0 0 0 0 0 0 0 0 0 0 0 0 0 0 0 0 0 0 0 0 0 0 0 0 0 0 0 0 0 0 0 0 0 0 0 0 0 0 0 0 0 0 0 0 0 0 0 0 0 0 0 0 0 0 0 0 0 0 0 0 0 0 0 0 0 0 0 0 0 0 0 0 0 0 0 0 0 0 0 0 0 0 0 0 0 0 0 0 0 0 0 0 0 0 0 0 0 0 0 0 0 0 0 0 0 0 0 0 0 0 0 0 0 0 0 0 0 0 0 0 0 0 0 0 0 0 0 0 0 0 0 0 0 0 0 0 0 0 0 0 0 0 0 0 0 0 0 0 0 0 0 0 0 0 0 0 0 0 0 0 0 0 0 0 0 0 0 0 0 0 0 0 0 0 0 0 0 0 0 0 0 0 0 0 0 0 0 0 0 0 0 0 0 0 0 0 0 0 0 0 0 0 0 0 0 0 0 0 0 0 0 0 0 0 0 0 0 0 0 0 0 0 0 0 0 0 0 0 0 0 0 0 0 0 0 0 0 0 0 0 0 0 0 0 0 0 0 0 0 0 0 0 0 0 0 0 0 0 0 0 0 0 0 0 0 0 0 0 0 0 0 0 0 0 0 0 0 0 0 0 0 0 0 0 0 0 0 0 0 0 0 0 0 0 0 0 0 0 0 0 0 0 0 0 0 0 0 0 0 0 0 0 0 0 0 0 0 0 0 0 0 0 0 0 0 0 0 0 0 0 0 0 0 0 0 0 0 0 0 0 0 0 0 0 0 0 0 0 0 0 0 0 0 0 0 0 0 0 0 0 0 0 0 0 0 0 0 0 0 0 0 0 0 0 0 0 0 0 0 0 0 0 0 0 0 0 0 0 0 0 0 0 0 0 0 0 0 0 0 0 0 0 0 0 0 0 0 0 0 0 0 0 0 0 0 0 0 0 0 0 0 0 0 0 0 0 0 0 0 0 0 0 0 0 0 0 0 0 0 0 0 0 0 0 0 0 0 0 0 0 0 0 0 0 0 0 0 0 0 0 0 0 0 0 0 0 0 0 0 0 0 0 0 0 0 0 0 0 0 0 0 0 0 0 0 0 0 0 0 0 0 0 0 0 0 0 0 0 0 0 0 0 0 0 0 0 0 0 0 0 0 0 0 0 0 0 0 0 0 0 0 0 0 0 0 0 0 0 0 0 0 0 0 0 0 0 0 0 0 0 0 0 0 0 0 0 0 0 0 0</float_array>
          <technique_common>
            <accessor source="#Circle-mesh-map-0-array" count="3270" stride="2">
              <param name="S" type="float"/>
              <param name="T" type="float"/>
            </accessor>
          </technique_common>
        </source>
        <vertices id="Circle-mesh-vertices">
          <input semantic="POSITION" source="#Circle-mesh-positions"/>
        </vertices>
        <triangles material="Material_001-material" count="895">
          <input semantic="VERTEX" source="#Circle-mesh-vertices" offset="0"/>
          <input semantic="NORMAL" source="#Circle-mesh-normals" offset="1"/>
          <input semantic="TEXCOORD" source="#Circle-mesh-map-0" offset="2" set="0"/>
          <p>1 0 0 201 0 1 128 0 2 144 0 3 1 0 4 128 0 5 158 0 6 31 0 7 146 0 8 31 0 9 170 0 10 30 0 11 30 0 12 179 0 13 29 0 14 374 0 15 122 0 16 187 0 17 111 0 18 247 0 19 227 0 20 257 0 21 26 0 22 27 0 23 282 0 24 25 0 25 26 0 26 305 0 27 24 0 28 25 0 29 132 0 30 98 0 31 140 0 32 14 0 33 207 0 34 13 0 35 393 0 36 88 0 37 216 0 38 221 0 39 398 0 40 11 0 41 357 0 42 10 0 43 11 0 44 337 0 45 9 0 46 10 0 47 316 0 48 8 0 49 9 0 50 8 0 51 293 0 52 7 0 53 327 0 54 161 0 55 330 0 56 320 0 57 182 0 58 332 0 59 322 0 60 64 0 61 324 0 62 24 0 63 315 0 64 23 0 65 313 0 66 54 0 67 203 0 68 401 0 69 53 0 70 301 0 71 304 0 72 7 0 73 293 0 74 333 0 75 59 0 76 193 0 77 329 0 78 65 0 79 149 0 80 318 0 81 173 0 82 331 0 83 315 0 84 64 0 85 23 0 86 307 0 87 45 0 88 134 0 89 298 0 90 213 0 91 314 0 92 301 0 93 47 0 94 304 0 95 290 0 96 109 0 97 208 0 98 7 0 99 274 0 100 6 0 101 284 0 102 108 0 103 141 0 104 280 0 105 6 0 106 274 0 107 306 0 108 159 0 109 309 0 110 311 0 111 36 0 112 180 0 113 300 0 114 40 0 115 302 0 116 408 0 117 101 0 118 280 0 119 273 0 120 217 0 121 291 0 122 296 0 123 191 0 124 312 0 125 308 0 126 41 0 127 147 0 128 295 0 129 171 0 130 310 0 131 305 0 132 40 0 133 43 0 134 346 0 135 162 0 136 349 0 137 336 0 138 75 0 139 22 0 140 348 0 141 69 0 142 150 0 143 334 0 144 35 0 145 202 0 146 326 0 147 32 0 148 316 0 149 341 0 150 194 0 151 353 0 152 342 0 153 174 0 154 350 0 155 23 0 156 336 0 157 22 0 158 325 0 159 133 0 160 328 0 161 321 0 162 212 0 163 335 0 164 326 0 165 39 0 166 42 0 167 338 0 168 135 0 169 347 0 170 370 1 171 82 1 172 195 1 173 341 0 174 204 0 175 354 0 176 369 0 177 79 0 178 189 0 179 22 0 180 356 0 181 21 0 182 343 0 183 405 0 184 63 0 185 363 0 186 163 0 187 367 0 188 366 0 189 80 0 190 151 0 191 343 0 192 66 0 193 337 0 194 241 0 195 89 0 196 184 0 197 238 0 198 92 0 199 164 0 200 399 0 201 74 0 202 357 0 203 237 0 204 499 0 205 503 0 206 365 0 207 69 0 208 136 0 209 245 0 210 79 0 211 220 0 212 360 0 213 205 0 214 371 0 215 91 0 216 388 0 217 175 0 218 184 0 219 390 0 220 19 0 221 251 0 222 81 0 223 215 0 224 496 0 228 385 0 229 384 0 230 176 0 234 18 0 235 19 0 236 501 0 237 98 0 238 154 0 239 165 0 240 100 0 241 166 0 242 94 0 246 391 0 247 207 0 248 94 0 249 197 0 250 196 0 251 166 0 252 17 0 253 18 0 254 98 0 255 508 0 256 140 0 257 98 0 258 145 0 259 154 0 260 197 0 261 15 0 262 99 0 263 6 0 264 252 0 265 5 0 266 277 0 267 160 0 268 286 0 269 278 0 273 55 0 274 282 0 275 252 0 276 403 0 277 5 0 278 258 0 282 142 0 283 262 0 284 281 0 285 192 0 286 289 0 287 272 0 288 148 0 289 285 0 290 279 0 291 172 0 292 287 0 293 254 0 297 177 0 298 265 0 299 178 3 300 414 3 301 239 3 302 263 0 303 108 0 304 155 0 305 403 0 306 113 0 307 229 0 308 433 0 309 120 0 310 219 0 311 268 0 312 445 0 313 444 0 314 261 0 315 167 0 316 264 0 317 230 0 318 186 0 319 240 0 320 219 0 321 379 0 322 3 0 323 236 0 324 116 0 325 156 0 326 210 0 327 441 0 328 442 0 329 423 4 330 234 4 331 232 4 332 177 5 333 559 5 334 409 5 335 169 0 336 376 0 337 378 0 338 123 0 339 144 0 340 143 0 341 200 0 342 377 0 343 380 0 344 211 0 345 2 0 346 3 0 347 179 0 348 381 0 349 382 0 350 158 0 351 123 0 352 157 0 353 129 0 354 169 0 355 170 0 356 201 0 357 125 0 358 200 0 359 130 0 360 131 0 361 144 0 362 143 0 363 128 0 364 124 0 365 262 0 366 112 0 367 253 0 368 510 0 369 96 0 370 99 0 371 505 0 372 386 0 373 96 0 374 225 0 375 512 0 376 84 0 377 362 0 378 136 0 379 76 0 380 347 0 381 57 0 382 345 0 383 328 0 384 33 0 385 317 0 386 276 0 387 141 0 388 103 0 389 294 0 390 134 0 391 49 0 392 132 0 393 140 0 394 510 0 395 129 0 396 157 0 397 127 0 398 411 6 399 254 6 400 265 6 401 233 0 402 156 0 403 117 0 404 261 0 405 155 0 406 110 0 407 285 0 408 50 0 409 277 0 410 154 0 411 17 0 412 100 0 413 153 0 414 100 0 415 97 0 416 92 0 417 511 0 418 496 0 419 511 0 420 226 0 421 503 0 422 363 0 423 151 0 424 85 0 425 346 0 426 150 0 427 77 0 428 306 0 429 147 0 430 44 0 431 327 0 432 149 0 433 67 0 434 130 0 435 146 0 436 0 0 437 170 0 438 126 0 439 30 0 440 126 0 441 378 0 442 381 0 443 264 0 444 104 0 445 254 0 446 286 0 447 52 0 448 279 0 449 95 0 450 166 0 451 18 0 452 164 0 453 394 0 454 91 0 455 367 0 456 83 0 457 361 0 458 349 0 459 73 0 460 342 0 461 309 0 462 34 0 463 295 0 464 330 0 465 58 0 466 318 0 467 29 0 468 382 0 469 374 0 470 123 7 471 422 7 472 420 7 473 378 8 474 418 8 475 416 8 476 175 0 480 390 0 481 89 0 482 358 9 483 518 9 484 79 9 485 350 0 486 71 0 487 340 0 488 310 0 489 36 0 490 297 0 491 331 0 492 60 0 493 320 0 494 240 0 495 111 0 496 227 0 497 220 0 498 184 0 499 20 0 500 224 10 501 516 10 502 514 10 503 373 0 504 189 0 505 245 0 506 352 0 507 244 0 508 355 0 509 128 0 510 200 0 511 124 0 512 124 0 513 380 0 514 383 0 515 441 11 516 440 11 517 430 11 518 444 0 519 198 0 520 103 0 521 289 0 522 49 0 523 276 0 524 196 0 525 99 0 526 96 0 527 370 0 528 84 0 529 362 0 530 353 0 531 76 0 532 345 0 533 312 0 534 33 0 535 294 0 536 317 0 537 193 0 538 57 0 539 436 0 540 379 0 541 120 0 542 207 0 549 393 0 550 13 0 551 354 0 552 61 0 553 339 0 554 321 0 555 202 0 556 37 0 557 273 0 558 208 0 559 105 0 560 298 0 561 203 0 562 46 0 563 250 0 564 4 0 565 229 0 566 432 0 567 218 0 568 113 0 569 456 0 570 215 0 571 452 0 572 458 12 573 462 12 574 455 12 575 291 0 576 454 0 577 457 0 578 314 0 579 451 0 580 458 0 581 216 0 582 456 0 583 453 0 584 218 0 585 229 0 586 113 0 587 88 0 588 249 0 589 223 0 590 355 0 594 75 0 595 344 0 596 356 0 597 245 0 598 21 0 599 278 0 600 292 0 601 551 0 602 271 0 603 107 0 604 257 0 605 183 0 606 220 0 607 79 0 608 28 0 609 240 0 610 227 0 611 122 0 612 239 0 613 230 0 614 151 0 615 226 0 616 85 0 617 142 0 618 228 0 619 112 0 620 187 0 621 230 0 622 240 0 623 439 0 624 250 0 625 218 0 626 116 0 627 234 0 628 142 0 629 88 0 633 251 0 634 216 0 635 21 0 636 220 0 637 20 0 638 80 0 639 500 0 640 499 0 641 85 0 642 238 0 643 163 0 644 227 0 645 27 0 646 28 0 647 247 0 648 257 0 649 27 0 650 454 0 651 449 0 652 106 0 653 208 0 654 448 0 655 105 0 656 112 0 657 268 0 658 253 0 659 190 0 660 271 0 661 247 0 662 546 0 663 111 0 664 548 0 665 124 13 666 383 13 667 424 13 668 118 0 669 264 0 670 254 0 671 117 0 672 263 0 673 261 0 674 103 0 675 262 0 676 253 0 677 168 0 678 261 0 679 264 0 680 228 14 681 425 14 682 427 14 683 111 0 684 267 0 685 190 0 686 156 0 687 258 0 688 263 0 689 230 15 690 412 15 691 114 15 692 380 16 693 377 16 694 428 16 695 105 0 696 449 0 697 217 0 698 141 0 699 258 0 700 262 0 701 109 0 702 450 0 703 208 0 704 101 0 705 400 0 706 252 0 707 107 0 708 542 0 709 544 0 710 213 0 711 457 0 712 451 0 713 46 0 714 290 0 715 273 0 716 198 0 717 276 0 718 103 0 719 167 0 723 279 0 724 104 0 725 155 0 726 277 0 727 110 0 728 49 0 729 284 0 730 276 0 731 104 0 732 287 0 733 177 0 734 108 0 735 285 0 736 155 0 737 109 0 738 289 0 739 198 0 740 26 0 741 550 0 742 282 0 743 110 0 747 286 0 748 167 0 749 46 0 750 291 0 751 213 0 752 53 0 753 408 0 754 280 0 755 53 0 756 274 0 757 47 0 758 134 0 759 272 0 760 284 0 761 203 0 762 281 0 763 290 0 764 212 0 765 458 0 766 455 0 767 37 0 768 313 0 769 298 0 770 192 0 771 294 0 772 49 0 773 564 0 774 552 0 775 56 0 776 160 0 777 295 0 778 52 0 779 148 0 780 306 0 781 50 0 782 33 0 783 307 0 784 294 0 785 25 0 786 302 0 787 305 0 788 295 0 789 310 0 790 555 0 791 45 0 792 308 0 793 148 0 794 54 0 795 312 0 796 192 0 797 51 0 798 302 0 799 55 0 800 556 0 801 297 0 802 311 0 803 50 0 804 309 0 805 160 0 806 42 0 807 301 0 808 304 0 809 37 0 810 314 0 811 212 0 812 133 0 813 303 0 814 307 0 815 42 0 816 293 0 817 32 0 818 202 0 819 296 0 820 313 0 821 61 0 822 334 0 823 321 0 824 33 0 825 333 0 826 317 0 827 171 0 828 320 0 829 36 0 830 159 0 831 318 0 832 34 0 833 44 0 834 329 0 835 327 0 836 135 0 837 317 0 838 57 0 839 63 0 840 326 0 841 66 0 842 61 0 843 335 0 844 214 0 845 65 0 846 328 0 847 135 0 848 66 0 849 316 0 850 9 0 851 405 0 852 323 0 853 63 0 854 204 0 855 319 0 856 334 0 857 43 0 858 324 0 859 315 0 860 34 0 861 331 0 862 171 0 863 147 0 864 325 0 865 329 0 866 191 0 867 319 0 868 333 0 869 38 0 870 324 0 871 40 0 872 36 0 873 332 0 874 180 0 875 44 0 876 330 0 877 159 0 878 62 0 879 355 0 880 344 0 881 70 17 882 354 17 883 339 17 884 57 0 885 353 0 886 345 0 887 173 0 888 340 0 889 60 0 890 161 0 891 342 0 892 58 0 893 67 0 894 348 0 895 346 0 896 76 0 897 347 0 898 345 0 899 74 0 900 337 0 901 10 0 902 402 0 903 343 0 904 74 0 905 205 0 906 341 0 907 354 0 908 136 0 909 338 0 910 347 0 911 58 0 912 350 0 913 173 0 914 193 0 915 341 0 916 353 0 917 527 18 918 529 18 919 332 18 920 149 0 921 338 0 922 348 0 923 64 0 924 344 0 925 336 0 926 67 0 927 349 0 928 161 0 929 244 0 930 356 0 931 75 0 932 452 0 933 372 0 934 459 0 935 194 0 936 362 0 937 76 0 938 188 0 939 373 0 940 244 0 941 162 0 942 361 0 943 73 0 944 77 0 945 366 0 946 363 0 947 513 0 948 365 0 949 362 0 950 398 0 954 357 0 955 11 0 956 150 0 957 359 0 958 366 0 959 77 0 960 367 0 961 162 0 962 73 0 963 368 0 964 174 0 965 68 0 966 369 0 967 188 0 968 72 0 969 370 0 970 194 0 971 374 0 972 178 0 973 122 0 974 375 0 975 125 0 976 211 0 977 382 0 978 121 0 979 178 0 980 437 0 981 211 0 982 3 0 983 415 19 984 417 19 985 233 19 986 547 20 987 548 20 988 186 20 989 384 0 993 95 0 994 394 0 995 391 0 996 88 0 997 393 0 998 388 0 999 19 0 1000 390 0 1001 394 0 1002 176 0 1003 388 0 1004 507 0 1008 153 0 1009 97 0 1010 392 0 1011 206 0 1012 391 0 1013 387 0 1014 96 0 1015 386 0 1016 392 0 1017 196 0 1018 387 0 1019 385 0 1020 165 0 1021 384 0 1022 399 0 1023 86 0 1024 364 0 1025 406 0 1026 256 0 1027 400 0 1028 402 0 1029 364 0 1030 78 0 1031 406 0 1032 275 0 1033 106 0 1034 404 0 1035 299 0 1036 48 0 1037 400 0 1038 113 0 1039 403 0 1040 404 0 1041 275 0 1042 408 0 1043 538 23 1050 118 23 1051 411 23 1052 414 24 1053 412 24 1054 239 24 1055 410 25 1056 114 25 1057 412 25 1058 438 0 1065 256 0 1066 106 0 1067 432 0 1068 439 0 1069 218 0 1070 435 0 1071 442 0 1072 437 0 1073 433 0 1083 436 0 1084 120 0 1085 435 0 1086 248 0 1087 210 0 1088 447 0 1095 198 0 1096 444 0 1097 445 0 1098 268 0 1099 199 0 1100 440 28 1101 210 28 1102 248 28 1103 377 0 1104 442 0 1105 119 0 1106 442 0 1107 375 0 1108 437 0 1109 446 0 1116 444 0 1117 445 0 1118 446 29 1119 443 29 1120 431 29 1121 86 0 1131 459 0 1132 364 0 1133 451 0 1134 275 0 1135 48 0 1136 453 0 1137 221 0 1138 12 0 1139 458 0 1140 48 0 1141 299 0 1142 457 0 1143 106 0 1144 275 0 1145 221 0 1146 452 0 1147 86 0 1148 212 54 1221 455 54 1222 465 54 1223 471 55 1224 474 55 1225 339 55 1226 480 56 1227 371 56 1228 205 56 1229 483 57 1230 486 57 1231 82 57 1232 84 58 1233 195 58 1234 492 58 1235 225 59 1236 495 59 1237 504 59 1238 387 61 1242 491 61 1243 488 61 1244 485 62 1245 249 62 1246 206 62 1247 249 63 1248 482 63 1249 223 63 1250 482 64 1251 81 64 1252 223 64 1253 479 65 1254 372 65 1255 215 65 1256 459 66 1257 476 66 1258 473 66 1259 470 67 1260 467 67 1261 397 67 1262 323 68 1263 407 68 1264 461 68 1265 508 0 1272 510 0 1273 140 0 1274 496 0 1281 507 0 1282 385 0 1283 502 0 1287 501 0 1288 153 0 1289 509 0 1290 500 0 1291 80 0 1292 509 0 1302 359 0 1303 365 0 1304 494 69 1305 386 69 1306 498 69 1307 410 71 1320 411 71 1321 409 71 1322 188 72 1323 522 72 1324 68 72 1325 524 73 1326 522 73 1327 352 73 1328 526 74 1329 243 74 1330 62 74 1331 528 75 1332 322 75 1333 38 75 1334 532 76 1335 300 76 1336 51 76 1337 246 77 1338 549 77 1339 542 77 1340 523 79 1347 525 79 1348 340 79 1349 368 80 1350 519 80 1351 521 80 1352 83 81 1353 515 81 1354 517 81 1355 163 82 1356 351 82 1357 515 82 1358 164 0 1359 91 0 1360 238 0 1361 238 84 1365 91 84 1366 351 84 1367 539 89 1380 551 89 1381 292 89 1382 545 0 1386 292 0 1387 278 0 1388 267 90 1389 260 90 1390 549 90 1391 554 0 1401 556 0 1402 181 0 1403 552 0 1404 556 0 1405 56 0 1406 534 92 1407 532 92 1408 242 92 1409 278 0 1410 550 0 1411 545 0 1412 535 94 1416 181 94 1417 311 94 1418 551 0 1419 51 0 1420 278 0 1421 561 0 1422 310 0 1423 297 0 1424 558 0 1428 56 0 1429 556 0 1430 562 0 1431 177 0 1432 287 0 1433 559 96 1434 560 96 1435 102 96 1436 558 0 1437 564 0 1438 56 0 1439 565 0 1440 287 0 1441 172 0 1442 561 0 1443 172 0 1444 555 0 1445 554 97 1449 557 97 1450 537 97 1451 1 0 1452 2 0 1453 201 0 1454 144 0 1455 131 0 1456 1 0 1457 158 0 1458 129 0 1459 31 0 1460 31 0 1461 129 0 1462 170 0 1463 30 0 1464 126 0 1465 179 0 1466 28 0 1467 29 0 1468 187 0 1469 29 0 1470 374 0 1471 187 0 1472 111 98 1473 190 98 1474 247 98 1475 257 0 1476 107 0 1477 26 0 1478 282 0 1479 55 0 1480 25 0 1481 305 0 1482 43 0 1483 24 0 1484 132 0 1485 16 0 1486 98 0 1487 14 0 1488 94 0 1489 207 0 1490 12 0 1491 13 0 1492 453 0 1493 13 0 1494 393 0 1495 216 0 1496 453 0 1497 13 0 1498 216 0 1499 11 0 1500 12 0 1501 221 0 1502 221 0 1503 86 0 1504 398 0 1505 357 0 1506 74 0 1507 10 0 1508 337 0 1509 66 0 1510 9 0 1511 316 0 1512 32 0 1513 8 0 1514 8 0 1515 32 0 1516 293 0 1517 327 0 1518 67 0 1519 161 0 1520 320 0 1521 60 0 1522 182 0 1523 322 0 1524 62 0 1525 64 0 1526 24 0 1527 43 0 1528 315 0 1529 313 0 1530 296 0 1531 54 0 1532 401 0 1533 404 0 1534 53 0 1535 304 0 1536 47 0 1537 7 0 1538 333 0 1539 319 0 1540 59 0 1541 329 0 1542 325 0 1543 65 0 1544 318 0 1545 58 0 1546 173 0 1547 315 0 1548 324 0 1549 64 0 1550 307 0 1551 303 0 1552 45 0 1553 298 0 1554 46 0 1555 213 0 1556 301 0 1557 53 0 1558 47 0 1559 290 0 1560 281 0 1561 109 0 1562 7 0 1563 47 0 1564 274 0 1565 284 0 1566 272 0 1567 108 0 1568 280 0 1569 101 0 1570 6 0 1571 306 0 1572 44 0 1573 159 0 1574 311 0 1575 297 0 1576 36 0 1577 300 0 1578 38 0 1579 40 0 1580 408 0 1581 406 0 1582 101 0 1583 273 0 1584 105 0 1585 217 0 1586 296 0 1587 35 0 1588 191 0 1589 308 0 1590 303 0 1591 41 0 1592 295 0 1593 34 0 1594 171 0 1595 305 0 1596 302 0 1597 40 0 1598 346 0 1599 77 0 1600 162 0 1601 336 0 1602 344 0 1603 75 0 1604 348 0 1605 338 0 1606 69 0 1607 334 0 1608 319 0 1609 35 0 1610 326 0 1611 42 0 1612 32 0 1613 341 0 1614 72 0 1615 194 0 1616 342 0 1617 73 0 1618 174 0 1619 23 0 1620 64 0 1621 336 0 1622 325 0 1623 41 0 1624 133 0 1625 321 0 1626 37 0 1627 212 0 1628 326 0 1629 323 0 1630 39 0 1631 338 0 1632 65 0 1633 135 0 1634 370 99 1635 360 99 1636 82 99 1637 341 0 1638 59 0 1639 204 0 1640 369 0 1641 358 0 1642 79 0 1643 22 0 1644 75 0 1645 356 0 1646 343 0 1647 397 0 1648 405 0 1649 363 0 1650 85 0 1651 163 0 1652 366 0 1653 359 0 1654 80 0 1655 343 0 1656 63 0 1657 66 0 1658 241 0 1659 224 0 1660 89 0 1661 238 0 1662 226 0 1663 92 0 1664 399 0 1665 402 0 1666 74 0 1667 365 0 1668 359 0 1669 69 0 1670 245 0 1671 189 0 1672 79 0 1673 360 0 1674 72 0 1675 205 0 1676 91 0 1677 394 0 1678 388 0 1679 19 0 1680 20 0 1681 184 0 1682 184 0 1683 89 0 1684 390 0 1685 251 0 1686 223 0 1687 81 0 1688 384 0 1692 164 0 1693 496 0 1694 164 0 1695 92 0 1696 496 0 1697 176 0 1704 95 0 1705 18 0 1706 154 0 1707 153 0 1708 501 0 1709 501 0 1710 497 0 1711 98 0 1712 165 0 1713 97 0 1714 100 0 1715 94 0 1719 392 0 1720 391 0 1721 94 0 1722 14 0 1723 197 0 1724 166 0 1725 100 0 1726 17 0 1727 98 0 1728 497 0 1729 508 0 1730 98 0 1731 16 0 1732 145 0 1733 197 0 1734 14 0 1735 15 0 1736 6 0 1737 101 0 1738 252 0 1739 277 0 1740 50 0 1741 160 0 1742 278 0 1746 51 0 1747 55 0 1748 252 0 1749 400 0 1750 403 0 1751 258 0 1755 116 0 1756 142 0 1757 281 0 1758 54 0 1759 192 0 1760 272 0 1761 45 0 1762 148 0 1763 279 0 1764 52 0 1765 172 0 1766 254 0 1773 104 0 1774 177 0 1775 178 101 1776 121 101 1777 414 101 1778 263 0 1779 258 0 1780 108 0 1781 4 0 1782 5 0 1783 229 0 1784 5 0 1785 403 0 1786 229 0 1787 219 0 1788 250 0 1789 434 0 1790 434 0 1791 433 0 1792 219 0 1793 261 0 1794 110 0 1795 167 0 1796 230 0 1797 114 0 1798 186 0 1799 3 0 1800 4 0 1801 219 0 1802 219 0 1803 120 0 1804 379 0 1805 236 0 1806 232 0 1807 116 0 1808 423 102 1809 425 102 1810 234 102 1811 425 103 1812 228 103 1813 234 103 1814 419 104 1815 421 104 1816 236 104 1817 421 105 1818 423 105 1819 232 105 1820 233 106 1821 417 106 1822 236 106 1823 417 107 1824 419 107 1825 236 107 1826 421 108 1827 232 108 1828 236 108 1829 409 109 1830 265 109 1831 177 109 1832 177 110 1833 560 110 1834 559 110 1835 169 0 1836 127 0 1837 376 0 1838 123 0 1839 130 0 1840 144 0 1841 200 0 1842 125 0 1843 377 0 1844 211 0 1845 125 0 1846 2 0 1847 179 0 1848 126 0 1849 381 0 1850 158 0 1851 130 0 1852 123 0 1853 129 0 1854 127 0 1855 169 0 1856 201 0 1857 2 0 1858 125 0 1859 130 0 1860 0 0 1861 131 0 1862 143 0 1863 144 0 1864 128 0 1865 262 0 1866 142 0 1867 112 0 1868 510 0 1869 505 0 1870 96 0 1871 505 0 1872 498 0 1873 386 0 1874 225 0 1875 504 0 1876 512 0 1877 362 0 1878 365 0 1879 136 0 1880 347 0 1881 135 0 1882 57 0 1883 328 0 1884 133 0 1885 33 0 1886 276 0 1887 284 0 1888 141 0 1889 294 0 1890 307 0 1891 134 0 1892 99 0 1893 15 0 1894 510 0 1895 15 0 1896 132 0 1897 510 0 1898 129 0 1899 158 0 1900 157 0 1901 265 111 1902 409 111 1903 411 111 1904 411 112 1905 118 112 1906 254 112 1907 233 0 1908 236 0 1909 156 0 1910 261 0 1911 263 0 1912 155 0 1913 285 0 1914 148 0 1915 50 0 1916 154 0 1917 145 0 1918 17 0 1919 153 0 1920 154 0 1921 100 0 1922 92 0 1923 226 0 1924 511 0 1925 226 0 1926 237 0 1927 503 0 1928 363 0 1929 366 0 1930 151 0 1931 346 0 1932 348 0 1933 150 0 1934 306 0 1935 308 0 1936 147 0 1937 327 0 1938 329 0 1939 149 0 1940 130 0 1941 158 0 1942 146 0 1943 170 0 1944 169 0 1945 126 0 1946 126 0 1947 169 0 1948 378 0 1949 264 0 1950 167 0 1951 104 0 1952 286 0 1953 160 0 1954 52 0 1955 95 0 1956 165 0 1957 166 0 1958 164 0 1959 384 0 1960 394 0 1961 367 0 1962 163 0 1963 83 0 1964 349 0 1965 162 0 1966 73 0 1967 309 0 1968 159 0 1969 34 0 1970 330 0 1971 161 0 1972 58 0 1973 29 0 1974 179 0 1975 382 0 1976 123 113 1977 143 113 1978 422 113 1979 143 114 1980 424 114 1981 422 114 1982 127 115 1983 157 115 1984 420 115 1985 157 116 1986 123 116 1987 420 116 1988 420 117 1989 418 117 1990 376 117 1991 376 118 1992 127 118 1993 420 118 1994 121 119 1995 381 119 1996 416 119 1997 381 120 1998 378 120 1999 416 120 2000 378 121 2001 376 121 2002 418 121 2003 416 122 2004 414 122 2005 121 122 2006 175 0 2013 388 0 2014 390 0 2015 358 123 2016 68 123 2017 520 123 2018 520 124 2019 518 124 2020 358 124 2021 518 125 2022 183 125 2023 79 125 2024 350 0 2025 174 0 2026 71 0 2027 310 0 2028 171 0 2029 36 0 2030 331 0 2031 173 0 2032 60 0 2033 240 0 2034 186 0 2035 111 0 2036 220 0 2037 241 0 2038 184 0 2039 241 126 2040 183 126 2041 516 126 2042 183 127 2043 518 127 2044 516 127 2045 175 128 2046 89 128 2047 514 128 2048 89 129 2049 224 129 2050 514 129 2051 224 130 2052 241 130 2053 516 130 2054 514 131 2055 91 131 2056 175 131 2057 373 0 2058 369 0 2059 189 0 2060 352 0 2061 188 0 2062 244 0 2063 128 0 2064 201 0 2065 200 0 2066 124 0 2067 200 0 2068 380 0 2069 430 132 2070 428 132 2071 119 132 2072 119 133 2073 441 133 2074 430 133 2075 103 0 2076 253 0 2077 444 0 2078 253 0 2079 268 0 2080 444 0 2081 289 0 2082 192 0 2083 49 0 2084 196 0 2085 197 0 2086 99 0 2087 370 0 2088 195 0 2089 84 0 2090 353 0 2091 194 0 2092 76 0 2093 312 0 2094 191 0 2095 33 0 2096 317 0 2097 333 0 2098 193 0 2099 436 0 2100 437 0 2101 379 0 2102 207 0 2112 391 0 2113 393 0 2114 354 0 2115 204 0 2116 61 0 2117 321 0 2118 334 0 2119 202 0 2120 273 0 2121 290 0 2122 208 0 2123 298 0 2124 313 0 2125 203 0 2126 250 0 2127 219 0 2128 4 0 2129 113 0 2130 256 0 2131 438 0 2132 438 0 2133 432 0 2134 113 0 2135 456 0 2136 251 0 2137 215 0 2138 291 0 2139 217 0 2140 454 0 2141 314 0 2142 213 0 2143 451 0 2144 216 0 2145 251 0 2146 456 0 2147 218 0 2148 250 0 2149 229 0 2150 88 0 2151 206 0 2152 249 0 2153 355 0 2157 244 0 2158 75 0 2159 356 0 2160 373 0 2161 245 0 2162 271 0 2163 246 0 2164 107 0 2165 183 0 2166 241 0 2167 220 0 2168 28 0 2169 187 0 2170 240 0 2171 122 0 2172 178 0 2173 239 0 2174 151 0 2175 237 0 2176 226 0 2177 142 0 2178 234 0 2179 228 0 2180 187 0 2181 122 0 2182 230 0 2183 439 0 2184 434 0 2185 250 0 2186 116 0 2187 232 0 2188 234 0 2189 88 0 2193 223 0 2194 251 0 2195 21 0 2196 245 0 2197 220 0 2198 237 0 2199 151 0 2200 499 0 2201 151 0 2202 80 0 2203 499 0 2204 85 0 2205 226 0 2206 238 0 2207 227 0 2208 247 0 2209 27 0 2210 247 0 2211 271 0 2212 257 0 2213 454 0 2214 217 0 2215 449 0 2216 208 0 2217 450 0 2218 448 0 2219 112 0 2220 199 0 2221 268 0 2222 190 0 2223 267 0 2224 271 0 2225 260 0 2226 111 0 2227 546 0 2228 111 0 2229 186 0 2230 548 0 2231 424 134 2232 143 134 2233 124 134 2234 383 135 2235 426 135 2236 424 135 2237 118 0 2238 168 0 2239 264 0 2240 117 0 2241 156 0 2242 263 0 2243 103 0 2244 141 0 2245 262 0 2246 168 0 2247 117 0 2248 261 0 2249 427 136 2250 429 136 2251 199 136 2252 199 137 2253 112 137 2254 427 137 2255 112 138 2256 228 138 2257 427 138 2258 111 0 2259 260 0 2260 267 0 2261 156 0 2262 116 0 2263 258 0 2264 230 139 2265 239 139 2266 412 139 2267 119 140 2268 428 140 2269 377 140 2270 428 141 2271 426 141 2272 380 141 2273 426 142 2274 383 142 2275 380 142 2276 105 0 2277 448 0 2278 449 0 2279 141 0 2280 108 0 2281 258 0 2282 109 0 2283 447 0 2284 450 0 2285 101 0 2286 406 0 2287 400 0 2288 107 0 2289 246 0 2290 542 0 2291 213 0 2292 291 0 2293 457 0 2294 46 0 2295 203 0 2296 290 0 2297 198 0 2298 289 0 2299 276 0 2300 167 0 2304 286 0 2305 279 0 2306 155 0 2307 285 0 2308 277 0 2309 49 0 2310 134 0 2311 284 0 2312 104 0 2313 279 0 2314 287 0 2315 108 0 2316 272 0 2317 285 0 2318 109 0 2319 281 0 2320 289 0 2321 26 0 2322 107 0 2323 544 0 2324 550 0 2325 278 0 2326 282 0 2327 26 0 2328 544 0 2329 550 0 2330 110 0 2334 277 0 2335 286 0 2336 46 0 2337 273 0 2338 291 0 2339 53 0 2340 404 0 2341 408 0 2342 53 0 2343 280 0 2344 274 0 2345 134 0 2346 45 0 2347 272 0 2348 203 0 2349 54 0 2350 281 0 2351 212 0 2352 314 0 2353 458 0 2354 37 0 2355 202 0 2356 313 0 2357 192 0 2358 312 0 2359 294 0 2360 564 0 2361 561 0 2362 552 0 2363 160 0 2364 309 0 2365 295 0 2366 148 0 2367 308 0 2368 306 0 2369 33 0 2370 133 0 2371 307 0 2372 25 0 2373 55 0 2374 302 0 2375 555 0 2376 172 0 2377 52 0 2378 52 0 2379 295 0 2380 555 0 2381 45 0 2382 303 0 2383 308 0 2384 54 0 2385 296 0 2386 312 0 2387 51 0 2388 300 0 2389 302 0 2390 311 0 2391 181 0 2392 556 0 2393 556 0 2394 552 0 2395 297 0 2396 50 0 2397 306 0 2398 309 0 2399 42 0 2400 39 0 2401 301 0 2402 37 0 2403 298 0 2404 314 0 2405 133 0 2406 41 0 2407 303 0 2408 42 0 2409 304 0 2410 293 0 2411 202 0 2412 35 0 2413 296 0 2414 61 0 2415 204 0 2416 334 0 2417 33 0 2418 191 0 2419 333 0 2420 171 0 2421 331 0 2422 320 0 2423 159 0 2424 330 0 2425 318 0 2426 44 0 2427 147 0 2428 329 0 2429 135 0 2430 328 0 2431 317 0 2432 63 0 2433 323 0 2434 326 0 2435 61 0 2436 321 0 2437 335 0 2438 65 0 2439 325 0 2440 328 0 2441 66 0 2442 326 0 2443 316 0 2444 405 0 2445 407 0 2446 323 0 2447 204 0 2448 59 0 2449 319 0 2450 43 0 2451 40 0 2452 324 0 2453 34 0 2454 318 0 2455 331 0 2456 147 0 2457 41 0 2458 325 0 2459 191 0 2460 35 0 2461 319 0 2462 38 0 2463 322 0 2464 324 0 2465 36 0 2466 320 0 2467 332 0 2468 44 0 2469 327 0 2470 330 0 2471 62 0 2472 243 0 2473 355 0 2474 70 143 2475 205 143 2476 354 143 2477 57 0 2478 193 0 2479 353 0 2480 173 0 2481 350 0 2482 340 0 2483 161 0 2484 349 0 2485 342 0 2486 67 0 2487 149 0 2488 348 0 2489 76 0 2490 136 0 2491 347 0 2492 74 0 2493 343 0 2494 337 0 2495 402 0 2496 397 0 2497 343 0 2498 205 0 2499 72 0 2500 341 0 2501 136 0 2502 69 0 2503 338 0 2504 58 0 2505 342 0 2506 350 0 2507 193 0 2508 59 0 2509 341 0 2510 529 144 2511 531 144 2512 332 144 2513 531 145 2514 180 145 2515 332 145 2516 332 146 2517 182 146 2518 527 146 2519 182 147 2520 525 147 2521 527 147 2522 149 0 2523 65 0 2524 338 0 2525 64 0 2526 62 0 2527 344 0 2528 67 0 2529 346 0 2530 349 0 2531 244 0 2532 373 0 2533 356 0 2534 452 0 2535 215 0 2536 372 0 2537 194 0 2538 370 0 2539 362 0 2540 188 0 2541 369 0 2542 373 0 2543 162 0 2544 367 0 2545 361 0 2546 77 0 2547 150 0 2548 366 0 2549 362 0 2550 84 0 2551 513 0 2552 84 0 2553 512 0 2554 513 0 2555 513 0 2556 506 0 2557 365 0 2558 398 0 2559 399 0 2560 357 0 2561 150 0 2562 69 0 2563 359 0 2564 77 0 2565 363 0 2566 367 0 2567 73 0 2568 361 0 2569 368 0 2570 68 0 2571 358 0 2572 369 0 2573 72 0 2574 360 0 2575 370 0 2576 374 0 2577 382 0 2578 178 0 2579 375 0 2580 377 0 2581 125 0 2582 382 0 2583 381 0 2584 121 0 2585 3 0 2586 379 0 2587 437 0 2588 437 0 2589 375 0 2590 211 0 2591 233 148 2592 117 148 2593 415 148 2594 117 149 2595 168 149 2596 415 149 2597 168 150 2598 118 150 2599 413 150 2600 413 151 2601 415 151 2602 168 151 2603 186 152 2604 114 152 2605 410 152 2606 410 153 2607 547 153 2608 186 153 2609 384 0 2613 165 0 2614 95 0 2615 391 0 2616 206 0 2617 88 0 2618 388 0 2619 176 0 2620 19 0 2621 394 0 2622 95 0 2623 176 0 2624 97 0 2631 385 0 2632 507 0 2633 507 0 2634 502 0 2635 153 0 2636 392 0 2637 90 0 2638 206 0 2639 387 0 2640 196 0 2641 96 0 2642 392 0 2643 94 0 2644 196 0 2645 385 0 2646 97 0 2647 165 0 2648 399 0 2649 398 0 2650 86 0 2651 406 0 2652 106 0 2653 256 0 2654 402 0 2655 399 0 2656 364 0 2657 406 0 2658 408 0 2659 275 0 2660 404 0 2661 401 0 2662 299 0 2663 400 0 2664 256 0 2665 113 0 2666 404 0 2667 48 0 2668 275 0 2669 538 163 2697 413 163 2698 118 163 2699 435 0 2727 210 0 2728 442 0 2729 447 0 2736 109 0 2737 198 0 2738 429 174 2739 443 174 2740 199 174 2741 443 175 2742 445 175 2743 199 175 2744 440 176 2745 441 176 2746 210 176 2747 375 0 2748 442 0 2749 377 0 2750 442 0 2751 441 0 2752 119 0 2753 446 177 2760 445 177 2761 443 177 2762 86 0 2772 452 0 2773 459 0 2774 451 0 2775 457 0 2776 275 0 2777 453 0 2778 456 0 2779 221 0 2780 458 0 2781 451 0 2782 48 0 2783 457 0 2784 454 0 2785 106 0 2786 221 0 2787 456 0 2788 452 0 2789 455 202 2862 462 202 2863 465 202 2864 465 203 2865 468 203 2866 335 203 2867 468 204 2868 471 204 2869 214 204 2870 335 205 2871 468 205 2872 214 205 2873 335 206 2874 212 206 2875 465 206 2876 477 207 2877 70 207 2878 474 207 2879 70 208 2880 339 208 2881 474 208 2882 339 209 2883 61 209 2884 471 209 2885 61 210 2886 214 210 2887 471 210 2888 205 211 2889 70 211 2890 480 211 2891 70 212 2892 477 212 2893 480 212 2894 82 213 2895 360 213 2896 483 213 2897 360 214 2898 371 214 2899 483 214 2900 371 215 2901 480 215 2902 483 215 2903 195 216 2904 82 216 2905 486 216 2906 486 217 2907 489 217 2908 195 217 2909 489 218 2910 492 218 2911 195 218 2912 492 219 2913 225 219 2914 84 219 2915 225 220 2916 492 220 2917 495 220 2918 488 221 2919 90 221 2920 392 221 2921 387 222 2922 386 222 2923 491 222 2924 488 223 2925 392 223 2926 387 223 2927 206 224 2928 90 224 2929 485 224 2930 90 225 2931 488 225 2932 485 225 2933 249 226 2934 485 226 2935 482 226 2936 482 227 2937 479 227 2938 81 227 2939 215 228 2940 81 228 2941 479 228 2942 479 229 2943 476 229 2944 372 229 2945 473 230 2946 78 230 2947 459 230 2948 78 0 2949 364 0 2950 459 0 2951 459 231 2952 372 231 2953 476 231 2954 402 232 2955 78 232 2956 470 232 2957 78 233 2958 473 233 2959 470 233 2960 464 234 2961 405 234 2962 467 234 2963 405 235 2964 397 235 2965 467 235 2966 397 236 2967 402 236 2968 470 236 2969 401 237 2970 301 237 2971 461 237 2972 301 238 2973 39 238 2974 461 238 2975 39 238 2976 323 238 2977 461 238 2978 365 0 3000 506 0 3001 509 0 3002 509 0 3003 80 0 3004 359 0 3005 494 239 3006 491 239 3007 386 239 3008 410 244 3027 412 244 3028 411 244 3029 412 245 3030 538 245 3031 411 245 3032 559 246 3033 547 246 3034 409 246 3035 547 247 3036 410 247 3037 409 247 3038 188 248 3039 352 248 3040 522 248 3041 352 249 3042 355 249 3043 524 249 3044 355 250 3045 243 250 3046 524 250 3047 62 251 3048 322 251 3049 526 251 3050 526 252 3051 524 252 3052 243 252 3053 300 253 3054 530 253 3055 38 253 3056 530 254 3057 528 254 3058 38 254 3059 528 255 3060 526 255 3061 322 255 3062 51 256 3063 242 256 3064 532 256 3065 532 257 3066 530 257 3067 300 257 3068 525 259 3078 182 259 3079 60 259 3080 340 260 3081 71 260 3082 523 260 3083 71 261 3084 521 261 3085 523 261 3086 525 262 3087 60 262 3088 340 262 3089 521 263 3090 71 263 3091 174 263 3092 174 264 3093 368 264 3094 521 264 3095 517 265 3096 519 265 3097 368 265 3098 368 266 3099 361 266 3100 517 266 3101 361 267 3102 83 267 3103 517 267 3104 515 268 3105 83 268 3106 163 268 3107 163 269 3108 238 269 3109 351 269 3110 292 89 3189 543 89 3190 539 89 3191 543 296 3192 540 296 3193 539 296 3194 539 297 3195 553 297 3196 551 297 3197 545 0 3201 543 0 3202 292 0 3203 260 298 3204 546 298 3205 549 298 3206 549 299 3207 246 299 3208 267 299 3209 246 0 3210 271 0 3211 267 0 3212 242 300 3213 551 300 3214 534 300 3215 551 301 3216 553 301 3217 534 301 3218 535 303 3222 557 303 3223 181 303 3224 557 304 3225 554 304 3226 181 304 3227 531 305 3228 533 305 3229 180 305 3230 533 306 3231 535 306 3232 311 306 3233 311 307 3234 180 307 3235 533 307 3236 551 0 3237 242 0 3238 51 0 3239 297 0 3240 552 0 3241 561 0 3242 561 0 3243 555 0 3244 310 0 3245 554 0 3249 563 0 3250 556 0 3251 563 0 3252 558 0 3253 556 0 3254 562 0 3255 560 0 3256 177 0 3257 565 0 3258 562 0 3259 287 0 3260 561 0 3261 565 0 3262 172 0 3263 537 309 3264 541 309 3265 563 309 3266 563 310 3267 554 310 3268 537 310 3269</p>
        </triangles>
        <triangles material="beyaz_001-material" count="195">
          <input semantic="VERTEX" source="#Circle-mesh-vertices" offset="0"/>
          <input semantic="NORMAL" source="#Circle-mesh-normals" offset="1"/>
          <input semantic="TEXCOORD" source="#Circle-mesh-map-0" offset="2" set="0"/>
          <p>87 0 225 395 0 226 152 0 227 509 0 231 235 0 232 500 0 233 93 0 243 396 0 244 139 0 245 283 0 270 563 0 271 288 0 272 259 2 279 431 2 280 269 2 281 115 0 294 439 0 295 432 0 296 565 0 477 564 0 478 558 0 479 435 0 543 436 0 544 433 0 545 269 0 546 115 0 547 255 0 548 209 0 591 231 0 592 115 0 593 87 0 630 235 0 631 138 0 632 560 0 720 283 0 721 102 0 722 185 0 744 283 0 745 288 0 746 137 0 951 509 0 952 506 0 953 389 0 990 138 0 991 396 0 992 389 0 1005 501 0 1006 502 0 1007 248 21 1044 269 21 1045 431 21 1046 427 22 1047 425 22 1048 426 22 1049 417 26 1059 415 26 1060 416 26 1061 266 0 1062 102 0 1063 185 0 1064 435 0 1074 437 0 1075 436 0 1076 434 0 1077 115 0 1078 231 0 1079 432 0 1080 438 0 1081 270 0 1082 433 0 1089 434 0 1090 231 0 1091 443 27 1092 248 27 1093 431 27 1094 447 0 1110 269 0 1111 450 0 1112 447 0 1113 446 0 1114 259 0 1115 449 0 1122 438 0 1123 106 0 1124 450 0 1125 255 0 1126 448 0 1127 448 0 1128 270 0 1129 449 0 1130 401 30 1149 460 30 1150 299 30 1151 299 31 1152 462 31 1153 458 31 1154 461 32 1155 463 32 1156 460 32 1157 460 33 1158 465 33 1159 462 33 1160 464 34 1161 466 34 1162 463 34 1163 463 35 1164 468 35 1165 465 35 1166 467 36 1167 469 36 1168 466 36 1169 466 37 1170 471 37 1171 468 37 1172 470 38 1173 472 38 1174 469 38 1175 469 39 1176 474 39 1177 471 39 1178 473 40 1179 475 40 1180 472 40 1181 472 41 1182 477 41 1183 474 41 1184 476 42 1185 478 42 1186 475 42 1187 475 43 1188 480 43 1189 477 43 1190 479 44 1191 481 44 1192 478 44 1193 478 45 1194 483 45 1195 480 45 1196 482 46 1197 484 46 1198 481 46 1199 481 47 1200 486 47 1201 483 47 1202 485 48 1203 487 48 1204 484 48 1205 484 49 1206 489 49 1207 486 49 1208 488 50 1209 490 50 1210 487 50 1211 487 51 1212 492 51 1213 489 51 1214 491 52 1215 493 52 1216 490 52 1217 490 53 1218 495 53 1219 492 53 1220 396 60 1239 494 60 1240 498 60 1241 499 0 1266 500 0 1267 222 0 1268 505 0 1269 508 0 1270 139 0 1271 504 0 1275 137 0 1276 512 0 1277 506 0 1278 512 0 1279 137 0 1280 152 0 1284 507 0 1285 511 0 1286 497 0 1293 501 0 1294 93 0 1295 497 0 1296 139 0 1297 508 0 1298 498 0 1299 139 0 1300 396 0 1301 511 0 1308 503 0 1309 152 0 1310 499 0 1311 222 0 1312 87 0 1313 502 0 1314 507 0 1315 395 0 1316 495 70 1317 493 70 1318 138 70 1319 536 78 1341 549 78 1342 546 78 1343 288 0 1344 541 0 1345 185 0 1346 533 83 1362 531 83 1363 530 83 1364 519 85 1368 517 85 1369 516 85 1370 539 86 1371 541 86 1372 537 86 1373 541 87 1374 536 87 1375 185 87 1376 536 88 1377 540 88 1378 543 88 1379 544 0 1383 543 0 1384 545 0 1385 545 0 1392 550 0 1393 544 0 1394 548 91 1395 547 91 1396 266 91 1397 546 0 1398 548 0 1399 266 0 1400 553 93 1413 537 93 1414 557 93 1415 559 95 1425 266 95 1426 547 95 1427 565 0 1446 561 0 1447 564 0 1448 87 0 1689 389 0 1690 395 0 1691 137 0 1698 235 0 1699 509 0 1700 235 0 1701 222 0 1702 500 0 1703 93 0 1716 389 0 1717 396 0 1718 283 0 1743 558 0 1744 563 0 1745 259 100 1752 446 100 1753 431 100 1754 432 0 1767 270 0 1768 255 0 1769 255 0 1770 115 0 1771 432 0 1772 558 0 2007 283 0 2008 562 0 2009 562 0 2010 565 0 2011 558 0 2012 433 0 2103 231 0 2104 435 0 2105 231 0 2106 248 0 2107 435 0 2108 269 0 2109 209 0 2110 115 0 2111 209 0 2154 248 0 2155 231 0 2156 87 0 2190 222 0 2191 235 0 2192 560 0 2301 562 0 2302 283 0 2303 185 0 2331 102 0 2332 283 0 2333 389 0 2610 87 0 2611 138 0 2612 502 0 2625 395 0 2626 389 0 2627 389 0 2628 93 0 2629 501 0 2630 423 154 2670 421 154 2671 422 154 2672 422 155 2673 424 155 2674 423 155 2675 424 156 2676 426 156 2677 425 156 2678 426 157 2679 428 157 2680 427 157 2681 428 158 2682 430 158 2683 429 158 2684 427 159 2685 428 159 2686 429 159 2687 430 160 2688 440 160 2689 443 160 2690 430 161 2691 443 161 2692 429 161 2693 424 162 2694 425 162 2695 423 162 2696 412 164 2700 414 164 2701 413 164 2702 414 165 2703 416 165 2704 415 165 2705 416 166 2706 418 166 2707 417 166 2708 418 167 2709 420 167 2710 419 167 2711 420 168 2712 422 168 2713 421 168 2714 420 169 2715 421 169 2716 419 169 2717 414 170 2718 415 170 2719 413 170 2720 418 171 2721 419 171 2722 417 171 2723 413 172 2724 538 172 2725 412 172 2726 434 0 2730 439 0 2731 115 0 2732 443 173 2733 440 173 2734 248 173 2735 447 0 2754 259 0 2755 269 0 2756 447 0 2757 444 0 2758 446 0 2759 449 0 2763 270 0 2764 438 0 2765 450 0 2766 269 0 2767 255 0 2768 448 0 2769 255 0 2770 270 0 2771 401 178 2790 461 178 2791 460 178 2792 299 179 2793 460 179 2794 462 179 2795 461 180 2796 464 180 2797 463 180 2798 460 181 2799 463 181 2800 465 181 2801 464 182 2802 467 182 2803 466 182 2804 463 183 2805 466 183 2806 468 183 2807 467 184 2808 470 184 2809 469 184 2810 466 185 2811 469 185 2812 471 185 2813 470 186 2814 473 186 2815 472 186 2816 469 187 2817 472 187 2818 474 187 2819 473 188 2820 476 188 2821 475 188 2822 472 189 2823 475 189 2824 477 189 2825 476 190 2826 479 190 2827 478 190 2828 475 191 2829 478 191 2830 480 191 2831 479 192 2832 482 192 2833 481 192 2834 478 193 2835 481 193 2836 483 193 2837 482 194 2838 485 194 2839 484 194 2840 481 195 2841 484 195 2842 486 195 2843 485 196 2844 488 196 2845 487 196 2846 484 197 2847 487 197 2848 489 197 2849 488 198 2850 491 198 2851 490 198 2852 487 199 2853 490 199 2854 492 199 2855 491 200 2856 494 200 2857 493 200 2858 490 201 2859 493 201 2860 495 201 2861 505 0 2979 510 0 2980 508 0 2981 504 0 2982 235 0 2983 137 0 2984 506 0 2985 513 0 2986 512 0 2987 395 0 2988 507 0 2989 152 0 2990 507 0 2991 496 0 2992 511 0 2993 497 0 2994 93 0 2995 139 0 2996 498 0 2997 505 0 2998 139 0 2999 152 0 3009 503 0 3010 87 0 3011 503 0 3012 499 0 3013 87 0 3014 235 240 3015 504 240 3016 495 240 3017 493 241 3018 494 241 3019 138 241 3020 494 242 3021 396 242 3022 138 242 3023 235 243 3024 495 243 3025 138 243 3026 266 0 3069 185 0 3070 546 0 3071 185 258 3072 536 258 3073 546 258 3074 288 0 3075 563 0 3076 541 0 3077 527 270 3111 524 270 3112 526 270 3113 526 271 3114 528 271 3115 529 271 3116 528 272 3117 530 272 3118 531 272 3119 530 273 3120 532 273 3121 533 273 3122 532 274 3123 534 274 3124 535 274 3125 534 275 3126 553 275 3127 557 275 3128 534 276 3129 557 276 3130 535 276 3131 528 277 3132 531 277 3133 529 277 3134 532 278 3135 535 278 3136 533 278 3137 529 279 3138 527 279 3139 526 279 3140 515 280 3141 351 280 3142 91 280 3143 91 281 3144 514 281 3145 515 281 3146 514 282 3147 516 282 3148 517 282 3149 515 283 3150 514 283 3151 517 283 3152 516 284 3153 518 284 3154 519 284 3155 518 285 3156 520 285 3157 521 285 3158 520 286 3159 522 286 3160 523 286 3161 522 287 3162 524 287 3163 525 287 3164 523 288 3165 522 288 3166 525 288 3167 524 289 3168 527 289 3169 525 289 3170 518 290 3171 521 290 3172 519 290 3173 520 291 3174 523 291 3175 521 291 3176 539 292 3177 540 292 3178 541 292 3179 541 293 3180 540 293 3181 536 293 3182 543 294 3183 542 294 3184 549 294 3185 549 295 3186 536 295 3187 543 295 3188 544 0 3198 542 0 3199 543 0 3200 553 302 3219 539 302 3220 537 302 3221 559 308 3246 102 308 3247 266 308 3248</p>
        </triangles>
      </mesh>
    </geometry>
    <geometry id="Örüntü_001-mesh" name="Örüntü.001">
      <mesh>
        <source id="Örüntü_001-mesh-positions">
          <float_array id="Örüntü_001-mesh-positions-array" count="1170">5 0 0 4.854709 1.196578 0 4.42728 2.323616 0 3.742554 3.315613 0 2.840323 4.114919 0 1.773024 4.675081 0 0.6026834 4.963544 0 -0.6026833 4.963544 0 -1.773024 4.675081 0 -2.840323 4.11492 0 -3.742554 3.315613 0 -4.42728 2.323615 0 -4.85471 1.196577 0 -5 -1.62921e-6 0 -4.854709 -1.19658 0 -4.427279 -2.323618 0 -3.742552 -3.315616 0 -2.840321 -4.114922 0 -1.773021 -4.675083 0 -0.6026788 -4.963545 0 0.6026884 -4.963544 0 1.77303 -4.675079 0 2.840329 -4.114916 0 3.742558 -3.315608 0 4.427283 -2.32361 0 4.854711 -1.196571 0 5 0 34.89522 4.854709 1.196578 34.89522 4.42728 2.323616 34.89522 3.742554 3.315613 34.89522 2.840323 4.114919 34.89522 1.773024 4.675081 34.89522 0.6026834 4.963544 34.89522 -0.6026833 4.963544 34.89522 -1.773024 4.675081 34.89522 -2.840323 4.11492 34.89522 -3.742554 3.315613 34.89522 -4.42728 2.323615 34.89522 -4.85471 1.196577 34.89522 -5 -1.62921e-6 34.89522 -4.854709 -1.19658 34.89522 -4.427279 -2.323618 34.89522 -3.742552 -3.315616 34.89522 -2.840321 -4.114922 34.89522 -1.773021 -4.675083 34.89522 -0.6026788 -4.963545 34.89522 0.6026884 -4.963544 34.89522 1.77303 -4.675079 34.89522 2.840329 -4.114916 34.89522 3.742558 -3.315608 34.89522 4.427283 -2.32361 34.89522 4.854711 -1.196571 34.89522 5 0 83.33334 4.854709 1.196578 83.33334 4.42728 2.323616 83.33334 3.742554 3.315613 83.33334 2.840323 4.114919 83.33334 1.773024 4.675081 83.33334 0.6026834 4.963544 83.33334 -0.6026833 4.963544 83.33334 -1.773024 4.675081 83.33334 -2.840323 4.11492 83.33334 -3.742554 3.315613 83.33334 -4.42728 2.323615 83.33334 -4.85471 1.196577 83.33334 -5 -1.62921e-6 83.33334 -4.854709 -1.19658 83.33334 -4.427279 -2.323618 83.33334 -3.742552 -3.315616 83.33334 -2.840321 -4.114922 83.33334 -1.773021 -4.675083 83.33334 -0.6026788 -4.963545 83.33334 0.6026884 -4.963544 83.33334 1.77303 -4.675079 83.33334 2.840329 -4.114916 83.33334 3.742558 -3.315608 83.33334 4.427283 -2.32361 83.33334 4.854711 -1.196571 83.33334 5 0 125 4.854709 1.196578 125 4.42728 2.323616 125 3.742554 3.315613 125 2.840323 4.114919 125 1.773024 4.675081 125 0.6026834 4.963544 125 -0.6026833 4.963544 125 -1.773024 4.675081 125 -2.840323 4.11492 125 -3.742554 3.315613 125 -4.42728 2.323615 125 -4.85471 1.196577 125 -5 -1.62921e-6 125 -4.854709 -1.19658 125 -4.427279 -2.323618 125 -3.742552 -3.315616 125 -2.840321 -4.114922 125 -1.773021 -4.675083 125 -0.6026788 -4.963545 125 0.6026884 -4.963544 125 1.77303 -4.675079 125 2.840329 -4.114916 125 3.742558 -3.315608 125 4.427283 -2.32361 125 4.854711 -1.196571 125 5 0 166.6667 4.854709 1.196578 166.6667 4.42728 2.323616 166.6667 3.742554 3.315613 166.6667 2.840323 4.114919 166.6667 1.773024 4.675081 166.6667 0.6026834 4.963544 166.6667 -0.6026833 4.963544 166.6667 -1.773024 4.675081 166.6667 -2.840323 4.11492 166.6667 -3.742554 3.315613 166.6667 -4.42728 2.323615 166.6667 -4.85471 1.196577 166.6667 -5 -1.62921e-6 166.6667 -4.854709 -1.19658 166.6667 -4.427279 -2.323618 166.6667 -3.742552 -3.315616 166.6667 -2.840321 -4.114922 166.6667 -1.773021 -4.675083 166.6667 -0.6026788 -4.963545 166.6667 0.6026884 -4.963544 166.6667 1.77303 -4.675079 166.6667 2.840329 -4.114916 166.6667 3.742558 -3.315608 166.6667 4.427283 -2.32361 166.6667 4.854711 -1.196571 166.6667 5 0 208.3333 4.854709 1.196578 208.3333 4.42728 2.323616 208.3333 3.742554 3.315613 208.3333 2.840323 4.114919 208.3333 1.773024 4.675081 208.3333 0.6026834 4.963544 208.3333 -0.6026833 4.963544 208.3333 -1.773024 4.675081 208.3333 -2.840323 4.11492 208.3333 -3.742554 3.315613 208.3333 -4.42728 2.323615 208.3333 -4.85471 1.196577 208.3333 -5 -1.62921e-6 208.3333 -4.854709 -1.19658 208.3333 -4.427279 -2.323618 208.3333 -3.742552 -3.315616 208.3333 -2.840321 -4.114922 208.3333 -1.773021 -4.675083 208.3333 -0.6026788 -4.963545 208.3333 0.6026884 -4.963544 208.3333 1.77303 -4.675079 208.3333 2.840329 -4.114916 208.3333 3.742558 -3.315608 208.3333 4.427283 -2.32361 208.3333 4.854711 -1.196571 208.3333 5 0 250 4.854709 1.196578 250 4.42728 2.323616 250 3.742554 3.315613 250 2.840323 4.114919 250 1.773024 4.675081 250 0.6026834 4.963544 250 -0.6026833 4.963544 250 -1.773024 4.675081 250 -2.840323 4.11492 250 -3.742554 3.315613 250 -4.42728 2.323615 250 -4.85471 1.196577 250 -5 -1.62921e-6 250 -4.854709 -1.19658 250 -4.427279 -2.323618 250 -3.742552 -3.315616 250 -2.840321 -4.114922 250 -1.773021 -4.675083 250 -0.6026788 -4.963545 250 0.6026884 -4.963544 250 1.77303 -4.675079 250 2.840329 -4.114916 250 3.742558 -3.315608 250 4.427283 -2.32361 250 4.854711 -1.196571 250 9.029385 -5.20837e-5 0 8.766983 2.160923 0 7.995117 4.196161 0 6.758586 5.987586 0 5.129319 7.431008 0 3.201809 8.442629 0 1.088371 8.963545 0 -1.088371 8.963544 0 -3.201861 8.442616 0 -5.129271 7.431034 0 -6.758587 5.987585 0 -7.995099 4.196211 0 -8.767009 2.160816 0 -9.029379 -3.24641e-6 0 -8.767002 -2.160875 0 -7.995116 -4.196166 0 -6.758584 -5.98759 0 -5.129266 -7.431037 0 -3.201907 -8.442605 0 -1.088309 -8.963545 0 1.08838 -8.963544 0 3.201871 -8.442612 0 5.129281 -7.431026 0 6.758595 -5.987577 0 7.995124 -4.196151 0 8.767004 -2.16086 0 8.511731 2.098005 34.89522 8.766468 -4.86852e-5 34.89522 8.511738 -2.097943 34.89522 7.762332 -4.073973 34.89522 6.561806 -5.813238 34.89522 4.979933 -7.214659 34.89522 3.108643 -8.196792 34.89522 1.05669 -8.702555 34.89522 -1.056625 -8.702569 34.89522 -3.108672 -8.196774 34.89522 -4.979919 -7.214669 34.89522 -6.561796 -5.81325 34.89522 -7.762324 -4.073987 34.89522 -8.511734 -2.097958 34.89522 -8.766473 -3.1409e-6 34.89522 -8.511754 2.097905 34.89522 -7.762297 4.074024 34.89522 -6.561799 5.813246 34.89522 -4.979923 7.214666 34.89522 -3.108633 8.196795 34.89522 -1.056681 8.702556 34.89522 1.056681 8.702555 34.89522 3.10859 8.19682 34.89522 4.979961 7.214632 34.89522 6.561798 5.813247 34.89522 7.762326 4.073983 34.89522 9.029384 -5.20143e-5 7.569026 8.766983 2.160923 7.569026 7.995118 4.196161 7.569026 6.758585 5.987586 7.569026 5.129319 7.431007 7.569026 3.20181 8.44263 7.569026 1.088371 8.963546 7.569026 -1.088371 8.963544 7.569026 -3.201861 8.442616 7.569026 -5.129271 7.431034 7.569026 -6.758586 5.987585 7.569026 -7.995098 4.19621 7.569026 -8.76701 2.160816 7.569026 -9.02938 -3.17716e-6 7.569026 -8.767002 -2.160875 7.569026 -7.995116 -4.196166 7.569026 -6.758584 -5.98759 7.569026 -5.129265 -7.431036 7.569026 -3.201907 -8.442605 7.569026 -1.088309 -8.963546 7.569026 1.08838 -8.963545 7.569026 3.201871 -8.442612 7.569026 5.129281 -7.431026 7.569026 6.758595 -5.987577 7.569026 7.995124 -4.196151 7.569026 8.767004 -2.16086 7.569026 8.766994 2.160925 34.09764 9.029375 -5.2153e-5 34.09764 8.767005 -2.16086 34.09764 7.995124 -4.196151 34.09764 6.758594 -5.987576 34.09764 5.129281 -7.431026 34.09764 3.201871 -8.442613 34.09764 1.08838 -8.963543 34.09764 -1.088311 -8.963559 34.09764 -3.201903 -8.442594 34.09764 -5.129267 -7.431037 34.09764 -6.758584 -5.987589 34.09764 -7.995116 -4.196166 34.09764 -8.767002 -2.160875 34.09764 -9.029378 -3.31566e-6 34.09764 -8.767022 2.160819 34.09764 -7.995088 4.196206 34.09764 -6.758587 5.987586 34.09764 -5.129271 7.431034 34.09764 -3.201861 8.442616 34.09764 -1.088371 8.963545 34.09764 1.088371 8.963543 34.09764 3.201814 8.442642 34.09764 5.129312 7.430997 34.09764 6.758586 5.987586 34.09764 7.995117 4.196162 34.09764 12.05142 -9.12043e-5 3.80768e-7 11.70121 2.884113 -3.92484e-7 10.671 5.600571 -1.68576e-7 9.020617 7.991558 2.68752e-7 6.846032 9.918095 2.64833e-7 4.273389 11.26829 -3.89779e-7 1.452676 11.96354 -3.83727e-7 -1.452638 11.96354 0 -4.273453 11.26828 0 -6.846012 9.918092 0 -9.020606 7.99157 2.68752e-7 -10.67098 5.600621 2.57052e-7 -11.70123 2.884027 -3.69703e-7 -12.05141 -4.76255e-6 -3.80767e-7 -11.70122 -2.884097 0 -10.67102 -5.600542 0 -9.020579 -7.991597 0 -6.846017 -9.9181 2.64834e-7 -4.273573 -11.26825 0 -1.452564 -11.96354 -3.77991e-7 1.45269 -11.96354 -3.77991e-7 4.27354 -11.26824 0 6.845963 -9.918137 0 9.020647 -7.991521 0 10.671 -5.600556 0 11.70122 -2.884085 3.69702e-7 8.788381 2.166197 7.569026 9.051424 -5.1721e-5 7.569026 8.788395 -2.166133 7.569026 8.014636 -4.206391 7.569026 6.775092 -6.002192 7.569026 5.141794 -7.449156 7.569026 3.209685 -8.463214 7.569026 1.091036 -8.98542 7.569026 -1.090965 -8.98542 7.569026 -3.209721 -8.463211 7.569026 -5.141781 -7.449169 7.569026 -6.77508 -6.002204 7.569026 -8.014622 -4.206403 7.569026 -8.788393 -2.166148 7.569026 -9.051416 -3.19274e-6 7.569026 -8.788403 2.166089 7.569026 -8.014612 4.206451 7.569026 -6.775078 6.002195 7.569026 -5.14179 7.449172 7.569026 -3.209673 8.463213 7.569026 -1.091027 8.985419 7.569026 1.091027 8.985415 7.569026 3.209621 8.463227 7.569026 5.141837 7.449143 7.569026 6.775077 6.002196 7.569026 8.014629 4.206401 7.569026 11.7012 2.88416 4.569026 12.05142 -4.32664e-5 4.569027 11.70122 -2.884085 4.569027 10.67101 -5.600556 4.569026 9.02065 -7.991525 4.569026 6.84596 -9.918132 4.569026 4.273518 -11.26825 4.569026 1.452666 -11.96354 4.569026 -1.452564 -11.96355 4.569026 -4.27355 -11.26825 4.569026 -6.845995 -9.91811 4.569027 -9.020583 -7.991601 4.569026 -10.67101 -5.600539 4.569026 -11.70122 -2.884097 4.569026 -12.05141 -5.09554e-6 4.569026 -11.70123 2.884028 4.569026 -10.67098 5.600622 4.569027 -9.020606 7.99157 4.569027 -6.846015 9.918097 4.569026 -4.273451 11.26828 4.569026 -1.452638 11.96354 4.569026 1.452628 11.96354 4.569026 4.273436 11.26827 4.569026 6.846032 9.918094 4.569027 9.020616 7.991558 4.569027 10.67099 5.600571 4.569026 8.766996 2.160926 34.63232 9.029374 -5.21064e-5 34.63232 8.767004 -2.16086 34.63232 7.995124 -4.196151 34.63232 6.758594 -5.987576 34.63232 5.129281 -7.431026 34.63232 3.201871 -8.442613 34.63232 1.08838 -8.963544 34.63232 -1.088311 -8.96356 34.63232 -3.201903 -8.442594 34.63232 -5.129266 -7.431037 34.63232 -6.758584 -5.987589 34.63232 -7.995116 -4.196166 34.63232 -8.767002 -2.160875 34.63232 -9.029379 -3.26924e-6 34.63232 -8.767023 2.160819 34.63232 -7.995087 4.196205 34.63232 -6.758587 5.987585 34.63232 -5.129271 7.431034 34.63232 -3.201861 8.442616 34.63232 -1.088371 8.963545 34.63232 1.088371 8.963544 34.63232 3.201814 8.442643 34.63232 5.129312 7.430997 34.63232 6.758586 5.987586 34.63232 7.995118 4.196162 34.63232</float_array>
          <technique_common>
            <accessor source="#Örüntü_001-mesh-positions-array" count="390" stride="3">
              <param name="X" type="float"/>
              <param name="Y" type="float"/>
              <param name="Z" type="float"/>
            </accessor>
          </technique_common>
        </source>
        <source id="Örüntü_001-mesh-normals">
          <float_array id="Örüntü_001-mesh-normals-array" count="1293">0 0 -1 0.6777732 -1.29537e-7 0.735271 0.6580873 0.1622021 0.735263 0.9709416 0.2393167 -1.88598e-6 1 -1.92554e-6 7.61961e-7 0.6001392 0.3149777 0.73527 0.8854549 0.4647253 -9.41994e-7 0.5073224 0.4494462 0.7352701 0.7485107 0.6631227 0 0.3850066 0.5577988 0.7352758 0.5680677 0.8229818 0 0.2403473 0.6337294 0.7352689 0.3546051 0.9350162 -4.31118e-7 0.08169406 0.672834 0.735269 0.1205343 0.9927092 -7.92676e-7 -0.08169686 0.6728322 0.7352703 -0.1205359 0.992709 0 -0.2403447 0.6337276 0.7352713 -0.3546055 0.9350161 0 -0.3850061 0.5577989 0.735276 -0.5680657 0.8229833 0 -0.5073197 0.4494485 0.7352706 -0.7485107 0.6631227 6.84182e-7 -0.6001375 0.3149772 0.7352717 -0.885455 0.4647253 1.27276e-6 -0.6580713 0.1622019 0.7352773 -0.9709422 0.2393142 -9.11758e-7 -0.677774 0 0.7352704 -1 -3.59546e-6 -9.20624e-7 -0.6580709 -0.162204 0.7352773 -0.9709417 -0.2393162 0 -0.6001376 -0.3149772 0.7352716 -0.8854562 -0.4647231 0 -0.5073306 -0.4494439 0.7352659 -0.7485102 -0.6631233 0 -0.3850273 -0.5577957 0.7352672 -0.5680652 -0.8229836 4.09035e-7 -0.2403413 -0.6337283 0.7352718 -0.3546072 -0.9350154 0 -0.08169335 -0.672833 0.73527 -0.1205362 -0.992709 -2.2323e-6 0.0816937 -0.6728323 0.7352706 0.1205403 -0.9927085 -7.60775e-7 0.2403464 -0.6337289 0.7352695 0.3546061 -0.9350158 0 0.3850198 -0.5577962 0.7352708 0.5680659 -0.8229831 0 0.5073106 -0.4494498 0.735276 0.7485119 -0.6631214 0 0.6001487 -0.3149732 0.7352642 0.8854566 -0.4647222 0 0.6580881 -0.1622011 0.7352625 0.970942 -0.2393149 8.81999e-7 0.6777735 7.90174e-7 0.7352708 0.6580786 0.162202 0.7352709 0.9709419 0.2393155 0 1 2.29345e-7 0 0.6001387 0.3149769 0.7352708 0.8854562 0.4647231 0 0.5073205 0.449447 0.7352709 0.7485107 0.6631227 0 0.3850188 0.5577968 0.7352709 0.5680646 0.822984 0 0.2403417 0.6337292 0.7352709 0.354605 0.9350163 0 0.08169656 0.6728317 0.7352709 0.1205367 0.9927089 0 -0.08169651 0.6728317 0.7352709 -0.1205367 0.9927089 0 -0.2403416 0.6337292 0.7352708 -0.3546047 0.9350163 0 -0.3850191 0.5577966 0.735271 -0.5680645 0.8229841 0 -0.5073208 0.4494467 0.7352709 -0.7485108 0.6631227 0 -0.6001395 0.3149768 0.7352702 -0.8854561 0.4647232 0 -0.6580785 0.1622015 0.735271 -0.970942 0.2393155 0 -0.6777732 -5.21588e-7 0.735271 -1 -2.91049e-7 0 -0.658078 -0.1622023 0.7352712 -0.9709419 -0.2393158 0 -0.6001388 -0.3149773 0.7352706 -0.8854559 -0.4647236 0 -0.5073208 -0.449447 0.7352708 -0.7485105 -0.6631229 0 -0.3850187 -0.5577969 0.7352709 -0.5680643 -0.8229843 0 -0.240341 -0.6337293 0.7352709 -0.354604 -0.9350166 0 -0.08169585 -0.6728318 0.7352709 -0.1205356 -0.9927091 0 0.08169925 -0.6728314 0.7352708 0.1205378 -0.9927088 0 0.2403451 -0.6337285 0.7352703 0.354606 -0.9350159 0 0.3850203 -0.5577959 0.7352708 0.5680659 -0.8229832 0 0.5073214 -0.4494463 0.7352709 0.7485117 -0.6631216 0 0.6001391 -0.3149763 0.7352708 0.8854566 -0.4647222 0 0.6580784 -0.1622009 0.7352712 0.970942 -0.2393149 0 0.9709419 0.2393157 0 1 4.8258e-7 0 0.885456 0.4647234 0 0.7485106 0.6631229 0 0.5680643 0.8229842 0 0.3546047 0.9350164 0 0.1205366 0.9927089 0 -0.1205367 0.9927089 0 -0.3546047 0.9350164 0 -0.7485109 0.6631225 0 -0.885456 0.4647233 0 -0.9709419 0.2393156 0 -1 -2.53198e-7 0 -0.9709419 -0.2393161 0 -0.8854557 -0.4647237 0 -0.7485105 -0.663123 0 -0.5680641 -0.8229843 0 -0.3546037 -0.9350168 0 -0.1205355 -0.9927091 0 0.1205378 -0.9927088 0 0.5680658 -0.8229833 0 0.7485117 -0.6631215 0 0.8854566 -0.4647222 0 0.9709421 -0.2393147 0 0.9709419 0.2393156 0 1 3.84631e-7 0 0.8854561 0.4647232 0 0.7485106 0.6631228 0 0.354605 0.9350163 0 -0.1205367 0.9927089 0 -0.3546048 0.9350163 0 -0.5680646 0.822984 0 -0.748511 0.6631225 0 -0.8854562 0.4647232 0 -0.9709419 0.2393155 0 -1 -4.40884e-7 0 -0.9709419 -0.2393159 0 -0.8854559 -0.4647234 0 -0.7485107 -0.6631228 0 -0.5680643 -0.8229842 0 -0.3546039 -0.9350166 0 -0.1205356 -0.9927091 0 0.1205378 -0.9927088 0 0.3546061 -0.9350159 0 0.7485118 -0.6631216 0 0.8854567 -0.4647222 0 0.9709421 -0.2393148 0 0.9709419 0.2393156 0 1 4.03743e-7 0 0.8854562 0.4647231 0 0.7485108 0.6631227 0 0.1205367 0.9927089 0 -0.1205367 0.9927089 0 -0.885456 0.4647232 0 -0.9709419 0.2393157 0 -1 -1.53569e-7 0 -0.9709418 -0.2393159 0 -0.8854559 -0.4647236 0 -0.7485105 -0.663123 0 -0.5680642 -0.8229842 0 -0.3546038 -0.9350168 0 -0.1205356 -0.9927091 0 0.3546061 -0.9350159 0 0.5680658 -0.8229832 0 0.7485119 -0.6631215 0 0.8854567 -0.464722 0 0.9709421 -0.2393147 0 0.7110432 0.1752569 0.6809571 0.7322687 0 0.6810158 0.6484063 0.3403415 0.6809824 0.5481508 0.4856216 0.680957 0.4160075 0.6026912 0.6809561 0.2596859 0.6847354 0.6809558 0.08827197 0.7269848 0.6809561 -0.08826678 0.7269852 0.6809563 -0.2596529 0.6847415 0.6809623 -0.4160374 0.6026822 0.6809457 -0.5481109 0.4856367 0.6809783 -0.6484394 0.3403289 0.6809572 -0.7110445 0.1752568 0.6809558 -0.7323243 -2.02945e-7 0.6809561 -0.7110443 -0.1752569 0.680956 -0.6484416 -0.3403281 0.6809554 -0.5481526 -0.485621 0.680956 -0.4160073 -0.6026915 0.6809559 -0.259685 -0.6847354 0.680956 -0.08827114 -0.726985 0.680956 0.08827263 -0.7269849 0.680956 0.2596865 -0.6847348 0.6809561 0.4160084 -0.6026906 0.680956 0.5481569 -0.4856187 0.680954 0.6484633 -0.340319 0.6809393 0.7110421 -0.1752569 0.6809583 5.94829e-7 0 1 -4.82735e-7 0 1 -1.69284e-6 0 1 6.26271e-7 0 1 0 0 1 3.38566e-6 0 1 -1.93103e-6 0 1 6.77133e-6 0 1 -1.93103e-6 0 1 -3.86215e-6 0 1 -1.69283e-6 0 1 8.46416e-7 0 1 -9.65515e-7 0 1 1.40216e-6 0 1 -4.82758e-7 0 1 8.46414e-7 0 1 -1.76528e-6 0 1 -3.38567e-6 0 1 2.41367e-6 0 1 9.65539e-7 0 1 -1.93108e-6 0 1 9.65537e-7 0 1 0.7323251 -2.0779e-6 -0.6809552 0.711044 0.1752562 -0.6809565 0.900997 0.2220799 0.3726728 0.9279628 1.40619e-7 0.3726729 0.6484417 0.3403277 -0.6809555 0.8216699 0.4312459 0.3726736 0.5481529 0.485619 -0.680957 0.6945917 0.6153507 0.3726741 0.4160073 0.6026927 -0.6809548 0.5271422 0.7636988 0.3726733 0.2596822 0.6847352 -0.6809574 0.3290574 0.867661 0.3726739 0.0882734 0.7269851 -0.6809556 0.1118537 0.9211966 0.3726738 -0.0882709 0.7269845 -0.6809566 -0.1118523 0.9211969 0.3726732 -0.2596852 0.6847354 -0.680956 -0.3290586 0.8676607 0.3726735 -0.4160078 0.6026901 -0.6809569 -0.5271435 0.763698 0.372673 -0.5481505 0.485622 -0.6809569 -0.6945885 0.6153544 0.3726737 -0.6484416 0.3403287 -0.6809552 -0.8216701 0.4312458 0.3726733 -0.7110441 0.1752541 -0.6809569 -0.9009985 0.2220726 0.3726735 -0.7323237 -5.7071e-7 -0.6809567 -0.9279627 -2.78584e-7 0.3726733 -0.7110443 -0.1752555 -0.6809564 -0.9009978 -0.2220757 0.3726735 -0.648442 -0.3403279 -0.6809551 -0.8216702 -0.4312447 0.3726743 -0.548151 -0.4856209 -0.6809572 -0.6945893 -0.6153538 0.3726733 -0.4160105 -0.6026887 -0.6809564 -0.527144 -0.7636973 0.3726739 -0.2596873 -0.6847364 -0.6809543 -0.329061 -0.8676598 0.3726735 -0.08826822 -0.7269836 -0.6809579 -0.1118497 -0.9211974 0.372673 0.08827465 -0.7269849 -0.6809557 0.1118564 -0.9211964 0.3726732 0.2596876 -0.684733 -0.6809574 0.3290615 -0.8676595 0.3726735 0.4160078 -0.6026915 -0.6809556 0.5271422 -0.7636986 0.3726739 0.5481535 -0.4856185 -0.680957 0.694591 -0.6153522 0.3726732 0.6484409 -0.3403261 -0.680957 0.8216717 -0.4312432 0.3726729 0.7110431 -0.1752583 -0.6809569 0.9009975 -0.2220768 0.3726737 0.9009966 0.2220757 0.3726764 0.9279604 -2.22934e-6 0.3726789 0.9009954 -0.2220747 0.3726798 0.8216685 -0.4312433 0.3726798 0.6945878 -0.6153511 0.3726805 0.5271422 -0.7636955 0.3726798 0.329063 -0.8676559 0.3726805 0.1118574 -0.9211936 0.3726799 -0.1118512 -0.9211945 0.3726795 -0.3290611 -0.867656 0.3726821 -0.5271399 -0.7636963 0.3726818 -0.6945863 -0.6153528 0.3726806 -0.8216667 -0.431245 0.372682 -0.9009948 -0.222076 0.3726804 -0.9279583 -3.30987e-6 0.3726844 -0.9009962 0.222074 0.3726782 -0.8216648 0.4312475 0.3726831 -0.6945886 0.6153507 0.37268 -0.5271407 0.7636957 0.3726817 -0.3290598 0.8676571 0.3726809 -0.1118537 0.9211938 0.3726805 0.1118513 0.9211941 0.3726804 0.3290575 0.8676579 0.3726807 0.5271447 0.7636938 0.37268 0.6945896 0.6153502 0.3726789 0.8216646 0.4312481 0.3726828 -1.29874e-7 0 -1 1.25994e-7 -2.528e-7 -1 0 0 -1 -1.40905e-7 0 -1 0 0 -1 0 0 -1 0 0 -1 0 0 -1 0 0 -1 2.2781e-7 0 -1 0 -1.24192e-7 -1 0 -1.25407e-7 -1 -1.32078e-7 0 -1 0 0 -1 0 0 -1 0 0 -1 0 0 -1 0 0 -1 0 2.22798e-7 -1 1.25997e-7 0 -1 1.23254e-7 0 -1 1.25997e-7 0 -1 0 0 -1 0 0 -1 0 0 -1 0 1.22336e-7 -1 -1.22537e-7 0 -1 0 1.25997e-7 -1 0 1.25997e-7 -1 0 1.38135e-7 -1 0 0 -1 0 0 -1 1.25997e-7 0 -1 1.23254e-7 0 -1 -1.31289e-5 0 1 2.41903e-5 0 1 4.58568e-5 0 1 1.30979e-5 0 1 1.65855e-5 0 1 -5.77651e-6 0 1 -2.72202e-5 0 1 2.34136e-5 0 1 -1.25213e-6 0 1 -1.27974e-5 0 1 6.88545e-6 0 1 1.24907e-6 0 1 -1.00144e-5 0 1 3.12238e-6 0 1 -5.00661e-6 0 1 2.49741e-6 0 1 -1.87785e-6 0 1 4.9948e-6 0 1 -9.69981e-6 0 1 -1.81091e-5 0 1 3.69385e-5 0 1 -3.02783e-5 0 1 5.79039e-6 0 1 -3.68485e-5 0 1 4.95321e-6 0 1 3.41893e-5 0 1 3.86538e-5 0 1 -4.94127e-6 0 1 6.25816e-7 0 1 1.40491e-6 0 1 1.2207e-5 0 1 -6.24324e-7 0 1 2.7535e-5 0 1 -1.21771e-5 0 1 -1.31476e-5 0 1 1.24856e-5 0 1 3.12276e-6 0 1 1.00175e-5 0 1 -6.87062e-6 0 1 -6.88393e-6 0 1 9.99332e-6 0 1 1.22069e-5 0 1 -3.309e-5 0 1 2.34716e-5 0 1 -1.21767e-5 0 1 1.58023e-5 0 1 -2.34159e-5 0 1 0.3954135 0.09745991 0.913318 0.4072402 -8.94567e-7 0.9133212 0.3954123 -0.09745872 0.9133188 0.3606008 -0.189251 0.9133188 0.3048135 -0.270051 0.9133243 0.2313382 -0.3351503 0.913322 0.1444122 -0.380775 0.9133213 0.04908531 -0.4042706 0.9133215 -0.04908466 -0.4042695 0.9133219 -0.1444097 -0.3807769 0.9133208 -0.2313423 -0.3351494 0.9133213 -0.304833 -0.2700489 0.9133185 -0.3605912 -0.1892532 0.9133221 -0.3953956 -0.09745961 0.9133258 -0.4072396 -1.6123e-7 0.9133214 -0.3953965 0.0974574 0.9133257 -0.3605932 0.1892542 0.9133211 -0.3048213 0.270049 0.9133223 -0.2313281 0.3351526 0.9133237 -0.1444111 0.3807738 0.9133219 -0.04908698 0.4042699 0.9133216 0.04908597 0.4042701 0.9133216 0.1444123 0.3807756 0.9133209 0.231329 0.3351531 0.9133233 0.3048226 0.2700479 0.9133222 0.3605915 0.1892534 0.913322 0.3954004 0.09745609 0.9133241 0.4072324 -1.087e-6 0.9133246 0.3953986 -0.09745687 0.9133248 0.3605858 -0.1892491 0.913325 0.3048157 -0.2700447 0.9133254 0.2313333 -0.3351447 0.9133253 0.1444087 -0.3807659 0.9133254 0.04908758 -0.4042608 0.9133257 -0.04908525 -0.4042617 0.9133254 -0.1444058 -0.3807659 0.913326 -0.2313316 -0.3351446 0.9133257 -0.3048161 -0.2700451 0.9133252 -0.3605835 -0.1892498 0.9133259 -0.3953978 -0.09745657 0.9133251 -0.4072254 -1.19881e-6 0.9133278 -0.3953992 0.09745717 0.9133245 -0.3605814 0.1892513 0.9133263 -0.3048176 0.2700439 0.913325 -0.2313311 0.3351444 0.913326 -0.1444059 0.3807671 0.9133255 -0.0490877 0.4042615 0.9133253 0.04908543 0.4042611 0.9133256 0.1444051 0.3807687 0.913325 0.2313349 0.3351435 0.9133253 0.3048202 0.2700433 0.9133243 0.3605799 0.189251 0.913327</float_array>
          <technique_common>
            <accessor source="#Örüntü_001-mesh-normals-array" count="431" stride="3">
              <param name="X" type="float"/>
              <param name="Y" type="float"/>
              <param name="Z" type="float"/>
            </accessor>
          </technique_common>
        </source>
        <source id="Örüntü_001-mesh-map-0">
          <float_array id="Örüntü_001-mesh-map-0-array" count="4656">0.6730771 0 0.6346154 0 0.5961539 0 0.5961539 0 0.5576923 0 0.5192307 0 0.5192307 0 0.4807692 0 0.4423076 0 0.5961539 0 0.5192307 0 0.4423076 0 0.4423076 0 0.4038461 0 0.3653845 0 0.3653845 0 0.326923 0 0.2884615 0 0.4423076 0 0.3653845 0 0.2884615 0 0.5961539 0 0.4423076 0 0.2884615 0 0.2884615 0 0.25 0 0.2115384 0 0.2115384 0 0.1730769 0 0.1346154 0 0.2884615 0 0.2115384 0 0.1346154 0 0.1346154 0 0.09615391 0 0.05769234 0 0.05769234 0 0.0192309 0 -0.01923066 0 0.1346154 0 0.05769234 0 -0.01923066 0 0.2884615 0 0.1346154 0 -0.01923066 0 0.5961539 0 0.2884615 0 -0.01923066 0 -0.01923066 0 -0.05769217 0 -0.09615373 0 -0.09615373 0 -0.1346153 0 -0.1730768 0 -0.01923066 0 -0.09615373 0 -0.1730768 0 0.5961539 0 -0.01923066 0 -0.1730768 0 -0.1730768 0 -0.2115384 0 -0.25 0 0.5961539 0 -0.1730768 0 -0.25 0 0.6730771 0 0.5961539 0 -0.25 0 -0.2884613 0 0.6730771 0 -0.25 0 0.7499991 0.02945142 0.7884625 0.02945142 0.7884625 0.1326756 0.7884625 0.1326756 0.7499991 0.1326756 0.7499991 0.02945142 0.7884625 0.02945142 0.8269231 0.02945142 0.8269231 0.1326756 0.8269231 0.1326756 0.7884625 0.1326756 0.7884625 0.02945142 0.8269231 0.02945142 0.8653846 0.02945142 0.8653847 0.1326756 0.8653847 0.1326756 0.8269231 0.1326756 0.8269231 0.02945142 0.8653846 0.02945142 0.9038453 0.02945142 0.9038453 0.1326756 0.9038453 0.1326756 0.8653847 0.1326756 0.8653846 0.02945142 0.9038453 0.02945142 0.9423087 0.02945142 0.9423087 0.1326756 0.9423087 0.1326756 0.9038453 0.1326756 0.9038453 0.02945142 0.9423087 0.02945142 0.9807693 0.02945142 0.9807693 0.1326756 0.9807693 0.1326756 0.9423087 0.1326756 0.9423087 0.02945142 0.9807693 0.02945142 1.019231 0.02945142 1.019231 0.1326756 1.019231 0.1326756 0.9807693 0.1326756 0.9807693 0.02945142 0.01923084 0.02945142 0.05769228 0.02945142 0.05769228 0.1326756 0.05769228 0.1326756 0.01923084 0.1326756 0.01923084 0.02945142 0.05769228 0.02945142 0.09615385 0.02945142 0.09615385 0.1326756 0.09615385 0.1326756 0.05769228 0.1326756 0.05769228 0.02945142 0.09615385 0.02945142 0.1346154 0.02945142 0.1346154 0.1326756 0.1346154 0.1326756 0.09615385 0.1326756 0.09615385 0.02945142 0.1346154 0.02945142 0.173076 0.02945142 0.173076 0.1326756 0.173076 0.1326756 0.1346154 0.1326756 0.1346154 0.02945142 0.173076 0.02945142 0.2115394 0.02945142 0.2115394 0.1326756 0.2115394 0.1326756 0.173076 0.1326756 0.173076 0.02945142 0.2115394 0.02945142 0.25 0.02945142 0.25 0.1326756 0.25 0.1326756 0.2115394 0.1326756 0.2115394 0.02945142 0.25 0.02945142 0.2884615 0.02945142 0.2884615 0.1326756 0.2884615 0.1326756 0.25 0.1326756 0.25 0.02945142 0.2884615 0.02945142 0.3269231 0.02945142 0.3269231 0.1326756 0.3269231 0.1326756 0.2884615 0.1326756 0.2884615 0.02945142 0.3269231 0.02945142 0.3653846 0.02945142 0.3653846 0.1326756 0.3653846 0.1326756 0.3269231 0.1326756 0.3269231 0.02945142 0.3653846 0.02945142 0.4038462 0.02945142 0.4038462 0.1326756 0.4038462 0.1326756 0.3653846 0.1326756 0.3653846 0.02945142 0.4038462 0.02945142 0.4423068 0.02945142 0.4423068 0.1326756 0.4423068 0.1326756 0.4038462 0.1326756 0.4038462 0.02945142 0.4423068 0.02945142 0.4807702 0.02945142 0.4807702 0.1326756 0.4807702 0.1326756 0.4423068 0.1326756 0.4423068 0.02945142 0.4807702 0.02945142 0.5192308 0.02945142 0.5192308 0.1326756 0.5192308 0.1326756 0.4807702 0.1326756 0.4807702 0.02945142 0.5192308 0.02945142 0.5576924 0.02945142 0.5576924 0.1326756 0.5576924 0.1326756 0.5192308 0.1326756 0.5192308 0.02945142 0.5576924 0.02945142 0.5961539 0.02945142 0.5961539 0.1326756 0.5961539 0.1326756 0.5576924 0.1326756 0.5576924 0.02945142 0.5961539 0.02945142 0.6346155 0.02945142 0.6346155 0.1326756 0.6346155 0.1326756 0.5961539 0.1326756 0.5961539 0.02945142 0.6346155 0.02945142 0.6730771 0.02945142 0.6730771 0.1326756 0.6730771 0.1326756 0.6346155 0.1326756 0.6346155 0.02945142 0.6730771 0.02945142 0.7115386 0.02945142 0.7115386 0.1326756 0.7115386 0.1326756 0.6730771 0.1326756 0.6730771 0.02945142 0.7115386 0.02945142 0.7499991 0.02945142 0.7499991 0.1326756 0.7499991 0.1326756 0.7115386 0.1326756 0.7115386 0.02945142 0.75 0.135779 0.7884616 0.135779 0.7884616 0.3242542 0.7884616 0.3242542 0.75 0.3242542 0.75 0.135779 0.7884616 0.135779 0.8269231 0.135779 0.8269231 0.3242542 0.8269231 0.3242542 0.7884616 0.3242542 0.7884616 0.135779 0.8269231 0.135779 0.8653847 0.135779 0.8653847 0.3242542 0.8653847 0.3242542 0.8269231 0.3242542 0.8269231 0.135779 0.8653847 0.135779 0.9038463 0.135779 0.9038463 0.3242542 0.9038463 0.3242542 0.8653847 0.3242542 0.8653847 0.135779 0.9038463 0.135779 0.9423078 0.135779 0.9423078 0.3242542 0.9423078 0.3242542 0.9038463 0.3242542 0.9038463 0.135779 0.9423078 0.135779 0.9807693 0.135779 0.9807693 0.3242542 0.9807693 0.3242542 0.9423078 0.3242542 0.9423078 0.135779 0.9807693 0.135779 1.019231 0.135779 1.019231 0.3242542 1.019231 0.3242542 0.9807693 0.3242542 0.9807693 0.135779 0.0192309 0.135779 0.05769234 0.135779 0.05769234 0.3242542 0.05769234 0.3242542 0.0192309 0.3242542 0.0192309 0.135779 0.05769234 0.135779 0.09615391 0.135779 0.09615391 0.3242542 0.09615391 0.3242542 0.05769234 0.3242542 0.05769234 0.135779 0.09615391 0.135779 0.1346154 0.135779 0.1346154 0.3242542 0.1346154 0.3242542 0.09615391 0.3242542 0.09615391 0.135779 0.1346154 0.135779 0.1730769 0.135779 0.1730769 0.3242542 0.1730769 0.3242542 0.1346154 0.3242542 0.1346154 0.135779 0.1730769 0.135779 0.2115384 0.135779 0.2115384 0.3242542 0.2115384 0.3242542 0.1730769 0.3242542 0.1730769 0.135779 0.2115384 0.135779 0.25 0.135779 0.25 0.3242542 0.25 0.3242542 0.2115384 0.3242542 0.2115384 0.135779 0.25 0.135779 0.2884615 0.135779 0.2884615 0.3242542 0.2884615 0.3242542 0.25 0.3242542 0.25 0.135779 0.2884615 0.135779 0.326923 0.135779 0.326923 0.3242542 0.326923 0.3242542 0.2884615 0.3242542 0.2884615 0.135779 0.326923 0.135779 0.3653845 0.135779 0.3653845 0.3242542 0.3653845 0.3242542 0.326923 0.3242542 0.326923 0.135779 0.3653845 0.135779 0.4038461 0.135779 0.4038461 0.3242542 0.4038461 0.3242542 0.3653845 0.3242542 0.3653845 0.135779 0.4038461 0.135779 0.4423076 0.135779 0.4423076 0.3242542 0.4423076 0.3242542 0.4038461 0.3242542 0.4038461 0.135779 0.4423076 0.135779 0.4807692 0.135779 0.4807692 0.3242542 0.4807692 0.3242542 0.4423076 0.3242542 0.4423076 0.135779 0.4807692 0.135779 0.5192307 0.135779 0.5192307 0.3242542 0.5192307 0.3242542 0.4807692 0.3242542 0.4807692 0.135779 0.5192307 0.135779 0.5576923 0.135779 0.5576923 0.3242542 0.5576923 0.3242542 0.5192307 0.3242542 0.5192307 0.135779 0.5576923 0.135779 0.5961539 0.135779 0.5961539 0.3242542 0.5961539 0.3242542 0.5576923 0.3242542 0.5576923 0.135779 0.5961539 0.135779 0.6346154 0.135779 0.6346154 0.3242542 0.6346154 0.3242542 0.5961539 0.3242542 0.5961539 0.135779 0.6346154 0.135779 0.6730771 0.135779 0.6730771 0.3242542 0.6730771 0.3242542 0.6346154 0.3242542 0.6346154 0.135779 0.6730771 0.135779 0.7115387 0.135779 0.7115387 0.3242542 0.7115387 0.3242542 0.6730771 0.3242542 0.6730771 0.135779 0.7115387 0.135779 0.75 0.135779 0.75 0.3242542 0.75 0.3242542 0.7115387 0.3242542 0.7115387 0.135779 0.75 0.3242542 0.7884616 0.3242542 0.7884616 0.4863813 0.7884616 0.4863813 0.75 0.4863813 0.75 0.3242542 0.7884616 0.3242542 0.8269231 0.3242542 0.8269231 0.4863813 0.8269231 0.4863813 0.7884616 0.4863813 0.7884616 0.3242542 0.8269231 0.3242542 0.8653847 0.3242542 0.8653847 0.4863813 0.8653847 0.4863813 0.8269231 0.4863813 0.8269231 0.3242542 0.8653847 0.3242542 0.9038463 0.3242542 0.9038463 0.4863813 0.9038463 0.4863813 0.8653847 0.4863813 0.8653847 0.3242542 0.9038463 0.3242542 0.9423078 0.3242542 0.9423078 0.4863813 0.9423078 0.4863813 0.9038463 0.4863813 0.9038463 0.3242542 0.9423078 0.3242542 0.9807693 0.3242542 0.9807693 0.4863813 0.9807693 0.4863813 0.9423078 0.4863813 0.9423078 0.3242542 0.9807693 0.3242542 1.019231 0.3242542 1.019231 0.4863813 1.019231 0.4863813 0.9807693 0.4863813 0.9807693 0.3242542 0.0192309 0.3242542 0.05769234 0.3242542 0.05769234 0.4863813 0.05769234 0.4863813 0.0192309 0.4863813 0.0192309 0.3242542 0.05769234 0.3242542 0.09615391 0.3242542 0.09615391 0.4863813 0.09615391 0.4863813 0.05769234 0.4863813 0.05769234 0.3242542 0.09615391 0.3242542 0.1346154 0.3242542 0.1346154 0.4863813 0.1346154 0.4863813 0.09615391 0.4863813 0.09615391 0.3242542 0.1346154 0.3242542 0.1730769 0.3242542 0.1730769 0.4863813 0.1730769 0.4863813 0.1346154 0.4863813 0.1346154 0.3242542 0.1730769 0.3242542 0.2115384 0.3242542 0.2115384 0.4863813 0.2115384 0.4863813 0.1730769 0.4863813 0.1730769 0.3242542 0.2115384 0.3242542 0.25 0.3242542 0.25 0.4863813 0.25 0.4863813 0.2115384 0.4863813 0.2115384 0.3242542 0.25 0.3242542 0.2884615 0.3242542 0.2884615 0.4863813 0.2884615 0.4863813 0.25 0.4863813 0.25 0.3242542 0.2884615 0.3242542 0.326923 0.3242542 0.326923 0.4863813 0.326923 0.4863813 0.2884615 0.4863813 0.2884615 0.3242542 0.326923 0.3242542 0.3653845 0.3242542 0.3653845 0.4863813 0.3653845 0.4863813 0.326923 0.4863813 0.326923 0.3242542 0.3653845 0.3242542 0.4038461 0.3242542 0.4038461 0.4863813 0.4038461 0.4863813 0.3653845 0.4863813 0.3653845 0.3242542 0.4038461 0.3242542 0.4423076 0.3242542 0.4423076 0.4863813 0.4423076 0.4863813 0.4038461 0.4863813 0.4038461 0.3242542 0.4423076 0.3242542 0.4807692 0.3242542 0.4807692 0.4863813 0.4807692 0.4863813 0.4423076 0.4863813 0.4423076 0.3242542 0.4807692 0.3242542 0.5192307 0.3242542 0.5192307 0.4863813 0.5192307 0.4863813 0.4807692 0.4863813 0.4807692 0.3242542 0.5192307 0.3242542 0.5576923 0.3242542 0.5576923 0.4863813 0.5576923 0.4863813 0.5192307 0.4863813 0.5192307 0.3242542 0.5576923 0.3242542 0.5961539 0.3242542 0.5961539 0.4863813 0.5961539 0.4863813 0.5576923 0.4863813 0.5576923 0.3242542 0.5961539 0.3242542 0.6346154 0.3242542 0.6346154 0.4863813 0.6346154 0.4863813 0.5961539 0.4863813 0.5961539 0.3242542 0.6346154 0.3242542 0.6730771 0.3242542 0.6730771 0.4863813 0.6730771 0.4863813 0.6346154 0.4863813 0.6346154 0.3242542 0.6730771 0.3242542 0.7115387 0.3242542 0.7115387 0.4863813 0.7115387 0.4863813 0.6730771 0.4863813 0.6730771 0.3242542 0.7115387 0.3242542 0.75 0.3242542 0.75 0.4863813 0.75 0.4863813 0.7115387 0.4863813 0.7115387 0.3242542 0.75 0.4863813 0.7884616 0.4863813 0.7884616 0.6485084 0.7884616 0.6485084 0.75 0.6485084 0.75 0.4863813 0.7884616 0.4863813 0.8269231 0.4863813 0.8269231 0.6485084 0.8269231 0.6485084 0.7884616 0.6485084 0.7884616 0.4863813 0.8269231 0.4863813 0.8653847 0.4863813 0.8653847 0.6485084 0.8653847 0.6485084 0.8269231 0.6485084 0.8269231 0.4863813 0.8653847 0.4863813 0.9038463 0.4863813 0.9038463 0.6485084 0.9038463 0.6485084 0.8653847 0.6485084 0.8653847 0.4863813 0.9038463 0.4863813 0.9423078 0.4863813 0.9423078 0.6485084 0.9423078 0.6485084 0.9038463 0.6485084 0.9038463 0.4863813 0.9423078 0.4863813 0.9807693 0.4863813 0.9807693 0.6485084 0.9807693 0.6485084 0.9423078 0.6485084 0.9423078 0.4863813 0.9807693 0.4863813 1.019231 0.4863813 1.019231 0.6485084 1.019231 0.6485084 0.9807693 0.6485084 0.9807693 0.4863813 0.0192309 0.4863813 0.05769234 0.4863813 0.05769234 0.6485084 0.05769234 0.6485084 0.0192309 0.6485084 0.0192309 0.4863813 0.05769234 0.4863813 0.09615391 0.4863813 0.09615391 0.6485084 0.09615391 0.6485084 0.05769234 0.6485084 0.05769234 0.4863813 0.09615391 0.4863813 0.1346154 0.4863813 0.1346154 0.6485084 0.1346154 0.6485084 0.09615391 0.6485084 0.09615391 0.4863813 0.1346154 0.4863813 0.1730769 0.4863813 0.1730769 0.6485084 0.1730769 0.6485084 0.1346154 0.6485084 0.1346154 0.4863813 0.1730769 0.4863813 0.2115384 0.4863813 0.2115384 0.6485084 0.2115384 0.6485084 0.1730769 0.6485084 0.1730769 0.4863813 0.2115384 0.4863813 0.25 0.4863813 0.25 0.6485084 0.25 0.6485084 0.2115384 0.6485084 0.2115384 0.4863813 0.25 0.4863813 0.2884615 0.4863813 0.2884615 0.6485084 0.2884615 0.6485084 0.25 0.6485084 0.25 0.4863813 0.2884615 0.4863813 0.326923 0.4863813 0.326923 0.6485084 0.326923 0.6485084 0.2884615 0.6485084 0.2884615 0.4863813 0.326923 0.4863813 0.3653845 0.4863813 0.3653845 0.6485084 0.3653845 0.6485084 0.326923 0.6485084 0.326923 0.4863813 0.3653845 0.4863813 0.4038461 0.4863813 0.4038461 0.6485084 0.4038461 0.6485084 0.3653845 0.6485084 0.3653845 0.4863813 0.4038461 0.4863813 0.4423076 0.4863813 0.4423076 0.6485084 0.4423076 0.6485084 0.4038461 0.6485084 0.4038461 0.4863813 0.4423076 0.4863813 0.4807692 0.4863813 0.4807692 0.6485084 0.4807692 0.6485084 0.4423076 0.6485084 0.4423076 0.4863813 0.4807692 0.4863813 0.5192307 0.4863813 0.5192307 0.6485084 0.5192307 0.6485084 0.4807692 0.6485084 0.4807692 0.4863813 0.5192307 0.4863813 0.5576923 0.4863813 0.5576923 0.6485084 0.5576923 0.6485084 0.5192307 0.6485084 0.5192307 0.4863813 0.5576923 0.4863813 0.5961539 0.4863813 0.5961539 0.6485084 0.5961539 0.6485084 0.5576923 0.6485084 0.5576923 0.4863813 0.5961539 0.4863813 0.6346154 0.4863813 0.6346154 0.6485084 0.6346154 0.6485084 0.5961539 0.6485084 0.5961539 0.4863813 0.6346154 0.4863813 0.6730771 0.4863813 0.6730771 0.6485084 0.6730771 0.6485084 0.6346154 0.6485084 0.6346154 0.4863813 0.6730771 0.4863813 0.7115387 0.4863813 0.7115387 0.6485084 0.7115387 0.6485084 0.6730771 0.6485084 0.6730771 0.4863813 0.7115387 0.4863813 0.75 0.4863813 0.75 0.6485084 0.75 0.6485084 0.7115387 0.6485084 0.7115387 0.4863813 0.75 0.6485084 0.7884616 0.6485084 0.7884616 0.8106356 0.7884616 0.8106356 0.75 0.8106356 0.75 0.6485084 0.7884616 0.6485084 0.8269231 0.6485084 0.8269231 0.8106356 0.8269231 0.8106356 0.7884616 0.8106356 0.7884616 0.6485084 0.8269231 0.6485084 0.8653847 0.6485084 0.8653847 0.8106356 0.8653847 0.8106356 0.8269231 0.8106356 0.8269231 0.6485084 0.8653847 0.6485084 0.9038463 0.6485084 0.9038463 0.8106356 0.9038463 0.8106356 0.8653847 0.8106356 0.8653847 0.6485084 0.9038463 0.6485084 0.9423078 0.6485084 0.9423078 0.8106356 0.9423078 0.8106356 0.9038463 0.8106356 0.9038463 0.6485084 0.9423078 0.6485084 0.9807693 0.6485084 0.9807693 0.8106356 0.9807693 0.8106356 0.9423078 0.8106356 0.9423078 0.6485084 0.9807693 0.6485084 1.019231 0.6485084 1.019231 0.8106356 1.019231 0.8106356 0.9807693 0.8106356 0.9807693 0.6485084 0.0192309 0.6485084 0.05769234 0.6485084 0.05769234 0.8106356 0.05769234 0.8106356 0.0192309 0.8106356 0.0192309 0.6485084 0.05769234 0.6485084 0.09615391 0.6485084 0.09615391 0.8106356 0.09615391 0.8106356 0.05769234 0.8106356 0.05769234 0.6485084 0.09615391 0.6485084 0.1346154 0.6485084 0.1346154 0.8106356 0.1346154 0.8106356 0.09615391 0.8106356 0.09615391 0.6485084 0.1346154 0.6485084 0.1730769 0.6485084 0.1730769 0.8106356 0.1730769 0.8106356 0.1346154 0.8106356 0.1346154 0.6485084 0.1730769 0.6485084 0.2115384 0.6485084 0.2115384 0.8106356 0.2115384 0.8106356 0.1730769 0.8106356 0.1730769 0.6485084 0.2115384 0.6485084 0.25 0.6485084 0.25 0.8106356 0.25 0.8106356 0.2115384 0.8106356 0.2115384 0.6485084 0.25 0.6485084 0.2884615 0.6485084 0.2884615 0.8106356 0.2884615 0.8106356 0.25 0.8106356 0.25 0.6485084 0.2884615 0.6485084 0.326923 0.6485084 0.326923 0.8106356 0.326923 0.8106356 0.2884615 0.8106356 0.2884615 0.6485084 0.326923 0.6485084 0.3653845 0.6485084 0.3653845 0.8106356 0.3653845 0.8106356 0.326923 0.8106356 0.326923 0.6485084 0.3653845 0.6485084 0.4038461 0.6485084 0.4038461 0.8106356 0.4038461 0.8106356 0.3653845 0.8106356 0.3653845 0.6485084 0.4038461 0.6485084 0.4423076 0.6485084 0.4423076 0.8106356 0.4423076 0.8106356 0.4038461 0.8106356 0.4038461 0.6485084 0.4423076 0.6485084 0.4807692 0.6485084 0.4807692 0.8106356 0.4807692 0.8106356 0.4423076 0.8106356 0.4423076 0.6485084 0.4807692 0.6485084 0.5192307 0.6485084 0.5192307 0.8106356 0.5192307 0.8106356 0.4807692 0.8106356 0.4807692 0.6485084 0.5192307 0.6485084 0.5576923 0.6485084 0.5576923 0.8106356 0.5576923 0.8106356 0.5192307 0.8106356 0.5192307 0.6485084 0.5576923 0.6485084 0.5961539 0.6485084 0.5961539 0.8106356 0.5961539 0.8106356 0.5576923 0.8106356 0.5576923 0.6485084 0.5961539 0.6485084 0.6346154 0.6485084 0.6346154 0.8106356 0.6346154 0.8106356 0.5961539 0.8106356 0.5961539 0.6485084 0.6346154 0.6485084 0.6730771 0.6485084 0.6730771 0.8106356 0.6730771 0.8106356 0.6346154 0.8106356 0.6346154 0.6485084 0.6730771 0.6485084 0.7115387 0.6485084 0.7115387 0.8106356 0.7115387 0.8106356 0.6730771 0.8106356 0.6730771 0.6485084 0.7115387 0.6485084 0.75 0.6485084 0.75 0.8106356 0.75 0.8106356 0.7115387 0.8106356 0.7115387 0.6485084 0.75 0.8106356 0.7884616 0.8106356 0.7884616 0.9727626 0.7884616 0.9727626 0.75 0.9727626 0.75 0.8106356 0.7884616 0.8106356 0.8269231 0.8106356 0.8269231 0.9727626 0.8269231 0.9727626 0.7884616 0.9727626 0.7884616 0.8106356 0.8269231 0.8106356 0.8653847 0.8106356 0.8653847 0.9727626 0.8653847 0.9727626 0.8269231 0.9727626 0.8269231 0.8106356 0.8653847 0.8106356 0.9038463 0.8106356 0.9038463 0.9727626 0.9038463 0.9727626 0.8653847 0.9727626 0.8653847 0.8106356 0.9038463 0.8106356 0.9423078 0.8106356 0.9423078 0.9727626 0.9423078 0.9727626 0.9038463 0.9727626 0.9038463 0.8106356 0.9423078 0.8106356 0.9807693 0.8106356 0.9807693 0.9727626 0.9807693 0.9727626 0.9423078 0.9727626 0.9423078 0.8106356 0.9807693 0.8106356 1.019231 0.8106356 1.019231 0.9727626 1.019231 0.9727626 0.9807693 0.9727626 0.9807693 0.8106356 0.0192309 0.8106356 0.05769234 0.8106356 0.05769234 0.9727626 0.05769234 0.9727626 0.0192309 0.9727626 0.0192309 0.8106356 0.05769234 0.8106356 0.09615391 0.8106356 0.09615391 0.9727626 0.09615391 0.9727626 0.05769234 0.9727626 0.05769234 0.8106356 0.09615391 0.8106356 0.1346154 0.8106356 0.1346154 0.9727626 0.1346154 0.9727626 0.09615391 0.9727626 0.09615391 0.8106356 0.1346154 0.8106356 0.1730769 0.8106356 0.1730769 0.9727626 0.1730769 0.9727626 0.1346154 0.9727626 0.1346154 0.8106356 0.1730769 0.8106356 0.2115384 0.8106356 0.2115384 0.9727626 0.2115384 0.9727626 0.1730769 0.9727626 0.1730769 0.8106356 0.2115384 0.8106356 0.25 0.8106356 0.25 0.9727626 0.25 0.9727626 0.2115384 0.9727626 0.2115384 0.8106356 0.25 0.8106356 0.2884615 0.8106356 0.2884615 0.9727626 0.2884615 0.9727626 0.25 0.9727626 0.25 0.8106356 0.2884615 0.8106356 0.326923 0.8106356 0.326923 0.9727626 0.326923 0.9727626 0.2884615 0.9727626 0.2884615 0.8106356 0.326923 0.8106356 0.3653845 0.8106356 0.3653845 0.9727626 0.3653845 0.9727626 0.326923 0.9727626 0.326923 0.8106356 0.3653845 0.8106356 0.4038461 0.8106356 0.4038461 0.9727626 0.4038461 0.9727626 0.3653845 0.9727626 0.3653845 0.8106356 0.4038461 0.8106356 0.4423076 0.8106356 0.4423076 0.9727626 0.4423076 0.9727626 0.4038461 0.9727626 0.4038461 0.8106356 0.4423076 0.8106356 0.4807692 0.8106356 0.4807692 0.9727626 0.4807692 0.9727626 0.4423076 0.9727626 0.4423076 0.8106356 0.4807692 0.8106356 0.5192307 0.8106356 0.5192307 0.9727626 0.5192307 0.9727626 0.4807692 0.9727626 0.4807692 0.8106356 0.5192307 0.8106356 0.5576923 0.8106356 0.5576923 0.9727626 0.5576923 0.9727626 0.5192307 0.9727626 0.5192307 0.8106356 0.5576923 0.8106356 0.5961539 0.8106356 0.5961539 0.9727626 0.5961539 0.9727626 0.5576923 0.9727626 0.5576923 0.8106356 0.5961539 0.8106356 0.6346154 0.8106356 0.6346154 0.9727626 0.6346154 0.9727626 0.5961539 0.9727626 0.5961539 0.8106356 0.6346154 0.8106356 0.6730771 0.8106356 0.6730771 0.9727626 0.6730771 0.9727626 0.6346154 0.9727626 0.6346154 0.8106356 0.6730771 0.8106356 0.7115387 0.8106356 0.7115387 0.9727626 0.7115387 0.9727626 0.6730771 0.9727626 0.6730771 0.8106356 0.7115387 0.8106356 0.75 0.8106356 0.75 0.9727626 0.75 0.9727626 0.7115387 0.9727626 0.7115387 0.8106356 0.75 0 0.7884616 0 0.7884625 0 0.7884625 0 0.7499991 0 0.75 0 0.7884616 0 0.8269231 0 0.8269231 0 0.8269231 0 0.7884625 0 0.7884616 0 0.8269231 0 0.8653847 0 0.8653847 0 0.8653847 0 0.8269231 0 0.8269231 0 0.8653847 0 0.9038463 0 0.9038453 0 0.9038453 0 0.8653847 0 0.8653847 0 0.9038463 0 0.9423078 0 0.9423087 0 0.9423087 0 0.9038453 0 0.9038463 0 0.9423078 0 0.9807693 0 0.9807693 0 0.9807693 0 0.9423087 0 0.9423078 0 0.9807693 0 1.019231 0 1.019231 0 1.019231 0 0.9807693 0 0.9807693 0 0.0192309 0 0.05769234 0 0.05769228 0 0.05769228 0 0.01923084 0 0.0192309 0 0.05769234 0 0.09615391 0 0.09615385 0 0.09615385 0 0.05769228 0 0.05769234 0 0.09615391 0 0.1346154 0 0.1346154 0 0.1346154 0 0.09615385 0 0.09615391 0 0.1346154 0 0.1730769 0 0.173076 0 0.173076 0 0.1346154 0 0.1346154 0 0.1730769 0 0.2115384 0 0.2115394 0 0.2115394 0 0.173076 0 0.1730769 0 0.2115384 0 0.25 0 0.25 0 0.25 0 0.2115394 0 0.2115384 0 0.25 0 0.2884615 0 0.2884615 0 0.2884615 0 0.25 0 0.25 0 0.2884615 0 0.326923 0 0.3269231 0 0.3269231 0 0.2884615 0 0.2884615 0 0.326923 0 0.3653845 0 0.3653846 0 0.3653846 0 0.3269231 0 0.326923 0 0.3653845 0 0.4038461 0 0.4038462 0 0.4038462 0 0.3653846 0 0.3653845 0 0.4038461 0 0.4423076 0 0.4423068 0 0.4423068 0 0.4038462 0 0.4038461 0 0.4423076 0 0.4807692 0 0.4807702 0 0.4807702 0 0.4423068 0 0.4423076 0 0.4807692 0 0.5192307 0 0.5192308 0 0.5192308 0 0.4807702 0 0.4807692 0 0.5192307 0 0.5576923 0 0.5576924 0 0.5576924 0 0.5192308 0 0.5192307 0 0.5576923 0 0.5961539 0 0.5961539 0 0.5961539 0 0.5576924 0 0.5576923 0 0.5961539 0 0.6346154 0 0.6346155 0 0.6346155 0 0.5961539 0 0.5961539 0 0.6346154 0 0.6730771 0 0.6730771 0 0.6730771 0 0.6346155 0 0.6346154 0 0.6730771 0 0.7115387 0 0.7115386 0 0.7115386 0 0.6730771 0 0.6730771 0 0.7115387 0 0.75 0 0.7499991 0 0.7499991 0 0.7115386 0 0.7115387 0 0.7884616 0.135779 0.75 0.135779 0.7499991 0.135779 0.7499991 0.135779 0.7884624 0.135779 0.7884616 0.135779 0.75 0.135779 0.7115387 0.135779 0.7115386 0.135779 0.7115386 0.135779 0.7499991 0.135779 0.75 0.135779 0.7115387 0.135779 0.6730771 0.135779 0.6730771 0.135779 0.6730771 0.135779 0.7115386 0.135779 0.7115387 0.135779 0.6730771 0.135779 0.6346154 0.135779 0.6346155 0.135779 0.6346155 0.135779 0.6730771 0.135779 0.6730771 0.135779 0.6346154 0.135779 0.5961539 0.135779 0.5961539 0.135779 0.5961539 0.135779 0.6346155 0.135779 0.6346154 0.135779 0.5961539 0.135779 0.5576923 0.135779 0.5576924 0.135779 0.5576924 0.135779 0.5961539 0.135779 0.5961539 0.135779 0.5576923 0.135779 0.5192307 0.135779 0.5192308 0.135779 0.5192308 0.135779 0.5576924 0.135779 0.5576923 0.135779 0.5192307 0.135779 0.4807692 0.135779 0.4807702 0.135779 0.4807702 0.135779 0.5192308 0.135779 0.5192307 0.135779 0.4807692 0.135779 0.4423076 0.135779 0.4423068 0.135779 0.4423068 0.135779 0.4807702 0.135779 0.4807692 0.135779 0.4423076 0.135779 0.4038461 0.135779 0.4038462 0.135779 0.4038462 0.135779 0.4423068 0.135779 0.4423076 0.135779 0.4038461 0.135779 0.3653845 0.135779 0.3653846 0.135779 0.3653846 0.135779 0.4038462 0.135779 0.4038461 0.135779 0.3653845 0.135779 0.326923 0.135779 0.3269231 0.135779 0.3269231 0.135779 0.3653846 0.135779 0.3653845 0.135779 0.326923 0.135779 0.2884615 0.135779 0.2884615 0.135779 0.2884615 0.135779 0.3269231 0.135779 0.326923 0.135779 0.2884615 0.135779 0.25 0.135779 0.25 0.135779 0.25 0.135779 0.2884615 0.135779 0.2884615 0.135779 0.25 0.135779 0.2115384 0.135779 0.2115393 0.135779 0.2115393 0.135779 0.25 0.135779 0.25 0.135779 0.2115384 0.135779 0.1730769 0.135779 0.173076 0.135779 0.173076 0.135779 0.2115393 0.135779 0.2115384 0.135779 0.1730769 0.135779 0.1346154 0.135779 0.1346154 0.135779 0.1346154 0.135779 0.173076 0.135779 0.1730769 0.135779 0.1346154 0.135779 0.09615391 0.135779 0.09615385 0.135779 0.09615385 0.135779 0.1346154 0.135779 0.1346154 0.135779 0.09615391 0.135779 0.05769234 0.135779 0.05769228 0.135779 0.05769228 0.135779 0.09615385 0.135779 0.09615391 0.135779 0.05769234 0.135779 0.0192309 0.135779 0.01923084 0.135779 0.01923084 0.135779 0.05769228 0.135779 0.05769234 0.135779 0.0192309 0.135779 -0.01923066 0.135779 -0.01923072 0.135779 -0.01923072 0.135779 0.01923084 0.135779 0.0192309 0.135779 0.9807693 0.135779 0.9423078 0.135779 0.9423087 0.135779 0.9423087 0.135779 0.9807693 0.135779 0.9807693 0.135779 0.9423078 0.135779 0.9038463 0.135779 0.9038453 0.135779 0.9038453 0.135779 0.9423087 0.135779 0.9423078 0.135779 0.9038463 0.135779 0.8653847 0.135779 0.8653847 0.135779 0.8653847 0.135779 0.9038453 0.135779 0.9038463 0.135779 0.8653847 0.135779 0.8269231 0.135779 0.8269231 0.135779 0.8269231 0.135779 0.8653847 0.135779 0.8653847 0.135779 0.8269231 0.135779 0.7884616 0.135779 0.7884624 0.135779 0.7884624 0.135779 0.8269231 0.135779 0.8269231 0.135779 0.0192309 0.9727626 0.326923 0.9727626 0.6346154 0.9727626 0.7499988 0 0.7884618 0 0.7884625 0.01777827 0.7884625 0.01777827 0.7499994 0.01777827 0.7499988 0 0.7884618 0 0.8269231 0 0.8269231 0.01777827 0.8269231 0.01777827 0.7884625 0.01777827 0.7884618 0 0.8269231 0 0.8653845 0 0.8653845 0.01777827 0.8653845 0.01777827 0.8269231 0.01777827 0.8269231 0 0.8653845 0 0.9038454 0 0.9038454 0.01777827 0.9038454 0.01777827 0.8653845 0.01777827 0.8653845 0 0.9038454 0 0.9423091 0 0.9423084 0.01777827 0.9423084 0.01777827 0.9038454 0.01777827 0.9038454 0 0.9423091 0 0.9807687 0 0.9807694 0.01777827 0.9807694 0.01777827 0.9423084 0.01777827 0.9423091 0 0.9807687 0 1.019231 0 1.019231 0.01777827 1.019231 0.01777827 0.9807694 0.01777827 0.9807687 0 0.01923078 0 0.05769181 0 0.05769181 0.01777827 0.05769181 0.01777827 0.01923078 0.01777827 0.01923078 0 0.05769181 0 0.09615439 0 0.09615439 0.01777827 0.09615439 0.01777827 0.05769181 0.01777827 0.05769181 0 0.09615439 0 0.1346153 0 0.1346153 0.01777827 0.1346153 0.01777827 0.09615439 0.01777827 0.09615439 0 0.1346153 0 0.1730762 0 0.1730762 0.01777827 0.1730762 0.01777827 0.1346153 0.01777827 0.1346153 0 0.1730762 0 0.2115393 0 0.2115393 0.01777827 0.2115393 0.01777827 0.1730762 0.01777827 0.1730762 0 0.2115393 0 0.25 0 0.2500001 0.01777827 0.2500001 0.01777827 0.2115393 0.01777827 0.2115393 0 0.25 0 0.2884616 0 0.2884616 0.01777827 0.2884616 0.01777827 0.2500001 0.01777827 0.25 0 0.2884616 0 0.3269225 0 0.3269225 0.01777827 0.3269225 0.01777827 0.2884616 0.01777827 0.2884616 0 0.3269225 0 0.3653852 0 0.3653852 0.01777827 0.3653852 0.01777827 0.3269225 0.01777827 0.3269225 0 0.3653852 0 0.4038456 0 0.4038459 0.01777827 0.4038459 0.01777827 0.3653852 0.01777827 0.3653852 0 0.4038456 0 0.4423065 0 0.4423068 0.01777827 0.4423068 0.01777827 0.4038459 0.01777827 0.4038456 0 0.4423065 0 0.4807701 0 0.4807701 0.01777827 0.4807701 0.01777827 0.4423068 0.01777827 0.4423065 0 0.4807701 0 0.5192314 0 0.519231 0.01777827 0.519231 0.01777827 0.4807701 0.01777827 0.4807701 0 0.5192314 0 0.557693 0 0.5576927 0.01777827 0.5576927 0.01777827 0.519231 0.01777827 0.5192314 0 0.557693 0 0.5961534 0 0.5961534 0.01777827 0.5961534 0.01777827 0.5576927 0.01777827 0.557693 0 0.5961534 0 0.634616 0 0.634616 0.01777827 0.634616 0.01777827 0.5961534 0.01777827 0.5961534 0 0.634616 0 0.6730771 0 0.6730771 0.01777827 0.6730771 0.01777827 0.634616 0.01777827 0.634616 0 0.6730771 0 0.7115385 0 0.7115385 0.01777827 0.7115385 0.01777827 0.6730771 0.01777827 0.6730771 0 0.7115385 0 0.7499988 0 0.7499994 0.01777827 0.7499994 0.01777827 0.7115385 0.01777827 0.7115385 0 0.7884625 0.1347561 0.7499991 0.1347561 0.7499991 0.1326756 0.7499991 0.1326756 0.7884625 0.1326756 0.7884625 0.1347561 0.7499991 0.1347561 0.7115386 0.1347561 0.7115386 0.1326756 0.7115386 0.1326756 0.7499991 0.1326756 0.7499991 0.1347561 0.7115386 0.1347561 0.6730771 0.1347561 0.6730771 0.1326756 0.6730771 0.1326756 0.7115386 0.1326756 0.7115386 0.1347561 0.6730771 0.1347561 0.6346155 0.1347561 0.6346155 0.1326756 0.6346155 0.1326756 0.6730771 0.1326756 0.6730771 0.1347561 0.6346155 0.1347561 0.5961539 0.1347561 0.5961539 0.1326756 0.5961539 0.1326756 0.6346155 0.1326756 0.6346155 0.1347561 0.5961539 0.1347561 0.5576924 0.1347561 0.5576924 0.1326756 0.5576924 0.1326756 0.5961539 0.1326756 0.5961539 0.1347561 0.5576924 0.1347561 0.5192308 0.1347561 0.5192308 0.1326756 0.5192308 0.1326756 0.5576924 0.1326756 0.5576924 0.1347561 0.5192308 0.1347561 0.4807702 0.1347561 0.4807702 0.1326756 0.4807702 0.1326756 0.5192308 0.1326756 0.5192308 0.1347561 0.4807702 0.1347561 0.4423068 0.1347561 0.4423068 0.1326756 0.4423068 0.1326756 0.4807702 0.1326756 0.4807702 0.1347561 0.4423068 0.1347561 0.4038462 0.1347561 0.4038462 0.1326756 0.4038462 0.1326756 0.4423068 0.1326756 0.4423068 0.1347561 0.4038462 0.1347561 0.3653846 0.1347561 0.3653846 0.1326756 0.3653846 0.1326756 0.4038462 0.1326756 0.4038462 0.1347561 0.3653846 0.1347561 0.3269231 0.1347561 0.3269231 0.1326756 0.3269231 0.1326756 0.3653846 0.1326756 0.3653846 0.1347561 0.3269231 0.1347561 0.2884615 0.1347561 0.2884615 0.1326756 0.2884615 0.1326756 0.3269231 0.1326756 0.3269231 0.1347561 0.2884615 0.1347561 0.25 0.1347561 0.25 0.1326756 0.25 0.1326756 0.2884615 0.1326756 0.2884615 0.1347561 0.25 0.1347561 0.2115394 0.1347561 0.2115394 0.1326756 0.2115394 0.1326756 0.25 0.1326756 0.25 0.1347561 0.2115394 0.1347561 0.173076 0.1347561 0.173076 0.1326756 0.173076 0.1326756 0.2115394 0.1326756 0.2115394 0.1347561 0.173076 0.1347561 0.1346154 0.1347561 0.1346154 0.1326756 0.1346154 0.1326756 0.173076 0.1326756 0.173076 0.1347561 0.1346154 0.1347561 0.09615385 0.1347561 0.09615385 0.1326756 0.09615385 0.1326756 0.1346154 0.1326756 0.1346154 0.1347561 0.09615385 0.1347561 0.05769228 0.1347561 0.05769228 0.1326756 0.05769228 0.1326756 0.09615385 0.1326756 0.09615385 0.1347561 0.05769228 0.1347561 0.01923084 0.1347561 0.01923084 0.1326756 0.01923084 0.1326756 0.05769228 0.1326756 0.05769228 0.1347561 0.01923084 0.1347561 -0.01923072 0.1347561 -0.01923072 0.1326756 -0.01923072 0.1326756 0.01923084 0.1326756 0.01923084 0.1347561 0.9807693 0.1347561 0.9423087 0.1347561 0.9423087 0.1326756 0.9423087 0.1326756 0.9807693 0.1326756 0.9807693 0.1347561 0.9423087 0.1347561 0.9038453 0.1347561 0.9038453 0.1326756 0.9038453 0.1326756 0.9423087 0.1326756 0.9423087 0.1347561 0.9038453 0.1347561 0.8653847 0.1347561 0.8653847 0.1326756 0.8653847 0.1326756 0.9038453 0.1326756 0.9038453 0.1347561 0.8653847 0.1347561 0.8269231 0.1347561 0.8269231 0.1326756 0.8269231 0.1326756 0.8653847 0.1326756 0.8653847 0.1347561 0.8269231 0.1347561 0.7884625 0.1347561 0.7884625 0.1326756 0.7884625 0.1326756 0.8269231 0.1326756 0.8269231 0.1347561 0.7499991 0 0.7884625 0 0.7884618 0 0.7884618 0 0.7499988 0 0.7499991 0 0.7884625 0 0.8269231 0 0.8269231 0 0.8269231 0 0.7884618 0 0.7884625 0 0.8269231 0 0.8653847 0 0.8653845 0 0.8653845 0 0.8269231 0 0.8269231 0 0.8653847 0 0.9038453 0 0.9038454 0 0.9038454 0 0.8653845 0 0.8653847 0 0.9038453 0 0.9423087 0 0.9423091 0 0.9423091 0 0.9038454 0 0.9038453 0 0.9423087 0 0.9807693 0 0.9807687 0 0.9807687 0 0.9423091 0 0.9423087 0 0.9807693 0 1.019231 0 1.019231 0 1.019231 0 0.9807687 0 0.9807693 0 0.01923084 0 0.05769228 0 0.05769181 0 0.05769181 0 0.01923078 0 0.01923084 0 0.05769228 0 0.09615385 0 0.09615439 0 0.09615439 0 0.05769181 0 0.05769228 0 0.09615385 0 0.1346154 0 0.1346153 0 0.1346153 0 0.09615439 0 0.09615385 0 0.1346154 0 0.173076 0 0.1730762 0 0.1730762 0 0.1346153 0 0.1346154 0 0.173076 0 0.2115394 0 0.2115393 0 0.2115393 0 0.1730762 0 0.173076 0 0.2115394 0 0.25 0 0.25 0 0.25 0 0.2115393 0 0.2115394 0 0.25 0 0.2884615 0 0.2884616 0 0.2884616 0 0.25 0 0.25 0 0.2884615 0 0.3269231 0 0.3269225 0 0.3269225 0 0.2884616 0 0.2884615 0 0.3269231 0 0.3653846 0 0.3653852 0 0.3653852 0 0.3269225 0 0.3269231 0 0.3653846 0 0.4038462 0 0.4038456 0 0.4038456 0 0.3653852 0 0.3653846 0 0.4038462 0 0.4423068 0 0.4423065 0 0.4423065 0 0.4038456 0 0.4038462 0 0.4423068 0 0.4807702 0 0.4807701 0 0.4807701 0 0.4423065 0 0.4423068 0 0.4807702 0 0.5192308 0 0.5192314 0 0.5192314 0 0.4807701 0 0.4807702 0 0.5192308 0 0.5576924 0 0.557693 0 0.557693 0 0.5192314 0 0.5192308 0 0.5576924 0 0.5961539 0 0.5961534 0 0.5961534 0 0.557693 0 0.5576924 0 0.5961539 0 0.6346155 0 0.634616 0 0.634616 0 0.5961534 0 0.5961539 0 0.6346155 0 0.6730771 0 0.6730771 0 0.6730771 0 0.634616 0 0.6346155 0 0.6730771 0 0.7115386 0 0.7115385 0 0.7115385 0 0.6730771 0 0.6730771 0 0.7115386 0 0.7499991 0 0.7499988 0 0.7499988 0 0.7115385 0 0.7115386 0 0.7884625 0.02945142 0.7499991 0.02945142 0.7499991 0.02945142 0.7499991 0.02945142 0.7884625 0.02945142 0.7884625 0.02945142 0.7499991 0.02945142 0.7115386 0.02945142 0.7115386 0.02945142 0.7115386 0.02945142 0.7499991 0.02945142 0.7499991 0.02945142 0.7115386 0.02945142 0.6730771 0.02945142 0.6730771 0.02945142 0.6730771 0.02945142 0.7115386 0.02945142 0.7115386 0.02945142 0.6730771 0.02945142 0.6346155 0.02945142 0.6346156 0.02945142 0.6346156 0.02945142 0.6730771 0.02945142 0.6730771 0.02945142 0.6346155 0.02945142 0.5961539 0.02945142 0.5961539 0.02945142 0.5961539 0.02945142 0.6346156 0.02945142 0.6346155 0.02945142 0.5961539 0.02945142 0.5576924 0.02945142 0.5576924 0.02945142 0.5576924 0.02945142 0.5961539 0.02945142 0.5961539 0.02945142 0.5576924 0.02945142 0.5192308 0.02945142 0.5192308 0.02945142 0.5192308 0.02945142 0.5576924 0.02945142 0.5576924 0.02945142 0.5192308 0.02945142 0.4807702 0.02945142 0.4807702 0.02945142 0.4807702 0.02945142 0.5192308 0.02945142 0.5192308 0.02945142 0.4807702 0.02945142 0.4423068 0.02945142 0.4423068 0.02945142 0.4423068 0.02945142 0.4807702 0.02945142 0.4807702 0.02945142 0.4423068 0.02945142 0.4038462 0.02945142 0.4038462 0.02945142 0.4038462 0.02945142 0.4423068 0.02945142 0.4423068 0.02945142 0.4038462 0.02945142 0.3653846 0.02945142 0.3653846 0.02945142 0.3653846 0.02945142 0.4038462 0.02945142 0.4038462 0.02945142 0.3653846 0.02945142 0.3269231 0.02945142 0.3269231 0.02945142 0.3269231 0.02945142 0.3653846 0.02945142 0.3653846 0.02945142 0.3269231 0.02945142 0.2884615 0.02945142 0.2884615 0.02945142 0.2884615 0.02945142 0.3269231 0.02945142 0.3269231 0.02945142 0.2884615 0.02945142 0.25 0.02945142 0.25 0.02945142 0.25 0.02945142 0.2884615 0.02945142 0.2884615 0.02945142 0.25 0.02945142 0.2115394 0.02945142 0.2115394 0.02945142 0.2115394 0.02945142 0.25 0.02945142 0.25 0.02945142 0.2115394 0.02945142 0.173076 0.02945142 0.173076 0.02945142 0.173076 0.02945142 0.2115394 0.02945142 0.2115394 0.02945142 0.173076 0.02945142 0.1346154 0.02945142 0.1346154 0.02945142 0.1346154 0.02945142 0.173076 0.02945142 0.173076 0.02945142 0.1346154 0.02945142 0.09615385 0.02945142 0.09615385 0.02945142 0.09615385 0.02945142 0.1346154 0.02945142 0.1346154 0.02945142 0.09615385 0.02945142 0.05769228 0.02945142 0.05769228 0.02945142 0.05769228 0.02945142 0.09615385 0.02945142 0.09615385 0.02945142 0.05769228 0.02945142 0.01923084 0.02945142 0.01923084 0.02945142 0.01923084 0.02945142 0.05769228 0.02945142 0.05769228 0.02945142 0.01923084 0.02945142 -0.01923072 0.02945142 -0.01923072 0.02945142 -0.01923072 0.02945142 0.01923084 0.02945142 0.01923084 0.02945142 0.9807693 0.02945142 0.9423087 0.02945142 0.9423087 0.02945142 0.9423087 0.02945142 0.9807693 0.02945142 0.9807693 0.02945142 0.9423087 0.02945142 0.9038453 0.02945142 0.9038453 0.02945142 0.9038453 0.02945142 0.9423087 0.02945142 0.9423087 0.02945142 0.9038453 0.02945142 0.8653846 0.02945142 0.8653847 0.02945142 0.8653847 0.02945142 0.9038453 0.02945142 0.9038453 0.02945142 0.8653846 0.02945142 0.8269231 0.02945142 0.8269231 0.02945142 0.8269231 0.02945142 0.8653847 0.02945142 0.8653846 0.02945142 0.8269231 0.02945142 0.7884625 0.02945142 0.7884625 0.02945142 0.7884625 0.02945142 0.8269231 0.02945142 0.8269231 0.02945142 0.7884625 0.01777827 0.7884625 0.02945142 0.7499991 0.02945142 0.7499991 0.02945142 0.7499994 0.01777827 0.7884625 0.01777827 0.7499994 0.01777827 0.7499991 0.02945142 0.7115386 0.02945142 0.7115386 0.02945142 0.7115385 0.01777827 0.7499994 0.01777827 0.7115385 0.01777827 0.7115386 0.02945142 0.6730771 0.02945142 0.6730771 0.02945142 0.6730771 0.01777827 0.7115385 0.01777827 0.6730771 0.01777827 0.6730771 0.02945142 0.6346156 0.02945142 0.6346156 0.02945142 0.634616 0.01777827 0.6730771 0.01777827 0.634616 0.01777827 0.6346156 0.02945142 0.5961539 0.02945142 0.5961539 0.02945142 0.5961534 0.01777827 0.634616 0.01777827 0.5961534 0.01777827 0.5961539 0.02945142 0.5576924 0.02945142 0.5576924 0.02945142 0.5576927 0.01777827 0.5961534 0.01777827 0.5576927 0.01777827 0.5576924 0.02945142 0.5192308 0.02945142 0.5192308 0.02945142 0.519231 0.01777827 0.5576927 0.01777827 0.519231 0.01777827 0.5192308 0.02945142 0.4807702 0.02945142 0.4807702 0.02945142 0.4807701 0.01777827 0.519231 0.01777827 0.4807701 0.01777827 0.4807702 0.02945142 0.4423068 0.02945142 0.4423068 0.02945142 0.4423068 0.01777827 0.4807701 0.01777827 0.4423068 0.01777827 0.4423068 0.02945142 0.4038462 0.02945142 0.4038462 0.02945142 0.4038459 0.01777827 0.4423068 0.01777827 0.4038459 0.01777827 0.4038462 0.02945142 0.3653846 0.02945142 0.3653846 0.02945142 0.3653852 0.01777827 0.4038459 0.01777827 0.3653852 0.01777827 0.3653846 0.02945142 0.3269231 0.02945142 0.3269231 0.02945142 0.3269225 0.01777827 0.3653852 0.01777827 0.3269225 0.01777827 0.3269231 0.02945142 0.2884615 0.02945142 0.2884615 0.02945142 0.2884616 0.01777827 0.3269225 0.01777827 0.2884616 0.01777827 0.2884615 0.02945142 0.25 0.02945142 0.25 0.02945142 0.2500001 0.01777827 0.2884616 0.01777827 0.2500001 0.01777827 0.25 0.02945142 0.2115394 0.02945142 0.2115394 0.02945142 0.2115393 0.01777827 0.2500001 0.01777827 0.2115393 0.01777827 0.2115394 0.02945142 0.173076 0.02945142 0.173076 0.02945142 0.1730762 0.01777827 0.2115393 0.01777827 0.1730762 0.01777827 0.173076 0.02945142 0.1346154 0.02945142 0.1346154 0.02945142 0.1346153 0.01777827 0.1730762 0.01777827 0.1346153 0.01777827 0.1346154 0.02945142 0.09615385 0.02945142 0.09615385 0.02945142 0.09615439 0.01777827 0.1346153 0.01777827 0.09615439 0.01777827 0.09615385 0.02945142 0.05769228 0.02945142 0.05769228 0.02945142 0.05769181 0.01777827 0.09615439 0.01777827 0.05769181 0.01777827 0.05769228 0.02945142 0.01923084 0.02945142 0.01923084 0.02945142 0.01923078 0.01777827 0.05769181 0.01777827 0.01923078 0.01777827 0.01923084 0.02945142 -0.01923072 0.02945142 -0.01923072 0.02945142 -0.0192306 0.01777827 0.01923078 0.01777827 0.9807694 0.01777827 0.9807693 0.02945142 0.9423087 0.02945142 0.9423087 0.02945142 0.9423084 0.01777827 0.9807694 0.01777827 0.9423084 0.01777827 0.9423087 0.02945142 0.9038453 0.02945142 0.9038453 0.02945142 0.9038454 0.01777827 0.9423084 0.01777827 0.9038454 0.01777827 0.9038453 0.02945142 0.8653847 0.02945142 0.8653847 0.02945142 0.8653845 0.01777827 0.9038454 0.01777827 0.8653845 0.01777827 0.8653847 0.02945142 0.8269231 0.02945142 0.8269231 0.02945142 0.8269231 0.01777827 0.8653845 0.01777827 0.8269231 0.01777827 0.8269231 0.02945142 0.7884625 0.02945142 0.7884625 0.02945142 0.7884625 0.01777827 0.8269231 0.01777827 0.7884625 0.1347561 0.7884624 0.135779 0.7499991 0.135779 0.7499991 0.135779 0.7499991 0.1347561 0.7884625 0.1347561 0.7499991 0.1347561 0.7499991 0.135779 0.7115386 0.135779 0.7115386 0.135779 0.7115386 0.1347561 0.7499991 0.1347561 0.7115386 0.1347561 0.7115386 0.135779 0.6730771 0.135779 0.6730771 0.135779 0.6730771 0.1347561 0.7115386 0.1347561 0.6730771 0.1347561 0.6730771 0.135779 0.6346155 0.135779 0.6346155 0.135779 0.6346155 0.1347561 0.6730771 0.1347561 0.6346155 0.1347561 0.6346155 0.135779 0.5961539 0.135779 0.5961539 0.135779 0.5961539 0.1347561 0.6346155 0.1347561 0.5961539 0.1347561 0.5961539 0.135779 0.5576924 0.135779 0.5576924 0.135779 0.5576924 0.1347561 0.5961539 0.1347561 0.5576924 0.1347561 0.5576924 0.135779 0.5192308 0.135779 0.5192308 0.135779 0.5192308 0.1347561 0.5576924 0.1347561 0.5192308 0.1347561 0.5192308 0.135779 0.4807702 0.135779 0.4807702 0.135779 0.4807702 0.1347561 0.5192308 0.1347561 0.4807702 0.1347561 0.4807702 0.135779 0.4423068 0.135779 0.4423068 0.135779 0.4423068 0.1347561 0.4807702 0.1347561 0.4423068 0.1347561 0.4423068 0.135779 0.4038462 0.135779 0.4038462 0.135779 0.4038462 0.1347561 0.4423068 0.1347561 0.4038462 0.1347561 0.4038462 0.135779 0.3653846 0.135779 0.3653846 0.135779 0.3653846 0.1347561 0.4038462 0.1347561 0.3653846 0.1347561 0.3653846 0.135779 0.3269231 0.135779 0.3269231 0.135779 0.3269231 0.1347561 0.3653846 0.1347561 0.3269231 0.1347561 0.3269231 0.135779 0.2884615 0.135779 0.2884615 0.135779 0.2884615 0.1347561 0.3269231 0.1347561 0.2884615 0.1347561 0.2884615 0.135779 0.25 0.135779 0.25 0.135779 0.25 0.1347561 0.2884615 0.1347561 0.25 0.1347561 0.25 0.135779 0.2115393 0.135779 0.2115393 0.135779 0.2115394 0.1347561 0.25 0.1347561 0.2115394 0.1347561 0.2115393 0.135779 0.173076 0.135779 0.173076 0.135779 0.173076 0.1347561 0.2115394 0.1347561 0.173076 0.1347561 0.173076 0.135779 0.1346154 0.135779 0.1346154 0.135779 0.1346154 0.1347561 0.173076 0.1347561 0.1346154 0.1347561 0.1346154 0.135779 0.09615385 0.135779 0.09615385 0.135779 0.09615385 0.1347561 0.1346154 0.1347561 0.09615385 0.1347561 0.09615385 0.135779 0.05769228 0.135779 0.05769228 0.135779 0.05769228 0.1347561 0.09615385 0.1347561 0.05769228 0.1347561 0.05769228 0.135779 0.01923084 0.135779 0.01923084 0.135779 0.01923084 0.1347561 0.05769228 0.1347561 0.01923084 0.1347561 0.01923084 0.135779 -0.01923072 0.135779 -0.01923072 0.135779 -0.01923072 0.1347561 0.01923084 0.1347561 0.9807693 0.1347561 0.9807693 0.135779 0.9423087 0.135779 0.9423087 0.135779 0.9423087 0.1347561 0.9807693 0.1347561 0.9423087 0.1347561 0.9423087 0.135779 0.9038453 0.135779 0.9038453 0.135779 0.9038453 0.1347561 0.9423087 0.1347561 0.9038453 0.1347561 0.9038453 0.135779 0.8653847 0.135779 0.8653847 0.135779 0.8653847 0.1347561 0.9038453 0.1347561 0.8653847 0.1347561 0.8653847 0.135779 0.8269231 0.135779 0.8269231 0.135779 0.8269231 0.1347561 0.8653847 0.1347561 0.8269231 0.1347561 0.8269231 0.135779 0.7884624 0.135779 0.7884624 0.135779 0.7884625 0.1347561 0.8269231 0.1347561 0.8653847 0.9727626 0.9038463 0.9727626 0.9423078 0.9727626 0.9423078 0.9727626 0.9807693 0.9727626 0.0192309 0.9727626 0.0192309 0.9727626 0.05769234 0.9727626 0.1730769 0.9727626 0.05769234 0.9727626 0.09615391 0.9727626 0.1730769 0.9727626 0.09615391 0.9727626 0.1346154 0.9727626 0.1730769 0.9727626 0.1730769 0.9727626 0.2115384 0.9727626 0.25 0.9727626 0.25 0.9727626 0.2884615 0.9727626 0.326923 0.9727626 0.326923 0.9727626 0.3653845 0.9727626 0.4807692 0.9727626 0.3653845 0.9727626 0.4038461 0.9727626 0.4807692 0.9727626 0.4038461 0.9727626 0.4423076 0.9727626 0.4807692 0.9727626 0.4807692 0.9727626 0.5192307 0.9727626 0.5576923 0.9727626 0.5576923 0.9727626 0.5961539 0.9727626 0.6346154 0.9727626 0.6346154 0.9727626 0.6730771 0.9727626 0.7884616 0.9727626 0.6730771 0.9727626 0.7115387 0.9727626 0.7884616 0.9727626 0.7115387 0.9727626 0.75 0.9727626 0.7884616 0.9727626 0.7884616 0.9727626 0.8269231 0.9727626 0.8653847 0.9727626 0.8653847 0.9727626 0.9423078 0.9727626 0.7884616 0.9727626 0.9423078 0.9727626 0.0192309 0.9727626 0.7884616 0.9727626 0.1730769 0.9727626 0.25 0.9727626 0.326923 0.9727626 0.4807692 0.9727626 0.5576923 0.9727626 0.326923 0.9727626 0.5576923 0.9727626 0.6346154 0.9727626 0.326923 0.9727626 0.0192309 0.9727626 0.1730769 0.9727626 0.326923 0.9727626 0.6346154 0.9727626 0.7884616 0.9727626 0.0192309 0.9727626</float_array>
          <technique_common>
            <accessor source="#Örüntü_001-mesh-map-0-array" count="2328" stride="2">
              <param name="S" type="float"/>
              <param name="T" type="float"/>
            </accessor>
          </technique_common>
        </source>
        <vertices id="Örüntü_001-mesh-vertices">
          <input semantic="POSITION" source="#Örüntü_001-mesh-positions"/>
        </vertices>
        <triangles material="direk_002-material" count="776">
          <input semantic="VERTEX" source="#Örüntü_001-mesh-vertices" offset="0"/>
          <input semantic="NORMAL" source="#Örüntü_001-mesh-normals" offset="1"/>
          <input semantic="TEXCOORD" source="#Örüntü_001-mesh-map-0" offset="2" set="0"/>
          <p>24 0 0 23 0 1 22 0 2 22 0 3 21 0 4 20 0 5 20 0 6 19 0 7 18 0 8 22 0 9 20 0 10 18 0 11 18 0 12 17 0 13 16 0 14 16 0 15 15 0 16 14 0 17 18 0 18 16 0 19 14 0 20 22 0 21 18 0 22 14 0 23 14 0 24 13 0 25 12 0 26 12 0 27 11 0 28 10 0 29 14 0 30 12 0 31 10 0 32 10 0 33 9 0 34 8 0 35 8 0 36 7 0 37 6 0 38 10 0 39 8 0 40 6 0 41 14 0 42 10 0 43 6 0 44 22 0 45 14 0 46 6 0 47 6 0 48 5 0 49 4 0 50 4 0 51 3 0 52 2 0 53 6 0 54 4 0 55 2 0 56 22 0 57 6 0 58 2 0 59 2 0 60 1 0 61 0 0 62 22 0 63 2 0 64 0 0 65 24 0 66 22 0 67 0 0 68 25 0 69 24 0 70 0 0 71 234 1 72 235 2 73 260 3 74 260 3 75 261 4 76 234 1 77 235 2 78 236 5 79 285 6 80 285 6 81 260 3 82 235 2 83 236 5 84 237 7 85 284 8 86 284 8 87 285 6 88 236 5 89 237 7 90 238 9 91 283 10 92 283 10 93 284 8 94 237 7 95 238 9 96 239 11 97 282 12 98 282 12 99 283 10 100 238 9 101 239 11 102 240 13 103 281 14 104 281 14 105 282 12 106 239 11 107 240 13 108 241 15 109 280 16 110 280 16 111 281 14 112 240 13 113 241 15 114 242 17 115 279 18 116 279 18 117 280 16 118 241 15 119 242 17 120 243 19 121 278 20 122 278 20 123 279 18 124 242 17 125 243 19 126 244 21 127 277 22 128 277 22 129 278 20 130 243 19 131 244 21 132 245 23 133 276 24 134 276 24 135 277 22 136 244 21 137 245 23 138 246 25 139 275 26 140 275 26 141 276 24 142 245 23 143 246 25 144 247 27 145 274 28 146 274 28 147 275 26 148 246 25 149 247 27 150 248 29 151 273 30 152 273 30 153 274 28 154 247 27 155 248 29 156 249 31 157 272 32 158 272 32 159 273 30 160 248 29 161 249 31 162 250 33 163 271 34 164 271 34 165 272 32 166 249 31 167 250 33 168 251 35 169 270 36 170 270 36 171 271 34 172 250 33 173 251 35 174 252 37 175 269 38 176 269 38 177 270 36 178 251 35 179 252 37 180 253 39 181 268 40 182 268 40 183 269 38 184 252 37 185 253 39 186 254 41 187 267 42 188 267 42 189 268 40 190 253 39 191 254 41 192 255 43 193 266 44 194 266 44 195 267 42 196 254 41 197 255 43 198 256 45 199 265 46 200 265 46 201 266 44 202 255 43 203 256 45 204 257 47 205 264 48 206 264 48 207 265 46 208 256 45 209 257 47 210 258 49 211 263 50 212 263 50 213 264 48 214 257 47 215 258 49 216 259 51 217 262 52 218 262 52 219 263 50 220 258 49 221 259 51 222 234 1 223 261 4 224 261 4 225 262 52 226 259 51 227 26 53 228 27 54 229 53 55 230 53 55 231 52 56 232 26 53 233 27 54 234 28 57 235 54 58 236 54 58 237 53 55 238 27 54 239 28 57 240 29 59 241 55 60 242 55 60 243 54 58 244 28 57 245 29 59 246 30 61 247 56 62 248 56 62 249 55 60 250 29 59 251 30 61 252 31 63 253 57 64 254 57 64 255 56 62 256 30 61 257 31 63 258 32 65 259 58 66 260 58 66 261 57 64 262 31 63 263 32 65 264 33 67 265 59 68 266 59 68 267 58 66 268 32 65 269 33 67 270 34 69 271 60 70 272 60 70 273 59 68 274 33 67 275 34 69 276 35 71 277 61 72 278 61 72 279 60 70 280 34 69 281 35 71 282 36 73 283 62 74 284 62 74 285 61 72 286 35 71 287 36 73 288 37 75 289 63 76 290 63 76 291 62 74 292 36 73 293 37 75 294 38 77 295 64 78 296 64 78 297 63 76 298 37 75 299 38 77 300 39 79 301 65 80 302 65 80 303 64 78 304 38 77 305 39 79 306 40 81 307 66 82 308 66 82 309 65 80 310 39 79 311 40 81 312 41 83 313 67 84 314 67 84 315 66 82 316 40 81 317 41 83 318 42 85 319 68 86 320 68 86 321 67 84 322 41 83 323 42 85 324 43 87 325 69 88 326 69 88 327 68 86 328 42 85 329 43 87 330 44 89 331 70 90 332 70 90 333 69 88 334 43 87 335 44 89 336 45 91 337 71 92 338 71 92 339 70 90 340 44 89 341 45 91 342 46 93 343 72 94 344 72 94 345 71 92 346 45 91 347 46 93 348 47 95 349 73 96 350 73 96 351 72 94 352 46 93 353 47 95 354 48 97 355 74 98 356 74 98 357 73 96 358 47 95 359 48 97 360 49 99 361 75 100 362 75 100 363 74 98 364 48 97 365 49 99 366 50 101 367 76 102 368 76 102 369 75 100 370 49 99 371 50 101 372 51 103 373 77 104 374 77 104 375 76 102 376 50 101 377 51 103 378 26 53 379 52 56 380 52 56 381 77 104 382 51 103 383 52 56 384 53 55 385 79 105 386 79 105 387 78 106 388 52 56 389 53 55 390 54 58 391 80 107 392 80 107 393 79 105 394 53 55 395 54 58 396 55 60 397 81 108 398 81 108 399 80 107 400 54 58 401 55 60 402 56 62 403 82 109 404 82 109 405 81 108 406 55 60 407 56 62 408 57 64 409 83 110 410 83 110 411 82 109 412 56 62 413 57 64 414 58 66 415 84 111 416 84 111 417 83 110 418 57 64 419 58 66 420 59 68 421 85 112 422 85 112 423 84 111 424 58 66 425 59 68 426 60 70 427 86 113 428 86 113 429 85 112 430 59 68 431 60 70 432 61 72 433 87 72 434 87 72 435 86 113 436 60 70 437 61 72 438 62 74 439 88 114 440 88 114 441 87 72 442 61 72 443 62 74 444 63 76 445 89 115 446 89 115 447 88 114 448 62 74 449 63 76 450 64 78 451 90 116 452 90 116 453 89 115 454 63 76 455 64 78 456 65 80 457 91 117 458 91 117 459 90 116 460 64 78 461 65 80 462 66 82 463 92 118 464 92 118 465 91 117 466 65 80 467 66 82 468 67 84 469 93 119 470 93 119 471 92 118 472 66 82 473 67 84 474 68 86 475 94 120 476 94 120 477 93 119 478 67 84 479 68 86 480 69 88 481 95 121 482 95 121 483 94 120 484 68 86 485 69 88 486 70 90 487 96 122 488 96 122 489 95 121 490 69 88 491 70 90 492 71 92 493 97 123 494 97 123 495 96 122 496 70 90 497 71 92 498 72 94 499 98 124 500 98 124 501 97 123 502 71 92 503 72 94 504 73 96 505 99 96 506 99 96 507 98 124 508 72 94 509 73 96 510 74 98 511 100 125 512 100 125 513 99 96 514 73 96 515 74 98 516 75 100 517 101 126 518 101 126 519 100 125 520 74 98 521 75 100 522 76 102 523 102 127 524 102 127 525 101 126 526 75 100 527 76 102 528 77 104 529 103 128 530 103 128 531 102 127 532 76 102 533 77 104 534 52 56 535 78 106 536 78 106 537 103 128 538 77 104 539 78 106 540 79 105 541 105 129 542 105 129 543 104 130 544 78 106 545 79 105 546 80 107 547 106 131 548 106 131 549 105 129 550 79 105 551 80 107 552 81 108 553 107 132 554 107 132 555 106 131 556 80 107 557 81 108 558 82 109 559 108 62 560 108 62 561 107 132 562 81 108 563 82 109 564 83 110 565 109 133 566 109 133 567 108 62 568 82 109 569 83 110 570 84 111 571 110 66 572 110 66 573 109 133 574 83 110 575 84 111 576 85 112 577 111 134 578 111 134 579 110 66 580 84 111 581 85 112 582 86 113 583 112 135 584 112 135 585 111 134 586 85 112 587 86 113 588 87 72 589 113 136 590 113 136 591 112 135 592 86 113 593 87 72 594 88 114 595 114 137 596 114 137 597 113 136 598 87 72 599 88 114 600 89 115 601 115 138 602 115 138 603 114 137 604 88 114 605 89 115 606 90 116 607 116 139 608 116 139 609 115 138 610 89 115 611 90 116 612 91 117 613 117 140 614 117 140 615 116 139 616 90 116 617 91 117 618 92 118 619 118 141 620 118 141 621 117 140 622 91 117 623 92 118 624 93 119 625 119 142 626 119 142 627 118 141 628 92 118 629 93 119 630 94 120 631 120 143 632 120 143 633 119 142 634 93 119 635 94 120 636 95 121 637 121 144 638 121 144 639 120 143 640 94 120 641 95 121 642 96 122 643 122 145 644 122 145 645 121 144 646 95 121 647 96 122 648 97 123 649 123 146 650 123 146 651 122 145 652 96 122 653 97 123 654 98 124 655 124 147 656 124 147 657 123 146 658 97 123 659 98 124 660 99 96 661 125 148 662 125 148 663 124 147 664 98 124 665 99 96 666 100 125 667 126 46 668 126 46 669 125 148 670 99 96 671 100 125 672 101 126 673 127 149 674 127 149 675 126 46 676 100 125 677 101 126 678 102 127 679 128 150 680 128 150 681 127 149 682 101 126 683 102 127 684 103 128 685 129 151 686 129 151 687 128 150 688 102 127 689 103 128 690 78 106 691 104 130 692 104 130 693 129 151 694 103 128 695 104 130 696 105 129 697 131 152 698 131 152 699 130 153 700 104 130 701 105 129 702 106 131 703 132 154 704 132 154 705 131 152 706 105 129 707 106 131 708 107 132 709 133 155 710 133 155 711 132 154 712 106 131 713 107 132 714 108 62 715 134 62 716 134 62 717 133 155 718 107 132 719 108 62 720 109 133 721 135 133 722 135 133 723 134 62 724 108 62 725 109 133 726 110 66 727 136 156 728 136 156 729 135 133 730 109 133 731 110 66 732 111 134 733 137 157 734 137 157 735 136 156 736 110 66 737 111 134 738 112 135 739 138 135 740 138 135 741 137 157 742 111 134 743 112 135 744 113 136 745 139 136 746 139 136 747 138 135 748 112 135 749 113 136 750 114 137 751 140 114 752 140 114 753 139 136 754 113 136 755 114 137 756 115 138 757 141 158 758 141 158 759 140 114 760 114 137 761 115 138 762 116 139 763 142 159 764 142 159 765 141 158 766 115 138 767 116 139 768 117 140 769 143 160 770 143 160 771 142 159 772 116 139 773 117 140 774 118 141 775 144 161 776 144 161 777 143 160 778 117 140 779 118 141 780 119 142 781 145 162 782 145 162 783 144 161 784 118 141 785 119 142 786 120 143 787 146 163 788 146 163 789 145 162 790 119 142 791 120 143 792 121 144 793 147 164 794 147 164 795 146 163 796 120 143 797 121 144 798 122 145 799 148 165 800 148 165 801 147 164 802 121 144 803 122 145 804 123 146 805 149 166 806 149 166 807 148 165 808 122 145 809 123 146 810 124 147 811 150 147 812 150 147 813 149 166 814 123 146 815 124 147 816 125 148 817 151 167 818 151 167 819 150 147 820 124 147 821 125 148 822 126 46 823 152 168 824 152 168 825 151 167 826 125 148 827 126 46 828 127 149 829 153 169 830 153 169 831 152 168 832 126 46 833 127 149 834 128 150 835 154 170 836 154 170 837 153 169 838 127 149 839 128 150 840 129 151 841 155 171 842 155 171 843 154 170 844 128 150 845 129 151 846 104 130 847 130 153 848 130 153 849 155 171 850 129 151 851 130 153 852 131 152 853 157 172 854 157 172 855 156 173 856 130 153 857 131 152 858 132 154 859 158 174 860 158 174 861 157 172 862 131 152 863 132 154 864 133 155 865 159 175 866 159 175 867 158 174 868 132 154 869 133 155 870 134 62 871 160 176 872 160 176 873 159 175 874 133 155 875 134 62 876 135 133 877 161 177 878 161 177 879 160 176 880 134 62 881 135 133 882 136 156 883 162 178 884 162 178 885 161 177 886 135 133 887 136 156 888 137 157 889 163 179 890 163 179 891 162 178 892 136 156 893 137 157 894 138 135 895 164 180 896 164 180 897 163 179 898 137 157 899 138 135 900 139 136 901 165 181 902 165 181 903 164 180 904 138 135 905 139 136 906 140 114 907 166 182 908 166 182 909 165 181 910 139 136 911 140 114 912 141 158 913 167 183 914 167 183 915 166 182 916 140 114 917 141 158 918 142 159 919 168 184 920 168 184 921 167 183 922 141 158 923 142 159 924 143 160 925 169 185 926 169 185 927 168 184 928 142 159 929 143 160 930 144 161 931 170 186 932 170 186 933 169 185 934 143 160 935 144 161 936 145 162 937 171 187 938 171 187 939 170 186 940 144 161 941 145 162 942 146 163 943 172 188 944 172 188 945 171 187 946 145 162 947 146 163 948 147 164 949 173 189 950 173 189 951 172 188 952 146 163 953 147 164 954 148 165 955 174 190 956 174 190 957 173 189 958 147 164 959 148 165 960 149 166 961 175 191 962 175 191 963 174 190 964 148 165 965 149 166 966 150 147 967 176 192 968 176 192 969 175 191 970 149 166 971 150 147 972 151 167 973 177 193 974 177 193 975 176 192 976 150 147 977 151 167 978 152 168 979 178 194 980 178 194 981 177 193 982 151 167 983 152 168 984 153 169 985 179 195 986 179 195 987 178 194 988 152 168 989 153 169 990 154 170 991 180 196 992 180 196 993 179 195 994 153 169 995 154 170 996 155 171 997 181 197 998 181 197 999 180 196 1000 154 170 1001 155 171 1002 130 153 1003 156 173 1004 156 173 1005 181 197 1006 155 171 1007 0 0 1008 1 0 1009 183 0 1010 183 0 1011 182 0 1012 0 0 1013 1 0 1014 2 0 1015 184 0 1016 184 0 1017 183 0 1018 1 0 1019 2 0 1020 3 0 1021 185 0 1022 185 0 1023 184 0 1024 2 0 1025 3 0 1026 4 0 1027 186 0 1028 186 0 1029 185 0 1030 3 0 1031 4 0 1032 5 0 1033 187 0 1034 187 0 1035 186 0 1036 4 0 1037 5 0 1038 6 0 1039 188 0 1040 188 0 1041 187 0 1042 5 0 1043 6 0 1044 7 0 1045 189 0 1046 189 0 1047 188 0 1048 6 0 1049 7 0 1050 8 0 1051 190 0 1052 190 0 1053 189 0 1054 7 0 1055 8 0 1056 9 0 1057 191 0 1058 191 0 1059 190 0 1060 8 0 1061 9 0 1062 10 0 1063 192 0 1064 192 0 1065 191 0 1066 9 0 1067 10 0 1068 11 0 1069 193 0 1070 193 0 1071 192 0 1072 10 0 1073 11 0 1074 12 0 1075 194 0 1076 194 0 1077 193 0 1078 11 0 1079 12 0 1080 13 0 1081 195 0 1082 195 0 1083 194 0 1084 12 0 1085 13 0 1086 14 0 1087 196 0 1088 196 0 1089 195 0 1090 13 0 1091 14 0 1092 15 0 1093 197 0 1094 197 0 1095 196 0 1096 14 0 1097 15 0 1098 16 0 1099 198 0 1100 198 0 1101 197 0 1102 15 0 1103 16 0 1104 17 0 1105 199 0 1106 199 0 1107 198 0 1108 16 0 1109 17 0 1110 18 0 1111 200 0 1112 200 0 1113 199 0 1114 17 0 1115 18 0 1116 19 0 1117 201 0 1118 201 0 1119 200 0 1120 18 0 1121 19 0 1122 20 0 1123 202 0 1124 202 0 1125 201 0 1126 19 0 1127 20 0 1128 21 0 1129 203 0 1130 203 0 1131 202 0 1132 20 0 1133 21 0 1134 22 0 1135 204 0 1136 204 0 1137 203 0 1138 21 0 1139 22 0 1140 23 0 1141 205 0 1142 205 0 1143 204 0 1144 22 0 1145 23 0 1146 24 0 1147 206 0 1148 206 0 1149 205 0 1150 23 0 1151 24 0 1152 25 0 1153 207 0 1154 207 0 1155 206 0 1156 24 0 1157 25 0 1158 0 0 1159 182 0 1160 182 0 1161 207 0 1162 25 0 1163 27 198 1164 26 198 1165 209 198 1166 209 199 1167 208 199 1168 27 199 1169 26 200 1170 51 200 1171 210 200 1172 210 201 1173 209 201 1174 26 201 1175 51 202 1176 50 202 1177 211 202 1178 211 202 1179 210 202 1180 51 202 1181 50 202 1182 49 202 1183 212 202 1184 212 202 1185 211 202 1186 50 202 1187 49 202 1188 48 202 1189 213 202 1190 213 202 1191 212 202 1192 49 202 1193 48 203 1194 47 203 1195 214 203 1196 214 204 1197 213 204 1198 48 204 1199 47 205 1200 46 205 1201 215 205 1202 215 206 1203 214 206 1204 47 206 1205 46 202 1206 45 202 1207 216 202 1208 216 207 1209 215 207 1210 46 207 1211 45 202 1212 44 202 1213 217 202 1214 217 202 1215 216 202 1216 45 202 1217 44 202 1218 43 202 1219 218 202 1220 218 202 1221 217 202 1222 44 202 1223 43 202 1224 42 202 1225 219 202 1226 219 202 1227 218 202 1228 43 202 1229 42 208 1230 41 208 1231 220 208 1232 220 202 1233 219 202 1234 42 202 1235 41 209 1236 40 209 1237 221 209 1238 221 210 1239 220 210 1240 41 210 1241 40 211 1242 39 211 1243 222 211 1244 222 212 1245 221 212 1246 40 212 1247 39 213 1248 38 213 1249 223 213 1250 223 214 1251 222 214 1252 39 214 1253 38 215 1254 37 215 1255 224 215 1256 224 216 1257 223 216 1258 38 216 1259 37 202 1260 36 202 1261 225 202 1262 225 217 1263 224 217 1264 37 217 1265 36 202 1266 35 202 1267 226 202 1268 226 202 1269 225 202 1270 36 202 1271 35 202 1272 34 202 1273 227 202 1274 227 202 1275 226 202 1276 35 202 1277 34 202 1278 33 202 1279 228 202 1280 228 202 1281 227 202 1282 34 202 1283 33 202 1284 32 202 1285 229 202 1286 229 202 1287 228 202 1288 33 202 1289 32 202 1290 31 202 1291 230 202 1292 230 202 1293 229 202 1294 32 202 1295 31 202 1296 30 202 1297 231 202 1298 231 202 1299 230 202 1300 31 202 1301 30 202 1302 29 202 1303 232 202 1304 232 218 1305 231 218 1306 30 218 1307 29 202 1308 28 202 1309 233 202 1310 233 202 1311 232 202 1312 29 202 1313 28 202 1314 27 202 1315 208 202 1316 208 219 1317 233 219 1318 28 219 1319 163 179 1320 171 187 1321 179 195 1322 286 220 1323 287 221 1324 338 222 1325 338 222 1326 339 223 1327 286 220 1328 287 221 1329 288 224 1330 363 225 1331 363 225 1332 338 222 1333 287 221 1334 288 224 1335 289 226 1336 362 227 1337 362 227 1338 363 225 1339 288 224 1340 289 226 1341 290 228 1342 361 229 1343 361 229 1344 362 227 1345 289 226 1346 290 228 1347 291 230 1348 360 231 1349 360 231 1350 361 229 1351 290 228 1352 291 230 1353 292 232 1354 359 233 1355 359 233 1356 360 231 1357 291 230 1358 292 232 1359 293 234 1360 358 235 1361 358 235 1362 359 233 1363 292 232 1364 293 234 1365 294 236 1366 357 237 1367 357 237 1368 358 235 1369 293 234 1370 294 236 1371 295 238 1372 356 239 1373 356 239 1374 357 237 1375 294 236 1376 295 238 1377 296 240 1378 355 241 1379 355 241 1380 356 239 1381 295 238 1382 296 240 1383 297 242 1384 354 243 1385 354 243 1386 355 241 1387 296 240 1388 297 242 1389 298 244 1390 353 245 1391 353 245 1392 354 243 1393 297 242 1394 298 244 1395 299 246 1396 352 247 1397 352 247 1398 353 245 1399 298 244 1400 299 246 1401 300 248 1402 351 249 1403 351 249 1404 352 247 1405 299 246 1406 300 248 1407 301 250 1408 350 251 1409 350 251 1410 351 249 1411 300 248 1412 301 250 1413 302 252 1414 349 253 1415 349 253 1416 350 251 1417 301 250 1418 302 252 1419 303 254 1420 348 255 1421 348 255 1422 349 253 1423 302 252 1424 303 254 1425 304 256 1426 347 257 1427 347 257 1428 348 255 1429 303 254 1430 304 256 1431 305 258 1432 346 259 1433 346 259 1434 347 257 1435 304 256 1436 305 258 1437 306 260 1438 345 261 1439 345 261 1440 346 259 1441 305 258 1442 306 260 1443 307 262 1444 344 263 1445 344 263 1446 345 261 1447 306 260 1448 307 262 1449 308 264 1450 343 265 1451 343 265 1452 344 263 1453 307 262 1454 308 264 1455 309 266 1456 342 267 1457 342 267 1458 343 265 1459 308 264 1460 309 266 1461 310 268 1462 341 269 1463 341 269 1464 342 267 1465 309 266 1466 310 268 1467 311 270 1468 340 271 1469 340 271 1470 341 269 1471 310 268 1472 311 270 1473 286 220 1474 339 223 1475 339 223 1476 340 271 1477 311 270 1478 364 272 1479 365 273 1480 261 4 1481 261 4 1482 260 3 1483 364 272 1484 365 273 1485 366 274 1486 262 52 1487 262 52 1488 261 4 1489 365 273 1490 366 274 1491 367 275 1492 263 50 1493 263 50 1494 262 52 1495 366 274 1496 367 275 1497 368 276 1498 264 48 1499 264 48 1500 263 50 1501 367 275 1502 368 276 1503 369 277 1504 265 46 1505 265 46 1506 264 48 1507 368 276 1508 369 277 1509 370 278 1510 266 44 1511 266 44 1512 265 46 1513 369 277 1514 370 278 1515 371 279 1516 267 42 1517 267 42 1518 266 44 1519 370 278 1520 371 279 1521 372 280 1522 268 40 1523 268 40 1524 267 42 1525 371 279 1526 372 280 1527 373 281 1528 269 38 1529 269 38 1530 268 40 1531 372 280 1532 373 281 1533 374 282 1534 270 36 1535 270 36 1536 269 38 1537 373 281 1538 374 282 1539 375 283 1540 271 34 1541 271 34 1542 270 36 1543 374 282 1544 375 283 1545 376 284 1546 272 32 1547 272 32 1548 271 34 1549 375 283 1550 376 284 1551 377 285 1552 273 30 1553 273 30 1554 272 32 1555 376 284 1556 377 285 1557 378 286 1558 274 28 1559 274 28 1560 273 30 1561 377 285 1562 378 286 1563 379 287 1564 275 26 1565 275 26 1566 274 28 1567 378 286 1568 379 287 1569 380 288 1570 276 24 1571 276 24 1572 275 26 1573 379 287 1574 380 288 1575 381 289 1576 277 22 1577 277 22 1578 276 24 1579 380 288 1580 381 289 1581 382 290 1582 278 20 1583 278 20 1584 277 22 1585 381 289 1586 382 290 1587 383 291 1588 279 18 1589 279 18 1590 278 20 1591 382 290 1592 383 291 1593 384 292 1594 280 16 1595 280 16 1596 279 18 1597 383 291 1598 384 292 1599 385 293 1600 281 14 1601 281 14 1602 280 16 1603 384 292 1604 385 293 1605 386 294 1606 282 12 1607 282 12 1608 281 14 1609 385 293 1610 386 294 1611 387 295 1612 283 10 1613 283 10 1614 282 12 1615 386 294 1616 387 295 1617 388 296 1618 284 8 1619 284 8 1620 283 10 1621 387 295 1622 388 296 1623 389 297 1624 285 6 1625 285 6 1626 284 8 1627 388 296 1628 389 297 1629 364 272 1630 260 3 1631 260 3 1632 285 6 1633 389 297 1634 182 298 1635 183 298 1636 287 298 1637 287 299 1638 286 299 1639 182 299 1640 183 300 1641 184 300 1642 288 300 1643 288 301 1644 287 301 1645 183 301 1646 184 302 1647 185 302 1648 289 302 1649 289 303 1650 288 303 1651 184 303 1652 185 304 1653 186 304 1654 290 304 1655 290 305 1656 289 305 1657 185 305 1658 186 306 1659 187 306 1660 291 306 1661 291 307 1662 290 307 1663 186 307 1664 187 308 1665 188 308 1666 292 308 1667 292 309 1668 291 309 1669 187 309 1670 188 0 1671 189 0 1672 293 0 1673 293 310 1674 292 310 1675 188 310 1676 189 0 1677 190 0 1678 294 0 1679 294 0 1680 293 0 1681 189 0 1682 190 0 1683 191 0 1684 295 0 1685 295 0 1686 294 0 1687 190 0 1688 191 311 1689 192 311 1690 296 311 1691 296 312 1692 295 312 1693 191 312 1694 192 313 1695 193 313 1696 297 313 1697 297 314 1698 296 314 1699 192 314 1700 193 315 1701 194 315 1702 298 315 1703 298 316 1704 297 316 1705 193 316 1706 194 317 1707 195 317 1708 299 317 1709 299 318 1710 298 318 1711 194 318 1712 195 0 1713 196 0 1714 300 0 1715 300 319 1716 299 319 1717 195 319 1718 196 0 1719 197 0 1720 301 0 1721 301 0 1722 300 0 1723 196 0 1724 197 0 1725 198 0 1726 302 0 1727 302 0 1728 301 0 1729 197 0 1730 198 320 1731 199 320 1732 303 320 1733 303 321 1734 302 321 1735 198 321 1736 199 0 1737 200 0 1738 304 0 1739 304 322 1740 303 322 1741 199 322 1742 200 323 1743 201 323 1744 305 323 1745 305 324 1746 304 324 1747 200 324 1748 201 325 1749 202 325 1750 306 325 1751 306 326 1752 305 326 1753 201 326 1754 202 0 1755 203 0 1756 307 0 1757 307 327 1758 306 327 1759 202 327 1760 203 0 1761 204 0 1762 308 0 1763 308 0 1764 307 0 1765 203 0 1766 204 0 1767 205 0 1768 309 0 1769 309 0 1770 308 0 1771 204 0 1772 205 0 1773 206 0 1774 310 0 1775 310 0 1776 309 0 1777 205 0 1778 206 328 1779 207 328 1780 311 328 1781 311 329 1782 310 329 1783 206 329 1784 207 330 1785 182 330 1786 286 330 1787 286 331 1788 311 331 1789 207 331 1790 235 332 1791 234 332 1792 313 332 1793 313 333 1794 312 333 1795 235 333 1796 234 334 1797 259 334 1798 314 334 1799 314 335 1800 313 335 1801 234 335 1802 259 336 1803 258 336 1804 315 336 1805 315 337 1806 314 337 1807 259 337 1808 258 338 1809 257 338 1810 316 338 1811 316 339 1812 315 339 1813 258 339 1814 257 340 1815 256 340 1816 317 340 1817 317 341 1818 316 341 1819 257 341 1820 256 342 1821 255 342 1822 318 342 1823 318 343 1824 317 343 1825 256 343 1826 255 344 1827 254 344 1828 319 344 1829 319 345 1830 318 345 1831 255 345 1832 254 202 1833 253 202 1834 320 202 1835 320 202 1836 319 202 1837 254 202 1838 253 346 1839 252 346 1840 321 346 1841 321 347 1842 320 347 1843 253 347 1844 252 348 1845 251 348 1846 322 348 1847 322 349 1848 321 349 1849 252 349 1850 251 350 1851 250 350 1852 323 350 1853 323 351 1854 322 351 1855 251 351 1856 250 352 1857 249 352 1858 324 352 1859 324 353 1860 323 353 1861 250 353 1862 249 354 1863 248 354 1864 325 354 1865 325 355 1866 324 355 1867 249 355 1868 248 356 1869 247 356 1870 326 356 1871 326 357 1872 325 357 1873 248 357 1874 247 358 1875 246 358 1876 327 358 1877 327 359 1878 326 359 1879 247 359 1880 246 360 1881 245 360 1882 328 360 1883 328 361 1884 327 361 1885 246 361 1886 245 362 1887 244 362 1888 329 362 1889 329 363 1890 328 363 1891 245 363 1892 244 364 1893 243 364 1894 330 364 1895 330 365 1896 329 365 1897 244 365 1898 243 366 1899 242 366 1900 331 366 1901 331 367 1902 330 367 1903 243 367 1904 242 202 1905 241 202 1906 332 202 1907 332 368 1908 331 368 1909 242 368 1910 241 202 1911 240 202 1912 333 202 1913 333 202 1914 332 202 1915 241 202 1916 240 369 1917 239 369 1918 334 369 1919 334 370 1920 333 370 1921 240 370 1922 239 371 1923 238 371 1924 335 371 1925 335 372 1926 334 372 1927 239 372 1928 238 373 1929 237 373 1930 336 373 1931 336 374 1932 335 374 1933 238 374 1934 237 375 1935 236 375 1936 337 375 1937 337 376 1938 336 376 1939 237 376 1940 236 377 1941 235 377 1942 312 377 1943 312 378 1944 337 378 1945 236 378 1946 338 222 1947 312 379 1948 313 380 1949 313 380 1950 339 223 1951 338 222 1952 339 223 1953 313 380 1954 314 381 1955 314 381 1956 340 271 1957 339 223 1958 340 271 1959 314 381 1960 315 382 1961 315 382 1962 341 269 1963 340 271 1964 341 269 1965 315 382 1966 316 383 1967 316 383 1968 342 267 1969 341 269 1970 342 267 1971 316 383 1972 317 384 1973 317 384 1974 343 265 1975 342 267 1976 343 265 1977 317 384 1978 318 385 1979 318 385 1980 344 263 1981 343 265 1982 344 263 1983 318 385 1984 319 386 1985 319 386 1986 345 261 1987 344 263 1988 345 261 1989 319 386 1990 320 387 1991 320 387 1992 346 259 1993 345 261 1994 346 259 1995 320 387 1996 321 388 1997 321 388 1998 347 257 1999 346 259 2000 347 257 2001 321 388 2002 322 389 2003 322 389 2004 348 255 2005 347 257 2006 348 255 2007 322 389 2008 323 390 2009 323 390 2010 349 253 2011 348 255 2012 349 253 2013 323 390 2014 324 391 2015 324 391 2016 350 251 2017 349 253 2018 350 251 2019 324 391 2020 325 392 2021 325 392 2022 351 249 2023 350 251 2024 351 249 2025 325 392 2026 326 393 2027 326 393 2028 352 247 2029 351 249 2030 352 247 2031 326 393 2032 327 394 2033 327 394 2034 353 245 2035 352 247 2036 353 245 2037 327 394 2038 328 395 2039 328 395 2040 354 243 2041 353 245 2042 354 243 2043 328 395 2044 329 396 2045 329 396 2046 355 241 2047 354 243 2048 355 241 2049 329 396 2050 330 397 2051 330 397 2052 356 239 2053 355 241 2054 356 239 2055 330 397 2056 331 398 2057 331 398 2058 357 237 2059 356 239 2060 357 237 2061 331 398 2062 332 399 2063 332 399 2064 358 235 2065 357 237 2066 358 235 2067 332 399 2068 333 400 2069 333 400 2070 359 233 2071 358 235 2072 359 233 2073 333 400 2074 334 401 2075 334 401 2076 360 231 2077 359 233 2078 360 231 2079 334 401 2080 335 402 2081 335 402 2082 361 229 2083 360 231 2084 361 229 2085 335 402 2086 336 403 2087 336 403 2088 362 227 2089 361 229 2090 362 227 2091 336 403 2092 337 404 2093 337 404 2094 363 225 2095 362 227 2096 363 225 2097 337 404 2098 312 379 2099 312 379 2100 338 222 2101 363 225 2102 364 272 2103 208 405 2104 209 406 2105 209 406 2106 365 273 2107 364 272 2108 365 273 2109 209 406 2110 210 407 2111 210 407 2112 366 274 2113 365 273 2114 366 274 2115 210 407 2116 211 408 2117 211 408 2118 367 275 2119 366 274 2120 367 275 2121 211 408 2122 212 409 2123 212 409 2124 368 276 2125 367 275 2126 368 276 2127 212 409 2128 213 410 2129 213 410 2130 369 277 2131 368 276 2132 369 277 2133 213 410 2134 214 411 2135 214 411 2136 370 278 2137 369 277 2138 370 278 2139 214 411 2140 215 412 2141 215 412 2142 371 279 2143 370 278 2144 371 279 2145 215 412 2146 216 413 2147 216 413 2148 372 280 2149 371 279 2150 372 280 2151 216 413 2152 217 414 2153 217 414 2154 373 281 2155 372 280 2156 373 281 2157 217 414 2158 218 415 2159 218 415 2160 374 282 2161 373 281 2162 374 282 2163 218 415 2164 219 416 2165 219 416 2166 375 283 2167 374 282 2168 375 283 2169 219 416 2170 220 417 2171 220 417 2172 376 284 2173 375 283 2174 376 284 2175 220 417 2176 221 418 2177 221 418 2178 377 285 2179 376 284 2180 377 285 2181 221 418 2182 222 419 2183 222 419 2184 378 286 2185 377 285 2186 378 286 2187 222 419 2188 223 420 2189 223 420 2190 379 287 2191 378 286 2192 379 287 2193 223 420 2194 224 421 2195 224 421 2196 380 288 2197 379 287 2198 380 288 2199 224 421 2200 225 422 2201 225 422 2202 381 289 2203 380 288 2204 381 289 2205 225 422 2206 226 423 2207 226 423 2208 382 290 2209 381 289 2210 382 290 2211 226 423 2212 227 424 2213 227 424 2214 383 291 2215 382 290 2216 383 291 2217 227 424 2218 228 425 2219 228 425 2220 384 292 2221 383 291 2222 384 292 2223 228 425 2224 229 426 2225 229 426 2226 385 293 2227 384 292 2228 385 293 2229 229 426 2230 230 427 2231 230 427 2232 386 294 2233 385 293 2234 386 294 2235 230 427 2236 231 428 2237 231 428 2238 387 295 2239 386 294 2240 387 295 2241 231 428 2242 232 429 2243 232 429 2244 388 296 2245 387 295 2246 388 296 2247 232 429 2248 233 430 2249 233 430 2250 389 297 2251 388 296 2252 389 297 2253 233 430 2254 208 405 2255 208 405 2256 364 272 2257 389 297 2258 159 175 2259 160 176 2260 161 177 2261 161 177 2262 162 178 2263 163 179 2264 163 179 2265 164 180 2266 167 183 2267 164 180 2268 165 181 2269 167 183 2270 165 181 2271 166 182 2272 167 183 2273 167 183 2274 168 184 2275 169 185 2276 169 185 2277 170 186 2278 171 187 2279 171 187 2280 172 188 2281 175 191 2282 172 188 2283 173 189 2284 175 191 2285 173 189 2286 174 190 2287 175 191 2288 175 191 2289 176 192 2290 177 193 2291 177 193 2292 178 194 2293 179 195 2294 179 195 2295 180 196 2296 157 172 2297 180 196 2298 181 197 2299 157 172 2300 181 197 2301 156 173 2302 157 172 2303 157 172 2304 158 174 2305 159 175 2306 159 175 2307 161 177 2308 157 172 2309 161 177 2310 163 179 2311 157 172 2312 167 183 2313 169 185 2314 171 187 2315 175 191 2316 177 193 2317 171 187 2318 177 193 2319 179 195 2320 171 187 2321 163 179 2322 167 183 2323 171 187 2324 179 195 2325 157 172 2326 163 179 2327</p>
        </triangles>
      </mesh>
    </geometry>
  </library_geometries>
  <library_visual_scenes>
    <visual_scene id="Scene" name="Scene">
      <node id="Circle_001" name="Circle.001" type="NODE">
        <matrix sid="transform">-1.95308e-8 0 -0.446813 -3.74457e-13 0 0.446813 0 -0.00204289 0.446813 0 -1.95308e-8 2.636513 0 0 0 1</matrix>
        <instance_geometry url="#Circle-mesh" name="Circle.001">
          <bind_material>
            <technique_common>
              <instance_material symbol="Material_001-material" target="#Material_001-material">
                <bind_vertex_input semantic="UVMap" input_semantic="TEXCOORD" input_set="0"/>
              </instance_material>
              <instance_material symbol="beyaz_001-material" target="#beyaz_001-material">
                <bind_vertex_input semantic="UVMap" input_semantic="TEXCOORD" input_set="0"/>
              </instance_material>
            </technique_common>
          </bind_material>
        </instance_geometry>
      </node>
      <node id="turnRightBody_001" name="turnRightBody.001" type="NODE">
        <matrix sid="transform">-3.35997e-10 0.007686716 4.59046e-10 0.04149788 -0.007686716 -3.35997e-10 0 -0.002448797 0 -3.35997e-10 0.01050175 1.19209e-7 0 0 0 1</matrix>
        <instance_geometry url="#Örüntü_001-mesh" name="turnRightBody.001">
          <bind_material>
            <technique_common>
              <instance_material symbol="direk_002-material" target="#direk_002-material">
                <bind_vertex_input semantic="Örüntü_013-mesh-map-0" input_semantic="TEXCOORD" input_set="0"/>
              </instance_material>
            </technique_common>
          </bind_material>
        </instance_geometry>
      </node>
    </visual_scene>
  </library_visual_scenes>
  <scene>
    <instance_visual_scene url="#Scene"/>
  </scene>
</COLLADA>