<?xml version="1.0" encoding="utf-8"?>
<COLLADA xmlns="http://www.collada.org/2005/11/COLLADASchema" version="1.4.1" xmlns:xsi="http://www.w3.org/2001/XMLSchema-instance">
  <asset>
    <contributor>
      <author>Blender User</author>
      <authoring_tool>Blender 2.92.0 commit date:2021-02-24, commit time:16:25, hash:02948a2cab44</authoring_tool>
    </contributor>
    <created>2022-03-27T14:43:56</created>
    <modified>2022-03-27T14:43:56</modified>
    <unit name="meter" meter="1"/>
    <up_axis>Z_UP</up_axis>
  </asset>
  <library_effects>
    <effect id="siyah-effect">
      <profile_COMMON>
        <technique sid="common">
          <lambert>
            <emission>
              <color sid="emission">0 0 0 1</color>
            </emission>
            <diffuse>
              <color sid="diffuse">0 0 0 1</color>
            </diffuse>
            <index_of_refraction>
              <float sid="ior">1.45</float>
            </index_of_refraction>
          </lambert>
        </technique>
      </profile_COMMON>
    </effect>
    <effect id="direk_005-effect">
      <profile_COMMON>
        <technique sid="common">
          <lambert>
            <emission>
              <color sid="emission">0 0 0 1</color>
            </emission>
            <diffuse>
              <color sid="diffuse">0.5882353 0.5882353 0.7019608 1</color>
            </diffuse>
            <reflectivity>
              <float sid="specular">1</float>
            </reflectivity>
            <index_of_refraction>
              <float sid="ior">1.45</float>
            </index_of_refraction>
          </lambert>
        </technique>
      </profile_COMMON>
    </effect>
    <effect id="kırmızı-effect">
      <profile_COMMON>
        <technique sid="common">
          <lambert>
            <emission>
              <color sid="emission">1 0 0 1</color>
            </emission>
            <diffuse>
              <color sid="diffuse">1 0 7.56739e-4 1</color>
            </diffuse>
            <index_of_refraction>
              <float sid="ior">1.45</float>
            </index_of_refraction>
          </lambert>
        </technique>
      </profile_COMMON>
    </effect>
    <effect id="beyaz-effect">
      <profile_COMMON>
        <technique sid="common">
          <lambert>
            <emission>
              <color sid="emission">1 1 1 1</color>
            </emission>
            <diffuse>
              <color sid="diffuse">1 1 1 1</color>
            </diffuse>
            <index_of_refraction>
              <float sid="ior">1.45</float>
            </index_of_refraction>
          </lambert>
        </technique>
      </profile_COMMON>
    </effect>
    <effect id="siyah_001-effect">
      <profile_COMMON>
        <technique sid="common">
          <lambert>
            <emission>
              <color sid="emission">0 0 0 1</color>
            </emission>
            <diffuse>
              <color sid="diffuse">0 0 0 1</color>
            </diffuse>
            <index_of_refraction>
              <float sid="ior">1.45</float>
            </index_of_refraction>
          </lambert>
        </technique>
      </profile_COMMON>
    </effect>
  </library_effects>
  <library_images/>
  <library_materials>
    <material id="siyah-material" name="siyah">
      <instance_effect url="#siyah-effect"/>
    </material>
    <material id="direk_005-material" name="direk.005">
      <instance_effect url="#direk_005-effect"/>
    </material>
    <material id="kırmızı-material" name="kırmızı">
      <instance_effect url="#kırmızı-effect"/>
    </material>
    <material id="beyaz-material" name="beyaz">
      <instance_effect url="#beyaz-effect"/>
    </material>
    <material id="siyah_001-material" name="siyah.001">
      <instance_effect url="#siyah_001-effect"/>
    </material>
  </library_materials>
  <library_geometries>
    <geometry id="_0-mesh" name="30">
      <mesh>
        <source id="_0-mesh-positions">
          <float_array id="_0-mesh-positions-array" count="2220">0.5025597 -0.004286646 0.00999999 0.4815095 0.001639783 0.00999999 0.4619564 0.01130938 0.00999999 0.4440075 0.02455186 0.00999999 0.4277698 0.04119712 0.00999999 0.4133501 0.06107503 0.00999999 0.4008554 0.08401542 0.00999999 0.3903927 0.1098482 0.00999999 0.3820689 0.1384032 0.00999999 0.3759909 0.1695103 0.00999999 0.3722656 0.2029992 0.00999999 0.3710001 0.2387001 0.00999999 0.3722657 0.2744009 0.00999999 0.3759909 0.3078899 0.00999999 0.3820689 0.338997 0.00999999 0.3903928 0.367552 0.00999999 0.4008556 0.3933848 0.00999999 0.4133502 0.4163252 0.00999999 0.4277699 0.4362031 0.00999999 0.4440076 0.4528483 0.00999999 0.4619565 0.4660908 0.00999999 0.4815095 0.4757604 0.00999999 0.5025597 0.4816869 0.00999999 0.5250002 0.4837002 0.00999999 0.5474408 0.4816868 0.00999999 0.568491 0.4757604 0.00999999 0.588044 0.4660908 0.00999999 0.6059929 0.4528483 0.00999999 0.6222306 0.4362031 0.00999999 0.6366503 0.4163252 0.00999999 0.649145 0.3933848 0.00999999 0.6596077 0.367552 0.00999999 0.6679316 0.338997 0.00999999 0.6740096 0.3078899 0.00999999 0.6777348 0.2744009 0.00999999 0.6790003 0.2387001 0.00999999 0.6777349 0.2029992 0.00999999 0.6740096 0.1695102 0.00999999 0.6679316 0.1384031 0.00999999 0.6596078 0.1098482 0.00999999 0.649145 0.08401542 0.00999999 0.6366503 0.06107503 0.00999999 0.6222307 0.04119712 0.00999999 0.6059929 0.02455186 0.00999999 0.5880441 0.01130938 0.00999999 0.5684911 0.001639783 0.00999999 0.5474408 -0.004286646 0.00999999 0.5250002 -0.006299972 0.00999999 0.5121442 0.4171994 0.00999999 0.5002021 0.413052 0.00999999 0.4892127 0.4062408 0.00999999 0.479215 0.3968483 0.00999999 0.4702479 0.3849573 0.00999999 0.4623502 0.3706502 0.00999999 0.4555609 0.3540098 0.00999999 0.4499187 0.3351187 0.00999999 0.4454627 0.3140595 0.00999999 0.4422317 0.290915 0.00999999 0.4402645 0.2657676 0.00999999 0.4396002 0.2387001 0.00999999 0.4402645 0.2116326 0.00999999 0.4422317 0.1864852 0.00999999 0.4454627 0.1633406 0.00999999 0.4499187 0.1422815 0.00999999 0.4555608 0.1233904 0.00999999 0.4623502 0.10675 0.00999999 0.4702479 0.09244292 0.00999999 0.479215 0.08055186 0.00999999 0.4892127 0.07115936 0.00999999 0.5002021 0.06434816 0.00999999 0.5121442 0.06020081 0.00999999 0.5250002 0.05879998 0.00999999 0.5378562 0.06020081 0.00999999 0.5497983 0.06434816 0.00999999 0.5607877 0.07115936 0.00999999 0.5707854 0.08055186 0.00999999 0.5797525 0.09244292 0.00999999 0.5876502 0.10675 0.00999999 0.5944396 0.1233904 0.00999999 0.6000817 0.1422815 0.00999999 0.6045377 0.1633406 0.00999999 0.6077688 0.1864852 0.00999999 0.6097359 0.2116326 0.00999999 0.6104003 0.2387001 0.00999999 0.609736 0.2657676 0.00999999 0.6077688 0.290915 0.00999999 0.6045378 0.3140595 0.00999999 0.6000818 0.3351187 0.00999999 0.5944396 0.3540098 0.00999999 0.5876502 0.3706502 0.00999999 0.5797526 0.3849573 0.00999999 0.5707854 0.3968483 0.00999999 0.5607877 0.4062408 0.00999999 0.5497984 0.413052 0.00999999 0.5378562 0.4171994 0.00999999 0.5250002 0.4186002 0.00999999 0.02380001 0 0.00999999 0.02380001 0.004899978 0.00999999 0.03731751 0.02128279 0.00999999 0.05149859 0.03848707 0.00999999 0.06616091 0.05637186 0.00999999 0.08112221 0.07479631 0.00999999 0.09620016 0.09361934 0.00999999 0.1112125 0.1127001 0.00999999 0.1259769 0.1318974 0.00999999 0.1403111 0.1510704 0.00999999 0.1540328 0.1700782 0.00999999 0.1669598 0.1887797 0.00999999 0.1789096 0.207034 0.00999999 0.1897001 0.2247 0.00999999 0.1950668 0.2340366 0.00999999 0.1999667 0.2428677 0.00999999 0.2044001 0.2513001 0.00999999 0.2083667 0.2594408 0.00999999 0.2118667 0.2673969 0.00999999 0.2149001 0.2752751 0.00999999 0.2174667 0.2831825 0.00999999 0.2195667 0.291226 0.00999999 0.2212001 0.2995126 0.00999999 0.2223668 0.3081492 0.00999999 0.2230668 0.3172427 0.00999999 0.2233 0.3269001 0.00999999 0.2225843 0.3396917 0.00999999 0.2204903 0.3517664 0.00999999 0.2170985 0.3630486 0.00999999 0.212489 0.3734631 0.00999999 0.2067419 0.3829346 0.00999999 0.1999376 0.3913877 0.00999999 0.1921561 0.398747 0.00999999 0.1834778 0.4049372 0.00999999 0.1739829 0.409883 0.00999999 0.1637514 0.413509 0.00999999 0.1528638 0.4157398 0.00999999 0.1414 0.4165002 0.00999999 0.1328088 0.4161688 0.00999999 0.1241787 0.4151326 0.00999999 0.1155 0.4133283 0.00999999 0.106763 0.4106928 0.00999999 0.0979579 0.4071628 0.00999999 0.08907502 0.4026752 0.00999999 0.08010464 0.3971667 0.00999999 0.07103705 0.3905742 0.00999999 0.06186252 0.3828346 0.00999999 0.05257129 0.3738844 0.00999999 0.0431537 0.3636607 0.00999999 0.03359997 0.3521001 0.00999999 0.03359997 0.4382002 0.00999999 0.04316991 0.4455657 0.00999999 0.05264258 0.452265 0.00999999 0.06203752 0.4583033 0.00999999 0.07137405 0.4636854 0.00999999 0.08067178 0.4684161 0.00999999 0.08995002 0.4725002 0.00999999 0.09922826 0.4759427 0.00999999 0.1085259 0.4787484 0.00999999 0.1178625 0.4809221 0.00999999 0.1272574 0.4824687 0.00999999 0.1367301 0.4833931 0.00999999 0.1463 0.4837002 0.00999999 0.1672518 0.4824509 0.00999999 0.186981 0.4787807 0.00999999 0.2053735 0.4728064 0.00999999 0.2223148 0.4646446 0.00999999 0.237691 0.454412 0.00999999 0.2513876 0.4422252 0.00999999 0.2632904 0.4282009 0.00999999 0.2732853 0.4124557 0.00999999 0.2812579 0.3951064 0.00999999 0.2870941 0.3762696 0.00999999 0.2906796 0.3560619 0.00999999 0.2919001 0.3346002 0.00999999 0.2910121 0.3153946 0.00999999 0.2882964 0.2964566 0.00999999 0.2836751 0.2775282 0.00999999 0.2770705 0.2583519 0.00999999 0.2684047 0.2386701 0.00999999 0.2576001 0.2182251 0.00999999 0.2445788 0.1967592 0.00999999 0.229263 0.1740149 0.00999999 0.2115751 0.1497344 0.00999999 0.1914371 0.1236602 0.00999999 0.1687713 0.09553462 0.00999999 0.1435 0.06510001 0.00999999 0.3262001 0.06510001 0.00999999 0.3262001 0 0.00999999 0.5025597 -0.004286646 -0.00999999 0.4815095 0.001639783 -0.00999999 0.4619564 0.01130938 -0.00999999 0.4440075 0.02455186 -0.00999999 0.4277698 0.04119712 -0.00999999 0.4133501 0.06107503 -0.00999999 0.4008554 0.08401542 -0.00999999 0.3903927 0.1098482 -0.00999999 0.3820689 0.1384032 -0.00999999 0.3759909 0.1695103 -0.00999999 0.3722656 0.2029992 -0.00999999 0.3710001 0.2387001 -0.00999999 0.3722657 0.2744009 -0.00999999 0.3759909 0.3078899 -0.00999999 0.3820689 0.338997 -0.00999999 0.3903928 0.367552 -0.00999999 0.4008556 0.3933848 -0.00999999 0.4133502 0.4163252 -0.00999999 0.4277699 0.4362031 -0.00999999 0.4440076 0.4528483 -0.00999999 0.4619565 0.4660908 -0.00999999 0.4815095 0.4757604 -0.00999999 0.5025597 0.4816869 -0.00999999 0.5250002 0.4837002 -0.00999999 0.5474408 0.4816868 -0.00999999 0.568491 0.4757604 -0.00999999 0.588044 0.4660908 -0.00999999 0.6059929 0.4528483 -0.00999999 0.6222306 0.4362031 -0.00999999 0.6366503 0.4163252 -0.00999999 0.649145 0.3933848 -0.00999999 0.6596077 0.367552 -0.00999999 0.6679316 0.338997 -0.00999999 0.6740096 0.3078899 -0.00999999 0.6777348 0.2744009 -0.00999999 0.6790003 0.2387001 -0.00999999 0.6777349 0.2029992 -0.00999999 0.6740096 0.1695102 -0.00999999 0.6679316 0.1384031 -0.00999999 0.6596078 0.1098482 -0.00999999 0.649145 0.08401542 -0.00999999 0.6366503 0.06107503 -0.00999999 0.6222307 0.04119712 -0.00999999 0.6059929 0.02455186 -0.00999999 0.5880441 0.01130938 -0.00999999 0.5684911 0.001639783 -0.00999999 0.5474408 -0.004286646 -0.00999999 0.5250002 -0.006299972 -0.00999999 0.5121442 0.4171994 -0.00999999 0.5002021 0.413052 -0.00999999 0.4892127 0.4062408 -0.00999999 0.479215 0.3968483 -0.00999999 0.4702479 0.3849573 -0.00999999 0.4623502 0.3706502 -0.00999999 0.4555609 0.3540098 -0.00999999 0.4499187 0.3351187 -0.00999999 0.4454627 0.3140595 -0.00999999 0.4422317 0.290915 -0.00999999 0.4402645 0.2657676 -0.00999999 0.4396002 0.2387001 -0.00999999 0.4402645 0.2116326 -0.00999999 0.4422317 0.1864852 -0.00999999 0.4454627 0.1633406 -0.00999999 0.4499187 0.1422815 -0.00999999 0.4555608 0.1233904 -0.00999999 0.4623502 0.10675 -0.00999999 0.4702479 0.09244292 -0.00999999 0.479215 0.08055186 -0.00999999 0.4892127 0.07115936 -0.00999999 0.5002021 0.06434816 -0.00999999 0.5121442 0.06020081 -0.00999999 0.5250002 0.05879998 -0.00999999 0.5378562 0.06020081 -0.00999999 0.5497983 0.06434816 -0.00999999 0.5607877 0.07115936 -0.00999999 0.5707854 0.08055186 -0.00999999 0.5797525 0.09244292 -0.00999999 0.5876502 0.10675 -0.00999999 0.5944396 0.1233904 -0.00999999 0.6000817 0.1422815 -0.00999999 0.6045377 0.1633406 -0.00999999 0.6077688 0.1864852 -0.00999999 0.6097359 0.2116326 -0.00999999 0.6104003 0.2387001 -0.00999999 0.609736 0.2657676 -0.00999999 0.6077688 0.290915 -0.00999999 0.6045378 0.3140595 -0.00999999 0.6000818 0.3351187 -0.00999999 0.5944396 0.3540098 -0.00999999 0.5876502 0.3706502 -0.00999999 0.5797526 0.3849573 -0.00999999 0.5707854 0.3968483 -0.00999999 0.5607877 0.4062408 -0.00999999 0.5497984 0.413052 -0.00999999 0.5378562 0.4171994 -0.00999999 0.5250002 0.4186002 -0.00999999 0.02380001 0 -0.00999999 0.02380001 0.004899978 -0.00999999 0.03731751 0.02128279 -0.00999999 0.05149859 0.03848707 -0.00999999 0.06616091 0.05637186 -0.00999999 0.08112221 0.07479631 -0.00999999 0.09620016 0.09361934 -0.00999999 0.1112125 0.1127001 -0.00999999 0.1259769 0.1318974 -0.00999999 0.1403111 0.1510704 -0.00999999 0.1540328 0.1700782 -0.00999999 0.1669598 0.1887797 -0.00999999 0.1789096 0.207034 -0.00999999 0.1897001 0.2247 -0.00999999 0.1950668 0.2340366 -0.00999999 0.1999667 0.2428677 -0.00999999 0.2044001 0.2513001 -0.00999999 0.2083667 0.2594408 -0.00999999 0.2118667 0.2673969 -0.00999999 0.2149001 0.2752751 -0.00999999 0.2174667 0.2831825 -0.00999999 0.2195667 0.291226 -0.00999999 0.2212001 0.2995126 -0.00999999 0.2223668 0.3081492 -0.00999999 0.2230668 0.3172427 -0.00999999 0.2233 0.3269001 -0.00999999 0.2225843 0.3396917 -0.00999999 0.2204903 0.3517664 -0.00999999 0.2170985 0.3630486 -0.00999999 0.212489 0.3734631 -0.00999999 0.2067419 0.3829346 -0.00999999 0.1999376 0.3913877 -0.00999999 0.1921561 0.398747 -0.00999999 0.1834778 0.4049372 -0.00999999 0.1739829 0.409883 -0.00999999 0.1637514 0.413509 -0.00999999 0.1528638 0.4157398 -0.00999999 0.1414 0.4165002 -0.00999999 0.1328088 0.4161688 -0.00999999 0.1241787 0.4151326 -0.00999999 0.1155 0.4133283 -0.00999999 0.106763 0.4106928 -0.00999999 0.0979579 0.4071628 -0.00999999 0.08907502 0.4026752 -0.00999999 0.08010464 0.3971667 -0.00999999 0.07103705 0.3905742 -0.00999999 0.06186252 0.3828346 -0.00999999 0.05257129 0.3738844 -0.00999999 0.0431537 0.3636607 -0.00999999 0.03359997 0.3521001 -0.00999999 0.03359997 0.4382002 -0.00999999 0.04316991 0.4455657 -0.00999999 0.05264258 0.452265 -0.00999999 0.06203752 0.4583033 -0.00999999 0.07137405 0.4636854 -0.00999999 0.08067178 0.4684161 -0.00999999 0.08995002 0.4725002 -0.00999999 0.09922826 0.4759427 -0.00999999 0.1085259 0.4787484 -0.00999999 0.1178625 0.4809221 -0.00999999 0.1272574 0.4824687 -0.00999999 0.1367301 0.4833931 -0.00999999 0.1463 0.4837002 -0.00999999 0.1672518 0.4824509 -0.00999999 0.186981 0.4787807 -0.00999999 0.2053735 0.4728064 -0.00999999 0.2223148 0.4646446 -0.00999999 0.237691 0.454412 -0.00999999 0.2513876 0.4422252 -0.00999999 0.2632904 0.4282009 -0.00999999 0.2732853 0.4124557 -0.00999999 0.2812579 0.3951064 -0.00999999 0.2870941 0.3762696 -0.00999999 0.2906796 0.3560619 -0.00999999 0.2919001 0.3346002 -0.00999999 0.2910121 0.3153946 -0.00999999 0.2882964 0.2964566 -0.00999999 0.2836751 0.2775282 -0.00999999 0.2770705 0.2583519 -0.00999999 0.2684047 0.2386701 -0.00999999 0.2576001 0.2182251 -0.00999999 0.2445788 0.1967592 -0.00999999 0.229263 0.1740149 -0.00999999 0.2115751 0.1497344 -0.00999999 0.1914371 0.1236602 -0.00999999 0.1687713 0.09553462 -0.00999999 0.1435 0.06510001 -0.00999999 0.3262001 0.06510001 -0.00999999 0.3262001 0 -0.00999999 0.02380001 0 -0.00999999 0.02380001 0 0.00999999 0.02380001 0.004899978 -0.00999999 0.02380001 0.004899978 0.00999999 0.03731751 0.02128279 -0.00999999 0.03731751 0.02128279 0.00999999 0.05149859 0.03848707 -0.00999999 0.05149859 0.03848707 0.00999999 0.06616091 0.05637186 -0.00999999 0.06616091 0.05637186 0.00999999 0.08112221 0.07479631 -0.00999999 0.08112221 0.07479631 0.00999999 0.09620016 0.09361934 -0.00999999 0.09620016 0.09361934 0.00999999 0.1112125 0.1127001 -0.00999999 0.1112125 0.1127001 0.00999999 0.1259769 0.1318974 -0.00999999 0.1259769 0.1318974 0.00999999 0.1403111 0.1510704 -0.00999999 0.1403111 0.1510704 0.00999999 0.1540328 0.1700782 -0.00999999 0.1540328 0.1700782 0.00999999 0.1669598 0.1887797 -0.00999999 0.1669598 0.1887797 0.00999999 0.1789096 0.207034 -0.00999999 0.1789096 0.207034 0.00999999 0.1897001 0.2247 -0.00999999 0.1897001 0.2247 0.00999999 0.1950668 0.2340366 -0.00999999 0.1950668 0.2340366 0.00999999 0.1999667 0.2428677 -0.00999999 0.1999667 0.2428677 0.00999999 0.2044001 0.2513001 -0.00999999 0.2044001 0.2513001 0.00999999 0.2083667 0.2594408 -0.00999999 0.2083667 0.2594408 0.00999999 0.2118667 0.2673969 -0.00999999 0.2118667 0.2673969 0.00999999 0.2149001 0.2752751 -0.00999999 0.2149001 0.2752751 0.00999999 0.2174667 0.2831825 -0.00999999 0.2174667 0.2831825 0.00999999 0.2195667 0.291226 -0.00999999 0.2195667 0.291226 0.00999999 0.2212001 0.2995126 -0.00999999 0.2212001 0.2995126 0.00999999 0.2223668 0.3081492 -0.00999999 0.2223668 0.3081492 0.00999999 0.2230668 0.3172427 -0.00999999 0.2230668 0.3172427 0.00999999 0.2233 0.3269001 -0.00999999 0.2233 0.3269001 0.00999999 0.2225843 0.3396917 -0.00999999 0.2225843 0.3396917 0.00999999 0.2204903 0.3517664 -0.00999999 0.2204903 0.3517664 0.00999999 0.2170985 0.3630486 -0.00999999 0.2170985 0.3630486 0.00999999 0.212489 0.3734631 -0.00999999 0.212489 0.3734631 0.00999999 0.2067419 0.3829346 -0.00999999 0.2067419 0.3829346 0.00999999 0.1999376 0.3913877 -0.00999999 0.1999376 0.3913877 0.00999999 0.1921561 0.398747 -0.00999999 0.1921561 0.398747 0.00999999 0.1834778 0.4049372 -0.00999999 0.1834778 0.4049372 0.00999999 0.1739829 0.409883 -0.00999999 0.1739829 0.409883 0.00999999 0.1637514 0.413509 -0.00999999 0.1637514 0.413509 0.00999999 0.1528638 0.4157398 -0.00999999 0.1528638 0.4157398 0.00999999 0.1414 0.4165002 -0.00999999 0.1414 0.4165002 0.00999999 0.1328088 0.4161688 -0.00999999 0.1328088 0.4161688 0.00999999 0.1241787 0.4151326 -0.00999999 0.1241787 0.4151326 0.00999999 0.1155 0.4133283 -0.00999999 0.1155 0.4133283 0.00999999 0.106763 0.4106928 -0.00999999 0.106763 0.4106928 0.00999999 0.0979579 0.4071628 -0.00999999 0.0979579 0.4071628 0.00999999 0.08907502 0.4026752 -0.00999999 0.08907502 0.4026752 0.00999999 0.08010464 0.3971667 -0.00999999 0.08010464 0.3971667 0.00999999 0.07103705 0.3905742 -0.00999999 0.07103705 0.3905742 0.00999999 0.06186252 0.3828346 -0.00999999 0.06186252 0.3828346 0.00999999 0.05257129 0.3738844 -0.00999999 0.05257129 0.3738844 0.00999999 0.0431537 0.3636607 -0.00999999 0.0431537 0.3636607 0.00999999 0.03359997 0.3521001 -0.00999999 0.03359997 0.3521001 0.00999999 0.03359997 0.4382002 -0.00999999 0.03359997 0.4382002 0.00999999 0.04316991 0.4455657 -0.00999999 0.04316991 0.4455657 0.00999999 0.05264258 0.452265 -0.00999999 0.05264258 0.452265 0.00999999 0.06203752 0.4583033 -0.00999999 0.06203752 0.4583033 0.00999999 0.07137405 0.4636854 -0.00999999 0.07137405 0.4636854 0.00999999 0.08067178 0.4684161 -0.00999999 0.08067178 0.4684161 0.00999999 0.08995002 0.4725002 -0.00999999 0.08995002 0.4725002 0.00999999 0.09922826 0.4759427 -0.00999999 0.09922826 0.4759427 0.00999999 0.1085259 0.4787484 -0.00999999 0.1085259 0.4787484 0.00999999 0.1178625 0.4809221 -0.00999999 0.1178625 0.4809221 0.00999999 0.1272574 0.4824687 -0.00999999 0.1272574 0.4824687 0.00999999 0.1367301 0.4833931 -0.00999999 0.1367301 0.4833931 0.00999999 0.1463 0.4837002 -0.00999999 0.1463 0.4837002 0.00999999 0.1672518 0.4824509 -0.00999999 0.1672518 0.4824509 0.00999999 0.186981 0.4787807 -0.00999999 0.186981 0.4787807 0.00999999 0.2053735 0.4728064 -0.00999999 0.2053735 0.4728064 0.00999999 0.2223148 0.4646446 -0.00999999 0.2223148 0.4646446 0.00999999 0.237691 0.454412 -0.00999999 0.237691 0.454412 0.00999999 0.2513876 0.4422252 -0.00999999 0.2513876 0.4422252 0.00999999 0.2632904 0.4282009 -0.00999999 0.2632904 0.4282009 0.00999999 0.2732853 0.4124557 -0.00999999 0.2732853 0.4124557 0.00999999 0.2812579 0.3951064 -0.00999999 0.2812579 0.3951064 0.00999999 0.2870941 0.3762696 -0.00999999 0.2870941 0.3762696 0.00999999 0.2906796 0.3560619 -0.00999999 0.2906796 0.3560619 0.00999999 0.2919001 0.3346002 -0.00999999 0.2919001 0.3346002 0.00999999 0.2910121 0.3153946 -0.00999999 0.2910121 0.3153946 0.00999999 0.2882964 0.2964566 -0.00999999 0.2882964 0.2964566 0.00999999 0.2836751 0.2775282 -0.00999999 0.2836751 0.2775282 0.00999999 0.2770705 0.2583519 -0.00999999 0.2770705 0.2583519 0.00999999 0.2684047 0.2386701 -0.00999999 0.2684047 0.2386701 0.00999999 0.2576001 0.2182251 -0.00999999 0.2576001 0.2182251 0.00999999 0.2445788 0.1967592 -0.00999999 0.2445788 0.1967592 0.00999999 0.229263 0.1740149 -0.00999999 0.229263 0.1740149 0.00999999 0.2115751 0.1497344 -0.00999999 0.2115751 0.1497344 0.00999999 0.1914371 0.1236602 -0.00999999 0.1914371 0.1236602 0.00999999 0.1687713 0.09553462 -0.00999999 0.1687713 0.09553462 0.00999999 0.1435 0.06510001 -0.00999999 0.1435 0.06510001 0.00999999 0.3262001 0.06510001 -0.00999999 0.3262001 0.06510001 0.00999999 0.3262001 0 -0.00999999 0.3262001 0 0.00999999 0.5025597 -0.004286646 -0.00999999 0.5025597 -0.004286646 0.00999999 0.4815095 0.001639783 -0.00999999 0.4815095 0.001639783 0.00999999 0.4619564 0.01130938 -0.00999999 0.4619564 0.01130938 0.00999999 0.4440075 0.02455186 -0.00999999 0.4440075 0.02455186 0.00999999 0.4277698 0.04119712 -0.00999999 0.4277698 0.04119712 0.00999999 0.4133501 0.06107503 -0.00999999 0.4133501 0.06107503 0.00999999 0.4008554 0.08401542 -0.00999999 0.4008554 0.08401542 0.00999999 0.3903927 0.1098482 -0.00999999 0.3903927 0.1098482 0.00999999 0.3820689 0.1384032 -0.00999999 0.3820689 0.1384032 0.00999999 0.3759909 0.1695103 -0.00999999 0.3759909 0.1695103 0.00999999 0.3722656 0.2029992 -0.00999999 0.3722656 0.2029992 0.00999999 0.3710001 0.2387001 -0.00999999 0.3710001 0.2387001 0.00999999 0.3722657 0.2744009 -0.00999999 0.3722657 0.2744009 0.00999999 0.3759909 0.3078899 -0.00999999 0.3759909 0.3078899 0.00999999 0.3820689 0.338997 -0.00999999 0.3820689 0.338997 0.00999999 0.3903928 0.367552 -0.00999999 0.3903928 0.367552 0.00999999 0.4008556 0.3933848 -0.00999999 0.4008556 0.3933848 0.00999999 0.4133502 0.4163252 -0.00999999 0.4133502 0.4163252 0.00999999 0.4277699 0.4362031 -0.00999999 0.4277699 0.4362031 0.00999999 0.4440076 0.4528483 -0.00999999 0.4440076 0.4528483 0.00999999 0.4619565 0.4660908 -0.00999999 0.4619565 0.4660908 0.00999999 0.4815095 0.4757604 -0.00999999 0.4815095 0.4757604 0.00999999 0.5025597 0.4816869 -0.00999999 0.5025597 0.4816869 0.00999999 0.5250002 0.4837002 -0.00999999 0.5250002 0.4837002 0.00999999 0.5474408 0.4816868 -0.00999999 0.5474408 0.4816868 0.00999999 0.568491 0.4757604 -0.00999999 0.568491 0.4757604 0.00999999 0.588044 0.4660908 -0.00999999 0.588044 0.4660908 0.00999999 0.6059929 0.4528483 -0.00999999 0.6059929 0.4528483 0.00999999 0.6222306 0.4362031 -0.00999999 0.6222306 0.4362031 0.00999999 0.6366503 0.4163252 -0.00999999 0.6366503 0.4163252 0.00999999 0.649145 0.3933848 -0.00999999 0.649145 0.3933848 0.00999999 0.6596077 0.367552 -0.00999999 0.6596077 0.367552 0.00999999 0.6679316 0.338997 -0.00999999 0.6679316 0.338997 0.00999999 0.6740096 0.3078899 -0.00999999 0.6740096 0.3078899 0.00999999 0.6777348 0.2744009 -0.00999999 0.6777348 0.2744009 0.00999999 0.6790003 0.2387001 -0.00999999 0.6790003 0.2387001 0.00999999 0.6777349 0.2029992 -0.00999999 0.6777349 0.2029992 0.00999999 0.6740096 0.1695102 -0.00999999 0.6740096 0.1695102 0.00999999 0.6679316 0.1384031 -0.00999999 0.6679316 0.1384031 0.00999999 0.6596078 0.1098482 -0.00999999 0.6596078 0.1098482 0.00999999 0.649145 0.08401542 -0.00999999 0.649145 0.08401542 0.00999999 0.6366503 0.06107503 -0.00999999 0.6366503 0.06107503 0.00999999 0.6222307 0.04119712 -0.00999999 0.6222307 0.04119712 0.00999999 0.6059929 0.02455186 -0.00999999 0.6059929 0.02455186 0.00999999 0.5880441 0.01130938 -0.00999999 0.5880441 0.01130938 0.00999999 0.5684911 0.001639783 -0.00999999 0.5684911 0.001639783 0.00999999 0.5474408 -0.004286646 -0.00999999 0.5474408 -0.004286646 0.00999999 0.5250002 -0.006299972 -0.00999999 0.5250002 -0.006299972 0.00999999 0.5121442 0.4171994 -0.00999999 0.5121442 0.4171994 0.00999999 0.5002021 0.413052 -0.00999999 0.5002021 0.413052 0.00999999 0.4892127 0.4062408 -0.00999999 0.4892127 0.4062408 0.00999999 0.479215 0.3968483 -0.00999999 0.479215 0.3968483 0.00999999 0.4702479 0.3849573 -0.00999999 0.4702479 0.3849573 0.00999999 0.4623502 0.3706502 -0.00999999 0.4623502 0.3706502 0.00999999 0.4555609 0.3540098 -0.00999999 0.4555609 0.3540098 0.00999999 0.4499187 0.3351187 -0.00999999 0.4499187 0.3351187 0.00999999 0.4454627 0.3140595 -0.00999999 0.4454627 0.3140595 0.00999999 0.4422317 0.290915 -0.00999999 0.4422317 0.290915 0.00999999 0.4402645 0.2657676 -0.00999999 0.4402645 0.2657676 0.00999999 0.4396002 0.2387001 -0.00999999 0.4396002 0.2387001 0.00999999 0.4402645 0.2116326 -0.00999999 0.4402645 0.2116326 0.00999999 0.4422317 0.1864852 -0.00999999 0.4422317 0.1864852 0.00999999 0.4454627 0.1633406 -0.00999999 0.4454627 0.1633406 0.00999999 0.4499187 0.1422815 -0.00999999 0.4499187 0.1422815 0.00999999 0.4555608 0.1233904 -0.00999999 0.4555608 0.1233904 0.00999999 0.4623502 0.10675 -0.00999999 0.4623502 0.10675 0.00999999 0.4702479 0.09244292 -0.00999999 0.4702479 0.09244292 0.00999999 0.479215 0.08055186 -0.00999999 0.479215 0.08055186 0.00999999 0.4892127 0.07115936 -0.00999999 0.4892127 0.07115936 0.00999999 0.5002021 0.06434816 -0.00999999 0.5002021 0.06434816 0.00999999 0.5121442 0.06020081 -0.00999999 0.5121442 0.06020081 0.00999999 0.5250002 0.05879998 -0.00999999 0.5250002 0.05879998 0.00999999 0.5378562 0.06020081 -0.00999999 0.5378562 0.06020081 0.00999999 0.5497983 0.06434816 -0.00999999 0.5497983 0.06434816 0.00999999 0.5607877 0.07115936 -0.00999999 0.5607877 0.07115936 0.00999999 0.5707854 0.08055186 -0.00999999 0.5707854 0.08055186 0.00999999 0.5797525 0.09244292 -0.00999999 0.5797525 0.09244292 0.00999999 0.5876502 0.10675 -0.00999999 0.5876502 0.10675 0.00999999 0.5944396 0.1233904 -0.00999999 0.5944396 0.1233904 0.00999999 0.6000817 0.1422815 -0.00999999 0.6000817 0.1422815 0.00999999 0.6045377 0.1633406 -0.00999999 0.6045377 0.1633406 0.00999999 0.6077688 0.1864852 -0.00999999 0.6077688 0.1864852 0.00999999 0.6097359 0.2116326 -0.00999999 0.6097359 0.2116326 0.00999999 0.6104003 0.2387001 -0.00999999 0.6104003 0.2387001 0.00999999 0.609736 0.2657676 -0.00999999 0.609736 0.2657676 0.00999999 0.6077688 0.290915 -0.00999999 0.6077688 0.290915 0.00999999 0.6045378 0.3140595 -0.00999999 0.6045378 0.3140595 0.00999999 0.6000818 0.3351187 -0.00999999 0.6000818 0.3351187 0.00999999 0.5944396 0.3540098 -0.00999999 0.5944396 0.3540098 0.00999999 0.5876502 0.3706502 -0.00999999 0.5876502 0.3706502 0.00999999 0.5797526 0.3849573 -0.00999999 0.5797526 0.3849573 0.00999999 0.5707854 0.3968483 -0.00999999 0.5707854 0.3968483 0.00999999 0.5607877 0.4062408 -0.00999999 0.5607877 0.4062408 0.00999999 0.5497984 0.413052 -0.00999999 0.5497984 0.413052 0.00999999 0.5378562 0.4171994 -0.00999999 0.5378562 0.4171994 0.00999999 0.5250002 0.4186002 -0.00999999 0.5250002 0.4186002 0.00999999</float_array>
          <technique_common>
            <accessor source="#_0-mesh-positions-array" count="740" stride="3">
              <param name="X" type="float"/>
              <param name="Y" type="float"/>
              <param name="Z" type="float"/>
            </accessor>
          </technique_common>
        </source>
        <source id="_0-mesh-normals">
          <float_array id="_0-mesh-normals-array" count="957">0 0 1 0 0 1 0 0 1 0 0 1 0 0 1 0 0 1 0 0 1 0 0 1 0 0 1 0 0 1 0 0 1 0 0 1 0 0 1 0 0 1 0 0 1 0 0 1 0 0 1 0 0 1 0 0 1 0 0 1 0 0 1 0 0 1 0 0 1 0 0 1 0 0 1 0 0 1 0 0 1 0 0 1 0 0 1 0 0 1 0 0 1 0 0 1 0 0 1 0 0 1 0 0 1 0 0 1 0 0 1 0 0 1 0 0 1 0 0 1 0 0 1 0 0 1 0 0 1 0 0 1 0 0 1 0 0 1 0 0 1 0 0 1 0 0 1 0 0 1 0 0 1 0 0 1 0 0 1 0 0 1 0 0 1 0 0 1 0 0 1 0 0 -1 0 0 -1 0 0 -1 0 0 -1 0 0 -1 0 0 -1 0 0 -1 0 0 -1 0 0 -1 0 0 -1 0 0 -1 0 0 -1 0 0 -1 0 0 -1 0 0 -1 0 0 -1 0 0 -1 0 0 -1 0 0 -1 0 0 -1 0 0 -1 0 0 -1 0 0 -1 0 0 -1 0 0 -1 0 0 -1 0 0 -1 0 0 -1 0 0 -1 0 0 -1 0 0 -1 0 0 -1 0 0 -1 0 0 -1 0 0 -1 0 0 -1 0 0 -1 0 0 -1 0 0 -1 -1.60198e-7 0 -1 0 0 -1 0 0 -1 0 0 -1 0 0 -1 0 0 -1 0 0 -1 0 0 -1 0 0 -1 0 0 -1 0 0 -1 0 0 -1 0 0 -1 0 0 -1 0 0 -1 0 0 -1 0 0 -1 0 0 -1 0 0 -1 0 0 -1 0 0 -1 0 0 -1 0 0 -1 0 0 -1 0 0 -1 0 0 -1 0 0 -1 0 0 -1 0 0 -1 0 0 -1 0 0 -1 0 0 -1 0 0 -1 0 0 -1 -0.9411008 0.3381261 0 -0.7071068 -0.7071068 0 -0.7714958 0.6362345 0 -0.7725017 0.6350127 0 -0.7748242 0.6321769 0 -0.7783914 0.6277793 0 -0.7832066 0.6217616 0 -0.7893177 0.613985 0 -0.7968211 0.6042155 0 -0.8058866 0.5920699 0 -0.8167497 0.5769923 0 -0.8297047 0.5582028 0 -0.8451399 0.5345453 0 -0.8602648 0.5098477 0 -0.8707283 0.4917646 0 -0.8798245 0.4752987 0 -0.8921513 0.4517369 0 -0.9073261 0.4204279 0 -0.892145 0.4517492 0 -0.9245384 0.381089 0 -0.9425286 0.3341256 0 -0.9597727 0.2807781 0 -0.9747975 0.2230916 0 -0.9865092 0.1637061 0 -0.994435 0.105352 0 -0.9865142 0.1636763 0 -0.9987268 0.05044752 0 -0.9998746 -0.01583951 0 -0.9935347 -0.1135293 0 -0.9732436 -0.2297758 0 -0.9378765 -0.3469694 0 -0.8865157 -0.4626985 0 -0.8187427 -0.5741606 0 -0.7347438 -0.6783448 0 -0.6354323 -0.7721566 0 -0.522605 -0.8525749 0 -0.6354141 -0.7721716 0 -0.3989706 -0.9169638 0 -0.2680153 -0.9634147 0 -0.1337348 -0.9910172 0 -0.01382523 -0.9999045 0 0.07892274 -0.9968808 0 0.161508 -0.9868714 0 0.2464114 -0.9691653 0 0.3307664 -0.9437127 0 0.4118843 -0.9112361 0 0.4875101 -0.8731174 0 0.5560868 -0.8311242 0 0.6168291 -0.7870972 0 0.6696473 -0.7426792 0 0.7149521 -0.6991735 0 0.7534533 -0.6575015 0 -0.3384892 -0.9409703 0 -0.8971932 0.4416383 0 -0.5937902 0.8046199 0 -0.5591714 0.8290521 0 -0.5201977 0.8540459 0 -0.4766203 0.8791093 0 -0.4283396 0.9036179 0 -0.3755387 0.9268068 0 -0.3185249 0.9479145 0 -0.2579438 0.9661599 0 -0.1946839 0.9808661 0 -0.1298284 0.9915366 0 -0.06460875 0.9979107 0 0.01373368 0.9999057 0 0.121435 0.9925994 0 0.2464114 0.9691653 0 0.3723008 0.9281121 0 0.4951987 0.8687798 0 0.3723271 0.9281016 0 0.6108723 0.7917291 0 0.7153291 0.6987879 0 0.8052537 0.5929304 0 0.7153142 0.6988031 0 0.8784514 0.4778319 0 0.9339132 0.3575 0 0.9718118 0.2357581 0 0.9932563 0.1159399 0 0.9999861 0.005279779 0 0.995558 -0.0941509 0 0.981829 -0.1897675 0 0.9595039 -0.2816954 0 0.9311608 -0.3646088 0 0.9002457 -0.4353823 0 0.8699415 -0.4931551 0 0.8424682 -0.5387463 0 0.8190054 -0.573786 0 0.7999305 -0.6000928 0 0.785082 -0.619392 0 0.7740131 -0.6331697 0 0.9052195 0.4249444 0 0.7071068 0.7071068 0 0.7071068 -0.7071068 0 -0.3586641 -0.9334667 0 -0.1809449 -0.9834933 0 -0.5205016 -0.8538607 0 -0.6569151 -0.7539646 0 -0.7646547 -0.6444402 0 -0.8455789 -0.5338506 0 -0.9039975 -0.4275379 0 -0.9446602 -0.3280506 0 -0.9717454 -0.2360315 0 -0.9884903 -0.1512842 0 -0.9973296 -0.0730319 0 -1 0 0 -0.9973296 0.0730319 0 -0.9884903 0.1512842 0 -0.9717454 0.2360315 0 -0.9446602 0.3280506 0 -0.9039975 0.4275379 0 -0.8455789 0.5338506 0 -0.7646547 0.6444402 0 -0.6569151 0.7539646 0 -0.5205016 0.8538607 0 -0.3586641 0.9334667 0 -0.1809449 0.9834933 0 0 1 0 0.1809449 0.9834933 0 0.3586641 0.9334667 0 0.5205016 0.8538607 0 0.6569151 0.7539646 0 0.7646547 0.6444402 0 0.8455789 0.5338506 0 0.9039975 0.4275379 0 0.9446602 0.3280506 0 0.9717454 0.2360315 0 0.9884903 0.1512842 0 0.9973296 0.0730319 0 1 0 0 0.9973296 -0.0730319 0 0.9884903 -0.1512842 0 0.9717454 -0.2360315 0 0.9446602 -0.3280506 0 0.9039975 -0.4275379 0 0.8455789 -0.5338506 0 0.7646547 -0.6444402 0 0.6569151 -0.7539646 0 0.5205016 -0.8538607 0 0.3586641 -0.9334667 0 0.1809449 -0.9834933 0 0 -1 0 0.4300414 -0.9028092 0 0.2195826 -0.9755939 0 0.6087679 -0.7933484 0 0.7442692 -0.6678799 0 0.839063 -0.5440344 0 0.9022272 -0.4312611 0 0.943156 -0.3323507 0 0.9690722 -0.2467772 0 0.984968 -0.1727371 0 0.9941335 -0.1081601 0 0.9986848 -0.05127251 0 0.9986848 0.05127251 0 0.9941335 0.1081601 0 0.984968 0.1727371 0 0.9690722 0.2467772 0 0.943156 0.3323507 0 0.9022272 0.4312611 0 0.839063 0.5440344 0 0.902239 0.4312363 0 0.7442692 0.6678799 0 0.6087679 0.7933484 0 0.4300414 0.9028092 0 0.2195826 0.9755939 0 -0.2195826 0.9755939 0 -0.4300414 0.9028092 0 -0.6087871 0.7933337 0 -0.7442692 0.6678799 0 -0.6087679 0.7933484 0 -0.839063 0.5440344 0 -0.9022272 0.4312611 0 -0.943156 0.3323507 0 -0.9690722 0.2467772 0 -0.984968 0.1727371 0 -0.9941335 0.1081601 0 -0.9986848 0.05127251 0 -0.9986848 -0.05127251 0 -0.9941335 -0.1081601 0 -0.984968 -0.1727371 0 -0.9690722 -0.2467772 0 -0.943156 -0.3323507 0 -0.9022272 -0.4312611 0 -0.839063 -0.5440344 0 -0.902239 -0.4312363 0 -0.7442692 -0.6678799 0 -0.6087679 -0.7933484 0 -0.4300414 -0.9028092 0 -0.2195826 -0.9755939 0</float_array>
          <technique_common>
            <accessor source="#_0-mesh-normals-array" count="319" stride="3">
              <param name="X" type="float"/>
              <param name="Y" type="float"/>
              <param name="Z" type="float"/>
            </accessor>
          </technique_common>
        </source>
        <source id="_0-mesh-map-0">
          <float_array id="_0-mesh-map-0-array" count="4416">0.2315789 0 0.2526316 0 0.2421053 0 0.2210526 0 0.2526316 0 0.2315789 0 0.2210526 0 0.2631579 0 0.2526316 0 0.2105263 0 0.2631579 0 0.2210526 0 0.2105263 0 0.2736842 0 0.2631579 0 0.2 0 0.2736842 0 0.2105263 0 0.2 0 0.2842105 0 0.2736842 0 0.1894736 0 0.2842105 0 0.2 0 0.1894736 0 0.2947368 0 0.2842105 0 0.1789473 0 0.2947368 0 0.1894736 0 0.1789473 0 1 0 0.2947368 0 1 0 0.3052632 0 0.2947368 0 0.1789473 0 0.5052632 0 1 0 0.9894737 0 0.3052632 0 1 0 0.1789473 0 0.5157895 0 0.5052632 0 0.9789474 0 0.3052632 0 0.9894737 0 0.168421 0 0.5157895 0 0.1789473 0 0.9789474 0 0.3157895 0 0.3052632 0 0.168421 0 0.5263158 0 0.5157895 0 0.9684211 0 0.3157895 0 0.9789474 0 0.168421 0 0.5368421 0 0.5263158 0 0.9578948 0 0.3157895 0 0.9684211 0 0.168421 0 0.5473684 0 0.5368421 0 0.9473685 0 0.3157895 0 0.9578948 0 0.1578947 0 0.5473684 0 0.168421 0 0.9473685 0 0.3263158 0 0.3157895 0 0.1578947 0 0.5578948 0 0.5473684 0 0.9368421 0 0.3263158 0 0.9473685 0 0.1578947 0 0.5684211 0 0.5578948 0 0.9263158 0 0.3263158 0 0.9368421 0 0.1473684 0 0.5684211 0 0.1578947 0 0.9263158 0 0.3368421 0 0.3263158 0 0.1473684 0 0.5789474 0 0.5684211 0 0.9157895 0 0.3368421 0 0.9263158 0 0.1368421 0 0.5789474 0 0.1473684 0 0.9157895 0 0.3473684 0 0.3368421 0 0.1368421 0 0.5894737 0 0.5789474 0 0.9052632 0 0.3473684 0 0.9157895 0 0.1368421 0 0.6 0 0.5894737 0 0.8947368 0 0.3473684 0 0.9052632 0 0.1263158 0 0.6 0 0.1368421 0 0.8947368 0 0.3578947 0 0.3473684 0 0.1263158 0 0.6105263 0 0.6 0 0.8842105 0 0.3578947 0 0.8947368 0 0.1157894 0 0.6105263 0 0.1263158 0 0.8842105 0 0.368421 0 0.3578947 0 0.1157894 0 0.6210526 0 0.6105263 0 0.8736842 0 0.368421 0 0.8842105 0 0.1052631 0 0.6210526 0 0.1157894 0 0.1052631 0 0.6315789 0 0.6210526 0 0.8631579 0 0.368421 0 0.8736842 0 0.8631579 0 0.3789474 0 0.368421 0 0.1052631 0 0.6421053 0 0.6315789 0 0.8526316 0 0.3789474 0 0.8631579 0 0.09473681 0 0.6421053 0 0.1052631 0 0.8526316 0 0.3894737 0 0.3789474 0 0.09473681 0 0.6526316 0 0.6421053 0 0.8421053 0 0.3894737 0 0.8526316 0 0.08421051 0 0.6526316 0 0.09473681 0 0.8421053 0 0.4 0 0.3894737 0 0.08421051 0 0.6631579 0 0.6526316 0 0.831579 0 0.4 0 0.8421053 0 0.08421051 0 0.6736842 0 0.6631579 0 0.8210526 0 0.4 0 0.831579 0 0.07368421 0 0.6736842 0 0.08421051 0 0.8210526 0 0.4105263 0 0.4 0 0.07368421 0 0.6842105 0 0.6736842 0 0.8105263 0 0.4105263 0 0.8210526 0 0.06315785 0 0.6842105 0 0.07368421 0 0.8105263 0 0.4210526 0 0.4105263 0 0.06315785 0 0.6947368 0 0.6842105 0 0.8 0 0.4210526 0 0.8105263 0 0.06315785 0 0.7052631 0 0.6947368 0 0.7894737 0 0.4210526 0 0.8 0 0.05263155 0 0.7052631 0 0.06315785 0 0.7894737 0 0.4315789 0 0.4210526 0 0.05263155 0 0.7157895 0 0.7052631 0 0.7789474 0 0.4315789 0 0.7894737 0 0.05263155 0 0.7263158 0 0.7157895 0 0.7684211 0 0.4315789 0 0.7789474 0 0.05263155 0 0.7368421 0 0.7263158 0 0.7578948 0 0.4315789 0 0.7684211 0 0.04210525 0 0.7368421 0 0.05263155 0 0.7578948 0 0.4421052 0 0.4315789 0 0.7473684 0 0.4421052 0 0.7578948 0 0.04210525 0 0.7473684 0 0.7368421 0 0.04210525 0 0.4421052 0 0.7473684 0 0.03157889 0 0.4421052 0 0.04210525 0 0.03157889 0 0.4526316 0 0.4421052 0 0.02105259 0 0.4526316 0 0.03157889 0 0.02105259 0 0.4631579 0 0.4526316 0 0.01052629 0 0.4631579 0 0.02105259 0 0.01052629 0 0.4736842 0 0.4631579 0 0 0 0.4736842 0 0.01052629 0 0 0 0.4842105 0 0.4736842 0 0.4947369 0 0.4842105 0 0 0 0.6931818 0 0.7159091 0 0.7045454 0 0.6818182 0 0.7159091 0 0.6931818 0 0.6704546 0 0.7159091 0 0.6818182 0 0.6704546 0 0.7272728 0 0.7159091 0 0.6590909 0 0.7272728 0 0.6704546 0 0.6590909 0 0.7386364 0 0.7272728 0 0.6477273 0 0.7386364 0 0.6590909 0 0.6363636 0 0.7386364 0 0.6477273 0 0.6363636 0 0.75 0 0.7386364 0 0.625 0 0.75 0 0.6363636 0 0.6136364 0 0.75 0 0.625 0 0.6136364 0 0.7613636 0 0.75 0 0.6022728 0 0.7613636 0 0.6136364 0 0.5909091 0 0.7613636 0 0.6022728 0 0.5909091 0 0.7727273 0 0.7613636 0 0.5795454 0 0.7727273 0 0.5909091 0 0.5681818 0 0.7727273 0 0.5795454 0 0.5681818 0 0.7840909 0 0.7727273 0 0.5568182 0 0.5454546 0 0.5681818 0 0.5454546 0 0.5340909 0 0.5681818 0 0.5340909 0 0.5227273 0 0.5681818 0 0.5227273 0 0.5113636 0 0.5681818 0 0.5113636 0 0.5 0 0.5681818 0 0.5 0 0.4886364 0 0.5681818 0 0.4886364 0 0.4772727 0 0.5681818 0 0.4772727 0 0.4659091 0 0.5681818 0 0.4659091 0 0.4545454 0 0.5681818 0 0.4545454 0 0.4431818 0 0.5681818 0 0.4431818 0 0.4318182 0 0.5681818 0 0.4318182 0 0.7840909 0 0.5681818 0 0.4318182 0 0.4204545 0 0.7840909 0 0.4204545 0 0.7954546 0 0.7840909 0 0.4090909 0 0.7954546 0 0.4204545 0 0.3977273 0 0.7954546 0 0.4090909 0 0.3863636 0 0.7954546 0 0.3977273 0 0.3863636 0 0.8068182 0 0.7954546 0 0.375 0 0.8068182 0 0.3863636 0 0.3636364 0 0.8068182 0 0.375 0 0.3522727 0 0.8068182 0 0.3636364 0 0.3522727 0 0.8181818 0 0.8068182 0 0.3409091 0 0.8181818 0 0.3522727 0 0.3295454 0 0.8181818 0 0.3409091 0 0.3295454 0 0.8295454 0 0.8181818 0 0.3181818 0 0.8295454 0 0.3295454 0 0.3068182 0 0.8295454 0 0.3181818 0 0.3068182 0 0.8409091 0 0.8295454 0 0.2954545 0 0.8409091 0 0.3068182 0 0.2840909 0 0.8409091 0 0.2954545 0 0.2840909 0 0.8522728 0 0.8409091 0 0.2727273 0 0.8522728 0 0.2840909 0 0.2613636 0 0.8522728 0 0.2727273 0 0.2613636 0 0.8636364 0 0.8522728 0 0.25 0 0.8636364 0 0.2613636 0 0.2386363 0 0.8636364 0 0.25 0 0.2386363 0 0.875 0 0.8636364 0 0.2272727 0 0.875 0 0.2386363 0 0.2159091 0 0.875 0 0.2272727 0 0.2159091 0 0.8863636 0 0.875 0 0.2045454 0 0.8863636 0 0.2159091 0 0.1931818 0 0.8863636 0 0.2045454 0 0.1818181 0 0.8863636 0 0.1931818 0 0.1818181 0 0.8977273 0 0.8863636 0 0.1704545 0 0.8977273 0 0.1818181 0 0.1590909 0 0.8977273 0 0.1704545 0 0.1590909 0 0.9090909 0 0.8977273 0 0.1477273 0 0.9090909 0 0.1590909 0 0.1363636 0 0.9090909 0 0.1477273 0 0.1363636 0 0.9204546 0 0.9090909 0 0.125 0 0.9204546 0 0.1363636 0 0.125 0 0.9318182 0 0.9204546 0 0.1136363 0 0.9318182 0 0.125 0 0.1136363 0 0.9431818 0 0.9318182 0 0.1022727 0 0.9431818 0 0.1136363 0 0.09090906 0 0.9431818 0 0.1022727 0 0.09090906 0 0.9545454 0 0.9431818 0 0.07954543 0 0.9545454 0 0.09090906 0 0.07954543 0 0.9659091 0 0.9545454 0 0.06818181 0 0.9659091 0 0.07954543 0 0.06818181 0 0.9772728 0 0.9659091 0 0.05681818 0 0.9772728 0 0.06818181 0 0.0454545 0 0.9772728 0 0.05681818 0 0.0454545 0 0.9886364 0 0.9772728 0 0.0454545 0 1 0 0.9886364 0 0.03409087 0 1 0 0.0454545 0 0.02272725 0 1 0 0.03409087 0 0.01136362 0 1 0 0.02272725 0 0 0 1 0 0.01136362 0 0.2526316 0 0.2315789 0 0.2421053 0 0.2526316 0 0.2210526 0 0.2315789 0 0.2631579 0 0.2210526 0 0.2526316 0 0.2631579 0 0.2105263 0 0.2210526 0 0.2736842 0 0.2105263 0 0.2631579 0 0.2736842 0 0.2 0 0.2105263 0 0.2842105 0 0.2 0 0.2736842 0 0.2842105 0 0.1894736 0 0.2 0 0.2947368 0 0.1894736 0 0.2842105 0 0.2947368 0 0.1789473 0 0.1894736 0 1 0 0.1789473 0 0.2947368 0 0.3052632 0 1 0 0.2947368 0 0.5052632 0 0.1789473 0 1 0 0.3052632 0 0.9894737 0 1 0 0.5157895 0 0.1789473 0 0.5052632 0 0.3052632 0 0.9789474 0 0.9894737 0 0.5157895 0 0.168421 0 0.1789473 0 0.3157895 0 0.9789474 0 0.3052632 0 0.5263158 0 0.168421 0 0.5157895 0 0.3157895 0 0.9684211 0 0.9789474 0 0.5368421 0 0.168421 0 0.5263158 0 0.3157895 0 0.9578948 0 0.9684211 0 0.5473684 0 0.168421 0 0.5368421 0 0.3157895 0 0.9473685 0 0.9578948 0 0.5473684 0 0.1578947 0 0.168421 0 0.3263158 0 0.9473685 0 0.3157895 0 0.5578948 0 0.1578947 0 0.5473684 0 0.3263158 0 0.9368421 0 0.9473685 0 0.5684211 0 0.1578947 0 0.5578948 0 0.3263158 0 0.9263158 0 0.9368421 0 0.5684211 0 0.1473684 0 0.1578947 0 0.3368421 0 0.9263158 0 0.3263158 0 0.5789474 0 0.1473684 0 0.5684211 0 0.3368421 0 0.9157895 0 0.9263158 0 0.5789474 0 0.1368421 0 0.1473684 0 0.3473684 0 0.9157895 0 0.3368421 0 0.5894737 0 0.1368421 0 0.5789474 0 0.3473684 0 0.9052632 0 0.9157895 0 0.6 0 0.1368421 0 0.5894737 0 0.3473684 0 0.8947368 0 0.9052632 0 0.6 0 0.1263158 0 0.1368421 0 0.3578947 0 0.8947368 0 0.3473684 0 0.6105263 0 0.1263158 0 0.6 0 0.3578947 0 0.8842105 0 0.8947368 0 0.6105263 0 0.1157894 0 0.1263158 0 0.368421 0 0.8842105 0 0.3578947 0 0.6210526 0 0.1157894 0 0.6105263 0 0.368421 0 0.8736842 0 0.8842105 0 0.6210526 0 0.1052631 0 0.1157894 0 0.6315789 0 0.1052631 0 0.6210526 0 0.368421 0 0.8631579 0 0.8736842 0 0.3789474 0 0.8631579 0 0.368421 0 0.6421053 0 0.1052631 0 0.6315789 0 0.3789474 0 0.8526316 0 0.8631579 0 0.6421053 0 0.09473681 0 0.1052631 0 0.3894737 0 0.8526316 0 0.3789474 0 0.6526316 0 0.09473681 0 0.6421053 0 0.3894737 0 0.8421053 0 0.8526316 0 0.6526316 0 0.08421051 0 0.09473681 0 0.4 0 0.8421053 0 0.3894737 0 0.6631579 0 0.08421051 0 0.6526316 0 0.4 0 0.831579 0 0.8421053 0 0.6736842 0 0.08421051 0 0.6631579 0 0.4 0 0.8210526 0 0.831579 0 0.6736842 0 0.07368421 0 0.08421051 0 0.4105263 0 0.8210526 0 0.4 0 0.6842105 0 0.07368421 0 0.6736842 0 0.4105263 0 0.8105263 0 0.8210526 0 0.6842105 0 0.06315785 0 0.07368421 0 0.4210526 0 0.8105263 0 0.4105263 0 0.6947368 0 0.06315785 0 0.6842105 0 0.4210526 0 0.8 0 0.8105263 0 0.7052631 0 0.06315785 0 0.6947368 0 0.4210526 0 0.7894737 0 0.8 0 0.7052631 0 0.05263155 0 0.06315785 0 0.4315789 0 0.7894737 0 0.4210526 0 0.7157895 0 0.05263155 0 0.7052631 0 0.4315789 0 0.7789474 0 0.7894737 0 0.7263158 0 0.05263155 0 0.7157895 0 0.4315789 0 0.7684211 0 0.7789474 0 0.7368421 0 0.05263155 0 0.7263158 0 0.4315789 0 0.7578948 0 0.7684211 0 0.7368421 0 0.04210525 0 0.05263155 0 0.4421052 0 0.7578948 0 0.4315789 0 0.4421052 0 0.7473684 0 0.7578948 0 0.7473684 0 0.04210525 0 0.7368421 0 0.4421052 0 0.04210525 0 0.7473684 0 0.4421052 0 0.03157889 0 0.04210525 0 0.4526316 0 0.03157889 0 0.4421052 0 0.4526316 0 0.02105259 0 0.03157889 0 0.4631579 0 0.02105259 0 0.4526316 0 0.4631579 0 0.01052629 0 0.02105259 0 0.4736842 0 0.01052629 0 0.4631579 0 0.4736842 0 0 0 0.01052629 0 0.4842105 0 0 0 0.4736842 0 0.4842105 0 0.4947369 0 0 0 0.7159091 0 0.6931818 0 0.7045454 0 0.7159091 0 0.6818182 0 0.6931818 0 0.7159091 0 0.6704546 0 0.6818182 0 0.7272728 0 0.6704546 0 0.7159091 0 0.7272728 0 0.6590909 0 0.6704546 0 0.7386364 0 0.6590909 0 0.7272728 0 0.7386364 0 0.6477273 0 0.6590909 0 0.7386364 0 0.6363636 0 0.6477273 0 0.75 0 0.6363636 0 0.7386364 0 0.75 0 0.625 0 0.6363636 0 0.75 0 0.6136364 0 0.625 0 0.7613636 0 0.6136364 0 0.75 0 0.7613636 0 0.6022728 0 0.6136364 0 0.7613636 0 0.5909091 0 0.6022728 0 0.7727273 0 0.5909091 0 0.7613636 0 0.7727273 0 0.5795454 0 0.5909091 0 0.7727273 0 0.5681818 0 0.5795454 0 0.7840909 0 0.5681818 0 0.7727273 0 0.5454546 0 0.5568182 0 0.5681818 0 0.5340909 0 0.5454546 0 0.5681818 0 0.5227273 0 0.5340909 0 0.5681818 0 0.5113636 0 0.5227273 0 0.5681818 0 0.5 0 0.5113636 0 0.5681818 0 0.4886364 0 0.5 0 0.5681818 0 0.4772727 0 0.4886364 0 0.5681818 0 0.4659091 0 0.4772727 0 0.5681818 0 0.4545454 0 0.4659091 0 0.5681818 0 0.4431818 0 0.4545454 0 0.5681818 0 0.4318182 0 0.4431818 0 0.5681818 0 0.7840909 0 0.4318182 0 0.5681818 0 0.4204545 0 0.4318182 0 0.7840909 0 0.7954546 0 0.4204545 0 0.7840909 0 0.7954546 0 0.4090909 0 0.4204545 0 0.7954546 0 0.3977273 0 0.4090909 0 0.7954546 0 0.3863636 0 0.3977273 0 0.8068182 0 0.3863636 0 0.7954546 0 0.8068182 0 0.375 0 0.3863636 0 0.8068182 0 0.3636364 0 0.375 0 0.8068182 0 0.3522727 0 0.3636364 0 0.8181818 0 0.3522727 0 0.8068182 0 0.8181818 0 0.3409091 0 0.3522727 0 0.8181818 0 0.3295454 0 0.3409091 0 0.8295454 0 0.3295454 0 0.8181818 0 0.8295454 0 0.3181818 0 0.3295454 0 0.8295454 0 0.3068182 0 0.3181818 0 0.8409091 0 0.3068182 0 0.8295454 0 0.8409091 0 0.2954545 0 0.3068182 0 0.8409091 0 0.2840909 0 0.2954545 0 0.8522728 0 0.2840909 0 0.8409091 0 0.8522728 0 0.2727273 0 0.2840909 0 0.8522728 0 0.2613636 0 0.2727273 0 0.8636364 0 0.2613636 0 0.8522728 0 0.8636364 0 0.25 0 0.2613636 0 0.8636364 0 0.2386363 0 0.25 0 0.875 0 0.2386363 0 0.8636364 0 0.875 0 0.2272727 0 0.2386363 0 0.875 0 0.2159091 0 0.2272727 0 0.8863636 0 0.2159091 0 0.875 0 0.8863636 0 0.2045454 0 0.2159091 0 0.8863636 0 0.1931818 0 0.2045454 0 0.8863636 0 0.1818181 0 0.1931818 0 0.8977273 0 0.1818181 0 0.8863636 0 0.8977273 0 0.1704545 0 0.1818181 0 0.8977273 0 0.1590909 0 0.1704545 0 0.9090909 0 0.1590909 0 0.8977273 0 0.9090909 0 0.1477273 0 0.1590909 0 0.9090909 0 0.1363636 0 0.1477273 0 0.9204546 0 0.1363636 0 0.9090909 0 0.9204546 0 0.125 0 0.1363636 0 0.9318182 0 0.125 0 0.9204546 0 0.9318182 0 0.1136363 0 0.125 0 0.9431818 0 0.1136363 0 0.9318182 0 0.9431818 0 0.1022727 0 0.1136363 0 0.9431818 0 0.09090906 0 0.1022727 0 0.9545454 0 0.09090906 0 0.9431818 0 0.9545454 0 0.07954543 0 0.09090906 0 0.9659091 0 0.07954543 0 0.9545454 0 0.9659091 0 0.06818181 0 0.07954543 0 0.9772728 0 0.06818181 0 0.9659091 0 0.9772728 0 0.05681818 0 0.06818181 0 0.9772728 0 0.0454545 0 0.05681818 0 0.9886364 0 0.0454545 0 0.9772728 0 1 0 0.0454545 0 0.9886364 0 1 0 0.03409087 0 0.0454545 0 1 0 0.02272725 0 0.03409087 0 1 0 0.01136362 0 0.02272725 0 1 0 0 0 0.01136362 0 0.01123595 1 0 0 0 1 0.0224719 1 0.01123595 0 0.01123595 1 0.03370785 1 0.0224719 0 0.0224719 1 0.0449438 1 0.03370785 0 0.03370785 1 0.05617976 1 0.0449438 0 0.0449438 1 0.06741571 1 0.05617976 0 0.05617976 1 0.07865166 1 0.06741571 0 0.06741571 1 0.08988761 1 0.07865166 0 0.07865166 1 0.1011236 1 0.08988761 0 0.08988761 1 0.1123595 1 0.1011236 0 0.1011236 1 0.1235955 1 0.1123595 0 0.1123595 1 0.1348314 1 0.1235955 0 0.1235955 1 0.1460674 1 0.1348314 0 0.1348314 1 0.1573033 1 0.1460674 0 0.1460674 1 0.1685393 1 0.1573033 0 0.1573033 1 0.1797752 1 0.1685393 0 0.1685393 1 0.1910112 1 0.1797752 0 0.1797752 1 0.2022472 1 0.1910112 0 0.1910112 1 0.2134831 1 0.2022472 0 0.2022472 1 0.2247191 1 0.2134831 0 0.2134831 1 0.235955 1 0.2247191 0 0.2247191 1 0.247191 1 0.235955 0 0.235955 1 0.258427 1 0.247191 0 0.247191 1 0.2696629 1 0.258427 0 0.258427 1 0.2808989 1 0.2696629 0 0.2696629 1 0.2921348 1 0.2808989 0 0.2808989 1 0.3033708 1 0.2921348 0 0.2921348 1 0.3146067 1 0.3033708 0 0.3033708 1 0.3258427 1 0.3146067 0 0.3146067 1 0.3370786 1 0.3258427 0 0.3258427 1 0.3483146 1 0.3370786 0 0.3370786 1 0.3595505 1 0.3483146 0 0.3483146 1 0.3707865 1 0.3595505 0 0.3595505 1 0.3820225 1 0.3707865 0 0.3707865 1 0.3932584 1 0.3820225 0 0.3820225 1 0.4044944 1 0.3932584 0 0.3932584 1 0.4157303 1 0.4044944 0 0.4044944 1 0.4269663 1 0.4157303 0 0.4157303 1 0.4382023 1 0.4269663 0 0.4269663 1 0.4494382 1 0.4382023 0 0.4382023 1 0.4606742 1 0.4494382 0 0.4494382 1 0.4719101 1 0.4606742 0 0.4606742 1 0.4831461 1 0.4719101 0 0.4719101 1 0.494382 1 0.4831461 0 0.4831461 1 0.505618 1 0.494382 0 0.494382 1 0.5168539 1 0.505618 0 0.505618 1 0.5280899 1 0.5168539 0 0.5168539 1 0.5393258 1 0.5280899 0 0.5280899 1 0.5505618 1 0.5393258 0 0.5393258 1 0.5617977 1 0.5505618 0 0.5505618 1 0.5730337 1 0.5617977 0 0.5617977 1 0.5842697 1 0.5730337 0 0.5730337 1 0.5955056 1 0.5842697 0 0.5842697 1 0.6067416 1 0.5955056 0 0.5955056 1 0.6179775 1 0.6067416 0 0.6067416 1 0.6292135 1 0.6179775 0 0.6179775 1 0.6404495 1 0.6292135 0 0.6292135 1 0.6516854 1 0.6404495 0 0.6404495 1 0.6629214 1 0.6516854 0 0.6516854 1 0.6741573 1 0.6629214 0 0.6629214 1 0.6853933 1 0.6741573 0 0.6741573 1 0.6966292 1 0.6853933 0 0.6853933 1 0.7078652 1 0.6966292 0 0.6966292 1 0.7191011 1 0.7078652 0 0.7078652 1 0.7303371 1 0.7191011 0 0.7191011 1 0.741573 1 0.7303371 0 0.7303371 1 0.752809 1 0.741573 0 0.741573 1 0.764045 1 0.752809 0 0.752809 1 0.7752809 1 0.764045 0 0.764045 1 0.7865169 1 0.7752809 0 0.7752809 1 0.7977528 1 0.7865169 0 0.7865169 1 0.8089888 1 0.7977528 0 0.7977528 1 0.8202247 1 0.8089888 0 0.8089888 1 0.8314607 1 0.8202247 0 0.8202247 1 0.8426966 1 0.8314607 0 0.8314607 1 0.8539326 1 0.8426966 0 0.8426966 1 0.8651685 1 0.8539326 0 0.8539326 1 0.8764045 1 0.8651685 0 0.8651685 1 0.8876405 1 0.8764045 0 0.8764045 1 0.8988764 1 0.8876405 0 0.8876405 1 0.9101124 1 0.8988764 0 0.8988764 1 0.9213483 1 0.9101124 0 0.9101124 1 0.9325843 1 0.9213483 0 0.9213483 1 0.9438202 1 0.9325843 0 0.9325843 1 0.9550562 1 0.9438202 0 0.9438202 1 0.9662922 1 0.9550562 0 0.9550562 1 0.9775281 1 0.9662922 0 0.9662922 1 0.9887641 1 0.9775281 0 0.9775281 1 1 1 0.9887641 0 0.9887641 1 0.02083331 1 0 0 0 1 0.04166662 1 0.02083331 0 0.02083331 1 0.0625 1 0.04166662 0 0.04166662 1 0.08333331 1 0.0625 0 0.0625 1 0.1041666 1 0.08333331 0 0.08333331 1 0.125 1 0.1041666 0 0.1041666 1 0.1458333 1 0.125 0 0.125 1 0.1666666 1 0.1458333 0 0.1458333 1 0.1875 1 0.1666666 0 0.1666666 1 0.2083333 1 0.1875 0 0.1875 1 0.2291666 1 0.2083333 0 0.2083333 1 0.25 1 0.2291666 0 0.2291666 1 0.2708333 1 0.25 0 0.25 1 0.2916666 1 0.2708333 0 0.2708333 1 0.3125 1 0.2916666 0 0.2916666 1 0.3333333 1 0.3125 0 0.3125 1 0.3541666 1 0.3333333 0 0.3333333 1 0.375 1 0.3541666 0 0.3541666 1 0.3958333 1 0.375 0 0.375 1 0.4166666 1 0.3958333 0 0.3958333 1 0.4375 1 0.4166666 0 0.4166666 1 0.4583333 1 0.4375 0 0.4375 1 0.4791666 1 0.4583333 0 0.4583333 1 0.5 1 0.4791666 0 0.4791666 1 0.5208333 1 0.5 0 0.5 1 0.5416667 1 0.5208333 0 0.5208333 1 0.5625 1 0.5416667 0 0.5416667 1 0.5833333 1 0.5625 0 0.5625 1 0.6041667 1 0.5833333 0 0.5833333 1 0.625 1 0.6041667 0 0.6041667 1 0.6458333 1 0.625 0 0.625 1 0.6666667 1 0.6458333 0 0.6458333 1 0.6875 1 0.6666667 0 0.6666667 1 0.7083333 1 0.6875 0 0.6875 1 0.7291667 1 0.7083333 0 0.7083333 1 0.75 1 0.7291667 0 0.7291667 1 0.7708333 1 0.75 0 0.75 1 0.7916667 1 0.7708333 0 0.7708333 1 0.8125 1 0.7916667 0 0.7916667 1 0.8333333 1 0.8125 0 0.8125 1 0.8541667 1 0.8333333 0 0.8333333 1 0.875 1 0.8541667 0 0.8541667 1 0.8958333 1 0.875 0 0.875 1 0.9166667 1 0.8958333 0 0.8958333 1 0.9375 1 0.9166667 0 0.9166667 1 0.9583333 1 0.9375 0 0.9375 1 0.9791667 1 0.9583333 0 0.9583333 1 1 1 0.9791667 0 0.9791667 1 0.02083331 1 0 0 0 1 0.04166662 1 0.02083331 0 0.02083331 1 0.0625 1 0.04166662 0 0.04166662 1 0.08333331 1 0.0625 0 0.0625 1 0.1041666 1 0.08333331 0 0.08333331 1 0.125 1 0.1041666 0 0.1041666 1 0.1458333 1 0.125 0 0.125 1 0.1666666 1 0.1458333 0 0.1458333 1 0.1875 1 0.1666666 0 0.1666666 1 0.2083333 1 0.1875 0 0.1875 1 0.2291666 1 0.2083333 0 0.2083333 1 0.25 1 0.2291666 0 0.2291666 1 0.2708333 1 0.25 0 0.25 1 0.2916666 1 0.2708333 0 0.2708333 1 0.3125 1 0.2916666 0 0.2916666 1 0.3333333 1 0.3125 0 0.3125 1 0.3541666 1 0.3333333 0 0.3333333 1 0.375 1 0.3541666 0 0.3541666 1 0.3958333 1 0.375 0 0.375 1 0.4166666 1 0.3958333 0 0.3958333 1 0.4375 1 0.4166666 0 0.4166666 1 0.4583333 1 0.4375 0 0.4375 1 0.4791666 1 0.4583333 0 0.4583333 1 0.5 1 0.4791666 0 0.4791666 1 0.5208333 1 0.5 0 0.5 1 0.5416667 1 0.5208333 0 0.5208333 1 0.5625 1 0.5416667 0 0.5416667 1 0.5833333 1 0.5625 0 0.5625 1 0.6041667 1 0.5833333 0 0.5833333 1 0.625 1 0.6041667 0 0.6041667 1 0.6458333 1 0.625 0 0.625 1 0.6666667 1 0.6458333 0 0.6458333 1 0.6875 1 0.6666667 0 0.6666667 1 0.7083333 1 0.6875 0 0.6875 1 0.7291667 1 0.7083333 0 0.7083333 1 0.75 1 0.7291667 0 0.7291667 1 0.7708333 1 0.75 0 0.75 1 0.7916667 1 0.7708333 0 0.7708333 1 0.8125 1 0.7916667 0 0.7916667 1 0.8333333 1 0.8125 0 0.8125 1 0.8541667 1 0.8333333 0 0.8333333 1 0.875 1 0.8541667 0 0.8541667 1 0.8958333 1 0.875 0 0.875 1 0.9166667 1 0.8958333 0 0.8958333 1 0.9375 1 0.9166667 0 0.9166667 1 0.9583333 1 0.9375 0 0.9375 1 0.9791667 1 0.9583333 0 0.9583333 1 1 1 0.9791667 0 0.9791667 1 0.01123595 1 0.01123595 0 0 0 0.0224719 1 0.0224719 0 0.01123595 0 0.03370785 1 0.03370785 0 0.0224719 0 0.0449438 1 0.0449438 0 0.03370785 0 0.05617976 1 0.05617976 0 0.0449438 0 0.06741571 1 0.06741571 0 0.05617976 0 0.07865166 1 0.07865166 0 0.06741571 0 0.08988761 1 0.08988761 0 0.07865166 0 0.1011236 1 0.1011236 0 0.08988761 0 0.1123595 1 0.1123595 0 0.1011236 0 0.1235955 1 0.1235955 0 0.1123595 0 0.1348314 1 0.1348314 0 0.1235955 0 0.1460674 1 0.1460674 0 0.1348314 0 0.1573033 1 0.1573033 0 0.1460674 0 0.1685393 1 0.1685393 0 0.1573033 0 0.1797752 1 0.1797752 0 0.1685393 0 0.1910112 1 0.1910112 0 0.1797752 0 0.2022472 1 0.2022472 0 0.1910112 0 0.2134831 1 0.2134831 0 0.2022472 0 0.2247191 1 0.2247191 0 0.2134831 0 0.235955 1 0.235955 0 0.2247191 0 0.247191 1 0.247191 0 0.235955 0 0.258427 1 0.258427 0 0.247191 0 0.2696629 1 0.2696629 0 0.258427 0 0.2808989 1 0.2808989 0 0.2696629 0 0.2921348 1 0.2921348 0 0.2808989 0 0.3033708 1 0.3033708 0 0.2921348 0 0.3146067 1 0.3146067 0 0.3033708 0 0.3258427 1 0.3258427 0 0.3146067 0 0.3370786 1 0.3370786 0 0.3258427 0 0.3483146 1 0.3483146 0 0.3370786 0 0.3595505 1 0.3595505 0 0.3483146 0 0.3707865 1 0.3707865 0 0.3595505 0 0.3820225 1 0.3820225 0 0.3707865 0 0.3932584 1 0.3932584 0 0.3820225 0 0.4044944 1 0.4044944 0 0.3932584 0 0.4157303 1 0.4157303 0 0.4044944 0 0.4269663 1 0.4269663 0 0.4157303 0 0.4382023 1 0.4382023 0 0.4269663 0 0.4494382 1 0.4494382 0 0.4382023 0 0.4606742 1 0.4606742 0 0.4494382 0 0.4719101 1 0.4719101 0 0.4606742 0 0.4831461 1 0.4831461 0 0.4719101 0 0.494382 1 0.494382 0 0.4831461 0 0.505618 1 0.505618 0 0.494382 0 0.5168539 1 0.5168539 0 0.505618 0 0.5280899 1 0.5280899 0 0.5168539 0 0.5393258 1 0.5393258 0 0.5280899 0 0.5505618 1 0.5505618 0 0.5393258 0 0.5617977 1 0.5617977 0 0.5505618 0 0.5730337 1 0.5730337 0 0.5617977 0 0.5842697 1 0.5842697 0 0.5730337 0 0.5955056 1 0.5955056 0 0.5842697 0 0.6067416 1 0.6067416 0 0.5955056 0 0.6179775 1 0.6179775 0 0.6067416 0 0.6292135 1 0.6292135 0 0.6179775 0 0.6404495 1 0.6404495 0 0.6292135 0 0.6516854 1 0.6516854 0 0.6404495 0 0.6629214 1 0.6629214 0 0.6516854 0 0.6741573 1 0.6741573 0 0.6629214 0 0.6853933 1 0.6853933 0 0.6741573 0 0.6966292 1 0.6966292 0 0.6853933 0 0.7078652 1 0.7078652 0 0.6966292 0 0.7191011 1 0.7191011 0 0.7078652 0 0.7303371 1 0.7303371 0 0.7191011 0 0.741573 1 0.741573 0 0.7303371 0 0.752809 1 0.752809 0 0.741573 0 0.764045 1 0.764045 0 0.752809 0 0.7752809 1 0.7752809 0 0.764045 0 0.7865169 1 0.7865169 0 0.7752809 0 0.7977528 1 0.7977528 0 0.7865169 0 0.8089888 1 0.8089888 0 0.7977528 0 0.8202247 1 0.8202247 0 0.8089888 0 0.8314607 1 0.8314607 0 0.8202247 0 0.8426966 1 0.8426966 0 0.8314607 0 0.8539326 1 0.8539326 0 0.8426966 0 0.8651685 1 0.8651685 0 0.8539326 0 0.8764045 1 0.8764045 0 0.8651685 0 0.8876405 1 0.8876405 0 0.8764045 0 0.8988764 1 0.8988764 0 0.8876405 0 0.9101124 1 0.9101124 0 0.8988764 0 0.9213483 1 0.9213483 0 0.9101124 0 0.9325843 1 0.9325843 0 0.9213483 0 0.9438202 1 0.9438202 0 0.9325843 0 0.9550562 1 0.9550562 0 0.9438202 0 0.9662922 1 0.9662922 0 0.9550562 0 0.9775281 1 0.9775281 0 0.9662922 0 0.9887641 1 0.9887641 0 0.9775281 0 1 1 1 0 0.9887641 0 0.02083331 1 0.02083331 0 0 0 0.04166662 1 0.04166662 0 0.02083331 0 0.0625 1 0.0625 0 0.04166662 0 0.08333331 1 0.08333331 0 0.0625 0 0.1041666 1 0.1041666 0 0.08333331 0 0.125 1 0.125 0 0.1041666 0 0.1458333 1 0.1458333 0 0.125 0 0.1666666 1 0.1666666 0 0.1458333 0 0.1875 1 0.1875 0 0.1666666 0 0.2083333 1 0.2083333 0 0.1875 0 0.2291666 1 0.2291666 0 0.2083333 0 0.25 1 0.25 0 0.2291666 0 0.2708333 1 0.2708333 0 0.25 0 0.2916666 1 0.2916666 0 0.2708333 0 0.3125 1 0.3125 0 0.2916666 0 0.3333333 1 0.3333333 0 0.3125 0 0.3541666 1 0.3541666 0 0.3333333 0 0.375 1 0.375 0 0.3541666 0 0.3958333 1 0.3958333 0 0.375 0 0.4166666 1 0.4166666 0 0.3958333 0 0.4375 1 0.4375 0 0.4166666 0 0.4583333 1 0.4583333 0 0.4375 0 0.4791666 1 0.4791666 0 0.4583333 0 0.5 1 0.5 0 0.4791666 0 0.5208333 1 0.5208333 0 0.5 0 0.5416667 1 0.5416667 0 0.5208333 0 0.5625 1 0.5625 0 0.5416667 0 0.5833333 1 0.5833333 0 0.5625 0 0.6041667 1 0.6041667 0 0.5833333 0 0.625 1 0.625 0 0.6041667 0 0.6458333 1 0.6458333 0 0.625 0 0.6666667 1 0.6666667 0 0.6458333 0 0.6875 1 0.6875 0 0.6666667 0 0.7083333 1 0.7083333 0 0.6875 0 0.7291667 1 0.7291667 0 0.7083333 0 0.75 1 0.75 0 0.7291667 0 0.7708333 1 0.7708333 0 0.75 0 0.7916667 1 0.7916667 0 0.7708333 0 0.8125 1 0.8125 0 0.7916667 0 0.8333333 1 0.8333333 0 0.8125 0 0.8541667 1 0.8541667 0 0.8333333 0 0.875 1 0.875 0 0.8541667 0 0.8958333 1 0.8958333 0 0.875 0 0.9166667 1 0.9166667 0 0.8958333 0 0.9375 1 0.9375 0 0.9166667 0 0.9583333 1 0.9583333 0 0.9375 0 0.9791667 1 0.9791667 0 0.9583333 0 1 1 1 0 0.9791667 0 0.02083331 1 0.02083331 0 0 0 0.04166662 1 0.04166662 0 0.02083331 0 0.0625 1 0.0625 0 0.04166662 0 0.08333331 1 0.08333331 0 0.0625 0 0.1041666 1 0.1041666 0 0.08333331 0 0.125 1 0.125 0 0.1041666 0 0.1458333 1 0.1458333 0 0.125 0 0.1666666 1 0.1666666 0 0.1458333 0 0.1875 1 0.1875 0 0.1666666 0 0.2083333 1 0.2083333 0 0.1875 0 0.2291666 1 0.2291666 0 0.2083333 0 0.25 1 0.25 0 0.2291666 0 0.2708333 1 0.2708333 0 0.25 0 0.2916666 1 0.2916666 0 0.2708333 0 0.3125 1 0.3125 0 0.2916666 0 0.3333333 1 0.3333333 0 0.3125 0 0.3541666 1 0.3541666 0 0.3333333 0 0.375 1 0.375 0 0.3541666 0 0.3958333 1 0.3958333 0 0.375 0 0.4166666 1 0.4166666 0 0.3958333 0 0.4375 1 0.4375 0 0.4166666 0 0.4583333 1 0.4583333 0 0.4375 0 0.4791666 1 0.4791666 0 0.4583333 0 0.5 1 0.5 0 0.4791666 0 0.5208333 1 0.5208333 0 0.5 0 0.5416667 1 0.5416667 0 0.5208333 0 0.5625 1 0.5625 0 0.5416667 0 0.5833333 1 0.5833333 0 0.5625 0 0.6041667 1 0.6041667 0 0.5833333 0 0.625 1 0.625 0 0.6041667 0 0.6458333 1 0.6458333 0 0.625 0 0.6666667 1 0.6666667 0 0.6458333 0 0.6875 1 0.6875 0 0.6666667 0 0.7083333 1 0.7083333 0 0.6875 0 0.7291667 1 0.7291667 0 0.7083333 0 0.75 1 0.75 0 0.7291667 0 0.7708333 1 0.7708333 0 0.75 0 0.7916667 1 0.7916667 0 0.7708333 0 0.8125 1 0.8125 0 0.7916667 0 0.8333333 1 0.8333333 0 0.8125 0 0.8541667 1 0.8541667 0 0.8333333 0 0.875 1 0.875 0 0.8541667 0 0.8958333 1 0.8958333 0 0.875 0 0.9166667 1 0.9166667 0 0.8958333 0 0.9375 1 0.9375 0 0.9166667 0 0.9583333 1 0.9583333 0 0.9375 0 0.9791667 1 0.9791667 0 0.9583333 0 1 1 1 0 0.9791667 0</float_array>
          <technique_common>
            <accessor source="#_0-mesh-map-0-array" count="2208" stride="2">
              <param name="S" type="float"/>
              <param name="T" type="float"/>
            </accessor>
          </technique_common>
        </source>
        <vertices id="_0-mesh-vertices">
          <input semantic="POSITION" source="#_0-mesh-positions"/>
        </vertices>
        <triangles material="siyah-material" count="736">
          <input semantic="VERTEX" source="#_0-mesh-vertices" offset="0"/>
          <input semantic="NORMAL" source="#_0-mesh-normals" offset="1"/>
          <input semantic="TEXCOORD" source="#_0-mesh-map-0" offset="2" set="0"/>
          <p>22 0 0 24 0 1 23 0 2 21 1 3 24 1 4 22 1 5 21 2 6 25 2 7 24 2 8 20 3 9 25 3 10 21 3 11 20 2 12 26 2 13 25 2 14 19 2 15 26 2 16 20 2 17 19 2 18 27 2 19 26 2 20 18 2 21 27 2 22 19 2 23 18 2 24 28 2 25 27 2 26 17 2 27 28 2 28 18 2 29 17 2 30 95 2 31 28 2 32 95 2 33 29 2 34 28 2 35 17 2 36 48 2 37 95 2 38 94 2 39 29 2 40 95 2 41 17 2 42 49 2 43 48 2 44 93 4 45 29 4 46 94 4 47 16 2 48 49 2 49 17 2 50 93 2 51 30 2 52 29 2 53 16 5 54 50 5 55 49 5 56 92 2 57 30 2 58 93 2 59 16 2 60 51 2 61 50 2 62 91 2 63 30 2 64 92 2 65 16 2 66 52 2 67 51 2 68 90 2 69 30 2 70 91 2 71 15 6 72 52 6 73 16 6 74 90 2 75 31 2 76 30 2 77 15 2 78 53 2 79 52 2 80 89 2 81 31 2 82 90 2 83 15 2 84 54 2 85 53 2 86 88 7 87 31 7 88 89 7 89 14 8 90 54 8 91 15 8 92 88 9 93 32 9 94 31 9 95 14 2 96 55 2 97 54 2 98 87 2 99 32 2 100 88 2 101 13 10 102 55 10 103 14 10 104 87 2 105 33 2 106 32 2 107 13 11 108 56 11 109 55 11 110 86 12 111 33 12 112 87 12 113 13 2 114 57 2 115 56 2 116 85 2 117 33 2 118 86 2 119 12 2 120 57 2 121 13 2 122 85 2 123 34 2 124 33 2 125 12 2 126 58 2 127 57 2 128 84 2 129 34 2 130 85 2 131 11 13 132 58 13 133 12 13 134 84 2 135 35 2 136 34 2 137 11 2 138 59 2 139 58 2 140 83 2 141 35 2 142 84 2 143 10 2 144 59 2 145 11 2 146 10 2 147 60 2 148 59 2 149 82 2 150 35 2 151 83 2 152 82 2 153 36 2 154 35 2 155 10 2 156 61 2 157 60 2 158 81 14 159 36 14 160 82 14 161 9 2 162 61 2 163 10 2 164 81 15 165 37 15 166 36 15 167 9 2 168 62 2 169 61 2 170 80 16 171 37 16 172 81 16 173 8 2 174 62 2 175 9 2 176 80 2 177 38 2 178 37 2 179 8 2 180 63 2 181 62 2 182 79 2 183 38 2 184 80 2 185 8 2 186 64 2 187 63 2 188 78 17 189 38 17 190 79 17 191 7 2 192 64 2 193 8 2 194 78 18 195 39 18 196 38 18 197 7 2 198 65 2 199 64 2 200 77 2 201 39 2 202 78 2 203 6 19 204 65 19 205 7 19 206 77 2 207 40 2 208 39 2 209 6 2 210 66 2 211 65 2 212 76 2 213 40 2 214 77 2 215 6 2 216 67 2 217 66 2 218 75 2 219 40 2 220 76 2 221 5 20 222 67 20 223 6 20 224 75 21 225 41 21 226 40 21 227 5 22 228 68 22 229 67 22 230 74 2 231 41 2 232 75 2 233 5 23 234 69 23 235 68 23 236 73 2 237 41 2 238 74 2 239 5 2 240 70 2 241 69 2 242 72 2 243 41 2 244 73 2 245 4 24 246 70 24 247 5 24 248 72 2 249 42 2 250 41 2 251 71 2 252 42 2 253 72 2 254 4 25 255 71 25 256 70 25 257 4 2 258 42 2 259 71 2 260 3 2 261 42 2 262 4 2 263 3 2 264 43 2 265 42 2 266 2 26 267 43 26 268 3 26 269 2 27 270 44 27 271 43 27 272 1 28 273 44 28 274 2 28 275 1 2 276 45 2 277 44 2 278 0 29 279 45 29 280 1 29 281 0 30 282 46 30 283 45 30 284 47 31 285 46 31 286 0 31 287 157 2 288 159 2 289 158 2 290 156 2 291 159 2 292 157 2 293 155 32 294 159 32 295 156 32 296 155 2 297 160 2 298 159 2 299 154 33 300 160 33 301 155 33 302 154 34 303 161 34 304 160 34 305 153 35 306 161 35 307 154 35 308 152 2 309 161 2 310 153 2 311 152 2 312 162 2 313 161 2 314 151 2 315 162 2 316 152 2 317 150 2 318 162 2 319 151 2 320 150 2 321 163 2 322 162 2 323 149 2 324 163 2 325 150 2 326 148 2 327 163 2 328 149 2 329 148 36 330 164 36 331 163 36 332 147 2 333 164 2 334 148 2 335 146 2 336 164 2 337 147 2 338 146 2 339 165 2 340 164 2 341 145 2 342 144 2 343 146 2 344 144 2 345 143 2 346 146 2 347 143 2 348 142 2 349 146 2 350 142 37 351 141 37 352 146 37 353 141 2 354 140 2 355 146 2 356 140 2 357 139 2 358 146 2 359 139 2 360 138 2 361 146 2 362 138 2 363 137 2 364 146 2 365 137 2 366 136 2 367 146 2 368 136 2 369 135 2 370 146 2 371 135 2 372 134 2 373 146 2 374 134 2 375 165 2 376 146 2 377 134 2 378 133 2 379 165 2 380 133 2 381 166 2 382 165 2 383 132 2 384 166 2 385 133 2 386 131 2 387 166 2 388 132 2 389 130 38 390 166 38 391 131 38 392 130 2 393 167 2 394 166 2 395 129 2 396 167 2 397 130 2 398 128 39 399 167 39 400 129 39 401 127 2 402 167 2 403 128 2 404 127 2 405 168 2 406 167 2 407 126 2 408 168 2 409 127 2 410 125 2 411 168 2 412 126 2 413 125 40 414 169 40 415 168 40 416 124 41 417 169 41 418 125 41 419 123 42 420 169 42 421 124 42 422 123 43 423 170 43 424 169 43 425 122 44 426 170 44 427 123 44 428 121 2 429 170 2 430 122 2 431 121 2 432 171 2 433 170 2 434 120 2 435 171 2 436 121 2 437 119 45 438 171 45 439 120 45 440 119 2 441 172 2 442 171 2 443 118 2 444 172 2 445 119 2 446 117 46 447 172 46 448 118 46 449 117 2 450 173 2 451 172 2 452 116 2 453 173 2 454 117 2 455 115 47 456 173 47 457 116 47 458 115 2 459 174 2 460 173 2 461 114 2 462 174 2 463 115 2 464 113 48 465 174 48 466 114 48 467 112 49 468 174 49 469 113 49 470 112 2 471 175 2 472 174 2 473 111 2 474 175 2 475 112 2 476 110 2 477 175 2 478 111 2 479 110 2 480 176 2 481 175 2 482 109 50 483 176 50 484 110 50 485 108 2 486 176 2 487 109 2 488 108 2 489 177 2 490 176 2 491 107 2 492 177 2 493 108 2 494 107 2 495 178 2 496 177 2 497 106 2 498 178 2 499 107 2 500 106 2 501 179 2 502 178 2 503 105 2 504 179 2 505 106 2 506 104 51 507 179 51 508 105 51 509 104 2 510 180 2 511 179 2 512 103 52 513 180 52 514 104 52 515 103 53 516 181 53 517 180 53 518 102 2 519 181 2 520 103 2 521 102 54 522 182 54 523 181 54 524 101 55 525 182 55 526 102 55 527 100 2 528 182 2 529 101 2 530 100 2 531 183 2 532 182 2 533 100 2 534 184 2 535 183 2 536 99 2 537 184 2 538 100 2 539 98 56 540 184 56 541 99 56 542 97 2 543 184 2 544 98 2 545 96 2 546 184 2 547 97 2 548 209 57 549 207 57 550 208 57 551 209 58 552 206 58 553 207 58 554 210 58 555 206 58 556 209 58 557 210 58 558 205 58 559 206 58 560 211 58 561 205 58 562 210 58 563 211 58 564 204 58 565 205 58 566 212 58 567 204 58 568 211 58 569 212 58 570 203 58 571 204 58 572 213 58 573 203 58 574 212 58 575 213 58 576 202 58 577 203 58 578 280 58 579 202 58 580 213 58 581 214 58 582 280 58 583 213 58 584 233 58 585 202 58 586 280 58 587 214 58 588 279 58 589 280 58 590 234 59 591 202 59 592 233 59 593 214 58 594 278 58 595 279 58 596 234 58 597 201 58 598 202 58 599 215 58 600 278 58 601 214 58 602 235 58 603 201 58 604 234 58 605 215 60 606 277 60 607 278 60 608 236 58 609 201 58 610 235 58 611 215 58 612 276 58 613 277 58 614 237 58 615 201 58 616 236 58 617 215 58 618 275 58 619 276 58 620 237 58 621 200 58 622 201 58 623 216 61 624 275 61 625 215 61 626 238 58 627 200 58 628 237 58 629 216 58 630 274 58 631 275 58 632 239 62 633 200 62 634 238 62 635 216 58 636 273 58 637 274 58 638 239 63 639 199 63 640 200 63 641 217 64 642 273 64 643 216 64 644 240 58 645 199 58 646 239 58 647 217 58 648 272 58 649 273 58 650 240 58 651 198 58 652 199 58 653 218 65 654 272 65 655 217 65 656 241 66 657 198 66 658 240 66 659 218 67 660 271 67 661 272 67 662 242 58 663 198 58 664 241 58 665 218 58 666 270 58 667 271 58 668 242 58 669 197 58 670 198 58 671 219 58 672 270 58 673 218 58 674 243 58 675 197 58 676 242 58 677 219 58 678 269 58 679 270 58 680 243 58 681 196 58 682 197 58 683 220 68 684 269 68 685 219 68 686 244 58 687 196 58 688 243 58 689 220 58 690 268 58 691 269 58 692 244 58 693 195 58 694 196 58 695 245 58 696 195 58 697 244 58 698 220 58 699 267 58 700 268 58 701 221 58 702 267 58 703 220 58 704 246 69 705 195 69 706 245 69 707 221 58 708 266 58 709 267 58 710 246 58 711 194 58 712 195 58 713 222 70 714 266 70 715 221 70 716 247 58 717 194 58 718 246 58 719 222 71 720 265 71 721 266 71 722 247 58 723 193 58 724 194 58 725 223 72 726 265 72 727 222 72 728 248 58 729 193 58 730 247 58 731 223 58 732 264 58 733 265 58 734 249 58 735 193 58 736 248 58 737 223 58 738 263 58 739 264 58 740 249 58 741 192 58 742 193 58 743 224 73 744 263 73 745 223 73 746 250 58 747 192 58 748 249 58 749 224 58 750 262 58 751 263 58 752 250 58 753 191 58 754 192 58 755 225 74 756 262 74 757 224 74 758 251 58 759 191 58 760 250 58 761 225 58 762 261 58 763 262 58 764 252 58 765 191 58 766 251 58 767 225 58 768 260 58 769 261 58 770 252 75 771 190 75 772 191 75 773 226 76 774 260 76 775 225 76 776 253 77 777 190 77 778 252 77 779 226 78 780 259 78 781 260 78 782 254 58 783 190 58 784 253 58 785 226 79 786 258 79 787 259 79 788 255 80 789 190 80 790 254 80 791 226 58 792 257 58 793 258 58 794 255 81 795 189 81 796 190 81 797 227 82 798 257 82 799 226 82 800 227 83 801 256 83 802 257 83 803 256 58 804 189 58 805 255 58 806 227 58 807 189 58 808 256 58 809 227 58 810 188 58 811 189 58 812 228 58 813 188 58 814 227 58 815 228 58 816 187 58 817 188 58 818 229 84 819 187 84 820 228 84 821 229 58 822 186 58 823 187 58 824 230 58 825 186 58 826 229 58 827 230 58 828 185 58 829 186 58 830 231 85 831 185 85 832 230 85 833 231 58 834 232 58 835 185 58 836 344 58 837 342 58 838 343 58 839 344 58 840 341 58 841 342 58 842 344 58 843 340 58 844 341 58 845 345 86 846 340 86 847 344 86 848 345 87 849 339 87 850 340 87 851 346 88 852 339 88 853 345 88 854 346 89 855 338 89 856 339 89 857 346 58 858 337 58 859 338 58 860 347 90 861 337 90 862 346 90 863 347 58 864 336 58 865 337 58 866 347 58 867 335 58 868 336 58 869 348 91 870 335 91 871 347 91 872 348 58 873 334 58 874 335 58 875 348 92 876 333 92 877 334 92 878 349 93 879 333 93 880 348 93 881 349 94 882 332 94 883 333 94 884 349 58 885 331 58 886 332 58 887 350 95 888 331 95 889 349 95 890 329 58 891 330 58 892 331 58 893 328 58 894 329 58 895 331 58 896 327 58 897 328 58 898 331 58 899 326 96 900 327 96 901 331 96 902 325 58 903 326 58 904 331 58 905 324 58 906 325 58 907 331 58 908 323 58 909 324 58 910 331 58 911 322 58 912 323 58 913 331 58 914 321 58 915 322 58 916 331 58 917 320 58 918 321 58 919 331 58 920 319 58 921 320 58 922 331 58 923 350 58 924 319 58 925 331 58 926 318 58 927 319 58 928 350 58 929 351 97 930 318 97 931 350 97 932 351 98 933 317 98 934 318 98 935 351 99 936 316 99 937 317 99 938 351 58 939 315 58 940 316 58 941 352 100 942 315 100 943 351 100 944 352 101 945 314 101 946 315 101 947 352 58 948 313 58 949 314 58 950 352 58 951 312 58 952 313 58 953 353 102 954 312 102 955 352 102 956 353 58 957 311 58 958 312 58 959 353 58 960 310 58 961 311 58 962 354 103 963 310 103 964 353 103 965 354 104 966 309 104 967 310 104 968 354 58 969 308 58 970 309 58 971 355 105 972 308 105 973 354 105 974 355 106 975 307 106 976 308 106 977 355 58 978 306 58 979 307 58 980 356 107 981 306 107 982 355 107 983 356 108 984 305 108 985 306 108 986 356 109 987 304 109 988 305 109 989 357 58 990 304 58 991 356 58 992 357 58 993 303 58 994 304 58 995 357 110 996 302 110 997 303 110 998 358 111 999 302 111 1000 357 111 1001 358 58 1002 301 58 1003 302 58 1004 358 112 1005 300 112 1006 301 112 1007 359 113 1008 300 113 1009 358 113 1010 359 114 1011 299 114 1012 300 114 1013 359 115 1014 298 115 1015 299 115 1016 359 116 1017 297 116 1018 298 116 1019 360 58 1020 297 58 1021 359 58 1022 360 117 1023 296 117 1024 297 117 1025 360 58 1026 295 58 1027 296 58 1028 361 118 1029 295 118 1030 360 118 1031 361 119 1032 294 119 1033 295 119 1034 361 58 1035 293 58 1036 294 58 1037 362 58 1038 293 58 1039 361 58 1040 362 58 1041 292 58 1042 293 58 1043 363 58 1044 292 58 1045 362 58 1046 363 120 1047 291 120 1048 292 120 1049 364 121 1050 291 121 1051 363 121 1052 364 58 1053 290 58 1054 291 58 1055 364 58 1056 289 58 1057 290 58 1058 365 122 1059 289 122 1060 364 122 1061 365 123 1062 288 123 1063 289 123 1064 366 124 1065 288 124 1066 365 124 1067 366 125 1068 287 125 1069 288 125 1070 367 126 1071 287 126 1072 366 126 1073 367 127 1074 286 127 1075 287 127 1076 367 58 1077 285 58 1078 286 58 1079 368 58 1080 285 58 1081 367 58 1082 369 128 1083 285 128 1084 368 128 1085 369 58 1086 284 58 1087 285 58 1088 369 129 1089 283 129 1090 284 129 1091 369 58 1092 282 58 1093 283 58 1094 369 58 1095 281 58 1096 282 58 1097 373 130 1098 370 131 1099 371 131 1100 375 132 1101 372 130 1102 373 130 1103 377 133 1104 374 132 1105 375 132 1106 379 134 1107 376 133 1108 377 133 1109 381 135 1110 378 134 1111 379 134 1112 383 136 1113 380 135 1114 381 135 1115 385 137 1116 382 136 1117 383 136 1118 387 138 1119 384 137 1120 385 137 1121 389 139 1122 386 138 1123 387 138 1124 391 140 1125 388 139 1126 389 139 1127 393 141 1128 390 140 1129 391 140 1130 395 142 1131 392 141 1132 393 141 1133 397 143 1134 394 142 1135 395 142 1136 399 144 1137 396 143 1138 397 143 1139 401 145 1140 398 144 1141 399 144 1142 403 146 1143 400 145 1144 401 145 1145 405 147 1146 402 148 1147 403 146 1148 407 149 1149 404 147 1150 405 147 1151 409 150 1152 406 149 1153 407 149 1154 411 151 1155 408 150 1156 409 150 1157 413 152 1158 410 151 1159 411 151 1160 415 153 1161 412 152 1162 413 152 1163 417 154 1164 414 155 1165 415 153 1166 419 156 1167 416 154 1168 417 154 1169 421 157 1170 418 156 1171 419 156 1172 423 158 1173 420 157 1174 421 157 1175 425 159 1176 422 158 1177 423 158 1178 427 160 1179 424 159 1180 425 159 1181 429 161 1182 426 160 1183 427 160 1184 431 162 1185 428 161 1186 429 161 1187 433 163 1188 430 162 1189 431 162 1190 435 164 1191 432 163 1192 433 163 1193 437 165 1194 434 166 1195 435 164 1196 439 167 1197 436 165 1198 437 165 1199 441 168 1200 438 167 1201 439 167 1202 443 169 1203 440 168 1204 441 168 1205 445 170 1206 442 169 1207 443 169 1208 447 171 1209 444 170 1210 445 170 1211 449 172 1212 446 171 1213 447 171 1214 451 173 1215 448 172 1216 449 172 1217 453 174 1218 450 173 1219 451 173 1220 455 175 1221 452 174 1222 453 174 1223 457 176 1224 454 175 1225 455 175 1226 459 177 1227 456 176 1228 457 176 1229 461 178 1230 458 177 1231 459 177 1232 463 179 1233 460 178 1234 461 178 1235 465 180 1236 462 179 1237 463 179 1238 467 181 1239 464 180 1240 465 180 1241 469 182 1242 466 181 1243 467 181 1244 471 183 1245 468 182 1246 469 182 1247 473 184 1248 470 183 1249 471 183 1250 475 185 1251 472 184 1252 473 184 1253 477 186 1254 474 185 1255 475 185 1256 479 187 1257 476 186 1258 477 186 1259 481 188 1260 478 187 1261 479 187 1262 483 189 1263 480 188 1264 481 188 1265 485 190 1266 482 189 1267 483 189 1268 487 191 1269 484 190 1270 485 190 1271 489 192 1272 486 191 1273 487 191 1274 491 193 1275 488 192 1276 489 192 1277 493 194 1278 490 193 1279 491 193 1280 495 195 1281 492 194 1282 493 194 1283 497 196 1284 494 195 1285 495 195 1286 499 197 1287 496 196 1288 497 196 1289 501 198 1290 498 197 1291 499 197 1292 503 199 1293 500 200 1294 501 198 1295 505 201 1296 502 199 1297 503 199 1298 507 202 1299 504 201 1300 505 201 1301 509 203 1302 506 204 1303 507 202 1304 511 205 1305 508 203 1306 509 203 1307 513 206 1308 510 205 1309 511 205 1310 515 207 1311 512 206 1312 513 206 1313 517 208 1314 514 207 1315 515 207 1316 519 209 1317 516 208 1318 517 208 1319 521 210 1320 518 209 1321 519 209 1322 523 211 1323 520 210 1324 521 210 1325 525 212 1326 522 211 1327 523 211 1328 527 213 1329 524 212 1330 525 212 1331 529 214 1332 526 213 1333 527 213 1334 531 215 1335 528 214 1336 529 214 1337 533 216 1338 530 215 1339 531 215 1340 535 217 1341 532 216 1342 533 216 1343 537 218 1344 534 217 1345 535 217 1346 539 219 1347 536 218 1348 537 218 1349 541 220 1350 538 219 1351 539 219 1352 543 221 1353 540 220 1354 541 220 1355 545 222 1356 542 221 1357 543 221 1358 547 223 1359 544 222 1360 545 222 1361 371 131 1362 546 223 1363 547 223 1364 551 224 1365 548 225 1366 549 225 1367 553 226 1368 550 224 1369 551 224 1370 555 227 1371 552 226 1372 553 226 1373 557 228 1374 554 227 1375 555 227 1376 559 229 1377 556 228 1378 557 228 1379 561 230 1380 558 229 1381 559 229 1382 563 231 1383 560 230 1384 561 230 1385 565 232 1386 562 231 1387 563 231 1388 567 233 1389 564 232 1390 565 232 1391 569 234 1392 566 233 1393 567 233 1394 571 235 1395 568 234 1396 569 234 1397 573 236 1398 570 235 1399 571 235 1400 575 237 1401 572 236 1402 573 236 1403 577 238 1404 574 237 1405 575 237 1406 579 239 1407 576 238 1408 577 238 1409 581 240 1410 578 239 1411 579 239 1412 583 241 1413 580 240 1414 581 240 1415 585 242 1416 582 241 1417 583 241 1418 587 243 1419 584 242 1420 585 242 1421 589 244 1422 586 243 1423 587 243 1424 591 245 1425 588 244 1426 589 244 1427 593 246 1428 590 245 1429 591 245 1430 595 247 1431 592 246 1432 593 246 1433 597 248 1434 594 247 1435 595 247 1436 599 249 1437 596 248 1438 597 248 1439 601 250 1440 598 249 1441 599 249 1442 603 251 1443 600 250 1444 601 250 1445 605 252 1446 602 251 1447 603 251 1448 607 253 1449 604 252 1450 605 252 1451 609 254 1452 606 253 1453 607 253 1454 611 255 1455 608 254 1456 609 254 1457 613 256 1458 610 255 1459 611 255 1460 615 257 1461 612 256 1462 613 256 1463 617 258 1464 614 257 1465 615 257 1466 619 259 1467 616 258 1468 617 258 1469 621 260 1470 618 259 1471 619 259 1472 623 261 1473 620 260 1474 621 260 1475 625 262 1476 622 261 1477 623 261 1478 627 263 1479 624 262 1480 625 262 1481 629 264 1482 626 263 1483 627 263 1484 631 265 1485 628 264 1486 629 264 1487 633 266 1488 630 265 1489 631 265 1490 635 267 1491 632 266 1492 633 266 1493 637 268 1494 634 267 1495 635 267 1496 639 269 1497 636 268 1498 637 268 1499 641 270 1500 638 269 1501 639 269 1502 643 271 1503 640 270 1504 641 270 1505 549 225 1506 642 271 1507 643 271 1508 647 272 1509 644 273 1510 645 273 1511 649 274 1512 646 272 1513 647 272 1514 651 275 1515 648 274 1516 649 274 1517 653 276 1518 650 275 1519 651 275 1520 655 277 1521 652 276 1522 653 276 1523 657 278 1524 654 277 1525 655 277 1526 659 279 1527 656 278 1528 657 278 1529 661 280 1530 658 279 1531 659 279 1532 663 281 1533 660 280 1534 661 280 1535 665 282 1536 662 281 1537 663 281 1538 667 259 1539 664 282 1540 665 282 1541 669 283 1542 666 259 1543 667 259 1544 671 284 1545 668 283 1546 669 283 1547 673 285 1548 670 284 1549 671 284 1550 675 286 1551 672 285 1552 673 285 1553 677 287 1554 674 286 1555 675 286 1556 679 288 1557 676 287 1558 677 287 1559 681 289 1560 678 290 1561 679 288 1562 683 291 1563 680 289 1564 681 289 1565 685 292 1566 682 291 1567 683 291 1568 687 293 1569 684 292 1570 685 292 1571 689 294 1572 686 293 1573 687 293 1574 691 247 1575 688 294 1576 689 294 1577 693 295 1578 690 247 1579 691 247 1580 695 296 1581 692 295 1582 693 295 1583 697 297 1584 694 296 1585 695 296 1586 699 298 1587 696 299 1588 697 297 1589 701 300 1590 698 298 1591 699 298 1592 703 301 1593 700 300 1594 701 300 1595 705 302 1596 702 301 1597 703 301 1598 707 303 1599 704 302 1600 705 302 1601 709 304 1602 706 303 1603 707 303 1604 711 305 1605 708 304 1606 709 304 1607 713 306 1608 710 305 1609 711 305 1610 715 235 1611 712 306 1612 713 306 1613 717 307 1614 714 235 1615 715 235 1616 719 308 1617 716 307 1618 717 307 1619 721 309 1620 718 308 1621 719 308 1622 723 310 1623 720 309 1624 721 309 1625 725 311 1626 722 310 1627 723 310 1628 727 312 1629 724 311 1630 725 311 1631 729 313 1632 726 314 1633 727 312 1634 731 315 1635 728 313 1636 729 313 1637 733 316 1638 730 315 1639 731 315 1640 735 317 1641 732 316 1642 733 316 1643 737 318 1644 734 317 1645 735 317 1646 739 271 1647 736 318 1648 737 318 1649 645 273 1650 738 271 1651 739 271 1652 373 130 1653 372 130 1654 370 131 1655 375 132 1656 374 132 1657 372 130 1658 377 133 1659 376 133 1660 374 132 1661 379 134 1662 378 134 1663 376 133 1664 381 135 1665 380 135 1666 378 134 1667 383 136 1668 382 136 1669 380 135 1670 385 137 1671 384 137 1672 382 136 1673 387 138 1674 386 138 1675 384 137 1676 389 139 1677 388 139 1678 386 138 1679 391 140 1680 390 140 1681 388 139 1682 393 141 1683 392 141 1684 390 140 1685 395 142 1686 394 142 1687 392 141 1688 397 143 1689 396 143 1690 394 142 1691 399 144 1692 398 144 1693 396 143 1694 401 145 1695 400 145 1696 398 144 1697 403 146 1698 402 148 1699 400 145 1700 405 147 1701 404 147 1702 402 148 1703 407 149 1704 406 149 1705 404 147 1706 409 150 1707 408 150 1708 406 149 1709 411 151 1710 410 151 1711 408 150 1712 413 152 1713 412 152 1714 410 151 1715 415 153 1716 414 155 1717 412 152 1718 417 154 1719 416 154 1720 414 155 1721 419 156 1722 418 156 1723 416 154 1724 421 157 1725 420 157 1726 418 156 1727 423 158 1728 422 158 1729 420 157 1730 425 159 1731 424 159 1732 422 158 1733 427 160 1734 426 160 1735 424 159 1736 429 161 1737 428 161 1738 426 160 1739 431 162 1740 430 162 1741 428 161 1742 433 163 1743 432 163 1744 430 162 1745 435 164 1746 434 166 1747 432 163 1748 437 165 1749 436 165 1750 434 166 1751 439 167 1752 438 167 1753 436 165 1754 441 168 1755 440 168 1756 438 167 1757 443 169 1758 442 169 1759 440 168 1760 445 170 1761 444 170 1762 442 169 1763 447 171 1764 446 171 1765 444 170 1766 449 172 1767 448 172 1768 446 171 1769 451 173 1770 450 173 1771 448 172 1772 453 174 1773 452 174 1774 450 173 1775 455 175 1776 454 175 1777 452 174 1778 457 176 1779 456 176 1780 454 175 1781 459 177 1782 458 177 1783 456 176 1784 461 178 1785 460 178 1786 458 177 1787 463 179 1788 462 179 1789 460 178 1790 465 180 1791 464 180 1792 462 179 1793 467 181 1794 466 181 1795 464 180 1796 469 182 1797 468 182 1798 466 181 1799 471 183 1800 470 183 1801 468 182 1802 473 184 1803 472 184 1804 470 183 1805 475 185 1806 474 185 1807 472 184 1808 477 186 1809 476 186 1810 474 185 1811 479 187 1812 478 187 1813 476 186 1814 481 188 1815 480 188 1816 478 187 1817 483 189 1818 482 189 1819 480 188 1820 485 190 1821 484 190 1822 482 189 1823 487 191 1824 486 191 1825 484 190 1826 489 192 1827 488 192 1828 486 191 1829 491 193 1830 490 193 1831 488 192 1832 493 194 1833 492 194 1834 490 193 1835 495 195 1836 494 195 1837 492 194 1838 497 196 1839 496 196 1840 494 195 1841 499 197 1842 498 197 1843 496 196 1844 501 198 1845 500 200 1846 498 197 1847 503 199 1848 502 199 1849 500 200 1850 505 201 1851 504 201 1852 502 199 1853 507 202 1854 506 204 1855 504 201 1856 509 203 1857 508 203 1858 506 204 1859 511 205 1860 510 205 1861 508 203 1862 513 206 1863 512 206 1864 510 205 1865 515 207 1866 514 207 1867 512 206 1868 517 208 1869 516 208 1870 514 207 1871 519 209 1872 518 209 1873 516 208 1874 521 210 1875 520 210 1876 518 209 1877 523 211 1878 522 211 1879 520 210 1880 525 212 1881 524 212 1882 522 211 1883 527 213 1884 526 213 1885 524 212 1886 529 214 1887 528 214 1888 526 213 1889 531 215 1890 530 215 1891 528 214 1892 533 216 1893 532 216 1894 530 215 1895 535 217 1896 534 217 1897 532 216 1898 537 218 1899 536 218 1900 534 217 1901 539 219 1902 538 219 1903 536 218 1904 541 220 1905 540 220 1906 538 219 1907 543 221 1908 542 221 1909 540 220 1910 545 222 1911 544 222 1912 542 221 1913 547 223 1914 546 223 1915 544 222 1916 371 131 1917 370 131 1918 546 223 1919 551 224 1920 550 224 1921 548 225 1922 553 226 1923 552 226 1924 550 224 1925 555 227 1926 554 227 1927 552 226 1928 557 228 1929 556 228 1930 554 227 1931 559 229 1932 558 229 1933 556 228 1934 561 230 1935 560 230 1936 558 229 1937 563 231 1938 562 231 1939 560 230 1940 565 232 1941 564 232 1942 562 231 1943 567 233 1944 566 233 1945 564 232 1946 569 234 1947 568 234 1948 566 233 1949 571 235 1950 570 235 1951 568 234 1952 573 236 1953 572 236 1954 570 235 1955 575 237 1956 574 237 1957 572 236 1958 577 238 1959 576 238 1960 574 237 1961 579 239 1962 578 239 1963 576 238 1964 581 240 1965 580 240 1966 578 239 1967 583 241 1968 582 241 1969 580 240 1970 585 242 1971 584 242 1972 582 241 1973 587 243 1974 586 243 1975 584 242 1976 589 244 1977 588 244 1978 586 243 1979 591 245 1980 590 245 1981 588 244 1982 593 246 1983 592 246 1984 590 245 1985 595 247 1986 594 247 1987 592 246 1988 597 248 1989 596 248 1990 594 247 1991 599 249 1992 598 249 1993 596 248 1994 601 250 1995 600 250 1996 598 249 1997 603 251 1998 602 251 1999 600 250 2000 605 252 2001 604 252 2002 602 251 2003 607 253 2004 606 253 2005 604 252 2006 609 254 2007 608 254 2008 606 253 2009 611 255 2010 610 255 2011 608 254 2012 613 256 2013 612 256 2014 610 255 2015 615 257 2016 614 257 2017 612 256 2018 617 258 2019 616 258 2020 614 257 2021 619 259 2022 618 259 2023 616 258 2024 621 260 2025 620 260 2026 618 259 2027 623 261 2028 622 261 2029 620 260 2030 625 262 2031 624 262 2032 622 261 2033 627 263 2034 626 263 2035 624 262 2036 629 264 2037 628 264 2038 626 263 2039 631 265 2040 630 265 2041 628 264 2042 633 266 2043 632 266 2044 630 265 2045 635 267 2046 634 267 2047 632 266 2048 637 268 2049 636 268 2050 634 267 2051 639 269 2052 638 269 2053 636 268 2054 641 270 2055 640 270 2056 638 269 2057 643 271 2058 642 271 2059 640 270 2060 549 225 2061 548 225 2062 642 271 2063 647 272 2064 646 272 2065 644 273 2066 649 274 2067 648 274 2068 646 272 2069 651 275 2070 650 275 2071 648 274 2072 653 276 2073 652 276 2074 650 275 2075 655 277 2076 654 277 2077 652 276 2078 657 278 2079 656 278 2080 654 277 2081 659 279 2082 658 279 2083 656 278 2084 661 280 2085 660 280 2086 658 279 2087 663 281 2088 662 281 2089 660 280 2090 665 282 2091 664 282 2092 662 281 2093 667 259 2094 666 259 2095 664 282 2096 669 283 2097 668 283 2098 666 259 2099 671 284 2100 670 284 2101 668 283 2102 673 285 2103 672 285 2104 670 284 2105 675 286 2106 674 286 2107 672 285 2108 677 287 2109 676 287 2110 674 286 2111 679 288 2112 678 290 2113 676 287 2114 681 289 2115 680 289 2116 678 290 2117 683 291 2118 682 291 2119 680 289 2120 685 292 2121 684 292 2122 682 291 2123 687 293 2124 686 293 2125 684 292 2126 689 294 2127 688 294 2128 686 293 2129 691 247 2130 690 247 2131 688 294 2132 693 295 2133 692 295 2134 690 247 2135 695 296 2136 694 296 2137 692 295 2138 697 297 2139 696 299 2140 694 296 2141 699 298 2142 698 298 2143 696 299 2144 701 300 2145 700 300 2146 698 298 2147 703 301 2148 702 301 2149 700 300 2150 705 302 2151 704 302 2152 702 301 2153 707 303 2154 706 303 2155 704 302 2156 709 304 2157 708 304 2158 706 303 2159 711 305 2160 710 305 2161 708 304 2162 713 306 2163 712 306 2164 710 305 2165 715 235 2166 714 235 2167 712 306 2168 717 307 2169 716 307 2170 714 235 2171 719 308 2172 718 308 2173 716 307 2174 721 309 2175 720 309 2176 718 308 2177 723 310 2178 722 310 2179 720 309 2180 725 311 2181 724 311 2182 722 310 2183 727 312 2184 726 314 2185 724 311 2186 729 313 2187 728 313 2188 726 314 2189 731 315 2190 730 315 2191 728 313 2192 733 316 2193 732 316 2194 730 315 2195 735 317 2196 734 317 2197 732 316 2198 737 318 2199 736 318 2200 734 317 2201 739 271 2202 738 271 2203 736 318 2204 645 273 2205 644 273 2206 738 271 2207</p>
        </triangles>
      </mesh>
    </geometry>
    <geometry id="Örüntü_015-mesh" name="Örüntü.015">
      <mesh>
        <source id="Örüntü_015-mesh-positions">
          <float_array id="Örüntü_015-mesh-positions-array" count="1170">5 0 0 4.854709 1.196578 0 4.42728 2.323616 0 3.742554 3.315613 0 2.840323 4.114919 0 1.773024 4.675081 0 0.6026834 4.963544 0 -0.6026833 4.963544 0 -1.773024 4.675081 0 -2.840323 4.11492 0 -3.742554 3.315613 0 -4.42728 2.323615 0 -4.85471 1.196577 0 -5 -1.62921e-6 0 -4.854709 -1.19658 0 -4.427279 -2.323618 0 -3.742552 -3.315616 0 -2.840321 -4.114922 0 -1.773021 -4.675083 0 -0.6026788 -4.963545 0 0.6026884 -4.963544 0 1.77303 -4.675079 0 2.840329 -4.114916 0 3.742558 -3.315608 0 4.427283 -2.32361 0 4.854711 -1.196571 0 5 0 34.89522 4.854709 1.196578 34.89522 4.42728 2.323616 34.89522 3.742554 3.315613 34.89522 2.840323 4.114919 34.89522 1.773024 4.675081 34.89522 0.6026834 4.963544 34.89522 -0.6026833 4.963544 34.89522 -1.773024 4.675081 34.89522 -2.840323 4.11492 34.89522 -3.742554 3.315613 34.89522 -4.42728 2.323615 34.89522 -4.85471 1.196577 34.89522 -5 -1.62921e-6 34.89522 -4.854709 -1.19658 34.89522 -4.427279 -2.323618 34.89522 -3.742552 -3.315616 34.89522 -2.840321 -4.114922 34.89522 -1.773021 -4.675083 34.89522 -0.6026788 -4.963545 34.89522 0.6026884 -4.963544 34.89522 1.77303 -4.675079 34.89522 2.840329 -4.114916 34.89522 3.742558 -3.315608 34.89522 4.427283 -2.32361 34.89522 4.854711 -1.196571 34.89522 5 0 83.33334 4.854709 1.196578 83.33334 4.42728 2.323616 83.33334 3.742554 3.315613 83.33334 2.840323 4.114919 83.33334 1.773024 4.675081 83.33334 0.6026834 4.963544 83.33334 -0.6026833 4.963544 83.33334 -1.773024 4.675081 83.33334 -2.840323 4.11492 83.33334 -3.742554 3.315613 83.33334 -4.42728 2.323615 83.33334 -4.85471 1.196577 83.33334 -5 -1.62921e-6 83.33334 -4.854709 -1.19658 83.33334 -4.427279 -2.323618 83.33334 -3.742552 -3.315616 83.33334 -2.840321 -4.114922 83.33334 -1.773021 -4.675083 83.33334 -0.6026788 -4.963545 83.33334 0.6026884 -4.963544 83.33334 1.77303 -4.675079 83.33334 2.840329 -4.114916 83.33334 3.742558 -3.315608 83.33334 4.427283 -2.32361 83.33334 4.854711 -1.196571 83.33334 5 0 125 4.854709 1.196578 125 4.42728 2.323616 125 3.742554 3.315613 125 2.840323 4.114919 125 1.773024 4.675081 125 0.6026834 4.963544 125 -0.6026833 4.963544 125 -1.773024 4.675081 125 -2.840323 4.11492 125 -3.742554 3.315613 125 -4.42728 2.323615 125 -4.85471 1.196577 125 -5 -1.62921e-6 125 -4.854709 -1.19658 125 -4.427279 -2.323618 125 -3.742552 -3.315616 125 -2.840321 -4.114922 125 -1.773021 -4.675083 125 -0.6026788 -4.963545 125 0.6026884 -4.963544 125 1.77303 -4.675079 125 2.840329 -4.114916 125 3.742558 -3.315608 125 4.427283 -2.32361 125 4.854711 -1.196571 125 5 0 166.6667 4.854709 1.196578 166.6667 4.42728 2.323616 166.6667 3.742554 3.315613 166.6667 2.840323 4.114919 166.6667 1.773024 4.675081 166.6667 0.6026834 4.963544 166.6667 -0.6026833 4.963544 166.6667 -1.773024 4.675081 166.6667 -2.840323 4.11492 166.6667 -3.742554 3.315613 166.6667 -4.42728 2.323615 166.6667 -4.85471 1.196577 166.6667 -5 -1.62921e-6 166.6667 -4.854709 -1.19658 166.6667 -4.427279 -2.323618 166.6667 -3.742552 -3.315616 166.6667 -2.840321 -4.114922 166.6667 -1.773021 -4.675083 166.6667 -0.6026788 -4.963545 166.6667 0.6026884 -4.963544 166.6667 1.77303 -4.675079 166.6667 2.840329 -4.114916 166.6667 3.742558 -3.315608 166.6667 4.427283 -2.32361 166.6667 4.854711 -1.196571 166.6667 5 0 208.3333 4.854709 1.196578 208.3333 4.42728 2.323616 208.3333 3.742554 3.315613 208.3333 2.840323 4.114919 208.3333 1.773024 4.675081 208.3333 0.6026834 4.963544 208.3333 -0.6026833 4.963544 208.3333 -1.773024 4.675081 208.3333 -2.840323 4.11492 208.3333 -3.742554 3.315613 208.3333 -4.42728 2.323615 208.3333 -4.85471 1.196577 208.3333 -5 -1.62921e-6 208.3333 -4.854709 -1.19658 208.3333 -4.427279 -2.323618 208.3333 -3.742552 -3.315616 208.3333 -2.840321 -4.114922 208.3333 -1.773021 -4.675083 208.3333 -0.6026788 -4.963545 208.3333 0.6026884 -4.963544 208.3333 1.77303 -4.675079 208.3333 2.840329 -4.114916 208.3333 3.742558 -3.315608 208.3333 4.427283 -2.32361 208.3333 4.854711 -1.196571 208.3333 5 0 250 4.854709 1.196578 250 4.42728 2.323616 250 3.742554 3.315613 250 2.840323 4.114919 250 1.773024 4.675081 250 0.6026834 4.963544 250 -0.6026833 4.963544 250 -1.773024 4.675081 250 -2.840323 4.11492 250 -3.742554 3.315613 250 -4.42728 2.323615 250 -4.85471 1.196577 250 -5 -1.62921e-6 250 -4.854709 -1.19658 250 -4.427279 -2.323618 250 -3.742552 -3.315616 250 -2.840321 -4.114922 250 -1.773021 -4.675083 250 -0.6026788 -4.963545 250 0.6026884 -4.963544 250 1.77303 -4.675079 250 2.840329 -4.114916 250 3.742558 -3.315608 250 4.427283 -2.32361 250 4.854711 -1.196571 250 9.029385 -5.20837e-5 0 8.766983 2.160923 0 7.995117 4.196161 0 6.758586 5.987586 0 5.129319 7.431008 0 3.201809 8.442629 0 1.088371 8.963545 0 -1.088371 8.963544 0 -3.201861 8.442616 0 -5.129271 7.431034 0 -6.758587 5.987585 0 -7.995099 4.196211 0 -8.767009 2.160816 0 -9.029379 -3.24641e-6 0 -8.767002 -2.160875 0 -7.995116 -4.196166 0 -6.758584 -5.98759 0 -5.129266 -7.431037 0 -3.201907 -8.442605 0 -1.088309 -8.963545 0 1.08838 -8.963544 0 3.201871 -8.442612 0 5.129281 -7.431026 0 6.758595 -5.987577 0 7.995124 -4.196151 0 8.767004 -2.16086 0 8.511731 2.098005 34.89522 8.766468 -4.86852e-5 34.89522 8.511738 -2.097943 34.89522 7.762332 -4.073973 34.89522 6.561806 -5.813238 34.89522 4.979933 -7.214659 34.89522 3.108643 -8.196792 34.89522 1.05669 -8.702555 34.89522 -1.056625 -8.702569 34.89522 -3.108672 -8.196774 34.89522 -4.979919 -7.214669 34.89522 -6.561796 -5.81325 34.89522 -7.762324 -4.073987 34.89522 -8.511734 -2.097958 34.89522 -8.766473 -3.1409e-6 34.89522 -8.511754 2.097905 34.89522 -7.762297 4.074024 34.89522 -6.561799 5.813246 34.89522 -4.979923 7.214666 34.89522 -3.108633 8.196795 34.89522 -1.056681 8.702556 34.89522 1.056681 8.702555 34.89522 3.10859 8.19682 34.89522 4.979961 7.214632 34.89522 6.561798 5.813247 34.89522 7.762326 4.073983 34.89522 9.029384 -5.20143e-5 7.569026 8.766983 2.160923 7.569026 7.995118 4.196161 7.569026 6.758585 5.987586 7.569026 5.129319 7.431007 7.569026 3.20181 8.44263 7.569026 1.088371 8.963546 7.569026 -1.088371 8.963544 7.569026 -3.201861 8.442616 7.569026 -5.129271 7.431034 7.569026 -6.758586 5.987585 7.569026 -7.995098 4.19621 7.569026 -8.76701 2.160816 7.569026 -9.02938 -3.17716e-6 7.569026 -8.767002 -2.160875 7.569026 -7.995116 -4.196166 7.569026 -6.758584 -5.98759 7.569026 -5.129265 -7.431036 7.569026 -3.201907 -8.442605 7.569026 -1.088309 -8.963546 7.569026 1.08838 -8.963545 7.569026 3.201871 -8.442612 7.569026 5.129281 -7.431026 7.569026 6.758595 -5.987577 7.569026 7.995124 -4.196151 7.569026 8.767004 -2.16086 7.569026 8.766994 2.160925 34.09764 9.029375 -5.2153e-5 34.09764 8.767005 -2.16086 34.09764 7.995124 -4.196151 34.09764 6.758594 -5.987576 34.09764 5.129281 -7.431026 34.09764 3.201871 -8.442613 34.09764 1.08838 -8.963543 34.09764 -1.088311 -8.963559 34.09764 -3.201903 -8.442594 34.09764 -5.129267 -7.431037 34.09764 -6.758584 -5.987589 34.09764 -7.995116 -4.196166 34.09764 -8.767002 -2.160875 34.09764 -9.029378 -3.31566e-6 34.09764 -8.767022 2.160819 34.09764 -7.995088 4.196206 34.09764 -6.758587 5.987586 34.09764 -5.129271 7.431034 34.09764 -3.201861 8.442616 34.09764 -1.088371 8.963545 34.09764 1.088371 8.963543 34.09764 3.201814 8.442642 34.09764 5.129312 7.430997 34.09764 6.758586 5.987586 34.09764 7.995117 4.196162 34.09764 12.05142 -9.12043e-5 3.80768e-7 11.70121 2.884113 -3.92484e-7 10.671 5.600571 -1.68576e-7 9.020617 7.991558 2.68752e-7 6.846032 9.918095 2.64833e-7 4.273389 11.26829 -3.89779e-7 1.452676 11.96354 -3.83727e-7 -1.452638 11.96354 0 -4.273453 11.26828 0 -6.846012 9.918092 0 -9.020606 7.99157 2.68752e-7 -10.67098 5.600621 2.57052e-7 -11.70123 2.884027 -3.69703e-7 -12.05141 -4.76255e-6 -3.80767e-7 -11.70122 -2.884097 0 -10.67102 -5.600542 0 -9.020579 -7.991597 0 -6.846017 -9.9181 2.64834e-7 -4.273573 -11.26825 0 -1.452564 -11.96354 -3.77991e-7 1.45269 -11.96354 -3.77991e-7 4.27354 -11.26824 0 6.845963 -9.918137 0 9.020647 -7.991521 0 10.671 -5.600556 0 11.70122 -2.884085 3.69702e-7 8.788381 2.166197 7.569026 9.051424 -5.1721e-5 7.569026 8.788395 -2.166133 7.569026 8.014636 -4.206391 7.569026 6.775092 -6.002192 7.569026 5.141794 -7.449156 7.569026 3.209685 -8.463214 7.569026 1.091036 -8.98542 7.569026 -1.090965 -8.98542 7.569026 -3.209721 -8.463211 7.569026 -5.141781 -7.449169 7.569026 -6.77508 -6.002204 7.569026 -8.014622 -4.206403 7.569026 -8.788393 -2.166148 7.569026 -9.051416 -3.19274e-6 7.569026 -8.788403 2.166089 7.569026 -8.014612 4.206451 7.569026 -6.775078 6.002195 7.569026 -5.14179 7.449172 7.569026 -3.209673 8.463213 7.569026 -1.091027 8.985419 7.569026 1.091027 8.985415 7.569026 3.209621 8.463227 7.569026 5.141837 7.449143 7.569026 6.775077 6.002196 7.569026 8.014629 4.206401 7.569026 11.7012 2.88416 4.569026 12.05142 -4.32664e-5 4.569027 11.70122 -2.884085 4.569027 10.67101 -5.600556 4.569026 9.02065 -7.991525 4.569026 6.84596 -9.918132 4.569026 4.273518 -11.26825 4.569026 1.452666 -11.96354 4.569026 -1.452564 -11.96355 4.569026 -4.27355 -11.26825 4.569026 -6.845995 -9.91811 4.569027 -9.020583 -7.991601 4.569026 -10.67101 -5.600539 4.569026 -11.70122 -2.884097 4.569026 -12.05141 -5.09554e-6 4.569026 -11.70123 2.884028 4.569026 -10.67098 5.600622 4.569027 -9.020606 7.99157 4.569027 -6.846015 9.918097 4.569026 -4.273451 11.26828 4.569026 -1.452638 11.96354 4.569026 1.452628 11.96354 4.569026 4.273436 11.26827 4.569026 6.846032 9.918094 4.569027 9.020616 7.991558 4.569027 10.67099 5.600571 4.569026 8.766996 2.160926 34.63232 9.029374 -5.21064e-5 34.63232 8.767004 -2.16086 34.63232 7.995124 -4.196151 34.63232 6.758594 -5.987576 34.63232 5.129281 -7.431026 34.63232 3.201871 -8.442613 34.63232 1.08838 -8.963544 34.63232 -1.088311 -8.96356 34.63232 -3.201903 -8.442594 34.63232 -5.129266 -7.431037 34.63232 -6.758584 -5.987589 34.63232 -7.995116 -4.196166 34.63232 -8.767002 -2.160875 34.63232 -9.029379 -3.26924e-6 34.63232 -8.767023 2.160819 34.63232 -7.995087 4.196205 34.63232 -6.758587 5.987585 34.63232 -5.129271 7.431034 34.63232 -3.201861 8.442616 34.63232 -1.088371 8.963545 34.63232 1.088371 8.963544 34.63232 3.201814 8.442643 34.63232 5.129312 7.430997 34.63232 6.758586 5.987586 34.63232 7.995118 4.196162 34.63232</float_array>
          <technique_common>
            <accessor source="#Örüntü_015-mesh-positions-array" count="390" stride="3">
              <param name="X" type="float"/>
              <param name="Y" type="float"/>
              <param name="Z" type="float"/>
            </accessor>
          </technique_common>
        </source>
        <source id="Örüntü_015-mesh-normals">
          <float_array id="Örüntü_015-mesh-normals-array" count="825">0 0 -1 0.6777729 0 0.7352713 0.6580861 0.1621791 0.7352692 0.970945 0.2393028 0 1 0 0 0.6001374 0.3149623 0.7352782 0.8854585 0.4647185 0 0.5073194 0.4494552 0.7352668 0.7485129 0.6631203 0 0.3850026 0.5578037 0.7352742 0.5680589 0.822988 0 0.240339 0.6337319 0.7352694 0.3546027 0.9350171 0 0.08166998 0.6728314 0.7352742 0.1205182 0.9927111 0 -0.08166998 0.6728314 0.7352742 -0.1205182 0.9927111 0 -0.240339 0.6337319 0.7352694 -0.3546027 0.9350171 0 -0.3850026 0.5578037 0.7352742 -0.5680589 0.822988 0 -0.5073194 0.4494552 0.7352668 -0.7485129 0.6631203 0 -0.6001374 0.3149623 0.7352782 -0.8854585 0.4647185 0 -0.6580861 0.1621791 0.7352692 -0.970945 0.2393028 0 -0.6777729 0 0.7352713 -1 0 0 -0.6580861 -0.1621791 0.7352692 -0.970945 -0.2393028 0 -0.6001374 -0.3149623 0.7352782 -0.8854585 -0.4647185 0 -0.5073264 -0.4494308 0.7352768 -0.7485129 -0.6631203 0 -0.3850286 -0.5577971 0.7352655 -0.5680589 -0.822988 0 -0.240339 -0.6337319 0.7352694 -0.3546027 -0.9350171 0 -0.08166998 -0.6728314 0.7352742 -0.1205182 -0.9927111 0 0.08166998 -0.6728314 0.7352742 0.1205182 -0.9927111 0 0.240339 -0.6337319 0.7352694 0.3546027 -0.9350171 0 0.3850026 -0.5578037 0.7352742 0.5680589 -0.822988 0 0.5073194 -0.4494552 0.7352668 0.7485129 -0.6631203 0 0.6001569 -0.3149565 0.7352647 0.8854585 -0.4647185 0 0.6580861 -0.1621791 0.7352692 0.970945 -0.2393028 0 -0.5073194 -0.4494552 0.7352668 -0.3850026 -0.5578037 0.7352742 0.08170032 -0.6728298 0.7352724 0.6001374 -0.3149623 0.7352782 0.7110479 0.175244 0.6809555 0.7322781 0 0.6810058 0.6484171 0.3403229 0.6809815 0.5481587 0.4856244 0.6809486 0.41601 0.6026973 0.680949 0.2596909 0.6847368 0.6809524 0.08826148 0.7269974 0.680944 -0.08826148 0.7269974 0.680944 -0.259657 0.684728 0.6809741 -0.4160353 0.6026897 0.6809405 -0.5481046 0.4856306 0.6809877 -0.6484483 0.3403232 0.6809516 -0.7110479 0.175244 0.6809555 -0.7323368 0 0.6809427 -0.7110479 -0.175244 0.6809555 -0.6484483 -0.3403232 0.6809516 -0.5481587 -0.4856244 0.6809486 -0.41601 -0.6026973 0.680949 -0.2596909 -0.6847368 0.6809524 -0.08826148 -0.7269974 0.680944 0.08826148 -0.7269974 0.680944 0.2596909 -0.6847368 0.6809524 0.41601 -0.6026973 0.680949 0.5481587 -0.4856244 0.6809486 0.6484659 -0.3403164 0.6809381 0.7110479 -0.175244 0.6809555 5.94829e-7 0 1 -4.82735e-7 0 1 -1.69284e-6 0 1 6.26271e-7 0 1 0 0 1 3.38566e-6 0 1 -1.93103e-6 0 1 6.77133e-6 0 1 -1.93103e-6 0 1 -3.86215e-6 0 1 -1.69283e-6 0 1 8.46416e-7 0 1 -9.65515e-7 0 1 1.40216e-6 0 1 -4.82758e-7 0 1 8.46414e-7 0 1 -1.76528e-6 0 1 -3.38567e-6 0 1 2.41367e-6 0 1 9.65539e-7 0 1 -1.93108e-6 0 1 9.65537e-7 0 1 0.7323368 0 -0.6809427 0.7110479 0.175244 -0.6809555 0.9010006 0.2220608 0.3726752 0.9279644 0 0.372669 0.6484483 0.3403232 -0.6809516 0.8216739 0.4312392 0.3726724 0.5481587 0.4856244 -0.6809486 0.6945867 0.6153588 0.3726701 0.41601 0.6026973 -0.680949 0.5271269 0.7637113 0.3726694 0.2596909 0.6847368 -0.6809524 0.3290585 0.867662 0.3726705 0.08826148 0.7269974 -0.680944 0.1118535 0.9211972 0.3726722 -0.08826148 0.7269974 -0.680944 -0.1118535 0.9211972 0.3726722 -0.2596909 0.6847368 -0.6809524 -0.3290585 0.867662 0.3726705 -0.41601 0.6026973 -0.680949 -0.5271269 0.7637113 0.3726694 -0.5481587 0.4856244 -0.6809486 -0.6945867 0.6153588 0.3726701 -0.6484483 0.3403232 -0.6809516 -0.8216739 0.4312392 0.3726724 -0.7110479 0.175244 -0.6809555 -0.9010064 0.2220547 0.3726651 -0.7323368 0 -0.6809427 -0.9279644 0 0.372669 -0.7110479 -0.175244 -0.6809555 -0.9010006 -0.2220608 0.3726752 -0.6484483 -0.3403232 -0.6809516 -0.8216739 -0.4312392 0.3726724 -0.5481587 -0.4856244 -0.6809486 -0.6945867 -0.6153588 0.3726701 -0.41601 -0.6026973 -0.680949 -0.5271269 -0.7637113 0.3726694 -0.2596909 -0.6847368 -0.6809524 -0.3290585 -0.867662 0.3726705 -0.08826148 -0.7269974 -0.680944 -0.1118234 -0.9212003 0.3726735 0.08826148 -0.7269974 -0.680944 0.1118535 -0.9211972 0.3726722 0.2596909 -0.6847368 -0.6809524 0.3290585 -0.867662 0.3726705 0.41601 -0.6026973 -0.680949 0.5271269 -0.7637113 0.3726694 0.5481587 -0.4856244 -0.6809486 0.6945867 -0.6153588 0.3726701 0.6484483 -0.3403232 -0.6809516 0.8216739 -0.4312392 0.3726724 0.7110479 -0.175244 -0.6809555 0.9010006 -0.2220608 0.3726752 -0.1118535 -0.9211972 0.3726722 -0.9010006 0.2220608 0.3726752 0.5271391 0.7636986 0.3726781 -1.29874e-7 0 -1 1.25994e-7 -2.528e-7 -1 0 0 -1 -1.40905e-7 0 -1 0 0 -1 0 0 -1 0 0 -1 0 0 -1 0 0 -1 2.2781e-7 0 -1 0 -1.24192e-7 -1 0 -1.25407e-7 -1 -1.32078e-7 0 -1 0 0 -1 0 0 -1 0 0 -1 0 0 -1 0 0 -1 0 2.22798e-7 -1 1.25997e-7 0 -1 1.23254e-7 0 -1 1.25997e-7 0 -1 0 0 -1 0 0 -1 0 0 -1 0 1.22336e-7 -1 -1.22537e-7 0 -1 0 1.25997e-7 -1 0 1.25997e-7 -1 0 1.38135e-7 -1 0 0 -1 0 0 -1 1.25997e-7 0 -1 1.23254e-7 0 -1 -1.31289e-5 0 1 2.41903e-5 0 1 4.58568e-5 0 1 1.30979e-5 0 1 1.65855e-5 0 1 -5.77651e-6 0 1 -2.72202e-5 0 1 2.34136e-5 0 1 -1.25213e-6 0 1 -1.27974e-5 0 1 6.88545e-6 0 1 1.24907e-6 0 1 -1.00144e-5 0 1 3.12238e-6 0 1 -5.00661e-6 0 1 2.49741e-6 0 1 -1.87785e-6 0 1 4.9948e-6 0 1 -9.69981e-6 0 1 -1.81091e-5 0 1 3.69385e-5 0 1 -3.02783e-5 0 1 5.79039e-6 0 1 -3.68485e-5 0 1 4.95321e-6 0 1 3.41893e-5 0 1 3.86538e-5 0 1 -4.94127e-6 0 1 6.25816e-7 0 1 1.40491e-6 0 1 1.2207e-5 0 1 -6.24324e-7 0 1 2.7535e-5 0 1 -1.21771e-5 0 1 -1.31476e-5 0 1 1.24856e-5 0 1 3.12276e-6 0 1 1.00175e-5 0 1 -6.87062e-6 0 1 -6.88393e-6 0 1 9.99332e-6 0 1 1.22069e-5 0 1 -3.309e-5 0 1 2.34716e-5 0 1 -1.21767e-5 0 1 1.58023e-5 0 1 -2.34159e-5 0 1 0.3954084 0.09744817 0.9133214 0.4072482 0 0.9133176 0.3954084 -0.09744817 0.9133214 0.360587 -0.1892509 0.9133242 0.3048002 -0.2700383 0.9133325 0.231338 -0.335135 0.9133276 0.1443883 -0.3807627 0.91333 0.0490753 -0.4042611 0.9133262 -0.0490753 -0.4042611 0.9133262 -0.1443883 -0.3807627 0.91333 -0.231338 -0.335135 0.9133276 -0.3048279 -0.2700358 0.9133241 -0.360587 -0.1892509 0.9133242 -0.3953827 -0.09744936 0.9133325 -0.4072482 0 0.9133176 -0.3953827 0.09744936 0.9133325 -0.360587 0.1892509 0.9133242 -0.3048279 0.2700358 0.9133241 -0.2313092 0.3351374 0.9133341 -0.1443883 0.3807627 0.91333 -0.0490753 0.4042611 0.9133262 0.0490753 0.4042611 0.9133262 0.1443883 0.3807627 0.91333 0.2313092 0.3351374 0.9133341 0.3048279 0.2700358 0.9133241 0.360587 0.1892509 0.9133242 0.4072228 0 0.913329 -0.3048002 -0.2700383 0.9133325 -0.3954084 -0.09744817 0.9133214 -0.4072114 0 0.913334 -0.3954084 0.09744817 0.9133214 -0.3048002 0.2700383 0.9133325 -0.231338 0.335135 0.9133276 0.231338 0.335135 0.9133276</float_array>
          <technique_common>
            <accessor source="#Örüntü_015-mesh-normals-array" count="275" stride="3">
              <param name="X" type="float"/>
              <param name="Y" type="float"/>
              <param name="Z" type="float"/>
            </accessor>
          </technique_common>
        </source>
        <source id="Örüntü_015-mesh-map-0">
          <float_array id="Örüntü_015-mesh-map-0-array" count="4656">0.6730771 0 0.6346154 0 0.5961539 0 0.5961539 0 0.5576923 0 0.5192307 0 0.5192307 0 0.4807692 0 0.4423076 0 0.5961539 0 0.5192307 0 0.4423076 0 0.4423076 0 0.4038461 0 0.3653845 0 0.3653845 0 0.326923 0 0.2884615 0 0.4423076 0 0.3653845 0 0.2884615 0 0.5961539 0 0.4423076 0 0.2884615 0 0.2884615 0 0.25 0 0.2115384 0 0.2115384 0 0.1730769 0 0.1346154 0 0.2884615 0 0.2115384 0 0.1346154 0 0.1346154 0 0.09615391 0 0.05769234 0 0.05769234 0 0.0192309 0 -0.01923066 0 0.1346154 0 0.05769234 0 -0.01923066 0 0.2884615 0 0.1346154 0 -0.01923066 0 0.5961539 0 0.2884615 0 -0.01923066 0 -0.01923066 0 -0.05769217 0 -0.09615373 0 -0.09615373 0 -0.1346153 0 -0.1730768 0 -0.01923066 0 -0.09615373 0 -0.1730768 0 0.5961539 0 -0.01923066 0 -0.1730768 0 -0.1730768 0 -0.2115384 0 -0.25 0 0.5961539 0 -0.1730768 0 -0.25 0 0.6730771 0 0.5961539 0 -0.25 0 -0.2884613 0 0.6730771 0 -0.25 0 0.7499991 0.02945142 0.7884625 0.02945142 0.7884625 0.1326756 0.7884625 0.1326756 0.7499991 0.1326756 0.7499991 0.02945142 0.7884625 0.02945142 0.8269231 0.02945142 0.8269231 0.1326756 0.8269231 0.1326756 0.7884625 0.1326756 0.7884625 0.02945142 0.8269231 0.02945142 0.8653846 0.02945142 0.8653847 0.1326756 0.8653847 0.1326756 0.8269231 0.1326756 0.8269231 0.02945142 0.8653846 0.02945142 0.9038453 0.02945142 0.9038453 0.1326756 0.9038453 0.1326756 0.8653847 0.1326756 0.8653846 0.02945142 0.9038453 0.02945142 0.9423087 0.02945142 0.9423087 0.1326756 0.9423087 0.1326756 0.9038453 0.1326756 0.9038453 0.02945142 0.9423087 0.02945142 0.9807693 0.02945142 0.9807693 0.1326756 0.9807693 0.1326756 0.9423087 0.1326756 0.9423087 0.02945142 0.9807693 0.02945142 1.019231 0.02945142 1.019231 0.1326756 1.019231 0.1326756 0.9807693 0.1326756 0.9807693 0.02945142 0.01923084 0.02945142 0.05769228 0.02945142 0.05769228 0.1326756 0.05769228 0.1326756 0.01923084 0.1326756 0.01923084 0.02945142 0.05769228 0.02945142 0.09615385 0.02945142 0.09615385 0.1326756 0.09615385 0.1326756 0.05769228 0.1326756 0.05769228 0.02945142 0.09615385 0.02945142 0.1346154 0.02945142 0.1346154 0.1326756 0.1346154 0.1326756 0.09615385 0.1326756 0.09615385 0.02945142 0.1346154 0.02945142 0.173076 0.02945142 0.173076 0.1326756 0.173076 0.1326756 0.1346154 0.1326756 0.1346154 0.02945142 0.173076 0.02945142 0.2115394 0.02945142 0.2115394 0.1326756 0.2115394 0.1326756 0.173076 0.1326756 0.173076 0.02945142 0.2115394 0.02945142 0.25 0.02945142 0.25 0.1326756 0.25 0.1326756 0.2115394 0.1326756 0.2115394 0.02945142 0.25 0.02945142 0.2884615 0.02945142 0.2884615 0.1326756 0.2884615 0.1326756 0.25 0.1326756 0.25 0.02945142 0.2884615 0.02945142 0.3269231 0.02945142 0.3269231 0.1326756 0.3269231 0.1326756 0.2884615 0.1326756 0.2884615 0.02945142 0.3269231 0.02945142 0.3653846 0.02945142 0.3653846 0.1326756 0.3653846 0.1326756 0.3269231 0.1326756 0.3269231 0.02945142 0.3653846 0.02945142 0.4038462 0.02945142 0.4038462 0.1326756 0.4038462 0.1326756 0.3653846 0.1326756 0.3653846 0.02945142 0.4038462 0.02945142 0.4423068 0.02945142 0.4423068 0.1326756 0.4423068 0.1326756 0.4038462 0.1326756 0.4038462 0.02945142 0.4423068 0.02945142 0.4807702 0.02945142 0.4807702 0.1326756 0.4807702 0.1326756 0.4423068 0.1326756 0.4423068 0.02945142 0.4807702 0.02945142 0.5192308 0.02945142 0.5192308 0.1326756 0.5192308 0.1326756 0.4807702 0.1326756 0.4807702 0.02945142 0.5192308 0.02945142 0.5576924 0.02945142 0.5576924 0.1326756 0.5576924 0.1326756 0.5192308 0.1326756 0.5192308 0.02945142 0.5576924 0.02945142 0.5961539 0.02945142 0.5961539 0.1326756 0.5961539 0.1326756 0.5576924 0.1326756 0.5576924 0.02945142 0.5961539 0.02945142 0.6346155 0.02945142 0.6346155 0.1326756 0.6346155 0.1326756 0.5961539 0.1326756 0.5961539 0.02945142 0.6346155 0.02945142 0.6730771 0.02945142 0.6730771 0.1326756 0.6730771 0.1326756 0.6346155 0.1326756 0.6346155 0.02945142 0.6730771 0.02945142 0.7115386 0.02945142 0.7115386 0.1326756 0.7115386 0.1326756 0.6730771 0.1326756 0.6730771 0.02945142 0.7115386 0.02945142 0.7499991 0.02945142 0.7499991 0.1326756 0.7499991 0.1326756 0.7115386 0.1326756 0.7115386 0.02945142 0.75 0.135779 0.7884616 0.135779 0.7884616 0.3242542 0.7884616 0.3242542 0.75 0.3242542 0.75 0.135779 0.7884616 0.135779 0.8269231 0.135779 0.8269231 0.3242542 0.8269231 0.3242542 0.7884616 0.3242542 0.7884616 0.135779 0.8269231 0.135779 0.8653847 0.135779 0.8653847 0.3242542 0.8653847 0.3242542 0.8269231 0.3242542 0.8269231 0.135779 0.8653847 0.135779 0.9038463 0.135779 0.9038463 0.3242542 0.9038463 0.3242542 0.8653847 0.3242542 0.8653847 0.135779 0.9038463 0.135779 0.9423078 0.135779 0.9423078 0.3242542 0.9423078 0.3242542 0.9038463 0.3242542 0.9038463 0.135779 0.9423078 0.135779 0.9807693 0.135779 0.9807693 0.3242542 0.9807693 0.3242542 0.9423078 0.3242542 0.9423078 0.135779 0.9807693 0.135779 1.019231 0.135779 1.019231 0.3242542 1.019231 0.3242542 0.9807693 0.3242542 0.9807693 0.135779 0.0192309 0.135779 0.05769234 0.135779 0.05769234 0.3242542 0.05769234 0.3242542 0.0192309 0.3242542 0.0192309 0.135779 0.05769234 0.135779 0.09615391 0.135779 0.09615391 0.3242542 0.09615391 0.3242542 0.05769234 0.3242542 0.05769234 0.135779 0.09615391 0.135779 0.1346154 0.135779 0.1346154 0.3242542 0.1346154 0.3242542 0.09615391 0.3242542 0.09615391 0.135779 0.1346154 0.135779 0.1730769 0.135779 0.1730769 0.3242542 0.1730769 0.3242542 0.1346154 0.3242542 0.1346154 0.135779 0.1730769 0.135779 0.2115384 0.135779 0.2115384 0.3242542 0.2115384 0.3242542 0.1730769 0.3242542 0.1730769 0.135779 0.2115384 0.135779 0.25 0.135779 0.25 0.3242542 0.25 0.3242542 0.2115384 0.3242542 0.2115384 0.135779 0.25 0.135779 0.2884615 0.135779 0.2884615 0.3242542 0.2884615 0.3242542 0.25 0.3242542 0.25 0.135779 0.2884615 0.135779 0.326923 0.135779 0.326923 0.3242542 0.326923 0.3242542 0.2884615 0.3242542 0.2884615 0.135779 0.326923 0.135779 0.3653845 0.135779 0.3653845 0.3242542 0.3653845 0.3242542 0.326923 0.3242542 0.326923 0.135779 0.3653845 0.135779 0.4038461 0.135779 0.4038461 0.3242542 0.4038461 0.3242542 0.3653845 0.3242542 0.3653845 0.135779 0.4038461 0.135779 0.4423076 0.135779 0.4423076 0.3242542 0.4423076 0.3242542 0.4038461 0.3242542 0.4038461 0.135779 0.4423076 0.135779 0.4807692 0.135779 0.4807692 0.3242542 0.4807692 0.3242542 0.4423076 0.3242542 0.4423076 0.135779 0.4807692 0.135779 0.5192307 0.135779 0.5192307 0.3242542 0.5192307 0.3242542 0.4807692 0.3242542 0.4807692 0.135779 0.5192307 0.135779 0.5576923 0.135779 0.5576923 0.3242542 0.5576923 0.3242542 0.5192307 0.3242542 0.5192307 0.135779 0.5576923 0.135779 0.5961539 0.135779 0.5961539 0.3242542 0.5961539 0.3242542 0.5576923 0.3242542 0.5576923 0.135779 0.5961539 0.135779 0.6346154 0.135779 0.6346154 0.3242542 0.6346154 0.3242542 0.5961539 0.3242542 0.5961539 0.135779 0.6346154 0.135779 0.6730771 0.135779 0.6730771 0.3242542 0.6730771 0.3242542 0.6346154 0.3242542 0.6346154 0.135779 0.6730771 0.135779 0.7115387 0.135779 0.7115387 0.3242542 0.7115387 0.3242542 0.6730771 0.3242542 0.6730771 0.135779 0.7115387 0.135779 0.75 0.135779 0.75 0.3242542 0.75 0.3242542 0.7115387 0.3242542 0.7115387 0.135779 0.75 0.3242542 0.7884616 0.3242542 0.7884616 0.4863813 0.7884616 0.4863813 0.75 0.4863813 0.75 0.3242542 0.7884616 0.3242542 0.8269231 0.3242542 0.8269231 0.4863813 0.8269231 0.4863813 0.7884616 0.4863813 0.7884616 0.3242542 0.8269231 0.3242542 0.8653847 0.3242542 0.8653847 0.4863813 0.8653847 0.4863813 0.8269231 0.4863813 0.8269231 0.3242542 0.8653847 0.3242542 0.9038463 0.3242542 0.9038463 0.4863813 0.9038463 0.4863813 0.8653847 0.4863813 0.8653847 0.3242542 0.9038463 0.3242542 0.9423078 0.3242542 0.9423078 0.4863813 0.9423078 0.4863813 0.9038463 0.4863813 0.9038463 0.3242542 0.9423078 0.3242542 0.9807693 0.3242542 0.9807693 0.4863813 0.9807693 0.4863813 0.9423078 0.4863813 0.9423078 0.3242542 0.9807693 0.3242542 1.019231 0.3242542 1.019231 0.4863813 1.019231 0.4863813 0.9807693 0.4863813 0.9807693 0.3242542 0.0192309 0.3242542 0.05769234 0.3242542 0.05769234 0.4863813 0.05769234 0.4863813 0.0192309 0.4863813 0.0192309 0.3242542 0.05769234 0.3242542 0.09615391 0.3242542 0.09615391 0.4863813 0.09615391 0.4863813 0.05769234 0.4863813 0.05769234 0.3242542 0.09615391 0.3242542 0.1346154 0.3242542 0.1346154 0.4863813 0.1346154 0.4863813 0.09615391 0.4863813 0.09615391 0.3242542 0.1346154 0.3242542 0.1730769 0.3242542 0.1730769 0.4863813 0.1730769 0.4863813 0.1346154 0.4863813 0.1346154 0.3242542 0.1730769 0.3242542 0.2115384 0.3242542 0.2115384 0.4863813 0.2115384 0.4863813 0.1730769 0.4863813 0.1730769 0.3242542 0.2115384 0.3242542 0.25 0.3242542 0.25 0.4863813 0.25 0.4863813 0.2115384 0.4863813 0.2115384 0.3242542 0.25 0.3242542 0.2884615 0.3242542 0.2884615 0.4863813 0.2884615 0.4863813 0.25 0.4863813 0.25 0.3242542 0.2884615 0.3242542 0.326923 0.3242542 0.326923 0.4863813 0.326923 0.4863813 0.2884615 0.4863813 0.2884615 0.3242542 0.326923 0.3242542 0.3653845 0.3242542 0.3653845 0.4863813 0.3653845 0.4863813 0.326923 0.4863813 0.326923 0.3242542 0.3653845 0.3242542 0.4038461 0.3242542 0.4038461 0.4863813 0.4038461 0.4863813 0.3653845 0.4863813 0.3653845 0.3242542 0.4038461 0.3242542 0.4423076 0.3242542 0.4423076 0.4863813 0.4423076 0.4863813 0.4038461 0.4863813 0.4038461 0.3242542 0.4423076 0.3242542 0.4807692 0.3242542 0.4807692 0.4863813 0.4807692 0.4863813 0.4423076 0.4863813 0.4423076 0.3242542 0.4807692 0.3242542 0.5192307 0.3242542 0.5192307 0.4863813 0.5192307 0.4863813 0.4807692 0.4863813 0.4807692 0.3242542 0.5192307 0.3242542 0.5576923 0.3242542 0.5576923 0.4863813 0.5576923 0.4863813 0.5192307 0.4863813 0.5192307 0.3242542 0.5576923 0.3242542 0.5961539 0.3242542 0.5961539 0.4863813 0.5961539 0.4863813 0.5576923 0.4863813 0.5576923 0.3242542 0.5961539 0.3242542 0.6346154 0.3242542 0.6346154 0.4863813 0.6346154 0.4863813 0.5961539 0.4863813 0.5961539 0.3242542 0.6346154 0.3242542 0.6730771 0.3242542 0.6730771 0.4863813 0.6730771 0.4863813 0.6346154 0.4863813 0.6346154 0.3242542 0.6730771 0.3242542 0.7115387 0.3242542 0.7115387 0.4863813 0.7115387 0.4863813 0.6730771 0.4863813 0.6730771 0.3242542 0.7115387 0.3242542 0.75 0.3242542 0.75 0.4863813 0.75 0.4863813 0.7115387 0.4863813 0.7115387 0.3242542 0.75 0.4863813 0.7884616 0.4863813 0.7884616 0.6485084 0.7884616 0.6485084 0.75 0.6485084 0.75 0.4863813 0.7884616 0.4863813 0.8269231 0.4863813 0.8269231 0.6485084 0.8269231 0.6485084 0.7884616 0.6485084 0.7884616 0.4863813 0.8269231 0.4863813 0.8653847 0.4863813 0.8653847 0.6485084 0.8653847 0.6485084 0.8269231 0.6485084 0.8269231 0.4863813 0.8653847 0.4863813 0.9038463 0.4863813 0.9038463 0.6485084 0.9038463 0.6485084 0.8653847 0.6485084 0.8653847 0.4863813 0.9038463 0.4863813 0.9423078 0.4863813 0.9423078 0.6485084 0.9423078 0.6485084 0.9038463 0.6485084 0.9038463 0.4863813 0.9423078 0.4863813 0.9807693 0.4863813 0.9807693 0.6485084 0.9807693 0.6485084 0.9423078 0.6485084 0.9423078 0.4863813 0.9807693 0.4863813 1.019231 0.4863813 1.019231 0.6485084 1.019231 0.6485084 0.9807693 0.6485084 0.9807693 0.4863813 0.0192309 0.4863813 0.05769234 0.4863813 0.05769234 0.6485084 0.05769234 0.6485084 0.0192309 0.6485084 0.0192309 0.4863813 0.05769234 0.4863813 0.09615391 0.4863813 0.09615391 0.6485084 0.09615391 0.6485084 0.05769234 0.6485084 0.05769234 0.4863813 0.09615391 0.4863813 0.1346154 0.4863813 0.1346154 0.6485084 0.1346154 0.6485084 0.09615391 0.6485084 0.09615391 0.4863813 0.1346154 0.4863813 0.1730769 0.4863813 0.1730769 0.6485084 0.1730769 0.6485084 0.1346154 0.6485084 0.1346154 0.4863813 0.1730769 0.4863813 0.2115384 0.4863813 0.2115384 0.6485084 0.2115384 0.6485084 0.1730769 0.6485084 0.1730769 0.4863813 0.2115384 0.4863813 0.25 0.4863813 0.25 0.6485084 0.25 0.6485084 0.2115384 0.6485084 0.2115384 0.4863813 0.25 0.4863813 0.2884615 0.4863813 0.2884615 0.6485084 0.2884615 0.6485084 0.25 0.6485084 0.25 0.4863813 0.2884615 0.4863813 0.326923 0.4863813 0.326923 0.6485084 0.326923 0.6485084 0.2884615 0.6485084 0.2884615 0.4863813 0.326923 0.4863813 0.3653845 0.4863813 0.3653845 0.6485084 0.3653845 0.6485084 0.326923 0.6485084 0.326923 0.4863813 0.3653845 0.4863813 0.4038461 0.4863813 0.4038461 0.6485084 0.4038461 0.6485084 0.3653845 0.6485084 0.3653845 0.4863813 0.4038461 0.4863813 0.4423076 0.4863813 0.4423076 0.6485084 0.4423076 0.6485084 0.4038461 0.6485084 0.4038461 0.4863813 0.4423076 0.4863813 0.4807692 0.4863813 0.4807692 0.6485084 0.4807692 0.6485084 0.4423076 0.6485084 0.4423076 0.4863813 0.4807692 0.4863813 0.5192307 0.4863813 0.5192307 0.6485084 0.5192307 0.6485084 0.4807692 0.6485084 0.4807692 0.4863813 0.5192307 0.4863813 0.5576923 0.4863813 0.5576923 0.6485084 0.5576923 0.6485084 0.5192307 0.6485084 0.5192307 0.4863813 0.5576923 0.4863813 0.5961539 0.4863813 0.5961539 0.6485084 0.5961539 0.6485084 0.5576923 0.6485084 0.5576923 0.4863813 0.5961539 0.4863813 0.6346154 0.4863813 0.6346154 0.6485084 0.6346154 0.6485084 0.5961539 0.6485084 0.5961539 0.4863813 0.6346154 0.4863813 0.6730771 0.4863813 0.6730771 0.6485084 0.6730771 0.6485084 0.6346154 0.6485084 0.6346154 0.4863813 0.6730771 0.4863813 0.7115387 0.4863813 0.7115387 0.6485084 0.7115387 0.6485084 0.6730771 0.6485084 0.6730771 0.4863813 0.7115387 0.4863813 0.75 0.4863813 0.75 0.6485084 0.75 0.6485084 0.7115387 0.6485084 0.7115387 0.4863813 0.75 0.6485084 0.7884616 0.6485084 0.7884616 0.8106356 0.7884616 0.8106356 0.75 0.8106356 0.75 0.6485084 0.7884616 0.6485084 0.8269231 0.6485084 0.8269231 0.8106356 0.8269231 0.8106356 0.7884616 0.8106356 0.7884616 0.6485084 0.8269231 0.6485084 0.8653847 0.6485084 0.8653847 0.8106356 0.8653847 0.8106356 0.8269231 0.8106356 0.8269231 0.6485084 0.8653847 0.6485084 0.9038463 0.6485084 0.9038463 0.8106356 0.9038463 0.8106356 0.8653847 0.8106356 0.8653847 0.6485084 0.9038463 0.6485084 0.9423078 0.6485084 0.9423078 0.8106356 0.9423078 0.8106356 0.9038463 0.8106356 0.9038463 0.6485084 0.9423078 0.6485084 0.9807693 0.6485084 0.9807693 0.8106356 0.9807693 0.8106356 0.9423078 0.8106356 0.9423078 0.6485084 0.9807693 0.6485084 1.019231 0.6485084 1.019231 0.8106356 1.019231 0.8106356 0.9807693 0.8106356 0.9807693 0.6485084 0.0192309 0.6485084 0.05769234 0.6485084 0.05769234 0.8106356 0.05769234 0.8106356 0.0192309 0.8106356 0.0192309 0.6485084 0.05769234 0.6485084 0.09615391 0.6485084 0.09615391 0.8106356 0.09615391 0.8106356 0.05769234 0.8106356 0.05769234 0.6485084 0.09615391 0.6485084 0.1346154 0.6485084 0.1346154 0.8106356 0.1346154 0.8106356 0.09615391 0.8106356 0.09615391 0.6485084 0.1346154 0.6485084 0.1730769 0.6485084 0.1730769 0.8106356 0.1730769 0.8106356 0.1346154 0.8106356 0.1346154 0.6485084 0.1730769 0.6485084 0.2115384 0.6485084 0.2115384 0.8106356 0.2115384 0.8106356 0.1730769 0.8106356 0.1730769 0.6485084 0.2115384 0.6485084 0.25 0.6485084 0.25 0.8106356 0.25 0.8106356 0.2115384 0.8106356 0.2115384 0.6485084 0.25 0.6485084 0.2884615 0.6485084 0.2884615 0.8106356 0.2884615 0.8106356 0.25 0.8106356 0.25 0.6485084 0.2884615 0.6485084 0.326923 0.6485084 0.326923 0.8106356 0.326923 0.8106356 0.2884615 0.8106356 0.2884615 0.6485084 0.326923 0.6485084 0.3653845 0.6485084 0.3653845 0.8106356 0.3653845 0.8106356 0.326923 0.8106356 0.326923 0.6485084 0.3653845 0.6485084 0.4038461 0.6485084 0.4038461 0.8106356 0.4038461 0.8106356 0.3653845 0.8106356 0.3653845 0.6485084 0.4038461 0.6485084 0.4423076 0.6485084 0.4423076 0.8106356 0.4423076 0.8106356 0.4038461 0.8106356 0.4038461 0.6485084 0.4423076 0.6485084 0.4807692 0.6485084 0.4807692 0.8106356 0.4807692 0.8106356 0.4423076 0.8106356 0.4423076 0.6485084 0.4807692 0.6485084 0.5192307 0.6485084 0.5192307 0.8106356 0.5192307 0.8106356 0.4807692 0.8106356 0.4807692 0.6485084 0.5192307 0.6485084 0.5576923 0.6485084 0.5576923 0.8106356 0.5576923 0.8106356 0.5192307 0.8106356 0.5192307 0.6485084 0.5576923 0.6485084 0.5961539 0.6485084 0.5961539 0.8106356 0.5961539 0.8106356 0.5576923 0.8106356 0.5576923 0.6485084 0.5961539 0.6485084 0.6346154 0.6485084 0.6346154 0.8106356 0.6346154 0.8106356 0.5961539 0.8106356 0.5961539 0.6485084 0.6346154 0.6485084 0.6730771 0.6485084 0.6730771 0.8106356 0.6730771 0.8106356 0.6346154 0.8106356 0.6346154 0.6485084 0.6730771 0.6485084 0.7115387 0.6485084 0.7115387 0.8106356 0.7115387 0.8106356 0.6730771 0.8106356 0.6730771 0.6485084 0.7115387 0.6485084 0.75 0.6485084 0.75 0.8106356 0.75 0.8106356 0.7115387 0.8106356 0.7115387 0.6485084 0.75 0.8106356 0.7884616 0.8106356 0.7884616 0.9727626 0.7884616 0.9727626 0.75 0.9727626 0.75 0.8106356 0.7884616 0.8106356 0.8269231 0.8106356 0.8269231 0.9727626 0.8269231 0.9727626 0.7884616 0.9727626 0.7884616 0.8106356 0.8269231 0.8106356 0.8653847 0.8106356 0.8653847 0.9727626 0.8653847 0.9727626 0.8269231 0.9727626 0.8269231 0.8106356 0.8653847 0.8106356 0.9038463 0.8106356 0.9038463 0.9727626 0.9038463 0.9727626 0.8653847 0.9727626 0.8653847 0.8106356 0.9038463 0.8106356 0.9423078 0.8106356 0.9423078 0.9727626 0.9423078 0.9727626 0.9038463 0.9727626 0.9038463 0.8106356 0.9423078 0.8106356 0.9807693 0.8106356 0.9807693 0.9727626 0.9807693 0.9727626 0.9423078 0.9727626 0.9423078 0.8106356 0.9807693 0.8106356 1.019231 0.8106356 1.019231 0.9727626 1.019231 0.9727626 0.9807693 0.9727626 0.9807693 0.8106356 0.0192309 0.8106356 0.05769234 0.8106356 0.05769234 0.9727626 0.05769234 0.9727626 0.0192309 0.9727626 0.0192309 0.8106356 0.05769234 0.8106356 0.09615391 0.8106356 0.09615391 0.9727626 0.09615391 0.9727626 0.05769234 0.9727626 0.05769234 0.8106356 0.09615391 0.8106356 0.1346154 0.8106356 0.1346154 0.9727626 0.1346154 0.9727626 0.09615391 0.9727626 0.09615391 0.8106356 0.1346154 0.8106356 0.1730769 0.8106356 0.1730769 0.9727626 0.1730769 0.9727626 0.1346154 0.9727626 0.1346154 0.8106356 0.1730769 0.8106356 0.2115384 0.8106356 0.2115384 0.9727626 0.2115384 0.9727626 0.1730769 0.9727626 0.1730769 0.8106356 0.2115384 0.8106356 0.25 0.8106356 0.25 0.9727626 0.25 0.9727626 0.2115384 0.9727626 0.2115384 0.8106356 0.25 0.8106356 0.2884615 0.8106356 0.2884615 0.9727626 0.2884615 0.9727626 0.25 0.9727626 0.25 0.8106356 0.2884615 0.8106356 0.326923 0.8106356 0.326923 0.9727626 0.326923 0.9727626 0.2884615 0.9727626 0.2884615 0.8106356 0.326923 0.8106356 0.3653845 0.8106356 0.3653845 0.9727626 0.3653845 0.9727626 0.326923 0.9727626 0.326923 0.8106356 0.3653845 0.8106356 0.4038461 0.8106356 0.4038461 0.9727626 0.4038461 0.9727626 0.3653845 0.9727626 0.3653845 0.8106356 0.4038461 0.8106356 0.4423076 0.8106356 0.4423076 0.9727626 0.4423076 0.9727626 0.4038461 0.9727626 0.4038461 0.8106356 0.4423076 0.8106356 0.4807692 0.8106356 0.4807692 0.9727626 0.4807692 0.9727626 0.4423076 0.9727626 0.4423076 0.8106356 0.4807692 0.8106356 0.5192307 0.8106356 0.5192307 0.9727626 0.5192307 0.9727626 0.4807692 0.9727626 0.4807692 0.8106356 0.5192307 0.8106356 0.5576923 0.8106356 0.5576923 0.9727626 0.5576923 0.9727626 0.5192307 0.9727626 0.5192307 0.8106356 0.5576923 0.8106356 0.5961539 0.8106356 0.5961539 0.9727626 0.5961539 0.9727626 0.5576923 0.9727626 0.5576923 0.8106356 0.5961539 0.8106356 0.6346154 0.8106356 0.6346154 0.9727626 0.6346154 0.9727626 0.5961539 0.9727626 0.5961539 0.8106356 0.6346154 0.8106356 0.6730771 0.8106356 0.6730771 0.9727626 0.6730771 0.9727626 0.6346154 0.9727626 0.6346154 0.8106356 0.6730771 0.8106356 0.7115387 0.8106356 0.7115387 0.9727626 0.7115387 0.9727626 0.6730771 0.9727626 0.6730771 0.8106356 0.7115387 0.8106356 0.75 0.8106356 0.75 0.9727626 0.75 0.9727626 0.7115387 0.9727626 0.7115387 0.8106356 0.75 0 0.7884616 0 0.7884625 0 0.7884625 0 0.7499991 0 0.75 0 0.7884616 0 0.8269231 0 0.8269231 0 0.8269231 0 0.7884625 0 0.7884616 0 0.8269231 0 0.8653847 0 0.8653847 0 0.8653847 0 0.8269231 0 0.8269231 0 0.8653847 0 0.9038463 0 0.9038453 0 0.9038453 0 0.8653847 0 0.8653847 0 0.9038463 0 0.9423078 0 0.9423087 0 0.9423087 0 0.9038453 0 0.9038463 0 0.9423078 0 0.9807693 0 0.9807693 0 0.9807693 0 0.9423087 0 0.9423078 0 0.9807693 0 1.019231 0 1.019231 0 1.019231 0 0.9807693 0 0.9807693 0 0.0192309 0 0.05769234 0 0.05769228 0 0.05769228 0 0.01923084 0 0.0192309 0 0.05769234 0 0.09615391 0 0.09615385 0 0.09615385 0 0.05769228 0 0.05769234 0 0.09615391 0 0.1346154 0 0.1346154 0 0.1346154 0 0.09615385 0 0.09615391 0 0.1346154 0 0.1730769 0 0.173076 0 0.173076 0 0.1346154 0 0.1346154 0 0.1730769 0 0.2115384 0 0.2115394 0 0.2115394 0 0.173076 0 0.1730769 0 0.2115384 0 0.25 0 0.25 0 0.25 0 0.2115394 0 0.2115384 0 0.25 0 0.2884615 0 0.2884615 0 0.2884615 0 0.25 0 0.25 0 0.2884615 0 0.326923 0 0.3269231 0 0.3269231 0 0.2884615 0 0.2884615 0 0.326923 0 0.3653845 0 0.3653846 0 0.3653846 0 0.3269231 0 0.326923 0 0.3653845 0 0.4038461 0 0.4038462 0 0.4038462 0 0.3653846 0 0.3653845 0 0.4038461 0 0.4423076 0 0.4423068 0 0.4423068 0 0.4038462 0 0.4038461 0 0.4423076 0 0.4807692 0 0.4807702 0 0.4807702 0 0.4423068 0 0.4423076 0 0.4807692 0 0.5192307 0 0.5192308 0 0.5192308 0 0.4807702 0 0.4807692 0 0.5192307 0 0.5576923 0 0.5576924 0 0.5576924 0 0.5192308 0 0.5192307 0 0.5576923 0 0.5961539 0 0.5961539 0 0.5961539 0 0.5576924 0 0.5576923 0 0.5961539 0 0.6346154 0 0.6346155 0 0.6346155 0 0.5961539 0 0.5961539 0 0.6346154 0 0.6730771 0 0.6730771 0 0.6730771 0 0.6346155 0 0.6346154 0 0.6730771 0 0.7115387 0 0.7115386 0 0.7115386 0 0.6730771 0 0.6730771 0 0.7115387 0 0.75 0 0.7499991 0 0.7499991 0 0.7115386 0 0.7115387 0 0.7884616 0.135779 0.75 0.135779 0.7499991 0.135779 0.7499991 0.135779 0.7884624 0.135779 0.7884616 0.135779 0.75 0.135779 0.7115387 0.135779 0.7115386 0.135779 0.7115386 0.135779 0.7499991 0.135779 0.75 0.135779 0.7115387 0.135779 0.6730771 0.135779 0.6730771 0.135779 0.6730771 0.135779 0.7115386 0.135779 0.7115387 0.135779 0.6730771 0.135779 0.6346154 0.135779 0.6346155 0.135779 0.6346155 0.135779 0.6730771 0.135779 0.6730771 0.135779 0.6346154 0.135779 0.5961539 0.135779 0.5961539 0.135779 0.5961539 0.135779 0.6346155 0.135779 0.6346154 0.135779 0.5961539 0.135779 0.5576923 0.135779 0.5576924 0.135779 0.5576924 0.135779 0.5961539 0.135779 0.5961539 0.135779 0.5576923 0.135779 0.5192307 0.135779 0.5192308 0.135779 0.5192308 0.135779 0.5576924 0.135779 0.5576923 0.135779 0.5192307 0.135779 0.4807692 0.135779 0.4807702 0.135779 0.4807702 0.135779 0.5192308 0.135779 0.5192307 0.135779 0.4807692 0.135779 0.4423076 0.135779 0.4423068 0.135779 0.4423068 0.135779 0.4807702 0.135779 0.4807692 0.135779 0.4423076 0.135779 0.4038461 0.135779 0.4038462 0.135779 0.4038462 0.135779 0.4423068 0.135779 0.4423076 0.135779 0.4038461 0.135779 0.3653845 0.135779 0.3653846 0.135779 0.3653846 0.135779 0.4038462 0.135779 0.4038461 0.135779 0.3653845 0.135779 0.326923 0.135779 0.3269231 0.135779 0.3269231 0.135779 0.3653846 0.135779 0.3653845 0.135779 0.326923 0.135779 0.2884615 0.135779 0.2884615 0.135779 0.2884615 0.135779 0.3269231 0.135779 0.326923 0.135779 0.2884615 0.135779 0.25 0.135779 0.25 0.135779 0.25 0.135779 0.2884615 0.135779 0.2884615 0.135779 0.25 0.135779 0.2115384 0.135779 0.2115393 0.135779 0.2115393 0.135779 0.25 0.135779 0.25 0.135779 0.2115384 0.135779 0.1730769 0.135779 0.173076 0.135779 0.173076 0.135779 0.2115393 0.135779 0.2115384 0.135779 0.1730769 0.135779 0.1346154 0.135779 0.1346154 0.135779 0.1346154 0.135779 0.173076 0.135779 0.1730769 0.135779 0.1346154 0.135779 0.09615391 0.135779 0.09615385 0.135779 0.09615385 0.135779 0.1346154 0.135779 0.1346154 0.135779 0.09615391 0.135779 0.05769234 0.135779 0.05769228 0.135779 0.05769228 0.135779 0.09615385 0.135779 0.09615391 0.135779 0.05769234 0.135779 0.0192309 0.135779 0.01923084 0.135779 0.01923084 0.135779 0.05769228 0.135779 0.05769234 0.135779 0.0192309 0.135779 -0.01923066 0.135779 -0.01923072 0.135779 -0.01923072 0.135779 0.01923084 0.135779 0.0192309 0.135779 0.9807693 0.135779 0.9423078 0.135779 0.9423087 0.135779 0.9423087 0.135779 0.9807693 0.135779 0.9807693 0.135779 0.9423078 0.135779 0.9038463 0.135779 0.9038453 0.135779 0.9038453 0.135779 0.9423087 0.135779 0.9423078 0.135779 0.9038463 0.135779 0.8653847 0.135779 0.8653847 0.135779 0.8653847 0.135779 0.9038453 0.135779 0.9038463 0.135779 0.8653847 0.135779 0.8269231 0.135779 0.8269231 0.135779 0.8269231 0.135779 0.8653847 0.135779 0.8653847 0.135779 0.8269231 0.135779 0.7884616 0.135779 0.7884624 0.135779 0.7884624 0.135779 0.8269231 0.135779 0.8269231 0.135779 0.0192309 0.9727626 0.326923 0.9727626 0.6346154 0.9727626 0.7499988 0 0.7884618 0 0.7884625 0.01777827 0.7884625 0.01777827 0.7499994 0.01777827 0.7499988 0 0.7884618 0 0.8269231 0 0.8269231 0.01777827 0.8269231 0.01777827 0.7884625 0.01777827 0.7884618 0 0.8269231 0 0.8653845 0 0.8653845 0.01777827 0.8653845 0.01777827 0.8269231 0.01777827 0.8269231 0 0.8653845 0 0.9038454 0 0.9038454 0.01777827 0.9038454 0.01777827 0.8653845 0.01777827 0.8653845 0 0.9038454 0 0.9423091 0 0.9423084 0.01777827 0.9423084 0.01777827 0.9038454 0.01777827 0.9038454 0 0.9423091 0 0.9807687 0 0.9807694 0.01777827 0.9807694 0.01777827 0.9423084 0.01777827 0.9423091 0 0.9807687 0 1.019231 0 1.019231 0.01777827 1.019231 0.01777827 0.9807694 0.01777827 0.9807687 0 0.01923078 0 0.05769181 0 0.05769181 0.01777827 0.05769181 0.01777827 0.01923078 0.01777827 0.01923078 0 0.05769181 0 0.09615439 0 0.09615439 0.01777827 0.09615439 0.01777827 0.05769181 0.01777827 0.05769181 0 0.09615439 0 0.1346153 0 0.1346153 0.01777827 0.1346153 0.01777827 0.09615439 0.01777827 0.09615439 0 0.1346153 0 0.1730762 0 0.1730762 0.01777827 0.1730762 0.01777827 0.1346153 0.01777827 0.1346153 0 0.1730762 0 0.2115393 0 0.2115393 0.01777827 0.2115393 0.01777827 0.1730762 0.01777827 0.1730762 0 0.2115393 0 0.25 0 0.2500001 0.01777827 0.2500001 0.01777827 0.2115393 0.01777827 0.2115393 0 0.25 0 0.2884616 0 0.2884616 0.01777827 0.2884616 0.01777827 0.2500001 0.01777827 0.25 0 0.2884616 0 0.3269225 0 0.3269225 0.01777827 0.3269225 0.01777827 0.2884616 0.01777827 0.2884616 0 0.3269225 0 0.3653852 0 0.3653852 0.01777827 0.3653852 0.01777827 0.3269225 0.01777827 0.3269225 0 0.3653852 0 0.4038456 0 0.4038459 0.01777827 0.4038459 0.01777827 0.3653852 0.01777827 0.3653852 0 0.4038456 0 0.4423065 0 0.4423068 0.01777827 0.4423068 0.01777827 0.4038459 0.01777827 0.4038456 0 0.4423065 0 0.4807701 0 0.4807701 0.01777827 0.4807701 0.01777827 0.4423068 0.01777827 0.4423065 0 0.4807701 0 0.5192314 0 0.519231 0.01777827 0.519231 0.01777827 0.4807701 0.01777827 0.4807701 0 0.5192314 0 0.557693 0 0.5576927 0.01777827 0.5576927 0.01777827 0.519231 0.01777827 0.5192314 0 0.557693 0 0.5961534 0 0.5961534 0.01777827 0.5961534 0.01777827 0.5576927 0.01777827 0.557693 0 0.5961534 0 0.634616 0 0.634616 0.01777827 0.634616 0.01777827 0.5961534 0.01777827 0.5961534 0 0.634616 0 0.6730771 0 0.6730771 0.01777827 0.6730771 0.01777827 0.634616 0.01777827 0.634616 0 0.6730771 0 0.7115385 0 0.7115385 0.01777827 0.7115385 0.01777827 0.6730771 0.01777827 0.6730771 0 0.7115385 0 0.7499988 0 0.7499994 0.01777827 0.7499994 0.01777827 0.7115385 0.01777827 0.7115385 0 0.7884625 0.1347561 0.7499991 0.1347561 0.7499991 0.1326756 0.7499991 0.1326756 0.7884625 0.1326756 0.7884625 0.1347561 0.7499991 0.1347561 0.7115386 0.1347561 0.7115386 0.1326756 0.7115386 0.1326756 0.7499991 0.1326756 0.7499991 0.1347561 0.7115386 0.1347561 0.6730771 0.1347561 0.6730771 0.1326756 0.6730771 0.1326756 0.7115386 0.1326756 0.7115386 0.1347561 0.6730771 0.1347561 0.6346155 0.1347561 0.6346155 0.1326756 0.6346155 0.1326756 0.6730771 0.1326756 0.6730771 0.1347561 0.6346155 0.1347561 0.5961539 0.1347561 0.5961539 0.1326756 0.5961539 0.1326756 0.6346155 0.1326756 0.6346155 0.1347561 0.5961539 0.1347561 0.5576924 0.1347561 0.5576924 0.1326756 0.5576924 0.1326756 0.5961539 0.1326756 0.5961539 0.1347561 0.5576924 0.1347561 0.5192308 0.1347561 0.5192308 0.1326756 0.5192308 0.1326756 0.5576924 0.1326756 0.5576924 0.1347561 0.5192308 0.1347561 0.4807702 0.1347561 0.4807702 0.1326756 0.4807702 0.1326756 0.5192308 0.1326756 0.5192308 0.1347561 0.4807702 0.1347561 0.4423068 0.1347561 0.4423068 0.1326756 0.4423068 0.1326756 0.4807702 0.1326756 0.4807702 0.1347561 0.4423068 0.1347561 0.4038462 0.1347561 0.4038462 0.1326756 0.4038462 0.1326756 0.4423068 0.1326756 0.4423068 0.1347561 0.4038462 0.1347561 0.3653846 0.1347561 0.3653846 0.1326756 0.3653846 0.1326756 0.4038462 0.1326756 0.4038462 0.1347561 0.3653846 0.1347561 0.3269231 0.1347561 0.3269231 0.1326756 0.3269231 0.1326756 0.3653846 0.1326756 0.3653846 0.1347561 0.3269231 0.1347561 0.2884615 0.1347561 0.2884615 0.1326756 0.2884615 0.1326756 0.3269231 0.1326756 0.3269231 0.1347561 0.2884615 0.1347561 0.25 0.1347561 0.25 0.1326756 0.25 0.1326756 0.2884615 0.1326756 0.2884615 0.1347561 0.25 0.1347561 0.2115394 0.1347561 0.2115394 0.1326756 0.2115394 0.1326756 0.25 0.1326756 0.25 0.1347561 0.2115394 0.1347561 0.173076 0.1347561 0.173076 0.1326756 0.173076 0.1326756 0.2115394 0.1326756 0.2115394 0.1347561 0.173076 0.1347561 0.1346154 0.1347561 0.1346154 0.1326756 0.1346154 0.1326756 0.173076 0.1326756 0.173076 0.1347561 0.1346154 0.1347561 0.09615385 0.1347561 0.09615385 0.1326756 0.09615385 0.1326756 0.1346154 0.1326756 0.1346154 0.1347561 0.09615385 0.1347561 0.05769228 0.1347561 0.05769228 0.1326756 0.05769228 0.1326756 0.09615385 0.1326756 0.09615385 0.1347561 0.05769228 0.1347561 0.01923084 0.1347561 0.01923084 0.1326756 0.01923084 0.1326756 0.05769228 0.1326756 0.05769228 0.1347561 0.01923084 0.1347561 -0.01923072 0.1347561 -0.01923072 0.1326756 -0.01923072 0.1326756 0.01923084 0.1326756 0.01923084 0.1347561 0.9807693 0.1347561 0.9423087 0.1347561 0.9423087 0.1326756 0.9423087 0.1326756 0.9807693 0.1326756 0.9807693 0.1347561 0.9423087 0.1347561 0.9038453 0.1347561 0.9038453 0.1326756 0.9038453 0.1326756 0.9423087 0.1326756 0.9423087 0.1347561 0.9038453 0.1347561 0.8653847 0.1347561 0.8653847 0.1326756 0.8653847 0.1326756 0.9038453 0.1326756 0.9038453 0.1347561 0.8653847 0.1347561 0.8269231 0.1347561 0.8269231 0.1326756 0.8269231 0.1326756 0.8653847 0.1326756 0.8653847 0.1347561 0.8269231 0.1347561 0.7884625 0.1347561 0.7884625 0.1326756 0.7884625 0.1326756 0.8269231 0.1326756 0.8269231 0.1347561 0.7499991 0 0.7884625 0 0.7884618 0 0.7884618 0 0.7499988 0 0.7499991 0 0.7884625 0 0.8269231 0 0.8269231 0 0.8269231 0 0.7884618 0 0.7884625 0 0.8269231 0 0.8653847 0 0.8653845 0 0.8653845 0 0.8269231 0 0.8269231 0 0.8653847 0 0.9038453 0 0.9038454 0 0.9038454 0 0.8653845 0 0.8653847 0 0.9038453 0 0.9423087 0 0.9423091 0 0.9423091 0 0.9038454 0 0.9038453 0 0.9423087 0 0.9807693 0 0.9807687 0 0.9807687 0 0.9423091 0 0.9423087 0 0.9807693 0 1.019231 0 1.019231 0 1.019231 0 0.9807687 0 0.9807693 0 0.01923084 0 0.05769228 0 0.05769181 0 0.05769181 0 0.01923078 0 0.01923084 0 0.05769228 0 0.09615385 0 0.09615439 0 0.09615439 0 0.05769181 0 0.05769228 0 0.09615385 0 0.1346154 0 0.1346153 0 0.1346153 0 0.09615439 0 0.09615385 0 0.1346154 0 0.173076 0 0.1730762 0 0.1730762 0 0.1346153 0 0.1346154 0 0.173076 0 0.2115394 0 0.2115393 0 0.2115393 0 0.1730762 0 0.173076 0 0.2115394 0 0.25 0 0.25 0 0.25 0 0.2115393 0 0.2115394 0 0.25 0 0.2884615 0 0.2884616 0 0.2884616 0 0.25 0 0.25 0 0.2884615 0 0.3269231 0 0.3269225 0 0.3269225 0 0.2884616 0 0.2884615 0 0.3269231 0 0.3653846 0 0.3653852 0 0.3653852 0 0.3269225 0 0.3269231 0 0.3653846 0 0.4038462 0 0.4038456 0 0.4038456 0 0.3653852 0 0.3653846 0 0.4038462 0 0.4423068 0 0.4423065 0 0.4423065 0 0.4038456 0 0.4038462 0 0.4423068 0 0.4807702 0 0.4807701 0 0.4807701 0 0.4423065 0 0.4423068 0 0.4807702 0 0.5192308 0 0.5192314 0 0.5192314 0 0.4807701 0 0.4807702 0 0.5192308 0 0.5576924 0 0.557693 0 0.557693 0 0.5192314 0 0.5192308 0 0.5576924 0 0.5961539 0 0.5961534 0 0.5961534 0 0.557693 0 0.5576924 0 0.5961539 0 0.6346155 0 0.634616 0 0.634616 0 0.5961534 0 0.5961539 0 0.6346155 0 0.6730771 0 0.6730771 0 0.6730771 0 0.634616 0 0.6346155 0 0.6730771 0 0.7115386 0 0.7115385 0 0.7115385 0 0.6730771 0 0.6730771 0 0.7115386 0 0.7499991 0 0.7499988 0 0.7499988 0 0.7115385 0 0.7115386 0 0.7884625 0.02945142 0.7499991 0.02945142 0.7499991 0.02945142 0.7499991 0.02945142 0.7884625 0.02945142 0.7884625 0.02945142 0.7499991 0.02945142 0.7115386 0.02945142 0.7115386 0.02945142 0.7115386 0.02945142 0.7499991 0.02945142 0.7499991 0.02945142 0.7115386 0.02945142 0.6730771 0.02945142 0.6730771 0.02945142 0.6730771 0.02945142 0.7115386 0.02945142 0.7115386 0.02945142 0.6730771 0.02945142 0.6346155 0.02945142 0.6346156 0.02945142 0.6346156 0.02945142 0.6730771 0.02945142 0.6730771 0.02945142 0.6346155 0.02945142 0.5961539 0.02945142 0.5961539 0.02945142 0.5961539 0.02945142 0.6346156 0.02945142 0.6346155 0.02945142 0.5961539 0.02945142 0.5576924 0.02945142 0.5576924 0.02945142 0.5576924 0.02945142 0.5961539 0.02945142 0.5961539 0.02945142 0.5576924 0.02945142 0.5192308 0.02945142 0.5192308 0.02945142 0.5192308 0.02945142 0.5576924 0.02945142 0.5576924 0.02945142 0.5192308 0.02945142 0.4807702 0.02945142 0.4807702 0.02945142 0.4807702 0.02945142 0.5192308 0.02945142 0.5192308 0.02945142 0.4807702 0.02945142 0.4423068 0.02945142 0.4423068 0.02945142 0.4423068 0.02945142 0.4807702 0.02945142 0.4807702 0.02945142 0.4423068 0.02945142 0.4038462 0.02945142 0.4038462 0.02945142 0.4038462 0.02945142 0.4423068 0.02945142 0.4423068 0.02945142 0.4038462 0.02945142 0.3653846 0.02945142 0.3653846 0.02945142 0.3653846 0.02945142 0.4038462 0.02945142 0.4038462 0.02945142 0.3653846 0.02945142 0.3269231 0.02945142 0.3269231 0.02945142 0.3269231 0.02945142 0.3653846 0.02945142 0.3653846 0.02945142 0.3269231 0.02945142 0.2884615 0.02945142 0.2884615 0.02945142 0.2884615 0.02945142 0.3269231 0.02945142 0.3269231 0.02945142 0.2884615 0.02945142 0.25 0.02945142 0.25 0.02945142 0.25 0.02945142 0.2884615 0.02945142 0.2884615 0.02945142 0.25 0.02945142 0.2115394 0.02945142 0.2115394 0.02945142 0.2115394 0.02945142 0.25 0.02945142 0.25 0.02945142 0.2115394 0.02945142 0.173076 0.02945142 0.173076 0.02945142 0.173076 0.02945142 0.2115394 0.02945142 0.2115394 0.02945142 0.173076 0.02945142 0.1346154 0.02945142 0.1346154 0.02945142 0.1346154 0.02945142 0.173076 0.02945142 0.173076 0.02945142 0.1346154 0.02945142 0.09615385 0.02945142 0.09615385 0.02945142 0.09615385 0.02945142 0.1346154 0.02945142 0.1346154 0.02945142 0.09615385 0.02945142 0.05769228 0.02945142 0.05769228 0.02945142 0.05769228 0.02945142 0.09615385 0.02945142 0.09615385 0.02945142 0.05769228 0.02945142 0.01923084 0.02945142 0.01923084 0.02945142 0.01923084 0.02945142 0.05769228 0.02945142 0.05769228 0.02945142 0.01923084 0.02945142 -0.01923072 0.02945142 -0.01923072 0.02945142 -0.01923072 0.02945142 0.01923084 0.02945142 0.01923084 0.02945142 0.9807693 0.02945142 0.9423087 0.02945142 0.9423087 0.02945142 0.9423087 0.02945142 0.9807693 0.02945142 0.9807693 0.02945142 0.9423087 0.02945142 0.9038453 0.02945142 0.9038453 0.02945142 0.9038453 0.02945142 0.9423087 0.02945142 0.9423087 0.02945142 0.9038453 0.02945142 0.8653846 0.02945142 0.8653847 0.02945142 0.8653847 0.02945142 0.9038453 0.02945142 0.9038453 0.02945142 0.8653846 0.02945142 0.8269231 0.02945142 0.8269231 0.02945142 0.8269231 0.02945142 0.8653847 0.02945142 0.8653846 0.02945142 0.8269231 0.02945142 0.7884625 0.02945142 0.7884625 0.02945142 0.7884625 0.02945142 0.8269231 0.02945142 0.8269231 0.02945142 0.7884625 0.01777827 0.7884625 0.02945142 0.7499991 0.02945142 0.7499991 0.02945142 0.7499994 0.01777827 0.7884625 0.01777827 0.7499994 0.01777827 0.7499991 0.02945142 0.7115386 0.02945142 0.7115386 0.02945142 0.7115385 0.01777827 0.7499994 0.01777827 0.7115385 0.01777827 0.7115386 0.02945142 0.6730771 0.02945142 0.6730771 0.02945142 0.6730771 0.01777827 0.7115385 0.01777827 0.6730771 0.01777827 0.6730771 0.02945142 0.6346156 0.02945142 0.6346156 0.02945142 0.634616 0.01777827 0.6730771 0.01777827 0.634616 0.01777827 0.6346156 0.02945142 0.5961539 0.02945142 0.5961539 0.02945142 0.5961534 0.01777827 0.634616 0.01777827 0.5961534 0.01777827 0.5961539 0.02945142 0.5576924 0.02945142 0.5576924 0.02945142 0.5576927 0.01777827 0.5961534 0.01777827 0.5576927 0.01777827 0.5576924 0.02945142 0.5192308 0.02945142 0.5192308 0.02945142 0.519231 0.01777827 0.5576927 0.01777827 0.519231 0.01777827 0.5192308 0.02945142 0.4807702 0.02945142 0.4807702 0.02945142 0.4807701 0.01777827 0.519231 0.01777827 0.4807701 0.01777827 0.4807702 0.02945142 0.4423068 0.02945142 0.4423068 0.02945142 0.4423068 0.01777827 0.4807701 0.01777827 0.4423068 0.01777827 0.4423068 0.02945142 0.4038462 0.02945142 0.4038462 0.02945142 0.4038459 0.01777827 0.4423068 0.01777827 0.4038459 0.01777827 0.4038462 0.02945142 0.3653846 0.02945142 0.3653846 0.02945142 0.3653852 0.01777827 0.4038459 0.01777827 0.3653852 0.01777827 0.3653846 0.02945142 0.3269231 0.02945142 0.3269231 0.02945142 0.3269225 0.01777827 0.3653852 0.01777827 0.3269225 0.01777827 0.3269231 0.02945142 0.2884615 0.02945142 0.2884615 0.02945142 0.2884616 0.01777827 0.3269225 0.01777827 0.2884616 0.01777827 0.2884615 0.02945142 0.25 0.02945142 0.25 0.02945142 0.2500001 0.01777827 0.2884616 0.01777827 0.2500001 0.01777827 0.25 0.02945142 0.2115394 0.02945142 0.2115394 0.02945142 0.2115393 0.01777827 0.2500001 0.01777827 0.2115393 0.01777827 0.2115394 0.02945142 0.173076 0.02945142 0.173076 0.02945142 0.1730762 0.01777827 0.2115393 0.01777827 0.1730762 0.01777827 0.173076 0.02945142 0.1346154 0.02945142 0.1346154 0.02945142 0.1346153 0.01777827 0.1730762 0.01777827 0.1346153 0.01777827 0.1346154 0.02945142 0.09615385 0.02945142 0.09615385 0.02945142 0.09615439 0.01777827 0.1346153 0.01777827 0.09615439 0.01777827 0.09615385 0.02945142 0.05769228 0.02945142 0.05769228 0.02945142 0.05769181 0.01777827 0.09615439 0.01777827 0.05769181 0.01777827 0.05769228 0.02945142 0.01923084 0.02945142 0.01923084 0.02945142 0.01923078 0.01777827 0.05769181 0.01777827 0.01923078 0.01777827 0.01923084 0.02945142 -0.01923072 0.02945142 -0.01923072 0.02945142 -0.0192306 0.01777827 0.01923078 0.01777827 0.9807694 0.01777827 0.9807693 0.02945142 0.9423087 0.02945142 0.9423087 0.02945142 0.9423084 0.01777827 0.9807694 0.01777827 0.9423084 0.01777827 0.9423087 0.02945142 0.9038453 0.02945142 0.9038453 0.02945142 0.9038454 0.01777827 0.9423084 0.01777827 0.9038454 0.01777827 0.9038453 0.02945142 0.8653847 0.02945142 0.8653847 0.02945142 0.8653845 0.01777827 0.9038454 0.01777827 0.8653845 0.01777827 0.8653847 0.02945142 0.8269231 0.02945142 0.8269231 0.02945142 0.8269231 0.01777827 0.8653845 0.01777827 0.8269231 0.01777827 0.8269231 0.02945142 0.7884625 0.02945142 0.7884625 0.02945142 0.7884625 0.01777827 0.8269231 0.01777827 0.7884625 0.1347561 0.7884624 0.135779 0.7499991 0.135779 0.7499991 0.135779 0.7499991 0.1347561 0.7884625 0.1347561 0.7499991 0.1347561 0.7499991 0.135779 0.7115386 0.135779 0.7115386 0.135779 0.7115386 0.1347561 0.7499991 0.1347561 0.7115386 0.1347561 0.7115386 0.135779 0.6730771 0.135779 0.6730771 0.135779 0.6730771 0.1347561 0.7115386 0.1347561 0.6730771 0.1347561 0.6730771 0.135779 0.6346155 0.135779 0.6346155 0.135779 0.6346155 0.1347561 0.6730771 0.1347561 0.6346155 0.1347561 0.6346155 0.135779 0.5961539 0.135779 0.5961539 0.135779 0.5961539 0.1347561 0.6346155 0.1347561 0.5961539 0.1347561 0.5961539 0.135779 0.5576924 0.135779 0.5576924 0.135779 0.5576924 0.1347561 0.5961539 0.1347561 0.5576924 0.1347561 0.5576924 0.135779 0.5192308 0.135779 0.5192308 0.135779 0.5192308 0.1347561 0.5576924 0.1347561 0.5192308 0.1347561 0.5192308 0.135779 0.4807702 0.135779 0.4807702 0.135779 0.4807702 0.1347561 0.5192308 0.1347561 0.4807702 0.1347561 0.4807702 0.135779 0.4423068 0.135779 0.4423068 0.135779 0.4423068 0.1347561 0.4807702 0.1347561 0.4423068 0.1347561 0.4423068 0.135779 0.4038462 0.135779 0.4038462 0.135779 0.4038462 0.1347561 0.4423068 0.1347561 0.4038462 0.1347561 0.4038462 0.135779 0.3653846 0.135779 0.3653846 0.135779 0.3653846 0.1347561 0.4038462 0.1347561 0.3653846 0.1347561 0.3653846 0.135779 0.3269231 0.135779 0.3269231 0.135779 0.3269231 0.1347561 0.3653846 0.1347561 0.3269231 0.1347561 0.3269231 0.135779 0.2884615 0.135779 0.2884615 0.135779 0.2884615 0.1347561 0.3269231 0.1347561 0.2884615 0.1347561 0.2884615 0.135779 0.25 0.135779 0.25 0.135779 0.25 0.1347561 0.2884615 0.1347561 0.25 0.1347561 0.25 0.135779 0.2115393 0.135779 0.2115393 0.135779 0.2115394 0.1347561 0.25 0.1347561 0.2115394 0.1347561 0.2115393 0.135779 0.173076 0.135779 0.173076 0.135779 0.173076 0.1347561 0.2115394 0.1347561 0.173076 0.1347561 0.173076 0.135779 0.1346154 0.135779 0.1346154 0.135779 0.1346154 0.1347561 0.173076 0.1347561 0.1346154 0.1347561 0.1346154 0.135779 0.09615385 0.135779 0.09615385 0.135779 0.09615385 0.1347561 0.1346154 0.1347561 0.09615385 0.1347561 0.09615385 0.135779 0.05769228 0.135779 0.05769228 0.135779 0.05769228 0.1347561 0.09615385 0.1347561 0.05769228 0.1347561 0.05769228 0.135779 0.01923084 0.135779 0.01923084 0.135779 0.01923084 0.1347561 0.05769228 0.1347561 0.01923084 0.1347561 0.01923084 0.135779 -0.01923072 0.135779 -0.01923072 0.135779 -0.01923072 0.1347561 0.01923084 0.1347561 0.9807693 0.1347561 0.9807693 0.135779 0.9423087 0.135779 0.9423087 0.135779 0.9423087 0.1347561 0.9807693 0.1347561 0.9423087 0.1347561 0.9423087 0.135779 0.9038453 0.135779 0.9038453 0.135779 0.9038453 0.1347561 0.9423087 0.1347561 0.9038453 0.1347561 0.9038453 0.135779 0.8653847 0.135779 0.8653847 0.135779 0.8653847 0.1347561 0.9038453 0.1347561 0.8653847 0.1347561 0.8653847 0.135779 0.8269231 0.135779 0.8269231 0.135779 0.8269231 0.1347561 0.8653847 0.1347561 0.8269231 0.1347561 0.8269231 0.135779 0.7884624 0.135779 0.7884624 0.135779 0.7884625 0.1347561 0.8269231 0.1347561 0.8653847 0.9727626 0.9038463 0.9727626 0.9423078 0.9727626 0.9423078 0.9727626 0.9807693 0.9727626 0.0192309 0.9727626 0.0192309 0.9727626 0.05769234 0.9727626 0.1730769 0.9727626 0.05769234 0.9727626 0.09615391 0.9727626 0.1730769 0.9727626 0.09615391 0.9727626 0.1346154 0.9727626 0.1730769 0.9727626 0.1730769 0.9727626 0.2115384 0.9727626 0.25 0.9727626 0.25 0.9727626 0.2884615 0.9727626 0.326923 0.9727626 0.326923 0.9727626 0.3653845 0.9727626 0.4807692 0.9727626 0.3653845 0.9727626 0.4038461 0.9727626 0.4807692 0.9727626 0.4038461 0.9727626 0.4423076 0.9727626 0.4807692 0.9727626 0.4807692 0.9727626 0.5192307 0.9727626 0.5576923 0.9727626 0.5576923 0.9727626 0.5961539 0.9727626 0.6346154 0.9727626 0.6346154 0.9727626 0.6730771 0.9727626 0.7884616 0.9727626 0.6730771 0.9727626 0.7115387 0.9727626 0.7884616 0.9727626 0.7115387 0.9727626 0.75 0.9727626 0.7884616 0.9727626 0.7884616 0.9727626 0.8269231 0.9727626 0.8653847 0.9727626 0.8653847 0.9727626 0.9423078 0.9727626 0.7884616 0.9727626 0.9423078 0.9727626 0.0192309 0.9727626 0.7884616 0.9727626 0.1730769 0.9727626 0.25 0.9727626 0.326923 0.9727626 0.4807692 0.9727626 0.5576923 0.9727626 0.326923 0.9727626 0.5576923 0.9727626 0.6346154 0.9727626 0.326923 0.9727626 0.0192309 0.9727626 0.1730769 0.9727626 0.326923 0.9727626 0.6346154 0.9727626 0.7884616 0.9727626 0.0192309 0.9727626</float_array>
          <technique_common>
            <accessor source="#Örüntü_015-mesh-map-0-array" count="2328" stride="2">
              <param name="S" type="float"/>
              <param name="T" type="float"/>
            </accessor>
          </technique_common>
        </source>
        <vertices id="Örüntü_015-mesh-vertices">
          <input semantic="POSITION" source="#Örüntü_015-mesh-positions"/>
        </vertices>
        <triangles material="direk_005-material" count="776">
          <input semantic="VERTEX" source="#Örüntü_015-mesh-vertices" offset="0"/>
          <input semantic="NORMAL" source="#Örüntü_015-mesh-normals" offset="1"/>
          <input semantic="TEXCOORD" source="#Örüntü_015-mesh-map-0" offset="2" set="0"/>
          <p>24 0 0 23 0 1 22 0 2 22 0 3 21 0 4 20 0 5 20 0 6 19 0 7 18 0 8 22 0 9 20 0 10 18 0 11 18 0 12 17 0 13 16 0 14 16 0 15 15 0 16 14 0 17 18 0 18 16 0 19 14 0 20 22 0 21 18 0 22 14 0 23 14 0 24 13 0 25 12 0 26 12 0 27 11 0 28 10 0 29 14 0 30 12 0 31 10 0 32 10 0 33 9 0 34 8 0 35 8 0 36 7 0 37 6 0 38 10 0 39 8 0 40 6 0 41 14 0 42 10 0 43 6 0 44 22 0 45 14 0 46 6 0 47 6 0 48 5 0 49 4 0 50 4 0 51 3 0 52 2 0 53 6 0 54 4 0 55 2 0 56 22 0 57 6 0 58 2 0 59 2 0 60 1 0 61 0 0 62 22 0 63 2 0 64 0 0 65 24 0 66 22 0 67 0 0 68 25 0 69 24 0 70 0 0 71 234 1 72 235 2 73 260 3 74 260 3 75 261 4 76 234 1 77 235 2 78 236 5 79 285 6 80 285 6 81 260 3 82 235 2 83 236 5 84 237 7 85 284 8 86 284 8 87 285 6 88 236 5 89 237 7 90 238 9 91 283 10 92 283 10 93 284 8 94 237 7 95 238 9 96 239 11 97 282 12 98 282 12 99 283 10 100 238 9 101 239 11 102 240 13 103 281 14 104 281 14 105 282 12 106 239 11 107 240 13 108 241 15 109 280 16 110 280 16 111 281 14 112 240 13 113 241 15 114 242 17 115 279 18 116 279 18 117 280 16 118 241 15 119 242 17 120 243 19 121 278 20 122 278 20 123 279 18 124 242 17 125 243 19 126 244 21 127 277 22 128 277 22 129 278 20 130 243 19 131 244 21 132 245 23 133 276 24 134 276 24 135 277 22 136 244 21 137 245 23 138 246 25 139 275 26 140 275 26 141 276 24 142 245 23 143 246 25 144 247 27 145 274 28 146 274 28 147 275 26 148 246 25 149 247 27 150 248 29 151 273 30 152 273 30 153 274 28 154 247 27 155 248 29 156 249 31 157 272 32 158 272 32 159 273 30 160 248 29 161 249 31 162 250 33 163 271 34 164 271 34 165 272 32 166 249 31 167 250 33 168 251 35 169 270 36 170 270 36 171 271 34 172 250 33 173 251 35 174 252 37 175 269 38 176 269 38 177 270 36 178 251 35 179 252 37 180 253 39 181 268 40 182 268 40 183 269 38 184 252 37 185 253 39 186 254 41 187 267 42 188 267 42 189 268 40 190 253 39 191 254 41 192 255 43 193 266 44 194 266 44 195 267 42 196 254 41 197 255 43 198 256 45 199 265 46 200 265 46 201 266 44 202 255 43 203 256 45 204 257 47 205 264 48 206 264 48 207 265 46 208 256 45 209 257 47 210 258 49 211 263 50 212 263 50 213 264 48 214 257 47 215 258 49 216 259 51 217 262 52 218 262 52 219 263 50 220 258 49 221 259 51 222 234 1 223 261 4 224 261 4 225 262 52 226 259 51 227 26 1 228 27 2 229 53 3 230 53 3 231 52 4 232 26 1 233 27 2 234 28 5 235 54 6 236 54 6 237 53 3 238 27 2 239 28 5 240 29 7 241 55 8 242 55 8 243 54 6 244 28 5 245 29 7 246 30 9 247 56 10 248 56 10 249 55 8 250 29 7 251 30 9 252 31 11 253 57 12 254 57 12 255 56 10 256 30 9 257 31 11 258 32 13 259 58 14 260 58 14 261 57 12 262 31 11 263 32 13 264 33 15 265 59 16 266 59 16 267 58 14 268 32 13 269 33 15 270 34 17 271 60 18 272 60 18 273 59 16 274 33 15 275 34 17 276 35 19 277 61 20 278 61 20 279 60 18 280 34 17 281 35 19 282 36 21 283 62 22 284 62 22 285 61 20 286 35 19 287 36 21 288 37 23 289 63 24 290 63 24 291 62 22 292 36 21 293 37 23 294 38 25 295 64 26 296 64 26 297 63 24 298 37 23 299 38 25 300 39 27 301 65 28 302 65 28 303 64 26 304 38 25 305 39 27 306 40 29 307 66 30 308 66 30 309 65 28 310 39 27 311 40 29 312 41 31 313 67 32 314 67 32 315 66 30 316 40 29 317 41 31 318 42 53 319 68 34 320 68 34 321 67 32 322 41 31 323 42 53 324 43 54 325 69 36 326 69 36 327 68 34 328 42 53 329 43 54 330 44 37 331 70 38 332 70 38 333 69 36 334 43 54 335 44 37 336 45 39 337 71 40 338 71 40 339 70 38 340 44 37 341 45 39 342 46 55 343 72 42 344 72 42 345 71 40 346 45 39 347 46 55 348 47 43 349 73 44 350 73 44 351 72 42 352 46 55 353 47 43 354 48 45 355 74 46 356 74 46 357 73 44 358 47 43 359 48 45 360 49 47 361 75 48 362 75 48 363 74 46 364 48 45 365 49 47 366 50 56 367 76 50 368 76 50 369 75 48 370 49 47 371 50 56 372 51 51 373 77 52 374 77 52 375 76 50 376 50 56 377 51 51 378 26 1 379 52 4 380 52 4 381 77 52 382 51 51 383 52 4 384 53 3 385 79 3 386 79 3 387 78 4 388 52 4 389 53 3 390 54 6 391 80 6 392 80 6 393 79 3 394 53 3 395 54 6 396 55 8 397 81 8 398 81 8 399 80 6 400 54 6 401 55 8 402 56 10 403 82 10 404 82 10 405 81 8 406 55 8 407 56 10 408 57 12 409 83 12 410 83 12 411 82 10 412 56 10 413 57 12 414 58 14 415 84 14 416 84 14 417 83 12 418 57 12 419 58 14 420 59 16 421 85 16 422 85 16 423 84 14 424 58 14 425 59 16 426 60 18 427 86 18 428 86 18 429 85 16 430 59 16 431 60 18 432 61 20 433 87 20 434 87 20 435 86 18 436 60 18 437 61 20 438 62 22 439 88 22 440 88 22 441 87 20 442 61 20 443 62 22 444 63 24 445 89 24 446 89 24 447 88 22 448 62 22 449 63 24 450 64 26 451 90 26 452 90 26 453 89 24 454 63 24 455 64 26 456 65 28 457 91 28 458 91 28 459 90 26 460 64 26 461 65 28 462 66 30 463 92 30 464 92 30 465 91 28 466 65 28 467 66 30 468 67 32 469 93 32 470 93 32 471 92 30 472 66 30 473 67 32 474 68 34 475 94 34 476 94 34 477 93 32 478 67 32 479 68 34 480 69 36 481 95 36 482 95 36 483 94 34 484 68 34 485 69 36 486 70 38 487 96 38 488 96 38 489 95 36 490 69 36 491 70 38 492 71 40 493 97 40 494 97 40 495 96 38 496 70 38 497 71 40 498 72 42 499 98 42 500 98 42 501 97 40 502 71 40 503 72 42 504 73 44 505 99 44 506 99 44 507 98 42 508 72 42 509 73 44 510 74 46 511 100 46 512 100 46 513 99 44 514 73 44 515 74 46 516 75 48 517 101 48 518 101 48 519 100 46 520 74 46 521 75 48 522 76 50 523 102 50 524 102 50 525 101 48 526 75 48 527 76 50 528 77 52 529 103 52 530 103 52 531 102 50 532 76 50 533 77 52 534 52 4 535 78 4 536 78 4 537 103 52 538 77 52 539 78 4 540 79 3 541 105 3 542 105 3 543 104 4 544 78 4 545 79 3 546 80 6 547 106 6 548 106 6 549 105 3 550 79 3 551 80 6 552 81 8 553 107 8 554 107 8 555 106 6 556 80 6 557 81 8 558 82 10 559 108 10 560 108 10 561 107 8 562 81 8 563 82 10 564 83 12 565 109 12 566 109 12 567 108 10 568 82 10 569 83 12 570 84 14 571 110 14 572 110 14 573 109 12 574 83 12 575 84 14 576 85 16 577 111 16 578 111 16 579 110 14 580 84 14 581 85 16 582 86 18 583 112 18 584 112 18 585 111 16 586 85 16 587 86 18 588 87 20 589 113 20 590 113 20 591 112 18 592 86 18 593 87 20 594 88 22 595 114 22 596 114 22 597 113 20 598 87 20 599 88 22 600 89 24 601 115 24 602 115 24 603 114 22 604 88 22 605 89 24 606 90 26 607 116 26 608 116 26 609 115 24 610 89 24 611 90 26 612 91 28 613 117 28 614 117 28 615 116 26 616 90 26 617 91 28 618 92 30 619 118 30 620 118 30 621 117 28 622 91 28 623 92 30 624 93 32 625 119 32 626 119 32 627 118 30 628 92 30 629 93 32 630 94 34 631 120 34 632 120 34 633 119 32 634 93 32 635 94 34 636 95 36 637 121 36 638 121 36 639 120 34 640 94 34 641 95 36 642 96 38 643 122 38 644 122 38 645 121 36 646 95 36 647 96 38 648 97 40 649 123 40 650 123 40 651 122 38 652 96 38 653 97 40 654 98 42 655 124 42 656 124 42 657 123 40 658 97 40 659 98 42 660 99 44 661 125 44 662 125 44 663 124 42 664 98 42 665 99 44 666 100 46 667 126 46 668 126 46 669 125 44 670 99 44 671 100 46 672 101 48 673 127 48 674 127 48 675 126 46 676 100 46 677 101 48 678 102 50 679 128 50 680 128 50 681 127 48 682 101 48 683 102 50 684 103 52 685 129 52 686 129 52 687 128 50 688 102 50 689 103 52 690 78 4 691 104 4 692 104 4 693 129 52 694 103 52 695 104 4 696 105 3 697 131 3 698 131 3 699 130 4 700 104 4 701 105 3 702 106 6 703 132 6 704 132 6 705 131 3 706 105 3 707 106 6 708 107 8 709 133 8 710 133 8 711 132 6 712 106 6 713 107 8 714 108 10 715 134 10 716 134 10 717 133 8 718 107 8 719 108 10 720 109 12 721 135 12 722 135 12 723 134 10 724 108 10 725 109 12 726 110 14 727 136 14 728 136 14 729 135 12 730 109 12 731 110 14 732 111 16 733 137 16 734 137 16 735 136 14 736 110 14 737 111 16 738 112 18 739 138 18 740 138 18 741 137 16 742 111 16 743 112 18 744 113 20 745 139 20 746 139 20 747 138 18 748 112 18 749 113 20 750 114 22 751 140 22 752 140 22 753 139 20 754 113 20 755 114 22 756 115 24 757 141 24 758 141 24 759 140 22 760 114 22 761 115 24 762 116 26 763 142 26 764 142 26 765 141 24 766 115 24 767 116 26 768 117 28 769 143 28 770 143 28 771 142 26 772 116 26 773 117 28 774 118 30 775 144 30 776 144 30 777 143 28 778 117 28 779 118 30 780 119 32 781 145 32 782 145 32 783 144 30 784 118 30 785 119 32 786 120 34 787 146 34 788 146 34 789 145 32 790 119 32 791 120 34 792 121 36 793 147 36 794 147 36 795 146 34 796 120 34 797 121 36 798 122 38 799 148 38 800 148 38 801 147 36 802 121 36 803 122 38 804 123 40 805 149 40 806 149 40 807 148 38 808 122 38 809 123 40 810 124 42 811 150 42 812 150 42 813 149 40 814 123 40 815 124 42 816 125 44 817 151 44 818 151 44 819 150 42 820 124 42 821 125 44 822 126 46 823 152 46 824 152 46 825 151 44 826 125 44 827 126 46 828 127 48 829 153 48 830 153 48 831 152 46 832 126 46 833 127 48 834 128 50 835 154 50 836 154 50 837 153 48 838 127 48 839 128 50 840 129 52 841 155 52 842 155 52 843 154 50 844 128 50 845 129 52 846 104 4 847 130 4 848 130 4 849 155 52 850 129 52 851 130 4 852 131 3 853 157 57 854 157 57 855 156 58 856 130 4 857 131 3 858 132 6 859 158 59 860 158 59 861 157 57 862 131 3 863 132 6 864 133 8 865 159 60 866 159 60 867 158 59 868 132 6 869 133 8 870 134 10 871 160 61 872 160 61 873 159 60 874 133 8 875 134 10 876 135 12 877 161 62 878 161 62 879 160 61 880 134 10 881 135 12 882 136 14 883 162 63 884 162 63 885 161 62 886 135 12 887 136 14 888 137 16 889 163 64 890 163 64 891 162 63 892 136 14 893 137 16 894 138 18 895 164 65 896 164 65 897 163 64 898 137 16 899 138 18 900 139 20 901 165 66 902 165 66 903 164 65 904 138 18 905 139 20 906 140 22 907 166 67 908 166 67 909 165 66 910 139 20 911 140 22 912 141 24 913 167 68 914 167 68 915 166 67 916 140 22 917 141 24 918 142 26 919 168 69 920 168 69 921 167 68 922 141 24 923 142 26 924 143 28 925 169 70 926 169 70 927 168 69 928 142 26 929 143 28 930 144 30 931 170 71 932 170 71 933 169 70 934 143 28 935 144 30 936 145 32 937 171 72 938 171 72 939 170 71 940 144 30 941 145 32 942 146 34 943 172 73 944 172 73 945 171 72 946 145 32 947 146 34 948 147 36 949 173 74 950 173 74 951 172 73 952 146 34 953 147 36 954 148 38 955 174 75 956 174 75 957 173 74 958 147 36 959 148 38 960 149 40 961 175 76 962 175 76 963 174 75 964 148 38 965 149 40 966 150 42 967 176 77 968 176 77 969 175 76 970 149 40 971 150 42 972 151 44 973 177 78 974 177 78 975 176 77 976 150 42 977 151 44 978 152 46 979 178 79 980 178 79 981 177 78 982 151 44 983 152 46 984 153 48 985 179 80 986 179 80 987 178 79 988 152 46 989 153 48 990 154 50 991 180 81 992 180 81 993 179 80 994 153 48 995 154 50 996 155 52 997 181 82 998 181 82 999 180 81 1000 154 50 1001 155 52 1002 130 4 1003 156 58 1004 156 58 1005 181 82 1006 155 52 1007 0 0 1008 1 0 1009 183 0 1010 183 0 1011 182 0 1012 0 0 1013 1 0 1014 2 0 1015 184 0 1016 184 0 1017 183 0 1018 1 0 1019 2 0 1020 3 0 1021 185 0 1022 185 0 1023 184 0 1024 2 0 1025 3 0 1026 4 0 1027 186 0 1028 186 0 1029 185 0 1030 3 0 1031 4 0 1032 5 0 1033 187 0 1034 187 0 1035 186 0 1036 4 0 1037 5 0 1038 6 0 1039 188 0 1040 188 0 1041 187 0 1042 5 0 1043 6 0 1044 7 0 1045 189 0 1046 189 0 1047 188 0 1048 6 0 1049 7 0 1050 8 0 1051 190 0 1052 190 0 1053 189 0 1054 7 0 1055 8 0 1056 9 0 1057 191 0 1058 191 0 1059 190 0 1060 8 0 1061 9 0 1062 10 0 1063 192 0 1064 192 0 1065 191 0 1066 9 0 1067 10 0 1068 11 0 1069 193 0 1070 193 0 1071 192 0 1072 10 0 1073 11 0 1074 12 0 1075 194 0 1076 194 0 1077 193 0 1078 11 0 1079 12 0 1080 13 0 1081 195 0 1082 195 0 1083 194 0 1084 12 0 1085 13 0 1086 14 0 1087 196 0 1088 196 0 1089 195 0 1090 13 0 1091 14 0 1092 15 0 1093 197 0 1094 197 0 1095 196 0 1096 14 0 1097 15 0 1098 16 0 1099 198 0 1100 198 0 1101 197 0 1102 15 0 1103 16 0 1104 17 0 1105 199 0 1106 199 0 1107 198 0 1108 16 0 1109 17 0 1110 18 0 1111 200 0 1112 200 0 1113 199 0 1114 17 0 1115 18 0 1116 19 0 1117 201 0 1118 201 0 1119 200 0 1120 18 0 1121 19 0 1122 20 0 1123 202 0 1124 202 0 1125 201 0 1126 19 0 1127 20 0 1128 21 0 1129 203 0 1130 203 0 1131 202 0 1132 20 0 1133 21 0 1134 22 0 1135 204 0 1136 204 0 1137 203 0 1138 21 0 1139 22 0 1140 23 0 1141 205 0 1142 205 0 1143 204 0 1144 22 0 1145 23 0 1146 24 0 1147 206 0 1148 206 0 1149 205 0 1150 23 0 1151 24 0 1152 25 0 1153 207 0 1154 207 0 1155 206 0 1156 24 0 1157 25 0 1158 0 0 1159 182 0 1160 182 0 1161 207 0 1162 25 0 1163 27 83 1164 26 83 1165 209 83 1166 209 84 1167 208 84 1168 27 84 1169 26 85 1170 51 85 1171 210 85 1172 210 86 1173 209 86 1174 26 86 1175 51 87 1176 50 87 1177 211 87 1178 211 87 1179 210 87 1180 51 87 1181 50 87 1182 49 87 1183 212 87 1184 212 87 1185 211 87 1186 50 87 1187 49 87 1188 48 87 1189 213 87 1190 213 87 1191 212 87 1192 49 87 1193 48 88 1194 47 88 1195 214 88 1196 214 89 1197 213 89 1198 48 89 1199 47 90 1200 46 90 1201 215 90 1202 215 91 1203 214 91 1204 47 91 1205 46 87 1206 45 87 1207 216 87 1208 216 92 1209 215 92 1210 46 92 1211 45 87 1212 44 87 1213 217 87 1214 217 87 1215 216 87 1216 45 87 1217 44 87 1218 43 87 1219 218 87 1220 218 87 1221 217 87 1222 44 87 1223 43 87 1224 42 87 1225 219 87 1226 219 87 1227 218 87 1228 43 87 1229 42 93 1230 41 93 1231 220 93 1232 220 87 1233 219 87 1234 42 87 1235 41 94 1236 40 94 1237 221 94 1238 221 95 1239 220 95 1240 41 95 1241 40 96 1242 39 96 1243 222 96 1244 222 97 1245 221 97 1246 40 97 1247 39 98 1248 38 98 1249 223 98 1250 223 99 1251 222 99 1252 39 99 1253 38 100 1254 37 100 1255 224 100 1256 224 101 1257 223 101 1258 38 101 1259 37 87 1260 36 87 1261 225 87 1262 225 102 1263 224 102 1264 37 102 1265 36 87 1266 35 87 1267 226 87 1268 226 87 1269 225 87 1270 36 87 1271 35 87 1272 34 87 1273 227 87 1274 227 87 1275 226 87 1276 35 87 1277 34 87 1278 33 87 1279 228 87 1280 228 87 1281 227 87 1282 34 87 1283 33 87 1284 32 87 1285 229 87 1286 229 87 1287 228 87 1288 33 87 1289 32 87 1290 31 87 1291 230 87 1292 230 87 1293 229 87 1294 32 87 1295 31 87 1296 30 87 1297 231 87 1298 231 87 1299 230 87 1300 31 87 1301 30 87 1302 29 87 1303 232 87 1304 232 103 1305 231 103 1306 30 103 1307 29 87 1308 28 87 1309 233 87 1310 233 87 1311 232 87 1312 29 87 1313 28 87 1314 27 87 1315 208 87 1316 208 104 1317 233 104 1318 28 104 1319 163 64 1320 171 72 1321 179 80 1322 286 105 1323 287 106 1324 338 107 1325 338 107 1326 339 108 1327 286 105 1328 287 106 1329 288 109 1330 363 110 1331 363 110 1332 338 107 1333 287 106 1334 288 109 1335 289 111 1336 362 112 1337 362 112 1338 363 110 1339 288 109 1340 289 111 1341 290 113 1342 361 114 1343 361 114 1344 362 112 1345 289 111 1346 290 113 1347 291 115 1348 360 116 1349 360 116 1350 361 114 1351 290 113 1352 291 115 1353 292 117 1354 359 118 1355 359 118 1356 360 116 1357 291 115 1358 292 117 1359 293 119 1360 358 120 1361 358 120 1362 359 118 1363 292 117 1364 293 119 1365 294 121 1366 357 122 1367 357 122 1368 358 120 1369 293 119 1370 294 121 1371 295 123 1372 356 124 1373 356 124 1374 357 122 1375 294 121 1376 295 123 1377 296 125 1378 355 126 1379 355 126 1380 356 124 1381 295 123 1382 296 125 1383 297 127 1384 354 128 1385 354 128 1386 355 126 1387 296 125 1388 297 127 1389 298 129 1390 353 130 1391 353 130 1392 354 128 1393 297 127 1394 298 129 1395 299 131 1396 352 132 1397 352 132 1398 353 130 1399 298 129 1400 299 131 1401 300 133 1402 351 134 1403 351 134 1404 352 132 1405 299 131 1406 300 133 1407 301 135 1408 350 136 1409 350 136 1410 351 134 1411 300 133 1412 301 135 1413 302 137 1414 349 138 1415 349 138 1416 350 136 1417 301 135 1418 302 137 1419 303 139 1420 348 140 1421 348 140 1422 349 138 1423 302 137 1424 303 139 1425 304 141 1426 347 142 1427 347 142 1428 348 140 1429 303 139 1430 304 141 1431 305 143 1432 346 144 1433 346 144 1434 347 142 1435 304 141 1436 305 143 1437 306 145 1438 345 146 1439 345 146 1440 346 144 1441 305 143 1442 306 145 1443 307 147 1444 344 148 1445 344 148 1446 345 146 1447 306 145 1448 307 147 1449 308 149 1450 343 150 1451 343 150 1452 344 148 1453 307 147 1454 308 149 1455 309 151 1456 342 152 1457 342 152 1458 343 150 1459 308 149 1460 309 151 1461 310 153 1462 341 154 1463 341 154 1464 342 152 1465 309 151 1466 310 153 1467 311 155 1468 340 156 1469 340 156 1470 341 154 1471 310 153 1472 311 155 1473 286 105 1474 339 108 1475 339 108 1476 340 156 1477 311 155 1478 364 107 1479 365 108 1480 261 4 1481 261 4 1482 260 3 1483 364 107 1484 365 108 1485 366 156 1486 262 52 1487 262 52 1488 261 4 1489 365 108 1490 366 156 1491 367 154 1492 263 50 1493 263 50 1494 262 52 1495 366 156 1496 367 154 1497 368 152 1498 264 48 1499 264 48 1500 263 50 1501 367 154 1502 368 152 1503 369 150 1504 265 46 1505 265 46 1506 264 48 1507 368 152 1508 369 150 1509 370 148 1510 266 44 1511 266 44 1512 265 46 1513 369 150 1514 370 148 1515 371 146 1516 267 42 1517 267 42 1518 266 44 1519 370 148 1520 371 146 1521 372 157 1522 268 40 1523 268 40 1524 267 42 1525 371 146 1526 372 157 1527 373 142 1528 269 38 1529 269 38 1530 268 40 1531 372 157 1532 373 142 1533 374 140 1534 270 36 1535 270 36 1536 269 38 1537 373 142 1538 374 140 1539 375 138 1540 271 34 1541 271 34 1542 270 36 1543 374 140 1544 375 138 1545 376 136 1546 272 32 1547 272 32 1548 271 34 1549 375 138 1550 376 136 1551 377 134 1552 273 30 1553 273 30 1554 272 32 1555 376 136 1556 377 134 1557 378 132 1558 274 28 1559 274 28 1560 273 30 1561 377 134 1562 378 132 1563 379 158 1564 275 26 1565 275 26 1566 274 28 1567 378 132 1568 379 158 1569 380 128 1570 276 24 1571 276 24 1572 275 26 1573 379 158 1574 380 128 1575 381 126 1576 277 22 1577 277 22 1578 276 24 1579 380 128 1580 381 126 1581 382 124 1582 278 20 1583 278 20 1584 277 22 1585 381 126 1586 382 124 1587 383 122 1588 279 18 1589 279 18 1590 278 20 1591 382 124 1592 383 122 1593 384 120 1594 280 16 1595 280 16 1596 279 18 1597 383 122 1598 384 120 1599 385 118 1600 281 14 1601 281 14 1602 280 16 1603 384 120 1604 385 118 1605 386 116 1606 282 12 1607 282 12 1608 281 14 1609 385 118 1610 386 116 1611 387 159 1612 283 10 1613 283 10 1614 282 12 1615 386 116 1616 387 159 1617 388 112 1618 284 8 1619 284 8 1620 283 10 1621 387 159 1622 388 112 1623 389 110 1624 285 6 1625 285 6 1626 284 8 1627 388 112 1628 389 110 1629 364 107 1630 260 3 1631 260 3 1632 285 6 1633 389 110 1634 182 160 1635 183 160 1636 287 160 1637 287 161 1638 286 161 1639 182 161 1640 183 162 1641 184 162 1642 288 162 1643 288 163 1644 287 163 1645 183 163 1646 184 164 1647 185 164 1648 289 164 1649 289 165 1650 288 165 1651 184 165 1652 185 166 1653 186 166 1654 290 166 1655 290 167 1656 289 167 1657 185 167 1658 186 168 1659 187 168 1660 291 168 1661 291 169 1662 290 169 1663 186 169 1664 187 170 1665 188 170 1666 292 170 1667 292 171 1668 291 171 1669 187 171 1670 188 0 1671 189 0 1672 293 0 1673 293 172 1674 292 172 1675 188 172 1676 189 0 1677 190 0 1678 294 0 1679 294 0 1680 293 0 1681 189 0 1682 190 0 1683 191 0 1684 295 0 1685 295 0 1686 294 0 1687 190 0 1688 191 173 1689 192 173 1690 296 173 1691 296 174 1692 295 174 1693 191 174 1694 192 175 1695 193 175 1696 297 175 1697 297 176 1698 296 176 1699 192 176 1700 193 177 1701 194 177 1702 298 177 1703 298 178 1704 297 178 1705 193 178 1706 194 179 1707 195 179 1708 299 179 1709 299 180 1710 298 180 1711 194 180 1712 195 0 1713 196 0 1714 300 0 1715 300 181 1716 299 181 1717 195 181 1718 196 0 1719 197 0 1720 301 0 1721 301 0 1722 300 0 1723 196 0 1724 197 0 1725 198 0 1726 302 0 1727 302 0 1728 301 0 1729 197 0 1730 198 182 1731 199 182 1732 303 182 1733 303 183 1734 302 183 1735 198 183 1736 199 0 1737 200 0 1738 304 0 1739 304 184 1740 303 184 1741 199 184 1742 200 185 1743 201 185 1744 305 185 1745 305 186 1746 304 186 1747 200 186 1748 201 187 1749 202 187 1750 306 187 1751 306 188 1752 305 188 1753 201 188 1754 202 0 1755 203 0 1756 307 0 1757 307 189 1758 306 189 1759 202 189 1760 203 0 1761 204 0 1762 308 0 1763 308 0 1764 307 0 1765 203 0 1766 204 0 1767 205 0 1768 309 0 1769 309 0 1770 308 0 1771 204 0 1772 205 0 1773 206 0 1774 310 0 1775 310 0 1776 309 0 1777 205 0 1778 206 190 1779 207 190 1780 311 190 1781 311 191 1782 310 191 1783 206 191 1784 207 192 1785 182 192 1786 286 192 1787 286 193 1788 311 193 1789 207 193 1790 235 194 1791 234 194 1792 313 194 1793 313 195 1794 312 195 1795 235 195 1796 234 196 1797 259 196 1798 314 196 1799 314 197 1800 313 197 1801 234 197 1802 259 198 1803 258 198 1804 315 198 1805 315 199 1806 314 199 1807 259 199 1808 258 200 1809 257 200 1810 316 200 1811 316 201 1812 315 201 1813 258 201 1814 257 202 1815 256 202 1816 317 202 1817 317 203 1818 316 203 1819 257 203 1820 256 204 1821 255 204 1822 318 204 1823 318 205 1824 317 205 1825 256 205 1826 255 206 1827 254 206 1828 319 206 1829 319 207 1830 318 207 1831 255 207 1832 254 87 1833 253 87 1834 320 87 1835 320 87 1836 319 87 1837 254 87 1838 253 208 1839 252 208 1840 321 208 1841 321 209 1842 320 209 1843 253 209 1844 252 210 1845 251 210 1846 322 210 1847 322 211 1848 321 211 1849 252 211 1850 251 212 1851 250 212 1852 323 212 1853 323 213 1854 322 213 1855 251 213 1856 250 214 1857 249 214 1858 324 214 1859 324 215 1860 323 215 1861 250 215 1862 249 216 1863 248 216 1864 325 216 1865 325 217 1866 324 217 1867 249 217 1868 248 218 1869 247 218 1870 326 218 1871 326 219 1872 325 219 1873 248 219 1874 247 220 1875 246 220 1876 327 220 1877 327 221 1878 326 221 1879 247 221 1880 246 222 1881 245 222 1882 328 222 1883 328 223 1884 327 223 1885 246 223 1886 245 224 1887 244 224 1888 329 224 1889 329 225 1890 328 225 1891 245 225 1892 244 226 1893 243 226 1894 330 226 1895 330 227 1896 329 227 1897 244 227 1898 243 228 1899 242 228 1900 331 228 1901 331 229 1902 330 229 1903 243 229 1904 242 87 1905 241 87 1906 332 87 1907 332 230 1908 331 230 1909 242 230 1910 241 87 1911 240 87 1912 333 87 1913 333 87 1914 332 87 1915 241 87 1916 240 231 1917 239 231 1918 334 231 1919 334 232 1920 333 232 1921 240 232 1922 239 233 1923 238 233 1924 335 233 1925 335 234 1926 334 234 1927 239 234 1928 238 235 1929 237 235 1930 336 235 1931 336 236 1932 335 236 1933 238 236 1934 237 237 1935 236 237 1936 337 237 1937 337 238 1938 336 238 1939 237 238 1940 236 239 1941 235 239 1942 312 239 1943 312 240 1944 337 240 1945 236 240 1946 338 107 1947 312 241 1948 313 242 1949 313 242 1950 339 108 1951 338 107 1952 339 108 1953 313 242 1954 314 243 1955 314 243 1956 340 156 1957 339 108 1958 340 156 1959 314 243 1960 315 244 1961 315 244 1962 341 154 1963 340 156 1964 341 154 1965 315 244 1966 316 245 1967 316 245 1968 342 152 1969 341 154 1970 342 152 1971 316 245 1972 317 246 1973 317 246 1974 343 150 1975 342 152 1976 343 150 1977 317 246 1978 318 247 1979 318 247 1980 344 148 1981 343 150 1982 344 148 1983 318 247 1984 319 248 1985 319 248 1986 345 146 1987 344 148 1988 345 146 1989 319 248 1990 320 249 1991 320 249 1992 346 144 1993 345 146 1994 346 144 1995 320 249 1996 321 250 1997 321 250 1998 347 142 1999 346 144 2000 347 142 2001 321 250 2002 322 251 2003 322 251 2004 348 140 2005 347 142 2006 348 140 2007 322 251 2008 323 252 2009 323 252 2010 349 138 2011 348 140 2012 349 138 2013 323 252 2014 324 253 2015 324 253 2016 350 136 2017 349 138 2018 350 136 2019 324 253 2020 325 254 2021 325 254 2022 351 134 2023 350 136 2024 351 134 2025 325 254 2026 326 255 2027 326 255 2028 352 132 2029 351 134 2030 352 132 2031 326 255 2032 327 256 2033 327 256 2034 353 130 2035 352 132 2036 353 130 2037 327 256 2038 328 257 2039 328 257 2040 354 128 2041 353 130 2042 354 128 2043 328 257 2044 329 258 2045 329 258 2046 355 126 2047 354 128 2048 355 126 2049 329 258 2050 330 259 2051 330 259 2052 356 124 2053 355 126 2054 356 124 2055 330 259 2056 331 260 2057 331 260 2058 357 122 2059 356 124 2060 357 122 2061 331 260 2062 332 261 2063 332 261 2064 358 120 2065 357 122 2066 358 120 2067 332 261 2068 333 262 2069 333 262 2070 359 118 2071 358 120 2072 359 118 2073 333 262 2074 334 263 2075 334 263 2076 360 116 2077 359 118 2078 360 116 2079 334 263 2080 335 264 2081 335 264 2082 361 114 2083 360 116 2084 361 114 2085 335 264 2086 336 265 2087 336 265 2088 362 112 2089 361 114 2090 362 112 2091 336 265 2092 337 266 2093 337 266 2094 363 110 2095 362 112 2096 363 110 2097 337 266 2098 312 241 2099 312 241 2100 338 107 2101 363 110 2102 364 107 2103 208 241 2104 209 267 2105 209 267 2106 365 108 2107 364 107 2108 365 108 2109 209 267 2110 210 243 2111 210 243 2112 366 156 2113 365 108 2114 366 156 2115 210 243 2116 211 244 2117 211 244 2118 367 154 2119 366 156 2120 367 154 2121 211 244 2122 212 245 2123 212 245 2124 368 152 2125 367 154 2126 368 152 2127 212 245 2128 213 246 2129 213 246 2130 369 150 2131 368 152 2132 369 150 2133 213 246 2134 214 247 2135 214 247 2136 370 148 2137 369 150 2138 370 148 2139 214 247 2140 215 248 2141 215 248 2142 371 146 2143 370 148 2144 371 146 2145 215 248 2146 216 249 2147 216 249 2148 372 157 2149 371 146 2150 372 157 2151 216 249 2152 217 250 2153 217 250 2154 373 142 2155 372 157 2156 373 142 2157 217 250 2158 218 251 2159 218 251 2160 374 140 2161 373 142 2162 374 140 2163 218 251 2164 219 268 2165 219 268 2166 375 138 2167 374 140 2168 375 138 2169 219 268 2170 220 253 2171 220 253 2172 376 136 2173 375 138 2174 376 136 2175 220 253 2176 221 269 2177 221 269 2178 377 134 2179 376 136 2180 377 134 2181 221 269 2182 222 270 2183 222 270 2184 378 132 2185 377 134 2186 378 132 2187 222 270 2188 223 271 2189 223 271 2190 379 158 2191 378 132 2192 379 158 2193 223 271 2194 224 257 2195 224 257 2196 380 128 2197 379 158 2198 380 128 2199 224 257 2200 225 272 2201 225 272 2202 381 126 2203 380 128 2204 381 126 2205 225 272 2206 226 273 2207 226 273 2208 382 124 2209 381 126 2210 382 124 2211 226 273 2212 227 260 2213 227 260 2214 383 122 2215 382 124 2216 383 122 2217 227 260 2218 228 261 2219 228 261 2220 384 120 2221 383 122 2222 384 120 2223 228 261 2224 229 262 2225 229 262 2226 385 118 2227 384 120 2228 385 118 2229 229 262 2230 230 263 2231 230 263 2232 386 116 2233 385 118 2234 386 116 2235 230 263 2236 231 274 2237 231 274 2238 387 159 2239 386 116 2240 387 159 2241 231 274 2242 232 265 2243 232 265 2244 388 112 2245 387 159 2246 388 112 2247 232 265 2248 233 266 2249 233 266 2250 389 110 2251 388 112 2252 389 110 2253 233 266 2254 208 241 2255 208 241 2256 364 107 2257 389 110 2258 159 60 2259 160 61 2260 161 62 2261 161 62 2262 162 63 2263 163 64 2264 163 64 2265 164 65 2266 167 68 2267 164 65 2268 165 66 2269 167 68 2270 165 66 2271 166 67 2272 167 68 2273 167 68 2274 168 69 2275 169 70 2276 169 70 2277 170 71 2278 171 72 2279 171 72 2280 172 73 2281 175 76 2282 172 73 2283 173 74 2284 175 76 2285 173 74 2286 174 75 2287 175 76 2288 175 76 2289 176 77 2290 177 78 2291 177 78 2292 178 79 2293 179 80 2294 179 80 2295 180 81 2296 157 57 2297 180 81 2298 181 82 2299 157 57 2300 181 82 2301 156 58 2302 157 57 2303 157 57 2304 158 59 2305 159 60 2306 159 60 2307 161 62 2308 157 57 2309 161 62 2310 163 64 2311 157 57 2312 167 68 2313 169 70 2314 171 72 2315 175 76 2316 177 78 2317 171 72 2318 177 78 2319 179 80 2320 171 72 2321 163 64 2322 167 68 2323 171 72 2324 179 80 2325 157 57 2326 163 64 2327</p>
        </triangles>
      </mesh>
    </geometry>
    <geometry id="Circle_005-mesh" name="Circle.005">
      <mesh>
        <source id="Circle_005-mesh-positions">
          <float_array id="Circle_005-mesh-positions-array" count="1443">0 0.2249749 0 -0.02351623 0.2237426 0 -0.04677492 0.2200587 0 -0.06952106 0.2139639 0 -0.09150552 0.2055249 0 -0.1124874 0.194834 0 -0.1322369 0.1820086 0 -0.1505376 0.167189 0 -0.167189 0.1505376 0 -0.1820085 0.132237 0 -0.194834 0.1124875 0 -0.2055249 0.09150558 0 -0.2139639 0.06952106 0 -0.2200587 0.04677492 0 -0.2237425 0.02351629 0 -0.2249749 0 0 -0.2237425 -0.02351623 0 -0.2200587 -0.04677492 0 -0.2139639 -0.06952106 0 -0.2055248 -0.09150552 0 -0.194834 -0.1124874 0 -0.1820085 -0.1322369 0 -0.167189 -0.1505376 0 -0.1505376 -0.167189 0 -0.1322369 -0.1820086 0 -0.1124874 -0.194834 0 -0.09150552 -0.2055249 0 -0.06952106 -0.2139639 0 -0.04677486 -0.2200587 0 -0.02351623 -0.2237425 0 0 -0.2249749 0 0.02351623 -0.2237425 0 0.04677492 -0.2200587 0 0.06952106 -0.2139639 0 0.09150558 -0.2055248 0 0.1124874 -0.194834 0 0.132237 -0.1820085 0 0.1505376 -0.167189 0 0.167189 -0.1505376 0 0.1820086 -0.1322369 0 0.1948341 -0.1124874 0 0.2055249 -0.09150552 0 0.2139639 -0.06952106 0 0.2200587 -0.04677492 0 0.2237426 -0.02351623 0 0.2249749 0 0 0.2237426 0.02351623 0 0.2200587 0.04677486 0 0.2139639 0.06952112 0 0.2055249 0.09150558 0 0.1948341 0.1124874 0 0.1820086 0.1322369 0 0.167189 0.1505377 0 0.1505376 0.167189 0 0.132237 0.1820086 0 0.1124875 0.194834 0 0.09150552 0.2055249 0 0.06952106 0.2139639 0 0.04677492 0.2200587 0 0.02351629 0.2237426 0 0 0.2249749 0 -0.02351623 0.2237426 0 -0.04677492 0.2200587 0 -0.06952106 0.2139639 0 -0.09150552 0.2055249 0 -0.1124874 0.194834 0 -0.1322369 0.1820086 0 -0.1505376 0.167189 0 -0.167189 0.1505376 0 -0.1820085 0.132237 0 -0.194834 0.1124875 0 -0.2055249 0.09150558 0 -0.2139639 0.06952106 0 -0.2200587 0.04677492 0 -0.2237425 0.02351629 0 -0.2249749 0 0 -0.2237425 -0.02351623 0 -0.2200587 -0.04677492 0 -0.2139639 -0.06952106 0 -0.2055248 -0.09150552 0 -0.194834 -0.1124874 0 -0.1820085 -0.1322369 0 -0.167189 -0.1505376 0 -0.1505376 -0.167189 0 -0.1322369 -0.1820086 0 -0.1124874 -0.194834 0 -0.09150552 -0.2055249 0 -0.06952106 -0.2139639 0 -0.04677486 -0.2200587 0 -0.02351623 -0.2237425 0 0 -0.2249749 0 0.02351623 -0.2237425 0 0.04677492 -0.2200587 0 0.06952106 -0.2139639 0 0.09150558 -0.2055248 0 0.1124874 -0.194834 0 0.132237 -0.1820085 0 0.1505376 -0.167189 0 0.167189 -0.1505376 0 0.1820086 -0.1322369 0 0.1948341 -0.1124874 0 0.2055249 -0.09150552 0 0.2139639 -0.06952106 0 0.2200587 -0.04677492 0 0.2237426 -0.02351623 0 0.2249749 0 0 0.2237426 0.02351623 0 0.2200587 0.04677486 0 0.2139639 0.06952112 0 0.2055249 0.09150558 0 0.1948341 0.1124874 0 0.1820086 0.1322369 0 0.167189 0.1505377 0 0.1505376 0.167189 0 0.132237 0.1820086 0 0.1124875 0.194834 0 0.09150552 0.2055249 0 0.06952106 0.2139639 0 0.04677492 0.2200587 0 0.02351629 0.2237426 0 0 0.2249749 0 -0.02351623 0.2237426 0 -0.04677492 0.2200587 0 -0.06952106 0.2139639 0 -0.09150552 0.2055249 0 -0.1124874 0.194834 0 -0.1322369 0.1820086 0 -0.1505376 0.167189 0 -0.167189 0.1505376 0 -0.1820085 0.132237 0 -0.194834 0.1124875 0 -0.2055249 0.09150558 0 -0.2139639 0.06952106 0 -0.2200587 0.04677492 0 -0.2237425 0.02351629 0 -0.2249749 0 0 -0.2237425 -0.02351623 0 -0.2200587 -0.04677492 0 -0.2139639 -0.06952106 0 -0.2055248 -0.09150552 0 -0.194834 -0.1124874 0 -0.1820085 -0.1322369 0 -0.167189 -0.1505376 0 -0.1505376 -0.167189 0 -0.1322369 -0.1820086 0 -0.1124874 -0.194834 0 -0.09150552 -0.2055249 0 -0.06952106 -0.2139639 0 -0.04677486 -0.2200587 0 -0.02351623 -0.2237425 0 0 -0.2249749 0 0.02351623 -0.2237425 0 0.04677492 -0.2200587 0 0.06952106 -0.2139639 0 0.09150558 -0.2055248 0 0.1124874 -0.194834 0 0.132237 -0.1820085 0 0.1505376 -0.167189 0 0.167189 -0.1505376 0 0.1820086 -0.1322369 0 0.1948341 -0.1124874 0 0.2055249 -0.09150552 0 0.2139639 -0.06952106 0 0.2200587 -0.04677492 0 0.2237426 -0.02351623 0 0.2249749 0 0 0.2237426 0.02351623 0 0.2200587 0.04677486 0 0.2139639 0.06952112 0 0.2055249 0.09150558 0 0.1948341 0.1124874 0 0.1820086 0.1322369 0 0.167189 0.1505377 0 0.1505376 0.167189 0 0.132237 0.1820086 0 0.1124875 0.194834 0 0.09150552 0.2055249 0 0.06952106 0.2139639 0 0.04677492 0.2200587 0 0.02351629 0.2237426 0 0 0.2249749 0 -0.02351623 0.2237426 0 -0.04677492 0.2200587 0 -0.06952106 0.2139639 0 -0.09150552 0.2055249 0 -0.1124874 0.194834 0 -0.1322369 0.1820086 0 -0.1505376 0.167189 0 -0.167189 0.1505376 0 -0.1820085 0.132237 0 -0.194834 0.1124875 0 -0.2055249 0.09150558 0 -0.2139639 0.06952106 0 -0.2200587 0.04677492 0 -0.2237425 0.02351629 0 -0.2249749 0 0 -0.2237425 -0.02351623 0 -0.2200587 -0.04677492 0 -0.2139639 -0.06952106 0 -0.2055248 -0.09150552 0 -0.194834 -0.1124874 0 -0.1820085 -0.1322369 0 -0.167189 -0.1505376 0 -0.1505376 -0.167189 0 -0.1322369 -0.1820086 0 -0.1124874 -0.194834 0 -0.09150552 -0.2055249 0 -0.06952106 -0.2139639 0 -0.04677486 -0.2200587 0 -0.02351623 -0.2237425 0 0 -0.2249749 0 0.02351623 -0.2237425 0 0.04677492 -0.2200587 0 0.06952106 -0.2139639 0 0.09150558 -0.2055248 0 0.1124874 -0.194834 0 0.132237 -0.1820085 0 0.1505376 -0.167189 0 0.167189 -0.1505376 0 0.1820086 -0.1322369 0 0.1948341 -0.1124874 0 0.2055249 -0.09150552 0 0.2139639 -0.06952106 0 0.2200587 -0.04677492 0 0.2237426 -0.02351623 0 0.2249749 0 0 0.2237426 0.02351623 0 0.2200587 0.04677486 0 0.2139639 0.06952112 0 0.2055249 0.09150558 0 0.1948341 0.1124874 0 0.1820086 0.1322369 0 0.167189 0.1505377 0 0.1505376 0.167189 0 0.132237 0.1820086 0 0.1124875 0.194834 0 0.09150552 0.2055249 0 0.06952106 0.2139639 0 0.04677492 0.2200587 0 0.02351629 0.2237426 0 0 0.1719396 0.02500987 -0.01797258 0.1709977 0.02500987 -0.03574824 0.1681823 0.02500987 -0.05313223 0.1635243 0.02500987 -0.06993407 0.1570747 0.02500987 -0.0859698 0.148904 0.02500987 -0.1010636 0.1391021 0.02500987 -0.11505 0.127776 0.02500987 -0.127776 0.11505 0.02500987 -0.1391021 0.1010636 0.02500987 -0.1489041 0.0859698 0.02500987 -0.1570746 0.06993412 0.02500987 -0.1635243 0.05313229 0.02500987 -0.1681823 0.03574824 0.02500987 -0.1709977 0.01797252 0.02500987 -0.1719396 0 0.02500987 -0.1709977 -0.01797252 0.02500987 -0.1681823 -0.03574824 0.02500987 -0.1635243 -0.05313223 0.02500987 -0.1570746 -0.06993412 0.02500987 -0.148904 -0.0859698 0.02500987 -0.139102 -0.1010636 0.02500987 -0.127776 -0.1150501 0.02500987 -0.11505 -0.127776 0.02500987 -0.1010636 -0.1391021 0.02500987 -0.0859698 -0.148904 0.02500987 -0.06993412 -0.1570747 0.02500987 -0.05313229 -0.1635243 0.02500987 -0.03574824 -0.1681823 0.02500987 -0.01797252 -0.1709977 0.02500987 0 -0.1719396 0.02500987 0.01797252 -0.1709977 0.02500987 0.0357483 -0.1681823 0.02500987 0.05313223 -0.1635243 0.02500987 0.06993412 -0.1570746 0.02500987 0.0859698 -0.148904 0.02500987 0.1010636 -0.1391021 0.02500987 0.11505 -0.127776 0.02500987 0.127776 -0.11505 0.02500987 0.1391021 -0.1010634 0.02500987 0.1489041 -0.08596974 0.02500987 0.1570747 -0.06993407 0.02500987 0.1635243 -0.05313229 0.02500987 0.1681823 -0.0357483 0.02500987 0.1709977 -0.01797252 0.02500987 0.1719396 0 0.02500987 0.1709977 0.01797258 0.02500987 0.1681823 0.03574824 0.02500987 0.1635243 0.05313229 0.02500987 0.1570747 0.06993412 0.02500987 0.1489041 0.08596974 0.02500987 0.1391021 0.1010635 0.02500987 0.127776 0.1150501 0.02500987 0.11505 0.127776 0.02500987 0.1010636 0.1391021 0.02500987 0.08596986 0.148904 0.02500987 0.06993407 0.1570747 0.02500987 0.05313229 0.1635243 0.02500987 0.03574824 0.1681823 0.02500987 0.01797258 0.1709977 0.02500987 -0.02351623 0.2237426 0.02500987 0 0.2249749 0.02500987 -0.04677492 0.2200587 0.02500987 -0.06952106 0.2139639 0.02500987 -0.09150552 0.2055249 0.02500987 -0.1124874 0.194834 0.02500987 -0.1322369 0.1820086 0.02500987 -0.1505376 0.167189 0.02500987 -0.167189 0.1505376 0.02500987 -0.1820085 0.132237 0.02500987 -0.194834 0.1124875 0.02500987 -0.2055249 0.09150558 0.02500987 -0.2139639 0.06952106 0.02500987 -0.2200587 0.04677492 0.02500987 -0.2237425 0.02351629 0.02500987 -0.2249749 0 0.02500987 -0.2237425 -0.02351623 0.02500987 -0.2200587 -0.04677492 0.02500987 -0.2139639 -0.06952106 0.02500987 -0.2055248 -0.09150552 0.02500987 -0.194834 -0.1124874 0.02500987 -0.1820085 -0.1322369 0.02500987 -0.167189 -0.1505376 0.02500987 -0.1505376 -0.167189 0.02500987 -0.1322369 -0.1820086 0.02500987 -0.1124874 -0.194834 0.02500987 -0.09150552 -0.2055249 0.02500987 -0.06952106 -0.2139639 0.02500987 -0.04677486 -0.2200587 0.02500987 -0.02351623 -0.2237425 0.02500987 0 -0.2249749 0.02500987 0.02351623 -0.2237425 0.02500987 0.04677492 -0.2200587 0.02500987 0.06952106 -0.2139639 0.02500987 0.09150558 -0.2055248 0.02500987 0.1124874 -0.194834 0.02500987 0.132237 -0.1820085 0.02500987 0.1505376 -0.167189 0.02500987 0.167189 -0.1505376 0.02500987 0.1820086 -0.1322369 0.02500987 0.1948341 -0.1124874 0.02500987 0.2055249 -0.09150552 0.02500987 0.2139639 -0.06952106 0.02500987 0.2200587 -0.04677492 0.02500987 0.2237426 -0.02351623 0.02500987 0.2249749 0 0.02500987 0.2237426 0.02351623 0.02500987 0.2200587 0.04677486 0.02500987 0.2139639 0.06952112 0.02500987 0.2055249 0.09150558 0.02500987 0.1948341 0.1124874 0.02500987 0.1820086 0.1322369 0.02500987 0.167189 0.1505377 0.02500987 0.1505376 0.167189 0.02500987 0.132237 0.1820086 0.02500987 0.1124875 0.194834 0.02500987 0.09150552 0.2055249 0.02500987 0.06952106 0.2139639 0.02500987 0.04677492 0.2200587 0.02500987 0.02351629 0.2237426 0.02500987 -0.02333188 0.2219886 0.02500987 0 0.2232113 0.02500987 -0.04640823 0.2183336 0.02500987 -0.06897604 0.2122866 0.02500987 -0.09078818 0.2039137 0.02500987 -0.1116057 0.1933066 0.02500987 -0.1312003 0.1805818 0.02500987 -0.1493575 0.1658783 0.02500987 -0.1658783 0.1493575 0.02500987 -0.1805817 0.1312003 0.02500987 -0.1933066 0.1116057 0.02500987 -0.2039137 0.09078818 0.02500987 -0.2122865 0.0689761 0.02500987 -0.2183336 0.04640823 0.02500987 -0.2219885 0.02333194 0.02500987 -0.2232113 0 0.02500987 -0.2219885 -0.02333188 0.02500987 -0.2183336 -0.04640823 0.02500987 -0.2122865 -0.06897604 0.02500987 -0.2039136 -0.09078818 0.02500987 -0.1933066 -0.1116057 0.02500987 -0.1805817 -0.1312003 0.02500987 -0.1658783 -0.1493575 0.02500987 -0.1493575 -0.1658783 0.02500987 -0.1312003 -0.1805818 0.02500987 -0.1116057 -0.1933066 0.02500987 -0.09078818 -0.2039137 0.02500987 -0.06897604 -0.2122865 0.02500987 -0.04640817 -0.2183336 0.02500987 -0.02333194 -0.2219885 0.02500987 0 -0.2232113 0.02500987 0.02333194 -0.2219885 0.02500987 0.04640823 -0.2183336 0.02500987 0.06897604 -0.2122865 0.02500987 0.09078818 -0.2039136 0.02500987 0.1116057 -0.1933066 0.02500987 0.1312003 -0.1805817 0.02500987 0.1493575 -0.1658783 0.02500987 0.1658783 -0.1493574 0.02500987 0.1805818 -0.1312002 0.02500987 0.1933067 -0.1116056 0.02500987 0.2039137 -0.09078818 0.02500987 0.2122866 -0.06897604 0.02500987 0.2183336 -0.04640823 0.02500987 0.2219886 -0.02333188 0.02500987 0.2232113 0 0.02500987 0.2219886 0.02333188 0.02500987 0.2183336 0.04640817 0.02500987 0.2122866 0.0689761 0.02500987 0.2039137 0.09078818 0.02500987 0.1933067 0.1116057 0.02500987 0.1805818 0.1312003 0.02500987 0.1658783 0.1493576 0.02500987 0.1493575 0.1658783 0.02500987 0.1312003 0.1805818 0.02500987 0.1116057 0.1933066 0.02500987 0.09078818 0.2039137 0.02500987 0.06897604 0.2122866 0.02500987 0.04640823 0.2183336 0.02500987 0.02333194 0.2219886 0.02500987 -0.02273058 0.2162674 0.02500987 0 0.2174586 0.02500987 -0.04521214 0.2127066 0.02500987 -0.06719839 0.2068154 0.02500987 -0.08844834 0.1986583 0.02500987 -0.1087293 0.1883246 0.02500987 -0.1278189 0.1759277 0.02500987 -0.1455082 0.1616032 0.02500987 -0.1616032 0.1455082 0.02500987 -0.1759276 0.127819 0.02500987 -0.1883246 0.1087293 0.02500987 -0.1986583 0.08844834 0.02500987 -0.2068154 0.06719839 0.02500987 -0.2127065 0.04521214 0.02500987 -0.2162673 0.02273058 0.02500987 -0.2174586 0 0.02500987 -0.2162673 -0.02273058 0.02500987 -0.2127065 -0.04521214 0.02500987 -0.2068154 -0.06719839 0.02500987 -0.1986582 -0.08844834 0.02500987 -0.1883246 -0.1087293 0.02500987 -0.1759276 -0.1278189 0.02500987 -0.1616032 -0.1455082 0.02500987 -0.1455082 -0.1616032 0.02500987 -0.1278189 -0.1759277 0.02500987 -0.1087293 -0.1883246 0.02500987 -0.08844834 -0.1986583 0.02500987 -0.06719839 -0.2068154 0.02500987 -0.04521214 -0.2127065 0.02500987 -0.02273058 -0.2162673 0.02500987 0 -0.2174586 0.02500987 0.02273058 -0.2162673 0.02500987 0.0452122 -0.2127065 0.02500987 0.06719839 -0.2068154 0.02500987 0.08844834 -0.1986582 0.02500987 0.1087293 -0.1883246 0.02500987 0.127819 -0.1759276 0.02500987 0.1455082 -0.1616032 0.02500987 0.1616032 -0.1455081 0.02500987 0.1759277 -0.1278188 0.02500987 0.1883247 -0.1087293 0.02500987 0.1986583 -0.08844834 0.02500987 0.2068154 -0.06719839 0.02500987 0.2127065 -0.0452122 0.02500987 0.2162674 -0.02273052 0.02500987 0.2174586 0 0.02500987 0.2162673 0.02273058 0.02500987 0.2127066 0.04521214 0.02500987 0.2068154 0.06719839 0.02500987 0.1986583 0.08844834 0.02500987 0.1883247 0.1087293 0.02500987 0.1759277 0.1278189 0.02500987 0.1616032 0.1455082 0.02500987 0.1455082 0.1616032 0.02500987 0.127819 0.1759277 0.02500987 0.1087293 0.1883246 0.02500987 0.08844834 0.1986583 0.02500987 0.06719839 0.2068154 0.02500987 0.04521214 0.2127065 0.02500987 0.02273064 0.2162674 0.02500987 0 -1.49012e-7 0.02500987</float_array>
          <technique_common>
            <accessor source="#Circle_005-mesh-positions-array" count="481" stride="3">
              <param name="X" type="float"/>
              <param name="Y" type="float"/>
              <param name="Z" type="float"/>
            </accessor>
          </technique_common>
        </source>
        <source id="Circle_005-mesh-normals">
          <float_array id="Circle_005-mesh-normals-array" count="816">0 0 1 0.2588168 0.9659264 0 0.1564341 -0.9876884 0 -0.5446383 0.8386712 0 0.156437 0.987688 0 0.2588194 -0.9659258 0 -0.6293206 0.7771458 0 0.05233365 0.9986297 0 0.3583684 -0.9335803 0 -0.7071074 0.7071063 0 0.4539903 -0.8910066 0 -0.7771463 0.6293201 0 0.544639 -0.8386706 0 -0.8386701 0.5446398 0 0.6293203 -0.7771461 0 -0.8910055 0.4539926 0 0.7071086 -0.707105 0 -0.9335808 0.3583671 0 0.7771452 -0.6293213 0 -0.9659259 0.2588186 0 0.8386697 -0.5446404 0 -0.9876883 0.1564351 0 0.8910066 -0.4539906 0 -0.9986296 0.05233585 0 0.9335802 -0.3583687 0 -0.9986295 -0.05233585 0 0.9659262 -0.2588176 0 -0.9876885 -0.1564337 0 0.9876881 -0.1564361 0 -0.9659259 -0.2588186 0 0.9986297 -0.0523343 0 -0.9335802 -0.3583687 0 0.9986298 0.05233275 0 -0.8910068 -0.4539901 0 0.9876886 0.1564337 0 -0.8386697 -0.5446404 0 0.9659261 0.258818 0 -0.7771474 -0.6293188 0 0.9335801 0.3583689 0 -0.7071065 -0.7071071 0 0.8910066 0.4539906 0 -0.6293202 -0.7771461 0 0.8386704 0.5446392 0 -0.5446383 -0.8386712 0 0.7771468 0.6293195 0 -0.4539917 -0.8910059 0 0.7071053 0.7071084 0 -0.3583666 -0.9335809 0 -0.05233377 0.9986297 0 0.6293214 0.7771453 0 -0.2588186 -0.9659259 0 -0.1564344 0.9876884 0 0.5446383 0.8386712 0 -0.1564345 -0.9876884 0 -0.2588188 0.9659259 0 0.4539908 0.8910064 0 -0.05233621 -0.9986296 0 -0.3583686 0.9335802 0 0.3583688 0.9335802 0 0.05233633 -0.9986295 0 -0.453992 0.8910058 0 0 0 -1 -1.75428e-7 0 1 1.76814e-7 0 1 7.01711e-7 0 1 3.53623e-7 0 1 7.0726e-7 0 1 4.42038e-7 0 1 -9.72474e-7 0 1 1.72395e-6 0 1 3.09425e-7 0 1 -9.28273e-7 0 1 2.5196e-6 0 1 -2.80686e-6 0 1 2.80686e-6 0 1 1.76814e-7 0 1 -1.76813e-7 0 1 3.5363e-7 0 1 1.76814e-7 0 1 -3.53618e-7 0 1 1.76815e-7 0 1 -1.76814e-7 0 1 1.76813e-7 0 1 -7.01711e-7 0 1 -1.40342e-6 0 1 -7.07258e-7 0 1 9.72476e-7 0 1 -4.42037e-7 0 1 -8.84079e-7 0 1 1.10509e-6 0 1 -3.09425e-7 0 1 2.80685e-6 0 1 3.09424e-7 0 1 2.80684e-6 0 1 -1.76814e-7 0 1 1.76815e-7 0 1 -3.5363e-7 0 1 -8.84076e-7 0 1 5.30454e-7 0 1 -3.53626e-7 0 1 0 0 1 2.22569e-7 0 1 -2.2257e-7 0 1 0 0 1 2.22569e-7 0 1 0 0 1 4.45139e-7 0 1 2.22569e-7 0 1 3.33854e-7 0 1 5.56423e-7 0 1 5.56422e-7 0 1 3.33854e-7 0 1 3.33854e-7 0 1 2.22569e-7 0 1 -4.33663e-7 0 1 -2.22568e-7 0 1 2.22568e-7 0 1 3.33852e-7 0 1 2.22569e-7 0 1 -3.33853e-7 0 1 -8.67333e-7 0 1 -2.2257e-7 0 1 0 0 1 -3.06033e-7 0 1 8.6733e-7 0 1 -3.33854e-7 0 1 0 0 1 2.2257e-7 0 1 4.3366e-7 0 1 -2.16833e-7 0 1 -1.3361e-7 0 1 -2.84602e-7 0 1 0 0 1 0 0 1 0 0 1 0 0 1 0 0 1 0 0 1 0 0 1 -1.42301e-7 0 1 0 0 1 1.42301e-7 0 1 -2.84603e-7 0 1 2.10964e-7 0 1 0 0 1 0 0 1 0 0 1 0 0 1 0 0 1 0 0 1 0 0 1 0 0 1 0 0 1 0 0 1 -2.84603e-7 0 1 0 0 1 -1.68771e-7 0 1 1.5069e-7 0 1 0.2588192 -0.9659259 0 -0.6293202 0.7771461 0 0.05233365 0.9986297 0 0.3583682 -0.9335803 0 -0.7071065 0.7071071 0 0.6293199 -0.7771465 0 -0.8910061 0.4539913 0 0.7071078 -0.7071058 0 -0.9335813 0.3583657 0 0.8386704 -0.5446392 0 -0.9876885 0.1564336 0 -0.9986296 0.05233585 0 -0.9986296 -0.05233585 0 0.9659267 -0.2588161 0 -0.9876883 -0.1564351 0 0.9876882 -0.1564361 0 0.9986298 -0.05233275 0 0.9986297 0.0523343 0 0.9876883 0.1564353 0 -0.7071074 -0.7071063 0 -0.6293206 -0.7771458 0 0.8386697 0.5446404 0 -0.453992 -0.8910058 0 0.707106 0.7071076 0 -0.3583664 -0.933581 0 -0.05233377 0.9986297 0 0.6293218 0.7771449 0 0.5446387 0.8386709 0 -0.3583688 0.9335802 0 0.3583686 0.9335802 0 -0.4539917 0.8910059 0 -1.50689e-7 0 1 0 0 1 1.5069e-7 0 1 0 0 1 0 0 1 0 0 1 0 0 1 0 0 1 -3.53626e-7 0 1 -5.30454e-7 0 1 -1.85655e-6 0 1 -3.09424e-7 0 1 -9.28273e-7 0 1 -2.80685e-6 0 1 -1.10509e-6 0 1 -1.94497e-6 0 1 4.42035e-7 0 1 4.42036e-7 0 1 1.40342e-6 0 1 1.76818e-7 0 1 -1.76815e-7 0 1 5.30443e-7 0 1 5.30447e-7 0 1 -1.23771e-6 0 1 -2.80686e-6 0 1 3.09423e-7 0 1 -3.09424e-7 0 1 -1.72395e-6 0 1 -8.84081e-7 0 1 -4.42035e-7 0 1 9.72479e-7 0 1 1.75424e-7 0 1 2.16833e-7 0 1 -4.33666e-7 0 1 -3.33854e-7 0 1 -5.56423e-7 0 1 3.33853e-7 0 1 0 0 1 0 0 1 -2.22568e-7 0 1 2.22569e-7 0 1 -3.33854e-7 0 1 2.22568e-7 0 1 0 0 1 -5.84242e-7 0 1 -3.33854e-7 0 1 0 0 1 -4.33668e-7 0 1 0 0 1 2.2257e-7 0 1 -2.22568e-7 0 1 0 0 1 2.10964e-7 0 1 0 0 1 0 0 1 0 0 1 0 0 1 0 0 1 0 0 1 0 0 1 0 0 1 -2.84601e-7 0 1 0 0 1 0 0 1 -1.42301e-7 0 1 1.423e-7 0 1 0 0 1 0 0 1 0 0 1 1.423e-7 0 1 0 0 1 0 0 1 2.84602e-7 0 1 1.3361e-7 0 1 -3.0138e-7 0 1 0 0 1 -1.5069e-7 0 1 -1.50689e-7 0 1 1.50689e-7 0 1 0 0 1 0 0 1 -3.01381e-7 0 1 3.01381e-7 0 1</float_array>
          <technique_common>
            <accessor source="#Circle_005-mesh-normals-array" count="272" stride="3">
              <param name="X" type="float"/>
              <param name="Y" type="float"/>
              <param name="Z" type="float"/>
            </accessor>
          </technique_common>
        </source>
        <source id="Circle_005-mesh-map-0">
          <float_array id="Circle_005-mesh-map-0-array" count="5748">0 0 0 0 0 0 0 0 0 0 0 0 0 0 0 0 0 0 0 0 0 0 0 0 0 0 0 0 0 0 0 0 0 0 0 0 0 0 0 0 0 0 0 0 0 0 0 0 0 0 0 0 0 0 0 0 0 0 0 0 0 0 0 0 0 0 0 0 0 0 0 0 0 0 0 0 0 0 0 0 0 0 0 0 0 0 0 0 0 0 0 0 0 0 0 0 0 0 0 0 0 0 0 0 0 0 0 0 0 0 0 0 0 0 0 0 0 0 0 0 0 0 0 0 0 0 0 0 0 0 0 0 0 0 0 0 0 0 0 0 0 0 0 0 0 0 0 0 0 0 0 0 0 0 0 0 0 0 0 0 0 0 0 0 0 0 0 0 0 0 0 0 0 0 0 0 0 0 0 0 0 0 0 0 0 0 0 0 0 0 0 0 0 0 0 0 0 0 0 0 0 0 0 0 0 0 0 0 0 0 0 0 0 0 0 0 0 0 0 0 0 0 0 0 0 0 0 0 0 0 0 0 0 0 0 0 0 0 0 0 0 0 0 0 0 0 0 0 0 0 0 0 0 0 0 0 0 0 0 0 0 0 0 0 0 0 0 0 0 0 0 0 0 0 0 0 0 0 0 0 0 0 0 0 0 0 0 0 0 0 0 0 0 0 0 0 0 0 0 0 0 0 0 0 0 0 0 0 0 0 0 0 0 0 0 0 0 0 0 0 0 0 0 0 0 0 0 0 0 0 0 0 0 0 0 0 0 0 0 0 0 0 0 0 0 0 0 0 0 0 0 0 0 0 0 0 0 0 0 0 0 0 0 0 0 0 0 0 0 0 0 0 0 0 0 0 0 0 0 0 0 0 0 0 0 0 0 0 0 0 0 0 0 0 0 0 0 0 0 0 0 0 0 0 0 0 0 0 0 0 0 0 0 0 0 0 0 0 0 0 0 0 0 0 0 0 0 0 0 0 0 0 0 0 0 0 0 0 0 0 0 0 0 0 0 0 0 0 0 0 0 0 0 0 0 0 0 0 0 0 0 0 0 0 0 0 0 0 0 0 0 0 0 0 0 0 0 0 0 0 0 0 0 0 0 0 0 0 0 0 0 0 0 0 0 0 0 0 0 0 0 0 0 0 0 0 0 0 0 0 0 0 0 0 0 0 0 0 0 0 0 0 0 0 0 0 0 0 0 0 0 0 0 0 0 0 0 0 0 0 0 0 0 0 0 0 0 0 0 0 0 0 0 0 0 0 0 0 0 0 0 0 0 0 0 0 0 0 0 0 0 0 0 0 0 0 0 0 0 0 0 0 0 0 0 0 0 0 0 0 0 0 0 0 0 0 0 0 0 0 0 0 0 0 0 0 0 0 0 0 0 0 0 0 0 0 0 0 0 0 0 0 0 0 0 0 0 0 0 0 0 0 0 0 0 0 0 0 0 0 0 0 0 0 0 0 0 0 0 0 0 0 0 0 0 0 0 0 0 0 0 0 0 0 0 0 0 0 0 0 0 0 0 0 0 0 0 0 0 0 0 0 0 0 0 0 0 0 0 0 0 0 0 0 0 0 0 0 0 0 0 0 0 0 0 0 0 0 0 0 0 0 0 0 0 0 0 0 0 0 0 0 0 0 0 0 0 0 0 0 0 0 0 0 0 0 0 0 0 0 0 0 0 0 0 0 0 0 0 0 0 0 0 0 0 0 0 0 0 0 0 0 0 0 0 0 0 0 0 0 0 0 0 0 0 0 0 0 0 0 0 0 0 0 0 0 0 0 0 0 0 0 0 0 0 0 0 0 0 0 0 0 0 0 0 0 0 0 0 0 0 0 0 0 0 0 0 0 0 0 0 0 0 0 0 0 0 0 0 0 0 0 0 0 0 0 0 0 0 0 0 0 0 0 0 0 0 0 0 0 0 0 0 0 0 0 0 0 0 0 0 0 0 0 0 0 0 0 0 0 0 0 0 0 0 0 0 0 0 0 0 0 0 0 0 0 0 0 0 0 0 0 0 0 0 0 0 0 0 0 0 0 0 0 0 0 0 0 0 0 0 0 0 0 0 0 0 0 0 0 0 0 0 0 0 0 0 0 0 0 0 0 0 0 0 0 0 0 0 0 0 0 0 0 0 0 0 0 0 0 0 0 0 0 0 0 0 0 0 0 0 0 0 0 0 0 0 0 0 0 0 0 0 0 0 0 0 0 0 0 0 0 0 0 0 0 0 0 0 0 0 0 0 0 0 0 0 0 0 0 0 0 0 0 0 0 0 0 0 0 0 0 0 0 0 0 0 0 0 0 0 0 0 0 0 0 0 0 0 0 0 0 0 0 0 0 0 0 0 0 0 0 0 0 0 0 0 0 0 0 0 0 0 0 0 0 0 0 0 0 0 0 0 0 0 0 0 0 0 0 0 0 0 0 0 0 0 0 0 0 0 0 0 0 0 0 0 0 0 0 0 0 0 0 0 0 0 0 0 0 0 0 0 0 0 0 0 0 0 0 0 0 0 0 0 0 0 0 0 0 0 0 0 0 0 0 0 0 0 0 0 0 0 0 0 0 0 0 0 0 0 0 0 0 0 0 0 0 0 0 0 0 0 0 0 0 0 0 0 0 0 0 0 0 0 0 0 0 0 0 0 0 0 0 0 0 0 0 0 0 0 0 0 0 0 0 0 0 0 0 0 0 0 0 0 0 0 0 0 0 0 0 0 0 0 0 0 0 0 0 0 0 0 0 0 0 0 0 0 0 0 0 0 0 0 0 0 0 0 0 0 0 0 0 0 0 0 0 0 0 0 0 0 0 0 0 0 0 0 0 0 0 0 0 0 0 0 0 0 0 0 0 0 0 0 0 0 0 0 0 0 0 0 0 0 0 0 0 0 0 0 0 0 0 0 0 0 0 0 0 0 0 0 0 0 0 0 0 0 0 0 0 0 0 0 0 0 0 0 0 0 0 0 0 0 0 0 0 0 0 0 0 0 0 0 0 0 0 0 0 0 0 0 0 0 0 0 0 0 0 0 0 0 0 0 0 0 0 0 0 0 0 0 0 0 0 0 0 0 0 0 0 0 0 0 0 0 0 0 0 0 0 0 0 0 0 0 0 0 0 0 0 0 0 0 0 0 0 0 0 0 0 0 0 0 0 0 0 0 0 0 0 0 0 0 0 0 0 0 0 0 0 0 0 0 0 0 0 0 0 0 0 0 0 0 0 0 0 0 0 0 0 0 0 0 0 0 0 0 0 0 0 0 0 0 0 0.7119136 0.3216308 0.6969484 0.2909134 0.4846347 0.4966399 0.5202916 0.9484414 0.4846773 0.9545252 0.5205733 0.952011 0.5202916 0.9484414 0.5560763 0.9445075 0.5555164 0.9409968 0.5899628 0.9286842 0.5560763 0.9445075 0.5907947 0.9320978 0.6232581 0.911637 0.5907947 0.9320978 0.6243531 0.9149156 0.6232581 0.911637 0.6563787 0.8931518 0.6550325 0.8900437 0.6849402 0.8641399 0.6563787 0.8931518 0.6865227 0.8670437 0.7126535 0.8342102 0.6865227 0.8670437 0.7144549 0.8368772 0.7126535 0.8342102 0.73987 0.8029819 0.7378694 0.8005807 0.7378694 0.8005807 0.7624878 0.7657314 0.7603098 0.7636221 0.7603098 0.7636221 0.7820612 0.7255331 0.7797299 0.723739 0.7959173 0.6813669 0.7820612 0.7255331 0.7983765 0.6828262 0.7959173 0.6813669 0.811254 0.6380798 0.8086938 0.6369713 0.8086938 0.6369713 0.820553 0.591784 0.8179199 0.5910381 0.8234946 0.5440711 0.820553 0.591784 0.8261719 0.5444456 0.8253569 0.4965834 0.8261719 0.5444456 0.8280487 0.4965828 0.8253569 0.4965834 0.8261628 0.4487217 0.8234855 0.4490973 0.8234855 0.4490973 0.8205353 0.4013848 0.8179025 0.4021317 0.8086673 0.3562014 0.8205353 0.4013848 0.8112275 0.3550916 0.7958831 0.3118115 0.8112275 0.3550916 0.7983422 0.3103512 0.7796876 0.2694438 0.7983422 0.3103512 0.7820187 0.2676485 0.7602598 0.2295662 0.7820187 0.2676485 0.7624372 0.2274559 0.7378123 0.1926152 0.7624372 0.2274559 0.7398126 0.1902129 0.7378123 0.1926152 0.7143922 0.1563273 0.712591 0.1589952 0.712591 0.1589952 0.6864537 0.1261696 0.6848719 0.1290739 0.6848719 0.1290739 0.6563049 0.1000714 0.654959 0.1031804 0.6231803 0.08159738 0.6563049 0.1000714 0.6242747 0.07831799 0.6231803 0.08159738 0.5907141 0.06114745 0.5898826 0.06456154 0.5898826 0.06456154 0.5559929 0.04874908 0.5554336 0.05226033 0.5202086 0.04482746 0.5559929 0.04874908 0.5204896 0.0412575 0.4845927 0.04234457 0.5204896 0.0412575 0.4845923 0.03875499 0.4845927 0.04234457 0.448696 0.0412693 0.4489778 0.0448392 0.4489778 0.0448392 0.4131934 0.04877275 0.4137535 0.05228376 0.4137535 0.05228376 0.378474 0.06118291 0.3793062 0.06459665 0.3460124 0.0816434 0.378474 0.06118291 0.3449171 0.07836431 0.3142369 0.1032374 0.3449171 0.07836431 0.3128904 0.100129 0.2843297 0.1291404 0.3128904 0.100129 0.2827471 0.1262366 0.2566159 0.159071 0.2827471 0.1262366 0.2548142 0.1564037 0.2566159 0.159071 0.2294002 0.1902975 0.2314012 0.1926991 0.2314012 0.1926991 0.2067824 0.2275479 0.2089606 0.2296575 0.2089606 0.2296575 0.1872084 0.2677471 0.1895401 0.2695415 0.1895401 0.2695415 0.1708935 0.3104531 0.1733531 0.3119127 0.1733531 0.3119127 0.1580157 0.3551999 0.1605763 0.3563088 0.1605763 0.3563088 0.1487166 0.4014963 0.1513501 0.4022422 0.1457752 0.4492101 0.1487166 0.4014963 0.1430977 0.4488353 0.1457752 0.4492101 0.141221 0.4966976 0.1439132 0.4966971 0.1457841 0.5441832 0.141221 0.4966976 0.1431066 0.5445587 0.1457841 0.5441832 0.1487344 0.5918964 0.1513676 0.5911495 0.1606022 0.6370784 0.1487344 0.5918964 0.1580418 0.6381879 0.1733873 0.6814705 0.1580418 0.6381879 0.170928 0.682931 0.1895822 0.7238366 0.170928 0.682931 0.1872509 0.7256317 0.2090101 0.763714 0.1872509 0.7256317 0.2068322 0.7658242 0.2314579 0.8006657 0.2068322 0.7658242 0.2294575 0.8030679 0.2314579 0.8006657 0.2548772 0.8369524 0.2566785 0.8342846 0.2566785 0.8342846 0.2828156 0.8671101 0.2843978 0.864206 0.2843978 0.864206 0.3129649 0.8932086 0.3143106 0.8900998 0.3143106 0.8900998 0.3449944 0.9149618 0.3460891 0.9116824 0.3460891 0.9116824 0.3785538 0.932132 0.3793855 0.928718 0.3793855 0.928718 0.4132766 0.9445311 0.413836 0.9410199 0.4490616 0.948453 0.4132766 0.9445311 0.4487805 0.9520229 0.4490616 0.948453 0.4846773 0.9545252 0.4846771 0.9509359 0.5193726 0.9367972 0.4846771 0.9509359 0.5202916 0.9484414 0.5193726 0.9367972 0.5555164 0.9409968 0.5536893 0.9295446 0.5872484 0.917549 0.5555164 0.9409968 0.5899628 0.9286842 0.5872484 0.917549 0.6232581 0.911637 0.6196848 0.9009411 0.6196848 0.9009411 0.6550325 0.8900437 0.6506406 0.8799045 0.6797775 0.8546685 0.6550325 0.8900437 0.6849402 0.8641399 0.6797775 0.8546685 0.7126535 0.8342102 0.7067768 0.8255099 0.7067768 0.8255099 0.7378694 0.8005807 0.7313426 0.7927471 0.7313426 0.7927471 0.7603098 0.7636221 0.7532048 0.7567413 0.7532048 0.7567413 0.7797299 0.723739 0.7721245 0.717886 0.7878947 0.6766062 0.7797299 0.723739 0.7959173 0.6813669 0.7878947 0.6766062 0.8086938 0.6369713 0.8003419 0.6333546 0.8003419 0.6333546 0.8179199 0.5910381 0.8093301 0.5886052 0.8093301 0.5886052 0.8234946 0.5440711 0.8147613 0.5428484 0.8165753 0.496585 0.8234946 0.5440711 0.8253569 0.4965834 0.8165753 0.496585 0.8234855 0.4490973 0.8147521 0.4503226 0.8093131 0.4045673 0.8234855 0.4490973 0.8179025 0.4021317 0.800316 0.3598209 0.8179025 0.4021317 0.8086673 0.3562014 0.800316 0.3598209 0.7958831 0.3118115 0.7878611 0.3165746 0.7720832 0.2752993 0.7958831 0.3118115 0.7796876 0.2694438 0.7720832 0.2752993 0.7602598 0.2295662 0.7531559 0.2364495 0.7312871 0.2004507 0.7602598 0.2295662 0.7378123 0.1926152 0.7312871 0.2004507 0.712591 0.1589952 0.7067158 0.1676971 0.6797112 0.1385471 0.712591 0.1589952 0.6848719 0.1290739 0.6797112 0.1385471 0.654959 0.1031804 0.6505693 0.1133208 0.6196093 0.09229409 0.654959 0.1031804 0.6231803 0.08159738 0.6196093 0.09229409 0.5898826 0.06456154 0.5871703 0.07569742 0.5871703 0.07569742 0.5554336 0.05226033 0.5536088 0.06371313 0.5536088 0.06371313 0.5202086 0.04482746 0.5192915 0.05647182 0.4845938 0.05405294 0.5202086 0.04482746 0.4845927 0.04234457 0.4845938 0.05405294 0.4489778 0.0448392 0.4498967 0.05648326 0.4155803 0.06373596 0.4489778 0.0448392 0.4137535 0.05228376 0.3820208 0.07573157 0.4137535 0.05228376 0.3793062 0.06459665 0.3820208 0.07573157 0.3460124 0.0816434 0.3495849 0.09233903 0.3495849 0.09233903 0.3142369 0.1032374 0.3186287 0.1133763 0.3186287 0.1133763 0.2843297 0.1291404 0.289492 0.138612 0.289492 0.138612 0.2566159 0.159071 0.2624927 0.1677709 0.2624927 0.1677709 0.2314012 0.1926991 0.2379276 0.2005324 0.2160654 0.2365384 0.2314012 0.1926991 0.2089606 0.2296575 0.1971455 0.2753943 0.2089606 0.2296575 0.1895401 0.2695415 0.1971455 0.2753943 0.1733531 0.3119127 0.1813756 0.3166737 0.1689281 0.3599255 0.1733531 0.3119127 0.1605763 0.3563088 0.1689281 0.3599255 0.1513501 0.4022422 0.1599397 0.4046751 0.1545085 0.4504325 0.1513501 0.4022422 0.1457752 0.4492101 0.1545085 0.4504325 0.1439132 0.4966971 0.1526945 0.4966956 0.1545172 0.542958 0.1439132 0.4966971 0.1457841 0.5441832 0.1545172 0.542958 0.1513676 0.5911495 0.1599567 0.5887133 0.1689534 0.6334591 0.1513676 0.5911495 0.1606022 0.6370784 0.1689534 0.6334591 0.1733873 0.6814705 0.181409 0.676707 0.1971865 0.7179812 0.1733873 0.6814705 0.1895822 0.7238366 0.1971865 0.7179812 0.2090101 0.763714 0.2161136 0.7568308 0.2379828 0.7928301 0.2090101 0.763714 0.2314579 0.8006657 0.2379828 0.7928301 0.2566785 0.8342846 0.2625536 0.8255827 0.2895584 0.8547328 0.2566785 0.8342846 0.2843978 0.864206 0.2895584 0.8547328 0.3143106 0.8900998 0.3187003 0.8799592 0.3496598 0.9009858 0.3143106 0.8900998 0.3460891 0.9116824 0.3820981 0.9175823 0.3460891 0.9116824 0.3793855 0.928718 0.3820981 0.9175823 0.413836 0.9410199 0.4156606 0.9295671 0.4499784 0.9368086 0.413836 0.9410199 0.4490616 0.948453 0.4499784 0.9368086 0.4846771 0.9509359 0.4846758 0.9392272 0.5121013 0.8446623 0.4846758 0.9392272 0.5193726 0.9367972 0.5121013 0.8446623 0.5536893 0.9295446 0.5392342 0.8389278 0.5657693 0.8294431 0.5536893 0.9295446 0.5872484 0.917549 0.5657693 0.8294431 0.6196848 0.9009411 0.5914155 0.8163118 0.5914155 0.8163118 0.6506406 0.8799045 0.6158919 0.7996786 0.6389298 0.7797249 0.6506406 0.8799045 0.6797775 0.8546685 0.6389298 0.7797249 0.7067768 0.8255099 0.6602779 0.7566699 0.6602779 0.7566699 0.7313426 0.7927471 0.6797009 0.7307658 0.6969872 0.7022966 0.7313426 0.7927471 0.7532048 0.7567413 0.6969872 0.7022966 0.7721245 0.717886 0.7119463 0.6715741 0.7244153 0.6389351 0.7721245 0.717886 0.7878947 0.6766062 0.7244153 0.6389351 0.8003419 0.6333546 0.7342574 0.6047373 0.7342574 0.6047373 0.8093301 0.5886052 0.7413642 0.5693549 0.7456582 0.5331758 0.8093301 0.5886052 0.8147613 0.5428484 0.7470924 0.4965965 0.8147613 0.5428484 0.8165753 0.496585 0.7470924 0.4965965 0.8147521 0.4503226 0.7456516 0.4600179 0.7456516 0.4600179 0.8093131 0.4045673 0.7413506 0.4238403 0.7342368 0.3884603 0.8093131 0.4045673 0.800316 0.3598209 0.7342368 0.3884603 0.7878611 0.3165746 0.7243887 0.3542656 0.7119136 0.3216308 0.7878611 0.3165746 0.7720832 0.2752993 0.7119136 0.3216308 0.7531559 0.2364495 0.6969484 0.2909134 0.6796572 0.2624497 0.7531559 0.2364495 0.7312871 0.2004507 0.6796572 0.2624497 0.7067158 0.1676971 0.6602292 0.2365521 0.6388772 0.213504 0.7067158 0.1676971 0.6797112 0.1385471 0.6388772 0.213504 0.6505693 0.1133208 0.6158356 0.1935582 0.5913561 0.1769328 0.6505693 0.1133208 0.6196093 0.09229409 0.5913561 0.1769328 0.5871703 0.07569742 0.5657077 0.1638103 0.5657077 0.1638103 0.5536088 0.06371313 0.5391709 0.1543344 0.5120368 0.1486089 0.5536088 0.06371313 0.5192915 0.05647182 0.4846022 0.1466963 0.5192915 0.05647182 0.4845938 0.05405294 0.4846022 0.1466963 0.4498967 0.05648326 0.4571682 0.1486179 0.4300348 0.1543525 0.4498967 0.05648326 0.4155803 0.06373596 0.4035 0.1638373 0.4155803 0.06373596 0.3820208 0.07573157 0.4035 0.1638373 0.3495849 0.09233903 0.3778538 0.1769683 0.3533777 0.1936017 0.3495849 0.09233903 0.3186287 0.1133763 0.3533777 0.1936017 0.289492 0.138612 0.3303396 0.2135553 0.3089922 0.2366104 0.289492 0.138612 0.2624927 0.1677709 0.3089922 0.2366104 0.2379276 0.2005324 0.289569 0.2625145 0.2722828 0.2909837 0.2379276 0.2005324 0.2160654 0.2365384 0.2722828 0.2909837 0.1971455 0.2753943 0.2573235 0.321706 0.2573235 0.321706 0.1813756 0.3166737 0.2448545 0.354345 0.2350125 0.388543 0.1813756 0.3166737 0.1689281 0.3599255 0.2350125 0.388543 0.1599397 0.4046751 0.2279056 0.4239253 0.2236114 0.4601045 0.1599397 0.4046751 0.1545085 0.4504325 0.2236114 0.4601045 0.1526945 0.4966956 0.222177 0.4966837 0.2236182 0.5332626 0.1526945 0.4966956 0.1545172 0.542958 0.2236182 0.5332626 0.1599567 0.5887133 0.2279191 0.5694402 0.2350326 0.6048201 0.1599567 0.5887133 0.1689534 0.6334591 0.2350326 0.6048201 0.181409 0.676707 0.2448809 0.6390148 0.2573558 0.6716494 0.181409 0.676707 0.1971865 0.7179812 0.2573558 0.6716494 0.2161136 0.7568308 0.2723211 0.702367 0.2896124 0.7308306 0.2161136 0.7568308 0.2379828 0.7928301 0.2896124 0.7308306 0.2625536 0.8255827 0.3090404 0.7567279 0.3303923 0.779776 0.2625536 0.8255827 0.2895584 0.8547328 0.3303923 0.779776 0.3187003 0.8799592 0.3534339 0.7997219 0.3779132 0.8163473 0.3187003 0.8799592 0.3496598 0.9009858 0.4035615 0.8294697 0.3496598 0.9009858 0.3820981 0.9175823 0.4035615 0.8294697 0.4156606 0.9295671 0.4300984 0.8389456 0.4572327 0.8446715 0.4156606 0.9295671 0.4499784 0.9368086 0.4572327 0.8446715 0.4846758 0.9392272 0.4846672 0.846584 0.4572327 0.8446715 0.4846672 0.846584 0.4846347 0.4966399 0.2448809 0.6390148 0.2573558 0.6716494 0.4846347 0.4966399 0.3778538 0.1769683 0.3533777 0.1936017 0.4846347 0.4966399 0 0 0 0 0 0 0 0 0 0 0 0 0 0 0 0 0 0 0 0 0 0 0 0 0 0 0 0 0 0 0 0 0 0 0 0 0 0 0 0 0 0 0 0 0 0 0 0 0 0 0 0 0 0 0 0 0 0 0 0 0 0 0 0 0 0 0 0 0 0 0 0 0 0 0 0 0 0 0 0 0 0 0 0 0 0 0 0 0 0 0 0 0 0 0 0 0 0 0 0 0 0 0 0 0 0 0 0 0 0 0 0 0 0 0 0 0 0 0 0 0 0 0 0 0 0 0 0 0 0 0 0 0 0 0 0 0 0 0 0 0 0 0 0 0 0 0 0 0 0 0 0 0 0 0 0 0 0 0 0 0 0 0 0 0 0 0 0 0 0 0 0 0 0 0 0 0 0 0 0 0 0 0 0 0 0 0 0 0 0 0 0 0 0 0 0 0 0 0 0 0 0 0 0 0 0 0 0 0 0 0 0 0 0 0 0 0 0 0 0 0 0 0 0 0 0 0 0 0 0 0 0 0 0 0 0 0 0 0 0 0 0 0 0 0 0 0 0 0 0 0 0 0 0 0 0 0 0 0 0 0 0 0 0 0 0 0 0 0 0 0 0 0 0 0 0 0 0 0 0 0 0 0 0 0 0 0 0 0 0 0 0 0 0 0 0 0 0 0 0 0 0 0 0 0 0 0 0 0 0 0 0 0 0 0 0 0 0 0 0 0 0 0 0 0 0 0 0 0 0 0 0 0 0 0 0 0 0 0 0 0 0 0 0 0 0 0 0 0 0 0 0 0 0 0 0 0 0 0 0 0 0 0 0 0 0 0 0 0 0 0 0 0 0 0 0 0 0 0 0 0 0 0 0 0 0 0 0 0 0 0 0 0 0 0 0 0 0 0 0 0 0 0 0 0 0 0 0 0 0 0 0 0 0 0 0 0 0 0 0 0 0 0 0 0 0 0 0 0 0 0 0 0 0 0 0 0 0 0 0 0 0 0 0 0 0 0 0 0 0 0 0 0 0 0 0 0 0 0 0 0 0 0 0 0 0 0 0 0 0 0 0 0 0 0 0 0 0 0 0 0 0 0 0 0 0 0 0 0 0 0 0 0 0 0 0 0 0 0 0 0 0 0 0 0 0 0 0 0 0 0 0 0 0 0 0 0 0 0 0 0 0 0 0 0 0 0 0 0 0 0 0 0 0 0 0 0 0 0 0 0 0 0 0 0 0 0 0 0 0 0 0 0 0 0 0 0 0 0 0 0 0 0 0 0 0 0 0 0 0 0 0 0 0 0 0 0 0 0 0 0 0 0 0 0 0 0 0 0 0 0 0 0 0 0 0 0 0 0 0 0 0 0 0 0 0 0 0 0 0 0 0 0 0 0 0 0 0 0 0 0 0 0 0 0 0 0 0 0 0 0 0 0 0 0 0 0 0 0 0 0 0 0 0 0 0 0 0 0 0 0 0 0 0 0 0 0 0 0 0 0 0 0 0 0 0 0 0 0 0 0 0 0 0 0 0 0 0 0 0 0 0 0 0 0 0 0 0 0 0 0 0 0 0 0 0 0 0 0 0 0 0 0 0 0 0 0 0 0 0 0 0 0 0 0 0 0 0 0 0 0 0 0 0 0 0 0 0 0 0 0 0 0 0 0 0 0 0 0 0 0 0 0 0 0 0 0 0 0 0 0 0 0 0 0 0 0 0 0 0 0 0 0 0 0 0 0 0 0 0 0 0 0 0 0 0 0 0 0 0 0 0 0 0 0 0 0 0 0 0 0 0 0 0 0 0 0 0 0 0 0 0 0 0 0 0 0 0 0 0 0 0 0 0 0 0 0 0 0 0 0 0 0 0 0 0 0 0 0 0 0 0 0 0 0 0 0 0 0 0 0 0 0 0 0 0 0 0 0 0 0 0 0 0 0 0 0 0 0 0 0 0 0 0 0 0 0 0 0 0 0 0 0 0 0 0 0 0 0 0 0 0 0 0 0 0 0 0 0 0 0 0 0 0 0 0 0 0 0 0 0 0 0 0 0 0 0 0 0 0 0 0 0 0 0 0 0 0 0 0 0 0 0 0 0 0 0 0 0 0 0 0 0 0 0 0 0 0 0 0 0 0 0 0 0 0 0 0 0 0 0 0 0 0 0 0 0 0 0 0 0 0 0 0 0 0 0 0 0 0 0 0 0 0 0 0 0 0 0 0 0 0 0 0 0 0 0 0 0 0 0 0 0 0 0 0 0 0 0 0 0 0 0 0 0 0 0 0 0 0 0 0 0 0 0 0 0 0 0 0 0 0 0 0 0 0 0 0 0 0 0 0 0 0 0 0 0 0 0 0 0 0 0 0 0 0 0 0 0 0 0 0 0 0 0 0 0 0 0 0 0 0 0 0 0 0 0 0 0 0 0 0 0 0 0 0 0 0 0 0 0 0 0 0 0 0 0 0 0 0 0 0 0 0 0 0 0 0 0 0 0 0 0 0 0 0 0 0 0 0 0 0 0 0 0 0 0 0 0 0 0 0 0 0 0 0 0 0 0 0 0 0 0 0 0 0 0 0 0 0 0 0 0 0 0 0 0 0 0 0 0 0 0 0 0 0 0 0 0 0 0 0 0 0 0 0 0 0 0 0 0 0 0 0 0 0 0 0 0 0 0 0 0 0 0 0 0 0 0 0 0 0 0 0 0 0 0 0 0 0 0 0 0 0 0 0 0 0 0 0 0 0 0 0 0 0 0 0 0 0 0 0 0 0 0 0 0 0 0 0 0 0 0 0 0 0 0 0 0 0 0 0 0 0 0 0 0 0 0 0 0 0 0 0 0 0 0 0 0 0 0 0 0 0 0 0 0 0 0 0 0 0 0 0 0 0 0 0 0 0 0 0 0 0 0 0 0 0 0 0 0 0 0 0 0 0 0 0 0 0 0 0 0 0 0 0 0 0 0 0 0 0 0 0 0 0 0 0 0 0 0 0 0 0 0 0 0 0 0 0 0 0 0 0 0 0 0 0 0 0 0 0 0 0 0 0 0 0 0 0 0 0 0 0 0 0 0 0 0 0 0 0 0 0 0 0 0 0 0 0 0 0 0 0 0 0 0 0 0 0 0 0 0 0 0 0 0 0 0 0 0 0 0 0 0 0 0 0 0 0 0 0 0 0 0 0 0 0 0 0 0 0 0 0 0 0 0 0 0 0 0 0 0 0 0 0 0 0 0 0 0 0 0 0 0 0 0 0 0 0 0 0 0 0 0 0 0 0 0 0 0 0 0 0 0 0 0 0 0 0 0 0 0 0 0 0 0 0 0 0 0 0 0 0 0 0 0 0 0 0 0 0 0 0 0 0 0 0 0 0 0 0 0 0 0 0 0 0 0 0 0 0 0 0 0 0 0 0 0 0 0 0 0 0 0 0 0 0 0 0 0 0 0 0 0 0 0 0 0 0 0 0 0 0 0 0 0 0 0 0 0 0 0 0 0 0 0 0 0 0 0 0 0 0 0 0 0 0 0 0 0 0 0 0 0 0 0 0 0 0 0 0 0 0 0 0 0 0 0 0 0 0 0 0 0 0 0 0 0 0 0 0 0 0 0 0 0 0 0 0 0 0 0 0 0 0 0 0 0 0 0 0 0 0 0 0 0 0 0 0 0 0 0 0 0 0 0 0 0 0 0 0 0 0 0 0 0 0 0 0 0 0 0 0 0 0 0 0 0 0 0 0 0 0 0 0 0 0 0 0 0 0 0 0 0 0 0 0 0 0 0 0 0 0 0 0 0 0 0 0 0 0 0 0 0 0 0 0 0 0 0 0 0 0 0 0 0 0 0 0 0 0 0 0 0 0 0 0 0 0 0 0 0 0 0 0 0 0 0 0 0 0 0 0 0 0 0 0 0 0 0 0 0 0 0 0 0 0 0 0 0 0 0 0 0 0 0 0 0 0 0 0 0 0 0 0 0 0 0 0 0 0 0 0 0 0 0 0 0 0 0 0 0 0 0 0 0 0 0 0 0 0 0.6796572 0.2624497 0.4846347 0.4966399 0.6969484 0.2909134 0.4846347 0.4966399 0.6389298 0.7797249 0.6602779 0.7566699 0.6797009 0.7307658 0.4846347 0.4966399 0.6602779 0.7566699 0.6797009 0.7307658 0.6969872 0.7022966 0.4846347 0.4966399 0.6969872 0.7022966 0.7119463 0.6715741 0.4846347 0.4966399 0.7119463 0.6715741 0.7244153 0.6389351 0.4846347 0.4966399 0.7244153 0.6389351 0.7342574 0.6047373 0.4846347 0.4966399 0.7342574 0.6047373 0.7413642 0.5693549 0.4846347 0.4966399 0.7413642 0.5693549 0.7456582 0.5331758 0.4846347 0.4966399 0.7456582 0.5331758 0.7470924 0.4965965 0.4846347 0.4966399 0.7470924 0.4965965 0.7456516 0.4600179 0.4846347 0.4966399 0.7456516 0.4600179 0.7413506 0.4238403 0.4846347 0.4966399 0.7413506 0.4238403 0.7342368 0.3884603 0.4846347 0.4966399 0.7342368 0.3884603 0.7243887 0.3542656 0.4846347 0.4966399 0.7243887 0.3542656 0.7119136 0.3216308 0.4846347 0.4966399 0.5202916 0.9484414 0.4846771 0.9509359 0.4846773 0.9545252 0.5202916 0.9484414 0.5205733 0.952011 0.5560763 0.9445075 0.5899628 0.9286842 0.5555164 0.9409968 0.5560763 0.9445075 0.6232581 0.911637 0.5899628 0.9286842 0.5907947 0.9320978 0.6232581 0.911637 0.6243531 0.9149156 0.6563787 0.8931518 0.6849402 0.8641399 0.6550325 0.8900437 0.6563787 0.8931518 0.7126535 0.8342102 0.6849402 0.8641399 0.6865227 0.8670437 0.7126535 0.8342102 0.7144549 0.8368772 0.73987 0.8029819 0.7378694 0.8005807 0.73987 0.8029819 0.7624878 0.7657314 0.7603098 0.7636221 0.7624878 0.7657314 0.7820612 0.7255331 0.7959173 0.6813669 0.7797299 0.723739 0.7820612 0.7255331 0.7959173 0.6813669 0.7983765 0.6828262 0.811254 0.6380798 0.8086938 0.6369713 0.811254 0.6380798 0.820553 0.591784 0.8234946 0.5440711 0.8179199 0.5910381 0.820553 0.591784 0.8253569 0.4965834 0.8234946 0.5440711 0.8261719 0.5444456 0.8253569 0.4965834 0.8280487 0.4965828 0.8261628 0.4487217 0.8234855 0.4490973 0.8261628 0.4487217 0.8205353 0.4013848 0.8086673 0.3562014 0.8179025 0.4021317 0.8205353 0.4013848 0.7958831 0.3118115 0.8086673 0.3562014 0.8112275 0.3550916 0.7796876 0.2694438 0.7958831 0.3118115 0.7983422 0.3103512 0.7602598 0.2295662 0.7796876 0.2694438 0.7820187 0.2676485 0.7378123 0.1926152 0.7602598 0.2295662 0.7624372 0.2274559 0.7378123 0.1926152 0.7398126 0.1902129 0.7143922 0.1563273 0.712591 0.1589952 0.7143922 0.1563273 0.6864537 0.1261696 0.6848719 0.1290739 0.6864537 0.1261696 0.6563049 0.1000714 0.6231803 0.08159738 0.654959 0.1031804 0.6563049 0.1000714 0.6231803 0.08159738 0.6242747 0.07831799 0.5907141 0.06114745 0.5898826 0.06456154 0.5907141 0.06114745 0.5559929 0.04874908 0.5202086 0.04482746 0.5554336 0.05226033 0.5559929 0.04874908 0.4845927 0.04234457 0.5202086 0.04482746 0.5204896 0.0412575 0.4845927 0.04234457 0.4845923 0.03875499 0.448696 0.0412693 0.4489778 0.0448392 0.448696 0.0412693 0.4131934 0.04877275 0.4137535 0.05228376 0.4131934 0.04877275 0.378474 0.06118291 0.3460124 0.0816434 0.3793062 0.06459665 0.378474 0.06118291 0.3142369 0.1032374 0.3460124 0.0816434 0.3449171 0.07836431 0.2843297 0.1291404 0.3142369 0.1032374 0.3128904 0.100129 0.2566159 0.159071 0.2843297 0.1291404 0.2827471 0.1262366 0.2566159 0.159071 0.2548142 0.1564037 0.2294002 0.1902975 0.2314012 0.1926991 0.2294002 0.1902975 0.2067824 0.2275479 0.2089606 0.2296575 0.2067824 0.2275479 0.1872084 0.2677471 0.1895401 0.2695415 0.1872084 0.2677471 0.1708935 0.3104531 0.1733531 0.3119127 0.1708935 0.3104531 0.1580157 0.3551999 0.1605763 0.3563088 0.1580157 0.3551999 0.1487166 0.4014963 0.1457752 0.4492101 0.1513501 0.4022422 0.1487166 0.4014963 0.1457752 0.4492101 0.1430977 0.4488353 0.141221 0.4966976 0.1457841 0.5441832 0.1439132 0.4966971 0.141221 0.4966976 0.1457841 0.5441832 0.1431066 0.5445587 0.1487344 0.5918964 0.1606022 0.6370784 0.1513676 0.5911495 0.1487344 0.5918964 0.1733873 0.6814705 0.1606022 0.6370784 0.1580418 0.6381879 0.1895822 0.7238366 0.1733873 0.6814705 0.170928 0.682931 0.2090101 0.763714 0.1895822 0.7238366 0.1872509 0.7256317 0.2314579 0.8006657 0.2090101 0.763714 0.2068322 0.7658242 0.2314579 0.8006657 0.2294575 0.8030679 0.2548772 0.8369524 0.2566785 0.8342846 0.2548772 0.8369524 0.2828156 0.8671101 0.2843978 0.864206 0.2828156 0.8671101 0.3129649 0.8932086 0.3143106 0.8900998 0.3129649 0.8932086 0.3449944 0.9149618 0.3460891 0.9116824 0.3449944 0.9149618 0.3785538 0.932132 0.3793855 0.928718 0.3785538 0.932132 0.4132766 0.9445311 0.4490616 0.948453 0.413836 0.9410199 0.4132766 0.9445311 0.4490616 0.948453 0.4487805 0.9520229 0.4846773 0.9545252 0.5193726 0.9367972 0.4846758 0.9392272 0.4846771 0.9509359 0.5193726 0.9367972 0.5202916 0.9484414 0.5555164 0.9409968 0.5872484 0.917549 0.5536893 0.9295446 0.5555164 0.9409968 0.5872484 0.917549 0.5899628 0.9286842 0.6232581 0.911637 0.6196848 0.9009411 0.6232581 0.911637 0.6550325 0.8900437 0.6797775 0.8546685 0.6506406 0.8799045 0.6550325 0.8900437 0.6797775 0.8546685 0.6849402 0.8641399 0.7126535 0.8342102 0.7067768 0.8255099 0.7126535 0.8342102 0.7378694 0.8005807 0.7313426 0.7927471 0.7378694 0.8005807 0.7603098 0.7636221 0.7532048 0.7567413 0.7603098 0.7636221 0.7797299 0.723739 0.7878947 0.6766062 0.7721245 0.717886 0.7797299 0.723739 0.7878947 0.6766062 0.7959173 0.6813669 0.8086938 0.6369713 0.8003419 0.6333546 0.8086938 0.6369713 0.8179199 0.5910381 0.8093301 0.5886052 0.8179199 0.5910381 0.8234946 0.5440711 0.8165753 0.496585 0.8147613 0.5428484 0.8234946 0.5440711 0.8165753 0.496585 0.8253569 0.4965834 0.8234855 0.4490973 0.8093131 0.4045673 0.8147521 0.4503226 0.8234855 0.4490973 0.800316 0.3598209 0.8093131 0.4045673 0.8179025 0.4021317 0.800316 0.3598209 0.8086673 0.3562014 0.7958831 0.3118115 0.7720832 0.2752993 0.7878611 0.3165746 0.7958831 0.3118115 0.7720832 0.2752993 0.7796876 0.2694438 0.7602598 0.2295662 0.7312871 0.2004507 0.7531559 0.2364495 0.7602598 0.2295662 0.7312871 0.2004507 0.7378123 0.1926152 0.712591 0.1589952 0.6797112 0.1385471 0.7067158 0.1676971 0.712591 0.1589952 0.6797112 0.1385471 0.6848719 0.1290739 0.654959 0.1031804 0.6196093 0.09229409 0.6505693 0.1133208 0.654959 0.1031804 0.6196093 0.09229409 0.6231803 0.08159738 0.5898826 0.06456154 0.5871703 0.07569742 0.5898826 0.06456154 0.5554336 0.05226033 0.5536088 0.06371313 0.5554336 0.05226033 0.5202086 0.04482746 0.4845938 0.05405294 0.5192915 0.05647182 0.5202086 0.04482746 0.4845938 0.05405294 0.4845927 0.04234457 0.4489778 0.0448392 0.4155803 0.06373596 0.4498967 0.05648326 0.4489778 0.0448392 0.3820208 0.07573157 0.4155803 0.06373596 0.4137535 0.05228376 0.3820208 0.07573157 0.3793062 0.06459665 0.3460124 0.0816434 0.3495849 0.09233903 0.3460124 0.0816434 0.3142369 0.1032374 0.3186287 0.1133763 0.3142369 0.1032374 0.2843297 0.1291404 0.289492 0.138612 0.2843297 0.1291404 0.2566159 0.159071 0.2624927 0.1677709 0.2566159 0.159071 0.2314012 0.1926991 0.2160654 0.2365384 0.2379276 0.2005324 0.2314012 0.1926991 0.1971455 0.2753943 0.2160654 0.2365384 0.2089606 0.2296575 0.1971455 0.2753943 0.1895401 0.2695415 0.1733531 0.3119127 0.1689281 0.3599255 0.1813756 0.3166737 0.1733531 0.3119127 0.1689281 0.3599255 0.1605763 0.3563088 0.1513501 0.4022422 0.1545085 0.4504325 0.1599397 0.4046751 0.1513501 0.4022422 0.1545085 0.4504325 0.1457752 0.4492101 0.1439132 0.4966971 0.1545172 0.542958 0.1526945 0.4966956 0.1439132 0.4966971 0.1545172 0.542958 0.1457841 0.5441832 0.1513676 0.5911495 0.1689534 0.6334591 0.1599567 0.5887133 0.1513676 0.5911495 0.1689534 0.6334591 0.1606022 0.6370784 0.1733873 0.6814705 0.1971865 0.7179812 0.181409 0.676707 0.1733873 0.6814705 0.1971865 0.7179812 0.1895822 0.7238366 0.2090101 0.763714 0.2379828 0.7928301 0.2161136 0.7568308 0.2090101 0.763714 0.2379828 0.7928301 0.2314579 0.8006657 0.2566785 0.8342846 0.2895584 0.8547328 0.2625536 0.8255827 0.2566785 0.8342846 0.2895584 0.8547328 0.2843978 0.864206 0.3143106 0.8900998 0.3496598 0.9009858 0.3187003 0.8799592 0.3143106 0.8900998 0.3820981 0.9175823 0.3496598 0.9009858 0.3460891 0.9116824 0.3820981 0.9175823 0.3793855 0.928718 0.413836 0.9410199 0.4499784 0.9368086 0.4156606 0.9295671 0.413836 0.9410199 0.4499784 0.9368086 0.4490616 0.948453 0.4846771 0.9509359 0.5121013 0.8446623 0.4846672 0.846584 0.4846758 0.9392272 0.5121013 0.8446623 0.5193726 0.9367972 0.5536893 0.9295446 0.5657693 0.8294431 0.5392342 0.8389278 0.5536893 0.9295446 0.5657693 0.8294431 0.5872484 0.917549 0.6196848 0.9009411 0.5914155 0.8163118 0.6196848 0.9009411 0.6506406 0.8799045 0.6389298 0.7797249 0.6158919 0.7996786 0.6506406 0.8799045 0.6389298 0.7797249 0.6797775 0.8546685 0.7067768 0.8255099 0.6602779 0.7566699 0.7067768 0.8255099 0.7313426 0.7927471 0.6969872 0.7022966 0.6797009 0.7307658 0.7313426 0.7927471 0.6969872 0.7022966 0.7532048 0.7567413 0.7721245 0.717886 0.7244153 0.6389351 0.7119463 0.6715741 0.7721245 0.717886 0.7244153 0.6389351 0.7878947 0.6766062 0.8003419 0.6333546 0.7342574 0.6047373 0.8003419 0.6333546 0.8093301 0.5886052 0.7456582 0.5331758 0.7413642 0.5693549 0.8093301 0.5886052 0.7470924 0.4965965 0.7456582 0.5331758 0.8147613 0.5428484 0.7470924 0.4965965 0.8165753 0.496585 0.8147521 0.4503226 0.7456516 0.4600179 0.8147521 0.4503226 0.8093131 0.4045673 0.7342368 0.3884603 0.7413506 0.4238403 0.8093131 0.4045673 0.7342368 0.3884603 0.800316 0.3598209 0.7878611 0.3165746 0.7119136 0.3216308 0.7243887 0.3542656 0.7878611 0.3165746 0.7119136 0.3216308 0.7720832 0.2752993 0.7531559 0.2364495 0.6796572 0.2624497 0.6969484 0.2909134 0.7531559 0.2364495 0.6796572 0.2624497 0.7312871 0.2004507 0.7067158 0.1676971 0.6388772 0.213504 0.6602292 0.2365521 0.7067158 0.1676971 0.6388772 0.213504 0.6797112 0.1385471 0.6505693 0.1133208 0.5913561 0.1769328 0.6158356 0.1935582 0.6505693 0.1133208 0.5913561 0.1769328 0.6196093 0.09229409 0.5871703 0.07569742 0.5657077 0.1638103 0.5871703 0.07569742 0.5536088 0.06371313 0.5120368 0.1486089 0.5391709 0.1543344 0.5536088 0.06371313 0.4846022 0.1466963 0.5120368 0.1486089 0.5192915 0.05647182 0.4846022 0.1466963 0.4845938 0.05405294 0.4498967 0.05648326 0.4300348 0.1543525 0.4571682 0.1486179 0.4498967 0.05648326 0.4035 0.1638373 0.4300348 0.1543525 0.4155803 0.06373596 0.4035 0.1638373 0.3820208 0.07573157 0.3495849 0.09233903 0.3533777 0.1936017 0.3778538 0.1769683 0.3495849 0.09233903 0.3533777 0.1936017 0.3186287 0.1133763 0.289492 0.138612 0.3089922 0.2366104 0.3303396 0.2135553 0.289492 0.138612 0.3089922 0.2366104 0.2624927 0.1677709 0.2379276 0.2005324 0.2722828 0.2909837 0.289569 0.2625145 0.2379276 0.2005324 0.2722828 0.2909837 0.2160654 0.2365384 0.1971455 0.2753943 0.2573235 0.321706 0.1971455 0.2753943 0.1813756 0.3166737 0.2350125 0.388543 0.2448545 0.354345 0.1813756 0.3166737 0.2350125 0.388543 0.1689281 0.3599255 0.1599397 0.4046751 0.2236114 0.4601045 0.2279056 0.4239253 0.1599397 0.4046751 0.2236114 0.4601045 0.1545085 0.4504325 0.1526945 0.4966956 0.2236182 0.5332626 0.222177 0.4966837 0.1526945 0.4966956 0.2236182 0.5332626 0.1545172 0.542958 0.1599567 0.5887133 0.2350326 0.6048201 0.2279191 0.5694402 0.1599567 0.5887133 0.2350326 0.6048201 0.1689534 0.6334591 0.181409 0.676707 0.2573558 0.6716494 0.2448809 0.6390148 0.181409 0.676707 0.2573558 0.6716494 0.1971865 0.7179812 0.2161136 0.7568308 0.2896124 0.7308306 0.2723211 0.702367 0.2161136 0.7568308 0.2896124 0.7308306 0.2379828 0.7928301 0.2625536 0.8255827 0.3303923 0.779776 0.3090404 0.7567279 0.2625536 0.8255827 0.3303923 0.779776 0.2895584 0.8547328 0.3187003 0.8799592 0.3779132 0.8163473 0.3534339 0.7997219 0.3187003 0.8799592 0.4035615 0.8294697 0.3779132 0.8163473 0.3496598 0.9009858 0.4035615 0.8294697 0.3820981 0.9175823 0.4156606 0.9295671 0.4572327 0.8446715 0.4300984 0.8389456 0.4156606 0.9295671 0.4572327 0.8446715 0.4499784 0.9368086 0.4846758 0.9392272 0.4846672 0.846584 0.5121013 0.8446623 0.4846347 0.4966399 0.5121013 0.8446623 0.5392342 0.8389278 0.4846347 0.4966399 0.5392342 0.8389278 0.5657693 0.8294431 0.4846347 0.4966399 0.5657693 0.8294431 0.5914155 0.8163118 0.4846347 0.4966399 0.5914155 0.8163118 0.6158919 0.7996786 0.4846347 0.4966399 0.6158919 0.7996786 0.6389298 0.7797249 0.4846347 0.4966399 0.4846347 0.4966399 0.2896124 0.7308306 0.3090404 0.7567279 0.3090404 0.7567279 0.3303923 0.779776 0.4846347 0.4966399 0.3303923 0.779776 0.3534339 0.7997219 0.4846347 0.4966399 0.3534339 0.7997219 0.3779132 0.8163473 0.4846347 0.4966399 0.3779132 0.8163473 0.4035615 0.8294697 0.4846347 0.4966399 0.4035615 0.8294697 0.4300984 0.8389456 0.4846347 0.4966399 0.4300984 0.8389456 0.4572327 0.8446715 0.4846347 0.4966399 0.2896124 0.7308306 0.4846347 0.4966399 0.2723211 0.702367 0.4846347 0.4966399 0.3089922 0.2366104 0.289569 0.2625145 0.2723211 0.702367 0.4846347 0.4966399 0.2573558 0.6716494 0.289569 0.2625145 0.2722828 0.2909837 0.4846347 0.4966399 0.2722828 0.2909837 0.2573235 0.321706 0.4846347 0.4966399 0.2573235 0.321706 0.2448545 0.354345 0.4846347 0.4966399 0.2448545 0.354345 0.2350125 0.388543 0.4846347 0.4966399 0.2350125 0.388543 0.2279056 0.4239253 0.4846347 0.4966399 0.2279056 0.4239253 0.2236114 0.4601045 0.4846347 0.4966399 0.2236114 0.4601045 0.222177 0.4966837 0.4846347 0.4966399 0.222177 0.4966837 0.2236182 0.5332626 0.4846347 0.4966399 0.2236182 0.5332626 0.2279191 0.5694402 0.4846347 0.4966399 0.2279191 0.5694402 0.2350326 0.6048201 0.4846347 0.4966399 0.2350326 0.6048201 0.2448809 0.6390148 0.4846347 0.4966399 0.3089922 0.2366104 0.4846347 0.4966399 0.3303396 0.2135553 0.4846347 0.4966399 0.6796572 0.2624497 0.6602292 0.2365521 0.3303396 0.2135553 0.4846347 0.4966399 0.3533777 0.1936017 0.6602292 0.2365521 0.6388772 0.213504 0.4846347 0.4966399 0.6388772 0.213504 0.6158356 0.1935582 0.4846347 0.4966399 0.6158356 0.1935582 0.5913561 0.1769328 0.4846347 0.4966399 0.5913561 0.1769328 0.5657077 0.1638103 0.4846347 0.4966399 0.5657077 0.1638103 0.5391709 0.1543344 0.4846347 0.4966399 0.5391709 0.1543344 0.5120368 0.1486089 0.4846347 0.4966399 0.5120368 0.1486089 0.4846022 0.1466963 0.4846347 0.4966399 0.4846022 0.1466963 0.4571682 0.1486179 0.4846347 0.4966399 0.4571682 0.1486179 0.4300348 0.1543525 0.4846347 0.4966399 0.4300348 0.1543525 0.4035 0.1638373 0.4846347 0.4966399 0.4035 0.1638373 0.3778538 0.1769683 0.4846347 0.4966399</float_array>
          <technique_common>
            <accessor source="#Circle_005-mesh-map-0-array" count="2874" stride="2">
              <param name="S" type="float"/>
              <param name="T" type="float"/>
            </accessor>
          </technique_common>
        </source>
        <vertices id="Circle_005-mesh-vertices">
          <input semantic="POSITION" source="#Circle_005-mesh-positions"/>
        </vertices>
        <triangles material="kırmızı-material" count="658">
          <input semantic="VERTEX" source="#Circle_005-mesh-vertices" offset="0"/>
          <input semantic="NORMAL" source="#Circle_005-mesh-normals" offset="1"/>
          <input semantic="TEXCOORD" source="#Circle_005-mesh-map-0" offset="2" set="0"/>
          <p>40 0 0 101 0 1 41 0 2 14 0 3 75 0 4 15 0 5 41 0 6 102 0 7 42 0 8 15 0 9 76 0 10 16 0 11 42 0 12 103 0 13 43 0 14 16 0 15 77 0 16 17 0 17 43 0 18 104 0 19 44 0 20 17 0 21 78 0 22 18 0 23 44 0 24 105 0 25 45 0 26 18 0 27 79 0 28 19 0 29 45 0 30 106 0 31 46 0 32 19 0 33 80 0 34 20 0 35 46 0 36 107 0 37 47 0 38 20 0 39 81 0 40 21 0 41 47 0 42 108 0 43 48 0 44 21 0 45 82 0 46 22 0 47 48 0 48 109 0 49 49 0 50 22 0 51 83 0 52 23 0 53 49 0 54 110 0 55 50 0 56 23 0 57 84 0 58 24 0 59 50 0 60 111 0 61 51 0 62 24 0 63 85 0 64 25 0 65 51 0 66 112 0 67 52 0 68 25 0 69 86 0 70 26 0 71 52 0 72 113 0 73 53 0 74 26 0 75 87 0 76 27 0 77 0 0 78 61 0 79 1 0 80 53 0 81 114 0 82 54 0 83 27 0 84 88 0 85 28 0 86 1 0 87 62 0 88 2 0 89 54 0 90 115 0 91 55 0 92 28 0 93 89 0 94 29 0 95 2 0 96 63 0 97 3 0 98 55 0 99 116 0 100 56 0 101 29 0 102 90 0 103 30 0 104 3 0 105 64 0 106 4 0 107 56 0 108 117 0 109 57 0 110 30 0 111 91 0 112 31 0 113 4 0 114 65 0 115 5 0 116 57 0 117 118 0 118 58 0 119 31 0 120 92 0 121 32 0 122 5 0 123 66 0 124 6 0 125 58 0 126 119 0 127 59 0 128 32 0 129 93 0 130 33 0 131 6 0 132 67 0 133 7 0 134 59 0 135 60 0 136 0 0 137 33 0 138 94 0 139 34 0 140 7 0 141 68 0 142 8 0 143 34 0 144 95 0 145 35 0 146 8 0 147 69 0 148 9 0 149 35 0 150 96 0 151 36 0 152 9 0 153 70 0 154 10 0 155 36 0 156 97 0 157 37 0 158 10 0 159 71 0 160 11 0 161 37 0 162 98 0 163 38 0 164 11 0 165 72 0 166 12 0 167 38 0 168 99 0 169 39 0 170 12 0 171 73 0 172 13 0 173 39 0 174 100 0 175 40 0 176 13 0 177 74 0 178 14 0 179 118 0 180 179 0 181 119 0 182 92 0 183 153 0 184 93 0 185 66 0 186 127 0 187 67 0 188 119 0 189 120 0 190 60 0 191 93 0 192 154 0 193 94 0 194 67 0 195 128 0 196 68 0 197 94 0 198 155 0 199 95 0 200 68 0 201 129 0 202 69 0 203 95 0 204 156 0 205 96 0 206 69 0 207 130 0 208 70 0 209 96 0 210 157 0 211 97 0 212 70 0 213 131 0 214 71 0 215 97 0 216 158 0 217 98 0 218 71 0 219 132 0 220 72 0 221 98 0 222 159 0 223 99 0 224 72 0 225 133 0 226 73 0 227 99 0 228 160 0 229 100 0 230 73 0 231 134 0 232 74 0 233 100 0 234 161 0 235 101 0 236 74 0 237 135 0 238 75 0 239 101 0 240 162 0 241 102 0 242 75 0 243 136 0 244 76 0 245 102 0 246 163 0 247 103 0 248 76 0 249 137 0 250 77 0 251 103 0 252 164 0 253 104 0 254 77 0 255 138 0 256 78 0 257 104 0 258 165 0 259 105 0 260 78 0 261 139 0 262 79 0 263 105 0 264 166 0 265 106 0 266 79 0 267 140 0 268 80 0 269 106 0 270 167 0 271 107 0 272 80 0 273 141 0 274 81 0 275 107 0 276 168 0 277 108 0 278 81 0 279 142 0 280 82 0 281 108 0 282 169 0 283 109 0 284 82 0 285 143 0 286 83 0 287 109 0 288 170 0 289 110 0 290 83 0 291 144 0 292 84 0 293 110 0 294 171 0 295 111 0 296 84 0 297 145 0 298 85 0 299 111 0 300 172 0 301 112 0 302 85 0 303 146 0 304 86 0 305 112 0 306 173 0 307 113 0 308 86 0 309 147 0 310 87 0 311 60 0 312 121 0 313 61 0 314 113 0 315 174 0 316 114 0 317 87 0 318 148 0 319 88 0 320 61 0 321 122 0 322 62 0 323 114 0 324 175 0 325 115 0 326 88 0 327 149 0 328 89 0 329 62 0 330 123 0 331 63 0 332 115 0 333 176 0 334 116 0 335 89 0 336 150 0 337 90 0 338 63 0 339 124 0 340 64 0 341 116 0 342 177 0 343 117 0 344 90 0 345 151 0 346 91 0 347 64 0 348 125 0 349 65 0 350 117 0 351 178 0 352 118 0 353 91 0 354 152 0 355 92 0 356 65 0 357 126 0 358 66 0 359 163 0 360 224 0 361 164 0 362 137 0 363 198 0 364 138 0 365 164 0 366 225 0 367 165 0 368 138 0 369 199 0 370 139 0 371 165 0 372 226 0 373 166 0 374 139 0 375 200 0 376 140 0 377 166 0 378 227 0 379 167 0 380 140 0 381 201 0 382 141 0 383 167 0 384 228 0 385 168 0 386 141 0 387 202 0 388 142 0 389 168 0 390 229 0 391 169 0 392 142 0 393 203 0 394 143 0 395 169 0 396 230 0 397 170 0 398 143 0 399 204 0 400 144 0 401 170 0 402 231 0 403 171 0 404 144 0 405 205 0 406 145 0 407 171 0 408 232 0 409 172 0 410 145 0 411 206 0 412 146 0 413 172 0 414 233 0 415 173 0 416 146 0 417 207 0 418 147 0 419 120 0 420 181 0 421 121 0 422 173 0 423 234 0 424 174 0 425 147 0 426 208 0 427 148 0 428 121 0 429 182 0 430 122 0 431 174 0 432 235 0 433 175 0 434 148 0 435 209 0 436 149 0 437 122 0 438 183 0 439 123 0 440 175 0 441 236 0 442 176 0 443 149 0 444 210 0 445 150 0 446 123 0 447 184 0 448 124 0 449 176 0 450 237 0 451 177 0 452 150 0 453 211 0 454 151 0 455 124 0 456 185 0 457 125 0 458 177 0 459 238 0 460 178 0 461 151 0 462 212 0 463 152 0 464 125 0 465 186 0 466 126 0 467 178 0 468 239 0 469 179 0 470 152 0 471 213 0 472 153 0 473 126 0 474 187 0 475 127 0 476 179 0 477 180 0 478 120 0 479 153 0 480 214 0 481 154 0 482 127 0 483 188 0 484 128 0 485 154 0 486 215 0 487 155 0 488 128 0 489 189 0 490 129 0 491 155 0 492 216 0 493 156 0 494 129 0 495 190 0 496 130 0 497 156 0 498 217 0 499 157 0 500 130 0 501 191 0 502 131 0 503 157 0 504 218 0 505 158 0 506 131 0 507 192 0 508 132 0 509 158 0 510 219 0 511 159 0 512 132 0 513 193 0 514 133 0 515 159 0 516 220 0 517 160 0 518 133 0 519 194 0 520 134 0 521 160 0 522 221 0 523 161 0 524 134 0 525 195 0 526 135 0 527 161 0 528 222 0 529 162 0 530 135 0 531 196 0 532 136 0 533 162 0 534 223 0 535 163 0 536 136 0 537 197 0 538 137 0 539 358 1 540 237 1 541 238 1 542 332 2 543 211 2 544 212 2 545 306 3 546 185 3 547 186 3 548 359 4 549 238 4 550 239 4 551 333 5 552 212 5 553 213 5 554 307 6 555 186 6 556 187 6 557 301 7 558 239 7 559 180 7 560 334 8 561 213 8 562 214 8 563 308 9 564 187 9 565 188 9 566 335 10 567 214 10 568 215 10 569 309 11 570 188 11 571 189 11 572 336 12 573 215 12 574 216 12 575 310 13 576 189 13 577 190 13 578 337 14 579 216 14 580 217 14 581 311 15 582 190 15 583 191 15 584 338 16 585 217 16 586 218 16 587 312 17 588 191 17 589 192 17 590 339 18 591 218 18 592 219 18 593 313 19 594 192 19 595 193 19 596 340 20 597 219 20 598 220 20 599 314 21 600 193 21 601 194 21 602 341 22 603 220 22 604 221 22 605 315 23 606 194 23 607 195 23 608 342 24 609 221 24 610 222 24 611 316 25 612 195 25 613 196 25 614 343 26 615 222 26 616 223 26 617 317 27 618 196 27 619 197 27 620 224 28 621 343 28 622 223 28 623 318 29 624 197 29 625 198 29 626 225 30 627 344 30 628 224 30 629 319 31 630 198 31 631 199 31 632 226 32 633 345 32 634 225 32 635 320 33 636 199 33 637 200 33 638 227 34 639 346 34 640 226 34 641 321 35 642 200 35 643 201 35 644 348 36 645 227 36 646 228 36 647 322 37 648 201 37 649 202 37 650 349 38 651 228 38 652 229 38 653 323 39 654 202 39 655 203 39 656 350 40 657 229 40 658 230 40 659 324 41 660 203 41 661 204 41 662 351 42 663 230 42 664 231 42 665 325 43 666 204 43 667 205 43 668 352 44 669 231 44 670 232 44 671 326 45 672 205 45 673 206 45 674 353 46 675 232 46 676 233 46 677 327 47 678 206 47 679 207 47 680 300 48 681 180 48 682 181 48 683 354 49 684 233 49 685 234 49 686 328 50 687 207 50 688 208 50 689 302 51 690 181 51 691 182 51 692 355 52 693 234 52 694 235 52 695 329 53 696 208 53 697 209 53 698 303 54 699 182 54 700 183 54 701 356 55 702 235 55 703 236 55 704 330 56 705 209 56 706 210 56 707 304 57 708 183 57 709 184 57 710 357 58 711 236 58 712 237 58 713 331 59 714 210 59 715 211 59 716 305 60 717 184 60 718 185 60 719 6 61 720 54 61 721 38 61 722 241 130 1086 421 130 1087 420 130 1088 241 131 1089 422 131 1090 242 131 1091 243 132 1092 422 132 1093 423 132 1094 243 0 1095 424 0 1096 244 0 1097 244 0 1098 425 0 1099 245 0 1100 246 0 1101 425 0 1102 426 0 1103 246 0 1104 427 0 1105 247 0 1106 247 0 1107 428 0 1108 248 0 1109 249 133 1110 428 133 1111 429 133 1112 249 0 1113 430 0 1114 250 0 1115 251 0 1116 430 0 1117 431 0 1118 251 0 1119 432 0 1120 252 0 1121 252 134 1122 433 134 1123 253 134 1124 254 0 1125 433 0 1126 434 0 1127 255 0 1128 434 0 1129 435 0 1130 255 135 1131 436 135 1132 256 135 1133 256 136 1134 437 136 1135 257 136 1136 258 0 1137 437 0 1138 438 0 1139 258 137 1140 439 137 1141 259 137 1142 260 138 1143 439 138 1144 440 138 1145 260 139 1146 441 139 1147 261 139 1148 262 140 1149 441 140 1150 442 140 1151 262 141 1152 443 141 1153 263 141 1154 264 140 1155 443 140 1156 444 140 1157 264 0 1158 445 0 1159 265 0 1160 266 0 1161 445 0 1162 446 0 1163 266 142 1164 447 142 1165 267 142 1166 267 0 1167 448 0 1168 268 0 1169 269 143 1170 448 143 1171 449 143 1172 270 144 1173 449 144 1174 450 144 1175 270 0 1176 451 0 1177 271 0 1178 272 145 1179 451 145 1180 452 145 1181 273 146 1182 452 146 1183 453 146 1184 273 0 1185 454 0 1186 274 0 1187 275 147 1188 454 147 1189 455 147 1190 275 0 1191 456 0 1192 276 0 1193 277 0 1194 456 0 1195 457 0 1196 277 0 1197 458 0 1198 278 0 1199 279 148 1200 458 148 1201 459 148 1202 279 0 1203 460 0 1204 280 0 1205 280 0 1206 461 0 1207 281 0 1208 282 0 1209 461 0 1210 462 0 1211 282 149 1212 463 149 1213 283 149 1214 284 0 1215 463 0 1216 464 0 1217 284 150 1218 465 150 1219 285 150 1220 286 0 1221 465 0 1222 466 0 1223 286 151 1224 467 151 1225 287 151 1226 288 0 1227 467 0 1228 468 0 1229 288 152 1230 469 152 1231 289 152 1232 290 0 1233 469 0 1234 470 0 1235 290 0 1236 471 0 1237 291 0 1238 292 153 1239 471 153 1240 472 153 1241 292 0 1242 473 0 1243 293 0 1244 294 0 1245 473 0 1246 474 0 1247 294 154 1248 475 154 1249 295 154 1250 296 0 1251 475 0 1252 476 0 1253 297 155 1254 476 155 1255 477 155 1256 297 0 1257 478 0 1258 298 0 1259 299 156 1260 478 156 1261 479 156 1262 299 0 1263 421 0 1264 240 0 1265 40 0 1275 100 0 1276 101 0 1277 14 0 1278 74 0 1279 75 0 1280 41 0 1281 101 0 1282 102 0 1283 15 0 1284 75 0 1285 76 0 1286 42 0 1287 102 0 1288 103 0 1289 16 0 1290 76 0 1291 77 0 1292 43 0 1293 103 0 1294 104 0 1295 17 0 1296 77 0 1297 78 0 1298 44 0 1299 104 0 1300 105 0 1301 18 0 1302 78 0 1303 79 0 1304 45 0 1305 105 0 1306 106 0 1307 19 0 1308 79 0 1309 80 0 1310 46 0 1311 106 0 1312 107 0 1313 20 0 1314 80 0 1315 81 0 1316 47 0 1317 107 0 1318 108 0 1319 21 0 1320 81 0 1321 82 0 1322 48 0 1323 108 0 1324 109 0 1325 22 0 1326 82 0 1327 83 0 1328 49 0 1329 109 0 1330 110 0 1331 23 0 1332 83 0 1333 84 0 1334 50 0 1335 110 0 1336 111 0 1337 24 0 1338 84 0 1339 85 0 1340 51 0 1341 111 0 1342 112 0 1343 25 0 1344 85 0 1345 86 0 1346 52 0 1347 112 0 1348 113 0 1349 26 0 1350 86 0 1351 87 0 1352 0 0 1353 60 0 1354 61 0 1355 53 0 1356 113 0 1357 114 0 1358 27 0 1359 87 0 1360 88 0 1361 1 0 1362 61 0 1363 62 0 1364 54 0 1365 114 0 1366 115 0 1367 28 0 1368 88 0 1369 89 0 1370 2 0 1371 62 0 1372 63 0 1373 55 0 1374 115 0 1375 116 0 1376 29 0 1377 89 0 1378 90 0 1379 3 0 1380 63 0 1381 64 0 1382 56 0 1383 116 0 1384 117 0 1385 30 0 1386 90 0 1387 91 0 1388 4 0 1389 64 0 1390 65 0 1391 57 0 1392 117 0 1393 118 0 1394 31 0 1395 91 0 1396 92 0 1397 5 0 1398 65 0 1399 66 0 1400 58 0 1401 118 0 1402 119 0 1403 32 0 1404 92 0 1405 93 0 1406 6 0 1407 66 0 1408 67 0 1409 59 0 1410 119 0 1411 60 0 1412 33 0 1413 93 0 1414 94 0 1415 7 0 1416 67 0 1417 68 0 1418 34 0 1419 94 0 1420 95 0 1421 8 0 1422 68 0 1423 69 0 1424 35 0 1425 95 0 1426 96 0 1427 9 0 1428 69 0 1429 70 0 1430 36 0 1431 96 0 1432 97 0 1433 10 0 1434 70 0 1435 71 0 1436 37 0 1437 97 0 1438 98 0 1439 11 0 1440 71 0 1441 72 0 1442 38 0 1443 98 0 1444 99 0 1445 12 0 1446 72 0 1447 73 0 1448 39 0 1449 99 0 1450 100 0 1451 13 0 1452 73 0 1453 74 0 1454 118 0 1455 178 0 1456 179 0 1457 92 0 1458 152 0 1459 153 0 1460 66 0 1461 126 0 1462 127 0 1463 119 0 1464 179 0 1465 120 0 1466 93 0 1467 153 0 1468 154 0 1469 67 0 1470 127 0 1471 128 0 1472 94 0 1473 154 0 1474 155 0 1475 68 0 1476 128 0 1477 129 0 1478 95 0 1479 155 0 1480 156 0 1481 69 0 1482 129 0 1483 130 0 1484 96 0 1485 156 0 1486 157 0 1487 70 0 1488 130 0 1489 131 0 1490 97 0 1491 157 0 1492 158 0 1493 71 0 1494 131 0 1495 132 0 1496 98 0 1497 158 0 1498 159 0 1499 72 0 1500 132 0 1501 133 0 1502 99 0 1503 159 0 1504 160 0 1505 73 0 1506 133 0 1507 134 0 1508 100 0 1509 160 0 1510 161 0 1511 74 0 1512 134 0 1513 135 0 1514 101 0 1515 161 0 1516 162 0 1517 75 0 1518 135 0 1519 136 0 1520 102 0 1521 162 0 1522 163 0 1523 76 0 1524 136 0 1525 137 0 1526 103 0 1527 163 0 1528 164 0 1529 77 0 1530 137 0 1531 138 0 1532 104 0 1533 164 0 1534 165 0 1535 78 0 1536 138 0 1537 139 0 1538 105 0 1539 165 0 1540 166 0 1541 79 0 1542 139 0 1543 140 0 1544 106 0 1545 166 0 1546 167 0 1547 80 0 1548 140 0 1549 141 0 1550 107 0 1551 167 0 1552 168 0 1553 81 0 1554 141 0 1555 142 0 1556 108 0 1557 168 0 1558 169 0 1559 82 0 1560 142 0 1561 143 0 1562 109 0 1563 169 0 1564 170 0 1565 83 0 1566 143 0 1567 144 0 1568 110 0 1569 170 0 1570 171 0 1571 84 0 1572 144 0 1573 145 0 1574 111 0 1575 171 0 1576 172 0 1577 85 0 1578 145 0 1579 146 0 1580 112 0 1581 172 0 1582 173 0 1583 86 0 1584 146 0 1585 147 0 1586 60 0 1587 120 0 1588 121 0 1589 113 0 1590 173 0 1591 174 0 1592 87 0 1593 147 0 1594 148 0 1595 61 0 1596 121 0 1597 122 0 1598 114 0 1599 174 0 1600 175 0 1601 88 0 1602 148 0 1603 149 0 1604 62 0 1605 122 0 1606 123 0 1607 115 0 1608 175 0 1609 176 0 1610 89 0 1611 149 0 1612 150 0 1613 63 0 1614 123 0 1615 124 0 1616 116 0 1617 176 0 1618 177 0 1619 90 0 1620 150 0 1621 151 0 1622 64 0 1623 124 0 1624 125 0 1625 117 0 1626 177 0 1627 178 0 1628 91 0 1629 151 0 1630 152 0 1631 65 0 1632 125 0 1633 126 0 1634 163 0 1635 223 0 1636 224 0 1637 137 0 1638 197 0 1639 198 0 1640 164 0 1641 224 0 1642 225 0 1643 138 0 1644 198 0 1645 199 0 1646 165 0 1647 225 0 1648 226 0 1649 139 0 1650 199 0 1651 200 0 1652 166 0 1653 226 0 1654 227 0 1655 140 0 1656 200 0 1657 201 0 1658 167 0 1659 227 0 1660 228 0 1661 141 0 1662 201 0 1663 202 0 1664 168 0 1665 228 0 1666 229 0 1667 142 0 1668 202 0 1669 203 0 1670 169 0 1671 229 0 1672 230 0 1673 143 0 1674 203 0 1675 204 0 1676 170 0 1677 230 0 1678 231 0 1679 144 0 1680 204 0 1681 205 0 1682 171 0 1683 231 0 1684 232 0 1685 145 0 1686 205 0 1687 206 0 1688 172 0 1689 232 0 1690 233 0 1691 146 0 1692 206 0 1693 207 0 1694 120 0 1695 180 0 1696 181 0 1697 173 0 1698 233 0 1699 234 0 1700 147 0 1701 207 0 1702 208 0 1703 121 0 1704 181 0 1705 182 0 1706 174 0 1707 234 0 1708 235 0 1709 148 0 1710 208 0 1711 209 0 1712 122 0 1713 182 0 1714 183 0 1715 175 0 1716 235 0 1717 236 0 1718 149 0 1719 209 0 1720 210 0 1721 123 0 1722 183 0 1723 184 0 1724 176 0 1725 236 0 1726 237 0 1727 150 0 1728 210 0 1729 211 0 1730 124 0 1731 184 0 1732 185 0 1733 177 0 1734 237 0 1735 238 0 1736 151 0 1737 211 0 1738 212 0 1739 125 0 1740 185 0 1741 186 0 1742 178 0 1743 238 0 1744 239 0 1745 152 0 1746 212 0 1747 213 0 1748 126 0 1749 186 0 1750 187 0 1751 179 0 1752 239 0 1753 180 0 1754 153 0 1755 213 0 1756 214 0 1757 127 0 1758 187 0 1759 188 0 1760 154 0 1761 214 0 1762 215 0 1763 128 0 1764 188 0 1765 189 0 1766 155 0 1767 215 0 1768 216 0 1769 129 0 1770 189 0 1771 190 0 1772 156 0 1773 216 0 1774 217 0 1775 130 0 1776 190 0 1777 191 0 1778 157 0 1779 217 0 1780 218 0 1781 131 0 1782 191 0 1783 192 0 1784 158 0 1785 218 0 1786 219 0 1787 132 0 1788 192 0 1789 193 0 1790 159 0 1791 219 0 1792 220 0 1793 133 0 1794 193 0 1795 194 0 1796 160 0 1797 220 0 1798 221 0 1799 134 0 1800 194 0 1801 195 0 1802 161 0 1803 221 0 1804 222 0 1805 135 0 1806 195 0 1807 196 0 1808 162 0 1809 222 0 1810 223 0 1811 136 0 1812 196 0 1813 197 0 1814 358 1 1815 357 1 1816 237 1 1817 332 2 1818 331 2 1819 211 2 1820 306 3 1821 305 3 1822 185 3 1823 359 4 1824 358 4 1825 238 4 1826 333 158 1827 332 158 1828 212 158 1829 307 159 1830 306 159 1831 186 159 1832 301 160 1833 359 160 1834 239 160 1835 334 161 1836 333 161 1837 213 161 1838 308 162 1839 307 162 1840 187 162 1841 335 10 1842 334 10 1843 214 10 1844 309 11 1845 308 11 1846 188 11 1847 336 12 1848 335 12 1849 215 12 1850 310 13 1851 309 13 1852 189 13 1853 337 163 1854 336 163 1855 216 163 1856 311 164 1857 310 164 1858 190 164 1859 338 165 1860 337 165 1861 217 165 1862 312 166 1863 311 166 1864 191 166 1865 339 18 1866 338 18 1867 218 18 1868 313 19 1869 312 19 1870 192 19 1871 340 167 1872 339 167 1873 219 167 1874 314 168 1875 313 168 1876 193 168 1877 341 22 1878 340 22 1879 220 22 1880 315 169 1881 314 169 1882 194 169 1883 342 24 1884 341 24 1885 221 24 1886 316 170 1887 315 170 1888 195 170 1889 343 171 1890 342 171 1891 222 171 1892 317 172 1893 316 172 1894 196 172 1895 224 173 1896 344 173 1897 343 173 1898 318 29 1899 317 29 1900 197 29 1901 225 174 1902 345 174 1903 344 174 1904 319 31 1905 318 31 1906 198 31 1907 226 175 1908 346 175 1909 345 175 1910 320 33 1911 319 33 1912 199 33 1913 227 176 1914 347 176 1915 346 176 1916 321 35 1917 320 35 1918 200 35 1919 348 36 1920 347 36 1921 227 36 1922 322 37 1923 321 37 1924 201 37 1925 349 38 1926 348 38 1927 228 38 1928 323 177 1929 322 177 1930 202 177 1931 350 40 1932 349 40 1933 229 40 1934 324 178 1935 323 178 1936 203 178 1937 351 179 1938 350 179 1939 230 179 1940 325 43 1941 324 43 1942 204 43 1943 352 44 1944 351 44 1945 231 44 1946 326 180 1947 325 180 1948 205 180 1949 353 181 1950 352 181 1951 232 181 1952 327 182 1953 326 182 1954 206 182 1955 300 183 1956 301 183 1957 180 183 1958 354 184 1959 353 184 1960 233 184 1961 328 50 1962 327 50 1963 207 50 1964 302 51 1965 300 51 1966 181 51 1967 355 185 1968 354 185 1969 234 185 1970 329 53 1971 328 53 1972 208 53 1973 303 54 1974 302 54 1975 182 54 1976 356 55 1977 355 55 1978 235 55 1979 330 56 1980 329 56 1981 209 56 1982 304 186 1983 303 186 1984 183 186 1985 357 187 1986 356 187 1987 236 187 1988 331 59 1989 330 59 1990 210 59 1991 305 188 1992 304 188 1993 184 188 1994 2 61 1995 1 61 1996 0 61 1997 0 61 1998 59 61 1999 58 61 2000 58 61 2001 57 61 2002 56 61 2003 56 61 2004 55 61 2005 58 61 2006 55 61 2007 54 61 2008 58 61 2009 54 61 2010 53 61 2011 52 61 2012 52 61 2013 51 61 2014 54 61 2015 51 61 2016 50 61 2017 54 61 2018 50 61 2019 49 61 2020 46 61 2021 49 61 2022 48 61 2023 46 61 2024 48 61 2025 47 61 2026 46 61 2027 46 61 2028 45 61 2029 44 61 2030 44 61 2031 43 61 2032 46 61 2033 43 61 2034 42 61 2035 46 61 2036 42 61 2037 41 61 2038 38 61 2039 41 61 2040 40 61 2041 38 61 2042 40 61 2043 39 61 2044 38 61 2045 38 61 2046 37 61 2047 36 61 2048 36 61 2049 35 61 2050 34 61 2051 34 61 2052 33 61 2053 32 61 2054 32 61 2055 31 61 2056 34 61 2057 31 61 2058 30 61 2059 34 61 2060 30 61 2061 29 61 2062 28 61 2063 28 61 2064 27 61 2065 26 61 2066 26 61 2067 25 61 2068 22 61 2069 25 61 2070 24 61 2071 22 61 2072 24 61 2073 23 61 2074 22 61 2075 22 61 2076 21 61 2077 18 61 2078 21 61 2079 20 61 2080 18 61 2081 20 61 2082 19 61 2083 18 61 2084 18 61 2085 17 61 2086 16 61 2087 16 61 2088 15 61 2089 14 61 2090 14 61 2091 13 61 2092 10 61 2093 13 61 2094 12 61 2095 10 61 2096 12 61 2097 11 61 2098 10 61 2099 10 61 2100 9 61 2101 6 61 2102 9 61 2103 8 61 2104 6 61 2105 8 61 2106 7 61 2107 6 61 2108 6 61 2109 5 61 2110 2 61 2111 5 61 2112 4 61 2113 2 61 2114 4 61 2115 3 61 2116 2 61 2117 2 61 2118 0 61 2119 58 61 2120 38 61 2121 36 61 2122 34 61 2123 30 61 2124 28 61 2125 22 61 2126 28 61 2127 26 61 2128 22 61 2129 18 61 2130 16 61 2131 22 61 2132 16 61 2133 14 61 2134 22 61 2135 2 61 2136 58 61 2137 6 61 2138 58 61 2139 54 61 2140 6 61 2141 54 61 2142 50 61 2143 46 61 2144 46 61 2145 42 61 2146 38 61 2147 38 61 2148 34 61 2149 22 61 2150 34 61 2151 30 61 2152 22 61 2153 14 61 2154 10 61 2155 6 61 2156 54 61 2157 46 61 2158 38 61 2159 22 61 2160 14 61 2161 38 61 2162 14 61 2163 6 61 2164 38 61 2165 241 0 2571 240 0 2572 421 0 2573 241 241 2574 420 241 2575 422 241 2576 243 0 2577 242 0 2578 422 0 2579 243 242 2580 423 242 2581 424 242 2582 244 0 2583 424 0 2584 425 0 2585 246 0 2586 245 0 2587 425 0 2588 246 140 2589 426 140 2590 427 140 2591 247 0 2592 427 0 2593 428 0 2594 249 0 2595 248 0 2596 428 0 2597 249 243 2598 429 243 2599 430 243 2600 251 0 2601 250 0 2602 430 0 2603 251 0 2604 431 0 2605 432 0 2606 252 0 2607 432 0 2608 433 0 2609 254 244 2610 253 244 2611 433 244 2612 255 245 2613 254 245 2614 434 245 2615 255 0 2616 435 0 2617 436 0 2618 256 0 2619 436 0 2620 437 0 2621 258 246 2622 257 246 2623 437 246 2624 258 0 2625 438 0 2626 439 0 2627 260 0 2628 259 0 2629 439 0 2630 260 247 2631 440 247 2632 441 247 2633 262 0 2634 261 0 2635 441 0 2636 262 0 2637 442 0 2638 443 0 2639 264 0 2640 263 0 2641 443 0 2642 264 0 2643 444 0 2644 445 0 2645 266 0 2646 265 0 2647 445 0 2648 266 248 2649 446 248 2650 447 248 2651 267 249 2652 447 249 2653 448 249 2654 269 250 2655 268 250 2656 448 250 2657 270 0 2658 269 0 2659 449 0 2660 270 251 2661 450 251 2662 451 251 2663 272 0 2664 271 0 2665 451 0 2666 273 0 2667 272 0 2668 452 0 2669 273 252 2670 453 252 2671 454 252 2672 275 0 2673 274 0 2674 454 0 2675 275 0 2676 455 0 2677 456 0 2678 277 253 2679 276 253 2680 456 253 2681 277 0 2682 457 0 2683 458 0 2684 279 254 2685 278 254 2686 458 254 2687 279 0 2688 459 0 2689 460 0 2690 280 255 2691 460 255 2692 461 255 2693 282 0 2694 281 0 2695 461 0 2696 282 0 2697 462 0 2698 463 0 2699 284 0 2700 283 0 2701 463 0 2702 284 0 2703 464 0 2704 465 0 2705 286 256 2706 285 256 2707 465 256 2708 286 155 2709 466 155 2710 467 155 2711 288 257 2712 287 257 2713 467 257 2714 288 0 2715 468 0 2716 469 0 2717 290 0 2718 289 0 2719 469 0 2720 290 0 2721 470 0 2722 471 0 2723 292 258 2724 291 258 2725 471 258 2726 292 259 2727 472 259 2728 473 259 2729 294 0 2730 293 0 2731 473 0 2732 294 260 2733 474 260 2734 475 260 2735 296 0 2736 295 0 2737 475 0 2738 297 0 2739 296 0 2740 476 0 2741 297 156 2742 477 156 2743 478 156 2744 299 261 2745 298 261 2746 478 261 2747 299 262 2748 479 262 2749 421 262 2750</p>
        </triangles>
        <triangles material="beyaz-material" count="180">
          <input semantic="VERTEX" source="#Circle_005-mesh-vertices" offset="0"/>
          <input semantic="NORMAL" source="#Circle_005-mesh-normals" offset="1"/>
          <input semantic="TEXCOORD" source="#Circle_005-mesh-map-0" offset="2" set="0"/>
          <p>260 0 723 261 0 724 480 0 725 420 100 906 361 100 907 360 100 908 420 0 909 362 0 910 422 0 911 423 0 912 362 0 913 363 0 914 423 101 915 364 101 916 424 101 917 424 102 918 365 102 919 425 102 920 426 0 921 365 0 922 366 0 923 426 103 924 367 103 925 427 103 926 427 104 927 368 104 928 428 104 929 428 105 930 369 105 931 429 105 932 429 104 933 370 104 934 430 104 935 431 0 936 370 0 937 371 0 938 431 106 939 372 106 940 432 106 941 432 107 942 373 107 943 433 107 944 433 108 945 374 108 946 434 108 947 435 0 948 374 0 949 375 0 950 435 109 951 376 109 952 436 109 953 437 0 954 376 0 955 377 0 956 438 0 957 377 0 958 378 0 959 438 110 960 379 110 961 439 110 962 440 0 963 379 0 964 380 0 965 440 111 966 381 111 967 441 111 968 442 0 969 381 0 970 382 0 971 442 112 972 383 112 973 443 112 974 444 0 975 383 0 976 384 0 977 444 113 978 385 113 979 445 113 980 446 114 981 385 114 982 386 114 983 446 104 984 387 104 985 447 104 986 447 0 987 388 0 988 448 0 989 448 113 990 389 113 991 449 113 992 450 100 993 389 100 994 390 100 995 450 0 996 391 0 997 451 0 998 452 0 999 391 0 1000 392 0 1001 453 0 1002 392 0 1003 393 0 1004 453 115 1005 394 115 1006 454 115 1007 454 0 1008 395 0 1009 455 0 1010 455 116 1011 396 116 1012 456 116 1013 456 117 1014 397 117 1015 457 117 1016 457 118 1017 398 118 1018 458 118 1019 459 0 1020 398 0 1021 399 0 1022 460 0 1023 399 0 1024 400 0 1025 460 119 1026 401 119 1027 461 119 1028 462 120 1029 401 120 1030 402 120 1031 462 121 1032 403 121 1033 463 121 1034 464 0 1035 403 0 1036 404 0 1037 464 122 1038 405 122 1039 465 122 1040 466 0 1041 405 0 1042 406 0 1043 466 123 1044 407 123 1045 467 123 1046 468 124 1047 407 124 1048 408 124 1049 468 111 1050 409 111 1051 469 111 1052 470 0 1053 409 0 1054 410 0 1055 470 125 1056 411 125 1057 471 125 1058 472 0 1059 411 0 1060 412 0 1061 472 126 1062 413 126 1063 473 126 1064 474 0 1065 413 0 1066 414 0 1067 474 127 1068 415 127 1069 475 127 1070 476 128 1071 415 128 1072 416 128 1073 477 129 1074 416 129 1075 417 129 1076 477 0 1077 418 0 1078 478 0 1079 479 0 1080 418 0 1081 419 0 1082 479 0 1083 361 0 1084 421 0 1085 299 0 1266 240 0 1267 480 0 1268 289 157 1269 290 157 1270 480 157 1271 274 0 1272 275 0 1273 480 0 1274 262 189 2166 480 189 2167 261 189 2168 480 190 2169 246 190 2170 247 190 2171 248 191 2172 480 191 2173 247 191 2174 248 0 2175 249 0 2176 480 0 2177 249 0 2178 250 0 2179 480 0 2180 250 192 2181 251 192 2182 480 192 2183 251 193 2184 252 193 2185 480 193 2186 252 194 2187 253 194 2188 480 194 2189 253 195 2190 254 195 2191 480 195 2192 254 196 2193 255 196 2194 480 196 2195 255 0 2196 256 0 2197 480 0 2198 256 0 2199 257 0 2200 480 0 2201 257 0 2202 258 0 2203 480 0 2204 258 0 2205 259 0 2206 480 0 2207 259 0 2208 260 0 2209 480 0 2210 420 0 2391 421 0 2392 361 0 2393 420 0 2394 360 0 2395 362 0 2396 423 0 2397 422 0 2398 362 0 2399 423 221 2400 363 221 2401 364 221 2402 424 114 2403 364 114 2404 365 114 2405 426 113 2406 425 113 2407 365 113 2408 426 0 2409 366 0 2410 367 0 2411 427 0 2412 367 0 2413 368 0 2414 428 222 2415 368 222 2416 369 222 2417 429 0 2418 369 0 2419 370 0 2420 431 118 2421 430 118 2422 370 118 2423 431 0 2424 371 0 2425 372 0 2426 432 0 2427 372 0 2428 373 0 2429 433 0 2430 373 0 2431 374 0 2432 435 223 2433 434 223 2434 374 223 2435 435 0 2436 375 0 2437 376 0 2438 437 224 2439 436 224 2440 376 224 2441 438 107 2442 437 107 2443 377 107 2444 438 0 2445 378 0 2446 379 0 2447 440 225 2448 439 225 2449 379 225 2450 440 0 2451 380 0 2452 381 0 2453 442 226 2454 441 226 2455 381 226 2456 442 0 2457 382 0 2458 383 0 2459 444 103 2460 443 103 2461 383 103 2462 444 0 2463 384 0 2464 385 0 2465 446 102 2466 445 102 2467 385 102 2468 446 129 2469 386 129 2470 387 129 2471 447 0 2472 387 0 2473 388 0 2474 448 0 2475 388 0 2476 389 0 2477 450 0 2478 449 0 2479 389 0 2480 450 227 2481 390 227 2482 391 227 2483 452 228 2484 451 228 2485 391 228 2486 453 0 2487 452 0 2488 392 0 2489 453 129 2490 393 129 2491 394 129 2492 454 0 2493 394 0 2494 395 0 2495 455 0 2496 395 0 2497 396 0 2498 456 0 2499 396 0 2500 397 0 2501 457 0 2502 397 0 2503 398 0 2504 459 229 2505 458 229 2506 398 229 2507 460 230 2508 459 230 2509 399 230 2510 460 0 2511 400 0 2512 401 0 2513 462 111 2514 461 111 2515 401 111 2516 462 0 2517 402 0 2518 403 0 2519 464 231 2520 463 231 2521 403 231 2522 464 0 2523 404 0 2524 405 0 2525 466 232 2526 465 232 2527 405 232 2528 466 0 2529 406 0 2530 407 0 2531 468 233 2532 467 233 2533 407 233 2534 468 0 2535 408 0 2536 409 0 2537 470 234 2538 469 234 2539 409 234 2540 470 0 2541 410 0 2542 411 0 2543 472 235 2544 471 235 2545 411 235 2546 472 236 2547 412 236 2548 413 236 2549 474 237 2550 473 237 2551 413 237 2552 474 0 2553 414 0 2554 415 0 2555 476 238 2556 475 238 2557 415 238 2558 477 239 2559 476 239 2560 416 239 2561 477 221 2562 417 221 2563 418 221 2564 479 0 2565 478 0 2566 418 0 2567 479 240 2568 419 240 2569 361 240 2570 240 0 2751 241 0 2752 480 0 2753 241 0 2754 242 0 2755 480 0 2756 242 0 2757 243 0 2758 480 0 2759 243 263 2760 244 263 2761 480 263 2762 244 0 2763 245 0 2764 480 0 2765 245 0 2766 246 0 2767 480 0 2768 480 264 2769 292 264 2770 293 264 2771 293 0 2772 294 0 2773 480 0 2774 294 265 2775 295 265 2776 480 265 2777 295 0 2778 296 0 2779 480 0 2780 296 0 2781 297 0 2782 480 0 2783 297 0 2784 298 0 2785 480 0 2786 298 0 2787 299 0 2788 480 0 2789 292 0 2790 480 0 2791 291 0 2792 480 0 2793 277 0 2794 278 0 2795 291 266 2796 480 266 2797 290 266 2798 278 267 2799 279 267 2800 480 267 2801 279 0 2802 280 0 2803 480 0 2804 280 0 2805 281 0 2806 480 0 2807 281 0 2808 282 0 2809 480 0 2810 282 0 2811 283 0 2812 480 0 2813 283 0 2814 284 0 2815 480 0 2816 284 268 2817 285 268 2818 480 268 2819 285 0 2820 286 0 2821 480 0 2822 286 0 2823 287 0 2824 480 0 2825 287 0 2826 288 0 2827 480 0 2828 288 0 2829 289 0 2830 480 0 2831 277 0 2832 480 0 2833 276 0 2834 480 269 2835 262 269 2836 263 269 2837 276 0 2838 480 0 2839 275 0 2840 263 0 2841 264 0 2842 480 0 2843 264 0 2844 265 0 2845 480 0 2846 265 0 2847 266 0 2848 480 0 2849 266 270 2850 267 270 2851 480 270 2852 267 0 2853 268 0 2854 480 0 2855 268 0 2856 269 0 2857 480 0 2858 269 0 2859 270 0 2860 480 0 2861 270 0 2862 271 0 2863 480 0 2864 271 0 2865 272 0 2866 480 0 2867 272 271 2868 273 271 2869 480 271 2870 273 0 2871 274 0 2872 480 0 2873</p>
        </triangles>
        <triangles material="siyah_001-material" count="120">
          <input semantic="VERTEX" source="#Circle_005-mesh-vertices" offset="0"/>
          <input semantic="NORMAL" source="#Circle_005-mesh-normals" offset="1"/>
          <input semantic="TEXCOORD" source="#Circle_005-mesh-map-0" offset="2" set="0"/>
          <p>360 62 726 301 62 727 300 62 728 360 63 729 302 63 730 362 63 731 363 0 732 302 0 733 303 0 734 364 64 735 303 64 736 304 64 737 364 65 738 305 65 739 365 65 740 366 0 741 305 0 742 306 0 743 367 0 744 306 0 745 307 0 746 367 66 747 308 66 748 368 66 749 368 67 750 309 67 751 369 67 752 369 68 753 310 68 754 370 68 755 371 0 756 310 0 757 311 0 758 371 69 759 312 69 760 372 69 761 372 70 762 313 70 763 373 70 764 374 0 765 313 0 766 314 0 767 375 0 768 314 0 769 315 0 770 375 71 771 316 71 772 376 71 773 376 72 774 317 72 775 377 72 776 378 73 777 317 73 778 318 73 779 379 74 780 318 74 781 319 74 782 380 0 783 319 0 784 320 0 785 381 0 786 320 0 787 321 0 788 382 0 789 321 0 790 322 0 791 382 75 792 323 75 793 383 75 794 383 76 795 324 76 796 384 76 797 384 77 798 325 77 799 385 77 800 386 0 801 325 0 802 326 0 803 386 78 804 327 78 805 387 78 806 387 79 807 328 79 808 388 79 809 389 0 810 328 0 811 329 0 812 390 0 813 329 0 814 330 0 815 390 80 816 331 80 817 391 80 818 391 81 819 332 81 820 392 81 821 392 82 822 333 82 823 393 82 824 394 83 825 333 83 826 334 83 827 395 84 828 334 84 829 335 84 830 396 0 831 335 0 832 336 0 833 397 0 834 336 0 835 337 0 836 397 85 837 338 85 838 398 85 839 398 86 840 339 86 841 399 86 842 399 87 843 340 87 844 400 87 845 400 88 846 341 88 847 401 88 848 401 89 849 342 89 850 402 89 851 402 90 852 343 90 853 403 90 854 404 0 855 343 0 856 344 0 857 404 0 858 345 0 859 405 0 860 406 91 861 345 91 862 346 91 863 406 92 864 347 92 865 407 92 866 408 0 867 347 0 868 348 0 869 409 0 870 348 0 871 349 0 872 410 93 873 349 93 874 350 93 875 411 0 876 350 0 877 351 0 878 412 84 879 351 84 880 352 84 881 412 94 882 353 94 883 413 94 884 413 95 885 354 95 886 414 95 887 414 96 888 355 96 889 415 96 890 415 97 891 356 97 892 416 97 893 416 98 894 357 98 895 417 98 896 417 99 897 358 99 898 418 99 899 419 0 900 358 0 901 359 0 902 419 0 903 301 0 904 361 0 905 360 0 2211 361 0 2212 301 0 2213 360 0 2214 300 0 2215 302 0 2216 363 197 2217 362 197 2218 302 197 2219 364 198 2220 363 198 2221 303 198 2222 364 0 2223 304 0 2224 305 0 2225 366 77 2226 365 77 2227 305 77 2228 367 76 2229 366 76 2230 306 76 2231 367 0 2232 307 0 2233 308 0 2234 368 0 2235 308 0 2236 309 0 2237 369 0 2238 309 0 2239 310 0 2240 371 199 2241 370 199 2242 310 199 2243 371 0 2244 311 0 2245 312 0 2246 372 73 2247 312 73 2248 313 73 2249 374 200 2250 373 200 2251 313 200 2252 375 201 2253 374 201 2254 314 201 2255 375 0 2256 315 0 2257 316 0 2258 376 202 2259 316 202 2260 317 202 2261 378 92 2262 377 92 2263 317 92 2264 379 203 2265 378 203 2266 318 203 2267 380 204 2268 379 204 2269 319 204 2270 381 205 2271 380 205 2272 320 205 2273 382 206 2274 381 206 2275 321 206 2276 382 207 2277 322 207 2278 323 207 2279 383 0 2280 323 0 2281 324 0 2282 384 0 2283 324 0 2284 325 0 2285 386 65 2286 385 65 2287 325 65 2288 386 0 2289 326 0 2290 327 0 2291 387 0 2292 327 0 2293 328 0 2294 389 208 2295 388 208 2296 328 208 2297 390 209 2298 389 209 2299 329 209 2300 390 0 2301 330 0 2302 331 0 2303 391 0 2304 331 0 2305 332 0 2306 392 0 2307 332 0 2308 333 0 2309 394 210 2310 393 210 2311 333 210 2312 395 211 2313 394 211 2314 334 211 2315 396 96 2316 395 96 2317 335 96 2318 397 212 2319 396 212 2320 336 212 2321 397 0 2322 337 0 2323 338 0 2324 398 0 2325 338 0 2326 339 0 2327 399 0 2328 339 0 2329 340 0 2330 400 93 2331 340 93 2332 341 93 2333 401 213 2334 341 213 2335 342 213 2336 402 0 2337 342 0 2338 343 0 2339 404 214 2340 403 214 2341 343 214 2342 404 0 2343 344 0 2344 345 0 2345 406 0 2346 405 0 2347 345 0 2348 406 0 2349 346 0 2350 347 0 2351 408 215 2352 407 215 2353 347 215 2354 409 216 2355 408 216 2356 348 216 2357 410 217 2358 409 217 2359 349 217 2360 411 218 2361 410 218 2362 350 218 2363 412 219 2364 411 219 2365 351 219 2366 412 207 2367 352 207 2368 353 207 2369 413 0 2370 353 0 2371 354 0 2372 414 0 2373 354 0 2374 355 0 2375 415 0 2376 355 0 2377 356 0 2378 416 83 2379 356 83 2380 357 83 2381 417 0 2382 357 0 2383 358 0 2384 419 0 2385 418 0 2386 358 0 2387 419 220 2388 359 220 2389 301 220 2390</p>
        </triangles>
      </mesh>
    </geometry>
  </library_geometries>
  <library_visual_scenes>
    <visual_scene id="Scene" name="Scene">
      <node id="Text" name="Text" type="NODE">
        <matrix sid="transform">-2.27448e-8 -8.31228e-8 -1 -0.07425576 -0.5203404 3.63341e-15 4.37114e-8 0.1548936 0 0.5102038 -1.62921e-7 2.505 0 0 0 1</matrix>
        <instance_geometry url="#_0-mesh" name="Text">
          <bind_material>
            <technique_common>
              <instance_material symbol="siyah-material" target="#siyah-material">
                <bind_vertex_input semantic="UVMap" input_semantic="TEXCOORD" input_set="0"/>
              </instance_material>
            </technique_common>
          </bind_material>
        </instance_geometry>
      </node>
      <node id="S_limit_20_body" name="S_limit_20_body" type="NODE">
        <matrix sid="transform">-3.35997e-10 0.007686716 4.59046e-10 -0.001640912 -0.007686716 -3.35997e-10 0 -0.0233804 0 -3.35997e-10 0.01050175 1.19209e-7 0 0 0 1</matrix>
        <instance_geometry url="#Örüntü_015-mesh" name="S_limit_20_body">
          <bind_material>
            <technique_common>
              <instance_material symbol="direk_005-material" target="#direk_005-material">
                <bind_vertex_input semantic="Örüntü_013-mesh-map-0" input_semantic="TEXCOORD" input_set="0"/>
              </instance_material>
            </technique_common>
          </bind_material>
        </instance_geometry>
      </node>
      <node id="S_limit20_sing" name="S_limit20_sing" type="NODE">
        <matrix sid="transform">-5.82883e-8 -5.82883e-8 -1 -0.03924587 -1.333482 2.54786e-15 4.37114e-8 -0.02338041 0 1.333482 -4.37114e-8 2.62535 0 0 0 1</matrix>
        <instance_geometry url="#Circle_005-mesh" name="S_limit20_sing">
          <bind_material>
            <technique_common>
              <instance_material symbol="kırmızı-material" target="#kırmızı-material">
                <bind_vertex_input semantic="UVMap" input_semantic="TEXCOORD" input_set="0"/>
              </instance_material>
              <instance_material symbol="beyaz-material" target="#beyaz-material">
                <bind_vertex_input semantic="UVMap" input_semantic="TEXCOORD" input_set="0"/>
              </instance_material>
              <instance_material symbol="siyah_001-material" target="#siyah_001-material">
                <bind_vertex_input semantic="UVMap" input_semantic="TEXCOORD" input_set="0"/>
              </instance_material>
            </technique_common>
          </bind_material>
        </instance_geometry>
      </node>
    </visual_scene>
  </library_visual_scenes>
  <scene>
    <instance_visual_scene url="#Scene"/>
  </scene>
</COLLADA>